run,turn,N,b,g,A,D,E,busy_sec,lambda,mu,rho,q_max,L,K,lord_hp_start,lord_hp_end,sigma_start,sigma_end,grave,burned,engaged_sec,mu_eng,rho_eng,eng_max,contact_sec,dt_mean,fatigue_end
1,1,4,2,8.8,4,2,2,27.039,0.406,0.074,5.491,3,9,1,1,1,1,1,0,0,13.683,0.146,2.778,1,2.848,0.025,0
1,2,5,2,8.6,5,5,0,25.015,0.276,0.2,1.378,2,9,6,1,1,1,1,0,0,14.597,0.343,0.804,1,4.325,0.025,0
1,3,6,2,8.4,6,3,3,12.087,0.331,0.248,1.335,2,9,8,1,1,1,1,0,0,8.777,0.342,0.969,2,1.135,0.024,0
1,4,11,4,8.2,11,8,3,27.902,0.565,0.287,1.971,6,9,9,1,1,1,1,0,0,18.216,0.439,1.287,4,1.204,0.028,0
1,5,12,4,8,12,10,2,23.924,0.617,0.418,1.476,5,9,9,1,1,1,1,0,0,11.921,0.839,0.736,4,2.272,0.029,0
1,6,9,3,7.8,9,8,1,22.264,0.501,0.359,1.393,6,9,9,1,1,1,1,0,0,18.724,0.427,1.172,5,2.992,0.029,0
1,7,10,4,7.6,10,7,3,22.696,0.557,0.308,1.807,6,9,9,1,1,1,1,0,0,15.014,0.466,1.195,5,6.084,0.03,0
1,8,18,6,7.4,18,17,1,45.001,0.884,0.378,2.34,16,9,9,1,1,1,1,0,0,37.625,0.452,1.956,13,5.713,0.035,0
1,9,12,4,7.2,12,11,1,28.864,0.674,0.381,1.769,6,9,9,1,1,1,1,0,0,25.992,0.423,1.593,6,2.235,0.032,0
1,10,13,5,7,13,9,4,28.636,0.731,0.314,2.327,6,9,9,1,1,1,1,0,0,26.367,0.341,2.142,5,1.517,0.032,0
1,11,14,5,6.8,14,11,3,41.184,0.786,0.267,2.942,9,9,9,1,1,1,1,0,0,29.891,0.368,2.135,5,3.277,0.033,0
1,12,15,5,6.6,15,12,3,25.254,0.849,0.475,1.787,10,9,9,1,1,1,1,0,0,18.888,0.635,1.336,8,1.559,0.035,0
1,13,16,6,6.4,16,15,1,25.752,0.906,0.582,1.556,10,9,9,1,1,1,1,0,0,20.214,0.742,1.221,10,2.482,0.035,0
1,14,17,6,6.2,17,15,2,29.205,0.973,0.514,1.895,9,9,9,1,1,1,1,0,0,23.684,0.633,1.537,7,2.866,0.035,0
1,15,29,7,6,29,23,6,43.516,0.886,0.529,1.677,17,9,9,1,1,1,1,0,0,42.32,0.543,1.631,15,2.524,0.04,0
1,16,19,7,5.8,19,17,2,43.769,1.074,0.388,2.765,10,9,9,1,1,1,1,0,0,33.396,0.509,2.11,4,6.824,0.036,0
1,17,32,7,5.6,32,31,1,45.146,0.988,0.687,1.439,15,9,9,1,1,1,1,0,0,43.246,0.717,1.378,11,4.494,0.041,0
1,18,20,7,5.4,20,14,6,43.421,1.175,0.322,3.643,12,9,9,1,1,1,1,0,0,31.834,0.44,2.671,8,2.148,0.036,0
1,19,20,7,5.2,20,18,2,36.13,1.206,0.498,2.42,13,9,9,1,1,1,1,0,0,32.764,0.549,2.195,13,2.942,0.036,0
1,20,20,7,5,20,16,4,30.877,1.207,0.518,2.329,9,9,9,1,1,1,1,0,0,23.611,0.678,1.781,7,1.481,0.036,0
1,21,20,7,5,20,14,6,47.881,1.231,0.292,4.211,16,9,9,1,1,1,1,0,0,33.204,0.422,2.92,14,2.24,0.038,0
1,22,20,7,5,20,17,3,38.479,1.232,0.442,2.788,17,9,9,1,1,1,1,0,0,36.267,0.469,2.628,15,3.459,0.036,0
1,23,32,7,5,32,12,20,33.794,1.072,0.355,3.02,20,9,9,1,0.817,1,0.817,0,0,32.612,0.368,2.914,19,2.305,0.044,0
1,24,22,7,5,22,10,12,28.102,1.023,0.356,2.874,17,9,9,0.817,0.417,0.817,0.417,0,0,24.151,0.414,2.47,13,3.234,0.042,0
1,25,23,7,5,23,13,10,46.822,1.032,0.278,3.715,13,9,9,0.417,0.427,0.417,0.427,0,0,44.39,0.293,3.522,12,1.98,0.04,0
1,26,23,7,5,23,8,15,25.868,1.028,0.309,3.325,14,9,9,0.427,0.666,0.427,0.666,0,0,22.517,0.355,2.894,12,0.917,0.04,0
1,27,24,7,5,24,13,11,30.881,1.058,0.421,2.514,13,9,9,0.666,0.878,0.666,0.878,0,0,28.921,0.45,2.355,13,1.677,0.044,0
1,28,25,7,5,25,17,8,30.482,1.09,0.558,1.954,16,9,9,0.878,0.95,0.878,0.95,0,0,29.241,0.581,1.875,12,1.923,0.047,0
1,29,54,7,5,54,20,34,66.71,1.054,0.3,3.516,19,9,9,0.95,0.248,0.95,0.248,0,1,58.602,0.341,3.089,13,3.902,0.042,1
1,30,28,7,5,28,7,21,28.757,1.169,0.243,4.802,14,9,9,0.248,0.448,0.248,0.448,0,0,22.3,0.314,3.724,7,1.848,0.042,0.75
1,31,42,7,5,42,20,22,42.59,1.108,0.47,2.359,18,9,9,0.448,0.29,0.448,0.29,0,1,36.637,0.546,2.03,11,2.937,0.043,1.75
1,32,29,7,5,29,11,18,36.881,0.997,0.298,3.341,17,9,9,0.29,0.252,0.29,0.252,0,1,32.395,0.34,2.935,14,4.37,0.041,2.75
1,33,16,6,5,16,4,12,24.366,1.041,0.164,6.344,9,9,9,0.252,0.41,0.252,0.41,0,0,18.365,0.218,4.781,7,5.45,0.039,2.5
2,1,4,2,8.8,4,3,1,26.974,0.408,0.111,3.672,3,11,1,1,1,1,1,0,0,13.883,0.216,1.89,1,3.041,0.025,0
2,2,5,2,8.6,5,2,3,28.496,0.275,0.07,3.914,3,11,3,1,1,1,1,0,0,16.994,0.118,2.334,2,1.753,0.024,0
2,3,6,2,8.4,6,3,3,56.414,0.331,0.053,6.222,4,11,5,1,0.988,1,0.988,0,0,34.389,0.087,3.793,4,1.115,0.026,0
2,4,11,4,8.2,11,10,1,30.942,0.567,0.323,1.753,7,11,7,0.988,1,0.988,1,0,0,26.513,0.377,1.502,5,1.571,0.033,0
2,5,12,4,8,12,10,2,28.437,0.595,0.352,1.693,8,18,3,1,1,1,1,0,0,26.114,0.383,1.555,8,0.799,0.036,0
2,6,9,3,7.8,9,7,2,40.214,0.481,0.174,2.762,9,43,4,1,1,1,1,0,0,26.983,0.259,1.853,7,6.22,0.034,0
2,7,11,4,7.6,11,8,3,37.795,0.601,0.212,2.84,10,43,5,1,0.939,1,0.939,0,0,24.608,0.325,1.849,4,13.862,0.038,0
2,8,12,4,7.4,12,6,6,69.423,0.656,0.086,7.591,12,43,6,0.939,1,0.939,1,0,0,36.97,0.162,4.043,6,9.389,0.033,0
2,9,13,5,7.2,13,6,7,49.886,0.724,0.12,6.018,12,67,4,1,0.881,1,0.881,0,0,32.344,0.186,3.902,5,7.929,0.039,0
2,10,17,6,7,17,15,2,20.089,0.877,0.747,1.175,7,67,6,0.881,1,0.881,1,0,0,19.623,0.764,1.148,6,0.361,0.037,0
2,11,15,5,6.8,15,8,7,48.919,0.83,0.164,5.074,5,67,7,1,1,1,1,0,0,29.298,0.273,3.039,5,0.971,0.031,0
2,12,17,6,6.6,17,11,6,57.743,0.911,0.191,4.783,11,67,10,1,1,1,1,0,0,27.803,0.396,2.303,7,4.014,0.037,0
2,13,18,6,6.4,18,2,16,54.344,0.945,0.037,25.689,18,82,3,1,0.691,1,0.691,0,0,27.485,0.073,12.993,6,6.87,0.045,0
2,14,41,7,6.2,41,5,36,87.22,0.944,0.057,16.475,24,82,5,0.691,0.723,0.691,0.723,0,0,50.74,0.099,9.584,6,12.503,0.05,0
2,15,25,7,6,25,11,14,51.332,0.949,0.214,4.431,17,82,9,0.723,0.795,0.723,0.795,0,0,35.778,0.307,3.088,8,8.843,0.047,0
2,16,29,7,5.8,29,22,7,59.993,0.89,0.367,2.427,18,82,14,0.795,0.961,0.795,0.961,0,0,48.522,0.453,1.963,6,8.727,0.05,0
2,17,30,7,5.6,30,20,10,53.856,0.955,0.371,2.571,22,82,14,0.961,0.957,0.961,0.957,0,0,39.941,0.501,1.906,8,4.489,0.048,0
2,18,31,7,5.4,31,18,13,63.522,1.001,0.283,3.534,24,82,14,0.957,0.841,0.957,0.841,0,0,49.412,0.364,2.749,12,7.864,0.051,0
2,19,51,7,5.2,51,22,29,78.234,0.986,0.281,3.505,25,82,14,0.841,0.802,0.841,0.802,0,0,60.643,0.363,2.717,8,11.714,0.052,0
2,20,38,7,5,38,25,13,68.066,1.036,0.367,2.821,19,82,14,0.802,0.363,0.802,0.363,0,1,59.033,0.423,2.447,9,6.607,0.046,1
2,21,33,7,5,33,11,22,53.815,1.08,0.204,5.284,19,82,14,0.363,0.596,0.363,0.596,0,0,40.105,0.274,3.938,6,8.866,0.048,0.75
2,22,43,7,5,43,33,10,66.482,1.002,0.496,2.02,23,82,14,0.596,0.407,0.596,0.407,0,1,52.991,0.623,1.61,9,8.465,0.054,1.75
3,1,4,2,8.8,4,1,3,45.231,0.409,0.022,18.505,3,13,1,1,1,1,1,0,0,16.544,0.06,6.768,3,4.346,0.025,0
3,2,5,2,8.6,5,4,1,31.979,0.275,0.125,2.198,3,13,3,1,1,1,1,0,0,18.3,0.219,1.258,3,5.309,0.028,0
3,3,6,2,8.4,6,6,0,29.909,0.33,0.201,1.647,4,13,5,1,1,1,1,0,0,24.037,0.25,1.324,2,1.585,0.028,0
3,4,7,3,8.2,7,4,3,25.54,0.389,0.157,2.482,4,13,7,1,1,1,1,0,0,24.42,0.164,2.373,3,1.177,0.031,0
3,5,13,5,8,13,11,2,40.973,0.65,0.268,2.422,6,13,9,1,1,1,1,0,0,38.86,0.283,2.297,5,1.862,0.031,0
3,6,9,3,7.8,9,9,0,27.186,0.5,0.331,1.509,6,13,10,1,1,1,1,0,0,25.262,0.356,1.402,6,1.462,0.034,0
3,7,10,4,7.6,10,5,5,26.747,0.54,0.187,2.887,6,19,12,1,1,1,1,0,0,20.61,0.243,2.225,6,2.42,0.035,0
3,8,11,4,7.4,11,11,0,35.771,0.631,0.308,2.052,6,19,13,1,1,1,1,0,0,31.408,0.35,1.802,5,1.553,0.036,0
3,9,12,4,7.2,12,5,7,25.991,0.691,0.192,3.593,8,28,14,1,1,1,1,0,0,25.036,0.2,3.461,7,1.522,0.038,0
3,10,13,5,7,13,5,8,65.423,0.738,0.076,9.656,11,28,14,1,0.985,1,0.985,0,0,15.263,0.328,2.253,7,3.128,0.034,0
3,11,15,5,6.8,15,1,14,72.16,0.978,0.014,70.575,14,38,14,0.985,0.953,0.985,0.953,0,0,26.427,0.038,25.846,8,2.699,0.036,0
3,12,23,7,6.6,23,9,14,29.908,1.035,0.301,3.438,15,38,15,0.953,1,0.953,1,0,0,21.533,0.418,2.475,12,1.02,0.051,0
3,13,19,7,6.4,19,2,17,51.392,1.231,0.039,31.64,16,38,18,1,1,1,1,0,0,26.996,0.074,16.62,8,1.845,0.04,0
3,14,12,4,6.2,12,0,12,50.717,0.759,0,-1,10,38,20,1,1,1,1,0,0,29.173,0,-1,4,8.666,0.039,0
3,15,35,7,6,35,3,32,49.59,1.317,0.06,21.764,32,38,20,1,0.677,1,0.677,0,0,38.777,0.077,17.018,17,6.953,0.054,0
3,16,26,7,5.8,26,0,26,47.645,1.296,0,-1,24,38,20,0.677,0.777,0.677,0.777,0,0,30.713,0,-1,14,3.201,0.046,0
3,17,29,7,5.6,29,5,24,47.856,0.987,0.104,9.447,15,38,22,0.777,0.946,0.777,0.946,0,0,34.474,0.145,6.805,9,3.413,0.046,0
3,18,37,7,5.4,37,5,32,45.261,1.212,0.11,10.97,27,38,28,0.946,0.565,0.946,0.565,0,0,34.404,0.145,8.339,14,4.609,0.054,0
3,19,16,6,5.2,16,1,15,37.425,1.301,0.027,48.705,15,38,29,0.565,0.69,0.565,0.69,0,0,28.497,0.035,37.086,15,4.554,0.051,0
3,20,30,7,5,30,3,27,44.569,1.295,0.067,19.233,28,38,38,0.69,0.83,0.69,0.83,0,0,38.261,0.078,16.511,15,4.69,0.058,0
3,21,30,7,5,30,7,23,45.38,1.292,0.154,8.378,26,38,38,0.83,1,0.83,1,0,0,34.979,0.2,6.458,20,4.816,0.057,0
3,22,30,7,5,30,0,30,74.541,1.336,0,-1,29,38,38,1,0.386,1,0.386,0,0,35.243,0,-1,9,10.035,0.051,0
3,23,30,7,5,30,2,28,42.978,1.122,0.047,24.102,17,38,38,0.386,0.512,0.386,0.512,0,0,35.917,0.056,20.142,7,4.316,0.051,0
3,24,30,7,5,30,2,28,50.726,1.132,0.039,28.721,19,38,38,0.512,0.639,0.512,0.639,0,0,38.732,0.052,21.93,15,3.671,0.053,0
3,25,30,7,5,30,0,30,44.179,1.294,0,-1,27,45,40,0.639,0.739,0.639,0.739,0,0,37.973,0,-1,16,2.425,0.056,0
3,26,30,7,5,30,5,25,46.522,1.293,0.107,12.029,21,52,45,0.739,0.906,0.739,0.906,0,0,37.908,0.132,9.802,12,4.339,0.059,0
3,27,48,7,5,48,3,46,62.477,1.446,0.048,30.121,36,52,51,0.906,1,0.906,1,0,0,49.621,0.06,23.923,15,3.706,0.062,0
3,28,42,7,5,42,8,36,51.777,1.489,0.155,9.637,32,52,52,1,1,1,1,0,0,42.304,0.189,7.874,14,5.344,0.062,0
3,29,30,7,5,30,1,29,59.995,1.349,0.017,80.959,29,58,36,1,1,1,1,0,0,32.394,0.031,43.713,18,3.051,0.055,0
3,30,18,6,5,18,0,18,68.933,1.405,0,-1,17,58,36,1,1,1,1,0,0,53.83,0,-1,9,1.794,0.047,0
3,31,30,7,5,30,1,29,56.768,1.294,0.018,73.431,30,58,36,1,1,1,1,0,0,36.427,0.027,47.12,18,6.052,0.057,0
3,32,42,7,5,42,6,36,103.041,1.488,0.058,25.554,33,70,31,1,1,1,1,0,0,43.964,0.136,10.903,16,1.624,0.052,0
3,33,31,7,5,31,0,31,78.287,1.336,0,-1,27,82,28,1,1,1,1,0,0,51.581,0,-1,18,1.555,0.054,0
3,34,43,7,5,43,0,43,68.246,1.336,0,-1,39,82,32,1,1,1,1,0,0,53.848,0,-1,18,3.706,0.064,0
3,35,50,7,5,50,0,50,109.764,1.309,0,-1,47,82,32,1,1,1,1,0,0,54.156,0,-1,24,7.343,0.062,0
3,36,31,7,5,31,0,31,73.967,1.333,0,-1,28,82,32,1,1,1,1,0,0,32.411,0,-1,12,3.355,0.058,0
3,37,31,7,5,31,1,30,76.952,1.334,0.013,102.649,21,82,32,1,1,1,1,0,0,66.822,0.015,89.137,12,1.661,0.049,0
3,38,31,7,5,31,6,26,47.35,1.34,0.127,10.575,21,82,32,1,1,1,1,0,0,37.456,0.16,8.366,15,2.032,0.056,0
3,39,31,7,5,31,2,29,54.959,1.387,0.036,38.128,29,82,32,1,1,1,1,0,0,50.15,0.04,34.791,13,3.482,0.067,0
3,40,31,7,5,31,0,31,82.189,1.348,0,-1,30,82,32,1,1,1,1,0,0,51.378,0,-1,18,3.118,0.059,0
4,1,4,2,8.8,4,2,2,25.641,0.409,0.078,5.243,3,8,1,1,1,1,1,0,0,19.069,0.105,3.899,2,3.808,0.032,0
4,2,5,2,8.6,5,3,2,25.477,0.275,0.118,2.333,3,8,4,1,1,1,1,0,0,19.939,0.15,1.826,2,2.209,0.032,0
4,3,6,2,8.4,6,5,1,42.668,0.331,0.117,2.822,4,8,8,1,1,1,1,0,0,40.785,0.123,2.698,3,1.45,0.031,0
4,4,7,3,8.2,7,5,2,28.366,0.392,0.176,2.226,6,21,5,1,1,1,1,0,0,20.822,0.24,1.634,5,0.869,0.034,0
4,5,8,3,8,8,7,1,22.778,0.437,0.307,1.423,7,21,7,1,1,1,1,0,0,20.631,0.339,1.288,5,2.066,0.036,0
4,6,9,3,7.8,9,8,1,29.834,0.501,0.268,1.867,6,21,8,1,1,1,1,0,0,23.179,0.345,1.451,4,2.451,0.035,0
4,7,10,4,7.6,10,8,2,21.002,0.542,0.381,1.424,7,39,10,1,1,1,1,0,0,14.391,0.556,0.976,6,3.487,0.042,0
4,8,11,4,7.4,11,11,0,19.428,0.615,0.566,1.086,8,67,10,1,1,1,1,0,0,12.208,0.901,0.683,8,3.255,0.042,0
4,9,13,5,7.2,13,7,6,20.99,0.719,0.333,2.156,9,69,12,1,1,1,1,0,0,18.899,0.37,1.941,9,2.482,0.043,0
4,10,14,5,7,14,4,10,65.197,0.783,0.061,12.77,13,88,4,1,1,1,1,0,0,22.964,0.174,4.498,4,6.69,0.044,0
4,11,16,6,6.8,16,1,15,40.34,0.918,0.025,37.037,12,98,5,1,1,1,1,0,0,27.009,0.037,24.797,8,4.036,0.049,0
4,12,19,7,6.6,19,7,12,54.58,1.027,0.128,8.008,17,107,8,1,0.865,1,0.865,0,0,33.067,0.212,4.852,6,3.811,0.053,0
4,13,20,7,6.4,20,10,10,48.628,1.045,0.206,5.08,10,107,10,0.865,1,0.865,1,0,0,22.74,0.44,2.376,7,2.16,0.05,0
4,14,22,7,6.2,22,5,17,51.727,0.882,0.097,9.128,15,119,14,1,1,1,1,0,0,19.835,0.252,3.5,8,2.115,0.051,0
4,15,35,7,6,35,6,29,61.23,1.115,0.098,11.383,24,119,17,1,1,1,1,0,0,37.474,0.16,6.967,10,6.323,0.072,0
4,16,45,7,5.8,45,8,37,78.409,1.016,0.102,9.954,20,135,18,1,1,1,1,0,0,47.321,0.169,6.007,8,3.72,0.062,0
4,17,32,7,5.6,32,15,17,83.015,1.002,0.181,5.545,23,182,24,1,0.882,1,0.882,0,0,39.011,0.385,2.606,11,10.796,0.064,0
4,18,34,7,5.4,34,12,22,79.001,1.172,0.152,7.715,28,182,27,0.882,0.766,0.882,0.766,0,0,43.328,0.277,4.231,13,6.733,0.064,0
4,19,34,7,5.2,34,6,28,75.612,1.247,0.079,15.716,29,182,30,0.766,0.717,0.766,0.717,0,0,43.157,0.139,8.97,12,5.618,0.064,0
4,20,38,7,5,38,5,33,94.342,1.1,0.053,20.764,29,210,22,0.717,0.737,0.717,0.737,0,0,61.199,0.082,13.47,13,5.12,0.075,0
4,21,35,7,5,35,2,33,83.363,1.184,0.024,49.342,23,210,27,0.737,0.646,0.737,0.646,0,0,52.145,0.038,30.864,12,10.079,0.078,0
4,22,35,7,5,35,6,29,158.78,1.109,0.038,29.346,20,210,36,0.646,0.704,0.646,0.704,0,0,62.055,0.097,11.469,10,4.638,0.066,0
4,23,35,7,5,35,5,30,110.329,1.14,0.045,25.159,28,210,41,0.704,0.568,0.704,0.568,0,0,60.049,0.083,13.693,13,7.312,0.075,0
4,24,47,7,5,47,5,42,87.439,1.067,0.057,18.667,17,210,49,0.568,0.71,0.568,0.71,0,0,61.504,0.081,13.13,9,3.715,0.072,0
4,25,39,7,5,39,9,30,101.475,1.199,0.089,13.52,35,230,82,0.71,0.903,0.71,0.903,0,0,53.677,0.168,7.152,14,9.824,0.086,0
4,26,35,7,5,35,5,30,114.164,1.14,0.044,26.025,22,295,113,0.903,1,0.903,1,0,0,57.15,0.087,13.028,12,8.891,0.097,0
4,27,37,7,5,37,2,35,188.05,1.008,0.011,94.77,34,380,57,1,1,1,1,0,0,37.967,0.053,19.134,15,11.726,0.134,0
4,28,39,7,5,39,18,24,103.028,1.047,0.175,5.995,16,456,61,1,1,1,1,0,0,68.448,0.263,3.983,10,2.324,0.176,0
4,29,41,7,5,41,15,26,84.243,1.098,0.178,6.169,18,482,56,1,1,1,1,0,0,62.419,0.24,4.571,12,1.406,0.194,0
4,30,57,7,5,57,33,26,135.688,1.06,0.243,4.358,22,482,56,1,1,1,1,0,0,83.85,0.394,2.693,10,2.488,0.222,0
4,31,42,7,5,42,20,24,49.074,1.084,0.408,2.66,11,482,56,1,1,1,1,0,0,45.717,0.437,2.478,10,2.114,0.219,0
4,32,45,7,5,45,25,22,52.569,1.015,0.476,2.135,10,482,56,1,1,1,1,0,0,49.51,0.505,2.011,8,0.955,0.212,0
4,33,45,7,5,45,30,23,105.089,1.011,0.285,3.543,12,482,56,1,1,1,1,0,0,63.241,0.474,2.132,9,1.655,0.205,0
4,34,45,7,5,45,28,21,62.631,1.018,0.447,2.277,20,482,56,1,1,1,1,0,0,61.12,0.458,2.222,11,3.545,0.264,0
4,35,45,7,5,45,24,24,87.224,1.011,0.275,3.673,9,482,56,1,1,1,1,0,0,62.511,0.384,2.632,9,1.138,0.219,0
4,36,57,7,5,57,23,37,120.398,0.986,0.191,5.159,13,482,56,1,1,1,1,0,0,90.436,0.254,3.875,10,1.517,0.217,0
4,37,45,7,5,45,23,27,125.159,1.024,0.184,5.573,20,482,56,1,1,1,1,0,0,67.64,0.34,3.012,11,3.742,0.216,0
4,38,45,7,5,45,19,27,51.72,1.013,0.367,2.757,13,482,56,1,1,1,1,0,0,49.792,0.382,2.654,10,1.052,0.225,0
4,39,45,7,5,45,32,15,88.155,1.074,0.363,2.957,17,482,56,1,1,1,1,0,0,61.405,0.521,2.06,10,3.652,0.213,0
4,40,45,7,5,45,17,33,113.602,1.022,0.15,6.832,17,482,56,1,1,1,1,0,0,60.705,0.28,3.651,11,3.629,0.212,0
5,1,4,2,8.8,4,3,1,22.96,0.409,0.131,3.127,3,7,1,1,1,1,1,0,0,19.993,0.15,2.723,2,2.205,0.061,0
5,2,5,2,8.6,5,2,3,38.462,0.275,0.052,5.282,4,7,3,1,1,1,1,0,0,12.648,0.158,1.737,4,5.084,0.061,0
5,3,6,2,8.4,6,3,3,38.106,0.33,0.079,4.195,4,23,3,1,1,1,1,0,0,29.844,0.101,3.286,4,0.64,0.065,0
5,4,7,3,8.2,7,6,1,32.727,0.389,0.183,2.121,4,23,6,1,1,1,1,0,0,21.31,0.282,1.381,3,0.845,0.065,0
5,5,8,3,8,8,6,2,27.756,0.442,0.216,2.043,5,23,8,1,1,1,1,0,0,26.313,0.228,1.936,5,1.148,0.076,0
5,6,14,5,7.8,14,9,5,27.917,0.701,0.322,2.174,9,102,10,1,1,1,1,0,0,27.522,0.327,2.144,9,0.672,0.091,0
5,7,10,4,7.6,10,4,6,44.297,0.553,0.09,6.122,7,75,12,1,1,1,1,0,0,26.541,0.151,3.668,7,1.25,0.075,0
5,8,12,4,7.4,12,8,4,26.521,0.646,0.302,2.143,8,158,15,1,1,1,1,0,0,26.285,0.304,2.124,6,1.304,0.083,0
5,9,13,5,7.2,13,5,8,49.563,0.723,0.101,7.168,10,123,12,1,1,1,1,0,0,25.043,0.2,3.622,7,3.642,0.076,0
5,10,21,7,7,21,9,12,46.742,1.131,0.193,5.874,21,123,13,1,1,1,1,0,0,31.103,0.289,3.909,10,9.295,0.088,0
5,11,19,7,6.8,19,10,9,65.572,0.984,0.153,6.451,14,181,15,1,1,1,1,0,0,28.392,0.352,2.793,11,3.458,0.082,0
5,12,21,7,6.6,21,1,20,126.172,1.157,0.008,145.924,20,181,16,1,1,1,1,0,0,23.315,0.043,26.965,19,1.321,0.086,0
5,13,31,7,6.4,31,17,14,62.57,1.002,0.272,3.687,26,181,41,1,1,1,1,0,0,50.983,0.333,3.005,14,9.295,0.107,0
5,14,26,7,6.2,26,10,16,101.319,1.034,0.099,10.475,23,181,68,1,1,1,1,0,0,48.831,0.205,5.049,17,12.296,0.097,0
5,15,15,5,6,15,6,9,62.837,0.868,0.095,9.086,14,203,83,1,1,1,1,0,0,49.053,0.122,7.093,10,9.444,0.116,0
5,16,30,7,5.8,30,15,15,100.875,1.02,0.149,6.861,24,203,88,1,1,1,1,0,0,56.608,0.265,3.85,15,11.605,0.122,0
5,17,32,7,5.6,32,15,17,85.887,1.089,0.175,6.236,21,226,71,1,0.831,1,0.831,0,0,76.555,0.196,5.558,12,14.05,0.158,0
5,18,33,7,5.4,33,13,20,93.699,1.17,0.139,8.433,22,254,52,0.831,1,0.831,1,0,0,71.541,0.182,6.439,14,9.243,0.15,0
5,19,48,7,5.2,48,5,43,97.368,1.265,0.051,24.63,35,254,52,1,1,1,1,0,0,75.202,0.066,19.023,27,12.173,0.178,0
5,20,39,7,5,39,9,30,119.313,1.207,0.075,15.999,31,254,52,1,1,1,1,0,0,69.799,0.129,9.36,26,8.281,0.142,0
5,21,36,7,5,36,11,25,89.266,1.13,0.123,9.17,21,254,52,1,1,1,1,0,0,51.159,0.215,5.255,15,8.226,0.16,0
5,22,36,7,5,36,19,17,96.88,1.136,0.196,5.794,26,254,52,1,1,1,1,0,0,70.537,0.269,4.219,11,11.958,0.14,0
5,23,36,7,5,36,4,33,107.625,1.064,0.037,28.618,34,270,48,1,0.725,1,0.725,0,0,65.758,0.061,17.485,19,17.963,0.152,0
5,24,36,7,5,36,1,35,101.733,1.145,0.01,116.454,34,270,48,0.725,0.532,0.725,0.532,0,0,66.851,0.015,76.525,29,13.019,0.157,0
5,25,48,7,5,48,2,46,96.042,1.249,0.021,59.954,45,310,50,0.532,0.649,0.532,0.649,0,0,53.44,0.037,33.36,38,12.73,0.179,0
5,26,37,7,5,37,5,32,122.564,1.096,0.041,26.877,34,391,53,0.649,0.803,0.649,0.803,0,0,88.421,0.057,19.39,27,12.889,0.136,0
5,27,37,7,5,37,19,19,83.014,1.064,0.229,4.649,28,394,77,0.803,1,0.803,1,0,0,73.189,0.26,4.099,19,11.017,0.163,0
5,28,39,7,5,39,10,29,112.037,1.194,0.089,13.374,30,463,59,1,1,1,1,0,0,57.14,0.175,6.821,24,9.093,0.171,0
5,29,41,7,5,41,8,34,137.712,1.279,0.058,22.021,36,484,82,1,1,1,1,0,0,68.492,0.117,10.952,30,10.957,0.195,0
5,30,42,7,5,42,6,36,105.335,1.281,0.057,22.491,39,484,92,1,1,1,1,0,0,47.622,0.126,10.168,24,12.41,0.239,0
5,31,42,7,5,42,8,34,138.945,1.236,0.058,21.467,39,484,92,1,1,1,1,0,0,61.98,0.129,9.576,22,12.774,0.202,0
5,32,54,7,5,54,14,40,138.227,1.264,0.101,12.478,49,484,92,1,1,1,1,0,0,104.487,0.134,9.432,24,21.527,0.233,0
5,33,42,7,5,42,7,35,127.567,1.233,0.055,22.468,37,484,92,1,1,1,1,0,0,72.729,0.096,12.81,19,13.141,0.215,0
5,34,23,7,5,23,5,18,80.046,1.057,0.062,16.93,22,484,92,1,1,1,1,0,0,29.707,0.168,6.283,14,12.389,0.196,0
5,35,42,7,5,42,7,36,116.011,1.284,0.06,21.275,38,484,92,1,1,1,1,0,0,88.074,0.079,16.152,20,13.757,0.22,0
5,36,54,7,5,54,8,46,151.41,1.261,0.053,23.864,50,484,92,1,1,1,1,0,0,94.533,0.085,14.899,21,20.11,0.228,0
5,37,42,7,5,42,4,38,153.03,1.282,0.026,49.051,39,484,92,1,1,1,1,0,0,58.359,0.069,18.706,18,18.452,0.208,0
5,38,42,7,5,42,6,36,76.957,1.277,0.078,16.378,39,484,92,1,1,1,1,0,0,53.612,0.112,11.41,24,12.159,0.251,0
5,39,42,7,5,42,3,39,75.509,1.32,0.04,33.222,38,484,92,1,1,1,1,0,0,51.509,0.058,22.662,30,8.829,0.241,0
5,40,42,7,5,42,7,35,125.797,1.206,0.056,21.674,41,484,92,1,1,1,1,0,0,71.51,0.098,12.321,24,12.684,0.196,0
6,1,4,2,8.8,4,3,1,22.215,0.407,0.135,3.016,3,10,1,1,1,1,1,0,0,15.551,0.193,2.111,2,3.616,0.052,0
6,2,5,2,8.6,5,1,4,25.758,0.275,0.039,7.078,3,10,6,1,1,1,1,0,0,11.206,0.089,3.079,2,4.486,0.051,0
6,3,6,2,8.4,6,4,3,27.701,0.331,0.144,2.29,4,10,8,1,1,1,1,0,0,21.15,0.189,1.749,4,1.7,0.055,0
6,4,7,3,8.2,7,5,2,22.334,0.386,0.224,1.726,3,10,9,1,1,1,1,0,0,16.078,0.311,1.243,3,1.433,0.066,0
6,5,13,5,8,13,13,0,24.132,0.655,0.539,1.217,5,10,10,1,1,1,1,0,0,14.769,0.88,0.745,4,3.861,0.073,0
6,6,9,3,7.8,9,8,1,24.118,0.5,0.332,1.507,5,10,10,1,1,1,1,0,0,19.217,0.416,1.201,4,1.727,0.069,0
6,7,10,4,7.6,10,9,1,23.488,0.557,0.383,1.454,4,10,10,1,1,1,1,0,0,18.8,0.479,1.164,4,1.937,0.072,0
6,8,11,4,7.4,11,11,0,24.538,0.614,0.448,1.371,5,10,10,1,1,1,1,0,0,23.201,0.474,1.296,5,2.737,0.074,0
6,9,12,4,7.2,12,12,0,27.318,0.675,0.439,1.537,7,10,10,1,1,1,1,0,0,24.962,0.481,1.405,4,2.242,0.074,0
6,10,13,5,7,13,12,1,21.353,0.731,0.562,1.301,5,10,10,1,1,1,1,0,0,15.86,0.757,0.966,5,2.22,0.074,0
6,11,14,5,6.8,14,14,0,24.938,0.791,0.561,1.408,6,10,10,1,1,1,1,0,0,24.938,0.561,1.408,6,2.928,0.078,0
6,12,15,5,6.6,15,14,1,22.964,0.847,0.61,1.39,9,10,10,1,1,1,1,0,0,20.858,0.671,1.263,8,2.512,0.081,0
6,13,16,6,6.4,16,14,2,21.735,0.908,0.644,1.41,7,10,10,1,1,1,1,0,0,19.692,0.711,1.277,6,2.22,0.08,0
6,14,9,3,6.2,9,6,3,24.009,0.611,0.25,2.446,4,10,10,1,1,1,1,0,0,16.925,0.355,1.724,4,1.908,0.068,0
6,15,22,7,6,22,22,0,33.49,0.896,0.657,1.363,12,10,10,1,1,1,1,0,0,32.117,0.685,1.308,8,3.537,0.092,0
6,16,21,7,5.8,21,20,1,33.069,1.152,0.605,1.904,13,10,10,1,1,1,1,0,0,31.696,0.631,1.825,7,3.057,0.095,0
6,17,22,7,5.6,22,21,1,40.182,0.942,0.523,1.802,12,10,10,1,1,1,1,0,0,37.192,0.565,1.668,7,4.12,0.089,0
6,18,22,7,5.4,22,19,3,29.722,0.963,0.639,1.506,12,10,10,1,1,1,1,0,0,22.725,0.836,1.152,11,3.011,0.084,0
6,19,35,7,5.2,35,35,0,50.004,1.112,0.7,1.588,13,10,10,1,1,1,1,0,0,45.698,0.766,1.451,12,2.571,0.093,0
6,20,22,7,5,22,18,4,32.001,1.01,0.562,1.796,11,10,10,1,1,1,1,0,0,30.85,0.583,1.732,10,2.071,0.089,0
6,21,22,7,5,22,19,3,28.79,1.009,0.66,1.529,12,10,10,1,1,1,1,0,0,27.734,0.685,1.473,9,3.228,0.088,0
6,22,34,7,5,34,31,3,50.243,1.107,0.617,1.794,14,10,10,1,1,1,1,0,0,50.243,0.617,1.794,12,3.187,0.099,0
6,23,12,4,5,12,7,5,29.445,0.886,0.238,3.728,7,10,10,1,1,1,1,0,0,22.066,0.317,2.794,5,1.999,0.073,0
6,24,22,7,5,22,20,2,35.086,1.03,0.57,1.806,13,10,10,1,1,1,1,0,0,34.408,0.581,1.772,11,3.292,0.099,0
6,25,32,7,5,32,20,12,38.713,1.058,0.517,2.047,15,10,10,1,0.924,1,0.924,0,0,35.231,0.568,1.863,11,2.779,0.096,0
6,26,24,7,5,24,22,2,35.667,1.056,0.617,1.712,13,10,10,0.924,1,0.924,1,0,0,32.324,0.681,1.551,11,3.153,0.09,0
6,27,24,7,5,24,22,2,31.72,1.06,0.694,1.528,14,10,10,1,1,1,1,0,0,29.512,0.745,1.422,13,2.129,0.096,0
6,28,24,7,5,24,20,4,40.72,1.061,0.491,2.161,15,10,10,1,1,1,1,0,0,39.424,0.507,2.092,12,1.65,0.096,0
6,29,24,7,5,24,23,1,34.497,1.083,0.667,1.624,11,10,10,1,1,1,1,0,0,33.702,0.682,1.587,8,1.86,0.092,0
6,30,24,7,5,24,22,2,45.974,1.064,0.479,2.224,14,10,10,1,1,1,1,0,0,44.77,0.491,2.166,12,2.623,0.09,0
6,31,23,7,5,23,19,4,38.923,1.045,0.488,2.14,16,10,10,1,1,1,1,0,0,36.808,0.516,2.024,14,2.096,0.088,0
6,32,24,7,5,24,21,3,36.78,1.075,0.571,1.882,13,10,10,1,1,1,1,0,0,36.017,0.583,1.843,10,1.501,0.092,0
6,33,24,7,5,24,24,0,47.154,1.055,0.509,2.073,12,10,10,1,1,1,1,0,0,45.212,0.531,1.987,10,2.556,0.098,0
6,34,23,7,5,23,21,2,35.715,1.047,0.588,1.78,14,10,10,1,1,1,1,0,0,34.123,0.615,1.701,10,2.391,0.087,0
6,35,23,7,5,23,23,0,33.686,1.027,0.683,1.504,13,10,10,1,1,1,1,0,0,33.686,0.683,1.504,12,2.217,0.101,0
6,36,25,7,5,25,25,0,41.272,1.068,0.606,1.763,14,10,10,1,1,1,1,0,0,39.547,0.632,1.689,12,3.825,0.095,0
6,37,25,7,5,25,25,0,38.571,1.069,0.648,1.649,11,10,10,1,1,1,1,0,0,38.452,0.65,1.644,10,3.704,0.096,0
6,38,25,7,5,25,25,0,53.608,1.07,0.466,2.295,15,10,10,1,1,1,1,0,0,53.45,0.468,2.288,11,3.019,0.093,0
6,39,25,7,5,25,24,1,41.56,1.115,0.577,1.93,11,10,10,1,1,1,1,0,0,40.215,0.597,1.868,9,3.411,0.087,0
6,40,26,7,5,26,26,0,34.674,1.093,0.75,1.458,13,10,10,1,1,1,1,0,0,33.586,0.774,1.412,11,2.399,0.102,0
7,1,4,2,8.8,4,2,2,31.513,0.408,0.063,6.432,3,6,1,1,1,1,1,0,0,10.625,0.188,2.169,2,3.345,0.048,0
7,2,5,2,8.6,5,2,3,34.67,0.275,0.058,4.759,3,6,2,1,1,1,1,0,0,14.025,0.143,1.925,2,3.979,0.049,0
7,3,6,2,8.4,6,5,1,51.299,0.33,0.097,3.385,4,25,3,1,1,1,1,0,0,35.849,0.139,2.366,4,1.943,0.054,0
7,4,7,3,8.2,7,5,2,31.848,0.387,0.157,2.466,4,25,5,1,1,1,1,0,0,21.61,0.231,1.673,3,0.834,0.057,0
7,5,12,4,8,12,10,2,38.451,0.613,0.26,2.359,9,25,8,1,1,1,1,0,0,31.816,0.314,1.952,8,1.985,0.066,0
7,6,9,3,7.8,9,7,2,21.565,0.495,0.325,1.526,7,25,10,1,1,1,1,0,0,21.565,0.325,1.526,7,0.805,0.073,0
7,7,10,4,7.6,10,8,2,37.282,0.558,0.215,2.598,9,25,12,1,1,1,1,0,0,37.282,0.215,2.598,7,3.139,0.074,0
7,8,11,4,7.4,11,11,0,25.576,0.591,0.43,1.374,6,51,9,1,1,1,1,0,0,25.5,0.431,1.37,6,0.313,0.081,0
7,9,13,5,7.2,13,11,2,25.743,0.716,0.427,1.676,6,51,10,1,1,1,1,0,0,23.872,0.461,1.554,6,0.699,0.078,0
7,10,18,6,7,18,14,4,28.188,0.919,0.497,1.851,14,51,11,1,1,1,1,0,0,26.423,0.53,1.735,13,1.817,0.09,0
7,11,15,5,6.8,15,12,3,23.573,0.829,0.509,1.628,8,51,12,1,1,1,1,0,0,23.573,0.509,1.628,8,0.372,0.084,0
7,12,16,6,6.6,16,8,8,25.836,0.885,0.31,2.858,11,51,13,1,1,1,1,0,0,25.836,0.31,2.858,9,1.034,0.085,0
7,13,17,6,6.4,17,9,8,30.604,0.941,0.294,3.201,9,51,15,1,1,1,1,0,0,30.604,0.294,3.201,9,1.309,0.082,0
7,14,30,7,6.2,30,20,10,76.244,0.892,0.262,3.401,15,66,7,1,0.944,1,0.944,0,0,59.027,0.339,2.633,11,6.052,0.086,0
7,15,20,7,6,20,14,6,58.348,1.092,0.24,4.551,20,66,9,0.944,0.949,0.944,0.949,0,0,39.113,0.358,3.051,14,6.401,0.087,0
7,16,21,7,5.8,21,16,5,66.175,1.108,0.242,4.581,20,84,17,0.949,0.976,0.949,0.976,0,0,50.217,0.319,3.476,8,7.766,0.096,0
7,17,24,7,5.6,24,12,12,54.993,0.982,0.218,4.499,18,84,19,0.976,0.801,0.976,0.801,0,0,39.742,0.302,3.251,9,0.42,0.101,0
7,18,25,7,5.4,25,14,11,55.33,1.037,0.253,4.098,18,84,21,0.801,0.924,0.801,0.924,0,0,36.877,0.38,2.731,12,8.152,0.096,0
7,19,37,7,5.2,37,17,20,66.518,0.997,0.256,3.902,30,84,22,0.924,0.836,0.924,0.836,0,0,50.245,0.338,2.947,14,8.275,0.118,0
7,20,27,7,5,27,16,11,62.032,1.158,0.258,4.488,18,84,22,0.836,0.879,0.836,0.879,0,0,54.235,0.295,3.924,8,10.373,0.097,0
7,21,28,7,5,28,11,17,54.428,1.18,0.202,5.839,23,84,22,0.879,0.775,0.879,0.775,0,0,44.791,0.246,4.805,9,5.691,0.106,0
7,22,16,6,5,16,11,5,55.438,1.075,0.198,5.419,11,84,22,0.775,0.859,0.775,0.859,0,0,41.692,0.264,4.076,5,2.605,0.091,0
7,23,30,7,5,30,9,21,59.549,1.031,0.151,6.821,25,84,22,0.859,0.753,0.859,0.753,0,0,48.287,0.186,5.531,11,4.403,0.109,0
7,24,31,7,5,31,8,23,61.528,1.058,0.13,8.135,25,84,22,0.753,0.8,0.753,0.8,0,0,51.683,0.155,6.833,9,10.59,0.111,0
7,25,35,7,5,35,12,23,52.925,1.113,0.227,4.91,28,84,22,0.8,0.793,0.8,0.793,0,0,45.29,0.265,4.202,14,0.415,0.107,0
7,26,32,7,5,32,6,26,57.054,1.051,0.105,9.996,28,84,22,0.793,0.729,0.793,0.729,0,0,42.618,0.141,7.467,11,9.859,0.113,0
7,27,32,7,5,32,8,24,55.115,1.046,0.145,7.209,29,84,22,0.729,0.783,0.729,0.783,0,0,42.584,0.188,5.57,7,8.732,0.114,0
7,28,32,7,5,32,11,21,59.16,1.047,0.186,5.629,23,84,22,0.783,0.747,0.783,0.747,0,0,46.195,0.238,4.395,6,7.046,0.108,0
7,29,32,7,5,32,8,24,53.641,1.083,0.149,7.263,28,84,22,0.747,0.751,0.747,0.751,0,0,40.717,0.196,5.513,10,7.683,0.118,0
7,30,18,6,5,18,9,9,55.72,1.129,0.162,6.989,17,84,22,0.751,0.887,0.751,0.887,0,0,42.441,0.212,5.324,8,9.744,0.1,0
7,31,32,7,5,32,8,24,64.025,1.055,0.125,8.445,27,84,22,0.887,0.706,0.887,0.706,0,0,40.557,0.197,5.35,8,11.23,0.117,0
7,32,32,7,5,32,12,20,56.834,1.07,0.211,5.066,27,84,22,0.706,0.79,0.706,0.79,0,0,47.023,0.255,4.192,11,10.2,0.118,0
7,33,32,7,5,32,11,21,56.278,1.07,0.195,5.474,26,84,22,0.79,0.719,0.79,0.719,0,0,43.866,0.251,4.267,8,9.469,0.11,0
7,34,32,7,5,32,11,21,65.428,1.08,0.168,6.424,24,84,22,0.719,0.803,0.719,0.803,0,0,55.804,0.197,5.479,9,6.621,0.111,0
7,35,30,7,5,30,9,21,57.806,1.029,0.156,6.609,24,84,22,0.803,0.652,0.803,0.652,0,0,43.096,0.209,4.928,8,5.723,0.116,0
7,36,44,7,5,44,12,32,84.462,1.014,0.142,7.136,33,84,22,0.652,0.734,0.652,0.734,0,0,62.201,0.193,5.255,11,12.793,0.112,0
7,37,32,7,5,32,8,24,54.42,1.076,0.147,7.319,30,84,22,0.734,0.79,0.734,0.79,0,0,42.228,0.189,5.679,17,9.972,0.119,0
7,38,32,7,5,32,12,20,57.577,1.071,0.208,5.14,27,84,22,0.79,0.83,0.79,0.83,0,0,50.263,0.239,4.487,8,7.068,0.116,0
7,39,32,7,5,32,6,26,76.407,1.08,0.079,13.749,29,84,22,0.83,0.568,0.83,0.568,0,0,48.54,0.124,8.735,12,4.475,0.091,0
7,40,31,7,5,31,8,23,59.913,1.051,0.134,7.872,25,84,22,0.568,0.585,0.568,0.585,0,0,42.22,0.189,5.547,7,15.235,0.116,0
8,1,4,2,8.8,4,1,3,33.347,0.409,0.03,13.623,3,8,1,1,1,1,1,0,0,5.481,0.182,2.239,2,5.11,0.049,0
8,2,5,2,8.6,5,2,3,32.188,0.275,0.062,4.426,4,8,2,1,0.882,1,0.882,0,0,22.49,0.089,3.092,3,3.483,0.054,0
8,3,6,2,8.4,6,3,3,30.885,0.33,0.097,3.4,3,8,5,0.882,1,0.882,1,0,0,27.894,0.108,3.07,2,1.186,0.057,0
8,4,7,3,8.2,7,4,3,41.128,0.388,0.097,3.986,3,88,7,1,1,1,1,0,0,20.628,0.194,1.999,3,1.164,0.053,0
8,5,12,4,8,12,8,4,50.275,0.616,0.159,3.87,7,88,8,1,1,1,1,0,0,29.671,0.27,2.284,6,3.495,0.062,0
8,6,9,3,7.8,9,7,2,24.623,0.519,0.284,1.827,5,169,9,1,1,1,1,0,0,23.801,0.294,1.766,4,1.107,0.083,0
8,7,10,4,7.6,10,8,2,22.628,0.557,0.354,1.575,6,169,9,1,1,1,1,0,0,22.628,0.354,1.575,6,0.734,0.082,0
8,8,11,4,7.4,11,9,2,27.219,0.652,0.331,1.971,7,169,9,1,1,1,1,0,0,27.219,0.331,1.971,7,0.755,0.081,0
8,9,12,4,7.2,12,10,2,27.657,0.673,0.362,1.862,7,169,9,1,1,1,1,0,0,27.557,0.363,1.855,7,0.419,0.084,0
8,10,16,6,7,16,12,4,29.389,0.839,0.408,2.054,9,169,12,1,1,1,1,0,0,29.389,0.408,2.054,8,1.105,0.091,0
8,11,14,5,6.8,14,12,2,25.041,0.777,0.479,1.621,6,169,14,1,1,1,1,0,0,22.911,0.524,1.483,6,0.809,0.088,0
8,12,15,5,6.6,15,9,6,30.278,0.834,0.297,2.807,9,169,16,1,1,1,1,0,0,30.144,0.299,2.795,8,0.352,0.094,0
8,13,25,7,6.4,25,14,11,33.929,1.115,0.413,2.702,14,169,19,1,1,1,1,0,0,32.27,0.434,2.57,13,0.853,0.104,0
8,14,18,6,6.2,18,10,8,32.149,1.124,0.311,3.613,9,248,23,1,1,1,1,0,0,31.903,0.313,3.585,8,0.744,0.09,0
8,15,19,7,6,19,12,7,45.225,1.09,0.265,4.109,13,248,28,1,1,1,1,0,0,39.295,0.305,3.57,10,1.298,0.093,0
8,16,21,7,5.8,21,15,6,41.146,1.172,0.365,3.215,18,248,30,1,1,1,1,0,0,28.459,0.527,2.223,14,1.692,0.097,0
8,17,22,7,5.6,22,11,11,37.298,0.91,0.295,3.086,14,248,34,1,1,1,1,0,0,37.298,0.295,3.086,13,1.406,0.109,0
8,18,22,7,5.4,22,17,5,37.029,0.936,0.459,2.039,14,248,37,1,1,1,1,0,0,37.029,0.459,2.039,14,0.482,0.101,0
8,19,35,7,5.2,35,19,16,66.362,1.514,0.286,5.288,19,248,41,1,1,1,1,0,0,39.08,0.486,3.114,17,2.191,0.097,0
8,20,24,7,5,24,12,12,42.669,1.21,0.281,4.302,21,248,48,1,1,1,1,0,0,31.386,0.382,3.164,20,1.206,0.103,0
8,21,50,7,5,50,13,37,111.309,1.123,0.117,9.613,29,248,53,1,1,1,1,0,0,69.481,0.187,6,26,6.944,0.117,0
8,22,27,7,5,27,11,16,40.792,1.283,0.27,4.757,16,248,56,1,1,1,1,0,0,30.701,0.358,3.58,14,3.433,0.11,0
8,23,28,7,5,28,15,13,40.41,1.29,0.371,3.475,13,248,56,1,1,1,1,0,0,40.297,0.372,3.466,10,1.376,0.107,0
8,24,29,7,5,29,4,25,47.89,1.187,0.084,14.217,28,248,56,1,1,1,1,0,0,38.919,0.103,11.554,20,5.502,0.122,0
8,25,30,7,5,30,4,26,76.062,1.207,0.053,22.958,30,328,61,1,1,1,1,0,0,58.434,0.068,17.637,27,1.416,0.122,0
8,26,16,6,5,16,8,8,35.484,1.161,0.225,5.149,13,412,67,1,1,1,1,0,0,32.571,0.246,4.726,11,1.136,0.111,0
8,27,30,7,5,30,10,20,58.476,1.178,0.171,6.886,22,412,74,1,1,1,1,0,0,54.253,0.184,6.389,14,3.371,0.12,0
8,28,30,7,5,30,4,26,79.711,1.231,0.05,24.531,26,412,83,1,1,1,1,0,0,65.531,0.061,20.168,24,2.068,0.123,0
8,29,30,7,5,30,11,19,50.673,1.182,0.217,5.445,14,412,89,1,1,1,1,0,0,49.737,0.221,5.345,14,1.007,0.108,0
8,30,30,7,5,30,4,26,49.994,1.232,0.08,15.402,22,412,98,1,1,1,1,0,0,37.98,0.105,11.701,14,3.77,0.117,0
8,31,30,7,5,30,17,13,70.991,1.215,0.239,5.075,20,412,98,1,1,1,1,0,0,41.96,0.405,2.999,19,1.265,0.112,0
8,32,30,7,5,30,7,23,40.703,1.19,0.172,6.92,18,412,98,1,1,1,1,0,0,38.016,0.184,6.463,16,2.216,0.129,0
8,33,30,7,5,30,13,17,71.131,1.298,0.183,7.102,21,412,98,1,1,1,1,0,0,56.61,0.23,5.652,21,2.377,0.121,0
8,34,30,7,5,30,13,17,70.252,1.224,0.185,6.613,19,412,98,1,1,1,1,0,0,52.322,0.248,4.925,19,1.15,0.111,0
8,35,30,7,5,30,12,18,59.919,1.243,0.2,6.208,25,412,98,1,1,1,1,0,0,31.478,0.381,3.261,20,3.312,0.108,0
8,36,42,7,5,42,13,29,81.217,1.378,0.16,8.609,35,412,98,1,1,1,1,0,0,62.725,0.207,6.648,23,3.543,0.117,0
8,37,48,7,5,48,13,35,96.462,1.3,0.135,9.647,23,412,98,1,1,1,1,0,0,49.994,0.26,5,19,3.072,0.106,0
8,38,30,7,5,30,7,23,45.548,1.137,0.154,7.397,17,412,98,1,1,1,1,0,0,39.22,0.178,6.369,13,1.909,0.12,0
8,39,42,7,5,42,18,24,64.593,1.431,0.279,5.134,21,412,98,1,1,1,1,0,0,43.281,0.416,3.44,16,2.45,0.113,0
8,40,30,7,5,30,15,15,83.805,1.181,0.179,6.599,26,423,91,1,1,1,1,0,0,64.728,0.232,5.097,20,3.858,0.125,0
9,1,4,2,8.8,4,2,2,32.548,0.409,0.061,6.65,3,7,1,1,1,1,1,0,0,14.38,0.139,2.938,2,4.125,0.05,0
9,2,5,2,8.6,5,1,4,38.936,0.275,0.026,10.715,3,7,3,1,1,1,1,0,0,14.517,0.069,3.995,3,2.695,0.051,0
9,3,6,2,8.4,6,3,3,50.461,0.331,0.059,5.561,4,24,4,1,1,1,1,0,0,44.76,0.067,4.933,4,1.136,0.058,0
9,4,7,3,8.2,7,1,6,22.017,0.388,0.045,8.542,6,24,8,1,1,1,1,0,0,18.34,0.055,7.116,4,1.774,0.063,0
9,5,8,3,8,8,6,2,23.794,0.44,0.252,1.744,7,24,10,1,1,1,1,0,0,23.272,0.258,1.706,6,1.916,0.066,0
9,6,9,3,7.8,9,9,0,38.607,0.499,0.233,2.139,5,104,11,1,1,1,1,0,0,37.184,0.242,2.06,5,0.558,0.068,0
9,7,10,4,7.6,10,7,3,24.119,0.541,0.29,1.864,6,42,14,1,1,1,1,0,0,23.781,0.294,1.838,6,1.362,0.072,0
9,8,12,4,7.4,12,9,3,20.463,0.655,0.44,1.488,10,123,15,1,1,1,1,0,0,20.463,0.44,1.488,9,1.52,0.079,0
9,9,13,5,7.2,13,12,1,38.447,0.724,0.312,2.321,7,84,6,1,1,1,1,0,0,37.569,0.319,2.268,7,0.703,0.06,0
9,10,30,7,7,30,10,20,96.394,0.857,0.104,8.262,18,123,7,1,1,1,1,0,0,39.639,0.252,3.398,9,3.166,0.068,0
9,11,19,7,6.8,19,12,7,50.92,0.963,0.236,4.087,14,164,8,1,1,1,1,0,0,28.699,0.418,2.304,8,2.144,0.062,0
9,12,21,7,6.6,21,13,8,64.129,1.022,0.203,5.044,13,189,8,1,1,1,1,0,0,23.238,0.559,1.828,11,2.858,0.071,0
9,13,22,7,6.4,22,15,7,53.645,0.831,0.28,2.97,10,189,19,1,1,1,1,0,0,32.089,0.467,1.777,9,0.839,0.086,0
9,14,21,7,6.2,21,3,18,47.598,1.121,0.063,17.783,19,189,22,1,1,1,1,0,0,36.435,0.082,13.612,11,2.158,0.096,0
9,15,29,7,6,29,8,21,81.844,0.866,0.098,8.859,23,189,25,1,1,1,1,0,0,57.461,0.139,6.22,13,2.11,0.087,0
9,16,29,7,5.8,29,4,25,89.123,0.887,0.045,19.764,23,214,18,1,0.741,1,0.741,0,0,59.201,0.068,13.128,12,3.604,0.098,0
9,17,42,7,5.6,42,15,27,86.149,1.009,0.174,5.798,23,237,21,0.741,0.984,0.741,0.984,0,0,58.825,0.255,3.959,19,1.945,0.098,0
9,18,47,7,5.4,47,7,40,105.811,1.118,0.066,16.894,37,237,29,0.984,0.739,0.984,0.739,0,0,72.186,0.097,11.525,28,5.154,0.12,0
9,19,35,7,5.2,35,16,19,83.974,1.115,0.191,5.851,17,253,38,0.739,1,0.739,1,0,0,43.95,0.364,3.062,13,3.247,0.111,0
9,20,36,7,5,36,8,28,73.407,1.043,0.109,9.572,28,253,45,1,1,1,1,0,0,47.358,0.169,6.175,19,3.839,0.116,0
9,21,36,7,5,36,10,26,101.662,0.983,0.098,9.996,27,253,52,1,1,1,1,0,0,68.853,0.145,6.77,20,3.329,0.11,0
9,22,36,7,5,36,11,25,89.378,0.984,0.123,7.992,23,266,59,1,1,1,1,0,0,70.914,0.155,6.341,18,3.723,0.125,0
9,23,35,7,5,35,17,18,70.447,1.109,0.241,4.597,22,266,73,1,1,1,1,0,0,65.197,0.261,4.254,13,3.463,0.144,0
9,24,36,7,5,36,9,27,61.49,1.051,0.146,7.179,25,266,78,1,1,1,1,0,0,46.257,0.195,5.401,19,2.088,0.14,0
9,25,36,7,5,36,7,29,49.204,0.985,0.142,6.923,20,285,87,1,1,1,1,0,0,46.342,0.151,6.52,13,3.019,0.144,0
9,26,59,7,5,59,22,37,170.508,1.016,0.129,7.876,23,378,104,1,1,1,1,0,0,84.048,0.262,3.882,14,2.63,0.101,0
9,27,39,7,5,39,17,22,62.818,1.034,0.271,3.821,15,469,80,1,1,1,1,0,0,46.992,0.362,2.859,10,1.681,0.18,0
9,28,41,7,5,41,21,20,42.118,1.07,0.499,2.145,12,486,96,1,1,1,1,0,0,39.539,0.531,2.014,9,1.597,0.202,0
9,29,42,7,5,42,18,24,41.728,1.115,0.431,2.584,20,486,96,1,1,1,1,0,0,40.934,0.44,2.535,17,1.288,0.209,0
9,30,45,7,5,45,19,26,49.879,1.015,0.381,2.664,17,486,96,1,1,1,1,0,0,45.795,0.415,2.446,13,1.564,0.201,0
9,31,42,7,5,42,16,26,42.105,1.085,0.38,2.855,16,486,96,1,1,1,1,0,0,40.544,0.395,2.749,9,1.643,0.208,0
9,32,35,7,5,35,23,12,40.413,1.1,0.569,1.933,21,486,96,1,1,1,1,0,0,38.262,0.601,1.83,16,2.012,0.225,0
9,33,42,7,5,42,18,24,47.587,1.083,0.378,2.864,15,486,96,1,1,1,1,0,0,45.342,0.397,2.729,11,1.672,0.201,0
9,34,42,7,5,42,29,13,43.84,1.113,0.661,1.682,13,486,96,1,1,1,1,0,0,42.18,0.688,1.618,10,2.537,0.197,0
9,35,42,7,5,42,18,24,54.947,1.088,0.328,3.321,12,486,96,1,1,1,1,0,0,48.761,0.369,2.947,10,2.086,0.189,0
9,36,41,7,5,41,24,17,42.724,1.07,0.562,1.905,14,486,96,1,1,1,1,0,0,41.236,0.582,1.838,10,1.731,0.211,0
9,37,42,7,5,42,20,22,61.569,1.083,0.325,3.333,17,486,96,1,1,1,1,0,0,48.817,0.41,2.642,15,2.385,0.2,0
9,38,42,7,5,42,21,21,52.951,1.079,0.397,2.72,20,486,96,1,1,1,1,0,0,49.253,0.426,2.53,10,2.527,0.225,0
9,39,41,7,5,41,17,24,80.954,1.098,0.21,5.227,21,486,96,1,1,1,1,0,0,55.584,0.306,3.589,13,3.485,0.184,0
9,40,42,7,5,42,22,20,43.81,1.084,0.502,2.16,18,486,96,1,1,1,1,0,0,42.477,0.518,2.094,14,2.425,0.216,0
10,1,4,2,8.8,4,3,1,25.709,0.408,0.117,3.498,3,9,1,1,1,1,1,0,0,15.774,0.19,2.146,2,4.568,0.052,0
10,2,5,2,8.6,5,3,2,33.159,0.275,0.09,3.04,3,9,2,1,1,1,1,0,0,19.659,0.153,1.802,2,4.166,0.051,0
10,3,6,2,8.4,6,5,1,31.986,0.331,0.156,2.116,3,23,3,1,1,1,1,0,0,31.929,0.157,2.112,3,0.264,0.055,0
10,4,7,3,8.2,7,6,1,26.198,0.388,0.229,1.694,5,23,5,1,1,1,1,0,0,26.07,0.23,1.686,5,1.16,0.06,0
10,5,8,3,8,8,7,1,31.426,0.441,0.223,1.978,6,104,6,1,1,1,1,0,0,31.426,0.223,1.978,6,0.45,0.071,0
10,6,9,3,7.8,9,8,1,26.143,0.497,0.306,1.625,4,186,8,1,1,1,1,0,0,25.723,0.311,1.598,4,0.382,0.067,0
10,7,10,4,7.6,10,6,4,39.686,0.555,0.151,3.672,6,66,10,1,1,1,1,0,0,22.161,0.271,2.05,4,3.192,0.057,0
10,8,12,4,7.4,12,11,1,22.664,0.659,0.485,1.357,9,66,11,1,1,1,1,0,0,22.554,0.488,1.35,9,0.172,0.068,0
10,9,13,5,7.2,13,10,3,23.917,0.715,0.418,1.71,8,66,12,1,1,1,1,0,0,23.818,0.42,1.703,8,0.637,0.062,0
10,10,17,6,7,17,15,2,23.316,0.913,0.643,1.42,16,83,2,1,1,1,1,0,0,23.316,0.643,1.42,14,1.106,0.077,0
10,11,16,6,6.8,16,3,13,41.776,0.912,0.072,12.706,15,108,3,1,1,1,1,0,0,20.633,0.145,6.275,12,0.44,0.063,0
10,12,18,6,6.6,18,1,17,51.86,1.056,0.019,54.74,12,135,3,1,1,1,1,0,0,29.054,0.034,30.667,9,2.899,0.061,0
10,13,21,7,6.4,21,9,12,73.095,1.159,0.123,9.415,13,150,10,1,1,1,1,0,0,40.44,0.223,5.209,9,1.868,0.067,0
10,14,37,7,6.2,37,19,18,75.596,0.936,0.251,3.723,22,150,28,1,1,1,1,0,0,52.123,0.365,2.567,11,3.535,0.073,0
10,15,31,7,6,31,6,25,59.961,1.055,0.1,10.544,22,163,54,1,1,1,1,0,0,37.03,0.162,6.512,15,3.608,0.09,0
10,16,29,7,5.8,29,7,22,78.531,0.951,0.089,10.666,22,187,70,1,1,1,1,0,0,44.386,0.158,6.029,8,5.299,0.112,0
10,17,39,7,5.6,39,7,32,99.243,1.038,0.071,14.715,21,225,47,1,1,1,1,0,0,79.472,0.088,11.784,14,5.107,0.124,0
10,18,56,7,5.4,56,15,41,132.792,1.14,0.113,10.094,31,225,47,1,1,1,1,0,0,73.571,0.204,5.592,27,3.397,0.12,0
10,19,35,7,5.2,35,6,29,94.365,1.182,0.064,18.592,27,225,47,1,1,1,1,0,0,45.248,0.133,8.915,21,4.071,0.122,0
10,20,35,7,5,35,4,31,82.283,1.206,0.049,24.8,23,225,47,1,1,1,1,0,0,55.609,0.072,16.761,18,7.383,0.125,0
10,21,35,7,5,35,12,23,125.595,1.107,0.096,11.588,14,253,27,1,0.65,1,0.65,0,0,58.017,0.207,5.353,10,4.474,0.103,0
10,22,36,7,5,36,10,26,59.189,1.05,0.169,6.215,15,253,27,0.65,0.861,0.65,0.861,0,0,48.035,0.208,5.044,11,2.258,0.12,0
10,23,36,7,5,36,17,19,46.402,0.998,0.366,2.723,8,253,27,0.861,1,0.861,1,0,0,38.295,0.444,2.247,8,0.829,0.112,0
10,24,36,7,5,36,11,25,51.693,1.009,0.213,4.741,14,253,27,1,1,1,1,0,0,46.172,0.238,4.235,8,1.821,0.118,0
10,25,36,7,5,36,11,25,77.66,0.986,0.142,6.965,18,275,51,1,1,1,1,0,0,59.332,0.185,5.321,8,2.289,0.111,0
10,26,36,7,5,36,8,28,38.557,0.986,0.207,4.752,11,367,70,1,1,1,1,0,0,35.015,0.228,4.316,11,0.849,0.143,0
10,27,39,7,5,39,5,34,108.572,1.124,0.046,24.4,33,422,71,1,1,1,1,0,0,64.778,0.077,14.558,21,9.574,0.182,0
10,28,52,7,5,52,24,32,129.429,1.009,0.185,5.442,18,487,48,1,1,1,1,0,0,81.41,0.295,3.423,12,3.425,0.2,0
10,29,42,7,5,42,35,9,96.609,1.114,0.362,3.075,21,487,48,1,1,1,1,0,0,54.371,0.644,1.731,11,6.011,0.197,0
10,30,42,7,5,42,22,24,115.238,1.086,0.191,5.689,20,487,48,1,1,1,1,0,0,89.558,0.246,4.422,14,8.04,0.193,0
10,31,54,7,5,54,9,45,181.142,1.103,0.05,22.206,39,487,48,1,1,1,1,0,0,86.987,0.103,10.664,29,10.048,0.199,0
10,32,42,7,5,42,19,25,111.952,1.086,0.17,6.4,20,487,48,1,1,1,1,0,0,76.172,0.249,4.355,14,4.197,0.202,0
10,33,42,7,5,42,23,22,61.757,1.084,0.372,2.912,13,487,48,1,1,1,1,0,0,47.567,0.484,2.243,11,1.915,0.2,0
10,34,42,7,5,42,22,22,82.985,1.114,0.265,4.201,19,487,48,1,1,1,1,0,0,69.037,0.319,3.495,12,2.37,0.196,0
10,35,45,7,5,45,25,22,69.044,1.013,0.362,2.798,20,487,48,1,1,1,1,0,0,64.51,0.388,2.614,16,3.876,0.221,0
10,36,67,7,5,67,30,44,134.42,1.077,0.223,4.827,22,487,48,1,1,1,1,0,0,82.078,0.366,2.948,17,3.427,0.195,0
10,37,42,7,5,42,18,27,94.576,1.088,0.19,5.715,14,487,48,1,1,1,1,0,0,55.572,0.324,3.358,13,2.831,0.187,0
10,38,42,7,5,42,20,24,130.099,1.083,0.154,7.045,24,487,48,1,1,1,1,0,0,81.153,0.246,4.395,11,7.368,0.188,0
10,39,42,7,5,42,27,22,53.011,1.117,0.509,2.192,17,487,48,1,1,1,1,0,0,50.375,0.536,2.083,14,1.351,0.206,0
10,40,70,7,5,70,26,48,134.693,1.108,0.193,5.739,26,487,48,1,1,1,1,0,0,93.197,0.279,3.971,19,5.185,0.204,0
11,1,4,2,8.8,4,3,1,25.609,0.409,0.117,3.494,3,10,1,1,1,1,1,0,0,17.281,0.174,2.357,2,3.686,0.055,0
11,2,5,2,8.6,5,2,3,40.907,0.275,0.049,5.615,3,10,6,1,1,1,1,0,0,13.764,0.145,1.889,2,2.786,0.053,0
11,3,6,2,8.4,6,5,1,28.899,0.33,0.173,1.91,4,10,8,1,1,1,1,0,0,20.746,0.241,1.371,4,2.469,0.062,0
11,4,7,3,8.2,7,7,0,23.24,0.387,0.301,1.284,4,10,10,1,1,1,1,0,0,17.009,0.412,0.94,3,2.98,0.068,0
11,5,11,4,8,11,11,0,24.028,0.576,0.458,1.258,6,10,10,1,1,1,1,0,0,20.047,0.549,1.05,4,3.924,0.074,0
11,6,9,3,7.8,9,9,0,31.743,0.499,0.284,1.759,5,10,10,1,1,1,1,0,0,29.246,0.308,1.621,5,1.196,0.072,0
11,7,10,4,7.6,10,9,1,16.817,0.557,0.535,1.042,4,10,10,1,1,1,1,0,0,10.546,0.853,0.653,4,1.976,0.069,0
11,8,11,4,7.4,11,10,1,31.152,0.614,0.321,1.912,6,10,10,1,1,1,1,0,0,28.195,0.355,1.73,6,1.997,0.076,0
11,9,12,4,7.2,12,12,0,22.779,0.673,0.527,1.277,5,10,10,1,1,1,1,0,0,19.962,0.601,1.119,5,1.96,0.077,0
11,10,16,6,7,16,16,0,30.241,0.85,0.529,1.607,8,10,10,1,1,1,1,0,0,27.246,0.587,1.448,6,2.161,0.082,0
11,11,29,7,6.8,29,12,17,46.39,0.807,0.259,3.119,11,10,10,1,1,1,1,0,0,39.405,0.305,2.649,10,2.91,0.09,0
11,12,16,6,6.6,16,12,4,30.147,0.887,0.398,2.229,11,10,10,1,1,1,1,0,0,28.725,0.418,2.124,7,3.661,0.09,0
11,13,17,6,6.4,17,17,0,39.714,0.945,0.428,2.208,11,10,10,1,1,1,1,0,0,35.928,0.473,1.997,9,2.323,0.084,0
11,14,25,7,6.2,25,17,8,31.722,0.955,0.536,1.782,11,10,10,1,1,1,1,0,0,28.938,0.587,1.625,7,3.388,0.092,0
11,15,22,7,6,22,19,3,29.917,0.892,0.635,1.405,13,10,10,1,1,1,1,0,0,25.648,0.741,1.204,8,2.602,0.095,0
11,16,39,7,5.8,39,19,20,47.499,0.95,0.4,2.375,17,10,10,1,0.295,1,0.295,0,1,42.549,0.447,2.128,12,2.968,0.094,1
11,17,22,7,5.6,22,13,9,29.725,0.937,0.437,2.142,14,10,10,0.295,0.631,0.295,0.631,0,0,22.446,0.579,1.618,13,2.07,0.088,0.75
11,18,23,7,5.4,23,9,14,26.485,0.986,0.34,2.902,12,10,10,0.631,0.764,0.631,0.764,0,0,25.274,0.356,2.769,9,2.227,0.099,0.5
11,19,24,7,5.2,24,20,4,33.877,1.054,0.59,1.786,16,10,10,0.764,1,0.764,1,0,0,30.617,0.653,1.614,14,2.697,0.095,0.25
11,20,24,7,5,24,12,12,28.802,1.076,0.417,2.582,15,10,10,1,0.872,1,0.872,0,0,27.856,0.431,2.497,11,2.536,0.101,0
11,21,14,5,5,14,7,7,45.05,0.988,0.155,6.357,9,10,10,0.872,0.831,0.872,0.831,0,0,41.194,0.17,5.813,5,2.252,0.083,0
11,22,25,7,5,25,14,11,28.48,1.081,0.492,2.198,13,10,10,0.831,0.893,0.831,0.893,0,0,26.855,0.521,2.073,10,2.422,0.099,0
11,23,26,7,5,26,6,20,34.918,1.102,0.172,6.415,16,10,10,0.893,0.253,0.893,0.253,0,0,28.726,0.209,5.278,13,2.834,0.102,0
11,24,39,7,5,39,31,8,41.703,1.06,0.743,1.425,10,10,10,0.253,0.418,0.253,0.418,0,1,36.565,0.848,1.25,8,1.745,0.096,1
11,25,32,7,5,32,9,23,41.283,1.059,0.218,4.859,14,10,10,0.418,0.213,0.418,0.213,0,1,37.333,0.241,4.394,11,2.788,0.094,2
11,26,29,7,5,29,13,16,34.289,0.998,0.379,2.633,13,10,10,0.213,0.279,0.213,0.279,0,1,32.957,0.394,2.531,13,1.883,0.09,3
12,1,4,2,8.8,4,3,1,24.657,0.409,0.122,3.361,3,8,1,1,1,1,1,0,0,15.856,0.189,2.161,2,2.807,0.056,0
12,2,5,2,8.6,5,3,2,41.651,0.275,0.072,3.818,3,8,2,1,1,1,1,0,0,25.416,0.118,2.33,2,3.359,0.055,0
12,3,6,2,8.4,6,3,3,40.18,0.331,0.075,4.431,4,22,3,1,1,1,1,0,0,33.067,0.091,3.647,3,0.232,0.06,0
12,4,7,3,8.2,7,3,4,59.755,0.388,0.05,7.734,6,22,5,1,1,1,1,0,0,20.049,0.15,2.595,4,1.554,0.062,0
12,5,8,3,8,8,6,2,45.301,0.443,0.132,3.342,5,22,6,1,1,1,1,0,0,16.454,0.365,1.214,4,3.857,0.059,0
12,6,9,3,7.8,9,6,3,29.631,0.499,0.202,2.464,6,22,7,1,1,1,1,0,0,23.092,0.26,1.92,6,1.537,0.068,0
12,7,10,4,7.6,10,6,4,42.924,0.536,0.14,3.837,7,40,2,1,1,1,1,0,0,25.498,0.235,2.279,5,1.322,0.063,0
12,8,12,4,7.4,12,3,9,29.129,0.658,0.103,6.392,7,40,3,1,1,1,1,0,0,24.817,0.121,5.446,5,0.916,0.068,0
12,9,14,5,7.2,14,12,2,56.8,0.764,0.211,3.615,12,63,5,1,0.665,1,0.665,0,0,33.273,0.361,2.118,6,4.156,0.071,0
12,10,15,5,7,15,9,6,55.522,0.81,0.162,4.998,10,63,6,0.665,1,0.665,1,0,0,33.409,0.269,3.008,5,1.987,0.069,0
12,11,16,6,6.8,16,9,7,58.3,0.859,0.154,5.562,15,63,8,1,0.715,1,0.715,0,0,32.586,0.276,3.109,8,3.451,0.079,0
12,12,18,6,6.6,18,4,14,47.699,0.961,0.084,11.458,17,63,9,0.715,0.727,0.715,0.727,0,0,31.236,0.128,7.503,7,7.562,0.088,0
12,13,20,7,6.4,20,13,7,56.242,1.05,0.231,4.544,13,63,10,0.727,0.955,0.727,0.955,0,0,36.859,0.353,2.978,5,2.866,0.084,0
12,14,19,7,6.2,19,7,12,52.931,1.05,0.132,7.941,18,73,3,0.955,0.771,0.955,0.771,0,0,26.227,0.267,3.935,6,18.461,0.099,0
12,15,28,7,6,28,6,22,48.217,1.028,0.124,8.262,23,73,7,0.771,0.761,0.771,0.761,0,0,19.924,0.301,3.414,7,10.912,0.105,0
12,16,26,7,5.8,26,12,14,52.048,1.006,0.231,4.364,23,73,10,0.761,0.285,0.761,0.285,0,1,34.227,0.351,2.87,7,15.971,0.115,1
12,17,29,7,5.6,29,22,7,60.405,0.912,0.364,2.504,19,73,14,0.285,0.403,0.285,0.403,0,1,40.58,0.542,1.682,8,14.688,0.099,2
13,1,4,2,8.8,4,3,1,28.227,0.408,0.106,3.843,3,9,1,1,1,1,1,0,0,15.555,0.193,2.118,1,2.633,0.055,0
13,2,5,2,8.6,5,1,4,25.555,0.275,0.039,7.026,3,9,3,1,1,1,1,0,0,16.855,0.059,4.634,3,2.145,0.057,0
13,3,6,2,8.4,6,4,2,51.149,0.33,0.078,4.223,5,9,6,1,1,1,1,0,0,48.778,0.082,4.028,5,1.515,0.065,0
13,4,7,3,8.2,7,7,0,38.312,0.389,0.183,2.126,3,9,8,1,1,1,1,0,0,32.165,0.218,1.785,3,2.188,0.054,0
13,5,12,4,8,12,12,0,25.807,0.616,0.465,1.325,8,9,9,1,1,1,1,0,0,23.044,0.521,1.183,8,2.513,0.07,0
13,6,14,5,7.8,14,11,3,51.413,0.707,0.214,3.304,11,91,10,1,1,1,1,0,0,27.492,0.4,1.767,7,5.26,0.078,0
13,7,10,4,7.6,10,6,4,64.507,0.557,0.093,5.986,8,174,10,1,1,1,1,0,0,28.276,0.212,2.624,8,4.127,0.067,0
13,8,11,4,7.4,11,3,8,81.661,0.653,0.037,17.765,10,174,10,1,1,1,1,0,0,22.725,0.132,4.944,9,5.872,0.074,0
13,9,12,4,7.2,12,9,3,77.497,0.713,0.116,6.142,11,174,10,1,1,1,1,0,0,25.946,0.347,2.056,8,4.403,0.07,0
13,10,13,5,7,13,5,8,86.854,0.82,0.058,14.242,11,258,10,1,1,1,1,0,0,26.58,0.188,4.358,9,4.188,0.078,0
13,11,15,5,6.8,15,1,14,88.56,0.971,0.011,85.961,14,258,10,1,1,1,1,0,0,30.272,0.033,29.383,8,13.999,0.078,0
13,12,17,6,6.6,17,2,15,88.145,0.918,0.023,40.445,13,258,11,1,1,1,1,0,0,27.333,0.073,12.542,10,6.959,0.073,0
13,13,19,7,6.4,19,5,14,85.292,0.976,0.059,16.642,14,258,14,1,1,1,1,0,0,27.967,0.179,5.457,8,13.562,0.091,0
13,14,21,7,6.2,21,3,18,96.687,1.25,0.031,40.297,14,258,16,1,1,1,1,0,0,28.572,0.105,11.908,13,12.959,0.083,0
13,15,21,7,6,21,6,15,89.55,1.253,0.067,18.697,15,258,18,1,1,1,1,0,0,26.894,0.223,5.615,14,3.276,0.083,0
13,16,25,7,5.8,25,2,23,110.466,1.007,0.018,55.603,19,258,22,1,1,1,1,0,0,46.843,0.043,23.579,13,8.338,0.082,0
13,17,28,7,5.6,28,1,27,91.077,1.391,0.011,126.665,25,258,28,1,1,1,1,0,0,35.902,0.028,49.93,11,6.814,0.099,0
13,18,37,7,5.4,37,2,35,122.337,1.18,0.016,72.16,21,258,33,1,0.604,1,0.604,0,0,41.863,0.048,24.692,16,10.046,0.09,0
13,19,37,7,5.2,37,8,29,120.262,1.238,0.067,18.617,33,258,39,0.604,0.593,0.604,0.593,0,0,43.144,0.185,6.679,13,16.904,0.099,0
13,20,30,7,5,30,6,24,115.602,1.172,0.052,22.588,25,258,47,0.593,0.773,0.593,0.773,0,0,44.236,0.136,8.644,12,9.846,0.093,0
13,21,30,7,5,30,12,18,116.637,1.199,0.103,11.657,27,258,57,0.773,0.561,0.773,0.561,0,0,56.454,0.213,5.642,22,5.911,0.098,0
13,22,29,7,5,29,6,23,111.253,1.213,0.054,22.492,24,258,57,0.561,0.744,0.561,0.744,0,0,48.863,0.123,9.878,10,17.173,0.095,0
13,23,30,7,5,30,10,20,103.966,1.248,0.096,12.972,27,258,57,0.744,0.977,0.744,0.977,0,0,43.927,0.228,5.481,24,7.677,0.097,0
13,24,30,7,5,30,1,29,118.743,1.175,0.008,139.497,25,258,57,0.977,0.709,0.977,0.709,0,0,53.697,0.019,63.083,10,14.891,0.093,0
13,25,30,7,5,30,7,23,112.304,1.195,0.062,19.171,27,337,64,0.709,0.903,0.709,0.903,0,0,57.999,0.121,9.901,17,5.826,0.102,0
13,26,16,6,5,16,4,12,84.608,1.151,0.047,24.345,12,419,79,0.903,1,0.903,1,0,0,28.552,0.14,8.215,11,10.657,0.086,0
13,27,30,7,5,30,9,21,110.471,1.175,0.081,14.426,24,419,96,1,1,1,1,0,0,60.228,0.149,7.865,14,13.356,0.103,0
13,28,29,7,5,29,7,22,110.451,1.15,0.063,18.138,23,419,99,1,1,1,1,0,0,50.21,0.139,8.245,14,7.161,0.097,0
13,29,29,7,5,29,13,17,91.895,1.212,0.141,8.565,22,419,99,1,1,1,1,0,0,34.031,0.382,3.172,17,3.112,0.097,0
13,30,29,7,5,29,7,23,92.77,1.159,0.075,15.362,22,419,99,1,1,1,1,0,0,33.257,0.21,5.507,14,3.012,0.09,0
13,31,29,7,5,29,12,17,97.287,1.194,0.123,9.678,26,419,99,1,1,1,1,0,0,56.635,0.212,5.634,13,10.555,0.123,0
13,32,30,7,5,30,11,19,87.925,1.208,0.125,9.655,26,419,99,1,1,1,1,0,0,53.242,0.207,5.846,18,5.264,0.115,0
13,33,41,7,5,41,11,30,102.42,1.363,0.107,12.689,38,419,99,1,1,1,1,0,0,62.255,0.177,7.713,17,8.431,0.135,0
13,34,42,7,5,42,5,38,98.675,1.328,0.051,26.206,25,419,99,1,1,1,1,0,0,61.521,0.081,16.338,15,2.134,0.115,0
13,35,41,7,5,41,4,37,102.553,1.342,0.039,34.397,35,419,99,1,1,1,1,0,0,51.621,0.077,17.314,17,12.546,0.129,0
13,36,30,7,5,30,9,21,94.237,1.132,0.096,11.851,21,419,99,1,1,1,1,0,0,68.451,0.131,8.608,13,6.394,0.115,0
13,37,29,7,5,29,2,27,111.103,1.087,0.018,60.399,23,419,99,1,1,1,1,0,0,63.089,0.032,34.297,15,5.307,0.097,0
13,38,30,7,5,30,4,27,90.326,1.104,0.044,24.923,20,419,99,1,1,1,1,0,0,66.689,0.06,18.401,13,12.288,0.103,0
13,39,29,7,5,29,2,27,110.034,1.19,0.018,65.459,28,419,99,1,1,1,1,0,0,57.202,0.035,34.029,14,11.568,0.115,0
13,40,30,7,5,30,2,28,87.135,1.19,0.023,51.851,30,419,99,1,1,1,1,0,0,36.661,0.055,21.816,23,9.031,0.116,0
14,1,4,2,8.8,4,3,1,19.941,0.408,0.15,2.71,3,9,1,1,1,1,1,0,0,9.658,0.311,1.312,2,3.591,0.058,0
14,2,5,2,8.6,5,3,2,26.496,0.275,0.113,2.429,2,9,3,1,1,1,1,0,0,10.015,0.3,0.918,2,1.271,0.053,0
14,3,6,2,8.4,6,3,3,39.436,0.331,0.076,4.347,5,91,5,1,1,1,1,0,0,16.973,0.177,1.871,3,2.923,0.062,0
14,4,7,3,8.2,7,1,6,44.5,0.388,0.022,17.256,6,91,7,1,1,1,1,0,0,19.07,0.052,7.395,4,5.043,0.069,0
14,5,13,5,8,13,6,7,32.356,0.655,0.185,3.533,8,174,9,1,1,1,1,0,0,16.447,0.365,1.796,5,3.199,0.074,0
14,6,10,4,7.8,10,5,5,86.586,0.544,0.058,9.428,7,174,10,1,1,1,1,0,0,13.446,0.372,1.464,7,9.665,0.063,0
14,7,11,4,7.6,11,1,10,48.877,0.633,0.02,30.92,10,75,6,1,1,1,1,0,0,17.327,0.058,10.961,5,5.75,0.063,0
14,8,14,5,7.4,14,10,6,45.777,0.711,0.218,3.254,5,93,3,1,1,1,1,0,0,31.033,0.322,2.206,5,1.638,0.061,0
14,9,16,6,7.2,16,5,11,44.08,0.878,0.113,7.745,12,177,5,1,1,1,1,0,0,15.8,0.316,2.776,5,4.623,0.077,0
14,10,22,7,7,22,6,17,63.23,0.849,0.095,8.944,16,144,6,1,1,1,1,0,0,27.024,0.222,3.823,8,5.49,0.076,0
14,11,21,7,6.8,21,7,14,90.724,1.132,0.077,14.674,14,156,7,1,0.829,1,0.829,0,0,27.92,0.251,4.516,9,6.726,0.067,0
14,12,30,7,6.6,30,0,30,105.43,0.886,0,-1,25,179,5,0.829,0.929,0.829,0.929,0,0,35.433,0,-1,9,5.767,0.082,0
14,13,15,5,6.4,15,4,11,68.998,0.833,0.058,14.372,11,179,9,0.929,0.802,0.929,0.802,0,0,23.239,0.172,4.841,6,4.793,0.075,0
14,14,29,7,6.2,29,0,29,80.003,0.992,0,-1,20,179,11,0.802,0.69,0.802,0.69,0,0,34.305,0,-1,9,2.27,0.085,0
14,15,35,7,6,35,2,33,181.662,1.148,0.011,104.272,21,179,14,0.69,0.542,0.69,0.542,0,0,44.3,0.045,25.428,10,7.943,0.071,0
14,16,33,7,5.8,33,2,31,90.755,1.138,0.022,51.633,29,201,20,0.542,0.666,0.542,0.666,0,0,46.609,0.043,26.517,10,5.907,0.105,0
14,17,46,7,5.6,46,6,40,104.703,1.065,0.057,18.58,35,228,25,0.666,0.404,0.666,0.404,0,0,61.523,0.098,10.918,29,8.92,0.123,0
14,18,35,7,5.4,35,4,31,92.328,1.058,0.043,24.413,19,228,28,0.404,0.55,0.404,0.55,0,0,50.615,0.079,13.384,6,9.982,0.1,0
14,19,47,7,5.2,47,25,22,95.681,1.247,0.261,4.771,31,228,39,0.55,0.602,0.55,0.602,0,0,50.039,0.5,2.495,19,10.382,0.117,0
14,20,35,7,5,35,8,27,116.892,1.275,0.068,18.626,21,250,47,0.602,0.727,0.602,0.727,0,0,55.515,0.144,8.846,8,10.237,0.094,0
14,21,36,7,5,36,8,28,104.785,1.114,0.076,14.592,22,250,56,0.727,0.722,0.727,0.722,0,0,57.044,0.14,7.944,9,11.086,0.104,0
14,22,36,7,5,36,18,18,133.501,1.124,0.135,8.333,28,250,62,0.722,0.812,0.722,0.812,0,0,68.221,0.264,4.259,12,14.436,0.1,0
14,23,36,7,5,36,8,28,109.826,1.112,0.073,15.268,20,250,72,0.812,0.634,0.812,0.634,0,0,66.598,0.12,9.259,7,8.078,0.091,0
14,24,36,7,5,36,15,21,135.298,1.144,0.111,10.32,31,269,78,0.634,0.901,0.634,0.901,0,0,77.411,0.194,5.904,13,7.639,0.092,0
14,25,36,7,5,36,10,26,108.898,1.115,0.092,12.137,19,315,87,0.901,1,0.901,1,0,0,60.02,0.167,6.689,11,6.453,0.078,0
14,26,37,7,5,37,16,21,113.554,1.14,0.141,8.089,25,354,101,1,1,1,1,0,0,63.844,0.251,4.548,19,4.301,0.087,0
14,27,21,7,5,21,6,15,100.409,1.208,0.06,20.218,15,421,71,1,1,1,1,0,0,40.738,0.147,8.203,8,6.313,0.1,0
14,28,40,7,5,40,11,31,149.645,1.151,0.074,15.656,31,496,70,1,1,1,1,0,0,53.39,0.206,5.586,11,13.849,0.104,0
14,29,42,7,5,42,11,33,173.686,1.257,0.063,19.84,35,496,79,1,1,1,1,0,0,59.301,0.185,6.774,23,5.475,0.118,0
14,30,23,7,5,23,8,15,101.09,1.013,0.079,12.796,16,496,93,1,1,1,1,0,0,40.633,0.197,5.144,6,9.873,0.106,0
14,31,42,7,5,42,13,29,131.292,1.214,0.099,12.262,29,496,106,1,1,1,1,0,0,64.496,0.202,6.024,14,9.645,0.119,0
14,32,56,7,5,56,19,37,142.399,1.171,0.133,8.778,40,496,118,1,1,1,1,0,0,69.094,0.275,4.259,30,11.182,0.14,0
14,33,44,7,5,44,20,25,115.461,1.053,0.173,6.08,32,496,126,1,1,1,1,0,0,64.496,0.31,3.396,16,6.564,0.134,0
14,34,45,7,5,45,15,30,109.643,1.157,0.137,8.457,35,496,126,1,1,1,1,0,0,68.178,0.22,5.259,12,6.764,0.15,0
14,35,57,7,5,57,19,41,153.524,1.144,0.124,9.242,37,496,126,1,1,1,1,0,0,62.545,0.304,3.765,18,14.287,0.129,0
14,36,44,7,5,44,14,33,130.651,1.111,0.107,10.368,26,496,126,1,1,1,1,0,0,44.966,0.311,3.568,14,7.826,0.123,0
14,37,44,7,5,44,23,23,110.983,1.107,0.207,5.342,25,496,126,1,1,1,1,0,0,53.969,0.426,2.598,12,6.907,0.132,0
14,38,45,7,5,45,12,33,123.856,1.134,0.097,11.709,34,496,126,1,1,1,1,0,0,50.043,0.24,4.731,22,8.557,0.134,0
14,39,45,7,5,45,15,30,109.719,1.158,0.137,8.468,34,496,126,1,1,1,1,0,0,56.35,0.266,4.349,15,9.526,0.142,0
14,40,45,7,5,45,21,28,89.331,1.106,0.235,4.706,23,496,126,1,1,1,1,0,0,55.181,0.381,2.907,12,3.11,0.137,0
15,1,4,2,8.8,4,1,3,31.824,0.408,0.031,12.983,3,8,1,1,1,1,1,0,0,7.55,0.132,3.08,3,5.12,0.056,0
15,2,5,2,8.6,5,2,3,28.794,0.274,0.069,3.952,3,8,2,1,1,1,1,0,0,21.971,0.091,3.015,2,3.477,0.059,0
15,3,6,2,8.4,6,3,3,38.259,0.331,0.078,4.221,6,22,3,1,0.801,1,0.801,0,0,30.281,0.099,3.341,6,2.108,0.07,0
15,4,7,3,8.2,7,5,2,39.428,0.388,0.127,3.057,5,22,5,0.801,1,0.801,1,0,0,20.318,0.246,1.576,5,3.127,0.065,0
15,5,12,4,8,12,8,4,51.728,0.64,0.155,4.139,10,104,7,1,1,1,1,0,0,16.399,0.488,1.312,5,5.689,0.072,0
15,6,9,3,7.8,9,5,4,53.35,0.498,0.094,5.316,6,132,8,1,1,1,1,0,0,15.93,0.314,1.587,5,1.917,0.065,0
15,7,11,4,7.6,11,7,4,21.393,0.596,0.327,1.823,6,74,9,1,1,1,1,0,0,16.569,0.422,1.412,5,1.782,0.058,0
15,8,13,5,7.4,13,10,3,21.932,0.699,0.456,1.533,8,74,11,1,1,1,1,0,0,18.311,0.546,1.28,7,1.629,0.066,0
15,9,8,3,7.2,8,4,4,23.436,0.494,0.171,2.894,5,95,2,1,1,1,1,0,0,13.664,0.293,1.687,3,2.791,0.062,0
15,10,16,6,7,16,5,11,93.421,0.894,0.054,16.701,14,95,3,1,1,1,1,0,0,27.57,0.181,4.929,12,3.389,0.063,0
15,11,17,6,6.8,17,1,16,61.773,0.956,0.016,59.065,12,154,4,1,1,1,1,0,0,21.575,0.046,20.629,11,1.676,0.07,0
15,12,20,7,6.6,20,9,11,57.98,0.989,0.155,6.374,11,168,13,1,1,1,1,0,0,35.63,0.253,3.917,6,2.474,0.066,0
15,13,23,7,6.4,23,11,12,60.782,0.866,0.181,4.783,11,168,37,1,1,1,1,0,0,35.042,0.314,2.758,5,3.23,0.064,0
15,14,33,7,6.2,33,26,7,72.076,0.951,0.361,2.635,17,190,52,1,1,1,1,0,0,45.535,0.571,1.665,12,3.319,0.091,0
15,15,26,7,6,26,3,23,50.59,0.974,0.059,16.426,11,190,76,1,1,1,1,0,0,32.361,0.093,10.507,8,1.914,0.08,0
15,16,29,7,5.8,29,6,23,68.631,0.887,0.087,10.146,16,206,61,1,1,1,1,0,0,45.38,0.132,6.709,9,1.038,0.111,0
15,17,33,7,5.6,33,2,31,89.033,1.032,0.022,45.932,20,219,41,1,1,1,1,0,0,47.055,0.043,24.276,15,3.67,0.115,0
15,18,19,7,5.4,19,9,10,38.65,1.132,0.233,4.862,9,219,41,1,1,1,1,0,0,21.819,0.412,2.745,8,1.29,0.1,0
15,19,35,7,5.2,35,3,32,81.324,1.115,0.037,30.233,17,248,21,1,1,1,1,0,0,51.136,0.059,19.01,11,1.717,0.127,0
15,20,40,7,5,40,8,32,67.937,1.057,0.118,8.979,17,248,21,1,1,1,1,0,0,55.806,0.143,7.375,10,2.299,0.129,0
15,21,36,7,5,36,6,30,90.573,0.987,0.066,14.903,21,248,21,1,1,1,1,0,0,48.807,0.123,8.031,15,4.441,0.124,0
15,22,36,7,5,36,5,31,60.366,0.996,0.083,12.023,14,248,21,1,1,1,1,0,0,50.362,0.099,10.03,8,2.082,0.13,0
15,23,20,7,5,20,2,18,66.317,1.213,0.03,40.223,10,248,21,1,1,1,1,0,0,27.111,0.074,16.444,7,1.83,0.116,0
15,24,36,7,5,36,6,30,84.089,1.075,0.071,15.06,21,248,21,1,1,1,1,0,0,44.949,0.133,8.05,15,4.127,0.117,0
15,25,36,7,5,36,5,31,74.566,0.985,0.067,14.686,18,274,45,1,1,1,1,0,0,50.793,0.098,10.004,11,2.837,0.111,0
15,26,20,7,5,20,3,17,25.733,1.177,0.117,10.092,10,328,65,1,1,1,1,0,0,24.083,0.125,9.445,8,0.862,0.137,0
15,27,38,7,5,38,3,35,85.863,1.096,0.035,31.369,24,408,42,1,1,1,1,0,0,53.279,0.056,19.465,17,8.258,0.169,0
15,28,40,7,5,40,26,14,97.85,1.07,0.266,4.027,15,489,46,1,1,1,1,0,0,59.591,0.436,2.453,7,4.344,0.172,0
15,29,42,7,5,42,24,18,79.632,1.113,0.301,3.694,19,489,46,1,1,1,1,0,0,71.019,0.338,3.295,9,4.653,0.178,0
15,30,46,7,5,46,27,19,88.303,1.027,0.306,3.36,10,489,46,1,1,1,1,0,0,63.194,0.427,2.404,9,1.358,0.167,0
15,31,23,7,5,23,12,11,52.571,1.012,0.228,4.433,13,489,46,1,1,1,1,0,0,43.08,0.279,3.633,8,2.469,0.177,0
15,32,42,7,5,42,24,18,51.7,1.087,0.464,2.342,11,489,46,1,1,1,1,0,0,44.108,0.544,1.999,8,1.119,0.173,0
15,33,42,7,5,42,22,20,42.335,1.084,0.52,2.087,9,489,46,1,1,1,1,0,0,37.319,0.59,1.84,8,1.378,0.183,0
15,34,42,7,5,42,25,17,92.653,1.126,0.27,4.172,17,489,46,1,1,1,1,0,0,60.058,0.416,2.704,10,3.688,0.175,0
15,35,42,7,5,42,15,27,62.848,1.088,0.239,4.557,13,489,46,1,1,1,1,0,0,54.618,0.275,3.96,9,1.3,0.174,0
15,36,67,7,5,67,31,36,113.806,1.074,0.272,3.942,16,489,46,1,1,1,1,0,0,78.731,0.394,2.727,8,2.799,0.172,0
15,37,54,7,5,54,16,38,133.622,1.209,0.12,10.098,27,489,46,1,1,1,1,0,0,65.802,0.243,4.973,21,5.89,0.194,0
15,38,42,7,5,42,21,21,82.21,1.087,0.255,4.254,15,489,46,1,1,1,1,0,0,75.808,0.277,3.923,7,3.561,0.179,0
15,39,53,7,5,53,19,34,130.66,1.166,0.145,8.015,25,489,46,1,1,1,1,0,0,67.839,0.28,4.162,11,4.81,0.165,0
15,40,72,7,5,72,27,45,121.094,1.201,0.223,5.387,32,489,46,1,1,1,1,0,0,98.751,0.273,4.393,17,4.64,0.199,0
16,1,4,2,8.8,4,3,1,26.25,0.408,0.114,3.569,3,7,1,1,1,1,1,0,0,13.496,0.222,1.835,1,4.873,0.056,0
16,2,5,2,8.6,5,4,1,12.053,0.275,0.332,0.828,2,7,6,1,1,1,1,0,0,8.025,0.498,0.551,1,1.246,0.054,0
16,3,6,2,8.4,6,4,2,24.301,0.33,0.165,2.005,3,7,7,1,1,1,1,0,0,19.38,0.206,1.599,3,0.851,0.063,0
16,4,7,3,8.2,7,4,3,16.344,0.387,0.245,1.582,3,7,7,1,1,1,1,0,0,12.121,0.33,1.174,3,1.029,0.068,0
16,5,8,3,8,8,6,2,18.122,0.443,0.331,1.337,3,7,7,1,1,1,1,0,0,12.161,0.493,0.898,3,1.198,0.07,0
16,6,9,3,7.8,9,8,1,20.918,0.499,0.382,1.306,5,7,7,1,1,1,1,0,0,15.312,0.522,0.956,5,0.958,0.074,0
16,7,10,4,7.6,10,9,1,21.038,0.554,0.428,1.295,5,7,7,1,1,1,1,0,0,17.645,0.51,1.086,5,1.605,0.082,0
16,8,11,4,7.4,11,10,1,21.713,0.615,0.461,1.336,5,7,7,1,1,1,1,0,0,18.193,0.55,1.12,5,1.133,0.083,0
16,9,12,4,7.2,12,11,1,16.274,0.671,0.676,0.993,4,7,7,1,1,1,1,0,0,15.319,0.718,0.934,4,0.414,0.071,0
16,10,17,6,7,17,14,3,16.857,0.886,0.831,1.067,6,7,7,1,1,1,1,0,0,16.356,0.856,1.035,6,0.67,0.079,0
16,11,14,5,6.8,14,12,2,16.394,0.787,0.732,1.075,5,7,7,1,1,1,1,0,0,15.82,0.759,1.038,5,0.746,0.075,0
16,12,15,5,6.6,15,14,1,18.466,0.846,0.758,1.116,7,7,7,1,1,1,1,0,0,15.497,0.903,0.937,7,0.987,0.081,0
16,13,16,6,6.4,16,13,3,19.353,0.904,0.672,1.345,10,7,7,1,1,1,1,0,0,15.24,0.853,1.059,10,1.746,0.092,0
16,14,17,6,6.2,17,15,2,19.739,0.969,0.76,1.275,13,7,7,1,1,1,1,0,0,16.406,0.914,1.06,13,1.452,0.089,0
16,15,24,7,6,24,19,5,35.499,0.949,0.535,1.773,11,7,7,1,1,1,1,0,0,34.116,0.557,1.704,9,1.338,0.101,0
16,16,19,7,5.8,19,16,3,24.919,1.082,0.642,1.685,11,7,7,1,1,1,1,0,0,23.133,0.692,1.565,10,1.237,0.101,0
16,17,20,7,5.6,20,14,6,39.69,1.145,0.353,3.246,11,7,7,1,1,1,1,0,0,38.92,0.36,3.183,11,1.769,0.093,0
16,18,21,7,5.4,21,16,5,28.647,1.189,0.559,2.129,19,7,7,1,1,1,1,0,0,26.772,0.598,1.99,19,1.981,0.105,0
16,19,21,7,5.2,21,11,10,27.86,1.229,0.395,3.114,15,7,7,1,0.891,1,0.891,0,0,22.553,0.488,2.52,12,1.961,0.101,0
16,20,36,7,5,36,17,19,39.766,0.997,0.428,2.332,16,7,7,0.891,0.289,0.891,0.289,0,1,38.731,0.439,2.271,15,1.298,0.102,1
16,21,22,7,5,22,8,14,27.194,1.02,0.294,3.468,11,7,7,0.289,0.453,0.289,0.453,0,0,25.993,0.308,3.314,10,1.153,0.098,0.75
16,22,24,7,5,24,14,10,50.808,1.068,0.276,3.876,9,7,7,0.453,0.674,0.453,0.674,0,0,44.719,0.313,3.412,9,0.801,0.085,0.5
16,23,13,5,5,13,6,7,48.672,0.935,0.123,7.585,8,7,7,0.674,0.845,0.674,0.845,0,0,42.346,0.142,6.599,8,0.565,0.083,0.25
16,24,25,7,5,25,8,18,54.713,1.114,0.146,7.618,7,7,7,0.845,0.657,0.845,0.657,0,0,44.894,0.178,6.251,6,0.622,0.084,0
16,25,30,7,5,30,10,20,36.349,1.016,0.275,3.692,17,7,7,0.657,0.233,0.657,0.233,0,1,34.364,0.291,3.49,17,1.389,0.112,1
16,26,45,7,5,45,16,29,54.686,1.025,0.293,3.503,20,7,7,0.233,0.242,0.233,0.242,0,1,45.707,0.35,2.928,18,1.039,0.093,2
16,27,30,7,5,30,11,19,37.078,1.019,0.297,3.435,15,7,7,0.242,0.247,0.242,0.247,0,1,34.9,0.315,3.233,13,1.11,0.095,3
16,28,29,7,5,29,6,23,43.719,1.001,0.137,7.295,11,7,7,0.247,0.295,0.247,0.295,0,0,38.462,0.156,6.417,11,0.944,0.086,2.75
16,29,29,7,5,29,12,17,32.757,1.016,0.366,2.774,12,7,7,0.295,0.445,0.295,0.445,0,0,30.197,0.397,2.557,11,0.791,0.089,2.5
16,30,30,7,5,30,7,23,38.315,1.025,0.183,5.608,10,7,7,0.445,0.468,0.445,0.468,0,0,35.847,0.195,5.247,10,0.583,0.111,2.25
16,31,30,7,5,30,8,22,31.285,1.033,0.256,4.04,18,7,7,0.468,0.207,0.468,0.207,0,1,29.915,0.267,3.863,16,0.957,0.109,3.25
17,1,4,2,8.8,4,2,2,47.539,0.41,0.042,9.738,3,9,1,1,1,1,1,0,0,10.614,0.188,2.174,2,4.587,0.058,0
17,2,5,2,8.6,5,4,1,36.11,0.274,0.111,2.475,4,9,3,1,1,1,1,0,0,23.272,0.172,1.595,3,5.096,0.075,0
17,3,6,2,8.4,6,4,2,38.702,0.33,0.103,3.195,5,9,5,1,1,1,1,0,0,33.758,0.118,2.787,5,2.246,0.069,0
17,4,7,3,8.2,7,5,2,27.901,0.387,0.179,2.16,5,9,7,1,1,1,1,0,0,25.483,0.196,1.973,5,1.739,0.075,0
17,5,8,3,8,8,7,1,25.924,0.426,0.27,1.579,3,18,3,1,1,1,1,0,0,24.061,0.291,1.465,3,0.485,0.084,0
17,6,9,3,7.8,9,6,3,36.649,0.496,0.164,3.028,6,18,5,1,1,1,1,0,0,35.605,0.169,2.942,6,1.26,0.096,0
17,7,10,4,7.6,10,9,1,34.972,0.536,0.257,2.081,6,43,1,1,1,1,1,0,0,27.922,0.322,1.661,6,3.651,0.09,0
17,8,12,4,7.4,12,10,2,32.093,0.657,0.312,2.109,8,43,2,1,1,1,1,0,0,31.167,0.321,2.048,7,0.951,0.085,0
17,9,13,5,7.2,13,13,0,52.189,0.715,0.249,2.869,9,43,3,1,1,1,1,0,0,29.757,0.437,1.636,9,0.667,0.073,0
17,10,22,7,7,22,20,2,51.906,0.798,0.385,2.071,16,43,4,1,1,1,1,0,0,47.253,0.423,1.885,12,1.285,0.083,0
17,11,15,5,6.8,15,13,3,54.946,0.798,0.237,3.373,12,62,2,1,1,1,1,0,0,35.598,0.365,2.185,10,0.742,0.082,0
17,12,16,6,6.6,16,13,6,40.093,0.885,0.324,2.73,8,62,3,1,1,1,1,0,0,35.119,0.37,2.391,6,0.859,0.089,0
17,13,24,7,6.4,24,18,8,49.517,0.904,0.364,2.487,12,62,5,1,1,1,1,0,0,42.329,0.425,2.126,9,4.05,0.092,0
17,14,19,7,6.2,19,6,13,71.908,1.052,0.083,12.611,18,84,5,1,0.773,1,0.773,0,0,31.942,0.188,5.602,11,7.631,0.098,0
17,15,19,7,6,19,10,9,68.042,1.048,0.147,7.134,15,84,7,0.773,0.877,0.773,0.877,0,0,36.757,0.272,3.854,9,3.618,0.094,0
17,16,32,7,5.8,32,17,15,71.321,0.96,0.238,4.028,18,84,10,0.877,0.884,0.877,0.884,0,0,51.206,0.332,2.892,9,6.438,0.115,0
17,17,25,7,5.6,25,18,7,61.079,1.006,0.295,3.415,9,84,13,0.884,1,0.884,1,0,0,44.935,0.401,2.512,9,1.119,0.082,0
17,18,26,7,5.4,26,16,10,65.523,1.055,0.244,4.318,17,84,16,1,0.879,1,0.879,0,0,55.452,0.289,3.655,9,5.746,0.112,0
17,19,26,7,5.2,26,15,11,69.67,1.1,0.215,5.108,9,84,16,0.879,1,0.879,1,0,0,35.558,0.422,2.607,9,0.973,0.074,0
17,20,16,6,5,16,13,3,25.803,1.08,0.504,2.143,7,84,16,1,1,1,1,0,0,23.626,0.55,1.962,6,0.632,0.09,0
17,21,27,7,5,27,22,5,72.9,1.156,0.302,3.83,10,84,16,1,0.967,1,0.967,0,0,43.42,0.507,2.281,8,0.982,0.091,0
17,22,27,7,5,27,21,6,76.102,1.159,0.276,4.199,15,84,16,0.967,1,0.967,1,0,0,54.955,0.382,3.032,8,2.628,0.082,0
17,23,28,7,5,28,15,13,72.596,1.179,0.207,5.706,9,84,16,1,0.837,1,0.837,0,0,49.639,0.302,3.902,7,2.972,0.084,0
17,24,29,7,5,29,22,7,75.81,1.016,0.29,3.501,14,84,16,0.837,0.989,0.837,0.989,0,0,49.082,0.448,2.266,9,1.024,0.088,0
17,25,41,7,5,41,22,19,77.188,1.068,0.285,3.748,18,84,16,0.989,0.818,0.989,0.818,0,0,49.158,0.448,2.387,7,3.165,0.12,0
17,26,30,7,5,30,23,7,111.001,1.008,0.207,4.864,11,84,16,0.818,1,0.818,1,0,0,57.013,0.403,2.498,7,4.962,0.081,0
17,27,31,7,5,31,19,12,76.805,1.028,0.247,4.157,12,84,16,1,0.847,1,0.847,0,0,44.642,0.426,2.416,12,0.797,0.086,0
17,28,31,7,5,31,20,11,78.136,1.029,0.256,4.022,11,84,16,0.847,0.941,0.847,0.941,0,0,43.491,0.46,2.239,10,1.789,0.085,0
17,29,31,7,5,31,18,13,62.123,1.059,0.29,3.656,18,84,16,0.941,0.915,0.941,0.915,0,0,50.457,0.357,2.97,10,3.034,0.107,0
17,30,51,7,5,51,24,27,85.039,1.007,0.282,3.569,30,84,16,0.915,0.288,0.915,0.288,0,1,74.413,0.323,3.123,10,4.16,0.11,1
17,31,31,7,5,31,14,17,68.882,1.027,0.203,5.053,8,84,16,0.288,0.516,0.288,0.516,0,0,47.34,0.296,3.473,8,0.857,0.08,0.75
17,32,31,7,5,31,20,11,76.599,1.049,0.261,4.017,10,84,16,0.516,0.874,0.516,0.874,0,0,48.158,0.415,2.526,8,2.286,0.083,0.5
17,33,31,7,5,31,22,9,71.909,1.051,0.306,3.435,10,84,16,0.874,0.945,0.874,0.945,0,0,41.58,0.529,1.986,9,3.977,0.094,0.25
17,34,31,7,5,31,12,19,66.276,1.059,0.181,5.847,23,84,16,0.945,0.839,0.945,0.839,0,0,50.219,0.239,4.43,10,2.151,0.12,0
17,35,32,7,5,32,25,7,74.199,1.066,0.337,3.163,13,84,16,0.839,0.965,0.839,0.965,0,0,46.729,0.535,1.992,8,3.383,0.098,0
17,36,31,7,5,31,18,13,71.032,1.049,0.253,4.14,12,84,16,0.965,1,0.965,1,0,0,46.449,0.388,2.707,9,0.874,0.08,0
17,37,43,7,5,43,20,23,65.38,1.001,0.306,3.272,25,84,16,1,0.804,1,0.804,0,0,53.768,0.372,2.691,10,6.378,0.114,0
17,38,32,7,5,32,23,9,75.62,1.075,0.304,3.534,12,84,16,0.804,0.885,0.804,0.885,0,0,53.172,0.433,2.485,11,2.673,0.091,0
17,39,31,7,5,31,21,10,65.103,1.059,0.323,3.283,12,84,16,0.885,0.938,0.885,0.938,0,0,40.054,0.524,2.02,10,3,0.089,0
17,40,37,7,5,37,24,13,77.043,1.021,0.312,3.277,21,84,16,0.938,0.957,0.938,0.957,0,0,60.175,0.399,2.559,11,6.735,0.122,0
18,1,4,2,8.8,4,2,2,18.96,0.409,0.105,3.877,2,9,1,1,1,1,1,0,0,7.254,0.276,1.483,2,2.603,0.06,0
18,2,5,2,8.6,5,3,2,27.66,0.275,0.108,2.537,3,9,2,1,0.966,1,0.966,0,0,24.394,0.123,2.238,2,2.197,0.063,0
18,3,6,2,8.4,6,3,3,33.589,0.33,0.089,3.7,4,9,5,0.966,1,0.966,1,0,0,29.026,0.103,3.197,2,1.646,0.062,0
18,4,7,3,8.2,7,5,2,25.508,0.388,0.196,1.978,4,9,6,1,1,1,1,0,0,24.272,0.206,1.882,4,1.103,0.068,0
18,5,8,3,8,8,5,3,23.028,0.441,0.217,2.032,4,9,7,1,1,1,1,0,0,22.036,0.227,1.945,4,1.47,0.069,0
18,6,9,3,7.8,9,7,2,25.355,0.499,0.276,1.806,5,9,8,1,1,1,1,0,0,19.006,0.368,1.354,5,2.804,0.071,0
18,7,10,4,7.6,10,5,5,19.505,0.555,0.256,2.164,5,91,10,1,1,1,1,0,0,16.011,0.312,1.776,4,2.047,0.077,0
18,8,11,4,7.4,11,7,4,23.648,0.615,0.296,2.078,4,171,10,1,1,1,1,0,0,19.878,0.352,1.746,3,1.713,0.08,0
18,9,12,4,7.2,12,10,2,33.192,0.716,0.301,2.378,6,171,10,1,1,1,1,0,0,30.209,0.331,2.164,5,1.826,0.08,0
18,10,13,5,7,13,10,3,24.541,0.731,0.407,1.793,5,171,10,1,1,1,1,0,0,18.73,0.534,1.369,5,1.388,0.078,0
18,11,8,3,6.8,8,6,2,32.698,0.51,0.183,2.78,6,248,10,1,1,1,1,0,0,27.021,0.222,2.297,5,2.337,0.077,0
18,12,15,5,6.6,15,12,3,57.464,0.848,0.209,4.063,8,248,10,1,1,1,1,0,0,19.457,0.617,1.376,7,2.301,0.077,0
18,13,24,7,6.4,24,16,8,96.92,0.91,0.165,5.513,12,248,11,1,1,1,1,0,0,49.937,0.32,2.841,8,5.725,0.093,0
18,14,18,6,6.2,18,10,9,85.734,1.087,0.117,9.318,13,248,13,1,1,1,1,0,0,38.878,0.257,4.225,6,22.333,0.095,0
18,15,23,7,6,23,6,17,70.123,1.094,0.086,12.785,14,248,15,1,1,1,1,0,0,32.668,0.184,5.956,8,5.515,0.091,0
18,16,22,7,5.8,22,5,17,98.86,0.944,0.051,18.661,10,248,19,1,0.966,1,0.966,0,0,34.779,0.144,6.565,7,13.889,0.086,0
18,17,24,7,5.6,24,9,15,93.825,1.012,0.096,10.553,13,248,21,0.966,1,0.966,1,0,0,47.972,0.188,5.395,7,7.182,0.091,0
18,18,25,7,5.4,25,5,20,108.638,1.246,0.046,27.075,19,248,25,1,1,1,1,0,0,43.854,0.114,10.929,7,12.79,0.09,0
18,19,34,7,5.2,34,7,27,99.997,1.244,0.07,17.778,20,248,29,1,1,1,1,0,0,44.871,0.156,7.977,16,4.944,0.103,0
18,20,32,7,5,32,7,25,73.308,1.298,0.095,13.59,25,248,32,1,1,1,1,0,0,44.739,0.156,8.294,18,10.092,0.119,0
18,21,16,6,5,16,3,13,108.701,1.025,0.028,37.127,9,248,43,1,1,1,1,0,0,48.687,0.062,16.629,8,4.687,0.08,0
18,22,29,7,5,29,9,20,102.083,1.151,0.088,13.051,21,248,48,1,1,1,1,0,0,40.43,0.223,5.169,13,7.57,0.094,0
18,23,30,7,5,30,10,20,115.236,1.177,0.087,13.563,23,248,54,1,0.704,1,0.704,0,0,53.688,0.186,6.319,20,6.428,0.096,0
18,24,29,7,5,29,11,18,105.692,1.144,0.104,10.987,21,248,57,0.704,0.956,0.704,0.956,0,0,57.077,0.193,5.934,11,5.239,0.099,0
18,25,30,7,5,30,18,12,139.215,1.182,0.129,9.14,20,329,58,0.956,0.847,0.956,0.847,0,0,47.286,0.381,3.104,12,13.325,0.09,0
18,26,30,7,5,30,6,24,95.693,1.177,0.063,18.771,21,411,67,0.847,1,0.847,1,0,0,81.481,0.074,15.983,12,5.436,0.097,0
18,27,29,7,5,29,10,19,131.749,1.191,0.076,15.695,28,411,75,1,1,1,1,0,0,41.31,0.242,4.921,19,4.917,0.096,0
18,28,30,7,5,30,16,14,95.589,1.118,0.167,6.679,25,411,89,1,1,1,1,0,0,43.317,0.369,3.026,17,6.445,0.112,0
18,29,29,7,5,29,15,14,103.225,1.13,0.145,7.775,16,411,99,1,1,1,1,0,0,41.862,0.358,3.153,7,5.545,0.096,0
18,30,29,7,5,29,8,21,86.993,1.128,0.092,12.27,21,411,99,1,1,1,1,0,0,38.874,0.206,5.483,15,6.266,0.106,0
18,31,29,7,5,29,16,13,89.615,1.191,0.179,6.672,24,411,99,1,1,1,1,0,0,43.643,0.367,3.249,17,6.335,0.115,0
18,32,29,7,5,29,14,15,99.118,1.171,0.141,8.29,24,411,99,1,1,1,1,0,0,41.393,0.338,3.462,11,8.746,0.117,0
18,33,30,7,5,30,14,16,97.841,1.206,0.143,8.428,23,411,99,1,1,1,1,0,0,41.033,0.341,3.535,14,5.418,0.114,0
18,34,29,7,5,29,10,19,72.525,1.186,0.138,8.604,18,411,99,1,1,1,1,0,0,37.2,0.269,4.413,11,4.892,0.109,0
18,35,42,7,5,42,17,25,105.676,1.44,0.161,8.95,31,411,99,1,1,1,1,0,0,43.559,0.39,3.689,14,15.555,0.136,0
18,36,30,7,5,30,12,18,90.759,1.202,0.132,9.095,22,411,99,1,1,1,1,0,0,50.536,0.237,5.064,7,13.964,0.111,0
18,37,29,7,5,29,7,22,116.706,1.198,0.06,19.976,22,411,99,1,1,1,1,0,0,51.147,0.137,8.755,15,12.867,0.105,0
18,38,16,6,5,16,2,14,37.561,1.273,0.053,23.91,16,411,99,1,1,1,1,0,0,23.29,0.086,14.826,13,2.142,0.097,0
18,39,30,7,5,30,4,26,92.393,1.128,0.043,26.06,19,411,99,1,1,1,1,0,0,56.286,0.071,15.876,14,4.937,0.1,0
18,40,29,7,5,29,14,15,95.926,1.086,0.146,7.442,21,411,99,1,1,1,1,0,0,39.627,0.353,3.074,20,4.466,0.101,0
19,1,4,2,8.8,4,2,2,38.021,0.408,0.053,7.757,3,9,1,1,1,1,1,0,0,9.561,0.209,1.951,1,2.215,0.058,0
19,2,5,2,8.6,5,2,3,37.45,0.275,0.053,5.153,3,9,4,1,1,1,1,0,0,11.596,0.172,1.596,3,4.084,0.059,0
19,3,6,2,8.4,6,2,4,61.625,0.331,0.032,10.199,4,24,4,1,1,1,1,0,0,32.933,0.061,5.451,3,4.587,0.062,0
19,4,7,3,8.2,7,5,2,32.609,0.389,0.153,2.535,5,24,6,1,1,1,1,0,0,32.523,0.154,2.528,3,5.792,0.072,0
19,5,8,3,8,8,4,4,28.819,0.44,0.139,3.168,6,106,8,1,1,1,1,0,0,20.554,0.195,2.26,5,0.666,0.079,0
19,6,9,3,7.8,9,4,5,83.578,0.537,0.048,11.22,8,186,9,1,1,1,1,0,0,18.437,0.217,2.475,5,1.416,0.064,0
19,7,11,4,7.6,11,4,7,50.192,0.616,0.08,7.731,9,122,11,1,1,1,1,0,0,13.209,0.303,2.035,5,4.465,0.074,0
19,8,13,5,7.4,13,2,11,40.198,0.767,0.05,15.41,11,86,13,1,1,1,1,0,0,26.417,0.076,10.127,6,2.255,0.069,0
19,9,8,3,7.2,8,2,6,53.601,0.495,0.037,13.254,5,137,6,1,1,1,1,0,0,13.153,0.152,3.253,4,1.253,0.059,0
19,10,18,6,7,18,2,16,65.782,1.004,0.03,33.031,16,137,7,1,1,1,1,0,0,21.638,0.092,10.865,7,7.885,0.073,0
19,11,20,7,6.8,20,3,17,58.467,1.065,0.051,20.754,15,156,10,1,1,1,1,0,0,23.951,0.125,8.502,6,4.043,0.086,0
19,12,22,7,6.6,22,5,17,64.027,0.812,0.078,10.396,16,176,20,1,1,1,1,0,0,44.481,0.112,7.222,7,9.448,0.103,0
19,13,34,7,6.4,34,7,27,88.356,1.096,0.079,13.835,21,176,23,1,0.77,1,0.77,0,0,52.128,0.134,8.162,9,4.717,0.11,0
19,14,29,7,6.2,29,3,26,77.575,0.995,0.039,25.734,23,176,26,0.77,0.911,0.77,0.911,0,0,53.378,0.056,17.707,11,8.911,0.101,0
19,15,32,7,6,32,20,12,73.481,1.089,0.272,4,23,176,31,0.911,1,0.911,1,0,0,49.874,0.401,2.715,17,4.048,0.114,0
19,16,33,7,5.8,33,8,25,89.178,1.074,0.09,11.975,26,206,22,1,0.667,1,0.667,0,0,42.988,0.186,5.773,8,13.588,0.142,0
19,17,19,7,5.6,19,3,16,71.633,1.062,0.042,25.353,17,225,28,0.667,0.831,0.667,0.831,0,0,34.572,0.087,12.236,9,4.411,0.121,0
19,18,35,7,5.4,35,7,28,82.479,1.201,0.085,14.147,29,243,37,0.831,1,0.831,1,0,0,54.35,0.129,9.322,26,4.558,0.159,0
19,19,48,7,5.2,48,15,33,77.875,1.266,0.193,6.573,35,243,42,1,1,1,1,0,0,60.761,0.247,5.129,18,4.35,0.179,0
19,20,36,7,5,36,10,26,102.008,1.11,0.098,11.322,28,243,46,1,1,1,1,0,0,60.041,0.167,6.664,19,4.59,0.142,0
19,21,36,7,5,36,9,27,108.831,1.11,0.083,13.418,30,243,50,1,1,1,1,0,0,93.439,0.096,11.52,19,3.768,0.136,0
19,22,20,7,5,20,7,13,53.296,1.173,0.131,8.932,13,259,62,1,1,1,1,0,0,49.725,0.141,8.334,6,3.658,0.154,0
19,23,36,7,5,36,16,20,107.195,0.983,0.149,6.587,26,259,72,1,1,1,1,0,0,56.761,0.282,3.488,15,2.023,0.168,0
19,24,36,7,5,36,6,30,79.811,1.093,0.075,14.544,27,259,82,1,1,1,1,0,0,54.898,0.109,10.004,13,4.56,0.176,0
19,25,39,7,5,39,12,27,147.241,1.133,0.081,13.897,30,275,92,1,1,1,1,0,0,81.853,0.147,7.726,23,6.875,0.13,0
19,26,59,7,5,59,15,44,127.076,1.186,0.118,10.046,41,344,113,1,1,1,1,0,0,83.65,0.179,6.613,34,7.286,0.161,0
19,27,38,7,5,38,13,25,103.946,1.029,0.125,8.23,18,443,77,1,1,1,1,0,0,64.112,0.203,5.076,14,3.552,0.208,0
19,28,41,7,5,41,19,24,140.054,1.069,0.136,7.883,17,480,44,1,1,1,1,0,0,69.691,0.273,3.923,14,5.981,0.226,0
19,29,42,7,5,42,21,22,118.159,1.11,0.178,6.246,15,480,44,1,1,1,1,0,0,58.204,0.361,3.077,12,5.316,0.229,0
19,30,67,7,5,67,37,31,134.513,1.057,0.275,3.842,37,480,44,1,1,1,1,0,0,89.753,0.412,2.564,24,11.068,0.267,0
19,31,42,7,5,42,27,17,97.712,1.082,0.276,3.916,15,480,44,1,1,1,1,0,0,65.789,0.41,2.637,7,3.074,0.244,0
19,32,42,7,5,42,22,20,98.86,1.201,0.223,5.397,21,480,44,1,1,1,1,0,0,70.256,0.313,3.835,15,1.594,0.254,0
19,33,79,7,5,79,31,52,193.351,1.211,0.16,7.556,49,480,44,1,1,1,1,0,0,109.737,0.282,4.288,33,13.666,0.289,0
19,34,42,7,5,42,22,20,111.432,1.238,0.197,6.269,28,480,44,1,1,1,1,0,0,75.81,0.29,4.265,21,4.317,0.247,0
19,35,54,7,5,54,32,25,124.072,1.058,0.258,4.101,27,480,44,1,1,1,1,0,0,83.992,0.381,2.776,20,7.702,0.253,0
19,36,54,7,5,54,26,30,103.161,1.035,0.252,4.105,21,480,44,1,1,1,1,0,0,74.521,0.349,2.966,15,2.128,0.253,0
19,37,42,7,5,42,25,21,108.328,1.138,0.231,4.93,21,480,44,1,1,1,1,0,0,74.501,0.336,3.391,11,2.598,0.255,0
19,38,42,7,5,42,27,15,81.559,1.087,0.331,3.283,18,480,44,1,1,1,1,0,0,67.27,0.401,2.708,10,1.582,0.278,0
19,39,23,7,5,23,11,13,27.557,1.051,0.399,2.634,9,480,44,1,1,1,1,0,0,24.931,0.441,2.383,7,0.717,0.267,0
19,40,46,7,5,46,13,33,164.669,1.094,0.079,13.856,24,480,44,1,1,1,1,0,0,77.188,0.168,6.495,21,4.622,0.242,0
20,1,4,2,8.8,4,4,0,18.966,0.409,0.211,1.938,3,8,1,1,1,1,1,0,0,13.692,0.292,1.399,2,2.858,0.066,0
20,2,5,2,8.6,5,3,2,29.808,0.274,0.101,2.726,3,8,2,1,1,1,1,0,0,21.921,0.137,2.004,2,3.734,0.068,0
20,3,6,2,8.4,6,6,0,52.234,0.33,0.115,2.869,4,23,4,1,1,1,1,0,0,48.232,0.124,2.649,4,0.923,0.07,0
20,4,7,3,8.2,7,7,0,28.591,0.388,0.245,1.585,5,23,5,1,1,1,1,0,0,23.996,0.292,1.33,5,1.937,0.078,0
20,5,8,3,8,8,6,2,30.7,0.44,0.195,2.251,6,105,6,1,1,1,1,0,0,25.732,0.233,1.886,5,0.904,0.082,0
20,6,14,5,7.8,14,9,5,42.141,0.805,0.214,3.771,11,41,7,1,1,1,1,0,0,21.969,0.41,1.966,5,5.086,0.09,0
20,7,11,4,7.6,11,7,4,51.994,0.657,0.135,4.876,7,121,9,1,1,1,1,0,0,20.164,0.347,1.891,5,2.814,0.079,0
20,8,12,4,7.4,12,10,2,21.737,0.652,0.46,1.418,6,199,11,1,1,1,1,0,0,21.276,0.47,1.388,6,0.43,0.093,0
20,9,13,5,7.2,13,10,3,45.131,0.811,0.222,3.658,9,84,12,1,1,1,1,0,0,30.824,0.324,2.498,6,2.208,0.071,0
20,10,19,7,7,19,7,12,49.654,0.984,0.141,6.98,16,107,9,1,1,1,1,0,0,38.476,0.182,5.409,15,4.877,0.089,0
20,11,27,7,6.8,27,6,21,97.564,1.065,0.061,17.32,19,146,10,1,1,1,1,0,0,44.006,0.136,7.812,9,9.752,0.084,0
20,12,20,7,6.6,20,11,9,73.247,1.078,0.15,7.18,17,173,35,1,1,1,1,0,0,23.453,0.469,2.299,14,3.022,0.083,0
20,13,23,7,6.4,23,13,10,51.274,0.939,0.254,3.702,19,173,59,1,1,1,1,0,0,34.567,0.376,2.496,7,9.054,0.098,0
20,14,24,7,6.2,24,15,9,73.904,1.044,0.203,5.145,19,173,83,1,1,1,1,0,0,43.79,0.343,3.049,13,8.583,0.099,0
20,15,20,7,6,20,12,8,52.353,1.055,0.229,4.602,11,190,80,1,1,1,1,0,0,22.489,0.534,1.977,8,1.255,0.098,0
20,16,27,7,5.8,27,11,16,82.748,1.049,0.133,7.892,11,190,80,1,1,1,1,0,0,54.418,0.202,5.19,7,0.92,0.097,0
20,17,29,7,5.6,29,16,13,126.062,0.911,0.127,7.178,17,233,45,1,1,1,1,0,0,41.557,0.385,2.366,9,1.475,0.128,0
20,18,31,7,5.4,31,13,18,115.529,0.991,0.113,8.803,11,233,45,1,1,1,1,0,0,40.081,0.324,3.054,7,4.642,0.129,0
20,19,32,7,5.2,32,19,13,28.957,1.053,0.656,1.605,8,248,25,1,1,1,1,0,0,26.326,0.722,1.459,8,0.477,0.144,0
20,20,34,7,5,34,17,17,98.136,1.103,0.173,6.368,16,248,25,1,1,1,1,0,0,68.124,0.25,4.421,13,2.446,0.149,0
20,21,36,7,5,36,23,13,85.333,1,0.27,3.711,19,248,25,1,1,1,1,0,0,49.442,0.465,2.15,11,4.106,0.146,0
20,22,36,7,5,36,7,29,106.562,1.044,0.066,15.888,30,262,22,1,0.749,1,0.749,0,0,73.63,0.095,10.978,27,13.087,0.176,0
20,23,36,7,5,36,4,32,133.685,1.115,0.03,37.275,29,262,22,0.749,0.639,0.749,0.639,0,0,69.449,0.058,19.364,16,6.079,0.162,0
20,24,58,7,5,58,3,55,163.562,1.185,0.018,64.612,49,262,22,0.639,0.425,0.639,0.425,0,0,91.912,0.033,36.308,29,14.189,0.174,0
20,25,36,7,5,36,4,32,92.071,0.985,0.043,22.674,19,307,24,0.425,0.57,0.425,0.57,0,0,80.889,0.049,19.92,11,6.63,0.162,0
20,26,37,7,5,37,5,32,124.064,1.131,0.04,28.057,30,371,25,0.57,0.724,0.57,0.724,0,0,68.274,0.073,15.44,20,5.022,0.149,0
20,27,39,7,5,39,7,32,148.719,1.121,0.047,23.825,29,451,27,0.724,0.895,0.724,0.895,0,0,75.082,0.093,12.028,17,2.209,0.158,0
20,28,41,7,5,41,12,29,191.695,1.221,0.063,19.509,38,488,51,0.895,1,0.895,1,0,0,71.027,0.169,7.229,23,15.715,0.195,0
20,29,42,7,5,42,15,27,191.27,1.171,0.078,14.936,33,488,75,1,1,1,1,0,0,89.575,0.167,6.995,16,7.483,0.185,0
20,30,42,7,5,42,17,25,191.328,1.207,0.089,13.581,35,488,108,1,1,1,1,0,0,92.049,0.185,6.534,21,9.338,0.22,0
20,31,23,7,5,23,7,16,134.876,1.015,0.052,19.56,19,488,108,1,1,1,1,0,0,60.258,0.116,8.739,5,7.634,0.201,0
20,32,42,7,5,42,8,34,191.163,1.163,0.042,27.794,38,488,108,1,1,1,1,0,0,82.452,0.097,11.988,21,17.762,0.246,0
20,33,42,7,5,42,16,26,193.586,1.131,0.083,13.685,40,488,108,1,1,1,1,0,0,91.16,0.176,6.444,33,6.393,0.219,0
20,34,42,7,5,42,12,30,192.926,1.239,0.062,19.916,40,488,108,1,1,1,1,0,0,79.187,0.152,8.174,22,14.939,0.226,0
20,35,42,7,5,42,12,30,189.996,1.135,0.063,17.968,32,488,108,1,1,1,1,0,0,91.172,0.132,8.622,19,12.4,0.235,0
20,36,42,7,5,42,17,25,191.827,1.142,0.089,12.883,36,488,108,1,1,1,1,0,0,98.122,0.173,6.59,29,7.22,0.218,0
20,37,23,7,5,23,10,13,98.902,1.007,0.101,9.956,19,488,108,1,1,1,1,0,0,60.622,0.165,6.102,9,16.804,0.222,0
20,38,42,7,5,42,5,37,194.993,1.238,0.026,48.298,41,488,108,1,1,1,1,0,0,79.82,0.063,19.771,39,6.606,0.248,0
20,39,42,7,5,42,5,37,158.604,1.166,0.032,36.978,37,488,108,1,1,1,1,0,0,89.838,0.056,20.945,19,8.458,0.236,0
20,40,42,7,5,42,15,27,121.202,1.177,0.124,9.511,34,488,108,1,1,1,1,0,0,88.519,0.169,6.946,27,8.078,0.24,0
21,1,4,2,8.8,4,4,0,22.948,0.409,0.174,2.346,3,8,1,1,1,1,1,0,0,16.837,0.238,1.721,2,2.788,0.064,0
21,2,5,2,8.6,5,4,1,29.847,0.275,0.134,2.053,2,8,5,1,1,1,1,0,0,7.544,0.53,0.519,1,8.594,0.06,0
21,3,6,2,8.4,6,6,0,31.401,0.331,0.191,1.733,3,8,8,1,1,1,1,0,0,23.003,0.261,1.27,3,3.886,0.066,0
21,4,7,3,8.2,7,7,0,23.563,0.386,0.297,1.3,3,8,8,1,1,1,1,0,0,15.483,0.452,0.854,3,2.267,0.071,0
21,5,12,4,8,12,10,2,24.822,0.609,0.403,1.512,6,8,8,1,1,1,1,0,0,22.847,0.438,1.392,6,0.841,0.084,0
21,6,9,3,7.8,9,7,2,30.766,0.499,0.228,2.195,6,8,8,1,1,1,1,0,0,30.138,0.232,2.15,6,0.616,0.082,0
21,7,10,4,7.6,10,9,1,22.917,0.555,0.393,1.413,9,8,8,1,1,1,1,0,0,17.458,0.516,1.077,8,2.987,0.093,0
21,8,11,4,7.4,11,9,2,27.55,0.613,0.327,1.876,8,8,8,1,1,1,1,0,0,21.688,0.415,1.477,8,2.36,0.089,0
21,9,12,4,7.2,12,12,0,16.101,0.672,0.745,0.902,6,8,8,1,1,1,1,0,0,14.883,0.806,0.834,6,0.421,0.076,0
21,10,17,6,7,17,16,1,26.371,0.883,0.607,1.455,10,8,8,1,1,1,1,0,0,25.665,0.623,1.416,9,2.174,0.098,0
21,11,14,5,6.8,14,10,4,28.131,0.79,0.355,2.222,12,8,8,1,1,1,1,0,0,24.721,0.405,1.953,12,1.513,0.101,0
21,12,15,5,6.6,15,13,2,23.096,0.844,0.563,1.499,9,8,8,1,1,1,1,0,0,22.16,0.587,1.439,8,2.501,0.097,0
21,13,16,6,6.4,16,11,5,43.693,0.907,0.252,3.602,16,8,8,1,1,1,1,0,0,33.838,0.325,2.789,14,3.455,0.108,0
21,14,32,7,6.2,32,24,8,47.566,0.93,0.505,1.843,11,8,8,1,1,1,1,0,0,43.629,0.55,1.69,11,1.521,0.107,0
21,15,19,7,6,19,14,5,33.459,1.058,0.418,2.528,12,8,8,1,1,1,1,0,0,32.85,0.426,2.482,10,1.976,0.109,0
21,16,22,7,5.8,22,18,4,44.195,0.916,0.407,2.25,13,8,8,1,1,1,1,0,0,43.783,0.411,2.229,11,1.597,0.108,0
21,17,31,7,5.6,31,25,6,47.537,0.975,0.526,1.853,18,8,8,1,1,1,1,0,0,42.518,0.588,1.658,17,0.991,0.109,0
21,18,37,7,5.4,37,9,28,46.237,0.971,0.195,4.986,21,8,8,1,0.737,1,0.737,0,0,41.627,0.216,4.489,17,1.552,0.1,0
21,19,25,7,5.2,25,7,18,28.441,1.077,0.246,4.374,17,8,8,0.737,0.337,0.737,0.337,0,0,26.456,0.265,4.069,15,2.414,0.118,0
21,20,29,7,5,29,15,14,32.156,0.995,0.466,2.133,19,8,8,0.337,0.307,0.337,0.307,0,1,28.949,0.518,1.92,13,2.279,0.115,1
21,21,43,7,5,43,24,19,54.719,0.992,0.439,2.262,20,8,8,0.307,0.323,0.307,0.323,0,1,49.44,0.485,2.044,19,1.809,0.112,2
21,22,29,7,5,29,9,20,32.214,1.007,0.279,3.603,18,8,8,0.323,0.224,0.323,0.224,0,1,31.449,0.286,3.518,17,1.493,0.122,3
21,23,31,7,5,31,22,9,38.185,1.039,0.576,1.803,10,8,8,0.224,0.384,0.224,0.384,0,1,35.312,0.623,1.667,9,1.198,0.116,4
21,24,31,7,5,31,7,24,31.701,1.053,0.221,4.77,13,8,8,0.384,0.574,0.384,0.574,0,0,31.121,0.225,4.683,13,0.811,0.109,3.75
21,25,32,7,5,32,10,22,32.941,1.057,0.304,3.483,17,8,8,0.574,0.475,0.574,0.475,0,0,29.745,0.336,3.146,16,2.436,0.114,3.5
21,26,47,7,5,47,26,21,45.625,1.052,0.57,1.846,13,8,8,0.475,0.321,0.475,0.321,0,1,43.402,0.599,1.756,12,1.498,0.115,4.5
22,1,4,2,8.8,4,2,2,21.965,0.409,0.091,4.494,3,8,1,1,1,1,1,0,0,12.455,0.161,2.548,2,4.091,0.065,0
22,2,5,2,8.6,5,3,2,30.877,0.274,0.097,2.824,3,8,2,1,1,1,1,0,0,20.28,0.148,1.855,2,4.96,0.064,0
22,3,6,2,8.4,6,3,3,38.404,0.331,0.078,4.234,5,8,5,1,0.829,1,0.829,0,0,31.688,0.095,3.494,3,4.03,0.072,0
22,4,7,3,8.2,7,7,0,23.477,0.391,0.298,1.31,3,21,2,0.829,1,0.829,1,0,0,23.202,0.302,1.295,3,0.222,0.073,0
22,5,8,3,8,8,7,1,26.238,0.444,0.267,1.664,4,21,4,1,1,1,1,0,0,26.158,0.268,1.659,4,0.226,0.079,0
22,6,9,3,7.8,9,7,2,30.103,0.494,0.233,2.125,5,21,7,1,1,1,1,0,0,29.635,0.236,2.092,5,0.516,0.083,0
22,7,10,4,7.6,10,9,1,29.348,0.535,0.307,1.746,4,39,1,1,1,1,1,0,0,29.101,0.309,1.731,4,0.454,0.08,0
22,8,12,4,7.4,12,10,2,30.536,0.654,0.327,1.998,9,39,2,1,1,1,1,0,0,25.393,0.394,1.661,7,0.465,0.097,0
22,9,13,5,7.2,13,11,2,20.446,0.716,0.538,1.331,7,39,3,1,1,1,1,0,0,16.331,0.674,1.063,6,0.414,0.089,0
22,10,14,5,7,14,12,2,28.34,0.771,0.423,1.821,6,39,4,1,1,1,1,0,0,23.041,0.521,1.481,6,0.462,0.091,0
22,11,15,5,6.8,15,10,5,25.784,0.831,0.388,2.143,10,39,5,1,1,1,1,0,0,20.506,0.488,1.704,7,2.75,0.1,0
22,12,16,6,6.6,16,9,7,103.267,0.851,0.087,9.764,16,64,2,1,1,1,1,0,0,31.486,0.286,2.977,4,10.954,0.09,0
22,13,17,6,6.4,17,10,7,57.736,0.907,0.173,5.236,11,82,4,1,1,1,1,0,0,27.2,0.368,2.467,7,0.751,0.091,0
22,14,20,7,6.2,20,17,3,49.224,1.073,0.345,3.107,10,82,6,1,1,1,1,0,0,37.097,0.458,2.342,7,8.519,0.111,0
22,15,21,7,6,21,13,8,59.441,1.118,0.219,5.11,18,82,8,1,0.81,1,0.81,0,0,39.574,0.329,3.402,8,4.866,0.118,0
22,16,22,7,5.8,22,11,11,45.475,0.906,0.242,3.744,15,82,10,0.81,0.848,0.81,0.848,0,0,31.901,0.345,2.627,7,5.644,0.116,0
22,17,24,7,5.6,24,19,5,55.418,0.984,0.343,2.871,13,82,12,0.848,1,0.848,1,0,0,42.904,0.443,2.223,8,2.155,0.103,0
22,18,24,7,5.4,24,18,6,66.649,0.998,0.27,3.697,17,82,16,1,0.972,1,0.972,0,0,42.839,0.42,2.376,7,5.09,0.119,0
22,19,13,5,5.2,13,8,5,49.053,0.911,0.163,5.584,8,82,16,0.972,1,0.972,1,0,0,29.482,0.271,3.356,5,3.732,0.089,0
22,20,28,7,5,28,16,12,62.946,1.177,0.254,4.629,12,82,16,1,1,1,1,0,0,40.968,0.391,3.013,9,0.861,0.107,0
22,21,25,7,5,25,15,10,57.74,1.105,0.26,4.252,15,82,16,1,0.9,1,0.9,0,0,41.712,0.36,3.072,8,4.071,0.103,0
22,22,42,7,5,42,11,31,63.646,1.106,0.173,6.401,35,82,16,0.9,0.741,0.9,0.741,0,0,40.513,0.272,4.075,12,10.044,0.139,0
22,23,28,7,5,28,2,26,59.172,1.178,0.034,34.842,19,82,16,0.741,0.703,0.741,0.703,0,0,45.172,0.044,26.599,6,14.538,0.128,0
22,24,32,7,5,32,10,22,64.284,1.078,0.156,6.931,20,82,16,0.703,0.808,0.703,0.808,0,0,45.681,0.219,4.925,8,6.049,0.124,0
22,25,35,7,5,35,15,20,75.325,1.115,0.199,5.599,24,82,16,0.808,0.792,0.808,0.792,0,0,48.976,0.306,3.64,9,4.271,0.112,0
22,26,33,7,5,33,13,20,57.913,1.069,0.224,4.761,21,82,16,0.792,0.816,0.792,0.816,0,0,44.935,0.289,3.694,9,6.232,0.128,0
22,27,35,7,5,35,12,23,56.576,1.11,0.212,5.232,26,82,16,0.816,0.736,0.816,0.736,0,0,45.38,0.264,4.197,12,3.864,0.132,0
22,28,35,7,5,35,10,25,65.015,1.109,0.154,7.212,21,82,16,0.736,0.757,0.736,0.757,0,0,46.015,0.217,5.104,10,4.656,0.119,0
22,29,35,7,5,35,12,23,66.724,1.141,0.18,6.345,27,82,16,0.757,0.74,0.757,0.74,0,0,49.217,0.244,4.68,11,7.4,0.144,0
22,30,35,7,5,35,15,20,77.638,1.12,0.193,5.795,13,82,16,0.74,0.662,0.74,0.662,0,0,57.279,0.262,4.276,9,0.767,0.1,0
22,31,35,7,5,35,10,25,53.562,1.118,0.187,5.987,20,82,16,0.662,0.761,0.662,0.761,0,0,37.141,0.269,4.151,12,7.761,0.124,0
22,32,35,7,5,35,12,23,73.83,1.125,0.163,6.919,25,82,16,0.761,0.738,0.761,0.738,0,0,52.698,0.228,4.939,8,7.189,0.11,0
22,33,35,7,5,35,14,21,72.959,1.12,0.192,5.838,27,82,16,0.738,0.757,0.738,0.757,0,0,48.422,0.289,3.875,10,6.92,0.121,0
22,34,36,7,5,36,7,29,49.862,1.007,0.14,7.171,21,82,16,0.757,0.736,0.757,0.736,0,0,45.735,0.153,6.578,7,3.544,0.122,0
22,35,41,7,5,41,13,28,56.354,1.086,0.231,4.709,35,82,16,0.736,0.816,0.736,0.816,0,0,45.014,0.289,3.762,11,3.581,0.135,0
22,36,37,7,5,37,18,19,62.329,1.016,0.289,3.518,27,82,16,0.816,0.748,0.816,0.748,0,0,52.092,0.346,2.941,10,7.618,0.133,0
22,37,37,7,5,37,10,27,74.794,1.022,0.134,7.642,27,82,16,0.748,0.744,0.748,0.744,0,0,55.817,0.179,5.703,11,5.068,0.123,0
22,38,48,7,5,48,20,28,92.045,1.073,0.217,4.938,21,82,16,0.744,0.267,0.744,0.267,0,1,51.775,0.386,2.778,11,8.949,0.116,1
23,1,4,2,8.8,4,0,4,40.471,0.409,0,-1,3,10,1,1,1,1,1,0,0,12.583,0,-1,2,5.136,0.061,0
23,2,5,2,8.6,5,3,2,24.954,0.275,0.12,2.286,3,10,3,1,1,1,1,0,0,16.853,0.178,1.544,2,1.38,0.062,0
23,3,6,2,8.4,6,3,3,39.938,0.33,0.075,4.4,4,10,5,1,1,1,1,0,0,38.329,0.078,4.222,4,2.688,0.069,0
23,4,7,3,8.2,7,5,2,35.41,0.387,0.141,2.742,5,10,7,1,1,1,1,0,0,34.939,0.143,2.706,5,1.146,0.073,0
23,5,8,3,8,8,7,1,24.251,0.443,0.289,1.534,6,10,9,1,1,1,1,0,0,23.557,0.297,1.49,5,3.472,0.088,0
23,6,14,5,7.8,14,13,1,31.706,0.707,0.41,1.725,9,172,10,1,1,1,1,0,0,29.551,0.44,1.608,7,4.134,0.095,0
23,7,10,4,7.6,10,6,4,55.378,0.556,0.108,5.129,7,172,10,1,1,1,1,0,0,37.153,0.161,3.441,7,2.721,0.096,0
23,8,11,4,7.4,11,9,2,28.259,0.61,0.318,1.917,7,172,11,1,1,1,1,0,0,27.877,0.323,1.891,7,2.143,0.105,0
23,9,12,4,7.2,12,11,1,28.572,0.674,0.385,1.751,9,172,11,1,1,1,1,0,0,28.461,0.386,1.744,9,1.971,0.108,0
23,10,13,5,7,13,10,3,33.751,0.73,0.296,2.464,11,256,11,1,1,1,1,0,0,33.477,0.299,2.444,10,3.363,0.114,0
23,11,14,5,6.8,14,6,8,83.165,0.791,0.072,10.957,13,256,11,1,1,1,1,0,0,58.424,0.103,7.698,13,2.483,0.091,0
23,12,23,7,6.6,23,17,6,71.81,0.924,0.237,3.905,14,256,15,1,1,1,1,0,0,41.693,0.408,2.267,13,1.735,0.108,0
23,13,17,6,6.4,17,12,5,26.776,0.945,0.448,2.109,11,256,16,1,1,1,1,0,0,26.304,0.456,2.072,9,1.57,0.119,0
23,14,18,6,6.2,18,13,5,60.622,1.019,0.214,4.75,16,256,19,1,1,1,1,0,0,42.738,0.304,3.349,15,2.673,0.112,0
23,15,19,7,6,19,7,12,77.669,1.053,0.09,11.678,17,256,20,1,1,1,1,0,0,39.86,0.176,5.993,14,3.394,0.121,0
23,16,21,7,5.8,21,11,10,115.163,1.131,0.096,11.843,20,256,22,1,1,1,1,0,0,61.357,0.179,6.31,13,16.209,0.125,0
23,17,20,7,5.6,20,11,9,78.285,1.16,0.141,8.254,17,256,25,1,1,1,1,0,0,47.771,0.23,5.037,13,3.484,0.121,0
23,18,23,7,5.4,23,13,10,61.816,0.967,0.21,4.597,14,256,31,1,1,1,1,0,0,49.318,0.264,3.667,13,3.007,0.135,0
23,19,23,7,5.2,23,10,13,69.483,1.033,0.144,7.177,15,256,33,1,1,1,1,0,0,46.568,0.215,4.81,13,3.674,0.137,0
23,20,28,7,5,28,14,14,78.121,1.277,0.179,7.126,26,256,37,1,1,1,1,0,0,59.294,0.236,5.408,14,5.941,0.157,0
23,21,25,7,5,25,10,15,76.325,1.113,0.131,8.492,20,256,40,1,1,1,1,0,0,73.868,0.135,8.219,16,3.551,0.143,0
23,22,42,7,5,42,18,24,128.142,1.285,0.14,9.145,32,256,48,1,1,1,1,0,0,76.399,0.236,5.452,31,3.576,0.137,0
23,23,28,7,5,28,12,16,104.768,1.238,0.115,10.809,23,256,54,1,1,1,1,0,0,61.149,0.196,6.309,12,4.02,0.13,0
23,24,29,7,5,29,11,18,86.859,1.093,0.127,8.63,24,256,55,1,1,1,1,0,0,61.268,0.18,6.087,20,3.052,0.161,0
23,25,30,7,5,30,10,20,77.204,1.087,0.13,8.395,24,337,63,1,1,1,1,0,0,55.095,0.182,5.991,21,3.468,0.164,0
23,26,16,6,5,16,8,8,60.292,1.02,0.133,7.684,15,421,73,1,1,1,1,0,0,44.475,0.18,5.668,14,2.382,0.144,0
23,27,29,7,5,29,13,16,82.228,1.135,0.158,7.182,24,421,81,1,1,1,1,0,0,57.423,0.226,5.015,21,4.789,0.157,0
23,28,30,7,5,30,16,17,87.886,1.085,0.182,5.96,22,421,100,1,1,1,1,0,0,65.275,0.245,4.427,12,4.648,0.152,0
23,29,29,7,5,29,13,19,68.915,1.099,0.189,5.827,18,421,100,1,1,1,1,0,0,56.454,0.23,4.773,13,2.841,0.148,0
23,30,29,7,5,29,17,12,133.047,1.056,0.128,8.266,26,421,100,1,1,1,1,0,0,61.127,0.278,3.798,24,3.488,0.139,0
23,31,42,7,5,42,24,23,94.005,1.147,0.255,4.491,23,421,100,1,1,1,1,0,0,66.118,0.363,3.159,19,2.61,0.169,0
23,32,32,7,5,32,12,20,73.508,1.173,0.163,7.184,20,421,100,1,1,1,1,0,0,55.312,0.217,5.406,18,2.655,0.16,0
23,33,31,7,5,31,13,18,120.836,1.144,0.108,10.631,23,421,100,1,1,1,1,0,0,61.811,0.21,5.438,19,4.284,0.142,0
23,34,32,7,5,32,16,17,93.984,1.164,0.17,6.84,22,421,100,1,1,1,1,0,0,60.659,0.264,4.414,19,2.058,0.156,0
23,35,36,7,5,36,17,20,73.578,1.151,0.231,4.98,24,421,100,1,1,1,1,0,0,53.454,0.318,3.618,14,4.762,0.177,0
23,36,17,6,5,17,8,9,60.794,1.093,0.132,8.309,15,421,100,1,1,1,1,0,0,55.883,0.143,7.638,14,1.96,0.145,0
23,37,43,7,5,43,23,21,76.093,1.126,0.302,3.724,23,421,100,1,1,1,1,0,0,57.194,0.402,2.799,17,7.209,0.184,0
23,38,31,7,5,31,20,11,124.78,1.14,0.16,7.112,30,421,100,1,1,1,1,0,0,65.871,0.304,3.755,15,8.58,0.15,0
23,39,18,6,5,18,11,7,54.74,1.168,0.201,5.81,16,421,100,1,1,1,1,0,0,51.323,0.214,5.447,14,1.442,0.158,0
23,40,31,7,5,31,9,22,69.694,1.144,0.129,8.858,24,421,100,1,1,1,1,0,0,43.783,0.206,5.565,14,2.747,0.163,0
24,1,4,2,8.8,4,3,1,18.799,0.407,0.16,2.553,2,6,1,1,1,1,1,0,0,13.508,0.222,1.835,1,1.854,0.063,0
24,2,5,2,8.6,5,4,1,24.45,0.275,0.164,1.681,4,6,4,1,1,1,1,0,0,19.667,0.203,1.352,2,1.856,0.063,0
24,3,6,2,8.4,6,4,2,29.913,0.33,0.134,2.468,4,6,6,1,1,1,1,0,0,25.829,0.155,2.131,3,1.225,0.07,0
24,4,7,3,8.2,7,6,1,29.186,0.388,0.206,1.887,4,6,6,1,1,1,1,0,0,27.593,0.217,1.784,4,0.922,0.077,0
24,5,8,3,8,8,6,2,46.381,0.449,0.129,3.467,6,90,7,1,1,1,1,0,0,15.272,0.393,1.142,4,12.398,0.088,0
24,6,14,5,7.8,14,10,4,67.396,0.771,0.148,5.199,10,187,4,1,1,1,1,0,0,34.008,0.294,2.623,5,5.382,0.087,0
24,7,10,4,7.6,10,3,7,22.916,0.546,0.131,4.17,5,65,4,1,1,1,1,0,0,19.626,0.153,3.571,4,0.631,0.077,0
24,8,12,4,7.4,12,5,7,31.793,0.74,0.157,4.705,8,65,5,1,1,1,1,0,0,19.117,0.262,2.829,3,3.074,0.081,0
24,9,14,5,7.2,14,7,7,37.397,0.848,0.187,4.529,10,65,7,1,1,1,1,0,0,27.216,0.257,3.296,5,3.43,0.087,0
24,10,15,5,7,15,5,10,50.689,0.95,0.099,9.631,15,65,8,1,0.942,1,0.942,0,0,24.581,0.203,4.67,6,6.023,0.086,0
24,11,27,7,6.8,27,7,20,72.395,1.047,0.097,10.833,20,120,4,0.942,0.963,0.942,0.963,0,0,29.779,0.235,4.456,9,3.663,0.093,0
24,12,27,7,6.6,27,2,25,66.871,1.01,0.03,33.784,22,144,4,0.963,1,0.963,1,0,0,14.259,0.14,7.204,9,8.151,0.107,0
24,13,24,7,6.4,24,4,20,63.394,0.921,0.063,14.592,14,144,6,1,1,1,1,0,0,19.612,0.204,4.514,7,5.373,0.091,0
24,14,26,7,6.2,26,11,15,61.384,1.039,0.179,5.795,14,144,9,1,1,1,1,0,0,27.228,0.404,2.571,7,2.758,0.093,0
24,15,29,7,6,29,5,24,79.121,0.935,0.063,14.798,22,167,10,1,0.845,1,0.845,0,0,45.911,0.109,8.587,8,7.456,0.1,0
24,16,32,7,5.8,32,7,25,84.275,1.018,0.083,12.255,21,167,13,0.845,0.663,0.845,0.663,0,0,46.598,0.15,6.776,8,9.59,0.094,0
24,17,44,7,5.6,44,6,39,83.344,1.069,0.072,14.85,26,187,17,0.663,0.741,0.663,0.741,0,0,49.205,0.122,8.767,20,5.422,0.122,0
24,18,33,7,5.4,33,6,28,91.58,1.058,0.066,16.149,22,207,20,0.741,0.637,0.741,0.637,0,0,57.337,0.105,10.111,13,3.653,0.098,0
24,19,47,7,5.2,47,15,33,94.918,1.068,0.158,6.761,22,207,26,0.637,0.864,0.637,0.864,0,0,35.41,0.424,2.522,17,6.805,0.097,0
24,20,35,7,5,35,9,27,55.719,1.109,0.162,6.863,18,227,37,0.864,1,0.864,1,0,0,42.089,0.214,5.184,9,6.092,0.111,0
24,21,35,7,5,35,10,28,64.351,1.273,0.155,8.19,20,227,43,1,1,1,1,0,0,34.74,0.288,4.421,12,2.437,0.104,0
24,22,35,7,5,35,11,25,97.352,1.113,0.113,9.852,23,227,54,1,1,1,1,0,0,57.252,0.192,5.794,8,3.859,0.101,0
24,23,35,7,5,35,5,30,87.687,1.178,0.057,20.664,27,227,67,1,1,1,1,0,0,53.217,0.094,12.541,10,2.149,0.114,0
24,24,56,7,5,56,8,50,143.803,1.169,0.056,21.017,30,227,90,1,1,1,1,0,0,64.399,0.124,9.412,19,2.381,0.103,0
24,25,35,7,5,35,4,31,123.953,1.272,0.032,39.411,29,253,120,1,1,1,1,0,0,40.636,0.098,12.92,14,6.55,0.137,0
24,26,36,7,5,36,8,28,105.085,1.045,0.076,13.725,18,309,132,1,1,1,1,0,0,39.655,0.202,5.179,9,4.465,0.167,0
24,27,37,7,5,37,11,26,91.368,0.999,0.12,8.297,18,407,67,1,1,1,1,0,0,49.794,0.221,4.522,10,4.492,0.243,0
24,28,40,7,5,40,28,12,46.983,1.051,0.596,1.763,8,493,40,1,1,1,1,0,0,42.065,0.666,1.579,8,0.684,0.296,0
24,29,42,7,5,42,17,25,133.409,1.179,0.127,9.249,28,493,46,1,1,1,1,0,0,93.151,0.182,6.458,17,4.671,0.377,0
24,30,46,7,5,46,31,15,150.087,1.003,0.207,4.854,15,493,46,1,1,1,1,0,0,74.569,0.416,2.411,9,5.551,0.341,0
24,31,42,7,5,42,28,14,116.957,1.053,0.239,4.396,19,493,46,1,1,1,1,0,0,74.746,0.375,2.81,10,4.62,0.366,0
24,32,54,7,5,54,35,19,168.869,1.013,0.207,4.887,17,493,46,1,1,1,1,0,0,84.399,0.415,2.443,12,2.307,0.357,0
24,33,23,7,5,23,18,5,54.422,1.001,0.331,3.027,13,493,46,1,1,1,1,0,0,34.693,0.519,1.93,9,1.365,0.337,0
24,34,53,7,5,53,33,20,154.877,1.017,0.213,4.774,18,493,46,1,1,1,1,0,0,82.843,0.398,2.554,14,2.775,0.397,0
24,35,45,7,5,45,36,9,96.242,0.993,0.374,2.654,15,493,46,1,1,1,1,0,0,64.155,0.561,1.769,9,1.952,0.377,0
24,36,42,7,5,42,33,9,93.555,1.05,0.353,2.977,17,493,46,1,1,1,1,0,0,75.737,0.436,2.41,13,1.662,0.376,0
24,37,23,7,5,23,12,11,111.053,1.002,0.108,9.274,10,493,46,1,1,1,1,0,0,37.816,0.317,3.158,7,2.236,0.363,0
24,38,42,7,5,42,28,14,69.072,1.028,0.405,2.536,15,493,46,1,1,1,1,0,0,60.438,0.463,2.219,12,1.837,0.382,0
24,39,41,7,5,41,29,12,94.909,1.052,0.306,3.443,14,493,46,1,1,1,1,0,0,74.981,0.387,2.72,8,2.068,0.366,0
24,40,46,7,5,46,31,15,132.101,1.005,0.235,4.284,13,493,46,1,1,1,1,0,0,75.453,0.411,2.447,9,6.566,0.379,0
25,1,4,2,8.8,4,1,3,27.25,0.407,0.037,11.095,3,6,1,1,1,1,1,0,0,11.72,0.085,4.772,2,5.962,0.067,0
25,2,5,2,8.6,5,1,4,31.837,0.275,0.031,8.741,3,6,3,1,1,1,1,0,0,14.115,0.071,3.875,3,3.396,0.066,0
25,3,6,2,8.4,6,6,0,38.199,0.33,0.157,2.102,4,28,5,1,1,1,1,0,0,37.972,0.158,2.089,4,0.368,0.073,0
25,4,7,3,8.2,7,6,1,55.282,0.388,0.109,3.576,3,110,7,1,1,1,1,0,0,22.59,0.266,1.461,3,0.933,0.075,0
25,5,13,5,8,13,12,1,30.485,0.657,0.394,1.669,8,191,9,1,1,1,1,0,0,29.145,0.412,1.596,8,1.128,0.103,0
25,6,9,3,7.8,9,6,3,35.976,0.481,0.167,2.887,6,76,2,1,1,1,1,0,0,34.146,0.176,2.74,6,0.956,0.094,0
25,7,12,4,7.6,12,5,7,32.915,0.667,0.152,4.394,9,76,4,1,1,1,1,0,0,27.8,0.18,3.711,8,1.576,0.1,0
25,8,13,5,7.4,13,9,4,26.691,0.687,0.337,2.038,8,126,4,1,1,1,1,0,0,23.152,0.389,1.768,8,1.454,0.105,0
25,9,24,7,7.2,24,7,17,151.898,0.915,0.046,19.85,21,126,5,1,1,1,1,0,0,42.405,0.165,5.542,10,3.375,0.084,0
25,10,17,6,7,17,3,14,76.155,0.94,0.039,23.857,15,149,6,1,1,1,1,0,0,41.69,0.072,13.06,10,1.398,0.085,0
25,11,19,7,6.8,19,6,13,82.187,1.001,0.073,13.715,17,164,12,1,1,1,1,0,0,34.453,0.174,5.749,11,4.265,0.102,0
25,12,22,7,6.6,22,12,10,56.909,0.88,0.211,4.173,19,181,26,1,1,1,1,0,0,37.238,0.322,2.731,9,4.171,0.114,0
25,13,31,7,6.4,31,24,7,60.566,0.935,0.396,2.358,20,181,51,1,1,1,1,0,0,47.322,0.507,1.843,13,4.274,0.131,0
25,14,36,7,6.2,36,11,25,76.13,0.963,0.144,6.664,21,205,52,1,1,1,1,0,0,51.29,0.214,4.49,15,6.482,0.154,0
25,15,32,7,6,32,11,21,70.098,1.014,0.157,6.462,25,205,60,1,1,1,1,0,0,44.095,0.249,4.065,12,6.475,0.158,0
25,16,32,7,5.8,32,7,25,87.241,1.076,0.08,13.408,23,225,52,1,1,1,1,0,0,54.174,0.129,8.326,8,13.165,0.159,0
25,17,46,7,5.6,46,14,32,108.095,1.138,0.13,8.784,28,241,34,1,0.797,1,0.797,0,0,81.663,0.171,6.636,13,6.276,0.159,0
25,18,36,7,5.4,36,12,24,68.966,0.942,0.174,5.416,15,241,34,0.797,1,0.797,1,0,0,50.262,0.239,3.947,9,1.107,0.151,0
25,19,36,7,5.2,36,24,12,72.908,1.041,0.329,3.163,14,262,38,1,1,1,1,0,0,47.853,0.502,2.076,11,0.985,0.153,0
25,20,36,7,5,36,10,26,87.926,1.054,0.114,9.263,24,262,38,1,1,1,1,0,0,62.566,0.16,6.591,16,2.497,0.168,0
25,21,36,7,5,36,12,24,73.864,1.056,0.162,6.503,18,262,38,1,1,1,1,0,0,61.521,0.195,5.416,12,1.057,0.159,0
25,22,20,7,5,20,4,16,81.271,1.204,0.049,24.453,19,262,38,1,1,1,1,0,0,63.125,0.063,18.993,10,8.142,0.158,0
25,23,36,7,5,36,2,34,106.594,1.051,0.019,56.015,31,342,40,1,1,1,1,0,0,80.886,0.025,42.505,19,7.87,0.162,0
25,24,36,7,5,36,20,16,93.767,1.122,0.213,5.259,21,313,41,1,1,1,1,0,0,56.081,0.357,3.145,12,4.346,0.146,0
25,25,37,7,5,37,4,33,88.007,1.135,0.045,24.97,24,389,63,1,1,1,1,0,0,77.591,0.052,22.015,20,3.41,0.167,0
25,26,39,7,5,39,16,23,105.04,1.06,0.152,6.957,17,468,66,1,1,1,1,0,0,66.072,0.242,4.376,11,3.208,0.209,0
25,27,41,7,5,41,28,13,103.533,1.069,0.27,3.952,15,485,58,1,1,1,1,0,0,62.428,0.449,2.383,14,5.523,0.202,0
25,28,42,7,5,42,7,35,164.947,1.199,0.042,28.247,39,485,58,1,1,1,1,0,0,57.871,0.121,9.911,35,5.681,0.207,0
25,29,54,7,5,54,30,24,115.884,1.085,0.259,4.192,22,485,58,1,1,1,1,0,0,64.274,0.467,2.325,17,3.767,0.225,0
25,30,42,7,5,42,25,17,116.246,1.085,0.215,5.043,15,485,58,1,1,1,1,0,0,56.997,0.439,2.473,9,2.537,0.199,0
25,31,42,7,5,42,33,9,93.192,1.086,0.354,3.067,18,485,58,1,1,1,1,0,0,61.446,0.537,2.022,12,2.944,0.198,0
25,32,54,7,5,54,17,37,145.115,1.205,0.117,10.285,29,485,58,1,1,1,1,0,0,68.477,0.248,4.853,25,6.337,0.229,0
25,33,42,7,5,42,24,18,47.182,1.088,0.509,2.139,12,485,58,1,1,1,1,0,0,45.666,0.526,2.071,10,1.189,0.217,0
25,34,42,7,5,42,21,21,99.62,1.171,0.211,5.554,16,485,58,1,1,1,1,0,0,65.357,0.321,3.644,13,2.372,0.201,0
25,35,42,7,5,42,27,15,99.564,1.076,0.271,3.968,20,485,58,1,1,1,1,0,0,55.025,0.491,2.193,14,1.994,0.222,0
25,36,42,7,5,42,14,28,50.145,1.088,0.279,3.898,11,485,58,1,1,1,1,0,0,48.572,0.288,3.776,11,0.945,0.25,0
25,37,42,7,5,42,15,27,127.479,1.109,0.118,9.429,26,485,58,1,1,1,1,0,0,69.315,0.216,5.127,21,2.399,0.221,0
25,38,42,7,5,42,23,19,115.549,1.083,0.199,5.441,18,485,58,1,1,1,1,0,0,75.485,0.305,3.554,13,3.66,0.206,0
25,39,23,7,5,23,16,7,38.898,1.055,0.411,2.564,15,485,58,1,1,1,1,0,0,31.915,0.501,2.104,12,1.56,0.206,0
25,40,42,7,5,42,16,26,102.804,1.209,0.156,7.769,25,485,58,1,1,1,1,0,0,60.457,0.265,4.569,21,2.112,0.241,0
26,1,4,2,8.8,4,1,3,39.928,0.409,0.025,16.343,4,12,1,1,1,1,1,0,0,9.507,0.105,3.891,2,2.512,0.065,0
26,2,5,2,8.6,5,3,2,30.315,0.274,0.099,2.773,3,12,8,1,1,1,1,0,0,18.979,0.158,1.736,2,3.285,0.066,0
26,3,6,2,8.4,6,5,1,20.949,0.33,0.239,1.382,4,12,9,1,1,1,1,0,0,18.11,0.276,1.195,3,1.346,0.077,0
26,4,7,3,8.2,7,7,0,22.957,0.387,0.305,1.27,4,12,10,1,1,1,1,0,0,22.312,0.314,1.235,4,0.645,0.082,0
26,5,12,4,8,12,11,1,22.212,0.617,0.495,1.246,6,12,10,1,1,1,1,0,0,19.595,0.561,1.099,6,1.288,0.089,0
26,6,9,3,7.8,9,8,1,20.704,0.498,0.386,1.288,3,12,10,1,1,1,1,0,0,20.158,0.397,1.254,3,0.647,0.088,0
26,7,10,4,7.6,10,8,2,25.236,0.557,0.317,1.757,5,12,10,1,1,1,1,0,0,21.698,0.369,1.51,5,3.838,0.09,0
26,8,11,4,7.4,11,6,5,25.803,0.615,0.233,2.645,5,12,10,1,1,1,1,0,0,23.771,0.252,2.436,5,1.026,0.092,0
26,9,12,4,7.2,12,10,2,22.22,0.675,0.45,1.5,6,12,10,1,1,1,1,0,0,18.95,0.528,1.279,4,2.817,0.089,0
26,10,16,6,7,16,12,4,34.671,0.849,0.346,2.452,10,12,10,1,1,1,1,0,0,32.316,0.371,2.286,6,2.207,0.101,0
26,11,14,5,6.8,14,14,0,30.207,0.788,0.463,1.701,8,12,10,1,1,1,1,0,0,29.435,0.476,1.658,6,2.694,0.099,0
26,12,15,5,6.6,15,9,6,23.943,0.843,0.376,2.242,10,12,10,1,1,1,1,0,0,23.794,0.378,2.228,8,1.762,0.105,0
26,13,23,7,6.4,23,20,3,35.805,0.874,0.559,1.565,11,12,10,1,0.946,1,0.946,0,0,35.697,0.56,1.56,10,1.426,0.12,0
26,14,24,7,6.2,24,22,2,37.9,0.932,0.58,1.606,12,12,10,0.946,1,0.946,1,0,0,37.107,0.593,1.573,8,1.74,0.114,0
26,15,18,6,6,18,18,0,31.763,1.02,0.567,1.8,12,12,10,1,1,1,1,0,0,31.667,0.568,1.794,12,2.539,0.11,0
26,16,19,7,5.8,19,16,3,30.323,1.075,0.528,2.036,12,12,10,1,1,1,1,0,0,30.323,0.528,2.036,9,1.789,0.111,0
26,17,20,7,5.6,20,11,9,28.143,1.133,0.391,2.898,15,12,10,1,0.616,1,0.616,0,0,25.545,0.431,2.631,15,2.247,0.125,0
26,18,20,7,5.4,20,8,12,25.007,1.155,0.32,3.611,12,12,10,0.616,0.663,0.616,0.663,0,0,23.451,0.341,3.386,10,2.325,0.124,0
26,19,29,7,5.2,29,8,21,44.992,0.985,0.178,5.542,18,12,10,0.663,0.732,0.663,0.732,0,0,42.673,0.187,5.257,14,1.827,0.105,0
26,20,34,7,5,34,16,18,39.268,1.097,0.407,2.693,15,12,10,0.732,0.83,0.732,0.83,0,0,37.876,0.422,2.598,9,2.321,0.12,0
26,21,24,7,5,24,14,10,27.86,1.074,0.503,2.137,14,12,10,0.83,0.333,0.83,0.333,0,1,24.935,0.561,1.913,10,2.108,0.115,1
26,22,38,7,5,38,29,9,42.142,1.035,0.688,1.505,14,12,10,0.333,0.405,0.333,0.405,0,1,36.982,0.784,1.32,10,3.083,0.123,2
26,23,25,7,5,25,10,15,28.512,1.097,0.351,3.127,16,12,10,0.405,0.26,0.405,0.26,0,1,24.259,0.412,2.66,9,2.958,0.113,3
26,24,28,7,5,28,10,18,29.368,1.191,0.341,3.498,15,12,10,0.26,0.243,0.26,0.243,0,1,25.84,0.387,3.078,12,2.061,0.119,4
27,1,4,2,8.8,4,3,1,30.779,0.407,0.097,4.179,3,8,1,1,1,1,1,0,0,15.637,0.192,2.123,2,3.609,0.064,0
27,2,5,2,8.6,5,4,1,29.166,0.275,0.137,2.007,3,8,2,1,1,1,1,0,0,23.189,0.172,1.596,2,2.739,0.07,0
27,3,6,2,8.4,6,6,0,44.056,0.331,0.136,2.431,2,25,3,1,1,1,1,0,0,30.852,0.194,1.702,2,0.306,0.068,0
27,4,7,3,8.2,7,2,5,26.287,0.387,0.076,5.093,4,25,5,1,1,1,1,0,0,19.101,0.105,3.701,3,0.642,0.069,0
27,5,8,3,8,8,5,3,28.608,0.441,0.175,2.523,5,25,6,1,1,1,1,0,0,22.823,0.219,2.013,5,0.598,0.078,0
27,6,9,3,7.8,9,4,5,29.723,0.497,0.135,3.691,6,25,7,1,1,1,1,0,0,18.855,0.212,2.342,4,3.732,0.077,0
27,7,10,4,7.6,10,8,2,81.646,0.536,0.098,5.474,5,43,3,1,1,1,1,0,0,28.987,0.276,1.943,3,7.569,0.07,0
27,8,12,4,7.4,12,6,6,42.926,0.658,0.14,4.706,7,43,4,1,1,1,1,0,0,23.193,0.259,2.543,5,0.687,0.075,0
27,9,14,5,7.2,14,12,2,36.009,0.756,0.333,2.268,9,43,5,1,1,1,1,0,0,24.261,0.495,1.528,6,1.578,0.099,0
27,10,18,6,7,18,15,3,48.246,0.888,0.311,2.856,8,59,4,1,1,1,1,0,0,28.579,0.525,1.692,6,1.046,0.09,0
27,11,16,6,6.8,16,9,7,43.746,0.833,0.206,4.05,14,78,1,1,1,1,1,0,0,27.947,0.322,2.588,6,4.813,0.106,0
27,12,18,6,6.6,18,8,10,67.181,0.954,0.119,8.008,16,78,3,1,0.856,1,0.856,0,0,34.732,0.23,4.14,8,2.216,0.096,0
27,13,24,7,6.4,24,7,17,54.413,0.898,0.129,6.981,18,78,5,0.856,0.79,0.856,0.79,0,0,32.819,0.213,4.211,7,9.576,0.123,0
27,14,22,7,6.2,22,6,16,65.799,0.873,0.091,9.572,15,78,6,0.79,0.756,0.79,0.756,0,0,45.491,0.132,6.618,6,11.133,0.116,0
27,15,24,7,6,24,7,17,47.295,0.925,0.148,6.252,20,78,10,0.756,0.765,0.756,0.765,0,0,29.801,0.235,3.939,9,6.395,0.121,0
27,16,51,7,5.8,51,9,42,81.429,0.902,0.111,8.159,22,78,14,0.765,0.171,0.765,0.171,0,1,51.638,0.174,5.174,8,9.913,0.136,1
28,1,4,2,8.8,4,2,2,22.547,0.408,0.089,4.596,3,9,1,1,1,1,1,0,0,15.264,0.131,3.111,1,2.887,0.07,0
28,2,5,2,8.6,5,2,3,31.199,0.274,0.064,4.281,3,9,2,1,0.974,1,0.974,0,0,19.908,0.1,2.732,2,2.552,0.082,0
28,3,6,2,8.4,6,2,4,24.222,0.331,0.083,4.003,5,9,5,0.974,1,0.974,1,0,0,22.893,0.087,3.783,4,0.974,0.087,0
28,4,7,3,8.2,7,6,1,22.732,0.387,0.264,1.468,4,9,7,1,1,1,1,0,0,21.924,0.274,1.416,3,0.938,0.074,0
28,5,8,3,8,8,6,2,23.781,0.442,0.252,1.752,5,9,8,1,1,1,1,0,0,20.679,0.29,1.523,5,2.609,0.085,0
28,6,9,3,7.8,9,7,2,19.954,0.5,0.351,1.425,4,90,9,1,1,1,1,0,0,13.108,0.534,0.936,4,2.487,0.082,0
28,7,10,4,7.6,10,8,2,22.406,0.557,0.357,1.561,7,90,9,1,1,1,1,0,0,16.081,0.497,1.12,4,4.503,0.096,0
28,8,11,4,7.4,11,5,6,63.212,0.608,0.079,7.691,6,170,10,1,1,1,1,0,0,18.265,0.274,2.222,6,4.714,0.089,0
28,9,12,4,7.2,12,5,7,78.578,0.673,0.064,10.575,6,170,10,1,1,1,1,0,0,22.563,0.222,3.037,6,9.063,0.098,0
28,10,14,5,7,14,11,3,22.401,0.771,0.491,1.571,10,170,10,1,1,1,1,0,0,17.313,0.635,1.214,6,2.79,0.107,0
28,11,15,5,6.8,15,4,11,81.907,0.953,0.049,19.506,10,170,10,1,1,1,1,0,0,24.093,0.166,5.738,8,10.825,0.101,0
28,12,16,6,6.6,16,5,11,58.735,1.033,0.085,12.137,14,253,11,1,1,1,1,0,0,24.996,0.2,5.165,10,2.932,0.113,0
28,13,37,7,6.4,37,10,27,108.382,0.972,0.092,10.533,20,253,13,1,1,1,1,0,0,36.336,0.275,3.531,10,4.92,0.14,0
28,14,21,7,6.2,21,3,18,94.565,1.113,0.032,35.094,14,253,16,1,1,1,1,0,0,29.426,0.102,10.92,12,2.427,0.172,0
28,15,31,7,6,31,6,25,103.266,1.003,0.058,17.261,24,253,18,1,1,1,1,0,0,42.866,0.14,7.165,21,5.678,0.184,0
28,16,26,7,5.8,26,6,20,126.104,1.212,0.048,25.469,23,253,24,1,0.723,1,0.723,0,0,42.967,0.14,8.678,11,17.003,0.175,0
28,17,29,7,5.6,29,1,28,113.488,0.975,0.009,110.648,26,253,28,0.723,0.836,0.723,0.836,0,0,57.019,0.018,55.593,11,19.668,0.192,0
28,18,30,7,5.4,30,9,21,104.453,1.029,0.086,11.938,11,253,34,0.836,1,0.836,1,0,0,36.347,0.248,4.154,9,3.44,0.138,0
28,19,30,7,5.2,30,9,21,121.089,1.184,0.074,15.924,23,253,39,1,0.734,1,0.734,0,0,43.334,0.208,5.699,10,10.255,0.15,0
28,20,34,7,5,34,10,24,120.958,1.387,0.083,16.779,29,253,48,0.734,0.724,0.734,0.724,0,0,69.069,0.145,9.581,13,17.404,0.179,0
28,21,42,7,5,42,18,24,104.923,1.375,0.172,8.017,36,253,57,0.724,0.995,0.724,0.995,0,0,57.503,0.313,4.394,20,7.434,0.195,0
28,22,30,7,5,30,7,23,92.358,1.186,0.076,15.652,22,253,57,0.995,1,0.995,1,0,0,47.069,0.149,7.977,12,13.581,0.177,0
28,23,48,7,5,48,11,37,111.666,1.313,0.099,13.328,32,253,57,1,1,1,1,0,0,52.524,0.209,6.269,19,9.361,0.175,0
28,24,30,7,5,30,7,23,89.717,1.331,0.078,17.064,28,253,57,1,1,1,1,0,0,43.101,0.162,8.198,26,5.669,0.201,0
28,25,42,7,5,42,16,26,107.655,1.4,0.149,9.417,35,334,58,1,1,1,1,0,0,58.619,0.273,5.127,19,7.373,0.224,0
28,26,30,7,5,30,8,22,117.043,1.086,0.068,15.893,22,415,81,1,1,1,1,0,0,57.256,0.14,7.775,12,8.493,0.175,0
28,27,30,7,5,30,7,23,93.195,1.077,0.075,14.344,19,415,99,1,1,1,1,0,0,53.344,0.131,8.21,13,7.547,0.2,0
28,28,29,7,5,29,8,21,92.999,1.138,0.086,13.233,22,415,99,1,1,1,1,0,0,41.428,0.193,5.895,12,9.247,0.206,0
28,29,30,7,5,30,5,25,75.742,1.22,0.066,18.474,19,415,99,1,1,1,1,0,0,49.213,0.102,12.004,13,5.309,0.19,0
28,30,18,6,5,18,2,16,98.795,1.229,0.02,60.691,16,415,99,1,1,1,1,0,0,39.724,0.05,24.403,10,4.142,0.147,0
28,31,30,7,5,30,6,24,90.831,1.088,0.066,16.478,12,415,99,1,1,1,1,0,0,40.27,0.149,7.306,9,3.51,0.151,0
28,32,29,7,5,29,12,17,96.579,1.141,0.124,9.179,27,415,99,1,1,1,1,0,0,64.178,0.187,6.1,22,6.863,0.216,0
28,33,30,7,5,30,12,18,105.933,1.162,0.113,10.254,25,415,99,1,1,1,1,0,0,64.124,0.187,6.207,10,15.521,0.196,0
28,34,30,7,5,30,15,15,110.581,1.255,0.136,9.249,26,415,99,1,1,1,1,0,0,59.981,0.25,5.017,14,16.47,0.184,0
28,35,45,7,5,45,17,28,113.279,1.293,0.15,8.614,33,415,99,1,1,1,1,0,0,69.829,0.243,5.31,21,11.758,0.218,0
28,36,30,7,5,30,12,18,91.071,1.196,0.132,9.075,24,415,99,1,1,1,1,0,0,44.397,0.27,4.424,13,9.764,0.204,0
28,37,41,7,5,41,20,21,100.279,1.346,0.199,6.749,30,415,99,1,1,1,1,0,0,89.801,0.223,6.044,18,8.757,0.233,0
28,38,48,7,5,48,18,30,156.621,1.279,0.115,11.13,32,415,99,1,1,1,1,0,0,70.475,0.255,5.008,23,11.843,0.173,0
28,39,42,7,5,42,11,31,97.234,1.312,0.113,11.597,25,415,99,1,1,1,1,0,0,51.948,0.212,6.196,15,5.92,0.217,0
28,40,34,7,5,34,13,21,117.301,1.244,0.111,11.226,22,415,99,1,1,1,1,0,0,62.556,0.208,5.987,17,7.952,0.155,0
29,1,4,2,8.8,4,2,2,23.358,0.406,0.086,4.747,4,8,1,1,1,1,1,0,0,15.558,0.129,3.162,2,2.873,0.088,0
29,2,5,2,8.6,5,4,1,33.161,0.275,0.121,2.283,4,8,3,1,1,1,1,0,0,21.844,0.183,1.504,4,2.788,0.094,0
29,3,6,2,8.4,6,5,1,28.633,0.331,0.175,1.893,6,8,6,1,1,1,1,0,0,26.471,0.189,1.75,4,1.602,0.112,0
29,4,7,3,8.2,7,7,0,23.777,0.388,0.294,1.317,4,8,8,1,1,1,1,0,0,19.753,0.354,1.094,3,1.26,0.107,0
29,5,19,7,8,19,13,6,61.427,0.871,0.212,4.115,11,89,9,1,1,1,1,0,0,13.437,0.967,0.9,11,7.772,0.118,0
29,6,9,3,7.8,9,4,5,22.176,0.516,0.18,2.86,6,169,9,1,1,1,1,0,0,15.487,0.258,1.997,4,2.329,0.116,0
29,7,10,4,7.6,10,4,6,46.437,0.534,0.086,6.195,9,187,3,1,1,1,1,0,0,17.904,0.223,2.389,5,0.793,0.128,0
29,8,12,4,7.4,12,6,6,71.415,0.689,0.084,8.195,8,270,4,1,1,1,1,0,0,15.251,0.393,1.75,4,9.977,0.128,0
29,9,21,7,7.2,21,3,18,105.487,1.232,0.028,43.336,19,90,5,1,1,1,1,0,0,22.755,0.132,9.348,17,3.331,0.106,0
29,10,17,6,7,17,5,12,103.844,0.852,0.048,17.698,13,139,8,1,1,1,1,0,0,69.313,0.072,11.813,9,3.081,0.119,0
29,11,20,7,6.8,20,4,16,113.252,0.97,0.035,27.469,15,181,9,1,0.976,1,0.976,0,0,61.813,0.065,14.993,5,5.256,0.115,0
29,12,23,7,6.6,23,5,18,73.908,0.845,0.068,12.497,13,181,12,0.976,1,0.976,1,0,0,43.466,0.115,7.349,10,4.284,0.13,0
29,13,25,7,6.4,25,5,20,100.09,0.909,0.05,18.189,19,181,15,1,0.664,1,0.664,0,0,50.498,0.099,9.177,9,6.131,0.137,0
29,14,28,7,6.2,28,16,12,78.291,1.028,0.204,5.028,18,181,17,0.664,0.993,0.664,0.993,0,0,47.114,0.34,3.026,9,2.02,0.131,0
29,15,29,7,6,29,2,27,88.227,0.895,0.023,39.501,19,203,9,0.993,0.722,0.993,0.722,0,0,36.975,0.054,16.554,7,11.96,0.143,0
29,16,33,7,5.8,33,1,32,115.771,1.006,0.009,116.442,25,203,13,0.722,0.494,0.722,0.494,0,0,38.996,0.026,39.222,15,13.387,0.138,0
29,17,34,7,5.6,34,0,34,72.486,1.136,0,-1,30,218,11,0.494,0.594,0.494,0.594,0,0,33.448,0,-1,23,4.544,0.173,0
29,18,35,7,5.4,35,3,32,89.208,1.115,0.034,33.157,28,218,17,0.594,0.602,0.594,0.602,0,0,46.726,0.064,17.367,18,12.914,0.171,0
29,19,35,7,5.2,35,5,30,83.061,1.115,0.06,18.53,26,218,23,0.602,0.759,0.602,0.759,0,0,50.707,0.099,11.312,12,6.94,0.174,0
29,20,35,7,5,35,14,21,93.335,1.106,0.15,7.371,26,218,30,0.759,0.767,0.759,0.767,0,0,45.058,0.311,3.558,16,10.61,0.168,0
29,21,19,7,5,19,5,14,61.473,1.141,0.081,14.028,17,235,36,0.767,0.972,0.767,0.972,0,0,28.094,0.178,6.411,11,8.213,0.151,0
29,22,35,7,5,35,13,22,92.934,1.174,0.14,8.393,31,235,41,0.972,0.677,0.972,0.677,0,0,45.688,0.285,4.126,24,11.268,0.186,0
29,23,35,7,5,35,10,25,87.62,1.181,0.114,10.349,27,235,51,0.677,0.727,0.677,0.727,0,0,55.14,0.181,6.513,14,5.477,0.165,0
29,24,35,7,5,35,10,25,91.911,1.215,0.109,11.17,28,235,66,0.727,0.661,0.727,0.661,0,0,70.216,0.142,8.533,8,13.076,0.179,0
29,25,35,7,5,35,8,27,91.657,1.097,0.087,12.563,25,252,99,0.661,0.853,0.661,0.853,0,0,55.801,0.143,7.649,14,4.441,0.236,0
29,26,20,7,5,20,8,12,78.726,1.165,0.102,11.465,18,315,107,0.853,1,0.853,1,0,0,38.624,0.207,5.625,11,6.873,0.188,0
29,27,37,7,5,37,20,17,93.857,1.048,0.213,4.918,29,387,95,1,1,1,1,0,0,54.426,0.367,2.852,23,5.502,0.296,0
29,28,38,7,5,38,13,25,133.838,0.99,0.097,10.192,25,476,76,1,1,1,1,0,0,57.378,0.227,4.37,17,4.825,0.379,0
29,29,41,7,5,41,23,20,154.545,1.027,0.149,6.903,26,499,66,1,1,1,1,0,0,76.375,0.301,3.411,11,5.831,0.394,0
29,30,72,7,5,72,18,56,187.218,1.083,0.096,11.264,51,499,66,1,1,1,1,0,0,123.456,0.146,7.428,34,5.942,0.476,0
29,31,42,7,5,42,12,31,142.247,1.075,0.084,12.741,28,499,66,1,1,1,1,0,0,60.303,0.199,5.401,21,3.621,0.409,0
29,32,42,7,5,42,14,31,161.094,0.95,0.087,10.927,28,499,66,1,1,1,1,0,0,89.589,0.156,6.077,15,6.873,0.457,0
29,33,42,7,5,42,14,30,147.758,0.995,0.095,10.498,27,499,66,1,1,1,1,0,0,80.02,0.175,5.685,9,12.456,0.427,0
29,34,42,7,5,42,22,25,143.634,1.009,0.153,6.588,19,499,66,1,1,1,1,0,0,71.116,0.309,3.262,12,1.061,0.408,0
29,35,42,7,5,42,16,26,140.35,1.034,0.114,9.07,27,499,66,1,1,1,1,0,0,72.88,0.22,4.71,17,2.418,0.382,0
29,36,42,7,5,42,16,28,144.093,1.032,0.111,9.297,24,499,66,1,1,1,1,0,0,72.946,0.219,4.706,13,4.145,0.38,0
29,37,42,7,5,42,15,28,135.746,1.098,0.111,9.935,25,499,66,1,1,1,1,0,0,76.206,0.197,5.577,17,6.152,0.387,0
29,38,42,7,5,42,11,32,145.28,1.121,0.076,14.8,30,499,66,1,1,1,1,0,0,83.31,0.132,8.487,12,10.626,0.398,0
29,39,23,7,5,23,13,11,107.535,1.05,0.121,8.688,18,499,66,1,1,1,1,0,0,45.215,0.288,3.653,8,7.868,0.372,0
29,40,42,7,5,42,18,26,151.687,0.999,0.119,8.421,27,499,66,1,1,1,1,0,0,76.925,0.234,4.271,16,8.315,0.407,0
30,1,4,2,8.8,4,2,2,28.054,0.412,0.071,5.777,3,8,1,1,1,1,1,0,0,9.341,0.214,1.923,1,2.188,0.099,0
30,2,5,2,8.6,5,3,2,33.382,0.275,0.09,3.065,4,8,3,1,1,1,1,0,0,20.541,0.146,1.886,4,4.455,0.109,0
30,3,6,2,8.4,6,2,4,33.619,0.331,0.059,5.556,4,19,3,1,1,1,1,0,0,22.995,0.087,3.801,3,4.555,0.109,0
30,4,11,4,8.2,11,5,6,45.861,0.566,0.109,5.195,9,19,5,1,1,1,1,0,0,36.219,0.138,4.103,5,5.104,0.121,0
30,5,12,4,8,12,6,6,37.299,0.609,0.161,3.787,11,126,7,1,1,1,1,0,0,36.226,0.166,3.678,7,2.803,0.131,0
30,6,10,4,7.8,10,3,7,39.6,0.523,0.076,6.907,10,84,7,1,1,1,1,0,0,27.252,0.11,4.753,8,2.386,0.128,0
30,7,13,5,7.6,13,6,7,56.281,0.677,0.107,6.353,9,110,8,1,1,1,1,0,0,24.877,0.241,2.808,9,0.575,0.118,0
30,8,14,5,7.4,14,6,8,65.981,0.711,0.091,7.813,9,164,10,1,1,1,1,0,0,25.629,0.234,3.035,7,3.056,0.119,0
30,9,18,6,7.2,18,2,16,69.392,0.994,0.029,34.495,16,183,2,1,1,1,1,0,0,40.124,0.05,19.946,8,7.994,0.146,0
30,10,11,4,7,11,0,11,59.299,0.617,0,-1,11,183,6,1,1,1,1,0,0,23.399,0,-1,4,10.7,0.145,0
30,11,22,7,6.8,22,2,20,114.078,0.853,0.018,48.652,22,183,24,1,0.711,1,0.711,0,0,63.438,0.032,27.055,12,13.016,0.151,0
30,12,31,7,6.6,31,17,16,71.285,0.963,0.238,4.04,30,183,57,0.711,1,0.711,1,0,0,55.821,0.305,3.163,14,17.947,0.21,0
30,13,26,7,6.4,26,5,22,85.062,1.035,0.059,17.614,26,226,37,1,1,1,1,0,0,56.336,0.089,11.666,15,6.249,0.208,0
30,14,30,7,6.2,30,1,29,146.473,1.01,0.007,147.988,28,226,49,1,1,1,1,0,0,66.87,0.015,67.561,14,17.564,0.19,0
30,15,36,7,6,36,8,28,63.845,1.023,0.125,8.166,30,226,49,1,1,1,1,0,0,45.112,0.177,5.77,20,3.357,0.22,0
30,16,34,7,5.8,34,5,29,103.718,1.097,0.048,22.765,26,245,29,1,1,1,1,0,0,56.907,0.088,12.49,12,8.88,0.21,0
30,17,45,7,5.6,45,5,40,104.708,1.137,0.048,23.82,37,245,29,1,1,1,1,0,0,64.37,0.078,14.644,29,10.808,0.281,0
30,18,36,7,5.4,36,3,35,68.889,0.935,0.044,21.478,15,268,33,1,1,1,1,0,0,52.381,0.057,16.331,10,2.308,0.231,0
30,19,36,7,5.2,36,7,30,63.593,0.979,0.11,8.895,14,268,33,1,1,1,1,0,0,51.863,0.135,7.254,9,2.016,0.231,0
30,20,46,7,5,46,6,41,68.404,1.028,0.088,11.718,10,268,33,1,1,1,1,0,0,52.701,0.114,9.028,9,1.344,0.216,0
30,21,36,7,5,36,2,34,80.599,0.984,0.025,39.657,17,268,33,1,1,1,1,0,0,64.636,0.031,31.802,13,1.611,0.228,0
30,22,36,7,5,36,5,31,64.35,0.983,0.078,12.646,18,268,33,1,1,1,1,0,0,53.662,0.093,10.545,12,1.638,0.248,0
30,23,36,7,5,36,2,35,82.515,0.985,0.024,40.644,13,268,33,1,1,1,1,0,0,55.498,0.036,27.336,10,1.538,0.227,0
30,24,21,7,5,21,1,20,40.225,1.27,0.025,51.09,14,288,53,1,1,1,1,0,0,39.489,0.025,50.155,10,1.998,0.208,0
30,25,40,7,5,40,3,38,92.59,1.054,0.032,32.519,18,352,63,1,1,1,1,0,0,63.24,0.047,22.21,12,3.231,0.233,0
30,26,41,7,5,41,1,40,109.698,1.068,0.009,117.165,20,372,73,1,1,1,1,0,0,67.724,0.015,72.333,12,3.711,0.248,0
30,27,42,7,5,42,9,34,105.624,1.05,0.085,12.317,26,470,57,1,1,1,1,0,0,81.959,0.11,9.558,14,4.63,0.352,0
30,28,44,7,5,44,21,27,91.88,0.976,0.229,4.272,18,496,53,1,1,1,1,0,0,67.982,0.309,3.161,10,1.98,0.345,0
30,29,45,7,5,45,41,7,85.035,1.007,0.482,2.089,14,496,53,1,1,1,1,0,0,55.907,0.733,1.373,13,3.055,0.349,0
30,30,56,7,5,56,35,24,87.58,1.016,0.4,2.543,19,496,53,1,1,1,1,0,0,86.247,0.406,2.504,15,3.047,0.405,0
30,31,44,7,5,44,19,26,57.159,0.988,0.332,2.973,14,496,53,1,1,1,1,0,0,54.068,0.351,2.812,13,1.93,0.379,0
30,32,56,7,5,56,34,29,95.988,1.028,0.354,2.901,11,496,53,1,1,1,1,0,0,70.915,0.479,2.143,11,1.946,0.353,0
30,33,44,7,5,44,19,28,53.788,0.972,0.353,2.753,11,496,53,1,1,1,1,0,0,51.875,0.366,2.655,10,1.974,0.382,0
30,34,48,7,5,48,30,19,52.984,1.059,0.566,1.871,11,496,53,1,1,1,1,0,0,51.62,0.581,1.823,10,1.625,0.369,0
30,35,49,7,5,49,31,22,88.27,1.058,0.351,3.012,17,496,53,1,1,1,1,0,0,78.101,0.397,2.665,14,2.029,0.342,0
30,36,48,7,5,48,26,27,52.701,1.031,0.493,2.09,13,496,53,1,1,1,1,0,0,50.713,0.513,2.012,12,1.217,0.403,0
30,37,61,7,5,61,36,31,65.999,1.007,0.545,1.846,13,496,53,1,1,1,1,0,0,64.005,0.562,1.79,11,1.739,0.381,0
30,38,49,7,5,49,29,25,52.269,1.058,0.555,1.906,18,496,53,1,1,1,1,0,0,50.434,0.575,1.839,14,1.964,0.379,0
30,39,49,7,5,49,33,24,64.82,1.063,0.509,2.088,15,496,53,1,1,1,1,0,0,60.46,0.546,1.947,10,2.329,0.359,0
30,40,49,7,5,49,27,29,54.091,1.04,0.499,2.084,13,496,53,1,1,1,1,0,0,52.757,0.512,2.032,12,1.491,0.41,0
31,1,4,2,8.8,4,0,4,36.237,0.409,0,-1,3,6,1,1,1,1,1,0,0,10.083,0,-1,3,5.668,0.106,0
31,2,5,2,8.6,5,2,3,29.085,0.276,0.069,4.009,3,6,6,1,1,1,1,0,0,24.932,0.08,3.436,3,1.633,0.126,0
31,3,6,2,8.4,6,6,0,28.839,0.329,0.208,1.583,4,6,6,1,1,1,1,0,0,27.575,0.218,1.513,4,0.629,0.113,0
31,4,7,3,8.2,7,7,0,21.147,0.389,0.331,1.176,4,6,6,1,1,1,1,0,0,19.761,0.354,1.099,3,1.156,0.123,0
31,5,13,5,8,13,13,0,22.483,0.654,0.578,1.131,7,6,6,1,1,1,1,0,0,20.301,0.64,1.021,7,1.404,0.159,0
31,6,9,3,7.8,9,8,1,16.088,0.496,0.497,0.997,6,6,6,1,1,1,1,0,0,13.752,0.582,0.852,6,0.799,0.134,0
31,7,10,4,7.6,10,9,1,18.722,0.559,0.481,1.162,4,6,6,1,1,1,1,0,0,15.915,0.565,0.988,4,1.463,0.143,0
31,8,11,4,7.4,11,11,0,20.178,0.613,0.545,1.125,5,6,6,1,1,1,1,0,0,18.206,0.604,1.015,4,1.262,0.14,0
31,9,12,4,7.2,12,1,11,22.737,0.676,0.044,15.362,5,6,6,1,1,1,1,0,0,18.73,0.053,12.654,5,1.122,0.136,0
31,10,13,5,7,13,12,1,21.697,0.727,0.553,1.314,8,6,6,1,1,1,1,0,0,19.795,0.606,1.199,7,1.424,0.158,0
31,11,14,5,6.8,14,11,3,20.519,0.788,0.536,1.47,5,6,6,1,1,1,1,0,0,19.797,0.556,1.418,5,1.507,0.167,0
31,12,22,7,6.6,22,21,1,25.612,0.826,0.82,1.007,7,6,6,1,1,1,1,0,0,24.529,0.856,0.964,6,1.378,0.168,0
31,13,17,6,6.4,17,12,5,27.507,0.944,0.436,2.164,8,6,6,1,1,1,1,0,0,26.587,0.451,2.091,8,1.267,0.166,0
31,14,18,6,6.2,18,16,2,24.272,1.006,0.659,1.526,11,6,6,1,1,1,1,0,0,21.911,0.73,1.378,10,1.233,0.177,0
31,15,19,7,6,19,16,3,24.657,1.048,0.649,1.615,7,6,6,1,1,1,1,0,0,23.162,0.691,1.517,5,1.749,0.163,0
31,16,20,7,5.8,20,12,8,25.389,1.108,0.473,2.345,8,6,6,1,0.876,1,0.876,0,0,24.656,0.487,2.278,7,1.359,0.181,0
31,17,21,7,5.6,21,17,4,30.479,1.162,0.558,2.083,7,6,6,0.876,1,0.876,1,0,0,29.551,0.575,2.02,7,1.313,0.176,0
31,18,22,7,5.4,22,14,8,27.276,0.959,0.513,1.869,7,6,6,1,0.718,1,0.718,0,0,25.681,0.545,1.76,7,1.187,0.17,0
31,19,22,7,5.2,22,16,6,28.57,0.993,0.56,1.772,9,6,6,0.718,0.587,0.718,0.587,0,0,26.828,0.596,1.664,7,1.375,0.172,0
31,20,23,7,5,23,15,8,40.654,1.032,0.369,2.797,7,6,6,0.587,0.876,0.587,0.876,0,0,39.45,0.38,2.714,7,1.378,0.154,0
31,21,23,7,5,23,8,16,24.246,1.027,0.33,3.113,12,6,6,0.876,0.812,0.876,0.812,0,0,22.868,0.35,2.936,10,1.314,0.173,0
31,22,24,7,5,24,10,14,37.376,1.045,0.268,3.907,10,6,6,0.812,0.361,0.812,0.361,0,0,35.555,0.281,3.717,10,1.246,0.167,0
31,23,40,7,5,40,24,16,48.168,1.055,0.498,2.118,11,6,6,0.361,0.34,0.361,0.34,0,1,47.846,0.502,2.104,10,0.83,0.167,1
31,24,27,7,5,27,7,20,29.111,1.156,0.24,4.806,13,6,6,0.34,0.204,0.34,0.204,0,1,27.091,0.258,4.472,12,0.763,0.178,2
31,25,31,7,5,31,13,18,31.416,1.036,0.414,2.503,13,6,6,0.204,0.268,0.204,0.268,0,1,28.368,0.458,2.26,9,1.03,0.178,3
31,26,29,7,5,29,13,16,32.797,0.995,0.396,2.509,9,6,6,0.268,0.279,0.268,0.279,0,1,28.823,0.451,2.205,8,0.842,0.172,4
31,27,30,7,5,30,13,17,33.747,1.009,0.385,2.619,15,6,6,0.279,0.273,0.279,0.273,0,1,31.882,0.408,2.475,10,1.363,0.186,5
32,1,4,2,8.8,4,2,2,32.033,0.409,0.062,6.551,3,9,1,1,1,1,1,0,0,13.531,0.148,2.767,2,4.154,0.094,0
32,2,5,2,8.6,5,3,2,34.327,0.274,0.087,3.133,3,9,2,1,0.915,1,0.915,0,0,26.684,0.112,2.436,2,4.234,0.098,0
32,3,6,2,8.4,6,6,0,39.482,0.331,0.152,2.178,4,20,4,0.915,1,0.915,1,0,0,35.456,0.169,1.956,4,1.867,0.115,0
32,4,7,3,8.2,7,5,2,32.853,0.388,0.152,2.547,4,20,5,1,1,1,1,0,0,21.666,0.231,1.68,3,0.643,0.115,0
32,5,12,4,8,12,11,1,29.409,0.61,0.374,1.63,8,20,6,1,1,1,1,0,0,24.427,0.45,1.354,6,3.626,0.122,0
32,6,14,5,7.8,14,9,5,30.8,0.7,0.292,2.396,8,20,7,1,1,1,1,0,0,22.98,0.392,1.788,6,2.743,0.117,0
32,7,10,4,7.6,10,7,3,43.032,0.535,0.163,3.291,8,37,1,1,1,1,1,0,0,18.961,0.369,1.45,7,4.525,0.126,0
32,8,12,4,7.4,12,8,4,58.401,0.654,0.137,4.777,10,37,2,1,1,1,1,0,0,13.446,0.595,1.1,6,5.628,0.114,0
32,9,13,5,7.2,13,10,3,46.467,0.72,0.215,3.346,10,61,3,1,1,1,1,0,0,33.081,0.302,2.382,5,3.787,0.125,0
32,10,18,6,7,18,16,2,53.46,0.904,0.299,3.02,15,61,5,1,1,1,1,0,0,33.575,0.477,1.897,7,11.44,0.131,0
32,11,15,5,6.8,15,10,5,47.439,0.795,0.211,3.771,11,78,6,1,1,1,1,0,0,24.248,0.412,1.928,5,0.776,0.148,0
32,12,17,6,6.6,17,13,4,60.118,0.904,0.216,4.178,7,78,8,1,1,1,1,0,0,23.839,0.545,1.657,6,3.112,0.115,0
32,13,18,6,6.4,18,11,7,38.011,0.966,0.289,3.337,11,78,10,1,1,1,1,0,0,23.22,0.474,2.038,6,1.315,0.132,0
32,14,32,7,6.2,32,25,7,40.652,0.931,0.615,1.514,8,78,13,1,1,1,1,0,0,26.374,0.948,0.982,7,0.861,0.125,0
32,15,21,7,6,21,13,8,38.222,1.097,0.34,3.227,10,78,16,1,1,1,1,0,0,31.484,0.413,2.658,6,1.445,0.142,0
32,16,22,7,5.8,22,11,11,36.535,0.888,0.301,2.949,11,78,20,1,1,1,1,0,0,30.115,0.365,2.431,6,1.373,0.147,0
32,17,33,7,5.6,33,18,15,56.056,0.997,0.321,3.106,13,78,23,1,1,1,1,0,0,38.091,0.473,2.11,8,4.362,0.142,0
32,18,25,7,5.4,25,13,12,44.33,1.046,0.293,3.567,12,78,23,1,1,1,1,0,0,33.218,0.391,2.673,7,2.094,0.161,0
32,19,26,7,5.2,26,22,4,54.582,1.101,0.403,2.732,9,78,23,1,1,1,1,0,0,23.336,0.943,1.168,6,0.654,0.133,0
32,20,26,7,5,26,13,13,51.078,1.13,0.255,4.442,14,78,23,1,1,1,1,0,0,37.831,0.344,3.29,7,6.656,0.149,0
32,21,27,7,5,27,11,16,54.672,1.152,0.201,5.724,13,78,23,1,1,1,1,0,0,38.685,0.284,4.05,6,3.005,0.141,0
32,22,28,7,5,28,12,16,49.372,1.183,0.243,4.866,18,78,23,1,1,1,1,0,0,35.222,0.341,3.471,9,7.042,0.154,0
32,23,30,7,5,30,12,18,54.468,1.026,0.22,4.659,21,78,23,1,1,1,1,0,0,45.955,0.261,3.931,8,4.682,0.159,0
32,24,31,7,5,31,6,25,76.847,1.056,0.078,13.528,19,78,23,1,1,1,1,0,0,43.577,0.138,7.671,6,7.437,0.14,0
32,25,35,7,5,35,12,23,61.737,1.11,0.194,5.711,18,78,23,1,1,1,1,0,0,48.394,0.248,4.477,7,5.564,0.157,0
32,26,32,7,5,32,8,24,59.829,1.046,0.134,7.823,17,78,23,1,1,1,1,0,0,37.735,0.212,4.934,7,1.21,0.145,0
32,27,44,7,5,44,31,13,78.004,1.003,0.397,2.524,17,78,23,1,0.896,1,0.896,0,0,51.694,0.6,1.672,10,3.878,0.162,0
32,28,31,7,5,31,11,20,100.742,1.039,0.109,9.518,16,78,23,0.896,1,0.896,1,0,0,41.796,0.263,3.949,6,5.679,0.132,0
32,29,32,7,5,32,13,19,52.509,1.085,0.248,4.383,19,78,23,1,0.862,1,0.862,0,0,35.172,0.37,2.936,10,2.975,0.16,0
32,30,44,7,5,44,17,27,78.564,1.002,0.216,4.631,22,78,23,0.862,1,0.862,1,0,0,62.342,0.273,3.675,7,7.329,0.157,0
32,31,44,7,5,44,21,23,81.737,0.998,0.257,3.883,18,78,23,1,0.851,1,0.851,0,0,58.298,0.36,2.77,10,3.841,0.168,0
32,32,31,7,5,31,7,24,57.153,1.034,0.122,8.445,15,78,23,0.851,1,0.851,1,0,0,36.024,0.194,5.323,7,1.114,0.142,0
32,33,32,7,5,32,9,23,60.923,1.059,0.148,7.17,12,78,23,1,1,1,1,0,0,40.016,0.225,4.709,7,3.455,0.151,0
32,34,32,7,5,32,14,18,62.04,1.084,0.226,4.804,16,78,23,1,1,1,1,0,0,45.687,0.306,3.538,7,5.959,0.148,0
32,35,32,7,5,32,11,21,55.313,1.051,0.199,5.285,19,78,23,1,1,1,1,0,0,35.342,0.311,3.377,9,2.072,0.141,0
32,36,32,7,5,32,7,25,78.108,1.072,0.09,11.964,13,78,23,1,1,1,1,0,0,41.488,0.169,6.355,9,1.273,0.135,0
32,37,18,6,5,18,3,15,40.571,1.1,0.074,14.882,13,78,23,1,1,1,1,0,0,25.722,0.117,9.435,6,5.298,0.152,0
32,38,32,7,5,32,4,28,50.861,1.045,0.079,13.287,21,78,23,1,1,1,1,0,0,39.032,0.102,10.197,10,2.669,0.15,0
32,39,32,7,5,32,14,18,45.218,1.082,0.31,3.495,17,78,23,1,1,1,1,0,0,43.275,0.324,3.344,7,2.92,0.152,0
32,40,44,7,5,44,17,27,76.677,0.999,0.222,4.507,13,78,23,1,0.669,1,0.669,0,0,55.913,0.304,3.287,7,2.728,0.143,0
33,1,4,2,8.8,4,2,2,18.91,0.409,0.106,3.865,2,9,1,1,1,1,1,0,0,7.249,0.276,1.482,2,2.643,0.089,0
33,2,5,2,8.6,5,2,3,26.654,0.274,0.075,3.655,4,9,2,1,1,1,1,0,0,16.788,0.119,2.302,2,3.72,0.095,0
33,3,6,2,8.4,6,4,2,33.407,0.33,0.12,2.755,4,9,5,1,0.905,1,0.905,0,0,29.876,0.134,2.464,4,1.654,0.099,0
33,4,7,3,8.2,7,4,3,27.104,0.386,0.148,2.618,6,9,6,0.905,1,0.905,1,0,0,22.539,0.177,2.177,5,2.003,0.113,0
33,5,8,3,8,8,8,0,27.072,0.438,0.296,1.48,4,9,7,1,1,1,1,0,0,25.191,0.318,1.378,3,1.837,0.106,0
33,6,9,3,7.8,9,9,0,21.54,0.496,0.418,1.186,6,9,9,1,1,1,1,0,0,16.17,0.557,0.891,3,1.783,0.107,0
33,7,10,4,7.6,10,8,2,21.336,0.55,0.375,1.467,7,91,10,1,1,1,1,0,0,11.729,0.682,0.806,6,3.182,0.151,0
33,8,11,4,7.4,11,7,4,31.643,0.648,0.221,2.93,8,91,10,1,1,1,1,0,0,16.374,0.428,1.516,8,3.361,0.115,0
33,9,12,4,7.2,12,10,2,17.42,0.672,0.574,1.17,6,91,10,1,1,1,1,0,0,10.32,0.969,0.693,4,1.649,0.12,0
33,10,17,6,7,17,5,12,80.388,0.943,0.062,15.167,16,172,10,1,1,1,1,0,0,27.131,0.184,5.119,7,9.641,0.15,0
33,11,14,5,6.8,14,4,10,49.617,0.855,0.081,10.6,10,254,10,1,1,1,1,0,0,15.36,0.26,3.282,10,3.471,0.111,0
33,12,23,7,6.6,23,4,19,96.441,0.918,0.041,22.143,21,254,10,1,1,1,1,0,0,26.806,0.149,6.155,12,6.328,0.155,0
33,13,18,6,6.4,18,15,3,30.518,1.009,0.492,2.052,17,254,18,1,1,1,1,0,0,23.935,0.627,1.609,15,3.672,0.201,0
33,14,19,7,6.2,19,13,6,38.323,1.233,0.339,3.636,16,254,21,1,1,1,1,0,0,17.829,0.729,1.692,14,3.849,0.156,0
33,15,20,7,6,20,15,5,32.852,1.153,0.457,2.524,18,254,24,1,1,1,1,0,0,24.339,0.616,1.87,16,4.564,0.2,0
33,16,29,7,5.8,29,17,12,65.353,0.992,0.26,3.814,27,254,29,1,1,1,1,0,0,25.223,0.674,1.472,25,5.904,0.172,0
33,17,37,7,5.6,37,15,22,66.389,1.049,0.226,4.642,28,254,35,1,1,1,1,0,0,47.585,0.315,3.327,15,7.314,0.192,0
33,18,24,7,5.4,24,8,16,28.601,1.162,0.28,4.153,17,254,38,1,1,1,1,0,0,23.187,0.345,3.367,10,3.814,0.213,0
33,19,25,7,5.2,25,19,6,29.306,1.39,0.648,2.145,22,254,45,1,1,1,1,0,0,20.981,0.906,1.535,21,3.547,0.219,0
33,20,25,7,5,25,10,15,44.167,1.171,0.226,5.173,14,254,55,1,1,1,1,0,0,36.246,0.276,4.245,13,3.481,0.203,0
33,21,14,5,5,14,13,1,25.21,1.064,0.516,2.064,14,254,57,1,1,1,1,0,0,19.724,0.659,1.615,13,3.926,0.246,0
33,22,26,7,5,26,16,10,35.599,1.394,0.449,3.101,21,254,57,1,1,1,1,0,0,19.636,0.815,1.71,19,4.486,0.234,0
33,23,39,7,5,39,11,28,137.108,1.367,0.08,17.037,37,254,57,1,1,1,1,0,0,65.828,0.167,8.18,35,8.929,0.268,0
33,24,29,7,5,29,7,22,71.039,1.203,0.099,12.204,22,254,57,1,1,1,1,0,0,35.606,0.197,6.117,13,4.973,0.203,0
33,25,30,7,5,30,7,23,111.374,1.192,0.063,18.971,28,343,64,1,1,1,1,0,0,28.687,0.244,4.886,23,5.278,0.196,0
33,26,48,7,5,48,11,37,82.476,1.352,0.133,10.137,30,425,76,1,1,1,1,0,0,48.179,0.228,5.922,28,7.048,0.244,0
33,27,29,7,5,29,12,17,81.535,1.166,0.147,7.924,26,425,83,1,1,1,1,0,0,25.949,0.462,2.522,24,7.498,0.202,0
33,28,30,7,5,30,7,23,53.343,1.156,0.131,8.809,27,425,99,1,1,1,1,0,0,32.697,0.214,5.399,15,3.924,0.284,0
33,29,29,7,5,29,13,16,47.966,1.156,0.271,4.264,25,425,99,1,1,1,1,0,0,37.006,0.351,3.29,18,4.85,0.284,0
33,30,30,7,5,30,3,27,83.275,1.172,0.036,32.519,27,425,99,1,1,1,1,0,0,32.674,0.092,12.759,22,4.635,0.222,0
33,31,48,7,5,48,18,30,60.704,1.341,0.297,4.522,30,425,99,1,1,1,1,0,0,46.688,0.386,3.478,19,4.797,0.276,0
33,32,29,7,5,29,15,14,42.059,1.156,0.357,3.241,20,425,99,1,1,1,1,0,0,31.67,0.474,2.441,19,5.492,0.277,0
33,33,29,7,5,29,15,14,39.991,1.156,0.375,3.081,21,425,99,1,1,1,1,0,0,29.671,0.506,2.286,17,5.487,0.303,0
33,34,41,7,5,41,12,29,85.166,1.387,0.141,9.841,34,425,99,1,1,1,1,0,0,41.405,0.29,4.784,29,6.273,0.268,0
33,35,42,7,5,42,15,27,74.97,1.28,0.2,6.399,20,425,99,1,1,1,1,0,0,33.833,0.443,2.888,20,4.486,0.214,0
33,36,30,7,5,30,12,18,59.637,1.174,0.201,5.834,14,425,99,1,1,1,1,0,0,46.247,0.259,4.524,13,5.047,0.214,0
33,37,29,7,5,29,8,21,41.076,1.146,0.195,5.882,16,425,99,1,1,1,1,0,0,31.408,0.255,4.497,13,4.193,0.233,0
33,38,29,7,5,29,12,17,46.253,1.149,0.259,4.429,17,425,99,1,1,1,1,0,0,42.676,0.281,4.086,14,2.841,0.236,0
33,39,41,7,5,41,18,23,75.901,1.379,0.237,5.817,25,425,99,1,1,1,1,0,0,42.019,0.428,3.22,22,4.6,0.267,0
33,40,31,7,5,31,21,10,48.445,1.23,0.433,2.837,28,425,99,1,1,1,1,0,0,42.338,0.496,2.479,23,4.604,0.289,0
34,1,4,2,8.8,4,3,1,22.916,0.407,0.131,3.112,2,6,1,1,1,1,1,0,0,11.587,0.259,1.573,2,2.081,0.108,0
34,2,5,2,8.6,5,3,2,28.947,0.275,0.104,2.65,2,6,4,1,1,1,1,0,0,14.725,0.204,1.348,2,2.012,0.101,0
34,3,6,2,8.4,6,2,4,31.655,0.332,0.063,5.247,5,6,6,1,1,1,1,0,0,23.597,0.085,3.911,3,2.44,0.112,0
34,4,7,3,8.2,7,3,4,33.668,0.392,0.089,4.395,6,23,3,1,1,1,1,0,0,21.438,0.14,2.798,5,1.98,0.109,0
34,5,12,4,8,12,9,3,29.993,0.609,0.3,2.031,8,23,5,1,1,1,1,0,0,24.266,0.371,1.643,8,1.292,0.142,0
34,6,9,3,7.8,9,8,1,29.837,0.491,0.268,1.83,9,42,6,1,1,1,1,0,0,16.96,0.472,1.04,6,1.194,0.138,0
34,7,11,4,7.6,11,8,3,43.774,0.61,0.183,3.34,11,42,9,1,1,1,1,0,0,22.296,0.359,1.701,10,0.915,0.123,0
34,8,12,4,7.4,12,5,7,52.063,0.713,0.096,7.419,12,67,11,1,1,1,1,0,0,27.171,0.184,3.872,7,2.157,0.123,0
34,9,13,5,7.2,13,5,8,38.898,0.743,0.129,5.783,10,86,6,1,1,1,1,0,0,24.121,0.207,3.586,5,2.309,0.143,0
34,10,19,7,7,19,4,15,51.6,0.998,0.078,12.871,15,131,7,1,1,1,1,0,0,20.772,0.193,5.181,8,2.099,0.139,0
34,11,19,7,6.8,19,2,17,72.779,1.007,0.027,36.633,17,171,9,1,1,1,1,0,0,19.65,0.102,9.891,5,7.957,0.149,0
34,12,22,7,6.6,22,8,14,76.164,0.883,0.105,8.408,18,171,13,1,1,1,1,0,0,27.144,0.295,2.997,7,1.7,0.13,0
34,13,24,7,6.4,24,6,18,73.619,0.879,0.082,10.791,11,192,19,1,1,1,1,0,0,45.886,0.131,6.726,6,4.426,0.163,0
34,14,26,7,6.2,26,0,26,124.861,1.076,0,-1,25,192,22,1,1,1,1,0,0,44.491,0,-1,11,7.577,0.162,0
34,15,36,7,6,36,2,34,128.385,0.906,0.016,58.129,33,192,25,1,0.678,1,0.678,0,0,52.421,0.038,23.735,13,15.234,0.204,0
34,16,33,7,5.8,33,5,28,88.785,1.072,0.056,19.04,29,192,32,0.678,0.838,0.678,0.838,0,0,53.769,0.093,11.531,12,7.182,0.202,0
34,17,34,7,5.6,34,2,32,185.864,1.142,0.011,106.145,30,234,21,0.838,0.962,0.838,0.962,0,0,65.112,0.031,37.185,12,18.278,0.161,0
34,18,43,7,5.4,43,4,39,114.099,1.028,0.035,29.324,37,234,28,0.962,0.693,0.962,0.693,0,0,76.839,0.052,19.748,25,6.942,0.235,0
34,19,44,7,5.2,44,6,38,125.434,1.154,0.048,24.135,42,259,30,0.693,0.37,0.693,0.37,0,0,66.086,0.091,12.716,35,19.074,0.244,0
34,20,58,7,5,58,13,45,101.098,1.065,0.129,8.282,37,259,43,0.37,0.56,0.37,0.56,0,0,70.894,0.183,5.808,14,11.412,0.306,0
34,21,36,7,5,36,9,27,79.347,1.046,0.113,9.224,32,259,50,0.56,0.76,0.56,0.76,0,0,58.548,0.154,6.806,22,13.892,0.302,0
34,22,36,7,5,36,5,31,84.518,1.043,0.059,17.632,30,259,61,0.76,0.915,0.76,0.915,0,0,54.389,0.092,11.347,12,14.236,0.287,0
34,23,36,7,5,36,3,33,177.682,1.112,0.017,65.881,34,259,67,0.915,1,0.915,1,0,0,64.773,0.046,24.016,19,6.971,0.203,0
34,24,58,7,5,58,3,55,143.89,1.132,0.021,54.311,46,348,92,1,1,1,1,0,0,88.62,0.034,33.45,32,12.319,0.285,0
34,25,36,7,5,36,7,30,93.308,0.993,0.075,13.236,27,308,104,1,1,1,1,0,0,64.563,0.108,9.158,22,7.389,0.26,0
34,26,37,7,5,37,17,20,87.74,0.994,0.194,5.13,24,345,100,1,1,1,1,0,0,66.86,0.254,3.91,14,5.927,0.344,0
34,27,38,7,5,38,1,37,139.162,0.977,0.007,136.006,36,406,73,1,1,1,1,0,0,72.729,0.014,71.08,27,13.78,0.385,0
34,28,40,7,5,40,16,24,134.254,1.02,0.119,8.558,26,490,51,1,1,1,1,0,0,85.666,0.187,5.461,23,7.809,0.393,0
34,29,42,7,5,42,21,21,140.068,1.017,0.15,6.785,37,490,58,1,1,1,1,0,0,75.673,0.278,3.666,28,9.651,0.454,0
34,30,42,7,5,42,10,32,141.676,0.998,0.071,14.133,35,490,65,1,1,1,1,0,0,85.784,0.117,8.557,29,12.427,0.401,0
34,31,42,7,5,42,14,28,117.797,1.061,0.119,8.928,38,490,71,1,1,1,1,0,0,89.338,0.157,6.771,29,17.439,0.458,0
34,32,42,7,5,42,14,28,157.955,1.065,0.089,12.016,39,490,71,1,1,1,1,0,0,82.039,0.171,6.241,30,9.228,0.422,0
34,33,42,7,5,42,7,35,150.478,0.87,0.047,18.696,36,490,71,1,1,1,1,0,0,92.671,0.076,11.514,27,22.578,0.548,0
34,34,54,7,5,54,28,26,181.111,0.985,0.155,6.37,30,490,71,1,1,1,1,0,0,99.954,0.28,3.515,22,5.029,0.512,0
34,35,54,7,5,54,22,32,185.095,0.87,0.119,7.319,32,490,71,1,1,1,1,0,0,96.703,0.228,3.824,26,8.068,0.505,0
34,36,54,7,5,54,9,45,194.977,0.983,0.046,21.293,45,490,71,1,1,1,1,0,0,101.101,0.089,11.041,38,22.467,0.606,0
34,37,42,7,5,42,16,26,128.72,0.922,0.124,7.417,34,490,71,1,1,1,1,0,0,89.456,0.179,5.155,24,8.585,0.486,0
34,38,42,7,5,42,22,20,121.808,0.985,0.181,5.454,29,490,71,1,1,1,1,0,0,89.945,0.245,4.027,17,15.321,0.459,0
34,39,42,7,5,42,24,18,159.079,0.976,0.151,6.469,22,490,71,1,1,1,1,0,0,84.932,0.283,3.454,13,11.841,0.469,0
34,40,45,7,5,45,21,24,156.707,0.916,0.134,6.832,28,490,71,1,1,1,1,0,0,101.669,0.207,4.432,22,15.762,0.466,0
35,1,4,2,8.8,4,3,1,25.844,0.41,0.116,3.531,3,7,1,1,1,1,1,0,0,20.05,0.15,2.74,2,3.309,0.118,0
35,2,5,2,8.6,5,2,3,25.809,0.276,0.077,3.556,2,7,3,1,1,1,1,0,0,10.713,0.187,1.476,2,1.377,0.091,0
35,3,6,2,8.4,6,6,0,39.983,0.33,0.15,2.2,4,19,2,1,1,1,1,0,0,35.068,0.171,1.93,4,3.292,0.117,0
35,4,7,3,8.2,7,7,0,24.86,0.386,0.282,1.37,4,19,4,1,1,1,1,0,0,23.169,0.302,1.277,4,0.795,0.123,0
35,5,12,4,8,12,5,7,46.786,0.634,0.107,5.936,8,100,7,1,1,1,1,0,0,14.422,0.347,1.83,4,11.496,0.139,0
35,6,9,3,7.8,9,5,4,50.409,0.529,0.099,5.331,9,109,8,1,1,1,1,0,0,31.66,0.158,3.348,4,9.314,0.146,0
35,7,11,4,7.6,11,3,8,44.115,0.575,0.068,8.46,9,76,8,1,1,1,1,0,0,22.596,0.133,4.333,4,8.563,0.146,0
35,8,14,5,7.4,14,6,8,48.671,0.72,0.123,5.839,12,102,10,1,1,1,1,0,0,28.603,0.21,3.431,7,3.717,0.145,0
35,9,15,5,7.2,15,7,8,63.32,0.797,0.111,7.211,9,102,11,1,1,1,1,0,0,32.502,0.215,3.701,7,0.284,0.123,0
35,10,21,7,7,21,2,19,75.735,1.089,0.026,41.247,20,152,12,1,1,1,1,0,0,20.336,0.098,11.075,10,1.357,0.15,0
35,11,20,7,6.8,20,0,20,67.585,1.069,0,-1,19,171,13,1,1,1,1,0,0,15.881,0,-1,12,6.735,0.168,0
35,12,24,7,6.6,24,5,19,102.301,0.959,0.049,19.619,22,171,27,1,1,1,1,0,0,40.428,0.124,7.753,20,6.897,0.15,0
35,13,32,7,6.4,32,14,18,98.759,0.882,0.142,6.223,22,214,29,1,1,1,1,0,0,51.789,0.27,3.263,19,7.472,0.164,0
35,14,29,7,6.2,29,7,22,89.9,0.871,0.078,11.183,21,214,53,1,1,1,1,0,0,54.004,0.13,6.718,11,3.501,0.171,0
35,15,32,7,6,32,14,18,133.789,0.947,0.105,9.045,29,214,76,1,1,1,1,0,0,58.841,0.238,3.978,21,7.106,0.207,0
35,16,43,7,5.8,43,9,34,158.74,1.013,0.057,17.864,41,236,58,1,1,1,1,0,0,77.283,0.116,8.697,35,8.585,0.243,0
35,17,56,7,5.6,56,17,40,177.939,1.094,0.096,11.448,40,252,57,1,1,1,1,0,0,103.874,0.164,6.683,31,6.304,0.239,0
35,18,42,7,5.4,42,7,35,118.571,1.098,0.059,18.597,38,252,57,1,1,1,1,0,0,69.423,0.101,10.888,24,5.846,0.28,0
35,19,36,7,5.2,36,19,17,109.196,1,0.174,5.748,28,268,60,1,1,1,1,0,0,62.674,0.303,3.299,24,2.931,0.333,0
35,20,36,7,5,36,20,16,114.664,0.989,0.174,5.673,29,268,60,1,1,1,1,0,0,76.963,0.26,3.807,22,4.932,0.333,0
35,21,36,7,5,36,13,23,118.982,1.008,0.109,9.23,33,268,60,1,1,1,1,0,0,62.013,0.21,4.81,29,1.916,0.34,0
35,22,36,7,5,36,9,27,107.558,0.971,0.084,11.599,30,293,49,1,1,1,1,0,0,74.809,0.12,8.067,25,1.988,0.329,0
35,23,37,7,5,37,3,34,159.673,0.987,0.019,52.517,33,293,49,1,1,1,1,0,0,85.392,0.035,28.086,28,4.092,0.334,0
35,24,37,7,5,37,6,31,133.654,1.019,0.045,22.7,31,293,49,1,1,1,1,0,0,88.963,0.067,15.109,22,3.631,0.357,0
35,25,49,7,5,49,6,43,158.467,1.138,0.038,30.051,42,336,50,1,1,1,1,0,0,102.078,0.059,19.357,31,2.324,0.363,0
35,26,38,7,5,38,2,36,162.532,1.086,0.012,88.267,34,361,52,1,1,1,1,0,0,81.879,0.024,44.467,28,1.807,0.283,0
35,27,38,7,5,38,11,27,157.412,1.035,0.07,14.804,31,431,69,1,1,1,1,0,0,100.195,0.11,9.423,21,2.653,0.282,0
35,28,52,7,5,52,35,17,189.76,0.939,0.184,5.092,32,504,97,1,1,1,1,0,0,145.392,0.241,3.901,20,4.92,0.443,0
35,29,42,7,5,42,13,29,194.814,1.039,0.067,15.577,35,504,106,1,1,1,1,0,0,87.862,0.148,7.025,32,4.782,0.422,0
35,30,45,7,5,45,31,14,164.7,0.938,0.188,4.985,26,504,106,1,1,1,1,0,0,106.043,0.292,3.209,17,3.655,0.401,0
35,31,67,7,5,67,44,23,184.267,1.098,0.239,4.6,30,504,106,1,1,1,1,0,0,102.064,0.431,2.548,24,1.795,0.394,0
35,32,45,7,5,45,20,25,195.042,0.88,0.103,8.579,31,504,106,1,1,1,1,0,0,98.426,0.203,4.329,20,6.501,0.403,0
35,33,45,7,5,45,35,10,122.582,0.963,0.286,3.372,19,504,106,1,1,1,1,0,0,79.911,0.438,2.198,9,1.427,0.368,0
35,34,57,7,5,57,40,17,168.132,0.956,0.238,4.018,30,504,106,1,1,1,1,0,0,107.092,0.374,2.559,16,2.667,0.432,0
35,35,45,7,5,45,21,24,172.353,1.049,0.122,8.612,32,504,106,1,1,1,1,0,0,97.329,0.216,4.863,23,1.344,0.368,0
35,36,25,7,5,25,19,6,100.336,1.045,0.189,5.517,17,504,106,1,1,1,1,0,0,49.286,0.386,2.71,11,1.18,0.364,0
35,37,57,7,5,57,39,18,182.864,0.999,0.213,4.686,26,504,106,1,1,1,1,0,0,102.776,0.379,2.634,18,1.406,0.401,0
35,38,45,7,5,45,25,20,187.151,0.913,0.134,6.835,28,504,106,1,1,1,1,0,0,97.367,0.257,3.556,19,3.051,0.376,0
35,39,45,7,5,45,24,21,155.002,0.996,0.155,6.433,30,504,106,1,1,1,1,0,0,91.459,0.262,3.796,25,1.323,0.435,0
35,40,62,7,5,62,45,17,163.065,1.033,0.276,3.742,29,504,106,1,1,1,1,0,0,116.463,0.386,2.673,23,1.842,0.404,0
36,1,4,2,8.8,4,2,2,35.057,0.41,0.057,7.189,3,9,1,1,1,1,1,0,0,10.469,0.191,2.147,2,4.695,0.104,0
36,2,5,2,8.6,5,4,1,19.785,0.275,0.202,1.36,2,9,4,1,1,1,1,0,0,12.141,0.329,0.834,2,1.306,0.128,0
36,3,6,2,8.4,6,6,0,47.757,0.332,0.126,2.642,4,9,8,1,1,1,1,0,0,31.993,0.188,1.77,4,3.172,0.126,0
36,4,7,3,8.2,7,7,0,17.018,0.388,0.411,0.943,3,9,9,1,1,1,1,0,0,10.828,0.646,0.6,3,2.195,0.125,0
36,5,19,7,8,19,18,1,35.819,0.859,0.503,1.708,10,9,9,1,1,1,1,0,0,31.459,0.572,1.5,8,2.773,0.183,0
36,6,9,3,7.8,9,8,1,21.419,0.494,0.374,1.324,5,9,9,1,1,1,1,0,0,13.189,0.607,0.815,4,2.048,0.161,0
36,7,10,4,7.6,10,9,1,23.872,0.555,0.377,1.471,6,9,9,1,1,1,1,0,0,17.825,0.505,1.099,6,2.284,0.175,0
36,8,11,4,7.4,11,11,0,24.549,0.612,0.448,1.366,7,9,9,1,1,1,1,0,0,22.442,0.49,1.249,6,2.812,0.192,0
36,9,12,4,7.2,12,11,1,23.15,0.672,0.475,1.415,5,9,9,1,1,1,1,0,0,19.904,0.553,1.216,5,1.793,0.163,0
36,10,13,5,7,13,10,3,25.044,0.722,0.399,1.808,9,9,9,1,1,1,1,0,0,21.12,0.473,1.525,6,3.708,0.194,0
36,11,14,5,6.8,14,13,1,21.309,0.789,0.61,1.292,8,9,9,1,1,1,1,0,0,20.34,0.639,1.234,5,3.082,0.181,0
36,12,15,5,6.6,15,13,2,33.437,0.836,0.389,2.151,9,9,9,1,1,1,1,0,0,23.694,0.549,1.524,9,3.961,0.209,0
36,13,16,6,6.4,16,16,0,23.812,0.885,0.672,1.317,10,9,9,1,1,1,1,0,0,23.105,0.692,1.278,9,1.694,0.272,0
36,14,23,7,6.2,23,18,5,33.908,0.903,0.531,1.7,12,9,9,1,1,1,1,0,0,28.723,0.627,1.44,8,4.102,0.234,0
36,15,18,6,6,18,15,3,25.532,0.984,0.588,1.676,11,9,9,1,1,1,1,0,0,25.274,0.593,1.659,11,2.063,0.258,0
36,16,19,7,5.8,19,18,1,21.568,1.063,0.835,1.274,12,9,9,1,1,1,1,0,0,21.568,0.835,1.274,9,2.101,0.242,0
36,17,27,7,5.6,27,26,2,46.901,1.053,0.554,1.9,12,9,9,1,1,1,1,0,0,46.462,0.56,1.882,10,2.287,0.232,0
36,18,20,7,5.4,20,13,7,28.573,1.154,0.455,2.536,14,9,9,1,1,1,1,0,0,25.665,0.507,2.278,14,2.623,0.221,0
36,19,29,7,5.2,29,26,3,36.556,0.987,0.711,1.387,15,9,9,1,1,1,1,0,0,35.028,0.742,1.329,14,1.673,0.245,0
36,20,27,7,5,27,24,3,45.082,1.154,0.532,2.167,14,9,9,1,1,1,1,0,0,40.104,0.598,1.928,9,1.838,0.233,0
36,21,21,7,5,21,19,2,31.102,1.24,0.611,2.03,11,9,9,1,1,1,1,0,0,29.722,0.639,1.94,10,2.074,0.216,0
36,22,21,7,5,21,18,4,39.758,1.212,0.453,2.678,11,9,9,1,1,1,1,0,0,38.986,0.462,2.626,9,2.011,0.224,0
36,23,21,7,5,21,18,3,26.709,1.216,0.674,1.804,15,9,9,1,1,1,1,0,0,25.873,0.696,1.748,12,3.236,0.24,0
36,24,23,7,5,23,17,6,25.574,1.046,0.665,1.574,8,9,9,1,1,1,1,0,0,25.147,0.676,1.547,8,1.835,0.208,0
36,25,23,7,5,23,18,6,39.207,1.018,0.459,2.218,10,9,9,1,1,1,1,0,0,37.751,0.477,2.135,9,1.729,0.19,0
36,26,23,7,5,23,17,6,28.836,1.022,0.59,1.733,7,9,9,1,1,1,1,0,0,26.597,0.639,1.599,7,1.1,0.218,0
36,27,24,7,5,24,21,3,29.807,1.048,0.705,1.487,10,9,9,1,1,1,1,0,0,27.392,0.767,1.366,7,1.228,0.216,0
36,28,24,7,5,24,20,4,46.717,1.018,0.428,2.379,10,9,9,1,1,1,1,0,0,44.911,0.445,2.287,8,1.715,0.207,0
36,29,24,7,5,24,15,9,34.406,1.052,0.436,2.414,12,9,9,1,0.936,1,0.936,0,0,32.415,0.463,2.274,10,1.567,0.21,0
36,30,40,7,5,40,22,18,48.651,1.066,0.452,2.357,16,9,9,0.936,0.32,0.936,0.32,0,1,47.336,0.465,2.294,13,1.964,0.235,1
36,31,26,7,5,26,11,15,31.302,1.097,0.351,3.122,12,9,9,0.32,0.589,0.32,0.589,0,0,28.05,0.392,2.798,12,2.074,0.238,0.75
36,32,15,5,5,15,11,4,25.988,0.987,0.423,2.332,8,9,9,0.589,0.983,0.589,0.983,0,0,24.431,0.45,2.192,5,2.527,0.206,0.5
36,33,27,7,5,27,24,3,45.723,1.104,0.525,2.104,13,9,9,0.983,1,0.983,1,0,0,43.695,0.549,2.01,9,2.224,0.231,0.25
36,34,29,7,5,29,4,25,36.93,1.01,0.108,9.328,22,9,9,1,0.681,1,0.681,0,0,32.622,0.123,8.24,13,2.364,0.207,0
36,35,36,7,5,36,27,9,45.147,0.987,0.598,1.65,11,9,9,0.681,1,0.681,1,0,0,44.719,0.604,1.634,11,1.573,0.193,0
36,36,32,7,5,32,24,8,53.798,1.074,0.446,2.406,14,9,9,1,1,1,1,0,0,51.814,0.463,2.318,12,2.237,0.189,0
36,37,34,7,5,34,19,15,42.624,1.046,0.446,2.346,15,9,9,1,0.878,1,0.878,0,0,40.124,0.474,2.209,14,1.705,0.234,0
36,38,35,7,5,35,19,16,47.514,1.114,0.4,2.786,16,9,9,0.878,0.317,0.878,0.317,0,1,45.64,0.416,2.676,11,1.795,0.215,1
36,39,34,7,5,34,15,19,43.804,1.119,0.342,3.268,20,9,9,0.317,0.276,0.317,0.276,0,1,39.274,0.382,2.93,13,2.561,0.195,2
36,40,34,7,5,34,14,20,49.248,1.115,0.284,3.922,9,9,9,0.276,0.541,0.276,0.541,0,0,46.941,0.298,3.738,8,1.422,0.204,1.75
37,1,4,2,8.8,4,0,4,37.951,0.41,0,-1,3,10,1,1,1,1,1,0,0,5.397,0,-1,1,12.206,0.102,0
37,2,5,2,8.6,5,4,1,29.899,0.275,0.134,2.052,3,10,2,1,1,1,1,0,0,16.582,0.241,1.138,2,3.802,0.098,0
37,3,6,2,8.4,6,4,2,33.746,0.33,0.119,2.787,4,10,5,1,1,1,1,0,0,31.78,0.126,2.625,4,1.404,0.11,0
37,4,7,3,8.2,7,6,1,33.396,0.388,0.18,2.159,4,10,7,1,1,1,1,0,0,29.1,0.206,1.882,4,1.275,0.112,0
37,5,8,3,8,8,7,1,18.283,0.429,0.383,1.121,4,21,3,1,1,1,1,0,0,18.154,0.386,1.113,4,0.434,0.131,0
37,6,14,5,7.8,14,13,1,22.756,0.696,0.571,1.219,5,21,6,1,1,1,1,0,0,19.526,0.666,1.046,5,0.706,0.132,0
37,7,10,4,7.6,10,9,1,19.113,0.535,0.471,1.136,4,42,2,1,1,1,1,0,0,17.901,0.503,1.064,4,0.464,0.146,0
37,8,12,4,7.4,12,12,0,23.559,0.65,0.509,1.275,5,42,4,1,1,1,1,0,0,22.89,0.524,1.239,5,0.725,0.153,0
37,9,13,5,7.2,13,11,2,28.318,0.713,0.388,1.836,5,42,5,1,1,1,1,0,0,27.923,0.394,1.811,5,0.372,0.161,0
37,10,22,7,7,22,20,2,43.888,0.795,0.456,1.744,6,42,6,1,1,1,1,0,0,39.594,0.505,1.574,6,0.548,0.151,0
37,11,15,5,6.8,15,13,2,30.828,0.827,0.422,1.96,5,42,7,1,1,1,1,0,0,30.695,0.424,1.952,5,0.559,0.175,0
37,12,16,6,6.6,16,15,1,40.18,0.879,0.373,2.354,5,42,8,1,1,1,1,0,0,39.346,0.381,2.305,5,0.551,0.171,0
37,13,17,6,6.4,17,17,0,27.704,0.939,0.614,1.53,5,42,9,1,1,1,1,0,0,27.151,0.626,1.5,5,0.663,0.19,0
37,14,26,7,6.2,26,26,0,38.376,0.98,0.678,1.446,8,42,10,1,1,1,1,0,0,34.373,0.756,1.295,8,0.665,0.184,0
37,15,26,7,6,26,24,2,53.101,0.969,0.452,2.145,12,63,4,1,1,1,1,0,0,37.834,0.634,1.528,11,0.802,0.168,0
37,16,23,7,5.8,23,23,0,35.944,0.917,0.64,1.432,8,81,2,1,1,1,1,0,0,34.32,0.67,1.368,8,0.589,0.167,0
37,17,24,7,5.6,24,21,3,30.262,0.98,0.694,1.412,7,81,4,1,1,1,1,0,0,29.014,0.724,1.354,7,0.432,0.164,0
37,18,40,7,5.4,40,31,9,97.394,1.009,0.318,3.17,15,81,6,1,1,1,1,0,0,57.859,0.536,1.883,8,6.43,0.153,0
37,19,25,7,5.2,25,21,4,55.138,1.076,0.381,2.825,7,81,8,1,1,1,1,0,0,36.527,0.575,1.872,7,1.606,0.14,0
37,20,26,7,5,26,24,2,43.79,1.112,0.548,2.029,9,81,10,1,1,1,1,0,0,37.149,0.646,1.721,9,0.504,0.155,0
37,21,33,7,5,33,30,3,36.978,1.098,0.811,1.353,6,81,10,1,1,1,1,0,0,35.921,0.835,1.314,6,0.485,0.195,0
37,22,14,5,5,14,14,0,15.132,0.982,0.925,1.062,5,81,10,1,1,1,1,0,0,14.318,0.978,1.005,5,0.4,0.2,0
37,23,34,7,5,34,28,6,65.196,1.112,0.429,2.589,8,81,10,1,1,1,1,0,0,45.465,0.616,1.806,8,0.576,0.162,0
37,24,26,7,5,26,22,4,34.548,1.143,0.637,1.795,7,81,10,1,1,1,1,0,0,34.334,0.641,1.784,7,0.398,0.172,0
37,25,27,7,5,27,24,3,60.226,1.118,0.398,2.805,8,81,10,1,1,1,1,0,0,32.104,0.748,1.495,6,2.161,0.147,0
37,26,29,7,5,29,28,1,32.629,0.98,0.858,1.142,6,81,10,1,1,1,1,0,0,30.827,0.908,1.079,6,0.433,0.185,0
37,27,29,7,5,29,28,1,28.353,0.985,0.988,0.998,6,81,10,1,1,1,1,0,0,26.55,1.055,0.934,6,0.404,0.174,0
37,28,46,7,5,46,40,8,74.829,1.031,0.535,1.929,12,81,10,1,1,1,1,0,0,64.67,0.619,1.667,8,0.75,0.165,0
37,29,30,7,5,30,27,3,36.272,1.038,0.744,1.394,6,81,10,1,1,1,1,0,0,35.618,0.758,1.369,6,0.397,0.172,0
37,30,30,7,5,30,29,1,31.242,1.011,0.928,1.089,6,81,10,1,1,1,1,0,0,29.518,0.982,1.029,6,0.514,0.208,0
37,31,30,7,5,30,30,2,31.109,1.02,0.964,1.057,7,81,10,1,1,1,1,0,0,29.655,1.012,1.008,7,0.401,0.192,0
37,32,30,7,5,30,27,3,61.311,1.018,0.44,2.312,7,81,10,1,1,1,1,0,0,52.29,0.516,1.972,6,1.422,0.169,0
37,33,60,7,5,60,47,13,120.836,1.026,0.389,2.639,19,81,10,1,1,1,1,0,0,87.354,0.538,1.908,9,3.78,0.186,0
37,34,32,7,5,32,29,3,54.675,1.075,0.53,2.028,9,81,10,1,1,1,1,0,0,45.835,0.633,1.7,8,0.538,0.147,0
37,35,37,7,5,37,25,12,72.068,1.012,0.347,2.917,18,81,10,1,0.958,1,0.958,0,0,54.417,0.459,2.203,13,1.676,0.177,0
37,36,36,7,5,36,27,9,57.855,0.988,0.467,2.118,10,81,10,0.958,1,0.958,1,0,0,44.493,0.607,1.629,9,0.578,0.162,0
37,37,37,7,5,37,32,5,60.473,1.021,0.529,1.929,8,81,10,1,1,1,1,0,0,45.994,0.696,1.467,6,1.454,0.145,0
37,38,37,7,5,37,26,11,100.245,1.009,0.259,3.891,11,81,10,1,1,1,1,0,0,47.466,0.548,1.842,11,0.948,0.157,0
37,39,38,7,5,38,22,16,73.19,1.039,0.301,3.458,18,81,10,1,0.913,1,0.913,0,0,53.112,0.414,2.509,9,4.576,0.209,0
37,40,24,7,5,24,17,7,42.153,1.056,0.403,2.618,10,81,10,0.913,1,0.913,1,0,0,29.673,0.573,1.843,7,1.6,0.175,0
38,1,4,2,8.8,4,1,3,41.018,0.409,0.024,16.785,3,4,1,1,1,1,1,0,0,0.654,1.528,0.268,1,0.648,0.111,0
38,2,5,2,8.6,5,3,2,31.531,0.275,0.095,2.891,3,4,2,1,1,1,1,0,0,18.149,0.165,1.664,1,1.258,0.119,0
38,3,6,2,8.4,6,5,1,28.219,0.331,0.177,1.871,3,4,4,1,1,1,1,0,0,15.521,0.322,1.029,3,4.271,0.131,0
38,4,7,3,8.2,7,5,2,33.104,0.387,0.151,2.562,4,4,4,1,1,1,1,0,0,24.477,0.204,1.895,4,2.651,0.136,0
38,5,12,4,8,12,10,2,30.662,0.607,0.326,1.861,7,4,4,1,1,1,1,0,0,30.52,0.328,1.852,6,1.533,0.153,0
38,6,9,3,7.8,9,8,1,25.605,0.498,0.312,1.594,5,4,4,1,1,1,1,0,0,15.618,0.512,0.972,3,4.28,0.136,0
38,7,10,4,7.6,10,8,2,22.223,0.546,0.36,1.516,6,172,5,1,1,1,1,0,0,20.14,0.397,1.374,4,1.695,0.172,0
38,8,11,4,7.4,11,5,6,79.678,0.615,0.063,9.802,6,172,5,1,1,1,1,0,0,29.86,0.167,3.674,4,3.061,0.159,0
38,9,12,4,7.2,12,7,5,70.789,0.672,0.099,6.795,7,172,5,1,1,1,1,0,0,25.25,0.277,2.424,5,3.553,0.172,0
38,10,14,5,7,14,9,5,93.731,0.804,0.096,8.378,10,172,5,1,1,1,1,0,0,46.664,0.193,4.171,8,3.583,0.176,0
38,11,15,5,6.8,15,4,11,63.872,0.82,0.063,13.087,8,172,5,1,1,1,1,0,0,37.108,0.108,7.603,6,2.498,0.173,0
38,12,16,6,6.6,16,7,9,93.398,0.851,0.075,11.354,12,257,7,1,1,1,1,0,0,42.247,0.166,5.136,10,3.469,0.193,0
38,13,18,6,6.4,18,8,10,45.568,0.946,0.176,5.391,10,257,9,1,1,1,1,0,0,32.685,0.245,3.867,7,3.528,0.182,0
38,14,20,7,6.2,20,6,14,91.067,1.093,0.066,16.592,17,257,11,1,1,1,1,0,0,27.034,0.222,4.925,13,1.902,0.212,0
38,15,34,7,6,34,10,24,106.377,1.076,0.094,11.442,18,257,14,1,1,1,1,0,0,60.196,0.166,6.475,11,8.244,0.238,0
38,16,27,7,5.8,27,4,23,136.292,1.076,0.029,36.655,19,257,18,1,1,1,1,0,0,58.517,0.068,15.738,15,9.254,0.235,0
38,17,29,7,5.6,29,6,23,108.588,1.045,0.055,18.904,21,257,24,1,1,1,1,0,0,41.943,0.143,7.302,12,4.979,0.22,0
38,18,31,7,5.4,31,13,18,150.426,1.129,0.086,13.063,25,257,30,1,1,1,1,0,0,68.803,0.189,5.975,12,7.57,0.247,0
38,19,31,7,5.2,31,3,28,60.049,1.129,0.05,22.602,16,257,33,1,1,1,1,0,0,34.825,0.086,13.108,15,2.766,0.217,0
38,20,32,7,5,32,10,22,133.443,1.25,0.075,16.685,27,257,41,1,1,1,1,0,0,61.819,0.162,7.729,15,3.926,0.263,0
38,21,32,7,5,32,8,24,132.912,1.296,0.06,21.535,23,257,49,1,1,1,1,0,0,45.027,0.178,7.296,18,4.672,0.219,0
38,22,32,7,5,32,11,21,130.066,1.317,0.085,15.574,24,257,52,1,1,1,1,0,0,58.516,0.188,7.006,21,3.43,0.232,0
38,23,32,7,5,32,6,26,49.746,1.186,0.121,9.833,16,257,52,1,1,1,1,0,0,38.033,0.158,7.518,14,2.148,0.227,0
38,24,32,7,5,32,12,20,115.704,1.31,0.104,12.633,23,257,52,1,1,1,1,0,0,43.443,0.276,4.743,11,4.855,0.23,0
38,25,32,7,5,32,7,25,174.855,1.238,0.04,30.913,26,341,59,1,1,1,1,0,0,75.633,0.093,13.371,21,12.778,0.247,0
38,26,35,7,5,35,14,21,164.361,1.402,0.085,16.458,30,425,76,1,1,1,1,0,0,70.548,0.198,7.064,13,12.184,0.266,0
38,27,35,7,5,35,14,21,148.764,1.357,0.094,14.423,24,425,88,1,1,1,1,0,0,57.046,0.245,5.531,18,3.257,0.219,0
38,28,34,7,5,34,14,20,121.257,1.222,0.115,10.584,22,425,94,1,1,1,1,0,0,57.377,0.244,5.008,17,3.808,0.252,0
38,29,46,7,5,46,23,23,133.273,1.215,0.173,7.038,29,425,94,1,1,1,1,0,0,65.1,0.353,3.438,16,6.034,0.232,0
38,30,35,7,5,35,17,18,194.907,1.471,0.087,16.865,32,425,94,1,1,1,1,0,0,59.921,0.284,5.185,28,4.05,0.255,0
38,31,19,7,5,19,6,13,105.366,1.299,0.057,22.815,17,425,94,1,1,1,1,0,0,35.198,0.17,7.621,16,2.583,0.221,0
38,32,35,7,5,35,14,22,143.577,1.338,0.098,13.72,29,425,94,1,1,1,1,0,0,63.033,0.222,6.023,26,3.807,0.225,0
38,33,35,7,5,35,5,30,189.448,1.31,0.026,49.645,27,425,94,1,1,1,1,0,0,81.859,0.061,21.451,19,10.067,0.286,0
38,34,56,7,5,56,12,44,190.532,1.403,0.063,22.27,42,425,94,1,1,1,1,0,0,75.837,0.158,8.864,24,7.284,0.288,0
38,35,35,7,5,35,11,24,106.983,1.435,0.103,13.953,29,425,94,1,1,1,1,0,0,53.115,0.207,6.927,19,3.223,0.201,0
38,36,37,7,5,37,14,23,156.875,1.217,0.089,13.633,31,425,94,1,1,1,1,0,0,65.024,0.215,5.651,26,4.886,0.198,0
38,37,37,7,5,37,7,30,147.113,1.216,0.048,25.554,31,425,94,1,1,1,1,0,0,61.117,0.115,10.616,23,7.954,0.236,0
38,38,37,7,5,37,11,26,112.151,1.231,0.098,12.547,25,425,94,1,1,1,1,0,0,61.515,0.179,6.882,20,5.341,0.222,0
38,39,36,7,5,36,11,25,136.834,1.23,0.08,15.305,28,425,94,1,1,1,1,0,0,67.388,0.163,7.537,18,4.725,0.234,0
38,40,58,7,5,58,11,47,194.915,1.307,0.056,23.157,52,425,94,1,1,1,1,0,0,83.813,0.131,9.957,41,10.472,0.357,0
39,1,4,2,8.8,4,3,1,24.756,0.41,0.121,3.38,3,7,1,1,1,1,1,0,0,13.849,0.217,1.891,1,2.292,0.118,0
39,2,5,2,8.6,5,2,3,26.032,0.275,0.077,3.585,3,7,3,1,1,1,1,0,0,21.728,0.092,2.993,3,1.744,0.124,0
39,3,6,2,8.4,6,3,3,31.24,0.332,0.096,3.454,6,7,6,1,1,1,1,0,0,23.113,0.13,2.556,6,2.365,0.159,0
39,4,7,3,8.2,7,4,3,21.235,0.389,0.188,2.063,4,7,7,1,1,1,1,0,0,17.292,0.231,1.68,4,1.854,0.141,0
39,5,8,3,8,8,5,3,29.465,0.425,0.17,2.503,6,22,2,1,1,1,1,0,0,14.929,0.335,1.268,4,1.19,0.142,0
39,6,9,3,7.8,9,5,4,41.036,0.494,0.122,4.053,3,190,4,1,1,1,1,0,0,34.655,0.144,3.422,3,2.172,0.18,0
39,7,10,4,7.6,10,8,2,41.776,0.578,0.191,3.016,9,275,5,1,1,1,1,0,0,15.605,0.513,1.127,7,1.776,0.209,0
39,8,6,2,7.4,6,4,2,18.761,0.372,0.213,1.743,2,87,7,1,1,1,1,0,0,12.614,0.317,1.172,2,1.48,0.132,0
39,9,14,5,7.2,14,6,8,47.731,0.794,0.126,6.314,7,87,9,1,1,1,1,0,0,21.549,0.278,2.851,5,2.436,0.138,0
39,10,16,6,7,16,4,13,53.607,0.847,0.075,11.358,13,127,4,1,1,1,1,0,0,30.956,0.129,6.559,8,8.934,0.168,0
39,11,19,7,6.8,19,7,13,48.926,0.97,0.143,6.778,13,127,5,1,1,1,1,0,0,26.505,0.264,3.672,7,1.758,0.175,0
39,12,21,7,6.6,21,3,19,80.696,1.15,0.037,30.93,20,172,6,1,0.976,1,0.976,0,0,27.346,0.11,10.482,10,4.963,0.163,0
39,13,24,7,6.4,24,6,18,84.599,0.897,0.071,12.645,16,172,11,0.976,1,0.976,1,0,0,33.8,0.178,5.052,7,7.98,0.159,0
39,14,49,7,6.2,49,4,45,102.017,1.071,0.039,27.319,35,190,7,1,1,1,1,0,0,44.339,0.09,11.874,19,4.208,0.211,0
39,15,31,7,6,31,3,28,85.49,0.98,0.035,27.914,20,190,10,1,0.718,1,0.718,0,0,42.375,0.071,13.836,9,2.792,0.158,0
39,16,33,7,5.8,33,3,30,89.201,1.078,0.034,32.051,27,190,16,0.718,0.615,0.718,0.615,0,0,42.788,0.07,15.374,12,9.04,0.181,0
39,17,34,7,5.6,34,4,30,103.931,1.061,0.038,27.562,24,231,13,0.615,0.762,0.615,0.762,0,0,38.688,0.103,10.26,7,8.754,0.203,0
39,18,35,7,5.4,35,9,26,93.146,1.202,0.097,12.438,22,231,19,0.762,0.642,0.762,0.642,0,0,48.774,0.185,6.513,8,9.571,0.193,0
39,19,35,7,5.2,35,12,23,97.023,1.27,0.124,10.27,21,231,24,0.642,0.879,0.642,0.879,0,0,38.606,0.311,4.086,7,5.838,0.19,0
39,20,35,7,5,35,7,28,104.436,1.132,0.067,16.895,23,231,34,0.879,0.704,0.879,0.704,0,0,59.125,0.118,9.565,9,7.742,0.209,0
39,21,35,7,5,35,3,32,176.218,1.172,0.017,68.843,28,254,40,0.704,0.538,0.704,0.538,0,0,49.793,0.06,19.453,16,14.38,0.202,0
39,22,36,7,5,36,14,22,81.933,0.986,0.171,5.768,8,254,61,0.538,0.793,0.538,0.793,0,0,37.955,0.369,2.672,7,0.965,0.173,0
39,23,35,7,5,35,15,20,83.29,1.106,0.18,6.141,15,254,69,0.793,1,0.793,1,0,0,54.256,0.276,4,8,6.915,0.203,0
39,24,39,7,5,39,12,27,118.168,1.227,0.102,12.084,23,254,80,1,1,1,1,0,0,52.28,0.23,5.346,11,6.322,0.202,0
39,25,62,7,5,62,20,42,163.504,1.19,0.122,9.727,40,292,93,1,1,1,1,0,0,81.975,0.244,4.877,15,11.34,0.199,0
39,26,40,7,5,40,7,33,79.82,1.052,0.088,12,20,362,103,1,1,1,1,0,0,58.176,0.12,8.746,7,5.219,0.23,0
39,27,40,7,5,40,7,34,111.632,1.052,0.063,16.777,26,439,68,1,1,1,1,0,0,67.991,0.103,10.219,9,7.546,0.216,0
39,28,43,7,5,43,23,27,72.956,0.981,0.315,3.111,16,485,48,1,1,1,1,0,0,57.035,0.403,2.432,7,2.729,0.26,0
39,29,45,7,5,45,15,33,86.59,0.95,0.173,5.483,19,485,68,1,1,1,1,0,0,61.716,0.243,3.908,8,3.259,0.396,0
39,30,28,7,5,28,11,18,75.744,1.102,0.145,7.586,19,485,77,1,1,1,1,0,0,45.119,0.244,4.519,8,3.96,0.295,0
39,31,45,7,5,45,20,27,112.679,1.011,0.177,5.694,21,485,77,1,1,1,1,0,0,65.04,0.308,3.287,9,8.359,0.312,0
39,32,45,7,5,45,8,38,123.704,1.008,0.065,15.581,22,485,77,1,1,1,1,0,0,61.383,0.13,7.731,9,5.366,0.291,0
39,33,45,7,5,45,9,36,117.965,1.116,0.076,14.625,26,485,77,1,1,1,1,0,0,54.506,0.165,6.757,11,7.139,0.276,0
39,34,49,7,5,49,15,34,141.197,1.073,0.106,10.104,32,485,77,1,1,1,1,0,0,106.369,0.141,7.612,12,4.016,0.294,0
39,35,52,7,5,52,10,45,54.594,1.009,0.183,5.511,7,485,77,1,1,1,1,0,0,47.775,0.209,4.823,7,0.95,0.231,0
39,36,49,7,5,49,13,38,148.026,1.107,0.088,12.603,25,485,77,1,1,1,1,0,0,67.779,0.192,5.771,13,4.655,0.25,0
39,37,49,7,5,49,13,38,117.2,1.167,0.111,10.522,27,485,77,1,1,1,1,0,0,62.036,0.21,5.569,16,3.088,0.262,0
39,38,49,7,5,49,9,43,104.93,1.109,0.086,12.931,23,485,77,1,1,1,1,0,0,78.752,0.114,9.705,12,2.917,0.259,0
39,39,49,7,5,49,13,39,144.832,1.128,0.09,12.568,30,485,77,1,1,1,1,0,0,70.743,0.184,6.139,14,4.673,0.265,0
39,40,27,7,5,27,8,20,112.124,1.099,0.071,15.409,17,485,77,1,1,1,1,0,0,64.855,0.123,8.913,6,7.994,0.241,0
40,1,4,2,8.8,4,2,2,34.203,0.412,0.058,7.04,3,8,1,1,1,1,1,0,0,12.059,0.166,2.482,2,5.424,0.109,0
40,2,5,2,8.6,5,2,3,20.894,0.274,0.096,2.864,2,8,3,1,1,1,1,0,0,15.042,0.133,2.062,2,1.261,0.107,0
40,3,6,2,8.4,6,4,2,35.493,0.329,0.113,2.918,4,20,2,1,1,1,1,0,0,24.154,0.166,1.986,4,1.358,0.156,0
40,4,7,3,8.2,7,7,0,25.361,0.387,0.276,1.403,5,20,3,1,1,1,1,0,0,20.146,0.347,1.114,5,1.417,0.147,0
40,5,8,3,8,8,7,1,26.91,0.433,0.26,1.664,5,20,4,1,1,1,1,0,0,23.442,0.299,1.45,5,0.752,0.151,0
40,6,9,3,7.8,9,6,3,35.421,0.516,0.169,3.048,7,41,6,1,1,1,1,0,0,19.849,0.302,1.708,4,6.2,0.148,0
40,7,11,4,7.6,11,8,3,35.916,0.615,0.223,2.762,4,123,7,1,1,1,1,0,0,19.075,0.419,1.467,4,0.583,0.161,0
40,8,12,4,7.4,12,6,6,54.653,0.63,0.11,5.737,12,91,3,1,1,1,1,0,0,21.928,0.274,2.302,7,5.947,0.149,0
40,9,14,5,7.2,14,6,8,69.264,0.792,0.087,9.146,13,123,3,1,1,1,1,0,0,20.635,0.291,2.725,7,1.886,0.148,0
40,10,17,6,7,17,1,16,102.532,0.921,0.01,94.388,17,162,4,1,1,1,1,0,0,15,0.067,13.809,7,9.88,0.141,0
40,11,20,7,6.8,20,13,7,29.686,0.979,0.438,2.236,12,162,8,1,1,1,1,0,0,25.77,0.504,1.941,7,1.716,0.188,0
40,12,28,7,6.6,28,10,18,76.822,0.949,0.13,7.287,11,210,30,1,1,1,1,0,0,29.671,0.337,2.814,6,0.741,0.153,0
40,13,14,5,6.4,14,8,6,60.675,0.787,0.132,5.966,13,210,54,1,1,1,1,0,0,29.497,0.271,2.9,6,6.195,0.184,0
40,14,26,7,6.2,26,20,6,64.608,0.978,0.31,3.16,13,210,78,1,1,1,1,0,0,36.115,0.554,1.766,5,9.048,0.22,0
40,15,27,7,6,27,16,11,95.843,1.046,0.167,6.268,18,226,71,1,1,1,1,0,0,62.484,0.256,4.087,8,7.348,0.254,0
40,16,29,7,5.8,29,18,11,92.222,0.881,0.195,4.513,16,226,71,1,1,1,1,0,0,48.615,0.37,2.379,7,9.387,0.265,0
40,17,17,6,5.6,17,9,8,86.378,0.955,0.104,9.164,12,252,52,1,1,1,1,0,0,47.481,0.19,5.037,7,6.368,0.259,0
40,18,33,7,5.4,33,21,12,105.86,0.929,0.198,4.681,25,272,47,1,1,1,1,0,0,63.176,0.332,2.793,8,11.175,0.344,0
40,19,45,7,5.2,45,26,21,110.381,0.998,0.236,4.236,23,272,47,1,1,1,1,0,0,75.39,0.345,2.893,19,10.388,0.326,0
40,20,35,7,5,35,12,23,137.35,1.073,0.087,12.277,28,294,28,1,1,1,1,0,0,68.112,0.176,6.088,12,14.145,0.307,0
40,21,37,7,5,37,6,33,108.35,1.055,0.055,19.054,27,294,28,1,1,1,1,0,0,56.098,0.107,9.865,21,9.045,0.329,0
40,22,20,7,5,20,10,10,80.802,1.168,0.124,9.436,13,294,28,1,1,1,1,0,0,34.687,0.288,4.051,7,5.308,0.256,0
40,23,37,7,5,37,11,26,111.002,1.02,0.099,10.29,24,294,28,1,1,1,1,0,0,62.814,0.175,5.823,18,9.654,0.298,0
40,24,37,7,5,37,9,28,106.399,1.08,0.085,12.771,22,372,30,1,1,1,1,0,0,53.515,0.168,6.423,16,12.709,0.318,0
40,25,37,7,5,37,10,27,97.911,1.06,0.102,10.375,26,339,31,1,1,1,1,0,0,58.838,0.17,6.235,10,13.39,0.274,0
40,26,38,7,5,38,7,31,112.534,1.061,0.062,17.055,24,411,54,1,1,1,1,0,0,60.039,0.117,9.099,17,7.217,0.326,0
40,27,52,7,5,52,9,44,191.622,0.993,0.047,21.133,20,492,72,1,1,1,1,0,0,76.603,0.117,8.448,16,5.35,0.413,0
40,28,42,7,5,42,19,27,100.21,1.063,0.19,5.608,15,492,93,1,1,1,1,0,0,56.103,0.339,3.14,8,3.164,0.348,0
40,29,42,7,5,42,20,25,106.528,1.092,0.188,5.814,13,492,93,1,1,1,1,0,0,62.554,0.32,3.414,8,2.284,0.339,0
40,30,42,7,5,42,19,24,195.098,1.052,0.097,10.803,24,492,93,1,1,1,1,0,0,70.405,0.27,3.899,17,6.41,0.457,0
40,31,23,7,5,23,12,14,72.469,1.001,0.166,6.046,12,492,93,1,1,1,1,0,0,39.883,0.301,3.328,7,2.01,0.365,0
40,32,42,7,5,42,16,29,194.865,1.034,0.082,12.589,31,492,93,1,1,1,1,0,0,90.572,0.177,5.851,16,25.167,0.423,0
40,33,42,7,5,42,14,31,132.915,1.011,0.105,9.595,17,492,93,1,1,1,1,0,0,59.914,0.234,4.325,10,6.398,0.385,0
40,34,42,7,5,42,13,32,127.592,1.073,0.102,10.529,25,492,93,1,1,1,1,0,0,77.01,0.169,6.355,14,9.798,0.401,0
40,35,42,7,5,42,25,20,99.555,1.067,0.251,4.247,10,492,93,1,1,1,1,0,0,56.68,0.441,2.418,8,2.119,0.329,0
40,36,54,7,5,54,21,39,114.249,0.994,0.184,5.407,22,492,93,1,1,1,1,0,0,70.498,0.298,3.336,11,4.743,0.359,0
40,37,42,7,5,42,15,29,120.919,1.066,0.124,8.59,23,492,93,1,1,1,1,0,0,74.047,0.203,5.26,8,2.443,0.402,0
40,38,23,7,5,23,6,19,89.226,0.954,0.067,14.189,13,492,93,1,1,1,1,0,0,44.178,0.136,7.026,8,3.252,0.367,0
40,39,42,7,5,42,10,34,146.801,1.03,0.068,15.117,15,492,93,1,1,1,1,0,0,73.45,0.136,7.564,7,7.02,0.376,0
40,40,46,7,5,46,20,29,177.727,0.879,0.113,7.812,25,492,93,1,1,1,1,0,0,91.655,0.218,4.029,7,10.789,0.404,0
