run,turn,resource,kind,key,amount
1,1,DP,sink,DungeonFeatureManager.TryPlaceTrap,-150
1,1,DP,source,AdventurerAI.ReapEmotion,146
1,1,DP,source,AdventurerAI.TakeDamage,388
1,1,Material,source,AdventurerAI.TakeDamage,20
1,1,DP,sink,CommandSystem.TryUse,-1150
1,1,DP,source,AdventurerAI.GrantReturnReward,692
1,1,Fame,source,AdventurerAI.GrantReturnReward,30
1,1,Fame,source,LureEconomy.OnHeroEscaped,75
1,1,DP,stock,end,126
1,1,Material,stock,end,20
1,1,Fame,stock,end,105
1,2,DP,source,SurfaceMap.CollectYields,18
1,2,Material,source,SurfaceMap.CollectYields,1
1,2,Fame,source,SurfaceMap.CollectYields,4
1,2,DP,source,EraSystem.TickTurn,600
1,2,DP,sink,MinionRoster.TryForge,-236
1,2,DP,sink,MinionEvolution.TryEvolve,-150
1,2,DP,sink,DungeonFeatureManager.TryPlaceTrap,-300
1,2,DP,sink,MinionRoster.TrySummon,-39
1,2,DP,source,AdventurerAI.ReapEmotion,225
1,2,DP,source,AdventurerAI.TakeDamage,445
1,2,Material,source,AdventurerAI.TakeDamage,22
1,2,DP,sink,CommandSystem.TryUse,-1600
1,2,DP,source,AdventurerAI.GrantReturnReward,1059
1,2,Fame,source,AdventurerAI.GrantReturnReward,40
1,2,Fame,source,LureEconomy.OnHeroEscaped,100
1,2,DP,stock,end,148
1,2,Material,stock,end,43
1,2,Fame,stock,end,249
1,3,DP,source,SurfaceMap.CollectYields,18
1,3,Material,source,SurfaceMap.CollectYields,1
1,3,Fame,source,SurfaceMap.CollectYields,4
1,3,DP,source,EraSystem.TickTurn,600
1,3,DP,sink,MinionRoster.TryForge,-236
1,3,DP,sink,MinionEvolution.TryEvolve,-175
1,3,DP,sink,DungeonFeatureManager.TryPlaceTrap,-300
1,3,DP,sink,MinionRoster.TrySummon,-40
1,3,DP,source,AdventurerAI.ReapEmotion,166
1,3,DP,source,AdventurerAI.TakeDamage,774
1,3,Material,source,AdventurerAI.TakeDamage,24
1,3,DP,sink,CommandSystem.TryUse,-650
1,3,DP,source,AdventurerAI.GrantReturnReward,165
1,3,Fame,source,AdventurerAI.GrantReturnReward,10
1,3,Fame,source,LureEconomy.OnHeroEscaped,25
1,3,DP,stock,end,470
1,3,Material,stock,end,68
1,3,Fame,stock,end,288
1,4,DP,source,SurfaceMap.CollectYields,18
1,4,Material,source,SurfaceMap.CollectYields,1
1,4,Fame,source,SurfaceMap.CollectYields,4
1,4,DP,source,EraSystem.TickTurn,600
1,4,Material,source,EraSystem.TickTurn,20
1,4,DP,sink,MinionRoster.TryForge,-236
1,4,DP,sink,DungeonFloorManager.TryExpandFloor,-400
1,4,DP,sink,MinionEvolution.TryEvolve,-75
1,4,DP,sink,DungeonFeatureManager.TryPlaceTrap,-300
1,4,DP,sink,MinionRoster.TrySummon,-60
1,4,DP,source,AdventurerAI.ReapEmotion,245
1,4,DP,source,AdventurerAI.TakeDamage,1216
1,4,Material,source,AdventurerAI.TakeDamage,55
1,4,DP,sink,CommandSystem.TryUse,-1800
1,4,DP,source,AdventurerAI.GrantReturnReward,1079
1,4,Fame,source,AdventurerAI.GrantReturnReward,50
1,4,Fame,source,LureEconomy.OnHeroEscaped,125
1,4,DP,source,Nemesis.OnSlain,1362
1,4,Material,source,Nemesis.OnSlain,15
1,4,DP,stock,end,2119
1,4,Material,stock,end,159
1,4,Fame,stock,end,467
1,5,DP,source,SurfaceMap.CollectYields,18
1,5,Material,source,SurfaceMap.CollectYields,1
1,5,Fame,source,SurfaceMap.CollectYields,4
1,5,DP,source,EraSystem.TickTurn,600
1,5,Fame,source,EraSystem.TickTurn,25
1,5,DP,sink,MinionRoster.TryForge,-236
1,5,DP,sink,DungeonFloorManager.TryAddFloor,-800
1,5,DP,sink,DungeonFloorManager.TryExpandFloor,-1200
1,5,DP,sink,MinionEvolution.TryEvolve,-200
1,5,DP,sink,DungeonFeatureManager.TryPlaceTrap,-150
1,5,DP,sink,MinionRoster.TrySummon,-147
1,5,DP,source,AdventurerAI.ReapEmotion,112
1,5,DP,source,AdventurerAI.TakeDamage,831
1,5,Material,source,AdventurerAI.TakeDamage,23
1,5,DP,sink,CommandSystem.TryUse,-2450
1,5,DP,source,AdventurerAI.GrantReturnReward,2070
1,5,Fame,source,AdventurerAI.GrantReturnReward,40
1,5,Fame,source,LureEconomy.OnHeroEscaped,100
1,5,DP,source,Nemesis.OnSlain,470
1,5,Material,source,Nemesis.OnSlain,5
1,5,DP,stock,end,1037
1,5,Material,stock,end,188
1,5,Fame,stock,end,636
1,6,DP,source,SurfaceMap.CollectYields,38
1,6,Material,source,SurfaceMap.CollectYields,2
1,6,Fame,source,SurfaceMap.CollectYields,8
1,6,DP,source,EraSystem.TickTurn,600
1,6,DP,sink,MinionRoster.TryForge,-236
1,6,DP,sink,DungeonFloorManager.TryExpandFloor,-800
1,6,DP,sink,MinionEvolution.TryEvolve,-225
1,6,DP,sink,DungeonFeatureManager.TryPlaceTrap,-150
1,6,DP,sink,MinionRoster.TrySummon,-257
1,6,DP,source,AdventurerAI.TakeDamage,1087
1,6,Material,source,AdventurerAI.TakeDamage,40
1,6,DP,source,AdventurerAI.ReapEmotion,131
1,6,DP,source,AdventurerAI.GrantReturnReward,853
1,6,Fame,source,AdventurerAI.GrantReturnReward,60
1,6,Fame,source,LureEconomy.OnHeroEscaped,150
1,6,DP,sink,CommandSystem.TryUse,-2300
1,6,DP,source,Nemesis.OnSlain,486
1,6,Material,source,Nemesis.OnSlain,5
1,6,DP,stock,end,264
1,6,Material,stock,end,235
1,6,Fame,stock,end,854
1,7,DP,source,SurfaceMap.CollectYields,38
1,7,Material,source,SurfaceMap.CollectYields,2
1,7,Fame,source,SurfaceMap.CollectYields,8
1,7,DP,source,EraSystem.TickTurn,1020
1,7,DP,sink,MinionRoster.TryForge,-212
1,7,DP,sink,MinionEvolution.TryEvolve,-775
1,7,DP,sink,DungeonFeatureManager.TryPlaceTrap,-150
1,7,DP,sink,MinionRoster.TrySummon,-180
1,7,DP,source,AdventurerAI.ReapEmotion,118
1,7,DP,source,AdventurerAI.TakeDamage,1693
1,7,Material,source,AdventurerAI.TakeDamage,104
1,7,DP,sink,CommandSystem.TryUse,-2150
1,7,DP,source,AdventurerAI.GrantReturnReward,1141
1,7,Fame,source,AdventurerAI.GrantReturnReward,50
1,7,Fame,source,LureEconomy.OnHeroEscaped,125
1,7,DP,source,Nemesis.OnSlain,1506
1,7,Material,source,Nemesis.OnSlain,15
1,7,DP,stock,end,2313
1,7,Material,stock,end,356
1,7,Fame,stock,end,1037
1,8,DP,source,SurfaceMap.CollectYields,38
1,8,Material,source,SurfaceMap.CollectYields,2
1,8,Fame,source,SurfaceMap.CollectYields,8
1,8,DP,source,EraSystem.TickTurn,1020
1,8,DP,sink,MinionRoster.TryForge,-212
1,8,DP,sink,DungeonFloorManager.TryAddFloor,-2000
1,8,DP,sink,DungeonFloorManager.TryExpandFloor,-400
1,8,DP,sink,MinionEvolution.TryEvolve,-250
1,8,DP,sink,MinionRoster.TryEvolveIndividual,-175
1,8,DP,sink,DungeonFeatureManager.TryPlaceTrap,-150
1,8,DP,sink,MinionRoster.TrySummon,-180
1,8,DP,source,AdventurerAI.ReapEmotion,116
1,8,DP,source,AdventurerAI.TakeDamage,1716
1,8,Material,source,AdventurerAI.TakeDamage,83
1,8,DP,sink,CommandSystem.TryUse,-1800
1,8,DP,source,AdventurerAI.GrantReturnReward,1035
1,8,Fame,source,AdventurerAI.GrantReturnReward,90
1,8,Fame,source,LureEconomy.OnHeroEscaped,225
1,8,DP,source,Nemesis.OnSlain,1970
1,8,Material,source,Nemesis.OnSlain,19
1,8,DP,stock,end,3041
1,8,Material,stock,end,460
1,8,Fame,stock,end,1360
1,9,DP,source,SurfaceMap.CollectYields,44
1,9,Material,source,SurfaceMap.CollectYields,2
1,9,Fame,source,SurfaceMap.CollectYields,10
1,9,DP,source,EraSystem.TickTurn,600
1,9,Fame,source,EraSystem.TickTurn,50
1,9,DP,sink,MinionRoster.TryForge,-190
1,9,DP,sink,DungeonFloorManager.TryExpandFloor,-2300
1,9,DP,sink,MinionEvolution.TryEvolve,-800
1,9,DP,sink,DungeonFeatureManager.TryPlaceTrap,-150
1,9,DP,sink,MinionRoster.TrySummon,-225
1,9,DP,source,AdventurerAI.TakeDamage,1328
1,9,Material,source,AdventurerAI.TakeDamage,44
1,9,DP,source,AdventurerAI.ReapEmotion,121
1,9,DP,sink,CommandSystem.TryUse,-4100
1,9,DP,source,AdventurerAI.GrantReturnReward,3017
1,9,Fame,source,AdventurerAI.GrantReturnReward,120
1,9,Fame,source,LureEconomy.OnHeroEscaped,300
1,9,DP,source,Nemesis.OnSlain,518
1,9,Material,source,Nemesis.OnSlain,5
1,9,DP,stock,end,904
1,9,Material,stock,end,511
1,9,Fame,stock,end,1840
1,10,DP,source,SurfaceMap.CollectYields,77
1,10,Material,source,SurfaceMap.CollectYields,3
1,10,Fame,source,SurfaceMap.CollectYields,15
1,10,DP,source,EraSystem.TickTurn,600
1,10,DP,sink,MinionRoster.TryForge,-380
1,10,DP,sink,MinionRoster.TryEvolveIndividual,-775
1,10,DP,sink,DungeonFeatureManager.TryPlaceTrap,-150
1,10,DP,sink,MinionRoster.TrySummon,-271
1,10,DP,source,AdventurerAI.ReapEmotion,302
1,10,DP,source,AdventurerAI.TakeDamage,2025
1,10,Material,source,AdventurerAI.TakeDamage,65
1,10,DP,sink,CommandSystem.TryUse,-5600
1,10,DP,source,AdventurerAI.GrantReturnReward,3793
1,10,Fame,source,AdventurerAI.GrantReturnReward,140
1,10,Fame,source,LureEconomy.OnHeroEscaped,350
1,10,DP,source,Nemesis.OnSlain,1070
1,10,Material,source,Nemesis.OnSlain,10
1,10,DP,stock,end,1595
1,10,Material,stock,end,589
1,10,Fame,stock,end,2345
1,11,DP,source,SurfaceMap.CollectYields,77
1,11,Material,source,SurfaceMap.CollectYields,3
1,11,Fame,source,SurfaceMap.CollectYields,15
1,11,DP,sink,MinionRoster.TryForge,-190
1,11,DP,sink,MinionRoster.TryEvolveIndividual,-1175
1,11,DP,sink,DungeonFeatureManager.TryPlaceTrap,-150
1,11,DP,sink,MinionRoster.TrySummon,-153
1,11,DP,source,AdventurerAI.ReapEmotion,246
1,11,DP,source,AdventurerAI.TakeDamage,2799
1,11,Material,source,AdventurerAI.TakeDamage,76
1,11,DP,sink,CommandSystem.TryUse,-5600
1,11,DP,source,AdventurerAI.GrantReturnReward,2891
1,11,Fame,source,AdventurerAI.GrantReturnReward,110
1,11,Fame,source,LureEconomy.OnHeroEscaped,275
1,11,DP,source,Nemesis.OnSlain,2101
1,11,Material,source,Nemesis.OnSlain,19
1,11,DP,stock,end,2441
1,11,Material,stock,end,687
1,11,Fame,stock,end,2745
1,12,DP,source,SurfaceMap.CollectYields,77
1,12,Material,source,SurfaceMap.CollectYields,3
1,12,Fame,source,SurfaceMap.CollectYields,15
1,12,DP,source,DistrictCatalog.Collect,98
1,12,DP,source,EraSystem.TickTurn,300
1,12,DP,sink,MinionRoster.TryForge,-570
1,12,DP,sink,DungeonFloorManager.TryExpandFloor,-1500
1,12,DP,sink,MinionRoster.TryEvolveIndividual,-325
1,12,DP,sink,DungeonFeatureManager.TryPlaceTrap,-300
1,12,DP,sink,MinionRoster.TrySummon,-204
1,12,DP,source,AdventurerAI.ReapEmotion,429
1,12,DP,source,AdventurerAI.TakeDamage,2791
1,12,Material,source,AdventurerAI.TakeDamage,49
1,12,DP,sink,CommandSystem.TryUse,-5900
1,12,Fame,source,AdventurerAI.GrantReturnReward,110
1,12,Fame,source,LureEconomy.OnHeroEscaped,275
1,12,DP,source,AdventurerAI.GrantReturnReward,2765
1,12,DP,source,Nemesis.OnSlain,567
1,12,Material,source,Nemesis.OnSlain,5
1,12,DP,stock,end,669
1,12,Material,stock,end,744
1,12,Fame,stock,end,3145
1,13,DP,source,SurfaceMap.CollectYields,58
1,13,Material,source,SurfaceMap.CollectYields,3
1,13,Fame,source,SurfaceMap.CollectYields,12
1,13,DP,source,DistrictCatalog.Collect,112
1,13,DP,sink,MinionRoster.TryForge,-190
1,13,DP,sink,MinionRoster.TryEvolveIndividual,-325
1,13,DP,sink,DungeonFeatureManager.TryPlaceTrap,-150
1,13,DP,sink,MinionRoster.TrySummon,-158
1,13,DP,source,AdventurerAI.ReapEmotion,230
1,13,DP,source,AdventurerAI.TakeDamage,5151
1,13,Material,source,AdventurerAI.TakeDamage,285
1,13,DP,sink,CommandSystem.TryUse,-5100
1,13,DP,source,AdventurerAI.GrantReturnReward,1468
1,13,Fame,source,AdventurerAI.GrantReturnReward,60
1,13,Fame,source,LureEconomy.OnHeroEscaped,150
1,13,DP,source,Nemesis.OnSlain,1748
1,13,Material,source,Nemesis.OnSlain,14
1,13,DP,stock,end,3513
1,13,Material,stock,end,1046
1,13,Fame,stock,end,3367
1,14,DP,source,SurfaceMap.CollectYields,79
1,14,Material,source,SurfaceMap.CollectYields,4
1,14,Fame,source,SurfaceMap.CollectYields,17
1,14,DP,source,DistrictCatalog.Collect,112
1,14,DP,sink,MinionRoster.TryForge,-1618
1,14,DP,sink,DungeonFloorManager.TryExpandFloor,-1500
1,14,DP,sink,DungeonFeatureManager.TryPlaceTrap,-300
1,14,DP,sink,MinionRoster.TrySummon,-271
1,14,DP,source,IncidentSystem.Apply,600
1,14,DP,sink,CommandSystem.TryUse,-5100
1,14,DP,source,AdventurerAI.ReapEmotion,152
1,14,DP,source,AdventurerAI.TakeDamage,3275
1,14,Material,source,AdventurerAI.TakeDamage,269
1,14,DP,source,AdventurerAI.GrantReturnReward,4361
1,14,Fame,source,AdventurerAI.GrantReturnReward,180
1,14,Fame,source,LureEconomy.OnHeroEscaped,450
1,14,DP,source,Nemesis.OnSlain,1166
1,14,Material,source,Nemesis.OnSlain,10
1,14,DP,stock,end,4469
1,14,Material,stock,end,1329
1,14,Fame,stock,end,4014
1,15,DP,source,SurfaceMap.CollectYields,79
1,15,Material,source,SurfaceMap.CollectYields,4
1,15,Fame,source,SurfaceMap.CollectYields,17
1,15,DP,source,DistrictCatalog.Collect,112
1,15,DP,sink,MinionRoster.TryForge,-4256
1,15,DP,sink,DungeonFeatureManager.TryPlaceTrap,-150
1,15,DP,sink,MinionRoster.TrySummon,-243
1,15,DP,source,AdventurerAI.ReapEmotion,287
1,15,DP,source,AdventurerAI.TakeDamage,6499
1,15,Material,source,AdventurerAI.TakeDamage,150
1,15,DP,sink,CommandSystem.TryUse,-6050
1,15,DP,source,AdventurerAI.GrantReturnReward,3412
1,15,Fame,source,AdventurerAI.GrantReturnReward,130
1,15,Fame,source,LureEconomy.OnHeroEscaped,325
1,15,DP,source,Nemesis.OnSlain,1198
1,15,Material,source,Nemesis.OnSlain,10
1,15,DP,stock,end,5357
1,15,Material,stock,end,1493
1,15,Fame,stock,end,4486
1,16,DP,source,SurfaceMap.CollectYields,79
1,16,Material,source,SurfaceMap.CollectYields,4
1,16,Fame,source,SurfaceMap.CollectYields,17
1,16,DP,source,DistrictCatalog.Collect,112
1,16,DP,sink,MinionRoster.TryForge,-190
1,16,DP,sink,DungeonFloorManager.TryAddFloor,-5000
1,16,DP,sink,DungeonFeatureManager.TryPlaceTrap,-150
1,16,DP,sink,MinionRoster.TrySummon,-207
1,16,DP,source,AdventurerAI.ReapEmotion,205
1,16,DP,source,AdventurerAI.TakeDamage,3492
1,16,Material,source,AdventurerAI.TakeDamage,42
1,16,DP,sink,CommandSystem.TryUse,-5100
1,16,Fame,source,AdventurerAI.GrantReturnReward,240
1,16,Fame,source,LureEconomy.OnHeroEscaped,600
1,16,DP,source,AdventurerAI.GrantReturnReward,7711
1,16,DP,source,Nemesis.OnSlain,2089
1,16,Material,source,Nemesis.OnSlain,17
1,16,DP,stock,end,8398
1,16,Material,stock,end,1556
1,16,Fame,stock,end,5343
1,17,DP,source,SurfaceMap.CollectYields,79
1,17,Material,source,SurfaceMap.CollectYields,4
1,17,Fame,source,SurfaceMap.CollectYields,17
1,17,DP,source,DistrictCatalog.Collect,112
1,17,DP,source,EraSystem.TickTurn,720
1,17,DP,sink,MinionRoster.TryForge,-6094
1,17,DP,sink,DungeonFloorManager.TryExpandFloor,-2700
1,17,DP,sink,DungeonFeatureManager.TryPlaceTrap,-300
1,17,DP,sink,MinionRoster.TrySummon,-209
1,17,DP,source,AdventurerAI.ReapEmotion,268
1,17,DP,source,AdventurerAI.GrantReturnReward,9668
1,17,Fame,source,AdventurerAI.GrantReturnReward,410
1,17,Fame,source,LureEconomy.OnHeroEscaped,1025
1,17,DP,sink,CommandSystem.TryUse,-4750
1,17,DP,source,AdventurerAI.TakeDamage,8619
1,17,Material,source,AdventurerAI.TakeDamage,211
1,17,DP,source,Nemesis.OnSlain,632
1,17,Material,source,Nemesis.OnSlain,5
1,17,DP,stock,end,14443
1,17,Material,stock,end,1776
1,17,Fame,stock,end,6795
1,18,DP,source,SurfaceMap.CollectYields,79
1,18,Material,source,SurfaceMap.CollectYields,4
1,18,Fame,source,SurfaceMap.CollectYields,17
1,18,DP,source,DistrictCatalog.Collect,112
1,18,DP,sink,MinionRoster.TryForge,-13769
1,18,DP,sink,MinionRoster.TryEvolveIndividual,-75
1,18,DP,sink,DungeonFeatureManager.TryPlaceTrap,-600
1,18,DP,sink,MinionRoster.TrySummon,-187
1,18,DP,source,AdventurerAI.ReapEmotion,215
1,18,DP,source,AdventurerAI.TakeDamage,10380
1,18,Material,source,AdventurerAI.TakeDamage,111
1,18,DP,sink,CommandSystem.TryUse,-5600
1,18,Fame,source,AdventurerAI.GrantReturnReward,220
1,18,Fame,source,LureEconomy.OnHeroEscaped,550
1,18,DP,source,AdventurerAI.GrantReturnReward,5276
1,18,DP,source,Nemesis.OnSlain,632
1,18,Material,source,Nemesis.OnSlain,5
1,18,DP,stock,end,10906
1,18,Material,stock,end,1896
1,18,Fame,stock,end,7582
1,19,DP,source,SurfaceMap.CollectYields,79
1,19,Material,source,SurfaceMap.CollectYields,4
1,19,Fame,source,SurfaceMap.CollectYields,17
1,19,DP,source,DistrictCatalog.Collect,126
1,19,DP,sink,MinionRoster.TryForge,-10255
1,19,Material,sink,MinionRoster.TryForge,-24
1,19,DP,sink,DungeonFeatureManager.TryPlaceTrap,-600
1,19,DP,sink,MinionRoster.TrySummon,-256
1,19,DP,source,AdventurerAI.ReapEmotion,143
1,19,DP,source,AdventurerAI.TakeDamage,13228
1,19,Material,source,AdventurerAI.TakeDamage,280
1,19,DP,sink,CommandSystem.TryUse,-5750
1,19,DP,source,AdventurerAI.GrantReturnReward,8605
1,19,Fame,source,AdventurerAI.GrantReturnReward,210
1,19,Fame,source,LureEconomy.OnHeroEscaped,525
1,19,DP,source,Nemesis.OnSlain,1566
1,19,Material,source,Nemesis.OnSlain,12
1,19,DP,stock,end,17792
1,19,Material,stock,end,2168
1,19,Fame,stock,end,8334
1,20,DP,source,SurfaceMap.CollectYields,100
1,20,Material,source,SurfaceMap.CollectYields,5
1,20,Fame,source,SurfaceMap.CollectYields,22
1,20,DP,source,DistrictCatalog.Collect,126
1,20,DP,sink,MinionRoster.TryForge,-14280
1,20,DP,sink,DungeonFloorManager.TryExpandFloor,-2500
1,20,DP,sink,MinionRoster.TryEvolveIndividual,-550
1,20,Material,sink,MinionRoster.TryForge,-40
1,20,DP,sink,DungeonFeatureManager.TryPlaceTrap,-450
1,20,DP,sink,MinionRoster.TrySummon,-228
1,20,DP,source,AdventurerAI.ReapEmotion,337
1,20,DP,source,AdventurerAI.TakeDamage,9651
1,20,Material,source,AdventurerAI.TakeDamage,82
1,20,DP,sink,CommandSystem.TryUse,-6050
1,20,DP,source,AdventurerAI.GrantReturnReward,10346
1,20,Fame,source,AdventurerAI.GrantReturnReward,310
1,20,Fame,source,LureEconomy.OnHeroEscaped,775
1,20,DP,source,Nemesis.OnSlain,2500
1,20,Material,source,Nemesis.OnSlain,19
1,20,DP,stock,end,16794
1,20,Material,stock,end,2234
1,20,Fame,stock,end,9441
1,21,DP,source,SurfaceMap.CollectYields,102
1,21,Material,source,SurfaceMap.CollectYields,5
1,21,Fame,source,SurfaceMap.CollectYields,22
1,21,DP,source,DistrictCatalog.Collect,140
1,21,DP,sink,MinionRoster.TryForge,-15164
1,21,DP,sink,MinionRoster.TryEvolveIndividual,-325
1,21,Material,sink,MinionRoster.TryForge,-52
1,21,DP,sink,DungeonFeatureManager.TryPlaceTrap,-1350
1,21,DP,sink,MinionRoster.TrySummon,-180
1,21,DP,source,AdventurerAI.ReapEmotion,332
1,21,DP,sink,CommandSystem.TryUse,-5550
1,21,DP,source,AdventurerAI.GrantReturnReward,12731
1,21,Fame,source,AdventurerAI.GrantReturnReward,370
1,21,Fame,source,LureEconomy.OnHeroEscaped,925
1,21,DP,source,AdventurerAI.TakeDamage,6830
1,21,Material,source,AdventurerAI.TakeDamage,280
1,21,DP,stock,end,14360
1,21,Material,stock,end,2467
1,21,Fame,stock,end,10758
1,22,DP,source,SurfaceMap.CollectYields,135
1,22,Material,source,SurfaceMap.CollectYields,5
1,22,Fame,source,SurfaceMap.CollectYields,27
1,22,DP,source,DistrictCatalog.Collect,140
1,22,DP,sink,MinionRoster.TryForge,-12920
1,22,DP,sink,MinionRoster.TryEvolveIndividual,-325
1,22,Material,sink,MinionRoster.TryForge,-64
1,22,DP,sink,DungeonFeatureManager.TryPlaceTrap,-1200
1,22,DP,sink,MinionRoster.TrySummon,-189
1,22,DP,source,AdventurerAI.ReapEmotion,229
1,22,Fame,source,AdventurerAI.GrantReturnReward,370
1,22,Fame,source,LureEconomy.OnHeroEscaped,925
1,22,DP,source,AdventurerAI.GrantReturnReward,15708
1,22,DP,sink,CommandSystem.TryUse,-5250
1,22,DP,source,AdventurerAI.TakeDamage,10936
1,22,Material,source,AdventurerAI.TakeDamage,99
1,22,DP,source,Nemesis.OnSlain,2091
1,22,Material,source,Nemesis.OnSlain,15
1,22,DP,stock,end,23715
1,22,Material,stock,end,2522
1,22,Fame,stock,end,12080
1,23,DP,source,SurfaceMap.CollectYields,135
1,23,Material,source,SurfaceMap.CollectYields,5
1,23,Fame,source,SurfaceMap.CollectYields,27
1,23,DP,source,DistrictCatalog.Collect,140
1,23,DP,sink,MinionRoster.TryForge,-20040
1,23,DP,sink,DungeonFloorManager.TryExpandFloor,-2500
1,23,DP,sink,MinionRoster.TryEvolveIndividual,-325
1,23,Material,sink,MinionRoster.TryForge,-136
1,23,DP,sink,DungeonFeatureManager.TryPlaceTrap,-900
1,23,DP,sink,MinionRoster.TrySummon,-213
1,23,DP,source,AdventurerAI.ReapEmotion,137
1,23,DP,source,AdventurerAI.TakeDamage,11431
1,23,Material,source,AdventurerAI.TakeDamage,209
1,23,DP,sink,CommandSystem.TryUse,-4550
1,23,DP,source,AdventurerAI.GrantReturnReward,9994
1,23,Fame,source,AdventurerAI.GrantReturnReward,350
1,23,Fame,source,LureEconomy.OnHeroEscaped,875
1,23,DP,source,Nemesis.OnSlain,979
1,23,Material,source,Nemesis.OnSlain,7
1,23,DP,stock,end,18003
1,23,Material,stock,end,2607
1,23,Fame,stock,end,13332
1,24,DP,source,SurfaceMap.CollectYields,135
1,24,Material,source,SurfaceMap.CollectYields,5
1,24,Fame,source,SurfaceMap.CollectYields,27
1,24,DP,source,DistrictCatalog.Collect,140
1,24,DP,sink,MinionRoster.TryForge,-528
1,24,DP,sink,MinionEvolution.TryEvolve,-4900
1,24,DP,sink,MinionRoster.TryEvolveIndividual,-12325
1,24,DP,sink,DungeonFeatureManager.TryPlaceTrap,-300
1,24,DP,sink,MinionRoster.TrySummon,-220
1,24,DP,source,AdventurerAI.ReapEmotion,99
1,24,DP,source,AdventurerAI.TakeDamage,7813
1,24,Material,source,AdventurerAI.TakeDamage,154
1,24,DP,sink,CommandSystem.TryUse,-6050
1,24,DP,source,AdventurerAI.GrantReturnReward,17120
1,24,Fame,source,AdventurerAI.GrantReturnReward,480
1,24,Fame,source,LureEconomy.OnHeroEscaped,1200
1,24,DP,stock,end,18987
1,24,Material,stock,end,2766
1,24,Fame,stock,end,15039
1,25,DP,source,SurfaceMap.CollectYields,126
1,25,Material,source,SurfaceMap.CollectYields,5
1,25,Fame,source,SurfaceMap.CollectYields,27
1,25,DP,source,DistrictCatalog.Collect,14
1,25,DP,source,EraSystem.TickTurn,3840
1,25,DP,sink,MinionRoster.TryForge,-7992
1,25,DP,sink,DungeonFloorManager.TryAddFloor,-12500
1,25,DP,sink,DungeonFloorManager.TryExpandFloor,-400
1,25,DP,sink,MinionRoster.TryEvolveIndividual,-375
1,25,Material,sink,MinionRoster.TryForge,-40
1,25,DP,sink,DungeonFeatureManager.TryPlaceTrap,-1500
1,25,DP,sink,MinionRoster.TrySummon,-189
1,25,DP,source,AdventurerAI.ReapEmotion,217
1,25,DP,source,AdventurerAI.GrantReturnReward,16611
1,25,Fame,source,AdventurerAI.GrantReturnReward,640
1,25,Fame,source,LureEconomy.OnHeroEscaped,1600
1,25,DP,sink,CommandSystem.TryUse,-4050
1,25,DP,source,AdventurerAI.TakeDamage,1468
1,25,Material,source,AdventurerAI.TakeDamage,129
1,25,DP,stock,end,14257
1,25,Material,stock,end,2860
1,25,Fame,stock,end,17306
1,26,DP,source,SurfaceMap.CollectYields,110
1,26,Material,source,SurfaceMap.CollectYields,5
1,26,Fame,source,SurfaceMap.CollectYields,22
1,26,DP,source,DistrictCatalog.Collect,28
1,26,DP,source,EraSystem.TickTurn,6528
1,26,DP,sink,MinionRoster.TryForge,-14820
1,26,DP,sink,DungeonFloorManager.TryExpandFloor,-4800
1,26,DP,sink,MinionRoster.TryEvolveIndividual,-350
1,26,Material,sink,MinionRoster.TryForge,-108
1,26,DP,sink,DungeonFeatureManager.TryPlaceTrap,-750
1,26,DP,sink,MinionRoster.TrySummon,-198
1,26,DP,source,AdventurerAI.ReapEmotion,145
1,26,DP,source,AdventurerAI.TakeDamage,8923
1,26,Material,source,AdventurerAI.TakeDamage,264
1,26,DP,sink,CommandSystem.TryUse,-6050
1,26,DP,source,AdventurerAI.GrantReturnReward,20941
1,26,Fame,source,AdventurerAI.GrantReturnReward,1000
1,26,Fame,source,LureEconomy.OnHeroEscaped,2500
1,26,DP,stock,end,23964
1,26,Material,stock,end,3021
1,26,Fame,stock,end,20828
1,27,DP,source,SurfaceMap.CollectYields,132
1,27,Material,source,SurfaceMap.CollectYields,6
1,27,Fame,source,SurfaceMap.CollectYields,27
1,27,DP,source,DistrictCatalog.Collect,28
1,27,DP,source,EraSystem.TickTurn,6528
1,27,DP,sink,MinionRoster.TryForge,-23460
1,27,DP,sink,DungeonFloorManager.TryExpandFloor,-5000
1,27,DP,sink,MinionRoster.TryEvolveIndividual,-350
1,27,Material,sink,MinionRoster.TryForge,-180
1,27,DP,sink,DungeonFeatureManager.TryPlaceTrap,-1650
1,27,DP,sink,MinionRoster.TrySummon,-165
1,27,DP,source,AdventurerAI.ReapEmotion,147
1,27,DP,source,AdventurerAI.GrantReturnReward,18264
1,27,Fame,source,AdventurerAI.GrantReturnReward,490
1,27,Fame,source,LureEconomy.OnHeroEscaped,1225
1,27,DP,sink,CommandSystem.TryUse,-5600
1,27,DP,source,AdventurerAI.TakeDamage,20955
1,27,Material,source,AdventurerAI.TakeDamage,349
1,27,DP,source,Nemesis.OnSlain,1040
1,27,Material,source,Nemesis.OnSlain,7
1,27,DP,stock,end,34833
1,27,Material,stock,end,3203
1,27,Fame,stock,end,22570
1,28,DP,source,SurfaceMap.CollectYields,132
1,28,Material,source,SurfaceMap.CollectYields,6
1,28,Fame,source,SurfaceMap.CollectYields,27
1,28,DP,source,DistrictCatalog.Collect,28
1,28,DP,source,EraSystem.TickTurn,3840
1,28,DP,sink,MinionRoster.TryForge,-1200
1,28,DP,sink,DungeonFloorManager.TryAddFloor,-31250
1,28,DP,sink,DungeonFloorManager.TryExpandFloor,-5200
1,28,DP,sink,MinionRoster.TryEvolveIndividual,-250
1,28,DP,sink,DungeonFeatureManager.TryPlaceTrap,-750
1,28,DP,sink,MinionRoster.TrySummon,-172
1,28,DP,source,AdventurerAI.ReapEmotion,163
1,28,DP,source,AdventurerAI.TakeDamage,18795
1,28,Material,source,AdventurerAI.TakeDamage,633
1,28,DP,sink,CommandSystem.TryUse,-6050
1,28,DP,source,AdventurerAI.GrantReturnReward,16041
1,28,Fame,source,AdventurerAI.GrantReturnReward,580
1,28,Fame,source,LureEconomy.OnHeroEscaped,1450
1,28,DP,stock,end,28960
1,28,Material,stock,end,3842
1,28,Fame,stock,end,24627
1,29,DP,source,SurfaceMap.CollectYields,132
1,29,Material,source,SurfaceMap.CollectYields,6
1,29,Fame,source,SurfaceMap.CollectYields,27
1,29,DP,source,DistrictCatalog.Collect,28
1,29,DP,source,EraSystem.TickTurn,3840
1,29,DP,sink,MinionRoster.TryForge,-29520
1,29,DP,sink,MinionRoster.TryEvolveIndividual,-650
1,29,Material,sink,MinionRoster.TryForge,-290
1,29,DP,sink,DungeonFeatureManager.TryPlaceTrap,-2550
1,29,DP,sink,MinionRoster.TrySummon,-207
1,29,DP,source,AdventurerAI.ReapEmotion,314
1,29,DP,sink,CommandSystem.TryUse,-6050
1,29,DP,source,AdventurerAI.TakeDamage,17081
1,29,Material,source,AdventurerAI.TakeDamage,356
1,29,DP,source,AdventurerAI.GrantReturnReward,10930
1,29,Fame,source,AdventurerAI.GrantReturnReward,230
1,29,Fame,source,LureEconomy.OnHeroEscaped,575
1,29,DP,stock,end,22308
1,29,Material,stock,end,3914
1,29,Fame,stock,end,25459
1,30,DP,source,SurfaceMap.CollectYields,132
1,30,Material,source,SurfaceMap.CollectYields,6
1,30,Fame,source,SurfaceMap.CollectYields,27
1,30,DP,source,DistrictCatalog.Collect,28
1,30,DP,source,EraSystem.TickTurn,6528
1,30,Material,source,EraSystem.TickTurn,32
1,30,DP,sink,MinionRoster.TryForge,-26100
1,30,DP,sink,MinionRoster.TryEvolveIndividual,-750
1,30,Material,sink,MinionRoster.TryForge,-272
1,30,DP,sink,DungeonFeatureManager.TryPlaceTrap,-1950
1,30,DP,sink,MinionRoster.TrySummon,-172
1,30,DP,source,AdventurerAI.ReapEmotion,416
1,30,DP,sink,CommandSystem.TryUse,-5550
1,30,DP,source,AdventurerAI.TakeDamage,36663
1,30,Material,source,AdventurerAI.TakeDamage,834
1,30,DP,source,AdventurerAI.GrantReturnReward,12737
1,30,Fame,source,AdventurerAI.GrantReturnReward,470
1,30,Fame,source,LureEconomy.OnHeroEscaped,1175
1,30,DP,stock,end,44290
1,30,Material,stock,end,4514
1,30,Fame,stock,end,27131
1,31,DP,source,SurfaceMap.CollectYields,132
1,31,Material,source,SurfaceMap.CollectYields,7
1,31,Fame,source,SurfaceMap.CollectYields,27
1,31,DP,source,DistrictCatalog.Collect,28
1,31,DP,source,EraSystem.TickTurn,3840
1,31,Material,source,EraSystem.TickTurn,74
1,31,DP,sink,MinionRoster.TryForge,-46380
1,31,DP,sink,MinionRoster.TryEvolveIndividual,-250
1,31,Material,sink,MinionRoster.TryForge,-506
1,31,DP,sink,DungeonFeatureManager.TryPlaceTrap,-1500
1,31,DP,sink,MinionRoster.TrySummon,-138
1,31,DP,source,AdventurerAI.ReapEmotion,197
1,31,DP,source,AdventurerAI.GrantReturnReward,14368
1,31,Fame,source,AdventurerAI.GrantReturnReward,510
1,31,Fame,source,LureEconomy.OnHeroEscaped,1275
1,31,DP,sink,CommandSystem.TryUse,-5550
1,31,DP,source,AdventurerAI.TakeDamage,31835
1,31,Material,source,AdventurerAI.TakeDamage,532
1,31,DP,stock,end,40872
1,31,Material,stock,end,4621
1,31,Fame,stock,end,28943
1,32,DP,source,SurfaceMap.CollectYields,132
1,32,Material,source,SurfaceMap.CollectYields,7
1,32,Fame,source,SurfaceMap.CollectYields,27
1,32,DP,source,DistrictCatalog.Collect,28
1,32,DP,source,EraSystem.TickTurn,6528
1,32,Fame,source,EraSystem.TickTurn,272
1,32,DP,sink,MinionRoster.TryForge,-43380
1,32,DP,sink,MinionRoster.TryEvolveIndividual,-625
1,32,Material,sink,MinionRoster.TryForge,-480
1,32,DP,sink,DungeonFeatureManager.TryPlaceTrap,-3300
1,32,DP,sink,MinionRoster.TrySummon,-252
1,32,DP,source,AdventurerAI.ReapEmotion,328
1,32,DP,sink,CommandSystem.TryUse,-6050
1,32,DP,source,AdventurerAI.TakeDamage,35497
1,32,Material,source,AdventurerAI.TakeDamage,292
1,32,DP,source,AdventurerAI.GrantReturnReward,20031
1,32,Fame,source,AdventurerAI.GrantReturnReward,490
1,32,Fame,source,LureEconomy.OnHeroEscaped,1225
1,32,DP,stock,end,49809
1,32,Material,stock,end,4440
1,32,Fame,stock,end,30957
1,33,DP,source,SurfaceMap.CollectYields,157
1,33,Material,source,SurfaceMap.CollectYields,8
1,33,Fame,source,SurfaceMap.CollectYields,32
1,33,DP,source,DistrictCatalog.Collect,28
1,33,DP,source,EraSystem.TickTurn,1920
1,33,DP,sink,MinionRoster.TryForge,-48180
1,33,DP,sink,MinionRoster.TryEvolveIndividual,-750
1,33,Material,sink,MinionRoster.TryForge,-600
1,33,DP,sink,DungeonFeatureManager.TryPlaceTrap,-2700
1,33,DP,sink,MinionRoster.TrySummon,-262
1,33,DP,source,AdventurerAI.ReapEmotion,381
1,33,DP,sink,CommandSystem.TryUse,-6050
1,33,DP,source,AdventurerAI.TakeDamage,24957
1,33,Material,source,AdventurerAI.TakeDamage,826
1,33,DP,source,AdventurerAI.GrantReturnReward,13393
1,33,Fame,source,AdventurerAI.GrantReturnReward,230
1,33,Fame,source,LureEconomy.OnHeroEscaped,575
1,33,DP,source,Nemesis.OnSlain,1550
1,33,Material,source,Nemesis.OnSlain,10
1,33,DP,stock,end,34253
1,33,Material,stock,end,4684
1,33,Fame,stock,end,31794
1,34,DP,source,SurfaceMap.CollectYields,157
1,34,Material,source,SurfaceMap.CollectYields,8
1,34,Fame,source,SurfaceMap.CollectYields,32
1,34,DP,source,DistrictCatalog.Collect,28
1,34,DP,sink,MinionRoster.TryForge,-31380
1,34,DP,sink,MinionRoster.TryEvolveIndividual,-375
1,34,Material,sink,MinionRoster.TryForge,-376
1,34,DP,sink,DungeonFeatureManager.TryPlaceTrap,-2400
1,34,DP,sink,MinionRoster.TrySummon,-262
1,34,DP,source,AdventurerAI.ReapEmotion,323
1,34,DP,sink,CommandSystem.TryUse,-6050
1,34,DP,source,AdventurerAI.TakeDamage,48812
1,34,Material,source,AdventurerAI.TakeDamage,1392
1,34,DP,source,AdventurerAI.GrantReturnReward,13295
1,34,Fame,source,AdventurerAI.GrantReturnReward,400
1,34,Fame,source,LureEconomy.OnHeroEscaped,1000
1,34,DP,source,Nemesis.OnSlain,7887
1,34,Material,source,Nemesis.OnSlain,34
1,34,DP,stock,end,64288
1,34,Material,stock,end,5742
1,34,Fame,stock,end,33226
1,35,DP,source,SurfaceMap.CollectYields,157
1,35,Material,source,SurfaceMap.CollectYields,8
1,35,Fame,source,SurfaceMap.CollectYields,32
1,35,DP,source,DistrictCatalog.Collect,28
1,35,DP,sink,MinionRoster.TryForge,-60180
1,35,DP,sink,MinionRoster.TryEvolveIndividual,-375
1,35,Material,sink,MinionRoster.TryForge,-760
1,35,DP,sink,DungeonFeatureManager.TryPlaceTrap,-1800
1,35,DP,sink,MinionRoster.TrySummon,-2110
1,35,DP,source,AdventurerAI.ReapEmotion,504
1,35,DP,source,AdventurerAI.TakeDamage,48393
1,35,Material,source,AdventurerAI.TakeDamage,1286
1,35,DP,sink,CommandSystem.TryUse,-5250
1,35,DP,source,AdventurerAI.GrantReturnReward,26132
1,35,Fame,source,AdventurerAI.GrantReturnReward,440
1,35,Fame,source,LureEconomy.OnHeroEscaped,1100
1,35,DP,source,Nemesis.OnSlain,859
1,35,Material,source,Nemesis.OnSlain,6
1,35,DP,stock,end,70646
1,35,Material,stock,end,6282
1,35,Fame,stock,end,34798
1,36,DP,source,SurfaceMap.CollectYields,110
1,36,Material,source,SurfaceMap.CollectYields,6
1,36,Fame,source,SurfaceMap.CollectYields,22
1,36,DP,source,DistrictCatalog.Collect,28
1,36,DP,sink,MinionRoster.TryForge,-41028
1,36,DP,sink,MinionRoster.TryEvolveIndividual,-1300
1,36,Material,sink,MinionRoster.TryForge,-360
1,36,DP,sink,MinionRoster.TrySummon,-27260
1,36,DP,sink,CommandSystem.TryUse,-6050
1,36,DP,source,AdventurerAI.ReapEmotion,484
1,36,Fame,source,AdventurerAI.GrantReturnReward,390
1,36,Fame,source,LureEconomy.OnHeroEscaped,975
1,36,DP,source,AdventurerAI.TakeDamage,52909
1,36,Material,source,AdventurerAI.TakeDamage,875
1,36,DP,source,AdventurerAI.GrantReturnReward,18055
1,36,DP,source,Nemesis.OnSlain,6028
1,36,Material,source,Nemesis.OnSlain,29
1,36,DP,stock,end,72622
1,36,Material,stock,end,6832
1,36,Fame,stock,end,36185
1,37,DP,source,SurfaceMap.CollectYields,110
1,37,Material,source,SurfaceMap.CollectYields,6
1,37,Fame,source,SurfaceMap.CollectYields,22
1,37,DP,source,DistrictCatalog.Collect,28
1,37,DP,sink,MinionRoster.TryForge,-22932
1,37,DP,sink,MinionRoster.TrySummon,-49120
1,37,Material,sink,MinionRoster.TryForge,-12
1,37,DP,sink,CommandSystem.TryUse,-4900
1,37,DP,source,AdventurerAI.ReapEmotion,299
1,37,DP,source,AdventurerAI.TakeDamage,65891
1,37,Material,source,AdventurerAI.TakeDamage,89284
1,37,DP,source,AdventurerAI.GrantReturnReward,11315
1,37,Fame,source,AdventurerAI.GrantReturnReward,250
1,37,Fame,source,LureEconomy.OnHeroEscaped,625
1,37,DP,source,Nemesis.OnSlain,8556
1,37,Material,source,Nemesis.OnSlain,34
1,37,DP,stock,end,81869
1,37,Material,stock,end,96144
1,37,Fame,stock,end,37082
1,38,DP,source,SurfaceMap.CollectYields,138
1,38,Material,source,SurfaceMap.CollectYields,7
1,38,Fame,source,SurfaceMap.CollectYields,22
1,38,DP,source,DistrictCatalog.Collect,28
1,38,DP,sink,MinionRoster.TryForge,-27060
1,38,Material,sink,MinionRoster.TryForge,-132
1,38,DP,sink,MinionRoster.TrySummon,-54958
1,38,DP,source,AdventurerAI.ReapEmotion,292
1,38,DP,sink,CommandSystem.TryUse,-6050
1,38,DP,source,AdventurerAI.GrantReturnReward,17116
1,38,Fame,source,AdventurerAI.GrantReturnReward,410
1,38,Fame,source,LureEconomy.OnHeroEscaped,1025
1,38,DP,source,AdventurerAI.TakeDamage,49717
1,38,Material,source,AdventurerAI.TakeDamage,533
1,38,DP,source,Nemesis.OnSlain,2673
1,38,Material,source,Nemesis.OnSlain,18
1,38,DP,stock,end,63765
1,38,Material,stock,end,96570
1,38,Fame,stock,end,38539
1,39,DP,source,SurfaceMap.CollectYields,228
1,39,Material,source,SurfaceMap.CollectYields,12
1,39,Fame,source,SurfaceMap.CollectYields,37
1,39,DP,source,DistrictCatalog.Collect,28
1,39,DP,sink,MinionRoster.TryForge,-46320
1,39,Material,sink,MinionRoster.TryForge,-436
1,39,DP,sink,MinionRoster.TrySummon,-17700
1,39,DP,source,AdventurerAI.ReapEmotion,253
1,39,DP,source,AdventurerAI.TakeDamage,57999
1,39,Material,source,AdventurerAI.TakeDamage,776
1,39,DP,sink,CommandSystem.TryUse,-6050
1,39,DP,source,AdventurerAI.GrantReturnReward,15942
1,39,Fame,source,AdventurerAI.GrantReturnReward,430
1,39,Fame,source,LureEconomy.OnHeroEscaped,1075
1,39,DP,source,Nemesis.OnSlain,2184
1,39,Material,source,Nemesis.OnSlain,14
1,39,DP,stock,end,70329
1,39,Material,stock,end,96936
1,39,Fame,stock,end,40081
1,40,DP,source,SurfaceMap.CollectYields,228
1,40,Material,source,SurfaceMap.CollectYields,12
1,40,Fame,source,SurfaceMap.CollectYields,37
1,40,DP,source,DistrictCatalog.Collect,28
1,40,DP,sink,MinionRoster.TryForge,-68400
1,40,Material,sink,MinionRoster.TryForge,-828
1,40,DP,sink,MinionRoster.TrySummon,-2178
1,40,DP,source,AdventurerAI.ReapEmotion,293
1,40,DP,sink,CommandSystem.TryUse,-4900
1,40,DP,source,AdventurerAI.TakeDamage,61715
1,40,Material,source,AdventurerAI.TakeDamage,882
1,40,DP,source,AdventurerAI.GrantReturnReward,17523
1,40,Fame,source,AdventurerAI.GrantReturnReward,350
1,40,Fame,source,LureEconomy.OnHeroEscaped,875
1,40,DP,source,Nemesis.OnSlain,2769
1,40,Material,source,Nemesis.OnSlain,18
1,40,DP,stock,end,77407
1,40,Material,stock,end,97020
1,40,Fame,stock,end,41343
1,41,DP,source,SurfaceMap.CollectYields,228
1,41,Material,source,SurfaceMap.CollectYields,12
1,41,Fame,source,SurfaceMap.CollectYields,37
1,41,DP,source,DistrictCatalog.Collect,28
1,41,DP,sink,MinionRoster.TryForge,-74400
1,41,Material,sink,MinionRoster.TryForge,-992
1,41,DP,sink,MinionRoster.TrySummon,-2225
1,41,DP,sink,CommandSystem.TryUse,-6050
1,41,DP,source,AdventurerAI.ReapEmotion,156
1,41,DP,source,AdventurerAI.TakeDamage,46136
1,41,Material,source,AdventurerAI.TakeDamage,678
1,41,DP,source,AdventurerAI.GrantReturnReward,19355
1,41,Fame,source,AdventurerAI.GrantReturnReward,500
1,41,Fame,source,LureEconomy.OnHeroEscaped,1250
1,41,DP,source,Nemesis.OnSlain,1880
1,41,Material,source,Nemesis.OnSlain,12
1,41,DP,stock,end,62515
1,41,Material,stock,end,96730
1,41,Fame,stock,end,43130
1,42,DP,source,SurfaceMap.CollectYields,259
1,42,Material,source,SurfaceMap.CollectYields,12
1,42,Fame,source,SurfaceMap.CollectYields,45
1,42,DP,source,DistrictCatalog.Collect,28
1,42,DP,source,EraSystem.TickTurn,1920
1,42,DP,sink,MinionRoster.TryForge,-62400
1,42,Material,sink,MinionRoster.TryForge,-832
1,42,DP,sink,MinionRoster.TrySummon,-1206
1,42,DP,sink,CommandSystem.TryUse,-5200
1,42,DP,source,AdventurerAI.TakeDamage,50299
1,42,Material,source,AdventurerAI.TakeDamage,839
1,42,DP,source,AdventurerAI.ReapEmotion,524
1,42,DP,source,AdventurerAI.GrantReturnReward,18370
1,42,Fame,source,AdventurerAI.GrantReturnReward,450
1,42,Fame,source,LureEconomy.OnHeroEscaped,1125
1,42,DP,source,Nemesis.OnSlain,956
1,42,Material,source,Nemesis.OnSlain,6
1,42,DP,stock,end,66065
1,42,Material,stock,end,96755
1,42,Fame,stock,end,44750
1,43,DP,source,SurfaceMap.CollectYields,259
1,43,Material,source,SurfaceMap.CollectYields,12
1,43,Fame,source,SurfaceMap.CollectYields,45
1,43,DP,source,DistrictCatalog.Collect,28
1,43,DP,sink,MinionRoster.TryForge,-12000
1,43,Material,sink,MinionRoster.TryForge,-160
1,43,DP,sink,MinionRoster.TrySummon,-53597
1,43,DP,sink,CommandSystem.TryUse,-4450
1,43,DP,source,AdventurerAI.ReapEmotion,450
1,43,DP,source,AdventurerAI.TakeDamage,33221
1,43,Material,source,AdventurerAI.TakeDamage,293
1,43,DP,source,AdventurerAI.GrantReturnReward,7033
1,43,Fame,source,AdventurerAI.GrantReturnReward,170
1,43,Fame,source,LureEconomy.OnHeroEscaped,425
1,43,DP,source,Nemesis.OnSlain,956
1,43,Material,source,Nemesis.OnSlain,6
1,43,DP,stock,end,37965
1,43,Material,stock,end,96906
1,43,Fame,stock,end,45390
1,44,DP,source,SurfaceMap.CollectYields,259
1,44,Material,source,SurfaceMap.CollectYields,12
1,44,Fame,source,SurfaceMap.CollectYields,45
1,44,DP,source,DistrictCatalog.Collect,28
1,44,DP,sink,MinionRoster.TrySummon,-37859
1,44,DP,sink,CommandSystem.TryUse,-4700
1,44,DP,source,AdventurerAI.ReapEmotion,422
1,44,DP,source,AdventurerAI.TakeDamage,64006
1,44,Material,source,AdventurerAI.TakeDamage,597
1,44,DP,source,AdventurerAI.GrantReturnReward,13806
1,44,Fame,source,AdventurerAI.GrantReturnReward,280
1,44,Fame,source,LureEconomy.OnHeroEscaped,700
1,44,DP,source,Nemesis.OnSlain,3338
1,44,Material,source,Nemesis.OnSlain,20
1,44,DP,stock,end,77265
1,44,Material,stock,end,97535
1,44,Fame,stock,end,46415
1,45,DP,source,SurfaceMap.CollectYields,259
1,45,Material,source,SurfaceMap.CollectYields,12
1,45,Fame,source,SurfaceMap.CollectYields,45
1,45,DP,source,DistrictCatalog.Collect,28
1,45,DP,sink,MinionRoster.TrySummon,-77311
1,45,DP,source,AdventurerAI.ReapEmotion,501
1,45,DP,sink,CommandSystem.TryUse,-4900
1,45,DP,source,AdventurerAI.TakeDamage,63593
1,45,Material,source,AdventurerAI.TakeDamage,444
1,45,DP,source,AdventurerAI.GrantReturnReward,20234
1,45,Fame,source,AdventurerAI.GrantReturnReward,390
1,45,Fame,source,LureEconomy.OnHeroEscaped,975
1,45,DP,source,Nemesis.OnSlain,988
1,45,Material,source,Nemesis.OnSlain,6
1,45,DP,stock,end,80657
1,45,Material,stock,end,97997
1,45,Fame,stock,end,47825
1,46,DP,source,SurfaceMap.CollectYields,228
1,46,Material,source,SurfaceMap.CollectYields,12
1,46,Fame,source,SurfaceMap.CollectYields,37
1,46,DP,source,DistrictCatalog.Collect,28
1,46,DP,sink,MinionRoster.TrySummon,-80885
1,46,DP,source,AdventurerAI.ReapEmotion,295
1,46,DP,sink,CommandSystem.TryUse,-4900
1,46,DP,source,AdventurerAI.GrantReturnReward,21195
1,46,Fame,source,AdventurerAI.GrantReturnReward,490
1,46,Fame,source,LureEconomy.OnHeroEscaped,1225
1,46,DP,source,AdventurerAI.TakeDamage,50658
1,46,Material,source,AdventurerAI.TakeDamage,739
1,46,DP,source,Nemesis.OnSlain,3012
1,46,Material,source,Nemesis.OnSlain,18
1,46,DP,stock,end,70288
1,46,Material,stock,end,98766
1,46,Fame,stock,end,49577
1,47,DP,source,SurfaceMap.CollectYields,228
1,47,Material,source,SurfaceMap.CollectYields,12
1,47,Fame,source,SurfaceMap.CollectYields,37
1,47,DP,source,DistrictCatalog.Collect,28
1,47,Material,source,DistrictCatalog.Collect,7
1,47,DP,sink,MinionEvolution.TryEvolve,-9050
1,47,DP,sink,MinionRoster.TryEvolveIndividual,-50100
1,47,DP,sink,MinionRoster.TrySummon,-11094
1,47,DP,sink,CommandSystem.TryUse,-4900
1,47,DP,source,AdventurerAI.ReapEmotion,243
1,47,DP,source,AdventurerAI.TakeDamage,34344
1,47,Material,source,AdventurerAI.TakeDamage,718
1,47,DP,source,AdventurerAI.GrantReturnReward,15272
1,47,Fame,source,AdventurerAI.GrantReturnReward,200
1,47,Fame,source,LureEconomy.OnHeroEscaped,500
1,47,DP,source,Nemesis.OnSlain,5054
1,47,Material,source,Nemesis.OnSlain,25
1,47,DP,stock,end,50313
1,47,Material,stock,end,99528
1,47,Fame,stock,end,50314
1,48,DP,source,SurfaceMap.CollectYields,259
1,48,Material,source,SurfaceMap.CollectYields,12
1,48,Fame,source,SurfaceMap.CollectYields,45
1,48,DP,source,DistrictCatalog.Collect,28
1,48,Material,source,DistrictCatalog.Collect,1
1,48,DP,source,EraSystem.TickTurn,9720
1,48,DP,sink,MinionRoster.TryForge,-57600
1,48,Material,sink,MinionRoster.TryForge,-840
1,48,DP,sink,MinionRoster.TrySummon,-2691
1,48,DP,source,AdventurerAI.ReapEmotion,477
1,48,DP,source,AdventurerAI.TakeDamage,73564
1,48,Material,source,AdventurerAI.TakeDamage,663
1,48,DP,sink,CommandSystem.TryUse,-6050
1,48,Fame,source,AdventurerAI.GrantReturnReward,320
1,48,Fame,source,LureEconomy.OnHeroEscaped,800
1,48,DP,source,AdventurerAI.GrantReturnReward,8650
1,48,DP,source,Nemesis.OnSlain,3063
1,48,Material,source,Nemesis.OnSlain,18
1,48,DP,stock,end,79733
1,48,Material,stock,end,99382
1,48,Fame,stock,end,51479
1,49,DP,source,SurfaceMap.CollectYields,259
1,49,Material,source,SurfaceMap.CollectYields,12
1,49,Fame,source,SurfaceMap.CollectYields,45
1,49,DP,source,DistrictCatalog.Collect,28
1,49,Material,source,DistrictCatalog.Collect,1
1,49,DP,source,EraSystem.TickTurn,9720
1,49,DP,sink,MinionRoster.TryForge,-5760
1,49,Material,sink,MinionRoster.TryForge,-84
1,49,DP,sink,DungeonFloorManager.TryAddFloor,-78125
1,49,DP,sink,DungeonFloorManager.TryExpandFloor,-400
1,49,DP,sink,MinionEvolution.TryEvolve,-4750
1,49,DP,sink,DungeonFeatureManager.TryPlaceTrap,-450
1,49,DP,sink,MinionRoster.TrySummon,-233
1,49,DP,source,AdventurerAI.ReapEmotion,174
1,49,DP,source,AdventurerAI.TakeDamage,81226
1,49,Material,source,AdventurerAI.TakeDamage,694
1,49,DP,sink,CommandSystem.TryUse,-5700
1,49,DP,source,AdventurerAI.GrantReturnReward,8410
1,49,Fame,source,AdventurerAI.GrantReturnReward,360
1,49,Fame,source,LureEconomy.OnHeroEscaped,900
1,49,DP,source,Nemesis.OnSlain,2445
1,49,Material,source,Nemesis.OnSlain,14
1,49,DP,stock,end,86577
1,49,Material,stock,end,100019
1,49,Fame,stock,end,52784
1,50,DP,source,SurfaceMap.CollectYields,259
1,50,Material,source,SurfaceMap.CollectYields,12
1,50,Fame,source,SurfaceMap.CollectYields,45
1,50,DP,source,DistrictCatalog.Collect,28
1,50,Material,source,DistrictCatalog.Collect,1
1,50,DP,source,EraSystem.TickTurn,9720
1,50,DP,sink,MinionRoster.TryForge,-5760
1,50,Material,sink,MinionRoster.TryForge,-84
1,50,DP,sink,DungeonFloorManager.TryExpandFloor,-800
1,50,DP,sink,MinionEvolution.TryEvolve,-28500
1,50,DP,sink,MinionRoster.TryEvolveIndividual,-60850
1,50,DP,sink,DungeonFeatureManager.TryPlaceTrap,-450
1,50,DP,sink,MinionRoster.TrySummon,-186
1,50,DP,source,AdventurerAI.ReapEmotion,566
1,50,DP,sink,CommandSystem.TryUse,-4900
1,50,DP,source,AdventurerAI.TakeDamage,76314
1,50,Material,source,AdventurerAI.TakeDamage,947
1,50,DP,source,AdventurerAI.GrantReturnReward,13808
1,50,Fame,source,AdventurerAI.GrantReturnReward,550
1,50,Fame,source,LureEconomy.OnHeroEscaped,1375
1,50,DP,source,Nemesis.OnSlain,1053
1,50,Material,source,Nemesis.OnSlain,6
1,50,DP,stock,end,86879
1,50,Material,stock,end,100901
1,50,Fame,stock,end,54754
1,51,DP,source,SurfaceMap.CollectYields,259
1,51,Material,source,SurfaceMap.CollectYields,12
1,51,Fame,source,SurfaceMap.CollectYields,45
1,51,DP,source,DistrictCatalog.Collect,28
1,51,Material,source,DistrictCatalog.Collect,1
1,51,DP,source,EraSystem.TickTurn,9720
1,51,DP,sink,MinionRoster.TryForge,-5760
1,51,Material,sink,MinionRoster.TryForge,-84
1,51,DP,sink,DungeonFloorManager.TryExpandFloor,-4000
1,51,DP,sink,MinionRoster.TryEvolveIndividual,-86400
1,51,DP,sink,DungeonFeatureManager.TryPlaceTrap,-450
1,51,DP,sink,MinionRoster.TrySummon,-239
1,51,DP,source,AdventurerAI.ReapEmotion,286
1,51,DP,source,AdventurerAI.TakeDamage,76544
1,51,Material,source,AdventurerAI.TakeDamage,1472
1,51,DP,sink,CommandSystem.TryUse,-5350
1,51,Fame,source,AdventurerAI.GrantReturnReward,610
1,51,Fame,source,LureEconomy.OnHeroEscaped,1525
1,51,DP,source,AdventurerAI.GrantReturnReward,16615
1,51,DP,stock,end,88132
1,51,Material,stock,end,102302
1,51,Fame,stock,end,56934
1,52,DP,source,SurfaceMap.CollectYields,228
1,52,Material,source,SurfaceMap.CollectYields,12
1,52,Fame,source,SurfaceMap.CollectYields,37
1,52,DP,source,DistrictCatalog.Collect,28
1,52,Material,source,DistrictCatalog.Collect,1
1,52,DP,source,EraSystem.TickTurn,16524
1,52,DP,sink,MinionRoster.TryForge,-83520
1,52,Material,sink,MinionRoster.TryForge,-1218
1,52,DP,sink,MinionRoster.TryEvolveIndividual,-17850
1,52,DP,sink,DungeonFeatureManager.TryPlaceTrap,-3300
1,52,DP,sink,MinionRoster.TrySummon,-192
1,52,DP,source,AdventurerAI.ReapEmotion,403
1,52,DP,source,AdventurerAI.TakeDamage,104658
1,52,Material,source,AdventurerAI.TakeDamage,1677
1,52,DP,sink,CommandSystem.TryUse,-4900
1,52,DP,source,AdventurerAI.GrantReturnReward,12368
1,52,Fame,source,AdventurerAI.GrantReturnReward,490
1,52,Fame,source,LureEconomy.OnHeroEscaped,1225
1,52,DP,source,Nemesis.OnSlain,3255
1,52,Material,source,Nemesis.OnSlain,18
1,52,DP,stock,end,115834
1,52,Material,stock,end,102792
1,52,Fame,stock,end,58686
1,53,DP,source,SurfaceMap.CollectYields,228
1,53,Material,source,SurfaceMap.CollectYields,12
1,53,Fame,source,SurfaceMap.CollectYields,37
1,53,DP,source,DistrictCatalog.Collect,28
1,53,Material,source,DistrictCatalog.Collect,1
1,53,DP,source,EraSystem.TickTurn,9720
1,53,Material,source,EraSystem.TickTurn,124
1,53,DP,sink,MinionRoster.TryForge,-106560
1,53,Material,sink,MinionRoster.TryForge,-1554
1,53,DP,sink,MinionRoster.TryEvolveIndividual,-14850
1,53,DP,sink,DungeonFeatureManager.TryPlaceTrap,-300
1,53,DP,sink,MinionRoster.TrySummon,-4060
1,53,DP,source,AdventurerAI.ReapEmotion,429
1,53,DP,sink,CommandSystem.TryUse,-4900
1,53,DP,source,AdventurerAI.TakeDamage,112772
1,53,Material,source,AdventurerAI.TakeDamage,1309
1,53,DP,source,AdventurerAI.GrantReturnReward,13421
1,53,Fame,source,AdventurerAI.GrantReturnReward,500
1,53,Fame,source,LureEconomy.OnHeroEscaped,1250
1,53,DP,source,Nemesis.OnSlain,3936
1,53,Material,source,Nemesis.OnSlain,20
1,53,DP,stock,end,125698
1,53,Material,stock,end,102704
1,53,Fame,stock,end,60473
1,54,DP,source,SurfaceMap.CollectYields,228
1,54,Material,source,SurfaceMap.CollectYields,12
1,54,Fame,source,SurfaceMap.CollectYields,37
1,54,DP,source,DistrictCatalog.Collect,28
1,54,Material,source,DistrictCatalog.Collect,1
1,54,DP,source,EraSystem.TickTurn,9720
1,54,Material,source,EraSystem.TickTurn,62
1,54,Fame,source,EraSystem.TickTurn,135
1,54,DP,sink,MinionRoster.TryForge,-125280
1,54,Material,sink,MinionRoster.TryForge,-1842
1,54,DP,sink,MinionRoster.TrySummon,-10389
1,54,DP,source,AdventurerAI.ReapEmotion,216
1,54,DP,source,AdventurerAI.GrantReturnReward,22608
1,54,Fame,source,AdventurerAI.GrantReturnReward,1070
1,54,Fame,source,LureEconomy.OnHeroEscaped,2675
1,54,DP,sink,CommandSystem.TryUse,-4550
1,54,DP,source,AdventurerAI.TakeDamage,157745
1,54,Material,source,AdventurerAI.TakeDamage,1637
1,54,DP,source,Nemesis.OnSlain,2204
1,54,Material,source,Nemesis.OnSlain,12
1,54,DP,stock,end,178228
1,54,Material,stock,end,102586
1,54,Fame,stock,end,64390
1,55,DP,source,SurfaceMap.CollectYields,228
1,55,Material,source,SurfaceMap.CollectYields,12
1,55,Fame,source,SurfaceMap.CollectYields,37
1,55,DP,source,DistrictCatalog.Collect,28
1,55,Material,source,DistrictCatalog.Collect,1
1,55,DP,source,EraSystem.TickTurn,9720
1,55,DP,sink,MinionRoster.TryForge,-151200
1,55,Material,sink,MinionRoster.TryForge,-2310
1,55,DP,sink,MinionRoster.TrySummon,-36999
1,55,DP,source,AdventurerAI.ReapEmotion,294
1,55,DP,source,AdventurerAI.GrantReturnReward,11797
1,55,Fame,source,AdventurerAI.GrantReturnReward,380
1,55,Fame,source,LureEconomy.OnHeroEscaped,950
1,55,DP,sink,CommandSystem.TryUse,-4550
1,55,DP,source,AdventurerAI.TakeDamage,145091
1,55,Material,source,AdventurerAI.TakeDamage,1809
1,55,DP,source,Nemesis.OnSlain,2236
1,55,Material,source,Nemesis.OnSlain,12
1,55,DP,stock,end,154873
1,55,Material,stock,end,102110
1,55,Fame,stock,end,65757
1,56,DP,source,SurfaceMap.CollectYields,228
1,56,Material,source,SurfaceMap.CollectYields,12
1,56,Fame,source,SurfaceMap.CollectYields,37
1,56,DP,source,DistrictCatalog.Collect,28
1,56,Material,source,DistrictCatalog.Collect,1
1,56,DP,source,EraSystem.TickTurn,11664
1,56,DP,source,WaveRoster.ResolveTrial,4500
1,56,DP,sink,MinionRoster.TryForge,-151200
1,56,Material,sink,MinionRoster.TryForge,-2310
1,56,DP,sink,MinionRoster.TrySummon,-20087
1,56,DP,source,AdventurerAI.ReapEmotion,279
1,56,DP,source,AdventurerAI.TakeDamage,115087
1,56,Material,source,AdventurerAI.TakeDamage,2141
1,56,DP,sink,CommandSystem.TryUse,-4900
1,56,DP,source,AdventurerAI.GrantReturnReward,16821
1,56,Fame,source,AdventurerAI.GrantReturnReward,560
1,56,Fame,source,LureEconomy.OnHeroEscaped,1400
1,56,DP,source,Nemesis.OnSlain,3880
1,56,Material,source,Nemesis.OnSlain,20
1,56,DP,stock,end,131173
1,56,Material,stock,end,101974
1,56,Fame,stock,end,67754
1,57,DP,source,SurfaceMap.CollectYields,228
1,57,Material,source,SurfaceMap.CollectYields,12
1,57,Fame,source,SurfaceMap.CollectYields,37
1,57,DP,source,DistrictCatalog.Collect,28
1,57,Material,source,DistrictCatalog.Collect,1
1,57,DP,sink,MinionRoster.TryForge,-126000
1,57,Material,sink,MinionRoster.TryForge,-1925
1,57,DP,sink,MinionRoster.TrySummon,-5375
1,57,DP,source,AdventurerAI.ReapEmotion,137
1,57,DP,source,AdventurerAI.TakeDamage,130914
1,57,Material,source,AdventurerAI.TakeDamage,2180
1,57,DP,sink,CommandSystem.TryUse,-4400
1,57,DP,source,AdventurerAI.GrantReturnReward,12622
1,57,Fame,source,AdventurerAI.GrantReturnReward,410
1,57,Fame,source,LureEconomy.OnHeroEscaped,1025
1,57,DP,source,Nemesis.OnSlain,6128
1,57,Material,source,Nemesis.OnSlain,27
1,57,DP,stock,end,145455
1,57,Material,stock,end,102269
1,57,Fame,stock,end,69226
1,58,DP,source,SurfaceMap.CollectYields,168
1,58,Material,source,SurfaceMap.CollectYields,9
1,58,Fame,source,SurfaceMap.CollectYields,27
1,58,DP,source,DistrictCatalog.Collect,28
1,58,Material,source,DistrictCatalog.Collect,1
1,58,DP,sink,MinionRoster.TryForge,-140400
1,58,Material,sink,MinionRoster.TryForge,-2265
1,58,DP,sink,MinionRoster.TrySummon,-5231
1,58,DP,source,AdventurerAI.ReapEmotion,376
1,58,DP,sink,CommandSystem.TryUse,-4550
1,58,DP,source,AdventurerAI.TakeDamage,138266
1,58,Material,source,AdventurerAI.TakeDamage,2085
1,58,DP,source,AdventurerAI.GrantReturnReward,16014
1,58,Fame,source,AdventurerAI.GrantReturnReward,560
1,58,Fame,source,LureEconomy.OnHeroEscaped,1400
1,58,DP,source,Nemesis.OnSlain,3450
1,58,Material,source,Nemesis.OnSlain,18
1,58,DP,stock,end,153576
1,58,Material,stock,end,102117
1,58,Fame,stock,end,71213
1,59,DP,source,SurfaceMap.CollectYields,168
1,59,Material,source,SurfaceMap.CollectYields,9
1,59,Fame,source,SurfaceMap.CollectYields,27
1,59,DP,source,DistrictCatalog.Collect,28
1,59,Material,source,DistrictCatalog.Collect,1
1,59,DP,sink,MinionRoster.TryForge,-146880
1,59,Material,sink,MinionRoster.TryForge,-2380
1,59,DP,sink,MinionRoster.TrySummon,-6880
1,59,DP,source,AdventurerAI.ReapEmotion,321
1,59,DP,sink,CommandSystem.TryUse,-4550
1,59,DP,source,AdventurerAI.TakeDamage,142880
1,59,Material,source,AdventurerAI.TakeDamage,2152
1,59,DP,source,AdventurerAI.GrantReturnReward,14944
1,59,Fame,source,AdventurerAI.GrantReturnReward,550
1,59,Fame,source,LureEconomy.OnHeroEscaped,1375
1,59,DP,source,Nemesis.OnSlain,3677
1,59,Material,source,Nemesis.OnSlain,18
1,59,DP,stock,end,157284
1,59,Material,stock,end,101917
1,59,Fame,stock,end,73165
1,60,DP,source,SurfaceMap.CollectYields,168
1,60,Material,source,SurfaceMap.CollectYields,9
1,60,Fame,source,SurfaceMap.CollectYields,27
1,60,DP,source,DistrictCatalog.Collect,28
1,60,Material,source,DistrictCatalog.Collect,1
1,60,DP,sink,MinionRoster.TryForge,-151200
1,60,Material,sink,MinionRoster.TryForge,-2450
1,60,DP,sink,MinionRoster.TrySummon,-6272
1,60,DP,source,AdventurerAI.ReapEmotion,1124
1,60,DP,sink,CommandSystem.TryUse,-4900
1,60,DP,source,AdventurerAI.TakeDamage,164861
1,60,Material,source,AdventurerAI.TakeDamage,782
1,60,DP,source,AdventurerAI.GrantReturnReward,7696
1,60,Fame,source,AdventurerAI.GrantReturnReward,150
1,60,Fame,source,LureEconomy.OnHeroEscaped,375
1,60,DP,source,Nemesis.OnSlain,3581
1,60,Material,source,Nemesis.OnSlain,18
1,60,DP,stock,end,172370
1,60,Material,stock,end,100277
1,60,Fame,stock,end,73717
1,61,DP,source,SurfaceMap.CollectYields,228
1,61,Material,source,SurfaceMap.CollectYields,12
1,61,Fame,source,SurfaceMap.CollectYields,37
1,61,DP,source,DistrictCatalog.Collect,28
1,61,Material,source,DistrictCatalog.Collect,1
1,61,DP,sink,MinionRoster.TryForge,-166080
1,61,Material,sink,MinionRoster.TryForge,-2750
1,61,DP,sink,MinionRoster.TrySummon,-6507
1,61,DP,source,AdventurerAI.ReapEmotion,138
1,61,DP,source,AdventurerAI.TakeDamage,146788
1,61,Material,source,AdventurerAI.TakeDamage,1821
1,61,DP,sink,CommandSystem.TryUse,-4550
1,61,DP,source,AdventurerAI.GrantReturnReward,19099
1,61,Fame,source,AdventurerAI.GrantReturnReward,670
1,61,Fame,source,LureEconomy.OnHeroEscaped,1675
1,61,DP,source,Nemesis.OnSlain,3597
1,61,Material,source,Nemesis.OnSlain,18
1,61,DP,stock,end,165111
1,61,Material,stock,end,99379
1,61,Fame,stock,end,76099
1,62,DP,source,SurfaceMap.CollectYields,228
1,62,Material,source,SurfaceMap.CollectYields,12
1,62,Fame,source,SurfaceMap.CollectYields,37
1,62,DP,source,DistrictCatalog.Collect,28
1,62,Material,source,DistrictCatalog.Collect,1
1,62,DP,sink,MinionRoster.TryForge,-158100
1,62,Material,sink,MinionRoster.TryForge,-2790
1,62,DP,sink,MinionRoster.TrySummon,-7234
1,62,DP,source,AdventurerAI.ReapEmotion,343
1,62,DP,sink,CommandSystem.TryUse,-4550
1,62,DP,source,AdventurerAI.TakeDamage,120382
1,62,Material,source,AdventurerAI.TakeDamage,1616
1,62,DP,source,AdventurerAI.GrantReturnReward,21895
1,62,Fame,source,AdventurerAI.GrantReturnReward,710
1,62,Fame,source,LureEconomy.OnHeroEscaped,1775
1,62,DP,source,Nemesis.OnSlain,2511
1,62,Material,source,Nemesis.OnSlain,12
1,62,DP,stock,end,140614
1,62,Material,stock,end,98230
1,62,Fame,stock,end,78621
1,63,DP,source,SurfaceMap.CollectYields,259
1,63,Material,source,SurfaceMap.CollectYields,12
1,63,Fame,source,SurfaceMap.CollectYields,45
1,63,DP,source,DistrictCatalog.Collect,28
1,63,Material,source,DistrictCatalog.Collect,1
1,63,DP,sink,MinionRoster.TryForge,-132600
1,63,Material,sink,MinionRoster.TryForge,-2340
1,63,DP,sink,MinionRoster.TrySummon,-8261
1,63,DP,source,AdventurerAI.ReapEmotion,159
1,63,DP,source,AdventurerAI.TakeDamage,205365
1,63,Material,source,AdventurerAI.TakeDamage,2358
1,63,DP,sink,CommandSystem.TryUse,-4250
1,63,DP,source,AdventurerAI.GrantReturnReward,21590
1,63,Fame,source,AdventurerAI.GrantReturnReward,1130
1,63,Fame,source,LureEconomy.OnHeroEscaped,2825
1,63,DP,source,Nemesis.OnSlain,3645
1,63,Material,source,Nemesis.OnSlain,18
1,63,DP,stock,end,226549
1,63,Material,stock,end,98279
1,63,Fame,stock,end,82621
1,64,DP,source,SurfaceMap.CollectYields,259
1,64,Material,source,SurfaceMap.CollectYields,12
1,64,Fame,source,SurfaceMap.CollectYields,45
1,64,DP,source,DistrictCatalog.Collect,28
1,64,Material,source,DistrictCatalog.Collect,1
1,64,DP,sink,MinionRoster.TryForge,-214200
1,64,Material,sink,MinionRoster.TryForge,-3780
1,64,DP,sink,MinionRoster.TrySummon,-12596
1,64,DP,source,AdventurerAI.ReapEmotion,285
1,64,DP,sink,CommandSystem.TryUse,-4550
1,64,DP,source,AdventurerAI.TakeDamage,145553
1,64,Material,source,AdventurerAI.TakeDamage,1611
1,64,DP,source,AdventurerAI.GrantReturnReward,14426
1,64,Fame,source,AdventurerAI.GrantReturnReward,530
1,64,Fame,source,LureEconomy.OnHeroEscaped,1325
1,64,DP,source,Nemesis.OnSlain,4114
1,64,Material,source,Nemesis.OnSlain,20
1,64,DP,stock,end,159868
1,64,Material,stock,end,96143
1,64,Fame,stock,end,84521
2,1,DP,sink,DungeonFeatureManager.TryPlaceTrap,-150
2,1,DP,source,AdventurerAI.ReapEmotion,100
2,1,DP,source,AdventurerAI.TakeDamage,335
2,1,Material,source,AdventurerAI.TakeDamage,18
2,1,DP,sink,CommandSystem.TryUse,-1150
2,1,DP,source,AdventurerAI.GrantReturnReward,842
2,1,Fame,source,AdventurerAI.GrantReturnReward,40
2,1,Fame,source,LureEconomy.OnHeroEscaped,100
2,1,DP,stock,end,177
2,1,Material,stock,end,18
2,1,Fame,stock,end,140
2,2,DP,source,SurfaceMap.CollectYields,18
2,2,Material,source,SurfaceMap.CollectYields,1
2,2,Fame,source,SurfaceMap.CollectYields,4
2,2,DP,source,EraSystem.TickTurn,600
2,2,Fame,source,EraSystem.TickTurn,25
2,2,DP,sink,MinionRoster.TryForge,-236
2,2,DP,sink,MinionEvolution.TryEvolve,-225
2,2,DP,sink,DungeonFeatureManager.TryPlaceTrap,-150
2,2,DP,sink,MinionRoster.TrySummon,-176
2,2,DP,source,AdventurerAI.ReapEmotion,103
2,2,DP,source,AdventurerAI.GrantReturnReward,1651
2,2,Fame,source,AdventurerAI.GrantReturnReward,80
2,2,Fame,source,LureEconomy.OnHeroEscaped,200
2,2,DP,source,AdventurerAI.TakeDamage,225
2,2,Material,source,AdventurerAI.TakeDamage,10
2,2,DP,sink,CommandSystem.TryUse,-1750
2,2,DP,stock,end,237
2,2,Material,stock,end,29
2,2,Fame,stock,end,449
2,3,DP,source,SurfaceMap.CollectYields,18
2,3,Material,source,SurfaceMap.CollectYields,1
2,3,Fame,source,SurfaceMap.CollectYields,4
2,3,DP,source,EraSystem.TickTurn,600
2,3,Material,source,EraSystem.TickTurn,10
2,3,DP,sink,MinionRoster.TryForge,-236
2,3,DP,sink,MinionEvolution.TryEvolve,-175
2,3,DP,sink,DungeonFeatureManager.TryPlaceTrap,-300
2,3,DP,sink,MinionRoster.TrySummon,-136
2,3,DP,source,AdventurerAI.ReapEmotion,184
2,3,DP,source,AdventurerAI.TakeDamage,369
2,3,Material,source,AdventurerAI.TakeDamage,14
2,3,DP,source,AdventurerAI.GrantReturnReward,1062
2,3,Fame,source,AdventurerAI.GrantReturnReward,60
2,3,Fame,source,LureEconomy.OnHeroEscaped,150
2,3,DP,sink,CommandSystem.TryUse,-1400
2,3,DP,stock,end,223
2,3,Material,stock,end,54
2,3,Fame,stock,end,663
2,4,DP,source,SurfaceMap.CollectYields,18
2,4,Material,source,SurfaceMap.CollectYields,1
2,4,Fame,source,SurfaceMap.CollectYields,4
2,4,DP,source,EraSystem.TickTurn,600
2,4,DP,sink,MinionRoster.TryForge,-236
2,4,DP,sink,MinionEvolution.TryEvolve,-225
2,4,DP,sink,DungeonFeatureManager.TryPlaceTrap,-300
2,4,DP,sink,MinionRoster.TrySummon,-78
2,4,DP,source,IncidentSystem.Apply,600
2,4,DP,sink,CommandSystem.TryUse,-2300
2,4,DP,source,AdventurerAI.ReapEmotion,180
2,4,DP,source,AdventurerAI.TakeDamage,1817
2,4,Material,source,AdventurerAI.TakeDamage,65
2,4,Fame,source,AdventurerAI.GrantReturnReward,40
2,4,Fame,source,LureEconomy.OnHeroEscaped,100
2,4,DP,source,AdventurerAI.GrantReturnReward,319
2,4,DP,source,Nemesis.OnSlain,908
2,4,Material,source,Nemesis.OnSlain,10
2,4,DP,stock,end,1526
2,4,Material,stock,end,130
2,4,Fame,stock,end,807
2,5,DP,source,SurfaceMap.CollectYields,18
2,5,Material,source,SurfaceMap.CollectYields,1
2,5,Fame,source,SurfaceMap.CollectYields,4
2,5,DP,source,EraSystem.TickTurn,600
2,5,DP,sink,MinionRoster.TryForge,-212
2,5,DP,sink,DungeonFloorManager.TryAddFloor,-800
2,5,DP,sink,DungeonFloorManager.TryExpandFloor,-800
2,5,DP,sink,DungeonFeatureManager.TryPlaceTrap,-150
2,5,DP,sink,MinionRoster.TrySummon,-168
2,5,DP,source,AdventurerAI.TakeDamage,1558
2,5,Material,source,AdventurerAI.TakeDamage,65
2,5,DP,source,AdventurerAI.ReapEmotion,124
2,5,Fame,source,AdventurerAI.GrantReturnReward,50
2,5,Fame,source,LureEconomy.OnHeroEscaped,125
2,5,DP,sink,CommandSystem.TryUse,-1800
2,5,DP,source,AdventurerAI.GrantReturnReward,742
2,5,DP,source,Nemesis.OnSlain,1410
2,5,Material,source,Nemesis.OnSlain,15
2,5,DP,stock,end,2048
2,5,Material,stock,end,211
2,5,Fame,stock,end,986
2,6,DP,source,SurfaceMap.CollectYields,39
2,6,Material,source,SurfaceMap.CollectYields,2
2,6,Fame,source,SurfaceMap.CollectYields,9
2,6,DP,source,EraSystem.TickTurn,600
2,6,DP,sink,MinionRoster.TryForge,-212
2,6,DP,sink,DungeonFloorManager.TryAddFloor,-2000
2,6,DP,sink,MinionRoster.TryEvolveIndividual,-175
2,6,DP,sink,DungeonFeatureManager.TryPlaceTrap,-150
2,6,DP,sink,MinionRoster.TrySummon,-135
2,6,DP,source,AdventurerAI.ReapEmotion,113
2,6,Fame,source,AdventurerAI.GrantReturnReward,110
2,6,Fame,source,LureEconomy.OnHeroEscaped,275
2,6,DP,source,AdventurerAI.TakeDamage,830
2,6,Material,source,AdventurerAI.TakeDamage,20
2,6,DP,sink,CommandSystem.TryUse,-2300
2,6,DP,source,AdventurerAI.GrantReturnReward,2034
2,6,DP,source,Nemesis.OnSlain,1458
2,6,Material,source,Nemesis.OnSlain,15
2,6,DP,stock,end,2150
2,6,Material,stock,end,248
2,6,Fame,stock,end,1380
2,7,DP,source,SurfaceMap.CollectYields,39
2,7,Material,source,SurfaceMap.CollectYields,2
2,7,Fame,source,SurfaceMap.CollectYields,9
2,7,DP,source,EraSystem.TickTurn,1020
2,7,DP,sink,MinionRoster.TryForge,-318
2,7,DP,sink,DungeonFloorManager.TryExpandFloor,-2000
2,7,DP,sink,MinionEvolution.TryEvolve,-525
2,7,DP,sink,DungeonFeatureManager.TryPlaceTrap,-150
2,7,DP,sink,MinionRoster.TrySummon,-209
2,7,DP,source,AdventurerAI.ReapEmotion,180
2,7,DP,source,AdventurerAI.TakeDamage,1994
2,7,Material,source,AdventurerAI.TakeDamage,60
2,7,DP,sink,CommandSystem.TryUse,-2150
2,7,DP,source,AdventurerAI.GrantReturnReward,214
2,7,Fame,source,AdventurerAI.GrantReturnReward,30
2,7,Fame,source,LureEconomy.OnHeroEscaped,75
2,7,DP,source,Nemesis.OnSlain,1004
2,7,Material,source,Nemesis.OnSlain,10
2,7,DP,stock,end,1249
2,7,Material,stock,end,320
2,7,Fame,stock,end,1494
2,8,DP,source,SurfaceMap.CollectYields,39
2,8,Material,source,SurfaceMap.CollectYields,2
2,8,Fame,source,SurfaceMap.CollectYields,9
2,8,DP,source,EraSystem.TickTurn,1020
2,8,Material,source,EraSystem.TickTurn,10
2,8,DP,sink,MinionRoster.TryForge,-190
2,8,DP,sink,DungeonFloorManager.TryExpandFloor,-800
2,8,DP,sink,MinionEvolution.TryEvolve,-950
2,8,DP,sink,DungeonFeatureManager.TryPlaceTrap,-150
2,8,DP,sink,MinionRoster.TrySummon,-215
2,8,DP,source,AdventurerAI.ReapEmotion,119
2,8,DP,source,AdventurerAI.TakeDamage,2069
2,8,Material,source,AdventurerAI.TakeDamage,56
2,8,DP,sink,CommandSystem.TryUse,-2150
2,8,Fame,source,AdventurerAI.GrantReturnReward,60
2,8,Fame,source,LureEconomy.OnHeroEscaped,150
2,8,DP,source,AdventurerAI.GrantReturnReward,887
2,8,DP,source,Nemesis.OnSlain,1004
2,8,Material,source,Nemesis.OnSlain,10
2,8,DP,stock,end,1932
2,8,Material,stock,end,398
2,8,Fame,stock,end,1713
2,9,DP,source,SurfaceMap.CollectYields,45
2,9,Material,source,SurfaceMap.CollectYields,2
2,9,Fame,source,SurfaceMap.CollectYields,11
2,9,DP,source,EraSystem.TickTurn,600
2,9,Fame,source,EraSystem.TickTurn,50
2,9,DP,sink,MinionRoster.TryForge,-190
2,9,DP,sink,DungeonFloorManager.TryExpandFloor,-1500
2,9,DP,sink,MinionEvolution.TryEvolve,-550
2,9,DP,sink,DungeonFeatureManager.TryPlaceTrap,-150
2,9,DP,sink,MinionRoster.TrySummon,-185
2,9,DP,source,AdventurerAI.ReapEmotion,117
2,9,DP,source,AdventurerAI.TakeDamage,2540
2,9,Material,source,AdventurerAI.TakeDamage,77
2,9,DP,sink,CommandSystem.TryUse,-2450
2,9,DP,source,AdventurerAI.GrantReturnReward,1003
2,9,Fame,source,AdventurerAI.GrantReturnReward,50
2,9,Fame,source,LureEconomy.OnHeroEscaped,125
2,9,DP,source,Nemesis.OnSlain,518
2,9,Material,source,Nemesis.OnSlain,5
2,9,DP,stock,end,1730
2,9,Material,stock,end,482
2,9,Fame,stock,end,1949
2,10,DP,source,SurfaceMap.CollectYields,24
2,10,Material,source,SurfaceMap.CollectYields,1
2,10,Fame,source,SurfaceMap.CollectYields,5
2,10,DP,source,EraSystem.TickTurn,600
2,10,DP,sink,MinionRoster.TryForge,-190
2,10,DP,sink,DungeonFloorManager.TryExpandFloor,-1500
2,10,DP,sink,MinionRoster.TryEvolveIndividual,-225
2,10,DP,sink,DungeonFeatureManager.TryPlaceTrap,-150
2,10,DP,sink,MinionRoster.TrySummon,-267
2,10,DP,source,AdventurerAI.ReapEmotion,126
2,10,DP,source,AdventurerAI.TakeDamage,1949
2,10,Material,source,AdventurerAI.TakeDamage,51
2,10,DP,sink,CommandSystem.TryUse,-1800
2,10,Fame,source,AdventurerAI.GrantReturnReward,10
2,10,Fame,source,LureEconomy.OnHeroEscaped,25
2,10,DP,source,Nemesis.OnSlain,1290
2,10,Material,source,Nemesis.OnSlain,12
2,10,DP,stock,end,1587
2,10,Material,stock,end,546
2,10,Fame,stock,end,1989
2,11,DP,source,SurfaceMap.CollectYields,24
2,11,Material,source,SurfaceMap.CollectYields,1
2,11,Fame,source,SurfaceMap.CollectYields,5
2,11,DP,source,WaveRoster.ResolveTrial,900
2,11,DP,sink,MinionRoster.TryForge,-190
2,11,DP,sink,DungeonFloorManager.TryExpandFloor,-1500
2,11,DP,sink,MinionRoster.TryEvolveIndividual,-400
2,11,DP,sink,DungeonFeatureManager.TryPlaceTrap,-150
2,11,DP,sink,MinionRoster.TrySummon,-266
2,11,DP,source,AdventurerAI.ReapEmotion,126
2,11,DP,source,AdventurerAI.TakeDamage,2612
2,11,Material,source,AdventurerAI.TakeDamage,80
2,11,DP,sink,CommandSystem.TryUse,-2600
2,11,Fame,source,AdventurerAI.GrantReturnReward,90
2,11,Fame,source,LureEconomy.OnHeroEscaped,225
2,11,DP,source,AdventurerAI.GrantReturnReward,1109
2,11,DP,source,Nemesis.OnSlain,775
2,11,Material,source,Nemesis.OnSlain,7
2,11,DP,stock,end,2027
2,11,Material,stock,end,634
2,11,Fame,stock,end,2309
2,12,DP,source,SurfaceMap.CollectYields,52
2,12,Material,source,SurfaceMap.CollectYields,2
2,12,Fame,source,SurfaceMap.CollectYields,11
2,12,DP,source,DistrictCatalog.Collect,14
2,12,DP,source,EraSystem.TickTurn,300
2,12,DP,sink,MinionRoster.TryForge,-1087
2,12,DP,sink,MinionRoster.TryEvolveIndividual,-875
2,12,DP,sink,DungeonFeatureManager.TryPlaceTrap,-150
2,12,DP,sink,MinionRoster.TrySummon,-274
2,12,DP,source,AdventurerAI.ReapEmotion,299
2,12,DP,sink,CommandSystem.TryUse,-3950
2,12,DP,source,AdventurerAI.TakeDamage,3653
2,12,Material,source,AdventurerAI.TakeDamage,178
2,12,DP,source,AdventurerAI.GrantReturnReward,1231
2,12,Fame,source,AdventurerAI.GrantReturnReward,60
2,12,Fame,source,LureEconomy.OnHeroEscaped,150
2,12,DP,source,Nemesis.OnSlain,1701
2,12,Material,source,Nemesis.OnSlain,15
2,12,DP,stock,end,2941
2,12,Material,stock,end,829
2,12,Fame,stock,end,2530
2,13,DP,source,SurfaceMap.CollectYields,60
2,13,Material,source,SurfaceMap.CollectYields,3
2,13,Fame,source,SurfaceMap.CollectYields,14
2,13,DP,source,DistrictCatalog.Collect,14
2,13,DP,sink,MinionRoster.TryForge,-190
2,13,DP,sink,DungeonFloorManager.TryExpandFloor,-2500
2,13,DP,sink,DungeonFeatureManager.TryPlaceTrap,-150
2,13,DP,sink,MinionRoster.TrySummon,-158
2,13,DP,source,AdventurerAI.ReapEmotion,134
2,13,DP,source,AdventurerAI.TakeDamage,967
2,13,Material,source,AdventurerAI.TakeDamage,27
2,13,DP,sink,CommandSystem.TryUse,-2950
2,13,DP,source,AdventurerAI.GrantReturnReward,6577
2,13,Fame,source,AdventurerAI.GrantReturnReward,260
2,13,Fame,source,LureEconomy.OnHeroEscaped,650
2,13,DP,stock,end,4745
2,13,Material,stock,end,859
2,13,Fame,stock,end,3454
2,14,DP,source,SurfaceMap.CollectYields,60
2,14,Material,source,SurfaceMap.CollectYields,3
2,14,Fame,source,SurfaceMap.CollectYields,14
2,14,DP,source,DistrictCatalog.Collect,14
2,14,DP,sink,MinionRoster.TryForge,-4270
2,14,DP,sink,DungeonFeatureManager.TryPlaceTrap,-300
2,14,DP,sink,MinionRoster.TrySummon,-230
2,14,DP,source,AdventurerAI.ReapEmotion,137
2,14,DP,source,AdventurerAI.TakeDamage,6247
2,14,Material,source,AdventurerAI.TakeDamage,156
2,14,DP,sink,CommandSystem.TryUse,-4100
2,14,Fame,source,AdventurerAI.GrantReturnReward,60
2,14,Fame,source,LureEconomy.OnHeroEscaped,150
2,14,DP,source,AdventurerAI.GrantReturnReward,1024
2,14,DP,source,Nemesis.OnSlain,1749
2,14,Material,source,Nemesis.OnSlain,15
2,14,DP,stock,end,5076
2,14,Material,stock,end,1033
2,14,Fame,stock,end,3678
2,15,DP,source,SurfaceMap.CollectYields,60
2,15,Material,source,SurfaceMap.CollectYields,3
2,15,Fame,source,SurfaceMap.CollectYields,14
2,15,DP,source,DistrictCatalog.Collect,14
2,15,DP,sink,MinionRoster.TryForge,-1604
2,15,DP,sink,DungeonFloorManager.TryExpandFloor,-2500
2,15,DP,sink,MinionRoster.TryEvolveIndividual,-625
2,15,DP,sink,DungeonFeatureManager.TryPlaceTrap,-150
2,15,DP,sink,MinionRoster.TrySummon,-270
2,15,DP,source,AdventurerAI.ReapEmotion,142
2,15,DP,source,AdventurerAI.GrantReturnReward,1555
2,15,Fame,source,AdventurerAI.GrantReturnReward,90
2,15,Fame,source,LureEconomy.OnHeroEscaped,225
2,15,DP,sink,CommandSystem.TryUse,-3100
2,15,DP,source,AdventurerAI.TakeDamage,2776
2,15,Material,source,AdventurerAI.TakeDamage,129
2,15,DP,source,Nemesis.OnSlain,2041
2,15,Material,source,Nemesis.OnSlain,16
2,15,DP,stock,end,3415
2,15,Material,stock,end,1181
2,15,Fame,stock,end,4007
2,16,DP,source,SurfaceMap.CollectYields,60
2,16,Material,source,SurfaceMap.CollectYields,3
2,16,Fame,source,SurfaceMap.CollectYields,14
2,16,DP,source,DistrictCatalog.Collect,14
2,16,DP,sink,MinionRoster.TryForge,-2978
2,16,DP,sink,DungeonFeatureManager.TryPlaceTrap,-300
2,16,DP,sink,MinionRoster.TrySummon,-201
2,16,DP,source,AdventurerAI.ReapEmotion,140
2,16,DP,source,AdventurerAI.TakeDamage,6395
2,16,Material,source,AdventurerAI.TakeDamage,170
2,16,DP,source,AdventurerAI.GrantReturnReward,2137
2,16,Fame,source,AdventurerAI.GrantReturnReward,120
2,16,Fame,source,LureEconomy.OnHeroEscaped,300
2,16,DP,sink,CommandSystem.TryUse,-4100
2,16,DP,source,Nemesis.OnSlain,1848
2,16,Material,source,Nemesis.OnSlain,15
2,16,DP,stock,end,6430
2,16,Material,stock,end,1369
2,16,Fame,stock,end,4441
2,17,DP,source,SurfaceMap.CollectYields,60
2,17,Material,source,SurfaceMap.CollectYields,3
2,17,Fame,source,SurfaceMap.CollectYields,14
2,17,DP,source,DistrictCatalog.Collect,14
2,17,DP,source,EraSystem.TickTurn,720
2,17,DP,sink,MinionRoster.TryForge,-598
2,17,DP,sink,DungeonFloorManager.TryAddFloor,-5000
2,17,DP,sink,DungeonFloorManager.TryExpandFloor,-1200
2,17,DP,sink,DungeonFeatureManager.TryPlaceTrap,-150
2,17,DP,sink,MinionRoster.TrySummon,-256
2,17,DP,source,AdventurerAI.ReapEmotion,130
2,17,DP,source,AdventurerAI.TakeDamage,3852
2,17,Material,source,AdventurerAI.TakeDamage,132
2,17,DP,sink,CommandSystem.TryUse,-5600
2,17,Fame,source,AdventurerAI.GrantReturnReward,240
2,17,Fame,source,LureEconomy.OnHeroEscaped,600
2,17,DP,source,AdventurerAI.GrantReturnReward,6861
2,17,DP,source,Nemesis.OnSlain,632
2,17,Material,source,Nemesis.OnSlain,5
2,17,DP,stock,end,5895
2,17,Material,stock,end,1509
2,17,Fame,stock,end,5295
2,18,DP,source,SurfaceMap.CollectYields,60
2,18,Material,source,SurfaceMap.CollectYields,3
2,18,Fame,source,SurfaceMap.CollectYields,14
2,18,DP,source,DistrictCatalog.Collect,14
2,18,DP,sink,MinionRoster.TryForge,-3265
2,18,DP,sink,DungeonFloorManager.TryExpandFloor,-1500
2,18,DP,sink,MinionRoster.TryEvolveIndividual,-550
2,18,DP,sink,DungeonFeatureManager.TryPlaceTrap,-450
2,18,DP,sink,MinionRoster.TrySummon,-181
2,18,DP,source,AdventurerAI.ReapEmotion,207
2,18,Fame,source,AdventurerAI.GrantReturnReward,470
2,18,Fame,source,LureEconomy.OnHeroEscaped,1175
2,18,DP,source,AdventurerAI.GrantReturnReward,11988
2,18,DP,sink,CommandSystem.TryUse,-5600
2,18,DP,source,AdventurerAI.TakeDamage,9130
2,18,Material,source,AdventurerAI.TakeDamage,143
2,18,DP,source,Nemesis.OnSlain,1912
2,18,Material,source,Nemesis.OnSlain,15
2,18,DP,stock,end,17660
2,18,Material,stock,end,1670
2,18,Fame,stock,end,6954
2,19,DP,source,SurfaceMap.CollectYields,79
2,19,Material,source,SurfaceMap.CollectYields,3
2,19,Fame,source,SurfaceMap.CollectYields,17
2,19,DP,source,DistrictCatalog.Collect,28
2,19,DP,sink,MinionRoster.TryForge,-15871
2,19,Material,sink,MinionRoster.TryForge,-6
2,19,DP,sink,DungeonFeatureManager.TryPlaceTrap,-1650
2,19,DP,sink,MinionRoster.TrySummon,-228
2,19,DP,source,AdventurerAI.ReapEmotion,345
2,19,DP,source,AdventurerAI.TakeDamage,7403
2,19,Material,source,AdventurerAI.TakeDamage,61
2,19,DP,sink,CommandSystem.TryUse,-6050
2,19,Fame,source,AdventurerAI.GrantReturnReward,310
2,19,Fame,source,LureEconomy.OnHeroEscaped,775
2,19,DP,source,AdventurerAI.GrantReturnReward,10317
2,19,DP,stock,end,12033
2,19,Material,stock,end,1728
2,19,Fame,stock,end,8056
2,20,DP,source,SurfaceMap.CollectYields,106
2,20,Material,source,SurfaceMap.CollectYields,4
2,20,Fame,source,SurfaceMap.CollectYields,22
2,20,DP,source,DistrictCatalog.Collect,28
2,20,DP,sink,MinionRoster.TryForge,-11050
2,20,DP,sink,MinionRoster.TryEvolveIndividual,-325
2,20,Material,sink,MinionRoster.TryForge,-30
2,20,DP,sink,DungeonFeatureManager.TryPlaceTrap,-600
2,20,DP,sink,MinionRoster.TrySummon,-187
2,20,DP,source,AdventurerAI.ReapEmotion,503
2,20,DP,sink,CommandSystem.TryUse,-6050
2,20,DP,source,AdventurerAI.TakeDamage,16160
2,20,Material,source,AdventurerAI.TakeDamage,157
2,20,DP,source,AdventurerAI.GrantReturnReward,7960
2,20,Fame,source,AdventurerAI.GrantReturnReward,220
2,20,Fame,source,LureEconomy.OnHeroEscaped,550
2,20,DP,source,Nemesis.OnSlain,1992
2,20,Material,source,Nemesis.OnSlain,15
2,20,DP,stock,end,20570
2,20,Material,stock,end,1874
2,20,Fame,stock,end,8848
2,21,DP,source,SurfaceMap.CollectYields,109
2,21,Material,source,SurfaceMap.CollectYields,4
2,21,Fame,source,SurfaceMap.CollectYields,23
2,21,DP,source,DistrictCatalog.Collect,28
2,21,DP,sink,MinionRoster.TryForge,-17510
2,21,DP,sink,DungeonFloorManager.TryExpandFloor,-2500
2,21,Material,sink,MinionRoster.TryForge,-50
2,21,DP,sink,DungeonFeatureManager.TryPlaceTrap,-450
2,21,DP,sink,MinionRoster.TrySummon,-240
2,21,DP,source,AdventurerAI.ReapEmotion,149
2,21,DP,source,AdventurerAI.GrantReturnReward,11847
2,21,Fame,source,AdventurerAI.GrantReturnReward,290
2,21,Fame,source,LureEconomy.OnHeroEscaped,725
2,21,DP,sink,CommandSystem.TryUse,-5600
2,21,DP,source,AdventurerAI.TakeDamage,11971
2,21,Material,source,AdventurerAI.TakeDamage,190
2,21,DP,source,Nemesis.OnSlain,2266
2,21,Material,source,Nemesis.OnSlain,16
2,21,DP,stock,end,20640
2,21,Material,stock,end,2034
2,21,Fame,stock,end,9886
2,22,DP,source,SurfaceMap.CollectYields,82
2,22,Material,source,SurfaceMap.CollectYields,3
2,22,Fame,source,SurfaceMap.CollectYields,17
2,22,DP,source,DistrictCatalog.Collect,14
2,22,DP,sink,MinionRoster.TryForge,-18938
2,22,DP,sink,MinionRoster.TryEvolveIndividual,-325
2,22,Material,sink,MinionRoster.TryForge,-110
2,22,DP,sink,DungeonFeatureManager.TryPlaceTrap,-1200
2,22,DP,sink,MinionRoster.TrySummon,-252
2,22,DP,source,AdventurerAI.ReapEmotion,369
2,22,DP,sink,CommandSystem.TryUse,-5600
2,22,Fame,source,AdventurerAI.GrantReturnReward,190
2,22,Fame,source,LureEconomy.OnHeroEscaped,475
2,22,DP,source,AdventurerAI.TakeDamage,19028
2,22,Material,source,AdventurerAI.TakeDamage,459
2,22,DP,source,AdventurerAI.GrantReturnReward,6074
2,22,DP,source,Nemesis.OnSlain,1394
2,22,Material,source,Nemesis.OnSlain,10
2,22,DP,stock,end,21286
2,22,Material,stock,end,2396
2,22,Fame,stock,end,10568
2,23,DP,source,SurfaceMap.CollectYields,62
2,23,Material,source,SurfaceMap.CollectYields,3
2,23,Fame,source,SurfaceMap.CollectYields,14
2,23,DP,source,DistrictCatalog.Collect,14
2,23,DP,sink,MinionRoster.TryForge,-16740
2,23,DP,sink,DungeonFloorManager.TryExpandFloor,-2500
2,23,DP,sink,MinionRoster.TryEvolveIndividual,-325
2,23,Material,sink,MinionRoster.TryForge,-124
2,23,DP,sink,DungeonFeatureManager.TryPlaceTrap,-1500
2,23,DP,sink,MinionRoster.TrySummon,-284
2,23,DP,source,AdventurerAI.ReapEmotion,151
2,23,DP,source,AdventurerAI.TakeDamage,20384
2,23,Material,source,AdventurerAI.TakeDamage,385
2,23,DP,sink,CommandSystem.TryUse,-5600
2,23,DP,source,AdventurerAI.GrantReturnReward,7134
2,23,Fame,source,AdventurerAI.GrantReturnReward,190
2,23,Fame,source,LureEconomy.OnHeroEscaped,475
2,23,DP,source,Nemesis.OnSlain,697
2,23,Material,source,Nemesis.OnSlain,5
2,23,DP,stock,end,22779
2,23,Material,stock,end,2665
2,23,Fame,stock,end,11247
2,24,DP,source,SurfaceMap.CollectYields,64
2,24,Material,source,SurfaceMap.CollectYields,3
2,24,Fame,source,SurfaceMap.CollectYields,14
2,24,DP,source,DistrictCatalog.Collect,14
2,24,DP,sink,MinionRoster.TryForge,-4260
2,24,DP,sink,MinionEvolution.TryEvolve,-4900
2,24,DP,sink,MinionRoster.TryEvolveIndividual,-11800
2,24,Material,sink,MinionRoster.TryForge,-20
2,24,DP,sink,DungeonFeatureManager.TryPlaceTrap,-1650
2,24,DP,sink,MinionRoster.TrySummon,-220
2,24,DP,source,IncidentSystem.Apply,600
2,24,DP,sink,CommandSystem.TryUse,-5600
2,24,DP,source,AdventurerAI.ReapEmotion,238
2,24,DP,source,AdventurerAI.TakeDamage,22090
2,24,Material,source,AdventurerAI.TakeDamage,544
2,24,DP,source,AdventurerAI.GrantReturnReward,10647
2,24,Fame,source,AdventurerAI.GrantReturnReward,260
2,24,Fame,source,LureEconomy.OnHeroEscaped,650
2,24,DP,source,Nemesis.OnSlain,2442
2,24,Material,source,Nemesis.OnSlain,17
2,24,DP,stock,end,30444
2,24,Material,stock,end,3209
2,24,Fame,stock,end,12171
2,25,DP,source,SurfaceMap.CollectYields,85
2,25,Material,source,SurfaceMap.CollectYields,4
2,25,Fame,source,SurfaceMap.CollectYields,19
2,25,DP,source,DistrictCatalog.Collect,14
2,25,DP,source,EraSystem.TickTurn,3840
2,25,DP,sink,MinionRoster.TryForge,-18660
2,25,DP,sink,DungeonFloorManager.TryAddFloor,-12500
2,25,DP,sink,DungeonFloorManager.TryExpandFloor,-1200
2,25,DP,sink,MinionRoster.TryEvolveIndividual,-1025
2,25,Material,sink,MinionRoster.TryForge,-140
2,25,DP,sink,DungeonFeatureManager.TryPlaceTrap,-750
2,25,DP,sink,MinionRoster.TrySummon,-220
2,25,DP,source,AdventurerAI.ReapEmotion,369
2,25,DP,sink,CommandSystem.TryUse,-5600
2,25,DP,source,AdventurerAI.GrantReturnReward,15714
2,25,Fame,source,AdventurerAI.GrantReturnReward,310
2,25,Fame,source,LureEconomy.OnHeroEscaped,775
2,25,DP,source,AdventurerAI.TakeDamage,27072
2,25,Material,source,AdventurerAI.TakeDamage,462
2,25,DP,stock,end,37583
2,25,Material,stock,end,3535
2,25,Fame,stock,end,13275
2,26,DP,source,SurfaceMap.CollectYields,85
2,26,Material,source,SurfaceMap.CollectYields,4
2,26,Fame,source,SurfaceMap.CollectYields,19
2,26,DP,source,DistrictCatalog.Collect,14
2,26,DP,source,EraSystem.TickTurn,6528
2,26,DP,sink,MinionRoster.TryForge,-7140
2,26,DP,sink,DungeonFloorManager.TryAddFloor,-31250
2,26,DP,sink,DungeonFloorManager.TryExpandFloor,-4200
2,26,DP,sink,MinionRoster.TryEvolveIndividual,-375
2,26,Material,sink,MinionRoster.TryForge,-44
2,26,DP,sink,DungeonFeatureManager.TryPlaceTrap,-1050
2,26,DP,sink,MinionRoster.TrySummon,-165
2,26,DP,source,AdventurerAI.ReapEmotion,489
2,26,DP,source,AdventurerAI.TakeDamage,15997
2,26,Material,source,AdventurerAI.TakeDamage,405
2,26,DP,sink,CommandSystem.TryUse,-5600
2,26,DP,source,AdventurerAI.GrantReturnReward,7483
2,26,Fame,source,AdventurerAI.GrantReturnReward,150
2,26,Fame,source,LureEconomy.OnHeroEscaped,375
2,26,DP,source,Nemesis.OnSlain,1490
2,26,Material,source,Nemesis.OnSlain,10
2,26,DP,stock,end,19889
2,26,Material,stock,end,3910
2,26,Fame,stock,end,13819
2,27,DP,source,SurfaceMap.CollectYields,85
2,27,Material,source,SurfaceMap.CollectYields,4
2,27,Fame,source,SurfaceMap.CollectYields,19
2,27,DP,source,DistrictCatalog.Collect,14
2,27,DP,source,EraSystem.TickTurn,6528
2,27,DP,sink,MinionRoster.TryForge,-18780
2,27,DP,sink,DungeonFloorManager.TryExpandFloor,-5000
2,27,DP,sink,MinionRoster.TryEvolveIndividual,-250
2,27,Material,sink,MinionRoster.TryForge,-166
2,27,DP,sink,DungeonFeatureManager.TryPlaceTrap,-2250
2,27,DP,sink,MinionRoster.TrySummon,-231
2,27,DP,source,AdventurerAI.ReapEmotion,312
2,27,DP,sink,CommandSystem.TryUse,-5100
2,27,Fame,source,AdventurerAI.GrantReturnReward,380
2,27,Fame,source,LureEconomy.OnHeroEscaped,950
2,27,DP,source,AdventurerAI.TakeDamage,26229
2,27,Material,source,AdventurerAI.TakeDamage,578
2,27,DP,source,AdventurerAI.GrantReturnReward,14629
2,27,DP,stock,end,36075
2,27,Material,stock,end,4326
2,27,Fame,stock,end,15168
2,28,DP,source,SurfaceMap.CollectYields,85
2,28,Material,source,SurfaceMap.CollectYields,4
2,28,Fame,source,SurfaceMap.CollectYields,19
2,28,DP,source,DistrictCatalog.Collect,14
2,28,DP,source,EraSystem.TickTurn,3840
2,28,DP,sink,MinionRoster.TryForge,-37020
2,28,DP,sink,MinionRoster.TryEvolveIndividual,-775
2,28,Material,sink,MinionRoster.TryForge,-398
2,28,DP,sink,DungeonFeatureManager.TryPlaceTrap,-1950
2,28,DP,sink,MinionRoster.TrySummon,-242
2,28,DP,source,AdventurerAI.ReapEmotion,537
2,28,DP,sink,CommandSystem.TryUse,-6050
2,28,Fame,source,AdventurerAI.GrantReturnReward,470
2,28,Fame,source,LureEconomy.OnHeroEscaped,1175
2,28,DP,source,AdventurerAI.TakeDamage,27462
2,28,Material,source,AdventurerAI.TakeDamage,730
2,28,DP,source,AdventurerAI.GrantReturnReward,14763
2,28,DP,stock,end,36739
2,28,Material,stock,end,4662
2,28,Fame,stock,end,16832
2,29,DP,source,SurfaceMap.CollectYields,82
2,29,Material,source,SurfaceMap.CollectYields,4
2,29,Fame,source,SurfaceMap.CollectYields,18
2,29,DP,source,DistrictCatalog.Collect,14
2,29,DP,source,EraSystem.TickTurn,3840
2,29,DP,sink,MinionRoster.TryForge,-38580
2,29,DP,sink,MinionRoster.TryEvolveIndividual,-375
2,29,Material,sink,MinionRoster.TryForge,-416
2,29,DP,sink,DungeonFeatureManager.TryPlaceTrap,-1500
2,29,DP,sink,MinionRoster.TrySummon,-207
2,29,DP,source,AdventurerAI.ReapEmotion,228
2,29,DP,source,AdventurerAI.TakeDamage,37981
2,29,Material,source,AdventurerAI.TakeDamage,666
2,29,DP,sink,CommandSystem.TryUse,-6700
2,29,DP,source,AdventurerAI.GrantReturnReward,10768
2,29,Fame,source,AdventurerAI.GrantReturnReward,310
2,29,Fame,source,LureEconomy.OnHeroEscaped,775
2,29,DP,stock,end,42290
2,29,Material,stock,end,4916
2,29,Fame,stock,end,17935
2,30,DP,source,SurfaceMap.CollectYields,103
2,30,Material,source,SurfaceMap.CollectYields,5
2,30,Fame,source,SurfaceMap.CollectYields,23
2,30,DP,source,DistrictCatalog.Collect,14
2,30,DP,source,EraSystem.TickTurn,6528
2,30,Material,source,EraSystem.TickTurn,32
2,30,DP,sink,MinionRoster.TryForge,-44340
2,30,DP,sink,MinionRoster.TryEvolveIndividual,-350
2,30,Material,sink,MinionRoster.TryForge,-504
2,30,DP,sink,DungeonFeatureManager.TryPlaceTrap,-3600
2,30,DP,sink,MinionRoster.TrySummon,-636
2,30,DP,source,AdventurerAI.ReapEmotion,863
2,30,DP,sink,CommandSystem.TryUse,-6400
2,30,DP,source,AdventurerAI.TakeDamage,47831
2,30,Material,source,AdventurerAI.TakeDamage,574
2,30,DP,source,AdventurerAI.GrantReturnReward,29140
2,30,Fame,source,AdventurerAI.GrantReturnReward,850
2,30,Fame,source,LureEconomy.OnHeroEscaped,2125
2,30,DP,stock,end,71443
2,30,Material,stock,end,5023
2,30,Fame,stock,end,20933
2,31,DP,source,SurfaceMap.CollectYields,103
2,31,Material,source,SurfaceMap.CollectYields,6
2,31,Fame,source,SurfaceMap.CollectYields,23
2,31,DP,source,DistrictCatalog.Collect,14
2,31,DP,source,EraSystem.TickTurn,3840
2,31,Material,source,EraSystem.TickTurn,74
2,31,DP,sink,MinionRoster.TryForge,-72180
2,31,Material,sink,MinionRoster.TryForge,-920
2,31,DP,sink,DungeonFeatureManager.TryPlaceTrap,-3000
2,31,DP,sink,MinionRoster.TrySummon,-207
2,31,DP,source,AdventurerAI.ReapEmotion,371
2,31,DP,sink,CommandSystem.TryUse,-5600
2,31,Fame,source,AdventurerAI.GrantReturnReward,160
2,31,Fame,source,LureEconomy.OnHeroEscaped,400
2,31,DP,source,AdventurerAI.GrantReturnReward,7647
2,31,DP,source,AdventurerAI.TakeDamage,61298
2,31,Material,source,AdventurerAI.TakeDamage,3568
2,31,DP,source,Nemesis.OnSlain,8017
2,31,Material,source,Nemesis.OnSlain,40
2,31,DP,stock,end,71746
2,31,Material,stock,end,7791
2,31,Fame,stock,end,21516
2,32,DP,source,SurfaceMap.CollectYields,103
2,32,Material,source,SurfaceMap.CollectYields,6
2,32,Fame,source,SurfaceMap.CollectYields,23
2,32,DP,source,DistrictCatalog.Collect,14
2,32,DP,source,EraSystem.TickTurn,6528
2,32,Fame,source,EraSystem.TickTurn,272
2,32,DP,sink,MinionRoster.TryForge,-74580
2,32,DP,sink,MinionRoster.TryEvolveIndividual,-350
2,32,Material,sink,MinionRoster.TryForge,-952
2,32,DP,sink,DungeonFeatureManager.TryPlaceTrap,-3300
2,32,DP,sink,MinionRoster.TrySummon,-144
2,32,DP,source,AdventurerAI.ReapEmotion,448
2,32,DP,sink,CommandSystem.TryUse,-5600
2,32,Fame,source,AdventurerAI.GrantReturnReward,180
2,32,Fame,source,LureEconomy.OnHeroEscaped,450
2,32,DP,source,AdventurerAI.TakeDamage,60245
2,32,Material,source,AdventurerAI.TakeDamage,1022
2,32,DP,source,AdventurerAI.GrantReturnReward,8983
2,32,DP,source,Nemesis.OnSlain,1525
2,32,Material,source,Nemesis.OnSlain,10
2,32,DP,stock,end,65618
2,32,Material,stock,end,7877
2,32,Fame,stock,end,22441
2,33,DP,source,SurfaceMap.CollectYields,105
2,33,Material,source,SurfaceMap.CollectYields,6
2,33,Fame,source,SurfaceMap.CollectYields,23
2,33,DP,source,DistrictCatalog.Collect,14
2,33,DP,source,EraSystem.TickTurn,1920
2,33,DP,sink,MinionRoster.TryForge,-40668
2,33,DP,sink,MinionRoster.TryEvolveIndividual,-600
2,33,Material,sink,MinionRoster.TryForge,-440
2,33,DP,sink,DungeonFeatureManager.TryPlaceTrap,-1650
2,33,DP,sink,MinionRoster.TrySummon,-24598
2,33,DP,source,AdventurerAI.ReapEmotion,223
2,33,DP,source,AdventurerAI.TakeDamage,49922
2,33,Material,source,AdventurerAI.TakeDamage,831
2,33,DP,sink,CommandSystem.TryUse,-5950
2,33,Fame,source,AdventurerAI.GrantReturnReward,280
2,33,Fame,source,LureEconomy.OnHeroEscaped,700
2,33,DP,source,AdventurerAI.GrantReturnReward,12655
2,33,DP,source,Nemesis.OnSlain,2478
2,33,Material,source,Nemesis.OnSlain,18
2,33,DP,stock,end,59469
2,33,Material,stock,end,8292
2,33,Fame,stock,end,23444
2,34,DP,source,SurfaceMap.CollectYields,105
2,34,Material,source,SurfaceMap.CollectYields,6
2,34,Fame,source,SurfaceMap.CollectYields,18
2,34,DP,source,DistrictCatalog.Collect,28
2,34,DP,sink,MinionRoster.TryForge,-15312
2,34,DP,sink,MinionRoster.TrySummon,-43746
2,34,DP,sink,CommandSystem.TryUse,-5600
2,34,DP,source,AdventurerAI.ReapEmotion,477
2,34,DP,source,AdventurerAI.TakeDamage,62050
2,34,Material,source,AdventurerAI.TakeDamage,1408
2,34,DP,source,AdventurerAI.GrantReturnReward,14470
2,34,Fame,source,AdventurerAI.GrantReturnReward,230
2,34,Fame,source,LureEconomy.OnHeroEscaped,575
2,34,DP,source,Nemesis.OnSlain,842
2,34,Material,source,Nemesis.OnSlain,6
2,34,DP,stock,end,72783
2,34,Material,stock,end,9712
2,34,Fame,stock,end,24267
2,35,DP,source,SurfaceMap.CollectYields,129
2,35,Material,source,SurfaceMap.CollectYields,6
2,35,Fame,source,SurfaceMap.CollectYields,22
2,35,DP,source,DistrictCatalog.Collect,28
2,35,DP,sink,MinionRoster.TryForge,-16650
2,35,DP,sink,MinionRoster.TrySummon,-55213
2,35,Material,sink,MinionRoster.TryForge,-10
2,35,DP,sink,CommandSystem.TryUse,-5950
2,35,DP,source,AdventurerAI.ReapEmotion,1038
2,35,DP,source,AdventurerAI.TakeDamage,48637
2,35,Material,source,AdventurerAI.TakeDamage,1139
2,35,DP,source,AdventurerAI.GrantReturnReward,18400
2,35,Fame,source,AdventurerAI.GrantReturnReward,400
2,35,Fame,source,LureEconomy.OnHeroEscaped,1000
2,35,DP,source,Nemesis.OnSlain,1718
2,35,Material,source,Nemesis.OnSlain,12
2,35,DP,stock,end,64920
2,35,Material,stock,end,10859
2,35,Fame,stock,end,25689
2,36,DP,source,SurfaceMap.CollectYields,129
2,36,Material,source,SurfaceMap.CollectYields,6
2,36,Fame,source,SurfaceMap.CollectYields,22
2,36,DP,source,DistrictCatalog.Collect,28
2,36,DP,sink,MinionRoster.TryForge,-23940
2,36,Material,sink,MinionRoster.TryForge,-84
2,36,DP,sink,MinionRoster.TrySummon,-40610
2,36,DP,sink,CommandSystem.TryUse,-6050
2,36,DP,source,AdventurerAI.ReapEmotion,665
2,36,Fame,source,AdventurerAI.GrantReturnReward,430
2,36,Fame,source,LureEconomy.OnHeroEscaped,1075
2,36,DP,source,AdventurerAI.TakeDamage,100252
2,36,Material,source,AdventurerAI.TakeDamage,1730
2,36,DP,source,AdventurerAI.GrantReturnReward,20792
2,36,DP,source,Nemesis.OnSlain,6880
2,36,Material,source,Nemesis.OnSlain,32
2,36,DP,stock,end,123066
2,36,Material,stock,end,12543
2,36,Fame,stock,end,27216
2,37,DP,source,SurfaceMap.CollectYields,161
2,37,Material,source,SurfaceMap.CollectYields,7
2,37,Fame,source,SurfaceMap.CollectYields,28
2,37,DP,source,DistrictCatalog.Collect,28
2,37,DP,sink,MinionRoster.TryForge,-66690
2,37,Material,sink,MinionRoster.TryForge,-556
2,37,DP,sink,MinionRoster.TrySummon,-55765
2,37,DP,sink,CommandSystem.TryUse,-5950
2,37,DP,source,AdventurerAI.ReapEmotion,373
2,37,DP,source,AdventurerAI.GrantReturnReward,10748
2,37,Fame,source,AdventurerAI.GrantReturnReward,350
2,37,Fame,source,LureEconomy.OnHeroEscaped,875
2,37,DP,source,AdventurerAI.TakeDamage,66072
2,37,Material,source,AdventurerAI.TakeDamage,1449
2,37,DP,source,Nemesis.OnSlain,2115
2,37,Material,source,Nemesis.OnSlain,14
2,37,DP,stock,end,74158
2,37,Material,stock,end,13457
2,37,Fame,stock,end,28469
2,38,DP,source,SurfaceMap.CollectYields,161
2,38,Material,source,SurfaceMap.CollectYields,7
2,38,Fame,source,SurfaceMap.CollectYields,28
2,38,DP,source,DistrictCatalog.Collect,28
2,38,DP,sink,MinionRoster.TryForge,-65520
2,38,Material,sink,MinionRoster.TryForge,-756
2,38,DP,sink,MinionRoster.TrySummon,-8824
2,38,DP,source,AdventurerAI.ReapEmotion,654
2,38,DP,sink,CommandSystem.TryUse,-5950
2,38,DP,source,AdventurerAI.GrantReturnReward,11978
2,38,Fame,source,AdventurerAI.GrantReturnReward,280
2,38,Fame,source,LureEconomy.OnHeroEscaped,700
2,38,DP,source,AdventurerAI.TakeDamage,60686
2,38,Material,source,AdventurerAI.TakeDamage,1345
2,38,DP,source,Nemesis.OnSlain,907
2,38,Material,source,Nemesis.OnSlain,6
2,38,DP,stock,end,68278
2,38,Material,stock,end,14059
2,38,Fame,stock,end,29477
2,39,DP,source,SurfaceMap.CollectYields,158
2,39,Material,source,SurfaceMap.CollectYields,9
2,39,Fame,source,SurfaceMap.CollectYields,28
2,39,DP,source,DistrictCatalog.Collect,28
2,39,DP,sink,MinionRoster.TryForge,-64440
2,39,Material,sink,MinionRoster.TryForge,-834
2,39,DP,sink,MinionRoster.TrySummon,-3466
2,39,DP,sink,CommandSystem.TryUse,-5950
2,39,DP,source,AdventurerAI.ReapEmotion,427
2,39,DP,source,AdventurerAI.TakeDamage,66286
2,39,Material,source,AdventurerAI.TakeDamage,1128
2,39,DP,source,AdventurerAI.GrantReturnReward,10807
2,39,Fame,source,AdventurerAI.GrantReturnReward,220
2,39,Fame,source,LureEconomy.OnHeroEscaped,550
2,39,DP,source,Nemesis.OnSlain,3058
2,39,Material,source,Nemesis.OnSlain,20
2,39,DP,stock,end,75186
2,39,Material,stock,end,14382
2,39,Fame,stock,end,30275
2,40,DP,source,SurfaceMap.CollectYields,158
2,40,Material,source,SurfaceMap.CollectYields,9
2,40,Fame,source,SurfaceMap.CollectYields,28
2,40,DP,source,DistrictCatalog.Collect,28
2,40,DP,sink,MinionRoster.TryForge,-72000
2,40,Material,sink,MinionRoster.TryForge,-960
2,40,DP,sink,MinionRoster.TrySummon,-3297
2,40,DP,source,AdventurerAI.ReapEmotion,897
2,40,DP,source,AdventurerAI.TakeDamage,77707
2,40,Material,source,AdventurerAI.TakeDamage,1101
2,40,DP,sink,CommandSystem.TryUse,-6050
2,40,DP,source,AdventurerAI.GrantReturnReward,40402
2,40,Fame,source,AdventurerAI.GrantReturnReward,750
2,40,Fame,source,LureEconomy.OnHeroEscaped,1875
2,40,DP,source,Nemesis.OnSlain,2620
2,40,Material,source,Nemesis.OnSlain,16
2,40,DP,stock,end,115651
2,40,Material,stock,end,14548
2,40,Fame,stock,end,32928
2,41,DP,source,SurfaceMap.CollectYields,158
2,41,Material,source,SurfaceMap.CollectYields,9
2,41,Fame,source,SurfaceMap.CollectYields,28
2,41,DP,source,DistrictCatalog.Collect,28
2,41,Material,source,DistrictCatalog.Collect,3
2,41,DP,source,EraSystem.TickTurn,1920
2,41,DP,sink,MinionRoster.TryForge,-12000
2,41,Material,sink,MinionRoster.TryForge,-160
2,41,DP,sink,MinionRoster.TrySummon,-103987
2,41,DP,sink,ProductionSystem.TryPurchase,-240
2,41,DP,sink,CommandSystem.TryUse,-5950
2,41,DP,source,AdventurerAI.ReapEmotion,416
2,41,DP,source,AdventurerAI.TakeDamage,46885
2,41,Material,source,AdventurerAI.TakeDamage,798
2,41,Fame,source,AdventurerAI.GrantReturnReward,460
2,41,Fame,source,LureEconomy.OnHeroEscaped,1150
2,41,DP,source,AdventurerAI.GrantReturnReward,25024
2,41,DP,source,Nemesis.OnSlain,1880
2,41,Material,source,Nemesis.OnSlain,12
2,41,DP,stock,end,69785
2,41,Material,stock,end,15210
2,41,Fame,stock,end,34566
2,42,DP,source,SurfaceMap.CollectYields,180
2,42,Material,source,SurfaceMap.CollectYields,9
2,42,Fame,source,SurfaceMap.CollectYields,34
2,42,DP,source,DistrictCatalog.Collect,28
2,42,Material,source,DistrictCatalog.Collect,3
2,42,DP,sink,MinionRoster.TrySummon,-69349
2,42,DP,sink,ProductionSystem.TryPurchase,-176
2,42,DP,sink,CommandSystem.TryUse,-5950
2,42,DP,source,AdventurerAI.ReapEmotion,970
2,42,Fame,source,AdventurerAI.GrantReturnReward,420
2,42,Fame,source,LureEconomy.OnHeroEscaped,1050
2,42,DP,source,AdventurerAI.GrantReturnReward,26009
2,42,DP,source,AdventurerAI.TakeDamage,52874
2,42,Material,source,AdventurerAI.TakeDamage,1205
2,42,DP,source,Nemesis.OnSlain,956
2,42,Material,source,Nemesis.OnSlain,6
2,42,DP,stock,end,75327
2,42,Material,stock,end,16433
2,42,Fame,stock,end,36070
2,43,DP,source,SurfaceMap.CollectYields,194
2,43,Material,source,SurfaceMap.CollectYields,9
2,43,Fame,source,SurfaceMap.CollectYields,34
2,43,DP,source,DistrictCatalog.Collect,28
2,43,Material,source,DistrictCatalog.Collect,3
2,43,DP,sink,MinionRoster.TrySummon,-75475
2,43,DP,source,AdventurerAI.ReapEmotion,680
2,43,DP,sink,CommandSystem.TryUse,-5600
2,43,Fame,source,AdventurerAI.GrantReturnReward,370
2,43,Fame,source,LureEconomy.OnHeroEscaped,925
2,43,DP,source,AdventurerAI.GrantReturnReward,25075
2,43,DP,source,AdventurerAI.TakeDamage,57781
2,43,Material,source,AdventurerAI.TakeDamage,668
2,43,DP,source,Nemesis.OnSlain,3258
2,43,Material,source,Nemesis.OnSlain,20
2,43,DP,stock,end,81268
2,43,Material,stock,end,17133
2,43,Fame,stock,end,37399
2,44,DP,source,SurfaceMap.CollectYields,194
2,44,Material,source,SurfaceMap.CollectYields,9
2,44,Fame,source,SurfaceMap.CollectYields,34
2,44,DP,source,DistrictCatalog.Collect,28
2,44,Material,source,DistrictCatalog.Collect,3
2,44,DP,sink,MinionRoster.TrySummon,-79956
2,44,DP,sink,ProductionSystem.TryPurchase,-608
2,44,DP,sink,CommandSystem.TryUse,-5950
2,44,DP,source,AdventurerAI.ReapEmotion,310
2,44,Fame,source,AdventurerAI.GrantReturnReward,190
2,44,Fame,source,LureEconomy.OnHeroEscaped,475
2,44,DP,source,AdventurerAI.TakeDamage,31964
2,44,Material,source,AdventurerAI.TakeDamage,645
2,44,DP,source,AdventurerAI.GrantReturnReward,12473
2,44,DP,source,Nemesis.OnSlain,972
2,44,Material,source,Nemesis.OnSlain,6
2,44,DP,stock,end,40695
2,44,Material,stock,end,17796
2,44,Fame,stock,end,38098
2,45,DP,source,SurfaceMap.CollectYields,194
2,45,Material,source,SurfaceMap.CollectYields,9
2,45,Fame,source,SurfaceMap.CollectYields,34
2,45,DP,source,DistrictCatalog.Collect,28
2,45,Material,source,DistrictCatalog.Collect,3
2,45,DP,sink,MinionRoster.TrySummon,-40911
2,45,DP,source,AdventurerAI.ReapEmotion,661
2,45,DP,sink,CommandSystem.TryUse,-5400
2,45,DP,source,AdventurerAI.GrantReturnReward,21106
2,45,Fame,source,AdventurerAI.GrantReturnReward,360
2,45,Fame,source,LureEconomy.OnHeroEscaped,900
2,45,DP,source,AdventurerAI.TakeDamage,64468
2,45,Material,source,AdventurerAI.TakeDamage,1166
2,45,DP,source,Nemesis.OnSlain,3013
2,45,Material,source,Nemesis.OnSlain,18
2,45,DP,stock,end,83854
2,45,Material,stock,end,18992
2,45,Fame,stock,end,39392
2,46,DP,source,SurfaceMap.CollectYields,131
2,46,Material,source,SurfaceMap.CollectYields,7
2,46,Fame,source,SurfaceMap.CollectYields,23
2,46,DP,source,DistrictCatalog.Collect,28
2,46,Material,source,DistrictCatalog.Collect,3
2,46,DP,sink,MinionRoster.TrySummon,-83957
2,46,DP,source,AdventurerAI.ReapEmotion,505
2,46,DP,sink,CommandSystem.TryUse,-5600
2,46,DP,source,AdventurerAI.GrantReturnReward,28498
2,46,Fame,source,AdventurerAI.GrantReturnReward,400
2,46,Fame,source,LureEconomy.OnHeroEscaped,1000
2,46,DP,source,AdventurerAI.TakeDamage,61904
2,46,Material,source,AdventurerAI.TakeDamage,1398
2,46,DP,source,Nemesis.OnSlain,6025
2,46,Material,source,Nemesis.OnSlain,31
2,46,DP,stock,end,91388
2,46,Material,stock,end,20431
2,46,Fame,stock,end,40815
2,47,DP,source,SurfaceMap.CollectYields,131
2,47,Material,source,SurfaceMap.CollectYields,7
2,47,Fame,source,SurfaceMap.CollectYields,23
2,47,DP,source,DistrictCatalog.Collect,28
2,47,Material,source,DistrictCatalog.Collect,3
2,47,DP,sink,MinionRoster.TryForge,-28800
2,47,Material,sink,MinionRoster.TryForge,-420
2,47,DP,sink,MinionEvolution.TryEvolve,-9050
2,47,DP,sink,MinionRoster.TryEvolveIndividual,-51300
2,47,DP,sink,MinionRoster.TrySummon,-2382
2,47,DP,source,AdventurerAI.ReapEmotion,408
2,47,DP,sink,CommandSystem.TryUse,-5050
2,47,DP,source,AdventurerAI.GrantReturnReward,22806
2,47,Fame,source,AdventurerAI.GrantReturnReward,420
2,47,Fame,source,LureEconomy.OnHeroEscaped,1050
2,47,DP,source,AdventurerAI.TakeDamage,57742
2,47,Material,source,AdventurerAI.TakeDamage,1107
2,47,DP,source,Nemesis.OnSlain,2042
2,47,Material,source,Nemesis.OnSlain,12
2,47,DP,stock,end,77963
2,47,Material,stock,end,21140
2,47,Fame,stock,end,42308
2,48,DP,source,SurfaceMap.CollectYields,134
2,48,Material,source,SurfaceMap.CollectYields,7
2,48,Fame,source,SurfaceMap.CollectYields,23
2,48,DP,source,DistrictCatalog.Collect,28
2,48,Material,source,DistrictCatalog.Collect,1
2,48,DP,source,EraSystem.TickTurn,9720
2,48,DP,sink,MinionRoster.TryForge,-5760
2,48,Material,sink,MinionRoster.TryForge,-84
2,48,DP,sink,DungeonFloorManager.TryAddFloor,-78125
2,48,DP,sink,DungeonFloorManager.TryExpandFloor,-1200
2,48,DP,sink,DungeonFeatureManager.TryPlaceTrap,-2550
2,48,DP,sink,MinionRoster.TrySummon,-180
2,48,DP,source,AdventurerAI.ReapEmotion,710
2,48,DP,sink,CommandSystem.TryUse,-4800
2,48,DP,source,AdventurerAI.GrantReturnReward,35440
2,48,Fame,source,AdventurerAI.GrantReturnReward,400
2,48,Fame,source,LureEconomy.OnHeroEscaped,1000
2,48,DP,source,AdventurerAI.TakeDamage,78804
2,48,Material,source,AdventurerAI.TakeDamage,1547
2,48,DP,source,Nemesis.OnSlain,2429
2,48,Material,source,Nemesis.OnSlain,14
2,48,DP,stock,end,112613
2,48,Material,stock,end,22625
2,48,Fame,stock,end,43731
2,49,DP,source,SurfaceMap.CollectYields,186
2,49,Material,source,SurfaceMap.CollectYields,10
2,49,Fame,source,SurfaceMap.CollectYields,33
2,49,DP,source,DistrictCatalog.Collect,28
2,49,Material,source,DistrictCatalog.Collect,1
2,49,DP,source,EraSystem.TickTurn,9720
2,49,DP,sink,MinionRoster.TryForge,-23040
2,49,Material,sink,MinionRoster.TryForge,-336
2,49,DP,sink,DungeonFloorManager.TryExpandFloor,-4000
2,49,DP,sink,MinionEvolution.TryEvolve,-14200
2,49,DP,sink,MinionRoster.TryEvolveIndividual,-77850
2,49,DP,sink,DungeonFeatureManager.TryPlaceTrap,-2550
2,49,DP,sink,MinionRoster.TrySummon,-862
2,49,DP,source,AdventurerAI.ReapEmotion,522
2,49,DP,sink,CommandSystem.TryUse,-4450
2,49,DP,source,AdventurerAI.GrantReturnReward,35631
2,49,Fame,source,AdventurerAI.GrantReturnReward,480
2,49,Fame,source,LureEconomy.OnHeroEscaped,1200
2,49,DP,source,AdventurerAI.TakeDamage,61323
2,49,Material,source,AdventurerAI.TakeDamage,1146
2,49,DP,source,Nemesis.OnSlain,2074
2,49,Material,source,Nemesis.OnSlain,12
2,49,DP,stock,end,95145
2,49,Material,stock,end,23458
2,49,Fame,stock,end,45444
2,50,DP,source,SurfaceMap.CollectYields,186
2,50,Material,source,SurfaceMap.CollectYields,10
2,50,Fame,source,SurfaceMap.CollectYields,33
2,50,DP,source,DistrictCatalog.Collect,28
2,50,Material,source,DistrictCatalog.Collect,1
2,50,DP,source,EraSystem.TickTurn,9720
2,50,DP,sink,MinionRoster.TryForge,-5760
2,50,Material,sink,MinionRoster.TryForge,-84
2,50,DP,sink,MinionEvolution.TryEvolve,-19050
2,50,DP,sink,MinionRoster.TryEvolveIndividual,-78950
2,50,DP,sink,MinionRoster.TrySummon,-1302
2,50,DP,source,AdventurerAI.ReapEmotion,926
2,50,DP,sink,CommandSystem.TryUse,-4750
2,50,DP,source,AdventurerAI.TakeDamage,103510
2,50,Material,source,AdventurerAI.TakeDamage,1546
2,50,DP,source,AdventurerAI.GrantReturnReward,16478
2,50,Fame,source,AdventurerAI.GrantReturnReward,220
2,50,Fame,source,LureEconomy.OnHeroEscaped,550
2,50,DP,source,Nemesis.OnSlain,1053
2,50,Material,source,Nemesis.OnSlain,6
2,50,DP,stock,end,117234
2,50,Material,stock,end,24937
2,50,Fame,stock,end,46247
2,51,DP,source,SurfaceMap.CollectYields,186
2,51,Material,source,SurfaceMap.CollectYields,10
2,51,Fame,source,SurfaceMap.CollectYields,33
2,51,DP,source,DistrictCatalog.Collect,28
2,51,Material,source,DistrictCatalog.Collect,1
2,51,DP,source,EraSystem.TickTurn,9720
2,51,DP,sink,MinionRoster.TryForge,-97920
2,51,Material,sink,MinionRoster.TryForge,-1428
2,51,DP,sink,MinionRoster.TryEvolveIndividual,-24750
2,51,DP,sink,MinionRoster.TrySummon,-4471
2,51,DP,source,AdventurerAI.ReapEmotion,591
2,51,DP,source,AdventurerAI.TakeDamage,169900
2,51,Material,source,AdventurerAI.TakeDamage,2124
2,51,DP,sink,CommandSystem.TryUse,-5600
2,51,Fame,source,AdventurerAI.GrantReturnReward,350
2,51,Fame,source,LureEconomy.OnHeroEscaped,875
2,51,DP,source,AdventurerAI.GrantReturnReward,18242
2,51,DP,source,Nemesis.OnSlain,2138
2,51,Material,source,Nemesis.OnSlain,12
2,51,DP,stock,end,185298
2,51,Material,stock,end,25656
2,51,Fame,stock,end,47505
2,52,DP,source,SurfaceMap.CollectYields,229
2,52,Material,source,SurfaceMap.CollectYields,10
2,52,Fame,source,SurfaceMap.CollectYields,40
2,52,DP,source,DistrictCatalog.Collect,28
2,52,Material,source,DistrictCatalog.Collect,1
2,52,DP,source,EraSystem.TickTurn,16524
2,52,DP,sink,MinionRoster.TryForge,-120960
2,52,Material,sink,MinionRoster.TryForge,-1764
2,52,DP,sink,MinionRoster.TrySummon,-81096
2,52,DP,source,AdventurerAI.ReapEmotion,337
2,52,Fame,source,AdventurerAI.GrantReturnReward,250
2,52,Fame,source,LureEconomy.OnHeroEscaped,625
2,52,DP,sink,CommandSystem.TryUse,-4750
2,52,DP,source,AdventurerAI.GrantReturnReward,7897
2,52,DP,source,AdventurerAI.TakeDamage,112458
2,52,Material,source,AdventurerAI.TakeDamage,1978
2,52,DP,source,Nemesis.OnSlain,3795
2,52,Material,source,Nemesis.OnSlain,20
2,52,DP,stock,end,119760
2,52,Material,stock,end,25901
2,52,Fame,stock,end,48420
2,53,DP,source,SurfaceMap.CollectYields,229
2,53,Material,source,SurfaceMap.CollectYields,10
2,53,Fame,source,SurfaceMap.CollectYields,40
2,53,DP,source,DistrictCatalog.Collect,28
2,53,Material,source,DistrictCatalog.Collect,1
2,53,DP,source,EraSystem.TickTurn,9720
2,53,Material,source,EraSystem.TickTurn,124
2,53,DP,sink,MinionRoster.TryForge,-126000
2,53,Material,sink,MinionRoster.TryForge,-1865
2,53,DP,sink,MinionRoster.TrySummon,-3697
2,53,DP,source,AdventurerAI.ReapEmotion,574
2,53,DP,sink,CommandSystem.TryUse,-5600
2,53,DP,source,AdventurerAI.GrantReturnReward,18087
2,53,Fame,source,AdventurerAI.GrantReturnReward,440
2,53,Fame,source,LureEconomy.OnHeroEscaped,1100
2,53,DP,source,AdventurerAI.TakeDamage,96185
2,53,Material,source,AdventurerAI.TakeDamage,1282
2,53,DP,source,Nemesis.OnSlain,1085
2,53,Material,source,Nemesis.OnSlain,6
2,53,DP,stock,end,110371
2,53,Material,stock,end,25459
2,53,Fame,stock,end,50000
2,54,DP,source,SurfaceMap.CollectYields,229
2,54,Material,source,SurfaceMap.CollectYields,10
2,54,Fame,source,SurfaceMap.CollectYields,40
2,54,DP,source,DistrictCatalog.Collect,28
2,54,Material,source,DistrictCatalog.Collect,1
2,54,DP,source,EraSystem.TickTurn,9720
2,54,Material,source,EraSystem.TickTurn,62
2,54,Fame,source,EraSystem.TickTurn,135
2,54,DP,sink,MinionRoster.TryForge,-115200
2,54,Material,sink,MinionRoster.TryForge,-1760
2,54,DP,sink,MinionRoster.TrySummon,-5148
2,54,DP,source,AdventurerAI.ReapEmotion,209
2,54,DP,source,AdventurerAI.GrantReturnReward,19828
2,54,Fame,source,AdventurerAI.GrantReturnReward,300
2,54,Fame,source,LureEconomy.OnHeroEscaped,750
2,54,DP,sink,CommandSystem.TryUse,-5600
2,54,DP,source,AdventurerAI.TakeDamage,111582
2,54,Material,source,AdventurerAI.TakeDamage,1365
2,54,DP,source,Nemesis.OnSlain,3468
2,54,Material,source,Nemesis.OnSlain,18
2,54,DP,stock,end,129487
2,54,Material,stock,end,25155
2,54,Fame,stock,end,51225
2,55,DP,source,SurfaceMap.CollectYields,229
2,55,Material,source,SurfaceMap.CollectYields,10
2,55,Fame,source,SurfaceMap.CollectYields,40
2,55,DP,source,DistrictCatalog.Collect,28
2,55,Material,source,DistrictCatalog.Collect,1
2,55,DP,source,EraSystem.TickTurn,9720
2,55,DP,sink,MinionRoster.TryForge,-133200
2,55,Material,sink,MinionRoster.TryForge,-2035
2,55,DP,sink,MinionRoster.TrySummon,-6245
2,55,DP,source,AdventurerAI.ReapEmotion,930
2,55,DP,sink,CommandSystem.TryUse,-4450
2,55,DP,source,AdventurerAI.GrantReturnReward,18506
2,55,Fame,source,AdventurerAI.GrantReturnReward,240
2,55,Fame,source,LureEconomy.OnHeroEscaped,600
2,55,DP,source,AdventurerAI.TakeDamage,145505
2,55,Material,source,AdventurerAI.TakeDamage,1950
2,55,DP,source,Nemesis.OnSlain,5334
2,55,Material,source,Nemesis.OnSlain,27
2,55,DP,stock,end,165844
2,55,Material,stock,end,25108
2,55,Fame,stock,end,52105
2,56,DP,source,SurfaceMap.CollectYields,186
2,56,Material,source,SurfaceMap.CollectYields,10
2,56,Fame,source,SurfaceMap.CollectYields,33
2,56,DP,source,DistrictCatalog.Collect,28
2,56,Material,source,DistrictCatalog.Collect,1
2,56,DP,source,EraSystem.TickTurn,11664
2,56,DP,sink,MinionRoster.TryForge,-151200
2,56,Material,sink,MinionRoster.TryForge,-2310
2,56,DP,sink,MinionRoster.TrySummon,-26489
2,56,DP,source,AdventurerAI.ReapEmotion,218
2,56,DP,source,AdventurerAI.TakeDamage,118250
2,56,Material,source,AdventurerAI.TakeDamage,1891
2,56,DP,sink,CommandSystem.TryUse,-5600
2,56,DP,source,AdventurerAI.GrantReturnReward,20438
2,56,Fame,source,AdventurerAI.GrantReturnReward,330
2,56,Fame,source,LureEconomy.OnHeroEscaped,825
2,56,DP,source,Nemesis.OnSlain,2268
2,56,Material,source,Nemesis.OnSlain,12
2,56,DP,stock,end,135607
2,56,Material,stock,end,24712
2,56,Fame,stock,end,53293
2,57,DP,source,SurfaceMap.CollectYields,160
2,57,Material,source,SurfaceMap.CollectYields,9
2,57,Fame,source,SurfaceMap.CollectYields,28
2,57,DP,source,DistrictCatalog.Collect,28
2,57,Material,source,DistrictCatalog.Collect,1
2,57,DP,sink,MinionRoster.TryForge,-129600
2,57,Material,sink,MinionRoster.TryForge,-2080
2,57,DP,sink,MinionRoster.TrySummon,-6175
2,57,DP,source,AdventurerAI.ReapEmotion,349
2,57,DP,sink,CommandSystem.TryUse,-5600
2,57,DP,source,AdventurerAI.TakeDamage,109047
2,57,Material,source,AdventurerAI.TakeDamage,777
2,57,DP,source,AdventurerAI.GrantReturnReward,10185
2,57,Fame,source,AdventurerAI.GrantReturnReward,160
2,57,Fame,source,LureEconomy.OnHeroEscaped,400
2,57,DP,source,Nemesis.OnSlain,3466
2,57,Material,source,Nemesis.OnSlain,18
2,57,DP,stock,end,117467
2,57,Material,stock,end,23437
2,57,Fame,stock,end,53881
2,58,DP,source,SurfaceMap.CollectYields,160
2,58,Material,source,SurfaceMap.CollectYields,9
2,58,Fame,source,SurfaceMap.CollectYields,28
2,58,DP,source,DistrictCatalog.Collect,28
2,58,Material,source,DistrictCatalog.Collect,1
2,58,DP,sink,MinionRoster.TryForge,-112320
2,58,Material,sink,MinionRoster.TryForge,-1820
2,58,DP,sink,MinionRoster.TrySummon,-5313
2,58,DP,source,AdventurerAI.ReapEmotion,838
2,58,DP,source,AdventurerAI.TakeDamage,104396
2,58,Material,source,AdventurerAI.TakeDamage,1645
2,58,DP,sink,CommandSystem.TryUse,-4450
2,58,Fame,source,AdventurerAI.GrantReturnReward,490
2,58,Fame,source,LureEconomy.OnHeroEscaped,1225
2,58,DP,source,AdventurerAI.GrantReturnReward,19644
2,58,DP,source,Nemesis.OnSlain,2381
2,58,Material,source,Nemesis.OnSlain,12
2,58,DP,stock,end,122831
2,58,Material,stock,end,23284
2,58,Fame,stock,end,55624
2,59,DP,source,SurfaceMap.CollectYields,160
2,59,Material,source,SurfaceMap.CollectYields,9
2,59,Fame,source,SurfaceMap.CollectYields,28
2,59,DP,source,DistrictCatalog.Collect,28
2,59,Material,source,DistrictCatalog.Collect,1
2,59,DP,sink,MinionRoster.TryForge,-116640
2,59,Material,sink,MinionRoster.TryForge,-1890
2,59,DP,sink,MinionRoster.TrySummon,-6328
2,59,DP,source,AdventurerAI.ReapEmotion,462
2,59,DP,source,AdventurerAI.TakeDamage,122776
2,59,Material,source,AdventurerAI.TakeDamage,1552
2,59,DP,sink,CommandSystem.TryUse,-5600
2,59,Fame,source,AdventurerAI.GrantReturnReward,440
2,59,Fame,source,LureEconomy.OnHeroEscaped,1100
2,59,DP,source,AdventurerAI.GrantReturnReward,25416
2,59,DP,source,Nemesis.OnSlain,2398
2,59,Material,source,Nemesis.OnSlain,12
2,59,DP,stock,end,145503
2,59,Material,stock,end,22968
2,59,Fame,stock,end,57192
