run,turn,resource,kind,key,amount
1,1,DP,sink,DungeonFeatureManager.TryPlaceTrap,-150
1,1,DP,sink,MinionRoster.TrySummon,-46
1,1,DP,source,AdventurerAI.ReapEmotion,200
1,1,Fame,source,AdventurerAI.GrantReturnReward,40
1,1,Fame,source,LureEconomy.OnHeroEscaped,100
1,1,DP,source,AdventurerAI.GrantReturnReward,803
1,1,DP,sink,CommandSystem.TryUse,-650
1,1,DP,source,AdventurerAI.TakeDamage,55
1,1,Material,source,AdventurerAI.TakeDamage,6
1,1,DP,stock,end,412
1,1,Material,stock,end,6
1,1,Fame,stock,end,140
1,2,DP,source,SurfaceMap.CollectYields,18
1,2,Material,source,SurfaceMap.CollectYields,1
1,2,Fame,source,SurfaceMap.CollectYields,4
1,2,DP,source,EraSystem.TickTurn,600
1,2,Fame,source,EraSystem.TickTurn,25
1,2,DP,sink,MinionRoster.TryForge,-236
1,2,DP,sink,MinionEvolution.TryEvolve,-400
1,2,DP,sink,DungeonFeatureManager.TryPlaceTrap,-300
1,2,DP,sink,MinionRoster.TrySummon,-78
1,2,DP,source,AdventurerAI.ReapEmotion,94
1,2,DP,source,AdventurerAI.TakeDamage,296
1,2,Material,source,AdventurerAI.TakeDamage,8
1,2,DP,source,AdventurerAI.GrantReturnReward,159
1,2,Fame,source,AdventurerAI.GrantReturnReward,10
1,2,Fame,source,LureEconomy.OnHeroEscaped,25
1,2,DP,sink,CommandSystem.TryUse,-300
1,2,DP,stock,end,265
1,2,Material,stock,end,15
1,2,Fame,stock,end,204
1,3,DP,source,SurfaceMap.CollectYields,18
1,3,Material,source,SurfaceMap.CollectYields,1
1,3,Fame,source,SurfaceMap.CollectYields,4
1,3,DP,source,EraSystem.TickTurn,600
1,3,Material,source,EraSystem.TickTurn,10
1,3,Fame,source,EraSystem.TickTurn,25
1,3,DP,sink,MinionRoster.TryForge,-236
1,3,DP,sink,MinionEvolution.TryEvolve,-225
1,3,DP,sink,DungeonFeatureManager.TryPlaceTrap,-300
1,3,DP,sink,MinionRoster.TrySummon,-117
1,3,DP,source,AdventurerAI.TakeDamage,256
1,3,Material,source,AdventurerAI.TakeDamage,21
1,3,Fame,source,AdventurerAI.GrantReturnReward,20
1,3,Fame,source,LureEconomy.OnHeroEscaped,50
1,3,DP,source,AdventurerAI.ReapEmotion,117
1,3,DP,source,Nemesis.OnSlain,437
1,3,Material,source,Nemesis.OnSlain,5
1,3,DP,sink,CommandSystem.TryUse,-650
1,3,DP,source,AdventurerAI.GrantReturnReward,305
1,3,DP,stock,end,470
1,3,Material,stock,end,52
1,3,Fame,stock,end,303
1,4,DP,source,SurfaceMap.CollectYields,18
1,4,Material,source,SurfaceMap.CollectYields,1
1,4,Fame,source,SurfaceMap.CollectYields,4
1,4,DP,source,EraSystem.TickTurn,600
1,4,DP,sink,MinionRoster.TryForge,-236
1,4,DP,sink,DungeonFloorManager.TryExpandFloor,-400
1,4,DP,sink,MinionRoster.TryEvolveIndividual,-150
1,4,DP,sink,DungeonFeatureManager.TryPlaceTrap,-150
1,4,DP,sink,MinionRoster.TrySummon,-136
1,4,DP,source,AdventurerAI.ReapEmotion,174
1,4,DP,source,AdventurerAI.GrantReturnReward,395
1,4,Fame,source,AdventurerAI.GrantReturnReward,10
1,4,Fame,source,LureEconomy.OnHeroEscaped,25
1,4,DP,sink,CommandSystem.TryUse,-650
1,4,DP,source,AdventurerAI.TakeDamage,419
1,4,Material,source,AdventurerAI.TakeDamage,24
1,4,DP,stock,end,354
1,4,Material,stock,end,77
1,4,Fame,stock,end,342
1,5,DP,source,SurfaceMap.CollectYields,18
1,5,Material,source,SurfaceMap.CollectYields,1
1,5,Fame,source,SurfaceMap.CollectYields,4
1,5,DP,source,EraSystem.TickTurn,600
1,5,Material,source,EraSystem.TickTurn,10
1,5,DP,sink,MinionRoster.TryForge,-212
1,5,DP,sink,MinionEvolution.TryEvolve,-325
1,5,DP,sink,MinionRoster.TryEvolveIndividual,-75
1,5,DP,sink,DungeonFeatureManager.TryPlaceTrap,-300
1,5,DP,sink,MinionRoster.TrySummon,-42
1,5,DP,source,AdventurerAI.ReapEmotion,217
1,5,DP,source,AdventurerAI.TakeDamage,605
1,5,Material,source,AdventurerAI.TakeDamage,16
1,5,DP,sink,CommandSystem.TryUse,-1150
1,5,DP,source,Nemesis.OnSlain,470
1,5,Material,source,Nemesis.OnSlain,5
1,5,DP,stock,end,160
1,5,Material,stock,end,109
1,5,Fame,stock,end,346
1,6,DP,source,SurfaceMap.CollectYields,39
1,6,Material,source,SurfaceMap.CollectYields,2
1,6,Fame,source,SurfaceMap.CollectYields,9
1,6,DP,source,EraSystem.TickTurn,600
1,6,DP,sink,MinionRoster.TryForge,-212
1,6,DP,sink,MinionEvolution.TryEvolve,-200
1,6,DP,sink,DungeonFeatureManager.TryPlaceTrap,-300
1,6,DP,sink,MinionRoster.TrySummon,-70
1,6,DP,source,AdventurerAI.ReapEmotion,127
1,6,DP,source,AdventurerAI.TakeDamage,421
1,6,Material,source,AdventurerAI.TakeDamage,16
1,6,DP,sink,CommandSystem.TryUse,-650
1,6,DP,source,AdventurerAI.GrantReturnReward,799
1,6,Fame,source,AdventurerAI.GrantReturnReward,30
1,6,Fame,source,LureEconomy.OnHeroEscaped,75
1,6,DP,stock,end,714
1,6,Material,stock,end,127
1,6,Fame,stock,end,460
1,7,DP,source,SurfaceMap.CollectYields,39
1,7,Material,source,SurfaceMap.CollectYields,2
1,7,Fame,source,SurfaceMap.CollectYields,9
1,7,DP,source,EraSystem.TickTurn,1020
1,7,DP,sink,MinionRoster.TryForge,-212
1,7,DP,sink,DungeonFloorManager.TryAddFloor,-800
1,7,DP,sink,DungeonFloorManager.TryExpandFloor,-400
1,7,DP,sink,DungeonFeatureManager.TryPlaceTrap,-300
1,7,DP,sink,MinionRoster.TrySummon,-46
1,7,DP,source,AdventurerAI.ReapEmotion,258
1,7,DP,source,AdventurerAI.TakeDamage,666
1,7,Material,source,AdventurerAI.TakeDamage,31
1,7,DP,sink,CommandSystem.TryUse,-650
1,7,DP,source,AdventurerAI.GrantReturnReward,170
1,7,Fame,source,AdventurerAI.GrantReturnReward,10
1,7,Fame,source,LureEconomy.OnHeroEscaped,25
1,7,DP,stock,end,459
1,7,Material,stock,end,160
1,7,Fame,stock,end,504
1,8,DP,source,SurfaceMap.CollectYields,39
1,8,Material,source,SurfaceMap.CollectYields,2
1,8,Fame,source,SurfaceMap.CollectYields,9
1,8,DP,source,EraSystem.TickTurn,600
1,8,DP,sink,MinionRoster.TryForge,-212
1,8,DP,sink,MinionEvolution.TryEvolve,-450
1,8,DP,sink,DungeonFeatureManager.TryPlaceTrap,-150
1,8,DP,sink,MinionRoster.TrySummon,-273
1,8,DP,source,AdventurerAI.ReapEmotion,252
1,8,DP,source,AdventurerAI.TakeDamage,595
1,8,Material,source,AdventurerAI.TakeDamage,22
1,8,DP,sink,CommandSystem.TryUse,-1800
1,8,DP,source,AdventurerAI.GrantReturnReward,848
1,8,Fame,source,AdventurerAI.GrantReturnReward,40
1,8,Fame,source,LureEconomy.OnHeroEscaped,100
1,8,DP,source,Nemesis.OnSlain,502
1,8,Material,source,Nemesis.OnSlain,5
1,8,DP,stock,end,410
1,8,Material,stock,end,189
1,8,Fame,stock,end,653
1,9,DP,source,SurfaceMap.CollectYields,45
1,9,Material,source,SurfaceMap.CollectYields,2
1,9,Fame,source,SurfaceMap.CollectYields,11
1,9,DP,source,EraSystem.TickTurn,600
1,9,Fame,source,EraSystem.TickTurn,25
1,9,DP,sink,MinionRoster.TryForge,-190
1,9,DP,sink,MinionEvolution.TryEvolve,-500
1,9,DP,sink,DungeonFeatureManager.TryPlaceTrap,-150
1,9,DP,sink,MinionRoster.TrySummon,-202
1,9,DP,source,AdventurerAI.ReapEmotion,254
1,9,DP,source,AdventurerAI.TakeDamage,957
1,9,Material,source,AdventurerAI.TakeDamage,37
1,9,DP,sink,CommandSystem.TryUse,-1800
1,9,DP,source,AdventurerAI.GrantReturnReward,243
1,9,Fame,source,AdventurerAI.GrantReturnReward,10
1,9,Fame,source,LureEconomy.OnHeroEscaped,25
1,9,DP,source,Nemesis.OnSlain,1036
1,9,Material,source,Nemesis.OnSlain,10
1,9,DP,stock,end,703
1,9,Material,stock,end,238
1,9,Fame,stock,end,724
1,10,DP,source,SurfaceMap.CollectYields,78
1,10,Material,source,SurfaceMap.CollectYields,3
1,10,Fame,source,SurfaceMap.CollectYields,16
1,10,DP,source,EraSystem.TickTurn,300
1,10,DP,sink,MinionRoster.TryForge,-190
1,10,DP,sink,MinionEvolution.TryEvolve,-550
1,10,DP,sink,DungeonFeatureManager.TryPlaceTrap,-150
1,10,DP,sink,MinionRoster.TrySummon,-173
1,10,DP,source,AdventurerAI.ReapEmotion,243
1,10,DP,source,AdventurerAI.TakeDamage,884
1,10,Material,source,AdventurerAI.TakeDamage,83
1,10,DP,sink,CommandSystem.TryUse,-2650
1,10,DP,source,AdventurerAI.GrantReturnReward,2204
1,10,Fame,source,AdventurerAI.GrantReturnReward,30
1,10,Fame,source,LureEconomy.OnHeroEscaped,75
1,10,DP,source,Nemesis.OnSlain,1642
1,10,Material,source,Nemesis.OnSlain,14
1,10,DP,stock,end,2341
1,10,Material,stock,end,338
1,10,Fame,stock,end,845
1,11,DP,source,SurfaceMap.CollectYields,51
1,11,Material,source,SurfaceMap.CollectYields,2
1,11,Fame,source,SurfaceMap.CollectYields,10
1,11,DP,source,EraSystem.TickTurn,1020
1,11,DP,source,WaveRoster.ResolveTrial,1500
1,11,DP,sink,MinionRoster.TryForge,-190
1,11,DP,sink,DungeonFloorManager.TryAddFloor,-2000
1,11,DP,sink,DungeonFloorManager.TryExpandFloor,-2000
1,11,DP,sink,MinionRoster.TryEvolveIndividual,-400
1,11,DP,sink,DungeonFeatureManager.TryPlaceTrap,-150
1,11,DP,sink,MinionRoster.TrySummon,-162
1,11,DP,source,AdventurerAI.ReapEmotion,304
1,11,DP,source,AdventurerAI.TakeDamage,829
1,11,Material,source,AdventurerAI.TakeDamage,32
1,11,DP,sink,CommandSystem.TryUse,-1800
1,11,DP,source,AdventurerAI.GrantReturnReward,594
1,11,Fame,source,AdventurerAI.GrantReturnReward,30
1,11,Fame,source,LureEconomy.OnHeroEscaped,75
1,11,DP,source,Nemesis.OnSlain,551
1,11,Material,source,Nemesis.OnSlain,5
1,11,DP,stock,end,488
1,11,Material,stock,end,377
1,11,Fame,stock,end,960
1,12,DP,source,SurfaceMap.CollectYields,51
1,12,Material,source,SurfaceMap.CollectYields,2
1,12,Fame,source,SurfaceMap.CollectYields,10
1,12,DP,source,DistrictCatalog.Collect,126
1,12,DP,sink,MinionRoster.TryForge,-190
1,12,DP,sink,MinionRoster.TryEvolveIndividual,-175
1,12,DP,sink,DungeonFeatureManager.TryPlaceTrap,-150
1,12,DP,sink,MinionRoster.TrySummon,-128
1,12,DP,source,AdventurerAI.ReapEmotion,114
1,12,DP,source,AdventurerAI.TakeDamage,407
1,12,Material,source,AdventurerAI.TakeDamage,25
1,12,DP,source,AdventurerAI.GrantReturnReward,855
1,12,Fame,source,AdventurerAI.GrantReturnReward,40
1,12,Fame,source,LureEconomy.OnHeroEscaped,100
1,12,DP,sink,CommandSystem.TryUse,-1150
1,12,DP,stock,end,248
1,12,Material,stock,end,404
1,12,Fame,stock,end,1110
1,13,DP,source,SurfaceMap.CollectYields,38
1,13,Material,source,SurfaceMap.CollectYields,2
1,13,Fame,source,SurfaceMap.CollectYields,8
1,13,DP,source,DistrictCatalog.Collect,140
1,13,DP,sink,DungeonFeatureManager.TryPlaceTrap,-150
1,13,DP,sink,MinionRoster.TrySummon,-263
1,13,DP,source,AdventurerAI.ReapEmotion,436
1,13,DP,source,AdventurerAI.TakeDamage,1548
1,13,Material,source,AdventurerAI.TakeDamage,128
1,13,DP,sink,CommandSystem.TryUse,-2950
1,13,DP,source,AdventurerAI.GrantReturnReward,2885
1,13,Fame,source,AdventurerAI.GrantReturnReward,80
1,13,Fame,source,LureEconomy.OnHeroEscaped,200
1,13,DP,source,Nemesis.OnSlain,1134
1,13,Material,source,Nemesis.OnSlain,10
1,13,DP,stock,end,3066
1,13,Material,stock,end,544
1,13,Fame,stock,end,1398
1,14,DP,source,SurfaceMap.CollectYields,79
1,14,Material,source,SurfaceMap.CollectYields,4
1,14,Fame,source,SurfaceMap.CollectYields,17
1,14,DP,source,DistrictCatalog.Collect,140
1,14,DP,sink,MinionRoster.TryForge,-1140
1,14,DP,sink,DungeonFloorManager.TryExpandFloor,-800
1,14,DP,sink,MinionRoster.TryEvolveIndividual,-850
1,14,DP,sink,DungeonFeatureManager.TryPlaceTrap,-300
1,14,DP,sink,MinionRoster.TrySummon,-193
1,14,DP,source,AdventurerAI.ReapEmotion,181
1,14,DP,source,AdventurerAI.TakeDamage,1791
1,14,Material,source,AdventurerAI.TakeDamage,116
1,14,DP,sink,CommandSystem.TryUse,-4750
1,14,DP,source,AdventurerAI.GrantReturnReward,3080
1,14,Fame,source,AdventurerAI.GrantReturnReward,30
1,14,Fame,source,LureEconomy.OnHeroEscaped,75
1,14,DP,source,Nemesis.OnSlain,1419
1,14,Material,source,Nemesis.OnSlain,12
1,14,DP,stock,end,1723
1,14,Material,stock,end,676
1,14,Fame,stock,end,1520
1,15,DP,source,SurfaceMap.CollectYields,79
1,15,Material,source,SurfaceMap.CollectYields,4
1,15,Fame,source,SurfaceMap.CollectYields,17
1,15,DP,source,DistrictCatalog.Collect,140
1,15,DP,sink,MinionRoster.TryForge,-1386
1,15,DP,sink,MinionRoster.TryEvolveIndividual,-75
1,15,DP,sink,DungeonFeatureManager.TryPlaceTrap,-300
1,15,DP,sink,MinionRoster.TrySummon,-162
1,15,DP,source,AdventurerAI.ReapEmotion,380
1,15,DP,sink,CommandSystem.TryUse,-5600
1,15,DP,source,AdventurerAI.TakeDamage,2938
1,15,Material,source,AdventurerAI.TakeDamage,133
1,15,DP,source,Nemesis.OnSlain,1804
1,15,Material,source,Nemesis.OnSlain,14
1,15,Fame,source,AdventurerAI.GrantReturnReward,20
1,15,Fame,source,LureEconomy.OnHeroEscaped,50
1,15,DP,source,AdventurerAI.GrantReturnReward,1789
1,15,DP,stock,end,1330
1,15,Material,stock,end,827
1,15,Fame,stock,end,1607
1,16,DP,source,SurfaceMap.CollectYields,79
1,16,Material,source,SurfaceMap.CollectYields,4
1,16,Fame,source,SurfaceMap.CollectYields,17
1,16,DP,source,DistrictCatalog.Collect,140
1,16,DP,source,WaveRoster.ResolveTrial,2700
1,16,DP,sink,MinionRoster.TryForge,-2012
1,16,DP,sink,DungeonFloorManager.TryExpandFloor,-1500
1,16,DP,sink,MinionRoster.TryEvolveIndividual,-325
1,16,DP,sink,DungeonFeatureManager.TryPlaceTrap,-150
1,16,DP,sink,MinionRoster.TrySummon,-258
1,16,DP,source,AdventurerAI.ReapEmotion,88
1,16,DP,source,AdventurerAI.GrantReturnReward,1924
1,16,Fame,source,AdventurerAI.GrantReturnReward,70
1,16,Fame,source,LureEconomy.OnHeroEscaped,175
1,16,DP,source,AdventurerAI.TakeDamage,2597
1,16,Material,source,AdventurerAI.TakeDamage,69
1,16,DP,sink,CommandSystem.TryUse,-2300
1,16,DP,source,Nemesis.OnSlain,1232
1,16,Material,source,Nemesis.OnSlain,10
1,16,DP,stock,end,3545
1,16,Material,stock,end,910
1,16,Fame,stock,end,1869
1,17,DP,source,SurfaceMap.CollectYields,79
1,17,Material,source,SurfaceMap.CollectYields,4
1,17,Fame,source,SurfaceMap.CollectYields,17
1,17,DP,source,DistrictCatalog.Collect,140
1,17,DP,source,EraSystem.TickTurn,720
1,17,DP,sink,MinionRoster.TryForge,-1006
1,17,DP,sink,DungeonFloorManager.TryExpandFloor,-3000
1,17,DP,sink,DungeonFeatureManager.TryPlaceTrap,-300
1,17,DP,sink,MinionRoster.TrySummon,-170
1,17,DP,source,AdventurerAI.ReapEmotion,122
1,17,DP,source,AdventurerAI.TakeDamage,3343
1,17,Material,source,AdventurerAI.TakeDamage,345
1,17,DP,sink,CommandSystem.TryUse,-2450
1,17,DP,source,AdventurerAI.GrantReturnReward,1849
1,17,Fame,source,AdventurerAI.GrantReturnReward,50
1,17,Fame,source,LureEconomy.OnHeroEscaped,125
1,17,DP,source,Nemesis.OnSlain,632
1,17,Material,source,Nemesis.OnSlain,5
1,17,DP,stock,end,3504
1,17,Material,stock,end,1264
1,17,Fame,stock,end,2061
1,18,DP,source,SurfaceMap.CollectYields,100
1,18,Material,source,SurfaceMap.CollectYields,5
1,18,Fame,source,SurfaceMap.CollectYields,22
1,18,DP,source,DistrictCatalog.Collect,140
1,18,DP,sink,MinionRoster.TryForge,-2828
1,18,DP,sink,MinionRoster.TryEvolveIndividual,-325
1,18,DP,sink,DungeonFeatureManager.TryPlaceTrap,-300
1,18,DP,sink,MinionRoster.TrySummon,-285
1,18,DP,source,AdventurerAI.ReapEmotion,137
1,18,DP,source,AdventurerAI.TakeDamage,6941
1,18,Material,source,AdventurerAI.TakeDamage,244
1,18,DP,sink,CommandSystem.TryUse,-2950
1,18,DP,source,AdventurerAI.GrantReturnReward,1615
1,18,Fame,source,AdventurerAI.GrantReturnReward,60
1,18,Fame,source,LureEconomy.OnHeroEscaped,150
1,18,DP,source,Nemesis.OnSlain,648
1,18,Material,source,Nemesis.OnSlain,5
1,18,DP,stock,end,6397
1,18,Material,stock,end,1518
1,18,Fame,stock,end,2293
1,19,DP,source,SurfaceMap.CollectYields,100
1,19,Material,source,SurfaceMap.CollectYields,5
1,19,Fame,source,SurfaceMap.CollectYields,22
1,19,DP,source,DistrictCatalog.Collect,168
1,19,DP,source,EraSystem.TickTurn,300
1,19,DP,sink,MinionRoster.TryForge,-190
1,19,DP,sink,DungeonFloorManager.TryAddFloor,-5000
1,19,DP,sink,DungeonFloorManager.TryExpandFloor,-1200
1,19,DP,sink,DungeonFeatureManager.TryPlaceTrap,-300
1,19,DP,sink,MinionRoster.TrySummon,-256
1,19,DP,source,IncidentSystem.Apply,600
1,19,DP,sink,CommandSystem.TryUse,-2300
1,19,DP,source,AdventurerAI.ReapEmotion,140
1,19,DP,source,AdventurerAI.TakeDamage,3064
1,19,Material,source,AdventurerAI.TakeDamage,51
1,19,DP,source,AdventurerAI.GrantReturnReward,2187
1,19,Fame,source,AdventurerAI.GrantReturnReward,40
1,19,Fame,source,LureEconomy.OnHeroEscaped,100
1,19,DP,source,Nemesis.OnSlain,648
1,19,Material,source,Nemesis.OnSlain,5
1,19,DP,stock,end,4358
1,19,Material,stock,end,1579
1,19,Fame,stock,end,2455
1,20,DP,source,SurfaceMap.CollectYields,132
1,20,Material,source,SurfaceMap.CollectYields,5
1,20,Fame,source,SurfaceMap.CollectYields,27
1,20,DP,source,DistrictCatalog.Collect,168
1,20,DP,sink,MinionRoster.TryForge,-2026
1,20,DP,sink,DungeonFloorManager.TryExpandFloor,-1500
1,20,DP,sink,MinionRoster.TryEvolveIndividual,-550
1,20,DP,sink,DungeonFeatureManager.TryPlaceTrap,-300
1,20,DP,sink,MinionRoster.TrySummon,-280
1,20,DP,source,AdventurerAI.ReapEmotion,166
1,20,DP,source,AdventurerAI.TakeDamage,5529
1,20,Material,source,AdventurerAI.TakeDamage,135
1,20,DP,sink,CommandSystem.TryUse,-4450
1,20,DP,source,AdventurerAI.GrantReturnReward,3914
1,20,Fame,source,AdventurerAI.GrantReturnReward,100
1,20,Fame,source,LureEconomy.OnHeroEscaped,250
1,20,DP,source,Nemesis.OnSlain,1836
1,20,Material,source,Nemesis.OnSlain,14
1,20,DP,stock,end,6997
1,20,Material,stock,end,1733
1,20,Fame,stock,end,2832
1,21,DP,source,SurfaceMap.CollectYields,132
1,21,Material,source,SurfaceMap.CollectYields,5
1,21,Fame,source,SurfaceMap.CollectYields,27
1,21,DP,source,DistrictCatalog.Collect,182
1,21,DP,sink,MinionRoster.TryForge,-6733
1,21,DP,sink,DungeonFeatureManager.TryPlaceTrap,-300
1,21,DP,sink,MinionRoster.TrySummon,-270
1,21,DP,source,AdventurerAI.ReapEmotion,103
1,21,DP,source,AdventurerAI.TakeDamage,2056
1,21,Material,source,AdventurerAI.TakeDamage,41
1,21,DP,sink,CommandSystem.TryUse,-1800
1,21,DP,source,AdventurerAI.GrantReturnReward,1693
1,21,Fame,source,AdventurerAI.GrantReturnReward,40
1,21,Fame,source,LureEconomy.OnHeroEscaped,100
1,21,DP,source,Nemesis.OnSlain,938
1,21,Material,source,Nemesis.OnSlain,7
1,21,DP,stock,end,2998
1,21,Material,stock,end,1786
1,21,Fame,stock,end,2999
1,22,DP,source,SurfaceMap.CollectYields,162
1,22,Material,source,SurfaceMap.CollectYields,6
1,22,Fame,source,SurfaceMap.CollectYields,33
1,22,DP,source,DistrictCatalog.Collect,182
1,22,DP,sink,MinionRoster.TryForge,-2122
1,22,DP,sink,MinionRoster.TryEvolveIndividual,-550
1,22,DP,sink,DungeonFeatureManager.TryPlaceTrap,-450
1,22,DP,sink,MinionRoster.TrySummon,-213
1,22,DP,source,AdventurerAI.ReapEmotion,96
1,22,DP,source,AdventurerAI.TakeDamage,3241
1,22,Material,source,AdventurerAI.TakeDamage,67
1,22,DP,sink,CommandSystem.TryUse,-5600
1,22,DP,source,AdventurerAI.GrantReturnReward,6174
1,22,Fame,source,AdventurerAI.GrantReturnReward,150
1,22,Fame,source,LureEconomy.OnHeroEscaped,375
1,22,DP,source,Nemesis.OnSlain,697
1,22,Material,source,Nemesis.OnSlain,5
1,22,DP,stock,end,4615
1,22,Material,stock,end,1864
1,22,Fame,stock,end,3557
1,23,DP,source,SurfaceMap.CollectYields,135
1,23,Material,source,SurfaceMap.CollectYields,5
1,23,Fame,source,SurfaceMap.CollectYields,27
1,23,DP,source,DistrictCatalog.Collect,154
1,23,DP,sink,MinionRoster.TryForge,-168
1,23,DP,sink,MinionEvolution.TryEvolve,-4250
1,23,DP,sink,DungeonFeatureManager.TryPlaceTrap,-300
1,23,DP,sink,MinionRoster.TrySummon,-158
1,23,DP,source,AdventurerAI.ReapEmotion,105
1,23,DP,source,AdventurerAI.GrantReturnReward,5017
1,23,Fame,source,AdventurerAI.GrantReturnReward,160
1,23,Fame,source,LureEconomy.OnHeroEscaped,400
1,23,DP,sink,CommandSystem.TryUse,-5600
1,23,DP,source,AdventurerAI.TakeDamage,4619
1,23,Material,source,AdventurerAI.TakeDamage,141
1,23,DP,source,Nemesis.OnSlain,1394
1,23,Material,source,Nemesis.OnSlain,10
1,23,DP,stock,end,5563
1,23,Material,stock,end,2020
1,23,Fame,stock,end,4144
1,24,DP,source,SurfaceMap.CollectYields,109
1,24,Material,source,SurfaceMap.CollectYields,5
1,24,Fame,source,SurfaceMap.CollectYields,21
1,24,DP,source,DistrictCatalog.Collect,28
1,24,DP,source,EraSystem.TickTurn,3840
1,24,DP,sink,MinionRoster.TryForge,-168
1,24,DP,sink,DungeonFloorManager.TryExpandFloor,-2500
1,24,DP,sink,MinionEvolution.TryEvolve,-650
1,24,DP,sink,MinionRoster.TryEvolveIndividual,-5900
1,24,DP,sink,DungeonFeatureManager.TryPlaceTrap,-150
1,24,DP,sink,MinionRoster.TrySummon,-162
1,24,DP,source,AdventurerAI.ReapEmotion,160
1,24,DP,source,AdventurerAI.GrantReturnReward,7807
1,24,Fame,source,AdventurerAI.GrantReturnReward,230
1,24,Fame,source,LureEconomy.OnHeroEscaped,575
1,24,DP,sink,CommandSystem.TryUse,-4750
1,24,DP,source,AdventurerAI.TakeDamage,4888
1,24,Material,source,AdventurerAI.TakeDamage,81
1,24,DP,source,Nemesis.OnSlain,2115
1,24,Material,source,Nemesis.OnSlain,14
1,24,DP,stock,end,10230
1,24,Material,stock,end,2120
1,24,Fame,stock,end,4970
1,25,DP,source,SurfaceMap.CollectYields,109
1,25,Material,source,SurfaceMap.CollectYields,5
1,25,Fame,source,SurfaceMap.CollectYields,21
1,25,DP,source,DistrictCatalog.Collect,28
1,25,DP,source,EraSystem.TickTurn,6528
1,25,DP,sink,MinionRoster.TryForge,-168
1,25,DP,sink,DungeonFloorManager.TryAddFloor,-12500
1,25,DP,sink,DungeonFloorManager.TryExpandFloor,-2700
1,25,DP,sink,MinionRoster.TryEvolveIndividual,-1100
1,25,DP,sink,DungeonFeatureManager.TryPlaceTrap,-150
1,25,DP,sink,MinionRoster.TrySummon,-252
1,25,DP,source,AdventurerAI.ReapEmotion,205
1,25,DP,source,AdventurerAI.GrantReturnReward,8972
1,25,Fame,source,AdventurerAI.GrantReturnReward,250
1,25,Fame,source,LureEconomy.OnHeroEscaped,625
1,25,DP,sink,CommandSystem.TryUse,-5700
1,25,DP,source,AdventurerAI.TakeDamage,14381
1,25,Material,source,AdventurerAI.TakeDamage,230
1,25,DP,source,Nemesis.OnSlain,2156
1,25,Material,source,Nemesis.OnSlain,14
1,25,DP,stock,end,20039
1,25,Material,stock,end,2369
1,25,Fame,stock,end,5866
1,26,DP,source,SurfaceMap.CollectYields,131
1,26,Material,source,SurfaceMap.CollectYields,6
1,26,Fame,source,SurfaceMap.CollectYields,26
1,26,DP,source,DistrictCatalog.Collect,28
1,26,DP,source,EraSystem.TickTurn,6528
1,26,DP,sink,MinionRoster.TryForge,-10344
1,26,DP,sink,DungeonFloorManager.TryExpandFloor,-10000
1,26,DP,sink,MinionRoster.TryEvolveIndividual,-5725
1,26,DP,sink,DungeonFeatureManager.TryPlaceTrap,-450
1,26,DP,sink,MinionRoster.TrySummon,-198
1,26,DP,source,AdventurerAI.ReapEmotion,176
1,26,DP,source,AdventurerAI.TakeDamage,5753
1,26,Material,source,AdventurerAI.TakeDamage,54
1,26,DP,sink,CommandSystem.TryUse,-4450
1,26,DP,source,AdventurerAI.GrantReturnReward,10669
1,26,Fame,source,AdventurerAI.GrantReturnReward,330
1,26,Fame,source,LureEconomy.OnHeroEscaped,825
1,26,DP,source,Nemesis.OnSlain,745
1,26,Material,source,Nemesis.OnSlain,5
1,26,DP,stock,end,12902
1,26,Material,stock,end,2434
1,26,Fame,stock,end,7047
1,27,DP,source,SurfaceMap.CollectYields,154
1,27,Material,source,SurfaceMap.CollectYields,7
1,27,Fame,source,SurfaceMap.CollectYields,31
1,27,DP,source,DistrictCatalog.Collect,28
1,27,DP,source,EraSystem.TickTurn,3840
1,27,DP,sink,MinionRoster.TryForge,-14364
1,27,DP,sink,MinionRoster.TryEvolveIndividual,-1650
1,27,Material,sink,MinionRoster.TryForge,-12
1,27,DP,sink,DungeonFeatureManager.TryPlaceTrap,-750
1,27,DP,sink,MinionRoster.TrySummon,-132
1,27,DP,source,AdventurerAI.ReapEmotion,166
1,27,DP,source,AdventurerAI.TakeDamage,10148
1,27,Material,source,AdventurerAI.TakeDamage,69
1,27,DP,sink,CommandSystem.TryUse,-4900
1,27,DP,source,AdventurerAI.GrantReturnReward,11070
1,27,Fame,source,AdventurerAI.GrantReturnReward,330
1,27,Fame,source,LureEconomy.OnHeroEscaped,825
1,27,DP,stock,end,16512
1,27,Material,stock,end,2498
1,27,Fame,stock,end,8233
1,28,DP,source,SurfaceMap.CollectYields,157
1,28,Material,source,SurfaceMap.CollectYields,7
1,28,Fame,source,SurfaceMap.CollectYields,32
1,28,DP,source,DistrictCatalog.Collect,28
1,28,DP,source,EraSystem.TickTurn,3840
1,28,DP,sink,MinionRoster.TryForge,-19440
1,28,DP,sink,MinionRoster.TryEvolveIndividual,-225
1,28,Material,sink,MinionRoster.TryForge,-64
1,28,DP,sink,DungeonFeatureManager.TryPlaceTrap,-600
1,28,DP,sink,MinionRoster.TrySummon,-242
1,28,DP,source,AdventurerAI.ReapEmotion,174
1,28,DP,source,AdventurerAI.TakeDamage,7178
1,28,Material,source,AdventurerAI.TakeDamage,125
1,28,DP,sink,CommandSystem.TryUse,-5200
1,28,DP,source,AdventurerAI.GrantReturnReward,11288
1,28,Fame,source,AdventurerAI.GrantReturnReward,430
1,28,Fame,source,LureEconomy.OnHeroEscaped,1075
1,28,DP,source,Nemesis.OnSlain,1061
1,28,Material,source,Nemesis.OnSlain,7
1,28,DP,stock,end,14531
1,28,Material,stock,end,2573
1,28,Fame,stock,end,9770
1,29,DP,source,SurfaceMap.CollectYields,110
1,29,Material,source,SurfaceMap.CollectYields,5
1,29,Fame,source,SurfaceMap.CollectYields,22
1,29,DP,source,DistrictCatalog.Collect,28
1,29,DP,source,EraSystem.TickTurn,6528
1,29,Material,source,EraSystem.TickTurn,32
1,29,DP,sink,MinionRoster.TryForge,-19440
1,29,DP,sink,MinionRoster.TryEvolveIndividual,-750
1,29,Material,sink,MinionRoster.TryForge,-64
1,29,DP,sink,DungeonFeatureManager.TryPlaceTrap,-750
1,29,DP,sink,MinionRoster.TrySummon,-242
1,29,DP,source,AdventurerAI.ReapEmotion,174
1,29,DP,source,AdventurerAI.TakeDamage,10968
1,29,Material,source,AdventurerAI.TakeDamage,105
1,29,DP,sink,CommandSystem.TryUse,-4900
1,29,DP,source,AdventurerAI.GrantReturnReward,10549
1,29,Fame,source,AdventurerAI.GrantReturnReward,450
1,29,Fame,source,LureEconomy.OnHeroEscaped,1125
1,29,DP,source,Nemesis.OnSlain,1102
1,29,Material,source,Nemesis.OnSlain,8
1,29,DP,stock,end,17908
1,29,Material,stock,end,2659
1,29,Fame,stock,end,11367
1,30,DP,source,SurfaceMap.CollectYields,110
1,30,Material,source,SurfaceMap.CollectYields,6
1,30,Fame,source,SurfaceMap.CollectYields,22
1,30,DP,source,DistrictCatalog.Collect,28
1,30,DP,source,EraSystem.TickTurn,3840
1,30,Material,source,EraSystem.TickTurn,37
1,30,Fame,source,EraSystem.TickTurn,80
1,30,DP,sink,MinionRoster.TryForge,-19800
1,30,DP,sink,MinionRoster.TryEvolveIndividual,-375
1,30,Material,sink,MinionRoster.TryForge,-144
1,30,DP,sink,DungeonFeatureManager.TryPlaceTrap,-1500
1,30,DP,sink,MinionRoster.TrySummon,-207
1,30,DP,source,AdventurerAI.ReapEmotion,706
1,30,DP,source,AdventurerAI.TakeDamage,7003
1,30,Material,source,AdventurerAI.TakeDamage,126
1,30,DP,sink,CommandSystem.TryUse,-5350
1,30,DP,source,AdventurerAI.GrantReturnReward,15329
1,30,Fame,source,AdventurerAI.GrantReturnReward,790
1,30,Fame,source,LureEconomy.OnHeroEscaped,1975
1,30,DP,stock,end,17692
1,30,Material,stock,end,2684
1,30,Fame,stock,end,14234
1,31,DP,source,SurfaceMap.CollectYields,110
1,31,Material,source,SurfaceMap.CollectYields,6
1,31,Fame,source,SurfaceMap.CollectYields,22
1,31,DP,source,DistrictCatalog.Collect,28
1,31,DP,source,EraSystem.TickTurn,6528
1,31,Material,source,EraSystem.TickTurn,37
1,31,Fame,source,EraSystem.TickTurn,192
1,31,DP,sink,MinionRoster.TryForge,-22500
1,31,DP,sink,MinionRoster.TryEvolveIndividual,-350
1,31,Material,sink,MinionRoster.TryForge,-172
1,31,DP,sink,DungeonFeatureManager.TryPlaceTrap,-1350
1,31,DP,sink,MinionRoster.TrySummon,-138
1,31,DP,source,AdventurerAI.ReapEmotion,177
1,31,DP,source,AdventurerAI.TakeDamage,9401
1,31,Material,source,AdventurerAI.TakeDamage,64
1,31,DP,sink,CommandSystem.TryUse,-5800
1,31,Fame,source,AdventurerAI.GrantReturnReward,400
1,31,Fame,source,LureEconomy.OnHeroEscaped,1000
1,31,DP,source,AdventurerAI.GrantReturnReward,11046
1,31,DP,stock,end,14844
1,31,Material,stock,end,2619
1,31,Fame,stock,end,15848
1,32,DP,source,SurfaceMap.CollectYields,157
1,32,Material,source,SurfaceMap.CollectYields,8
1,32,Fame,source,SurfaceMap.CollectYields,32
1,32,DP,source,DistrictCatalog.Collect,28
1,32,DP,source,EraSystem.TickTurn,1920
1,32,DP,sink,MinionRoster.TryForge,-15780
1,32,DP,sink,MinionRoster.TryEvolveIndividual,-225
1,32,Material,sink,MinionRoster.TryForge,-116
1,32,DP,sink,DungeonFeatureManager.TryPlaceTrap,-750
1,32,DP,sink,MinionRoster.TrySummon,-180
1,32,DP,source,AdventurerAI.ReapEmotion,258
1,32,DP,source,AdventurerAI.TakeDamage,11174
1,32,Material,source,AdventurerAI.TakeDamage,87
1,32,DP,sink,CommandSystem.TryUse,-5350
1,32,DP,source,AdventurerAI.GrantReturnReward,16566
1,32,Fame,source,AdventurerAI.GrantReturnReward,480
1,32,Fame,source,LureEconomy.OnHeroEscaped,1200
1,32,DP,stock,end,22662
1,32,Material,stock,end,2598
1,32,Fame,stock,end,17560
1,33,DP,source,SurfaceMap.CollectYields,181
1,33,Material,source,SurfaceMap.CollectYields,9
1,33,Fame,source,SurfaceMap.CollectYields,36
1,33,DP,source,DistrictCatalog.Collect,28
1,33,DP,sink,MinionRoster.TryForge,-20580
1,33,DP,sink,MinionRoster.TryEvolveIndividual,-625
1,33,Material,sink,MinionRoster.TryForge,-156
1,33,DP,sink,DungeonFeatureManager.TryPlaceTrap,-1500
1,33,DP,sink,MinionRoster.TrySummon,-150
1,33,DP,source,AdventurerAI.ReapEmotion,174
1,33,DP,source,AdventurerAI.GrantReturnReward,14380
1,33,Fame,source,AdventurerAI.GrantReturnReward,420
1,33,Fame,source,LureEconomy.OnHeroEscaped,1050
1,33,DP,sink,CommandSystem.TryUse,-4550
1,33,DP,source,AdventurerAI.TakeDamage,11945
1,33,Material,source,AdventurerAI.TakeDamage,347
1,33,DP,stock,end,21965
1,33,Material,stock,end,2798
1,33,Fame,stock,end,19066
1,34,DP,source,SurfaceMap.CollectYields,181
1,34,Material,source,SurfaceMap.CollectYields,9
1,34,Fame,source,SurfaceMap.CollectYields,36
1,34,DP,source,DistrictCatalog.Collect,28
1,34,DP,sink,MinionRoster.TryForge,-19140
1,34,DP,sink,MinionRoster.TryEvolveIndividual,-625
1,34,Material,sink,MinionRoster.TryForge,-164
1,34,DP,sink,DungeonFeatureManager.TryPlaceTrap,-2250
1,34,DP,sink,MinionRoster.TrySummon,-150
1,34,DP,source,AdventurerAI.ReapEmotion,169
1,34,DP,source,AdventurerAI.TakeDamage,22564
1,34,Material,source,AdventurerAI.TakeDamage,383
1,34,DP,sink,CommandSystem.TryUse,-4900
1,34,DP,source,AdventurerAI.GrantReturnReward,11681
1,34,Fame,source,AdventurerAI.GrantReturnReward,220
1,34,Fame,source,LureEconomy.OnHeroEscaped,550
1,34,DP,stock,end,29523
1,34,Material,stock,end,3026
1,34,Fame,stock,end,19872
1,35,DP,source,SurfaceMap.CollectYields,181
1,35,Material,source,SurfaceMap.CollectYields,9
1,35,Fame,source,SurfaceMap.CollectYields,36
1,35,DP,source,DistrictCatalog.Collect,28
1,35,DP,sink,MinionRoster.TryForge,-27660
1,35,DP,sink,MinionRoster.TryEvolveIndividual,-600
1,35,Material,sink,MinionRoster.TryForge,-290
1,35,DP,sink,DungeonFeatureManager.TryPlaceTrap,-1200
1,35,DP,sink,MinionRoster.TrySummon,-262
1,35,DP,source,AdventurerAI.ReapEmotion,960
1,35,DP,source,AdventurerAI.TakeDamage,8925
1,35,Material,source,AdventurerAI.TakeDamage,289
1,35,DP,sink,CommandSystem.TryUse,-4900
1,35,DP,source,AdventurerAI.GrantReturnReward,21729
1,35,Fame,source,AdventurerAI.GrantReturnReward,450
1,35,Fame,source,LureEconomy.OnHeroEscaped,1125
1,35,DP,stock,end,26724
1,35,Material,stock,end,3034
1,35,Fame,stock,end,21483
1,36,DP,source,SurfaceMap.CollectYields,181
1,36,Material,source,SurfaceMap.CollectYields,9
1,36,Fame,source,SurfaceMap.CollectYields,36
1,36,DP,source,DistrictCatalog.Collect,28
1,36,DP,sink,MinionRoster.TryForge,-24540
1,36,DP,sink,MinionRoster.TryEvolveIndividual,-750
1,36,Material,sink,MinionRoster.TryForge,-254
1,36,DP,sink,DungeonFeatureManager.TryPlaceTrap,-1350
1,36,DP,sink,MinionRoster.TrySummon,-262
1,36,DP,source,AdventurerAI.ReapEmotion,164
1,36,DP,source,AdventurerAI.TakeDamage,19457
1,36,Material,source,AdventurerAI.TakeDamage,473
1,36,DP,sink,CommandSystem.TryUse,-4900
1,36,DP,source,AdventurerAI.GrantReturnReward,11685
1,36,Fame,source,AdventurerAI.GrantReturnReward,300
1,36,Fame,source,LureEconomy.OnHeroEscaped,750
1,36,DP,stock,end,26437
1,36,Material,stock,end,3262
1,36,Fame,stock,end,22569
1,37,DP,source,SurfaceMap.CollectYields,180
1,37,Material,source,SurfaceMap.CollectYields,9
1,37,Fame,source,SurfaceMap.CollectYields,35
1,37,DP,source,DistrictCatalog.Collect,28
1,37,DP,sink,MinionRoster.TryForge,-24540
1,37,DP,sink,MinionRoster.TryEvolveIndividual,-375
1,37,Material,sink,MinionRoster.TryForge,-254
1,37,DP,sink,DungeonFeatureManager.TryPlaceTrap,-1500
1,37,DP,sink,MinionRoster.TrySummon,-195
1,37,DP,source,AdventurerAI.ReapEmotion,171
1,37,DP,source,AdventurerAI.TakeDamage,17330
1,37,Material,source,AdventurerAI.TakeDamage,458
1,37,DP,sink,CommandSystem.TryUse,-4250
1,37,DP,source,AdventurerAI.GrantReturnReward,16343
1,37,Fame,source,AdventurerAI.GrantReturnReward,500
1,37,Fame,source,LureEconomy.OnHeroEscaped,1250
1,37,DP,stock,end,29629
1,37,Material,stock,end,3475
1,37,Fame,stock,end,24354
1,38,DP,source,SurfaceMap.CollectYields,180
1,38,Material,source,SurfaceMap.CollectYields,9
1,38,Fame,source,SurfaceMap.CollectYields,35
1,38,DP,source,DistrictCatalog.Collect,28
1,38,DP,sink,MinionRoster.TryForge,-27660
1,38,DP,sink,MinionRoster.TryEvolveIndividual,-250
1,38,Material,sink,MinionRoster.TryForge,-290
1,38,DP,sink,DungeonFeatureManager.TryPlaceTrap,-1650
1,38,DP,sink,MinionRoster.TrySummon,-243
1,38,DP,source,AdventurerAI.ReapEmotion,261
1,38,DP,source,AdventurerAI.GrantReturnReward,15037
1,38,Fame,source,AdventurerAI.GrantReturnReward,240
1,38,Fame,source,LureEconomy.OnHeroEscaped,600
1,38,DP,source,AdventurerAI.TakeDamage,26055
1,38,Material,source,AdventurerAI.TakeDamage,681
1,38,DP,sink,CommandSystem.TryUse,-4900
1,38,DP,stock,end,36487
1,38,Material,stock,end,3875
1,38,Fame,stock,end,25229
1,39,DP,source,SurfaceMap.CollectYields,180
1,39,Material,source,SurfaceMap.CollectYields,9
1,39,Fame,source,SurfaceMap.CollectYields,35
1,39,DP,source,DistrictCatalog.Collect,28
1,39,DP,sink,MinionRoster.TryForge,-2340
1,39,DP,sink,DungeonFloorManager.TryAddFloor,-31250
1,39,DP,sink,DungeonFloorManager.TryExpandFloor,-1200
1,39,DP,sink,MinionRoster.TryEvolveIndividual,-750
1,39,Material,sink,MinionRoster.TryForge,-4
1,39,DP,sink,DungeonFeatureManager.TryPlaceTrap,-900
1,39,DP,sink,MinionRoster.TrySummon,-243
1,39,DP,source,AdventurerAI.ReapEmotion,231
1,39,DP,source,AdventurerAI.GrantReturnReward,14819
1,39,Fame,source,AdventurerAI.GrantReturnReward,340
1,39,Fame,source,LureEconomy.OnHeroEscaped,850
1,39,DP,sink,CommandSystem.TryUse,-4900
1,39,DP,source,AdventurerAI.TakeDamage,20871
1,39,Material,source,AdventurerAI.TakeDamage,860
1,39,DP,stock,end,31033
1,39,Material,stock,end,4740
1,39,Fame,stock,end,26454
1,40,DP,source,SurfaceMap.CollectYields,180
1,40,Material,source,SurfaceMap.CollectYields,9
1,40,Fame,source,SurfaceMap.CollectYields,35
1,40,DP,source,DistrictCatalog.Collect,28
1,40,DP,sink,MinionRoster.TryForge,-29160
1,40,DP,sink,MinionRoster.TryEvolveIndividual,-425
1,40,Material,sink,MinionRoster.TryForge,-272
1,40,DP,sink,DungeonFeatureManager.TryPlaceTrap,-1500
1,40,DP,sink,MinionRoster.TrySummon,-125
1,40,DP,source,AdventurerAI.ReapEmotion,268
1,40,DP,source,AdventurerAI.TakeDamage,11701
1,40,Material,source,AdventurerAI.TakeDamage,471
1,40,DP,sink,CommandSystem.TryUse,-4900
1,40,DP,source,AdventurerAI.GrantReturnReward,22709
1,40,Fame,source,AdventurerAI.GrantReturnReward,460
1,40,Fame,source,LureEconomy.OnHeroEscaped,1150
1,40,DP,stock,end,29809
1,40,Material,stock,end,4948
1,40,Fame,stock,end,28099
1,41,DP,source,SurfaceMap.CollectYields,180
1,41,Material,source,SurfaceMap.CollectYields,9
1,41,Fame,source,SurfaceMap.CollectYields,35
1,41,DP,source,DistrictCatalog.Collect,28
1,41,DP,source,EraSystem.TickTurn,1920
1,41,DP,sink,MinionRoster.TryForge,-24540
1,41,DP,sink,DungeonFloorManager.TryExpandFloor,-4000
1,41,DP,sink,MinionRoster.TryEvolveIndividual,-600
1,41,Material,sink,MinionRoster.TryForge,-254
1,41,DP,sink,DungeonFeatureManager.TryPlaceTrap,-2550
1,41,DP,sink,MinionRoster.TrySummon,-243
1,41,DP,source,AdventurerAI.TakeDamage,36482
1,41,Material,source,AdventurerAI.TakeDamage,822
1,41,DP,source,AdventurerAI.ReapEmotion,177
1,41,DP,sink,CommandSystem.TryUse,-4900
1,41,DP,source,AdventurerAI.GrantReturnReward,24795
1,41,Fame,source,AdventurerAI.GrantReturnReward,600
1,41,Fame,source,LureEconomy.OnHeroEscaped,1500
1,41,DP,stock,end,56558
1,41,Material,stock,end,5525
1,41,Fame,stock,end,30234
1,42,DP,source,SurfaceMap.CollectYields,180
1,42,Material,source,SurfaceMap.CollectYields,9
1,42,Fame,source,SurfaceMap.CollectYields,35
1,42,DP,source,DistrictCatalog.Collect,28
1,42,DP,sink,MinionRoster.TryForge,-54060
1,42,DP,sink,MinionRoster.TryEvolveIndividual,-350
1,42,Material,sink,MinionRoster.TryForge,-642
1,42,DP,sink,DungeonFeatureManager.TryPlaceTrap,-2100
1,42,DP,sink,MinionRoster.TrySummon,-252
1,42,DP,source,AdventurerAI.TakeDamage,39127
1,42,Material,source,AdventurerAI.TakeDamage,814
1,42,DP,source,AdventurerAI.ReapEmotion,252
1,42,DP,sink,CommandSystem.TryUse,-4900
1,42,DP,source,AdventurerAI.GrantReturnReward,22135
1,42,Fame,source,AdventurerAI.GrantReturnReward,320
1,42,Fame,source,LureEconomy.OnHeroEscaped,800
1,42,DP,stock,end,56618
1,42,Material,stock,end,5706
1,42,Fame,stock,end,31389
1,43,DP,source,SurfaceMap.CollectYields,180
1,43,Material,source,SurfaceMap.CollectYields,9
1,43,Fame,source,SurfaceMap.CollectYields,35
1,43,DP,source,DistrictCatalog.Collect,28
1,43,DP,sink,MinionRoster.TryForge,-52980
1,43,DP,sink,MinionRoster.TryEvolveIndividual,-350
1,43,Material,sink,MinionRoster.TryForge,-664
1,43,DP,sink,DungeonFeatureManager.TryPlaceTrap,-1050
1,43,DP,sink,MinionRoster.TrySummon,-2422
1,43,DP,source,AdventurerAI.ReapEmotion,185
1,43,DP,source,AdventurerAI.GrantReturnReward,12777
1,43,Fame,source,AdventurerAI.GrantReturnReward,280
1,43,Fame,source,LureEconomy.OnHeroEscaped,700
1,43,DP,sink,CommandSystem.TryUse,-4600
1,43,DP,source,AdventurerAI.TakeDamage,38984
1,43,Material,source,AdventurerAI.TakeDamage,75267
1,43,DP,source,Nemesis.OnSlain,12834
1,43,Material,source,Nemesis.OnSlain,51
1,43,DP,stock,end,60204
1,43,Material,stock,end,80369
1,43,Fame,stock,end,32404
1,44,DP,source,SurfaceMap.CollectYields,221
1,44,Material,source,SurfaceMap.CollectYields,10
1,44,Fame,source,SurfaceMap.CollectYields,37
1,44,DP,source,DistrictCatalog.Collect,28
1,44,DP,sink,MinionRoster.TryForge,-57960
1,44,Material,sink,MinionRoster.TryForge,-688
1,44,DP,sink,MinionRoster.TrySummon,-2486
1,44,DP,source,AdventurerAI.ReapEmotion,182
1,44,DP,source,AdventurerAI.TakeDamage,41428
1,44,Material,source,AdventurerAI.TakeDamage,1559
1,44,DP,sink,CommandSystem.TryUse,-4900
1,44,DP,source,AdventurerAI.GrantReturnReward,10527
1,44,Fame,source,AdventurerAI.GrantReturnReward,190
1,44,Fame,source,LureEconomy.OnHeroEscaped,475
1,44,DP,source,Nemesis.OnSlain,8556
1,44,Material,source,Nemesis.OnSlain,34
1,44,DP,stock,end,55800
1,44,Material,stock,end,81284
1,44,Fame,stock,end,33106
1,45,DP,source,SurfaceMap.CollectYields,191
1,45,Material,source,SurfaceMap.CollectYields,9
1,45,Fame,source,SurfaceMap.CollectYields,32
1,45,DP,source,DistrictCatalog.Collect,28
1,45,DP,sink,MinionRoster.TryForge,-36540
1,45,DP,sink,MinionRoster.TryEvolveIndividual,-900
1,45,Material,sink,MinionRoster.TryForge,-360
1,45,DP,sink,MinionRoster.TrySummon,-18557
1,45,DP,source,AdventurerAI.ReapEmotion,500
1,45,DP,source,AdventurerAI.GrantReturnReward,15224
1,45,Fame,source,AdventurerAI.GrantReturnReward,230
1,45,Fame,source,LureEconomy.OnHeroEscaped,575
1,45,DP,sink,CommandSystem.TryUse,-5000
1,45,DP,source,AdventurerAI.TakeDamage,49252
1,45,Material,source,AdventurerAI.TakeDamage,1088
1,45,DP,source,Nemesis.OnSlain,988
1,45,Material,source,Nemesis.OnSlain,6
1,45,DP,stock,end,60986
1,45,Material,stock,end,82027
1,45,Fame,stock,end,33943
1,46,DP,source,SurfaceMap.CollectYields,156
1,46,Material,source,SurfaceMap.CollectYields,7
1,46,Fame,source,SurfaceMap.CollectYields,26
1,46,DP,source,DistrictCatalog.Collect,28
1,46,DP,sink,MinionRoster.TryForge,-3324
1,46,DP,sink,MinionEvolution.TryEvolve,-9050
1,46,DP,sink,MinionRoster.TryEvolveIndividual,-48250
1,46,DP,sink,MinionRoster.TrySummon,-522
1,46,DP,source,AdventurerAI.ReapEmotion,186
1,46,DP,source,AdventurerAI.GrantReturnReward,7406
1,46,Fame,source,AdventurerAI.GrantReturnReward,110
1,46,Fame,source,LureEconomy.OnHeroEscaped,275
1,46,DP,sink,CommandSystem.TryUse,-4250
1,46,DP,source,AdventurerAI.TakeDamage,25169
1,46,Material,source,AdventurerAI.TakeDamage,990
1,46,DP,source,Nemesis.OnSlain,2008
1,46,Material,source,Nemesis.OnSlain,12
1,46,DP,stock,end,30543
1,46,Material,stock,end,83036
1,46,Fame,stock,end,34354
1,47,DP,source,SurfaceMap.CollectYields,191
1,47,Material,source,SurfaceMap.CollectYields,9
1,47,Fame,source,SurfaceMap.CollectYields,32
1,47,DP,source,DistrictCatalog.Collect,28
1,47,DP,source,EraSystem.TickTurn,9720
1,47,DP,sink,MinionRoster.TryForge,-20196
1,47,DP,sink,MinionRoster.TryEvolveIndividual,-750
1,47,Material,sink,MinionRoster.TryForge,-72
1,47,DP,sink,MinionRoster.TrySummon,-19496
1,47,DP,source,AdventurerAI.TakeDamage,43214
1,47,Material,source,AdventurerAI.TakeDamage,1144
1,47,DP,source,AdventurerAI.ReapEmotion,204
1,47,DP,sink,CommandSystem.TryUse,-4250
1,47,DP,source,AdventurerAI.GrantReturnReward,17944
1,47,Fame,source,AdventurerAI.GrantReturnReward,350
1,47,Fame,source,LureEconomy.OnHeroEscaped,875
1,47,DP,source,Nemesis.OnSlain,2388
1,47,Material,source,Nemesis.OnSlain,14
1,47,DP,stock,end,59540
1,47,Material,stock,end,84131
1,47,Fame,stock,end,35611
1,48,DP,source,SurfaceMap.CollectYields,194
1,48,Material,source,SurfaceMap.CollectYields,10
1,48,Fame,source,SurfaceMap.CollectYields,30
1,48,DP,source,DistrictCatalog.Collect,28
1,48,DP,source,EraSystem.TickTurn,9720
1,48,DP,sink,MinionRoster.TryForge,-1920
1,48,Material,sink,MinionRoster.TryForge,-16
1,48,DP,sink,MinionEvolution.TryEvolve,-14200
1,48,DP,sink,MinionRoster.TryEvolveIndividual,-52950
1,48,DP,sink,MinionRoster.TrySummon,-405
1,48,DP,source,AdventurerAI.ReapEmotion,400
1,48,DP,sink,CommandSystem.TryUse,-4550
1,48,DP,source,AdventurerAI.TakeDamage,42226
1,48,Material,source,AdventurerAI.TakeDamage,806
1,48,DP,source,AdventurerAI.GrantReturnReward,9742
1,48,Fame,source,AdventurerAI.GrantReturnReward,200
1,48,Fame,source,LureEconomy.OnHeroEscaped,500
1,48,DP,source,Nemesis.OnSlain,2042
1,48,Material,source,Nemesis.OnSlain,12
1,48,DP,stock,end,49867
1,48,Material,stock,end,84943
1,48,Fame,stock,end,36341
1,49,DP,source,SurfaceMap.CollectYields,225
1,49,Material,source,SurfaceMap.CollectYields,12
1,49,Fame,source,SurfaceMap.CollectYields,35
1,49,DP,source,DistrictCatalog.Collect,28
1,49,DP,source,EraSystem.TickTurn,9720
1,49,DP,sink,MinionRoster.TryForge,-1920
1,49,Material,sink,MinionRoster.TryForge,-16
1,49,DP,sink,MinionEvolution.TryEvolve,-19050
1,49,DP,sink,MinionRoster.TryEvolveIndividual,-37750
1,49,DP,sink,MinionRoster.TrySummon,-1119
1,49,DP,source,AdventurerAI.ReapEmotion,211
1,49,DP,source,AdventurerAI.TakeDamage,71028
1,49,Material,source,AdventurerAI.TakeDamage,1154
1,49,DP,sink,CommandSystem.TryUse,-4550
1,49,DP,source,AdventurerAI.GrantReturnReward,4661
1,49,Fame,source,AdventurerAI.GrantReturnReward,120
1,49,Fame,source,LureEconomy.OnHeroEscaped,300
1,49,DP,source,Nemesis.OnSlain,4243
1,49,Material,source,Nemesis.OnSlain,20
1,49,DP,stock,end,75594
1,49,Material,stock,end,86113
1,49,Fame,stock,end,36796
1,50,DP,source,SurfaceMap.CollectYields,225
1,50,Material,source,SurfaceMap.CollectYields,12
1,50,Fame,source,SurfaceMap.CollectYields,35
1,50,DP,source,DistrictCatalog.Collect,28
1,50,DP,source,EraSystem.TickTurn,9720
1,50,DP,sink,MinionRoster.TryForge,-1920
1,50,Material,sink,MinionRoster.TryForge,-16
1,50,DP,sink,DungeonFloorManager.TryAddFloor,-78125
1,50,DP,sink,DungeonFloorManager.TryExpandFloor,-5200
1,50,DP,sink,DungeonFeatureManager.TryPlaceTrap,-150
1,50,DP,sink,MinionRoster.TrySummon,-140
1,50,DP,source,AdventurerAI.ReapEmotion,789
1,50,DP,source,AdventurerAI.TakeDamage,31315
1,50,Material,source,AdventurerAI.TakeDamage,515
1,50,DP,sink,CommandSystem.TryUse,-4900
1,50,DP,source,AdventurerAI.GrantReturnReward,17256
1,50,Fame,source,AdventurerAI.GrantReturnReward,400
1,50,Fame,source,LureEconomy.OnHeroEscaped,1000
1,50,DP,stock,end,44492
1,50,Material,stock,end,86624
1,50,Fame,stock,end,38231
1,51,DP,source,SurfaceMap.CollectYields,225
1,51,Material,source,SurfaceMap.CollectYields,12
1,51,Fame,source,SurfaceMap.CollectYields,35
1,51,DP,source,DistrictCatalog.Collect,28
1,51,DP,source,EraSystem.TickTurn,16524
1,51,DP,sink,MinionRoster.TryForge,-2880
1,51,Material,sink,MinionRoster.TryForge,-24
1,51,DP,sink,MinionRoster.TryEvolveIndividual,-56500
1,51,DP,sink,DungeonFeatureManager.TryPlaceTrap,-1650
1,51,DP,sink,MinionRoster.TrySummon,-233
1,51,DP,source,AdventurerAI.ReapEmotion,228
1,51,DP,source,AdventurerAI.TakeDamage,9882
1,51,Material,source,AdventurerAI.TakeDamage,197
1,51,DP,sink,CommandSystem.TryUse,-3550
1,51,DP,source,AdventurerAI.GrantReturnReward,12799
1,51,Fame,source,AdventurerAI.GrantReturnReward,1060
1,51,Fame,source,LureEconomy.OnHeroEscaped,2650
1,51,DP,source,Nemesis.OnSlain,2138
1,51,Material,source,Nemesis.OnSlain,12
1,51,DP,stock,end,21503
1,51,Material,stock,end,86821
1,51,Fame,stock,end,41976
1,52,DP,source,SurfaceMap.CollectYields,225
1,52,Material,source,SurfaceMap.CollectYields,12
1,52,Fame,source,SurfaceMap.CollectYields,35
1,52,DP,source,DistrictCatalog.Collect,28
1,52,DP,source,EraSystem.TickTurn,9720
1,52,Material,source,EraSystem.TickTurn,124
1,52,DP,sink,MinionRoster.TryForge,-1920
1,52,Material,sink,MinionRoster.TryForge,-16
1,52,DP,sink,MinionRoster.TryEvolveIndividual,-29150
1,52,DP,sink,DungeonFeatureManager.TryPlaceTrap,-150
1,52,DP,sink,MinionRoster.TrySummon,-239
1,52,DP,source,AdventurerAI.TakeDamage,52849
1,52,Material,source,AdventurerAI.TakeDamage,1258
1,52,DP,source,AdventurerAI.ReapEmotion,310
1,52,DP,sink,CommandSystem.TryUse,-5350
1,52,DP,source,AdventurerAI.GrantReturnReward,8290
1,52,Fame,source,AdventurerAI.GrantReturnReward,260
1,52,Fame,source,LureEconomy.OnHeroEscaped,650
1,52,DP,source,Nemesis.OnSlain,2937
1,52,Material,source,Nemesis.OnSlain,16
1,52,DP,stock,end,59053
1,52,Material,stock,end,88215
1,52,Fame,stock,end,42921
1,53,DP,source,SurfaceMap.CollectYields,225
1,53,Material,source,SurfaceMap.CollectYields,12
1,53,Fame,source,SurfaceMap.CollectYields,35
1,53,DP,source,DistrictCatalog.Collect,28
1,53,Material,source,DistrictCatalog.Collect,8
1,53,DP,source,EraSystem.TickTurn,9720
1,53,Material,source,EraSystem.TickTurn,62
1,53,Fame,source,EraSystem.TickTurn,135
1,53,DP,sink,MinionRoster.TryForge,-63360
1,53,Material,sink,MinionRoster.TryForge,-800
1,53,DP,sink,MinionRoster.TryEvolveIndividual,-1650
1,53,DP,sink,DungeonFeatureManager.TryPlaceTrap,-3000
1,53,DP,sink,MinionRoster.TrySummon,-1009
1,53,DP,source,AdventurerAI.ReapEmotion,214
1,53,DP,source,AdventurerAI.TakeDamage,61928
1,53,Material,source,AdventurerAI.TakeDamage,1426
1,53,DP,sink,CommandSystem.TryUse,-4550
1,53,DP,source,AdventurerAI.GrantReturnReward,16048
1,53,Fame,source,AdventurerAI.GrantReturnReward,300
1,53,Fame,source,LureEconomy.OnHeroEscaped,750
1,53,DP,source,Nemesis.OnSlain,3688
1,53,Material,source,Nemesis.OnSlain,20
1,53,DP,stock,end,77335
1,53,Material,stock,end,88943
1,53,Fame,stock,end,44141
1,54,DP,source,SurfaceMap.CollectYields,221
1,54,Material,source,SurfaceMap.CollectYields,12
1,54,Fame,source,SurfaceMap.CollectYields,35
1,54,DP,source,DistrictCatalog.Collect,28
1,54,Material,source,DistrictCatalog.Collect,8
1,54,DP,source,EraSystem.TickTurn,9720
1,54,DP,sink,MinionRoster.TryForge,-84000
1,54,Material,sink,MinionRoster.TryForge,-1120
1,54,DP,sink,MinionRoster.TrySummon,-3263
1,54,DP,source,AdventurerAI.TakeDamage,70645
1,54,Material,source,AdventurerAI.TakeDamage,1639
1,54,DP,source,AdventurerAI.ReapEmotion,337
1,54,DP,sink,CommandSystem.TryUse,-3950
1,54,DP,source,AdventurerAI.GrantReturnReward,3692
1,54,Fame,source,AdventurerAI.GrantReturnReward,60
1,54,Fame,source,LureEconomy.OnHeroEscaped,150
1,54,DP,source,Nemesis.OnSlain,1102
1,54,Material,source,Nemesis.OnSlain,6
1,54,DP,stock,end,71867
1,54,Material,stock,end,89488
1,54,Fame,stock,end,44386
1,55,DP,source,SurfaceMap.CollectYields,254
1,55,Material,source,SurfaceMap.CollectYields,12
1,55,Fame,source,SurfaceMap.CollectYields,43
1,55,DP,source,DistrictCatalog.Collect,28
1,55,Material,source,DistrictCatalog.Collect,9
1,55,DP,source,EraSystem.TickTurn,11664
1,55,DP,sink,MinionRoster.TryForge,-81120
1,55,Material,sink,MinionRoster.TryForge,-1114
1,55,DP,sink,MinionRoster.TrySummon,-2679
1,55,DP,source,AdventurerAI.ReapEmotion,302
1,55,DP,sink,CommandSystem.TryUse,-4400
1,55,DP,source,AdventurerAI.TakeDamage,103835
1,55,Material,source,AdventurerAI.TakeDamage,992
1,55,DP,source,AdventurerAI.GrantReturnReward,11067
1,55,Fame,source,AdventurerAI.GrantReturnReward,240
1,55,Fame,source,LureEconomy.OnHeroEscaped,600
1,55,DP,source,Nemesis.OnSlain,1507
1,55,Material,source,Nemesis.OnSlain,6
1,55,DP,stock,end,112325
1,55,Material,stock,end,89393
1,55,Fame,stock,end,45269
1,56,DP,source,SurfaceMap.CollectYields,254
1,56,Material,source,SurfaceMap.CollectYields,12
1,56,Fame,source,SurfaceMap.CollectYields,43
1,56,DP,source,DistrictCatalog.Collect,28
1,56,Material,source,DistrictCatalog.Collect,9
1,56,DP,sink,MinionRoster.TryForge,-109440
1,56,Material,sink,MinionRoster.TryForge,-1596
1,56,DP,sink,MinionRoster.TrySummon,-3122
1,56,DP,source,AdventurerAI.TakeDamage,67784
1,56,Material,source,AdventurerAI.TakeDamage,1465
1,56,DP,source,AdventurerAI.ReapEmotion,362
1,56,DP,sink,CommandSystem.TryUse,-4500
1,56,Fame,source,AdventurerAI.GrantReturnReward,320
1,56,Fame,source,LureEconomy.OnHeroEscaped,800
1,56,DP,source,AdventurerAI.GrantReturnReward,11267
1,56,DP,source,Nemesis.OnSlain,2644
1,56,Material,source,Nemesis.OnSlain,14
1,56,DP,stock,end,77602
1,56,Material,stock,end,89297
1,56,Fame,stock,end,46432
1,57,DP,source,SurfaceMap.CollectYields,254
1,57,Material,source,SurfaceMap.CollectYields,12
1,57,Fame,source,SurfaceMap.CollectYields,43
1,57,DP,source,DistrictCatalog.Collect,28
1,57,Material,source,DistrictCatalog.Collect,9
1,57,DP,sink,MinionRoster.TryForge,-74880
1,57,Material,sink,MinionRoster.TryForge,-1092
1,57,DP,sink,MinionRoster.TrySummon,-2970
1,57,DP,source,AdventurerAI.ReapEmotion,194
1,57,DP,source,AdventurerAI.TakeDamage,60738
1,57,Material,source,AdventurerAI.TakeDamage,917
1,57,DP,sink,CommandSystem.TryUse,-4500
1,57,Fame,source,AdventurerAI.GrantReturnReward,390
1,57,Fame,source,LureEconomy.OnHeroEscaped,975
1,57,DP,source,AdventurerAI.GrantReturnReward,12669
1,57,DP,source,Nemesis.OnSlain,3060
1,57,Material,source,Nemesis.OnSlain,16
1,57,DP,stock,end,72195
1,57,Material,stock,end,89159
1,57,Fame,stock,end,47840
1,58,DP,source,SurfaceMap.CollectYields,219
1,58,Material,source,SurfaceMap.CollectYields,10
1,58,Fame,source,SurfaceMap.CollectYields,37
1,58,DP,source,DistrictCatalog.Collect,28
1,58,Material,source,DistrictCatalog.Collect,8
1,58,DP,sink,MinionRoster.TryForge,-69120
1,58,Material,sink,MinionRoster.TryForge,-1008
1,58,DP,sink,MinionRoster.TrySummon,-3299
1,58,DP,source,AdventurerAI.ReapEmotion,233
1,58,DP,source,AdventurerAI.TakeDamage,45819
1,58,Material,source,AdventurerAI.TakeDamage,88404
1,58,DP,source,AdventurerAI.GrantReturnReward,19097
1,58,Fame,source,AdventurerAI.GrantReturnReward,580
1,58,Fame,source,LureEconomy.OnHeroEscaped,1450
1,58,DP,sink,CommandSystem.TryUse,-4700
1,58,DP,source,Nemesis.OnSlain,6578
1,58,Material,source,Nemesis.OnSlain,29
1,58,DP,stock,end,67050
1,58,Material,stock,end,176602
1,58,Fame,stock,end,49907
1,59,DP,source,SurfaceMap.CollectYields,162
1,59,Material,source,SurfaceMap.CollectYields,9
1,59,Fame,source,SurfaceMap.CollectYields,25
1,59,DP,source,DistrictCatalog.Collect,28
1,59,Material,source,DistrictCatalog.Collect,8
1,59,DP,sink,MinionRoster.TryForge,-63360
1,59,Material,sink,MinionRoster.TryForge,-924
1,59,DP,sink,MinionRoster.TrySummon,-3877
1,59,DP,source,AdventurerAI.ReapEmotion,600
1,59,DP,source,AdventurerAI.TakeDamage,78565
1,59,Material,source,AdventurerAI.TakeDamage,1115
1,59,DP,sink,CommandSystem.TryUse,-3400
1,59,DP,source,AdventurerAI.GrantReturnReward,9214
1,59,Fame,source,AdventurerAI.GrantReturnReward,170
1,59,Fame,source,LureEconomy.OnHeroEscaped,425
1,59,DP,source,Nemesis.OnSlain,2332
1,59,Material,source,Nemesis.OnSlain,12
1,59,DP,stock,end,87314
1,59,Material,stock,end,176822
1,59,Fame,stock,end,50527
2,1,DP,sink,DungeonFeatureManager.TryPlaceTrap,-150
2,1,DP,sink,MinionRoster.TrySummon,-46
2,1,DP,source,AdventurerAI.ReapEmotion,150
2,1,DP,source,AdventurerAI.TakeDamage,164
2,1,Material,source,AdventurerAI.TakeDamage,6
2,1,DP,source,AdventurerAI.GrantReturnReward,401
2,1,Fame,source,AdventurerAI.GrantReturnReward,20
2,1,Fame,source,LureEconomy.OnHeroEscaped,50
2,1,DP,sink,CommandSystem.TryUse,-650
2,1,DP,stock,end,69
2,1,Material,stock,end,6
2,1,Fame,stock,end,70
2,2,DP,source,SurfaceMap.CollectYields,18
2,2,Material,source,SurfaceMap.CollectYields,1
2,2,Fame,source,SurfaceMap.CollectYields,4
2,2,DP,source,EraSystem.TickTurn,600
2,2,Fame,source,EraSystem.TickTurn,25
2,2,DP,sink,MinionRoster.TryForge,-236
2,2,DP,sink,MinionEvolution.TryEvolve,-150
2,2,DP,sink,DungeonFeatureManager.TryPlaceTrap,-150
2,2,DP,sink,MinionRoster.TrySummon,-144
2,2,DP,source,AdventurerAI.ReapEmotion,116
2,2,Fame,source,AdventurerAI.GrantReturnReward,20
2,2,Fame,source,LureEconomy.OnHeroEscaped,50
2,2,DP,source,AdventurerAI.TakeDamage,211
2,2,Material,source,AdventurerAI.TakeDamage,10
2,2,DP,source,AdventurerAI.GrantReturnReward,235
2,2,DP,sink,CommandSystem.TryUse,-300
2,2,DP,stock,end,269
2,2,Material,stock,end,17
2,2,Fame,stock,end,169
2,3,DP,source,SurfaceMap.CollectYields,18
2,3,Material,source,SurfaceMap.CollectYields,1
2,3,Fame,source,SurfaceMap.CollectYields,4
2,3,DP,source,EraSystem.TickTurn,600
2,3,Material,source,EraSystem.TickTurn,10
2,3,Fame,source,EraSystem.TickTurn,25
2,3,DP,sink,MinionRoster.TryForge,-236
2,3,DP,sink,MinionEvolution.TryEvolve,-250
2,3,DP,sink,DungeonFeatureManager.TryPlaceTrap,-300
2,3,DP,sink,MinionRoster.TrySummon,-98
2,3,DP,source,AdventurerAI.ReapEmotion,180
2,3,Fame,source,AdventurerAI.GrantReturnReward,30
2,3,Fame,source,LureEconomy.OnHeroEscaped,75
2,3,DP,source,AdventurerAI.TakeDamage,169
2,3,Material,source,AdventurerAI.TakeDamage,4
2,3,DP,source,AdventurerAI.GrantReturnReward,260
2,3,DP,sink,CommandSystem.TryUse,-300
2,3,DP,stock,end,312
2,3,Material,stock,end,32
2,3,Fame,stock,end,303
2,4,DP,source,SurfaceMap.CollectYields,18
2,4,Material,source,SurfaceMap.CollectYields,1
2,4,Fame,source,SurfaceMap.CollectYields,4
2,4,DP,source,EraSystem.TickTurn,600
2,4,DP,sink,MinionRoster.TryForge,-236
2,4,DP,sink,MinionEvolution.TryEvolve,-225
2,4,DP,sink,MinionRoster.TryEvolveIndividual,-150
2,4,DP,sink,DungeonFeatureManager.TryPlaceTrap,-150
2,4,DP,sink,MinionRoster.TrySummon,-161
2,4,DP,source,AdventurerAI.ReapEmotion,123
2,4,Fame,source,AdventurerAI.GrantReturnReward,20
2,4,Fame,source,LureEconomy.OnHeroEscaped,50
2,4,DP,source,AdventurerAI.TakeDamage,350
2,4,Material,source,AdventurerAI.TakeDamage,14
2,4,DP,sink,CommandSystem.TryUse,-300
2,4,DP,source,AdventurerAI.GrantReturnReward,66
2,4,DP,stock,end,247
2,4,Material,stock,end,47
2,4,Fame,stock,end,377
2,5,DP,source,SurfaceMap.CollectYields,18
2,5,Material,source,SurfaceMap.CollectYields,1
2,5,Fame,source,SurfaceMap.CollectYields,4
2,5,DP,source,EraSystem.TickTurn,600
2,5,DP,sink,MinionRoster.TryForge,-212
2,5,DP,sink,MinionEvolution.TryEvolve,-325
2,5,DP,sink,DungeonFeatureManager.TryPlaceTrap,-150
2,5,DP,sink,MinionRoster.TrySummon,-178
2,5,DP,source,AdventurerAI.ReapEmotion,79
2,5,DP,source,AdventurerAI.TakeDamage,549
2,5,Material,source,AdventurerAI.TakeDamage,18
2,5,Fame,source,AdventurerAI.GrantReturnReward,10
2,5,Fame,source,LureEconomy.OnHeroEscaped,25
2,5,DP,sink,CommandSystem.TryUse,-650
2,5,DP,source,Nemesis.OnSlain,470
2,5,Material,source,Nemesis.OnSlain,5
2,5,DP,stock,end,448
2,5,Material,stock,end,71
2,5,Fame,stock,end,416
2,6,DP,source,SurfaceMap.CollectYields,39
2,6,Material,source,SurfaceMap.CollectYields,2
2,6,Fame,source,SurfaceMap.CollectYields,9
2,6,DP,source,EraSystem.TickTurn,600
2,6,Material,source,EraSystem.TickTurn,10
2,6,DP,sink,MinionRoster.TryForge,-212
2,6,DP,sink,DungeonFloorManager.TryExpandFloor,-400
2,6,DP,sink,MinionRoster.TryEvolveIndividual,-175
2,6,DP,sink,DungeonFeatureManager.TryPlaceTrap,-150
2,6,DP,sink,MinionRoster.TrySummon,-139
2,6,DP,source,AdventurerAI.ReapEmotion,179
2,6,DP,source,AdventurerAI.GrantReturnReward,2400
2,6,Fame,source,AdventurerAI.GrantReturnReward,80
2,6,Fame,source,LureEconomy.OnHeroEscaped,200
2,6,DP,sink,CommandSystem.TryUse,-2300
2,6,DP,source,AdventurerAI.TakeDamage,524
2,6,Material,source,AdventurerAI.TakeDamage,26
2,6,DP,source,Nemesis.OnSlain,1180
2,6,Material,source,Nemesis.OnSlain,12
2,6,DP,stock,end,1994
2,6,Material,stock,end,121
2,6,Fame,stock,end,705
2,7,DP,source,SurfaceMap.CollectYields,39
2,7,Material,source,SurfaceMap.CollectYields,2
2,7,Fame,source,SurfaceMap.CollectYields,9
2,7,DP,source,EraSystem.TickTurn,1020
2,7,DP,sink,MinionRoster.TryForge,-318
2,7,DP,sink,DungeonFloorManager.TryAddFloor,-800
2,7,DP,sink,DungeonFloorManager.TryExpandFloor,-1200
2,7,DP,sink,MinionEvolution.TryEvolve,-400
2,7,DP,sink,DungeonFeatureManager.TryPlaceTrap,-150
2,7,DP,sink,MinionRoster.TrySummon,-180
2,7,DP,source,AdventurerAI.ReapEmotion,134
2,7,DP,source,AdventurerAI.TakeDamage,866
2,7,Material,source,AdventurerAI.TakeDamage,41
2,7,DP,source,AdventurerAI.GrantReturnReward,175
2,7,Fame,source,AdventurerAI.GrantReturnReward,10
2,7,Fame,source,LureEconomy.OnHeroEscaped,25
2,7,DP,sink,CommandSystem.TryUse,-1800
2,7,DP,source,Nemesis.OnSlain,1004
2,7,Material,source,Nemesis.OnSlain,10
2,7,DP,stock,end,384
2,7,Material,stock,end,174
2,7,Fame,stock,end,749
2,8,DP,source,SurfaceMap.CollectYields,39
2,8,Material,source,SurfaceMap.CollectYields,2
2,8,Fame,source,SurfaceMap.CollectYields,9
2,8,DP,source,EraSystem.TickTurn,600
2,8,DP,sink,MinionRoster.TryForge,-212
2,8,DP,sink,MinionEvolution.TryEvolve,-500
2,8,DP,sink,DungeonFeatureManager.TryPlaceTrap,-150
2,8,DP,sink,MinionRoster.TrySummon,-143
2,8,DP,source,AdventurerAI.TakeDamage,780
2,8,Material,source,AdventurerAI.TakeDamage,24
2,8,DP,sink,CommandSystem.TryUse,-2300
2,8,DP,source,AdventurerAI.ReapEmotion,177
2,8,Fame,source,AdventurerAI.GrantReturnReward,30
2,8,Fame,source,LureEconomy.OnHeroEscaped,75
2,8,DP,source,Nemesis.OnSlain,1004
2,8,Material,source,Nemesis.OnSlain,10
2,8,DP,source,AdventurerAI.GrantReturnReward,445
2,8,DP,stock,end,124
2,8,Material,stock,end,210
2,8,Fame,stock,end,863
2,9,DP,source,SurfaceMap.CollectYields,45
2,9,Material,source,SurfaceMap.CollectYields,2
2,9,Fame,source,SurfaceMap.CollectYields,11
2,9,DP,source,EraSystem.TickTurn,600
2,9,Fame,source,EraSystem.TickTurn,25
2,9,DP,sink,MinionRoster.TryForge,-190
2,9,DP,sink,MinionEvolution.TryEvolve,-250
2,9,DP,sink,DungeonFeatureManager.TryPlaceTrap,-150
2,9,DP,sink,MinionRoster.TrySummon,-162
2,9,DP,source,AdventurerAI.ReapEmotion,128
2,9,DP,source,AdventurerAI.TakeDamage,797
2,9,Material,source,AdventurerAI.TakeDamage,38
2,9,DP,sink,CommandSystem.TryUse,-1800
2,9,DP,source,AdventurerAI.GrantReturnReward,350
2,9,Fame,source,AdventurerAI.GrantReturnReward,30
2,9,Fame,source,LureEconomy.OnHeroEscaped,75
2,9,DP,source,Nemesis.OnSlain,1036
2,9,Material,source,Nemesis.OnSlain,10
2,9,DP,stock,end,528
2,9,Material,stock,end,260
2,9,Fame,stock,end,1004
2,10,DP,source,SurfaceMap.CollectYields,79
2,10,Material,source,SurfaceMap.CollectYields,3
2,10,Fame,source,SurfaceMap.CollectYields,17
2,10,DP,sink,MinionRoster.TryForge,-190
2,10,DP,sink,DungeonFeatureManager.TryPlaceTrap,-150
2,10,DP,sink,MinionRoster.TrySummon,-264
2,10,DP,source,AdventurerAI.TakeDamage,1299
2,10,Material,source,AdventurerAI.TakeDamage,62
2,10,DP,sink,CommandSystem.TryUse,-2300
2,10,DP,source,AdventurerAI.ReapEmotion,277
2,10,DP,source,AdventurerAI.GrantReturnReward,610
2,10,Fame,source,AdventurerAI.GrantReturnReward,20
2,10,Fame,source,LureEconomy.OnHeroEscaped,50
2,10,DP,source,Nemesis.OnSlain,1070
2,10,Material,source,Nemesis.OnSlain,10
2,10,DP,stock,end,959
2,10,Material,stock,end,335
2,10,Fame,stock,end,1091
2,11,DP,source,SurfaceMap.CollectYields,79
2,11,Material,source,SurfaceMap.CollectYields,3
2,11,Fame,source,SurfaceMap.CollectYields,17
2,11,DP,source,EraSystem.TickTurn,1020
2,11,DP,source,WaveRoster.ResolveTrial,1800
2,11,DP,sink,MinionRoster.TryForge,-190
2,11,DP,sink,DungeonFloorManager.TryAddFloor,-2000
2,11,DP,sink,DungeonFloorManager.TryExpandFloor,-1200
2,11,DP,sink,MinionRoster.TryEvolveIndividual,-75
2,11,DP,sink,DungeonFeatureManager.TryPlaceTrap,-150
2,11,DP,sink,MinionRoster.TrySummon,-230
2,11,DP,source,AdventurerAI.TakeDamage,965
2,11,Material,source,AdventurerAI.TakeDamage,34
2,11,DP,source,AdventurerAI.ReapEmotion,263
2,11,Fame,source,AdventurerAI.GrantReturnReward,100
2,11,Fame,source,LureEconomy.OnHeroEscaped,250
2,11,DP,sink,CommandSystem.TryUse,-2150
2,11,DP,source,AdventurerAI.GrantReturnReward,1689
2,11,DP,source,Nemesis.OnSlain,1653
2,11,Material,source,Nemesis.OnSlain,15
2,11,DP,stock,end,2433
2,11,Material,stock,end,387
2,11,Fame,stock,end,1458
2,12,DP,source,SurfaceMap.CollectYields,79
2,12,Material,source,SurfaceMap.CollectYields,3
2,12,Fame,source,SurfaceMap.CollectYields,17
2,12,DP,source,DistrictCatalog.Collect,84
2,12,DP,source,EraSystem.TickTurn,300
2,12,DP,sink,MinionRoster.TryForge,-285
2,12,DP,sink,DungeonFloorManager.TryExpandFloor,-800
2,12,DP,sink,MinionEvolution.TryEvolve,-550
2,12,DP,sink,MinionRoster.TryEvolveIndividual,-900
2,12,DP,sink,DungeonFeatureManager.TryPlaceTrap,-150
2,12,DP,sink,MinionRoster.TrySummon,-210
2,12,DP,source,AdventurerAI.ReapEmotion,134
2,12,DP,source,AdventurerAI.TakeDamage,658
2,12,Material,source,AdventurerAI.TakeDamage,25
2,12,DP,source,AdventurerAI.GrantReturnReward,2167
2,12,Fame,source,AdventurerAI.GrantReturnReward,90
2,12,Fame,source,LureEconomy.OnHeroEscaped,225
2,12,DP,sink,CommandSystem.TryUse,-1500
2,12,DP,stock,end,1460
2,12,Material,stock,end,415
2,12,Fame,stock,end,1790
2,13,DP,source,SurfaceMap.CollectYields,60
2,13,Material,source,SurfaceMap.CollectYields,3
2,13,Fame,source,SurfaceMap.CollectYields,14
2,13,DP,source,DistrictCatalog.Collect,98
2,13,DP,sink,MinionRoster.TryForge,-570
2,13,DP,sink,MinionRoster.TryEvolveIndividual,-650
2,13,DP,sink,DungeonFeatureManager.TryPlaceTrap,-150
2,13,DP,sink,MinionRoster.TrySummon,-236
2,13,DP,source,AdventurerAI.TakeDamage,849
2,13,Material,source,AdventurerAI.TakeDamage,18
2,13,DP,sink,CommandSystem.TryUse,-1800
2,13,DP,source,AdventurerAI.ReapEmotion,192
2,13,Fame,source,AdventurerAI.GrantReturnReward,80
2,13,Fame,source,LureEconomy.OnHeroEscaped,200
2,13,DP,source,AdventurerAI.GrantReturnReward,2121
2,13,DP,stock,end,1374
2,13,Material,stock,end,436
2,13,Fame,stock,end,2084
2,14,DP,source,SurfaceMap.CollectYields,81
2,14,Material,source,SurfaceMap.CollectYields,4
2,14,Fame,source,SurfaceMap.CollectYields,19
2,14,DP,source,DistrictCatalog.Collect,98
2,14,DP,sink,MinionRoster.TryForge,-1006
2,14,DP,sink,DungeonFeatureManager.TryPlaceTrap,-300
2,14,DP,sink,MinionRoster.TrySummon,-243
2,14,DP,source,AdventurerAI.TakeDamage,905
2,14,Material,source,AdventurerAI.TakeDamage,203
2,14,DP,source,AdventurerAI.ReapEmotion,135
2,14,DP,source,AdventurerAI.GrantReturnReward,2676
2,14,Fame,source,AdventurerAI.GrantReturnReward,120
2,14,Fame,source,LureEconomy.OnHeroEscaped,300
2,14,DP,sink,CommandSystem.TryUse,-4450
2,14,DP,source,Nemesis.OnSlain,1419
2,14,Material,source,Nemesis.OnSlain,12
2,14,DP,stock,end,689
2,14,Material,stock,end,655
2,14,Fame,stock,end,2523
2,15,DP,source,SurfaceMap.CollectYields,61
2,15,Material,source,SurfaceMap.CollectYields,3
2,15,Fame,source,SurfaceMap.CollectYields,13
2,15,DP,source,DistrictCatalog.Collect,98
2,15,DP,sink,MinionRoster.TryForge,-380
2,15,DP,sink,MinionRoster.TryEvolveIndividual,-75
2,15,DP,sink,DungeonFeatureManager.TryPlaceTrap,-150
2,15,DP,sink,MinionRoster.TrySummon,-243
2,15,DP,source,AdventurerAI.ReapEmotion,200
2,15,DP,source,AdventurerAI.TakeDamage,3094
2,15,Material,source,AdventurerAI.TakeDamage,78
2,15,DP,sink,CommandSystem.TryUse,-2300
2,15,Fame,source,AdventurerAI.GrantReturnReward,30
2,15,Fame,source,LureEconomy.OnHeroEscaped,75
2,15,DP,source,AdventurerAI.GrantReturnReward,377
2,15,DP,source,Nemesis.OnSlain,836
2,15,Material,source,Nemesis.OnSlain,7
2,15,DP,stock,end,2207
2,15,Material,stock,end,743
2,15,Fame,stock,end,2641
2,16,DP,source,SurfaceMap.CollectYields,61
2,16,Material,source,SurfaceMap.CollectYields,3
2,16,Fame,source,SurfaceMap.CollectYields,13
2,16,DP,source,DistrictCatalog.Collect,98
2,16,DP,source,WaveRoster.ResolveTrial,2400
2,16,DP,sink,MinionRoster.TryForge,-788
2,16,DP,sink,DungeonFloorManager.TryExpandFloor,-3000
2,16,DP,sink,MinionRoster.TryEvolveIndividual,-550
2,16,DP,sink,DungeonFeatureManager.TryPlaceTrap,-150
2,16,DP,sink,MinionRoster.TrySummon,-270
2,16,DP,source,AdventurerAI.ReapEmotion,350
2,16,DP,sink,CommandSystem.TryUse,-1800
2,16,DP,source,AdventurerAI.TakeDamage,960
2,16,Material,source,AdventurerAI.TakeDamage,15
2,16,DP,source,AdventurerAI.GrantReturnReward,1439
2,16,Fame,source,AdventurerAI.GrantReturnReward,120
2,16,Fame,source,LureEconomy.OnHeroEscaped,300
2,16,DP,stock,end,957
2,16,Material,stock,end,761
2,16,Fame,stock,end,3074
2,17,DP,source,SurfaceMap.CollectYields,61
2,17,Material,source,SurfaceMap.CollectYields,3
2,17,Fame,source,SurfaceMap.CollectYields,13
2,17,DP,source,DistrictCatalog.Collect,98
2,17,DP,source,EraSystem.TickTurn,720
2,17,DP,sink,MinionRoster.TryForge,-1414
2,17,DP,sink,DungeonFeatureManager.TryPlaceTrap,-150
2,17,DP,sink,MinionRoster.TrySummon,-256
2,17,DP,source,AdventurerAI.ReapEmotion,357
2,17,DP,sink,CommandSystem.TryUse,-2950
2,17,DP,source,AdventurerAI.TakeDamage,6415
2,17,Material,source,AdventurerAI.TakeDamage,169
2,17,DP,source,AdventurerAI.GrantReturnReward,1394
2,17,Fame,source,AdventurerAI.GrantReturnReward,60
2,17,Fame,source,LureEconomy.OnHeroEscaped,150
2,17,DP,source,Nemesis.OnSlain,3117
2,17,Material,source,Nemesis.OnSlain,23
2,17,DP,stock,end,8349
2,17,Material,stock,end,956
2,17,Fame,stock,end,3297
2,18,DP,source,SurfaceMap.CollectYields,79
2,18,Material,source,SurfaceMap.CollectYields,4
2,18,Fame,source,SurfaceMap.CollectYields,17
2,18,DP,source,DistrictCatalog.Collect,98
2,18,DP,sink,MinionRoster.TryForge,-394
2,18,DP,sink,DungeonFloorManager.TryAddFloor,-5000
2,18,DP,sink,DungeonFloorManager.TryExpandFloor,-2700
2,18,DP,sink,DungeonFeatureManager.TryPlaceTrap,-150
2,18,DP,sink,MinionRoster.TrySummon,-280
2,18,DP,source,AdventurerAI.ReapEmotion,308
2,18,DP,sink,CommandSystem.TryUse,-2450
2,18,DP,source,AdventurerAI.TakeDamage,7685
2,18,Material,source,AdventurerAI.TakeDamage,115
2,18,DP,source,AdventurerAI.GrantReturnReward,4389
2,18,Fame,source,AdventurerAI.GrantReturnReward,140
2,18,Fame,source,LureEconomy.OnHeroEscaped,350
2,18,DP,stock,end,9934
2,18,Material,stock,end,1075
2,18,Fame,stock,end,3804
2,19,DP,source,SurfaceMap.CollectYields,79
2,19,Material,source,SurfaceMap.CollectYields,4
2,19,Fame,source,SurfaceMap.CollectYields,17
2,19,DP,source,DistrictCatalog.Collect,98
2,19,DP,source,EraSystem.TickTurn,300
2,19,DP,sink,MinionRoster.TryForge,-7684
2,19,DP,sink,DungeonFloorManager.TryExpandFloor,-1500
2,19,DP,sink,MinionRoster.TryEvolveIndividual,-550
2,19,DP,sink,DungeonFeatureManager.TryPlaceTrap,-450
2,19,DP,sink,MinionRoster.TrySummon,-212
2,19,DP,source,AdventurerAI.ReapEmotion,170
2,19,DP,source,AdventurerAI.TakeDamage,4054
2,19,Material,source,AdventurerAI.TakeDamage,281
2,19,DP,sink,CommandSystem.TryUse,-5950
2,19,DP,source,AdventurerAI.GrantReturnReward,3578
2,19,Fame,source,AdventurerAI.GrantReturnReward,110
2,19,Fame,source,LureEconomy.OnHeroEscaped,275
2,19,DP,source,Nemesis.OnSlain,648
2,19,Material,source,Nemesis.OnSlain,5
2,19,DP,stock,end,2515
2,19,Material,stock,end,1365
2,19,Fame,stock,end,4206
2,20,DP,source,SurfaceMap.CollectYields,81
2,20,Material,source,SurfaceMap.CollectYields,4
2,20,Fame,source,SurfaceMap.CollectYields,17
2,20,DP,source,DistrictCatalog.Collect,112
2,20,DP,sink,MinionRoster.TryForge,-2122
2,20,DP,sink,DungeonFeatureManager.TryPlaceTrap,-300
2,20,DP,sink,MinionRoster.TrySummon,-285
2,20,DP,source,AdventurerAI.ReapEmotion,204
2,20,DP,source,AdventurerAI.TakeDamage,5830
2,20,Material,source,AdventurerAI.TakeDamage,154
2,20,DP,sink,CommandSystem.TryUse,-2950
2,20,DP,source,AdventurerAI.GrantReturnReward,4886
2,20,Fame,source,AdventurerAI.GrantReturnReward,150
2,20,Fame,source,LureEconomy.OnHeroEscaped,375
2,20,DP,source,Nemesis.OnSlain,2324
2,20,Material,source,Nemesis.OnSlain,16
2,20,DP,stock,end,10295
2,20,Material,stock,end,1539
2,20,Fame,stock,end,4748
2,21,DP,source,SurfaceMap.CollectYields,125
2,21,Material,source,SurfaceMap.CollectYields,6
2,21,Fame,source,SurfaceMap.CollectYields,27
2,21,DP,source,DistrictCatalog.Collect,112
2,21,DP,sink,MinionRoster.TryForge,-9742
2,21,DP,sink,DungeonFeatureManager.TryPlaceTrap,-600
2,21,DP,sink,MinionRoster.TrySummon,-180
2,21,DP,source,AdventurerAI.ReapEmotion,431
2,21,DP,sink,CommandSystem.TryUse,-6050
2,21,DP,source,AdventurerAI.TakeDamage,9267
2,21,Material,source,AdventurerAI.TakeDamage,128
2,21,DP,source,AdventurerAI.GrantReturnReward,5853
2,21,Fame,source,AdventurerAI.GrantReturnReward,150
2,21,Fame,source,LureEconomy.OnHeroEscaped,375
2,21,DP,source,Nemesis.OnSlain,2774
2,21,Material,source,Nemesis.OnSlain,21
2,21,DP,stock,end,12285
2,21,Material,stock,end,1694
2,21,Fame,stock,end,5300
2,22,DP,source,SurfaceMap.CollectYields,125
2,22,Material,source,SurfaceMap.CollectYields,6
2,22,Fame,source,SurfaceMap.CollectYields,27
2,22,DP,source,DistrictCatalog.Collect,112
2,22,DP,sink,MinionRoster.TryForge,-10986
2,22,DP,sink,MinionRoster.TryEvolveIndividual,-325
2,22,Material,sink,MinionRoster.TryForge,-2
2,22,DP,sink,DungeonFeatureManager.TryPlaceTrap,-1050
2,22,DP,sink,MinionRoster.TrySummon,-158
2,22,DP,source,AdventurerAI.ReapEmotion,401
2,22,DP,sink,CommandSystem.TryUse,-2650
2,22,DP,source,AdventurerAI.GrantReturnReward,3972
2,22,Fame,source,AdventurerAI.GrantReturnReward,110
2,22,Fame,source,LureEconomy.OnHeroEscaped,275
2,22,DP,source,AdventurerAI.TakeDamage,8808
2,22,Material,source,AdventurerAI.TakeDamage,222
2,22,DP,source,Nemesis.OnSlain,1451
2,22,Material,source,Nemesis.OnSlain,9
2,22,DP,stock,end,11985
2,22,Material,stock,end,1929
2,22,Fame,stock,end,5712
2,23,DP,source,SurfaceMap.CollectYields,125
2,23,Material,source,SurfaceMap.CollectYields,6
2,23,Fame,source,SurfaceMap.CollectYields,27
2,23,DP,source,DistrictCatalog.Collect,126
2,23,DP,sink,MinionRoster.TryForge,-168
2,23,DP,sink,MinionEvolution.TryEvolve,-4900
2,23,DP,sink,MinionRoster.TryEvolveIndividual,-6800
2,23,DP,sink,DungeonFeatureManager.TryPlaceTrap,-150
2,23,DP,sink,MinionRoster.TrySummon,-189
2,23,DP,source,AdventurerAI.ReapEmotion,428
2,23,DP,sink,CommandSystem.TryUse,-3950
2,23,DP,source,AdventurerAI.GrantReturnReward,6453
2,23,Fame,source,AdventurerAI.GrantReturnReward,150
2,23,Fame,source,LureEconomy.OnHeroEscaped,375
2,23,DP,source,AdventurerAI.TakeDamage,8195
2,23,Material,source,AdventurerAI.TakeDamage,380
2,23,DP,source,Nemesis.OnSlain,697
2,23,Material,source,Nemesis.OnSlain,5
2,23,DP,stock,end,11852
2,23,Material,stock,end,2320
2,23,Fame,stock,end,6264
2,24,DP,source,SurfaceMap.CollectYields,148
2,24,Material,source,SurfaceMap.CollectYields,7
2,24,Fame,source,SurfaceMap.CollectYields,32
2,24,DP,source,DistrictCatalog.Collect,28
2,24,DP,source,EraSystem.TickTurn,3840
2,24,DP,sink,MinionRoster.TryForge,-168
2,24,DP,sink,DungeonFloorManager.TryAddFloor,-12500
2,24,DP,sink,DungeonFloorManager.TryExpandFloor,-1200
2,24,DP,sink,MinionRoster.TryEvolveIndividual,-1675
2,24,DP,sink,DungeonFeatureManager.TryPlaceTrap,-150
2,24,DP,sink,MinionRoster.TrySummon,-162
2,24,DP,source,AdventurerAI.ReapEmotion,130
2,24,DP,source,AdventurerAI.TakeDamage,4592
2,24,Material,source,AdventurerAI.TakeDamage,63
2,24,DP,sink,CommandSystem.TryUse,-5600
2,24,DP,source,AdventurerAI.GrantReturnReward,10039
2,24,Fame,source,AdventurerAI.GrantReturnReward,120
2,24,Fame,source,LureEconomy.OnHeroEscaped,300
2,24,DP,source,Nemesis.OnSlain,713
2,24,Material,source,Nemesis.OnSlain,5
2,24,DP,stock,end,9887
2,24,Material,stock,end,2395
2,24,Fame,stock,end,6716
2,25,DP,source,SurfaceMap.CollectYields,148
2,25,Material,source,SurfaceMap.CollectYields,7
2,25,Fame,source,SurfaceMap.CollectYields,32
2,25,DP,source,DistrictCatalog.Collect,28
2,25,DP,source,EraSystem.TickTurn,6528
2,25,DP,sink,MinionRoster.TryForge,-4974
2,25,DP,sink,DungeonFloorManager.TryExpandFloor,-6500
2,25,DP,sink,MinionRoster.TryEvolveIndividual,-3900
2,25,Material,sink,MinionRoster.TryForge,-6
2,25,DP,sink,DungeonFeatureManager.TryPlaceTrap,-1050
2,25,DP,sink,MinionRoster.TrySummon,-158
2,25,DP,source,AdventurerAI.ReapEmotion,562
2,25,DP,sink,CommandSystem.TryUse,-4250
2,25,DP,source,AdventurerAI.GrantReturnReward,11216
2,25,Fame,source,AdventurerAI.GrantReturnReward,340
2,25,Fame,source,LureEconomy.OnHeroEscaped,850
2,25,DP,source,AdventurerAI.TakeDamage,6109
2,25,Material,source,AdventurerAI.TakeDamage,39
2,25,DP,source,Nemesis.OnSlain,729
2,25,Material,source,Nemesis.OnSlain,5
2,25,DP,stock,end,14375
2,25,Material,stock,end,2440
2,25,Fame,stock,end,7938
2,26,DP,source,SurfaceMap.CollectYields,148
2,26,Material,source,SurfaceMap.CollectYields,7
2,26,Fame,source,SurfaceMap.CollectYields,32
2,26,DP,source,DistrictCatalog.Collect,28
2,26,DP,source,EraSystem.TickTurn,6528
2,26,DP,sink,MinionRoster.TryForge,-11460
2,26,DP,sink,DungeonFloorManager.TryExpandFloor,-7500
2,26,DP,sink,MinionRoster.TryEvolveIndividual,-1050
2,26,Material,sink,MinionRoster.TryForge,-36
2,26,DP,sink,DungeonFeatureManager.TryPlaceTrap,-900
2,26,DP,sink,MinionRoster.TrySummon,-165
2,26,DP,source,AdventurerAI.ReapEmotion,236
2,26,DP,source,AdventurerAI.TakeDamage,11198
2,26,Material,source,AdventurerAI.TakeDamage,84
2,26,DP,sink,CommandSystem.TryUse,-5600
2,26,DP,source,AdventurerAI.GrantReturnReward,9681
2,26,Fame,source,AdventurerAI.GrantReturnReward,300
2,26,Fame,source,LureEconomy.OnHeroEscaped,750
2,26,DP,source,Nemesis.OnSlain,745
2,26,Material,source,Nemesis.OnSlain,5
2,26,DP,stock,end,16264
2,26,Material,stock,end,2500
2,26,Fame,stock,end,9020
2,27,DP,source,SurfaceMap.CollectYields,168
2,27,Material,source,SurfaceMap.CollectYields,8
2,27,Fame,source,SurfaceMap.CollectYields,36
2,27,DP,source,DistrictCatalog.Collect,28
2,27,DP,source,EraSystem.TickTurn,3840
2,27,DP,sink,MinionRoster.TryForge,-18870
2,27,DP,sink,MinionRoster.TryEvolveIndividual,-650
2,27,Material,sink,MinionRoster.TryForge,-62
2,27,DP,sink,DungeonFeatureManager.TryPlaceTrap,-600
2,27,DP,sink,MinionRoster.TrySummon,-165
2,27,DP,source,AdventurerAI.ReapEmotion,248
2,27,DP,source,AdventurerAI.TakeDamage,16616
2,27,Material,source,AdventurerAI.TakeDamage,405
2,27,DP,sink,CommandSystem.TryUse,-5600
2,27,DP,source,AdventurerAI.GrantReturnReward,12194
2,27,Fame,source,AdventurerAI.GrantReturnReward,300
2,27,Fame,source,LureEconomy.OnHeroEscaped,750
2,27,DP,source,Nemesis.OnSlain,761
2,27,Material,source,Nemesis.OnSlain,5
2,27,DP,stock,end,24234
2,27,Material,stock,end,2856
2,27,Fame,stock,end,10106
2,28,DP,source,SurfaceMap.CollectYields,145
2,28,Material,source,SurfaceMap.CollectYields,7
2,28,Fame,source,SurfaceMap.CollectYields,31
2,28,DP,source,DistrictCatalog.Collect,28
2,28,DP,source,EraSystem.TickTurn,3840
2,28,DP,sink,MinionRoster.TryForge,-25890
2,28,DP,sink,MinionRoster.TryEvolveIndividual,-650
2,28,Material,sink,MinionRoster.TryForge,-170
2,28,DP,sink,DungeonFeatureManager.TryPlaceTrap,-1500
2,28,DP,sink,MinionRoster.TrySummon,-207
2,28,DP,source,AdventurerAI.ReapEmotion,235
2,28,DP,source,AdventurerAI.TakeDamage,18047
2,28,Material,source,AdventurerAI.TakeDamage,297
2,28,DP,sink,CommandSystem.TryUse,-6050
2,28,DP,source,AdventurerAI.GrantReturnReward,13539
2,28,Fame,source,AdventurerAI.GrantReturnReward,300
2,28,Fame,source,LureEconomy.OnHeroEscaped,750
2,28,DP,stock,end,25771
2,28,Material,stock,end,2990
2,28,Fame,stock,end,11187
2,29,DP,source,SurfaceMap.CollectYields,148
2,29,Material,source,SurfaceMap.CollectYields,7
2,29,Fame,source,SurfaceMap.CollectYields,32
2,29,DP,source,DistrictCatalog.Collect,28
2,29,DP,source,EraSystem.TickTurn,6528
2,29,Material,source,EraSystem.TickTurn,32
2,29,DP,sink,MinionRoster.TryForge,-168
2,29,DP,sink,DungeonFloorManager.TryAddFloor,-31250
2,29,DP,sink,DungeonFloorManager.TryExpandFloor,-400
2,29,DP,sink,MinionRoster.TryEvolveIndividual,-350
2,29,DP,sink,DungeonFeatureManager.TryPlaceTrap,-150
2,29,DP,sink,MinionRoster.TrySummon,-138
2,29,DP,source,IncidentSystem.Apply,600
2,29,DP,sink,CommandSystem.TryUse,-5600
2,29,DP,source,AdventurerAI.ReapEmotion,285
2,29,DP,source,AdventurerAI.TakeDamage,15675
2,29,Material,source,AdventurerAI.TakeDamage,322
2,29,DP,source,AdventurerAI.GrantReturnReward,18666
2,29,Fame,source,AdventurerAI.GrantReturnReward,360
2,29,Fame,source,LureEconomy.OnHeroEscaped,900
2,29,DP,stock,end,29645
2,29,Material,stock,end,3351
2,29,Fame,stock,end,12479
2,30,DP,source,SurfaceMap.CollectYields,128
2,30,Material,source,SurfaceMap.CollectYields,7
2,30,Fame,source,SurfaceMap.CollectYields,28
2,30,DP,source,DistrictCatalog.Collect,28
2,30,DP,source,EraSystem.TickTurn,3840
2,30,Material,source,EraSystem.TickTurn,74
2,30,DP,sink,MinionRoster.TryForge,-26592
2,30,DP,sink,DungeonFloorManager.TryExpandFloor,-4800
2,30,DP,sink,MinionRoster.TryEvolveIndividual,-625
2,30,Material,sink,MinionRoster.TryForge,-192
2,30,DP,sink,DungeonFeatureManager.TryPlaceTrap,-1350
2,30,DP,sink,MinionRoster.TrySummon,-242
2,30,DP,source,AdventurerAI.ReapEmotion,691
2,30,DP,sink,CommandSystem.TryUse,-6400
2,30,DP,source,AdventurerAI.TakeDamage,19843
2,30,Material,source,AdventurerAI.TakeDamage,398
2,30,DP,source,AdventurerAI.GrantReturnReward,22485
2,30,Fame,source,AdventurerAI.GrantReturnReward,390
2,30,Fame,source,LureEconomy.OnHeroEscaped,975
2,30,DP,stock,end,36651
2,30,Material,stock,end,3638
2,30,Fame,stock,end,13872
2,31,DP,source,SurfaceMap.CollectYields,185
2,31,Material,source,SurfaceMap.CollectYields,8
2,31,Fame,source,SurfaceMap.CollectYields,40
2,31,DP,source,DistrictCatalog.Collect,28
2,31,DP,source,EraSystem.TickTurn,6528
2,31,Fame,source,EraSystem.TickTurn,272
2,31,DP,sink,MinionRoster.TryForge,-36780
2,31,DP,sink,MinionRoster.TryEvolveIndividual,-750
2,31,Material,sink,MinionRoster.TryForge,-306
2,31,DP,sink,DungeonFeatureManager.TryPlaceTrap,-3600
2,31,DP,sink,MinionRoster.TrySummon,-2232
2,31,DP,source,AdventurerAI.TakeDamage,25217
2,31,Material,source,AdventurerAI.TakeDamage,672
2,31,DP,source,AdventurerAI.ReapEmotion,425
2,31,DP,sink,CommandSystem.TryUse,-6200
2,31,DP,source,AdventurerAI.GrantReturnReward,16640
2,31,Fame,source,AdventurerAI.GrantReturnReward,390
2,31,Fame,source,LureEconomy.OnHeroEscaped,975
2,31,DP,stock,end,36112
2,31,Material,stock,end,4012
2,31,Fame,stock,end,15549
2,32,DP,source,SurfaceMap.CollectYields,185
2,32,Material,source,SurfaceMap.CollectYields,8
2,32,Fame,source,SurfaceMap.CollectYields,40
2,32,DP,source,DistrictCatalog.Collect,28
2,32,DP,source,EraSystem.TickTurn,1920
2,32,DP,sink,MinionRoster.TryForge,-31500
2,32,DP,sink,MinionRoster.TryEvolveIndividual,-375
2,32,Material,sink,MinionRoster.TryForge,-276
2,32,DP,sink,DungeonFeatureManager.TryPlaceTrap,-3600
2,32,DP,sink,MinionRoster.TrySummon,-2758
2,32,DP,source,AdventurerAI.TakeDamage,29114
2,32,Material,source,AdventurerAI.TakeDamage,567
2,32,DP,source,AdventurerAI.ReapEmotion,116
2,32,DP,sink,CommandSystem.TryUse,-6050
2,32,DP,source,AdventurerAI.GrantReturnReward,12510
2,32,Fame,source,AdventurerAI.GrantReturnReward,350
2,32,Fame,source,LureEconomy.OnHeroEscaped,875
2,32,DP,stock,end,35702
2,32,Material,stock,end,4311
2,32,Fame,stock,end,16814
2,33,DP,source,SurfaceMap.CollectYields,211
2,33,Material,source,SurfaceMap.CollectYields,9
2,33,Fame,source,SurfaceMap.CollectYields,46
2,33,DP,source,DistrictCatalog.Collect,28
2,33,DP,sink,MinionRoster.TryForge,-20160
2,33,DP,sink,MinionRoster.TryEvolveIndividual,-75
2,33,Material,sink,MinionRoster.TryForge,-116
2,33,DP,sink,DungeonFeatureManager.TryPlaceTrap,-3600
2,33,DP,sink,MinionRoster.TrySummon,-12089
2,33,DP,source,AdventurerAI.ReapEmotion,328
2,33,DP,source,AdventurerAI.TakeDamage,25987
2,33,Material,source,AdventurerAI.TakeDamage,437
2,33,DP,sink,CommandSystem.TryUse,-5900
2,33,DP,source,AdventurerAI.GrantReturnReward,23711
2,33,Fame,source,AdventurerAI.GrantReturnReward,310
2,33,Fame,source,LureEconomy.OnHeroEscaped,775
2,33,DP,stock,end,44143
2,33,Material,stock,end,4641
2,33,Fame,stock,end,17945
2,34,DP,source,SurfaceMap.CollectYields,211
2,34,Material,source,SurfaceMap.CollectYields,9
2,34,Fame,source,SurfaceMap.CollectYields,46
2,34,DP,source,DistrictCatalog.Collect,28
2,34,DP,sink,MinionRoster.TryForge,-9420
2,34,DP,sink,MinionRoster.TryEvolveIndividual,-300
2,34,DP,sink,DungeonFeatureManager.TryPlaceTrap,-3750
2,34,DP,sink,MinionRoster.TrySummon,-30621
2,34,DP,source,AdventurerAI.ReapEmotion,120
2,34,DP,sink,CommandSystem.TryUse,-6050
2,34,DP,source,AdventurerAI.TakeDamage,46942
2,34,Material,source,AdventurerAI.TakeDamage,1225
2,34,DP,source,AdventurerAI.GrantReturnReward,27878
2,34,Fame,source,AdventurerAI.GrantReturnReward,570
2,34,Fame,source,LureEconomy.OnHeroEscaped,1425
2,34,DP,stock,end,69181
2,34,Material,stock,end,5875
2,34,Fame,stock,end,19986
2,35,DP,source,SurfaceMap.CollectYields,172
2,35,Material,source,SurfaceMap.CollectYields,9
2,35,Fame,source,SurfaceMap.CollectYields,38
2,35,DP,source,DistrictCatalog.Collect,28
2,35,DP,sink,MinionRoster.TryForge,-15780
2,35,DP,sink,DungeonFeatureManager.TryPlaceTrap,-3900
2,35,DP,sink,MinionRoster.TrySummon,-49136
2,35,DP,sink,CommandSystem.TryUse,-6050
2,35,DP,source,AdventurerAI.ReapEmotion,615
2,35,DP,source,AdventurerAI.TakeDamage,48352
2,35,Material,source,AdventurerAI.TakeDamage,1001
2,35,DP,source,AdventurerAI.GrantReturnReward,19325
2,35,Fame,source,AdventurerAI.GrantReturnReward,220
2,35,Fame,source,LureEconomy.OnHeroEscaped,550
2,35,DP,stock,end,62807
2,35,Material,stock,end,6885
2,35,Fame,stock,end,20794
2,36,DP,source,SurfaceMap.CollectYields,171
2,36,Material,source,SurfaceMap.CollectYields,9
2,36,Fame,source,SurfaceMap.CollectYields,37
2,36,DP,source,DistrictCatalog.Collect,28
2,36,DP,sink,MinionRoster.TryForge,-23940
2,36,Material,sink,MinionRoster.TryForge,-84
2,36,DP,sink,MinionRoster.TrySummon,-39038
2,36,DP,source,AdventurerAI.TakeDamage,43228
2,36,Material,source,AdventurerAI.TakeDamage,1269
2,36,DP,source,AdventurerAI.ReapEmotion,271
2,36,DP,sink,CommandSystem.TryUse,-6050
2,36,DP,source,AdventurerAI.GrantReturnReward,14958
2,36,Fame,source,AdventurerAI.GrantReturnReward,210
2,36,Fame,source,LureEconomy.OnHeroEscaped,525
2,36,DP,source,Nemesis.OnSlain,2937
2,36,Material,source,Nemesis.OnSlain,15
2,36,DP,stock,end,55372
2,36,Material,stock,end,8094
2,36,Fame,stock,end,21566
2,37,DP,source,SurfaceMap.CollectYields,171
2,37,Material,source,SurfaceMap.CollectYields,9
2,37,Fame,source,SurfaceMap.CollectYields,37
2,37,DP,source,DistrictCatalog.Collect,28
2,37,DP,sink,MinionRoster.TryForge,-40320
2,37,Material,sink,MinionRoster.TryForge,-336
2,37,DP,sink,MinionRoster.TrySummon,-15236
2,37,DP,source,AdventurerAI.TakeDamage,42461
2,37,Material,source,AdventurerAI.TakeDamage,4046
2,37,DP,source,AdventurerAI.ReapEmotion,118
2,37,DP,sink,CommandSystem.TryUse,-6050
2,37,DP,source,AdventurerAI.GrantReturnReward,10847
2,37,Fame,source,AdventurerAI.GrantReturnReward,240
2,37,Fame,source,LureEconomy.OnHeroEscaped,600
2,37,DP,source,Nemesis.OnSlain,8556
2,37,Material,source,Nemesis.OnSlain,34
2,37,DP,stock,end,55947
2,37,Material,stock,end,11847
2,37,Fame,stock,end,22443
2,38,DP,source,SurfaceMap.CollectYields,148
2,38,Material,source,SurfaceMap.CollectYields,8
2,38,Fame,source,SurfaceMap.CollectYields,32
2,38,DP,source,DistrictCatalog.Collect,28
2,38,DP,sink,MinionRoster.TryForge,-54600
2,38,Material,sink,MinionRoster.TryForge,-630
2,38,DP,sink,MinionRoster.TrySummon,-1509
2,38,DP,source,AdventurerAI.TakeDamage,35824
2,38,Material,source,AdventurerAI.TakeDamage,919
2,38,DP,source,AdventurerAI.ReapEmotion,548
2,38,DP,sink,CommandSystem.TryUse,-5950
2,38,DP,source,AdventurerAI.GrantReturnReward,13249
2,38,Fame,source,AdventurerAI.GrantReturnReward,260
2,38,Fame,source,LureEconomy.OnHeroEscaped,650
2,38,DP,source,Nemesis.OnSlain,3003
2,38,Material,source,Nemesis.OnSlain,15
2,38,DP,stock,end,46688
2,38,Material,stock,end,12159
2,38,Fame,stock,end,23385
2,39,DP,source,SurfaceMap.CollectYields,148
2,39,Material,source,SurfaceMap.CollectYields,8
2,39,Fame,source,SurfaceMap.CollectYields,32
2,39,DP,source,DistrictCatalog.Collect,28
2,39,DP,sink,MinionRoster.TryForge,-45240
2,39,Material,sink,MinionRoster.TryForge,-522
2,39,DP,sink,MinionRoster.TrySummon,-1586
2,39,DP,source,AdventurerAI.ReapEmotion,275
2,39,DP,source,AdventurerAI.TakeDamage,41610
2,39,Material,source,AdventurerAI.TakeDamage,2749
2,39,DP,sink,CommandSystem.TryUse,-3900
2,39,DP,source,AdventurerAI.GrantReturnReward,6294
2,39,Fame,source,AdventurerAI.GrantReturnReward,110
2,39,Fame,source,LureEconomy.OnHeroEscaped,275
2,39,DP,source,Nemesis.OnSlain,6222
2,39,Material,source,Nemesis.OnSlain,29
2,39,DP,stock,end,50539
2,39,Material,stock,end,14423
2,39,Fame,stock,end,23802
2,40,DP,source,SurfaceMap.CollectYields,185
2,40,Material,source,SurfaceMap.CollectYields,10
2,40,Fame,source,SurfaceMap.CollectYields,32
2,40,DP,source,DistrictCatalog.Collect,28
2,40,DP,sink,MinionRoster.TryForge,-48360
2,40,Material,sink,MinionRoster.TryForge,-558
2,40,DP,sink,MinionRoster.TrySummon,-2353
2,40,DP,source,AdventurerAI.ReapEmotion,835
2,40,DP,sink,CommandSystem.TryUse,-5550
2,40,DP,source,AdventurerAI.GrantReturnReward,16634
2,40,Fame,source,AdventurerAI.GrantReturnReward,180
2,40,Fame,source,LureEconomy.OnHeroEscaped,450
2,40,DP,source,AdventurerAI.TakeDamage,60602
2,40,Material,source,AdventurerAI.TakeDamage,770
2,40,DP,source,Nemesis.OnSlain,2167
2,40,Material,source,Nemesis.OnSlain,14
2,40,DP,stock,end,74727
2,40,Material,stock,end,14659
2,40,Fame,stock,end,24464
2,41,DP,source,SurfaceMap.CollectYields,214
2,41,Material,source,SurfaceMap.CollectYields,12
2,41,Fame,source,SurfaceMap.CollectYields,37
2,41,DP,source,DistrictCatalog.Collect,28
2,41,DP,source,EraSystem.TickTurn,1920
2,41,DP,sink,MinionRoster.TryForge,-72960
2,41,Material,sink,MinionRoster.TryForge,-928
2,41,DP,sink,MinionRoster.TrySummon,-3928
2,41,DP,source,AdventurerAI.TakeDamage,44404
2,41,Material,source,AdventurerAI.TakeDamage,787
2,41,DP,source,AdventurerAI.ReapEmotion,318
2,41,DP,sink,CommandSystem.TryUse,-6050
2,41,DP,source,AdventurerAI.GrantReturnReward,24641
2,41,Fame,source,AdventurerAI.GrantReturnReward,310
2,41,Fame,source,LureEconomy.OnHeroEscaped,775
2,41,DP,source,Nemesis.OnSlain,1880
2,41,Material,source,Nemesis.OnSlain,12
2,41,DP,stock,end,65194
2,41,Material,stock,end,14542
2,41,Fame,stock,end,25586
2,42,DP,source,SurfaceMap.CollectYields,214
2,42,Material,source,SurfaceMap.CollectYields,12
2,42,Fame,source,SurfaceMap.CollectYields,37
2,42,DP,source,DistrictCatalog.Collect,28
2,42,DP,sink,MinionRoster.TryForge,-62400
2,42,Material,sink,MinionRoster.TryForge,-832
2,42,DP,sink,MinionRoster.TrySummon,-3032
2,42,DP,source,AdventurerAI.TakeDamage,40021
2,42,Material,source,AdventurerAI.TakeDamage,972
2,42,DP,source,AdventurerAI.ReapEmotion,349
2,42,DP,sink,CommandSystem.TryUse,-5100
2,42,DP,source,Nemesis.OnSlain,1944
2,42,Material,source,Nemesis.OnSlain,12
2,42,DP,source,AdventurerAI.GrantReturnReward,14641
2,42,Fame,source,AdventurerAI.GrantReturnReward,260
2,42,Fame,source,LureEconomy.OnHeroEscaped,650
2,42,DP,stock,end,51859
2,42,Material,stock,end,14706
2,42,Fame,stock,end,26533
2,43,DP,source,SurfaceMap.CollectYields,214
2,43,Material,source,SurfaceMap.CollectYields,12
2,43,Fame,source,SurfaceMap.CollectYields,37
2,43,DP,source,DistrictCatalog.Collect,28
2,43,DP,sink,MinionRoster.TryForge,-48000
2,43,Material,sink,MinionRoster.TryForge,-640
2,43,DP,sink,MinionRoster.TrySummon,-4081
2,43,DP,source,AdventurerAI.TakeDamage,28985
2,43,Material,source,AdventurerAI.TakeDamage,1052
2,43,DP,source,AdventurerAI.ReapEmotion,170
2,43,DP,sink,CommandSystem.TryUse,-5950
2,43,DP,source,AdventurerAI.GrantReturnReward,23881
2,43,Fame,source,AdventurerAI.GrantReturnReward,370
2,43,Fame,source,LureEconomy.OnHeroEscaped,925
2,43,DP,stock,end,47106
2,43,Material,stock,end,15130
2,43,Fame,stock,end,27865
2,44,DP,source,SurfaceMap.CollectYields,214
2,44,Material,source,SurfaceMap.CollectYields,12
2,44,Fame,source,SurfaceMap.CollectYields,37
2,44,DP,source,DistrictCatalog.Collect,28
2,44,DP,sink,MinionRoster.TryForge,-43200
2,44,Material,sink,MinionRoster.TryForge,-576
2,44,DP,sink,MinionRoster.TrySummon,-4091
2,44,DP,source,AdventurerAI.ReapEmotion,345
2,44,DP,sink,CommandSystem.TryUse,-5600
2,44,DP,source,AdventurerAI.TakeDamage,17805
2,44,Material,source,AdventurerAI.TakeDamage,512
2,44,DP,source,AdventurerAI.GrantReturnReward,16014
2,44,Fame,source,AdventurerAI.GrantReturnReward,220
2,44,Fame,source,LureEconomy.OnHeroEscaped,550
2,44,DP,source,Nemesis.OnSlain,972
2,44,Material,source,Nemesis.OnSlain,6
2,44,DP,stock,end,29593
2,44,Material,stock,end,15084
2,44,Fame,stock,end,28672
2,45,DP,source,SurfaceMap.CollectYields,189
2,45,Material,source,SurfaceMap.CollectYields,10
2,45,Fame,source,SurfaceMap.CollectYields,33
2,45,DP,source,DistrictCatalog.Collect,28
2,45,DP,sink,MinionRoster.TryForge,-26400
2,45,Material,sink,MinionRoster.TryForge,-352
2,45,DP,sink,MinionRoster.TrySummon,-2837
2,45,DP,sink,CommandSystem.TryUse,-5850
2,45,DP,source,AdventurerAI.ReapEmotion,704
2,45,DP,source,AdventurerAI.GrantReturnReward,20872
2,45,Fame,source,AdventurerAI.GrantReturnReward,290
2,45,Fame,source,LureEconomy.OnHeroEscaped,725
2,45,DP,source,AdventurerAI.TakeDamage,63182
2,45,Material,source,AdventurerAI.TakeDamage,541
2,45,DP,source,Nemesis.OnSlain,1037
2,45,Material,source,Nemesis.OnSlain,6
2,45,DP,stock,end,80518
2,45,Material,stock,end,15289
2,45,Fame,stock,end,29720
2,46,DP,source,SurfaceMap.CollectYields,189
2,46,Material,source,SurfaceMap.CollectYields,10
2,46,Fame,source,SurfaceMap.CollectYields,33
2,46,DP,source,DistrictCatalog.Collect,28
2,46,DP,sink,MinionRoster.TryForge,-16800
2,46,Material,sink,MinionRoster.TryForge,-224
2,46,DP,sink,MinionEvolution.TryEvolve,-9050
2,46,DP,sink,MinionRoster.TryEvolveIndividual,-51000
2,46,DP,sink,MinionRoster.TrySummon,-3842
2,46,DP,source,AdventurerAI.ReapEmotion,133
2,46,DP,source,AdventurerAI.TakeDamage,34091
2,46,Material,source,AdventurerAI.TakeDamage,586
2,46,DP,source,AdventurerAI.GrantReturnReward,24223
2,46,Fame,source,AdventurerAI.GrantReturnReward,420
2,46,Fame,source,LureEconomy.OnHeroEscaped,1050
2,46,DP,sink,CommandSystem.TryUse,-6050
2,46,DP,source,Nemesis.OnSlain,1346
2,46,Material,source,Nemesis.OnSlain,8
2,46,DP,stock,end,53786
2,46,Material,stock,end,15669
2,46,Fame,stock,end,31223
2,47,DP,source,SurfaceMap.CollectYields,189
2,47,Material,source,SurfaceMap.CollectYields,10
2,47,Fame,source,SurfaceMap.CollectYields,33
2,47,DP,source,DistrictCatalog.Collect,28
2,47,DP,source,EraSystem.TickTurn,9720
2,47,DP,sink,MinionRoster.TryForge,-60000
2,47,Material,sink,MinionRoster.TryForge,-800
2,47,DP,sink,MinionRoster.TrySummon,-3720
2,47,DP,source,AdventurerAI.ReapEmotion,359
2,47,DP,sink,CommandSystem.TryUse,-5600
2,47,DP,source,AdventurerAI.TakeDamage,59453
2,47,Material,source,AdventurerAI.TakeDamage,917
2,47,DP,source,AdventurerAI.GrantReturnReward,14356
2,47,Fame,source,AdventurerAI.GrantReturnReward,280
2,47,Fame,source,LureEconomy.OnHeroEscaped,700
2,47,DP,source,Nemesis.OnSlain,1894
2,47,Material,source,Nemesis.OnSlain,10
2,47,DP,stock,end,70465
2,47,Material,stock,end,15806
2,47,Fame,stock,end,32236
2,48,DP,source,SurfaceMap.CollectYields,185
2,48,Material,source,SurfaceMap.CollectYields,10
2,48,Fame,source,SurfaceMap.CollectYields,32
2,48,DP,source,DistrictCatalog.Collect,28
2,48,DP,source,EraSystem.TickTurn,9720
2,48,DP,sink,MinionRoster.TryForge,-5280
2,48,Material,sink,MinionRoster.TryForge,-74
2,48,DP,sink,MinionEvolution.TryEvolve,-14200
2,48,DP,sink,MinionRoster.TryEvolveIndividual,-60300
2,48,DP,sink,MinionRoster.TrySummon,-585
2,48,DP,source,AdventurerAI.ReapEmotion,144
2,48,DP,source,AdventurerAI.TakeDamage,80094
2,48,Material,source,AdventurerAI.TakeDamage,2597
2,48,DP,sink,CommandSystem.TryUse,-5900
2,48,DP,source,AdventurerAI.GrantReturnReward,12019
2,48,Fame,source,AdventurerAI.GrantReturnReward,390
2,48,Fame,source,LureEconomy.OnHeroEscaped,975
2,48,DP,source,Nemesis.OnSlain,6707
2,48,Material,source,Nemesis.OnSlain,31
2,48,DP,stock,end,93097
2,48,Material,stock,end,18370
2,48,Fame,stock,end,33633
2,49,DP,source,SurfaceMap.CollectYields,185
2,49,Material,source,SurfaceMap.CollectYields,10
2,49,Fame,source,SurfaceMap.CollectYields,32
2,49,DP,source,DistrictCatalog.Collect,28
2,49,DP,source,EraSystem.TickTurn,9720
2,49,DP,sink,MinionRoster.TryForge,-5760
2,49,Material,sink,MinionRoster.TryForge,-84
2,49,DP,sink,DungeonFloorManager.TryAddFloor,-78125
2,49,DP,sink,DungeonFloorManager.TryExpandFloor,-5200
2,49,DP,sink,MinionEvolution.TryEvolve,-12750
2,49,DP,sink,DungeonFeatureManager.TryPlaceTrap,-900
2,49,DP,sink,MinionRoster.TrySummon,-279
2,49,DP,source,AdventurerAI.ReapEmotion,223
2,49,DP,source,AdventurerAI.TakeDamage,54632
2,49,Material,source,AdventurerAI.TakeDamage,872
2,49,DP,sink,CommandSystem.TryUse,-5600
2,49,DP,source,AdventurerAI.GrantReturnReward,11852
2,49,Fame,source,AdventurerAI.GrantReturnReward,240
2,49,Fame,source,LureEconomy.OnHeroEscaped,600
2,49,DP,source,Nemesis.OnSlain,4349
2,49,Material,source,Nemesis.OnSlain,19
2,49,DP,stock,end,65472
2,49,Material,stock,end,19187
2,49,Fame,stock,end,34505
2,50,DP,source,SurfaceMap.CollectYields,185
2,50,Material,source,SurfaceMap.CollectYields,10
2,50,Fame,source,SurfaceMap.CollectYields,32
2,50,DP,source,DistrictCatalog.Collect,28
2,50,DP,source,EraSystem.TickTurn,9720
2,50,DP,sink,MinionRoster.TryForge,-5760
2,50,Material,sink,MinionRoster.TryForge,-84
2,50,DP,sink,MinionEvolution.TryEvolve,-6300
2,50,DP,sink,MinionRoster.TryEvolveIndividual,-62600
2,50,DP,sink,DungeonFeatureManager.TryPlaceTrap,-450
2,50,DP,sink,MinionRoster.TrySummon,-287
2,50,DP,source,AdventurerAI.ReapEmotion,730
2,50,DP,sink,CommandSystem.TryUse,-6500
2,50,DP,source,AdventurerAI.GrantReturnReward,23725
2,50,Fame,source,AdventurerAI.GrantReturnReward,340
2,50,Fame,source,LureEconomy.OnHeroEscaped,850
2,50,DP,source,AdventurerAI.TakeDamage,62669
2,50,Material,source,AdventurerAI.TakeDamage,623
2,50,DP,stock,end,80632
2,50,Material,stock,end,19736
2,50,Fame,stock,end,35727
2,51,DP,source,SurfaceMap.CollectYields,214
2,51,Material,source,SurfaceMap.CollectYields,12
2,51,Fame,source,SurfaceMap.CollectYields,37
2,51,DP,source,DistrictCatalog.Collect,28
2,51,DP,source,EraSystem.TickTurn,16524
2,51,DP,sink,MinionRoster.TryForge,-57600
2,51,Material,sink,MinionRoster.TryForge,-840
2,51,DP,sink,MinionRoster.TryEvolveIndividual,-35350
2,51,DP,sink,DungeonFeatureManager.TryPlaceTrap,-3600
2,51,DP,sink,MinionRoster.TrySummon,-837
2,51,DP,source,AdventurerAI.ReapEmotion,138
2,51,DP,source,AdventurerAI.GrantReturnReward,13147
2,51,Fame,source,AdventurerAI.GrantReturnReward,630
2,51,Fame,source,LureEconomy.OnHeroEscaped,1575
2,51,DP,sink,CommandSystem.TryUse,-6500
2,51,DP,source,AdventurerAI.TakeDamage,47903
2,51,Material,source,AdventurerAI.TakeDamage,1402
2,51,DP,source,Nemesis.OnSlain,4057
2,51,Material,source,Nemesis.OnSlain,22
2,51,DP,stock,end,58756
2,51,Material,stock,end,20332
2,51,Fame,stock,end,37969
2,52,DP,source,SurfaceMap.CollectYields,214
2,52,Material,source,SurfaceMap.CollectYields,12
2,52,Fame,source,SurfaceMap.CollectYields,37
2,52,DP,source,DistrictCatalog.Collect,28
2,52,Material,source,DistrictCatalog.Collect,5
2,52,DP,source,EraSystem.TickTurn,9720
2,52,Material,source,EraSystem.TickTurn,124
2,52,DP,sink,MinionRoster.TryForge,-43200
2,52,Material,sink,MinionRoster.TryForge,-630
2,52,DP,sink,MinionRoster.TryEvolveIndividual,-23050
2,52,DP,sink,DungeonFeatureManager.TryPlaceTrap,-150
2,52,DP,sink,MinionRoster.TrySummon,-2281
2,52,DP,source,AdventurerAI.ReapEmotion,447
2,52,DP,source,AdventurerAI.TakeDamage,74919
2,52,Material,source,AdventurerAI.TakeDamage,1501
2,52,DP,sink,CommandSystem.TryUse,-6700
2,52,DP,source,AdventurerAI.GrantReturnReward,16812
2,52,Fame,source,AdventurerAI.GrantReturnReward,260
2,52,Fame,source,LureEconomy.OnHeroEscaped,650
2,52,DP,source,Nemesis.OnSlain,4344
2,52,Material,source,Nemesis.OnSlain,24
2,52,DP,stock,end,89859
2,52,Material,stock,end,21368
2,52,Fame,stock,end,38916
2,53,DP,source,SurfaceMap.CollectYields,214
2,53,Material,source,SurfaceMap.CollectYields,12
2,53,Fame,source,SurfaceMap.CollectYields,37
2,53,DP,source,DistrictCatalog.Collect,28
2,53,Material,source,DistrictCatalog.Collect,5
2,53,DP,source,EraSystem.TickTurn,9720
2,53,Material,source,EraSystem.TickTurn,62
2,53,Fame,source,EraSystem.TickTurn,135
2,53,DP,sink,MinionRoster.TryForge,-95040
2,53,Material,sink,MinionRoster.TryForge,-1386
2,53,DP,sink,MinionRoster.TrySummon,-4780
2,53,DP,source,AdventurerAI.ReapEmotion,614
2,53,DP,source,AdventurerAI.TakeDamage,74430
2,53,Material,source,AdventurerAI.TakeDamage,1474
2,53,DP,sink,CommandSystem.TryUse,-5450
2,53,DP,source,AdventurerAI.GrantReturnReward,24300
2,53,Fame,source,AdventurerAI.GrantReturnReward,280
2,53,Fame,source,LureEconomy.OnHeroEscaped,700
2,53,DP,source,Nemesis.OnSlain,2170
2,53,Material,source,Nemesis.OnSlain,12
2,53,DP,stock,end,96065
2,53,Material,stock,end,21547
2,53,Fame,stock,end,40068
2,54,DP,source,SurfaceMap.CollectYields,262
2,54,Material,source,SurfaceMap.CollectYields,12
2,54,Fame,source,SurfaceMap.CollectYields,45
2,54,DP,source,DistrictCatalog.Collect,28
2,54,Material,source,DistrictCatalog.Collect,5
2,54,DP,source,EraSystem.TickTurn,9720
2,54,DP,sink,MinionRoster.TryForge,-103680
2,54,Material,sink,MinionRoster.TryForge,-1512
2,54,DP,sink,MinionRoster.TrySummon,-2373
2,54,DP,source,AdventurerAI.ReapEmotion,602
2,54,DP,source,AdventurerAI.TakeDamage,94556
2,54,Material,source,AdventurerAI.TakeDamage,1838
2,54,DP,sink,CommandSystem.TryUse,-6050
2,54,DP,source,AdventurerAI.GrantReturnReward,16125
2,54,Fame,source,AdventurerAI.GrantReturnReward,210
2,54,Fame,source,LureEconomy.OnHeroEscaped,525
2,54,DP,source,Nemesis.OnSlain,2204
2,54,Material,source,Nemesis.OnSlain,12
2,54,DP,stock,end,107459
2,54,Material,stock,end,21902
2,54,Fame,stock,end,40848
2,55,DP,source,SurfaceMap.CollectYields,262
2,55,Material,source,SurfaceMap.CollectYields,12
2,55,Fame,source,SurfaceMap.CollectYields,45
2,55,DP,source,DistrictCatalog.Collect,28
2,55,Material,source,DistrictCatalog.Collect,5
2,55,DP,source,EraSystem.TickTurn,11664
2,55,DP,sink,MinionRoster.TryForge,-115920
2,55,Material,sink,MinionRoster.TryForge,-1733
2,55,DP,sink,MinionRoster.TrySummon,-3464
2,55,DP,source,AdventurerAI.ReapEmotion,888
2,55,DP,sink,CommandSystem.TryUse,-6050
2,55,DP,source,AdventurerAI.TakeDamage,124086
2,55,Material,source,AdventurerAI.TakeDamage,2181
2,55,DP,source,AdventurerAI.GrantReturnReward,11245
2,55,Fame,source,AdventurerAI.GrantReturnReward,180
2,55,Fame,source,LureEconomy.OnHeroEscaped,450
2,55,DP,source,Nemesis.OnSlain,2668
2,55,Material,source,Nemesis.OnSlain,14
2,55,DP,stock,end,132866
2,55,Material,stock,end,22381
2,55,Fame,stock,end,41523
2,56,DP,source,SurfaceMap.CollectYields,262
2,56,Material,source,SurfaceMap.CollectYields,12
2,56,Fame,source,SurfaceMap.CollectYields,45
2,56,DP,source,DistrictCatalog.Collect,28
2,56,Material,source,DistrictCatalog.Collect,5
2,56,DP,sink,MinionRoster.TryForge,-129600
2,56,Material,sink,MinionRoster.TryForge,-1980
2,56,DP,sink,MinionRoster.TrySummon,-3520
2,56,DP,source,AdventurerAI.ReapEmotion,561
2,56,DP,source,AdventurerAI.TakeDamage,56419
2,56,Material,source,AdventurerAI.TakeDamage,948
2,56,DP,sink,CommandSystem.TryUse,-7600
2,56,DP,source,AdventurerAI.GrantReturnReward,24284
2,56,Fame,source,AdventurerAI.GrantReturnReward,550
2,56,Fame,source,LureEconomy.OnHeroEscaped,1375
2,56,DP,source,Nemesis.OnSlain,2382
2,56,Material,source,Nemesis.OnSlain,12
2,56,DP,stock,end,76082
2,56,Material,stock,end,21378
2,56,Fame,stock,end,43493
2,57,DP,source,SurfaceMap.CollectYields,262
2,57,Material,source,SurfaceMap.CollectYields,12
2,57,Fame,source,SurfaceMap.CollectYields,45
2,57,DP,source,DistrictCatalog.Collect,28
2,57,Material,source,DistrictCatalog.Collect,5
2,57,DP,sink,MinionRoster.TryForge,-72000
2,57,Material,sink,MinionRoster.TryForge,-1100
2,57,DP,sink,MinionRoster.TrySummon,-4328
2,57,DP,source,AdventurerAI.ReapEmotion,450
2,57,DP,sink,CommandSystem.TryUse,-6050
2,57,DP,source,AdventurerAI.TakeDamage,100682
2,57,Material,source,AdventurerAI.TakeDamage,1485
2,57,DP,source,AdventurerAI.GrantReturnReward,15681
2,57,Fame,source,AdventurerAI.GrantReturnReward,260
2,57,Fame,source,LureEconomy.OnHeroEscaped,650
2,57,DP,source,Nemesis.OnSlain,3450
2,57,Material,source,Nemesis.OnSlain,18
2,57,DP,stock,end,114257
2,57,Material,stock,end,21798
2,57,Fame,stock,end,44448
2,58,DP,source,SurfaceMap.CollectYields,185
2,58,Material,source,SurfaceMap.CollectYields,10
2,58,Fame,source,SurfaceMap.CollectYields,32
2,58,DP,source,DistrictCatalog.Collect,28
2,58,Material,source,DistrictCatalog.Collect,5
2,58,DP,sink,MinionRoster.TryForge,-111600
2,58,Material,sink,MinionRoster.TryForge,-1705
2,58,DP,sink,MinionRoster.TrySummon,-2822
2,58,DP,source,AdventurerAI.ReapEmotion,273
2,58,DP,sink,CommandSystem.TryUse,-6700
2,58,DP,source,AdventurerAI.TakeDamage,97050
2,58,Material,source,AdventurerAI.TakeDamage,1232
2,58,DP,source,AdventurerAI.GrantReturnReward,18594
2,58,Fame,source,AdventurerAI.GrantReturnReward,270
2,58,Fame,source,LureEconomy.OnHeroEscaped,675
2,58,DP,source,Nemesis.OnSlain,4836
2,58,Material,source,Nemesis.OnSlain,22
2,58,DP,stock,end,114101
2,58,Material,stock,end,21362
2,58,Fame,stock,end,45425
2,59,DP,source,SurfaceMap.CollectYields,185
2,59,Material,source,SurfaceMap.CollectYields,10
2,59,Fame,source,SurfaceMap.CollectYields,32
2,59,DP,source,DistrictCatalog.Collect,28
2,59,Material,source,DistrictCatalog.Collect,5
2,59,DP,sink,MinionRoster.TryForge,-108000
2,59,Material,sink,MinionRoster.TryForge,-1670
2,59,DP,sink,MinionRoster.TrySummon,-6307
2,59,DP,source,AdventurerAI.ReapEmotion,206
2,59,DP,source,AdventurerAI.TakeDamage,153492
2,59,Material,source,AdventurerAI.TakeDamage,1842
2,59,DP,sink,CommandSystem.TryUse,-6400
2,59,DP,source,AdventurerAI.GrantReturnReward,21627
2,59,Fame,source,AdventurerAI.GrantReturnReward,410
2,59,Fame,source,LureEconomy.OnHeroEscaped,1025
2,59,DP,source,Nemesis.OnSlain,3515
2,59,Material,source,Nemesis.OnSlain,18
2,59,DP,stock,end,172447
2,59,Material,stock,end,21567
2,59,Fame,stock,end,46892
2,60,DP,source,SurfaceMap.CollectYields,160
2,60,Material,source,SurfaceMap.CollectYields,9
2,60,Fame,source,SurfaceMap.CollectYields,28
2,60,DP,source,DistrictCatalog.Collect,28
2,60,Material,source,DistrictCatalog.Collect,5
2,60,DP,sink,MinionRoster.TryForge,-168480
2,60,Material,sink,MinionRoster.TryForge,-2730
2,60,DP,sink,MinionRoster.TrySummon,-4130
2,60,DP,source,AdventurerAI.ReapEmotion,1048
2,60,DP,sink,CommandSystem.TryUse,-6050
2,60,DP,source,AdventurerAI.TakeDamage,117441
2,60,Material,source,AdventurerAI.TakeDamage,1071
2,60,DP,source,AdventurerAI.GrantReturnReward,22145
2,60,Fame,source,AdventurerAI.GrantReturnReward,320
2,60,Fame,source,LureEconomy.OnHeroEscaped,800
2,60,DP,source,Nemesis.OnSlain,1183
2,60,Material,source,Nemesis.OnSlain,6
2,60,DP,stock,end,135792
2,60,Material,stock,end,19928
2,60,Fame,stock,end,48040
2,61,DP,source,SurfaceMap.CollectYields,191
2,61,Material,source,SurfaceMap.CollectYields,10
2,61,Fame,source,SurfaceMap.CollectYields,33
2,61,DP,source,DistrictCatalog.Collect,28
2,61,Material,source,DistrictCatalog.Collect,5
2,61,DP,sink,MinionRoster.TryForge,-129600
2,61,Material,sink,MinionRoster.TryForge,-2100
2,61,DP,sink,MinionRoster.TrySummon,-6370
2,61,DP,source,AdventurerAI.ReapEmotion,384
2,61,DP,source,AdventurerAI.TakeDamage,119480
2,61,Material,source,AdventurerAI.TakeDamage,2272
2,61,DP,sink,CommandSystem.TryUse,-6050
2,61,DP,source,AdventurerAI.GrantReturnReward,13293
2,61,Fame,source,AdventurerAI.GrantReturnReward,300
2,61,Fame,source,LureEconomy.OnHeroEscaped,750
2,61,DP,source,Nemesis.OnSlain,2398
2,61,Material,source,Nemesis.OnSlain,12
2,61,DP,stock,end,129546
2,61,Material,stock,end,20127
2,61,Fame,stock,end,49123
2,62,DP,source,SurfaceMap.CollectYields,191
2,62,Material,source,SurfaceMap.CollectYields,10
2,62,Fame,source,SurfaceMap.CollectYields,33
2,62,DP,source,DistrictCatalog.Collect,28
2,62,Material,source,DistrictCatalog.Collect,5
2,62,DP,sink,MinionRoster.TryForge,-125280
2,62,Material,sink,MinionRoster.TryForge,-2030
2,62,DP,sink,MinionRoster.TrySummon,-4443
2,62,DP,source,AdventurerAI.ReapEmotion,415
2,62,DP,sink,CommandSystem.TryUse,-6050
2,62,DP,source,AdventurerAI.TakeDamage,120919
2,62,Material,source,AdventurerAI.TakeDamage,1916
2,62,DP,source,AdventurerAI.GrantReturnReward,14283
2,62,Fame,source,AdventurerAI.GrantReturnReward,240
2,62,Fame,source,LureEconomy.OnHeroEscaped,600
2,62,DP,source,Nemesis.OnSlain,4479
2,62,Material,source,Nemesis.OnSlain,22
2,62,DP,stock,end,134088
2,62,Material,stock,end,20050
2,62,Fame,stock,end,49996
2,63,DP,source,SurfaceMap.CollectYields,216
2,63,Material,source,SurfaceMap.CollectYields,12
2,63,Fame,source,SurfaceMap.CollectYields,37
2,63,DP,source,DistrictCatalog.Collect,28
2,63,Material,source,DistrictCatalog.Collect,5
2,63,DP,sink,MinionRoster.TryForge,-128400
2,63,Material,sink,MinionRoster.TryForge,-2110
2,63,DP,sink,MinionRoster.TrySummon,-5912
2,63,DP,source,AdventurerAI.ReapEmotion,445
2,63,DP,sink,CommandSystem.TryUse,-6050
2,63,DP,source,AdventurerAI.TakeDamage,157379
2,63,Material,source,AdventurerAI.TakeDamage,2080
2,63,DP,source,AdventurerAI.GrantReturnReward,20908
2,63,Fame,source,AdventurerAI.GrantReturnReward,480
2,63,Fame,source,LureEconomy.OnHeroEscaped,1200
2,63,DP,source,Nemesis.OnSlain,3709
2,63,Material,source,Nemesis.OnSlain,18
2,63,DP,stock,end,176411
2,63,Material,stock,end,20055
2,63,Fame,stock,end,51713
2,64,DP,source,SurfaceMap.CollectYields,216
2,64,Material,source,SurfaceMap.CollectYields,12
2,64,Fame,source,SurfaceMap.CollectYields,37
2,64,DP,source,DistrictCatalog.Collect,28
2,64,Material,source,DistrictCatalog.Collect,5
2,64,DP,sink,MinionRoster.TryForge,-168300
2,64,Material,sink,MinionRoster.TryForge,-2970
2,64,DP,sink,MinionRoster.TrySummon,-8353
2,64,DP,source,AdventurerAI.ReapEmotion,421
2,64,DP,sink,CommandSystem.TryUse,-6050
2,64,DP,source,AdventurerAI.TakeDamage,94557
2,64,Material,source,AdventurerAI.TakeDamage,1028
2,64,DP,source,AdventurerAI.GrantReturnReward,23347
2,64,Fame,source,AdventurerAI.GrantReturnReward,360
2,64,Fame,source,LureEconomy.OnHeroEscaped,900
2,64,DP,source,Nemesis.OnSlain,3936
2,64,Material,source,Nemesis.OnSlain,18
2,64,DP,stock,end,116213
2,64,Material,stock,end,18148
2,64,Fame,stock,end,53010
2,65,DP,source,SurfaceMap.CollectYields,216
2,65,Material,source,SurfaceMap.CollectYields,12
2,65,Fame,source,SurfaceMap.CollectYields,37
2,65,DP,source,DistrictCatalog.Collect,28
2,65,Material,source,DistrictCatalog.Collect,5
2,65,DP,sink,MinionRoster.TryForge,-112200
2,65,Material,sink,MinionRoster.TryForge,-1980
2,65,DP,sink,MinionRoster.TrySummon,-4241
2,65,DP,source,AdventurerAI.ReapEmotion,1048
2,65,DP,sink,CommandSystem.TryUse,-6050
2,65,DP,source,AdventurerAI.TakeDamage,131172
2,65,Material,source,AdventurerAI.TakeDamage,1368
2,65,DP,source,AdventurerAI.GrantReturnReward,25034
2,65,Fame,source,AdventurerAI.GrantReturnReward,310
2,65,Fame,source,LureEconomy.OnHeroEscaped,775
2,65,DP,stock,end,151220
2,65,Material,stock,end,17553
2,65,Fame,stock,end,54132
2,66,DP,source,SurfaceMap.CollectYields,218
2,66,Material,source,SurfaceMap.CollectYields,12
2,66,Fame,source,SurfaceMap.CollectYields,38
2,66,DP,source,DistrictCatalog.Collect,28
2,66,Material,source,DistrictCatalog.Collect,5
2,66,DP,sink,MinionRoster.TryForge,-142800
2,66,Material,sink,MinionRoster.TryForge,-2520
2,66,DP,sink,MinionRoster.TrySummon,-8637
2,66,DP,source,AdventurerAI.ReapEmotion,379
2,66,DP,sink,CommandSystem.TryUse,-6050
2,66,DP,source,AdventurerAI.TakeDamage,114638
2,66,Material,source,AdventurerAI.TakeDamage,2276
2,66,DP,source,AdventurerAI.GrantReturnReward,17908
2,66,Fame,source,AdventurerAI.GrantReturnReward,310
2,66,Fame,source,LureEconomy.OnHeroEscaped,775
2,66,DP,source,Nemesis.OnSlain,3792
2,66,Material,source,Nemesis.OnSlain,18
2,66,DP,stock,end,130696
2,66,Material,stock,end,17344
2,66,Fame,stock,end,55255
2,67,DP,source,SurfaceMap.CollectYields,218
2,67,Material,source,SurfaceMap.CollectYields,12
2,67,Fame,source,SurfaceMap.CollectYields,38
2,67,DP,source,DistrictCatalog.Collect,28
2,67,Material,source,DistrictCatalog.Collect,5
2,67,DP,sink,MinionRoster.TryForge,-122400
2,67,Material,sink,MinionRoster.TryForge,-2160
2,67,DP,sink,MinionRoster.TrySummon,-8502
2,67,DP,source,AdventurerAI.ReapEmotion,432
2,67,DP,source,AdventurerAI.TakeDamage,104749
2,67,Material,source,AdventurerAI.TakeDamage,1373
2,67,DP,sink,CommandSystem.TryUse,-6050
2,67,DP,source,AdventurerAI.GrantReturnReward,20631
2,67,Fame,source,AdventurerAI.GrantReturnReward,340
2,67,Fame,source,LureEconomy.OnHeroEscaped,850
2,67,DP,source,Nemesis.OnSlain,3447
2,67,Material,source,Nemesis.OnSlain,16
2,67,DP,stock,end,123249
2,67,Material,stock,end,16590
2,67,Fame,stock,end,56483
