run,turn,resource,kind,key,amount
1,1,DP,sink,DungeonFeatureManager.TryPlaceTrap,-150
1,1,DP,source,AdventurerAI.ReapEmotion,150
1,1,DP,source,AdventurerAI.GrantReturnReward,596
1,1,Fame,source,AdventurerAI.GrantReturnReward,30
1,1,Fame,source,LureEconomy.OnHeroEscaped,75
1,1,DP,sink,CommandSystem.TryUse,-650
1,1,DP,source,AdventurerAI.TakeDamage,112
1,1,Material,source,AdventurerAI.TakeDamage,4
1,1,DP,stock,end,258
1,1,Material,stock,end,4
1,1,Fame,stock,end,105
1,2,DP,source,SurfaceMap.CollectYields,18
1,2,Material,source,SurfaceMap.CollectYields,1
1,2,Fame,source,SurfaceMap.CollectYields,4
1,2,DP,source,EraSystem.TickTurn,600
1,2,Fame,source,EraSystem.TickTurn,25
1,2,DP,sink,DungeonFeatureManager.TryPlaceTrap,-750
1,2,DP,source,AdventurerAI.ReapEmotion,274
1,2,DP,source,AdventurerAI.TakeDamage,300
1,2,Material,source,AdventurerAI.TakeDamage,14
1,2,DP,sink,CommandSystem.TryUse,-650
1,2,DP,source,AdventurerAI.GrantReturnReward,155
1,2,Fame,source,AdventurerAI.GrantReturnReward,10
1,2,Fame,source,LureEconomy.OnHeroEscaped,25
1,2,DP,stock,end,205
1,2,Material,stock,end,19
1,2,Fame,stock,end,169
1,3,DP,source,SurfaceMap.CollectYields,18
1,3,Material,source,SurfaceMap.CollectYields,1
1,3,Fame,source,SurfaceMap.CollectYields,4
1,3,DP,source,EraSystem.TickTurn,600
1,3,Fame,source,EraSystem.TickTurn,25
1,3,DP,sink,DungeonFeatureManager.TryPlaceTrap,-150
1,3,DP,sink,DungeonFeatureManager.TryPlaceFeature,-250
1,3,DP,sink,DungeonFeatureManager.TryPlaceHabitat,-120
1,3,DP,sink,MinionRoster.TrySummon,-294
1,3,DP,source,AdventurerAI.ReapEmotion,100
1,3,DP,source,AdventurerAI.TakeDamage,318
1,3,Material,source,AdventurerAI.TakeDamage,8
1,3,Fame,source,AdventurerAI.GrantReturnReward,10
1,3,Fame,source,LureEconomy.OnHeroEscaped,25
1,3,DP,sink,CommandSystem.TryUse,-300
1,3,DP,stock,end,127
1,3,Material,stock,end,28
1,3,Fame,stock,end,233
1,4,DP,source,SurfaceMap.CollectYields,18
1,4,Material,source,SurfaceMap.CollectYields,1
1,4,Fame,source,SurfaceMap.CollectYields,4
1,4,DP,source,EraSystem.TickTurn,600
1,4,DP,sink,MinionRoster.TrySummon,-733
1,4,DP,source,AdventurerAI.TakeDamage,503
1,4,Material,source,AdventurerAI.TakeDamage,27
1,4,DP,source,AdventurerAI.ReapEmotion,105
1,4,DP,sink,CommandSystem.TryUse,-300
1,4,DP,source,Nemesis.OnSlain,470
1,4,Material,source,Nemesis.OnSlain,5
1,4,DP,stock,end,790
1,4,Material,stock,end,61
1,4,Fame,stock,end,237
1,5,DP,source,SurfaceMap.CollectYields,18
1,5,Material,source,SurfaceMap.CollectYields,1
1,5,Fame,source,SurfaceMap.CollectYields,4
1,5,DP,source,EraSystem.TickTurn,600
1,5,Material,source,EraSystem.TickTurn,10
1,5,DP,sink,MinionRoster.TrySummon,-824
1,5,DP,sink,DungeonFeatureManager.TryPlaceFeature,-250
1,5,DP,sink,DungeonFeatureManager.TryPlaceHabitat,-320
1,5,DP,source,AdventurerAI.TakeDamage,521
1,5,Material,source,AdventurerAI.TakeDamage,23
1,5,DP,source,AdventurerAI.ReapEmotion,175
1,5,DP,sink,CommandSystem.TryUse,-300
1,5,Fame,source,AdventurerAI.GrantReturnReward,10
1,5,Fame,source,LureEconomy.OnHeroEscaped,25
1,5,DP,source,Nemesis.OnSlain,502
1,5,Material,source,Nemesis.OnSlain,5
1,5,DP,stock,end,912
1,5,Material,stock,end,100
1,5,Fame,stock,end,276
1,6,DP,source,SurfaceMap.CollectYields,39
1,6,Material,source,SurfaceMap.CollectYields,2
1,6,Fame,source,SurfaceMap.CollectYields,9
1,6,DP,source,EraSystem.TickTurn,1020
1,6,DP,sink,MinionRoster.TrySummon,-1530
1,6,DP,sink,DungeonFeatureManager.TryPlaceFeature,-250
1,6,DP,sink,DungeonFeatureManager.TryPlaceHabitat,-180
1,6,DP,source,AdventurerAI.ReapEmotion,120
1,6,DP,source,AdventurerAI.TakeDamage,1068
1,6,Material,source,AdventurerAI.TakeDamage,30
1,6,DP,sink,CommandSystem.TryUse,-1450
1,6,DP,source,Nemesis.OnSlain,502
1,6,Material,source,Nemesis.OnSlain,5
1,6,DP,stock,end,251
1,6,Material,stock,end,137
1,6,Fame,stock,end,285
1,7,DP,source,SurfaceMap.CollectYields,39
1,7,Material,source,SurfaceMap.CollectYields,2
1,7,Fame,source,SurfaceMap.CollectYields,9
1,7,DP,source,EraSystem.TickTurn,600
1,7,DP,sink,MinionRoster.TrySummon,-873
1,7,DP,source,AdventurerAI.ReapEmotion,57
1,7,DP,source,AdventurerAI.TakeDamage,683
1,7,Material,source,AdventurerAI.TakeDamage,20
1,7,DP,sink,CommandSystem.TryUse,-600
1,7,DP,source,Nemesis.OnSlain,518
1,7,Material,source,Nemesis.OnSlain,5
1,7,DP,stock,end,675
1,7,Material,stock,end,164
1,7,Fame,stock,end,294
1,8,DP,source,SurfaceMap.CollectYields,39
1,8,Material,source,SurfaceMap.CollectYields,2
1,8,Fame,source,SurfaceMap.CollectYields,9
1,8,DP,sink,MinionRoster.TrySummon,-709
1,8,Fame,source,AdventurerAI.GrantReturnReward,70
1,8,Fame,source,LureEconomy.OnHeroEscaped,175
1,8,DP,source,AdventurerAI.ReapEmotion,223
1,8,DP,source,AdventurerAI.TakeDamage,138
1,8,Material,source,AdventurerAI.TakeDamage,4
1,8,DP,sink,CommandSystem.TryUse,-300
1,8,DP,source,AdventurerAI.GrantReturnReward,59
1,8,DP,stock,end,125
1,8,Material,stock,end,170
1,8,Fame,stock,end,548
1,9,DP,source,SurfaceMap.CollectYields,69
1,9,Material,source,SurfaceMap.CollectYields,3
1,9,Fame,source,SurfaceMap.CollectYields,17
1,9,DP,source,EraSystem.TickTurn,600
1,9,Fame,source,EraSystem.TickTurn,25
1,9,DP,sink,MinionRoster.TrySummon,-770
1,9,DP,source,AdventurerAI.ReapEmotion,57
1,9,DP,source,AdventurerAI.TakeDamage,965
1,9,Material,source,AdventurerAI.TakeDamage,31
1,9,DP,sink,CommandSystem.TryUse,-950
1,9,DP,stock,end,96
1,9,Material,stock,end,204
1,9,Fame,stock,end,590
1,10,DP,source,SurfaceMap.CollectYields,79
1,10,Material,source,SurfaceMap.CollectYields,3
1,10,Fame,source,SurfaceMap.CollectYields,17
1,10,DP,source,EraSystem.TickTurn,720
1,10,DP,sink,MinionRoster.TrySummon,-895
1,10,DP,source,AdventurerAI.ReapEmotion,278
1,10,DP,source,AdventurerAI.TakeDamage,1551
1,10,Material,source,AdventurerAI.TakeDamage,48
1,10,DP,sink,CommandSystem.TryUse,-1800
1,10,DP,source,Nemesis.OnSlain,1198
1,10,Material,source,Nemesis.OnSlain,10
1,10,DP,stock,end,1227
1,10,Material,stock,end,265
1,10,Fame,stock,end,607
1,11,DP,source,SurfaceMap.CollectYields,79
1,11,Material,source,SurfaceMap.CollectYields,3
1,11,Fame,source,SurfaceMap.CollectYields,17
1,11,DP,source,WaveRoster.ResolveTrial,900
1,11,DP,sink,MinionRoster.TrySummon,-2188
1,11,DP,source,AdventurerAI.ReapEmotion,65
1,11,DP,source,AdventurerAI.TakeDamage,1072
1,11,Material,source,AdventurerAI.TakeDamage,38
1,11,DP,sink,CommandSystem.TryUse,-950
1,11,DP,source,Nemesis.OnSlain,1232
1,11,Material,source,Nemesis.OnSlain,10
1,11,DP,stock,end,1437
1,11,Material,stock,end,316
1,11,Fame,stock,end,624
1,12,DP,source,SurfaceMap.CollectYields,79
1,12,Material,source,SurfaceMap.CollectYields,3
1,12,Fame,source,SurfaceMap.CollectYields,17
1,12,DP,source,DistrictCatalog.Collect,98
1,12,DP,sink,MinionRoster.TrySummon,-1601
1,12,DP,source,AdventurerAI.ReapEmotion,363
1,12,DP,source,AdventurerAI.TakeDamage,1045
1,12,Material,source,AdventurerAI.TakeDamage,34
1,12,DP,sink,CommandSystem.TryUse,-1800
1,12,DP,source,Nemesis.OnSlain,1264
1,12,Material,source,Nemesis.OnSlain,10
1,12,DP,stock,end,885
1,12,Material,stock,end,363
1,12,Fame,stock,end,641
1,13,DP,source,SurfaceMap.CollectYields,82
1,13,Material,source,SurfaceMap.CollectYields,4
1,13,Fame,source,SurfaceMap.CollectYields,18
1,13,DP,source,DistrictCatalog.Collect,98
1,13,DP,sink,MinionRoster.TrySummon,-1043
1,13,DP,source,AdventurerAI.ReapEmotion,591
1,13,DP,source,AdventurerAI.TakeDamage,903
1,13,Material,source,AdventurerAI.TakeDamage,33
1,13,DP,sink,CommandSystem.TryUse,-1800
1,13,DP,source,AdventurerAI.GrantReturnReward,59
1,13,Fame,source,AdventurerAI.GrantReturnReward,10
1,13,Fame,source,LureEconomy.OnHeroEscaped,25
1,13,DP,source,Nemesis.OnSlain,1296
1,13,Material,source,Nemesis.OnSlain,10
1,13,DP,stock,end,1071
1,13,Material,stock,end,410
1,13,Fame,stock,end,694
1,14,DP,source,SurfaceMap.CollectYields,82
1,14,Material,source,SurfaceMap.CollectYields,4
1,14,Fame,source,SurfaceMap.CollectYields,18
1,14,DP,source,DistrictCatalog.Collect,98
1,14,DP,sink,MinionRoster.TrySummon,-1251
1,14,DP,source,AdventurerAI.ReapEmotion,347
1,14,DP,source,AdventurerAI.TakeDamage,1759
1,14,Material,source,AdventurerAI.TakeDamage,59
1,14,DP,sink,CommandSystem.TryUse,-1800
1,14,DP,source,AdventurerAI.GrantReturnReward,65
1,14,Fame,source,AdventurerAI.GrantReturnReward,10
1,14,Fame,source,LureEconomy.OnHeroEscaped,25
1,14,DP,stock,end,371
1,14,Material,stock,end,473
1,14,Fame,stock,end,747
1,15,DP,source,SurfaceMap.CollectYields,103
1,15,Material,source,SurfaceMap.CollectYields,5
1,15,Fame,source,SurfaceMap.CollectYields,23
1,15,DP,source,DistrictCatalog.Collect,98
1,15,DP,sink,MinionRoster.TrySummon,-548
1,15,DP,source,AdventurerAI.ReapEmotion,140
1,15,DP,source,AdventurerAI.TakeDamage,2796
1,15,Material,source,AdventurerAI.TakeDamage,80
1,15,DP,sink,CommandSystem.TryUse,-1450
1,15,DP,stock,end,1510
1,15,Material,stock,end,558
1,15,Fame,stock,end,770
1,16,DP,source,SurfaceMap.CollectYields,103
1,16,Material,source,SurfaceMap.CollectYields,5
1,16,Fame,source,SurfaceMap.CollectYields,23
1,16,DP,source,DistrictCatalog.Collect,98
1,16,DP,source,EraSystem.TickTurn,600
1,16,DP,source,WaveRoster.ResolveTrial,1500
1,16,DP,sink,MinionRoster.TrySummon,-3802
1,16,DP,source,AdventurerAI.ReapEmotion,390
1,16,DP,source,AdventurerAI.TakeDamage,1248
1,16,Material,source,AdventurerAI.TakeDamage,33
1,16,DP,sink,CommandSystem.TryUse,-1800
1,16,DP,source,AdventurerAI.GrantReturnReward,147
1,16,Fame,source,AdventurerAI.GrantReturnReward,10
1,16,Fame,source,LureEconomy.OnHeroEscaped,25
1,16,DP,source,Nemesis.OnSlain,697
1,16,Material,source,Nemesis.OnSlain,5
1,16,DP,stock,end,691
1,16,Material,stock,end,601
1,16,Fame,stock,end,828
1,17,DP,source,SurfaceMap.CollectYields,83
1,17,Material,source,SurfaceMap.CollectYields,4
1,17,Fame,source,SurfaceMap.CollectYields,19
1,17,DP,source,DistrictCatalog.Collect,112
1,17,DP,source,EraSystem.TickTurn,720
1,17,DP,sink,MinionRoster.TrySummon,-1603
1,17,DP,source,AdventurerAI.ReapEmotion,250
1,17,DP,source,AdventurerAI.TakeDamage,1469
1,17,Material,source,AdventurerAI.TakeDamage,49
1,17,DP,sink,CommandSystem.TryUse,-950
1,17,DP,source,Nemesis.OnSlain,729
1,17,Material,source,Nemesis.OnSlain,5
1,17,DP,stock,end,1501
1,17,Material,stock,end,659
1,17,Fame,stock,end,847
1,18,DP,source,SurfaceMap.CollectYields,103
1,18,Material,source,SurfaceMap.CollectYields,5
1,18,Fame,source,SurfaceMap.CollectYields,23
1,18,DP,source,DistrictCatalog.Collect,112
1,18,DP,sink,MinionRoster.TrySummon,-1682
1,18,DP,source,AdventurerAI.ReapEmotion,162
1,18,DP,source,AdventurerAI.TakeDamage,182
1,18,Material,source,AdventurerAI.TakeDamage,6
1,18,Fame,source,AdventurerAI.GrantReturnReward,190
1,18,Fame,source,LureEconomy.OnHeroEscaped,475
1,18,DP,sink,CommandSystem.TryUse,-1150
1,18,DP,source,AdventurerAI.GrantReturnReward,783
1,18,DP,stock,end,11
1,18,Material,stock,end,670
1,18,Fame,stock,end,1535
1,19,DP,source,SurfaceMap.CollectYields,123
1,19,Material,source,SurfaceMap.CollectYields,6
1,19,Fame,source,SurfaceMap.CollectYields,27
1,19,DP,source,DistrictCatalog.Collect,126
1,19,DP,sink,MinionRoster.TrySummon,-257
1,19,DP,source,IncidentSystem.Apply,600
1,19,DP,sink,CommandSystem.TryUse,-2300
1,19,DP,source,AdventurerAI.ReapEmotion,167
1,19,DP,source,AdventurerAI.TakeDamage,2534
1,19,Material,source,AdventurerAI.TakeDamage,48
1,19,DP,source,AdventurerAI.GrantReturnReward,87
1,19,Fame,source,AdventurerAI.GrantReturnReward,20
1,19,Fame,source,LureEconomy.OnHeroEscaped,50
1,19,DP,stock,end,1091
1,19,Material,stock,end,724
1,19,Fame,stock,end,1632
1,20,DP,source,SurfaceMap.CollectYields,162
1,20,Material,source,SurfaceMap.CollectYields,6
1,20,Fame,source,SurfaceMap.CollectYields,33
1,20,DP,source,DistrictCatalog.Collect,140
1,20,DP,sink,MinionRoster.TrySummon,-1372
1,20,DP,source,AdventurerAI.ReapEmotion,330
1,20,DP,sink,CommandSystem.TryUse,-1800
1,20,DP,source,AdventurerAI.TakeDamage,3786
1,20,Material,source,AdventurerAI.TakeDamage,76
1,20,DP,source,AdventurerAI.GrantReturnReward,69
1,20,Fame,source,AdventurerAI.GrantReturnReward,10
1,20,Fame,source,LureEconomy.OnHeroEscaped,25
1,20,DP,source,Nemesis.OnSlain,2382
1,20,Material,source,Nemesis.OnSlain,15
1,20,DP,stock,end,4788
1,20,Material,stock,end,821
1,20,Fame,stock,end,1700
1,21,DP,source,SurfaceMap.CollectYields,190
1,21,Material,source,SurfaceMap.CollectYields,7
1,21,Fame,source,SurfaceMap.CollectYields,39
1,21,DP,source,DistrictCatalog.Collect,140
1,21,DP,source,WaveRoster.ResolveTrial,1200
1,21,DP,sink,MinionRoster.TrySummon,-6308
1,21,DP,source,AdventurerAI.ReapEmotion,482
1,21,DP,source,AdventurerAI.TakeDamage,3113
1,21,Material,source,AdventurerAI.TakeDamage,56
1,21,DP,sink,CommandSystem.TryUse,-1800
1,21,DP,source,AdventurerAI.GrantReturnReward,277
1,21,Fame,source,AdventurerAI.GrantReturnReward,20
1,21,Fame,source,LureEconomy.OnHeroEscaped,50
1,21,DP,source,Nemesis.OnSlain,2430
1,21,Material,source,Nemesis.OnSlain,15
1,21,DP,stock,end,4512
1,21,Material,stock,end,899
1,21,Fame,stock,end,1809
1,22,DP,source,SurfaceMap.CollectYields,190
1,22,Material,source,SurfaceMap.CollectYields,7
1,22,Fame,source,SurfaceMap.CollectYields,39
1,22,DP,source,DistrictCatalog.Collect,140
1,22,DP,sink,MinionRoster.TrySummon,-4841
1,22,DP,source,AdventurerAI.ReapEmotion,242
1,22,DP,source,AdventurerAI.TakeDamage,2627
1,22,Material,source,AdventurerAI.TakeDamage,54
1,22,DP,sink,CommandSystem.TryUse,-1800
1,22,DP,source,AdventurerAI.GrantReturnReward,297
1,22,Fame,source,AdventurerAI.GrantReturnReward,50
1,22,Fame,source,LureEconomy.OnHeroEscaped,125
1,22,DP,source,Nemesis.OnSlain,1652
1,22,Material,source,Nemesis.OnSlain,12
1,22,DP,stock,end,3019
1,22,Material,stock,end,972
1,22,Fame,stock,end,2023
1,23,DP,source,SurfaceMap.CollectYields,190
1,23,Material,source,SurfaceMap.CollectYields,8
1,23,Fame,source,SurfaceMap.CollectYields,39
1,23,DP,source,DistrictCatalog.Collect,126
1,23,DP,sink,MinionRoster.TrySummon,-3335
1,23,DP,source,AdventurerAI.ReapEmotion,186
1,23,DP,source,AdventurerAI.TakeDamage,2773
1,23,Material,source,AdventurerAI.TakeDamage,56
1,23,DP,sink,CommandSystem.TryUse,-1800
1,23,Fame,source,AdventurerAI.GrantReturnReward,70
1,23,Fame,source,LureEconomy.OnHeroEscaped,175
1,23,DP,source,Nemesis.OnSlain,2559
1,23,Material,source,Nemesis.OnSlain,18
1,23,DP,source,AdventurerAI.GrantReturnReward,88
1,23,DP,stock,end,3806
1,23,Material,stock,end,1054
1,23,Fame,stock,end,2307
1,24,DP,source,SurfaceMap.CollectYields,164
1,24,Material,source,SurfaceMap.CollectYields,9
1,24,Fame,source,SurfaceMap.CollectYields,36
1,24,DP,source,DistrictCatalog.Collect,126
1,24,DP,sink,MinionRoster.TrySummon,-4052
1,24,DP,source,AdventurerAI.ReapEmotion,442
1,24,DP,sink,CommandSystem.TryUse,-1800
1,24,DP,source,AdventurerAI.TakeDamage,4130
1,24,Material,source,AdventurerAI.TakeDamage,69
1,24,Fame,source,AdventurerAI.GrantReturnReward,40
1,24,Fame,source,LureEconomy.OnHeroEscaped,100
1,24,DP,source,AdventurerAI.GrantReturnReward,498
1,24,DP,source,Nemesis.OnSlain,875
1,24,Material,source,Nemesis.OnSlain,6
1,24,DP,stock,end,4189
1,24,Material,stock,end,1138
1,24,Fame,stock,end,2483
1,25,DP,source,SurfaceMap.CollectYields,164
1,25,Material,source,SurfaceMap.CollectYields,9
1,25,Fame,source,SurfaceMap.CollectYields,36
1,25,DP,source,DistrictCatalog.Collect,28
1,25,DP,source,EraSystem.TickTurn,3840
1,25,DP,sink,MinionRoster.TrySummon,-8209
1,25,DP,source,AdventurerAI.ReapEmotion,452
1,25,DP,sink,CommandSystem.TryUse,-2750
1,25,DP,source,AdventurerAI.TakeDamage,3872
1,25,Material,source,AdventurerAI.TakeDamage,48
1,25,DP,source,AdventurerAI.GrantReturnReward,837
1,25,Fame,source,AdventurerAI.GrantReturnReward,110
1,25,Fame,source,LureEconomy.OnHeroEscaped,275
1,25,DP,source,Nemesis.OnSlain,2673
1,25,Material,source,Nemesis.OnSlain,18
1,25,DP,stock,end,5096
1,25,Material,stock,end,1213
1,25,Fame,stock,end,2904
1,26,DP,source,SurfaceMap.CollectYields,167
1,26,Material,source,SurfaceMap.CollectYields,9
1,26,Fame,source,SurfaceMap.CollectYields,37
1,26,DP,source,DistrictCatalog.Collect,28
1,26,DP,source,EraSystem.TickTurn,6528
1,26,DP,source,WaveRoster.ResolveTrial,1500
1,26,DP,sink,MinionRoster.TrySummon,-13302
1,26,DP,source,AdventurerAI.ReapEmotion,122
1,26,DP,source,AdventurerAI.TakeDamage,6410
1,26,Material,source,AdventurerAI.TakeDamage,78
1,26,DP,sink,CommandSystem.TryUse,-1900
1,26,Fame,source,AdventurerAI.GrantReturnReward,60
1,26,Fame,source,LureEconomy.OnHeroEscaped,150
1,26,DP,source,AdventurerAI.GrantReturnReward,230
1,26,DP,source,Nemesis.OnSlain,3115
1,26,Material,source,Nemesis.OnSlain,20
1,26,DP,stock,end,7994
1,26,Material,stock,end,1320
1,26,Fame,stock,end,3151
1,27,DP,source,SurfaceMap.CollectYields,147
1,27,Material,source,SurfaceMap.CollectYields,8
1,27,Fame,source,SurfaceMap.CollectYields,33
1,27,DP,source,DistrictCatalog.Collect,28
1,27,DP,source,EraSystem.TickTurn,6528
1,27,DP,sink,MinionRoster.TrySummon,-14669
1,27,DP,source,AdventurerAI.ReapEmotion,178
1,27,DP,source,AdventurerAI.TakeDamage,5292
1,27,Material,source,AdventurerAI.TakeDamage,57
1,27,DP,sink,CommandSystem.TryUse,-2750
1,27,Fame,source,AdventurerAI.GrantReturnReward,150
1,27,Fame,source,LureEconomy.OnHeroEscaped,375
1,27,DP,source,AdventurerAI.GrantReturnReward,3180
1,27,DP,source,Nemesis.OnSlain,2769
1,27,Material,source,Nemesis.OnSlain,18
1,27,DP,stock,end,8697
1,27,Material,stock,end,1403
1,27,Fame,stock,end,3709
1,28,DP,source,SurfaceMap.CollectYields,147
1,28,Material,source,SurfaceMap.CollectYields,8
1,28,Fame,source,SurfaceMap.CollectYields,33
1,28,DP,source,DistrictCatalog.Collect,28
1,28,DP,source,EraSystem.TickTurn,3840
1,28,Material,source,EraSystem.TickTurn,37
1,28,Fame,source,EraSystem.TickTurn,80
1,28,DP,sink,MinionRoster.TrySummon,-12693
1,28,DP,source,AdventurerAI.ReapEmotion,168
1,28,DP,source,AdventurerAI.TakeDamage,2963
1,28,Material,source,AdventurerAI.TakeDamage,24
1,28,DP,sink,CommandSystem.TryUse,-2700
1,28,Fame,source,AdventurerAI.GrantReturnReward,290
1,28,Fame,source,LureEconomy.OnHeroEscaped,725
1,28,DP,source,AdventurerAI.GrantReturnReward,2583
1,28,DP,source,Nemesis.OnSlain,1912
1,28,Material,source,Nemesis.OnSlain,12
1,28,DP,stock,end,4945
1,28,Material,stock,end,1484
1,28,Fame,stock,end,4837
1,29,DP,source,SurfaceMap.CollectYields,147
1,29,Material,source,SurfaceMap.CollectYields,8
1,29,Fame,source,SurfaceMap.CollectYields,33
1,29,DP,source,DistrictCatalog.Collect,28
1,29,DP,source,EraSystem.TickTurn,6528
1,29,Fame,source,EraSystem.TickTurn,192
1,29,DP,sink,MinionRoster.TrySummon,-11644
1,29,DP,source,AdventurerAI.ReapEmotion,139
1,29,DP,source,AdventurerAI.TakeDamage,18425
1,29,Material,source,AdventurerAI.TakeDamage,120
1,29,DP,sink,CommandSystem.TryUse,-2600
1,29,Fame,source,AdventurerAI.GrantReturnReward,110
1,29,Fame,source,LureEconomy.OnHeroEscaped,275
1,29,DP,source,AdventurerAI.GrantReturnReward,78
1,29,DP,source,Nemesis.OnSlain,1992
1,29,Material,source,Nemesis.OnSlain,12
1,29,DP,stock,end,18038
1,29,Material,stock,end,1624
1,29,Fame,stock,end,5447
1,30,DP,source,SurfaceMap.CollectYields,167
1,30,Material,source,SurfaceMap.CollectYields,9
1,30,Fame,source,SurfaceMap.CollectYields,37
1,30,DP,source,DistrictCatalog.Collect,28
1,30,DP,sink,MinionRoster.TrySummon,-18227
1,30,DP,source,AdventurerAI.ReapEmotion,204
1,30,DP,source,AdventurerAI.TakeDamage,15200
1,30,Material,source,AdventurerAI.TakeDamage,96
1,30,DP,sink,CommandSystem.TryUse,-2600
1,30,Fame,source,AdventurerAI.GrantReturnReward,120
1,30,Fame,source,LureEconomy.OnHeroEscaped,300
1,30,DP,source,AdventurerAI.GrantReturnReward,83
1,30,DP,source,Nemesis.OnSlain,2008
1,30,Material,source,Nemesis.OnSlain,12
1,30,DP,stock,end,14901
1,30,Material,stock,end,1741
1,30,Fame,stock,end,5904
1,31,DP,source,SurfaceMap.CollectYields,167
1,31,Material,source,SurfaceMap.CollectYields,9
1,31,Fame,source,SurfaceMap.CollectYields,37
1,31,DP,source,DistrictCatalog.Collect,28
1,31,DP,sink,MinionRoster.TrySummon,-15091
1,31,DP,source,AdventurerAI.ReapEmotion,358
1,31,DP,sink,CommandSystem.TryUse,-2550
1,31,DP,source,AdventurerAI.TakeDamage,33030
1,31,Material,source,AdventurerAI.TakeDamage,180
1,31,Fame,source,AdventurerAI.GrantReturnReward,130
1,31,Fame,source,LureEconomy.OnHeroEscaped,325
1,31,DP,source,AdventurerAI.GrantReturnReward,511
1,31,DP,source,Nemesis.OnSlain,2042
1,31,Material,source,Nemesis.OnSlain,12
1,31,DP,stock,end,33396
1,31,Material,stock,end,1942
1,31,Fame,stock,end,6396
1,32,DP,source,SurfaceMap.CollectYields,167
1,32,Material,source,SurfaceMap.CollectYields,9
1,32,Fame,source,SurfaceMap.CollectYields,37
1,32,DP,source,DistrictCatalog.Collect,28
1,32,DP,sink,MinionRoster.TrySummon,-33559
1,32,DP,source,AdventurerAI.ReapEmotion,239
1,32,DP,source,AdventurerAI.TakeDamage,13761
1,32,Material,source,AdventurerAI.TakeDamage,66
1,32,DP,sink,CommandSystem.TryUse,-3200
1,32,Fame,source,AdventurerAI.GrantReturnReward,260
1,32,Fame,source,LureEconomy.OnHeroEscaped,650
1,32,DP,source,AdventurerAI.GrantReturnReward,2243
1,32,DP,source,Nemesis.OnSlain,2074
1,32,Material,source,Nemesis.OnSlain,12
1,32,DP,stock,end,15149
1,32,Material,stock,end,2029
1,32,Fame,stock,end,7343
1,33,DP,source,SurfaceMap.CollectYields,167
1,33,Material,source,SurfaceMap.CollectYields,9
1,33,Fame,source,SurfaceMap.CollectYields,37
1,33,DP,source,DistrictCatalog.Collect,28
1,33,DP,sink,MinionRoster.TrySummon,-15343
1,33,DP,source,AdventurerAI.ReapEmotion,190
1,33,DP,source,AdventurerAI.TakeDamage,31058
1,33,Material,source,AdventurerAI.TakeDamage,135
1,33,DP,sink,CommandSystem.TryUse,-3100
1,33,Fame,source,AdventurerAI.GrantReturnReward,80
1,33,Fame,source,LureEconomy.OnHeroEscaped,200
1,33,DP,source,Nemesis.OnSlain,3191
1,33,Material,source,Nemesis.OnSlain,18
1,33,DP,stock,end,31340
1,33,Material,stock,end,2191
1,33,Fame,stock,end,7660
1,34,DP,source,SurfaceMap.CollectYields,167
1,34,Material,source,SurfaceMap.CollectYields,9
1,34,Fame,source,SurfaceMap.CollectYields,37
1,34,DP,source,DistrictCatalog.Collect,28
1,34,DP,sink,MinionRoster.TrySummon,-31472
1,34,DP,source,AdventurerAI.ReapEmotion,186
1,34,DP,source,AdventurerAI.TakeDamage,27791
1,34,Material,source,AdventurerAI.TakeDamage,123
1,34,DP,sink,CommandSystem.TryUse,-3100
1,34,Fame,source,AdventurerAI.GrantReturnReward,120
1,34,Fame,source,LureEconomy.OnHeroEscaped,300
1,34,DP,source,Nemesis.OnSlain,3709
1,34,Material,source,Nemesis.OnSlain,20
1,34,DP,stock,end,28649
1,34,Material,stock,end,2343
1,34,Fame,stock,end,8117
2,1,DP,sink,DungeonFeatureManager.TryPlaceTrap,-150
2,1,DP,source,AdventurerAI.ReapEmotion,98
2,1,DP,source,AdventurerAI.TakeDamage,163
2,1,Material,source,AdventurerAI.TakeDamage,6
2,1,DP,source,AdventurerAI.GrantReturnReward,397
2,1,Fame,source,AdventurerAI.GrantReturnReward,20
2,1,Fame,source,LureEconomy.OnHeroEscaped,50
2,1,DP,sink,CommandSystem.TryUse,-650
2,1,DP,stock,end,58
2,1,Material,stock,end,6
2,1,Fame,stock,end,70
2,2,DP,source,SurfaceMap.CollectYields,18
2,2,Material,source,SurfaceMap.CollectYields,1
2,2,Fame,source,SurfaceMap.CollectYields,4
2,2,DP,source,EraSystem.TickTurn,600
2,2,Fame,source,EraSystem.TickTurn,25
2,2,DP,sink,DungeonFeatureManager.TryPlaceTrap,-600
2,2,DP,source,AdventurerAI.ReapEmotion,174
2,2,DP,source,AdventurerAI.TakeDamage,280
2,2,Material,source,AdventurerAI.TakeDamage,8
2,2,DP,sink,CommandSystem.TryUse,-650
2,2,DP,source,AdventurerAI.GrantReturnReward,284
2,2,Fame,source,AdventurerAI.GrantReturnReward,10
2,2,Fame,source,LureEconomy.OnHeroEscaped,25
2,2,DP,stock,end,164
2,2,Material,stock,end,15
2,2,Fame,stock,end,134
2,3,DP,source,SurfaceMap.CollectYields,18
2,3,Material,source,SurfaceMap.CollectYields,1
2,3,Fame,source,SurfaceMap.CollectYields,4
2,3,DP,source,EraSystem.TickTurn,600
2,3,Fame,source,EraSystem.TickTurn,25
2,3,DP,sink,DungeonFeatureManager.TryPlaceTrap,-300
2,3,DP,sink,DungeonFeatureManager.TryPlaceFeature,-250
2,3,DP,sink,DungeonFeatureManager.TryPlaceHabitat,-180
2,3,DP,sink,MinionRoster.TrySummon,-39
2,3,DP,source,AdventurerAI.TakeDamage,311
2,3,Material,source,AdventurerAI.TakeDamage,16
2,3,DP,source,AdventurerAI.ReapEmotion,163
2,3,DP,source,AdventurerAI.GrantReturnReward,57
2,3,Fame,source,AdventurerAI.GrantReturnReward,10
2,3,Fame,source,LureEconomy.OnHeroEscaped,25
2,3,DP,sink,CommandSystem.TryUse,-300
2,3,DP,stock,end,244
2,3,Material,stock,end,32
2,3,Fame,stock,end,198
2,4,DP,source,SurfaceMap.CollectYields,18
2,4,Material,source,SurfaceMap.CollectYields,1
2,4,Fame,source,SurfaceMap.CollectYields,4
2,4,DP,source,EraSystem.TickTurn,600
2,4,DP,sink,MinionRoster.TrySummon,-857
2,4,DP,source,AdventurerAI.ReapEmotion,164
2,4,Fame,source,AdventurerAI.GrantReturnReward,20
2,4,Fame,source,LureEconomy.OnHeroEscaped,50
2,4,DP,source,AdventurerAI.TakeDamage,340
2,4,Material,source,AdventurerAI.TakeDamage,12
2,4,DP,source,AdventurerAI.GrantReturnReward,276
2,4,DP,sink,CommandSystem.TryUse,-650
2,4,DP,source,Nemesis.OnSlain,470
2,4,Material,source,Nemesis.OnSlain,5
2,4,DP,stock,end,605
2,4,Material,stock,end,50
2,4,Fame,stock,end,272
2,5,DP,source,SurfaceMap.CollectYields,18
2,5,Material,source,SurfaceMap.CollectYields,1
2,5,Fame,source,SurfaceMap.CollectYields,4
2,5,DP,source,EraSystem.TickTurn,600
2,5,Material,source,EraSystem.TickTurn,10
2,5,DP,sink,MinionRoster.TrySummon,-665
2,5,DP,sink,DungeonFeatureManager.TryPlaceFeature,-250
2,5,DP,sink,DungeonFeatureManager.TryPlaceHabitat,-300
2,5,DP,source,AdventurerAI.ReapEmotion,122
2,5,Fame,source,AdventurerAI.GrantReturnReward,10
2,5,Fame,source,LureEconomy.OnHeroEscaped,25
2,5,DP,source,AdventurerAI.TakeDamage,530
2,5,Material,source,AdventurerAI.TakeDamage,22
2,5,DP,sink,CommandSystem.TryUse,-300
2,5,DP,source,Nemesis.OnSlain,486
2,5,Material,source,Nemesis.OnSlain,5
2,5,DP,stock,end,846
2,5,Material,stock,end,88
2,5,Fame,stock,end,311
2,6,DP,source,SurfaceMap.CollectYields,38
2,6,Material,source,SurfaceMap.CollectYields,2
2,6,Fame,source,SurfaceMap.CollectYields,8
2,6,DP,source,EraSystem.TickTurn,1020
2,6,DP,sink,MinionRoster.TrySummon,-1530
2,6,DP,sink,DungeonFeatureManager.TryPlaceFeature,-250
2,6,DP,sink,DungeonFeatureManager.TryPlaceHabitat,-120
2,6,DP,source,AdventurerAI.ReapEmotion,164
2,6,DP,source,AdventurerAI.TakeDamage,1176
2,6,Material,source,AdventurerAI.TakeDamage,34
2,6,DP,sink,CommandSystem.TryUse,-1450
2,6,DP,source,Nemesis.OnSlain,1036
2,6,Material,source,Nemesis.OnSlain,10
2,6,DP,stock,end,930
2,6,Material,stock,end,134
2,6,Fame,stock,end,319
2,7,DP,source,SurfaceMap.CollectYields,38
2,7,Material,source,SurfaceMap.CollectYields,2
2,7,Fame,source,SurfaceMap.CollectYields,8
2,7,DP,source,EraSystem.TickTurn,600
2,7,DP,sink,MinionRoster.TrySummon,-1567
2,7,DP,source,AdventurerAI.ReapEmotion,309
2,7,Fame,source,AdventurerAI.GrantReturnReward,10
2,7,Fame,source,LureEconomy.OnHeroEscaped,25
2,7,DP,source,AdventurerAI.TakeDamage,629
2,7,Material,source,AdventurerAI.TakeDamage,18
2,7,DP,sink,CommandSystem.TryUse,-650
2,7,DP,source,Nemesis.OnSlain,535
2,7,Material,source,Nemesis.OnSlain,5
2,7,DP,stock,end,824
2,7,Material,stock,end,159
2,7,Fame,stock,end,362
2,8,DP,source,SurfaceMap.CollectYields,38
2,8,Material,source,SurfaceMap.CollectYields,2
2,8,Fame,source,SurfaceMap.CollectYields,8
2,8,DP,sink,MinionRoster.TrySummon,-849
2,8,DP,source,AdventurerAI.ReapEmotion,127
2,8,DP,source,AdventurerAI.TakeDamage,782
2,8,Material,source,AdventurerAI.TakeDamage,37
2,8,DP,sink,CommandSystem.TryUse,-600
2,8,DP,stock,end,322
2,8,Material,stock,end,198
2,8,Fame,stock,end,370
2,9,DP,source,SurfaceMap.CollectYields,67
2,9,Material,source,SurfaceMap.CollectYields,3
2,9,Fame,source,SurfaceMap.CollectYields,15
2,9,DP,source,EraSystem.TickTurn,1020
2,9,Fame,source,EraSystem.TickTurn,25
2,9,DP,sink,MinionRoster.TrySummon,-1390
2,9,DP,source,AdventurerAI.ReapEmotion,128
2,9,DP,source,AdventurerAI.TakeDamage,849
2,9,Material,source,AdventurerAI.TakeDamage,33
2,9,DP,sink,CommandSystem.TryUse,-1300
2,9,DP,source,Nemesis.OnSlain,567
2,9,Material,source,Nemesis.OnSlain,5
2,9,DP,stock,end,263
2,9,Material,stock,end,239
2,9,Fame,stock,end,410
2,10,DP,source,SurfaceMap.CollectYields,77
2,10,Material,source,SurfaceMap.CollectYields,3
2,10,Fame,source,SurfaceMap.CollectYields,15
2,10,DP,sink,MinionRoster.TrySummon,-328
2,10,DP,source,AdventurerAI.ReapEmotion,116
2,10,DP,source,AdventurerAI.TakeDamage,436
2,10,Material,source,AdventurerAI.TakeDamage,19
2,10,DP,sink,CommandSystem.TryUse,-300
2,10,DP,stock,end,264
2,10,Material,stock,end,261
2,10,Fame,stock,end,425
2,11,DP,source,SurfaceMap.CollectYields,77
2,11,Material,source,SurfaceMap.CollectYields,3
2,11,Fame,source,SurfaceMap.CollectYields,15
2,11,DP,source,WaveRoster.ResolveTrial,900
2,11,DP,sink,MinionRoster.TrySummon,-1220
2,11,DP,source,AdventurerAI.ReapEmotion,239
2,11,DP,source,AdventurerAI.GrantReturnReward,223
2,11,Fame,source,AdventurerAI.GrantReturnReward,70
2,11,Fame,source,LureEconomy.OnHeroEscaped,175
2,11,DP,sink,CommandSystem.TryUse,-650
2,11,DP,source,AdventurerAI.TakeDamage,268
2,11,Material,source,AdventurerAI.TakeDamage,11
2,11,DP,stock,end,101
2,11,Material,stock,end,275
2,11,Fame,stock,end,685
2,12,DP,source,SurfaceMap.CollectYields,105
2,12,Material,source,SurfaceMap.CollectYields,4
2,12,Fame,source,SurfaceMap.CollectYields,21
2,12,DP,source,DistrictCatalog.Collect,140
2,12,DP,source,EraSystem.TickTurn,300
2,12,DP,sink,MinionRoster.TrySummon,-627
2,12,DP,source,AdventurerAI.ReapEmotion,215
2,12,DP,source,AdventurerAI.TakeDamage,987
2,12,Material,source,AdventurerAI.TakeDamage,32
2,12,DP,sink,CommandSystem.TryUse,-950
2,12,Fame,source,AdventurerAI.GrantReturnReward,20
2,12,Fame,source,LureEconomy.OnHeroEscaped,50
2,12,DP,stock,end,271
2,12,Material,stock,end,311
2,12,Fame,stock,end,776
2,13,DP,source,SurfaceMap.CollectYields,82
2,13,Material,source,SurfaceMap.CollectYields,4
2,13,Fame,source,SurfaceMap.CollectYields,18
2,13,DP,source,DistrictCatalog.Collect,140
2,13,DP,sink,MinionRoster.TrySummon,-475
2,13,DP,source,AdventurerAI.ReapEmotion,207
2,13,DP,source,AdventurerAI.TakeDamage,1247
2,13,Material,source,AdventurerAI.TakeDamage,36
2,13,DP,sink,CommandSystem.TryUse,-1800
2,13,DP,source,Nemesis.OnSlain,1328
2,13,Material,source,Nemesis.OnSlain,10
2,13,DP,stock,end,1000
2,13,Material,stock,end,361
2,13,Fame,stock,end,794
2,14,DP,source,SurfaceMap.CollectYields,82
2,14,Material,source,SurfaceMap.CollectYields,4
2,14,Fame,source,SurfaceMap.CollectYields,18
2,14,DP,source,DistrictCatalog.Collect,140
2,14,DP,sink,MinionRoster.TrySummon,-1209
2,14,DP,source,AdventurerAI.ReapEmotion,162
2,14,DP,source,AdventurerAI.TakeDamage,1306
2,14,Material,source,AdventurerAI.TakeDamage,39
2,14,DP,sink,CommandSystem.TryUse,-1450
2,14,DP,source,Nemesis.OnSlain,1360
2,14,Material,source,Nemesis.OnSlain,10
2,14,DP,stock,end,1391
2,14,Material,stock,end,414
2,14,Fame,stock,end,812
2,15,DP,source,SurfaceMap.CollectYields,103
2,15,Material,source,SurfaceMap.CollectYields,5
2,15,Fame,source,SurfaceMap.CollectYields,23
2,15,DP,source,DistrictCatalog.Collect,140
2,15,DP,sink,MinionRoster.TrySummon,-1614
2,15,DP,source,AdventurerAI.ReapEmotion,309
2,15,DP,sink,CommandSystem.TryUse,-1800
2,15,DP,source,AdventurerAI.TakeDamage,1098
2,15,Material,source,AdventurerAI.TakeDamage,31
2,15,Fame,source,AdventurerAI.GrantReturnReward,20
2,15,Fame,source,LureEconomy.OnHeroEscaped,50
2,15,DP,source,AdventurerAI.GrantReturnReward,158
2,15,DP,source,Nemesis.OnSlain,1360
2,15,Material,source,Nemesis.OnSlain,10
2,15,DP,stock,end,1145
2,15,Material,stock,end,460
2,15,Fame,stock,end,905
2,16,DP,source,SurfaceMap.CollectYields,103
2,16,Material,source,SurfaceMap.CollectYields,5
2,16,Fame,source,SurfaceMap.CollectYields,23
2,16,DP,source,DistrictCatalog.Collect,140
2,16,DP,source,EraSystem.TickTurn,300
2,16,DP,source,WaveRoster.ResolveTrial,900
2,16,DP,sink,MinionRoster.TrySummon,-2577
2,16,DP,source,AdventurerAI.ReapEmotion,162
2,16,DP,source,AdventurerAI.TakeDamage,1397
2,16,Material,source,AdventurerAI.TakeDamage,44
2,16,DP,sink,CommandSystem.TryUse,-1300
2,16,DP,source,Nemesis.OnSlain,1426
2,16,Material,source,Nemesis.OnSlain,10
2,16,DP,stock,end,1696
2,16,Material,stock,end,519
2,16,Fame,stock,end,928
2,17,DP,source,SurfaceMap.CollectYields,106
2,17,Material,source,SurfaceMap.CollectYields,5
2,17,Fame,source,SurfaceMap.CollectYields,24
2,17,DP,source,DistrictCatalog.Collect,154
2,17,DP,source,EraSystem.TickTurn,720
2,17,DP,sink,MinionRoster.TrySummon,-2648
2,17,DP,source,AdventurerAI.ReapEmotion,327
2,17,Fame,source,AdventurerAI.GrantReturnReward,120
2,17,Fame,source,LureEconomy.OnHeroEscaped,300
2,17,DP,sink,CommandSystem.TryUse,-1150
2,17,DP,source,AdventurerAI.TakeDamage,120
2,17,Material,source,AdventurerAI.TakeDamage,3
2,17,DP,source,AdventurerAI.GrantReturnReward,1724
2,17,DP,stock,end,1049
2,17,Material,stock,end,527
2,17,Fame,stock,end,1372
2,18,DP,source,SurfaceMap.CollectYields,126
2,18,Material,source,SurfaceMap.CollectYields,6
2,18,Fame,source,SurfaceMap.CollectYields,28
2,18,DP,source,DistrictCatalog.Collect,154
2,18,DP,sink,MinionRoster.TrySummon,-1316
2,18,DP,source,AdventurerAI.ReapEmotion,157
2,18,DP,source,AdventurerAI.TakeDamage,2166
2,18,Material,source,AdventurerAI.TakeDamage,52
2,18,DP,sink,CommandSystem.TryUse,-1450
2,18,DP,stock,end,886
2,18,Material,stock,end,585
2,18,Fame,stock,end,1400
2,19,DP,source,SurfaceMap.CollectYields,105
2,19,Material,source,SurfaceMap.CollectYields,5
2,19,Fame,source,SurfaceMap.CollectYields,23
2,19,DP,source,DistrictCatalog.Collect,182
2,19,DP,sink,MinionRoster.TrySummon,-1173
2,19,DP,source,AdventurerAI.ReapEmotion,166
2,19,DP,source,AdventurerAI.TakeDamage,3671
2,19,Material,source,AdventurerAI.TakeDamage,78
2,19,DP,sink,CommandSystem.TryUse,-2150
2,19,DP,source,AdventurerAI.GrantReturnReward,220
2,19,Fame,source,AdventurerAI.GrantReturnReward,20
2,19,Fame,source,LureEconomy.OnHeroEscaped,50
2,19,DP,source,Nemesis.OnSlain,2858
2,19,Material,source,Nemesis.OnSlain,19
2,19,DP,stock,end,4765
2,19,Material,stock,end,687
2,19,Fame,stock,end,1493
2,20,DP,source,SurfaceMap.CollectYields,112
2,20,Material,source,SurfaceMap.CollectYields,4
2,20,Fame,source,SurfaceMap.CollectYields,23
2,20,DP,source,DistrictCatalog.Collect,196
2,20,DP,source,EraSystem.TickTurn,300
2,20,DP,sink,MinionRoster.TrySummon,-5373
2,20,DP,source,AdventurerAI.ReapEmotion,280
2,20,DP,source,AdventurerAI.TakeDamage,2403
2,20,Material,source,AdventurerAI.TakeDamage,51
2,20,DP,sink,CommandSystem.TryUse,-1800
2,20,DP,source,AdventurerAI.GrantReturnReward,561
2,20,Fame,source,AdventurerAI.GrantReturnReward,40
2,20,Fame,source,LureEconomy.OnHeroEscaped,100
2,20,DP,source,Nemesis.OnSlain,2382
2,20,Material,source,Nemesis.OnSlain,15
2,20,DP,stock,end,3826
2,20,Material,stock,end,757
2,20,Fame,stock,end,1656
2,21,DP,source,SurfaceMap.CollectYields,139
2,21,Material,source,SurfaceMap.CollectYields,5
2,21,Fame,source,SurfaceMap.CollectYields,29
2,21,DP,source,DistrictCatalog.Collect,196
2,21,DP,source,WaveRoster.ResolveTrial,1200
2,21,DP,sink,MinionRoster.TrySummon,-5337
2,21,DP,source,AdventurerAI.ReapEmotion,155
2,21,DP,source,AdventurerAI.TakeDamage,2543
2,21,Material,source,AdventurerAI.TakeDamage,56
2,21,DP,sink,CommandSystem.TryUse,-1800
2,21,Fame,source,AdventurerAI.GrantReturnReward,10
2,21,Fame,source,LureEconomy.OnHeroEscaped,25
2,21,DP,source,Nemesis.OnSlain,2430
2,21,Material,source,Nemesis.OnSlain,15
2,21,DP,stock,end,3352
2,21,Material,stock,end,833
2,21,Fame,stock,end,1720
2,22,DP,source,SurfaceMap.CollectYields,166
2,22,Material,source,SurfaceMap.CollectYields,6
2,22,Fame,source,SurfaceMap.CollectYields,34
2,22,DP,source,DistrictCatalog.Collect,196
2,22,DP,sink,MinionRoster.TrySummon,-3696
2,22,DP,source,AdventurerAI.ReapEmotion,319
2,22,DP,source,AdventurerAI.TakeDamage,2969
2,22,Material,source,AdventurerAI.TakeDamage,66
2,22,DP,sink,CommandSystem.TryUse,-1900
2,22,Fame,source,AdventurerAI.GrantReturnReward,40
2,22,Fame,source,LureEconomy.OnHeroEscaped,100
2,22,DP,source,AdventurerAI.GrantReturnReward,438
2,22,DP,source,Nemesis.OnSlain,1652
2,22,Material,source,Nemesis.OnSlain,10
2,22,DP,stock,end,3496
2,22,Material,stock,end,915
2,22,Fame,stock,end,1894
2,23,DP,source,SurfaceMap.CollectYields,192
2,23,Material,source,SurfaceMap.CollectYields,7
2,23,Fame,source,SurfaceMap.CollectYields,39
2,23,DP,source,DistrictCatalog.Collect,168
2,23,DP,sink,MinionRoster.TrySummon,-3850
2,23,DP,source,AdventurerAI.ReapEmotion,164
2,23,DP,source,AdventurerAI.TakeDamage,1881
2,23,Material,source,AdventurerAI.TakeDamage,47
2,23,DP,sink,CommandSystem.TryUse,-1450
2,23,Fame,source,AdventurerAI.GrantReturnReward,90
2,23,Fame,source,LureEconomy.OnHeroEscaped,225
2,23,DP,source,AdventurerAI.GrantReturnReward,919
2,23,DP,source,Nemesis.OnSlain,1684
2,23,Material,source,Nemesis.OnSlain,12
2,23,DP,stock,end,3204
2,23,Material,stock,end,981
2,23,Fame,stock,end,2248
2,24,DP,source,SurfaceMap.CollectYields,146
2,24,Material,source,SurfaceMap.CollectYields,8
2,24,Fame,source,SurfaceMap.CollectYields,32
2,24,DP,source,DistrictCatalog.Collect,182
2,24,DP,sink,MinionRoster.TrySummon,-3485
2,24,DP,source,AdventurerAI.ReapEmotion,257
2,24,DP,sink,CommandSystem.TryUse,-2300
2,24,DP,source,AdventurerAI.TakeDamage,3225
2,24,Material,source,AdventurerAI.TakeDamage,59
2,24,DP,source,AdventurerAI.GrantReturnReward,3550
2,24,Fame,source,AdventurerAI.GrantReturnReward,70
2,24,Fame,source,LureEconomy.OnHeroEscaped,175
2,24,DP,source,Nemesis.OnSlain,2038
2,24,Material,source,Nemesis.OnSlain,14
2,24,DP,stock,end,6817
2,24,Material,stock,end,1062
2,24,Fame,stock,end,2525
2,25,DP,source,SurfaceMap.CollectYields,166
2,25,Material,source,SurfaceMap.CollectYields,9
2,25,Fame,source,SurfaceMap.CollectYields,36
2,25,DP,source,DistrictCatalog.Collect,28
2,25,DP,source,EraSystem.TickTurn,3840
2,25,DP,sink,MinionRoster.TrySummon,-10840
2,25,DP,source,AdventurerAI.ReapEmotion,379
2,25,DP,sink,CommandSystem.TryUse,-2250
2,25,DP,source,AdventurerAI.TakeDamage,3548
2,25,Material,source,AdventurerAI.TakeDamage,53
2,25,DP,source,AdventurerAI.GrantReturnReward,1052
2,25,Fame,source,AdventurerAI.GrantReturnReward,100
2,25,Fame,source,LureEconomy.OnHeroEscaped,250
2,25,DP,source,Nemesis.OnSlain,1782
2,25,Material,source,Nemesis.OnSlain,12
2,25,DP,stock,end,4522
2,25,Material,stock,end,1136
2,25,Fame,stock,end,2911
2,26,DP,source,SurfaceMap.CollectYields,166
2,26,Material,source,SurfaceMap.CollectYields,9
2,26,Fame,source,SurfaceMap.CollectYields,36
2,26,DP,source,DistrictCatalog.Collect,28
2,26,DP,source,EraSystem.TickTurn,6528
2,26,DP,source,WaveRoster.ResolveTrial,1500
2,26,DP,sink,MinionRoster.TrySummon,-12704
2,26,DP,source,AdventurerAI.ReapEmotion,176
2,26,DP,source,AdventurerAI.TakeDamage,3558
2,26,Material,source,AdventurerAI.TakeDamage,53
2,26,DP,sink,CommandSystem.TryUse,-2250
2,26,DP,source,AdventurerAI.GrantReturnReward,1670
2,26,Fame,source,AdventurerAI.GrantReturnReward,160
2,26,Fame,source,LureEconomy.OnHeroEscaped,400
2,26,DP,source,Nemesis.OnSlain,2721
2,26,Material,source,Nemesis.OnSlain,18
2,26,DP,stock,end,5915
2,26,Material,stock,end,1216
2,26,Fame,stock,end,3507
2,27,DP,source,SurfaceMap.CollectYields,166
2,27,Material,source,SurfaceMap.CollectYields,9
2,27,Fame,source,SurfaceMap.CollectYields,36
2,27,DP,source,DistrictCatalog.Collect,28
2,27,DP,source,EraSystem.TickTurn,6528
2,27,DP,sink,MinionRoster.TrySummon,-12636
2,27,DP,source,AdventurerAI.ReapEmotion,263
2,27,DP,source,AdventurerAI.TakeDamage,3924
2,27,Material,source,AdventurerAI.TakeDamage,40
2,27,DP,sink,CommandSystem.TryUse,-3200
2,27,DP,source,AdventurerAI.GrantReturnReward,3350
2,27,Fame,source,AdventurerAI.GrantReturnReward,230
2,27,Fame,source,LureEconomy.OnHeroEscaped,575
2,27,DP,source,Nemesis.OnSlain,3186
2,27,Material,source,Nemesis.OnSlain,20
2,27,DP,stock,end,7524
2,27,Material,stock,end,1285
2,27,Fame,stock,end,4348
2,28,DP,source,SurfaceMap.CollectYields,166
2,28,Material,source,SurfaceMap.CollectYields,9
2,28,Fame,source,SurfaceMap.CollectYields,36
2,28,DP,source,DistrictCatalog.Collect,28
2,28,DP,source,EraSystem.TickTurn,3840
2,28,Material,source,EraSystem.TickTurn,37
2,28,Fame,source,EraSystem.TickTurn,80
2,28,DP,sink,MinionRoster.TrySummon,-11525
2,28,DP,source,AdventurerAI.ReapEmotion,249
2,28,DP,source,AdventurerAI.TakeDamage,13872
2,28,Material,source,AdventurerAI.TakeDamage,110
2,28,DP,sink,CommandSystem.TryUse,-2250
2,28,Fame,source,AdventurerAI.GrantReturnReward,30
2,28,Fame,source,LureEconomy.OnHeroEscaped,75
2,28,DP,source,Nemesis.OnSlain,2868
2,28,Material,source,Nemesis.OnSlain,18
2,28,DP,stock,end,14772
2,28,Material,stock,end,1459
2,28,Fame,stock,end,4569
2,29,DP,source,SurfaceMap.CollectYields,166
2,29,Material,source,SurfaceMap.CollectYields,9
2,29,Fame,source,SurfaceMap.CollectYields,36
2,29,DP,source,DistrictCatalog.Collect,28
2,29,DP,source,EraSystem.TickTurn,6528
2,29,Fame,source,EraSystem.TickTurn,192
2,29,DP,sink,MinionRoster.TrySummon,-21477
2,29,DP,source,AdventurerAI.ReapEmotion,160
2,29,DP,source,AdventurerAI.TakeDamage,14166
2,29,Material,source,AdventurerAI.TakeDamage,102
2,29,DP,sink,CommandSystem.TryUse,-2600
2,29,DP,source,AdventurerAI.GrantReturnReward,2123
2,29,Fame,source,AdventurerAI.GrantReturnReward,290
2,29,Fame,source,LureEconomy.OnHeroEscaped,725
2,29,DP,source,Nemesis.OnSlain,2916
2,29,Material,source,Nemesis.OnSlain,18
2,29,DP,stock,end,16782
2,29,Material,stock,end,1588
2,29,Fame,stock,end,5812
3,1,DP,sink,DungeonFeatureManager.TryPlaceTrap,-150
3,1,DP,source,AdventurerAI.ReapEmotion,99
3,1,DP,source,AdventurerAI.TakeDamage,263
3,1,Material,source,AdventurerAI.TakeDamage,16
3,1,DP,sink,CommandSystem.TryUse,-300
3,1,DP,stock,end,112
3,1,Material,stock,end,16
3,1,Fame,stock,end,0
3,2,DP,source,SurfaceMap.CollectYields,18
3,2,Material,source,SurfaceMap.CollectYields,1
3,2,Fame,source,SurfaceMap.CollectYields,4
3,2,DP,source,EraSystem.TickTurn,600
3,2,Fame,source,EraSystem.TickTurn,25
3,2,DP,sink,DungeonFeatureManager.TryPlaceTrap,-600
3,2,DP,source,AdventurerAI.ReapEmotion,162
3,2,Fame,source,AdventurerAI.GrantReturnReward,30
3,2,Fame,source,LureEconomy.OnHeroEscaped,75
3,2,DP,source,AdventurerAI.GrantReturnReward,180
3,2,DP,sink,CommandSystem.TryUse,-300
3,2,DP,source,AdventurerAI.TakeDamage,124
3,2,Material,source,AdventurerAI.TakeDamage,10
3,2,DP,stock,end,296
3,2,Material,stock,end,27
3,2,Fame,stock,end,134
3,3,DP,source,SurfaceMap.CollectYields,18
3,3,Material,source,SurfaceMap.CollectYields,1
3,3,Fame,source,SurfaceMap.CollectYields,4
3,3,DP,source,EraSystem.TickTurn,600
3,3,Fame,source,EraSystem.TickTurn,25
3,3,DP,sink,DungeonFeatureManager.TryPlaceTrap,-300
3,3,DP,sink,DungeonFeatureManager.TryPlaceFeature,-250
3,3,DP,sink,DungeonFeatureManager.TryPlaceHabitat,-120
3,3,DP,sink,MinionRoster.TrySummon,-236
3,3,DP,source,AdventurerAI.ReapEmotion,182
3,3,Fame,source,AdventurerAI.GrantReturnReward,10
3,3,Fame,source,LureEconomy.OnHeroEscaped,25
3,3,DP,source,AdventurerAI.TakeDamage,306
3,3,Material,source,AdventurerAI.TakeDamage,12
3,3,DP,sink,CommandSystem.TryUse,-300
3,3,DP,stock,end,196
3,3,Material,stock,end,40
3,3,Fame,stock,end,198
3,4,DP,source,SurfaceMap.CollectYields,18
3,4,Material,source,SurfaceMap.CollectYields,1
3,4,Fame,source,SurfaceMap.CollectYields,4
3,4,DP,source,EraSystem.TickTurn,600
3,4,DP,sink,DungeonFeatureManager.TryPlaceFeature,-250
3,4,DP,sink,DungeonFeatureManager.TryPlaceHabitat,-280
3,4,DP,sink,MinionRoster.TrySummon,-279
3,4,DP,source,AdventurerAI.ReapEmotion,64
3,4,DP,source,AdventurerAI.TakeDamage,836
3,4,Material,source,AdventurerAI.TakeDamage,28
3,4,DP,sink,CommandSystem.TryUse,-1450
3,4,DP,source,Nemesis.OnSlain,940
3,4,Material,source,Nemesis.OnSlain,10
3,4,DP,stock,end,395
3,4,Material,stock,end,79
3,4,Fame,stock,end,202
3,5,DP,source,SurfaceMap.CollectYields,18
3,5,Material,source,SurfaceMap.CollectYields,1
3,5,Fame,source,SurfaceMap.CollectYields,4
3,5,DP,source,EraSystem.TickTurn,600
3,5,Material,source,EraSystem.TickTurn,10
3,5,DP,sink,MinionRoster.TrySummon,-1011
3,5,DP,source,AdventurerAI.ReapEmotion,188
3,5,DP,source,AdventurerAI.TakeDamage,783
3,5,Material,source,AdventurerAI.TakeDamage,30
3,5,DP,sink,CommandSystem.TryUse,-600
3,5,DP,source,Nemesis.OnSlain,486
3,5,Material,source,Nemesis.OnSlain,5
3,5,DP,stock,end,859
3,5,Material,stock,end,125
3,5,Fame,stock,end,206
3,6,DP,source,SurfaceMap.CollectYields,39
3,6,Material,source,SurfaceMap.CollectYields,2
3,6,Fame,source,SurfaceMap.CollectYields,9
3,6,DP,source,EraSystem.TickTurn,1020
3,6,DP,sink,MinionRoster.TrySummon,-1908
3,6,DP,source,AdventurerAI.ReapEmotion,120
3,6,DP,source,AdventurerAI.TakeDamage,492
3,6,Material,source,AdventurerAI.TakeDamage,14
3,6,Fame,source,AdventurerAI.GrantReturnReward,20
3,6,Fame,source,LureEconomy.OnHeroEscaped,50
3,6,DP,sink,CommandSystem.TryUse,-300
3,6,DP,stock,end,322
3,6,Material,stock,end,141
3,6,Fame,stock,end,285
3,7,DP,source,SurfaceMap.CollectYields,39
3,7,Material,source,SurfaceMap.CollectYields,2
3,7,Fame,source,SurfaceMap.CollectYields,9
3,7,DP,source,EraSystem.TickTurn,600
3,7,DP,sink,MinionRoster.TrySummon,-946
3,7,DP,source,AdventurerAI.ReapEmotion,203
3,7,Fame,source,AdventurerAI.GrantReturnReward,30
3,7,Fame,source,LureEconomy.OnHeroEscaped,75
3,7,DP,source,AdventurerAI.TakeDamage,428
3,7,Material,source,AdventurerAI.TakeDamage,14
3,7,DP,sink,CommandSystem.TryUse,-650
3,7,DP,source,AdventurerAI.GrantReturnReward,121
3,7,DP,stock,end,117
3,7,Material,stock,end,157
3,7,Fame,stock,end,399
3,8,DP,source,SurfaceMap.CollectYields,39
3,8,Material,source,SurfaceMap.CollectYields,2
3,8,Fame,source,SurfaceMap.CollectYields,9
3,8,DP,sink,MinionRoster.TrySummon,-131
3,8,DP,source,AdventurerAI.ReapEmotion,214
3,8,DP,source,AdventurerAI.TakeDamage,798
3,8,Material,source,AdventurerAI.TakeDamage,34
3,8,DP,sink,CommandSystem.TryUse,-950
3,8,Fame,source,AdventurerAI.GrantReturnReward,10
3,8,Fame,source,LureEconomy.OnHeroEscaped,25
3,8,DP,source,Nemesis.OnSlain,1102
3,8,Material,source,Nemesis.OnSlain,10
3,8,DP,stock,end,1189
3,8,Material,stock,end,203
3,8,Fame,stock,end,443
3,9,DP,source,SurfaceMap.CollectYields,69
3,9,Material,source,SurfaceMap.CollectYields,3
3,9,Fame,source,SurfaceMap.CollectYields,17
3,9,DP,source,EraSystem.TickTurn,1020
3,9,Fame,source,EraSystem.TickTurn,25
3,9,DP,sink,MinionRoster.TrySummon,-2269
3,9,DP,source,AdventurerAI.ReapEmotion,142
3,9,DP,source,AdventurerAI.TakeDamage,360
3,9,Material,source,AdventurerAI.TakeDamage,18
3,9,DP,sink,CommandSystem.TryUse,-300
3,9,Fame,source,AdventurerAI.GrantReturnReward,10
3,9,Fame,source,LureEconomy.OnHeroEscaped,25
3,9,DP,stock,end,211
3,9,Material,stock,end,224
3,9,Fame,stock,end,520
3,10,DP,source,SurfaceMap.CollectYields,79
3,10,Material,source,SurfaceMap.CollectYields,3
3,10,Fame,source,SurfaceMap.CollectYields,17
3,10,DP,sink,MinionRoster.TrySummon,-289
3,10,DP,source,AdventurerAI.ReapEmotion,135
3,10,DP,source,AdventurerAI.TakeDamage,818
3,10,Material,source,AdventurerAI.TakeDamage,30
3,10,DP,sink,CommandSystem.TryUse,-950
3,10,Fame,source,AdventurerAI.GrantReturnReward,10
3,10,Fame,source,LureEconomy.OnHeroEscaped,25
3,10,DP,source,Nemesis.OnSlain,1198
3,10,Material,source,Nemesis.OnSlain,10
3,10,DP,stock,end,1202
3,10,Material,stock,end,267
3,10,Fame,stock,end,572
3,11,DP,source,SurfaceMap.CollectYields,79
3,11,Material,source,SurfaceMap.CollectYields,3
3,11,Fame,source,SurfaceMap.CollectYields,17
3,11,DP,source,WaveRoster.ResolveTrial,900
3,11,DP,sink,MinionRoster.TrySummon,-2178
3,11,DP,source,AdventurerAI.ReapEmotion,218
3,11,DP,source,AdventurerAI.TakeDamage,834
3,11,Material,source,AdventurerAI.TakeDamage,28
3,11,DP,sink,CommandSystem.TryUse,-950
3,11,Fame,source,AdventurerAI.GrantReturnReward,20
3,11,Fame,source,LureEconomy.OnHeroEscaped,50
3,11,DP,source,Nemesis.OnSlain,1248
3,11,Material,source,Nemesis.OnSlain,10
3,11,DP,stock,end,1353
3,11,Material,stock,end,308
3,11,Fame,stock,end,659
3,12,DP,source,SurfaceMap.CollectYields,106
3,12,Material,source,SurfaceMap.CollectYields,4
3,12,Fame,source,SurfaceMap.CollectYields,22
3,12,DP,source,DistrictCatalog.Collect,112
3,12,DP,source,EraSystem.TickTurn,300
3,12,DP,sink,MinionRoster.TrySummon,-1861
3,12,DP,source,AdventurerAI.ReapEmotion,210
3,12,DP,source,AdventurerAI.TakeDamage,1629
3,12,Material,source,AdventurerAI.TakeDamage,54
3,12,DP,sink,CommandSystem.TryUse,-1450
3,12,DP,source,Nemesis.OnSlain,1896
3,12,Material,source,Nemesis.OnSlain,15
3,12,DP,stock,end,2295
3,12,Material,stock,end,381
3,12,Fame,stock,end,681
3,13,DP,source,SurfaceMap.CollectYields,80
3,13,Material,source,SurfaceMap.CollectYields,4
3,13,Fame,source,SurfaceMap.CollectYields,18
3,13,DP,source,DistrictCatalog.Collect,126
3,13,DP,source,EraSystem.TickTurn,300
3,13,DP,sink,MinionRoster.TrySummon,-2778
3,13,DP,source,AdventurerAI.ReapEmotion,219
3,13,DP,source,AdventurerAI.TakeDamage,813
3,13,Material,source,AdventurerAI.TakeDamage,33
3,13,DP,sink,CommandSystem.TryUse,-1300
3,13,DP,source,AdventurerAI.GrantReturnReward,266
3,13,Fame,source,AdventurerAI.GrantReturnReward,10
3,13,Fame,source,LureEconomy.OnHeroEscaped,25
3,13,DP,stock,end,21
3,13,Material,stock,end,418
3,13,Fame,stock,end,734
3,14,DP,source,SurfaceMap.CollectYields,80
3,14,Material,source,SurfaceMap.CollectYields,4
3,14,Fame,source,SurfaceMap.CollectYields,18
3,14,DP,source,DistrictCatalog.Collect,126
3,14,DP,sink,MinionRoster.TrySummon,-227
3,14,DP,source,AdventurerAI.ReapEmotion,234
3,14,DP,source,AdventurerAI.TakeDamage,1090
3,14,Material,source,AdventurerAI.TakeDamage,36
3,14,DP,sink,CommandSystem.TryUse,-1300
3,14,DP,source,AdventurerAI.GrantReturnReward,246
3,14,Fame,source,AdventurerAI.GrantReturnReward,10
3,14,Fame,source,LureEconomy.OnHeroEscaped,25
3,14,DP,stock,end,270
3,14,Material,stock,end,458
3,14,Fame,stock,end,787
3,15,DP,source,SurfaceMap.CollectYields,80
3,15,Material,source,SurfaceMap.CollectYields,4
3,15,Fame,source,SurfaceMap.CollectYields,18
3,15,DP,source,DistrictCatalog.Collect,126
3,15,DP,sink,MinionRoster.TrySummon,-461
3,15,DP,source,AdventurerAI.ReapEmotion,251
3,15,DP,source,AdventurerAI.TakeDamage,1905
3,15,Material,source,AdventurerAI.TakeDamage,57
3,15,DP,sink,CommandSystem.TryUse,-1450
3,15,DP,source,Nemesis.OnSlain,1393
3,15,Material,source,Nemesis.OnSlain,10
3,15,DP,stock,end,2114
3,15,Material,stock,end,529
3,15,Fame,stock,end,805
3,16,DP,source,SurfaceMap.CollectYields,103
3,16,Material,source,SurfaceMap.CollectYields,5
3,16,Fame,source,SurfaceMap.CollectYields,23
3,16,DP,source,DistrictCatalog.Collect,140
3,16,DP,source,WaveRoster.ResolveTrial,900
3,16,DP,sink,MinionRoster.TrySummon,-3240
3,16,DP,source,AdventurerAI.ReapEmotion,168
3,16,DP,source,AdventurerAI.GrantReturnReward,452
3,16,Fame,source,AdventurerAI.GrantReturnReward,50
3,16,Fame,source,LureEconomy.OnHeroEscaped,125
3,16,DP,source,AdventurerAI.TakeDamage,254
3,16,Material,source,AdventurerAI.TakeDamage,8
3,16,DP,sink,CommandSystem.TryUse,-650
3,16,DP,stock,end,241
3,16,Material,stock,end,542
3,16,Fame,stock,end,1003
3,17,DP,source,SurfaceMap.CollectYields,123
3,17,Material,source,SurfaceMap.CollectYields,6
3,17,Fame,source,SurfaceMap.CollectYields,27
3,17,DP,source,DistrictCatalog.Collect,140
3,17,DP,source,EraSystem.TickTurn,720
3,17,DP,sink,MinionRoster.TrySummon,-1198
3,17,DP,source,AdventurerAI.ReapEmotion,182
3,17,DP,source,AdventurerAI.TakeDamage,1227
3,17,Material,source,AdventurerAI.TakeDamage,33
3,17,DP,sink,CommandSystem.TryUse,-1800
3,17,DP,source,AdventurerAI.GrantReturnReward,364
3,17,Fame,source,AdventurerAI.GrantReturnReward,40
3,17,Fame,source,LureEconomy.OnHeroEscaped,100
3,17,DP,source,Nemesis.OnSlain,745
3,17,Material,source,Nemesis.OnSlain,5
3,17,DP,stock,end,744
3,17,Material,stock,end,586
3,17,Fame,stock,end,1170
3,18,DP,source,SurfaceMap.CollectYields,123
3,18,Material,source,SurfaceMap.CollectYields,6
3,18,Fame,source,SurfaceMap.CollectYields,27
3,18,DP,source,DistrictCatalog.Collect,140
3,18,DP,sink,MinionRoster.TrySummon,-978
3,18,DP,source,AdventurerAI.ReapEmotion,248
3,18,DP,source,AdventurerAI.TakeDamage,1367
3,18,Material,source,AdventurerAI.TakeDamage,36
3,18,DP,sink,CommandSystem.TryUse,-1800
3,18,Fame,source,AdventurerAI.GrantReturnReward,40
3,18,Fame,source,LureEconomy.OnHeroEscaped,100
3,18,DP,source,AdventurerAI.GrantReturnReward,409
3,18,DP,source,Nemesis.OnSlain,745
3,18,Material,source,Nemesis.OnSlain,5
3,18,DP,stock,end,998
3,18,Material,stock,end,633
3,18,Fame,stock,end,1337
3,19,DP,source,SurfaceMap.CollectYields,123
3,19,Material,source,SurfaceMap.CollectYields,6
3,19,Fame,source,SurfaceMap.CollectYields,27
3,19,DP,source,DistrictCatalog.Collect,168
3,19,DP,sink,MinionRoster.TrySummon,-1286
3,19,DP,source,AdventurerAI.ReapEmotion,256
3,19,DP,source,AdventurerAI.TakeDamage,2110
3,19,Material,source,AdventurerAI.TakeDamage,44
3,19,DP,sink,CommandSystem.TryUse,-1800
3,19,DP,source,AdventurerAI.GrantReturnReward,224
3,19,Fame,source,AdventurerAI.GrantReturnReward,10
3,19,Fame,source,LureEconomy.OnHeroEscaped,25
3,19,DP,source,Nemesis.OnSlain,778
3,19,Material,source,Nemesis.OnSlain,5
3,19,DP,stock,end,1571
3,19,Material,stock,end,688
3,19,Fame,stock,end,1399
3,20,DP,source,SurfaceMap.CollectYields,190
3,20,Material,source,SurfaceMap.CollectYields,7
3,20,Fame,source,SurfaceMap.CollectYields,39
3,20,DP,source,DistrictCatalog.Collect,168
3,20,DP,sink,MinionRoster.TrySummon,-1918
3,20,DP,source,AdventurerAI.ReapEmotion,203
3,20,DP,source,AdventurerAI.TakeDamage,2120
3,20,Material,source,AdventurerAI.TakeDamage,47
3,20,DP,sink,CommandSystem.TryUse,-1800
3,20,DP,source,AdventurerAI.GrantReturnReward,764
3,20,Fame,source,AdventurerAI.GrantReturnReward,30
3,20,Fame,source,LureEconomy.OnHeroEscaped,75
3,20,DP,source,Nemesis.OnSlain,2710
3,20,Material,source,Nemesis.OnSlain,17
3,20,DP,stock,end,4008
3,20,Material,stock,end,759
3,20,Fame,stock,end,1543
3,21,DP,source,SurfaceMap.CollectYields,190
3,21,Material,source,SurfaceMap.CollectYields,7
3,21,Fame,source,SurfaceMap.CollectYields,39
3,21,DP,source,DistrictCatalog.Collect,168
3,21,DP,source,WaveRoster.ResolveTrial,900
3,21,DP,sink,MinionRoster.TrySummon,-5246
3,21,DP,source,AdventurerAI.ReapEmotion,174
3,21,DP,source,AdventurerAI.TakeDamage,2497
3,21,Material,source,AdventurerAI.TakeDamage,58
3,21,DP,sink,CommandSystem.TryUse,-1450
3,21,DP,source,AdventurerAI.GrantReturnReward,140
3,21,Fame,source,AdventurerAI.GrantReturnReward,10
3,21,Fame,source,LureEconomy.OnHeroEscaped,25
3,21,DP,source,Nemesis.OnSlain,2446
3,21,Material,source,Nemesis.OnSlain,15
3,21,DP,stock,end,3827
3,21,Material,stock,end,839
3,21,Fame,stock,end,1617
3,22,DP,source,SurfaceMap.CollectYields,190
3,22,Material,source,SurfaceMap.CollectYields,7
3,22,Fame,source,SurfaceMap.CollectYields,39
3,22,DP,source,DistrictCatalog.Collect,182
3,22,DP,sink,MinionRoster.TrySummon,-4165
3,22,DP,source,AdventurerAI.ReapEmotion,285
3,22,DP,sink,CommandSystem.TryUse,-1800
3,22,Fame,source,AdventurerAI.GrantReturnReward,40
3,22,Fame,source,LureEconomy.OnHeroEscaped,100
3,22,DP,source,Nemesis.OnSlain,1652
3,22,Material,source,Nemesis.OnSlain,10
3,22,DP,source,AdventurerAI.TakeDamage,964
3,22,Material,source,AdventurerAI.TakeDamage,20
3,22,DP,source,AdventurerAI.GrantReturnReward,239
3,22,DP,stock,end,1374
3,22,Material,stock,end,876
3,22,Fame,stock,end,1796
3,23,DP,source,SurfaceMap.CollectYields,220
3,23,Material,source,SurfaceMap.CollectYields,8
3,23,Fame,source,SurfaceMap.CollectYields,45
3,23,DP,source,DistrictCatalog.Collect,154
3,23,DP,sink,MinionRoster.TrySummon,-1720
3,23,DP,source,AdventurerAI.ReapEmotion,277
3,23,DP,source,AdventurerAI.TakeDamage,1611
3,23,Material,source,AdventurerAI.TakeDamage,38
3,23,DP,sink,CommandSystem.TryUse,-2250
3,23,DP,source,AdventurerAI.GrantReturnReward,733
3,23,Fame,source,AdventurerAI.GrantReturnReward,100
3,23,Fame,source,LureEconomy.OnHeroEscaped,250
3,23,DP,source,Nemesis.OnSlain,842
3,23,Material,source,Nemesis.OnSlain,5
3,23,DP,stock,end,1241
3,23,Material,stock,end,927
3,23,Fame,stock,end,2191
3,24,DP,source,SurfaceMap.CollectYields,167
3,24,Material,source,SurfaceMap.CollectYields,8
3,24,Fame,source,SurfaceMap.CollectYields,37
3,24,DP,source,DistrictCatalog.Collect,154
3,24,DP,sink,MinionRoster.TrySummon,-1562
3,24,DP,source,AdventurerAI.ReapEmotion,297
3,24,DP,source,AdventurerAI.TakeDamage,2539
3,24,Material,source,AdventurerAI.TakeDamage,53
3,24,DP,sink,CommandSystem.TryUse,-1800
3,24,DP,source,AdventurerAI.GrantReturnReward,1605
3,24,Fame,source,AdventurerAI.GrantReturnReward,100
3,24,Fame,source,LureEconomy.OnHeroEscaped,250
3,24,DP,source,Nemesis.OnSlain,1718
3,24,Material,source,Nemesis.OnSlain,10
3,24,DP,stock,end,4359
3,24,Material,stock,end,998
3,24,Fame,stock,end,2578
3,25,DP,source,SurfaceMap.CollectYields,167
3,25,Material,source,SurfaceMap.CollectYields,8
3,25,Fame,source,SurfaceMap.CollectYields,37
3,25,DP,source,DistrictCatalog.Collect,28
3,25,DP,source,EraSystem.TickTurn,3840
3,25,DP,sink,MinionRoster.TrySummon,-8384
3,25,DP,source,AdventurerAI.ReapEmotion,202
3,25,DP,source,AdventurerAI.TakeDamage,2914
3,25,Material,source,AdventurerAI.TakeDamage,47
3,25,DP,sink,CommandSystem.TryUse,-2250
3,25,DP,source,AdventurerAI.GrantReturnReward,1391
3,25,Fame,source,AdventurerAI.GrantReturnReward,130
3,25,Fame,source,LureEconomy.OnHeroEscaped,325
3,25,DP,source,Nemesis.OnSlain,1782
3,25,Material,source,Nemesis.OnSlain,10
3,25,DP,stock,end,4049
3,25,Material,stock,end,1063
3,25,Fame,stock,end,3070
3,26,DP,source,SurfaceMap.CollectYields,165
3,26,Material,source,SurfaceMap.CollectYields,8
3,26,Fame,source,SurfaceMap.CollectYields,37
3,26,DP,source,DistrictCatalog.Collect,28
3,26,DP,source,EraSystem.TickTurn,6528
3,26,DP,source,WaveRoster.ResolveTrial,1500
3,26,DP,sink,MinionRoster.TrySummon,-12245
3,26,DP,source,AdventurerAI.ReapEmotion,187
3,26,Fame,source,AdventurerAI.GrantReturnReward,150
3,26,Fame,source,LureEconomy.OnHeroEscaped,375
3,26,DP,source,AdventurerAI.TakeDamage,4218
3,26,Material,source,AdventurerAI.TakeDamage,51
3,26,DP,sink,CommandSystem.TryUse,-2250
3,26,DP,source,AdventurerAI.GrantReturnReward,1006
3,26,DP,source,Nemesis.OnSlain,1814
3,26,Material,source,Nemesis.OnSlain,10
3,26,DP,stock,end,5000
3,26,Material,stock,end,1132
3,26,Fame,stock,end,3632
3,27,DP,source,SurfaceMap.CollectYields,165
3,27,Material,source,SurfaceMap.CollectYields,8
3,27,Fame,source,SurfaceMap.CollectYields,37
3,27,DP,source,DistrictCatalog.Collect,28
3,27,DP,source,EraSystem.TickTurn,6528
3,27,DP,sink,MinionRoster.TrySummon,-11706
3,27,DP,source,AdventurerAI.ReapEmotion,197
3,27,DP,source,AdventurerAI.TakeDamage,7068
3,27,Material,source,AdventurerAI.TakeDamage,75
3,27,DP,sink,CommandSystem.TryUse,-3200
3,27,DP,source,AdventurerAI.GrantReturnReward,1238
3,27,Fame,source,AdventurerAI.GrantReturnReward,120
3,27,Fame,source,LureEconomy.OnHeroEscaped,300
3,27,DP,stock,end,5318
3,27,Material,stock,end,1215
3,27,Fame,stock,end,4089
3,28,DP,source,SurfaceMap.CollectYields,165
3,28,Material,source,SurfaceMap.CollectYields,9
3,28,Fame,source,SurfaceMap.CollectYields,37
3,28,DP,source,DistrictCatalog.Collect,28
3,28,DP,source,EraSystem.TickTurn,3840
3,28,Material,source,EraSystem.TickTurn,37
3,28,Fame,source,EraSystem.TickTurn,80
3,28,DP,sink,MinionRoster.TrySummon,-9314
3,28,DP,source,AdventurerAI.ReapEmotion,184
3,28,DP,source,AdventurerAI.TakeDamage,11582
3,28,Material,source,AdventurerAI.TakeDamage,98
3,28,DP,sink,CommandSystem.TryUse,-2250
3,28,DP,source,AdventurerAI.GrantReturnReward,1077
3,28,Fame,source,AdventurerAI.GrantReturnReward,110
3,28,Fame,source,LureEconomy.OnHeroEscaped,275
3,28,DP,source,Nemesis.OnSlain,2868
3,28,Material,source,Nemesis.OnSlain,18
3,28,DP,stock,end,13498
3,28,Material,stock,end,1377
3,28,Fame,stock,end,4591
3,29,DP,source,SurfaceMap.CollectYields,165
3,29,Material,source,SurfaceMap.CollectYields,9
3,29,Fame,source,SurfaceMap.CollectYields,37
3,29,DP,source,DistrictCatalog.Collect,28
3,29,DP,source,EraSystem.TickTurn,6528
3,29,Fame,source,EraSystem.TickTurn,192
3,29,DP,sink,MinionRoster.TrySummon,-20177
3,29,DP,source,AdventurerAI.ReapEmotion,215
3,29,DP,source,AdventurerAI.GrantReturnReward,2695
3,29,Fame,source,AdventurerAI.GrantReturnReward,200
3,29,Fame,source,LureEconomy.OnHeroEscaped,500
3,29,DP,sink,CommandSystem.TryUse,-3200
3,29,DP,source,AdventurerAI.TakeDamage,9311
3,29,Material,source,AdventurerAI.TakeDamage,66
3,29,DP,source,Nemesis.OnSlain,3420
3,29,Material,source,Nemesis.OnSlain,20
3,29,DP,stock,end,12483
3,29,Material,stock,end,1472
3,29,Fame,stock,end,5520
4,1,DP,sink,DungeonFeatureManager.TryPlaceTrap,-150
4,1,DP,source,AdventurerAI.ReapEmotion,251
4,1,DP,sink,CommandSystem.TryUse,-300
4,1,DP,source,AdventurerAI.TakeDamage,111
4,1,Material,source,AdventurerAI.TakeDamage,4
4,1,DP,source,AdventurerAI.GrantReturnReward,451
4,1,Fame,source,AdventurerAI.GrantReturnReward,30
4,1,Fame,source,LureEconomy.OnHeroEscaped,75
4,1,DP,stock,end,563
4,1,Material,stock,end,4
4,1,Fame,stock,end,105
4,2,DP,source,SurfaceMap.CollectYields,18
4,2,Material,source,SurfaceMap.CollectYields,1
4,2,Fame,source,SurfaceMap.CollectYields,4
4,2,DP,source,EraSystem.TickTurn,600
4,2,Fame,source,EraSystem.TickTurn,25
4,2,DP,sink,DungeonFeatureManager.TryPlaceTrap,-1050
4,2,DP,source,AdventurerAI.ReapEmotion,218
4,2,DP,source,AdventurerAI.TakeDamage,296
4,2,Material,source,AdventurerAI.TakeDamage,18
4,2,DP,sink,CommandSystem.TryUse,-650
4,2,DP,source,AdventurerAI.GrantReturnReward,284
4,2,Fame,source,AdventurerAI.GrantReturnReward,10
4,2,Fame,source,LureEconomy.OnHeroEscaped,25
4,2,DP,stock,end,279
4,2,Material,stock,end,23
4,2,Fame,stock,end,169
4,3,DP,source,SurfaceMap.CollectYields,18
4,3,Material,source,SurfaceMap.CollectYields,1
4,3,Fame,source,SurfaceMap.CollectYields,4
4,3,DP,source,EraSystem.TickTurn,600
4,3,Fame,source,EraSystem.TickTurn,25
4,3,DP,sink,DungeonFeatureManager.TryPlaceFeature,-250
4,3,DP,sink,DungeonFeatureManager.TryPlaceHabitat,-180
4,3,DP,sink,MinionRoster.TrySummon,-455
4,3,DP,source,AdventurerAI.ReapEmotion,118
4,3,DP,source,AdventurerAI.TakeDamage,382
4,3,Material,source,AdventurerAI.TakeDamage,18
4,3,DP,sink,CommandSystem.TryUse,-300
4,3,DP,stock,end,212
4,3,Material,stock,end,42
4,3,Fame,stock,end,198
4,4,DP,source,SurfaceMap.CollectYields,18
4,4,Material,source,SurfaceMap.CollectYields,1
4,4,Fame,source,SurfaceMap.CollectYields,4
4,4,DP,source,EraSystem.TickTurn,600
4,4,DP,sink,MinionRoster.TrySummon,-810
4,4,DP,source,AdventurerAI.ReapEmotion,187
4,4,DP,source,AdventurerAI.TakeDamage,484
4,4,Material,source,AdventurerAI.TakeDamage,40
4,4,DP,sink,CommandSystem.TryUse,-650
4,4,DP,stock,end,41
4,4,Material,stock,end,83
4,4,Fame,stock,end,202
4,5,DP,source,SurfaceMap.CollectYields,18
4,5,Material,source,SurfaceMap.CollectYields,1
4,5,Fame,source,SurfaceMap.CollectYields,4
4,5,DP,source,EraSystem.TickTurn,600
4,5,Material,source,EraSystem.TickTurn,10
4,5,DP,sink,DungeonFeatureManager.TryPlaceFeature,-250
4,5,DP,sink,DungeonFeatureManager.TryPlaceHabitat,-340
4,5,DP,sink,MinionRoster.TrySummon,-69
4,5,DP,source,AdventurerAI.TakeDamage,592
4,5,Material,source,AdventurerAI.TakeDamage,16
4,5,DP,source,AdventurerAI.ReapEmotion,52
4,5,DP,sink,CommandSystem.TryUse,-600
4,5,DP,stock,end,44
4,5,Material,stock,end,110
4,5,Fame,stock,end,206
4,6,DP,source,SurfaceMap.CollectYields,39
4,6,Material,source,SurfaceMap.CollectYields,2
4,6,Fame,source,SurfaceMap.CollectYields,9
4,6,DP,source,EraSystem.TickTurn,1020
4,6,DP,sink,DungeonFeatureManager.TryPlaceFeature,-250
4,6,DP,sink,MinionRoster.TrySummon,-838
4,6,DP,source,AdventurerAI.ReapEmotion,128
4,6,Fame,source,AdventurerAI.GrantReturnReward,10
4,6,Fame,source,LureEconomy.OnHeroEscaped,25
4,6,DP,source,AdventurerAI.TakeDamage,1050
4,6,Material,source,AdventurerAI.TakeDamage,30
4,6,DP,sink,CommandSystem.TryUse,-950
4,6,DP,stock,end,243
4,6,Material,stock,end,142
4,6,Fame,stock,end,250
4,7,DP,source,SurfaceMap.CollectYields,39
4,7,Material,source,SurfaceMap.CollectYields,2
4,7,Fame,source,SurfaceMap.CollectYields,9
4,7,DP,source,EraSystem.TickTurn,600
4,7,DP,sink,MinionRoster.TrySummon,-862
4,7,DP,source,AdventurerAI.ReapEmotion,119
4,7,DP,source,AdventurerAI.TakeDamage,654
4,7,Material,source,AdventurerAI.TakeDamage,22
4,7,DP,sink,CommandSystem.TryUse,-600
4,7,Fame,source,AdventurerAI.GrantReturnReward,10
4,7,Fame,source,LureEconomy.OnHeroEscaped,25
4,7,DP,stock,end,193
4,7,Material,stock,end,166
4,7,Fame,stock,end,294
4,8,DP,source,SurfaceMap.CollectYields,39
4,8,Material,source,SurfaceMap.CollectYields,2
4,8,Fame,source,SurfaceMap.CollectYields,9
4,8,DP,source,EraSystem.TickTurn,300
4,8,DP,sink,MinionRoster.TrySummon,-532
4,8,DP,source,AdventurerAI.ReapEmotion,127
4,8,DP,source,AdventurerAI.TakeDamage,698
4,8,Material,source,AdventurerAI.TakeDamage,31
4,8,DP,sink,CommandSystem.TryUse,-950
4,8,Fame,source,AdventurerAI.GrantReturnReward,20
4,8,Fame,source,LureEconomy.OnHeroEscaped,50
4,8,DP,source,Nemesis.OnSlain,535
4,8,Material,source,Nemesis.OnSlain,5
4,8,DP,stock,end,410
4,8,Material,stock,end,204
4,8,Fame,stock,end,373
4,9,DP,source,SurfaceMap.CollectYields,69
4,9,Material,source,SurfaceMap.CollectYields,3
4,9,Fame,source,SurfaceMap.CollectYields,17
4,9,DP,source,EraSystem.TickTurn,1020
4,9,Fame,source,EraSystem.TickTurn,25
4,9,DP,sink,MinionRoster.TrySummon,-1489
4,9,DP,source,AdventurerAI.ReapEmotion,67
4,9,Fame,source,AdventurerAI.GrantReturnReward,10
4,9,Fame,source,LureEconomy.OnHeroEscaped,25
4,9,DP,source,AdventurerAI.TakeDamage,836
4,9,Material,source,AdventurerAI.TakeDamage,28
4,9,DP,sink,CommandSystem.TryUse,-300
4,9,DP,source,Nemesis.OnSlain,1134
4,9,Material,source,Nemesis.OnSlain,10
4,9,DP,stock,end,1747
4,9,Material,stock,end,245
4,9,Fame,stock,end,450
4,10,DP,source,SurfaceMap.CollectYields,52
4,10,Material,source,SurfaceMap.CollectYields,2
4,10,Fame,source,SurfaceMap.CollectYields,11
4,10,DP,sink,MinionRoster.TrySummon,-1799
4,10,DP,source,AdventurerAI.ReapEmotion,147
4,10,DP,source,AdventurerAI.TakeDamage,917
4,10,Material,source,AdventurerAI.TakeDamage,29
4,10,DP,sink,CommandSystem.TryUse,-1450
4,10,DP,source,Nemesis.OnSlain,583
4,10,Material,source,Nemesis.OnSlain,5
4,10,DP,stock,end,197
4,10,Material,stock,end,281
4,10,Fame,stock,end,461
4,11,DP,source,SurfaceMap.CollectYields,52
4,11,Material,source,SurfaceMap.CollectYields,2
4,11,Fame,source,SurfaceMap.CollectYields,11
4,11,DP,source,WaveRoster.ResolveTrial,900
4,11,DP,sink,MinionRoster.TrySummon,-1147
4,11,DP,source,AdventurerAI.ReapEmotion,152
4,11,DP,source,AdventurerAI.TakeDamage,906
4,11,Material,source,AdventurerAI.TakeDamage,33
4,11,DP,sink,CommandSystem.TryUse,-1300
4,11,DP,source,AdventurerAI.GrantReturnReward,307
4,11,Fame,source,AdventurerAI.GrantReturnReward,10
4,11,Fame,source,LureEconomy.OnHeroEscaped,25
4,11,DP,stock,end,67
4,11,Material,stock,end,316
4,11,Fame,stock,end,507
4,12,DP,source,SurfaceMap.CollectYields,78
4,12,Material,source,SurfaceMap.CollectYields,3
4,12,Fame,source,SurfaceMap.CollectYields,16
4,12,DP,source,DistrictCatalog.Collect,112
4,12,DP,sink,MinionRoster.TrySummon,-249
4,12,DP,source,AdventurerAI.ReapEmotion,243
4,12,DP,source,AdventurerAI.GrantReturnReward,461
4,12,Fame,source,AdventurerAI.GrantReturnReward,20
4,12,Fame,source,LureEconomy.OnHeroEscaped,50
4,12,DP,source,AdventurerAI.TakeDamage,1514
4,12,Material,source,AdventurerAI.TakeDamage,42
4,12,DP,sink,CommandSystem.TryUse,-1800
4,12,DP,stock,end,426
4,12,Material,stock,end,361
4,12,Fame,stock,end,593
4,13,DP,source,SurfaceMap.CollectYields,80
4,13,Material,source,SurfaceMap.CollectYields,4
4,13,Fame,source,SurfaceMap.CollectYields,18
4,13,DP,source,DistrictCatalog.Collect,126
4,13,DP,sink,MinionRoster.TrySummon,-623
4,13,DP,source,AdventurerAI.ReapEmotion,138
4,13,DP,source,AdventurerAI.TakeDamage,951
4,13,Material,source,AdventurerAI.TakeDamage,36
4,13,DP,sink,CommandSystem.TryUse,-1800
4,13,DP,source,AdventurerAI.GrantReturnReward,244
4,13,Fame,source,AdventurerAI.GrantReturnReward,20
4,13,Fame,source,LureEconomy.OnHeroEscaped,50
4,13,DP,source,Nemesis.OnSlain,1296
4,13,Material,source,Nemesis.OnSlain,10
4,13,DP,stock,end,838
4,13,Material,stock,end,411
4,13,Fame,stock,end,681
4,14,DP,source,SurfaceMap.CollectYields,100
4,14,Material,source,SurfaceMap.CollectYields,5
4,14,Fame,source,SurfaceMap.CollectYields,22
4,14,DP,source,DistrictCatalog.Collect,126
4,14,DP,sink,MinionRoster.TrySummon,-1058
4,14,DP,source,AdventurerAI.ReapEmotion,68
4,14,DP,source,AdventurerAI.TakeDamage,1295
4,14,Material,source,AdventurerAI.TakeDamage,46
4,14,DP,sink,CommandSystem.TryUse,-950
4,14,DP,source,Nemesis.OnSlain,1328
4,14,Material,source,Nemesis.OnSlain,10
4,14,DP,stock,end,1747
4,14,Material,stock,end,472
4,14,Fame,stock,end,703
4,15,DP,source,SurfaceMap.CollectYields,100
4,15,Material,source,SurfaceMap.CollectYields,5
4,15,Fame,source,SurfaceMap.CollectYields,22
4,15,DP,source,DistrictCatalog.Collect,126
4,15,DP,sink,MinionRoster.TrySummon,-1952
4,15,DP,source,AdventurerAI.ReapEmotion,350
4,15,DP,sink,CommandSystem.TryUse,-1800
4,15,DP,source,AdventurerAI.TakeDamage,1754
4,15,Material,source,AdventurerAI.TakeDamage,57
4,15,DP,source,AdventurerAI.GrantReturnReward,142
4,15,Fame,source,AdventurerAI.GrantReturnReward,30
4,15,Fame,source,LureEconomy.OnHeroEscaped,75
4,15,DP,source,Nemesis.OnSlain,1360
4,15,Material,source,Nemesis.OnSlain,10
4,15,DP,stock,end,1827
4,15,Material,stock,end,544
4,15,Fame,stock,end,830
4,16,DP,source,SurfaceMap.CollectYields,100
4,16,Material,source,SurfaceMap.CollectYields,5
4,16,Fame,source,SurfaceMap.CollectYields,22
4,16,DP,source,DistrictCatalog.Collect,140
4,16,DP,source,EraSystem.TickTurn,600
4,16,DP,source,WaveRoster.ResolveTrial,1200
4,16,DP,sink,MinionRoster.TrySummon,-3857
4,16,DP,source,AdventurerAI.ReapEmotion,77
4,16,DP,source,AdventurerAI.TakeDamage,1359
4,16,Material,source,AdventurerAI.TakeDamage,42
4,16,DP,sink,CommandSystem.TryUse,-950
4,16,DP,stock,end,496
4,16,Material,stock,end,591
4,16,Fame,stock,end,852
4,17,DP,source,SurfaceMap.CollectYields,121
4,17,Material,source,SurfaceMap.CollectYields,6
4,17,Fame,source,SurfaceMap.CollectYields,27
4,17,DP,source,DistrictCatalog.Collect,140
4,17,DP,source,EraSystem.TickTurn,720
4,17,DP,sink,MinionRoster.TrySummon,-1441
4,17,DP,source,AdventurerAI.ReapEmotion,171
4,17,DP,source,AdventurerAI.TakeDamage,1542
4,17,Material,source,AdventurerAI.TakeDamage,49
4,17,DP,sink,CommandSystem.TryUse,-1800
4,17,DP,source,Nemesis.OnSlain,1426
4,17,Material,source,Nemesis.OnSlain,10
4,17,DP,stock,end,1375
4,17,Material,stock,end,656
4,17,Fame,stock,end,879
4,18,DP,source,SurfaceMap.CollectYields,121
4,18,Material,source,SurfaceMap.CollectYields,6
4,18,Fame,source,SurfaceMap.CollectYields,27
4,18,DP,source,DistrictCatalog.Collect,140
4,18,DP,sink,MinionRoster.TrySummon,-1605
4,18,DP,source,AdventurerAI.ReapEmotion,151
4,18,DP,source,AdventurerAI.TakeDamage,460
4,18,Material,source,AdventurerAI.TakeDamage,16
4,18,DP,source,AdventurerAI.GrantReturnReward,1152
4,18,Fame,source,AdventurerAI.GrantReturnReward,100
4,18,Fame,source,LureEconomy.OnHeroEscaped,250
4,18,DP,sink,CommandSystem.TryUse,-1150
4,18,DP,stock,end,644
4,18,Material,stock,end,678
4,18,Fame,stock,end,1256
4,19,DP,source,SurfaceMap.CollectYields,142
4,19,Material,source,SurfaceMap.CollectYields,7
4,19,Fame,source,SurfaceMap.CollectYields,32
4,19,DP,source,DistrictCatalog.Collect,140
4,19,DP,sink,MinionRoster.TrySummon,-904
4,19,DP,source,AdventurerAI.ReapEmotion,685
4,19,DP,source,AdventurerAI.TakeDamage,1708
4,19,Material,source,AdventurerAI.TakeDamage,44
4,19,DP,sink,CommandSystem.TryUse,-2300
4,19,DP,source,AdventurerAI.GrantReturnReward,551
4,19,Fame,source,AdventurerAI.GrantReturnReward,40
4,19,Fame,source,LureEconomy.OnHeroEscaped,100
4,19,DP,stock,end,666
4,19,Material,stock,end,729
4,19,Fame,stock,end,1428
4,20,DP,source,SurfaceMap.CollectYields,101
4,20,Material,source,SurfaceMap.CollectYields,5
4,20,Fame,source,SurfaceMap.CollectYields,23
4,20,DP,source,DistrictCatalog.Collect,140
4,20,DP,sink,MinionRoster.TrySummon,-899
4,20,DP,source,AdventurerAI.ReapEmotion,196
4,20,DP,source,AdventurerAI.GrantReturnReward,1824
4,20,Fame,source,AdventurerAI.GrantReturnReward,110
4,20,Fame,source,LureEconomy.OnHeroEscaped,275
4,20,DP,sink,CommandSystem.TryUse,-2250
4,20,DP,source,AdventurerAI.TakeDamage,1076
4,20,Material,source,AdventurerAI.TakeDamage,20
4,20,DP,stock,end,854
4,20,Material,stock,end,754
4,20,Fame,stock,end,1836
4,21,DP,source,SurfaceMap.CollectYields,101
4,21,Material,source,SurfaceMap.CollectYields,5
4,21,Fame,source,SurfaceMap.CollectYields,23
4,21,DP,source,DistrictCatalog.Collect,182
4,21,DP,source,WaveRoster.ResolveTrial,900
4,21,DP,sink,MinionRoster.TrySummon,-2007
4,21,DP,source,AdventurerAI.ReapEmotion,167
4,21,DP,source,AdventurerAI.TakeDamage,1935
4,21,Material,source,AdventurerAI.TakeDamage,35
4,21,DP,sink,CommandSystem.TryUse,-2300
4,21,DP,source,AdventurerAI.GrantReturnReward,1263
4,21,Fame,source,AdventurerAI.GrantReturnReward,90
4,21,Fame,source,LureEconomy.OnHeroEscaped,225
4,21,DP,source,Nemesis.OnSlain,1620
4,21,Material,source,Nemesis.OnSlain,10
4,21,DP,stock,end,2715
4,21,Material,stock,end,804
4,21,Fame,stock,end,2174
4,22,DP,source,SurfaceMap.CollectYields,192
4,22,Material,source,SurfaceMap.CollectYields,7
4,22,Fame,source,SurfaceMap.CollectYields,39
4,22,DP,source,DistrictCatalog.Collect,182
4,22,DP,sink,MinionRoster.TrySummon,-3087
4,22,DP,source,AdventurerAI.ReapEmotion,531
4,22,DP,sink,CommandSystem.TryUse,-1600
4,22,DP,source,AdventurerAI.GrantReturnReward,2159
4,22,Fame,source,AdventurerAI.GrantReturnReward,200
4,22,Fame,source,LureEconomy.OnHeroEscaped,500
4,22,DP,stock,end,1092
4,22,Material,stock,end,811
4,22,Fame,stock,end,2913
4,23,DP,source,SurfaceMap.CollectYields,192
4,23,Material,source,SurfaceMap.CollectYields,7
4,23,Fame,source,SurfaceMap.CollectYields,39
4,23,DP,source,DistrictCatalog.Collect,182
4,23,DP,sink,MinionRoster.TrySummon,-1433
4,23,DP,source,AdventurerAI.ReapEmotion,210
4,23,Fame,source,AdventurerAI.GrantReturnReward,190
4,23,Fame,source,LureEconomy.OnHeroEscaped,475
4,23,DP,source,AdventurerAI.GrantReturnReward,1083
4,23,DP,sink,CommandSystem.TryUse,-3200
4,23,DP,source,AdventurerAI.TakeDamage,5561
4,23,Material,source,AdventurerAI.TakeDamage,51
4,23,DP,source,Nemesis.OnSlain,2913
4,23,Material,source,Nemesis.OnSlain,17
4,23,DP,stock,end,6600
4,23,Material,stock,end,886
4,23,Fame,stock,end,3617
5,1,DP,sink,DungeonFeatureManager.TryPlaceTrap,-150
5,1,DP,source,AdventurerAI.ReapEmotion,195
5,1,DP,source,AdventurerAI.TakeDamage,108
5,1,Material,source,AdventurerAI.TakeDamage,4
5,1,DP,sink,CommandSystem.TryUse,-650
5,1,DP,source,AdventurerAI.GrantReturnReward,400
5,1,Fame,source,AdventurerAI.GrantReturnReward,30
5,1,Fame,source,LureEconomy.OnHeroEscaped,75
5,1,DP,stock,end,103
5,1,Material,stock,end,4
5,1,Fame,stock,end,105
5,2,DP,source,SurfaceMap.CollectYields,18
5,2,Material,source,SurfaceMap.CollectYields,1
5,2,Fame,source,SurfaceMap.CollectYields,4
5,2,DP,source,EraSystem.TickTurn,600
5,2,Fame,source,EraSystem.TickTurn,25
5,2,DP,sink,DungeonFeatureManager.TryPlaceTrap,-600
5,2,DP,source,AdventurerAI.TakeDamage,287
5,2,Material,source,AdventurerAI.TakeDamage,8
5,2,DP,source,AdventurerAI.ReapEmotion,96
5,2,DP,sink,CommandSystem.TryUse,-650
5,2,DP,source,AdventurerAI.GrantReturnReward,333
5,2,Fame,source,AdventurerAI.GrantReturnReward,10
5,2,Fame,source,LureEconomy.OnHeroEscaped,25
5,2,DP,stock,end,187
5,2,Material,stock,end,13
5,2,Fame,stock,end,169
5,3,DP,source,SurfaceMap.CollectYields,18
5,3,Material,source,SurfaceMap.CollectYields,1
5,3,Fame,source,SurfaceMap.CollectYields,4
5,3,DP,source,EraSystem.TickTurn,600
5,3,Fame,source,EraSystem.TickTurn,25
5,3,DP,sink,DungeonFeatureManager.TryPlaceTrap,-300
5,3,DP,sink,DungeonFeatureManager.TryPlaceFeature,-250
5,3,DP,sink,DungeonFeatureManager.TryPlaceHabitat,-120
5,3,DP,sink,MinionRoster.TrySummon,-118
5,3,DP,source,AdventurerAI.ReapEmotion,124
5,3,DP,source,AdventurerAI.TakeDamage,257
5,3,Material,source,AdventurerAI.TakeDamage,10
5,3,DP,sink,CommandSystem.TryUse,-1150
5,3,DP,source,AdventurerAI.GrantReturnReward,461
5,3,Fame,source,AdventurerAI.GrantReturnReward,20
5,3,Fame,source,LureEconomy.OnHeroEscaped,50
5,3,DP,source,Nemesis.OnSlain,454
5,3,Material,source,Nemesis.OnSlain,5
5,3,DP,stock,end,163
5,3,Material,stock,end,29
5,3,Fame,stock,end,268
5,4,DP,source,SurfaceMap.CollectYields,18
5,4,Material,source,SurfaceMap.CollectYields,1
5,4,Fame,source,SurfaceMap.CollectYields,4
5,4,DP,source,EraSystem.TickTurn,300
5,4,DP,sink,MinionRoster.TrySummon,-481
5,4,DP,source,AdventurerAI.ReapEmotion,126
5,4,DP,source,AdventurerAI.TakeDamage,435
5,4,Material,source,AdventurerAI.TakeDamage,22
5,4,DP,source,AdventurerAI.GrantReturnReward,102
5,4,Fame,source,AdventurerAI.GrantReturnReward,10
5,4,Fame,source,LureEconomy.OnHeroEscaped,25
5,4,DP,sink,CommandSystem.TryUse,-650
5,4,DP,source,Nemesis.OnSlain,486
5,4,Material,source,Nemesis.OnSlain,5
5,4,DP,stock,end,499
5,4,Material,stock,end,57
5,4,Fame,stock,end,307
5,5,DP,source,SurfaceMap.CollectYields,18
5,5,Material,source,SurfaceMap.CollectYields,1
5,5,Fame,source,SurfaceMap.CollectYields,4
5,5,DP,source,EraSystem.TickTurn,600
5,5,DP,sink,DungeonFeatureManager.TryPlaceFeature,-250
5,5,DP,sink,DungeonFeatureManager.TryPlaceHabitat,-280
5,5,DP,sink,MinionRoster.TrySummon,-576
5,5,DP,source,AdventurerAI.ReapEmotion,122
5,5,DP,source,AdventurerAI.TakeDamage,536
5,5,Material,source,AdventurerAI.TakeDamage,16
5,5,DP,sink,CommandSystem.TryUse,-650
5,5,DP,source,Nemesis.OnSlain,502
5,5,Material,source,Nemesis.OnSlain,5
5,5,DP,source,AdventurerAI.GrantReturnReward,284
5,5,Fame,source,AdventurerAI.GrantReturnReward,10
5,5,Fame,source,LureEconomy.OnHeroEscaped,25
5,5,DP,stock,end,805
5,5,Material,stock,end,79
5,5,Fame,stock,end,346
5,6,DP,source,SurfaceMap.CollectYields,38
5,6,Material,source,SurfaceMap.CollectYields,2
5,6,Fame,source,SurfaceMap.CollectYields,8
5,6,DP,source,EraSystem.TickTurn,600
5,6,Material,source,EraSystem.TickTurn,10
5,6,DP,sink,MinionRoster.TrySummon,-1427
5,6,DP,source,AdventurerAI.ReapEmotion,128
5,6,DP,source,AdventurerAI.TakeDamage,706
5,6,Material,source,AdventurerAI.TakeDamage,24
5,6,DP,sink,CommandSystem.TryUse,-950
5,6,DP,source,Nemesis.OnSlain,1036
5,6,Material,source,Nemesis.OnSlain,10
5,6,DP,stock,end,936
5,6,Material,stock,end,125
5,6,Fame,stock,end,354
5,7,DP,source,SurfaceMap.CollectYields,38
5,7,Material,source,SurfaceMap.CollectYields,2
5,7,Fame,source,SurfaceMap.CollectYields,8
5,7,DP,source,EraSystem.TickTurn,1020
5,7,DP,sink,MinionRoster.TrySummon,-897
5,7,DP,sink,CommandSystem.TryUse,-1800
5,7,DP,source,AdventurerAI.ReapEmotion,124
5,7,DP,source,AdventurerAI.TakeDamage,623
5,7,Material,source,AdventurerAI.TakeDamage,14
5,7,DP,source,AdventurerAI.GrantReturnReward,131
5,7,Fame,source,AdventurerAI.GrantReturnReward,10
5,7,Fame,source,LureEconomy.OnHeroEscaped,25
5,7,DP,source,Nemesis.OnSlain,535
5,7,Material,source,Nemesis.OnSlain,5
5,7,DP,stock,end,710
5,7,Material,stock,end,146
5,7,Fame,stock,end,397
5,8,DP,source,SurfaceMap.CollectYields,38
5,8,Material,source,SurfaceMap.CollectYields,2
5,8,Fame,source,SurfaceMap.CollectYields,8
5,8,DP,source,EraSystem.TickTurn,600
5,8,DP,sink,MinionRoster.TrySummon,-1333
5,8,DP,source,AdventurerAI.ReapEmotion,140
5,8,DP,source,AdventurerAI.TakeDamage,1113
5,8,Material,source,AdventurerAI.TakeDamage,38
5,8,DP,sink,CommandSystem.TryUse,-950
5,8,Fame,source,AdventurerAI.GrantReturnReward,20
5,8,Fame,source,LureEconomy.OnHeroEscaped,50
5,8,DP,stock,end,318
5,8,Material,stock,end,186
5,8,Fame,stock,end,475
5,9,DP,source,SurfaceMap.CollectYields,44
5,9,Material,source,SurfaceMap.CollectYields,2
5,9,Fame,source,SurfaceMap.CollectYields,10
5,9,DP,source,EraSystem.TickTurn,300
5,9,Fame,source,EraSystem.TickTurn,25
5,9,DP,sink,MinionRoster.TrySummon,-635
5,9,DP,source,AdventurerAI.ReapEmotion,323
5,9,DP,source,AdventurerAI.TakeDamage,771
5,9,Material,source,AdventurerAI.TakeDamage,34
5,9,DP,sink,CommandSystem.TryUse,-1450
5,9,DP,source,Nemesis.OnSlain,583
5,9,Material,source,Nemesis.OnSlain,5
5,9,DP,source,AdventurerAI.GrantReturnReward,59
5,9,Fame,source,AdventurerAI.GrantReturnReward,10
5,9,Fame,source,LureEconomy.OnHeroEscaped,25
5,9,DP,stock,end,313
5,9,Material,stock,end,227
5,9,Fame,stock,end,545
5,10,DP,source,SurfaceMap.CollectYields,51
5,10,Material,source,SurfaceMap.CollectYields,2
5,10,Fame,source,SurfaceMap.CollectYields,10
5,10,DP,source,EraSystem.TickTurn,720
5,10,DP,sink,MinionRoster.TrySummon,-1082
5,10,DP,source,AdventurerAI.ReapEmotion,215
5,10,DP,source,AdventurerAI.TakeDamage,1182
5,10,Material,source,AdventurerAI.TakeDamage,48
5,10,DP,sink,CommandSystem.TryUse,-1450
5,10,DP,source,Nemesis.OnSlain,1198
5,10,Material,source,Nemesis.OnSlain,10
5,10,DP,stock,end,1147
5,10,Material,stock,end,287
5,10,Fame,stock,end,555
5,11,DP,source,SurfaceMap.CollectYields,51
5,11,Material,source,SurfaceMap.CollectYields,2
5,11,Fame,source,SurfaceMap.CollectYields,10
5,11,DP,source,WaveRoster.ResolveTrial,900
5,11,DP,sink,MinionRoster.TrySummon,-2082
5,11,Fame,source,AdventurerAI.GrantReturnReward,150
5,11,Fame,source,LureEconomy.OnHeroEscaped,375
5,11,DP,source,AdventurerAI.ReapEmotion,322
5,11,DP,sink,CommandSystem.TryUse,-1150
5,11,DP,source,AdventurerAI.GrantReturnReward,820
5,11,DP,source,AdventurerAI.TakeDamage,241
5,11,Material,source,AdventurerAI.TakeDamage,6
5,11,DP,source,Nemesis.OnSlain,616
5,11,Material,source,Nemesis.OnSlain,5
5,11,DP,stock,end,865
5,11,Material,stock,end,300
5,11,Fame,stock,end,1090
5,12,DP,source,SurfaceMap.CollectYields,106
5,12,Material,source,SurfaceMap.CollectYields,4
5,12,Fame,source,SurfaceMap.CollectYields,22
5,12,DP,source,DistrictCatalog.Collect,112
5,12,DP,sink,MinionRoster.TrySummon,-1059
5,12,DP,source,AdventurerAI.ReapEmotion,158
5,12,DP,source,AdventurerAI.TakeDamage,1226
5,12,Material,source,AdventurerAI.TakeDamage,31
5,12,DP,sink,CommandSystem.TryUse,-1300
5,12,DP,source,AdventurerAI.GrantReturnReward,214
5,12,Fame,source,AdventurerAI.GrantReturnReward,10
5,12,Fame,source,LureEconomy.OnHeroEscaped,25
5,12,DP,stock,end,322
5,12,Material,stock,end,335
5,12,Fame,stock,end,1147
5,13,DP,source,SurfaceMap.CollectYields,80
5,13,Material,source,SurfaceMap.CollectYields,4
5,13,Fame,source,SurfaceMap.CollectYields,18
5,13,DP,source,DistrictCatalog.Collect,112
5,13,DP,sink,MinionRoster.TrySummon,-501
5,13,DP,source,AdventurerAI.ReapEmotion,225
5,13,DP,source,AdventurerAI.GrantReturnReward,760
5,13,Fame,source,AdventurerAI.GrantReturnReward,20
5,13,Fame,source,LureEconomy.OnHeroEscaped,50
5,13,DP,sink,CommandSystem.TryUse,-1150
5,13,DP,source,AdventurerAI.TakeDamage,597
5,13,Material,source,AdventurerAI.TakeDamage,14
5,13,DP,stock,end,445
5,13,Material,stock,end,353
5,13,Fame,stock,end,1235
5,14,DP,source,SurfaceMap.CollectYields,80
5,14,Material,source,SurfaceMap.CollectYields,4
5,14,Fame,source,SurfaceMap.CollectYields,18
5,14,DP,source,DistrictCatalog.Collect,126
5,14,DP,sink,MinionRoster.TrySummon,-631
5,14,DP,source,AdventurerAI.ReapEmotion,163
5,14,DP,source,AdventurerAI.TakeDamage,1333
5,14,Material,source,AdventurerAI.TakeDamage,30
5,14,DP,sink,CommandSystem.TryUse,-1800
5,14,Fame,source,AdventurerAI.GrantReturnReward,40
5,14,Fame,source,LureEconomy.OnHeroEscaped,100
5,14,DP,source,AdventurerAI.GrantReturnReward,138
5,14,DP,source,Nemesis.OnSlain,1394
5,14,Material,source,Nemesis.OnSlain,10
5,14,DP,stock,end,1248
5,14,Material,stock,end,397
5,14,Fame,stock,end,1393
5,15,DP,source,SurfaceMap.CollectYields,100
5,15,Material,source,SurfaceMap.CollectYields,5
5,15,Fame,source,SurfaceMap.CollectYields,22
5,15,DP,source,DistrictCatalog.Collect,126
5,15,DP,sink,MinionRoster.TrySummon,-1451
5,15,DP,source,AdventurerAI.ReapEmotion,389
5,15,DP,sink,CommandSystem.TryUse,-2300
5,15,DP,source,AdventurerAI.TakeDamage,1441
5,15,Material,source,AdventurerAI.TakeDamage,35
5,15,DP,source,AdventurerAI.GrantReturnReward,1104
5,15,Fame,source,AdventurerAI.GrantReturnReward,30
5,15,Fame,source,LureEconomy.OnHeroEscaped,75
5,15,DP,source,Nemesis.OnSlain,729
5,15,Material,source,Nemesis.OnSlain,5
5,15,DP,stock,end,1386
5,15,Material,stock,end,442
5,15,Fame,stock,end,1520
5,16,DP,source,SurfaceMap.CollectYields,100
5,16,Material,source,SurfaceMap.CollectYields,5
5,16,Fame,source,SurfaceMap.CollectYields,22
5,16,DP,source,DistrictCatalog.Collect,126
5,16,DP,source,WaveRoster.ResolveTrial,900
5,16,DP,sink,MinionRoster.TrySummon,-2479
5,16,DP,source,AdventurerAI.ReapEmotion,315
5,16,DP,source,AdventurerAI.GrantReturnReward,999
5,16,Fame,source,AdventurerAI.GrantReturnReward,20
5,16,Fame,source,LureEconomy.OnHeroEscaped,50
5,16,DP,sink,CommandSystem.TryUse,-2300
5,16,DP,source,AdventurerAI.TakeDamage,1947
5,16,Material,source,AdventurerAI.TakeDamage,37
5,16,DP,source,Nemesis.OnSlain,1490
5,16,Material,source,Nemesis.OnSlain,10
5,16,DP,stock,end,2484
5,16,Material,stock,end,494
5,16,Fame,stock,end,1612
5,17,DP,source,SurfaceMap.CollectYields,103
5,17,Material,source,SurfaceMap.CollectYields,5
5,17,Fame,source,SurfaceMap.CollectYields,23
5,17,DP,source,DistrictCatalog.Collect,126
5,17,DP,source,EraSystem.TickTurn,1020
5,17,DP,sink,MinionRoster.TrySummon,-3726
5,17,DP,source,AdventurerAI.ReapEmotion,219
5,17,DP,source,AdventurerAI.TakeDamage,1905
5,17,Material,source,AdventurerAI.TakeDamage,39
5,17,DP,sink,CommandSystem.TryUse,-1800
5,17,DP,source,AdventurerAI.GrantReturnReward,385
5,17,Fame,source,AdventurerAI.GrantReturnReward,30
5,17,Fame,source,LureEconomy.OnHeroEscaped,75
5,17,DP,source,Nemesis.OnSlain,2163
5,17,Material,source,Nemesis.OnSlain,14
5,17,DP,stock,end,2879
5,17,Material,stock,end,552
5,17,Fame,stock,end,1740
5,18,DP,source,SurfaceMap.CollectYields,103
5,18,Material,source,SurfaceMap.CollectYields,5
5,18,Fame,source,SurfaceMap.CollectYields,23
5,18,DP,source,DistrictCatalog.Collect,140
5,18,DP,sink,MinionRoster.TrySummon,-3114
5,18,DP,source,AdventurerAI.ReapEmotion,178
5,18,DP,source,AdventurerAI.TakeDamage,2204
5,18,Material,source,AdventurerAI.TakeDamage,36
5,18,DP,sink,CommandSystem.TryUse,-1900
5,18,Fame,source,AdventurerAI.GrantReturnReward,30
5,18,Fame,source,LureEconomy.OnHeroEscaped,75
5,18,DP,source,Nemesis.OnSlain,778
5,18,Material,source,Nemesis.OnSlain,5
5,18,DP,stock,end,1268
5,18,Material,stock,end,598
5,18,Fame,stock,end,1868
5,19,DP,source,SurfaceMap.CollectYields,102
5,19,Material,source,SurfaceMap.CollectYields,5
5,19,Fame,source,SurfaceMap.CollectYields,22
5,19,DP,source,DistrictCatalog.Collect,140
5,19,DP,sink,MinionRoster.TrySummon,-1475
5,19,DP,source,AdventurerAI.ReapEmotion,330
5,19,DP,sink,CommandSystem.TryUse,-2300
5,19,DP,source,AdventurerAI.TakeDamage,2320
5,19,Material,source,AdventurerAI.TakeDamage,48
5,19,DP,source,AdventurerAI.GrantReturnReward,1179
5,19,Fame,source,AdventurerAI.GrantReturnReward,40
5,19,Fame,source,LureEconomy.OnHeroEscaped,100
5,19,DP,source,Nemesis.OnSlain,1588
5,19,Material,source,Nemesis.OnSlain,10
5,19,DP,stock,end,3152
5,19,Material,stock,end,661
5,19,Fame,stock,end,2030
5,20,DP,source,SurfaceMap.CollectYields,102
5,20,Material,source,SurfaceMap.CollectYields,5
5,20,Fame,source,SurfaceMap.CollectYields,22
5,20,DP,source,DistrictCatalog.Collect,154
5,20,DP,sink,MinionRoster.TrySummon,-3385
5,20,DP,source,AdventurerAI.ReapEmotion,248
5,20,DP,source,AdventurerAI.TakeDamage,1273
5,20,Material,source,AdventurerAI.TakeDamage,22
5,20,DP,sink,CommandSystem.TryUse,-1750
5,20,DP,source,AdventurerAI.GrantReturnReward,829
5,20,Fame,source,AdventurerAI.GrantReturnReward,110
5,20,Fame,source,LureEconomy.OnHeroEscaped,275
5,20,DP,source,Nemesis.OnSlain,1102
5,20,Material,source,Nemesis.OnSlain,7
5,20,DP,stock,end,1725
5,20,Material,stock,end,695
5,20,Fame,stock,end,2437
5,21,DP,source,SurfaceMap.CollectYields,131
5,21,Material,source,SurfaceMap.CollectYields,5
5,21,Fame,source,SurfaceMap.CollectYields,26
5,21,DP,source,DistrictCatalog.Collect,154
5,21,DP,source,WaveRoster.ResolveTrial,900
5,21,DP,sink,MinionRoster.TrySummon,-2879
5,21,DP,source,AdventurerAI.ReapEmotion,378
5,21,Fame,source,AdventurerAI.GrantReturnReward,270
5,21,Fame,source,LureEconomy.OnHeroEscaped,675
5,21,DP,sink,CommandSystem.TryUse,-3200
5,21,DP,source,AdventurerAI.TakeDamage,4418
5,21,Material,source,AdventurerAI.TakeDamage,49
5,21,DP,source,AdventurerAI.GrantReturnReward,1683
5,21,DP,source,Nemesis.OnSlain,1652
5,21,Material,source,Nemesis.OnSlain,10
5,21,DP,stock,end,4962
5,21,Material,stock,end,759
5,21,Fame,stock,end,3408
5,22,DP,source,SurfaceMap.CollectYields,159
5,22,Material,source,SurfaceMap.CollectYields,6
5,22,Fame,source,SurfaceMap.CollectYields,32
5,22,DP,source,DistrictCatalog.Collect,168
5,22,DP,sink,MinionRoster.TrySummon,-5273
5,22,DP,source,AdventurerAI.ReapEmotion,315
5,22,DP,source,AdventurerAI.TakeDamage,3424
5,22,Material,source,AdventurerAI.TakeDamage,32
5,22,DP,sink,CommandSystem.TryUse,-2750
5,22,Fame,source,AdventurerAI.GrantReturnReward,120
5,22,Fame,source,LureEconomy.OnHeroEscaped,300
5,22,DP,source,AdventurerAI.GrantReturnReward,855
5,22,DP,source,Nemesis.OnSlain,2038
5,22,Material,source,Nemesis.OnSlain,12
5,22,DP,stock,end,3898
5,22,Material,stock,end,809
5,22,Fame,stock,end,3860
5,23,DP,source,SurfaceMap.CollectYields,186
5,23,Material,source,SurfaceMap.CollectYields,7
5,23,Fame,source,SurfaceMap.CollectYields,38
5,23,DP,source,DistrictCatalog.Collect,168
5,23,DP,sink,MinionRoster.TrySummon,-4232
5,23,DP,source,AdventurerAI.ReapEmotion,288
5,23,DP,source,AdventurerAI.TakeDamage,5868
5,23,Material,source,AdventurerAI.TakeDamage,55
5,23,DP,sink,CommandSystem.TryUse,-2750
5,23,Fame,source,AdventurerAI.GrantReturnReward,100
5,23,Fame,source,LureEconomy.OnHeroEscaped,250
5,23,DP,source,AdventurerAI.GrantReturnReward,1214
5,23,DP,source,Nemesis.OnSlain,3026
5,23,Material,source,Nemesis.OnSlain,17
5,23,DP,stock,end,7666
5,23,Material,stock,end,888
5,23,Fame,stock,end,4248
5,24,DP,source,SurfaceMap.CollectYields,189
5,24,Material,source,SurfaceMap.CollectYields,7
5,24,Fame,source,SurfaceMap.CollectYields,38
5,24,DP,source,DistrictCatalog.Collect,140
5,24,DP,sink,MinionRoster.TrySummon,-7952
5,24,DP,source,AdventurerAI.ReapEmotion,462
5,24,DP,sink,CommandSystem.TryUse,-3200
5,24,DP,source,AdventurerAI.TakeDamage,5888
5,24,Material,source,AdventurerAI.TakeDamage,39
5,24,Fame,source,AdventurerAI.GrantReturnReward,140
5,24,Fame,source,LureEconomy.OnHeroEscaped,350
5,24,DP,source,AdventurerAI.GrantReturnReward,594
5,24,DP,source,Nemesis.OnSlain,3438
5,24,Material,source,Nemesis.OnSlain,19
5,24,DP,stock,end,7225
5,24,Material,stock,end,953
5,24,Fame,stock,end,4776
6,1,DP,sink,DungeonFeatureManager.TryPlaceTrap,-150
6,1,DP,source,AdventurerAI.ReapEmotion,150
6,1,DP,source,AdventurerAI.GrantReturnReward,451
6,1,Fame,source,AdventurerAI.GrantReturnReward,30
6,1,Fame,source,LureEconomy.OnHeroEscaped,75
6,1,DP,source,AdventurerAI.TakeDamage,107
6,1,Material,source,AdventurerAI.TakeDamage,4
6,1,DP,sink,CommandSystem.TryUse,-650
6,1,DP,stock,end,108
6,1,Material,stock,end,4
6,1,Fame,stock,end,105
6,2,DP,source,SurfaceMap.CollectYields,18
6,2,Material,source,SurfaceMap.CollectYields,1
6,2,Fame,source,SurfaceMap.CollectYields,4
6,2,DP,source,EraSystem.TickTurn,600
6,2,Fame,source,EraSystem.TickTurn,25
6,2,DP,sink,DungeonFeatureManager.TryPlaceTrap,-600
6,2,DP,source,AdventurerAI.ReapEmotion,112
6,2,DP,source,AdventurerAI.TakeDamage,282
6,2,Material,source,AdventurerAI.TakeDamage,12
6,2,DP,sink,CommandSystem.TryUse,-300
6,2,DP,source,AdventurerAI.GrantReturnReward,300
6,2,Fame,source,AdventurerAI.GrantReturnReward,10
6,2,Fame,source,LureEconomy.OnHeroEscaped,25
6,2,DP,stock,end,520
6,2,Material,stock,end,17
6,2,Fame,stock,end,169
6,3,DP,source,SurfaceMap.CollectYields,18
6,3,Material,source,SurfaceMap.CollectYields,1
6,3,Fame,source,SurfaceMap.CollectYields,4
6,3,DP,source,EraSystem.TickTurn,600
6,3,Fame,source,EraSystem.TickTurn,25
6,3,DP,sink,DungeonFeatureManager.TryPlaceTrap,-300
6,3,DP,sink,DungeonFeatureManager.TryPlaceFeature,-250
6,3,DP,sink,DungeonFeatureManager.TryPlaceHabitat,-160
6,3,DP,sink,MinionRoster.TrySummon,-417
6,3,DP,source,AdventurerAI.ReapEmotion,165
6,3,DP,source,AdventurerAI.TakeDamage,319
6,3,Material,source,AdventurerAI.TakeDamage,10
6,3,DP,sink,CommandSystem.TryUse,-650
6,3,DP,source,AdventurerAI.GrantReturnReward,335
6,3,Fame,source,AdventurerAI.GrantReturnReward,10
6,3,Fame,source,LureEconomy.OnHeroEscaped,25
6,3,DP,stock,end,180
6,3,Material,stock,end,28
6,3,Fame,stock,end,233
6,4,DP,source,SurfaceMap.CollectYields,18
6,4,Material,source,SurfaceMap.CollectYields,1
6,4,Fame,source,SurfaceMap.CollectYields,4
6,4,DP,source,EraSystem.TickTurn,600
6,4,DP,sink,DungeonFeatureManager.TryPlaceFeature,-250
6,4,DP,sink,DungeonFeatureManager.TryPlaceHabitat,-300
6,4,DP,sink,MinionRoster.TrySummon,-243
6,4,DP,source,AdventurerAI.ReapEmotion,180
6,4,DP,source,AdventurerAI.TakeDamage,780
6,4,Material,source,AdventurerAI.TakeDamage,30
6,4,DP,sink,CommandSystem.TryUse,-1300
6,4,DP,source,AdventurerAI.GrantReturnReward,149
6,4,Fame,source,AdventurerAI.GrantReturnReward,10
6,4,Fame,source,LureEconomy.OnHeroEscaped,25
6,4,DP,source,Nemesis.OnSlain,470
6,4,Material,source,Nemesis.OnSlain,5
6,4,DP,stock,end,284
6,4,Material,stock,end,64
6,4,Fame,stock,end,272
6,5,DP,source,SurfaceMap.CollectYields,18
6,5,Material,source,SurfaceMap.CollectYields,1
6,5,Fame,source,SurfaceMap.CollectYields,4
6,5,DP,source,EraSystem.TickTurn,600
6,5,DP,sink,MinionRoster.TrySummon,-886
6,5,DP,source,AdventurerAI.ReapEmotion,133
6,5,DP,source,AdventurerAI.TakeDamage,622
6,5,Material,source,AdventurerAI.TakeDamage,33
6,5,DP,sink,CommandSystem.TryUse,-650
6,5,DP,source,Nemesis.OnSlain,486
6,5,Material,source,Nemesis.OnSlain,5
6,5,DP,stock,end,607
6,5,Material,stock,end,103
6,5,Fame,stock,end,276
6,6,DP,source,SurfaceMap.CollectYields,38
6,6,Material,source,SurfaceMap.CollectYields,2
6,6,Fame,source,SurfaceMap.CollectYields,8
6,6,DP,source,EraSystem.TickTurn,1020
6,6,DP,sink,MinionRoster.TrySummon,-1657
6,6,DP,source,AdventurerAI.ReapEmotion,265
6,6,DP,source,AdventurerAI.TakeDamage,449
6,6,Material,source,AdventurerAI.TakeDamage,22
6,6,DP,sink,CommandSystem.TryUse,-650
6,6,Fame,source,AdventurerAI.GrantReturnReward,30
6,6,Fame,source,LureEconomy.OnHeroEscaped,75
6,6,DP,source,AdventurerAI.GrantReturnReward,56
6,6,DP,source,Nemesis.OnSlain,502
6,6,Material,source,Nemesis.OnSlain,5
6,6,DP,stock,end,630
6,6,Material,stock,end,132
6,6,Fame,stock,end,389
6,7,DP,source,SurfaceMap.CollectYields,38
6,7,Material,source,SurfaceMap.CollectYields,2
6,7,Fame,source,SurfaceMap.CollectYields,8
6,7,DP,source,EraSystem.TickTurn,600
6,7,Material,source,EraSystem.TickTurn,10
6,7,DP,sink,MinionRoster.TrySummon,-1255
6,7,DP,source,AdventurerAI.ReapEmotion,237
6,7,DP,source,AdventurerAI.TakeDamage,731
6,7,Material,source,AdventurerAI.TakeDamage,22
6,7,DP,sink,CommandSystem.TryUse,-950
6,7,DP,stock,end,31
6,7,Material,stock,end,166
6,7,Fame,stock,end,397
6,8,DP,source,SurfaceMap.CollectYields,39
6,8,Material,source,SurfaceMap.CollectYields,2
6,8,Fame,source,SurfaceMap.CollectYields,9
6,8,DP,sink,MinionRoster.TrySummon,-54
6,8,DP,source,AdventurerAI.ReapEmotion,194
6,8,DP,source,AdventurerAI.TakeDamage,1107
6,8,Material,source,AdventurerAI.TakeDamage,43
6,8,DP,sink,CommandSystem.TryUse,-1800
6,8,DP,source,AdventurerAI.GrantReturnReward,131
6,8,Fame,source,AdventurerAI.GrantReturnReward,30
6,8,Fame,source,LureEconomy.OnHeroEscaped,75
6,8,DP,source,Nemesis.OnSlain,1102
6,8,Material,source,Nemesis.OnSlain,10
6,8,DP,stock,end,750
6,8,Material,stock,end,221
6,8,Fame,stock,end,511
6,9,DP,source,SurfaceMap.CollectYields,68
6,9,Material,source,SurfaceMap.CollectYields,3
6,9,Fame,source,SurfaceMap.CollectYields,16
6,9,DP,source,EraSystem.TickTurn,1020
6,9,DP,sink,MinionRoster.TrySummon,-1838
6,9,DP,source,AdventurerAI.ReapEmotion,270
6,9,DP,source,AdventurerAI.TakeDamage,823
6,9,Material,source,AdventurerAI.TakeDamage,32
6,9,DP,sink,CommandSystem.TryUse,-1300
6,9,DP,source,AdventurerAI.GrantReturnReward,301
6,9,Fame,source,AdventurerAI.GrantReturnReward,10
6,9,Fame,source,LureEconomy.OnHeroEscaped,25
6,9,DP,source,Nemesis.OnSlain,583
6,9,Material,source,Nemesis.OnSlain,5
6,9,DP,stock,end,677
6,9,Material,stock,end,261
6,9,Fame,stock,end,562
6,10,DP,source,SurfaceMap.CollectYields,78
6,10,Material,source,SurfaceMap.CollectYields,3
6,10,Fame,source,SurfaceMap.CollectYields,16
6,10,DP,source,EraSystem.TickTurn,300
6,10,Fame,source,EraSystem.TickTurn,25
6,10,DP,sink,MinionRoster.TrySummon,-1055
6,10,DP,source,AdventurerAI.ReapEmotion,208
6,10,DP,source,AdventurerAI.TakeDamage,758
6,10,Material,source,AdventurerAI.TakeDamage,29
6,10,DP,sink,CommandSystem.TryUse,-1450
6,10,Fame,source,AdventurerAI.GrantReturnReward,20
6,10,Fame,source,LureEconomy.OnHeroEscaped,50
6,10,DP,source,Nemesis.OnSlain,1198
6,10,Material,source,Nemesis.OnSlain,10
6,10,DP,stock,end,714
6,10,Material,stock,end,303
6,10,Fame,stock,end,673
6,11,DP,source,SurfaceMap.CollectYields,78
6,11,Material,source,SurfaceMap.CollectYields,3
6,11,Fame,source,SurfaceMap.CollectYields,16
6,11,DP,source,WaveRoster.ResolveTrial,900
6,11,DP,sink,MinionRoster.TrySummon,-1665
6,11,DP,source,AdventurerAI.ReapEmotion,141
6,11,DP,source,AdventurerAI.GrantReturnReward,439
6,11,Fame,source,AdventurerAI.GrantReturnReward,30
6,11,Fame,source,LureEconomy.OnHeroEscaped,75
6,11,DP,sink,CommandSystem.TryUse,-1300
6,11,DP,source,AdventurerAI.TakeDamage,791
6,11,Material,source,AdventurerAI.TakeDamage,27
6,11,DP,source,Nemesis.OnSlain,1264
6,11,Material,source,Nemesis.OnSlain,10
6,11,DP,stock,end,1362
6,11,Material,stock,end,343
6,11,Fame,stock,end,794
6,12,DP,source,SurfaceMap.CollectYields,105
6,12,Material,source,SurfaceMap.CollectYields,4
6,12,Fame,source,SurfaceMap.CollectYields,21
6,12,DP,source,DistrictCatalog.Collect,140
6,12,DP,sink,MinionRoster.TrySummon,-1596
6,12,DP,source,AdventurerAI.ReapEmotion,227
6,12,DP,source,AdventurerAI.TakeDamage,896
6,12,Material,source,AdventurerAI.TakeDamage,30
6,12,DP,sink,CommandSystem.TryUse,-1300
6,12,DP,source,AdventurerAI.GrantReturnReward,261
6,12,Fame,source,AdventurerAI.GrantReturnReward,20
6,12,Fame,source,LureEconomy.OnHeroEscaped,50
6,12,DP,source,Nemesis.OnSlain,1296
6,12,Material,source,Nemesis.OnSlain,10
6,12,DP,stock,end,1391
6,12,Material,stock,end,387
6,12,Fame,stock,end,885
6,13,DP,source,SurfaceMap.CollectYields,81
6,13,Material,source,SurfaceMap.CollectYields,4
6,13,Fame,source,SurfaceMap.CollectYields,17
6,13,DP,source,DistrictCatalog.Collect,140
6,13,DP,sink,MinionRoster.TrySummon,-1603
6,13,DP,source,AdventurerAI.ReapEmotion,155
6,13,DP,source,AdventurerAI.TakeDamage,818
6,13,Material,source,AdventurerAI.TakeDamage,35
6,13,DP,source,AdventurerAI.GrantReturnReward,822
6,13,Fame,source,AdventurerAI.GrantReturnReward,30
6,13,Fame,source,LureEconomy.OnHeroEscaped,75
6,13,DP,sink,CommandSystem.TryUse,-1800
6,13,DP,source,Nemesis.OnSlain,1328
6,13,Material,source,Nemesis.OnSlain,10
6,13,DP,stock,end,1332
6,13,Material,stock,end,436
6,13,Fame,stock,end,1007
6,14,DP,source,SurfaceMap.CollectYields,102
6,14,Material,source,SurfaceMap.CollectYields,5
6,14,Fame,source,SurfaceMap.CollectYields,22
6,14,DP,source,DistrictCatalog.Collect,140
6,14,DP,sink,MinionRoster.TrySummon,-1563
6,14,DP,source,AdventurerAI.ReapEmotion,217
6,14,DP,source,AdventurerAI.GrantReturnReward,923
6,14,Fame,source,AdventurerAI.GrantReturnReward,40
6,14,Fame,source,LureEconomy.OnHeroEscaped,100
6,14,DP,sink,CommandSystem.TryUse,-1800
6,14,DP,source,AdventurerAI.TakeDamage,891
6,14,Material,source,AdventurerAI.TakeDamage,29
6,14,DP,source,Nemesis.OnSlain,1360
6,14,Material,source,Nemesis.OnSlain,10
6,14,DP,stock,end,1602
6,14,Material,stock,end,480
6,14,Fame,stock,end,1169
6,15,DP,source,SurfaceMap.CollectYields,102
6,15,Material,source,SurfaceMap.CollectYields,5
6,15,Fame,source,SurfaceMap.CollectYields,22
6,15,DP,source,DistrictCatalog.Collect,140
6,15,DP,sink,MinionRoster.TrySummon,-1820
6,15,DP,source,AdventurerAI.ReapEmotion,170
6,15,DP,source,AdventurerAI.TakeDamage,1647
6,15,Material,source,AdventurerAI.TakeDamage,54
6,15,DP,sink,CommandSystem.TryUse,-1800
6,15,DP,source,Nemesis.OnSlain,713
6,15,Material,source,Nemesis.OnSlain,5
6,15,DP,stock,end,754
6,15,Material,stock,end,544
6,15,Fame,stock,end,1191
6,16,DP,source,SurfaceMap.CollectYields,102
6,16,Material,source,SurfaceMap.CollectYields,5
6,16,Fame,source,SurfaceMap.CollectYields,22
6,16,DP,source,DistrictCatalog.Collect,154
6,16,DP,source,EraSystem.TickTurn,300
6,16,DP,source,WaveRoster.ResolveTrial,900
6,16,DP,sink,MinionRoster.TrySummon,-2201
6,16,DP,source,AdventurerAI.ReapEmotion,333
6,16,DP,source,AdventurerAI.TakeDamage,1104
6,16,Material,source,AdventurerAI.TakeDamage,41
6,16,DP,sink,CommandSystem.TryUse,-1800
6,16,DP,source,AdventurerAI.GrantReturnReward,632
6,16,Fame,source,AdventurerAI.GrantReturnReward,30
6,16,Fame,source,LureEconomy.OnHeroEscaped,75
6,16,DP,source,Nemesis.OnSlain,729
6,16,Material,source,Nemesis.OnSlain,5
6,16,DP,stock,end,1007
6,16,Material,stock,end,595
6,16,Fame,stock,end,1318
6,17,DP,source,SurfaceMap.CollectYields,122
6,17,Material,source,SurfaceMap.CollectYields,6
6,17,Fame,source,SurfaceMap.CollectYields,26
6,17,DP,source,DistrictCatalog.Collect,154
6,17,DP,source,EraSystem.TickTurn,720
6,17,DP,sink,MinionRoster.TrySummon,-1973
6,17,DP,source,AdventurerAI.ReapEmotion,268
6,17,DP,source,AdventurerAI.GrantReturnReward,527
6,17,Fame,source,AdventurerAI.GrantReturnReward,20
6,17,Fame,source,LureEconomy.OnHeroEscaped,50
6,17,DP,sink,CommandSystem.TryUse,-2300
6,17,DP,source,AdventurerAI.TakeDamage,1493
6,17,Material,source,AdventurerAI.TakeDamage,45
6,17,DP,source,Nemesis.OnSlain,1506
6,17,Material,source,Nemesis.OnSlain,10
6,17,DP,stock,end,1524
6,17,Material,stock,end,656
6,17,Fame,stock,end,1414
6,18,DP,source,SurfaceMap.CollectYields,122
6,18,Material,source,SurfaceMap.CollectYields,6
6,18,Fame,source,SurfaceMap.CollectYields,26
6,18,DP,source,DistrictCatalog.Collect,154
6,18,DP,sink,MinionRoster.TrySummon,-1799
6,18,DP,source,AdventurerAI.ReapEmotion,481
6,18,DP,source,AdventurerAI.GrantReturnReward,1573
6,18,Fame,source,AdventurerAI.GrantReturnReward,50
6,18,Fame,source,LureEconomy.OnHeroEscaped,125
6,18,DP,sink,CommandSystem.TryUse,-2300
6,18,DP,source,AdventurerAI.TakeDamage,1246
6,18,Material,source,AdventurerAI.TakeDamage,52
6,18,DP,source,Nemesis.OnSlain,1801
6,18,Material,source,Nemesis.OnSlain,12
6,18,DP,stock,end,2802
6,18,Material,stock,end,726
6,18,Fame,stock,end,1615
6,19,DP,source,SurfaceMap.CollectYields,122
6,19,Material,source,SurfaceMap.CollectYields,6
6,19,Fame,source,SurfaceMap.CollectYields,26
6,19,DP,source,DistrictCatalog.Collect,196
6,19,DP,source,EraSystem.TickTurn,300
6,19,DP,sink,MinionRoster.TrySummon,-3419
6,19,DP,source,AdventurerAI.ReapEmotion,232
6,19,DP,source,AdventurerAI.TakeDamage,1745
6,19,Material,source,AdventurerAI.TakeDamage,50
6,19,DP,sink,CommandSystem.TryUse,-2300
6,19,DP,source,AdventurerAI.GrantReturnReward,460
6,19,Fame,source,AdventurerAI.GrantReturnReward,30
6,19,Fame,source,LureEconomy.OnHeroEscaped,75
6,19,DP,source,Nemesis.OnSlain,1556
6,19,Material,source,Nemesis.OnSlain,10
6,19,DP,stock,end,1694
6,19,Material,stock,end,792
6,19,Fame,stock,end,1746
6,20,DP,source,SurfaceMap.CollectYields,187
6,20,Material,source,SurfaceMap.CollectYields,7
6,20,Fame,source,SurfaceMap.CollectYields,37
6,20,DP,source,DistrictCatalog.Collect,196
6,20,DP,sink,MinionRoster.TrySummon,-2057
6,20,DP,source,AdventurerAI.ReapEmotion,421
6,20,DP,source,AdventurerAI.TakeDamage,2434
6,20,Material,source,AdventurerAI.TakeDamage,68
6,20,DP,sink,CommandSystem.TryUse,-1800
6,20,Fame,source,AdventurerAI.GrantReturnReward,20
6,20,Fame,source,LureEconomy.OnHeroEscaped,50
6,20,DP,source,Nemesis.OnSlain,2382
6,20,Material,source,Nemesis.OnSlain,15
6,20,DP,source,AdventurerAI.GrantReturnReward,458
6,20,DP,stock,end,3915
6,20,Material,stock,end,882
6,20,Fame,stock,end,1853
6,21,DP,source,SurfaceMap.CollectYields,187
6,21,Material,source,SurfaceMap.CollectYields,7
6,21,Fame,source,SurfaceMap.CollectYields,37
6,21,DP,source,DistrictCatalog.Collect,196
6,21,DP,source,WaveRoster.ResolveTrial,1200
6,21,DP,sink,MinionRoster.TrySummon,-5476
6,21,DP,source,AdventurerAI.ReapEmotion,153
6,21,DP,source,AdventurerAI.TakeDamage,1644
6,21,Material,source,AdventurerAI.TakeDamage,43
6,21,DP,source,AdventurerAI.GrantReturnReward,444
6,21,Fame,source,AdventurerAI.GrantReturnReward,60
6,21,Fame,source,LureEconomy.OnHeroEscaped,150
6,21,DP,sink,CommandSystem.TryUse,-1800
6,21,DP,source,Nemesis.OnSlain,1620
6,21,Material,source,Nemesis.OnSlain,10
6,21,DP,stock,end,2083
6,21,Material,stock,end,942
6,21,Fame,stock,end,2100
6,22,DP,source,SurfaceMap.CollectYields,187
6,22,Material,source,SurfaceMap.CollectYields,7
6,22,Fame,source,SurfaceMap.CollectYields,37
6,22,DP,source,DistrictCatalog.Collect,196
6,22,DP,sink,MinionRoster.TrySummon,-2429
6,22,DP,source,AdventurerAI.ReapEmotion,174
6,22,DP,source,AdventurerAI.TakeDamage,824
6,22,Material,source,AdventurerAI.TakeDamage,28
6,22,DP,sink,CommandSystem.TryUse,-1800
6,22,Fame,source,AdventurerAI.GrantReturnReward,50
6,22,Fame,source,LureEconomy.OnHeroEscaped,125
6,22,DP,source,AdventurerAI.GrantReturnReward,591
6,22,DP,source,Nemesis.OnSlain,842
6,22,Material,source,Nemesis.OnSlain,5
6,22,DP,stock,end,668
6,22,Material,stock,end,982
6,22,Fame,stock,end,2312
6,23,DP,source,SurfaceMap.CollectYields,187
6,23,Material,source,SurfaceMap.CollectYields,7
6,23,Fame,source,SurfaceMap.CollectYields,37
6,23,DP,source,DistrictCatalog.Collect,182
6,23,DP,sink,MinionRoster.TrySummon,-1025
6,23,DP,source,AdventurerAI.ReapEmotion,176
6,23,DP,source,AdventurerAI.TakeDamage,1783
6,23,Material,source,AdventurerAI.TakeDamage,37
6,23,DP,sink,CommandSystem.TryUse,-2750
6,23,Fame,source,AdventurerAI.GrantReturnReward,110
6,23,Fame,source,LureEconomy.OnHeroEscaped,275
6,23,DP,source,AdventurerAI.GrantReturnReward,1047
6,23,DP,source,Nemesis.OnSlain,2860
6,23,Material,source,Nemesis.OnSlain,17
6,23,DP,stock,end,3128
6,23,Material,stock,end,1043
6,23,Fame,stock,end,2734
6,24,DP,source,SurfaceMap.CollectYields,163
6,24,Material,source,SurfaceMap.CollectYields,8
6,24,Fame,source,SurfaceMap.CollectYields,35
6,24,DP,source,DistrictCatalog.Collect,182
6,24,DP,sink,MinionRoster.TrySummon,-3445
6,24,DP,source,AdventurerAI.ReapEmotion,279
6,24,DP,sink,CommandSystem.TryUse,-3200
6,24,DP,source,AdventurerAI.TakeDamage,1450
6,24,Material,source,AdventurerAI.TakeDamage,24
6,24,DP,source,AdventurerAI.GrantReturnReward,2643
6,24,Fame,source,AdventurerAI.GrantReturnReward,170
6,24,Fame,source,LureEconomy.OnHeroEscaped,425
6,24,DP,source,Nemesis.OnSlain,2058
6,24,Material,source,Nemesis.OnSlain,12
6,24,DP,stock,end,3258
6,24,Material,stock,end,1087
6,24,Fame,stock,end,3364
6,25,DP,source,SurfaceMap.CollectYields,163
6,25,Material,source,SurfaceMap.CollectYields,8
6,25,Fame,source,SurfaceMap.CollectYields,35
6,25,DP,source,DistrictCatalog.Collect,28
6,25,DP,source,EraSystem.TickTurn,3840
6,25,DP,sink,MinionRoster.TrySummon,-7237
6,25,DP,source,AdventurerAI.ReapEmotion,466
6,25,DP,sink,CommandSystem.TryUse,-2750
6,25,DP,source,AdventurerAI.TakeDamage,4587
6,25,Material,source,AdventurerAI.TakeDamage,47
6,25,DP,source,AdventurerAI.GrantReturnReward,1313
6,25,Fame,source,AdventurerAI.GrantReturnReward,120
6,25,Fame,source,LureEconomy.OnHeroEscaped,300
6,25,DP,source,Nemesis.OnSlain,2721
6,25,Material,source,Nemesis.OnSlain,15
6,25,DP,stock,end,6389
6,25,Material,stock,end,1157
6,25,Fame,stock,end,3819
6,26,DP,source,SurfaceMap.CollectYields,163
6,26,Material,source,SurfaceMap.CollectYields,8
6,26,Fame,source,SurfaceMap.CollectYields,35
6,26,DP,source,DistrictCatalog.Collect,28
6,26,DP,source,EraSystem.TickTurn,6528
6,26,DP,source,WaveRoster.ResolveTrial,1500
6,26,DP,sink,MinionRoster.TrySummon,-14572
6,26,DP,source,AdventurerAI.ReapEmotion,259
6,26,DP,source,AdventurerAI.GrantReturnReward,1915
6,26,Fame,source,AdventurerAI.GrantReturnReward,110
6,26,Fame,source,LureEconomy.OnHeroEscaped,275
6,26,DP,sink,CommandSystem.TryUse,-3200
6,26,DP,source,AdventurerAI.TakeDamage,2110
6,26,Material,source,AdventurerAI.TakeDamage,20
6,26,DP,source,Nemesis.OnSlain,1846
6,26,Material,source,Nemesis.OnSlain,10
6,26,DP,stock,end,2966
6,26,Material,stock,end,1195
6,26,Fame,stock,end,4239
6,27,DP,source,SurfaceMap.CollectYields,163
6,27,Material,source,SurfaceMap.CollectYields,8
6,27,Fame,source,SurfaceMap.CollectYields,35
6,27,DP,source,DistrictCatalog.Collect,28
6,27,DP,source,EraSystem.TickTurn,6528
6,27,DP,sink,MinionRoster.TrySummon,-9663
6,27,DP,source,AdventurerAI.ReapEmotion,401
6,27,DP,source,AdventurerAI.GrantReturnReward,2814
6,27,Fame,source,AdventurerAI.GrantReturnReward,280
6,27,Fame,source,LureEconomy.OnHeroEscaped,700
6,27,DP,sink,CommandSystem.TryUse,-3200
6,27,DP,source,AdventurerAI.TakeDamage,2079
6,27,Material,source,AdventurerAI.TakeDamage,21
6,27,DP,stock,end,2116
6,27,Material,stock,end,1224
6,27,Fame,stock,end,5254
6,28,DP,source,SurfaceMap.CollectYields,163
6,28,Material,source,SurfaceMap.CollectYields,9
6,28,Fame,source,SurfaceMap.CollectYields,35
6,28,DP,source,DistrictCatalog.Collect,28
6,28,DP,source,EraSystem.TickTurn,3840
6,28,Material,source,EraSystem.TickTurn,37
6,28,Fame,source,EraSystem.TickTurn,80
6,28,DP,sink,MinionRoster.TrySummon,-6115
6,28,DP,source,AdventurerAI.ReapEmotion,190
6,28,DP,source,AdventurerAI.TakeDamage,14636
6,28,Material,source,AdventurerAI.TakeDamage,117
6,28,DP,sink,CommandSystem.TryUse,-2750
6,28,DP,source,AdventurerAI.GrantReturnReward,1354
6,28,Fame,source,AdventurerAI.GrantReturnReward,100
6,28,Fame,source,LureEconomy.OnHeroEscaped,250
6,28,DP,source,Nemesis.OnSlain,1960
6,28,Material,source,Nemesis.OnSlain,12
6,28,DP,stock,end,15422
6,28,Material,stock,end,1399
6,28,Fame,stock,end,5719
6,29,DP,source,SurfaceMap.CollectYields,163
6,29,Material,source,SurfaceMap.CollectYields,9
6,29,Fame,source,SurfaceMap.CollectYields,35
6,29,DP,source,DistrictCatalog.Collect,28
6,29,DP,source,EraSystem.TickTurn,6528
6,29,Fame,source,EraSystem.TickTurn,192
6,29,DP,sink,MinionRoster.TrySummon,-22137
6,29,DP,source,AdventurerAI.ReapEmotion,506
6,29,DP,sink,CommandSystem.TryUse,-3100
6,29,DP,source,AdventurerAI.TakeDamage,12307
6,29,Material,source,AdventurerAI.TakeDamage,110
6,29,Fame,source,AdventurerAI.GrantReturnReward,180
6,29,Fame,source,LureEconomy.OnHeroEscaped,450
6,29,DP,source,AdventurerAI.GrantReturnReward,1462
6,29,DP,source,Nemesis.OnSlain,2294
6,29,Material,source,Nemesis.OnSlain,14
6,29,DP,stock,end,13473
6,29,Material,stock,end,1532
6,29,Fame,stock,end,6576
6,30,DP,source,SurfaceMap.CollectYields,163
6,30,Material,source,SurfaceMap.CollectYields,9
6,30,Fame,source,SurfaceMap.CollectYields,35
6,30,DP,source,DistrictCatalog.Collect,28
6,30,DP,sink,MinionRoster.TrySummon,-13643
6,30,DP,source,AdventurerAI.ReapEmotion,198
6,30,DP,source,AdventurerAI.TakeDamage,10319
6,30,Material,source,AdventurerAI.TakeDamage,68
6,30,DP,sink,CommandSystem.TryUse,-2250
6,30,Fame,source,AdventurerAI.GrantReturnReward,80
6,30,Fame,source,LureEconomy.OnHeroEscaped,200
6,30,DP,source,AdventurerAI.GrantReturnReward,1801
6,30,DP,source,Nemesis.OnSlain,3531
6,30,Material,source,Nemesis.OnSlain,20
6,30,DP,stock,end,13620
6,30,Material,stock,end,1629
6,30,Fame,stock,end,6891
7,1,DP,sink,DungeonFeatureManager.TryPlaceTrap,-150
7,1,DP,source,AdventurerAI.ReapEmotion,200
7,1,DP,source,AdventurerAI.GrantReturnReward,351
7,1,Fame,source,AdventurerAI.GrantReturnReward,40
7,1,Fame,source,LureEconomy.OnHeroEscaped,100
7,1,DP,sink,CommandSystem.TryUse,-650
7,1,DP,source,AdventurerAI.TakeDamage,56
7,1,Material,source,AdventurerAI.TakeDamage,2
7,1,DP,stock,end,7
7,1,Material,stock,end,2
7,1,Fame,stock,end,140
7,2,DP,source,SurfaceMap.CollectYields,18
7,2,Material,source,SurfaceMap.CollectYields,1
7,2,Fame,source,SurfaceMap.CollectYields,4
7,2,DP,source,EraSystem.TickTurn,600
7,2,Fame,source,EraSystem.TickTurn,25
7,2,DP,sink,DungeonFeatureManager.TryPlaceTrap,-450
7,2,DP,source,AdventurerAI.ReapEmotion,181
7,2,DP,source,AdventurerAI.TakeDamage,230
7,2,Material,source,AdventurerAI.TakeDamage,12
7,2,DP,sink,CommandSystem.TryUse,-650
7,2,DP,source,AdventurerAI.GrantReturnReward,473
7,2,Fame,source,AdventurerAI.GrantReturnReward,20
7,2,Fame,source,LureEconomy.OnHeroEscaped,50
7,2,DP,stock,end,409
7,2,Material,stock,end,15
7,2,Fame,stock,end,239
7,3,DP,source,SurfaceMap.CollectYields,18
7,3,Material,source,SurfaceMap.CollectYields,1
7,3,Fame,source,SurfaceMap.CollectYields,4
7,3,DP,source,EraSystem.TickTurn,600
7,3,Fame,source,EraSystem.TickTurn,25
7,3,DP,sink,DungeonFeatureManager.TryPlaceTrap,-450
7,3,DP,sink,DungeonFeatureManager.TryPlaceFeature,-250
7,3,DP,sink,DungeonFeatureManager.TryPlaceHabitat,-180
7,3,DP,sink,MinionRoster.TrySummon,-147
7,3,DP,source,AdventurerAI.TakeDamage,422
7,3,Material,source,AdventurerAI.TakeDamage,22
7,3,DP,source,AdventurerAI.ReapEmotion,189
7,3,DP,sink,CommandSystem.TryUse,-300
7,3,DP,stock,end,311
7,3,Material,stock,end,38
7,3,Fame,stock,end,268
7,4,DP,source,SurfaceMap.CollectYields,18
7,4,Material,source,SurfaceMap.CollectYields,1
7,4,Fame,source,SurfaceMap.CollectYields,4
7,4,DP,source,EraSystem.TickTurn,600
7,4,DP,sink,MinionRoster.TrySummon,-917
7,4,DP,source,AdventurerAI.ReapEmotion,194
7,4,DP,source,AdventurerAI.GrantReturnReward,63
7,4,Fame,source,AdventurerAI.GrantReturnReward,10
7,4,Fame,source,LureEconomy.OnHeroEscaped,25
7,4,DP,source,AdventurerAI.TakeDamage,459
7,4,Material,source,AdventurerAI.TakeDamage,18
7,4,DP,sink,CommandSystem.TryUse,-650
7,4,DP,source,Nemesis.OnSlain,486
7,4,Material,source,Nemesis.OnSlain,5
7,4,DP,stock,end,564
7,4,Material,stock,end,62
7,4,Fame,stock,end,307
7,5,DP,source,SurfaceMap.CollectYields,18
7,5,Material,source,SurfaceMap.CollectYields,1
7,5,Fame,source,SurfaceMap.CollectYields,4
7,5,DP,source,EraSystem.TickTurn,600
7,5,DP,sink,DungeonFeatureManager.TryPlaceFeature,-250
7,5,DP,sink,DungeonFeatureManager.TryPlaceHabitat,-300
7,5,DP,sink,MinionRoster.TrySummon,-625
7,5,DP,source,AdventurerAI.TakeDamage,474
7,5,Material,source,AdventurerAI.TakeDamage,20
7,5,DP,source,AdventurerAI.ReapEmotion,279
7,5,DP,sink,CommandSystem.TryUse,-650
7,5,Fame,source,AdventurerAI.GrantReturnReward,20
7,5,Fame,source,LureEconomy.OnHeroEscaped,50
7,5,DP,source,AdventurerAI.GrantReturnReward,156
7,5,DP,source,Nemesis.OnSlain,502
7,5,Material,source,Nemesis.OnSlain,5
7,5,DP,stock,end,768
7,5,Material,stock,end,88
7,5,Fame,stock,end,381
7,6,DP,source,SurfaceMap.CollectYields,39
7,6,Material,source,SurfaceMap.CollectYields,2
7,6,Fame,source,SurfaceMap.CollectYields,9
7,6,DP,source,EraSystem.TickTurn,1020
7,6,Material,source,EraSystem.TickTurn,10
7,6,DP,sink,MinionRoster.TrySummon,-1394
7,6,DP,sink,DungeonFeatureManager.TryPlaceFeature,-250
7,6,DP,sink,DungeonFeatureManager.TryPlaceHabitat,-180
7,6,DP,source,AdventurerAI.TakeDamage,1223
7,6,Material,source,AdventurerAI.TakeDamage,38
7,6,DP,source,AdventurerAI.ReapEmotion,179
7,6,DP,sink,CommandSystem.TryUse,-1300
7,6,DP,source,Nemesis.OnSlain,518
7,6,Material,source,Nemesis.OnSlain,5
7,6,DP,stock,end,623
7,6,Material,stock,end,143
7,6,Fame,stock,end,390
7,7,DP,source,SurfaceMap.CollectYields,39
7,7,Material,source,SurfaceMap.CollectYields,2
7,7,Fame,source,SurfaceMap.CollectYields,9
7,7,DP,source,EraSystem.TickTurn,600
7,7,DP,sink,MinionRoster.TrySummon,-1240
7,7,DP,source,AdventurerAI.ReapEmotion,199
7,7,DP,source,AdventurerAI.TakeDamage,766
7,7,Material,source,AdventurerAI.TakeDamage,36
7,7,DP,sink,CommandSystem.TryUse,-1300
7,7,DP,source,Nemesis.OnSlain,1070
7,7,Material,source,Nemesis.OnSlain,10
7,7,DP,stock,end,757
7,7,Material,stock,end,191
7,7,Fame,stock,end,399
7,8,DP,source,SurfaceMap.CollectYields,39
7,8,Material,source,SurfaceMap.CollectYields,2
7,8,Fame,source,SurfaceMap.CollectYields,9
7,8,DP,sink,MinionRoster.TrySummon,-780
7,8,DP,source,AdventurerAI.ReapEmotion,145
7,8,DP,source,AdventurerAI.TakeDamage,792
7,8,Material,source,AdventurerAI.TakeDamage,37
7,8,DP,sink,CommandSystem.TryUse,-600
7,8,DP,stock,end,353
7,8,Material,stock,end,230
7,8,Fame,stock,end,408
7,9,DP,source,SurfaceMap.CollectYields,45
7,9,Material,source,SurfaceMap.CollectYields,2
7,9,Fame,source,SurfaceMap.CollectYields,11
7,9,DP,source,EraSystem.TickTurn,300
7,9,Fame,source,EraSystem.TickTurn,25
7,9,DP,sink,MinionRoster.TrySummon,-694
7,9,DP,source,AdventurerAI.ReapEmotion,194
7,9,DP,source,AdventurerAI.TakeDamage,830
7,9,Material,source,AdventurerAI.TakeDamage,37
7,9,DP,sink,CommandSystem.TryUse,-950
7,9,DP,stock,end,78
7,9,Material,stock,end,269
7,9,Fame,stock,end,444
7,10,DP,source,SurfaceMap.CollectYields,79
7,10,Material,source,SurfaceMap.CollectYields,3
7,10,Fame,source,SurfaceMap.CollectYields,17
7,10,DP,source,EraSystem.TickTurn,720
7,10,DP,sink,MinionRoster.TrySummon,-877
7,10,DP,source,AdventurerAI.ReapEmotion,212
7,10,DP,source,AdventurerAI.TakeDamage,1171
7,10,Material,source,AdventurerAI.TakeDamage,44
7,10,DP,sink,CommandSystem.TryUse,-1300
7,10,DP,stock,end,83
7,10,Material,stock,end,316
7,10,Fame,stock,end,461
7,11,DP,source,SurfaceMap.CollectYields,79
7,11,Material,source,SurfaceMap.CollectYields,3
7,11,Fame,source,SurfaceMap.CollectYields,17
7,11,DP,source,WaveRoster.ResolveTrial,900
7,11,DP,sink,MinionRoster.TrySummon,-1061
7,11,DP,source,AdventurerAI.ReapEmotion,158
7,11,DP,source,AdventurerAI.TakeDamage,880
7,11,Material,source,AdventurerAI.TakeDamage,35
7,11,DP,sink,CommandSystem.TryUse,-950
7,11,DP,source,AdventurerAI.GrantReturnReward,290
7,11,Fame,source,AdventurerAI.GrantReturnReward,10
7,11,Fame,source,LureEconomy.OnHeroEscaped,25
7,11,DP,stock,end,379
7,11,Material,stock,end,354
7,11,Fame,stock,end,513
7,12,DP,source,SurfaceMap.CollectYields,79
7,12,Material,source,SurfaceMap.CollectYields,3
7,12,Fame,source,SurfaceMap.CollectYields,17
7,12,DP,source,DistrictCatalog.Collect,84
7,12,DP,source,EraSystem.TickTurn,300
7,12,DP,sink,MinionRoster.TrySummon,-829
7,12,DP,source,AdventurerAI.ReapEmotion,93
7,12,DP,source,AdventurerAI.TakeDamage,1021
7,12,Material,source,AdventurerAI.TakeDamage,38
7,12,DP,sink,CommandSystem.TryUse,-950
7,12,DP,stock,end,177
7,12,Material,stock,end,395
7,12,Fame,stock,end,530
7,13,DP,source,SurfaceMap.CollectYields,60
7,13,Material,source,SurfaceMap.CollectYields,3
7,13,Fame,source,SurfaceMap.CollectYields,14
7,13,DP,source,DistrictCatalog.Collect,98
7,13,DP,sink,MinionRoster.TrySummon,-311
7,13,DP,source,AdventurerAI.ReapEmotion,143
7,13,DP,source,AdventurerAI.TakeDamage,870
7,13,Material,source,AdventurerAI.TakeDamage,30
7,13,DP,source,AdventurerAI.GrantReturnReward,207
7,13,Fame,source,AdventurerAI.GrantReturnReward,20
7,13,Fame,source,LureEconomy.OnHeroEscaped,50
7,13,DP,sink,CommandSystem.TryUse,-1800
7,13,DP,source,Nemesis.OnSlain,632
7,13,Material,source,Nemesis.OnSlain,5
7,13,DP,stock,end,76
7,13,Material,stock,end,433
7,13,Fame,stock,end,614
7,14,DP,source,SurfaceMap.CollectYields,80
7,14,Material,source,SurfaceMap.CollectYields,4
7,14,Fame,source,SurfaceMap.CollectYields,18
7,14,DP,source,DistrictCatalog.Collect,98
7,14,DP,sink,MinionRoster.TrySummon,-249
7,14,DP,source,IncidentSystem.Apply,600
7,14,DP,sink,CommandSystem.TryUse,-1800
7,14,DP,source,AdventurerAI.ReapEmotion,261
7,14,DP,source,AdventurerAI.TakeDamage,1164
7,14,Material,source,AdventurerAI.TakeDamage,53
7,14,DP,stock,end,230
7,14,Material,stock,end,490
7,14,Fame,stock,end,632
7,15,DP,source,SurfaceMap.CollectYields,82
7,15,Material,source,SurfaceMap.CollectYields,4
7,15,Fame,source,SurfaceMap.CollectYields,18
7,15,DP,source,DistrictCatalog.Collect,98
7,15,DP,sink,MinionRoster.TrySummon,-397
7,15,DP,source,AdventurerAI.ReapEmotion,243
7,15,DP,source,AdventurerAI.TakeDamage,1693
7,15,Material,source,AdventurerAI.TakeDamage,63
7,15,DP,sink,CommandSystem.TryUse,-1450
7,15,DP,source,Nemesis.OnSlain,1360
7,15,Material,source,Nemesis.OnSlain,10
7,15,DP,stock,end,1859
7,15,Material,stock,end,567
7,15,Fame,stock,end,650
7,16,DP,source,SurfaceMap.CollectYields,82
7,16,Material,source,SurfaceMap.CollectYields,4
7,16,Fame,source,SurfaceMap.CollectYields,18
7,16,DP,source,DistrictCatalog.Collect,98
7,16,DP,source,EraSystem.TickTurn,300
7,16,DP,source,WaveRoster.ResolveTrial,900
7,16,DP,sink,MinionRoster.TrySummon,-3237
7,16,DP,source,AdventurerAI.ReapEmotion,163
7,16,DP,source,AdventurerAI.TakeDamage,2056
7,16,Material,source,AdventurerAI.TakeDamage,69
7,16,DP,sink,CommandSystem.TryUse,-1450
7,16,DP,stock,end,771
7,16,Material,stock,end,640
7,16,Fame,stock,end,668
7,17,DP,source,SurfaceMap.CollectYields,82
7,17,Material,source,SurfaceMap.CollectYields,4
7,17,Fame,source,SurfaceMap.CollectYields,18
7,17,DP,source,DistrictCatalog.Collect,126
7,17,DP,source,EraSystem.TickTurn,720
7,17,DP,sink,MinionRoster.TrySummon,-1681
7,17,DP,source,AdventurerAI.ReapEmotion,166
7,17,DP,source,AdventurerAI.TakeDamage,448
7,17,Material,source,AdventurerAI.TakeDamage,12
7,17,DP,sink,CommandSystem.TryUse,-650
7,17,DP,source,AdventurerAI.GrantReturnReward,366
7,17,Fame,source,AdventurerAI.GrantReturnReward,90
7,17,Fame,source,LureEconomy.OnHeroEscaped,225
7,17,DP,stock,end,348
7,17,Material,stock,end,656
7,17,Fame,stock,end,1001
7,18,DP,source,SurfaceMap.CollectYields,136
7,18,Material,source,SurfaceMap.CollectYields,5
7,18,Fame,source,SurfaceMap.CollectYields,28
7,18,DP,source,DistrictCatalog.Collect,126
7,18,DP,sink,MinionRoster.TrySummon,-583
7,18,DP,source,AdventurerAI.ReapEmotion,137
7,18,DP,source,AdventurerAI.TakeDamage,2016
7,18,Material,source,AdventurerAI.TakeDamage,52
7,18,DP,sink,CommandSystem.TryUse,-1800
7,18,DP,stock,end,380
7,18,Material,stock,end,713
7,18,Fame,stock,end,1029
7,19,DP,source,SurfaceMap.CollectYields,136
7,19,Material,source,SurfaceMap.CollectYields,5
7,19,Fame,source,SurfaceMap.CollectYields,28
7,19,DP,source,DistrictCatalog.Collect,126
7,19,DP,source,EraSystem.TickTurn,300
7,19,DP,sink,MinionRoster.TrySummon,-940
7,19,DP,source,AdventurerAI.ReapEmotion,107
7,19,DP,source,AdventurerAI.TakeDamage,3868
7,19,Material,source,AdventurerAI.TakeDamage,89
7,19,DP,sink,CommandSystem.TryUse,-1450
7,19,DP,source,AdventurerAI.GrantReturnReward,642
7,19,Fame,source,AdventurerAI.GrantReturnReward,20
7,19,Fame,source,LureEconomy.OnHeroEscaped,50
7,19,DP,source,Nemesis.OnSlain,2283
7,19,Material,source,Nemesis.OnSlain,15
7,19,DP,stock,end,5452
7,19,Material,stock,end,822
7,19,Fame,stock,end,1127
7,20,DP,source,SurfaceMap.CollectYields,136
7,20,Material,source,SurfaceMap.CollectYields,5
7,20,Fame,source,SurfaceMap.CollectYields,28
7,20,DP,source,DistrictCatalog.Collect,126
7,20,DP,sink,MinionRoster.TrySummon,-5701
7,20,DP,source,AdventurerAI.ReapEmotion,199
7,20,DP,source,AdventurerAI.TakeDamage,2119
7,20,Material,source,AdventurerAI.TakeDamage,56
7,20,DP,sink,CommandSystem.TryUse,-1800
7,20,DP,source,AdventurerAI.GrantReturnReward,221
7,20,Fame,source,AdventurerAI.GrantReturnReward,20
7,20,Fame,source,LureEconomy.OnHeroEscaped,50
7,20,DP,source,Nemesis.OnSlain,2334
7,20,Material,source,Nemesis.OnSlain,15
7,20,DP,stock,end,3086
7,20,Material,stock,end,898
7,20,Fame,stock,end,1225
7,21,DP,source,SurfaceMap.CollectYields,166
7,21,Material,source,SurfaceMap.CollectYields,6
7,21,Fame,source,SurfaceMap.CollectYields,34
7,21,DP,source,DistrictCatalog.Collect,112
7,21,DP,source,WaveRoster.ResolveTrial,900
7,21,DP,sink,MinionRoster.TrySummon,-4245
7,21,DP,source,AdventurerAI.ReapEmotion,258
7,21,DP,source,AdventurerAI.TakeDamage,848
7,21,Material,source,AdventurerAI.TakeDamage,24
7,21,DP,sink,CommandSystem.TryUse,-1450
7,21,DP,source,AdventurerAI.GrantReturnReward,533
7,21,Fame,source,AdventurerAI.GrantReturnReward,30
7,21,Fame,source,LureEconomy.OnHeroEscaped,75
7,21,DP,source,Nemesis.OnSlain,1588
7,21,Material,source,Nemesis.OnSlain,10
7,21,DP,stock,end,1796
7,21,Material,stock,end,938
7,21,Fame,stock,end,1364
7,22,DP,source,SurfaceMap.CollectYields,126
7,22,Material,source,SurfaceMap.CollectYields,6
7,22,Fame,source,SurfaceMap.CollectYields,28
7,22,DP,source,DistrictCatalog.Collect,112
7,22,DP,sink,MinionRoster.TrySummon,-2024
7,22,DP,source,AdventurerAI.ReapEmotion,238
7,22,DP,source,AdventurerAI.GrantReturnReward,907
7,22,Fame,source,AdventurerAI.GrantReturnReward,90
7,22,Fame,source,LureEconomy.OnHeroEscaped,225
7,22,DP,sink,CommandSystem.TryUse,-1800
7,22,DP,source,AdventurerAI.TakeDamage,1443
7,22,Material,source,AdventurerAI.TakeDamage,43
7,22,DP,source,Nemesis.OnSlain,2430
7,22,Material,source,Nemesis.OnSlain,15
7,22,DP,stock,end,3228
7,22,Material,stock,end,1002
7,22,Fame,stock,end,1707
7,23,DP,source,SurfaceMap.CollectYields,126
7,23,Material,source,SurfaceMap.CollectYields,6
7,23,Fame,source,SurfaceMap.CollectYields,28
7,23,DP,source,DistrictCatalog.Collect,112
7,23,DP,sink,MinionRoster.TrySummon,-3434
7,23,DP,source,AdventurerAI.ReapEmotion,169
7,23,DP,source,AdventurerAI.TakeDamage,1622
7,23,Material,source,AdventurerAI.TakeDamage,48
7,23,DP,sink,CommandSystem.TryUse,-2250
7,23,DP,source,AdventurerAI.GrantReturnReward,912
7,23,Fame,source,AdventurerAI.GrantReturnReward,100
7,23,Fame,source,LureEconomy.OnHeroEscaped,250
7,23,DP,source,Nemesis.OnSlain,2526
7,23,Material,source,Nemesis.OnSlain,15
7,23,DP,stock,end,3011
7,23,Material,stock,end,1071
7,23,Fame,stock,end,2085
7,24,DP,source,SurfaceMap.CollectYields,126
7,24,Material,source,SurfaceMap.CollectYields,6
7,24,Fame,source,SurfaceMap.CollectYields,28
7,24,DP,source,DistrictCatalog.Collect,126
7,24,DP,sink,MinionRoster.TrySummon,-3257
7,24,DP,source,AdventurerAI.ReapEmotion,455
7,24,Fame,source,AdventurerAI.GrantReturnReward,110
7,24,Fame,source,LureEconomy.OnHeroEscaped,275
7,24,DP,sink,CommandSystem.TryUse,-2950
7,24,DP,source,AdventurerAI.GrantReturnReward,653
7,24,DP,source,AdventurerAI.TakeDamage,5696
7,24,Material,source,AdventurerAI.TakeDamage,102
7,24,DP,source,Nemesis.OnSlain,2577
7,24,Material,source,Nemesis.OnSlain,15
7,24,DP,stock,end,6437
7,24,Material,stock,end,1194
7,24,Fame,stock,end,2498
7,25,DP,source,SurfaceMap.CollectYields,147
7,25,Material,source,SurfaceMap.CollectYields,7
7,25,Fame,source,SurfaceMap.CollectYields,33
7,25,DP,source,DistrictCatalog.Collect,28
7,25,DP,source,EraSystem.TickTurn,3840
7,25,DP,sink,MinionRoster.TrySummon,-10428
7,25,DP,source,AdventurerAI.ReapEmotion,224
7,25,DP,source,AdventurerAI.TakeDamage,5588
7,25,Material,source,AdventurerAI.TakeDamage,86
7,25,DP,sink,CommandSystem.TryUse,-2600
7,25,Fame,source,AdventurerAI.GrantReturnReward,20
7,25,Fame,source,LureEconomy.OnHeroEscaped,50
7,25,DP,source,Nemesis.OnSlain,2705
7,25,Material,source,Nemesis.OnSlain,15
7,25,DP,stock,end,5941
7,25,Material,stock,end,1302
7,25,Fame,stock,end,2601
7,26,DP,source,SurfaceMap.CollectYields,124
7,26,Material,source,SurfaceMap.CollectYields,6
7,26,Fame,source,SurfaceMap.CollectYields,28
7,26,DP,source,DistrictCatalog.Collect,28
7,26,DP,source,EraSystem.TickTurn,6528
7,26,DP,source,WaveRoster.ResolveTrial,1500
7,26,DP,sink,MinionRoster.TrySummon,-14076
7,26,DP,source,AdventurerAI.ReapEmotion,271
7,26,DP,sink,CommandSystem.TryUse,-2250
7,26,DP,source,AdventurerAI.TakeDamage,4282
7,26,Material,source,AdventurerAI.TakeDamage,70
7,26,Fame,source,AdventurerAI.GrantReturnReward,110
7,26,Fame,source,LureEconomy.OnHeroEscaped,275
7,26,DP,source,AdventurerAI.GrantReturnReward,642
7,26,DP,stock,end,2990
7,26,Material,stock,end,1378
7,26,Fame,stock,end,3014
7,27,DP,source,SurfaceMap.CollectYields,124
7,27,Material,source,SurfaceMap.CollectYields,6
7,27,Fame,source,SurfaceMap.CollectYields,28
7,27,DP,source,DistrictCatalog.Collect,28
7,27,DP,source,EraSystem.TickTurn,6528
7,27,DP,sink,MinionRoster.TrySummon,-9649
7,27,DP,source,AdventurerAI.ReapEmotion,200
7,27,DP,source,AdventurerAI.TakeDamage,6733
7,27,Material,source,AdventurerAI.TakeDamage,90
7,27,DP,sink,CommandSystem.TryUse,-2750
7,27,DP,source,AdventurerAI.GrantReturnReward,1027
7,27,Fame,source,AdventurerAI.GrantReturnReward,100
7,27,Fame,source,LureEconomy.OnHeroEscaped,250
7,27,DP,source,Nemesis.OnSlain,2769
7,27,Material,source,Nemesis.OnSlain,18
7,27,DP,stock,end,8000
7,27,Material,stock,end,1492
7,27,Fame,stock,end,3392
7,28,DP,source,SurfaceMap.CollectYields,124
7,28,Material,source,SurfaceMap.CollectYields,7
7,28,Fame,source,SurfaceMap.CollectYields,28
7,28,DP,source,DistrictCatalog.Collect,28
7,28,DP,source,EraSystem.TickTurn,3840
7,28,Material,source,EraSystem.TickTurn,37
7,28,Fame,source,EraSystem.TickTurn,80
7,28,DP,sink,MinionRoster.TrySummon,-11967
7,28,DP,source,AdventurerAI.ReapEmotion,175
7,28,DP,source,AdventurerAI.TakeDamage,2119
7,28,Material,source,AdventurerAI.TakeDamage,51
7,28,DP,sink,CommandSystem.TryUse,-2250
7,28,Fame,source,AdventurerAI.GrantReturnReward,130
7,28,Fame,source,LureEconomy.OnHeroEscaped,325
7,28,DP,source,AdventurerAI.GrantReturnReward,811
7,28,DP,source,Nemesis.OnSlain,1306
7,28,Material,source,Nemesis.OnSlain,8
7,28,DP,stock,end,2186
7,28,Material,stock,end,1595
7,28,Fame,stock,end,3955
7,29,DP,source,SurfaceMap.CollectYields,168
7,29,Material,source,SurfaceMap.CollectYields,9
7,29,Fame,source,SurfaceMap.CollectYields,38
7,29,DP,source,DistrictCatalog.Collect,28
7,29,DP,source,EraSystem.TickTurn,6528
7,29,Fame,source,EraSystem.TickTurn,192
7,29,DP,sink,MinionRoster.TrySummon,-8904
7,29,DP,source,AdventurerAI.ReapEmotion,186
7,29,DP,source,AdventurerAI.TakeDamage,12982
7,29,Material,source,AdventurerAI.TakeDamage,133
7,29,DP,sink,CommandSystem.TryUse,-2250
7,29,DP,source,AdventurerAI.GrantReturnReward,1051
7,29,Fame,source,AdventurerAI.GrantReturnReward,130
7,29,Fame,source,LureEconomy.OnHeroEscaped,325
7,29,DP,source,Nemesis.OnSlain,2916
7,29,Material,source,Nemesis.OnSlain,18
7,29,DP,stock,end,14891
7,29,Material,stock,end,1755
7,29,Fame,stock,end,4640
8,1,DP,stock,end,200
8,1,Material,stock,end,0
8,1,Fame,stock,end,0
8,2,DP,sink,DungeonFeatureManager.TryPlaceTrap,-750
8,2,DP,source,AdventurerAI.ReapEmotion,353
8,2,DP,source,AdventurerAI.GrantReturnReward,501
8,2,Fame,source,AdventurerAI.GrantReturnReward,40
8,2,Fame,source,LureEconomy.OnHeroEscaped,100
8,2,DP,sink,CommandSystem.TryUse,-1300
8,2,DP,source,AdventurerAI.TakeDamage,413
8,2,Material,source,AdventurerAI.TakeDamage,14
8,2,DP,source,SurfaceMap.CollectYields,18
8,2,Material,source,SurfaceMap.CollectYields,1
8,2,Fame,source,SurfaceMap.CollectYields,4
8,2,DP,source,EraSystem.TickTurn,600
8,2,Fame,source,EraSystem.TickTurn,25
8,2,DP,stock,end,35
8,2,Material,stock,end,15
8,2,Fame,stock,end,169
8,3,DP,source,SurfaceMap.CollectYields,18
8,3,Material,source,SurfaceMap.CollectYields,1
8,3,Fame,source,SurfaceMap.CollectYields,4
8,3,DP,source,EraSystem.TickTurn,600
8,3,Fame,source,EraSystem.TickTurn,25
8,3,DP,sink,DungeonFeatureManager.TryPlaceTrap,-300
8,3,DP,sink,DungeonFeatureManager.TryPlaceFeature,-250
8,3,DP,sink,MinionRoster.TrySummon,-98
8,3,DP,source,AdventurerAI.ReapEmotion,116
8,3,DP,source,AdventurerAI.TakeDamage,314
8,3,Material,source,AdventurerAI.TakeDamage,25
8,3,DP,sink,CommandSystem.TryUse,-300
8,3,DP,source,AdventurerAI.GrantReturnReward,279
8,3,Fame,source,AdventurerAI.GrantReturnReward,10
8,3,Fame,source,LureEconomy.OnHeroEscaped,25
8,3,DP,source,Nemesis.OnSlain,454
8,3,Material,source,Nemesis.OnSlain,5
8,3,DP,stock,end,868
8,3,Material,stock,end,46
8,3,Fame,stock,end,233
8,4,DP,source,SurfaceMap.CollectYields,18
8,4,Material,source,SurfaceMap.CollectYields,1
8,4,Fame,source,SurfaceMap.CollectYields,4
8,4,DP,source,EraSystem.TickTurn,600
8,4,Material,source,EraSystem.TickTurn,10
8,4,DP,sink,MinionRoster.TrySummon,-1308
8,4,DP,sink,DungeonFeatureManager.TryPlaceHabitat,-160
8,4,DP,source,AdventurerAI.ReapEmotion,176
8,4,DP,source,AdventurerAI.TakeDamage,403
8,4,Material,source,AdventurerAI.TakeDamage,22
8,4,DP,sink,CommandSystem.TryUse,-1150
8,4,DP,source,AdventurerAI.GrantReturnReward,269
8,4,Fame,source,AdventurerAI.GrantReturnReward,10
8,4,Fame,source,LureEconomy.OnHeroEscaped,25
8,4,DP,source,Nemesis.OnSlain,470
8,4,Material,source,Nemesis.OnSlain,5
8,4,DP,stock,end,186
8,4,Material,stock,end,84
8,4,Fame,stock,end,272
8,5,DP,source,SurfaceMap.CollectYields,18
8,5,Material,source,SurfaceMap.CollectYields,1
8,5,Fame,source,SurfaceMap.CollectYields,4
8,5,DP,source,EraSystem.TickTurn,600
8,5,DP,sink,DungeonFeatureManager.TryPlaceFeature,-250
8,5,DP,sink,DungeonFeatureManager.TryPlaceHabitat,-340
8,5,DP,sink,MinionRoster.TrySummon,-202
8,5,DP,source,AdventurerAI.TakeDamage,509
8,5,Material,source,AdventurerAI.TakeDamage,14
8,5,DP,source,AdventurerAI.ReapEmotion,193
8,5,Fame,source,AdventurerAI.GrantReturnReward,10
8,5,Fame,source,LureEconomy.OnHeroEscaped,25
8,5,DP,sink,CommandSystem.TryUse,-650
8,5,DP,source,Nemesis.OnSlain,486
8,5,Material,source,Nemesis.OnSlain,5
8,5,DP,stock,end,550
8,5,Material,stock,end,104
8,5,Fame,stock,end,311
8,6,DP,source,SurfaceMap.CollectYields,38
8,6,Material,source,SurfaceMap.CollectYields,2
8,6,Fame,source,SurfaceMap.CollectYields,8
8,6,DP,source,EraSystem.TickTurn,600
8,6,DP,sink,MinionRoster.TrySummon,-1181
8,6,DP,source,AdventurerAI.TakeDamage,699
8,6,Material,source,AdventurerAI.TakeDamage,24
8,6,DP,source,AdventurerAI.ReapEmotion,261
8,6,DP,sink,CommandSystem.TryUse,-1300
8,6,DP,source,Nemesis.OnSlain,1036
8,6,Material,source,Nemesis.OnSlain,10
8,6,DP,stock,end,703
8,6,Material,stock,end,140
8,6,Fame,stock,end,319
8,7,DP,source,SurfaceMap.CollectYields,38
8,7,Material,source,SurfaceMap.CollectYields,2
8,7,Fame,source,SurfaceMap.CollectYields,8
8,7,DP,source,EraSystem.TickTurn,1020
8,7,DP,sink,MinionRoster.TrySummon,-1740
8,7,DP,source,AdventurerAI.ReapEmotion,140
8,7,Fame,source,AdventurerAI.GrantReturnReward,70
8,7,Fame,source,LureEconomy.OnHeroEscaped,175
8,7,DP,source,AdventurerAI.GrantReturnReward,525
8,7,DP,sink,CommandSystem.TryUse,-300
8,7,DP,source,AdventurerAI.TakeDamage,88
8,7,Material,source,AdventurerAI.TakeDamage,2
8,7,DP,stock,end,474
8,7,Material,stock,end,144
8,7,Fame,stock,end,572
8,8,DP,source,SurfaceMap.CollectYields,38
8,8,Material,source,SurfaceMap.CollectYields,2
8,8,Fame,source,SurfaceMap.CollectYields,8
8,8,DP,sink,MinionRoster.TrySummon,-507
8,8,DP,source,AdventurerAI.ReapEmotion,197
8,8,DP,source,AdventurerAI.TakeDamage,900
8,8,Material,source,AdventurerAI.TakeDamage,28
8,8,Fame,source,AdventurerAI.GrantReturnReward,10
8,8,Fame,source,LureEconomy.OnHeroEscaped,25
8,8,DP,sink,CommandSystem.TryUse,-950
8,8,DP,stock,end,152
8,8,Material,stock,end,174
8,8,Fame,stock,end,615
8,9,DP,source,SurfaceMap.CollectYields,44
8,9,Material,source,SurfaceMap.CollectYields,2
8,9,Fame,source,SurfaceMap.CollectYields,10
8,9,DP,source,EraSystem.TickTurn,300
8,9,Fame,source,EraSystem.TickTurn,25
8,9,DP,sink,MinionRoster.TrySummon,-484
8,9,DP,source,AdventurerAI.ReapEmotion,210
8,9,DP,source,AdventurerAI.GrantReturnReward,312
8,9,Fame,source,AdventurerAI.GrantReturnReward,30
8,9,Fame,source,LureEconomy.OnHeroEscaped,75
8,9,DP,sink,CommandSystem.TryUse,-650
8,9,DP,source,AdventurerAI.TakeDamage,245
8,9,Material,source,AdventurerAI.TakeDamage,6
8,9,DP,stock,end,129
8,9,Material,stock,end,182
8,9,Fame,stock,end,755
8,10,DP,source,SurfaceMap.CollectYields,78
8,10,Material,source,SurfaceMap.CollectYields,3
8,10,Fame,source,SurfaceMap.CollectYields,16
8,10,DP,sink,MinionRoster.TrySummon,-191
8,10,DP,source,AdventurerAI.TakeDamage,1013
8,10,Material,source,AdventurerAI.TakeDamage,28
8,10,DP,source,AdventurerAI.ReapEmotion,142
8,10,DP,sink,CommandSystem.TryUse,-1800
8,10,Fame,source,AdventurerAI.GrantReturnReward,10
8,10,Fame,source,LureEconomy.OnHeroEscaped,25
8,10,DP,source,Nemesis.OnSlain,1232
8,10,Material,source,Nemesis.OnSlain,10
8,10,DP,stock,end,603
8,10,Material,stock,end,223
8,10,Fame,stock,end,806
8,11,DP,source,SurfaceMap.CollectYields,78
8,11,Material,source,SurfaceMap.CollectYields,3
8,11,Fame,source,SurfaceMap.CollectYields,16
8,11,DP,source,WaveRoster.ResolveTrial,900
8,11,DP,sink,MinionRoster.TrySummon,-1572
8,11,DP,source,AdventurerAI.ReapEmotion,150
8,11,DP,source,AdventurerAI.TakeDamage,1962
8,11,Material,source,AdventurerAI.TakeDamage,85
8,11,DP,sink,CommandSystem.TryUse,-1800
8,11,Fame,source,AdventurerAI.GrantReturnReward,20
8,11,Fame,source,LureEconomy.OnHeroEscaped,50
8,11,DP,source,AdventurerAI.GrantReturnReward,68
8,11,DP,source,Nemesis.OnSlain,2469
8,11,Material,source,Nemesis.OnSlain,19
8,11,DP,stock,end,2858
8,11,Material,stock,end,330
8,11,Fame,stock,end,892
8,12,DP,source,SurfaceMap.CollectYields,78
8,12,Material,source,SurfaceMap.CollectYields,3
8,12,Fame,source,SurfaceMap.CollectYields,16
8,12,DP,source,DistrictCatalog.Collect,42
8,12,DP,source,EraSystem.TickTurn,1020
8,12,DP,sink,MinionRoster.TrySummon,-3978
8,12,DP,source,AdventurerAI.ReapEmotion,161
8,12,DP,source,AdventurerAI.TakeDamage,895
8,12,Material,source,AdventurerAI.TakeDamage,31
8,12,DP,sink,CommandSystem.TryUse,-1800
8,12,DP,source,AdventurerAI.GrantReturnReward,881
8,12,Fame,source,AdventurerAI.GrantReturnReward,30
8,12,Fame,source,LureEconomy.OnHeroEscaped,75
8,12,DP,source,Nemesis.OnSlain,1296
8,12,Material,source,Nemesis.OnSlain,10
8,12,DP,stock,end,1453
8,12,Material,stock,end,374
8,12,Fame,stock,end,1013
8,13,DP,source,SurfaceMap.CollectYields,80
8,13,Material,source,SurfaceMap.CollectYields,4
8,13,Fame,source,SurfaceMap.CollectYields,18
8,13,DP,source,DistrictCatalog.Collect,42
8,13,DP,sink,MinionRoster.TrySummon,-1571
8,13,DP,source,AdventurerAI.ReapEmotion,162
8,13,DP,source,AdventurerAI.TakeDamage,1118
8,13,Material,source,AdventurerAI.TakeDamage,52
8,13,DP,sink,CommandSystem.TryUse,-1800
8,13,DP,source,AdventurerAI.GrantReturnReward,76
8,13,Fame,source,AdventurerAI.GrantReturnReward,10
8,13,Fame,source,LureEconomy.OnHeroEscaped,25
8,13,DP,source,Nemesis.OnSlain,1360
8,13,Material,source,Nemesis.OnSlain,10
8,13,DP,stock,end,920
8,13,Material,stock,end,440
8,13,Fame,stock,end,1066
8,14,DP,source,SurfaceMap.CollectYields,80
8,14,Material,source,SurfaceMap.CollectYields,4
8,14,Fame,source,SurfaceMap.CollectYields,18
8,14,DP,source,DistrictCatalog.Collect,42
8,14,DP,sink,MinionRoster.TrySummon,-1030
8,14,DP,source,AdventurerAI.ReapEmotion,315
8,14,DP,sink,CommandSystem.TryUse,-1800
8,14,DP,source,AdventurerAI.TakeDamage,898
8,14,Material,source,AdventurerAI.TakeDamage,34
8,14,Fame,source,AdventurerAI.GrantReturnReward,40
8,14,Fame,source,LureEconomy.OnHeroEscaped,100
8,14,DP,source,Nemesis.OnSlain,1394
8,14,Material,source,Nemesis.OnSlain,10
8,14,DP,stock,end,819
8,14,Material,stock,end,488
8,14,Fame,stock,end,1224
8,15,DP,source,SurfaceMap.CollectYields,80
8,15,Material,source,SurfaceMap.CollectYields,4
8,15,Fame,source,SurfaceMap.CollectYields,18
8,15,DP,source,DistrictCatalog.Collect,42
8,15,DP,sink,MinionRoster.TrySummon,-918
8,15,DP,source,AdventurerAI.ReapEmotion,348
8,15,DP,sink,CommandSystem.TryUse,-1800
8,15,DP,source,AdventurerAI.TakeDamage,2305
8,15,Material,source,AdventurerAI.TakeDamage,69
8,15,DP,source,Nemesis.OnSlain,2139
8,15,Material,source,Nemesis.OnSlain,15
8,15,DP,stock,end,3015
8,15,Material,stock,end,576
8,15,Fame,stock,end,1242
8,16,DP,source,SurfaceMap.CollectYields,80
8,16,Material,source,SurfaceMap.CollectYields,4
8,16,Fame,source,SurfaceMap.CollectYields,18
8,16,DP,source,DistrictCatalog.Collect,42
8,16,DP,source,EraSystem.TickTurn,300
8,16,DP,source,WaveRoster.ResolveTrial,1200
8,16,DP,sink,MinionRoster.TrySummon,-4637
8,16,DP,source,AdventurerAI.ReapEmotion,360
8,16,DP,sink,CommandSystem.TryUse,-2300
8,16,Fame,source,AdventurerAI.GrantReturnReward,50
8,16,Fame,source,LureEconomy.OnHeroEscaped,125
8,16,DP,source,AdventurerAI.TakeDamage,831
8,16,Material,source,AdventurerAI.TakeDamage,29
8,16,DP,source,AdventurerAI.GrantReturnReward,745
8,16,DP,source,Nemesis.OnSlain,1458
8,16,Material,source,Nemesis.OnSlain,10
8,16,DP,stock,end,1094
8,16,Material,stock,end,619
8,16,Fame,stock,end,1435
8,17,DP,source,SurfaceMap.CollectYields,100
8,17,Material,source,SurfaceMap.CollectYields,5
8,17,Fame,source,SurfaceMap.CollectYields,22
8,17,DP,source,DistrictCatalog.Collect,42
8,17,DP,source,EraSystem.TickTurn,720
8,17,DP,sink,MinionRoster.TrySummon,-1928
8,17,DP,source,AdventurerAI.ReapEmotion,266
8,17,DP,source,AdventurerAI.TakeDamage,1520
8,17,Material,source,AdventurerAI.TakeDamage,45
8,17,DP,sink,CommandSystem.TryUse,-1800
8,17,Fame,source,AdventurerAI.GrantReturnReward,20
8,17,Fame,source,LureEconomy.OnHeroEscaped,50
8,17,DP,source,Nemesis.OnSlain,1490
8,17,Material,source,Nemesis.OnSlain,10
8,17,DP,stock,end,1504
8,17,Material,stock,end,679
8,17,Fame,stock,end,1527
8,18,DP,source,SurfaceMap.CollectYields,100
8,18,Material,source,SurfaceMap.CollectYields,5
8,18,Fame,source,SurfaceMap.CollectYields,22
8,18,DP,source,DistrictCatalog.Collect,42
8,18,DP,sink,MinionRoster.TrySummon,-1635
8,18,DP,source,AdventurerAI.ReapEmotion,278
8,18,DP,source,AdventurerAI.TakeDamage,2275
8,18,Material,source,AdventurerAI.TakeDamage,74
8,18,DP,sink,CommandSystem.TryUse,-1800
8,18,DP,source,AdventurerAI.GrantReturnReward,758
8,18,Fame,source,AdventurerAI.GrantReturnReward,50
8,18,Fame,source,LureEconomy.OnHeroEscaped,125
8,18,DP,source,Nemesis.OnSlain,2300
8,18,Material,source,Nemesis.OnSlain,15
8,18,DP,stock,end,3822
8,18,Material,stock,end,773
8,18,Fame,stock,end,1724
8,19,DP,source,SurfaceMap.CollectYields,100
8,19,Material,source,SurfaceMap.CollectYields,5
8,19,Fame,source,SurfaceMap.CollectYields,22
8,19,DP,source,DistrictCatalog.Collect,42
8,19,DP,sink,MinionRoster.TrySummon,-3954
8,19,DP,source,AdventurerAI.ReapEmotion,343
8,19,DP,source,AdventurerAI.TakeDamage,1650
8,19,Material,source,AdventurerAI.TakeDamage,45
8,19,DP,sink,CommandSystem.TryUse,-1800
8,19,DP,source,Nemesis.OnSlain,1588
8,19,Material,source,Nemesis.OnSlain,10
8,19,DP,source,AdventurerAI.GrantReturnReward,908
8,19,Fame,source,AdventurerAI.GrantReturnReward,30
8,19,Fame,source,LureEconomy.OnHeroEscaped,75
8,19,DP,stock,end,2699
8,19,Material,stock,end,833
8,19,Fame,stock,end,1851
8,20,DP,source,SurfaceMap.CollectYields,132
8,20,Material,source,SurfaceMap.CollectYields,5
8,20,Fame,source,SurfaceMap.CollectYields,27
8,20,DP,source,DistrictCatalog.Collect,56
8,20,DP,sink,MinionRoster.TrySummon,-2861
8,20,DP,source,AdventurerAI.ReapEmotion,177
8,20,DP,source,AdventurerAI.TakeDamage,2314
8,20,Material,source,AdventurerAI.TakeDamage,50
8,20,DP,sink,CommandSystem.TryUse,-1900
8,20,Fame,source,AdventurerAI.GrantReturnReward,30
8,20,Fame,source,LureEconomy.OnHeroEscaped,75
8,20,DP,source,Nemesis.OnSlain,2430
8,20,Material,source,Nemesis.OnSlain,15
8,20,DP,source,AdventurerAI.GrantReturnReward,174
8,20,DP,stock,end,3221
8,20,Material,stock,end,903
8,20,Fame,stock,end,1983
8,21,DP,source,SurfaceMap.CollectYields,162
8,21,Material,source,SurfaceMap.CollectYields,6
8,21,Fame,source,SurfaceMap.CollectYields,33
8,21,DP,source,DistrictCatalog.Collect,56
8,21,DP,source,WaveRoster.ResolveTrial,1200
8,21,DP,sink,MinionRoster.TrySummon,-4631
8,21,DP,source,AdventurerAI.ReapEmotion,240
8,21,DP,source,AdventurerAI.TakeDamage,1967
8,21,Material,source,AdventurerAI.TakeDamage,52
8,21,DP,sink,CommandSystem.TryUse,-2250
8,21,DP,source,Nemesis.OnSlain,1652
8,21,Material,source,Nemesis.OnSlain,10
8,21,DP,source,AdventurerAI.GrantReturnReward,341
8,21,Fame,source,AdventurerAI.GrantReturnReward,30
8,21,Fame,source,LureEconomy.OnHeroEscaped,75
8,21,DP,stock,end,1958
8,21,Material,stock,end,971
8,21,Fame,stock,end,2121
8,22,DP,source,SurfaceMap.CollectYields,162
8,22,Material,source,SurfaceMap.CollectYields,6
8,22,Fame,source,SurfaceMap.CollectYields,33
8,22,DP,source,DistrictCatalog.Collect,56
8,22,DP,sink,MinionRoster.TrySummon,-2142
8,22,DP,source,AdventurerAI.ReapEmotion,274
8,22,DP,sink,CommandSystem.TryUse,-2250
8,22,DP,source,AdventurerAI.TakeDamage,2132
8,22,Material,source,AdventurerAI.TakeDamage,51
8,22,DP,source,AdventurerAI.GrantReturnReward,1514
8,22,Fame,source,AdventurerAI.GrantReturnReward,180
8,22,Fame,source,LureEconomy.OnHeroEscaped,450
8,22,DP,source,Nemesis.OnSlain,1684
8,22,Material,source,Nemesis.OnSlain,10
8,22,DP,stock,end,3388
8,22,Material,stock,end,1038
8,22,Fame,stock,end,2784
8,23,DP,source,SurfaceMap.CollectYields,162
8,23,Material,source,SurfaceMap.CollectYields,6
8,23,Fame,source,SurfaceMap.CollectYields,33
8,23,DP,source,DistrictCatalog.Collect,42
8,23,DP,sink,MinionRoster.TrySummon,-3555
8,23,DP,source,AdventurerAI.ReapEmotion,174
8,23,DP,source,AdventurerAI.TakeDamage,1809
8,23,Material,source,AdventurerAI.TakeDamage,32
8,23,DP,sink,CommandSystem.TryUse,-2750
8,23,DP,source,AdventurerAI.GrantReturnReward,685
8,23,Fame,source,AdventurerAI.GrantReturnReward,40
8,23,Fame,source,LureEconomy.OnHeroEscaped,100
8,23,DP,source,Nemesis.OnSlain,2038
8,23,Material,source,Nemesis.OnSlain,12
8,23,DP,stock,end,1993
8,23,Material,stock,end,1088
8,23,Fame,stock,end,2957
8,24,DP,source,SurfaceMap.CollectYields,123
8,24,Material,source,SurfaceMap.CollectYields,6
8,24,Fame,source,SurfaceMap.CollectYields,27
8,24,DP,source,DistrictCatalog.Collect,42
8,24,DP,sink,MinionRoster.TrySummon,-2139
8,24,DP,source,IncidentSystem.Apply,600
8,24,DP,sink,CommandSystem.TryUse,-3200
8,24,DP,source,AdventurerAI.ReapEmotion,383
8,24,DP,source,AdventurerAI.TakeDamage,2309
8,24,Material,source,AdventurerAI.TakeDamage,42
8,24,DP,source,AdventurerAI.GrantReturnReward,550
8,24,Fame,source,AdventurerAI.GrantReturnReward,120
8,24,Fame,source,LureEconomy.OnHeroEscaped,300
8,24,DP,stock,end,661
8,24,Material,stock,end,1136
8,24,Fame,stock,end,3404
8,25,DP,source,SurfaceMap.CollectYields,146
8,25,Material,source,SurfaceMap.CollectYields,7
8,25,Fame,source,SurfaceMap.CollectYields,32
8,25,DP,source,DistrictCatalog.Collect,28
8,25,DP,source,EraSystem.TickTurn,3840
8,25,DP,sink,MinionRoster.TrySummon,-4636
8,25,DP,source,AdventurerAI.TakeDamage,6300
8,25,Material,source,AdventurerAI.TakeDamage,77
8,25,DP,sink,CommandSystem.TryUse,-1900
8,25,Fame,source,AdventurerAI.GrantReturnReward,80
8,25,Fame,source,LureEconomy.OnHeroEscaped,200
8,25,DP,source,AdventurerAI.ReapEmotion,287
8,25,DP,stock,end,4726
8,25,Material,stock,end,1220
8,25,Fame,stock,end,3716
8,26,DP,source,SurfaceMap.CollectYields,146
8,26,Material,source,SurfaceMap.CollectYields,7
8,26,Fame,source,SurfaceMap.CollectYields,32
8,26,DP,source,DistrictCatalog.Collect,28
8,26,DP,source,EraSystem.TickTurn,6528
8,26,DP,source,WaveRoster.ResolveTrial,1800
8,26,DP,sink,MinionRoster.TrySummon,-13214
8,26,DP,source,AdventurerAI.ReapEmotion,199
8,26,DP,source,AdventurerAI.TakeDamage,5654
8,26,Material,source,AdventurerAI.TakeDamage,54
8,26,DP,sink,CommandSystem.TryUse,-3200
8,26,DP,source,AdventurerAI.GrantReturnReward,5061
8,26,Fame,source,AdventurerAI.GrantReturnReward,150
8,26,Fame,source,LureEconomy.OnHeroEscaped,375
8,26,DP,source,Nemesis.OnSlain,3794
8,26,Material,source,Nemesis.OnSlain,21
8,26,DP,stock,end,11522
8,26,Material,stock,end,1302
8,26,Fame,stock,end,4273
8,27,DP,source,SurfaceMap.CollectYields,146
8,27,Material,source,SurfaceMap.CollectYields,7
8,27,Fame,source,SurfaceMap.CollectYields,32
8,27,DP,source,DistrictCatalog.Collect,28
8,27,DP,source,EraSystem.TickTurn,6528
8,27,DP,sink,MinionRoster.TrySummon,-18206
8,27,DP,source,AdventurerAI.ReapEmotion,169
8,27,DP,source,AdventurerAI.TakeDamage,2901
8,27,Material,source,AdventurerAI.TakeDamage,40
8,27,DP,sink,CommandSystem.TryUse,-2700
8,27,Fame,source,AdventurerAI.GrantReturnReward,110
8,27,Fame,source,LureEconomy.OnHeroEscaped,275
8,27,DP,source,AdventurerAI.GrantReturnReward,300
8,27,DP,stock,end,688
8,27,Material,stock,end,1349
8,27,Fame,stock,end,4690
8,28,DP,source,SurfaceMap.CollectYields,144
8,28,Material,source,SurfaceMap.CollectYields,8
8,28,Fame,source,SurfaceMap.CollectYields,32
8,28,DP,source,DistrictCatalog.Collect,28
8,28,DP,source,EraSystem.TickTurn,3840
8,28,Material,source,EraSystem.TickTurn,37
8,28,Fame,source,EraSystem.TickTurn,80
8,28,DP,sink,MinionRoster.TrySummon,-4686
8,28,DP,source,AdventurerAI.ReapEmotion,219
8,28,DP,source,AdventurerAI.TakeDamage,16909
8,28,Material,source,AdventurerAI.TakeDamage,116
8,28,DP,sink,CommandSystem.TryUse,-2600
8,28,Fame,source,AdventurerAI.GrantReturnReward,150
8,28,Fame,source,LureEconomy.OnHeroEscaped,375
8,28,DP,source,Nemesis.OnSlain,2916
8,28,Material,source,Nemesis.OnSlain,18
8,28,DP,stock,end,17458
8,28,Material,stock,end,1528
8,28,Fame,stock,end,5327
8,29,DP,source,SurfaceMap.CollectYields,144
8,29,Material,source,SurfaceMap.CollectYields,8
8,29,Fame,source,SurfaceMap.CollectYields,32
8,29,DP,source,DistrictCatalog.Collect,28
8,29,DP,source,EraSystem.TickTurn,6528
8,29,Fame,source,EraSystem.TickTurn,192
8,29,DP,sink,MinionRoster.TrySummon,-24137
8,29,DP,source,AdventurerAI.ReapEmotion,188
8,29,DP,source,AdventurerAI.TakeDamage,14231
8,29,Material,source,AdventurerAI.TakeDamage,104
8,29,DP,sink,CommandSystem.TryUse,-3100
8,29,Fame,source,AdventurerAI.GrantReturnReward,120
8,29,Fame,source,LureEconomy.OnHeroEscaped,300
8,29,DP,source,AdventurerAI.GrantReturnReward,362
8,29,DP,source,Nemesis.OnSlain,2652
8,29,Material,source,Nemesis.OnSlain,16
8,29,DP,stock,end,14354
8,29,Material,stock,end,1656
8,29,Fame,stock,end,5971
9,1,DP,sink,DungeonFeatureManager.TryPlaceTrap,-150
9,1,DP,source,AdventurerAI.ReapEmotion,100
9,1,DP,source,AdventurerAI.TakeDamage,107
9,1,Material,source,AdventurerAI.TakeDamage,4
9,1,DP,source,AdventurerAI.GrantReturnReward,444
9,1,Fame,source,AdventurerAI.GrantReturnReward,30
9,1,Fame,source,LureEconomy.OnHeroEscaped,75
9,1,DP,sink,CommandSystem.TryUse,-650
9,1,DP,stock,end,51
9,1,Material,stock,end,4
9,1,Fame,stock,end,105
9,2,DP,source,SurfaceMap.CollectYields,18
9,2,Material,source,SurfaceMap.CollectYields,1
9,2,Fame,source,SurfaceMap.CollectYields,4
9,2,DP,source,EraSystem.TickTurn,600
9,2,Fame,source,EraSystem.TickTurn,25
9,2,DP,sink,MinionRoster.TryForge,-236
9,2,DP,sink,MinionEvolution.TryEvolve,-75
9,2,DP,sink,DungeonFeatureManager.TryPlaceTrap,-300
9,2,DP,sink,MinionRoster.TrySummon,-58
9,2,DP,source,AdventurerAI.ReapEmotion,158
9,2,DP,source,AdventurerAI.TakeDamage,146
9,2,Material,source,AdventurerAI.TakeDamage,6
9,2,DP,sink,CommandSystem.TryUse,-650
9,2,DP,source,AdventurerAI.GrantReturnReward,557
9,2,Fame,source,AdventurerAI.GrantReturnReward,30
9,2,Fame,source,LureEconomy.OnHeroEscaped,75
9,2,DP,stock,end,211
9,2,Material,stock,end,11
9,2,Fame,stock,end,239
9,3,DP,source,SurfaceMap.CollectYields,18
9,3,Material,source,SurfaceMap.CollectYields,1
9,3,Fame,source,SurfaceMap.CollectYields,4
9,3,DP,source,EraSystem.TickTurn,600
9,3,Material,source,EraSystem.TickTurn,10
9,3,DP,sink,MinionRoster.TryForge,-236
9,3,DP,sink,MinionEvolution.TryEvolve,-150
9,3,DP,sink,DungeonFeatureManager.TryPlaceTrap,-300
9,3,DP,sink,MinionRoster.TrySummon,-126
9,3,DP,source,AdventurerAI.ReapEmotion,99
9,3,DP,source,AdventurerAI.TakeDamage,414
9,3,Material,source,AdventurerAI.TakeDamage,14
9,3,DP,sink,CommandSystem.TryUse,-650
9,3,DP,source,Nemesis.OnSlain,454
9,3,Material,source,Nemesis.OnSlain,5
9,3,DP,stock,end,334
9,3,Material,stock,end,41
9,3,Fame,stock,end,243
9,4,DP,source,SurfaceMap.CollectYields,18
9,4,Material,source,SurfaceMap.CollectYields,1
9,4,Fame,source,SurfaceMap.CollectYields,4
9,4,DP,source,EraSystem.TickTurn,600
9,4,DP,sink,MinionRoster.TryForge,-236
9,4,DP,sink,DungeonFloorManager.TryExpandFloor,-400
9,4,DP,sink,DungeonFeatureManager.TryPlaceTrap,-150
9,4,DP,sink,MinionRoster.TrySummon,-151
9,4,DP,source,AdventurerAI.ReapEmotion,120
9,4,DP,source,AdventurerAI.TakeDamage,347
9,4,Material,source,AdventurerAI.TakeDamage,29
9,4,DP,sink,CommandSystem.TryUse,-650
9,4,DP,source,AdventurerAI.GrantReturnReward,111
9,4,Fame,source,AdventurerAI.GrantReturnReward,20
9,4,Fame,source,LureEconomy.OnHeroEscaped,50
9,4,DP,source,Nemesis.OnSlain,470
9,4,Material,source,Nemesis.OnSlain,5
9,4,DP,stock,end,413
9,4,Material,stock,end,76
9,4,Fame,stock,end,317
9,5,DP,source,SurfaceMap.CollectYields,18
9,5,Material,source,SurfaceMap.CollectYields,1
9,5,Fame,source,SurfaceMap.CollectYields,4
9,5,DP,source,EraSystem.TickTurn,600
9,5,DP,sink,MinionRoster.TryForge,-212
9,5,DP,sink,MinionEvolution.TryEvolve,-400
9,5,DP,sink,MinionRoster.TryEvolveIndividual,-75
9,5,DP,sink,DungeonFeatureManager.TryPlaceTrap,-150
9,5,DP,sink,MinionRoster.TrySummon,-180
9,5,DP,source,AdventurerAI.ReapEmotion,193
9,5,DP,source,AdventurerAI.TakeDamage,819
9,5,Material,source,AdventurerAI.TakeDamage,28
9,5,DP,sink,CommandSystem.TryUse,-1300
9,5,DP,source,AdventurerAI.GrantReturnReward,257
9,5,Fame,source,AdventurerAI.GrantReturnReward,10
9,5,Fame,source,LureEconomy.OnHeroEscaped,25
9,5,DP,source,Nemesis.OnSlain,1004
9,5,Material,source,Nemesis.OnSlain,10
9,5,DP,stock,end,987
9,5,Material,stock,end,115
9,5,Fame,stock,end,356
9,6,DP,source,SurfaceMap.CollectYields,39
9,6,Material,source,SurfaceMap.CollectYields,2
9,6,Fame,source,SurfaceMap.CollectYields,9
9,6,DP,source,EraSystem.TickTurn,600
9,6,Material,source,EraSystem.TickTurn,10
9,6,Fame,source,EraSystem.TickTurn,25
9,6,DP,sink,MinionRoster.TryForge,-212
9,6,DP,sink,DungeonFloorManager.TryAddFloor,-800
9,6,DP,sink,MinionEvolution.TryEvolve,-200
9,6,DP,sink,DungeonFeatureManager.TryPlaceTrap,-300
9,6,DP,sink,MinionRoster.TrySummon,-112
9,6,DP,source,AdventurerAI.ReapEmotion,80
9,6,DP,source,AdventurerAI.TakeDamage,433
9,6,Material,source,AdventurerAI.TakeDamage,23
9,6,DP,sink,CommandSystem.TryUse,-650
9,6,DP,source,AdventurerAI.GrantReturnReward,814
9,6,Fame,source,AdventurerAI.GrantReturnReward,30
9,6,Fame,source,LureEconomy.OnHeroEscaped,75
9,6,DP,stock,end,679
9,6,Material,stock,end,150
9,6,Fame,stock,end,495
9,7,DP,source,SurfaceMap.CollectYields,39
9,7,Material,source,SurfaceMap.CollectYields,2
9,7,Fame,source,SurfaceMap.CollectYields,9
9,7,DP,source,EraSystem.TickTurn,600
9,7,DP,sink,MinionRoster.TryForge,-212
9,7,DP,sink,DungeonFloorManager.TryExpandFloor,-400
9,7,DP,sink,MinionEvolution.TryEvolve,-325
9,7,DP,sink,DungeonFeatureManager.TryPlaceTrap,-150
9,7,DP,sink,MinionRoster.TrySummon,-230
9,7,DP,source,AdventurerAI.ReapEmotion,145
9,7,DP,source,AdventurerAI.TakeDamage,812
9,7,Material,source,AdventurerAI.TakeDamage,31
9,7,DP,source,AdventurerAI.GrantReturnReward,395
9,7,Fame,source,AdventurerAI.GrantReturnReward,10
9,7,Fame,source,LureEconomy.OnHeroEscaped,25
9,7,DP,sink,CommandSystem.TryUse,-950
9,7,DP,stock,end,403
9,7,Material,stock,end,183
9,7,Fame,stock,end,539
9,8,DP,source,SurfaceMap.CollectYields,39
9,8,Material,source,SurfaceMap.CollectYields,2
9,8,Fame,source,SurfaceMap.CollectYields,9
9,8,DP,source,EraSystem.TickTurn,1020
9,8,DP,sink,MinionRoster.TryForge,-212
9,8,DP,sink,DungeonFloorManager.TryExpandFloor,-800
9,8,DP,sink,MinionRoster.TryEvolveIndividual,-150
9,8,DP,sink,DungeonFeatureManager.TryPlaceTrap,-150
9,8,DP,sink,MinionRoster.TrySummon,-131
9,8,DP,source,AdventurerAI.ReapEmotion,223
9,8,Fame,source,AdventurerAI.GrantReturnReward,30
9,8,Fame,source,LureEconomy.OnHeroEscaped,75
9,8,DP,source,AdventurerAI.TakeDamage,901
9,8,Material,source,AdventurerAI.TakeDamage,45
9,8,DP,sink,CommandSystem.TryUse,-1800
9,8,DP,source,AdventurerAI.GrantReturnReward,663
9,8,DP,source,Nemesis.OnSlain,1550
9,8,Material,source,Nemesis.OnSlain,14
9,8,DP,stock,end,1556
9,8,Material,stock,end,244
9,8,Fame,stock,end,653
9,9,DP,source,SurfaceMap.CollectYields,69
9,9,Material,source,SurfaceMap.CollectYields,3
9,9,Fame,source,SurfaceMap.CollectYields,17
9,9,DP,source,EraSystem.TickTurn,600
9,9,Fame,source,EraSystem.TickTurn,25
9,9,DP,sink,MinionRoster.TryForge,-190
9,9,DP,sink,DungeonFloorManager.TryExpandFloor,-800
9,9,DP,sink,MinionEvolution.TryEvolve,-700
9,9,DP,sink,MinionRoster.TryEvolveIndividual,-200
9,9,DP,sink,DungeonFeatureManager.TryPlaceTrap,-150
9,9,DP,sink,MinionRoster.TrySummon,-177
9,9,DP,source,AdventurerAI.ReapEmotion,231
9,9,DP,source,AdventurerAI.GrantReturnReward,1225
9,9,Fame,source,AdventurerAI.GrantReturnReward,60
9,9,Fame,source,LureEconomy.OnHeroEscaped,150
9,9,DP,sink,CommandSystem.TryUse,-1500
9,9,DP,source,AdventurerAI.TakeDamage,537
9,9,Material,source,AdventurerAI.TakeDamage,41
9,9,DP,source,Nemesis.OnSlain,599
9,9,Material,source,Nemesis.OnSlain,5
9,9,DP,stock,end,1100
9,9,Material,stock,end,293
9,9,Fame,stock,end,905
9,10,DP,source,SurfaceMap.CollectYields,79
9,10,Material,source,SurfaceMap.CollectYields,3
9,10,Fame,source,SurfaceMap.CollectYields,17
9,10,DP,source,EraSystem.TickTurn,300
9,10,DP,sink,MinionRoster.TryForge,-285
9,10,DP,sink,MinionEvolution.TryEvolve,-800
9,10,DP,sink,DungeonFeatureManager.TryPlaceTrap,-150
9,10,DP,sink,MinionRoster.TrySummon,-235
9,10,DP,source,AdventurerAI.ReapEmotion,155
9,10,DP,source,AdventurerAI.GrantReturnReward,1399
9,10,Fame,source,AdventurerAI.GrantReturnReward,50
9,10,Fame,source,LureEconomy.OnHeroEscaped,125
9,10,DP,source,AdventurerAI.TakeDamage,936
9,10,Material,source,AdventurerAI.TakeDamage,29
9,10,DP,sink,CommandSystem.TryUse,-2250
9,10,DP,source,Nemesis.OnSlain,632
9,10,Material,source,Nemesis.OnSlain,5
9,10,DP,stock,end,881
9,10,Material,stock,end,330
9,10,Fame,stock,end,1097
9,11,DP,source,SurfaceMap.CollectYields,79
9,11,Material,source,SurfaceMap.CollectYields,3
9,11,Fame,source,SurfaceMap.CollectYields,17
9,11,DP,source,EraSystem.TickTurn,720
9,11,DP,sink,MinionRoster.TryForge,-190
9,11,DP,sink,MinionRoster.TryEvolveIndividual,-1125
9,11,DP,sink,DungeonFeatureManager.TryPlaceTrap,-150
9,11,DP,sink,MinionRoster.TrySummon,-200
9,11,DP,source,AdventurerAI.ReapEmotion,154
9,11,DP,source,AdventurerAI.TakeDamage,653
9,11,Material,source,AdventurerAI.TakeDamage,22
9,11,DP,sink,CommandSystem.TryUse,-3400
9,11,DP,source,AdventurerAI.GrantReturnReward,4003
9,11,Fame,source,AdventurerAI.GrantReturnReward,170
9,11,Fame,source,LureEconomy.OnHeroEscaped,425
9,11,DP,stock,end,1425
9,11,Material,stock,end,355
9,11,Fame,stock,end,1709
9,12,DP,source,SurfaceMap.CollectYields,106
9,12,Material,source,SurfaceMap.CollectYields,4
9,12,Fame,source,SurfaceMap.CollectYields,22
9,12,DP,source,DistrictCatalog.Collect,98
9,12,DP,sink,MinionRoster.TryForge,-883
9,12,DP,sink,MinionRoster.TryEvolveIndividual,-325
9,12,DP,sink,DungeonFeatureManager.TryPlaceTrap,-150
9,12,DP,sink,MinionRoster.TrySummon,-260
9,12,DP,source,AdventurerAI.ReapEmotion,163
9,12,DP,source,AdventurerAI.GrantReturnReward,2474
9,12,Fame,source,AdventurerAI.GrantReturnReward,50
9,12,Fame,source,LureEconomy.OnHeroEscaped,125
9,12,DP,sink,CommandSystem.TryUse,-5600
9,12,DP,source,AdventurerAI.TakeDamage,2181
9,12,Material,source,AdventurerAI.TakeDamage,132
9,12,DP,source,Nemesis.OnSlain,1394
9,12,Material,source,Nemesis.OnSlain,10
9,12,DP,stock,end,623
9,12,Material,stock,end,501
9,12,Fame,stock,end,1906
9,13,DP,source,SurfaceMap.CollectYields,82
9,13,Material,source,SurfaceMap.CollectYields,4
9,13,Fame,source,SurfaceMap.CollectYields,18
9,13,DP,source,DistrictCatalog.Collect,98
9,13,DP,sink,MinionRoster.TryForge,-394
9,13,DP,sink,DungeonFeatureManager.TryPlaceTrap,-150
9,13,DP,sink,MinionRoster.TrySummon,-252
9,13,DP,source,AdventurerAI.ReapEmotion,166
9,13,DP,source,AdventurerAI.TakeDamage,426
9,13,Material,source,AdventurerAI.TakeDamage,6
9,13,DP,sink,CommandSystem.TryUse,-1600
9,13,DP,source,AdventurerAI.GrantReturnReward,1853
9,13,Fame,source,AdventurerAI.GrantReturnReward,120
9,13,Fame,source,LureEconomy.OnHeroEscaped,300
9,13,DP,stock,end,852
9,13,Material,stock,end,511
9,13,Fame,stock,end,2344
9,14,DP,source,SurfaceMap.CollectYields,82
9,14,Material,source,SurfaceMap.CollectYields,4
9,14,Fame,source,SurfaceMap.CollectYields,18
9,14,DP,source,DistrictCatalog.Collect,98
9,14,DP,sink,MinionRoster.TryForge,-190
9,14,DP,sink,MinionRoster.TryEvolveIndividual,-325
9,14,DP,sink,DungeonFeatureManager.TryPlaceTrap,-300
9,14,DP,sink,MinionRoster.TrySummon,-198
9,14,DP,source,IncidentSystem.Apply,600
9,14,DP,sink,CommandSystem.TryUse,-1950
9,14,DP,source,AdventurerAI.TakeDamage,112
9,14,Material,source,AdventurerAI.TakeDamage,3
9,14,DP,source,AdventurerAI.ReapEmotion,274
9,14,DP,source,AdventurerAI.GrantReturnReward,2565
9,14,Fame,source,AdventurerAI.GrantReturnReward,220
9,14,Fame,source,LureEconomy.OnHeroEscaped,550
9,14,DP,stock,end,1620
9,14,Material,stock,end,518
9,14,Fame,stock,end,3132
9,15,DP,source,SurfaceMap.CollectYields,103
9,15,Material,source,SurfaceMap.CollectYields,5
9,15,Fame,source,SurfaceMap.CollectYields,23
9,15,DP,source,DistrictCatalog.Collect,98
9,15,DP,sink,MinionRoster.TryForge,-978
9,15,DP,sink,MinionRoster.TryEvolveIndividual,-325
9,15,DP,sink,DungeonFeatureManager.TryPlaceTrap,-300
9,15,DP,sink,MinionRoster.TrySummon,-206
9,15,DP,source,AdventurerAI.ReapEmotion,275
9,15,DP,source,AdventurerAI.GrantReturnReward,6060
9,15,Fame,source,AdventurerAI.GrantReturnReward,180
9,15,Fame,source,LureEconomy.OnHeroEscaped,450
9,15,DP,sink,CommandSystem.TryUse,-5800
9,15,DP,source,AdventurerAI.TakeDamage,1555
9,15,Material,source,AdventurerAI.TakeDamage,15
9,15,DP,stock,end,2102
9,15,Material,stock,end,538
9,15,Fame,stock,end,3785
10,1,DP,sink,DungeonFeatureManager.TryPlaceTrap,-150
10,1,DP,source,AdventurerAI.ReapEmotion,150
10,1,DP,source,AdventurerAI.GrantReturnReward,401
10,1,Fame,source,AdventurerAI.GrantReturnReward,40
10,1,Fame,source,LureEconomy.OnHeroEscaped,100
10,1,DP,source,AdventurerAI.TakeDamage,56
10,1,Material,source,AdventurerAI.TakeDamage,2
10,1,DP,sink,CommandSystem.TryUse,-650
10,1,DP,stock,end,7
10,1,Material,stock,end,2
10,1,Fame,stock,end,140
10,2,DP,source,SurfaceMap.CollectYields,18
10,2,Material,source,SurfaceMap.CollectYields,1
10,2,Fame,source,SurfaceMap.CollectYields,4
10,2,DP,source,EraSystem.TickTurn,600
10,2,Fame,source,EraSystem.TickTurn,25
10,2,DP,sink,MinionRoster.TryForge,-236
10,2,DP,sink,MinionEvolution.TryEvolve,-75
10,2,DP,sink,DungeonFeatureManager.TryPlaceTrap,-150
10,2,DP,sink,MinionRoster.TrySummon,-156
10,2,DP,source,AdventurerAI.ReapEmotion,171
10,2,DP,source,AdventurerAI.GrantReturnReward,1030
10,2,Fame,source,AdventurerAI.GrantReturnReward,20
10,2,Fame,source,LureEconomy.OnHeroEscaped,50
10,2,DP,source,AdventurerAI.TakeDamage,243
10,2,Material,source,AdventurerAI.TakeDamage,6
10,2,DP,sink,CommandSystem.TryUse,-300
10,2,DP,stock,end,1152
10,2,Material,stock,end,9
10,2,Fame,stock,end,239
10,3,DP,source,SurfaceMap.CollectYields,18
10,3,Material,source,SurfaceMap.CollectYields,1
10,3,Fame,source,SurfaceMap.CollectYields,4
10,3,DP,source,EraSystem.TickTurn,600
10,3,Material,source,EraSystem.TickTurn,10
10,3,Fame,source,EraSystem.TickTurn,25
10,3,DP,sink,MinionRoster.TryForge,-236
10,3,DP,sink,DungeonFloorManager.TryAddFloor,-800
10,3,DP,sink,DungeonFloorManager.TryExpandFloor,-400
10,3,DP,sink,DungeonFeatureManager.TryPlaceTrap,-150
10,3,DP,sink,MinionRoster.TrySummon,-173
10,3,DP,source,AdventurerAI.ReapEmotion,126
10,3,DP,source,AdventurerAI.TakeDamage,85
10,3,Material,source,AdventurerAI.TakeDamage,4
10,3,DP,source,AdventurerAI.GrantReturnReward,514
10,3,Fame,source,AdventurerAI.GrantReturnReward,40
10,3,Fame,source,LureEconomy.OnHeroEscaped,100
10,3,DP,sink,CommandSystem.TryUse,-650
10,3,DP,stock,end,86
10,3,Material,stock,end,24
10,3,Fame,stock,end,408
10,4,DP,source,SurfaceMap.CollectYields,18
10,4,Material,source,SurfaceMap.CollectYields,1
10,4,Fame,source,SurfaceMap.CollectYields,4
10,4,DP,source,EraSystem.TickTurn,600
10,4,DP,sink,MinionRoster.TryForge,-236
10,4,DP,sink,MinionEvolution.TryEvolve,-150
10,4,DP,sink,DungeonFeatureManager.TryPlaceTrap,-150
10,4,DP,sink,MinionRoster.TrySummon,-157
10,4,DP,source,AdventurerAI.ReapEmotion,179
10,4,Fame,source,AdventurerAI.GrantReturnReward,40
10,4,Fame,source,LureEconomy.OnHeroEscaped,100
10,4,DP,source,AdventurerAI.GrantReturnReward,1110
10,4,DP,sink,CommandSystem.TryUse,-1600
10,4,DP,source,Nemesis.OnSlain,714
10,4,Material,source,Nemesis.OnSlain,7
10,4,DP,source,AdventurerAI.TakeDamage,266
10,4,Material,source,AdventurerAI.TakeDamage,15
10,4,DP,stock,end,680
10,4,Material,stock,end,47
10,4,Fame,stock,end,552
10,5,DP,source,SurfaceMap.CollectYields,18
10,5,Material,source,SurfaceMap.CollectYields,1
10,5,Fame,source,SurfaceMap.CollectYields,4
10,5,DP,source,EraSystem.TickTurn,600
10,5,Material,source,EraSystem.TickTurn,10
10,5,DP,sink,MinionRoster.TryForge,-212
10,5,DP,sink,DungeonFloorManager.TryExpandFloor,-400
10,5,DP,sink,MinionEvolution.TryEvolve,-375
10,5,DP,sink,DungeonFeatureManager.TryPlaceTrap,-150
10,5,DP,sink,MinionRoster.TrySummon,-148
10,5,Fame,source,AdventurerAI.GrantReturnReward,50
10,5,Fame,source,LureEconomy.OnHeroEscaped,125
10,5,DP,source,AdventurerAI.ReapEmotion,134
10,5,DP,source,AdventurerAI.GrantReturnReward,1304
10,5,DP,sink,CommandSystem.TryUse,-1150
10,5,DP,source,AdventurerAI.TakeDamage,291
10,5,Material,source,AdventurerAI.TakeDamage,17
10,5,DP,source,Nemesis.OnSlain,535
10,5,Material,source,Nemesis.OnSlain,5
10,5,DP,stock,end,1127
10,5,Material,stock,end,80
10,5,Fame,stock,end,731
10,6,DP,source,SurfaceMap.CollectYields,38
10,6,Material,source,SurfaceMap.CollectYields,2
10,6,Fame,source,SurfaceMap.CollectYields,8
10,6,DP,source,EraSystem.TickTurn,600
10,6,DP,sink,MinionRoster.TryForge,-212
10,6,DP,sink,DungeonFloorManager.TryExpandFloor,-800
10,6,DP,sink,MinionEvolution.TryEvolve,-425
10,6,DP,sink,DungeonFeatureManager.TryPlaceTrap,-150
10,6,DP,sink,MinionRoster.TrySummon,-178
10,6,DP,source,AdventurerAI.ReapEmotion,148
10,6,DP,source,AdventurerAI.TakeDamage,997
10,6,Material,source,AdventurerAI.TakeDamage,28
10,6,DP,source,AdventurerAI.GrantReturnReward,910
10,6,Fame,source,AdventurerAI.GrantReturnReward,30
10,6,Fame,source,LureEconomy.OnHeroEscaped,75
10,6,DP,sink,CommandSystem.TryUse,-1800
10,6,DP,source,Nemesis.OnSlain,1134
10,6,Material,source,Nemesis.OnSlain,10
10,6,DP,stock,end,1389
10,6,Material,stock,end,120
10,6,Fame,stock,end,844
10,7,DP,source,SurfaceMap.CollectYields,38
10,7,Material,source,SurfaceMap.CollectYields,2
10,7,Fame,source,SurfaceMap.CollectYields,8
10,7,DP,source,EraSystem.TickTurn,600
10,7,DP,sink,MinionRoster.TryForge,-212
10,7,DP,sink,DungeonFloorManager.TryExpandFloor,-800
10,7,DP,sink,MinionEvolution.TryEvolve,-575
10,7,DP,sink,MinionRoster.TryEvolveIndividual,-75
10,7,DP,sink,DungeonFeatureManager.TryPlaceTrap,-300
10,7,DP,sink,MinionRoster.TrySummon,-51
10,7,DP,source,AdventurerAI.ReapEmotion,120
10,7,DP,source,AdventurerAI.TakeDamage,822
10,7,Material,source,AdventurerAI.TakeDamage,20
10,7,DP,sink,CommandSystem.TryUse,-2300
10,7,DP,source,AdventurerAI.GrantReturnReward,1876
10,7,Fame,source,AdventurerAI.GrantReturnReward,40
10,7,Fame,source,LureEconomy.OnHeroEscaped,100
10,7,DP,source,Nemesis.OnSlain,1166
10,7,Material,source,Nemesis.OnSlain,10
10,7,DP,stock,end,1698
10,7,Material,stock,end,152
10,7,Fame,stock,end,992
10,8,DP,source,SurfaceMap.CollectYields,38
10,8,Material,source,SurfaceMap.CollectYields,2
10,8,Fame,source,SurfaceMap.CollectYields,8
10,8,DP,source,EraSystem.TickTurn,600
10,8,DP,sink,MinionRoster.TryForge,-212
10,8,DP,sink,DungeonFloorManager.TryExpandFloor,-1500
10,8,DP,sink,MinionEvolution.TryEvolve,-250
10,8,DP,sink,DungeonFeatureManager.TryPlaceTrap,-300
10,8,DP,sink,MinionRoster.TrySummon,-56
10,8,DP,source,AdventurerAI.ReapEmotion,274
10,8,DP,source,AdventurerAI.GrantReturnReward,2368
10,8,Fame,source,AdventurerAI.GrantReturnReward,80
10,8,Fame,source,LureEconomy.OnHeroEscaped,200
10,8,DP,sink,CommandSystem.TryUse,-2300
10,8,DP,source,Nemesis.OnSlain,1232
10,8,Material,source,Nemesis.OnSlain,10
10,8,DP,source,AdventurerAI.TakeDamage,656
10,8,Material,source,AdventurerAI.TakeDamage,33
10,8,DP,stock,end,2248
10,8,Material,stock,end,197
10,8,Fame,stock,end,1280
10,9,DP,source,SurfaceMap.CollectYields,67
10,9,Material,source,SurfaceMap.CollectYields,3
10,9,Fame,source,SurfaceMap.CollectYields,15
10,9,DP,source,EraSystem.TickTurn,600
10,9,Fame,source,EraSystem.TickTurn,25
10,9,DP,sink,MinionRoster.TryForge,-212
10,9,DP,sink,DungeonFloorManager.TryAddFloor,-2000
10,9,DP,sink,DungeonFloorManager.TryExpandFloor,-400
10,9,DP,sink,DungeonFeatureManager.TryPlaceTrap,-150
10,9,DP,sink,MinionRoster.TrySummon,-142
10,9,DP,source,AdventurerAI.ReapEmotion,301
10,9,DP,source,AdventurerAI.TakeDamage,1800
10,9,Material,source,AdventurerAI.TakeDamage,38
10,9,DP,sink,CommandSystem.TryUse,-2300
10,9,DP,source,AdventurerAI.GrantReturnReward,2771
10,9,Fame,source,AdventurerAI.GrantReturnReward,90
10,9,Fame,source,LureEconomy.OnHeroEscaped,225
10,9,DP,source,Nemesis.OnSlain,632
10,9,Material,source,Nemesis.OnSlain,5
10,9,DP,stock,end,3215
10,9,Material,stock,end,243
10,9,Fame,stock,end,1635
10,10,DP,source,SurfaceMap.CollectYields,77
10,10,Material,source,SurfaceMap.CollectYields,3
10,10,Fame,source,SurfaceMap.CollectYields,15
10,10,DP,source,EraSystem.TickTurn,1020
10,10,DP,sink,MinionRoster.TryForge,-212
10,10,DP,sink,DungeonFloorManager.TryExpandFloor,-3800
10,10,DP,sink,DungeonFeatureManager.TryPlaceTrap,-150
10,10,DP,sink,MinionRoster.TrySummon,-147
10,10,DP,source,AdventurerAI.ReapEmotion,264
10,10,DP,source,AdventurerAI.GrantReturnReward,4396
10,10,Fame,source,AdventurerAI.GrantReturnReward,120
10,10,Fame,source,LureEconomy.OnHeroEscaped,300
10,10,DP,sink,CommandSystem.TryUse,-1800
10,10,DP,source,AdventurerAI.TakeDamage,527
10,10,Material,source,AdventurerAI.TakeDamage,12
10,10,DP,source,Nemesis.OnSlain,664
10,10,Material,source,Nemesis.OnSlain,5
10,10,DP,stock,end,4054
10,10,Material,stock,end,263
10,10,Fame,stock,end,2070
10,11,DP,source,SurfaceMap.CollectYields,77
10,11,Material,source,SurfaceMap.CollectYields,3
10,11,Fame,source,SurfaceMap.CollectYields,15
10,11,DP,sink,MinionRoster.TryForge,-318
10,11,DP,sink,DungeonFloorManager.TryExpandFloor,-2500
10,11,DP,sink,MinionEvolution.TryEvolve,-800
10,11,DP,sink,MinionRoster.TryEvolveIndividual,-175
10,11,DP,sink,DungeonFeatureManager.TryPlaceTrap,-150
10,11,DP,sink,MinionRoster.TrySummon,-167
10,11,DP,source,AdventurerAI.ReapEmotion,136
10,11,DP,source,AdventurerAI.GrantReturnReward,4465
10,11,Fame,source,AdventurerAI.GrantReturnReward,120
10,11,Fame,source,LureEconomy.OnHeroEscaped,300
10,11,DP,sink,CommandSystem.TryUse,-1500
10,11,DP,source,AdventurerAI.TakeDamage,610
10,11,Material,source,AdventurerAI.TakeDamage,11
10,11,DP,stock,end,3732
10,11,Material,stock,end,277
10,11,Fame,stock,end,2505
10,12,DP,source,SurfaceMap.CollectYields,105
10,12,Material,source,SurfaceMap.CollectYields,4
10,12,Fame,source,SurfaceMap.CollectYields,21
10,12,DP,source,DistrictCatalog.Collect,140
10,12,DP,sink,MinionRoster.TryForge,-1087
10,12,DP,sink,MinionRoster.TryEvolveIndividual,-2350
10,12,DP,sink,DungeonFeatureManager.TryPlaceTrap,-300
10,12,DP,sink,MinionRoster.TrySummon,-234
10,12,DP,source,AdventurerAI.ReapEmotion,662
10,12,DP,source,AdventurerAI.GrantReturnReward,7862
10,12,Fame,source,AdventurerAI.GrantReturnReward,300
10,12,Fame,source,LureEconomy.OnHeroEscaped,750
10,12,DP,sink,CommandSystem.TryUse,-7300
10,12,DP,source,AdventurerAI.TakeDamage,1083
10,12,Material,source,AdventurerAI.TakeDamage,14
10,12,DP,stock,end,2313
10,12,Material,stock,end,295
10,12,Fame,stock,end,3576
10,13,DP,source,SurfaceMap.CollectYields,83
10,13,Material,source,SurfaceMap.CollectYields,4
10,13,Fame,source,SurfaceMap.CollectYields,19
10,13,DP,source,DistrictCatalog.Collect,140
10,13,DP,sink,MinionRoster.TryForge,-2026
10,13,DP,sink,DungeonFeatureManager.TryPlaceTrap,-300
10,13,DP,sink,MinionRoster.TrySummon,-210
10,13,DP,source,AdventurerAI.ReapEmotion,403
10,13,DP,sink,CommandSystem.TryUse,-3850
10,13,DP,source,AdventurerAI.GrantReturnReward,4511
10,13,Fame,source,AdventurerAI.GrantReturnReward,140
10,13,Fame,source,LureEconomy.OnHeroEscaped,350
10,13,DP,source,AdventurerAI.TakeDamage,750
10,13,Material,source,AdventurerAI.TakeDamage,10
10,13,DP,stock,end,1814
10,13,Material,stock,end,309
10,13,Fame,stock,end,4085
10,14,DP,source,SurfaceMap.CollectYields,83
10,14,Material,source,SurfaceMap.CollectYields,4
10,14,Fame,source,SurfaceMap.CollectYields,19
10,14,DP,source,DistrictCatalog.Collect,140
10,14,DP,sink,MinionRoster.TryForge,-1618
10,14,DP,sink,DungeonFeatureManager.TryPlaceTrap,-150
10,14,DP,sink,MinionRoster.TrySummon,-264
10,14,DP,source,IncidentSystem.Apply,600
10,14,DP,sink,CommandSystem.TryUse,-5800
10,14,DP,source,AdventurerAI.ReapEmotion,105
10,14,DP,source,AdventurerAI.TakeDamage,1325
10,14,Material,source,AdventurerAI.TakeDamage,17
10,14,DP,source,AdventurerAI.GrantReturnReward,5835
10,14,Fame,source,AdventurerAI.GrantReturnReward,140
10,14,Fame,source,LureEconomy.OnHeroEscaped,350
10,14,DP,stock,end,2070
10,14,Material,stock,end,330
10,14,Fame,stock,end,4594
10,15,DP,source,SurfaceMap.CollectYields,83
10,15,Material,source,SurfaceMap.CollectYields,4
10,15,Fame,source,SurfaceMap.CollectYields,19
10,15,DP,source,DistrictCatalog.Collect,140
10,15,DP,source,EraSystem.TickTurn,720
10,15,DP,sink,MinionRoster.TryForge,-190
10,15,DP,sink,DungeonFloorManager.TryExpandFloor,-2500
10,15,DP,sink,DungeonFeatureManager.TryPlaceTrap,-150
10,15,DP,sink,MinionRoster.TrySummon,-172
10,15,DP,source,AdventurerAI.ReapEmotion,304
10,15,DP,sink,CommandSystem.TryUse,-6100
10,15,DP,source,AdventurerAI.GrantReturnReward,6173
10,15,Fame,source,AdventurerAI.GrantReturnReward,220
10,15,Fame,source,LureEconomy.OnHeroEscaped,550
10,15,DP,stock,end,378
10,15,Material,stock,end,334
10,15,Fame,stock,end,5383
10,16,DP,source,SurfaceMap.CollectYields,103
10,16,Material,source,SurfaceMap.CollectYields,5
10,16,Fame,source,SurfaceMap.CollectYields,23
10,16,DP,source,DistrictCatalog.Collect,140
10,16,DP,sink,MinionRoster.TryForge,-190
10,16,DP,sink,DungeonFeatureManager.TryPlaceTrap,-150
10,16,DP,sink,MinionRoster.TrySummon,-272
10,16,DP,source,AdventurerAI.ReapEmotion,236
10,16,DP,source,AdventurerAI.GrantReturnReward,5039
10,16,Fame,source,AdventurerAI.GrantReturnReward,110
10,16,Fame,source,LureEconomy.OnHeroEscaped,275
10,16,DP,sink,CommandSystem.TryUse,-3700
10,16,DP,stock,end,1584
10,16,Material,stock,end,339
10,16,Fame,stock,end,5791
10,17,DP,source,SurfaceMap.CollectYields,103
10,17,Material,source,SurfaceMap.CollectYields,5
10,17,Fame,source,SurfaceMap.CollectYields,23
10,17,DP,source,DistrictCatalog.Collect,140
10,17,DP,source,EraSystem.TickTurn,1020
10,17,DP,sink,MinionRoster.TryForge,-1998
10,17,DP,sink,MinionRoster.TryEvolveIndividual,-325
10,17,DP,sink,DungeonFeatureManager.TryPlaceTrap,-300
10,17,DP,sink,MinionRoster.TrySummon,-188
10,17,DP,source,AdventurerAI.ReapEmotion,633
10,17,DP,sink,CommandSystem.TryUse,-3200
10,17,DP,source,AdventurerAI.GrantReturnReward,6211
10,17,Fame,source,AdventurerAI.GrantReturnReward,170
10,17,Fame,source,LureEconomy.OnHeroEscaped,425
10,17,DP,source,AdventurerAI.TakeDamage,2380
10,17,Material,source,AdventurerAI.TakeDamage,22
10,17,DP,stock,end,6060
10,17,Material,stock,end,366
10,17,Fame,stock,end,6409
10,18,DP,source,SurfaceMap.CollectYields,103
10,18,Material,source,SurfaceMap.CollectYields,5
10,18,Fame,source,SurfaceMap.CollectYields,23
10,18,DP,source,DistrictCatalog.Collect,140
10,18,DP,sink,MinionRoster.TryForge,-190
10,18,DP,sink,DungeonFloorManager.TryAddFloor,-5000
10,18,DP,sink,DungeonFloorManager.TryExpandFloor,-400
10,18,DP,sink,MinionRoster.TryEvolveIndividual,-250
10,18,DP,sink,DungeonFeatureManager.TryPlaceTrap,-300
10,18,DP,sink,MinionRoster.TrySummon,-150
10,18,DP,source,AdventurerAI.ReapEmotion,448
10,18,DP,sink,CommandSystem.TryUse,-6100
10,18,DP,source,AdventurerAI.GrantReturnReward,7245
10,18,Fame,source,AdventurerAI.GrantReturnReward,200
10,18,Fame,source,LureEconomy.OnHeroEscaped,500
10,18,DP,source,AdventurerAI.TakeDamage,1217
10,18,Material,source,AdventurerAI.TakeDamage,157
10,18,DP,stock,end,2823
10,18,Material,stock,end,528
10,18,Fame,stock,end,7132
10,19,DP,source,SurfaceMap.CollectYields,82
10,19,Material,source,SurfaceMap.CollectYields,4
10,19,Fame,source,SurfaceMap.CollectYields,18
10,19,DP,source,DistrictCatalog.Collect,154
10,19,DP,sink,MinionRoster.TryForge,-1618
10,19,DP,sink,DungeonFloorManager.TryExpandFloor,-800
10,19,DP,sink,MinionRoster.TryEvolveIndividual,-225
10,19,DP,sink,DungeonFeatureManager.TryPlaceTrap,-150
10,19,DP,sink,MinionRoster.TrySummon,-253
10,19,DP,source,AdventurerAI.ReapEmotion,677
10,19,DP,sink,CommandSystem.TryUse,-3850
10,19,DP,source,AdventurerAI.TakeDamage,3042
10,19,Material,source,AdventurerAI.TakeDamage,17
10,19,Fame,source,AdventurerAI.GrantReturnReward,190
10,19,Fame,source,LureEconomy.OnHeroEscaped,475
10,19,DP,source,AdventurerAI.GrantReturnReward,4411
10,19,DP,stock,end,4293
10,19,Material,stock,end,549
10,19,Fame,stock,end,7815
10,20,DP,source,SurfaceMap.CollectYields,83
10,20,Material,source,SurfaceMap.CollectYields,4
10,20,Fame,source,SurfaceMap.CollectYields,19
10,20,DP,source,DistrictCatalog.Collect,154
10,20,DP,sink,MinionRoster.TryForge,-3985
10,20,DP,sink,DungeonFeatureManager.TryPlaceTrap,-300
10,20,DP,sink,MinionRoster.TrySummon,-234
10,20,DP,source,AdventurerAI.ReapEmotion,421
10,20,DP,sink,CommandSystem.TryUse,-5800
10,20,DP,source,AdventurerAI.TakeDamage,1993
10,20,Material,source,AdventurerAI.TakeDamage,112
10,20,DP,source,AdventurerAI.GrantReturnReward,10952
10,20,Fame,source,AdventurerAI.GrantReturnReward,260
10,20,Fame,source,LureEconomy.OnHeroEscaped,650
10,20,DP,stock,end,7577
10,20,Material,stock,end,665
10,20,Fame,stock,end,8744
10,21,DP,source,SurfaceMap.CollectYields,83
10,21,Material,source,SurfaceMap.CollectYields,4
10,21,Fame,source,SurfaceMap.CollectYields,19
10,21,DP,source,DistrictCatalog.Collect,154
10,21,DP,sink,MinionRoster.TryForge,-6911
10,21,DP,sink,MinionRoster.TryEvolveIndividual,-325
10,21,DP,sink,DungeonFeatureManager.TryPlaceTrap,-300
10,21,DP,sink,MinionRoster.TrySummon,-242
10,21,DP,source,AdventurerAI.ReapEmotion,352
10,21,DP,sink,CommandSystem.TryUse,-6900
10,21,DP,source,AdventurerAI.TakeDamage,2756
10,21,Material,source,AdventurerAI.TakeDamage,15
10,21,DP,source,AdventurerAI.GrantReturnReward,10168
10,21,Fame,source,AdventurerAI.GrantReturnReward,240
10,21,Fame,source,LureEconomy.OnHeroEscaped,600
10,21,DP,stock,end,6412
10,21,Material,stock,end,684
10,21,Fame,stock,end,9603
11,1,DP,sink,DungeonFeatureManager.TryPlaceTrap,-150
11,1,DP,source,AdventurerAI.TakeDamage,220
11,1,Material,source,AdventurerAI.TakeDamage,8
11,1,DP,source,AdventurerAI.ReapEmotion,150
11,1,DP,sink,CommandSystem.TryUse,-300
11,1,DP,source,AdventurerAI.GrantReturnReward,100
11,1,Fame,source,AdventurerAI.GrantReturnReward,10
11,1,Fame,source,LureEconomy.OnHeroEscaped,25
11,1,DP,stock,end,220
11,1,Material,stock,end,8
11,1,Fame,stock,end,35
11,2,DP,source,SurfaceMap.CollectYields,18
11,2,Material,source,SurfaceMap.CollectYields,1
11,2,Fame,source,SurfaceMap.CollectYields,4
11,2,DP,source,EraSystem.TickTurn,600
11,2,Fame,source,EraSystem.TickTurn,25
11,2,DP,sink,MinionRoster.TryForge,-236
11,2,DP,sink,MinionEvolution.TryEvolve,-225
11,2,DP,sink,DungeonFeatureManager.TryPlaceTrap,-300
11,2,DP,sink,MinionRoster.TrySummon,-66
11,2,DP,source,AdventurerAI.ReapEmotion,171
11,2,DP,source,AdventurerAI.TakeDamage,204
11,2,Material,source,AdventurerAI.TakeDamage,6
11,2,DP,source,AdventurerAI.GrantReturnReward,556
11,2,Fame,source,AdventurerAI.GrantReturnReward,20
11,2,Fame,source,LureEconomy.OnHeroEscaped,50
11,2,DP,sink,CommandSystem.TryUse,-650
11,2,DP,stock,end,292
11,2,Material,stock,end,15
11,2,Fame,stock,end,134
11,3,DP,source,SurfaceMap.CollectYields,18
11,3,Material,source,SurfaceMap.CollectYields,1
11,3,Fame,source,SurfaceMap.CollectYields,4
11,3,DP,source,EraSystem.TickTurn,600
11,3,Material,source,EraSystem.TickTurn,10
11,3,Fame,source,EraSystem.TickTurn,25
11,3,DP,sink,MinionRoster.TryForge,-236
11,3,DP,sink,MinionEvolution.TryEvolve,-175
11,3,DP,sink,MinionRoster.TryEvolveIndividual,-175
11,3,DP,sink,DungeonFeatureManager.TryPlaceTrap,-150
11,3,DP,sink,MinionRoster.TrySummon,-156
11,3,DP,source,AdventurerAI.ReapEmotion,107
11,3,DP,source,AdventurerAI.TakeDamage,226
11,3,Material,source,AdventurerAI.TakeDamage,17
11,3,Fame,source,AdventurerAI.GrantReturnReward,20
11,3,Fame,source,LureEconomy.OnHeroEscaped,50
11,3,DP,source,AdventurerAI.GrantReturnReward,402
11,3,DP,sink,CommandSystem.TryUse,-650
11,3,DP,stock,end,103
11,3,Material,stock,end,43
11,3,Fame,stock,end,233
11,4,DP,source,SurfaceMap.CollectYields,18
11,4,Material,source,SurfaceMap.CollectYields,1
11,4,Fame,source,SurfaceMap.CollectYields,4
11,4,DP,source,EraSystem.TickTurn,600
11,4,DP,sink,MinionRoster.TryForge,-236
11,4,DP,sink,DungeonFeatureManager.TryPlaceTrap,-300
11,4,DP,sink,MinionRoster.TrySummon,-173
11,4,DP,source,IncidentSystem.Apply,600
11,4,DP,sink,CommandSystem.TryUse,-1150
11,4,DP,source,AdventurerAI.TakeDamage,517
11,4,Material,source,AdventurerAI.TakeDamage,23
11,4,DP,source,AdventurerAI.ReapEmotion,246
11,4,DP,source,Nemesis.OnSlain,470
11,4,Material,source,Nemesis.OnSlain,5
11,4,DP,stock,end,695
11,4,Material,stock,end,72
11,4,Fame,stock,end,237
11,5,DP,source,SurfaceMap.CollectYields,18
11,5,Material,source,SurfaceMap.CollectYields,1
11,5,Fame,source,SurfaceMap.CollectYields,4
11,5,DP,source,EraSystem.TickTurn,600
11,5,DP,sink,MinionRoster.TryForge,-212
11,5,DP,sink,DungeonFloorManager.TryAddFloor,-800
11,5,DP,sink,DungeonFeatureManager.TryPlaceTrap,-150
11,5,DP,sink,MinionRoster.TrySummon,-135
11,5,DP,source,AdventurerAI.ReapEmotion,193
11,5,DP,source,AdventurerAI.TakeDamage,677
11,5,Material,source,AdventurerAI.TakeDamage,26
11,5,DP,sink,CommandSystem.TryUse,-650
11,5,DP,source,AdventurerAI.GrantReturnReward,355
11,5,Fame,source,AdventurerAI.GrantReturnReward,30
11,5,Fame,source,LureEconomy.OnHeroEscaped,75
11,5,DP,source,Nemesis.OnSlain,486
11,5,Material,source,Nemesis.OnSlain,5
11,5,DP,stock,end,1077
11,5,Material,stock,end,104
11,5,Fame,stock,end,346
11,6,DP,source,SurfaceMap.CollectYields,39
11,6,Material,source,SurfaceMap.CollectYields,2
11,6,Fame,source,SurfaceMap.CollectYields,9
11,6,DP,source,EraSystem.TickTurn,600
11,6,DP,sink,MinionRoster.TryForge,-318
11,6,DP,sink,DungeonFloorManager.TryExpandFloor,-800
11,6,DP,sink,MinionEvolution.TryEvolve,-225
11,6,DP,sink,DungeonFeatureManager.TryPlaceTrap,-300
11,6,DP,sink,MinionRoster.TrySummon,-68
11,6,DP,source,AdventurerAI.ReapEmotion,138
11,6,DP,source,AdventurerAI.GrantReturnReward,989
11,6,Fame,source,AdventurerAI.GrantReturnReward,60
11,6,Fame,source,LureEconomy.OnHeroEscaped,150
11,6,DP,sink,CommandSystem.TryUse,-650
11,6,DP,source,AdventurerAI.TakeDamage,202
11,6,Material,source,AdventurerAI.TakeDamage,4
11,6,DP,stock,end,684
11,6,Material,stock,end,110
11,6,Fame,stock,end,565
11,7,DP,source,SurfaceMap.CollectYields,39
11,7,Material,source,SurfaceMap.CollectYields,2
11,7,Fame,source,SurfaceMap.CollectYields,9
11,7,DP,source,EraSystem.TickTurn,1020
11,7,DP,sink,MinionRoster.TryForge,-212
11,7,DP,sink,DungeonFloorManager.TryExpandFloor,-800
11,7,DP,sink,MinionEvolution.TryEvolve,-325
11,7,DP,sink,DungeonFeatureManager.TryPlaceTrap,-300
11,7,DP,sink,MinionRoster.TrySummon,-105
11,7,DP,source,AdventurerAI.ReapEmotion,197
11,7,DP,source,AdventurerAI.TakeDamage,1051
11,7,Material,source,AdventurerAI.TakeDamage,38
11,7,DP,sink,CommandSystem.TryUse,-1450
11,7,DP,source,Nemesis.OnSlain,1134
11,7,Material,source,Nemesis.OnSlain,10
11,7,DP,stock,end,933
11,7,Material,stock,end,160
11,7,Fame,stock,end,574
11,8,DP,source,SurfaceMap.CollectYields,39
11,8,Material,source,SurfaceMap.CollectYields,2
11,8,Fame,source,SurfaceMap.CollectYields,9
11,8,DP,source,EraSystem.TickTurn,600
11,8,Material,source,EraSystem.TickTurn,10
11,8,DP,sink,MinionRoster.TryForge,-212
11,8,DP,sink,DungeonFloorManager.TryExpandFloor,-800
11,8,DP,sink,MinionEvolution.TryEvolve,-200
11,8,DP,sink,DungeonFeatureManager.TryPlaceTrap,-150
11,8,DP,sink,MinionRoster.TrySummon,-204
11,8,DP,source,AdventurerAI.ReapEmotion,139
11,8,DP,source,AdventurerAI.TakeDamage,574
11,8,Material,source,AdventurerAI.TakeDamage,28
11,8,DP,source,AdventurerAI.GrantReturnReward,1560
11,8,Fame,source,AdventurerAI.GrantReturnReward,50
11,8,Fame,source,LureEconomy.OnHeroEscaped,125
11,8,DP,sink,CommandSystem.TryUse,-1150
11,8,DP,stock,end,1129
11,8,Material,stock,end,200
11,8,Fame,stock,end,758
11,9,DP,source,SurfaceMap.CollectYields,69
11,9,Material,source,SurfaceMap.CollectYields,3
11,9,Fame,source,SurfaceMap.CollectYields,17
11,9,DP,source,EraSystem.TickTurn,600
11,9,Fame,source,EraSystem.TickTurn,25
11,9,DP,sink,MinionRoster.TryForge,-212
11,9,DP,sink,MinionEvolution.TryEvolve,-950
11,9,DP,sink,MinionRoster.TryEvolveIndividual,-225
11,9,DP,sink,DungeonFeatureManager.TryPlaceTrap,-150
11,9,DP,sink,MinionRoster.TrySummon,-250
11,9,DP,source,AdventurerAI.ReapEmotion,138
11,9,DP,source,AdventurerAI.TakeDamage,1130
11,9,Material,source,AdventurerAI.TakeDamage,163
11,9,DP,source,AdventurerAI.GrantReturnReward,666
11,9,Fame,source,AdventurerAI.GrantReturnReward,30
11,9,Fame,source,LureEconomy.OnHeroEscaped,75
11,9,DP,sink,CommandSystem.TryUse,-1800
11,9,DP,stock,end,145
11,9,Material,stock,end,366
11,9,Fame,stock,end,905
11,10,DP,source,SurfaceMap.CollectYields,79
11,10,Material,source,SurfaceMap.CollectYields,3
11,10,Fame,source,SurfaceMap.CollectYields,17
11,10,DP,source,EraSystem.TickTurn,300
11,10,DP,sink,MinionRoster.TryForge,-106
11,10,DP,sink,DungeonFeatureManager.TryPlaceTrap,-150
11,10,DP,sink,MinionRoster.TrySummon,-264
11,10,DP,source,AdventurerAI.ReapEmotion,200
11,10,DP,source,AdventurerAI.TakeDamage,757
11,10,Material,source,AdventurerAI.TakeDamage,43
11,10,DP,sink,CommandSystem.TryUse,-1450
11,10,DP,source,Nemesis.OnSlain,857
11,10,Material,source,Nemesis.OnSlain,7
11,10,DP,source,AdventurerAI.GrantReturnReward,1100
11,10,Fame,source,AdventurerAI.GrantReturnReward,20
11,10,Fame,source,LureEconomy.OnHeroEscaped,50
11,10,DP,stock,end,1468
11,10,Material,stock,end,419
11,10,Fame,stock,end,992
11,11,DP,source,SurfaceMap.CollectYields,79
11,11,Material,source,SurfaceMap.CollectYields,3
11,11,Fame,source,SurfaceMap.CollectYields,17
11,11,DP,source,EraSystem.TickTurn,1020
11,11,DP,source,WaveRoster.ResolveTrial,900
11,11,DP,sink,MinionRoster.TryForge,-212
11,11,DP,sink,DungeonFloorManager.TryAddFloor,-2000
11,11,DP,sink,DungeonFloorManager.TryExpandFloor,-400
11,11,DP,sink,MinionEvolution.TryEvolve,-550
11,11,DP,sink,DungeonFeatureManager.TryPlaceTrap,-150
11,11,DP,sink,MinionRoster.TrySummon,-142
11,11,DP,source,AdventurerAI.ReapEmotion,249
11,11,DP,source,AdventurerAI.TakeDamage,652
11,11,Material,source,AdventurerAI.TakeDamage,23
11,11,DP,sink,CommandSystem.TryUse,-3600
11,11,DP,source,AdventurerAI.GrantReturnReward,3651
11,11,Fame,source,AdventurerAI.GrantReturnReward,90
11,11,Fame,source,LureEconomy.OnHeroEscaped,225
11,11,DP,stock,end,965
11,11,Material,stock,end,445
11,11,Fame,stock,end,1324
11,12,DP,source,SurfaceMap.CollectYields,106
11,12,Material,source,SurfaceMap.CollectYields,4
11,12,Fame,source,SurfaceMap.CollectYields,22
11,12,DP,source,DistrictCatalog.Collect,112
11,12,DP,sink,MinionRoster.TryForge,-190
11,12,DP,sink,MinionRoster.TryEvolveIndividual,-650
11,12,DP,sink,DungeonFeatureManager.TryPlaceTrap,-150
11,12,DP,sink,MinionRoster.TrySummon,-185
11,12,DP,source,AdventurerAI.ReapEmotion,239
11,12,DP,source,AdventurerAI.GrantReturnReward,3285
11,12,Fame,source,AdventurerAI.GrantReturnReward,110
11,12,Fame,source,LureEconomy.OnHeroEscaped,275
11,12,DP,sink,CommandSystem.TryUse,-2650
11,12,DP,source,AdventurerAI.TakeDamage,408
11,12,Material,source,AdventurerAI.TakeDamage,76
11,12,DP,stock,end,1290
11,12,Material,stock,end,525
11,12,Fame,stock,end,1731
11,13,DP,source,SurfaceMap.CollectYields,80
11,13,Material,source,SurfaceMap.CollectYields,4
11,13,Fame,source,SurfaceMap.CollectYields,18
11,13,DP,source,DistrictCatalog.Collect,112
11,13,DP,sink,MinionRoster.TryForge,-190
11,13,DP,sink,DungeonFloorManager.TryExpandFloor,-800
11,13,DP,sink,MinionRoster.TryEvolveIndividual,-175
11,13,DP,sink,DungeonFeatureManager.TryPlaceTrap,-150
11,13,DP,sink,MinionRoster.TrySummon,-162
11,13,DP,source,AdventurerAI.ReapEmotion,236
11,13,DP,source,AdventurerAI.GrantReturnReward,3258
11,13,Fame,source,AdventurerAI.GrantReturnReward,140
11,13,Fame,source,LureEconomy.OnHeroEscaped,350
11,13,DP,sink,CommandSystem.TryUse,-1600
11,13,DP,stock,end,1899
11,13,Material,stock,end,529
11,13,Fame,stock,end,2239
11,14,DP,source,SurfaceMap.CollectYields,80
11,14,Material,source,SurfaceMap.CollectYields,4
11,14,Fame,source,SurfaceMap.CollectYields,18
11,14,DP,source,DistrictCatalog.Collect,126
11,14,DP,sink,MinionRoster.TryForge,-190
11,14,DP,sink,MinionRoster.TryEvolveIndividual,-1575
11,14,DP,sink,DungeonFeatureManager.TryPlaceTrap,-150
11,14,DP,sink,MinionRoster.TrySummon,-162
11,14,DP,source,AdventurerAI.ReapEmotion,142
11,14,DP,source,AdventurerAI.TakeDamage,579
11,14,Material,source,AdventurerAI.TakeDamage,15
11,14,DP,sink,CommandSystem.TryUse,-1600
11,14,DP,source,AdventurerAI.GrantReturnReward,3746
11,14,Fame,source,AdventurerAI.GrantReturnReward,140
11,14,Fame,source,LureEconomy.OnHeroEscaped,350
11,14,DP,stock,end,2895
11,14,Material,stock,end,548
11,14,Fame,stock,end,2747
11,15,DP,source,SurfaceMap.CollectYields,80
11,15,Material,source,SurfaceMap.CollectYields,4
11,15,Fame,source,SurfaceMap.CollectYields,18
11,15,DP,source,DistrictCatalog.Collect,126
11,15,DP,sink,MinionRoster.TryForge,-2202
11,15,DP,sink,MinionRoster.TryEvolveIndividual,-500
11,15,DP,sink,DungeonFeatureManager.TryPlaceTrap,-150
11,15,DP,sink,MinionRoster.TrySummon,-220
11,15,DP,source,AdventurerAI.ReapEmotion,153
11,15,DP,source,AdventurerAI.TakeDamage,371
11,15,Material,source,AdventurerAI.TakeDamage,3
11,15,DP,sink,CommandSystem.TryUse,-5200
11,15,DP,source,AdventurerAI.GrantReturnReward,6025
11,15,Fame,source,AdventurerAI.GrantReturnReward,200
11,15,Fame,source,LureEconomy.OnHeroEscaped,500
11,15,DP,stock,end,1378
11,15,Material,stock,end,555
11,15,Fame,stock,end,3465
11,16,DP,source,SurfaceMap.CollectYields,103
11,16,Material,source,SurfaceMap.CollectYields,5
11,16,Fame,source,SurfaceMap.CollectYields,23
11,16,DP,source,DistrictCatalog.Collect,126
11,16,DP,sink,MinionRoster.TryForge,-1210
11,16,DP,sink,DungeonFeatureManager.TryPlaceTrap,-150
11,16,DP,sink,MinionRoster.TrySummon,-226
11,16,DP,source,AdventurerAI.ReapEmotion,255
11,16,DP,source,AdventurerAI.GrantReturnReward,4592
11,16,Fame,source,AdventurerAI.GrantReturnReward,190
11,16,Fame,source,LureEconomy.OnHeroEscaped,475
11,16,DP,sink,CommandSystem.TryUse,-4400
11,16,DP,source,AdventurerAI.TakeDamage,455
11,16,Material,source,AdventurerAI.TakeDamage,9
11,16,DP,stock,end,923
11,16,Material,stock,end,569
11,16,Fame,stock,end,4153
11,17,DP,source,SurfaceMap.CollectYields,103
11,17,Material,source,SurfaceMap.CollectYields,5
11,17,Fame,source,SurfaceMap.CollectYields,23
11,17,DP,source,DistrictCatalog.Collect,140
11,17,DP,source,EraSystem.TickTurn,720
11,17,DP,sink,MinionRoster.TryForge,-1414
11,17,DP,sink,DungeonFeatureManager.TryPlaceTrap,-300
11,17,DP,sink,MinionRoster.TrySummon,-144
11,17,DP,source,AdventurerAI.ReapEmotion,547
11,17,DP,source,AdventurerAI.TakeDamage,2037
11,17,Material,source,AdventurerAI.TakeDamage,30
11,17,DP,sink,CommandSystem.TryUse,-6050
11,17,DP,source,AdventurerAI.GrantReturnReward,11294
11,17,Fame,source,AdventurerAI.GrantReturnReward,260
11,17,Fame,source,LureEconomy.OnHeroEscaped,650
11,17,DP,stock,end,7856
11,17,Material,stock,end,604
11,17,Fame,stock,end,5086
11,18,DP,source,SurfaceMap.CollectYields,123
11,18,Material,source,SurfaceMap.CollectYields,6
11,18,Fame,source,SurfaceMap.CollectYields,27
11,18,DP,source,DistrictCatalog.Collect,140
11,18,DP,sink,MinionRoster.TryForge,-1210
11,18,DP,sink,DungeonFloorManager.TryAddFloor,-5000
11,18,DP,sink,DungeonFloorManager.TryExpandFloor,-1200
11,18,DP,sink,MinionRoster.TryEvolveIndividual,-225
11,18,DP,sink,DungeonFeatureManager.TryPlaceTrap,-300
11,18,DP,sink,MinionRoster.TrySummon,-150
11,18,DP,source,AdventurerAI.ReapEmotion,172
11,18,DP,source,AdventurerAI.GrantReturnReward,7416
11,18,Fame,source,AdventurerAI.GrantReturnReward,190
11,18,Fame,source,LureEconomy.OnHeroEscaped,475
11,18,DP,sink,CommandSystem.TryUse,-2250
11,18,DP,source,AdventurerAI.TakeDamage,2111
11,18,Material,source,AdventurerAI.TakeDamage,45
11,18,DP,stock,end,7483
11,18,Material,stock,end,655
11,18,Fame,stock,end,5778
11,19,DP,source,SurfaceMap.CollectYields,123
11,19,Material,source,SurfaceMap.CollectYields,6
11,19,Fame,source,SurfaceMap.CollectYields,27
11,19,DP,source,DistrictCatalog.Collect,140
11,19,DP,sink,MinionRoster.TryForge,-6883
11,19,DP,sink,MinionRoster.TryEvolveIndividual,-225
11,19,DP,sink,DungeonFeatureManager.TryPlaceTrap,-450
11,19,DP,sink,MinionRoster.TrySummon,-188
11,19,DP,source,AdventurerAI.ReapEmotion,282
11,19,DP,source,AdventurerAI.GrantReturnReward,4891
11,19,Fame,source,AdventurerAI.GrantReturnReward,160
11,19,Fame,source,LureEconomy.OnHeroEscaped,400
11,19,DP,sink,CommandSystem.TryUse,-2250
11,19,DP,source,AdventurerAI.TakeDamage,5531
11,19,Material,source,AdventurerAI.TakeDamage,34
11,19,DP,stock,end,8454
11,19,Material,stock,end,695
11,19,Fame,stock,end,6365
11,20,DP,source,SurfaceMap.CollectYields,123
11,20,Material,source,SurfaceMap.CollectYields,6
11,20,Fame,source,SurfaceMap.CollectYields,27
11,20,DP,source,DistrictCatalog.Collect,168
11,20,DP,sink,MinionRoster.TryForge,-7837
11,20,DP,sink,MinionRoster.TryEvolveIndividual,-250
11,20,DP,sink,DungeonFeatureManager.TryPlaceTrap,-450
11,20,DP,sink,MinionRoster.TrySummon,-195
11,20,DP,source,AdventurerAI.ReapEmotion,402
11,20,DP,sink,CommandSystem.TryUse,-4900
11,20,DP,source,AdventurerAI.GrantReturnReward,14772
11,20,Fame,source,AdventurerAI.GrantReturnReward,230
11,20,Fame,source,LureEconomy.OnHeroEscaped,575
11,20,DP,source,AdventurerAI.TakeDamage,2344
11,20,Material,source,AdventurerAI.TakeDamage,64
11,20,DP,stock,end,12631
11,20,Material,stock,end,765
11,20,Fame,stock,end,7197
11,21,DP,source,SurfaceMap.CollectYields,190
11,21,Material,source,SurfaceMap.CollectYields,7
11,21,Fame,source,SurfaceMap.CollectYields,39
11,21,DP,source,DistrictCatalog.Collect,168
11,21,DP,sink,MinionRoster.TryForge,-11862
11,21,DP,sink,MinionRoster.TryEvolveIndividual,-250
11,21,Material,sink,MinionRoster.TryForge,-16
11,21,DP,sink,DungeonFeatureManager.TryPlaceTrap,-600
11,21,DP,sink,MinionRoster.TrySummon,-273
11,21,DP,source,AdventurerAI.ReapEmotion,304
11,21,DP,sink,CommandSystem.TryUse,-4900
11,21,DP,source,AdventurerAI.GrantReturnReward,12003
11,21,Fame,source,AdventurerAI.GrantReturnReward,260
11,21,Fame,source,LureEconomy.OnHeroEscaped,650
11,21,DP,source,AdventurerAI.TakeDamage,1534
11,21,Material,source,AdventurerAI.TakeDamage,58
11,21,DP,stock,end,8945
11,21,Material,stock,end,814
11,21,Fame,stock,end,8146
12,1,DP,sink,DungeonFeatureManager.TryPlaceTrap,-150
12,1,DP,source,AdventurerAI.ReapEmotion,150
12,1,DP,source,AdventurerAI.GrantReturnReward,344
12,1,Fame,source,AdventurerAI.GrantReturnReward,20
12,1,Fame,source,LureEconomy.OnHeroEscaped,50
12,1,DP,sink,CommandSystem.TryUse,-650
12,1,DP,source,AdventurerAI.TakeDamage,169
12,1,Material,source,AdventurerAI.TakeDamage,10
12,1,DP,stock,end,63
12,1,Material,stock,end,10
12,1,Fame,stock,end,70
12,2,DP,source,SurfaceMap.CollectYields,18
12,2,Material,source,SurfaceMap.CollectYields,1
12,2,Fame,source,SurfaceMap.CollectYields,4
12,2,DP,source,EraSystem.TickTurn,600
12,2,Fame,source,EraSystem.TickTurn,25
12,2,DP,sink,MinionRoster.TryForge,-236
12,2,DP,sink,MinionEvolution.TryEvolve,-75
12,2,DP,sink,DungeonFeatureManager.TryPlaceTrap,-300
12,2,DP,sink,MinionRoster.TrySummon,-56
12,2,DP,source,AdventurerAI.ReapEmotion,174
12,2,DP,source,AdventurerAI.TakeDamage,145
12,2,Material,source,AdventurerAI.TakeDamage,6
12,2,DP,source,AdventurerAI.GrantReturnReward,1210
12,2,Fame,source,AdventurerAI.GrantReturnReward,30
12,2,Fame,source,LureEconomy.OnHeroEscaped,75
12,2,DP,sink,CommandSystem.TryUse,-650
12,2,DP,stock,end,893
12,2,Material,stock,end,17
12,2,Fame,stock,end,204
12,3,DP,source,SurfaceMap.CollectYields,18
12,3,Material,source,SurfaceMap.CollectYields,1
12,3,Fame,source,SurfaceMap.CollectYields,4
12,3,DP,source,EraSystem.TickTurn,600
12,3,Material,source,EraSystem.TickTurn,10
12,3,Fame,source,EraSystem.TickTurn,25
12,3,DP,sink,MinionRoster.TryForge,-236
12,3,DP,sink,DungeonFloorManager.TryAddFloor,-800
12,3,DP,sink,MinionEvolution.TryEvolve,-150
12,3,DP,sink,DungeonFeatureManager.TryPlaceTrap,-150
12,3,DP,sink,MinionRoster.TrySummon,-168
12,3,DP,source,AdventurerAI.TakeDamage,193
12,3,Material,source,AdventurerAI.TakeDamage,7
12,3,Fame,source,AdventurerAI.GrantReturnReward,30
12,3,Fame,source,LureEconomy.OnHeroEscaped,75
12,3,DP,source,AdventurerAI.ReapEmotion,143
12,3,DP,source,AdventurerAI.GrantReturnReward,273
12,3,DP,sink,CommandSystem.TryUse,-300
12,3,DP,stock,end,316
12,3,Material,stock,end,35
12,3,Fame,stock,end,338
12,4,DP,source,SurfaceMap.CollectYields,18
12,4,Material,source,SurfaceMap.CollectYields,1
12,4,Fame,source,SurfaceMap.CollectYields,4
12,4,DP,source,EraSystem.TickTurn,600
12,4,DP,sink,MinionRoster.TryForge,-236
12,4,DP,sink,MinionEvolution.TryEvolve,-375
12,4,DP,sink,DungeonFeatureManager.TryPlaceTrap,-150
12,4,DP,sink,MinionRoster.TrySummon,-158
12,4,DP,source,AdventurerAI.ReapEmotion,184
12,4,DP,source,AdventurerAI.GrantReturnReward,1018
12,4,Fame,source,AdventurerAI.GrantReturnReward,40
12,4,Fame,source,LureEconomy.OnHeroEscaped,100
12,4,DP,source,AdventurerAI.TakeDamage,224
12,4,Material,source,AdventurerAI.TakeDamage,12
12,4,DP,sink,CommandSystem.TryUse,-1150
12,4,DP,stock,end,291
12,4,Material,stock,end,48
12,4,Fame,stock,end,482
12,5,DP,source,SurfaceMap.CollectYields,18
12,5,Material,source,SurfaceMap.CollectYields,1
12,5,Fame,source,SurfaceMap.CollectYields,4
12,5,DP,source,EraSystem.TickTurn,600
12,5,Material,source,EraSystem.TickTurn,10
12,5,DP,sink,MinionRoster.TryForge,-212
12,5,DP,sink,MinionEvolution.TryEvolve,-225
12,5,DP,sink,MinionRoster.TryEvolveIndividual,-150
12,5,DP,sink,DungeonFeatureManager.TryPlaceTrap,-150
12,5,DP,sink,MinionRoster.TrySummon,-162
12,5,DP,source,AdventurerAI.TakeDamage,663
12,5,Material,source,AdventurerAI.TakeDamage,19
12,5,DP,source,AdventurerAI.ReapEmotion,433
12,5,DP,source,AdventurerAI.GrantReturnReward,145
12,5,Fame,source,AdventurerAI.GrantReturnReward,10
12,5,Fame,source,LureEconomy.OnHeroEscaped,25
12,5,DP,sink,CommandSystem.TryUse,-650
12,5,DP,source,Nemesis.OnSlain,518
12,5,Material,source,Nemesis.OnSlain,5
12,5,DP,stock,end,1119
12,5,Material,stock,end,83
12,5,Fame,stock,end,521
12,6,DP,source,SurfaceMap.CollectYields,39
12,6,Material,source,SurfaceMap.CollectYields,2
12,6,Fame,source,SurfaceMap.CollectYields,9
12,6,DP,source,EraSystem.TickTurn,600
12,6,DP,sink,MinionRoster.TryForge,-212
12,6,DP,sink,DungeonFloorManager.TryExpandFloor,-800
12,6,DP,sink,MinionEvolution.TryEvolve,-325
12,6,DP,sink,DungeonFeatureManager.TryPlaceTrap,-300
12,6,DP,sink,MinionRoster.TrySummon,-120
12,6,DP,source,AdventurerAI.ReapEmotion,136
12,6,Fame,source,AdventurerAI.GrantReturnReward,50
12,6,Fame,source,LureEconomy.OnHeroEscaped,125
12,6,DP,source,AdventurerAI.TakeDamage,364
12,6,Material,source,AdventurerAI.TakeDamage,53
12,6,DP,source,AdventurerAI.GrantReturnReward,1237
12,6,DP,sink,CommandSystem.TryUse,-1150
12,6,DP,source,Nemesis.OnSlain,1306
12,6,Material,source,Nemesis.OnSlain,12
12,6,DP,stock,end,1894
12,6,Material,stock,end,150
12,6,Fame,stock,end,705
12,7,DP,source,SurfaceMap.CollectYields,39
12,7,Material,source,SurfaceMap.CollectYields,2
12,7,Fame,source,SurfaceMap.CollectYields,9
12,7,DP,source,EraSystem.TickTurn,600
12,7,DP,sink,MinionRoster.TryForge,-212
12,7,DP,sink,DungeonFloorManager.TryAddFloor,-2000
12,7,DP,sink,DungeonFeatureManager.TryPlaceTrap,-150
12,7,DP,sink,MinionRoster.TrySummon,-158
12,7,DP,source,AdventurerAI.ReapEmotion,135
12,7,DP,source,AdventurerAI.TakeDamage,641
12,7,Material,source,AdventurerAI.TakeDamage,23
12,7,DP,source,AdventurerAI.GrantReturnReward,1455
12,7,Fame,source,AdventurerAI.GrantReturnReward,50
12,7,Fame,source,LureEconomy.OnHeroEscaped,125
12,7,DP,sink,CommandSystem.TryUse,-1150
12,7,DP,source,Nemesis.OnSlain,583
12,7,Material,source,Nemesis.OnSlain,5
12,7,DP,stock,end,1677
12,7,Material,stock,end,180
12,7,Fame,stock,end,889
12,8,DP,source,SurfaceMap.CollectYields,39
12,8,Material,source,SurfaceMap.CollectYields,2
12,8,Fame,source,SurfaceMap.CollectYields,9
12,8,DP,source,EraSystem.TickTurn,1020
12,8,DP,sink,MinionRoster.TryForge,-212
12,8,DP,sink,DungeonFloorManager.TryExpandFloor,-2000
12,8,DP,sink,MinionEvolution.TryEvolve,-200
12,8,DP,sink,DungeonFeatureManager.TryPlaceTrap,-150
12,8,DP,sink,MinionRoster.TrySummon,-172
12,8,DP,source,AdventurerAI.ReapEmotion,131
12,8,DP,source,AdventurerAI.GrantReturnReward,2971
12,8,Fame,source,AdventurerAI.GrantReturnReward,100
12,8,Fame,source,LureEconomy.OnHeroEscaped,250
12,8,DP,sink,CommandSystem.TryUse,-1150
12,8,DP,source,Nemesis.OnSlain,599
12,8,Material,source,Nemesis.OnSlain,5
12,8,DP,source,AdventurerAI.TakeDamage,209
12,8,Material,source,AdventurerAI.TakeDamage,6
12,8,DP,stock,end,2762
12,8,Material,stock,end,193
12,8,Fame,stock,end,1248
12,9,DP,source,SurfaceMap.CollectYields,69
12,9,Material,source,SurfaceMap.CollectYields,3
12,9,Fame,source,SurfaceMap.CollectYields,17
12,9,DP,source,EraSystem.TickTurn,600
12,9,Fame,source,EraSystem.TickTurn,25
12,9,DP,sink,MinionRoster.TryForge,-285
12,9,DP,sink,DungeonFloorManager.TryExpandFloor,-2300
12,9,DP,sink,MinionEvolution.TryEvolve,-500
12,9,DP,sink,DungeonFeatureManager.TryPlaceTrap,-150
12,9,DP,sink,MinionRoster.TrySummon,-187
12,9,DP,source,AdventurerAI.ReapEmotion,147
12,9,DP,source,AdventurerAI.TakeDamage,855
12,9,Material,source,AdventurerAI.TakeDamage,49
12,9,DP,sink,CommandSystem.TryUse,-1800
12,9,DP,source,AdventurerAI.GrantReturnReward,451
12,9,Fame,source,AdventurerAI.GrantReturnReward,20
12,9,Fame,source,LureEconomy.OnHeroEscaped,50
12,9,DP,source,Nemesis.OnSlain,857
12,9,Material,source,Nemesis.OnSlain,7
12,9,DP,stock,end,519
12,9,Material,stock,end,252
12,9,Fame,stock,end,1360
12,10,DP,source,SurfaceMap.CollectYields,79
12,10,Material,source,SurfaceMap.CollectYields,3
12,10,Fame,source,SurfaceMap.CollectYields,17
12,10,DP,source,EraSystem.TickTurn,600
12,10,DP,sink,MinionRoster.TryForge,-190
12,10,DP,sink,MinionEvolution.TryEvolve,-250
12,10,DP,sink,MinionRoster.TryEvolveIndividual,-425
12,10,DP,sink,DungeonFeatureManager.TryPlaceTrap,-150
12,10,DP,sink,MinionRoster.TrySummon,-170
12,10,DP,source,AdventurerAI.ReapEmotion,149
12,10,DP,source,AdventurerAI.GrantReturnReward,4609
12,10,Fame,source,AdventurerAI.GrantReturnReward,100
12,10,Fame,source,LureEconomy.OnHeroEscaped,250
12,10,DP,sink,CommandSystem.TryUse,-1800
12,10,DP,source,AdventurerAI.TakeDamage,508
12,10,Material,source,AdventurerAI.TakeDamage,11
12,10,DP,stock,end,3479
12,10,Material,stock,end,266
12,10,Fame,stock,end,1727
12,11,DP,source,SurfaceMap.CollectYields,52
12,11,Material,source,SurfaceMap.CollectYields,2
12,11,Fame,source,SurfaceMap.CollectYields,11
12,11,DP,sink,MinionRoster.TryForge,-475
12,11,DP,sink,DungeonFloorManager.TryExpandFloor,-1500
12,11,DP,sink,MinionEvolution.TryEvolve,-550
12,11,DP,sink,MinionRoster.TryEvolveIndividual,-650
12,11,DP,sink,DungeonFeatureManager.TryPlaceTrap,-150
12,11,DP,sink,MinionRoster.TrySummon,-203
12,11,DP,source,AdventurerAI.ReapEmotion,263
12,11,DP,source,AdventurerAI.GrantReturnReward,6249
12,11,Fame,source,AdventurerAI.GrantReturnReward,110
12,11,Fame,source,LureEconomy.OnHeroEscaped,275
12,11,DP,sink,CommandSystem.TryUse,-5600
12,11,DP,source,AdventurerAI.TakeDamage,1106
12,11,Material,source,AdventurerAI.TakeDamage,101
12,11,DP,source,Nemesis.OnSlain,680
12,11,Material,source,Nemesis.OnSlain,5
12,11,DP,stock,end,2701
12,11,Material,stock,end,374
12,11,Fame,stock,end,2123
12,12,DP,source,SurfaceMap.CollectYields,78
12,12,Material,source,SurfaceMap.CollectYields,3
12,12,Fame,source,SurfaceMap.CollectYields,16
12,12,DP,source,DistrictCatalog.Collect,112
12,12,DP,sink,MinionRoster.TryForge,-2434
12,12,DP,sink,DungeonFeatureManager.TryPlaceTrap,-300
12,12,DP,sink,MinionRoster.TrySummon,-157
12,12,DP,source,AdventurerAI.ReapEmotion,203
12,12,DP,source,AdventurerAI.GrantReturnReward,5698
12,12,Fame,source,AdventurerAI.GrantReturnReward,150
12,12,Fame,source,LureEconomy.OnHeroEscaped,375
12,12,DP,sink,CommandSystem.TryUse,-2250
12,12,DP,source,AdventurerAI.TakeDamage,315
12,12,Material,source,AdventurerAI.TakeDamage,26
12,12,DP,stock,end,3966
12,12,Material,stock,end,403
12,12,Fame,stock,end,2664
12,13,DP,source,SurfaceMap.CollectYields,59
12,13,Material,source,SurfaceMap.CollectYields,3
12,13,Fame,source,SurfaceMap.CollectYields,13
12,13,DP,source,DistrictCatalog.Collect,126
12,13,DP,sink,MinionRoster.TryForge,-3440
12,13,DP,sink,MinionRoster.TryEvolveIndividual,-300
12,13,DP,sink,DungeonFeatureManager.TryPlaceTrap,-150
12,13,DP,sink,MinionRoster.TrySummon,-252
12,13,DP,source,AdventurerAI.ReapEmotion,351
12,13,DP,source,AdventurerAI.TakeDamage,321
12,13,Material,source,AdventurerAI.TakeDamage,3
12,13,DP,sink,CommandSystem.TryUse,-5550
12,13,DP,source,AdventurerAI.GrantReturnReward,8347
12,13,Fame,source,AdventurerAI.GrantReturnReward,270
12,13,Fame,source,LureEconomy.OnHeroEscaped,675
12,13,DP,stock,end,3478
12,13,Material,stock,end,409
12,13,Fame,stock,end,3622
12,14,DP,source,SurfaceMap.CollectYields,100
12,14,Material,source,SurfaceMap.CollectYields,5
12,14,Fame,source,SurfaceMap.CollectYields,22
12,14,DP,source,DistrictCatalog.Collect,126
12,14,DP,sink,MinionRoster.TryForge,-2557
12,14,DP,sink,MinionRoster.TryEvolveIndividual,-325
12,14,DP,sink,DungeonFeatureManager.TryPlaceTrap,-600
12,14,DP,sink,MinionRoster.TrySummon,-206
12,14,DP,source,AdventurerAI.ReapEmotion,586
12,14,DP,sink,CommandSystem.TryUse,-4900
12,14,DP,source,AdventurerAI.TakeDamage,850
12,14,Material,source,AdventurerAI.TakeDamage,64
12,14,DP,source,AdventurerAI.GrantReturnReward,6317
12,14,Fame,source,AdventurerAI.GrantReturnReward,150
12,14,Fame,source,LureEconomy.OnHeroEscaped,375
12,14,DP,stock,end,2869
12,14,Material,stock,end,478
12,14,Fame,stock,end,4169
12,15,DP,source,SurfaceMap.CollectYields,100
12,15,Material,source,SurfaceMap.CollectYields,5
12,15,Fame,source,SurfaceMap.CollectYields,22
12,15,DP,source,DistrictCatalog.Collect,126
12,15,DP,sink,MinionRoster.TryForge,-760
12,15,DP,sink,DungeonFloorManager.TryExpandFloor,-1500
12,15,DP,sink,MinionRoster.TryEvolveIndividual,-400
12,15,DP,sink,DungeonFeatureManager.TryPlaceTrap,-150
12,15,DP,sink,MinionRoster.TrySummon,-276
12,15,DP,source,AdventurerAI.ReapEmotion,380
12,15,DP,source,AdventurerAI.TakeDamage,2055
12,15,Material,source,AdventurerAI.TakeDamage,41
12,15,DP,sink,CommandSystem.TryUse,-3100
12,15,DP,source,AdventurerAI.GrantReturnReward,7582
12,15,Fame,source,AdventurerAI.GrantReturnReward,140
12,15,Fame,source,LureEconomy.OnHeroEscaped,350
12,15,DP,stock,end,6926
12,15,Material,stock,end,524
12,15,Fame,stock,end,4681
12,16,DP,source,SurfaceMap.CollectYields,100
12,16,Material,source,SurfaceMap.CollectYields,5
12,16,Fame,source,SurfaceMap.CollectYields,22
12,16,DP,source,DistrictCatalog.Collect,140
12,16,DP,source,EraSystem.TickTurn,300
12,16,DP,sink,MinionRoster.TryForge,-1210
12,16,DP,sink,DungeonFloorManager.TryAddFloor,-5000
12,16,DP,sink,DungeonFloorManager.TryExpandFloor,-400
12,16,DP,sink,MinionRoster.TryEvolveIndividual,-325
12,16,DP,sink,DungeonFeatureManager.TryPlaceTrap,-300
12,16,DP,sink,MinionRoster.TrySummon,-216
12,16,DP,source,AdventurerAI.ReapEmotion,955
12,16,DP,sink,CommandSystem.TryUse,-6050
12,16,DP,source,AdventurerAI.TakeDamage,3792
12,16,Material,source,AdventurerAI.TakeDamage,97
12,16,DP,source,AdventurerAI.GrantReturnReward,5357
12,16,Fame,source,AdventurerAI.GrantReturnReward,140
12,16,Fame,source,LureEconomy.OnHeroEscaped,350
12,16,DP,stock,end,4069
12,16,Material,stock,end,626
12,16,Fame,stock,end,5193
12,17,DP,source,SurfaceMap.CollectYields,121
12,17,Material,source,SurfaceMap.CollectYields,6
12,17,Fame,source,SurfaceMap.CollectYields,27
12,17,DP,source,DistrictCatalog.Collect,140
12,17,DP,source,EraSystem.TickTurn,720
12,17,DP,sink,MinionRoster.TryForge,-2012
12,17,DP,sink,DungeonFloorManager.TryExpandFloor,-2300
12,17,DP,sink,MinionRoster.TryEvolveIndividual,-325
12,17,DP,sink,DungeonFeatureManager.TryPlaceTrap,-150
12,17,DP,sink,MinionRoster.TrySummon,-261
12,17,DP,source,AdventurerAI.ReapEmotion,259
12,17,DP,source,AdventurerAI.TakeDamage,4540
12,17,Material,source,AdventurerAI.TakeDamage,123
12,17,DP,sink,CommandSystem.TryUse,-6050
12,17,DP,source,AdventurerAI.GrantReturnReward,8659
12,17,Fame,source,AdventurerAI.GrantReturnReward,140
12,17,Fame,source,LureEconomy.OnHeroEscaped,350
12,17,DP,stock,end,7410
12,17,Material,stock,end,755
12,17,Fame,stock,end,5710
12,18,DP,source,SurfaceMap.CollectYields,121
12,18,Material,source,SurfaceMap.CollectYields,6
12,18,Fame,source,SurfaceMap.CollectYields,27
12,18,DP,source,DistrictCatalog.Collect,140
12,18,DP,source,EraSystem.TickTurn,720
12,18,DP,sink,MinionRoster.TryForge,-5374
12,18,DP,sink,DungeonFloorManager.TryExpandFloor,-2500
12,18,DP,sink,DungeonFeatureManager.TryPlaceTrap,-300
12,18,DP,sink,MinionRoster.TrySummon,-188
12,18,DP,source,AdventurerAI.ReapEmotion,215
12,18,DP,source,AdventurerAI.TakeDamage,3460
12,18,Material,source,AdventurerAI.TakeDamage,26
12,18,DP,source,AdventurerAI.GrantReturnReward,11903
12,18,Fame,source,AdventurerAI.GrantReturnReward,180
12,18,Fame,source,LureEconomy.OnHeroEscaped,450
12,18,DP,sink,CommandSystem.TryUse,-6050
12,18,DP,stock,end,9557
12,18,Material,stock,end,787
12,18,Fame,stock,end,6367
12,19,DP,source,SurfaceMap.CollectYields,121
12,19,Material,source,SurfaceMap.CollectYields,6
12,19,Fame,source,SurfaceMap.CollectYields,27
12,19,DP,source,DistrictCatalog.Collect,140
12,19,DP,sink,MinionRoster.TryForge,-8980
12,19,DP,sink,MinionRoster.TryEvolveIndividual,-250
12,19,DP,sink,DungeonFeatureManager.TryPlaceTrap,-300
12,19,DP,sink,MinionRoster.TrySummon,-287
12,19,DP,source,AdventurerAI.ReapEmotion,240
12,19,DP,source,AdventurerAI.GrantReturnReward,12244
12,19,Fame,source,AdventurerAI.GrantReturnReward,210
12,19,Fame,source,LureEconomy.OnHeroEscaped,525
12,19,DP,sink,CommandSystem.TryUse,-5550
12,19,DP,source,AdventurerAI.TakeDamage,2029
12,19,Material,source,AdventurerAI.TakeDamage,186
12,19,DP,stock,end,8964
12,19,Material,stock,end,979
12,19,Fame,stock,end,7129
12,20,DP,source,SurfaceMap.CollectYields,121
12,20,Material,source,SurfaceMap.CollectYields,6
12,20,Fame,source,SurfaceMap.CollectYields,27
12,20,DP,source,DistrictCatalog.Collect,140
12,20,DP,sink,MinionRoster.TryForge,-8251
12,20,Material,sink,MinionRoster.TryForge,-6
12,20,DP,sink,DungeonFeatureManager.TryPlaceTrap,-750
12,20,DP,sink,MinionRoster.TrySummon,-195
12,20,DP,source,AdventurerAI.ReapEmotion,616
12,20,DP,sink,CommandSystem.TryUse,-4900
12,20,DP,source,AdventurerAI.TakeDamage,526
12,20,Material,source,AdventurerAI.TakeDamage,14
12,20,DP,source,AdventurerAI.GrantReturnReward,10476
12,20,Fame,source,AdventurerAI.GrantReturnReward,260
12,20,Fame,source,LureEconomy.OnHeroEscaped,650
12,20,DP,stock,end,6747
12,20,Material,stock,end,993
12,20,Fame,stock,end,8066
12,21,DP,source,SurfaceMap.CollectYields,121
12,21,Material,source,SurfaceMap.CollectYields,6
12,21,Fame,source,SurfaceMap.CollectYields,27
12,21,DP,source,DistrictCatalog.Collect,140
12,21,DP,sink,MinionRoster.TryForge,-5882
12,21,DP,sink,MinionRoster.TryEvolveIndividual,-250
12,21,Material,sink,MinionRoster.TryForge,-14
12,21,DP,sink,DungeonFeatureManager.TryPlaceTrap,-600
12,21,DP,sink,MinionRoster.TrySummon,-242
12,21,DP,source,AdventurerAI.ReapEmotion,166
12,21,DP,source,AdventurerAI.GrantReturnReward,12414
12,21,Fame,source,AdventurerAI.GrantReturnReward,400
12,21,Fame,source,LureEconomy.OnHeroEscaped,1000
12,21,DP,sink,CommandSystem.TryUse,-4900
12,21,DP,source,AdventurerAI.TakeDamage,763
12,21,Material,source,AdventurerAI.TakeDamage,29
12,21,DP,stock,end,8477
12,21,Material,stock,end,1014
12,21,Fame,stock,end,9493
12,22,DP,source,SurfaceMap.CollectYields,126
12,22,Material,source,SurfaceMap.CollectYields,6
12,22,Fame,source,SurfaceMap.CollectYields,28
12,22,DP,source,DistrictCatalog.Collect,154
12,22,DP,sink,MinionRoster.TryForge,-7242
12,22,DP,sink,MinionRoster.TryEvolveIndividual,-325
12,22,Material,sink,MinionRoster.TryForge,-14
12,22,DP,sink,DungeonFeatureManager.TryPlaceTrap,-900
12,22,DP,sink,MinionRoster.TrySummon,-290
12,22,DP,source,AdventurerAI.ReapEmotion,177
12,22,DP,source,AdventurerAI.GrantReturnReward,20488
12,22,Fame,source,AdventurerAI.GrantReturnReward,470
12,22,Fame,source,LureEconomy.OnHeroEscaped,1175
12,22,DP,sink,CommandSystem.TryUse,-4900
12,22,DP,source,AdventurerAI.TakeDamage,882
12,22,Material,source,AdventurerAI.TakeDamage,12
12,22,DP,stock,end,16647
12,22,Material,stock,end,1018
12,22,Fame,stock,end,11166
12,23,DP,source,SurfaceMap.CollectYields,147
12,23,Material,source,SurfaceMap.CollectYields,7
12,23,Fame,source,SurfaceMap.CollectYields,33
12,23,DP,source,DistrictCatalog.Collect,154
12,23,DP,sink,MinionRoster.TryForge,-16020
12,23,Material,sink,MinionRoster.TryForge,-52
12,23,DP,sink,DungeonFeatureManager.TryPlaceTrap,-750
12,23,DP,sink,MinionRoster.TrySummon,-168
12,23,DP,source,AdventurerAI.ReapEmotion,600
12,23,DP,sink,CommandSystem.TryUse,-5550
12,23,DP,source,AdventurerAI.GrantReturnReward,14404
12,23,Fame,source,AdventurerAI.GrantReturnReward,270
12,23,Fame,source,LureEconomy.OnHeroEscaped,675
12,23,DP,source,AdventurerAI.TakeDamage,3556
12,23,Material,source,AdventurerAI.TakeDamage,132
12,23,DP,stock,end,13020
12,23,Material,stock,end,1105
12,23,Fame,stock,end,12144
13,1,DP,sink,DungeonFeatureManager.TryPlaceTrap,-150
13,1,DP,source,AdventurerAI.ReapEmotion,195
13,1,DP,source,AdventurerAI.TakeDamage,55
13,1,Material,source,AdventurerAI.TakeDamage,2
13,1,DP,sink,CommandSystem.TryUse,-650
13,1,DP,source,AdventurerAI.GrantReturnReward,400
13,1,Fame,source,AdventurerAI.GrantReturnReward,40
13,1,Fame,source,LureEconomy.OnHeroEscaped,100
13,1,DP,stock,end,50
13,1,Material,stock,end,2
13,1,Fame,stock,end,140
13,2,DP,source,SurfaceMap.CollectYields,18
13,2,Material,source,SurfaceMap.CollectYields,1
13,2,Fame,source,SurfaceMap.CollectYields,4
13,2,DP,source,EraSystem.TickTurn,600
13,2,Fame,source,EraSystem.TickTurn,25
13,2,DP,sink,MinionRoster.TryForge,-236
13,2,DP,sink,MinionEvolution.TryEvolve,-75
13,2,DP,sink,DungeonFeatureManager.TryPlaceTrap,-300
13,2,DP,sink,MinionRoster.TrySummon,-39
13,2,DP,source,AdventurerAI.ReapEmotion,303
13,2,DP,source,AdventurerAI.TakeDamage,76
13,2,Material,source,AdventurerAI.TakeDamage,4
13,2,DP,sink,CommandSystem.TryUse,-650
13,2,DP,source,AdventurerAI.GrantReturnReward,971
13,2,Fame,source,AdventurerAI.GrantReturnReward,40
13,2,Fame,source,LureEconomy.OnHeroEscaped,100
13,2,DP,stock,end,718
13,2,Material,stock,end,7
13,2,Fame,stock,end,309
13,3,DP,source,SurfaceMap.CollectYields,18
13,3,Material,source,SurfaceMap.CollectYields,1
13,3,Fame,source,SurfaceMap.CollectYields,4
13,3,DP,source,EraSystem.TickTurn,600
13,3,Material,source,EraSystem.TickTurn,10
13,3,Fame,source,EraSystem.TickTurn,25
13,3,DP,sink,MinionRoster.TryForge,-236
13,3,DP,sink,DungeonFloorManager.TryAddFloor,-800
13,3,DP,sink,DungeonFeatureManager.TryPlaceTrap,-150
13,3,DP,sink,MinionRoster.TrySummon,-134
13,3,DP,source,AdventurerAI.ReapEmotion,132
13,3,DP,source,AdventurerAI.GrantReturnReward,455
13,3,Fame,source,AdventurerAI.GrantReturnReward,40
13,3,Fame,source,LureEconomy.OnHeroEscaped,100
13,3,DP,sink,CommandSystem.TryUse,-650
13,3,DP,source,Nemesis.OnSlain,486
13,3,Material,source,Nemesis.OnSlain,5
13,3,DP,source,AdventurerAI.TakeDamage,125
13,3,Material,source,AdventurerAI.TakeDamage,7
13,3,DP,stock,end,564
13,3,Material,stock,end,30
13,3,Fame,stock,end,478
13,4,DP,source,SurfaceMap.CollectYields,18
13,4,Material,source,SurfaceMap.CollectYields,1
13,4,Fame,source,SurfaceMap.CollectYields,4
13,4,DP,source,EraSystem.TickTurn,600
13,4,DP,sink,MinionRoster.TryForge,-236
13,4,DP,sink,DungeonFloorManager.TryExpandFloor,-400
13,4,DP,sink,MinionEvolution.TryEvolve,-150
13,4,DP,sink,MinionRoster.TryEvolveIndividual,-75
13,4,DP,sink,DungeonFeatureManager.TryPlaceTrap,-150
13,4,DP,sink,MinionRoster.TrySummon,-157
13,4,DP,source,AdventurerAI.ReapEmotion,195
13,4,DP,source,AdventurerAI.GrantReturnReward,697
13,4,Fame,source,AdventurerAI.GrantReturnReward,40
13,4,Fame,source,LureEconomy.OnHeroEscaped,100
13,4,DP,sink,CommandSystem.TryUse,-650
13,4,DP,source,AdventurerAI.TakeDamage,259
13,4,Material,source,AdventurerAI.TakeDamage,17
13,4,DP,source,Nemesis.OnSlain,518
13,4,Material,source,Nemesis.OnSlain,5
13,4,DP,stock,end,1033
13,4,Material,stock,end,53
13,4,Fame,stock,end,622
13,5,DP,source,SurfaceMap.CollectYields,18
13,5,Material,source,SurfaceMap.CollectYields,1
13,5,Fame,source,SurfaceMap.CollectYields,4
13,5,DP,source,EraSystem.TickTurn,600
13,5,Material,source,EraSystem.TickTurn,10
13,5,DP,sink,MinionRoster.TryForge,-212
13,5,DP,sink,DungeonFloorManager.TryExpandFloor,-400
13,5,DP,sink,MinionEvolution.TryEvolve,-725
13,5,DP,sink,DungeonFeatureManager.TryPlaceTrap,-150
13,5,DP,sink,MinionRoster.TrySummon,-148
13,5,DP,source,AdventurerAI.ReapEmotion,212
13,5,DP,source,AdventurerAI.GrantReturnReward,1202
13,5,Fame,source,AdventurerAI.GrantReturnReward,40
13,5,Fame,source,LureEconomy.OnHeroEscaped,100
13,5,DP,sink,CommandSystem.TryUse,-1150
13,5,DP,source,AdventurerAI.TakeDamage,386
13,5,Material,source,AdventurerAI.TakeDamage,11
13,5,DP,source,Nemesis.OnSlain,535
13,5,Material,source,Nemesis.OnSlain,5
13,5,DP,stock,end,1201
13,5,Material,stock,end,80
13,5,Fame,stock,end,766
13,6,DP,source,SurfaceMap.CollectYields,38
13,6,Material,source,SurfaceMap.CollectYields,2
13,6,Fame,source,SurfaceMap.CollectYields,8
13,6,DP,source,EraSystem.TickTurn,600
13,6,DP,sink,MinionRoster.TryForge,-212
13,6,DP,sink,DungeonFloorManager.TryExpandFloor,-800
13,6,DP,sink,MinionEvolution.TryEvolve,-400
13,6,DP,sink,MinionRoster.TryEvolveIndividual,-75
13,6,DP,sink,DungeonFeatureManager.TryPlaceTrap,-300
13,6,DP,sink,MinionRoster.TrySummon,-52
13,6,DP,source,AdventurerAI.ReapEmotion,119
13,6,DP,source,AdventurerAI.TakeDamage,1243
13,6,Material,source,AdventurerAI.TakeDamage,45
13,6,DP,sink,CommandSystem.TryUse,-1900
13,6,DP,source,Nemesis.OnSlain,1134
13,6,Material,source,Nemesis.OnSlain,10
13,6,DP,source,AdventurerAI.GrantReturnReward,460
13,6,Fame,source,AdventurerAI.GrantReturnReward,10
13,6,Fame,source,LureEconomy.OnHeroEscaped,25
13,6,DP,stock,end,1056
13,6,Material,stock,end,137
13,6,Fame,stock,end,809
13,7,DP,source,SurfaceMap.CollectYields,38
13,7,Material,source,SurfaceMap.CollectYields,2
13,7,Fame,source,SurfaceMap.CollectYields,8
13,7,DP,source,EraSystem.TickTurn,600
13,7,DP,sink,MinionRoster.TryForge,-212
13,7,DP,sink,DungeonFloorManager.TryExpandFloor,-800
13,7,DP,sink,MinionEvolution.TryEvolve,-250
13,7,DP,sink,MinionRoster.TryEvolveIndividual,-75
13,7,DP,sink,DungeonFeatureManager.TryPlaceTrap,-300
13,7,DP,sink,MinionRoster.TrySummon,-53
13,7,DP,source,AdventurerAI.ReapEmotion,116
13,7,DP,source,AdventurerAI.GrantReturnReward,1510
13,7,Fame,source,AdventurerAI.GrantReturnReward,40
13,7,Fame,source,LureEconomy.OnHeroEscaped,100
13,7,DP,sink,CommandSystem.TryUse,-1150
13,7,DP,source,AdventurerAI.TakeDamage,732
13,7,Material,source,AdventurerAI.TakeDamage,19
13,7,DP,source,Nemesis.OnSlain,1166
13,7,Material,source,Nemesis.OnSlain,10
13,7,DP,stock,end,2378
13,7,Material,stock,end,168
13,7,Fame,stock,end,957
13,8,DP,source,SurfaceMap.CollectYields,38
13,8,Material,source,SurfaceMap.CollectYields,2
13,8,Fame,source,SurfaceMap.CollectYields,8
13,8,DP,source,EraSystem.TickTurn,600
13,8,DP,sink,MinionRoster.TryForge,-212
13,8,DP,sink,DungeonFloorManager.TryAddFloor,-2000
13,8,DP,sink,DungeonFloorManager.TryExpandFloor,-400
13,8,DP,sink,MinionRoster.TryEvolveIndividual,-75
13,8,DP,sink,DungeonFeatureManager.TryPlaceTrap,-150
13,8,DP,sink,MinionRoster.TrySummon,-172
13,8,DP,source,AdventurerAI.ReapEmotion,429
13,8,DP,source,AdventurerAI.TakeDamage,1155
13,8,Material,source,AdventurerAI.TakeDamage,34
13,8,DP,sink,CommandSystem.TryUse,-1800
13,8,DP,source,AdventurerAI.GrantReturnReward,676
13,8,Fame,source,AdventurerAI.GrantReturnReward,20
13,8,Fame,source,LureEconomy.OnHeroEscaped,50
13,8,DP,source,Nemesis.OnSlain,599
13,8,Material,source,Nemesis.OnSlain,5
13,8,DP,stock,end,1066
13,8,Material,stock,end,209
13,8,Fame,stock,end,1035
13,9,DP,source,SurfaceMap.CollectYields,68
13,9,Material,source,SurfaceMap.CollectYields,3
13,9,Fame,source,SurfaceMap.CollectYields,16
13,9,DP,source,EraSystem.TickTurn,1020
13,9,DP,sink,MinionRoster.TryForge,-285
13,9,DP,sink,DungeonFloorManager.TryExpandFloor,-800
13,9,DP,sink,MinionEvolution.TryEvolve,-500
13,9,DP,sink,MinionRoster.TryEvolveIndividual,-175
13,9,DP,sink,DungeonFeatureManager.TryPlaceTrap,-150
13,9,DP,sink,MinionRoster.TrySummon,-228
13,9,DP,source,AdventurerAI.ReapEmotion,119
13,9,DP,source,AdventurerAI.TakeDamage,911
13,9,Material,source,AdventurerAI.TakeDamage,25
13,9,DP,sink,CommandSystem.TryUse,-950
13,9,DP,source,Nemesis.OnSlain,632
13,9,Material,source,Nemesis.OnSlain,5
13,9,DP,stock,end,728
13,9,Material,stock,end,242
13,9,Fame,stock,end,1051
13,10,DP,source,SurfaceMap.CollectYields,78
13,10,Material,source,SurfaceMap.CollectYields,3
13,10,Fame,source,SurfaceMap.CollectYields,16
13,10,DP,source,EraSystem.TickTurn,600
13,10,Fame,source,EraSystem.TickTurn,25
13,10,DP,sink,MinionRoster.TryForge,-285
13,10,DP,sink,MinionEvolution.TryEvolve,-550
13,10,DP,sink,MinionRoster.TryEvolveIndividual,-200
13,10,DP,sink,DungeonFeatureManager.TryPlaceTrap,-150
13,10,DP,sink,MinionRoster.TrySummon,-205
13,10,DP,source,AdventurerAI.ReapEmotion,135
13,10,DP,source,AdventurerAI.TakeDamage,1129
13,10,Material,source,AdventurerAI.TakeDamage,37
13,10,DP,sink,CommandSystem.TryUse,-2300
13,10,DP,source,AdventurerAI.GrantReturnReward,2321
13,10,Fame,source,AdventurerAI.GrantReturnReward,50
13,10,Fame,source,LureEconomy.OnHeroEscaped,125
13,10,DP,source,Nemesis.OnSlain,877
13,10,Material,source,Nemesis.OnSlain,7
13,10,DP,stock,end,2178
13,10,Material,stock,end,289
13,10,Fame,stock,end,1267
13,11,DP,source,SurfaceMap.CollectYields,78
13,11,Material,source,SurfaceMap.CollectYields,3
13,11,Fame,source,SurfaceMap.CollectYields,16
13,11,DP,sink,MinionRoster.TryForge,-190
13,11,DP,sink,DungeonFloorManager.TryExpandFloor,-1500
13,11,DP,sink,MinionRoster.TryEvolveIndividual,-250
13,11,DP,sink,DungeonFeatureManager.TryPlaceTrap,-150
13,11,DP,sink,MinionRoster.TrySummon,-142
13,11,DP,source,AdventurerAI.ReapEmotion,261
13,11,DP,source,AdventurerAI.GrantReturnReward,3578
13,11,Fame,source,AdventurerAI.GrantReturnReward,190
13,11,Fame,source,LureEconomy.OnHeroEscaped,475
13,11,DP,sink,CommandSystem.TryUse,-4050
13,11,DP,source,AdventurerAI.TakeDamage,464
13,11,Material,source,AdventurerAI.TakeDamage,9
13,11,DP,stock,end,277
13,11,Material,stock,end,301
13,11,Fame,stock,end,1948
13,12,DP,source,SurfaceMap.CollectYields,78
13,12,Material,source,SurfaceMap.CollectYields,3
13,12,Fame,source,SurfaceMap.CollectYields,16
13,12,DP,source,DistrictCatalog.Collect,112
13,12,DP,sink,MinionRoster.TryForge,-95
13,12,DP,sink,DungeonFeatureManager.TryPlaceTrap,-150
13,12,DP,sink,MinionRoster.TrySummon,-207
13,12,DP,source,AdventurerAI.ReapEmotion,195
13,12,DP,source,AdventurerAI.GrantReturnReward,5461
13,12,Fame,source,AdventurerAI.GrantReturnReward,130
13,12,Fame,source,LureEconomy.OnHeroEscaped,325
13,12,DP,sink,CommandSystem.TryUse,-3100
13,12,DP,source,AdventurerAI.TakeDamage,566
13,12,Material,source,AdventurerAI.TakeDamage,44
13,12,DP,stock,end,3137
13,12,Material,stock,end,348
13,12,Fame,stock,end,2419
13,13,DP,source,SurfaceMap.CollectYields,79
13,13,Material,source,SurfaceMap.CollectYields,4
13,13,Fame,source,SurfaceMap.CollectYields,17
13,13,DP,source,DistrictCatalog.Collect,112
13,13,DP,source,EraSystem.TickTurn,720
13,13,DP,sink,MinionRoster.TryForge,-190
13,13,DP,sink,DungeonFloorManager.TryExpandFloor,-3000
13,13,DP,sink,MinionRoster.TryEvolveIndividual,-525
13,13,DP,sink,DungeonFeatureManager.TryPlaceTrap,-150
13,13,DP,sink,MinionRoster.TrySummon,-162
13,13,DP,source,AdventurerAI.ReapEmotion,99
13,13,DP,source,AdventurerAI.GrantReturnReward,3610
13,13,Fame,source,AdventurerAI.GrantReturnReward,80
13,13,Fame,source,LureEconomy.OnHeroEscaped,200
13,13,DP,sink,CommandSystem.TryUse,-3250
13,13,DP,source,Nemesis.OnSlain,729
13,13,Material,source,Nemesis.OnSlain,5
13,13,DP,source,AdventurerAI.TakeDamage,386
13,13,Material,source,AdventurerAI.TakeDamage,4
13,13,DP,stock,end,1595
13,13,Material,stock,end,361
13,13,Fame,stock,end,2716
13,14,DP,source,SurfaceMap.CollectYields,79
13,14,Material,source,SurfaceMap.CollectYields,4
13,14,Fame,source,SurfaceMap.CollectYields,17
13,14,DP,source,DistrictCatalog.Collect,112
13,14,DP,sink,MinionRoster.TryForge,-855
13,14,DP,sink,MinionRoster.TryEvolveIndividual,-500
13,14,DP,sink,DungeonFeatureManager.TryPlaceTrap,-150
13,14,DP,sink,MinionRoster.TrySummon,-280
13,14,DP,source,AdventurerAI.ReapEmotion,211
13,14,DP,source,AdventurerAI.GrantReturnReward,6468
13,14,Fame,source,AdventurerAI.GrantReturnReward,150
13,14,Fame,source,LureEconomy.OnHeroEscaped,375
13,14,DP,sink,CommandSystem.TryUse,-4900
13,14,DP,source,AdventurerAI.TakeDamage,786
13,14,Material,source,AdventurerAI.TakeDamage,50
13,14,DP,stock,end,2566
13,14,Material,stock,end,415
13,14,Fame,stock,end,3258
13,15,DP,source,SurfaceMap.CollectYields,79
13,15,Material,source,SurfaceMap.CollectYields,4
13,15,Fame,source,SurfaceMap.CollectYields,17
13,15,DP,source,DistrictCatalog.Collect,112
13,15,DP,sink,MinionRoster.TryForge,-2216
13,15,DP,sink,DungeonFeatureManager.TryPlaceTrap,-300
13,15,DP,sink,MinionRoster.TrySummon,-233
13,15,DP,source,AdventurerAI.ReapEmotion,161
13,15,DP,source,AdventurerAI.TakeDamage,339
13,15,Material,source,AdventurerAI.TakeDamage,3
13,15,DP,sink,CommandSystem.TryUse,-4050
13,15,DP,source,AdventurerAI.GrantReturnReward,5010
13,15,Fame,source,AdventurerAI.GrantReturnReward,170
13,15,Fame,source,LureEconomy.OnHeroEscaped,425
13,15,DP,stock,end,1468
13,15,Material,stock,end,422
13,15,Fame,stock,end,3870
13,16,DP,source,SurfaceMap.CollectYields,79
13,16,Material,source,SurfaceMap.CollectYields,4
13,16,Fame,source,SurfaceMap.CollectYields,17
13,16,DP,source,DistrictCatalog.Collect,126
13,16,DP,sink,MinionRoster.TryForge,-1210
13,16,DP,sink,DungeonFeatureManager.TryPlaceTrap,-300
13,16,DP,sink,MinionRoster.TrySummon,-138
13,16,DP,source,AdventurerAI.ReapEmotion,296
13,16,DP,sink,CommandSystem.TryUse,-5200
13,16,DP,source,AdventurerAI.GrantReturnReward,8942
13,16,Fame,source,AdventurerAI.GrantReturnReward,200
13,16,Fame,source,LureEconomy.OnHeroEscaped,500
13,16,DP,stock,end,4063
13,16,Material,stock,end,426
13,16,Fame,stock,end,4587
13,17,DP,source,SurfaceMap.CollectYields,100
13,17,Material,source,SurfaceMap.CollectYields,5
13,17,Fame,source,SurfaceMap.CollectYields,22
13,17,DP,source,DistrictCatalog.Collect,126
13,17,DP,source,EraSystem.TickTurn,720
13,17,DP,sink,MinionRoster.TryForge,-1822
13,17,DP,sink,DungeonFloorManager.TryExpandFloor,-2500
13,17,DP,sink,MinionRoster.TryEvolveIndividual,-225
13,17,DP,sink,DungeonFeatureManager.TryPlaceTrap,-300
13,17,DP,sink,MinionRoster.TrySummon,-144
13,17,DP,source,AdventurerAI.ReapEmotion,635
13,17,DP,sink,CommandSystem.TryUse,-2750
13,17,DP,source,AdventurerAI.TakeDamage,2593
13,17,Material,source,AdventurerAI.TakeDamage,17
13,17,Fame,source,AdventurerAI.GrantReturnReward,70
13,17,Fame,source,LureEconomy.OnHeroEscaped,175
13,17,DP,source,AdventurerAI.GrantReturnReward,2193
13,17,DP,stock,end,2689
13,17,Material,stock,end,448
13,17,Fame,stock,end,4854
13,18,DP,source,SurfaceMap.CollectYields,102
13,18,Material,source,SurfaceMap.CollectYields,5
13,18,Fame,source,SurfaceMap.CollectYields,22
13,18,DP,source,DistrictCatalog.Collect,126
13,18,DP,sink,MinionRoster.TryForge,-2230
13,18,DP,sink,MinionRoster.TryEvolveIndividual,-225
13,18,DP,sink,DungeonFeatureManager.TryPlaceTrap,-300
13,18,DP,sink,MinionRoster.TrySummon,-150
13,18,DP,source,AdventurerAI.ReapEmotion,178
13,18,DP,source,AdventurerAI.GrantReturnReward,5789
13,18,Fame,source,AdventurerAI.GrantReturnReward,140
13,18,Fame,source,LureEconomy.OnHeroEscaped,350
13,18,DP,sink,CommandSystem.TryUse,-6050
13,18,DP,source,AdventurerAI.TakeDamage,4486
13,18,Material,source,AdventurerAI.TakeDamage,42
13,18,DP,stock,end,4415
13,18,Material,stock,end,495
13,18,Fame,stock,end,5366
13,19,DP,source,SurfaceMap.CollectYields,102
13,19,Material,source,SurfaceMap.CollectYields,5
13,19,Fame,source,SurfaceMap.CollectYields,22
13,19,DP,source,DistrictCatalog.Collect,126
13,19,DP,sink,MinionRoster.TryForge,-3808
13,19,DP,sink,MinionRoster.TryEvolveIndividual,-225
13,19,DP,sink,DungeonFeatureManager.TryPlaceTrap,-450
13,19,DP,sink,MinionRoster.TrySummon,-150
13,19,DP,source,AdventurerAI.ReapEmotion,222
13,19,DP,source,AdventurerAI.GrantReturnReward,9771
13,19,Fame,source,AdventurerAI.GrantReturnReward,200
13,19,Fame,source,LureEconomy.OnHeroEscaped,500
13,19,DP,sink,CommandSystem.TryUse,-5200
13,19,DP,source,AdventurerAI.TakeDamage,2803
13,19,Material,source,AdventurerAI.TakeDamage,65
13,19,DP,stock,end,7606
13,19,Material,stock,end,565
13,19,Fame,stock,end,6088
13,20,DP,source,SurfaceMap.CollectYields,102
13,20,Material,source,SurfaceMap.CollectYields,5
13,20,Fame,source,SurfaceMap.CollectYields,22
13,20,DP,source,DistrictCatalog.Collect,140
13,20,DP,sink,MinionRoster.TryForge,-1741
13,20,DP,sink,DungeonFloorManager.TryAddFloor,-5000
13,20,DP,sink,DungeonFloorManager.TryExpandFloor,-400
13,20,DP,sink,MinionRoster.TryEvolveIndividual,-225
13,20,DP,sink,DungeonFeatureManager.TryPlaceTrap,-300
13,20,DP,sink,MinionRoster.TrySummon,-156
13,20,DP,source,AdventurerAI.ReapEmotion,296
13,20,DP,sink,CommandSystem.TryUse,-6950
13,20,DP,source,AdventurerAI.GrantReturnReward,11418
13,20,Fame,source,AdventurerAI.GrantReturnReward,240
13,20,Fame,source,LureEconomy.OnHeroEscaped,600
13,20,DP,source,AdventurerAI.TakeDamage,3271
13,20,Material,source,AdventurerAI.TakeDamage,32
13,20,DP,stock,end,8061
13,20,Material,stock,end,602
13,20,Fame,stock,end,6950
14,1,DP,sink,DungeonFeatureManager.TryPlaceTrap,-150
14,1,DP,source,AdventurerAI.ReapEmotion,195
14,1,DP,source,AdventurerAI.TakeDamage,217
14,1,Material,source,AdventurerAI.TakeDamage,8
14,1,DP,sink,CommandSystem.TryUse,-650
14,1,DP,source,AdventurerAI.GrantReturnReward,195
14,1,Fame,source,AdventurerAI.GrantReturnReward,10
14,1,Fame,source,LureEconomy.OnHeroEscaped,25
14,1,DP,stock,end,7
14,1,Material,stock,end,8
14,1,Fame,stock,end,35
14,2,DP,source,SurfaceMap.CollectYields,18
14,2,Material,source,SurfaceMap.CollectYields,1
14,2,Fame,source,SurfaceMap.CollectYields,4
14,2,DP,source,EraSystem.TickTurn,600
14,2,Fame,source,EraSystem.TickTurn,25
14,2,DP,sink,MinionRoster.TryForge,-236
14,2,DP,sink,MinionEvolution.TryEvolve,-75
14,2,DP,sink,DungeonFeatureManager.TryPlaceTrap,-150
14,2,DP,sink,MinionRoster.TrySummon,-164
14,2,DP,source,AdventurerAI.TakeDamage,61
14,2,Material,source,AdventurerAI.TakeDamage,2
14,2,DP,source,AdventurerAI.ReapEmotion,263
14,2,DP,sink,CommandSystem.TryUse,-650
14,2,DP,source,AdventurerAI.GrantReturnReward,652
14,2,Fame,source,AdventurerAI.GrantReturnReward,40
14,2,Fame,source,LureEconomy.OnHeroEscaped,100
14,2,DP,stock,end,326
14,2,Material,stock,end,11
14,2,Fame,stock,end,204
14,3,DP,source,SurfaceMap.CollectYields,18
14,3,Material,source,SurfaceMap.CollectYields,1
14,3,Fame,source,SurfaceMap.CollectYields,4
14,3,DP,source,EraSystem.TickTurn,600
14,3,Material,source,EraSystem.TickTurn,10
14,3,Fame,source,EraSystem.TickTurn,25
14,3,DP,sink,MinionRoster.TryForge,-236
14,3,DP,sink,DungeonFloorManager.TryExpandFloor,-400
14,3,DP,sink,DungeonFeatureManager.TryPlaceTrap,-150
14,3,DP,sink,MinionRoster.TrySummon,-147
14,3,DP,source,AdventurerAI.ReapEmotion,109
14,3,DP,source,AdventurerAI.TakeDamage,157
14,3,Material,source,AdventurerAI.TakeDamage,6
14,3,DP,source,AdventurerAI.GrantReturnReward,298
14,3,Fame,source,AdventurerAI.GrantReturnReward,30
14,3,Fame,source,LureEconomy.OnHeroEscaped,75
14,3,DP,sink,CommandSystem.TryUse,-300
14,3,DP,stock,end,275
14,3,Material,stock,end,28
14,3,Fame,stock,end,338
14,4,DP,source,SurfaceMap.CollectYields,18
14,4,Material,source,SurfaceMap.CollectYields,1
14,4,Fame,source,SurfaceMap.CollectYields,4
14,4,DP,source,EraSystem.TickTurn,600
14,4,DP,sink,MinionRoster.TryForge,-236
14,4,DP,sink,MinionEvolution.TryEvolve,-325
14,4,DP,sink,DungeonFeatureManager.TryPlaceTrap,-150
14,4,DP,sink,MinionRoster.TrySummon,-180
14,4,DP,source,AdventurerAI.ReapEmotion,201
14,4,DP,source,AdventurerAI.TakeDamage,730
14,4,Material,source,AdventurerAI.TakeDamage,44
14,4,DP,sink,CommandSystem.TryUse,-1900
14,4,DP,source,Nemesis.OnSlain,486
14,4,Material,source,Nemesis.OnSlain,5
14,4,DP,source,AdventurerAI.GrantReturnReward,683
14,4,Fame,source,AdventurerAI.GrantReturnReward,20
14,4,Fame,source,LureEconomy.OnHeroEscaped,50
14,4,DP,stock,end,202
14,4,Material,stock,end,78
14,4,Fame,stock,end,412
14,5,DP,source,SurfaceMap.CollectYields,18
14,5,Material,source,SurfaceMap.CollectYields,1
14,5,Fame,source,SurfaceMap.CollectYields,4
14,5,DP,source,EraSystem.TickTurn,600
14,5,Material,source,EraSystem.TickTurn,10
14,5,DP,sink,MinionRoster.TryForge,-212
14,5,DP,sink,MinionEvolution.TryEvolve,-225
14,5,DP,sink,MinionRoster.TryEvolveIndividual,-75
14,5,DP,sink,DungeonFeatureManager.TryPlaceTrap,-150
14,5,DP,sink,MinionRoster.TrySummon,-158
14,5,DP,source,AdventurerAI.ReapEmotion,125
14,5,DP,source,AdventurerAI.TakeDamage,671
14,5,Material,source,AdventurerAI.TakeDamage,41
14,5,DP,sink,CommandSystem.TryUse,-1300
14,5,DP,source,Nemesis.OnSlain,518
14,5,Material,source,Nemesis.OnSlain,5
14,5,DP,stock,end,14
14,5,Material,stock,end,135
14,5,Fame,stock,end,416
14,6,DP,source,SurfaceMap.CollectYields,38
14,6,Material,source,SurfaceMap.CollectYields,2
14,6,Fame,source,SurfaceMap.CollectYields,8
14,6,DP,source,EraSystem.TickTurn,600
14,6,DP,sink,MinionRoster.TryForge,-318
14,6,DP,sink,DungeonFeatureManager.TryPlaceTrap,-150
14,6,DP,sink,MinionRoster.TrySummon,-173
14,6,DP,source,AdventurerAI.ReapEmotion,124
14,6,DP,source,AdventurerAI.TakeDamage,665
14,6,Material,source,AdventurerAI.TakeDamage,22
14,6,DP,sink,CommandSystem.TryUse,-1300
14,6,DP,source,AdventurerAI.GrantReturnReward,189
14,6,Fame,source,AdventurerAI.GrantReturnReward,10
14,6,Fame,source,LureEconomy.OnHeroEscaped,25
14,6,DP,source,Nemesis.OnSlain,1070
14,6,Material,source,Nemesis.OnSlain,10
14,6,DP,stock,end,759
14,6,Material,stock,end,169
14,6,Fame,stock,end,459
14,7,DP,source,SurfaceMap.CollectYields,38
14,7,Material,source,SurfaceMap.CollectYields,2
14,7,Fame,source,SurfaceMap.CollectYields,8
14,7,DP,source,EraSystem.TickTurn,1020
14,7,DP,sink,MinionRoster.TryForge,-212
14,7,DP,sink,DungeonFloorManager.TryAddFloor,-800
14,7,DP,sink,DungeonFloorManager.TryExpandFloor,-400
14,7,DP,sink,DungeonFeatureManager.TryPlaceTrap,-150
14,7,DP,sink,MinionRoster.TrySummon,-236
14,7,DP,source,AdventurerAI.ReapEmotion,124
14,7,DP,source,AdventurerAI.TakeDamage,542
14,7,Material,source,AdventurerAI.TakeDamage,26
14,7,DP,sink,CommandSystem.TryUse,-1300
14,7,DP,source,AdventurerAI.GrantReturnReward,1027
14,7,Fame,source,AdventurerAI.GrantReturnReward,30
14,7,Fame,source,LureEconomy.OnHeroEscaped,75
14,7,DP,source,Nemesis.OnSlain,551
14,7,Material,source,Nemesis.OnSlain,5
14,7,DP,stock,end,963
14,7,Material,stock,end,202
14,7,Fame,stock,end,572
14,8,DP,source,SurfaceMap.CollectYields,38
14,8,Material,source,SurfaceMap.CollectYields,2
14,8,Fame,source,SurfaceMap.CollectYields,8
14,8,DP,source,EraSystem.TickTurn,600
14,8,DP,sink,MinionRoster.TryForge,-212
14,8,DP,sink,DungeonFloorManager.TryExpandFloor,-800
14,8,DP,sink,MinionEvolution.TryEvolve,-200
14,8,DP,sink,DungeonFeatureManager.TryPlaceTrap,-150
14,8,DP,sink,MinionRoster.TrySummon,-236
14,8,DP,source,AdventurerAI.ReapEmotion,145
14,8,DP,source,AdventurerAI.GrantReturnReward,989
14,8,Fame,source,AdventurerAI.GrantReturnReward,40
14,8,Fame,source,LureEconomy.OnHeroEscaped,100
14,8,DP,sink,CommandSystem.TryUse,-2300
14,8,DP,source,AdventurerAI.TakeDamage,810
14,8,Material,source,AdventurerAI.TakeDamage,73
14,8,DP,source,Nemesis.OnSlain,583
14,8,Material,source,Nemesis.OnSlain,5
14,8,DP,stock,end,230
14,8,Material,stock,end,282
14,8,Fame,stock,end,720
14,9,DP,source,SurfaceMap.CollectYields,67
14,9,Material,source,SurfaceMap.CollectYields,3
14,9,Fame,source,SurfaceMap.CollectYields,15
14,9,DP,source,EraSystem.TickTurn,600
14,9,Fame,source,EraSystem.TickTurn,25
14,9,DP,sink,MinionRoster.TryForge,-190
14,9,DP,sink,MinionEvolution.TryEvolve,-325
14,9,DP,sink,DungeonFeatureManager.TryPlaceTrap,-150
14,9,DP,sink,MinionRoster.TrySummon,-222
14,9,DP,source,AdventurerAI.TakeDamage,896
14,9,Material,source,AdventurerAI.TakeDamage,23
14,9,DP,source,AdventurerAI.ReapEmotion,142
14,9,DP,sink,CommandSystem.TryUse,-2300
14,9,DP,source,AdventurerAI.GrantReturnReward,965
14,9,Fame,source,AdventurerAI.GrantReturnReward,30
14,9,Fame,source,LureEconomy.OnHeroEscaped,75
14,9,DP,source,Nemesis.OnSlain,599
14,9,Material,source,Nemesis.OnSlain,5
14,9,DP,stock,end,312
14,9,Material,stock,end,313
14,9,Fame,stock,end,865
14,10,DP,source,SurfaceMap.CollectYields,77
14,10,Material,source,SurfaceMap.CollectYields,3
14,10,Fame,source,SurfaceMap.CollectYields,15
14,10,DP,sink,DungeonFeatureManager.TryPlaceTrap,-150
14,10,DP,sink,MinionRoster.TrySummon,-228
14,10,DP,source,AdventurerAI.ReapEmotion,249
14,10,DP,source,AdventurerAI.GrantReturnReward,707
14,10,Fame,source,AdventurerAI.GrantReturnReward,30
14,10,Fame,source,LureEconomy.OnHeroEscaped,75
14,10,DP,sink,CommandSystem.TryUse,-1800
14,10,DP,source,AdventurerAI.TakeDamage,1054
14,10,Material,source,AdventurerAI.TakeDamage,28
14,10,DP,source,Nemesis.OnSlain,1264
14,10,Material,source,Nemesis.OnSlain,10
14,10,DP,stock,end,1485
14,10,Material,stock,end,354
14,10,Fame,stock,end,985
14,11,DP,source,SurfaceMap.CollectYields,78
14,11,Material,source,SurfaceMap.CollectYields,3
14,11,Fame,source,SurfaceMap.CollectYields,16
14,11,DP,source,EraSystem.TickTurn,1020
14,11,DP,sink,MinionRoster.TryForge,-190
14,11,DP,sink,DungeonFloorManager.TryAddFloor,-2000
14,11,DP,sink,DungeonFeatureManager.TryPlaceTrap,-150
14,11,DP,sink,MinionRoster.TrySummon,-242
14,11,DP,source,AdventurerAI.ReapEmotion,162
14,11,Fame,source,AdventurerAI.GrantReturnReward,60
14,11,Fame,source,LureEconomy.OnHeroEscaped,150
14,11,DP,source,AdventurerAI.TakeDamage,895
14,11,Material,source,AdventurerAI.TakeDamage,26
14,11,DP,source,AdventurerAI.GrantReturnReward,469
14,11,DP,sink,CommandSystem.TryUse,-650
14,11,DP,stock,end,877
14,11,Material,stock,end,383
14,11,Fame,stock,end,1211
14,12,DP,source,SurfaceMap.CollectYields,105
14,12,Material,source,SurfaceMap.CollectYields,4
14,12,Fame,source,SurfaceMap.CollectYields,21
14,12,DP,source,DistrictCatalog.Collect,140
14,12,DP,source,EraSystem.TickTurn,300
14,12,DP,sink,MinionRoster.TryForge,-190
14,12,DP,sink,DungeonFloorManager.TryExpandFloor,-400
14,12,DP,sink,MinionEvolution.TryEvolve,-450
14,12,DP,sink,DungeonFeatureManager.TryPlaceTrap,-150
14,12,DP,sink,MinionRoster.TrySummon,-223
14,12,DP,source,AdventurerAI.ReapEmotion,142
14,12,DP,source,AdventurerAI.TakeDamage,804
14,12,Material,source,AdventurerAI.TakeDamage,83
14,12,DP,source,AdventurerAI.GrantReturnReward,2037
14,12,Fame,source,AdventurerAI.GrantReturnReward,150
14,12,Fame,source,LureEconomy.OnHeroEscaped,375
14,12,DP,sink,CommandSystem.TryUse,-1900
14,12,DP,stock,end,1092
14,12,Material,stock,end,470
14,12,Fame,stock,end,1757
14,13,DP,source,SurfaceMap.CollectYields,81
14,13,Material,source,SurfaceMap.CollectYields,4
14,13,Fame,source,SurfaceMap.CollectYields,17
14,13,DP,source,DistrictCatalog.Collect,140
14,13,DP,sink,MinionRoster.TryForge,-190
14,13,DP,sink,DungeonFloorManager.TryExpandFloor,-800
14,13,DP,sink,DungeonFeatureManager.TryPlaceTrap,-150
14,13,DP,sink,MinionRoster.TrySummon,-162
14,13,DP,source,AdventurerAI.ReapEmotion,339
14,13,DP,source,AdventurerAI.GrantReturnReward,4060
14,13,Fame,source,AdventurerAI.GrantReturnReward,140
14,13,Fame,source,LureEconomy.OnHeroEscaped,350
14,13,DP,sink,CommandSystem.TryUse,-1600
14,13,DP,stock,end,2810
14,13,Material,stock,end,474
14,13,Fame,stock,end,2264
14,14,DP,source,SurfaceMap.CollectYields,102
14,14,Material,source,SurfaceMap.CollectYields,5
14,14,Fame,source,SurfaceMap.CollectYields,22
14,14,DP,source,DistrictCatalog.Collect,140
14,14,DP,sink,MinionRoster.TryForge,-190
14,14,DP,sink,DungeonFloorManager.TryExpandFloor,-800
14,14,DP,sink,MinionEvolution.TryEvolve,-1050
14,14,DP,sink,MinionRoster.TryEvolveIndividual,-625
14,14,DP,sink,DungeonFeatureManager.TryPlaceTrap,-150
14,14,DP,sink,MinionRoster.TrySummon,-231
14,14,DP,source,AdventurerAI.ReapEmotion,234
14,14,DP,source,AdventurerAI.GrantReturnReward,4318
14,14,Fame,source,AdventurerAI.GrantReturnReward,140
14,14,Fame,source,LureEconomy.OnHeroEscaped,350
14,14,DP,sink,CommandSystem.TryUse,-3750
14,14,DP,source,AdventurerAI.TakeDamage,608
14,14,Material,source,AdventurerAI.TakeDamage,25
14,14,DP,stock,end,1416
14,14,Material,stock,end,504
14,14,Fame,stock,end,2776
14,15,DP,source,SurfaceMap.CollectYields,102
14,15,Material,source,SurfaceMap.CollectYields,5
14,15,Fame,source,SurfaceMap.CollectYields,22
14,15,DP,source,DistrictCatalog.Collect,140
14,15,DP,sink,MinionRoster.TryForge,-190
14,15,DP,sink,MinionRoster.TryEvolveIndividual,-1125
14,15,DP,sink,DungeonFeatureManager.TryPlaceTrap,-150
14,15,DP,sink,MinionRoster.TrySummon,-172
14,15,DP,source,AdventurerAI.ReapEmotion,257
14,15,DP,source,AdventurerAI.GrantReturnReward,2550
14,15,Fame,source,AdventurerAI.GrantReturnReward,160
14,15,Fame,source,LureEconomy.OnHeroEscaped,400
14,15,DP,sink,CommandSystem.TryUse,-1600
14,15,DP,source,AdventurerAI.TakeDamage,773
14,15,Material,source,AdventurerAI.TakeDamage,30
14,15,DP,stock,end,2001
14,15,Material,stock,end,539
14,15,Fame,stock,end,3358
14,16,DP,source,SurfaceMap.CollectYields,102
14,16,Material,source,SurfaceMap.CollectYields,5
14,16,Fame,source,SurfaceMap.CollectYields,22
14,16,DP,source,DistrictCatalog.Collect,154
14,16,DP,source,EraSystem.TickTurn,300
14,16,DP,sink,MinionRoster.TryForge,-665
14,16,DP,sink,MinionRoster.TryEvolveIndividual,-1525
14,16,DP,sink,DungeonFeatureManager.TryPlaceTrap,-150
14,16,DP,sink,MinionRoster.TrySummon,-213
14,16,DP,source,AdventurerAI.ReapEmotion,253
14,16,DP,source,AdventurerAI.GrantReturnReward,6278
14,16,Fame,source,AdventurerAI.GrantReturnReward,180
14,16,Fame,source,LureEconomy.OnHeroEscaped,450
14,16,DP,source,AdventurerAI.TakeDamage,882
14,16,Material,source,AdventurerAI.TakeDamage,24
14,16,DP,sink,CommandSystem.TryUse,-4900
14,16,DP,stock,end,2517
14,16,Material,stock,end,568
14,16,Fame,stock,end,4010
14,17,DP,source,SurfaceMap.CollectYields,122
14,17,Material,source,SurfaceMap.CollectYields,6
14,17,Fame,source,SurfaceMap.CollectYields,26
14,17,DP,source,DistrictCatalog.Collect,154
14,17,DP,source,EraSystem.TickTurn,720
14,17,DP,sink,MinionRoster.TryForge,-190
14,17,DP,sink,DungeonFloorManager.TryExpandFloor,-3000
14,17,DP,sink,DungeonFeatureManager.TryPlaceTrap,-150
14,17,DP,sink,MinionRoster.TrySummon,-144
14,17,DP,source,AdventurerAI.ReapEmotion,401
14,17,DP,source,AdventurerAI.GrantReturnReward,6917
14,17,Fame,source,AdventurerAI.GrantReturnReward,110
14,17,Fame,source,LureEconomy.OnHeroEscaped,275
14,17,DP,sink,CommandSystem.TryUse,-2300
14,17,DP,source,AdventurerAI.TakeDamage,4382
14,17,Material,source,AdventurerAI.TakeDamage,32
14,17,DP,stock,end,9429
14,17,Material,stock,end,606
14,17,Fame,stock,end,4421
14,18,DP,source,SurfaceMap.CollectYields,122
14,18,Material,source,SurfaceMap.CollectYields,6
14,18,Fame,source,SurfaceMap.CollectYields,26
14,18,DP,source,DistrictCatalog.Collect,154
14,18,DP,sink,MinionRoster.TryForge,-3616
14,18,DP,sink,DungeonFloorManager.TryAddFloor,-5000
14,18,DP,sink,DungeonFloorManager.TryExpandFloor,-400
14,18,DP,sink,MinionRoster.TryEvolveIndividual,-225
14,18,DP,sink,DungeonFeatureManager.TryPlaceTrap,-300
14,18,DP,sink,MinionRoster.TrySummon,-150
14,18,DP,source,AdventurerAI.ReapEmotion,452
14,18,DP,sink,CommandSystem.TryUse,-2750
14,18,DP,source,AdventurerAI.GrantReturnReward,4812
14,18,Fame,source,AdventurerAI.GrantReturnReward,150
14,18,Fame,source,LureEconomy.OnHeroEscaped,375
14,18,DP,source,AdventurerAI.TakeDamage,3910
14,18,Material,source,AdventurerAI.TakeDamage,31
14,18,DP,stock,end,6438
14,18,Material,stock,end,643
14,18,Fame,stock,end,4972
14,19,DP,source,SurfaceMap.CollectYields,122
14,19,Material,source,SurfaceMap.CollectYields,6
14,19,Fame,source,SurfaceMap.CollectYields,26
14,19,DP,source,DistrictCatalog.Collect,168
14,19,DP,sink,MinionRoster.TryForge,-6106
14,19,DP,sink,MinionRoster.TryEvolveIndividual,-225
14,19,DP,sink,DungeonFeatureManager.TryPlaceTrap,-150
14,19,DP,sink,MinionRoster.TrySummon,-239
14,19,DP,source,AdventurerAI.ReapEmotion,256
14,19,DP,source,AdventurerAI.GrantReturnReward,4110
14,19,Fame,source,AdventurerAI.GrantReturnReward,170
14,19,Fame,source,LureEconomy.OnHeroEscaped,425
14,19,DP,sink,CommandSystem.TryUse,-2750
14,19,DP,source,AdventurerAI.TakeDamage,4707
14,19,Material,source,AdventurerAI.TakeDamage,40
14,19,DP,stock,end,6331
14,19,Material,stock,end,689
14,19,Fame,stock,end,5593
14,20,DP,source,SurfaceMap.CollectYields,142
14,20,Material,source,SurfaceMap.CollectYields,7
14,20,Fame,source,SurfaceMap.CollectYields,30
14,20,DP,source,DistrictCatalog.Collect,168
14,20,DP,sink,MinionRoster.TryForge,-5020
14,20,DP,sink,DungeonFloorManager.TryExpandFloor,-800
14,20,DP,sink,DungeonFeatureManager.TryPlaceTrap,-600
14,20,DP,sink,MinionRoster.TrySummon,-188
14,20,DP,source,AdventurerAI.ReapEmotion,311
14,20,DP,source,AdventurerAI.GrantReturnReward,8574
14,20,Fame,source,AdventurerAI.GrantReturnReward,230
14,20,Fame,source,LureEconomy.OnHeroEscaped,575
14,20,DP,sink,CommandSystem.TryUse,-2250
14,20,DP,source,AdventurerAI.TakeDamage,2070
14,20,Material,source,AdventurerAI.TakeDamage,12
14,20,DP,stock,end,8738
14,20,Material,stock,end,708
14,20,Fame,stock,end,6428
14,21,DP,source,SurfaceMap.CollectYields,122
14,21,Material,source,SurfaceMap.CollectYields,6
14,21,Fame,source,SurfaceMap.CollectYields,26
14,21,DP,source,DistrictCatalog.Collect,196
14,21,DP,sink,MinionRoster.TryForge,-8218
14,21,DP,sink,MinionRoster.TryEvolveIndividual,-250
14,21,DP,sink,DungeonFeatureManager.TryPlaceTrap,-300
14,21,DP,sink,MinionRoster.TrySummon,-256
14,21,DP,source,AdventurerAI.ReapEmotion,428
14,21,DP,sink,CommandSystem.TryUse,-2300
14,21,Fame,source,AdventurerAI.GrantReturnReward,60
14,21,Fame,source,LureEconomy.OnHeroEscaped,150
14,21,DP,source,AdventurerAI.TakeDamage,6387
14,21,Material,source,AdventurerAI.TakeDamage,30
14,21,DP,source,AdventurerAI.GrantReturnReward,2406
14,21,DP,stock,end,6953
14,21,Material,stock,end,744
14,21,Fame,stock,end,6664
14,22,DP,source,SurfaceMap.CollectYields,161
14,22,Material,source,SurfaceMap.CollectYields,6
14,22,Fame,source,SurfaceMap.CollectYields,32
14,22,DP,source,DistrictCatalog.Collect,196
14,22,DP,sink,MinionRoster.TryForge,-6694
14,22,DP,sink,DungeonFeatureManager.TryPlaceTrap,-450
14,22,DP,sink,MinionRoster.TrySummon,-162
14,22,DP,source,AdventurerAI.ReapEmotion,168
14,22,DP,source,AdventurerAI.GrantReturnReward,5474
14,22,Fame,source,AdventurerAI.GrantReturnReward,170
14,22,Fame,source,LureEconomy.OnHeroEscaped,425
14,22,DP,source,AdventurerAI.TakeDamage,9830
14,22,Material,source,AdventurerAI.TakeDamage,93
14,22,DP,sink,CommandSystem.TryUse,-2750
14,22,DP,stock,end,12726
14,22,Material,stock,end,843
14,22,Fame,stock,end,7291
14,23,DP,source,SurfaceMap.CollectYields,161
14,23,Material,source,SurfaceMap.CollectYields,6
14,23,Fame,source,SurfaceMap.CollectYields,32
14,23,DP,source,DistrictCatalog.Collect,210
14,23,DP,sink,MinionRoster.TryForge,-11766
14,23,DP,sink,MinionRoster.TryEvolveIndividual,-225
14,23,Material,sink,MinionRoster.TryForge,-30
14,23,DP,sink,DungeonFeatureManager.TryPlaceTrap,-900
14,23,DP,sink,MinionRoster.TrySummon,-202
14,23,DP,source,AdventurerAI.ReapEmotion,186
14,23,DP,source,AdventurerAI.TakeDamage,7815
14,23,Material,source,AdventurerAI.TakeDamage,89
14,23,DP,sink,CommandSystem.TryUse,-2750
14,23,DP,source,AdventurerAI.GrantReturnReward,8982
14,23,Fame,source,AdventurerAI.GrantReturnReward,320
14,23,Fame,source,LureEconomy.OnHeroEscaped,800
14,23,DP,stock,end,14237
14,23,Material,stock,end,908
14,23,Fame,stock,end,8443
14,24,DP,source,SurfaceMap.CollectYields,215
14,24,Material,source,SurfaceMap.CollectYields,8
14,24,Fame,source,SurfaceMap.CollectYields,43
14,24,DP,source,DistrictCatalog.Collect,210
14,24,DP,sink,MinionRoster.TryForge,-168
14,24,DP,sink,MinionEvolution.TryEvolve,-4900
14,24,DP,sink,MinionRoster.TryEvolveIndividual,-9275
14,24,DP,sink,DungeonFeatureManager.TryPlaceTrap,-150
14,24,DP,sink,MinionRoster.TrySummon,-168
14,24,DP,source,AdventurerAI.ReapEmotion,263
14,24,DP,source,AdventurerAI.TakeDamage,9482
14,24,Material,source,AdventurerAI.TakeDamage,100
14,24,DP,sink,CommandSystem.TryUse,-3400
14,24,DP,source,AdventurerAI.GrantReturnReward,11016
14,24,Fame,source,AdventurerAI.GrantReturnReward,230
14,24,Fame,source,LureEconomy.OnHeroEscaped,575
14,24,DP,stock,end,17362
14,24,Material,stock,end,1016
14,24,Fame,stock,end,9291
14,25,DP,source,SurfaceMap.CollectYields,201
14,25,Material,source,SurfaceMap.CollectYields,8
14,25,Fame,source,SurfaceMap.CollectYields,43
14,25,DP,source,DistrictCatalog.Collect,28
14,25,DP,source,EraSystem.TickTurn,3840
14,25,DP,sink,MinionRoster.TryForge,-4512
14,25,DP,sink,DungeonFloorManager.TryAddFloor,-12500
14,25,DP,sink,DungeonFloorManager.TryExpandFloor,-1200
14,25,DP,sink,MinionRoster.TryEvolveIndividual,-2325
14,25,Material,sink,MinionRoster.TryForge,-8
14,25,DP,sink,DungeonFeatureManager.TryPlaceTrap,-600
14,25,DP,sink,MinionRoster.TrySummon,-261
14,25,DP,source,AdventurerAI.ReapEmotion,474
14,25,DP,sink,CommandSystem.TryUse,-3400
14,25,DP,source,AdventurerAI.TakeDamage,8924
14,25,Material,source,AdventurerAI.TakeDamage,225
14,25,DP,source,AdventurerAI.GrantReturnReward,13411
14,25,Fame,source,AdventurerAI.GrantReturnReward,300
14,25,Fame,source,LureEconomy.OnHeroEscaped,750
14,25,DP,stock,end,19442
14,25,Material,stock,end,1241
14,25,Fame,stock,end,10384
14,26,DP,source,SurfaceMap.CollectYields,175
14,26,Material,source,SurfaceMap.CollectYields,8
14,26,Fame,source,SurfaceMap.CollectYields,35
14,26,DP,source,DistrictCatalog.Collect,28
14,26,DP,source,EraSystem.TickTurn,3840
14,26,DP,sink,MinionRoster.TryForge,-20010
14,26,DP,sink,DungeonFloorManager.TryExpandFloor,-1500
14,26,DP,sink,MinionRoster.TryEvolveIndividual,-1125
14,26,Material,sink,MinionRoster.TryForge,-66
14,26,DP,sink,DungeonFeatureManager.TryPlaceTrap,-600
14,26,DP,sink,MinionRoster.TrySummon,-218
14,26,DP,source,AdventurerAI.ReapEmotion,253
14,26,DP,source,AdventurerAI.GrantReturnReward,4459
14,26,Fame,source,AdventurerAI.GrantReturnReward,120
14,26,Fame,source,LureEconomy.OnHeroEscaped,300
14,26,DP,sink,CommandSystem.TryUse,-2300
14,26,DP,source,AdventurerAI.TakeDamage,10601
14,26,Material,source,AdventurerAI.TakeDamage,80
14,26,DP,stock,end,13045
14,26,Material,stock,end,1263
14,26,Fame,stock,end,10839
14,27,DP,source,SurfaceMap.CollectYields,175
14,27,Material,source,SurfaceMap.CollectYields,8
14,27,Fame,source,SurfaceMap.CollectYields,35
14,27,DP,source,DistrictCatalog.Collect,28
14,27,DP,source,EraSystem.TickTurn,6528
14,27,DP,sink,MinionRoster.TryForge,-9780
14,27,DP,sink,DungeonFloorManager.TryExpandFloor,-8000
14,27,DP,sink,MinionRoster.TryEvolveIndividual,-250
14,27,Material,sink,MinionRoster.TryForge,-44
14,27,DP,sink,DungeonFeatureManager.TryPlaceTrap,-1500
14,27,DP,sink,MinionRoster.TrySummon,-218
14,27,DP,source,AdventurerAI.ReapEmotion,343
14,27,DP,sink,CommandSystem.TryUse,-3800
14,27,DP,source,AdventurerAI.GrantReturnReward,35011
14,27,Fame,source,AdventurerAI.GrantReturnReward,340
14,27,Fame,source,LureEconomy.OnHeroEscaped,850
14,27,DP,source,AdventurerAI.TakeDamage,9633
14,27,Material,source,AdventurerAI.TakeDamage,61
14,27,DP,stock,end,41215
14,27,Material,stock,end,1288
14,27,Fame,stock,end,12064
14,28,DP,source,SurfaceMap.CollectYields,153
14,28,Material,source,SurfaceMap.CollectYields,7
14,28,Fame,source,SurfaceMap.CollectYields,30
14,28,DP,source,DistrictCatalog.Collect,28
14,28,DP,source,EraSystem.TickTurn,3840
14,28,DP,sink,MinionRoster.TryForge,-7140
14,28,DP,sink,DungeonFloorManager.TryAddFloor,-31250
14,28,DP,sink,DungeonFloorManager.TryExpandFloor,-5200
14,28,DP,sink,MinionRoster.TryEvolveIndividual,-650
14,28,Material,sink,MinionRoster.TryForge,-44
14,28,DP,sink,DungeonFeatureManager.TryPlaceTrap,-750
14,28,DP,sink,MinionRoster.TrySummon,-225
14,28,DP,source,AdventurerAI.ReapEmotion,363
14,28,DP,sink,CommandSystem.TryUse,-4100
14,28,DP,source,AdventurerAI.GrantReturnReward,22583
14,28,Fame,source,AdventurerAI.GrantReturnReward,360
14,28,Fame,source,LureEconomy.OnHeroEscaped,900
14,28,DP,source,AdventurerAI.TakeDamage,14828
14,28,Material,source,AdventurerAI.TakeDamage,245
14,28,DP,stock,end,33695
14,28,Material,stock,end,1496
14,28,Fame,stock,end,13354
15,1,DP,sink,DungeonFeatureManager.TryPlaceTrap,-150
15,1,DP,source,AdventurerAI.ReapEmotion,98
15,1,DP,source,AdventurerAI.TakeDamage,215
15,1,Material,source,AdventurerAI.TakeDamage,14
15,1,DP,sink,CommandSystem.TryUse,-300
15,1,DP,source,AdventurerAI.GrantReturnReward,195
15,1,Fame,source,AdventurerAI.GrantReturnReward,10
15,1,Fame,source,LureEconomy.OnHeroEscaped,25
15,1,DP,stock,end,258
15,1,Material,stock,end,14
15,1,Fame,stock,end,35
15,2,DP,source,SurfaceMap.CollectYields,18
15,2,Material,source,SurfaceMap.CollectYields,1
15,2,Fame,source,SurfaceMap.CollectYields,4
15,2,DP,source,EraSystem.TickTurn,600
15,2,Fame,source,EraSystem.TickTurn,25
15,2,DP,sink,MinionRoster.TryForge,-236
15,2,DP,sink,MinionEvolution.TryEvolve,-325
15,2,DP,sink,DungeonFeatureManager.TryPlaceTrap,-150
15,2,DP,sink,MinionRoster.TrySummon,-164
15,2,DP,source,AdventurerAI.ReapEmotion,109
15,2,DP,source,AdventurerAI.TakeDamage,190
15,2,Material,source,AdventurerAI.TakeDamage,12
15,2,DP,sink,CommandSystem.TryUse,-650
15,2,DP,source,AdventurerAI.GrantReturnReward,538
15,2,Fame,source,AdventurerAI.GrantReturnReward,20
15,2,Fame,source,LureEconomy.OnHeroEscaped,50
15,2,DP,stock,end,188
15,2,Material,stock,end,27
15,2,Fame,stock,end,134
15,3,DP,source,SurfaceMap.CollectYields,18
15,3,Material,source,SurfaceMap.CollectYields,1
15,3,Fame,source,SurfaceMap.CollectYields,4
15,3,DP,source,EraSystem.TickTurn,600
15,3,Material,source,EraSystem.TickTurn,10
15,3,Fame,source,EraSystem.TickTurn,25
15,3,DP,sink,MinionRoster.TryForge,-236
15,3,DP,sink,MinionEvolution.TryEvolve,-225
15,3,DP,sink,DungeonFeatureManager.TryPlaceTrap,-150
15,3,DP,sink,MinionRoster.TrySummon,-181
15,3,DP,source,AdventurerAI.ReapEmotion,183
15,3,Fame,source,AdventurerAI.GrantReturnReward,10
15,3,Fame,source,LureEconomy.OnHeroEscaped,25
15,3,DP,source,AdventurerAI.TakeDamage,428
15,3,Material,source,AdventurerAI.TakeDamage,12
15,3,DP,sink,CommandSystem.TryUse,-300
15,3,DP,stock,end,325
15,3,Material,stock,end,50
15,3,Fame,stock,end,198
15,4,DP,source,SurfaceMap.CollectYields,18
15,4,Material,source,SurfaceMap.CollectYields,1
15,4,Fame,source,SurfaceMap.CollectYields,4
15,4,DP,source,EraSystem.TickTurn,600
15,4,DP,sink,MinionRoster.TryForge,-236
15,4,DP,sink,DungeonFloorManager.TryExpandFloor,-400
15,4,DP,sink,DungeonFeatureManager.TryPlaceTrap,-150
15,4,DP,sink,MinionRoster.TrySummon,-147
15,4,DP,source,IncidentSystem.Apply,600
15,4,DP,sink,CommandSystem.TryUse,-650
15,4,DP,source,AdventurerAI.ReapEmotion,126
15,4,DP,source,AdventurerAI.GrantReturnReward,63
15,4,Fame,source,AdventurerAI.GrantReturnReward,20
15,4,Fame,source,LureEconomy.OnHeroEscaped,50
15,4,DP,source,AdventurerAI.TakeDamage,337
15,4,Material,source,AdventurerAI.TakeDamage,14
15,4,DP,stock,end,486
15,4,Material,stock,end,65
15,4,Fame,stock,end,272
15,5,DP,source,SurfaceMap.CollectYields,18
15,5,Material,source,SurfaceMap.CollectYields,1
15,5,Fame,source,SurfaceMap.CollectYields,4
15,5,DP,source,EraSystem.TickTurn,600
15,5,DP,sink,MinionRoster.TryForge,-212
15,5,DP,sink,MinionEvolution.TryEvolve,-400
15,5,DP,sink,MinionRoster.TryEvolveIndividual,-175
15,5,DP,sink,DungeonFeatureManager.TryPlaceTrap,-150
15,5,DP,sink,MinionRoster.TrySummon,-167
15,5,DP,source,AdventurerAI.ReapEmotion,128
15,5,DP,source,AdventurerAI.TakeDamage,963
15,5,Material,source,AdventurerAI.TakeDamage,51
15,5,DP,sink,CommandSystem.TryUse,-1450
15,5,DP,source,Nemesis.OnSlain,486
15,5,Material,source,Nemesis.OnSlain,5
15,5,DP,stock,end,127
15,5,Material,stock,end,122
15,5,Fame,stock,end,276
15,6,DP,source,SurfaceMap.CollectYields,39
15,6,Material,source,SurfaceMap.CollectYields,2
15,6,Fame,source,SurfaceMap.CollectYields,9
15,6,DP,source,EraSystem.TickTurn,600
15,6,DP,sink,MinionRoster.TryForge,-212
15,6,DP,sink,MinionEvolution.TryEvolve,-200
15,6,DP,sink,DungeonFeatureManager.TryPlaceTrap,-300
15,6,DP,sink,MinionRoster.TrySummon,-45
15,6,DP,source,AdventurerAI.ReapEmotion,205
15,6,DP,source,AdventurerAI.GrantReturnReward,807
15,6,Fame,source,AdventurerAI.GrantReturnReward,30
15,6,Fame,source,LureEconomy.OnHeroEscaped,75
15,6,DP,sink,CommandSystem.TryUse,-1150
15,6,DP,source,AdventurerAI.TakeDamage,485
15,6,Material,source,AdventurerAI.TakeDamage,18
15,6,DP,source,Nemesis.OnSlain,1004
15,6,Material,source,Nemesis.OnSlain,10
15,6,DP,stock,end,1360
15,6,Material,stock,end,152
15,6,Fame,stock,end,390
15,7,DP,source,SurfaceMap.CollectYields,39
15,7,Material,source,SurfaceMap.CollectYields,2
15,7,Fame,source,SurfaceMap.CollectYields,9
15,7,DP,source,EraSystem.TickTurn,1020
15,7,Material,source,EraSystem.TickTurn,10
15,7,DP,sink,MinionRoster.TryForge,-212
15,7,DP,sink,DungeonFloorManager.TryAddFloor,-800
15,7,DP,sink,DungeonFloorManager.TryExpandFloor,-400
15,7,DP,sink,MinionEvolution.TryEvolve,-700
15,7,DP,sink,DungeonFeatureManager.TryPlaceTrap,-150
15,7,DP,sink,MinionRoster.TrySummon,-144
15,7,DP,source,AdventurerAI.ReapEmotion,138
15,7,DP,source,AdventurerAI.GrantReturnReward,1492
15,7,Fame,source,AdventurerAI.GrantReturnReward,50
15,7,Fame,source,LureEconomy.OnHeroEscaped,125
15,7,DP,sink,CommandSystem.TryUse,-1150
15,7,DP,source,AdventurerAI.TakeDamage,368
15,7,Material,source,AdventurerAI.TakeDamage,6
15,7,DP,stock,end,861
15,7,Material,stock,end,170
15,7,Fame,stock,end,574
15,8,DP,source,SurfaceMap.CollectYields,39
15,8,Material,source,SurfaceMap.CollectYields,2
15,8,Fame,source,SurfaceMap.CollectYields,9
15,8,DP,source,EraSystem.TickTurn,600
15,8,DP,sink,MinionRoster.TryForge,-212
15,8,DP,sink,DungeonFloorManager.TryExpandFloor,-800
15,8,DP,sink,MinionRoster.TryEvolveIndividual,-75
15,8,DP,sink,DungeonFeatureManager.TryPlaceTrap,-150
15,8,DP,sink,MinionRoster.TrySummon,-255
15,8,DP,source,AdventurerAI.ReapEmotion,112
15,8,DP,source,AdventurerAI.TakeDamage,797
15,8,Material,source,AdventurerAI.TakeDamage,23
15,8,DP,source,AdventurerAI.GrantReturnReward,994
15,8,Fame,source,AdventurerAI.GrantReturnReward,40
15,8,Fame,source,LureEconomy.OnHeroEscaped,100
15,8,DP,sink,CommandSystem.TryUse,-2300
15,8,DP,source,Nemesis.OnSlain,1166
15,8,Material,source,Nemesis.OnSlain,10
15,8,DP,stock,end,777
15,8,Material,stock,end,205
15,8,Fame,stock,end,723
15,9,DP,source,SurfaceMap.CollectYields,45
15,9,Material,source,SurfaceMap.CollectYields,2
15,9,Fame,source,SurfaceMap.CollectYields,11
15,9,DP,source,EraSystem.TickTurn,600
15,9,Fame,source,EraSystem.TickTurn,25
15,9,DP,sink,MinionRoster.TryForge,-190
15,9,DP,sink,DungeonFloorManager.TryExpandFloor,-800
15,9,DP,sink,DungeonFeatureManager.TryPlaceTrap,-150
15,9,DP,sink,MinionRoster.TrySummon,-278
15,9,DP,source,AdventurerAI.ReapEmotion,92
15,9,DP,source,AdventurerAI.TakeDamage,854
15,9,Material,source,AdventurerAI.TakeDamage,31
15,9,DP,source,AdventurerAI.GrantReturnReward,1187
15,9,Fame,source,AdventurerAI.GrantReturnReward,40
15,9,Fame,source,LureEconomy.OnHeroEscaped,100
15,9,DP,sink,CommandSystem.TryUse,-1800
15,9,DP,source,Nemesis.OnSlain,1198
15,9,Material,source,Nemesis.OnSlain,10
15,9,DP,stock,end,1535
15,9,Material,stock,end,248
15,9,Fame,stock,end,899
15,10,DP,source,SurfaceMap.CollectYields,79
15,10,Material,source,SurfaceMap.CollectYields,3
15,10,Fame,source,SurfaceMap.CollectYields,17
15,10,DP,sink,MinionRoster.TryForge,-190
15,10,DP,sink,MinionEvolution.TryEvolve,-800
15,10,DP,sink,MinionRoster.TryEvolveIndividual,-200
15,10,DP,sink,DungeonFeatureManager.TryPlaceTrap,-150
15,10,DP,sink,MinionRoster.TrySummon,-272
15,10,DP,source,AdventurerAI.ReapEmotion,309
15,10,DP,sink,CommandSystem.TryUse,-4100
15,10,DP,source,AdventurerAI.TakeDamage,871
15,10,Material,source,AdventurerAI.TakeDamage,40
15,10,DP,source,AdventurerAI.GrantReturnReward,2568
15,10,Fame,source,AdventurerAI.GrantReturnReward,80
15,10,Fame,source,LureEconomy.OnHeroEscaped,200
15,10,DP,source,Nemesis.OnSlain,1264
15,10,Material,source,Nemesis.OnSlain,10
15,10,DP,stock,end,914
15,10,Material,stock,end,301
15,10,Fame,stock,end,1196
15,11,DP,source,SurfaceMap.CollectYields,79
15,11,Material,source,SurfaceMap.CollectYields,3
15,11,Fame,source,SurfaceMap.CollectYields,17
15,11,DP,source,EraSystem.TickTurn,720
15,11,DP,source,WaveRoster.ResolveTrial,900
15,11,DP,sink,MinionRoster.TryForge,-190
15,11,DP,sink,DungeonFloorManager.TryAddFloor,-2000
15,11,DP,sink,DungeonFeatureManager.TryPlaceTrap,-150
15,11,DP,sink,MinionRoster.TrySummon,-256
15,11,DP,source,AdventurerAI.ReapEmotion,192
15,11,DP,source,AdventurerAI.GrantReturnReward,3706
15,11,Fame,source,AdventurerAI.GrantReturnReward,180
15,11,Fame,source,LureEconomy.OnHeroEscaped,450
15,11,DP,sink,CommandSystem.TryUse,-1950
15,11,DP,source,AdventurerAI.TakeDamage,529
15,11,Material,source,AdventurerAI.TakeDamage,24
15,11,DP,stock,end,2494
15,11,Material,stock,end,328
15,11,Fame,stock,end,1843
15,12,DP,source,SurfaceMap.CollectYields,79
15,12,Material,source,SurfaceMap.CollectYields,3
15,12,Fame,source,SurfaceMap.CollectYields,17
15,12,DP,source,DistrictCatalog.Collect,84
15,12,DP,source,EraSystem.TickTurn,300
15,12,DP,sink,MinionRoster.TryForge,-285
15,12,DP,sink,DungeonFloorManager.TryExpandFloor,-1200
15,12,DP,sink,MinionRoster.TryEvolveIndividual,-1100
15,12,DP,sink,DungeonFeatureManager.TryPlaceTrap,-150
15,12,DP,sink,MinionRoster.TrySummon,-195
15,12,DP,source,AdventurerAI.ReapEmotion,219
15,12,Fame,source,AdventurerAI.GrantReturnReward,110
15,12,Fame,source,LureEconomy.OnHeroEscaped,275
15,12,DP,source,AdventurerAI.GrantReturnReward,4966
15,12,DP,sink,CommandSystem.TryUse,-4900
15,12,DP,source,AdventurerAI.TakeDamage,938
15,12,Material,source,AdventurerAI.TakeDamage,12
15,12,DP,stock,end,1250
15,12,Material,stock,end,343
15,12,Fame,stock,end,2245
15,13,DP,source,SurfaceMap.CollectYields,60
15,13,Material,source,SurfaceMap.CollectYields,3
15,13,Fame,source,SurfaceMap.CollectYields,14
15,13,DP,source,DistrictCatalog.Collect,98
15,13,DP,sink,MinionRoster.TryForge,-475
15,13,DP,sink,MinionRoster.TryEvolveIndividual,-550
15,13,DP,sink,DungeonFeatureManager.TryPlaceTrap,-150
15,13,DP,sink,MinionRoster.TrySummon,-232
15,13,DP,source,AdventurerAI.ReapEmotion,105
15,13,Fame,source,AdventurerAI.GrantReturnReward,130
15,13,Fame,source,LureEconomy.OnHeroEscaped,325
15,13,DP,source,AdventurerAI.GrantReturnReward,3474
15,13,DP,sink,CommandSystem.TryUse,-3200
15,13,DP,source,AdventurerAI.TakeDamage,976
15,13,Material,source,AdventurerAI.TakeDamage,19
15,13,DP,stock,end,1356
15,13,Material,stock,end,365
15,13,Fame,stock,end,2714
15,14,DP,source,SurfaceMap.CollectYields,80
15,14,Material,source,SurfaceMap.CollectYields,4
15,14,Fame,source,SurfaceMap.CollectYields,18
15,14,DP,source,DistrictCatalog.Collect,98
15,14,DP,sink,MinionRoster.TryForge,-992
15,14,DP,sink,MinionRoster.TryEvolveIndividual,-75
15,14,DP,sink,DungeonFeatureManager.TryPlaceTrap,-300
15,14,DP,sink,MinionRoster.TrySummon,-165
15,14,DP,source,IncidentSystem.Apply,600
15,14,DP,sink,CommandSystem.TryUse,-5150
15,14,DP,source,AdventurerAI.ReapEmotion,115
15,14,DP,source,AdventurerAI.TakeDamage,1178
15,14,Material,source,AdventurerAI.TakeDamage,87
15,14,DP,source,AdventurerAI.GrantReturnReward,3380
15,14,Fame,source,AdventurerAI.GrantReturnReward,140
15,14,Fame,source,LureEconomy.OnHeroEscaped,350
15,14,DP,source,Nemesis.OnSlain,1402
15,14,Material,source,Nemesis.OnSlain,9
15,14,DP,stock,end,1527
15,14,Material,stock,end,465
15,14,Fame,stock,end,3222
15,15,DP,source,SurfaceMap.CollectYields,82
15,15,Material,source,SurfaceMap.CollectYields,4
15,15,Fame,source,SurfaceMap.CollectYields,18
15,15,DP,source,DistrictCatalog.Collect,98
15,15,DP,sink,MinionRoster.TryForge,-992
15,15,DP,sink,MinionRoster.TryEvolveIndividual,-250
15,15,DP,sink,DungeonFeatureManager.TryPlaceTrap,-300
15,15,DP,sink,MinionRoster.TrySummon,-138
15,15,DP,source,AdventurerAI.ReapEmotion,238
15,15,DP,source,AdventurerAI.TakeDamage,3376
15,15,Material,source,AdventurerAI.TakeDamage,143
15,15,DP,sink,CommandSystem.TryUse,-3850
15,15,DP,source,AdventurerAI.GrantReturnReward,2454
15,15,Fame,source,AdventurerAI.GrantReturnReward,140
15,15,Fame,source,LureEconomy.OnHeroEscaped,350
15,15,DP,source,Nemesis.OnSlain,778
15,15,Material,source,Nemesis.OnSlain,5
15,15,DP,stock,end,3023
15,15,Material,stock,end,617
15,15,Fame,stock,end,3730
15,16,DP,source,SurfaceMap.CollectYields,82
15,16,Material,source,SurfaceMap.CollectYields,4
15,16,Fame,source,SurfaceMap.CollectYields,18
15,16,DP,source,DistrictCatalog.Collect,98
15,16,DP,sink,MinionRoster.TryForge,-2434
15,16,DP,sink,MinionRoster.TryEvolveIndividual,-225
15,16,DP,sink,DungeonFeatureManager.TryPlaceTrap,-300
15,16,DP,sink,MinionRoster.TrySummon,-226
15,16,DP,source,AdventurerAI.ReapEmotion,320
15,16,DP,sink,CommandSystem.TryUse,-3700
15,16,DP,source,AdventurerAI.GrantReturnReward,3855
15,16,Fame,source,AdventurerAI.GrantReturnReward,180
15,16,Fame,source,LureEconomy.OnHeroEscaped,450
15,16,DP,source,AdventurerAI.TakeDamage,868
15,16,Material,source,AdventurerAI.TakeDamage,9
15,16,DP,stock,end,1361
15,16,Material,stock,end,630
15,16,Fame,stock,end,4378
15,17,DP,source,SurfaceMap.CollectYields,82
15,17,Material,source,SurfaceMap.CollectYields,4
15,17,Fame,source,SurfaceMap.CollectYields,18
15,17,DP,source,DistrictCatalog.Collect,98
15,17,DP,source,EraSystem.TickTurn,720
15,17,DP,sink,MinionRoster.TryForge,-190
15,17,DP,sink,DungeonFloorManager.TryExpandFloor,-1500
15,17,DP,sink,DungeonFeatureManager.TryPlaceTrap,-300
15,17,DP,sink,MinionRoster.TrySummon,-243
15,17,DP,source,AdventurerAI.ReapEmotion,447
15,17,DP,source,AdventurerAI.GrantReturnReward,10752
15,17,Fame,source,AdventurerAI.GrantReturnReward,230
15,17,Fame,source,LureEconomy.OnHeroEscaped,575
15,17,DP,sink,CommandSystem.TryUse,-4250
15,17,DP,source,AdventurerAI.TakeDamage,1898
15,17,Material,source,AdventurerAI.TakeDamage,12
15,17,DP,stock,end,8875
15,17,Material,stock,end,646
15,17,Fame,stock,end,5201
15,18,DP,source,SurfaceMap.CollectYields,103
15,18,Material,source,SurfaceMap.CollectYields,5
15,18,Fame,source,SurfaceMap.CollectYields,23
15,18,DP,source,DistrictCatalog.Collect,98
15,18,DP,source,EraSystem.TickTurn,300
15,18,DP,sink,MinionRoster.TryForge,-2638
15,18,DP,sink,DungeonFloorManager.TryAddFloor,-5000
15,18,DP,sink,DungeonFloorManager.TryExpandFloor,-1200
15,18,DP,sink,DungeonFeatureManager.TryPlaceTrap,-300
15,18,DP,sink,MinionRoster.TrySummon,-226
15,18,DP,source,AdventurerAI.ReapEmotion,304
15,18,DP,sink,CommandSystem.TryUse,-5550
15,18,DP,source,AdventurerAI.TakeDamage,1771
15,18,Material,source,AdventurerAI.TakeDamage,15
15,18,DP,source,AdventurerAI.GrantReturnReward,7242
15,18,Fame,source,AdventurerAI.GrantReturnReward,190
15,18,Fame,source,LureEconomy.OnHeroEscaped,475
15,18,DP,stock,end,3779
15,18,Material,stock,end,666
15,18,Fame,stock,end,5889
15,19,DP,source,SurfaceMap.CollectYields,103
15,19,Material,source,SurfaceMap.CollectYields,5
15,19,Fame,source,SurfaceMap.CollectYields,23
15,19,DP,source,DistrictCatalog.Collect,126
15,19,DP,source,EraSystem.TickTurn,300
15,19,DP,sink,MinionRoster.TryForge,-2012
15,19,DP,sink,DungeonFloorManager.TryExpandFloor,-1500
15,19,DP,sink,MinionRoster.TryEvolveIndividual,-325
15,19,DP,sink,DungeonFeatureManager.TryPlaceTrap,-300
15,19,DP,sink,MinionRoster.TrySummon,-150
15,19,DP,source,AdventurerAI.ReapEmotion,174
15,19,DP,source,AdventurerAI.GrantReturnReward,14725
15,19,Fame,source,AdventurerAI.GrantReturnReward,370
15,19,Fame,source,LureEconomy.OnHeroEscaped,925
15,19,DP,sink,CommandSystem.TryUse,-4900
15,19,DP,source,AdventurerAI.TakeDamage,796
15,19,Material,source,AdventurerAI.TakeDamage,10
15,19,DP,stock,end,10816
15,19,Material,stock,end,681
15,19,Fame,stock,end,7207
15,20,DP,source,SurfaceMap.CollectYields,136
15,20,Material,source,SurfaceMap.CollectYields,5
15,20,Fame,source,SurfaceMap.CollectYields,28
15,20,DP,source,DistrictCatalog.Collect,126
15,20,DP,sink,MinionRoster.TryForge,-10054
15,20,DP,sink,MinionRoster.TryEvolveIndividual,-225
15,20,DP,sink,DungeonFeatureManager.TryPlaceTrap,-600
15,20,DP,sink,MinionRoster.TrySummon,-195
15,20,DP,source,AdventurerAI.ReapEmotion,261
15,20,DP,source,AdventurerAI.GrantReturnReward,10221
15,20,Fame,source,AdventurerAI.GrantReturnReward,220
15,20,Fame,source,LureEconomy.OnHeroEscaped,550
15,20,DP,sink,CommandSystem.TryUse,-3400
15,20,DP,source,AdventurerAI.TakeDamage,2485
15,20,Material,source,AdventurerAI.TakeDamage,15
15,20,DP,stock,end,9571
15,20,Material,stock,end,701
15,20,Fame,stock,end,8005
15,21,DP,source,SurfaceMap.CollectYields,166
15,21,Material,source,SurfaceMap.CollectYields,6
15,21,Fame,source,SurfaceMap.CollectYields,34
15,21,DP,source,DistrictCatalog.Collect,126
15,21,DP,sink,MinionRoster.TryForge,-8980
15,21,DP,sink,MinionRoster.TryEvolveIndividual,-250
15,21,DP,sink,DungeonFeatureManager.TryPlaceTrap,-450
15,21,DP,sink,MinionRoster.TrySummon,-162
15,21,DP,source,AdventurerAI.ReapEmotion,172
15,21,DP,source,AdventurerAI.TakeDamage,5729
15,21,Material,source,AdventurerAI.TakeDamage,70
15,21,DP,sink,CommandSystem.TryUse,-6050
15,21,DP,source,AdventurerAI.GrantReturnReward,8749
15,21,Fame,source,AdventurerAI.GrantReturnReward,210
15,21,Fame,source,LureEconomy.OnHeroEscaped,525
15,21,DP,stock,end,8621
15,21,Material,stock,end,777
15,21,Fame,stock,end,8774
15,22,DP,source,SurfaceMap.CollectYields,166
15,22,Material,source,SurfaceMap.CollectYields,6
15,22,Fame,source,SurfaceMap.CollectYields,34
15,22,DP,source,DistrictCatalog.Collect,126
15,22,DP,sink,MinionRoster.TryForge,-7638
15,22,DP,sink,MinionRoster.TryEvolveIndividual,-225
15,22,Material,sink,MinionRoster.TryForge,-10
15,22,DP,sink,DungeonFeatureManager.TryPlaceTrap,-900
15,22,DP,sink,MinionRoster.TrySummon,-133
15,22,DP,source,AdventurerAI.ReapEmotion,186
15,22,DP,source,AdventurerAI.GrantReturnReward,15204
15,22,Fame,source,AdventurerAI.GrantReturnReward,380
15,22,Fame,source,LureEconomy.OnHeroEscaped,950
15,22,DP,source,AdventurerAI.TakeDamage,8143
15,22,Material,source,AdventurerAI.TakeDamage,172
15,22,DP,sink,CommandSystem.TryUse,-5200
15,22,DP,stock,end,18350
15,22,Material,stock,end,945
15,22,Fame,stock,end,10138
15,23,DP,source,SurfaceMap.CollectYields,166
15,23,Material,source,SurfaceMap.CollectYields,6
15,23,Fame,source,SurfaceMap.CollectYields,34
15,23,DP,source,DistrictCatalog.Collect,112
15,23,DP,sink,MinionRoster.TryForge,-16020
15,23,DP,sink,DungeonFloorManager.TryExpandFloor,-1500
15,23,Material,sink,MinionRoster.TryForge,-52
15,23,DP,sink,DungeonFeatureManager.TryPlaceTrap,-900
15,23,DP,sink,MinionRoster.TrySummon,-168
15,23,DP,source,AdventurerAI.ReapEmotion,235
15,23,DP,source,AdventurerAI.GrantReturnReward,17221
15,23,Fame,source,AdventurerAI.GrantReturnReward,280
15,23,Fame,source,LureEconomy.OnHeroEscaped,700
15,23,DP,sink,CommandSystem.TryUse,-4900
15,23,DP,source,AdventurerAI.TakeDamage,2572
15,23,Material,source,AdventurerAI.TakeDamage,54
15,23,DP,stock,end,15168
15,23,Material,stock,end,953
15,23,Fame,stock,end,11152
15,24,DP,source,SurfaceMap.CollectYields,126
15,24,Material,source,SurfaceMap.CollectYields,6
15,24,Fame,source,SurfaceMap.CollectYields,28
15,24,DP,source,DistrictCatalog.Collect,126
15,24,DP,sink,MinionRoster.TryForge,-14310
15,24,DP,sink,MinionRoster.TryEvolveIndividual,-225
15,24,Material,sink,MinionRoster.TryForge,-46
15,24,DP,sink,DungeonFeatureManager.TryPlaceTrap,-600
15,24,DP,sink,MinionRoster.TrySummon,-262
15,24,DP,source,AdventurerAI.ReapEmotion,265
15,24,DP,source,AdventurerAI.TakeDamage,10198
15,24,Material,source,AdventurerAI.TakeDamage,267
15,24,DP,sink,CommandSystem.TryUse,-5250
15,24,DP,source,AdventurerAI.GrantReturnReward,13538
15,24,Fame,source,AdventurerAI.GrantReturnReward,240
15,24,Fame,source,LureEconomy.OnHeroEscaped,600
15,24,DP,stock,end,18774
15,24,Material,stock,end,1180
15,24,Fame,stock,end,12020
15,25,DP,source,SurfaceMap.CollectYields,147
15,25,Material,source,SurfaceMap.CollectYields,7
15,25,Fame,source,SurfaceMap.CollectYields,33
15,25,DP,source,DistrictCatalog.Collect,28
15,25,DP,source,EraSystem.TickTurn,3840
15,25,DP,sink,MinionRoster.TryForge,-168
15,25,DP,sink,DungeonFloorManager.TryAddFloor,-12500
15,25,DP,sink,MinionEvolution.TryEvolve,-4900
15,25,DP,sink,MinionRoster.TryEvolveIndividual,-4800
15,25,DP,sink,DungeonFeatureManager.TryPlaceTrap,-150
15,25,DP,sink,MinionRoster.TrySummon,-268
15,25,DP,source,AdventurerAI.ReapEmotion,571
15,25,DP,sink,CommandSystem.TryUse,-5100
15,25,DP,source,AdventurerAI.GrantReturnReward,26192
15,25,Fame,source,AdventurerAI.GrantReturnReward,350
15,25,Fame,source,LureEconomy.OnHeroEscaped,875
15,25,DP,source,AdventurerAI.TakeDamage,4851
15,25,Material,source,AdventurerAI.TakeDamage,73
15,25,DP,stock,end,26517
15,25,Material,stock,end,1260
15,25,Fame,stock,end,13278
15,26,DP,source,SurfaceMap.CollectYields,147
15,26,Material,source,SurfaceMap.CollectYields,7
15,26,Fame,source,SurfaceMap.CollectYields,33
15,26,DP,source,DistrictCatalog.Collect,28
15,26,DP,source,EraSystem.TickTurn,6528
15,26,DP,sink,MinionRoster.TryForge,-168
15,26,DP,sink,DungeonFloorManager.TryAddFloor,-31250
15,26,DP,sink,DungeonFloorManager.TryExpandFloor,-800
15,26,DP,sink,MinionRoster.TryEvolveIndividual,-650
15,26,DP,sink,DungeonFeatureManager.TryPlaceTrap,-150
15,26,DP,sink,MinionRoster.TrySummon,-174
15,26,DP,source,AdventurerAI.ReapEmotion,266
15,26,DP,source,AdventurerAI.GrantReturnReward,25539
15,26,Fame,source,AdventurerAI.GrantReturnReward,360
15,26,Fame,source,LureEconomy.OnHeroEscaped,900
15,26,DP,sink,CommandSystem.TryUse,-4800
15,26,DP,source,AdventurerAI.TakeDamage,6324
15,26,Material,source,AdventurerAI.TakeDamage,33
15,26,DP,stock,end,27357
15,26,Material,stock,end,1300
15,26,Fame,stock,end,14571
15,27,DP,source,SurfaceMap.CollectYields,147
15,27,Material,source,SurfaceMap.CollectYields,7
15,27,Fame,source,SurfaceMap.CollectYields,33
15,27,DP,source,DistrictCatalog.Collect,28
15,27,DP,source,EraSystem.TickTurn,3840
15,27,DP,sink,MinionRoster.TryForge,-16344
15,27,DP,sink,DungeonFloorManager.TryExpandFloor,-4600
15,27,DP,sink,MinionRoster.TryEvolveIndividual,-7125
15,27,Material,sink,MinionRoster.TryForge,-56
15,27,DP,sink,DungeonFeatureManager.TryPlaceTrap,-3150
15,27,DP,sink,MinionRoster.TrySummon,-139
15,27,DP,source,AdventurerAI.ReapEmotion,183
15,27,DP,source,AdventurerAI.TakeDamage,13328
15,27,Material,source,AdventurerAI.TakeDamage,422
15,27,DP,sink,CommandSystem.TryUse,-5100
15,27,DP,source,AdventurerAI.GrantReturnReward,24628
15,27,Fame,source,AdventurerAI.GrantReturnReward,330
15,27,Fame,source,LureEconomy.OnHeroEscaped,825
15,27,DP,stock,end,33053
15,27,Material,stock,end,1673
15,27,Fame,stock,end,15759
15,28,DP,source,SurfaceMap.CollectYields,147
15,28,Material,source,SurfaceMap.CollectYields,7
15,28,Fame,source,SurfaceMap.CollectYields,33
15,28,DP,source,DistrictCatalog.Collect,28
15,28,DP,source,EraSystem.TickTurn,3840
15,28,DP,sink,MinionRoster.TryForge,-24420
15,28,DP,sink,DungeonFloorManager.TryExpandFloor,-9000
15,28,DP,sink,MinionRoster.TryEvolveIndividual,-1775
15,28,Material,sink,MinionRoster.TryForge,-188
15,28,DP,sink,DungeonFeatureManager.TryPlaceTrap,-1650
15,28,DP,sink,MinionRoster.TrySummon,-186
15,28,DP,source,AdventurerAI.ReapEmotion,239
15,28,DP,source,AdventurerAI.GrantReturnReward,12692
15,28,Fame,source,AdventurerAI.GrantReturnReward,180
15,28,Fame,source,LureEconomy.OnHeroEscaped,450
15,28,DP,sink,CommandSystem.TryUse,-2950
15,28,DP,source,AdventurerAI.TakeDamage,8285
15,28,Material,source,AdventurerAI.TakeDamage,38
15,28,DP,stock,end,18303
15,28,Material,stock,end,1530
15,28,Fame,stock,end,16422
