run,turn,resource,kind,key,amount
1,1,DP,sink,DungeonFeatureManager.TryPlaceTrap,-150
1,1,DP,source,AdventurerAI.TakeDamage,184
1,1,Material,source,AdventurerAI.TakeDamage,6
1,1,DP,source,AdventurerAI.ReapEmotion,100
1,1,DP,source,AdventurerAI.GrantReturnReward,452
1,1,Fame,source,AdventurerAI.GrantReturnReward,20
1,1,Fame,source,LureEconomy.OnHeroEscaped,50
1,1,DP,sink,CommandSystem.TryUse,-300
1,1,DP,stock,end,486
1,1,Material,stock,end,6
1,1,Fame,stock,end,70
1,2,DP,source,SurfaceMap.CollectYields,18
1,2,Material,source,SurfaceMap.CollectYields,1
1,2,Fame,source,SurfaceMap.CollectYields,4
1,2,DP,source,EraSystem.TickTurn,600
1,2,Fame,source,EraSystem.TickTurn,25
1,2,DP,sink,MinionRoster.TryForge,-236
1,2,DP,sink,MinionEvolution.TryEvolve,-550
1,2,DP,sink,DungeonFeatureManager.TryPlaceTrap,-150
1,2,DP,sink,MinionRoster.TrySummon,-162
1,2,DP,source,AdventurerAI.ReapEmotion,108
1,2,DP,source,AdventurerAI.TakeDamage,162
1,2,Material,source,AdventurerAI.TakeDamage,4
1,2,DP,source,AdventurerAI.GrantReturnReward,787
1,2,Fame,source,AdventurerAI.GrantReturnReward,30
1,2,Fame,source,LureEconomy.OnHeroEscaped,75
1,2,DP,sink,CommandSystem.TryUse,-650
1,2,DP,stock,end,413
1,2,Material,stock,end,11
1,2,Fame,stock,end,204
1,3,DP,source,SurfaceMap.CollectYields,18
1,3,Material,source,SurfaceMap.CollectYields,1
1,3,Fame,source,SurfaceMap.CollectYields,4
1,3,DP,source,EraSystem.TickTurn,600
1,3,Material,source,EraSystem.TickTurn,10
1,3,DP,sink,MinionRoster.TryForge,-236
1,3,DP,sink,DungeonFloorManager.TryExpandFloor,-400
1,3,DP,sink,MinionEvolution.TryEvolve,-75
1,3,DP,sink,DungeonFeatureManager.TryPlaceTrap,-150
1,3,DP,sink,MinionRoster.TrySummon,-156
1,3,DP,source,AdventurerAI.TakeDamage,477
1,3,Material,source,AdventurerAI.TakeDamage,21
1,3,DP,source,Nemesis.OnSlain,437
1,3,Material,source,Nemesis.OnSlain,5
1,3,DP,sink,CommandSystem.TryUse,-650
1,3,DP,stock,end,278
1,3,Material,stock,end,48
1,3,Fame,stock,end,208
1,4,DP,source,SurfaceMap.CollectYields,18
1,4,Material,source,SurfaceMap.CollectYields,1
1,4,Fame,source,SurfaceMap.CollectYields,4
1,4,DP,source,EraSystem.TickTurn,600
1,4,DP,sink,MinionRoster.TryForge,-236
1,4,DP,sink,MinionEvolution.TryEvolve,-325
1,4,DP,sink,DungeonFeatureManager.TryPlaceTrap,-150
1,4,DP,sink,MinionRoster.TrySummon,-181
1,4,DP,source,AdventurerAI.TakeDamage,470
1,4,Material,source,AdventurerAI.TakeDamage,16
1,4,Fame,source,AdventurerAI.GrantReturnReward,10
1,4,Fame,source,LureEconomy.OnHeroEscaped,25
1,4,DP,source,Nemesis.OnSlain,454
1,4,Material,source,Nemesis.OnSlain,5
1,4,DP,sink,CommandSystem.TryUse,-650
1,4,DP,stock,end,278
1,4,Material,stock,end,70
1,4,Fame,stock,end,247
1,5,DP,source,SurfaceMap.CollectYields,18
1,5,Material,source,SurfaceMap.CollectYields,1
1,5,Fame,source,SurfaceMap.CollectYields,4
1,5,DP,source,EraSystem.TickTurn,600
1,5,Material,source,EraSystem.TickTurn,10
1,5,DP,sink,MinionRoster.TryForge,-212
1,5,DP,sink,MinionEvolution.TryEvolve,-200
1,5,DP,sink,MinionRoster.TryEvolveIndividual,-175
1,5,DP,sink,DungeonFeatureManager.TryPlaceTrap,-150
1,5,DP,sink,MinionRoster.TrySummon,-151
1,5,DP,source,AdventurerAI.TakeDamage,636
1,5,Material,source,AdventurerAI.TakeDamage,14
1,5,DP,sink,CommandSystem.TryUse,-300
1,5,DP,stock,end,344
1,5,Material,stock,end,95
1,5,Fame,stock,end,251
1,6,DP,source,SurfaceMap.CollectYields,39
1,6,Material,source,SurfaceMap.CollectYields,2
1,6,Fame,source,SurfaceMap.CollectYields,9
1,6,DP,source,EraSystem.TickTurn,600
1,6,Fame,source,EraSystem.TickTurn,25
1,6,DP,sink,MinionRoster.TryForge,-212
1,6,DP,sink,MinionEvolution.TryEvolve,-450
1,6,DP,sink,DungeonFeatureManager.TryPlaceTrap,-150
1,6,DP,sink,MinionRoster.TrySummon,-167
1,6,DP,source,AdventurerAI.TakeDamage,696
1,6,Material,source,AdventurerAI.TakeDamage,14
1,6,Fame,source,AdventurerAI.GrantReturnReward,10
1,6,Fame,source,LureEconomy.OnHeroEscaped,25
1,6,DP,sink,CommandSystem.TryUse,-300
1,6,DP,source,Nemesis.OnSlain,486
1,6,Material,source,Nemesis.OnSlain,5
1,6,DP,stock,end,886
1,6,Material,stock,end,116
1,6,Fame,stock,end,320
1,7,DP,source,SurfaceMap.CollectYields,39
1,7,Material,source,SurfaceMap.CollectYields,2
1,7,Fame,source,SurfaceMap.CollectYields,9
1,7,DP,source,EraSystem.TickTurn,1020
1,7,DP,sink,MinionRoster.TryForge,-318
1,7,DP,sink,DungeonFloorManager.TryAddFloor,-800
1,7,DP,sink,DungeonFloorManager.TryExpandFloor,-400
1,7,DP,sink,MinionRoster.TryEvolveIndividual,-75
1,7,DP,sink,DungeonFeatureManager.TryPlaceTrap,-300
1,7,DP,sink,MinionRoster.TrySummon,-45
1,7,DP,source,AdventurerAI.TakeDamage,781
1,7,Material,source,AdventurerAI.TakeDamage,16
1,7,DP,sink,CommandSystem.TryUse,-600
1,7,DP,stock,end,188
1,7,Material,stock,end,134
1,7,Fame,stock,end,329
1,8,DP,source,SurfaceMap.CollectYields,39
1,8,Material,source,SurfaceMap.CollectYields,2
1,8,Fame,source,SurfaceMap.CollectYields,9
1,8,DP,source,EraSystem.TickTurn,600
1,8,DP,sink,MinionRoster.TryForge,-212
1,8,DP,sink,MinionEvolution.TryEvolve,-250
1,8,DP,sink,DungeonFeatureManager.TryPlaceTrap,-300
1,8,DP,sink,MinionRoster.TrySummon,-46
1,8,DP,source,AdventurerAI.TakeDamage,608
1,8,Material,source,AdventurerAI.TakeDamage,12
1,8,DP,sink,CommandSystem.TryUse,-950
1,8,DP,source,Nemesis.OnSlain,502
1,8,Material,source,Nemesis.OnSlain,5
1,8,DP,stock,end,179
1,8,Material,stock,end,153
1,8,Fame,stock,end,338
1,9,DP,source,SurfaceMap.CollectYields,45
1,9,Material,source,SurfaceMap.CollectYields,2
1,9,Fame,source,SurfaceMap.CollectYields,11
1,9,DP,source,EraSystem.TickTurn,600
1,9,Fame,source,EraSystem.TickTurn,25
1,9,DP,sink,MinionRoster.TryForge,-212
1,9,DP,sink,MinionEvolution.TryEvolve,-250
1,9,DP,sink,DungeonFeatureManager.TryPlaceTrap,-150
1,9,DP,sink,MinionRoster.TrySummon,-202
1,9,DP,source,AdventurerAI.TakeDamage,885
1,9,Material,source,AdventurerAI.TakeDamage,18
1,9,Fame,source,AdventurerAI.GrantReturnReward,10
1,9,Fame,source,LureEconomy.OnHeroEscaped,25
1,9,DP,sink,CommandSystem.TryUse,-600
1,9,DP,stock,end,295
1,9,Material,stock,end,173
1,9,Fame,stock,end,409
1,10,DP,source,SurfaceMap.CollectYields,78
1,10,Material,source,SurfaceMap.CollectYields,3
1,10,Fame,source,SurfaceMap.CollectYields,16
1,10,DP,source,EraSystem.TickTurn,720
1,10,DP,sink,MinionRoster.TryForge,-212
1,10,DP,sink,MinionEvolution.TryEvolve,-550
1,10,DP,sink,DungeonFeatureManager.TryPlaceTrap,-150
1,10,DP,sink,MinionRoster.TrySummon,-169
1,10,DP,source,AdventurerAI.TakeDamage,1029
1,10,Material,source,AdventurerAI.TakeDamage,20
1,10,DP,sink,CommandSystem.TryUse,-950
1,10,DP,stock,end,91
1,10,Material,stock,end,196
1,10,Fame,stock,end,425
1,11,DP,source,SurfaceMap.CollectYields,78
1,11,Material,source,SurfaceMap.CollectYields,3
1,11,Fame,source,SurfaceMap.CollectYields,16
1,11,DP,source,WaveRoster.ResolveTrial,900
1,11,DP,sink,MinionRoster.TryForge,-212
1,11,DP,sink,MinionRoster.TryEvolveIndividual,-525
1,11,DP,sink,DungeonFeatureManager.TryPlaceTrap,-150
1,11,DP,sink,MinionRoster.TrySummon,-158
1,11,DP,source,AdventurerAI.TakeDamage,1104
1,11,Material,source,AdventurerAI.TakeDamage,33
1,11,DP,sink,CommandSystem.TryUse,-950
1,11,DP,source,Nemesis.OnSlain,551
1,11,Material,source,Nemesis.OnSlain,5
1,11,DP,stock,end,729
1,11,Material,stock,end,237
1,11,Fame,stock,end,441
1,12,DP,source,SurfaceMap.CollectYields,78
1,12,Material,source,SurfaceMap.CollectYields,3
1,12,Fame,source,SurfaceMap.CollectYields,16
1,12,DP,source,DistrictCatalog.Collect,70
1,12,DP,sink,MinionRoster.TryForge,-190
1,12,DP,sink,MinionRoster.TryEvolveIndividual,-350
1,12,DP,sink,DungeonFeatureManager.TryPlaceTrap,-150
1,12,DP,sink,MinionRoster.TrySummon,-162
1,12,Fame,source,AdventurerAI.GrantReturnReward,100
1,12,Fame,source,LureEconomy.OnHeroEscaped,250
1,12,DP,source,AdventurerAI.TakeDamage,66
1,12,Material,source,AdventurerAI.TakeDamage,3
1,12,DP,stock,end,91
1,12,Material,stock,end,243
1,12,Fame,stock,end,807
1,13,DP,source,SurfaceMap.CollectYields,59
1,13,Material,source,SurfaceMap.CollectYields,3
1,13,Fame,source,SurfaceMap.CollectYields,13
1,13,DP,source,DistrictCatalog.Collect,70
1,13,DP,sink,MinionRoster.TrySummon,-216
1,13,DP,source,AdventurerAI.TakeDamage,1801
1,13,Material,source,AdventurerAI.TakeDamage,39
1,13,DP,sink,CommandSystem.TryUse,-1300
1,13,Fame,source,AdventurerAI.GrantReturnReward,30
1,13,Fame,source,LureEconomy.OnHeroEscaped,75
1,13,DP,stock,end,505
1,13,Material,stock,end,285
1,13,Fame,stock,end,925
1,14,DP,source,SurfaceMap.CollectYields,80
1,14,Material,source,SurfaceMap.CollectYields,4
1,14,Fame,source,SurfaceMap.CollectYields,18
1,14,DP,source,DistrictCatalog.Collect,70
1,14,DP,sink,MinionRoster.TryForge,-285
1,14,DP,sink,DungeonFeatureManager.TryPlaceTrap,-150
1,14,DP,sink,MinionRoster.TrySummon,-204
1,14,DP,source,AdventurerAI.TakeDamage,4360
1,14,Material,source,AdventurerAI.TakeDamage,96
1,14,DP,sink,CommandSystem.TryUse,-2300
1,14,DP,source,Nemesis.OnSlain,1166
1,14,Material,source,Nemesis.OnSlain,10
1,14,DP,stock,end,3242
1,14,Material,stock,end,395
1,14,Fame,stock,end,943
1,15,DP,source,SurfaceMap.CollectYields,80
1,15,Material,source,SurfaceMap.CollectYields,4
1,15,Fame,source,SurfaceMap.CollectYields,18
1,15,DP,source,DistrictCatalog.Collect,70
1,15,DP,source,EraSystem.TickTurn,300
1,15,DP,sink,MinionRoster.TryForge,-190
1,15,DP,sink,DungeonFloorManager.TryAddFloor,-2000
1,15,DP,sink,DungeonFloorManager.TryExpandFloor,-1200
1,15,DP,sink,DungeonFeatureManager.TryPlaceTrap,-150
1,15,DP,sink,MinionRoster.TrySummon,-135
1,15,DP,source,AdventurerAI.TakeDamage,1659
1,15,Material,source,AdventurerAI.TakeDamage,36
1,15,DP,sink,CommandSystem.TryUse,-950
1,15,DP,source,Nemesis.OnSlain,1198
1,15,Material,source,Nemesis.OnSlain,10
1,15,DP,stock,end,1924
1,15,Material,stock,end,445
1,15,Fame,stock,end,961
1,16,DP,source,SurfaceMap.CollectYields,80
1,16,Material,source,SurfaceMap.CollectYields,4
1,16,Fame,source,SurfaceMap.CollectYields,18
1,16,DP,source,DistrictCatalog.Collect,70
1,16,DP,source,WaveRoster.ResolveTrial,900
1,16,DP,sink,MinionRoster.TryForge,-190
1,16,DP,sink,DungeonFloorManager.TryExpandFloor,-1600
1,16,DP,sink,MinionRoster.TryEvolveIndividual,-875
1,16,DP,sink,DungeonFeatureManager.TryPlaceTrap,-150
1,16,DP,sink,MinionRoster.TrySummon,-139
1,16,DP,source,AdventurerAI.TakeDamage,2597
1,16,Material,source,AdventurerAI.TakeDamage,65
1,16,DP,sink,CommandSystem.TryUse,-1450
1,16,Fame,source,AdventurerAI.GrantReturnReward,20
1,16,Fame,source,LureEconomy.OnHeroEscaped,50
1,16,DP,source,AdventurerAI.ReapEmotion,266
1,16,DP,source,AdventurerAI.GrantReturnReward,32
1,16,DP,source,Nemesis.OnSlain,1880
1,16,Material,source,Nemesis.OnSlain,15
1,16,DP,stock,end,3345
1,16,Material,stock,end,529
1,16,Fame,stock,end,1049
1,17,DP,source,SurfaceMap.CollectYields,80
1,17,Material,source,SurfaceMap.CollectYields,4
1,17,Fame,source,SurfaceMap.CollectYields,18
1,17,DP,source,DistrictCatalog.Collect,84
1,17,DP,source,EraSystem.TickTurn,720
1,17,DP,sink,MinionRoster.TryForge,-380
1,17,DP,sink,DungeonFloorManager.TryExpandFloor,-3000
1,17,DP,sink,MinionRoster.TryEvolveIndividual,-500
1,17,DP,sink,DungeonFeatureManager.TryPlaceTrap,-150
1,17,DP,sink,MinionRoster.TrySummon,-187
1,17,DP,source,AdventurerAI.ReapEmotion,80
1,17,DP,source,AdventurerAI.TakeDamage,2199
1,17,Material,source,AdventurerAI.TakeDamage,53
1,17,DP,sink,CommandSystem.TryUse,-1300
1,17,DP,source,Nemesis.OnSlain,632
1,17,Material,source,Nemesis.OnSlain,5
1,17,DP,stock,end,1623
1,17,Material,stock,end,591
1,17,Fame,stock,end,1067
1,18,DP,source,SurfaceMap.CollectYields,80
1,18,Material,source,SurfaceMap.CollectYields,4
1,18,Fame,source,SurfaceMap.CollectYields,18
1,18,DP,source,DistrictCatalog.Collect,84
1,18,DP,sink,MinionRoster.TryForge,-1358
1,18,DP,sink,DungeonFeatureManager.TryPlaceTrap,-150
1,18,DP,sink,MinionRoster.TrySummon,-272
1,18,DP,source,AdventurerAI.ReapEmotion,143
1,18,DP,source,AdventurerAI.TakeDamage,2277
1,18,Material,source,AdventurerAI.TakeDamage,123
1,18,DP,sink,CommandSystem.TryUse,-1800
1,18,DP,source,Nemesis.OnSlain,1264
1,18,Material,source,Nemesis.OnSlain,10
1,18,DP,source,AdventurerAI.GrantReturnReward,1094
1,18,Fame,source,AdventurerAI.GrantReturnReward,20
1,18,Fame,source,LureEconomy.OnHeroEscaped,50
1,18,DP,stock,end,2985
1,18,Material,stock,end,728
1,18,Fame,stock,end,1155
1,19,DP,source,SurfaceMap.CollectYields,80
1,19,Material,source,SurfaceMap.CollectYields,4
1,19,Fame,source,SurfaceMap.CollectYields,18
1,19,DP,source,DistrictCatalog.Collect,84
1,19,DP,source,EraSystem.TickTurn,300
1,19,DP,sink,MinionRoster.TryForge,-1414
1,19,DP,sink,DungeonFloorManager.TryExpandFloor,-1500
1,19,DP,sink,DungeonFeatureManager.TryPlaceTrap,-300
1,19,DP,sink,MinionRoster.TrySummon,-228
1,19,DP,source,AdventurerAI.ReapEmotion,156
1,19,DP,source,AdventurerAI.TakeDamage,2598
1,19,Material,source,AdventurerAI.TakeDamage,67
1,19,DP,sink,CommandSystem.TryUse,-1800
1,19,DP,stock,end,961
1,19,Material,stock,end,799
1,19,Fame,stock,end,1173
1,20,DP,source,SurfaceMap.CollectYields,100
1,20,Material,source,SurfaceMap.CollectYields,5
1,20,Fame,source,SurfaceMap.CollectYields,22
1,20,DP,source,DistrictCatalog.Collect,84
1,20,DP,sink,MinionRoster.TryForge,-394
1,20,DP,sink,MinionRoster.TryEvolveIndividual,-325
1,20,DP,sink,DungeonFeatureManager.TryPlaceTrap,-150
1,20,DP,sink,MinionRoster.TrySummon,-256
1,20,DP,source,AdventurerAI.ReapEmotion,147
1,20,DP,source,AdventurerAI.TakeDamage,3580
1,20,Material,source,AdventurerAI.TakeDamage,103
1,20,DP,sink,CommandSystem.TryUse,-1450
1,20,DP,source,Nemesis.OnSlain,1328
1,20,Material,source,Nemesis.OnSlain,10
1,20,DP,stock,end,3625
1,20,Material,stock,end,917
1,20,Fame,stock,end,1195
1,21,DP,source,SurfaceMap.CollectYields,100
1,21,Material,source,SurfaceMap.CollectYields,5
1,21,Fame,source,SurfaceMap.CollectYields,22
1,21,DP,source,DistrictCatalog.Collect,84
1,21,DP,source,WaveRoster.ResolveTrial,1800
1,21,DP,sink,MinionRoster.TryForge,-190
1,21,DP,sink,DungeonFloorManager.TryAddFloor,-5000
1,21,DP,sink,DungeonFeatureManager.TryPlaceTrap,-150
1,21,DP,sink,MinionRoster.TrySummon,-262
1,21,DP,source,AdventurerAI.ReapEmotion,159
1,21,DP,source,AdventurerAI.TakeDamage,2783
1,21,Material,source,AdventurerAI.TakeDamage,73
1,21,DP,sink,CommandSystem.TryUse,-1800
1,21,DP,stock,end,1149
1,21,Material,stock,end,995
1,21,Fame,stock,end,1217
1,22,DP,source,SurfaceMap.CollectYields,100
1,22,Material,source,SurfaceMap.CollectYields,5
1,22,Fame,source,SurfaceMap.CollectYields,22
1,22,DP,source,DistrictCatalog.Collect,84
1,22,DP,sink,MinionRoster.TryForge,-394
1,22,DP,sink,DungeonFloorManager.TryExpandFloor,-400
1,22,DP,sink,DungeonFeatureManager.TryPlaceTrap,-300
1,22,DP,sink,MinionRoster.TrySummon,-213
1,22,DP,source,AdventurerAI.ReapEmotion,159
1,22,DP,source,AdventurerAI.TakeDamage,2615
1,22,Material,source,AdventurerAI.TakeDamage,88
1,22,DP,source,AdventurerAI.GrantReturnReward,1016
1,22,Fame,source,AdventurerAI.GrantReturnReward,60
1,22,Fame,source,LureEconomy.OnHeroEscaped,150
1,22,DP,sink,CommandSystem.TryUse,-1800
1,22,DP,stock,end,2016
1,22,Material,stock,end,1088
1,22,Fame,stock,end,1449
1,23,DP,source,SurfaceMap.CollectYields,125
1,23,Material,source,SurfaceMap.CollectYields,6
1,23,Fame,source,SurfaceMap.CollectYields,27
1,23,DP,source,DistrictCatalog.Collect,84
1,23,DP,sink,MinionRoster.TryForge,-168
1,23,DP,sink,MinionEvolution.TryEvolve,-1475
1,23,DP,sink,MinionRoster.TryEvolveIndividual,-250
1,23,DP,sink,DungeonFeatureManager.TryPlaceTrap,-150
1,23,DP,sink,MinionRoster.TrySummon,-158
1,23,DP,source,AdventurerAI.ReapEmotion,167
1,23,DP,source,AdventurerAI.TakeDamage,3941
1,23,Material,source,AdventurerAI.TakeDamage,85
1,23,DP,sink,CommandSystem.TryUse,-1800
1,23,DP,stock,end,2332
1,23,Material,stock,end,1179
1,23,Fame,stock,end,1476
1,24,DP,source,SurfaceMap.CollectYields,125
1,24,Material,source,SurfaceMap.CollectYields,6
1,24,Fame,source,SurfaceMap.CollectYields,27
1,24,DP,source,DistrictCatalog.Collect,28
1,24,DP,source,EraSystem.TickTurn,3840
1,24,DP,sink,MinionRoster.TryForge,-168
1,24,DP,sink,DungeonFloorManager.TryExpandFloor,-2300
1,24,DP,sink,MinionEvolution.TryEvolve,-3425
1,24,DP,sink,DungeonFeatureManager.TryPlaceTrap,-150
1,24,DP,sink,MinionRoster.TrySummon,-252
1,24,DP,source,IncidentSystem.Apply,600
1,24,DP,sink,CommandSystem.TryUse,-2650
1,24,DP,source,AdventurerAI.ReapEmotion,146
1,24,DP,source,AdventurerAI.TakeDamage,3765
1,24,Material,source,AdventurerAI.TakeDamage,104
1,24,DP,source,AdventurerAI.GrantReturnReward,1406
1,24,Fame,source,AdventurerAI.GrantReturnReward,60
1,24,Fame,source,LureEconomy.OnHeroEscaped,150
1,24,DP,source,Nemesis.OnSlain,1442
1,24,Material,source,Nemesis.OnSlain,10
1,24,DP,stock,end,4739
1,24,Material,stock,end,1299
1,24,Fame,stock,end,1713
1,25,DP,source,SurfaceMap.CollectYields,143
1,25,Material,source,SurfaceMap.CollectYields,6
1,25,Fame,source,SurfaceMap.CollectYields,33
1,25,DP,source,DistrictCatalog.Collect,28
1,25,DP,source,EraSystem.TickTurn,6528
1,25,DP,sink,MinionRoster.TryForge,-168
1,25,DP,sink,DungeonFloorManager.TryExpandFloor,-10000
1,25,DP,sink,MinionRoster.TryEvolveIndividual,-950
1,25,DP,sink,DungeonFeatureManager.TryPlaceTrap,-150
1,25,DP,sink,MinionRoster.TrySummon,-158
1,25,DP,source,AdventurerAI.ReapEmotion,390
1,25,DP,sink,CommandSystem.TryUse,-2300
1,25,DP,source,AdventurerAI.TakeDamage,1581
1,25,Material,source,AdventurerAI.TakeDamage,26
1,25,Fame,source,AdventurerAI.GrantReturnReward,140
1,25,Fame,source,LureEconomy.OnHeroEscaped,350
1,25,DP,source,AdventurerAI.GrantReturnReward,3069
1,25,DP,source,Nemesis.OnSlain,729
1,25,Material,source,Nemesis.OnSlain,5
1,25,DP,stock,end,3481
1,25,Material,stock,end,1336
1,25,Fame,stock,end,2236
1,26,DP,source,SurfaceMap.CollectYields,143
1,26,Material,source,SurfaceMap.CollectYields,6
1,26,Fame,source,SurfaceMap.CollectYields,33
1,26,DP,source,DistrictCatalog.Collect,28
1,26,DP,source,EraSystem.TickTurn,3840
1,26,DP,sink,MinionRoster.TryForge,-168
1,26,DP,sink,MinionRoster.TryEvolveIndividual,-6975
1,26,DP,sink,DungeonFeatureManager.TryPlaceTrap,-150
1,26,DP,sink,MinionRoster.TrySummon,-170
1,26,DP,source,AdventurerAI.ReapEmotion,203
1,26,DP,source,AdventurerAI.GrantReturnReward,5080
1,26,Fame,source,AdventurerAI.GrantReturnReward,160
1,26,Fame,source,LureEconomy.OnHeroEscaped,400
1,26,DP,sink,CommandSystem.TryUse,-5100
1,26,DP,source,AdventurerAI.TakeDamage,6117
1,26,Material,source,AdventurerAI.TakeDamage,92
1,26,DP,source,Nemesis.OnSlain,745
1,26,Material,source,Nemesis.OnSlain,5
1,26,DP,stock,end,7074
1,26,Material,stock,end,1439
1,26,Fame,stock,end,2829
1,27,DP,source,SurfaceMap.CollectYields,143
1,27,Material,source,SurfaceMap.CollectYields,6
1,27,Fame,source,SurfaceMap.CollectYields,33
1,27,DP,source,DistrictCatalog.Collect,28
1,27,DP,source,EraSystem.TickTurn,3840
1,27,DP,sink,MinionRoster.TryForge,-6468
1,27,DP,sink,MinionRoster.TryEvolveIndividual,-4150
1,27,DP,sink,DungeonFeatureManager.TryPlaceTrap,-300
1,27,DP,sink,MinionRoster.TrySummon,-165
1,27,DP,source,AdventurerAI.ReapEmotion,398
1,27,DP,source,AdventurerAI.TakeDamage,7492
1,27,Material,source,AdventurerAI.TakeDamage,240
1,27,DP,sink,CommandSystem.TryUse,-6250
1,27,Fame,source,AdventurerAI.GrantReturnReward,250
1,27,Fame,source,LureEconomy.OnHeroEscaped,625
1,27,DP,source,AdventurerAI.GrantReturnReward,9459
1,27,DP,source,Nemesis.OnSlain,1522
1,27,Material,source,Nemesis.OnSlain,10
1,27,DP,stock,end,12623
1,27,Material,stock,end,1695
1,27,Fame,stock,end,3737
1,28,DP,source,SurfaceMap.CollectYields,154
1,28,Material,source,SurfaceMap.CollectYields,6
1,28,Fame,source,SurfaceMap.CollectYields,33
1,28,DP,source,DistrictCatalog.Collect,28
1,28,DP,source,EraSystem.TickTurn,6528
1,28,DP,sink,MinionRoster.TryForge,-168
1,28,DP,sink,DungeonFloorManager.TryAddFloor,-12500
1,28,DP,sink,DungeonFloorManager.TryExpandFloor,-5200
1,28,DP,sink,MinionRoster.TryEvolveIndividual,-1150
1,28,DP,sink,DungeonFeatureManager.TryPlaceTrap,-150
1,28,DP,sink,MinionRoster.TrySummon,-138
1,28,DP,source,AdventurerAI.ReapEmotion,289
1,28,DP,sink,CommandSystem.TryUse,-5600
1,28,DP,source,AdventurerAI.TakeDamage,6755
1,28,Material,source,AdventurerAI.TakeDamage,235
1,28,Fame,source,AdventurerAI.GrantReturnReward,370
1,28,Fame,source,LureEconomy.OnHeroEscaped,925
1,28,DP,source,AdventurerAI.GrantReturnReward,11910
1,28,DP,source,Nemesis.OnSlain,1451
1,28,Material,source,Nemesis.OnSlain,10
1,28,DP,stock,end,14832
1,28,Material,stock,end,1946
1,28,Fame,stock,end,5065
1,29,DP,source,SurfaceMap.CollectYields,125
1,29,Material,source,SurfaceMap.CollectYields,7
1,29,Fame,source,SurfaceMap.CollectYields,27
1,29,DP,source,DistrictCatalog.Collect,28
1,29,DP,source,EraSystem.TickTurn,6528
1,29,Material,source,EraSystem.TickTurn,37
1,29,DP,sink,MinionRoster.TryForge,-10332
1,29,DP,sink,MinionRoster.TryEvolveIndividual,-1275
1,29,DP,sink,DungeonFeatureManager.TryPlaceTrap,-3600
1,29,DP,sink,MinionRoster.TrySummon,-6280
1,29,DP,source,AdventurerAI.ReapEmotion,114
1,29,DP,source,AdventurerAI.TakeDamage,14894
1,29,Material,source,AdventurerAI.TakeDamage,543
1,29,DP,sink,CommandSystem.TryUse,-6050
1,29,DP,source,AdventurerAI.GrantReturnReward,11365
1,29,Fame,source,AdventurerAI.GrantReturnReward,370
1,29,Fame,source,LureEconomy.OnHeroEscaped,925
1,29,DP,stock,end,20349
1,29,Material,stock,end,2533
1,29,Fame,stock,end,6387
1,30,DP,source,SurfaceMap.CollectYields,148
1,30,Material,source,SurfaceMap.CollectYields,8
1,30,Fame,source,SurfaceMap.CollectYields,32
1,30,DP,source,DistrictCatalog.Collect,28
1,30,DP,source,EraSystem.TickTurn,3840
1,30,Material,source,EraSystem.TickTurn,37
1,30,Fame,source,EraSystem.TickTurn,80
1,30,DP,sink,MinionRoster.TryForge,-8400
1,30,DP,sink,MinionRoster.TryEvolveIndividual,-1100
1,30,DP,sink,DungeonFeatureManager.TryPlaceTrap,-3600
1,30,DP,sink,MinionRoster.TrySummon,-11237
1,30,DP,source,AdventurerAI.ReapEmotion,274
1,30,DP,sink,CommandSystem.TryUse,-5550
1,30,DP,source,AdventurerAI.GrantReturnReward,14780
1,30,Fame,source,AdventurerAI.GrantReturnReward,580
1,30,Fame,source,LureEconomy.OnHeroEscaped,1450
1,30,DP,source,AdventurerAI.TakeDamage,16023
1,30,Material,source,AdventurerAI.TakeDamage,363
1,30,DP,stock,end,25555
1,30,Material,stock,end,2941
1,30,Fame,stock,end,8529
1,31,DP,source,SurfaceMap.CollectYields,125
1,31,Material,source,SurfaceMap.CollectYields,7
1,31,Fame,source,SurfaceMap.CollectYields,27
1,31,DP,source,DistrictCatalog.Collect,28
1,31,DP,source,EraSystem.TickTurn,6528
1,31,Fame,source,EraSystem.TickTurn,192
1,31,DP,sink,MinionRoster.TryForge,-168
1,31,DP,sink,DungeonFloorManager.TryAddFloor,-31250
1,31,DP,sink,DungeonFloorManager.TryExpandFloor,-400
1,31,DP,sink,DungeonFeatureManager.TryPlaceTrap,-150
1,31,DP,sink,MinionRoster.TrySummon,-242
1,31,DP,source,AdventurerAI.ReapEmotion,350
1,31,DP,sink,CommandSystem.TryUse,-6000
1,31,DP,source,AdventurerAI.TakeDamage,15552
1,31,Material,source,AdventurerAI.TakeDamage,546
1,31,DP,source,AdventurerAI.GrantReturnReward,12061
1,31,Fame,source,AdventurerAI.GrantReturnReward,470
1,31,Fame,source,LureEconomy.OnHeroEscaped,1175
1,31,DP,stock,end,21989
1,31,Material,stock,end,3494
1,31,Fame,stock,end,10393
1,32,DP,source,SurfaceMap.CollectYields,125
1,32,Material,source,SurfaceMap.CollectYields,7
1,32,Fame,source,SurfaceMap.CollectYields,27
1,32,DP,source,DistrictCatalog.Collect,28
1,32,DP,sink,MinionRoster.TryForge,-5640
1,32,DP,sink,DungeonFloorManager.TryExpandFloor,-2300
1,32,DP,sink,MinionRoster.TryEvolveIndividual,-1250
1,32,DP,sink,DungeonFeatureManager.TryPlaceTrap,-3600
1,32,DP,sink,MinionRoster.TrySummon,-9344
1,32,DP,source,AdventurerAI.ReapEmotion,328
1,32,DP,sink,CommandSystem.TryUse,-6050
1,32,DP,source,AdventurerAI.TakeDamage,28464
1,32,Material,source,AdventurerAI.TakeDamage,910
1,32,DP,source,AdventurerAI.GrantReturnReward,12675
1,32,Fame,source,AdventurerAI.GrantReturnReward,350
1,32,Fame,source,LureEconomy.OnHeroEscaped,875
1,32,DP,source,Nemesis.OnSlain,1122
1,32,Material,source,Nemesis.OnSlain,8
1,32,DP,stock,end,36547
1,32,Material,stock,end,4419
1,32,Fame,stock,end,11645
1,33,DP,source,SurfaceMap.CollectYields,125
1,33,Material,source,SurfaceMap.CollectYields,7
1,33,Fame,source,SurfaceMap.CollectYields,27
1,33,DP,source,DistrictCatalog.Collect,28
1,33,DP,sink,MinionRoster.TryForge,-8400
1,33,DP,sink,DungeonFeatureManager.TryPlaceTrap,-3600
1,33,DP,sink,MinionRoster.TrySummon,-24699
1,33,DP,source,AdventurerAI.ReapEmotion,394
1,33,DP,sink,CommandSystem.TryUse,-4750
1,33,DP,source,AdventurerAI.TakeDamage,41282
1,33,Material,source,AdventurerAI.TakeDamage,787
1,33,DP,source,AdventurerAI.GrantReturnReward,12770
1,33,Fame,source,AdventurerAI.GrantReturnReward,280
1,33,Fame,source,LureEconomy.OnHeroEscaped,700
1,33,DP,stock,end,49697
1,33,Material,stock,end,5213
1,33,Fame,stock,end,12652
1,34,DP,source,SurfaceMap.CollectYields,169
1,34,Material,source,SurfaceMap.CollectYields,9
1,34,Fame,source,SurfaceMap.CollectYields,37
1,34,DP,source,DistrictCatalog.Collect,28
1,34,DP,sink,MinionRoster.TryForge,-9216
1,34,DP,sink,DungeonFloorManager.TryExpandFloor,-2500
1,34,DP,sink,DungeonFeatureManager.TryPlaceTrap,-3600
1,34,DP,sink,MinionRoster.TrySummon,-34542
1,34,DP,source,AdventurerAI.ReapEmotion,328
1,34,DP,source,AdventurerAI.GrantReturnReward,9939
1,34,Fame,source,AdventurerAI.GrantReturnReward,240
1,34,Fame,source,LureEconomy.OnHeroEscaped,600
1,34,DP,sink,CommandSystem.TryUse,-5550
1,34,DP,source,AdventurerAI.TakeDamage,59568
1,34,Material,source,AdventurerAI.TakeDamage,1136
1,34,DP,source,Nemesis.OnSlain,3990
1,34,Material,source,Nemesis.OnSlain,26
1,34,DP,stock,end,68311
1,34,Material,stock,end,6384
1,34,Fame,stock,end,13529
1,35,DP,source,SurfaceMap.CollectYields,125
1,35,Material,source,SurfaceMap.CollectYields,7
1,35,Fame,source,SurfaceMap.CollectYields,27
1,35,DP,source,DistrictCatalog.Collect,28
1,35,DP,sink,MinionRoster.TryForge,-14112
1,35,DP,sink,DungeonFeatureManager.TryPlaceTrap,-3600
1,35,DP,sink,MinionRoster.TrySummon,-50742
1,35,DP,source,AdventurerAI.ReapEmotion,458
1,35,DP,sink,CommandSystem.TryUse,-5100
1,35,DP,source,AdventurerAI.GrantReturnReward,10457
1,35,Fame,source,AdventurerAI.GrantReturnReward,310
1,35,Fame,source,LureEconomy.OnHeroEscaped,775
1,35,DP,source,AdventurerAI.TakeDamage,46072
1,35,Material,source,AdventurerAI.TakeDamage,1374
1,35,DP,source,Nemesis.OnSlain,3300
1,35,Material,source,Nemesis.OnSlain,15
1,35,DP,stock,end,55197
1,35,Material,stock,end,7780
1,35,Fame,stock,end,14641
1,36,DP,source,SurfaceMap.CollectYields,125
1,36,Material,source,SurfaceMap.CollectYields,7
1,36,Fame,source,SurfaceMap.CollectYields,27
1,36,DP,source,DistrictCatalog.Collect,28
1,36,DP,sink,MinionRoster.TryForge,-19026
1,36,Material,sink,MinionRoster.TryForge,-42
1,36,DP,sink,DungeonFeatureManager.TryPlaceTrap,-3150
1,36,DP,sink,MinionRoster.TrySummon,-33153
1,36,DP,source,AdventurerAI.ReapEmotion,114
1,36,DP,source,AdventurerAI.TakeDamage,44118
1,36,Material,source,AdventurerAI.TakeDamage,456
1,36,DP,sink,CommandSystem.TryUse,-3450
1,36,Fame,source,AdventurerAI.GrantReturnReward,290
1,36,Fame,source,LureEconomy.OnHeroEscaped,725
1,36,DP,source,AdventurerAI.GrantReturnReward,2390
1,36,DP,source,Nemesis.OnSlain,2625
1,36,Material,source,Nemesis.OnSlain,18
1,36,DP,stock,end,45818
1,36,Material,stock,end,8219
1,36,Fame,stock,end,15683
1,37,DP,source,SurfaceMap.CollectYields,125
1,37,Material,source,SurfaceMap.CollectYields,7
1,37,Fame,source,SurfaceMap.CollectYields,27
1,37,DP,source,DistrictCatalog.Collect,28
1,37,DP,sink,MinionRoster.TryForge,-23940
1,37,Material,sink,MinionRoster.TryForge,-84
1,37,DP,sink,MinionRoster.TrySummon,-22029
1,37,DP,source,AdventurerAI.ReapEmotion,303
1,37,DP,sink,CommandSystem.TryUse,-4750
1,37,DP,source,AdventurerAI.GrantReturnReward,12697
1,37,Fame,source,AdventurerAI.GrantReturnReward,250
1,37,Fame,source,LureEconomy.OnHeroEscaped,625
1,37,DP,source,AdventurerAI.TakeDamage,56511
1,37,Material,source,AdventurerAI.TakeDamage,1320
1,37,DP,source,Nemesis.OnSlain,8851
1,37,Material,source,Nemesis.OnSlain,40
1,37,DP,stock,end,73614
1,37,Material,stock,end,9502
1,37,Fame,stock,end,16585
1,38,DP,source,SurfaceMap.CollectYields,168
1,38,Material,source,SurfaceMap.CollectYields,9
1,38,Fame,source,SurfaceMap.CollectYields,36
1,38,DP,source,DistrictCatalog.Collect,28
1,38,DP,sink,MinionRoster.TryForge,-23940
1,38,Material,sink,MinionRoster.TryForge,-84
1,38,DP,sink,MinionRoster.TrySummon,-49868
1,38,DP,source,AdventurerAI.ReapEmotion,439
1,38,DP,source,AdventurerAI.GrantReturnReward,14300
1,38,Fame,source,AdventurerAI.GrantReturnReward,320
1,38,Fame,source,LureEconomy.OnHeroEscaped,800
1,38,DP,sink,CommandSystem.TryUse,-5600
1,38,DP,source,AdventurerAI.TakeDamage,56859
1,38,Material,source,AdventurerAI.TakeDamage,985
1,38,DP,source,Nemesis.OnSlain,891
1,38,Material,source,Nemesis.OnSlain,6
1,38,DP,stock,end,66891
1,38,Material,stock,end,10418
1,38,Fame,stock,end,17741
1,39,DP,source,SurfaceMap.CollectYields,168
1,39,Material,source,SurfaceMap.CollectYields,9
1,39,Fame,source,SurfaceMap.CollectYields,36
1,39,DP,source,DistrictCatalog.Collect,28
1,39,DP,sink,MinionRoster.TryForge,-31350
1,39,Material,sink,MinionRoster.TryForge,-198
1,39,DP,sink,MinionRoster.TrySummon,-35731
1,39,DP,source,AdventurerAI.ReapEmotion,125
1,39,DP,source,AdventurerAI.GrantReturnReward,11936
1,39,Fame,source,AdventurerAI.GrantReturnReward,280
1,39,Fame,source,LureEconomy.OnHeroEscaped,700
1,39,DP,sink,CommandSystem.TryUse,-5600
1,39,DP,source,AdventurerAI.TakeDamage,48501
1,39,Material,source,AdventurerAI.TakeDamage,1018
1,39,DP,source,Nemesis.OnSlain,1814
1,39,Material,source,Nemesis.OnSlain,12
1,39,DP,stock,end,56782
1,39,Material,stock,end,11259
1,39,Fame,stock,end,18757
1,40,DP,source,SurfaceMap.CollectYields,168
1,40,Material,source,SurfaceMap.CollectYields,9
1,40,Fame,source,SurfaceMap.CollectYields,36
1,40,DP,source,DistrictCatalog.Collect,28
1,40,DP,source,EraSystem.TickTurn,1920
1,40,Material,source,EraSystem.TickTurn,37
1,40,DP,sink,MinionRoster.TryForge,-40320
1,40,Material,sink,MinionRoster.TryForge,-336
1,40,DP,sink,MinionRoster.TrySummon,-18572
1,40,DP,source,AdventurerAI.ReapEmotion,311
1,40,DP,sink,CommandSystem.TryUse,-5600
1,40,DP,source,AdventurerAI.TakeDamage,54461
1,40,Material,source,AdventurerAI.TakeDamage,319
1,40,Fame,source,AdventurerAI.GrantReturnReward,260
1,40,Fame,source,LureEconomy.OnHeroEscaped,650
1,40,DP,source,AdventurerAI.GrantReturnReward,8490
1,40,DP,source,Nemesis.OnSlain,923
1,40,Material,source,Nemesis.OnSlain,6
1,40,DP,stock,end,58591
1,40,Material,stock,end,11294
1,40,Fame,stock,end,19703
1,41,DP,source,SurfaceMap.CollectYields,210
1,41,Material,source,SurfaceMap.CollectYields,12
1,41,Fame,source,SurfaceMap.CollectYields,36
1,41,DP,source,DistrictCatalog.Collect,28
1,41,DP,source,EraSystem.TickTurn,1920
1,41,DP,sink,MinionRoster.TryForge,-40320
1,41,Material,sink,MinionRoster.TryForge,-336
1,41,DP,sink,MinionRoster.TrySummon,-20413
1,41,DP,source,AdventurerAI.ReapEmotion,261
1,41,Fame,source,AdventurerAI.GrantReturnReward,330
1,41,Fame,source,LureEconomy.OnHeroEscaped,825
1,41,DP,source,AdventurerAI.TakeDamage,40358
1,41,Material,source,AdventurerAI.TakeDamage,334
1,41,DP,sink,CommandSystem.TryUse,-2950
1,41,DP,source,AdventurerAI.GrantReturnReward,5038
1,41,DP,source,Nemesis.OnSlain,1265
1,41,Material,source,Nemesis.OnSlain,8
1,41,DP,stock,end,43988
1,41,Material,stock,end,11312
1,41,Fame,stock,end,20894
1,42,DP,source,SurfaceMap.CollectYields,210
1,42,Material,source,SurfaceMap.CollectYields,12
1,42,Fame,source,SurfaceMap.CollectYields,36
1,42,DP,source,DistrictCatalog.Collect,28
1,42,DP,sink,MinionRoster.TryForge,-42720
1,42,Material,sink,MinionRoster.TryForge,-416
1,42,DP,sink,MinionRoster.TrySummon,-1486
1,42,DP,source,AdventurerAI.ReapEmotion,140
1,42,Fame,source,AdventurerAI.GrantReturnReward,450
1,42,Fame,source,LureEconomy.OnHeroEscaped,1125
1,42,DP,source,AdventurerAI.GrantReturnReward,1727
1,42,DP,source,AdventurerAI.TakeDamage,34651
1,42,Material,source,AdventurerAI.TakeDamage,653
1,42,DP,sink,CommandSystem.TryUse,-4100
1,42,DP,source,Nemesis.OnSlain,2323
1,42,Material,source,Nemesis.OnSlain,14
1,42,DP,stock,end,34761
1,42,Material,stock,end,11575
1,42,Fame,stock,end,22505
1,43,DP,source,SurfaceMap.CollectYields,210
1,43,Material,source,SurfaceMap.CollectYields,12
1,43,Fame,source,SurfaceMap.CollectYields,36
1,43,DP,source,DistrictCatalog.Collect,28
1,43,DP,sink,MinionRoster.TryForge,-32760
1,43,Material,sink,MinionRoster.TryForge,-378
1,43,DP,sink,MinionRoster.TrySummon,-2237
1,43,DP,source,AdventurerAI.ReapEmotion,133
1,43,Fame,source,AdventurerAI.GrantReturnReward,340
1,43,Fame,source,LureEconomy.OnHeroEscaped,850
1,43,DP,source,AdventurerAI.GrantReturnReward,5220
1,43,DP,source,AdventurerAI.TakeDamage,40455
1,43,Material,source,AdventurerAI.TakeDamage,602
1,43,DP,sink,CommandSystem.TryUse,-5600
1,43,DP,source,Nemesis.OnSlain,1306
1,43,Material,source,Nemesis.OnSlain,8
1,43,DP,stock,end,41516
1,43,Material,stock,end,11819
1,43,Fame,stock,end,23731
1,44,DP,source,SurfaceMap.CollectYields,210
1,44,Material,source,SurfaceMap.CollectYields,12
1,44,Fame,source,SurfaceMap.CollectYields,36
1,44,DP,source,DistrictCatalog.Collect,28
1,44,DP,sink,MinionRoster.TryForge,-39000
1,44,Material,sink,MinionRoster.TryForge,-450
1,44,DP,sink,MinionRoster.TrySummon,-2707
1,44,DP,source,AdventurerAI.ReapEmotion,321
1,44,Fame,source,AdventurerAI.GrantReturnReward,270
1,44,Fame,source,LureEconomy.OnHeroEscaped,675
1,44,DP,sink,CommandSystem.TryUse,-2950
1,44,DP,source,AdventurerAI.TakeDamage,52424
1,44,Material,source,AdventurerAI.TakeDamage,500
1,44,DP,source,AdventurerAI.GrantReturnReward,2564
1,44,DP,source,Nemesis.OnSlain,1944
1,44,Material,source,Nemesis.OnSlain,12
1,44,DP,stock,end,54350
1,44,Material,stock,end,11893
1,44,Fame,stock,end,24712
1,45,DP,source,SurfaceMap.CollectYields,156
1,45,Material,source,SurfaceMap.CollectYields,9
1,45,Fame,source,SurfaceMap.CollectYields,27
1,45,DP,source,DistrictCatalog.Collect,28
1,45,DP,sink,MinionRoster.TryForge,-53040
1,45,Material,sink,MinionRoster.TryForge,-612
1,45,DP,sink,MinionRoster.TrySummon,-1447
1,45,DP,source,AdventurerAI.ReapEmotion,560
1,45,DP,sink,CommandSystem.TryUse,-2950
1,45,Fame,source,AdventurerAI.GrantReturnReward,160
1,45,Fame,source,LureEconomy.OnHeroEscaped,400
1,45,DP,source,AdventurerAI.TakeDamage,27882
1,45,Material,source,AdventurerAI.TakeDamage,228
1,45,DP,source,AdventurerAI.GrantReturnReward,5045
1,45,DP,source,Nemesis.OnSlain,988
1,45,Material,source,Nemesis.OnSlain,6
1,45,DP,stock,end,31572
1,45,Material,stock,end,11524
1,45,Fame,stock,end,25299
1,46,DP,source,SurfaceMap.CollectYields,156
1,46,Material,source,SurfaceMap.CollectYields,9
1,46,Fame,source,SurfaceMap.CollectYields,27
1,46,DP,source,DistrictCatalog.Collect,28
1,46,DP,sink,MinionRoster.TryForge,-3120
1,46,Material,sink,MinionRoster.TryForge,-36
1,46,DP,sink,MinionEvolution.TryEvolve,-9050
1,46,DP,sink,MinionRoster.TryEvolveIndividual,-19050
1,46,DP,sink,MinionRoster.TrySummon,-509
1,46,DP,source,AdventurerAI.ReapEmotion,476
1,46,DP,source,AdventurerAI.GrantReturnReward,12619
1,46,Fame,source,AdventurerAI.GrantReturnReward,310
1,46,Fame,source,LureEconomy.OnHeroEscaped,775
1,46,DP,sink,CommandSystem.TryUse,-5950
1,46,DP,source,AdventurerAI.TakeDamage,53192
1,46,Material,source,AdventurerAI.TakeDamage,610
1,46,DP,stock,end,60364
1,46,Material,stock,end,12107
1,46,Fame,stock,end,26411
1,47,DP,source,SurfaceMap.CollectYields,156
1,47,Material,source,SurfaceMap.CollectYields,9
1,47,Fame,source,SurfaceMap.CollectYields,27
1,47,DP,source,DistrictCatalog.Collect,28
1,47,DP,source,EraSystem.TickTurn,9720
1,47,DP,sink,MinionRoster.TryForge,-35880
1,47,Material,sink,MinionRoster.TryForge,-414
1,47,DP,sink,MinionRoster.TryEvolveIndividual,-32400
1,47,DP,sink,MinionRoster.TrySummon,-1956
1,47,DP,source,AdventurerAI.ReapEmotion,275
1,47,DP,sink,CommandSystem.TryUse,-5600
1,47,Fame,source,AdventurerAI.GrantReturnReward,240
1,47,Fame,source,LureEconomy.OnHeroEscaped,600
1,47,DP,source,AdventurerAI.TakeDamage,62875
1,47,Material,source,AdventurerAI.TakeDamage,556
1,47,DP,source,AdventurerAI.GrantReturnReward,3633
1,47,DP,source,Nemesis.OnSlain,5289
1,47,Material,source,Nemesis.OnSlain,29
1,47,DP,stock,end,66504
1,47,Material,stock,end,12287
1,47,Fame,stock,end,27278
1,48,DP,source,SurfaceMap.CollectYields,210
1,48,Material,source,SurfaceMap.CollectYields,12
1,48,Fame,source,SurfaceMap.CollectYields,36
1,48,DP,source,DistrictCatalog.Collect,28
1,48,DP,source,EraSystem.TickTurn,9720
1,48,DP,sink,MinionRoster.TryForge,-3120
1,48,Material,sink,MinionRoster.TryForge,-36
1,48,DP,sink,MinionEvolution.TryEvolve,-14200
1,48,DP,sink,MinionRoster.TryEvolveIndividual,-57950
1,48,DP,sink,MinionRoster.TrySummon,-1170
1,48,DP,source,AdventurerAI.ReapEmotion,440
1,48,DP,sink,CommandSystem.TryUse,-4050
1,48,Fame,source,AdventurerAI.GrantReturnReward,320
1,48,Fame,source,LureEconomy.OnHeroEscaped,800
1,48,DP,source,AdventurerAI.TakeDamage,67411
1,48,Material,source,AdventurerAI.TakeDamage,768
1,48,DP,source,AdventurerAI.GrantReturnReward,3718
1,48,DP,source,Nemesis.OnSlain,7052
1,48,Material,source,Nemesis.OnSlain,33
1,48,DP,stock,end,74593
1,48,Material,stock,end,13064
1,48,Fame,stock,end,28434
1,49,DP,source,SurfaceMap.CollectYields,222
1,49,Material,source,SurfaceMap.CollectYields,10
1,49,Fame,source,SurfaceMap.CollectYields,38
1,49,DP,source,DistrictCatalog.Collect,28
1,49,DP,source,EraSystem.TickTurn,9720
1,49,DP,sink,MinionRoster.TryForge,-3120
1,49,Material,sink,MinionRoster.TryForge,-36
1,49,DP,sink,DungeonFloorManager.TryAddFloor,-78125
1,49,DP,sink,DungeonFloorManager.TryExpandFloor,-2700
1,49,DP,sink,DungeonFeatureManager.TryPlaceTrap,-450
1,49,DP,sink,MinionRoster.TrySummon,-140
1,49,DP,source,AdventurerAI.ReapEmotion,239
1,49,Fame,source,AdventurerAI.GrantReturnReward,300
1,49,Fame,source,LureEconomy.OnHeroEscaped,750
1,49,DP,source,AdventurerAI.GrantReturnReward,5801
1,49,DP,sink,CommandSystem.TryUse,-2950
1,49,DP,source,AdventurerAI.TakeDamage,15067
1,49,Material,source,AdventurerAI.TakeDamage,84
1,49,DP,source,Nemesis.OnSlain,3111
1,49,Material,source,Nemesis.OnSlain,18
1,49,DP,stock,end,21296
1,49,Material,stock,end,13140
1,49,Fame,stock,end,29522
1,50,DP,source,SurfaceMap.CollectYields,192
1,50,Material,source,SurfaceMap.CollectYields,9
1,50,Fame,source,SurfaceMap.CollectYields,33
1,50,DP,source,DistrictCatalog.Collect,28
1,50,DP,source,EraSystem.TickTurn,9720
1,50,DP,sink,MinionRoster.TryForge,-3120
1,50,Material,sink,MinionRoster.TryForge,-36
1,50,DP,sink,DungeonFloorManager.TryExpandFloor,-2500
1,50,DP,sink,MinionEvolution.TryEvolve,-19050
1,50,DP,sink,MinionRoster.TryEvolveIndividual,-6150
1,50,DP,sink,DungeonFeatureManager.TryPlaceTrap,-150
1,50,DP,sink,MinionRoster.TrySummon,-233
1,50,DP,source,AdventurerAI.ReapEmotion,548
1,50,DP,sink,CommandSystem.TryUse,-6050
1,50,DP,source,AdventurerAI.TakeDamage,70353
1,50,Material,source,AdventurerAI.TakeDamage,604
1,50,DP,source,AdventurerAI.GrantReturnReward,8616
1,50,Fame,source,AdventurerAI.GrantReturnReward,330
1,50,Fame,source,LureEconomy.OnHeroEscaped,825
1,50,DP,stock,end,73500
1,50,Material,stock,end,13717
1,50,Fame,stock,end,30710
1,51,DP,source,SurfaceMap.CollectYields,192
1,51,Material,source,SurfaceMap.CollectYields,9
1,51,Fame,source,SurfaceMap.CollectYields,33
1,51,DP,source,DistrictCatalog.Collect,28
1,51,DP,source,EraSystem.TickTurn,16524
1,51,DP,sink,MinionRoster.TryForge,-3120
1,51,Material,sink,MinionRoster.TryForge,-36
1,51,DP,sink,MinionRoster.TryEvolveIndividual,-86700
1,51,DP,sink,DungeonFeatureManager.TryPlaceTrap,-150
1,51,DP,sink,MinionRoster.TrySummon,-239
1,51,DP,source,AdventurerAI.ReapEmotion,346
1,51,DP,sink,CommandSystem.TryUse,-5600
1,51,DP,source,AdventurerAI.GrantReturnReward,6777
1,51,Fame,source,AdventurerAI.GrantReturnReward,230
1,51,Fame,source,LureEconomy.OnHeroEscaped,575
1,51,DP,source,AdventurerAI.TakeDamage,88961
1,51,Material,source,AdventurerAI.TakeDamage,911
1,51,DP,source,Nemesis.OnSlain,3207
1,51,Material,source,Nemesis.OnSlain,18
1,51,DP,stock,end,93726
1,51,Material,stock,end,14619
1,51,Fame,stock,end,31548
1,52,DP,source,SurfaceMap.CollectYields,228
1,52,Material,source,SurfaceMap.CollectYields,10
1,52,Fame,source,SurfaceMap.CollectYields,39
1,52,DP,source,DistrictCatalog.Collect,28
1,52,Material,source,DistrictCatalog.Collect,5
1,52,DP,source,EraSystem.TickTurn,9720
1,52,Material,source,EraSystem.TickTurn,124
1,52,DP,sink,MinionRoster.TryForge,-79080
1,52,Material,sink,MinionRoster.TryForge,-1046
1,52,DP,sink,MinionRoster.TryEvolveIndividual,-22600
1,52,DP,sink,DungeonFeatureManager.TryPlaceTrap,-1800
1,52,DP,sink,MinionRoster.TrySummon,-186
1,52,DP,source,AdventurerAI.ReapEmotion,289
1,52,DP,sink,CommandSystem.TryUse,-5600
1,52,DP,source,AdventurerAI.TakeDamage,99382
1,52,Material,source,AdventurerAI.TakeDamage,1105
1,52,DP,source,AdventurerAI.GrantReturnReward,15404
1,52,Fame,source,AdventurerAI.GrantReturnReward,380
1,52,Fame,source,LureEconomy.OnHeroEscaped,950
1,52,DP,source,Nemesis.OnSlain,2896
1,52,Material,source,Nemesis.OnSlain,16
1,52,DP,stock,end,112407
1,52,Material,stock,end,14833
1,52,Fame,stock,end,32917
1,53,DP,source,SurfaceMap.CollectYields,156
1,53,Material,source,SurfaceMap.CollectYields,9
1,53,Fame,source,SurfaceMap.CollectYields,27
1,53,DP,source,DistrictCatalog.Collect,28
1,53,Material,source,DistrictCatalog.Collect,5
1,53,DP,source,EraSystem.TickTurn,9720
1,53,Material,source,EraSystem.TickTurn,62
1,53,Fame,source,EraSystem.TickTurn,135
1,53,DP,sink,MinionRoster.TryForge,-100800
1,53,Material,sink,MinionRoster.TryForge,-1344
1,53,DP,sink,MinionRoster.TryEvolveIndividual,-8250
1,53,DP,sink,DungeonFeatureManager.TryPlaceTrap,-2400
1,53,DP,sink,MinionRoster.TrySummon,-10853
1,53,DP,source,AdventurerAI.ReapEmotion,264
1,53,DP,source,AdventurerAI.GrantReturnReward,7679
1,53,Fame,source,AdventurerAI.GrantReturnReward,280
1,53,Fame,source,LureEconomy.OnHeroEscaped,700
1,53,DP,sink,CommandSystem.TryUse,-5600
1,53,DP,source,AdventurerAI.TakeDamage,99044
1,53,Material,source,AdventurerAI.TakeDamage,923
1,53,DP,source,Nemesis.OnSlain,3741
1,53,Material,source,Nemesis.OnSlain,20
1,53,DP,stock,end,105136
1,53,Material,stock,end,14508
1,53,Fame,stock,end,34059
1,54,DP,source,SurfaceMap.CollectYields,179
1,54,Material,source,SurfaceMap.CollectYields,9
1,54,Fame,source,SurfaceMap.CollectYields,33
1,54,DP,source,DistrictCatalog.Collect,28
1,54,Material,source,DistrictCatalog.Collect,5
1,54,DP,source,EraSystem.TickTurn,9720
1,54,DP,sink,MinionRoster.TryForge,-100800
1,54,Material,sink,MinionRoster.TryForge,-1344
1,54,DP,sink,MinionRoster.TrySummon,-14255
1,54,DP,source,AdventurerAI.ReapEmotion,155
1,54,DP,source,AdventurerAI.GrantReturnReward,9830
1,54,Fame,source,AdventurerAI.GrantReturnReward,350
1,54,Fame,source,LureEconomy.OnHeroEscaped,875
1,54,DP,source,AdventurerAI.TakeDamage,92433
1,54,Material,source,AdventurerAI.TakeDamage,1421
1,54,DP,sink,CommandSystem.TryUse,-5600
1,54,DP,source,Nemesis.OnSlain,2204
1,54,Material,source,Nemesis.OnSlain,12
1,54,DP,stock,end,99030
1,54,Material,stock,end,14611
1,54,Fame,stock,end,35317
1,55,DP,source,SurfaceMap.CollectYields,192
1,55,Material,source,SurfaceMap.CollectYields,9
1,55,Fame,source,SurfaceMap.CollectYields,33
1,55,DP,source,DistrictCatalog.Collect,28
1,55,Material,source,DistrictCatalog.Collect,5
1,55,DP,source,EraSystem.TickTurn,11664
1,55,DP,sink,MinionRoster.TryForge,-106080
1,55,Material,sink,MinionRoster.TryForge,-1508
1,55,DP,sink,MinionRoster.TrySummon,-4818
1,55,DP,source,AdventurerAI.ReapEmotion,424
1,55,DP,sink,CommandSystem.TryUse,-5600
1,55,DP,source,AdventurerAI.GrantReturnReward,19697
1,55,Fame,source,AdventurerAI.GrantReturnReward,350
1,55,Fame,source,LureEconomy.OnHeroEscaped,875
1,55,DP,source,AdventurerAI.TakeDamage,105743
1,55,Material,source,AdventurerAI.TakeDamage,1210
1,55,DP,source,Nemesis.OnSlain,2236
1,55,Material,source,Nemesis.OnSlain,12
1,55,DP,stock,end,122516
1,55,Material,stock,end,14339
1,55,Fame,stock,end,36575
1,56,DP,source,SurfaceMap.CollectYields,258
1,56,Material,source,SurfaceMap.CollectYields,12
1,56,Fame,source,SurfaceMap.CollectYields,44
1,56,DP,source,DistrictCatalog.Collect,28
1,56,Material,source,DistrictCatalog.Collect,5
1,56,DP,sink,MinionRoster.TryForge,-118080
1,56,Material,sink,MinionRoster.TryForge,-1722
1,56,DP,sink,MinionRoster.TrySummon,-4674
1,56,DP,source,AdventurerAI.ReapEmotion,135
1,56,DP,source,AdventurerAI.TakeDamage,126235
1,56,Material,source,AdventurerAI.TakeDamage,1243
1,56,DP,source,AdventurerAI.GrantReturnReward,16246
1,56,Fame,source,AdventurerAI.GrantReturnReward,380
1,56,Fame,source,LureEconomy.OnHeroEscaped,950
1,56,DP,sink,CommandSystem.TryUse,-5600
1,56,DP,source,Nemesis.OnSlain,3778
1,56,Material,source,Nemesis.OnSlain,20
1,56,DP,stock,end,140842
1,56,Material,stock,end,13897
1,56,Fame,stock,end,37949
1,57,DP,source,SurfaceMap.CollectYields,258
1,57,Material,source,SurfaceMap.CollectYields,12
1,57,Fame,source,SurfaceMap.CollectYields,44
1,57,DP,source,DistrictCatalog.Collect,28
1,57,Material,source,DistrictCatalog.Collect,5
1,57,DP,sink,MinionRoster.TryForge,-120960
1,57,Material,sink,MinionRoster.TryForge,-1764
1,57,DP,sink,MinionRoster.TrySummon,-20119
1,57,DP,source,AdventurerAI.ReapEmotion,254
1,57,DP,sink,CommandSystem.TryUse,-4450
1,57,DP,source,AdventurerAI.TakeDamage,103639
1,57,Material,source,AdventurerAI.TakeDamage,1136
1,57,DP,source,AdventurerAI.GrantReturnReward,13406
1,57,Fame,source,AdventurerAI.GrantReturnReward,440
1,57,Fame,source,LureEconomy.OnHeroEscaped,1100
1,57,DP,source,Nemesis.OnSlain,3830
1,57,Material,source,Nemesis.OnSlain,20
1,57,DP,stock,end,116728
1,57,Material,stock,end,13306
1,57,Fame,stock,end,39533
1,58,DP,source,SurfaceMap.CollectYields,210
1,58,Material,source,SurfaceMap.CollectYields,12
1,58,Fame,source,SurfaceMap.CollectYields,36
1,58,DP,source,DistrictCatalog.Collect,28
1,58,Material,source,DistrictCatalog.Collect,5
1,58,DP,sink,MinionRoster.TryForge,-112320
1,58,Material,sink,MinionRoster.TryForge,-1678
1,58,DP,sink,MinionRoster.TrySummon,-4625
1,58,DP,source,AdventurerAI.ReapEmotion,236
1,58,DP,source,AdventurerAI.TakeDamage,97000
1,58,Material,source,AdventurerAI.TakeDamage,1838
1,58,Fame,source,AdventurerAI.GrantReturnReward,550
1,58,Fame,source,LureEconomy.OnHeroEscaped,1375
1,58,DP,sink,CommandSystem.TryUse,-4450
1,58,DP,source,AdventurerAI.GrantReturnReward,8256
1,58,DP,source,Nemesis.OnSlain,3450
1,58,Material,source,Nemesis.OnSlain,18
1,58,DP,stock,end,104513
1,58,Material,stock,end,13501
1,58,Fame,stock,end,41494
1,59,DP,source,SurfaceMap.CollectYields,210
1,59,Material,source,SurfaceMap.CollectYields,12
1,59,Fame,source,SurfaceMap.CollectYields,36
1,59,DP,source,DistrictCatalog.Collect,28
1,59,Material,source,DistrictCatalog.Collect,5
1,59,DP,sink,MinionRoster.TryForge,-100800
1,59,Material,sink,MinionRoster.TryForge,-1540
1,59,DP,sink,MinionRoster.TrySummon,-3945
1,59,DP,source,AdventurerAI.ReapEmotion,326
1,59,DP,sink,CommandSystem.TryUse,-4450
1,59,DP,source,AdventurerAI.GrantReturnReward,9336
1,59,Fame,source,AdventurerAI.GrantReturnReward,430
1,59,Fame,source,LureEconomy.OnHeroEscaped,1075
1,59,DP,source,AdventurerAI.TakeDamage,103590
1,59,Material,source,AdventurerAI.TakeDamage,1730
1,59,DP,source,Nemesis.OnSlain,3515
1,59,Material,source,Nemesis.OnSlain,18
1,59,DP,stock,end,112323
1,59,Material,stock,end,13726
1,59,Fame,stock,end,43035
1,60,DP,source,SurfaceMap.CollectYields,210
1,60,Material,source,SurfaceMap.CollectYields,12
1,60,Fame,source,SurfaceMap.CollectYields,36
1,60,DP,source,DistrictCatalog.Collect,28
1,60,Material,source,DistrictCatalog.Collect,5
1,60,DP,sink,MinionRoster.TryForge,-108000
1,60,Material,sink,MinionRoster.TryForge,-1650
1,60,DP,sink,MinionRoster.TrySummon,-4546
1,60,DP,source,AdventurerAI.ReapEmotion,539
1,60,DP,sink,CommandSystem.TryUse,-4450
1,60,DP,source,AdventurerAI.GrantReturnReward,20564
1,60,Fame,source,AdventurerAI.GrantReturnReward,480
1,60,Fame,source,LureEconomy.OnHeroEscaped,1200
1,60,DP,source,AdventurerAI.TakeDamage,111110
1,60,Material,source,AdventurerAI.TakeDamage,1294
1,60,DP,source,Nemesis.OnSlain,2366
1,60,Material,source,Nemesis.OnSlain,12
1,60,DP,stock,end,130144
1,60,Material,stock,end,13399
1,60,Fame,stock,end,44751
1,61,DP,source,SurfaceMap.CollectYields,210
1,61,Material,source,SurfaceMap.CollectYields,12
1,61,Fame,source,SurfaceMap.CollectYields,36
1,61,DP,source,DistrictCatalog.Collect,28
1,61,Material,source,DistrictCatalog.Collect,5
1,61,DP,sink,MinionRoster.TryForge,-126000
1,61,Material,sink,MinionRoster.TryForge,-1925
1,61,DP,sink,MinionRoster.TrySummon,-4359
1,61,DP,source,AdventurerAI.ReapEmotion,232
1,61,DP,source,AdventurerAI.TakeDamage,109428
1,61,Material,source,AdventurerAI.TakeDamage,1078
1,61,DP,sink,CommandSystem.TryUse,-5250
1,61,DP,source,AdventurerAI.GrantReturnReward,12867
1,61,Fame,source,AdventurerAI.GrantReturnReward,400
1,61,Fame,source,LureEconomy.OnHeroEscaped,1000
1,61,DP,source,Nemesis.OnSlain,3597
1,61,Material,source,Nemesis.OnSlain,18
1,61,DP,stock,end,120897
1,61,Material,stock,end,12587
1,61,Fame,stock,end,46187
1,62,DP,source,SurfaceMap.CollectYields,210
1,62,Material,source,SurfaceMap.CollectYields,12
1,62,Fame,source,SurfaceMap.CollectYields,36
1,62,DP,source,DistrictCatalog.Collect,28
1,62,Material,source,DistrictCatalog.Collect,5
1,62,DP,sink,MinionRoster.TryForge,-115920
1,62,Material,sink,MinionRoster.TryForge,-1815
1,62,DP,sink,MinionRoster.TrySummon,-5192
1,62,DP,source,AdventurerAI.ReapEmotion,329
1,62,DP,source,AdventurerAI.TakeDamage,125739
1,62,Material,source,AdventurerAI.TakeDamage,1077
1,62,DP,sink,CommandSystem.TryUse,-5600
1,62,DP,source,AdventurerAI.GrantReturnReward,11526
1,62,Fame,source,AdventurerAI.GrantReturnReward,320
1,62,Fame,source,LureEconomy.OnHeroEscaped,800
1,62,DP,source,Nemesis.OnSlain,2827
1,62,Material,source,Nemesis.OnSlain,14
1,62,DP,stock,end,134844
1,62,Material,stock,end,11880
1,62,Fame,stock,end,47343
1,63,DP,source,SurfaceMap.CollectYields,156
1,63,Material,source,SurfaceMap.CollectYields,9
1,63,Fame,source,SurfaceMap.CollectYields,27
1,63,DP,source,DistrictCatalog.Collect,28
1,63,Material,source,DistrictCatalog.Collect,5
1,63,DP,sink,MinionRoster.TryForge,-129600
1,63,Material,sink,MinionRoster.TryForge,-2100
1,63,DP,sink,MinionRoster.TrySummon,-5407
1,63,DP,source,AdventurerAI.ReapEmotion,395
1,63,DP,sink,CommandSystem.TryUse,-5250
1,63,DP,source,AdventurerAI.TakeDamage,86624
1,63,Material,source,AdventurerAI.TakeDamage,1555
1,63,DP,source,AdventurerAI.GrantReturnReward,14695
1,63,Fame,source,AdventurerAI.GrantReturnReward,630
1,63,Fame,source,LureEconomy.OnHeroEscaped,1575
1,63,DP,source,Nemesis.OnSlain,1215
1,63,Material,source,Nemesis.OnSlain,6
1,63,DP,stock,end,97700
1,63,Material,stock,end,11355
1,63,Fame,stock,end,49575
1,64,DP,source,SurfaceMap.CollectYields,156
1,64,Material,source,SurfaceMap.CollectYields,9
1,64,Fame,source,SurfaceMap.CollectYields,27
1,64,DP,source,DistrictCatalog.Collect,28
1,64,Material,source,DistrictCatalog.Collect,5
1,64,DP,sink,MinionRoster.TryForge,-90720
1,64,Material,sink,MinionRoster.TryForge,-1470
1,64,DP,sink,MinionRoster.TrySummon,-7150
1,64,DP,source,AdventurerAI.ReapEmotion,142
1,64,DP,source,AdventurerAI.TakeDamage,119764
1,64,Material,source,AdventurerAI.TakeDamage,1370
1,64,DP,sink,CommandSystem.TryUse,-4750
1,64,DP,source,AdventurerAI.GrantReturnReward,15188
1,64,Fame,source,AdventurerAI.GrantReturnReward,410
1,64,Fame,source,LureEconomy.OnHeroEscaped,1025
1,64,DP,source,Nemesis.OnSlain,4200
1,64,Material,source,Nemesis.OnSlain,20
1,64,DP,stock,end,134558
1,64,Material,stock,end,11289
1,64,Fame,stock,end,51037
1,65,DP,source,SurfaceMap.CollectYields,156
1,65,Material,source,SurfaceMap.CollectYields,9
1,65,Fame,source,SurfaceMap.CollectYields,27
1,65,DP,source,DistrictCatalog.Collect,28
1,65,Material,source,DistrictCatalog.Collect,5
1,65,DP,sink,MinionRoster.TryForge,-129600
1,65,Material,sink,MinionRoster.TryForge,-2100
1,65,DP,sink,MinionRoster.TrySummon,-5117
1,65,DP,source,AdventurerAI.ReapEmotion,572
1,65,DP,sink,CommandSystem.TryUse,-5250
1,65,DP,source,AdventurerAI.TakeDamage,126690
1,65,Material,source,AdventurerAI.TakeDamage,1358
1,65,DP,source,AdventurerAI.GrantReturnReward,19560
1,65,Fame,source,AdventurerAI.GrantReturnReward,420
1,65,Fame,source,LureEconomy.OnHeroEscaped,1050
1,65,DP,source,Nemesis.OnSlain,1247
1,65,Material,source,Nemesis.OnSlain,6
1,65,DP,stock,end,142844
1,65,Material,stock,end,10567
1,65,Fame,stock,end,52534
1,66,DP,source,SurfaceMap.CollectYields,210
1,66,Material,source,SurfaceMap.CollectYields,12
1,66,Fame,source,SurfaceMap.CollectYields,36
1,66,DP,source,DistrictCatalog.Collect,28
1,66,Material,source,DistrictCatalog.Collect,5
1,66,DP,sink,MinionRoster.TryForge,-138240
1,66,Material,sink,MinionRoster.TryForge,-2240
1,66,DP,sink,MinionRoster.TrySummon,-4838
1,66,DP,source,AdventurerAI.ReapEmotion,372
1,66,DP,source,AdventurerAI.TakeDamage,71130
1,66,Material,source,AdventurerAI.TakeDamage,775
1,66,DP,sink,CommandSystem.TryUse,-4450
1,66,DP,source,AdventurerAI.GrantReturnReward,9593
1,66,Fame,source,AdventurerAI.GrantReturnReward,300
1,66,Fame,source,LureEconomy.OnHeroEscaped,750
1,66,DP,source,Nemesis.OnSlain,3824
1,66,Material,source,Nemesis.OnSlain,18
1,66,DP,stock,end,80473
1,66,Material,stock,end,9137
1,66,Fame,stock,end,53620
1,67,DP,source,SurfaceMap.CollectYields,181
1,67,Material,source,SurfaceMap.CollectYields,10
1,67,Fame,source,SurfaceMap.CollectYields,31
1,67,DP,source,DistrictCatalog.Collect,28
1,67,Material,source,DistrictCatalog.Collect,5
1,67,DP,sink,MinionRoster.TryForge,-73380
1,67,Material,sink,MinionRoster.TryForge,-1270
1,67,DP,sink,MinionRoster.TrySummon,-7283
1,67,DP,source,AdventurerAI.ReapEmotion,145
1,67,DP,source,AdventurerAI.TakeDamage,114438
1,67,Material,source,AdventurerAI.TakeDamage,1029
1,67,DP,sink,CommandSystem.TryUse,-4450
1,67,DP,source,AdventurerAI.GrantReturnReward,15043
1,67,Fame,source,AdventurerAI.GrantReturnReward,420
1,67,Fame,source,LureEconomy.OnHeroEscaped,1050
1,67,DP,source,Nemesis.OnSlain,3494
1,67,Material,source,Nemesis.OnSlain,16
1,67,DP,stock,end,128689
1,67,Material,stock,end,8927
1,67,Fame,stock,end,55121
2,1,DP,sink,DungeonFeatureManager.TryPlaceTrap,-150
2,1,DP,source,AdventurerAI.ReapEmotion,244
2,1,Fame,source,AdventurerAI.GrantReturnReward,40
2,1,Fame,source,LureEconomy.OnHeroEscaped,100
2,1,DP,source,AdventurerAI.GrantReturnReward,803
2,1,DP,sink,CommandSystem.TryUse,-1150
2,1,DP,source,AdventurerAI.TakeDamage,68
2,1,Material,source,AdventurerAI.TakeDamage,2
2,1,DP,stock,end,15
2,1,Material,stock,end,2
2,1,Fame,stock,end,140
2,2,DP,source,SurfaceMap.CollectYields,18
2,2,Material,source,SurfaceMap.CollectYields,1
2,2,Fame,source,SurfaceMap.CollectYields,4
2,2,DP,source,EraSystem.TickTurn,600
2,2,Fame,source,EraSystem.TickTurn,25
2,2,DP,sink,MinionRoster.TryForge,-236
2,2,DP,sink,MinionEvolution.TryEvolve,-75
2,2,DP,sink,DungeonFeatureManager.TryPlaceTrap,-150
2,2,DP,sink,MinionRoster.TrySummon,-156
2,2,DP,source,AdventurerAI.ReapEmotion,181
2,2,DP,source,AdventurerAI.TakeDamage,265
2,2,Material,source,AdventurerAI.TakeDamage,16
2,2,DP,sink,CommandSystem.TryUse,-650
2,2,DP,source,AdventurerAI.GrantReturnReward,399
2,2,Fame,source,AdventurerAI.GrantReturnReward,20
2,2,Fame,source,LureEconomy.OnHeroEscaped,50
2,2,DP,stock,end,211
2,2,Material,stock,end,19
2,2,Fame,stock,end,239
2,3,DP,source,SurfaceMap.CollectYields,18
2,3,Material,source,SurfaceMap.CollectYields,1
2,3,Fame,source,SurfaceMap.CollectYields,4
2,3,DP,source,EraSystem.TickTurn,600
2,3,Material,source,EraSystem.TickTurn,10
2,3,Fame,source,EraSystem.TickTurn,25
2,3,DP,sink,MinionRoster.TryForge,-236
2,3,DP,sink,MinionEvolution.TryEvolve,-150
2,3,DP,sink,DungeonFeatureManager.TryPlaceTrap,-300
2,3,DP,sink,MinionRoster.TrySummon,-137
2,3,DP,source,AdventurerAI.TakeDamage,282
2,3,Material,source,AdventurerAI.TakeDamage,19
2,3,DP,source,AdventurerAI.ReapEmotion,76
2,3,DP,source,AdventurerAI.GrantReturnReward,281
2,3,Fame,source,AdventurerAI.GrantReturnReward,20
2,3,Fame,source,LureEconomy.OnHeroEscaped,50
2,3,DP,sink,CommandSystem.TryUse,-650
2,3,DP,source,Nemesis.OnSlain,437
2,3,Material,source,Nemesis.OnSlain,5
2,3,DP,stock,end,432
2,3,Material,stock,end,54
2,3,Fame,stock,end,338
2,4,DP,source,SurfaceMap.CollectYields,18
2,4,Material,source,SurfaceMap.CollectYields,1
2,4,Fame,source,SurfaceMap.CollectYields,4
2,4,DP,source,EraSystem.TickTurn,600
2,4,DP,sink,MinionRoster.TryForge,-236
2,4,DP,sink,DungeonFloorManager.TryExpandFloor,-400
2,4,DP,sink,MinionRoster.TryEvolveIndividual,-75
2,4,DP,sink,DungeonFeatureManager.TryPlaceTrap,-150
2,4,DP,sink,MinionRoster.TrySummon,-176
2,4,DP,source,AdventurerAI.TakeDamage,495
2,4,Material,source,AdventurerAI.TakeDamage,22
2,4,Fame,source,AdventurerAI.GrantReturnReward,10
2,4,Fame,source,LureEconomy.OnHeroEscaped,25
2,4,DP,source,AdventurerAI.ReapEmotion,122
2,4,DP,source,Nemesis.OnSlain,454
2,4,Material,source,Nemesis.OnSlain,5
2,4,DP,sink,CommandSystem.TryUse,-650
2,4,DP,stock,end,434
2,4,Material,stock,end,82
2,4,Fame,stock,end,377
2,5,DP,source,SurfaceMap.CollectYields,18
2,5,Material,source,SurfaceMap.CollectYields,1
2,5,Fame,source,SurfaceMap.CollectYields,4
2,5,DP,source,EraSystem.TickTurn,600
2,5,DP,sink,MinionRoster.TryForge,-318
2,5,DP,sink,MinionEvolution.TryEvolve,-400
2,5,DP,sink,DungeonFeatureManager.TryPlaceTrap,-150
2,5,DP,sink,MinionRoster.TrySummon,-173
2,5,DP,source,AdventurerAI.ReapEmotion,123
2,5,DP,source,AdventurerAI.TakeDamage,407
2,5,Material,source,AdventurerAI.TakeDamage,21
2,5,Fame,source,AdventurerAI.GrantReturnReward,30
2,5,Fame,source,LureEconomy.OnHeroEscaped,75
2,5,DP,sink,CommandSystem.TryUse,-650
2,5,DP,source,AdventurerAI.GrantReturnReward,401
2,5,DP,stock,end,292
2,5,Material,stock,end,104
2,5,Fame,stock,end,486
2,6,DP,source,SurfaceMap.CollectYields,39
2,6,Material,source,SurfaceMap.CollectYields,2
2,6,Fame,source,SurfaceMap.CollectYields,9
2,6,DP,source,EraSystem.TickTurn,600
2,6,Material,source,EraSystem.TickTurn,10
2,6,DP,sink,MinionRoster.TryForge,-212
2,6,DP,sink,MinionEvolution.TryEvolve,-325
2,6,DP,sink,DungeonFeatureManager.TryPlaceTrap,-300
2,6,DP,sink,MinionRoster.TrySummon,-90
2,6,DP,source,AdventurerAI.ReapEmotion,123
2,6,DP,source,AdventurerAI.TakeDamage,1299
2,6,Material,source,AdventurerAI.TakeDamage,49
2,6,Fame,source,AdventurerAI.GrantReturnReward,10
2,6,Fame,source,LureEconomy.OnHeroEscaped,25
2,6,DP,sink,CommandSystem.TryUse,-1800
2,6,DP,source,Nemesis.OnSlain,972
2,6,Material,source,Nemesis.OnSlain,10
2,6,DP,stock,end,598
2,6,Material,stock,end,175
2,6,Fame,stock,end,530
2,7,DP,source,SurfaceMap.CollectYields,39
2,7,Material,source,SurfaceMap.CollectYields,2
2,7,Fame,source,SurfaceMap.CollectYields,9
2,7,DP,source,EraSystem.TickTurn,1020
2,7,DP,sink,MinionRoster.TryForge,-318
2,7,DP,sink,DungeonFloorManager.TryAddFloor,-800
2,7,DP,sink,MinionEvolution.TryEvolve,-200
2,7,DP,sink,DungeonFeatureManager.TryPlaceTrap,-150
2,7,DP,sink,MinionRoster.TrySummon,-180
2,7,DP,source,AdventurerAI.ReapEmotion,120
2,7,DP,source,AdventurerAI.TakeDamage,847
2,7,Material,source,AdventurerAI.TakeDamage,52
2,7,DP,sink,CommandSystem.TryUse,-1450
2,7,DP,source,AdventurerAI.GrantReturnReward,171
2,7,Fame,source,AdventurerAI.GrantReturnReward,10
2,7,Fame,source,LureEconomy.OnHeroEscaped,25
2,7,DP,source,Nemesis.OnSlain,1216
2,7,Material,source,Nemesis.OnSlain,12
2,7,DP,stock,end,913
2,7,Material,stock,end,241
2,7,Fame,stock,end,574
2,8,DP,source,SurfaceMap.CollectYields,39
2,8,Material,source,SurfaceMap.CollectYields,2
2,8,Fame,source,SurfaceMap.CollectYields,9
2,8,DP,source,EraSystem.TickTurn,600
2,8,DP,sink,MinionRoster.TryForge,-212
2,8,DP,sink,DungeonFloorManager.TryExpandFloor,-400
2,8,DP,sink,MinionEvolution.TryEvolve,-450
2,8,DP,sink,MinionRoster.TryEvolveIndividual,-175
2,8,DP,sink,DungeonFeatureManager.TryPlaceTrap,-150
2,8,DP,sink,MinionRoster.TrySummon,-162
2,8,DP,source,AdventurerAI.TakeDamage,660
2,8,Material,source,AdventurerAI.TakeDamage,32
2,8,DP,sink,CommandSystem.TryUse,-1800
2,8,DP,source,AdventurerAI.ReapEmotion,127
2,8,DP,source,AdventurerAI.GrantReturnReward,560
2,8,Fame,source,AdventurerAI.GrantReturnReward,30
2,8,Fame,source,LureEconomy.OnHeroEscaped,75
2,8,DP,source,Nemesis.OnSlain,1004
2,8,Material,source,Nemesis.OnSlain,10
2,8,DP,stock,end,554
2,8,Material,stock,end,285
2,8,Fame,stock,end,688
2,9,DP,source,SurfaceMap.CollectYields,45
2,9,Material,source,SurfaceMap.CollectYields,2
2,9,Fame,source,SurfaceMap.CollectYields,11
2,9,DP,source,EraSystem.TickTurn,600
2,9,Fame,source,EraSystem.TickTurn,25
2,9,DP,sink,MinionRoster.TryForge,-285
2,9,DP,sink,MinionEvolution.TryEvolve,-500
2,9,DP,sink,DungeonFeatureManager.TryPlaceTrap,-150
2,9,DP,sink,MinionRoster.TrySummon,-247
2,9,DP,source,AdventurerAI.ReapEmotion,116
2,9,DP,source,AdventurerAI.TakeDamage,1015
2,9,Material,source,AdventurerAI.TakeDamage,50
2,9,DP,sink,CommandSystem.TryUse,-1300
2,9,DP,source,AdventurerAI.GrantReturnReward,27
2,9,Fame,source,AdventurerAI.GrantReturnReward,10
2,9,Fame,source,LureEconomy.OnHeroEscaped,25
2,9,DP,source,Nemesis.OnSlain,518
2,9,Material,source,Nemesis.OnSlain,5
2,9,DP,stock,end,393
2,9,Material,stock,end,342
2,9,Fame,stock,end,759
2,10,DP,source,SurfaceMap.CollectYields,79
2,10,Material,source,SurfaceMap.CollectYields,3
2,10,Fame,source,SurfaceMap.CollectYields,17
2,10,DP,source,EraSystem.TickTurn,720
2,10,DP,sink,MinionRoster.TryForge,-190
2,10,DP,sink,MinionEvolution.TryEvolve,-550
2,10,DP,sink,MinionRoster.TryEvolveIndividual,-75
2,10,DP,sink,DungeonFeatureManager.TryPlaceTrap,-150
2,10,DP,sink,MinionRoster.TrySummon,-222
2,10,DP,source,AdventurerAI.TakeDamage,876
2,10,Material,source,AdventurerAI.TakeDamage,29
2,10,DP,sink,CommandSystem.TryUse,-1300
2,10,DP,source,AdventurerAI.ReapEmotion,87
2,10,DP,source,AdventurerAI.GrantReturnReward,371
2,10,Fame,source,AdventurerAI.GrantReturnReward,20
2,10,Fame,source,LureEconomy.OnHeroEscaped,50
2,10,DP,stock,end,39
2,10,Material,stock,end,374
2,10,Fame,stock,end,846
2,11,DP,source,SurfaceMap.CollectYields,79
2,11,Material,source,SurfaceMap.CollectYields,3
2,11,Fame,source,SurfaceMap.CollectYields,17
2,11,DP,source,EraSystem.TickTurn,300
2,11,DP,source,WaveRoster.ResolveTrial,900
2,11,DP,sink,MinionRoster.TryForge,-190
2,11,DP,sink,DungeonFloorManager.TryExpandFloor,-800
2,11,DP,sink,DungeonFeatureManager.TryPlaceTrap,-150
2,11,DP,sink,MinionRoster.TrySummon,-158
2,11,DP,source,AdventurerAI.ReapEmotion,106
2,11,DP,source,AdventurerAI.GrantReturnReward,1279
2,11,Fame,source,AdventurerAI.GrantReturnReward,50
2,11,Fame,source,LureEconomy.OnHeroEscaped,125
2,11,DP,sink,CommandSystem.TryUse,-2650
2,11,DP,source,AdventurerAI.TakeDamage,946
2,11,Material,source,AdventurerAI.TakeDamage,33
2,11,DP,source,Nemesis.OnSlain,551
2,11,Material,source,Nemesis.OnSlain,5
2,11,DP,stock,end,252
2,11,Material,stock,end,415
2,11,Fame,stock,end,1038
2,12,DP,source,SurfaceMap.CollectYields,79
2,12,Material,source,SurfaceMap.CollectYields,3
2,12,Fame,source,SurfaceMap.CollectYields,17
2,12,DP,source,DistrictCatalog.Collect,112
2,12,DP,sink,MinionRoster.TryForge,-95
2,12,DP,sink,DungeonFeatureManager.TryPlaceTrap,-150
2,12,DP,sink,MinionRoster.TrySummon,-189
2,12,DP,source,AdventurerAI.ReapEmotion,253
2,12,DP,source,AdventurerAI.GrantReturnReward,1214
2,12,Fame,source,AdventurerAI.GrantReturnReward,50
2,12,Fame,source,LureEconomy.OnHeroEscaped,125
2,12,DP,sink,CommandSystem.TryUse,-1800
2,12,DP,source,AdventurerAI.TakeDamage,951
2,12,Material,source,AdventurerAI.TakeDamage,23
2,12,DP,source,Nemesis.OnSlain,567
2,12,Material,source,Nemesis.OnSlain,5
2,12,DP,stock,end,1194
2,12,Material,stock,end,446
2,12,Fame,stock,end,1230
2,13,DP,source,SurfaceMap.CollectYields,81
2,13,Material,source,SurfaceMap.CollectYields,4
2,13,Fame,source,SurfaceMap.CollectYields,19
2,13,DP,source,DistrictCatalog.Collect,112
2,13,DP,sink,MinionRoster.TryForge,-190
2,13,DP,sink,DungeonFloorManager.TryExpandFloor,-800
2,13,DP,sink,DungeonFeatureManager.TryPlaceTrap,-150
2,13,DP,sink,MinionRoster.TrySummon,-243
2,13,DP,source,AdventurerAI.ReapEmotion,177
2,13,DP,source,AdventurerAI.TakeDamage,1547
2,13,Material,source,AdventurerAI.TakeDamage,54
2,13,DP,sink,CommandSystem.TryUse,-1800
2,13,DP,source,AdventurerAI.GrantReturnReward,246
2,13,Fame,source,AdventurerAI.GrantReturnReward,10
2,13,Fame,source,LureEconomy.OnHeroEscaped,25
2,13,DP,source,Nemesis.OnSlain,567
2,13,Material,source,Nemesis.OnSlain,5
2,13,DP,stock,end,741
2,13,Material,stock,end,509
2,13,Fame,stock,end,1284
2,14,DP,source,SurfaceMap.CollectYields,62
2,14,Material,source,SurfaceMap.CollectYields,3
2,14,Fame,source,SurfaceMap.CollectYields,14
2,14,DP,source,DistrictCatalog.Collect,112
2,14,DP,sink,MinionRoster.TryForge,-190
2,14,DP,sink,MinionRoster.TryEvolveIndividual,-325
2,14,DP,sink,DungeonFeatureManager.TryPlaceTrap,-150
2,14,DP,sink,MinionRoster.TrySummon,-236
2,14,DP,source,AdventurerAI.ReapEmotion,250
2,14,DP,source,AdventurerAI.TakeDamage,1830
2,14,Material,source,AdventurerAI.TakeDamage,61
2,14,DP,sink,CommandSystem.TryUse,-1300
2,14,DP,source,AdventurerAI.GrantReturnReward,150
2,14,Fame,source,AdventurerAI.GrantReturnReward,10
2,14,Fame,source,LureEconomy.OnHeroEscaped,25
2,14,DP,source,Nemesis.OnSlain,1166
2,14,Material,source,Nemesis.OnSlain,10
2,14,DP,stock,end,2110
2,14,Material,stock,end,583
2,14,Fame,stock,end,1333
2,15,DP,source,SurfaceMap.CollectYields,82
2,15,Material,source,SurfaceMap.CollectYields,4
2,15,Fame,source,SurfaceMap.CollectYields,18
2,15,DP,source,DistrictCatalog.Collect,126
2,15,DP,source,EraSystem.TickTurn,300
2,15,DP,sink,MinionRoster.TryForge,-190
2,15,DP,sink,DungeonFloorManager.TryAddFloor,-2000
2,15,DP,sink,DungeonFeatureManager.TryPlaceTrap,-150
2,15,DP,sink,MinionRoster.TrySummon,-278
2,15,DP,source,AdventurerAI.ReapEmotion,384
2,15,DP,source,AdventurerAI.TakeDamage,1692
2,15,Material,source,AdventurerAI.TakeDamage,47
2,15,DP,sink,CommandSystem.TryUse,-2300
2,15,DP,source,AdventurerAI.GrantReturnReward,510
2,15,Fame,source,AdventurerAI.GrantReturnReward,20
2,15,Fame,source,LureEconomy.OnHeroEscaped,50
2,15,DP,source,Nemesis.OnSlain,599
2,15,Material,source,Nemesis.OnSlain,5
2,15,DP,stock,end,885
2,15,Material,stock,end,639
2,15,Fame,stock,end,1421
2,16,DP,source,SurfaceMap.CollectYields,103
2,16,Material,source,SurfaceMap.CollectYields,5
2,16,Fame,source,SurfaceMap.CollectYields,23
2,16,DP,source,DistrictCatalog.Collect,126
2,16,DP,source,WaveRoster.ResolveTrial,900
2,16,DP,sink,MinionRoster.TryForge,-190
2,16,DP,sink,DungeonFloorManager.TryExpandFloor,-1200
2,16,DP,sink,MinionRoster.TryEvolveIndividual,-225
2,16,DP,sink,DungeonFeatureManager.TryPlaceTrap,-150
2,16,DP,sink,MinionRoster.TrySummon,-249
2,16,DP,source,AdventurerAI.ReapEmotion,269
2,16,DP,source,AdventurerAI.GrantReturnReward,1397
2,16,Fame,source,AdventurerAI.GrantReturnReward,80
2,16,Fame,source,LureEconomy.OnHeroEscaped,200
2,16,DP,sink,CommandSystem.TryUse,-1800
2,16,DP,source,AdventurerAI.TakeDamage,1148
2,16,Material,source,AdventurerAI.TakeDamage,32
2,16,DP,source,Nemesis.OnSlain,1232
2,16,Material,source,Nemesis.OnSlain,10
2,16,DP,stock,end,2246
2,16,Material,stock,end,686
2,16,Fame,stock,end,1724
2,17,DP,source,SurfaceMap.CollectYields,103
2,17,Material,source,SurfaceMap.CollectYields,5
2,17,Fame,source,SurfaceMap.CollectYields,23
2,17,DP,source,DistrictCatalog.Collect,126
2,17,DP,source,EraSystem.TickTurn,720
2,17,DP,sink,MinionRoster.TryForge,-190
2,17,DP,sink,DungeonFloorManager.TryExpandFloor,-1500
2,17,DP,sink,MinionRoster.TryEvolveIndividual,-1200
2,17,DP,sink,DungeonFeatureManager.TryPlaceTrap,-150
2,17,DP,sink,MinionRoster.TrySummon,-142
2,17,DP,source,AdventurerAI.ReapEmotion,122
2,17,DP,source,AdventurerAI.TakeDamage,2144
2,17,Material,source,AdventurerAI.TakeDamage,39
2,17,DP,source,AdventurerAI.GrantReturnReward,1351
2,17,Fame,source,AdventurerAI.GrantReturnReward,40
2,17,Fame,source,LureEconomy.OnHeroEscaped,100
2,17,DP,sink,CommandSystem.TryUse,-2450
2,17,DP,stock,end,1180
2,17,Material,stock,end,730
2,17,Fame,stock,end,1887
2,18,DP,source,SurfaceMap.CollectYields,103
2,18,Material,source,SurfaceMap.CollectYields,5
2,18,Fame,source,SurfaceMap.CollectYields,23
2,18,DP,source,DistrictCatalog.Collect,126
2,18,DP,source,EraSystem.TickTurn,300
2,18,DP,sink,MinionRoster.TryForge,-475
2,18,DP,sink,MinionRoster.TryEvolveIndividual,-875
2,18,DP,sink,DungeonFeatureManager.TryPlaceTrap,-150
2,18,DP,sink,MinionRoster.TrySummon,-209
2,18,DP,source,AdventurerAI.ReapEmotion,133
2,18,DP,source,AdventurerAI.TakeDamage,3387
2,18,Material,source,AdventurerAI.TakeDamage,58
2,18,DP,sink,CommandSystem.TryUse,-2450
2,18,DP,source,AdventurerAI.GrantReturnReward,3389
2,18,Fame,source,AdventurerAI.GrantReturnReward,120
2,18,Fame,source,LureEconomy.OnHeroEscaped,300
2,18,DP,source,Nemesis.OnSlain,1264
2,18,Material,source,Nemesis.OnSlain,10
2,18,DP,stock,end,5723
2,18,Material,stock,end,803
2,18,Fame,stock,end,2330
2,19,DP,source,SurfaceMap.CollectYields,106
2,19,Material,source,SurfaceMap.CollectYields,5
2,19,Fame,source,SurfaceMap.CollectYields,24
2,19,DP,source,DistrictCatalog.Collect,154
2,19,DP,sink,MinionRoster.TryForge,-190
2,19,DP,sink,DungeonFloorManager.TryAddFloor,-5000
2,19,DP,sink,DungeonFloorManager.TryExpandFloor,-400
2,19,DP,sink,MinionRoster.TryEvolveIndividual,-75
2,19,DP,sink,DungeonFeatureManager.TryPlaceTrap,-150
2,19,DP,sink,MinionRoster.TrySummon,-142
2,19,DP,source,IncidentSystem.Apply,600
2,19,DP,sink,CommandSystem.TryUse,-2950
2,19,DP,source,AdventurerAI.ReapEmotion,139
2,19,DP,source,AdventurerAI.TakeDamage,3225
2,19,Material,source,AdventurerAI.TakeDamage,49
2,19,DP,source,AdventurerAI.GrantReturnReward,1453
2,19,Fame,source,AdventurerAI.GrantReturnReward,60
2,19,Fame,source,LureEconomy.OnHeroEscaped,150
2,19,DP,source,Nemesis.OnSlain,648
2,19,Material,source,Nemesis.OnSlain,5
2,19,DP,stock,end,3141
2,19,Material,stock,end,862
2,19,Fame,stock,end,2564
2,20,DP,source,SurfaceMap.CollectYields,166
2,20,Material,source,SurfaceMap.CollectYields,6
2,20,Fame,source,SurfaceMap.CollectYields,34
2,20,DP,source,DistrictCatalog.Collect,154
2,20,DP,sink,MinionRoster.TryForge,-1875
2,20,DP,sink,DungeonFloorManager.TryExpandFloor,-800
2,20,DP,sink,MinionRoster.TryEvolveIndividual,-250
2,20,DP,sink,DungeonFeatureManager.TryPlaceTrap,-300
2,20,DP,sink,MinionRoster.TrySummon,-235
2,20,DP,source,AdventurerAI.ReapEmotion,332
2,20,DP,sink,CommandSystem.TryUse,-5750
2,20,DP,source,AdventurerAI.TakeDamage,4632
2,20,Material,source,AdventurerAI.TakeDamage,82
2,20,DP,source,AdventurerAI.GrantReturnReward,2199
2,20,Fame,source,AdventurerAI.GrantReturnReward,80
2,20,Fame,source,LureEconomy.OnHeroEscaped,200
2,20,DP,source,Nemesis.OnSlain,2246
2,20,Material,source,Nemesis.OnSlain,17
2,20,DP,stock,end,3660
2,20,Material,stock,end,967
2,20,Fame,stock,end,2878
2,21,DP,source,SurfaceMap.CollectYields,166
2,21,Material,source,SurfaceMap.CollectYields,6
2,21,Fame,source,SurfaceMap.CollectYields,34
2,21,DP,source,DistrictCatalog.Collect,154
2,21,DP,sink,MinionRoster.TryForge,-3454
2,21,DP,sink,DungeonFeatureManager.TryPlaceTrap,-300
2,21,DP,sink,MinionRoster.TrySummon,-197
2,21,DP,source,AdventurerAI.ReapEmotion,100
2,21,DP,source,AdventurerAI.TakeDamage,4334
2,21,Material,source,AdventurerAI.TakeDamage,64
2,21,DP,sink,CommandSystem.TryUse,-2450
2,21,DP,source,AdventurerAI.GrantReturnReward,1835
2,21,Fame,source,AdventurerAI.GrantReturnReward,70
2,21,Fame,source,LureEconomy.OnHeroEscaped,175
2,21,DP,source,Nemesis.OnSlain,680
2,21,Material,source,Nemesis.OnSlain,5
2,21,DP,stock,end,4528
2,21,Material,stock,end,1042
2,21,Fame,stock,end,3157
2,22,DP,source,SurfaceMap.CollectYields,166
2,22,Material,source,SurfaceMap.CollectYields,6
2,22,Fame,source,SurfaceMap.CollectYields,34
2,22,DP,source,DistrictCatalog.Collect,168
2,22,DP,sink,MinionRoster.TryForge,-2842
2,22,DP,sink,DungeonFloorManager.TryExpandFloor,-1500
2,22,DP,sink,DungeonFeatureManager.TryPlaceTrap,-300
2,22,DP,sink,MinionRoster.TrySummon,-213
2,22,DP,source,AdventurerAI.ReapEmotion,98
2,22,DP,source,AdventurerAI.TakeDamage,4598
2,22,Material,source,AdventurerAI.TakeDamage,77
2,22,DP,sink,CommandSystem.TryUse,-5100
2,22,DP,source,Nemesis.OnSlain,1394
2,22,Material,source,Nemesis.OnSlain,10
2,22,Fame,source,AdventurerAI.GrantReturnReward,100
2,22,Fame,source,LureEconomy.OnHeroEscaped,250
2,22,DP,source,AdventurerAI.GrantReturnReward,2580
2,22,DP,stock,end,3577
2,22,Material,stock,end,1135
2,22,Fame,stock,end,3541
2,23,DP,source,SurfaceMap.CollectYields,193
2,23,Material,source,SurfaceMap.CollectYields,7
2,23,Fame,source,SurfaceMap.CollectYields,40
2,23,DP,source,DistrictCatalog.Collect,140
2,23,DP,sink,MinionRoster.TryForge,-3408
2,23,DP,sink,DungeonFeatureManager.TryPlaceTrap,-300
2,23,DP,sink,MinionRoster.TrySummon,-189
2,23,DP,source,AdventurerAI.ReapEmotion,102
2,23,DP,source,AdventurerAI.GrantReturnReward,7935
2,23,Fame,source,AdventurerAI.GrantReturnReward,340
2,23,Fame,source,LureEconomy.OnHeroEscaped,850
2,23,DP,sink,CommandSystem.TryUse,-4900
2,23,DP,source,AdventurerAI.TakeDamage,1156
2,23,Material,source,AdventurerAI.TakeDamage,17
2,23,DP,stock,end,4306
2,23,Material,stock,end,1159
2,23,Fame,stock,end,4771
2,24,DP,source,SurfaceMap.CollectYields,147
2,24,Material,source,SurfaceMap.CollectYields,7
2,24,Fame,source,SurfaceMap.CollectYields,33
2,24,DP,source,DistrictCatalog.Collect,140
2,24,DP,sink,MinionRoster.TryForge,-168
2,24,DP,sink,MinionEvolution.TryEvolve,-3875
2,24,DP,sink,MinionRoster.TryEvolveIndividual,-250
2,24,DP,sink,DungeonFeatureManager.TryPlaceTrap,-150
2,24,DP,sink,MinionRoster.TrySummon,-126
2,24,DP,source,IncidentSystem.Apply,600
2,24,DP,sink,CommandSystem.TryUse,-5750
2,24,DP,source,AdventurerAI.ReapEmotion,100
2,24,DP,source,AdventurerAI.TakeDamage,7092
2,24,Material,source,AdventurerAI.TakeDamage,82
2,24,Fame,source,AdventurerAI.GrantReturnReward,200
2,24,Fame,source,LureEconomy.OnHeroEscaped,500
2,24,DP,source,AdventurerAI.GrantReturnReward,8797
2,24,DP,source,Nemesis.OnSlain,1426
2,24,Material,source,Nemesis.OnSlain,10
2,24,DP,stock,end,12289
2,24,Material,stock,end,1258
2,24,Fame,stock,end,5504
2,25,DP,source,SurfaceMap.CollectYields,126
2,25,Material,source,SurfaceMap.CollectYields,6
2,25,Fame,source,SurfaceMap.CollectYields,28
2,25,DP,source,DistrictCatalog.Collect,28
2,25,DP,source,EraSystem.TickTurn,3840
2,25,DP,sink,MinionRoster.TryForge,-168
2,25,DP,sink,DungeonFloorManager.TryAddFloor,-12500
2,25,DP,sink,DungeonFloorManager.TryExpandFloor,-400
2,25,DP,sink,MinionEvolution.TryEvolve,-1025
2,25,DP,sink,MinionRoster.TryEvolveIndividual,-1875
2,25,DP,sink,DungeonFeatureManager.TryPlaceTrap,-150
2,25,DP,sink,MinionRoster.TrySummon,-162
2,25,DP,source,AdventurerAI.ReapEmotion,304
2,25,DP,sink,CommandSystem.TryUse,-5200
2,25,DP,source,AdventurerAI.GrantReturnReward,8494
2,25,Fame,source,AdventurerAI.GrantReturnReward,370
2,25,Fame,source,LureEconomy.OnHeroEscaped,925
2,25,DP,source,AdventurerAI.TakeDamage,2456
2,25,Material,source,AdventurerAI.TakeDamage,141
2,25,DP,stock,end,6057
2,25,Material,stock,end,1405
2,25,Fame,stock,end,6827
2,26,DP,source,SurfaceMap.CollectYields,126
2,26,Material,source,SurfaceMap.CollectYields,6
2,26,Fame,source,SurfaceMap.CollectYields,28
2,26,DP,source,DistrictCatalog.Collect,28
2,26,DP,source,EraSystem.TickTurn,6528
2,26,DP,sink,MinionRoster.TryForge,-168
2,26,DP,sink,DungeonFloorManager.TryExpandFloor,-5300
2,26,DP,sink,MinionRoster.TryEvolveIndividual,-6950
2,26,DP,sink,DungeonFeatureManager.TryPlaceTrap,-150
2,26,DP,sink,MinionRoster.TrySummon,-170
2,26,DP,source,AdventurerAI.ReapEmotion,108
2,26,DP,source,AdventurerAI.GrantReturnReward,13627
2,26,Fame,source,AdventurerAI.GrantReturnReward,370
2,26,Fame,source,LureEconomy.OnHeroEscaped,925
2,26,DP,sink,CommandSystem.TryUse,-4750
2,26,DP,source,AdventurerAI.TakeDamage,5902
2,26,Material,source,AdventurerAI.TakeDamage,38
2,26,DP,source,Nemesis.OnSlain,745
2,26,Material,source,Nemesis.OnSlain,5
2,26,DP,stock,end,15633
2,26,Material,stock,end,1454
2,26,Fame,stock,end,8150
2,27,DP,source,SurfaceMap.CollectYields,146
2,27,Material,source,SurfaceMap.CollectYields,7
2,27,Fame,source,SurfaceMap.CollectYields,32
2,27,DP,source,DistrictCatalog.Collect,28
2,27,DP,source,EraSystem.TickTurn,6528
2,27,DP,sink,MinionRoster.TryForge,-8424
2,27,DP,sink,DungeonFloorManager.TryExpandFloor,-10000
2,27,DP,sink,MinionRoster.TryEvolveIndividual,-3300
2,27,DP,sink,DungeonFeatureManager.TryPlaceTrap,-450
2,27,DP,sink,MinionRoster.TrySummon,-132
2,27,DP,source,AdventurerAI.ReapEmotion,160
2,27,DP,source,AdventurerAI.GrantReturnReward,19330
2,27,Fame,source,AdventurerAI.GrantReturnReward,690
2,27,Fame,source,LureEconomy.OnHeroEscaped,1725
2,27,DP,sink,CommandSystem.TryUse,-6850
2,27,DP,source,AdventurerAI.TakeDamage,6698
2,27,Material,source,AdventurerAI.TakeDamage,47
2,27,DP,stock,end,19367
2,27,Material,stock,end,1508
2,27,Fame,stock,end,10597
2,28,DP,source,SurfaceMap.CollectYields,167
2,28,Material,source,SurfaceMap.CollectYields,8
2,28,Fame,source,SurfaceMap.CollectYields,37
2,28,DP,source,DistrictCatalog.Collect,28
2,28,DP,source,EraSystem.TickTurn,3840
2,28,DP,sink,MinionRoster.TryForge,-13296
2,28,DP,sink,DungeonFloorManager.TryExpandFloor,-2500
2,28,DP,sink,MinionRoster.TryEvolveIndividual,-2375
2,28,DP,sink,DungeonFeatureManager.TryPlaceTrap,-3600
2,28,DP,sink,MinionRoster.TrySummon,-1601
2,28,DP,source,AdventurerAI.ReapEmotion,151
2,28,DP,source,Nemesis.OnSlain,3838
2,28,Material,source,Nemesis.OnSlain,23
2,28,DP,source,AdventurerAI.TakeDamage,28475
2,28,Material,source,AdventurerAI.TakeDamage,349
2,28,DP,sink,CommandSystem.TryUse,-5600
2,28,DP,source,AdventurerAI.GrantReturnReward,11285
2,28,Fame,source,AdventurerAI.GrantReturnReward,240
2,28,Fame,source,LureEconomy.OnHeroEscaped,600
2,28,DP,stock,end,38179
2,28,Material,stock,end,1888
2,28,Fame,stock,end,11474
2,29,DP,source,SurfaceMap.CollectYields,167
2,29,Material,source,SurfaceMap.CollectYields,8
2,29,Fame,source,SurfaceMap.CollectYields,37
2,29,DP,source,DistrictCatalog.Collect,28
2,29,DP,source,EraSystem.TickTurn,3840
2,29,DP,sink,MinionRoster.TryForge,-4752
2,29,DP,sink,DungeonFloorManager.TryAddFloor,-31250
2,29,DP,sink,DungeonFloorManager.TryExpandFloor,-5200
2,29,DP,sink,MinionRoster.TryEvolveIndividual,-375
2,29,DP,sink,DungeonFeatureManager.TryPlaceTrap,-450
2,29,DP,sink,MinionRoster.TrySummon,-172
2,29,DP,source,AdventurerAI.ReapEmotion,294
2,29,DP,sink,CommandSystem.TryUse,-4100
2,29,DP,source,AdventurerAI.TakeDamage,22633
2,29,Material,source,AdventurerAI.TakeDamage,596
2,29,DP,source,AdventurerAI.GrantReturnReward,9546
2,29,Fame,source,AdventurerAI.GrantReturnReward,250
2,29,Fame,source,LureEconomy.OnHeroEscaped,625
2,29,DP,source,Nemesis.OnSlain,4278
2,29,Material,source,Nemesis.OnSlain,15
2,29,DP,stock,end,32666
2,29,Material,stock,end,2507
2,29,Fame,stock,end,12386
2,30,DP,source,SurfaceMap.CollectYields,167
2,30,Material,source,SurfaceMap.CollectYields,8
2,30,Fame,source,SurfaceMap.CollectYields,37
2,30,DP,source,DistrictCatalog.Collect,28
2,30,DP,source,EraSystem.TickTurn,6528
2,30,Material,source,EraSystem.TickTurn,32
2,30,DP,sink,MinionRoster.TryForge,-19380
2,30,DP,sink,MinionRoster.TryEvolveIndividual,-250
2,30,Material,sink,MinionRoster.TryForge,-52
2,30,DP,sink,DungeonFeatureManager.TryPlaceTrap,-3600
2,30,DP,sink,MinionRoster.TrySummon,-16155
2,30,DP,source,AdventurerAI.ReapEmotion,316
2,30,DP,sink,CommandSystem.TryUse,-2950
2,30,DP,source,AdventurerAI.TakeDamage,26009
2,30,Material,source,AdventurerAI.TakeDamage,201
2,30,DP,source,AdventurerAI.GrantReturnReward,11476
2,30,Fame,source,AdventurerAI.GrantReturnReward,230
2,30,Fame,source,LureEconomy.OnHeroEscaped,575
2,30,DP,source,Nemesis.OnSlain,1588
2,30,Material,source,Nemesis.OnSlain,12
2,30,DP,stock,end,36443
2,30,Material,stock,end,2708
2,30,Fame,stock,end,13228
2,31,DP,source,SurfaceMap.CollectYields,167
2,31,Material,source,SurfaceMap.CollectYields,9
2,31,Fame,source,SurfaceMap.CollectYields,37
2,31,DP,source,DistrictCatalog.Collect,28
2,31,DP,source,EraSystem.TickTurn,3840
2,31,Material,source,EraSystem.TickTurn,37
2,31,Fame,source,EraSystem.TickTurn,80
2,31,DP,sink,MinionRoster.TryForge,-5856
2,31,DP,sink,MinionRoster.TryEvolveIndividual,-775
2,31,DP,sink,DungeonFeatureManager.TryPlaceTrap,-3750
2,31,DP,sink,MinionRoster.TrySummon,-29884
2,31,DP,source,AdventurerAI.ReapEmotion,194
2,31,DP,sink,CommandSystem.TryUse,-5600
2,31,DP,source,AdventurerAI.GrantReturnReward,21979
2,31,Fame,source,AdventurerAI.GrantReturnReward,490
2,31,Fame,source,LureEconomy.OnHeroEscaped,1225
2,31,DP,source,AdventurerAI.TakeDamage,38351
2,31,Material,source,AdventurerAI.TakeDamage,2173
2,31,DP,source,Nemesis.OnSlain,4278
2,31,Material,source,Nemesis.OnSlain,17
2,31,DP,stock,end,59415
2,31,Material,stock,end,4944
2,31,Fame,stock,end,15060
2,32,DP,source,SurfaceMap.CollectYields,167
2,32,Material,source,SurfaceMap.CollectYields,9
2,32,Fame,source,SurfaceMap.CollectYields,37
2,32,DP,source,DistrictCatalog.Collect,28
2,32,DP,source,EraSystem.TickTurn,6528
2,32,Fame,source,EraSystem.TickTurn,192
2,32,DP,sink,MinionRoster.TryForge,-11904
2,32,DP,sink,DungeonFeatureManager.TryPlaceTrap,-3900
2,32,DP,sink,MinionRoster.TrySummon,-50041
2,32,DP,source,AdventurerAI.ReapEmotion,186
2,32,DP,sink,CommandSystem.TryUse,-5600
2,32,DP,source,AdventurerAI.GrantReturnReward,19339
2,32,Fame,source,AdventurerAI.GrantReturnReward,270
2,32,Fame,source,LureEconomy.OnHeroEscaped,675
2,32,DP,source,AdventurerAI.TakeDamage,28804
2,32,Material,source,AdventurerAI.TakeDamage,771
2,32,DP,source,Nemesis.OnSlain,1652
2,32,Material,source,Nemesis.OnSlain,12
2,32,DP,stock,end,44674
2,32,Material,stock,end,5736
2,32,Fame,stock,end,16234
2,33,DP,source,SurfaceMap.CollectYields,167
2,33,Material,source,SurfaceMap.CollectYields,9
2,33,Fame,source,SurfaceMap.CollectYields,37
2,33,DP,source,DistrictCatalog.Collect,28
2,33,DP,sink,MinionRoster.TryForge,-14580
2,33,Material,sink,MinionRoster.TryForge,-4
2,33,DP,sink,DungeonFeatureManager.TryPlaceTrap,-3600
2,33,DP,sink,MinionRoster.TrySummon,-26675
2,33,DP,source,AdventurerAI.ReapEmotion,312
2,33,DP,sink,CommandSystem.TryUse,-5050
2,33,DP,source,AdventurerAI.GrantReturnReward,15156
2,33,Fame,source,AdventurerAI.GrantReturnReward,360
2,33,Fame,source,LureEconomy.OnHeroEscaped,900
2,33,DP,source,AdventurerAI.TakeDamage,21828
2,33,Material,source,AdventurerAI.TakeDamage,424
2,33,DP,stock,end,32260
2,33,Material,stock,end,6165
2,33,Fame,stock,end,17531
2,34,DP,source,SurfaceMap.CollectYields,167
2,34,Material,source,SurfaceMap.CollectYields,9
2,34,Fame,source,SurfaceMap.CollectYields,37
2,34,DP,source,DistrictCatalog.Collect,28
2,34,DP,sink,MinionRoster.TryForge,-23940
2,34,Material,sink,MinionRoster.TryForge,-84
2,34,DP,sink,DungeonFeatureManager.TryPlaceTrap,-3600
2,34,DP,sink,MinionRoster.TrySummon,-4886
2,34,DP,source,AdventurerAI.ReapEmotion,233
2,34,DP,source,AdventurerAI.GrantReturnReward,18691
2,34,Fame,source,AdventurerAI.GrantReturnReward,290
2,34,Fame,source,LureEconomy.OnHeroEscaped,725
2,34,DP,sink,CommandSystem.TryUse,-4450
2,34,DP,source,AdventurerAI.TakeDamage,32136
2,34,Material,source,AdventurerAI.TakeDamage,802
2,34,DP,source,Nemesis.OnSlain,2416
2,34,Material,source,Nemesis.OnSlain,16
2,34,DP,stock,end,49055
2,34,Material,stock,end,6908
2,34,Fame,stock,end,18583
2,35,DP,source,SurfaceMap.CollectYields,167
2,35,Material,source,SurfaceMap.CollectYields,9
2,35,Fame,source,SurfaceMap.CollectYields,37
2,35,DP,source,DistrictCatalog.Collect,28
2,35,DP,sink,MinionRoster.TryForge,-23940
2,35,Material,sink,MinionRoster.TryForge,-84
2,35,DP,sink,DungeonFeatureManager.TryPlaceTrap,-1950
2,35,DP,sink,MinionRoster.TrySummon,-23325
2,35,DP,source,AdventurerAI.ReapEmotion,548
2,35,DP,sink,CommandSystem.TryUse,-5600
2,35,DP,source,AdventurerAI.GrantReturnReward,12299
2,35,Fame,source,AdventurerAI.GrantReturnReward,210
2,35,Fame,source,LureEconomy.OnHeroEscaped,525
2,35,DP,source,AdventurerAI.TakeDamage,34847
2,35,Material,source,AdventurerAI.TakeDamage,687
2,35,DP,source,Nemesis.OnSlain,1599
2,35,Material,source,Nemesis.OnSlain,10
2,35,DP,stock,end,43728
2,35,Material,stock,end,7530
2,35,Fame,stock,end,19355
2,36,DP,source,SurfaceMap.CollectYields,167
2,36,Material,source,SurfaceMap.CollectYields,9
2,36,Fame,source,SurfaceMap.CollectYields,37
2,36,DP,source,DistrictCatalog.Collect,28
2,36,DP,sink,MinionRoster.TryForge,-34080
2,36,Material,sink,MinionRoster.TryForge,-240
2,36,DP,sink,MinionRoster.TrySummon,-9822
2,36,DP,source,AdventurerAI.ReapEmotion,522
2,36,DP,sink,CommandSystem.TryUse,-3800
2,36,DP,source,AdventurerAI.GrantReturnReward,40040
2,36,Fame,source,AdventurerAI.GrantReturnReward,370
2,36,Fame,source,LureEconomy.OnHeroEscaped,925
2,36,DP,source,AdventurerAI.TakeDamage,18149
2,36,Material,source,AdventurerAI.TakeDamage,122
2,36,DP,source,Nemesis.OnSlain,875
2,36,Material,source,Nemesis.OnSlain,6
2,36,DP,stock,end,55807
2,36,Material,stock,end,7427
2,36,Fame,stock,end,20687
2,37,DP,source,SurfaceMap.CollectYields,167
2,37,Material,source,SurfaceMap.CollectYields,9
2,37,Fame,source,SurfaceMap.CollectYields,37
2,37,DP,source,DistrictCatalog.Collect,28
2,37,DP,source,EraSystem.TickTurn,1920
2,37,Material,source,EraSystem.TickTurn,37
2,37,DP,sink,MinionRoster.TryForge,-40320
2,37,Material,sink,MinionRoster.TryForge,-336
2,37,DP,sink,MinionRoster.TrySummon,-17590
2,37,DP,source,AdventurerAI.ReapEmotion,606
2,37,DP,sink,CommandSystem.TryUse,-5600
2,37,DP,source,AdventurerAI.GrantReturnReward,17259
2,37,Fame,source,AdventurerAI.GrantReturnReward,290
2,37,Fame,source,LureEconomy.OnHeroEscaped,725
2,37,DP,source,AdventurerAI.TakeDamage,29213
2,37,Material,source,AdventurerAI.TakeDamage,778
2,37,DP,source,Nemesis.OnSlain,2515
2,37,Material,source,Nemesis.OnSlain,16
2,37,DP,stock,end,44005
2,37,Material,stock,end,7931
2,37,Fame,stock,end,21739
2,38,DP,source,SurfaceMap.CollectYields,167
2,38,Material,source,SurfaceMap.CollectYields,9
2,38,Fame,source,SurfaceMap.CollectYields,37
2,38,DP,source,DistrictCatalog.Collect,28
2,38,DP,sink,MinionRoster.TryForge,-40320
2,38,Material,sink,MinionRoster.TryForge,-336
2,38,DP,sink,MinionRoster.TrySummon,-3865
2,38,DP,source,AdventurerAI.ReapEmotion,210
2,38,DP,source,AdventurerAI.GrantReturnReward,22864
2,38,Fame,source,AdventurerAI.GrantReturnReward,290
2,38,Fame,source,LureEconomy.OnHeroEscaped,725
2,38,DP,sink,CommandSystem.TryUse,-5600
2,38,DP,source,AdventurerAI.TakeDamage,32397
2,38,Material,source,AdventurerAI.TakeDamage,727
2,38,DP,source,Nemesis.OnSlain,2539
2,38,Material,source,Nemesis.OnSlain,16
2,38,DP,stock,end,52425
2,38,Material,stock,end,8347
2,38,Fame,stock,end,22791
2,39,DP,source,SurfaceMap.CollectYields,167
2,39,Material,source,SurfaceMap.CollectYields,9
2,39,Fame,source,SurfaceMap.CollectYields,37
2,39,DP,source,DistrictCatalog.Collect,28
2,39,DP,sink,MinionRoster.TryForge,-50040
2,39,Material,sink,MinionRoster.TryForge,-522
2,39,DP,sink,MinionRoster.TrySummon,-2552
2,39,DP,source,AdventurerAI.ReapEmotion,176
2,39,DP,source,AdventurerAI.GrantReturnReward,23521
2,39,Fame,source,AdventurerAI.GrantReturnReward,330
2,39,Fame,source,LureEconomy.OnHeroEscaped,825
2,39,DP,sink,CommandSystem.TryUse,-5600
2,39,DP,source,AdventurerAI.TakeDamage,25395
2,39,Material,source,AdventurerAI.TakeDamage,390
2,39,DP,stock,end,43520
2,39,Material,stock,end,8224
2,39,Fame,stock,end,23983
2,40,DP,source,SurfaceMap.CollectYields,169
2,40,Material,source,SurfaceMap.CollectYields,9
2,40,Fame,source,SurfaceMap.CollectYields,39
2,40,DP,source,DistrictCatalog.Collect,28
2,40,DP,sink,MinionRoster.TryForge,-42120
2,40,Material,sink,MinionRoster.TryForge,-486
2,40,DP,sink,MinionRoster.TrySummon,-1559
2,40,DP,source,AdventurerAI.ReapEmotion,395
2,40,DP,sink,CommandSystem.TryUse,-5600
2,40,DP,source,AdventurerAI.GrantReturnReward,11535
2,40,Fame,source,AdventurerAI.GrantReturnReward,160
2,40,Fame,source,LureEconomy.OnHeroEscaped,400
2,40,DP,source,AdventurerAI.TakeDamage,20765
2,40,Material,source,AdventurerAI.TakeDamage,324
2,40,DP,source,Nemesis.OnSlain,2620
2,40,Material,source,Nemesis.OnSlain,16
2,40,DP,stock,end,29753
2,40,Material,stock,end,8087
2,40,Fame,stock,end,24582
2,41,DP,source,SurfaceMap.CollectYields,148
2,41,Material,source,SurfaceMap.CollectYields,8
2,41,Fame,source,SurfaceMap.CollectYields,34
2,41,DP,source,DistrictCatalog.Collect,28
2,41,DP,source,WaveRoster.ResolveTrial,2100
2,41,DP,sink,MinionRoster.TryForge,-29640
2,41,Material,sink,MinionRoster.TryForge,-342
2,41,DP,sink,MinionRoster.TrySummon,-2372
2,41,DP,source,AdventurerAI.ReapEmotion,589
2,41,DP,sink,CommandSystem.TryUse,-5600
2,41,DP,source,AdventurerAI.GrantReturnReward,22986
2,41,Fame,source,AdventurerAI.GrantReturnReward,320
2,41,Fame,source,LureEconomy.OnHeroEscaped,800
2,41,DP,source,AdventurerAI.TakeDamage,34989
2,41,Material,source,AdventurerAI.TakeDamage,349
2,41,DP,stock,end,52981
2,41,Material,stock,end,8102
2,41,Fame,stock,end,25736
2,42,DP,source,SurfaceMap.CollectYields,148
2,42,Material,source,SurfaceMap.CollectYields,8
2,42,Fame,source,SurfaceMap.CollectYields,34
2,42,DP,source,DistrictCatalog.Collect,28
2,42,DP,source,EraSystem.TickTurn,1920
2,42,DP,sink,MinionRoster.TryForge,-53040
2,42,Material,sink,MinionRoster.TryForge,-612
2,42,DP,sink,MinionRoster.TrySummon,-2005
2,42,DP,source,AdventurerAI.ReapEmotion,130
2,42,DP,source,AdventurerAI.TakeDamage,31756
2,42,Material,source,AdventurerAI.TakeDamage,198
2,42,DP,sink,CommandSystem.TryUse,-5600
2,42,DP,source,AdventurerAI.GrantReturnReward,21674
2,42,Fame,source,AdventurerAI.GrantReturnReward,320
2,42,Fame,source,LureEconomy.OnHeroEscaped,800
2,42,DP,stock,end,47992
2,42,Material,stock,end,7696
2,42,Fame,stock,end,26890
2,43,DP,source,SurfaceMap.CollectYields,185
2,43,Material,source,SurfaceMap.CollectYields,10
2,43,Fame,source,SurfaceMap.CollectYields,34
2,43,DP,source,DistrictCatalog.Collect,28
2,43,DP,sink,MinionRoster.TryForge,-44520
2,43,Material,sink,MinionRoster.TryForge,-518
2,43,DP,sink,MinionRoster.TrySummon,-3667
2,43,DP,source,AdventurerAI.ReapEmotion,600
2,43,DP,sink,CommandSystem.TryUse,-5600
2,43,DP,source,AdventurerAI.TakeDamage,32702
2,43,Material,source,AdventurerAI.TakeDamage,347
2,43,DP,source,AdventurerAI.GrantReturnReward,28138
2,43,Fame,source,AdventurerAI.GrantReturnReward,340
2,43,Fame,source,LureEconomy.OnHeroEscaped,850
2,43,DP,stock,end,55858
2,43,Material,stock,end,7535
2,43,Fame,stock,end,28114
2,44,DP,source,SurfaceMap.CollectYields,210
2,44,Material,source,SurfaceMap.CollectYields,12
2,44,Fame,source,SurfaceMap.CollectYields,38
2,44,DP,source,DistrictCatalog.Collect,28
2,44,DP,sink,MinionRoster.TryForge,-52800
2,44,Material,sink,MinionRoster.TryForge,-704
2,44,DP,sink,MinionRoster.TrySummon,-3290
2,44,DP,source,AdventurerAI.ReapEmotion,124
2,44,DP,source,AdventurerAI.GrantReturnReward,36844
2,44,Fame,source,AdventurerAI.GrantReturnReward,430
2,44,Fame,source,LureEconomy.OnHeroEscaped,1075
2,44,DP,sink,CommandSystem.TryUse,-4900
2,44,DP,source,AdventurerAI.TakeDamage,42347
2,44,Material,source,AdventurerAI.TakeDamage,926
2,44,DP,source,Nemesis.OnSlain,1408
2,44,Material,source,Nemesis.OnSlain,8
2,44,DP,stock,end,75829
2,44,Material,stock,end,7777
2,44,Fame,stock,end,29657
2,45,DP,source,SurfaceMap.CollectYields,210
2,45,Material,source,SurfaceMap.CollectYields,12
2,45,Fame,source,SurfaceMap.CollectYields,38
2,45,DP,source,DistrictCatalog.Collect,28
2,45,DP,sink,MinionRoster.TryForge,-72000
2,45,Material,sink,MinionRoster.TryForge,-960
2,45,DP,sink,MinionRoster.TrySummon,-4041
2,45,DP,source,AdventurerAI.ReapEmotion,554
2,45,DP,sink,CommandSystem.TryUse,-5550
2,45,DP,source,AdventurerAI.GrantReturnReward,37301
2,45,Fame,source,AdventurerAI.GrantReturnReward,380
2,45,Fame,source,LureEconomy.OnHeroEscaped,950
2,45,DP,source,AdventurerAI.TakeDamage,39651
2,45,Material,source,AdventurerAI.TakeDamage,992
2,45,DP,source,Nemesis.OnSlain,2390
2,45,Material,source,Nemesis.OnSlain,13
2,45,DP,stock,end,74372
2,45,Material,stock,end,7834
2,45,Fame,stock,end,31025
2,46,DP,source,SurfaceMap.CollectYields,258
2,46,Material,source,SurfaceMap.CollectYields,12
2,46,Fame,source,SurfaceMap.CollectYields,46
2,46,DP,source,DistrictCatalog.Collect,28
2,46,DP,sink,MinionRoster.TryForge,-72000
2,46,Material,sink,MinionRoster.TryForge,-960
2,46,DP,sink,MinionRoster.TrySummon,-2064
2,46,DP,sink,CommandSystem.TryUse,-5400
2,46,DP,source,AdventurerAI.ReapEmotion,243
2,46,DP,source,AdventurerAI.GrantReturnReward,45167
2,46,Fame,source,AdventurerAI.GrantReturnReward,410
2,46,Fame,source,LureEconomy.OnHeroEscaped,1025
2,46,DP,source,AdventurerAI.TakeDamage,30478
2,46,Material,source,AdventurerAI.TakeDamage,728
2,46,DP,source,Nemesis.OnSlain,1004
2,46,Material,source,Nemesis.OnSlain,6
2,46,DP,stock,end,72086
2,46,Material,stock,end,7620
2,46,Fame,stock,end,32506
2,47,DP,source,SurfaceMap.CollectYields,258
2,47,Material,source,SurfaceMap.CollectYields,12
2,47,Fame,source,SurfaceMap.CollectYields,46
2,47,DP,source,DistrictCatalog.Collect,28
2,47,DP,sink,MinionRoster.TryForge,-9600
2,47,Material,sink,MinionRoster.TryForge,-128
2,47,DP,sink,MinionEvolution.TryEvolve,-9050
2,47,DP,sink,MinionRoster.TryEvolveIndividual,-50600
2,47,DP,sink,MinionRoster.TrySummon,-3090
2,47,DP,source,AdventurerAI.ReapEmotion,176
2,47,DP,source,AdventurerAI.TakeDamage,8184
2,47,Material,source,AdventurerAI.TakeDamage,333
2,47,DP,sink,CommandSystem.TryUse,-5600
2,47,DP,source,AdventurerAI.GrantReturnReward,29276
2,47,Fame,source,AdventurerAI.GrantReturnReward,270
2,47,Fame,source,LureEconomy.OnHeroEscaped,675
2,47,DP,stock,end,32068
2,47,Material,stock,end,7837
2,47,Fame,stock,end,33497
2,48,DP,source,SurfaceMap.CollectYields,258
2,48,Material,source,SurfaceMap.CollectYields,12
2,48,Fame,source,SurfaceMap.CollectYields,46
2,48,DP,source,DistrictCatalog.Collect,28
2,48,DP,source,EraSystem.TickTurn,9720
2,48,DP,sink,MinionRoster.TryForge,-38400
2,48,Material,sink,MinionRoster.TryForge,-512
2,48,DP,sink,MinionRoster.TrySummon,-3636
2,48,DP,source,AdventurerAI.ReapEmotion,196
2,48,DP,source,AdventurerAI.TakeDamage,37685
2,48,Material,source,AdventurerAI.TakeDamage,392
2,48,DP,sink,CommandSystem.TryUse,-5600
2,48,DP,source,AdventurerAI.GrantReturnReward,10578
2,48,Fame,source,AdventurerAI.GrantReturnReward,270
2,48,Fame,source,LureEconomy.OnHeroEscaped,675
2,48,DP,source,Nemesis.OnSlain,3498
2,48,Material,source,Nemesis.OnSlain,19
2,48,DP,stock,end,46395
2,48,Material,stock,end,7748
2,48,Fame,stock,end,34488
2,49,DP,source,SurfaceMap.CollectYields,258
2,49,Material,source,SurfaceMap.CollectYields,12
2,49,Fame,source,SurfaceMap.CollectYields,46
2,49,DP,source,DistrictCatalog.Collect,28
2,49,DP,source,EraSystem.TickTurn,9720
2,49,DP,sink,MinionRoster.TryForge,-4800
2,49,Material,sink,MinionRoster.TryForge,-64
2,49,DP,sink,MinionEvolution.TryEvolve,-14200
2,49,DP,sink,MinionRoster.TryEvolveIndividual,-36700
2,49,DP,sink,MinionRoster.TrySummon,-698
2,49,DP,source,AdventurerAI.ReapEmotion,355
2,49,DP,sink,CommandSystem.TryUse,-5950
2,49,DP,source,AdventurerAI.TakeDamage,43112
2,49,Material,source,AdventurerAI.TakeDamage,792
2,49,DP,source,AdventurerAI.GrantReturnReward,23821
2,49,Fame,source,AdventurerAI.GrantReturnReward,290
2,49,Fame,source,LureEconomy.OnHeroEscaped,725
2,49,DP,source,Nemesis.OnSlain,9964
2,49,Material,source,Nemesis.OnSlain,42
2,49,DP,stock,end,71305
2,49,Material,stock,end,8530
2,49,Fame,stock,end,35549
2,50,DP,source,SurfaceMap.CollectYields,166
2,50,Material,source,SurfaceMap.CollectYields,9
2,50,Fame,source,SurfaceMap.CollectYields,28
2,50,DP,source,DistrictCatalog.Collect,28
2,50,DP,source,EraSystem.TickTurn,9720
2,50,DP,sink,MinionRoster.TryForge,-4800
2,50,Material,sink,MinionRoster.TryForge,-64
2,50,DP,sink,MinionEvolution.TryEvolve,-19050
2,50,DP,sink,MinionRoster.TryEvolveIndividual,-56450
2,50,DP,sink,MinionRoster.TrySummon,-886
2,50,DP,source,AdventurerAI.ReapEmotion,715
2,50,DP,sink,CommandSystem.TryUse,-6050
2,50,DP,source,AdventurerAI.TakeDamage,56309
2,50,Material,source,AdventurerAI.TakeDamage,859
2,50,DP,source,AdventurerAI.GrantReturnReward,17925
2,50,Fame,source,AdventurerAI.GrantReturnReward,320
2,50,Fame,source,LureEconomy.OnHeroEscaped,800
2,50,DP,source,Nemesis.OnSlain,5439
2,50,Material,source,Nemesis.OnSlain,27
2,50,DP,stock,end,74371
2,50,Material,stock,end,9361
2,50,Fame,stock,end,36697
2,51,DP,source,SurfaceMap.CollectYields,166
2,51,Material,source,SurfaceMap.CollectYields,9
2,51,Fame,source,SurfaceMap.CollectYields,28
2,51,DP,source,DistrictCatalog.Collect,28
2,51,DP,source,EraSystem.TickTurn,9720
2,51,DP,sink,MinionRoster.TryForge,-4800
2,51,Material,sink,MinionRoster.TryForge,-64
2,51,DP,sink,DungeonFloorManager.TryAddFloor,-78125
2,51,DP,sink,DungeonFloorManager.TryExpandFloor,-400
2,51,DP,sink,DungeonFeatureManager.TryPlaceTrap,-750
2,51,DP,sink,MinionRoster.TrySummon,-203
2,51,DP,source,AdventurerAI.ReapEmotion,200
2,51,DP,source,AdventurerAI.TakeDamage,61304
2,51,Material,source,AdventurerAI.TakeDamage,251
2,51,DP,sink,CommandSystem.TryUse,-5950
2,51,DP,source,AdventurerAI.GrantReturnReward,8970
2,51,Fame,source,AdventurerAI.GrantReturnReward,130
2,51,Fame,source,LureEconomy.OnHeroEscaped,325
2,51,DP,source,Nemesis.OnSlain,3240
2,51,Material,source,Nemesis.OnSlain,18
2,51,DP,stock,end,67771
2,51,Material,stock,end,9575
2,51,Fame,stock,end,37180
2,52,DP,source,SurfaceMap.CollectYields,229
2,52,Material,source,SurfaceMap.CollectYields,12
2,52,Fame,source,SurfaceMap.CollectYields,38
2,52,DP,source,DistrictCatalog.Collect,28
2,52,DP,source,EraSystem.TickTurn,16524
2,52,DP,sink,MinionRoster.TryForge,-33600
2,52,Material,sink,MinionRoster.TryForge,-448
2,52,DP,sink,DungeonFloorManager.TryExpandFloor,-4800
2,52,DP,sink,MinionRoster.TryEvolveIndividual,-43100
2,52,DP,sink,DungeonFeatureManager.TryPlaceTrap,-2850
2,52,DP,sink,MinionRoster.TrySummon,-195
2,52,DP,source,AdventurerAI.ReapEmotion,585
2,52,DP,sink,CommandSystem.TryUse,-6050
2,52,DP,source,AdventurerAI.TakeDamage,70130
2,52,Material,source,AdventurerAI.TakeDamage,967
2,52,DP,source,AdventurerAI.GrantReturnReward,16853
2,52,Fame,source,AdventurerAI.GrantReturnReward,320
2,52,Fame,source,LureEconomy.OnHeroEscaped,800
2,52,DP,source,Nemesis.OnSlain,2219
2,52,Material,source,Nemesis.OnSlain,12
2,52,DP,stock,end,83744
2,52,Material,stock,end,10118
2,52,Fame,stock,end,38338
2,53,DP,source,SurfaceMap.CollectYields,229
2,53,Material,source,SurfaceMap.CollectYields,12
2,53,Fame,source,SurfaceMap.CollectYields,38
2,53,DP,source,DistrictCatalog.Collect,28
2,53,Material,source,DistrictCatalog.Collect,3
2,53,DP,source,EraSystem.TickTurn,9720
2,53,Material,source,EraSystem.TickTurn,124
2,53,DP,sink,MinionRoster.TryForge,-46560
2,53,Material,sink,MinionRoster.TryForge,-664
2,53,DP,sink,MinionRoster.TryEvolveIndividual,-44300
2,53,DP,sink,DungeonFeatureManager.TryPlaceTrap,-1350
2,53,DP,sink,MinionRoster.TrySummon,-1494
2,53,DP,source,AdventurerAI.ReapEmotion,147
2,53,DP,source,AdventurerAI.GrantReturnReward,26650
2,53,Fame,source,AdventurerAI.GrantReturnReward,520
2,53,Fame,source,LureEconomy.OnHeroEscaped,1300
2,53,DP,sink,CommandSystem.TryUse,-5600
2,53,DP,source,AdventurerAI.TakeDamage,68703
2,53,Material,source,AdventurerAI.TakeDamage,1310
2,53,DP,source,Nemesis.OnSlain,2187
2,53,Material,source,Nemesis.OnSlain,12
2,53,DP,stock,end,92104
2,53,Material,stock,end,10915
2,53,Fame,stock,end,40196
2,54,DP,source,SurfaceMap.CollectYields,229
2,54,Material,source,SurfaceMap.CollectYields,12
2,54,Fame,source,SurfaceMap.CollectYields,38
2,54,DP,source,DistrictCatalog.Collect,28
2,54,Material,source,DistrictCatalog.Collect,3
2,54,DP,source,EraSystem.TickTurn,9720
2,54,Material,source,EraSystem.TickTurn,62
2,54,Fame,source,EraSystem.TickTurn,135
2,54,DP,sink,MinionRoster.TryForge,-97920
2,54,Material,sink,MinionRoster.TryForge,-1428
2,54,DP,sink,MinionRoster.TrySummon,-4124
2,54,DP,source,AdventurerAI.ReapEmotion,508
2,54,DP,sink,CommandSystem.TryUse,-5600
2,54,DP,source,AdventurerAI.GrantReturnReward,36915
2,54,Fame,source,AdventurerAI.GrantReturnReward,490
2,54,Fame,source,LureEconomy.OnHeroEscaped,1225
2,54,DP,source,AdventurerAI.TakeDamage,52169
2,54,Material,source,AdventurerAI.TakeDamage,1127
2,54,DP,stock,end,84029
2,54,Material,stock,end,10691
2,54,Fame,stock,end,42084
2,55,DP,source,SurfaceMap.CollectYields,261
2,55,Material,source,SurfaceMap.CollectYields,12
2,55,Fame,source,SurfaceMap.CollectYields,46
2,55,DP,source,DistrictCatalog.Collect,28
2,55,Material,source,DistrictCatalog.Collect,3
2,55,DP,source,EraSystem.TickTurn,9720
2,55,DP,sink,MinionRoster.TryForge,-89280
2,55,Material,sink,MinionRoster.TryForge,-1302
2,55,DP,sink,MinionRoster.TrySummon,-4706
2,55,DP,source,AdventurerAI.ReapEmotion,424
2,55,DP,sink,CommandSystem.TryUse,-5600
2,55,DP,source,AdventurerAI.TakeDamage,73336
2,55,Material,source,AdventurerAI.TakeDamage,1267
2,55,DP,source,AdventurerAI.GrantReturnReward,25691
2,55,Fame,source,AdventurerAI.GrantReturnReward,380
2,55,Fame,source,LureEconomy.OnHeroEscaped,950
2,55,DP,source,Nemesis.OnSlain,1118
2,55,Material,source,Nemesis.OnSlain,6
2,55,DP,stock,end,95021
2,55,Material,stock,end,10677
2,55,Fame,stock,end,43460
2,56,DP,source,SurfaceMap.CollectYields,261
2,56,Material,source,SurfaceMap.CollectYields,12
2,56,Fame,source,SurfaceMap.CollectYields,46
2,56,DP,source,DistrictCatalog.Collect,28
2,56,Material,source,DistrictCatalog.Collect,3
2,56,DP,source,EraSystem.TickTurn,11664
2,56,DP,sink,MinionRoster.TryForge,-103680
2,56,Material,sink,MinionRoster.TryForge,-1512
2,56,DP,sink,MinionRoster.TrySummon,-3276
2,56,DP,source,AdventurerAI.ReapEmotion,192
2,56,DP,source,AdventurerAI.GrantReturnReward,47036
2,56,Fame,source,AdventurerAI.GrantReturnReward,680
2,56,Fame,source,LureEconomy.OnHeroEscaped,1700
2,56,DP,sink,CommandSystem.TryUse,-6050
2,56,DP,source,AdventurerAI.TakeDamage,121250
2,56,Material,source,AdventurerAI.TakeDamage,1758
2,56,DP,source,Nemesis.OnSlain,3020
2,56,Material,source,Nemesis.OnSlain,16
2,56,DP,stock,end,165466
2,56,Material,stock,end,10954
2,56,Fame,stock,end,45886
2,57,DP,source,SurfaceMap.CollectYields,255
2,57,Material,source,SurfaceMap.CollectYields,12
2,57,Fame,source,SurfaceMap.CollectYields,44
2,57,DP,source,DistrictCatalog.Collect,28
2,57,Material,source,DistrictCatalog.Collect,3
2,57,DP,sink,MinionRoster.TryForge,-140400
2,57,Material,sink,MinionRoster.TryForge,-2115
2,57,DP,sink,MinionRoster.TrySummon,-25339
2,57,DP,source,AdventurerAI.ReapEmotion,160
2,57,DP,source,AdventurerAI.GrantReturnReward,25926
2,57,Fame,source,AdventurerAI.GrantReturnReward,430
2,57,Fame,source,LureEconomy.OnHeroEscaped,1075
2,57,DP,sink,CommandSystem.TryUse,-5600
2,57,DP,source,AdventurerAI.TakeDamage,73928
2,57,Material,source,AdventurerAI.TakeDamage,1412
2,57,DP,source,Nemesis.OnSlain,4697
2,57,Material,source,Nemesis.OnSlain,24
2,57,DP,stock,end,99121
2,57,Material,stock,end,10290
2,57,Fame,stock,end,47435
2,58,DP,source,SurfaceMap.CollectYields,255
2,58,Material,source,SurfaceMap.CollectYields,12
2,58,Fame,source,SurfaceMap.CollectYields,44
2,58,DP,source,DistrictCatalog.Collect,28
2,58,Material,source,DistrictCatalog.Collect,3
2,58,DP,sink,MinionRoster.TryForge,-93600
2,58,Material,sink,MinionRoster.TryForge,-1430
2,58,DP,sink,MinionRoster.TrySummon,-5777
2,58,DP,source,AdventurerAI.ReapEmotion,311
2,58,DP,sink,CommandSystem.TryUse,-5600
2,58,DP,source,AdventurerAI.GrantReturnReward,42284
2,58,Fame,source,AdventurerAI.GrantReturnReward,500
2,58,Fame,source,LureEconomy.OnHeroEscaped,1250
2,58,DP,source,AdventurerAI.TakeDamage,69171
2,58,Material,source,AdventurerAI.TakeDamage,1639
2,58,DP,source,Nemesis.OnSlain,1150
2,58,Material,source,Nemesis.OnSlain,6
2,58,DP,stock,end,107343
2,58,Material,stock,end,10520
2,58,Fame,stock,end,49229
2,59,DP,source,SurfaceMap.CollectYields,222
2,59,Material,source,SurfaceMap.CollectYields,12
2,59,Fame,source,SurfaceMap.CollectYields,36
2,59,DP,source,DistrictCatalog.Collect,28
2,59,Material,source,DistrictCatalog.Collect,3
2,59,DP,sink,MinionRoster.TryForge,-104400
2,59,Material,sink,MinionRoster.TryForge,-1595
2,59,DP,sink,MinionRoster.TrySummon,-3162
2,59,DP,source,AdventurerAI.ReapEmotion,285
2,59,DP,sink,CommandSystem.TryUse,-5600
2,59,DP,source,AdventurerAI.GrantReturnReward,20864
2,59,Fame,source,AdventurerAI.GrantReturnReward,400
2,59,Fame,source,LureEconomy.OnHeroEscaped,1000
2,59,DP,source,AdventurerAI.TakeDamage,78704
2,59,Material,source,AdventurerAI.TakeDamage,1255
2,59,DP,source,Nemesis.OnSlain,2332
2,59,Material,source,Nemesis.OnSlain,12
2,59,DP,stock,end,96616
2,59,Material,stock,end,10207
2,59,Fame,stock,end,50665
2,60,DP,source,SurfaceMap.CollectYields,222
2,60,Material,source,SurfaceMap.CollectYields,12
2,60,Fame,source,SurfaceMap.CollectYields,36
2,60,DP,source,DistrictCatalog.Collect,28
2,60,Material,source,DistrictCatalog.Collect,3
2,60,DP,sink,MinionRoster.TryForge,-93600
2,60,Material,sink,MinionRoster.TryForge,-1430
2,60,DP,sink,MinionRoster.TrySummon,-3255
2,60,DP,source,AdventurerAI.ReapEmotion,907
2,60,DP,sink,CommandSystem.TryUse,-6050
2,60,DP,source,AdventurerAI.GrantReturnReward,21656
2,60,Fame,source,AdventurerAI.GrantReturnReward,240
2,60,Fame,source,LureEconomy.OnHeroEscaped,600
2,60,DP,source,AdventurerAI.TakeDamage,46857
2,60,Material,source,AdventurerAI.TakeDamage,802
2,60,DP,source,Nemesis.OnSlain,1571
2,60,Material,source,Nemesis.OnSlain,8
2,60,DP,stock,end,64952
2,60,Material,stock,end,9602
2,60,Fame,stock,end,51541
2,61,DP,source,SurfaceMap.CollectYields,225
2,61,Material,source,SurfaceMap.CollectYields,12
2,61,Fame,source,SurfaceMap.CollectYields,37
2,61,DP,source,DistrictCatalog.Collect,28
2,61,Material,source,DistrictCatalog.Collect,3
2,61,DP,sink,MinionRoster.TryForge,-61200
2,61,Material,sink,MinionRoster.TryForge,-935
2,61,DP,sink,MinionRoster.TrySummon,-4003
2,61,DP,source,AdventurerAI.ReapEmotion,505
2,61,DP,sink,CommandSystem.TryUse,-5600
2,61,DP,source,AdventurerAI.GrantReturnReward,34180
2,61,Fame,source,AdventurerAI.GrantReturnReward,500
2,61,Fame,source,LureEconomy.OnHeroEscaped,1250
2,61,DP,source,AdventurerAI.TakeDamage,79868
2,61,Material,source,AdventurerAI.TakeDamage,1794
2,61,DP,source,Nemesis.OnSlain,1199
2,61,Material,source,Nemesis.OnSlain,6
2,61,DP,stock,end,110154
2,61,Material,stock,end,10482
2,61,Fame,stock,end,53328
2,62,DP,source,SurfaceMap.CollectYields,165
2,62,Material,source,SurfaceMap.CollectYields,9
2,62,Fame,source,SurfaceMap.CollectYields,27
2,62,DP,source,DistrictCatalog.Collect,28
2,62,Material,source,DistrictCatalog.Collect,3
2,62,DP,sink,MinionRoster.TryForge,-105840
2,62,Material,sink,MinionRoster.TryForge,-1705
2,62,DP,sink,MinionRoster.TrySummon,-4451
2,62,DP,source,AdventurerAI.ReapEmotion,151
2,62,DP,source,AdventurerAI.GrantReturnReward,50712
2,62,Fame,source,AdventurerAI.GrantReturnReward,560
2,62,Fame,source,LureEconomy.OnHeroEscaped,1400
2,62,DP,sink,CommandSystem.TryUse,-5600
2,62,DP,source,AdventurerAI.TakeDamage,75878
2,62,Material,source,AdventurerAI.TakeDamage,1446
2,62,DP,source,Nemesis.OnSlain,7105
2,62,Material,source,Nemesis.OnSlain,31
2,62,DP,stock,end,128302
2,62,Material,stock,end,10266
2,62,Fame,stock,end,55315
2,63,DP,source,SurfaceMap.CollectYields,165
2,63,Material,source,SurfaceMap.CollectYields,9
2,63,Fame,source,SurfaceMap.CollectYields,27
2,63,DP,source,DistrictCatalog.Collect,28
2,63,Material,source,DistrictCatalog.Collect,3
2,63,DP,sink,MinionRoster.TryForge,-125280
2,63,Material,sink,MinionRoster.TryForge,-2030
2,63,DP,sink,MinionRoster.TrySummon,-3202
2,63,DP,source,AdventurerAI.ReapEmotion,331
2,63,DP,sink,CommandSystem.TryUse,-6050
2,63,DP,source,AdventurerAI.GrantReturnReward,38857
2,63,Fame,source,AdventurerAI.GrantReturnReward,470
2,63,Fame,source,LureEconomy.OnHeroEscaped,1175
2,63,DP,source,AdventurerAI.TakeDamage,89675
2,63,Material,source,AdventurerAI.TakeDamage,1042
2,63,DP,source,Nemesis.OnSlain,5012
2,63,Material,source,Nemesis.OnSlain,24
2,63,DP,stock,end,127838
2,63,Material,stock,end,9314
2,63,Fame,stock,end,56987
2,64,DP,source,SurfaceMap.CollectYields,165
2,64,Material,source,SurfaceMap.CollectYields,9
2,64,Fame,source,SurfaceMap.CollectYields,27
2,64,DP,source,DistrictCatalog.Collect,28
2,64,Material,source,DistrictCatalog.Collect,3
2,64,DP,sink,MinionRoster.TryForge,-120960
2,64,Material,sink,MinionRoster.TryForge,-1960
2,64,DP,sink,MinionRoster.TrySummon,-7021
2,64,DP,source,IncidentSystem.Apply,600
2,64,DP,sink,CommandSystem.TryUse,-5850
2,64,DP,source,AdventurerAI.ReapEmotion,761
2,64,DP,source,AdventurerAI.GrantReturnReward,125109
2,64,Fame,source,AdventurerAI.GrantReturnReward,1190
2,64,Fame,source,LureEconomy.OnHeroEscaped,2975
2,64,DP,source,AdventurerAI.TakeDamage,81887
2,64,Material,source,AdventurerAI.TakeDamage,1300
2,64,DP,stock,end,202557
2,64,Material,stock,end,8666
2,64,Fame,stock,end,61179
2,65,DP,source,SurfaceMap.CollectYields,229
2,65,Material,source,SurfaceMap.CollectYields,12
2,65,Fame,source,SurfaceMap.CollectYields,38
2,65,DP,source,DistrictCatalog.Collect,28
2,65,Material,source,DistrictCatalog.Collect,3
2,65,DP,sink,MinionRoster.TryForge,-181440
2,65,Material,sink,MinionRoster.TryForge,-2940
2,65,DP,sink,MinionRoster.TrySummon,-21366
2,65,DP,source,AdventurerAI.ReapEmotion,285
2,65,DP,source,AdventurerAI.GrantReturnReward,90464
2,65,Fame,source,AdventurerAI.GrantReturnReward,840
2,65,Fame,source,LureEconomy.OnHeroEscaped,2100
2,65,DP,sink,CommandSystem.TryUse,-4900
2,65,DP,source,AdventurerAI.TakeDamage,66547
2,65,Material,source,AdventurerAI.TakeDamage,1267
2,65,DP,stock,end,152404
2,65,Material,stock,end,7008
2,65,Fame,stock,end,64157
2,66,DP,source,SurfaceMap.CollectYields,229
2,66,Material,source,SurfaceMap.CollectYields,12
2,66,Fame,source,SurfaceMap.CollectYields,38
2,66,DP,source,DistrictCatalog.Collect,28
2,66,Material,source,DistrictCatalog.Collect,3
2,66,DP,sink,MinionRoster.TryForge,-147540
2,66,Material,sink,MinionRoster.TryForge,-2560
2,66,DP,sink,MinionRoster.TrySummon,-5094
2,66,DP,source,AdventurerAI.ReapEmotion,150
2,66,DP,source,AdventurerAI.GrantReturnReward,80526
2,66,Fame,source,AdventurerAI.GrantReturnReward,650
2,66,Fame,source,LureEconomy.OnHeroEscaped,1625
2,66,DP,sink,CommandSystem.TryUse,-5200
2,66,DP,source,AdventurerAI.TakeDamage,61846
2,66,Material,source,AdventurerAI.TakeDamage,1635
2,66,DP,stock,end,137349
2,66,Material,stock,end,6098
2,66,Fame,stock,end,66470
2,67,DP,source,SurfaceMap.CollectYields,229
2,67,Material,source,SurfaceMap.CollectYields,12
2,67,Fame,source,SurfaceMap.CollectYields,38
2,67,DP,source,DistrictCatalog.Collect,28
2,67,Material,source,DistrictCatalog.Collect,3
2,67,DP,sink,MinionRoster.TryForge,-132600
2,67,Material,sink,MinionRoster.TryForge,-2340
2,67,DP,sink,MinionRoster.TrySummon,-5004
2,67,DP,source,AdventurerAI.ReapEmotion,709
2,67,DP,sink,CommandSystem.TryUse,-5550
2,67,DP,source,AdventurerAI.GrantReturnReward,84863
2,67,Fame,source,AdventurerAI.GrantReturnReward,740
2,67,Fame,source,LureEconomy.OnHeroEscaped,1850
2,67,DP,source,AdventurerAI.TakeDamage,51907
2,67,Material,source,AdventurerAI.TakeDamage,833
2,67,DP,source,Nemesis.OnSlain,5079
2,67,Material,source,Nemesis.OnSlain,24
2,67,DP,stock,end,137010
2,67,Material,stock,end,4630
2,67,Fame,stock,end,69098
2,68,DP,source,SurfaceMap.CollectYields,261
2,68,Material,source,SurfaceMap.CollectYields,12
2,68,Fame,source,SurfaceMap.CollectYields,46
2,68,DP,source,DistrictCatalog.Collect,28
2,68,Material,source,DistrictCatalog.Collect,3
2,68,DP,sink,MinionRoster.TryForge,-132600
2,68,Material,sink,MinionRoster.TryForge,-2340
2,68,DP,sink,MinionRoster.TrySummon,-4639
2,68,DP,source,AdventurerAI.ReapEmotion,349
2,68,DP,sink,CommandSystem.TryUse,-5550
2,68,DP,source,AdventurerAI.GrantReturnReward,85531
2,68,Fame,source,AdventurerAI.GrantReturnReward,650
2,68,Fame,source,LureEconomy.OnHeroEscaped,1625
2,68,DP,source,AdventurerAI.TakeDamage,65045
2,68,Material,source,AdventurerAI.TakeDamage,1591
2,68,DP,source,Nemesis.OnSlain,4551
2,68,Material,source,Nemesis.OnSlain,20
2,68,DP,stock,end,149986
2,68,Material,stock,end,3916
2,68,Fame,stock,end,71419
