run,turn,resource,kind,key,amount
1,1,DP,sink,DungeonFeatureManager.TryPlaceTrap,-150
1,1,DP,source,AdventurerAI.ReapEmotion,100
1,1,DP,source,AdventurerAI.TakeDamage,165
1,1,Material,source,AdventurerAI.TakeDamage,6
1,1,DP,source,AdventurerAI.GrantReturnReward,451
1,1,Fame,source,AdventurerAI.GrantReturnReward,20
1,1,Fame,source,LureEconomy.OnHeroEscaped,50
1,1,DP,sink,CommandSystem.TryUse,-650
1,1,DP,stock,end,116
1,1,Material,stock,end,6
1,1,Fame,stock,end,70
1,2,DP,source,SurfaceMap.CollectYields,18
1,2,Material,source,SurfaceMap.CollectYields,1
1,2,Fame,source,SurfaceMap.CollectYields,4
1,2,DP,source,EraSystem.TickTurn,600
1,2,Fame,source,EraSystem.TickTurn,25
1,2,DP,sink,MinionRoster.TryForge,-236
1,2,DP,sink,MinionEvolution.TryEvolve,-150
1,2,DP,sink,DungeonFeatureManager.TryPlaceTrap,-150
1,2,DP,sink,MinionRoster.TrySummon,-198
1,2,DP,source,AdventurerAI.ReapEmotion,105
1,2,DP,source,AdventurerAI.GrantReturnReward,980
1,2,Fame,source,AdventurerAI.GrantReturnReward,50
1,2,Fame,source,LureEconomy.OnHeroEscaped,125
1,2,DP,sink,CommandSystem.TryUse,-1150
1,2,DP,source,AdventurerAI.TakeDamage,66
1,2,Material,source,AdventurerAI.TakeDamage,2
1,2,DP,stock,end,1
1,2,Material,stock,end,9
1,2,Fame,stock,end,274
1,3,DP,source,SurfaceMap.CollectYields,18
1,3,Material,source,SurfaceMap.CollectYields,1
1,3,Fame,source,SurfaceMap.CollectYields,4
1,3,DP,source,EraSystem.TickTurn,600
1,3,Material,source,EraSystem.TickTurn,10
1,3,Fame,source,EraSystem.TickTurn,25
1,3,DP,sink,MinionRoster.TryForge,-236
1,3,DP,sink,MinionEvolution.TryEvolve,-75
1,3,DP,sink,DungeonFeatureManager.TryPlaceTrap,-150
1,3,DP,sink,MinionRoster.TrySummon,-147
1,3,DP,source,AdventurerAI.ReapEmotion,123
1,3,DP,source,AdventurerAI.TakeDamage,182
1,3,Material,source,AdventurerAI.TakeDamage,8
1,3,Fame,source,AdventurerAI.GrantReturnReward,30
1,3,Fame,source,LureEconomy.OnHeroEscaped,75
1,3,DP,sink,CommandSystem.TryUse,-650
1,3,DP,source,AdventurerAI.GrantReturnReward,800
1,3,DP,stock,end,466
1,3,Material,stock,end,28
1,3,Fame,stock,end,408
1,4,DP,source,SurfaceMap.CollectYields,18
1,4,Material,source,SurfaceMap.CollectYields,1
1,4,Fame,source,SurfaceMap.CollectYields,4
1,4,DP,source,EraSystem.TickTurn,600
1,4,DP,sink,MinionRoster.TryForge,-236
1,4,DP,sink,DungeonFloorManager.TryExpandFloor,-400
1,4,DP,sink,MinionRoster.TryEvolveIndividual,-75
1,4,DP,sink,DungeonFeatureManager.TryPlaceTrap,-300
1,4,DP,sink,MinionRoster.TrySummon,-70
1,4,DP,source,AdventurerAI.ReapEmotion,106
1,4,DP,source,AdventurerAI.TakeDamage,599
1,4,Material,source,AdventurerAI.TakeDamage,30
1,4,DP,sink,CommandSystem.TryUse,-950
1,4,DP,source,Nemesis.OnSlain,502
1,4,Material,source,Nemesis.OnSlain,5
1,4,DP,stock,end,260
1,4,Material,stock,end,64
1,4,Fame,stock,end,412
1,5,DP,source,SurfaceMap.CollectYields,18
1,5,Material,source,SurfaceMap.CollectYields,1
1,5,Fame,source,SurfaceMap.CollectYields,4
1,5,DP,source,EraSystem.TickTurn,600
1,5,Material,source,EraSystem.TickTurn,10
1,5,DP,sink,MinionRoster.TryForge,-212
1,5,DP,sink,MinionEvolution.TryEvolve,-175
1,5,DP,sink,MinionRoster.TryEvolveIndividual,-175
1,5,DP,sink,DungeonFeatureManager.TryPlaceTrap,-150
1,5,DP,sink,MinionRoster.TrySummon,-162
1,5,DP,source,AdventurerAI.TakeDamage,799
1,5,Material,source,AdventurerAI.TakeDamage,32
1,5,DP,source,AdventurerAI.ReapEmotion,126
1,5,Fame,source,AdventurerAI.GrantReturnReward,30
1,5,Fame,source,LureEconomy.OnHeroEscaped,75
1,5,DP,source,AdventurerAI.GrantReturnReward,63
1,5,DP,sink,CommandSystem.TryUse,-1450
1,5,DP,source,Nemesis.OnSlain,1036
1,5,Material,source,Nemesis.OnSlain,10
1,5,DP,stock,end,578
1,5,Material,stock,end,117
1,5,Fame,stock,end,521
1,6,DP,source,SurfaceMap.CollectYields,39
1,6,Material,source,SurfaceMap.CollectYields,2
1,6,Fame,source,SurfaceMap.CollectYields,9
1,6,DP,source,EraSystem.TickTurn,600
1,6,DP,sink,MinionRoster.TryForge,-212
1,6,DP,sink,MinionEvolution.TryEvolve,-550
1,6,DP,sink,MinionRoster.TryEvolveIndividual,-150
1,6,DP,sink,DungeonFeatureManager.TryPlaceTrap,-150
1,6,DP,sink,MinionRoster.TrySummon,-153
1,6,DP,source,AdventurerAI.TakeDamage,639
1,6,Material,source,AdventurerAI.TakeDamage,31
1,6,DP,source,AdventurerAI.ReapEmotion,118
1,6,DP,source,AdventurerAI.GrantReturnReward,216
1,6,Fame,source,AdventurerAI.GrantReturnReward,20
1,6,Fame,source,LureEconomy.OnHeroEscaped,50
1,6,DP,sink,CommandSystem.TryUse,-1300
1,6,DP,source,Nemesis.OnSlain,551
1,6,Material,source,Nemesis.OnSlain,5
1,6,DP,stock,end,226
1,6,Material,stock,end,155
1,6,Fame,stock,end,600
1,7,DP,source,SurfaceMap.CollectYields,39
1,7,Material,source,SurfaceMap.CollectYields,2
1,7,Fame,source,SurfaceMap.CollectYields,9
1,7,DP,source,EraSystem.TickTurn,1020
1,7,DP,sink,MinionRoster.TryForge,-212
1,7,DP,sink,MinionEvolution.TryEvolve,-650
1,7,DP,sink,MinionRoster.TryEvolveIndividual,-75
1,7,DP,sink,DungeonFeatureManager.TryPlaceTrap,-150
1,7,DP,sink,MinionRoster.TrySummon,-189
1,7,DP,source,AdventurerAI.TakeDamage,783
1,7,Material,source,AdventurerAI.TakeDamage,18
1,7,DP,source,AdventurerAI.ReapEmotion,117
1,7,DP,sink,CommandSystem.TryUse,-1450
1,7,DP,source,AdventurerAI.GrantReturnReward,330
1,7,Fame,source,AdventurerAI.GrantReturnReward,10
1,7,Fame,source,LureEconomy.OnHeroEscaped,25
1,7,DP,source,Nemesis.OnSlain,1134
1,7,Material,source,Nemesis.OnSlain,10
1,7,DP,stock,end,923
1,7,Material,stock,end,185
1,7,Fame,stock,end,644
1,8,DP,source,SurfaceMap.CollectYields,39
1,8,Material,source,SurfaceMap.CollectYields,2
1,8,Fame,source,SurfaceMap.CollectYields,9
1,8,DP,source,EraSystem.TickTurn,600
1,8,DP,sink,MinionRoster.TryForge,-212
1,8,DP,sink,DungeonFloorManager.TryAddFloor,-800
1,8,DP,sink,MinionEvolution.TryEvolve,-250
1,8,DP,sink,DungeonFeatureManager.TryPlaceTrap,-150
1,8,DP,sink,MinionRoster.TrySummon,-128
1,8,DP,source,AdventurerAI.ReapEmotion,114
1,8,DP,source,AdventurerAI.TakeDamage,936
1,8,Material,source,AdventurerAI.TakeDamage,35
1,8,DP,sink,CommandSystem.TryUse,-1300
1,8,DP,source,AdventurerAI.GrantReturnReward,170
1,8,Fame,source,AdventurerAI.GrantReturnReward,10
1,8,Fame,source,LureEconomy.OnHeroEscaped,25
1,8,DP,source,Nemesis.OnSlain,1166
1,8,Material,source,Nemesis.OnSlain,10
1,8,DP,stock,end,1108
1,8,Material,stock,end,232
1,8,Fame,stock,end,688
1,9,DP,source,SurfaceMap.CollectYields,69
1,9,Material,source,SurfaceMap.CollectYields,3
1,9,Fame,source,SurfaceMap.CollectYields,17
1,9,DP,source,EraSystem.TickTurn,600
1,9,DP,sink,MinionRoster.TryForge,-190
1,9,DP,sink,DungeonFloorManager.TryExpandFloor,-1200
1,9,DP,sink,DungeonFeatureManager.TryPlaceTrap,-150
1,9,DP,sink,MinionRoster.TrySummon,-216
1,9,DP,source,AdventurerAI.ReapEmotion,412
1,9,DP,sink,CommandSystem.TryUse,-2300
1,9,DP,source,AdventurerAI.GrantReturnReward,500
1,9,Fame,source,AdventurerAI.GrantReturnReward,30
1,9,Fame,source,LureEconomy.OnHeroEscaped,75
1,9,DP,source,AdventurerAI.TakeDamage,660
1,9,Material,source,AdventurerAI.TakeDamage,36
1,9,DP,source,Nemesis.OnSlain,1198
1,9,Material,source,Nemesis.OnSlain,10
1,9,DP,stock,end,491
1,9,Material,stock,end,281
1,9,Fame,stock,end,810
1,10,DP,source,SurfaceMap.CollectYields,52
1,10,Material,source,SurfaceMap.CollectYields,2
1,10,Fame,source,SurfaceMap.CollectYields,11
1,10,DP,source,EraSystem.TickTurn,300
1,10,Fame,source,EraSystem.TickTurn,25
1,10,DP,sink,MinionRoster.TryForge,-190
1,10,DP,sink,MinionEvolution.TryEvolve,-250
1,10,DP,sink,MinionRoster.TryEvolveIndividual,-75
1,10,DP,sink,DungeonFeatureManager.TryPlaceTrap,-150
1,10,DP,sink,MinionRoster.TrySummon,-175
1,10,DP,source,AdventurerAI.ReapEmotion,165
1,10,DP,source,AdventurerAI.TakeDamage,787
1,10,Material,source,AdventurerAI.TakeDamage,34
1,10,DP,sink,CommandSystem.TryUse,-1300
1,10,DP,source,Nemesis.OnSlain,632
1,10,Material,source,Nemesis.OnSlain,5
1,10,DP,stock,end,287
1,10,Material,stock,end,322
1,10,Fame,stock,end,846
1,11,DP,source,SurfaceMap.CollectYields,52
1,11,Material,source,SurfaceMap.CollectYields,2
1,11,Fame,source,SurfaceMap.CollectYields,11
1,11,DP,source,EraSystem.TickTurn,720
1,11,DP,source,WaveRoster.ResolveTrial,900
1,11,DP,sink,MinionRoster.TryForge,-190
1,11,DP,sink,DungeonFloorManager.TryExpandFloor,-800
1,11,DP,sink,MinionEvolution.TryEvolve,-550
1,11,DP,sink,MinionRoster.TryEvolveIndividual,-75
1,11,DP,sink,DungeonFeatureManager.TryPlaceTrap,-150
1,11,DP,sink,MinionRoster.TrySummon,-187
1,11,DP,source,AdventurerAI.ReapEmotion,136
1,11,DP,source,AdventurerAI.TakeDamage,957
1,11,Material,source,AdventurerAI.TakeDamage,43
1,11,DP,sink,CommandSystem.TryUse,-2300
1,11,DP,source,AdventurerAI.GrantReturnReward,986
1,11,Fame,source,AdventurerAI.GrantReturnReward,30
1,11,Fame,source,LureEconomy.OnHeroEscaped,75
1,11,DP,source,Nemesis.OnSlain,632
1,11,Material,source,Nemesis.OnSlain,5
1,11,DP,stock,end,418
1,11,Material,stock,end,372
1,11,Fame,stock,end,962
1,12,DP,source,SurfaceMap.CollectYields,78
1,12,Material,source,SurfaceMap.CollectYields,3
1,12,Fame,source,SurfaceMap.CollectYields,16
1,12,DP,source,DistrictCatalog.Collect,112
1,12,DP,sink,MinionRoster.TryForge,-190
1,12,DP,sink,DungeonFeatureManager.TryPlaceTrap,-150
1,12,DP,sink,MinionRoster.TrySummon,-256
1,12,DP,source,AdventurerAI.ReapEmotion,451
1,12,DP,source,AdventurerAI.TakeDamage,1074
1,12,Material,source,AdventurerAI.TakeDamage,36
1,12,DP,source,AdventurerAI.GrantReturnReward,1293
1,12,Fame,source,AdventurerAI.GrantReturnReward,40
1,12,Fame,source,LureEconomy.OnHeroEscaped,100
1,12,DP,sink,CommandSystem.TryUse,-2300
1,12,DP,source,Nemesis.OnSlain,664
1,12,Material,source,Nemesis.OnSlain,5
1,12,DP,stock,end,1194
1,12,Material,stock,end,416
1,12,Fame,stock,end,1118
1,13,DP,source,SurfaceMap.CollectYields,80
1,13,Material,source,SurfaceMap.CollectYields,4
1,13,Fame,source,SurfaceMap.CollectYields,18
1,13,DP,source,DistrictCatalog.Collect,126
1,13,DP,sink,MinionRoster.TryForge,-285
1,13,DP,sink,MinionRoster.TryEvolveIndividual,-750
1,13,DP,sink,DungeonFeatureManager.TryPlaceTrap,-150
1,13,DP,sink,MinionRoster.TrySummon,-203
1,13,DP,source,AdventurerAI.ReapEmotion,122
1,13,DP,source,AdventurerAI.TakeDamage,1719
1,13,Material,source,AdventurerAI.TakeDamage,58
1,13,DP,source,AdventurerAI.GrantReturnReward,2416
1,13,Fame,source,AdventurerAI.GrantReturnReward,80
1,13,Fame,source,LureEconomy.OnHeroEscaped,200
1,13,DP,sink,CommandSystem.TryUse,-1800
1,13,DP,source,Nemesis.OnSlain,2278
1,13,Material,source,Nemesis.OnSlain,17
1,13,DP,stock,end,4747
1,13,Material,stock,end,495
1,13,Fame,stock,end,1416
1,14,DP,source,SurfaceMap.CollectYields,101
1,14,Material,source,SurfaceMap.CollectYields,5
1,14,Fame,source,SurfaceMap.CollectYields,23
1,14,DP,source,DistrictCatalog.Collect,126
1,14,DP,source,EraSystem.TickTurn,300
1,14,DP,sink,MinionRoster.TryForge,-190
1,14,DP,sink,DungeonFloorManager.TryAddFloor,-2000
1,14,DP,sink,DungeonFloorManager.TryExpandFloor,-2700
1,14,DP,sink,DungeonFeatureManager.TryPlaceTrap,-150
1,14,DP,sink,MinionRoster.TrySummon,-219
1,14,DP,source,AdventurerAI.ReapEmotion,366
1,14,DP,sink,CommandSystem.TryUse,-2300
1,14,DP,source,AdventurerAI.TakeDamage,981
1,14,Material,source,AdventurerAI.TakeDamage,33
1,14,DP,source,AdventurerAI.GrantReturnReward,1566
1,14,Fame,source,AdventurerAI.GrantReturnReward,70
1,14,Fame,source,LureEconomy.OnHeroEscaped,175
1,14,DP,source,Nemesis.OnSlain,713
1,14,Material,source,Nemesis.OnSlain,5
1,14,DP,stock,end,1341
1,14,Material,stock,end,538
1,14,Fame,stock,end,1684
1,15,DP,source,SurfaceMap.CollectYields,101
1,15,Material,source,SurfaceMap.CollectYields,5
1,15,Fame,source,SurfaceMap.CollectYields,23
1,15,DP,source,DistrictCatalog.Collect,126
1,15,DP,sink,MinionRoster.TryForge,-190
1,15,DP,sink,MinionRoster.TryEvolveIndividual,-1050
1,15,DP,sink,DungeonFeatureManager.TryPlaceTrap,-150
1,15,DP,sink,MinionRoster.TrySummon,-158
1,15,DP,source,AdventurerAI.ReapEmotion,434
1,15,DP,sink,CommandSystem.TryUse,-2150
1,15,DP,source,AdventurerAI.TakeDamage,1316
1,15,Material,source,AdventurerAI.TakeDamage,26
1,15,DP,source,AdventurerAI.GrantReturnReward,2384
1,15,Fame,source,AdventurerAI.GrantReturnReward,70
1,15,Fame,source,LureEconomy.OnHeroEscaped,175
1,15,DP,stock,end,2004
1,15,Material,stock,end,569
1,15,Fame,stock,end,1952
1,16,DP,source,SurfaceMap.CollectYields,101
1,16,Material,source,SurfaceMap.CollectYields,5
1,16,Fame,source,SurfaceMap.CollectYields,23
1,16,DP,source,DistrictCatalog.Collect,140
1,16,DP,source,EraSystem.TickTurn,300
1,16,DP,source,WaveRoster.ResolveTrial,900
1,16,DP,sink,MinionRoster.TryForge,-950
1,16,DP,sink,DungeonFloorManager.TryExpandFloor,-1500
1,16,DP,sink,MinionRoster.TryEvolveIndividual,-575
1,16,DP,sink,DungeonFeatureManager.TryPlaceTrap,-150
1,16,DP,sink,MinionRoster.TrySummon,-264
1,16,DP,source,AdventurerAI.ReapEmotion,314
1,16,DP,sink,CommandSystem.TryUse,-3400
1,16,DP,source,AdventurerAI.GrantReturnReward,4113
1,16,Fame,source,AdventurerAI.GrantReturnReward,160
1,16,Fame,source,LureEconomy.OnHeroEscaped,400
1,16,DP,source,AdventurerAI.TakeDamage,1750
1,16,Material,source,AdventurerAI.TakeDamage,32
1,16,DP,source,Nemesis.OnSlain,761
1,16,Material,source,Nemesis.OnSlain,5
1,16,DP,stock,end,3544
1,16,Material,stock,end,611
1,16,Fame,stock,end,2535
1,17,DP,source,SurfaceMap.CollectYields,124
1,17,Material,source,SurfaceMap.CollectYields,6
1,17,Fame,source,SurfaceMap.CollectYields,28
1,17,DP,source,DistrictCatalog.Collect,140
1,17,DP,source,EraSystem.TickTurn,720
1,17,DP,sink,MinionRoster.TryForge,-2297
1,17,DP,sink,DungeonFloorManager.TryExpandFloor,-1500
1,17,DP,sink,MinionRoster.TryEvolveIndividual,-325
1,17,DP,sink,DungeonFeatureManager.TryPlaceTrap,-150
1,17,DP,sink,MinionRoster.TrySummon,-247
1,17,DP,source,AdventurerAI.ReapEmotion,178
1,17,DP,source,AdventurerAI.GrantReturnReward,6880
1,17,Fame,source,AdventurerAI.GrantReturnReward,220
1,17,Fame,source,LureEconomy.OnHeroEscaped,550
1,17,DP,sink,CommandSystem.TryUse,-6050
1,17,DP,source,AdventurerAI.TakeDamage,1550
1,17,Material,source,AdventurerAI.TakeDamage,23
1,17,DP,stock,end,2567
1,17,Material,stock,end,640
1,17,Fame,stock,end,3333
1,18,DP,source,SurfaceMap.CollectYields,124
1,18,Material,source,SurfaceMap.CollectYields,6
1,18,Fame,source,SurfaceMap.CollectYields,28
1,18,DP,source,DistrictCatalog.Collect,140
1,18,DP,sink,MinionRoster.TryForge,-2434
1,18,DP,sink,DungeonFeatureManager.TryPlaceTrap,-150
1,18,DP,sink,MinionRoster.TrySummon,-216
1,18,DP,source,AdventurerAI.ReapEmotion,183
1,18,DP,source,AdventurerAI.GrantReturnReward,7256
1,18,Fame,source,AdventurerAI.GrantReturnReward,190
1,18,Fame,source,LureEconomy.OnHeroEscaped,475
1,18,DP,sink,CommandSystem.TryUse,-4900
1,18,DP,source,AdventurerAI.TakeDamage,1562
1,18,Material,source,AdventurerAI.TakeDamage,12
1,18,DP,stock,end,4132
1,18,Material,stock,end,658
1,18,Fame,stock,end,4026
1,19,DP,source,SurfaceMap.CollectYields,145
1,19,Material,source,SurfaceMap.CollectYields,7
1,19,Fame,source,SurfaceMap.CollectYields,33
1,19,DP,source,DistrictCatalog.Collect,140
1,19,DP,sink,MinionRoster.TryForge,-3644
1,19,DP,sink,MinionRoster.TryEvolveIndividual,-325
1,19,DP,sink,DungeonFeatureManager.TryPlaceTrap,-150
1,19,DP,sink,MinionRoster.TrySummon,-287
1,19,DP,source,AdventurerAI.ReapEmotion,421
1,19,DP,sink,CommandSystem.TryUse,-5850
1,19,DP,source,AdventurerAI.TakeDamage,3527
1,19,Material,source,AdventurerAI.TakeDamage,115
1,19,Fame,source,AdventurerAI.GrantReturnReward,170
1,19,Fame,source,LureEconomy.OnHeroEscaped,425
1,19,DP,source,AdventurerAI.GrantReturnReward,11231
1,19,DP,source,Nemesis.OnSlain,1964
1,19,Material,source,Nemesis.OnSlain,12
1,19,DP,stock,end,11304
1,19,Material,stock,end,792
1,19,Fame,stock,end,4654
1,20,DP,source,SurfaceMap.CollectYields,145
1,20,Material,source,SurfaceMap.CollectYields,7
1,20,Fame,source,SurfaceMap.CollectYields,33
1,20,DP,source,DistrictCatalog.Collect,140
1,20,DP,sink,MinionRoster.TryForge,-4828
1,20,DP,sink,DungeonFloorManager.TryAddFloor,-5000
1,20,DP,sink,DungeonFloorManager.TryExpandFloor,-1200
1,20,DP,sink,DungeonFeatureManager.TryPlaceTrap,-300
1,20,DP,sink,MinionRoster.TrySummon,-226
1,20,DP,source,AdventurerAI.ReapEmotion,485
1,20,DP,sink,CommandSystem.TryUse,-4550
1,20,DP,source,AdventurerAI.GrantReturnReward,12412
1,20,Fame,source,AdventurerAI.GrantReturnReward,190
1,20,Fame,source,LureEconomy.OnHeroEscaped,475
1,20,DP,source,AdventurerAI.TakeDamage,4159
1,20,Material,source,AdventurerAI.TakeDamage,26
1,20,DP,stock,end,12541
1,20,Material,stock,end,825
1,20,Fame,stock,end,5352
2,1,DP,sink,DungeonFeatureManager.TryPlaceTrap,-150
2,1,DP,source,AdventurerAI.ReapEmotion,150
2,1,DP,source,AdventurerAI.TakeDamage,107
2,1,Material,source,AdventurerAI.TakeDamage,4
2,1,DP,sink,CommandSystem.TryUse,-650
2,1,DP,source,AdventurerAI.GrantReturnReward,652
2,1,Fame,source,AdventurerAI.GrantReturnReward,30
2,1,Fame,source,LureEconomy.OnHeroEscaped,75
2,1,DP,stock,end,309
2,1,Material,stock,end,4
2,1,Fame,stock,end,105
2,2,DP,source,SurfaceMap.CollectYields,18
2,2,Material,source,SurfaceMap.CollectYields,1
2,2,Fame,source,SurfaceMap.CollectYields,4
2,2,DP,source,EraSystem.TickTurn,600
2,2,Fame,source,EraSystem.TickTurn,25
2,2,DP,sink,MinionRoster.TryForge,-236
2,2,DP,sink,MinionEvolution.TryEvolve,-325
2,2,DP,sink,DungeonFeatureManager.TryPlaceTrap,-300
2,2,DP,sink,MinionRoster.TrySummon,-60
2,2,DP,source,AdventurerAI.ReapEmotion,162
2,2,DP,source,AdventurerAI.TakeDamage,226
2,2,Material,source,AdventurerAI.TakeDamage,6
2,2,DP,source,AdventurerAI.GrantReturnReward,553
2,2,Fame,source,AdventurerAI.GrantReturnReward,20
2,2,Fame,source,LureEconomy.OnHeroEscaped,50
2,2,DP,sink,CommandSystem.TryUse,-300
2,2,DP,stock,end,647
2,2,Material,stock,end,11
2,2,Fame,stock,end,204
2,3,DP,source,SurfaceMap.CollectYields,18
2,3,Material,source,SurfaceMap.CollectYields,1
2,3,Fame,source,SurfaceMap.CollectYields,4
2,3,DP,source,EraSystem.TickTurn,600
2,3,Material,source,EraSystem.TickTurn,10
2,3,Fame,source,EraSystem.TickTurn,25
2,3,DP,sink,MinionRoster.TryForge,-236
2,3,DP,sink,DungeonFloorManager.TryExpandFloor,-400
2,3,DP,sink,MinionEvolution.TryEvolve,-300
2,3,DP,sink,DungeonFeatureManager.TryPlaceTrap,-150
2,3,DP,sink,MinionRoster.TrySummon,-168
2,3,DP,source,AdventurerAI.ReapEmotion,163
2,3,DP,source,AdventurerAI.TakeDamage,335
2,3,Material,source,AdventurerAI.TakeDamage,25
2,3,DP,sink,CommandSystem.TryUse,-1150
2,3,DP,source,AdventurerAI.GrantReturnReward,334
2,3,Fame,source,AdventurerAI.GrantReturnReward,10
2,3,Fame,source,LureEconomy.OnHeroEscaped,25
2,3,DP,source,Nemesis.OnSlain,454
2,3,Material,source,Nemesis.OnSlain,5
2,3,DP,stock,end,147
2,3,Material,stock,end,52
2,3,Fame,stock,end,268
2,4,DP,source,SurfaceMap.CollectYields,18
2,4,Material,source,SurfaceMap.CollectYields,1
2,4,Fame,source,SurfaceMap.CollectYields,4
2,4,DP,source,EraSystem.TickTurn,600
2,4,Material,source,EraSystem.TickTurn,10
2,4,DP,sink,MinionRoster.TryForge,-236
2,4,DP,sink,MinionEvolution.TryEvolve,-200
2,4,DP,sink,DungeonFeatureManager.TryPlaceTrap,-150
2,4,DP,sink,MinionRoster.TrySummon,-158
2,4,DP,source,AdventurerAI.ReapEmotion,123
2,4,Fame,source,AdventurerAI.GrantReturnReward,20
2,4,Fame,source,LureEconomy.OnHeroEscaped,50
2,4,DP,source,AdventurerAI.TakeDamage,357
2,4,Material,source,AdventurerAI.TakeDamage,27
2,4,DP,sink,CommandSystem.TryUse,-1150
2,4,DP,source,AdventurerAI.GrantReturnReward,343
2,4,DP,source,Nemesis.OnSlain,486
2,4,Material,source,Nemesis.OnSlain,5
2,4,DP,stock,end,180
2,4,Material,stock,end,95
2,4,Fame,stock,end,342
2,5,DP,source,SurfaceMap.CollectYields,18
2,5,Material,source,SurfaceMap.CollectYields,1
2,5,Fame,source,SurfaceMap.CollectYields,4
2,5,DP,source,EraSystem.TickTurn,600
2,5,DP,sink,MinionRoster.TryForge,-212
2,5,DP,sink,MinionEvolution.TryEvolve,-200
2,5,DP,sink,MinionRoster.TryEvolveIndividual,-75
2,5,DP,sink,DungeonFeatureManager.TryPlaceTrap,-150
2,5,DP,sink,MinionRoster.TrySummon,-157
2,5,DP,source,AdventurerAI.ReapEmotion,134
2,5,DP,source,AdventurerAI.TakeDamage,542
2,5,Material,source,AdventurerAI.TakeDamage,39
2,5,DP,sink,CommandSystem.TryUse,-950
2,5,DP,source,AdventurerAI.GrantReturnReward,57
2,5,Fame,source,AdventurerAI.GrantReturnReward,10
2,5,Fame,source,LureEconomy.OnHeroEscaped,25
2,5,DP,source,Nemesis.OnSlain,502
2,5,Material,source,Nemesis.OnSlain,5
2,5,DP,stock,end,289
2,5,Material,stock,end,140
2,5,Fame,stock,end,381
2,6,DP,source,SurfaceMap.CollectYields,39
2,6,Material,source,SurfaceMap.CollectYields,2
2,6,Fame,source,SurfaceMap.CollectYields,9
2,6,DP,source,EraSystem.TickTurn,600
2,6,DP,sink,MinionRoster.TryForge,-212
2,6,DP,sink,MinionEvolution.TryEvolve,-325
2,6,DP,sink,MinionRoster.TryEvolveIndividual,-75
2,6,DP,sink,DungeonFeatureManager.TryPlaceTrap,-150
2,6,DP,sink,MinionRoster.TrySummon,-162
2,6,DP,source,AdventurerAI.ReapEmotion,132
2,6,DP,source,AdventurerAI.TakeDamage,740
2,6,Material,source,AdventurerAI.TakeDamage,37
2,6,DP,sink,CommandSystem.TryUse,-1450
2,6,DP,source,Nemesis.OnSlain,1036
2,6,Material,source,Nemesis.OnSlain,10
2,6,DP,stock,end,462
2,6,Material,stock,end,189
2,6,Fame,stock,end,390
2,7,DP,source,SurfaceMap.CollectYields,39
2,7,Material,source,SurfaceMap.CollectYields,2
2,7,Fame,source,SurfaceMap.CollectYields,9
2,7,DP,source,EraSystem.TickTurn,1020
2,7,DP,sink,MinionRoster.TryForge,-212
2,7,DP,sink,DungeonFloorManager.TryAddFloor,-800
2,7,DP,sink,MinionRoster.TryEvolveIndividual,-175
2,7,DP,sink,DungeonFeatureManager.TryPlaceTrap,-150
2,7,DP,sink,MinionRoster.TrySummon,-184
2,7,DP,source,AdventurerAI.ReapEmotion,204
2,7,DP,source,AdventurerAI.TakeDamage,556
2,7,Material,source,AdventurerAI.TakeDamage,16
2,7,DP,sink,CommandSystem.TryUse,-1150
2,7,DP,source,AdventurerAI.GrantReturnReward,919
2,7,Fame,source,AdventurerAI.GrantReturnReward,30
2,7,Fame,source,LureEconomy.OnHeroEscaped,75
2,7,DP,stock,end,529
2,7,Material,stock,end,207
2,7,Fame,stock,end,504
2,8,DP,source,SurfaceMap.CollectYields,39
2,8,Material,source,SurfaceMap.CollectYields,2
2,8,Fame,source,SurfaceMap.CollectYields,9
2,8,DP,source,EraSystem.TickTurn,600
2,8,DP,sink,MinionRoster.TryForge,-212
2,8,DP,sink,DungeonFloorManager.TryExpandFloor,-400
2,8,DP,sink,MinionEvolution.TryEvolve,-250
2,8,DP,sink,DungeonFeatureManager.TryPlaceTrap,-150
2,8,DP,sink,MinionRoster.TrySummon,-154
2,8,DP,source,AdventurerAI.ReapEmotion,128
2,8,DP,source,AdventurerAI.TakeDamage,484
2,8,Material,source,AdventurerAI.TakeDamage,89
2,8,DP,source,AdventurerAI.GrantReturnReward,1042
2,8,Fame,source,AdventurerAI.GrantReturnReward,40
2,8,Fame,source,LureEconomy.OnHeroEscaped,100
2,8,DP,sink,CommandSystem.TryUse,-1300
2,8,DP,stock,end,356
2,8,Material,stock,end,298
2,8,Fame,stock,end,653
2,9,DP,source,SurfaceMap.CollectYields,45
2,9,Material,source,SurfaceMap.CollectYields,2
2,9,Fame,source,SurfaceMap.CollectYields,11
2,9,DP,source,EraSystem.TickTurn,600
2,9,Fame,source,EraSystem.TickTurn,25
2,9,DP,sink,MinionRoster.TryForge,-190
2,9,DP,sink,MinionEvolution.TryEvolve,-500
2,9,DP,sink,DungeonFeatureManager.TryPlaceTrap,-150
2,9,DP,sink,MinionRoster.TrySummon,-139
2,9,DP,source,AdventurerAI.ReapEmotion,213
2,9,DP,source,AdventurerAI.TakeDamage,652
2,9,Material,source,AdventurerAI.TakeDamage,34
2,9,DP,sink,CommandSystem.TryUse,-650
2,9,DP,source,AdventurerAI.GrantReturnReward,233
2,9,Fame,source,AdventurerAI.GrantReturnReward,10
2,9,Fame,source,LureEconomy.OnHeroEscaped,25
2,9,DP,source,Nemesis.OnSlain,599
2,9,Material,source,Nemesis.OnSlain,5
2,9,DP,stock,end,1069
2,9,Material,stock,end,339
2,9,Fame,stock,end,724
2,10,DP,source,SurfaceMap.CollectYields,78
2,10,Material,source,SurfaceMap.CollectYields,3
2,10,Fame,source,SurfaceMap.CollectYields,16
2,10,DP,source,EraSystem.TickTurn,300
2,10,DP,sink,MinionRoster.TryForge,-190
2,10,DP,sink,DungeonFloorManager.TryExpandFloor,-800
2,10,DP,sink,MinionRoster.TryEvolveIndividual,-150
2,10,DP,sink,DungeonFeatureManager.TryPlaceTrap,-150
2,10,DP,sink,MinionRoster.TrySummon,-151
2,10,DP,source,AdventurerAI.ReapEmotion,94
2,10,DP,source,AdventurerAI.TakeDamage,1243
2,10,Material,source,AdventurerAI.TakeDamage,51
2,10,DP,source,AdventurerAI.GrantReturnReward,1439
2,10,Fame,source,AdventurerAI.GrantReturnReward,40
2,10,Fame,source,LureEconomy.OnHeroEscaped,100
2,10,DP,sink,CommandSystem.TryUse,-2300
2,10,DP,source,Nemesis.OnSlain,1232
2,10,Material,source,Nemesis.OnSlain,10
2,10,DP,stock,end,1714
2,10,Material,stock,end,403
2,10,Fame,stock,end,880
2,11,DP,source,SurfaceMap.CollectYields,51
2,11,Material,source,SurfaceMap.CollectYields,2
2,11,Fame,source,SurfaceMap.CollectYields,10
2,11,DP,source,EraSystem.TickTurn,1020
2,11,DP,source,WaveRoster.ResolveTrial,900
2,11,DP,sink,MinionRoster.TryForge,-190
2,11,DP,sink,DungeonFloorManager.TryAddFloor,-2000
2,11,DP,sink,DungeonFloorManager.TryExpandFloor,-400
2,11,DP,sink,MinionEvolution.TryEvolve,-550
2,11,DP,sink,MinionRoster.TryEvolveIndividual,-200
2,11,DP,sink,DungeonFeatureManager.TryPlaceTrap,-150
2,11,DP,sink,MinionRoster.TrySummon,-181
2,11,DP,source,AdventurerAI.ReapEmotion,199
2,11,Fame,source,AdventurerAI.GrantReturnReward,70
2,11,Fame,source,LureEconomy.OnHeroEscaped,175
2,11,DP,source,AdventurerAI.GrantReturnReward,1620
2,11,DP,sink,CommandSystem.TryUse,-1500
2,11,DP,source,AdventurerAI.TakeDamage,718
2,11,Material,source,AdventurerAI.TakeDamage,18
2,11,DP,stock,end,1051
2,11,Material,stock,end,423
2,11,Fame,stock,end,1135
2,12,DP,source,SurfaceMap.CollectYields,51
2,12,Material,source,SurfaceMap.CollectYields,2
2,12,Fame,source,SurfaceMap.CollectYields,10
2,12,DP,source,DistrictCatalog.Collect,84
2,12,DP,sink,MinionRoster.TryForge,-190
2,12,DP,sink,MinionRoster.TryEvolveIndividual,-650
2,12,DP,sink,DungeonFeatureManager.TryPlaceTrap,-150
2,12,DP,sink,MinionRoster.TrySummon,-184
2,12,DP,source,AdventurerAI.ReapEmotion,144
2,12,DP,source,AdventurerAI.GrantReturnReward,2404
2,12,Fame,source,AdventurerAI.GrantReturnReward,80
2,12,Fame,source,LureEconomy.OnHeroEscaped,200
2,12,DP,sink,CommandSystem.TryUse,-4400
2,12,DP,source,Nemesis.OnSlain,1328
2,12,Material,source,Nemesis.OnSlain,10
2,12,DP,source,AdventurerAI.TakeDamage,1038
2,12,Material,source,AdventurerAI.TakeDamage,74
2,12,DP,stock,end,526
2,12,Material,stock,end,509
2,12,Fame,stock,end,1425
2,13,DP,source,SurfaceMap.CollectYields,38
2,13,Material,source,SurfaceMap.CollectYields,2
2,13,Fame,source,SurfaceMap.CollectYields,8
2,13,DP,source,DistrictCatalog.Collect,98
2,13,DP,sink,MinionRoster.TryForge,-190
2,13,DP,sink,MinionRoster.TryEvolveIndividual,-75
2,13,DP,sink,DungeonFeatureManager.TryPlaceTrap,-150
2,13,DP,sink,MinionRoster.TrySummon,-238
2,13,DP,source,AdventurerAI.ReapEmotion,348
2,13,DP,sink,CommandSystem.TryUse,-2900
2,13,DP,source,AdventurerAI.GrantReturnReward,3538
2,13,Fame,source,AdventurerAI.GrantReturnReward,200
2,13,Fame,source,LureEconomy.OnHeroEscaped,500
2,13,DP,source,AdventurerAI.TakeDamage,198
2,13,Material,source,AdventurerAI.TakeDamage,4
2,13,DP,stock,end,1193
2,13,Material,stock,end,515
2,13,Fame,stock,end,2133
2,14,DP,source,SurfaceMap.CollectYields,80
2,14,Material,source,SurfaceMap.CollectYields,4
2,14,Fame,source,SurfaceMap.CollectYields,18
2,14,DP,source,DistrictCatalog.Collect,98
2,14,DP,sink,MinionRoster.TryForge,-190
2,14,DP,sink,DungeonFloorManager.TryExpandFloor,-800
2,14,DP,sink,MinionRoster.TryEvolveIndividual,-75
2,14,DP,sink,DungeonFeatureManager.TryPlaceTrap,-150
2,14,DP,sink,MinionRoster.TrySummon,-126
2,14,DP,source,AdventurerAI.ReapEmotion,162
2,14,DP,source,AdventurerAI.GrantReturnReward,4351
2,14,Fame,source,AdventurerAI.GrantReturnReward,110
2,14,Fame,source,LureEconomy.OnHeroEscaped,275
2,14,DP,sink,CommandSystem.TryUse,-1800
2,14,DP,source,AdventurerAI.TakeDamage,1241
2,14,Material,source,AdventurerAI.TakeDamage,48
2,14,DP,source,Nemesis.OnSlain,729
2,14,Material,source,Nemesis.OnSlain,5
2,14,DP,stock,end,4713
2,14,Material,stock,end,572
2,14,Fame,stock,end,2536
2,15,DP,source,SurfaceMap.CollectYields,82
2,15,Material,source,SurfaceMap.CollectYields,4
2,15,Fame,source,SurfaceMap.CollectYields,18
2,15,DP,source,DistrictCatalog.Collect,98
2,15,DP,sink,MinionRoster.TryForge,-3764
2,15,DP,sink,MinionRoster.TryEvolveIndividual,-725
2,15,DP,sink,DungeonFeatureManager.TryPlaceTrap,-150
2,15,DP,sink,MinionRoster.TrySummon,-233
2,15,DP,source,AdventurerAI.ReapEmotion,336
2,15,DP,sink,CommandSystem.TryUse,-2300
2,15,DP,source,AdventurerAI.GrantReturnReward,1344
2,15,Fame,source,AdventurerAI.GrantReturnReward,30
2,15,Fame,source,LureEconomy.OnHeroEscaped,75
2,15,DP,source,AdventurerAI.TakeDamage,1917
2,15,Material,source,AdventurerAI.TakeDamage,38
2,15,DP,source,Nemesis.OnSlain,1522
2,15,Material,source,Nemesis.OnSlain,10
2,15,DP,stock,end,2840
2,15,Material,stock,end,624
2,15,Fame,stock,end,2659
2,16,DP,source,SurfaceMap.CollectYields,82
2,16,Material,source,SurfaceMap.CollectYields,4
2,16,Fame,source,SurfaceMap.CollectYields,18
2,16,DP,source,DistrictCatalog.Collect,98
2,16,DP,sink,MinionRoster.TryForge,-1822
2,16,DP,sink,DungeonFloorManager.TryExpandFloor,-800
2,16,DP,sink,DungeonFeatureManager.TryPlaceTrap,-150
2,16,DP,sink,MinionRoster.TrySummon,-240
2,16,DP,source,AdventurerAI.ReapEmotion,542
2,16,DP,sink,CommandSystem.TryUse,-1950
2,16,DP,source,AdventurerAI.TakeDamage,478
2,16,Material,source,AdventurerAI.TakeDamage,34
2,16,Fame,source,AdventurerAI.GrantReturnReward,220
2,16,Fame,source,LureEconomy.OnHeroEscaped,550
2,16,DP,source,AdventurerAI.GrantReturnReward,4804
2,16,DP,stock,end,3882
2,16,Material,stock,end,662
2,16,Fame,stock,end,3447
2,17,DP,source,SurfaceMap.CollectYields,82
2,17,Material,source,SurfaceMap.CollectYields,4
2,17,Fame,source,SurfaceMap.CollectYields,18
2,17,DP,source,DistrictCatalog.Collect,98
2,17,DP,source,EraSystem.TickTurn,720
2,17,DP,sink,MinionRoster.TryForge,-2842
2,17,DP,sink,DungeonFloorManager.TryExpandFloor,-1500
2,17,DP,sink,DungeonFeatureManager.TryPlaceTrap,-150
2,17,DP,sink,MinionRoster.TrySummon,-284
2,17,DP,source,AdventurerAI.ReapEmotion,256
2,17,DP,source,AdventurerAI.GrantReturnReward,7178
2,17,Fame,source,AdventurerAI.GrantReturnReward,190
2,17,Fame,source,LureEconomy.OnHeroEscaped,475
2,17,DP,sink,CommandSystem.TryUse,-4900
2,17,DP,source,AdventurerAI.TakeDamage,893
2,17,Material,source,AdventurerAI.TakeDamage,8
2,17,DP,stock,end,3433
2,17,Material,stock,end,674
2,17,Fame,stock,end,4130
2,18,DP,source,SurfaceMap.CollectYields,103
2,18,Material,source,SurfaceMap.CollectYields,5
2,18,Fame,source,SurfaceMap.CollectYields,23
2,18,DP,source,DistrictCatalog.Collect,98
2,18,DP,sink,MinionRoster.TryForge,-3046
2,18,DP,sink,DungeonFeatureManager.TryPlaceTrap,-300
2,18,DP,sink,MinionRoster.TrySummon,-269
2,18,DP,source,AdventurerAI.ReapEmotion,251
2,18,DP,source,AdventurerAI.GrantReturnReward,12232
2,18,Fame,source,AdventurerAI.GrantReturnReward,330
2,18,Fame,source,LureEconomy.OnHeroEscaped,825
2,18,DP,sink,CommandSystem.TryUse,-5250
2,18,DP,source,AdventurerAI.TakeDamage,925
2,18,Material,source,AdventurerAI.TakeDamage,9
2,18,DP,stock,end,8177
2,18,Material,stock,end,688
2,18,Fame,stock,end,5308
2,19,DP,source,SurfaceMap.CollectYields,82
2,19,Material,source,SurfaceMap.CollectYields,4
2,19,Fame,source,SurfaceMap.CollectYields,18
2,19,DP,source,DistrictCatalog.Collect,98
2,19,DP,source,EraSystem.TickTurn,300
2,19,DP,sink,MinionRoster.TryForge,-1768
2,19,DP,sink,DungeonFloorManager.TryAddFloor,-5000
2,19,DP,sink,DungeonFloorManager.TryExpandFloor,-1200
2,19,DP,sink,DungeonFeatureManager.TryPlaceTrap,-450
2,19,DP,sink,MinionRoster.TrySummon,-226
2,19,DP,source,AdventurerAI.ReapEmotion,157
2,19,DP,source,AdventurerAI.GrantReturnReward,12185
2,19,Fame,source,AdventurerAI.GrantReturnReward,240
2,19,Fame,source,LureEconomy.OnHeroEscaped,600
2,19,DP,sink,CommandSystem.TryUse,-4900
2,19,DP,stock,end,7455
2,19,Material,stock,end,692
2,19,Fame,stock,end,6166
2,20,DP,source,SurfaceMap.CollectYields,82
2,20,Material,source,SurfaceMap.CollectYields,4
2,20,Fame,source,SurfaceMap.CollectYields,18
2,20,DP,source,DistrictCatalog.Collect,112
2,20,DP,sink,MinionRoster.TryForge,-6530
2,20,DP,sink,MinionRoster.TryEvolveIndividual,-325
2,20,DP,sink,DungeonFeatureManager.TryPlaceTrap,-600
2,20,DP,sink,MinionRoster.TrySummon,-156
2,20,DP,source,AdventurerAI.ReapEmotion,184
2,20,DP,source,AdventurerAI.GrantReturnReward,9307
2,20,Fame,source,AdventurerAI.GrantReturnReward,250
2,20,Fame,source,LureEconomy.OnHeroEscaped,625
2,20,DP,sink,CommandSystem.TryUse,-4900
2,20,DP,source,AdventurerAI.TakeDamage,763
2,20,Material,source,AdventurerAI.TakeDamage,4
2,20,DP,stock,end,5392
2,20,Material,stock,end,700
2,20,Fame,stock,end,7059
3,1,DP,sink,DungeonFeatureManager.TryPlaceTrap,-150
3,1,DP,source,AdventurerAI.ReapEmotion,196
3,1,DP,source,AdventurerAI.TakeDamage,220
3,1,Material,source,AdventurerAI.TakeDamage,14
3,1,DP,sink,CommandSystem.TryUse,-300
3,1,DP,source,AdventurerAI.GrantReturnReward,97
3,1,Fame,source,AdventurerAI.GrantReturnReward,10
3,1,Fame,source,LureEconomy.OnHeroEscaped,25
3,1,DP,stock,end,263
3,1,Material,stock,end,14
3,1,Fame,stock,end,35
3,2,DP,source,SurfaceMap.CollectYields,18
3,2,Material,source,SurfaceMap.CollectYields,1
3,2,Fame,source,SurfaceMap.CollectYields,4
3,2,DP,source,EraSystem.TickTurn,600
3,2,Fame,source,EraSystem.TickTurn,25
3,2,DP,sink,MinionRoster.TryForge,-236
3,2,DP,sink,MinionEvolution.TryEvolve,-325
3,2,DP,sink,DungeonFeatureManager.TryPlaceTrap,-150
3,2,DP,sink,MinionRoster.TrySummon,-164
3,2,DP,source,AdventurerAI.ReapEmotion,107
3,2,DP,source,AdventurerAI.TakeDamage,129
3,2,Material,source,AdventurerAI.TakeDamage,8
3,2,DP,source,AdventurerAI.GrantReturnReward,871
3,2,Fame,source,AdventurerAI.GrantReturnReward,30
3,2,Fame,source,LureEconomy.OnHeroEscaped,75
3,2,DP,sink,CommandSystem.TryUse,-650
3,2,DP,stock,end,463
3,2,Material,stock,end,23
3,2,Fame,stock,end,169
3,3,DP,source,SurfaceMap.CollectYields,18
3,3,Material,source,SurfaceMap.CollectYields,1
3,3,Fame,source,SurfaceMap.CollectYields,4
3,3,DP,source,EraSystem.TickTurn,600
3,3,Material,source,EraSystem.TickTurn,10
3,3,Fame,source,EraSystem.TickTurn,25
3,3,DP,sink,MinionRoster.TryForge,-236
3,3,DP,sink,DungeonFloorManager.TryExpandFloor,-400
3,3,DP,sink,MinionEvolution.TryEvolve,-75
3,3,DP,sink,DungeonFeatureManager.TryPlaceTrap,-300
3,3,DP,sink,MinionRoster.TrySummon,-60
3,3,DP,source,AdventurerAI.ReapEmotion,112
3,3,Fame,source,AdventurerAI.GrantReturnReward,30
3,3,Fame,source,LureEconomy.OnHeroEscaped,75
3,3,DP,source,AdventurerAI.TakeDamage,161
3,3,Material,source,AdventurerAI.TakeDamage,4
3,3,DP,source,AdventurerAI.GrantReturnReward,548
3,3,DP,sink,CommandSystem.TryUse,-300
3,3,DP,stock,end,531
3,3,Material,stock,end,38
3,3,Fame,stock,end,303
3,4,DP,source,SurfaceMap.CollectYields,18
3,4,Material,source,SurfaceMap.CollectYields,1
3,4,Fame,source,SurfaceMap.CollectYields,4
3,4,DP,source,EraSystem.TickTurn,600
3,4,DP,sink,MinionRoster.TryForge,-236
3,4,DP,sink,MinionEvolution.TryEvolve,-550
3,4,DP,sink,DungeonFeatureManager.TryPlaceTrap,-300
3,4,DP,sink,MinionRoster.TrySummon,-45
3,4,DP,source,AdventurerAI.TakeDamage,384
3,4,Material,source,AdventurerAI.TakeDamage,30
3,4,DP,source,AdventurerAI.ReapEmotion,529
3,4,DP,source,AdventurerAI.GrantReturnReward,51
3,4,Fame,source,AdventurerAI.GrantReturnReward,20
3,4,Fame,source,LureEconomy.OnHeroEscaped,50
3,4,DP,sink,CommandSystem.TryUse,-1150
3,4,DP,source,Nemesis.OnSlain,486
3,4,Material,source,Nemesis.OnSlain,5
3,4,DP,stock,end,318
3,4,Material,stock,end,74
3,4,Fame,stock,end,377
3,5,DP,source,SurfaceMap.CollectYields,18
3,5,Material,source,SurfaceMap.CollectYields,1
3,5,Fame,source,SurfaceMap.CollectYields,4
3,5,DP,source,EraSystem.TickTurn,600
3,5,Material,source,EraSystem.TickTurn,10
3,5,DP,sink,MinionRoster.TryForge,-212
3,5,DP,sink,MinionEvolution.TryEvolve,-400
3,5,DP,sink,DungeonFeatureManager.TryPlaceTrap,-150
3,5,DP,sink,MinionRoster.TrySummon,-158
3,5,DP,source,AdventurerAI.ReapEmotion,128
3,5,DP,source,AdventurerAI.TakeDamage,964
3,5,Material,source,AdventurerAI.TakeDamage,54
3,5,DP,sink,CommandSystem.TryUse,-1450
3,5,Fame,source,AdventurerAI.GrantReturnReward,10
3,5,Fame,source,LureEconomy.OnHeroEscaped,25
3,5,DP,source,Nemesis.OnSlain,1036
3,5,Material,source,Nemesis.OnSlain,10
3,5,DP,stock,end,694
3,5,Material,stock,end,149
3,5,Fame,stock,end,416
3,6,DP,source,SurfaceMap.CollectYields,39
3,6,Material,source,SurfaceMap.CollectYields,2
3,6,Fame,source,SurfaceMap.CollectYields,9
3,6,DP,source,EraSystem.TickTurn,600
3,6,DP,sink,MinionRoster.TryForge,-212
3,6,DP,sink,DungeonFloorManager.TryAddFloor,-800
3,6,DP,sink,DungeonFeatureManager.TryPlaceTrap,-150
3,6,DP,sink,MinionRoster.TrySummon,-169
3,6,DP,source,AdventurerAI.ReapEmotion,121
3,6,DP,source,AdventurerAI.TakeDamage,312
3,6,Material,source,AdventurerAI.TakeDamage,9
3,6,Fame,source,AdventurerAI.GrantReturnReward,50
3,6,Fame,source,LureEconomy.OnHeroEscaped,125
3,6,DP,sink,CommandSystem.TryUse,-1150
3,6,DP,source,AdventurerAI.GrantReturnReward,826
3,6,DP,stock,end,111
3,6,Material,stock,end,160
3,6,Fame,stock,end,600
3,7,DP,source,SurfaceMap.CollectYields,39
3,7,Material,source,SurfaceMap.CollectYields,2
3,7,Fame,source,SurfaceMap.CollectYields,9
3,7,DP,source,EraSystem.TickTurn,600
3,7,DP,sink,MinionRoster.TryForge,-212
3,7,DP,sink,MinionRoster.TryEvolveIndividual,-175
3,7,DP,sink,DungeonFeatureManager.TryPlaceTrap,-150
3,7,DP,sink,MinionRoster.TrySummon,-204
3,7,DP,source,AdventurerAI.ReapEmotion,125
3,7,DP,source,AdventurerAI.TakeDamage,680
3,7,Material,source,AdventurerAI.TakeDamage,16
3,7,DP,source,AdventurerAI.GrantReturnReward,559
3,7,Fame,source,AdventurerAI.GrantReturnReward,20
3,7,Fame,source,LureEconomy.OnHeroEscaped,50
3,7,DP,sink,CommandSystem.TryUse,-1300
3,7,DP,source,Nemesis.OnSlain,567
3,7,Material,source,Nemesis.OnSlain,5
3,7,DP,stock,end,640
3,7,Material,stock,end,183
3,7,Fame,stock,end,679
3,8,DP,source,SurfaceMap.CollectYields,39
3,8,Material,source,SurfaceMap.CollectYields,2
3,8,Fame,source,SurfaceMap.CollectYields,9
3,8,DP,source,EraSystem.TickTurn,1020
3,8,DP,sink,MinionRoster.TryForge,-212
3,8,DP,sink,DungeonFloorManager.TryExpandFloor,-400
3,8,DP,sink,MinionEvolution.TryEvolve,-750
3,8,DP,sink,DungeonFeatureManager.TryPlaceTrap,-150
3,8,DP,sink,MinionRoster.TrySummon,-185
3,8,DP,source,AdventurerAI.ReapEmotion,141
3,8,Fame,source,AdventurerAI.GrantReturnReward,10
3,8,Fame,source,LureEconomy.OnHeroEscaped,25
3,8,DP,source,AdventurerAI.TakeDamage,1094
3,8,Material,source,AdventurerAI.TakeDamage,44
3,8,DP,sink,CommandSystem.TryUse,-1300
3,8,DP,source,Nemesis.OnSlain,1592
3,8,Material,source,Nemesis.OnSlain,14
3,8,DP,stock,end,1529
3,8,Material,stock,end,243
3,8,Fame,stock,end,723
3,9,DP,source,SurfaceMap.CollectYields,45
3,9,Material,source,SurfaceMap.CollectYields,2
3,9,Fame,source,SurfaceMap.CollectYields,11
3,9,DP,source,EraSystem.TickTurn,600
3,9,Fame,source,EraSystem.TickTurn,25
3,9,DP,sink,MinionRoster.TryForge,-190
3,9,DP,sink,DungeonFloorManager.TryExpandFloor,-1600
3,9,DP,sink,MinionRoster.TryEvolveIndividual,-75
3,9,DP,sink,DungeonFeatureManager.TryPlaceTrap,-150
3,9,DP,sink,MinionRoster.TrySummon,-135
3,9,DP,source,AdventurerAI.ReapEmotion,139
3,9,DP,source,AdventurerAI.TakeDamage,1502
3,9,Material,source,AdventurerAI.TakeDamage,68
3,9,DP,source,AdventurerAI.GrantReturnReward,1545
3,9,Fame,source,AdventurerAI.GrantReturnReward,50
3,9,Fame,source,LureEconomy.OnHeroEscaped,125
3,9,DP,sink,CommandSystem.TryUse,-2250
3,9,DP,source,Nemesis.OnSlain,2034
3,9,Material,source,Nemesis.OnSlain,17
3,9,DP,stock,end,2994
3,9,Material,stock,end,330
3,9,Fame,stock,end,934
3,10,DP,source,SurfaceMap.CollectYields,79
3,10,Material,source,SurfaceMap.CollectYields,3
3,10,Fame,source,SurfaceMap.CollectYields,17
3,10,DP,source,EraSystem.TickTurn,1020
3,10,DP,sink,MinionRoster.TryForge,-190
3,10,DP,sink,DungeonFloorManager.TryAddFloor,-2000
3,10,DP,sink,DungeonFloorManager.TryExpandFloor,-1200
3,10,DP,sink,MinionRoster.TryEvolveIndividual,-375
3,10,DP,sink,DungeonFeatureManager.TryPlaceTrap,-150
3,10,DP,sink,MinionRoster.TrySummon,-177
3,10,DP,source,AdventurerAI.ReapEmotion,158
3,10,DP,source,AdventurerAI.GrantReturnReward,1178
3,10,Fame,source,AdventurerAI.GrantReturnReward,70
3,10,Fame,source,LureEconomy.OnHeroEscaped,175
3,10,DP,sink,CommandSystem.TryUse,-1150
3,10,DP,source,AdventurerAI.TakeDamage,707
3,10,Material,source,AdventurerAI.TakeDamage,37
3,10,DP,source,Nemesis.OnSlain,1264
3,10,Material,source,Nemesis.OnSlain,10
3,10,DP,stock,end,2158
3,10,Material,stock,end,380
3,10,Fame,stock,end,1196
3,11,DP,source,SurfaceMap.CollectYields,79
3,11,Material,source,SurfaceMap.CollectYields,3
3,11,Fame,source,SurfaceMap.CollectYields,17
3,11,DP,sink,MinionRoster.TryForge,-190
3,11,DP,sink,DungeonFloorManager.TryExpandFloor,-1500
3,11,DP,sink,MinionRoster.TryEvolveIndividual,-225
3,11,DP,sink,DungeonFeatureManager.TryPlaceTrap,-150
3,11,DP,sink,MinionRoster.TrySummon,-151
3,11,DP,source,AdventurerAI.ReapEmotion,155
3,11,DP,source,AdventurerAI.GrantReturnReward,2739
3,11,Fame,source,AdventurerAI.GrantReturnReward,90
3,11,Fame,source,LureEconomy.OnHeroEscaped,225
3,11,DP,source,AdventurerAI.TakeDamage,603
3,11,Material,source,AdventurerAI.TakeDamage,28
3,11,DP,sink,CommandSystem.TryUse,-1800
3,11,DP,stock,end,1718
3,11,Material,stock,end,411
3,11,Fame,stock,end,1528
3,12,DP,source,SurfaceMap.CollectYields,79
3,12,Material,source,SurfaceMap.CollectYields,3
3,12,Fame,source,SurfaceMap.CollectYields,17
3,12,DP,source,DistrictCatalog.Collect,84
3,12,DP,sink,MinionRoster.TryForge,-190
3,12,DP,sink,MinionEvolution.TryEvolve,-550
3,12,DP,sink,MinionRoster.TryEvolveIndividual,-800
3,12,DP,sink,DungeonFeatureManager.TryPlaceTrap,-150
3,12,DP,sink,MinionRoster.TrySummon,-167
3,12,DP,source,AdventurerAI.ReapEmotion,145
3,12,DP,source,AdventurerAI.GrantReturnReward,6761
3,12,Fame,source,AdventurerAI.GrantReturnReward,140
3,12,Fame,source,LureEconomy.OnHeroEscaped,350
3,12,DP,source,AdventurerAI.TakeDamage,2008
3,12,Material,source,AdventurerAI.TakeDamage,76
3,12,DP,sink,CommandSystem.TryUse,-4750
3,12,DP,source,Nemesis.OnSlain,680
3,12,Material,source,Nemesis.OnSlain,5
3,12,DP,stock,end,4868
3,12,Material,stock,end,495
3,12,Fame,stock,end,2035
3,13,DP,source,SurfaceMap.CollectYields,60
3,13,Material,source,SurfaceMap.CollectYields,3
3,13,Fame,source,SurfaceMap.CollectYields,14
3,13,DP,source,DistrictCatalog.Collect,98
3,13,DP,source,EraSystem.TickTurn,300
3,13,DP,sink,MinionRoster.TryForge,-2160
3,13,DP,sink,DungeonFloorManager.TryExpandFloor,-1500
3,13,DP,sink,MinionRoster.TryEvolveIndividual,-1075
3,13,DP,sink,DungeonFeatureManager.TryPlaceTrap,-300
3,13,DP,sink,MinionRoster.TrySummon,-284
3,13,DP,source,AdventurerAI.ReapEmotion,168
3,13,DP,source,AdventurerAI.TakeDamage,1617
3,13,Material,source,AdventurerAI.TakeDamage,75
3,13,DP,sink,CommandSystem.TryUse,-5600
3,13,Fame,source,AdventurerAI.GrantReturnReward,90
3,13,Fame,source,LureEconomy.OnHeroEscaped,225
3,13,DP,source,AdventurerAI.GrantReturnReward,3382
3,13,DP,source,Nemesis.OnSlain,1918
3,13,Material,source,Nemesis.OnSlain,14
3,13,DP,stock,end,1492
3,13,Material,stock,end,587
3,13,Fame,stock,end,2364
3,14,DP,source,SurfaceMap.CollectYields,81
3,14,Material,source,SurfaceMap.CollectYields,4
3,14,Fame,source,SurfaceMap.CollectYields,19
3,14,DP,source,DistrictCatalog.Collect,98
3,14,DP,sink,MinionRoster.TryForge,-1210
3,14,DP,sink,DungeonFeatureManager.TryPlaceTrap,-300
3,14,DP,sink,MinionRoster.TrySummon,-132
3,14,DP,source,AdventurerAI.ReapEmotion,196
3,14,DP,source,AdventurerAI.GrantReturnReward,4161
3,14,Fame,source,AdventurerAI.GrantReturnReward,120
3,14,Fame,source,LureEconomy.OnHeroEscaped,300
3,14,DP,source,AdventurerAI.TakeDamage,1457
3,14,Material,source,AdventurerAI.TakeDamage,40
3,14,DP,sink,CommandSystem.TryUse,-2300
3,14,DP,source,Nemesis.OnSlain,1490
3,14,Material,source,Nemesis.OnSlain,10
3,14,DP,stock,end,5033
3,14,Material,stock,end,641
3,14,Fame,stock,end,2803
3,15,DP,source,SurfaceMap.CollectYields,81
3,15,Material,source,SurfaceMap.CollectYields,4
3,15,Fame,source,SurfaceMap.CollectYields,19
3,15,DP,source,DistrictCatalog.Collect,98
3,15,DP,sink,MinionRoster.TryForge,-4460
3,15,DP,sink,MinionRoster.TryEvolveIndividual,-225
3,15,DP,sink,DungeonFeatureManager.TryPlaceTrap,-300
3,15,DP,sink,MinionRoster.TrySummon,-220
3,15,DP,source,AdventurerAI.ReapEmotion,176
3,15,DP,source,AdventurerAI.TakeDamage,957
3,15,Material,source,AdventurerAI.TakeDamage,12
3,15,DP,sink,CommandSystem.TryUse,-4900
3,15,Fame,source,AdventurerAI.GrantReturnReward,220
3,15,Fame,source,LureEconomy.OnHeroEscaped,550
3,15,DP,source,AdventurerAI.GrantReturnReward,6126
3,15,DP,stock,end,2366
3,15,Material,stock,end,657
3,15,Fame,stock,end,3592
3,16,DP,source,SurfaceMap.CollectYields,81
3,16,Material,source,SurfaceMap.CollectYields,4
3,16,Fame,source,SurfaceMap.CollectYields,19
3,16,DP,source,DistrictCatalog.Collect,98
3,16,DP,sink,MinionRoster.TryForge,-2026
3,16,DP,sink,DungeonFeatureManager.TryPlaceTrap,-300
3,16,DP,sink,MinionRoster.TrySummon,-206
3,16,DP,source,AdventurerAI.ReapEmotion,251
3,16,Fame,source,AdventurerAI.GrantReturnReward,190
3,16,Fame,source,LureEconomy.OnHeroEscaped,475
3,16,DP,source,AdventurerAI.TakeDamage,348
3,16,Material,source,AdventurerAI.TakeDamage,8
3,16,DP,sink,CommandSystem.TryUse,-4900
3,16,DP,source,AdventurerAI.GrantReturnReward,7050
3,16,DP,stock,end,2762
3,16,Material,stock,end,669
3,16,Fame,stock,end,4276
3,17,DP,source,SurfaceMap.CollectYields,81
3,17,Material,source,SurfaceMap.CollectYields,4
3,17,Fame,source,SurfaceMap.CollectYields,19
3,17,DP,source,DistrictCatalog.Collect,98
3,17,DP,source,EraSystem.TickTurn,720
3,17,DP,sink,MinionRoster.TryForge,-1400
3,17,DP,sink,DungeonFloorManager.TryExpandFloor,-1500
3,17,DP,sink,MinionRoster.TryEvolveIndividual,-325
3,17,DP,sink,DungeonFeatureManager.TryPlaceTrap,-150
3,17,DP,sink,MinionRoster.TrySummon,-275
3,17,DP,source,AdventurerAI.ReapEmotion,239
3,17,DP,source,AdventurerAI.TakeDamage,1374
3,17,Material,source,AdventurerAI.TakeDamage,22
3,17,DP,sink,CommandSystem.TryUse,-5200
3,17,DP,source,AdventurerAI.GrantReturnReward,8260
3,17,Fame,source,AdventurerAI.GrantReturnReward,180
3,17,Fame,source,LureEconomy.OnHeroEscaped,450
3,17,DP,stock,end,4684
3,17,Material,stock,end,695
3,17,Fame,stock,end,4925
3,18,DP,source,SurfaceMap.CollectYields,101
3,18,Material,source,SurfaceMap.CollectYields,5
3,18,Fame,source,SurfaceMap.CollectYields,23
3,18,DP,source,DistrictCatalog.Collect,98
3,18,DP,sink,MinionRoster.TryForge,-4054
3,18,DP,sink,DungeonFeatureManager.TryPlaceTrap,-600
3,18,DP,sink,MinionRoster.TrySummon,-226
3,18,DP,source,AdventurerAI.ReapEmotion,186
3,18,DP,source,AdventurerAI.TakeDamage,1223
3,18,Material,source,AdventurerAI.TakeDamage,6
3,18,DP,sink,CommandSystem.TryUse,-4900
3,18,Fame,source,AdventurerAI.GrantReturnReward,200
3,18,Fame,source,LureEconomy.OnHeroEscaped,500
3,18,DP,source,AdventurerAI.GrantReturnReward,10108
3,18,DP,stock,end,6620
3,18,Material,stock,end,706
3,18,Fame,stock,end,5648
3,19,DP,source,SurfaceMap.CollectYields,101
3,19,Material,source,SurfaceMap.CollectYields,5
3,19,Fame,source,SurfaceMap.CollectYields,23
3,19,DP,source,DistrictCatalog.Collect,126
3,19,DP,source,EraSystem.TickTurn,300
3,19,DP,sink,MinionRoster.TryForge,-190
3,19,DP,sink,DungeonFloorManager.TryAddFloor,-5000
3,19,DP,sink,DungeonFloorManager.TryExpandFloor,-1200
3,19,DP,sink,MinionRoster.TryEvolveIndividual,-325
3,19,DP,sink,DungeonFeatureManager.TryPlaceTrap,-150
3,19,DP,sink,MinionRoster.TrySummon,-246
3,19,DP,source,AdventurerAI.ReapEmotion,155
3,19,DP,source,AdventurerAI.GrantReturnReward,12200
3,19,Fame,source,AdventurerAI.GrantReturnReward,220
3,19,Fame,source,LureEconomy.OnHeroEscaped,550
3,19,DP,sink,CommandSystem.TryUse,-4900
3,19,DP,source,AdventurerAI.TakeDamage,2081
3,19,Material,source,AdventurerAI.TakeDamage,36
3,19,DP,stock,end,9572
3,19,Material,stock,end,747
3,19,Fame,stock,end,6441
3,20,DP,source,SurfaceMap.CollectYields,135
3,20,Material,source,SurfaceMap.CollectYields,5
3,20,Fame,source,SurfaceMap.CollectYields,29
3,20,DP,source,DistrictCatalog.Collect,126
3,20,DP,sink,MinionRoster.TryForge,-7536
3,20,DP,sink,DungeonFloorManager.TryExpandFloor,-1500
3,20,DP,sink,MinionRoster.TryEvolveIndividual,-75
3,20,DP,sink,DungeonFeatureManager.TryPlaceTrap,-450
3,20,DP,sink,MinionRoster.TrySummon,-263
3,20,DP,source,AdventurerAI.ReapEmotion,187
3,20,DP,source,AdventurerAI.GrantReturnReward,21631
3,20,Fame,source,AdventurerAI.GrantReturnReward,240
3,20,Fame,source,LureEconomy.OnHeroEscaped,600
3,20,DP,sink,CommandSystem.TryUse,-4900
3,20,DP,source,AdventurerAI.TakeDamage,1541
3,20,Material,source,AdventurerAI.TakeDamage,7
3,20,DP,stock,end,18468
3,20,Material,stock,end,759
3,20,Fame,stock,end,7310
4,1,DP,sink,DungeonFeatureManager.TryPlaceTrap,-150
4,1,DP,source,AdventurerAI.ReapEmotion,150
4,1,DP,source,AdventurerAI.GrantReturnReward,793
4,1,Fame,source,AdventurerAI.GrantReturnReward,40
4,1,Fame,source,LureEconomy.OnHeroEscaped,100
4,1,DP,sink,CommandSystem.TryUse,-650
4,1,DP,source,AdventurerAI.TakeDamage,56
4,1,Material,source,AdventurerAI.TakeDamage,2
4,1,DP,stock,end,399
4,1,Material,stock,end,2
4,1,Fame,stock,end,140
4,2,DP,source,SurfaceMap.CollectYields,18
4,2,Material,source,SurfaceMap.CollectYields,1
4,2,Fame,source,SurfaceMap.CollectYields,4
4,2,DP,source,EraSystem.TickTurn,600
4,2,Fame,source,EraSystem.TickTurn,25
4,2,DP,sink,MinionRoster.TryForge,-236
4,2,DP,sink,MinionEvolution.TryEvolve,-400
4,2,DP,sink,DungeonFeatureManager.TryPlaceTrap,-300
4,2,DP,sink,MinionRoster.TrySummon,-78
4,2,DP,source,AdventurerAI.ReapEmotion,105
4,2,DP,source,AdventurerAI.GrantReturnReward,344
4,2,Fame,source,AdventurerAI.GrantReturnReward,20
4,2,Fame,source,LureEconomy.OnHeroEscaped,50
4,2,DP,source,AdventurerAI.TakeDamage,233
4,2,Material,source,AdventurerAI.TakeDamage,21
4,2,DP,sink,CommandSystem.TryUse,-650
4,2,DP,stock,end,35
4,2,Material,stock,end,24
4,2,Fame,stock,end,239
4,3,DP,source,SurfaceMap.CollectYields,18
4,3,Material,source,SurfaceMap.CollectYields,1
4,3,Fame,source,SurfaceMap.CollectYields,4
4,3,DP,source,EraSystem.TickTurn,600
4,3,Material,source,EraSystem.TickTurn,10
4,3,Fame,source,EraSystem.TickTurn,25
4,3,DP,sink,MinionRoster.TryForge,-236
4,3,DP,sink,DungeonFeatureManager.TryPlaceTrap,-300
4,3,DP,sink,MinionRoster.TrySummon,-105
4,3,DP,source,AdventurerAI.ReapEmotion,112
4,3,DP,source,AdventurerAI.TakeDamage,178
4,3,Material,source,AdventurerAI.TakeDamage,10
4,3,Fame,source,AdventurerAI.GrantReturnReward,30
4,3,Fame,source,LureEconomy.OnHeroEscaped,75
4,3,DP,source,AdventurerAI.GrantReturnReward,74
4,3,DP,source,Nemesis.OnSlain,470
4,3,Material,source,Nemesis.OnSlain,5
4,3,DP,stock,end,846
4,3,Material,stock,end,50
4,3,Fame,stock,end,373
4,4,DP,source,SurfaceMap.CollectYields,18
4,4,Material,source,SurfaceMap.CollectYields,1
4,4,Fame,source,SurfaceMap.CollectYields,4
4,4,DP,source,EraSystem.TickTurn,600
4,4,Material,source,EraSystem.TickTurn,10
4,4,DP,sink,MinionRoster.TryForge,-236
4,4,DP,sink,DungeonFloorManager.TryAddFloor,-800
4,4,DP,sink,DungeonFeatureManager.TryPlaceTrap,-300
4,4,DP,sink,MinionRoster.TrySummon,-116
4,4,DP,source,AdventurerAI.ReapEmotion,240
4,4,DP,source,AdventurerAI.TakeDamage,467
4,4,Material,source,AdventurerAI.TakeDamage,35
4,4,DP,sink,CommandSystem.TryUse,-1150
4,4,DP,source,AdventurerAI.GrantReturnReward,381
4,4,Fame,source,AdventurerAI.GrantReturnReward,10
4,4,Fame,source,LureEconomy.OnHeroEscaped,25
4,4,DP,source,Nemesis.OnSlain,502
4,4,Material,source,Nemesis.OnSlain,5
4,4,DP,stock,end,452
4,4,Material,stock,end,101
4,4,Fame,stock,end,412
4,5,DP,source,SurfaceMap.CollectYields,18
4,5,Material,source,SurfaceMap.CollectYields,1
4,5,Fame,source,SurfaceMap.CollectYields,4
4,5,DP,source,EraSystem.TickTurn,600
4,5,DP,sink,MinionRoster.TryForge,-212
4,5,DP,sink,DungeonFloorManager.TryExpandFloor,-400
4,5,DP,sink,MinionRoster.TryEvolveIndividual,-150
4,5,DP,sink,DungeonFeatureManager.TryPlaceTrap,-150
4,5,DP,sink,MinionRoster.TrySummon,-158
4,5,DP,source,AdventurerAI.ReapEmotion,123
4,5,DP,source,AdventurerAI.TakeDamage,591
4,5,Material,source,AdventurerAI.TakeDamage,20
4,5,DP,source,AdventurerAI.GrantReturnReward,85
4,5,Fame,source,AdventurerAI.GrantReturnReward,10
4,5,Fame,source,LureEconomy.OnHeroEscaped,25
4,5,DP,sink,CommandSystem.TryUse,-1150
4,5,DP,source,Nemesis.OnSlain,518
4,5,Material,source,Nemesis.OnSlain,5
4,5,DP,stock,end,167
4,5,Material,stock,end,127
4,5,Fame,stock,end,451
4,6,DP,source,SurfaceMap.CollectYields,38
4,6,Material,source,SurfaceMap.CollectYields,2
4,6,Fame,source,SurfaceMap.CollectYields,8
4,6,DP,source,EraSystem.TickTurn,600
4,6,DP,sink,MinionRoster.TryForge,-212
4,6,DP,sink,MinionEvolution.TryEvolve,-225
4,6,DP,sink,DungeonFeatureManager.TryPlaceTrap,-300
4,6,DP,sink,MinionRoster.TrySummon,-48
4,6,DP,source,AdventurerAI.ReapEmotion,140
4,6,DP,source,AdventurerAI.GrantReturnReward,573
4,6,Fame,source,AdventurerAI.GrantReturnReward,20
4,6,Fame,source,LureEconomy.OnHeroEscaped,50
4,6,DP,source,AdventurerAI.TakeDamage,671
4,6,Material,source,AdventurerAI.TakeDamage,31
4,6,DP,sink,CommandSystem.TryUse,-2300
4,6,DP,source,Nemesis.OnSlain,1070
4,6,Material,source,Nemesis.OnSlain,10
4,6,DP,stock,end,174
4,6,Material,stock,end,170
4,6,Fame,stock,end,529
4,7,DP,source,SurfaceMap.CollectYields,38
4,7,Material,source,SurfaceMap.CollectYields,2
4,7,Fame,source,SurfaceMap.CollectYields,8
4,7,DP,source,EraSystem.TickTurn,600
4,7,DP,sink,MinionRoster.TryForge,-212
4,7,DP,sink,MinionEvolution.TryEvolve,-200
4,7,DP,sink,DungeonFeatureManager.TryPlaceTrap,-150
4,7,DP,sink,MinionRoster.TrySummon,-236
4,7,DP,source,AdventurerAI.ReapEmotion,120
4,7,DP,source,AdventurerAI.TakeDamage,833
4,7,Material,source,AdventurerAI.TakeDamage,44
4,7,DP,sink,CommandSystem.TryUse,-1450
4,7,DP,source,Nemesis.OnSlain,1102
4,7,Material,source,Nemesis.OnSlain,10
4,7,DP,stock,end,619
4,7,Material,stock,end,226
4,7,Fame,stock,end,537
4,8,DP,source,SurfaceMap.CollectYields,38
4,8,Material,source,SurfaceMap.CollectYields,2
4,8,Fame,source,SurfaceMap.CollectYields,8
4,8,DP,source,EraSystem.TickTurn,1020
4,8,DP,sink,MinionRoster.TryForge,-190
4,8,DP,sink,DungeonFloorManager.TryExpandFloor,-400
4,8,DP,sink,MinionEvolution.TryEvolve,-775
4,8,DP,sink,DungeonFeatureManager.TryPlaceTrap,-150
4,8,DP,sink,MinionRoster.TrySummon,-158
4,8,DP,source,AdventurerAI.ReapEmotion,406
4,8,DP,source,AdventurerAI.TakeDamage,486
4,8,Material,source,AdventurerAI.TakeDamage,21
4,8,Fame,source,AdventurerAI.GrantReturnReward,40
4,8,Fame,source,LureEconomy.OnHeroEscaped,100
4,8,DP,sink,CommandSystem.TryUse,-650
4,8,DP,source,AdventurerAI.GrantReturnReward,374
4,8,DP,stock,end,620
4,8,Material,stock,end,249
4,8,Fame,stock,end,685
4,9,DP,source,SurfaceMap.CollectYields,67
4,9,Material,source,SurfaceMap.CollectYields,3
4,9,Fame,source,SurfaceMap.CollectYields,15
4,9,DP,source,EraSystem.TickTurn,600
4,9,Fame,source,EraSystem.TickTurn,25
4,9,DP,sink,MinionRoster.TryForge,-190
4,9,DP,sink,MinionEvolution.TryEvolve,-500
4,9,DP,sink,MinionRoster.TryEvolveIndividual,-225
4,9,DP,sink,DungeonFeatureManager.TryPlaceTrap,-150
4,9,DP,sink,MinionRoster.TrySummon,-216
4,9,DP,source,AdventurerAI.ReapEmotion,599
4,9,DP,source,AdventurerAI.TakeDamage,1024
4,9,Material,source,AdventurerAI.TakeDamage,44
4,9,DP,sink,CommandSystem.TryUse,-2650
4,9,DP,source,AdventurerAI.GrantReturnReward,398
4,9,Fame,source,AdventurerAI.GrantReturnReward,10
4,9,Fame,source,LureEconomy.OnHeroEscaped,25
4,9,DP,source,Nemesis.OnSlain,1198
4,9,Material,source,Nemesis.OnSlain,10
4,9,DP,stock,end,575
4,9,Material,stock,end,306
4,9,Fame,stock,end,760
4,10,DP,source,SurfaceMap.CollectYields,51
4,10,Material,source,SurfaceMap.CollectYields,2
4,10,Fame,source,SurfaceMap.CollectYields,10
4,10,DP,source,EraSystem.TickTurn,300
4,10,DP,sink,MinionRoster.TryForge,-285
4,10,DP,sink,MinionRoster.TryEvolveIndividual,-250
4,10,DP,sink,DungeonFeatureManager.TryPlaceTrap,-150
4,10,DP,sink,MinionRoster.TrySummon,-235
4,10,DP,source,AdventurerAI.ReapEmotion,158
4,10,DP,source,AdventurerAI.TakeDamage,800
4,10,Material,source,AdventurerAI.TakeDamage,35
4,10,DP,source,AdventurerAI.GrantReturnReward,1752
4,10,Fame,source,AdventurerAI.GrantReturnReward,60
4,10,Fame,source,LureEconomy.OnHeroEscaped,150
4,10,DP,sink,CommandSystem.TryUse,-2300
4,10,DP,source,Nemesis.OnSlain,836
4,10,Material,source,Nemesis.OnSlain,7
4,10,DP,stock,end,1252
4,10,Material,stock,end,350
4,10,Fame,stock,end,980
4,11,DP,source,SurfaceMap.CollectYields,51
4,11,Material,source,SurfaceMap.CollectYields,2
4,11,Fame,source,SurfaceMap.CollectYields,10
4,11,DP,source,EraSystem.TickTurn,1020
4,11,DP,source,WaveRoster.ResolveTrial,900
4,11,DP,sink,MinionRoster.TryForge,-190
4,11,DP,sink,DungeonFloorManager.TryAddFloor,-2000
4,11,DP,sink,DungeonFloorManager.TryExpandFloor,-400
4,11,DP,sink,MinionRoster.TryEvolveIndividual,-250
4,11,DP,sink,DungeonFeatureManager.TryPlaceTrap,-150
4,11,DP,sink,MinionRoster.TrySummon,-228
4,11,DP,source,AdventurerAI.ReapEmotion,138
4,11,DP,source,AdventurerAI.GrantReturnReward,669
4,11,Fame,source,AdventurerAI.GrantReturnReward,50
4,11,Fame,source,LureEconomy.OnHeroEscaped,125
4,11,DP,sink,CommandSystem.TryUse,-2300
4,11,DP,source,AdventurerAI.TakeDamage,909
4,11,Material,source,AdventurerAI.TakeDamage,51
4,11,DP,source,Nemesis.OnSlain,1296
4,11,Material,source,Nemesis.OnSlain,10
4,11,DP,stock,end,717
4,11,Material,stock,end,413
4,11,Fame,stock,end,1165
4,12,DP,source,SurfaceMap.CollectYields,78
4,12,Material,source,SurfaceMap.CollectYields,3
4,12,Fame,source,SurfaceMap.CollectYields,16
4,12,DP,source,DistrictCatalog.Collect,154
4,12,DP,sink,MinionRoster.TryForge,-285
4,12,DP,sink,MinionRoster.TryEvolveIndividual,-200
4,12,DP,sink,DungeonFeatureManager.TryPlaceTrap,-300
4,12,DP,sink,MinionRoster.TrySummon,-150
4,12,DP,source,AdventurerAI.ReapEmotion,506
4,12,DP,source,AdventurerAI.TakeDamage,1923
4,12,Material,source,AdventurerAI.TakeDamage,55
4,12,DP,sink,CommandSystem.TryUse,-1800
4,12,DP,source,AdventurerAI.GrantReturnReward,1574
4,12,Fame,source,AdventurerAI.GrantReturnReward,50
4,12,Fame,source,LureEconomy.OnHeroEscaped,125
4,12,DP,source,Nemesis.OnSlain,1328
4,12,Material,source,Nemesis.OnSlain,10
4,12,DP,stock,end,3545
4,12,Material,stock,end,481
4,12,Fame,stock,end,1356
4,13,DP,source,SurfaceMap.CollectYields,82
4,13,Material,source,SurfaceMap.CollectYields,4
4,13,Fame,source,SurfaceMap.CollectYields,18
4,13,DP,source,DistrictCatalog.Collect,154
4,13,DP,sink,MinionRoster.TryForge,-190
4,13,DP,sink,DungeonFloorManager.TryExpandFloor,-800
4,13,DP,sink,MinionEvolution.TryEvolve,-550
4,13,DP,sink,MinionRoster.TryEvolveIndividual,-1750
4,13,DP,sink,DungeonFeatureManager.TryPlaceTrap,-300
4,13,DP,sink,MinionRoster.TrySummon,-162
4,13,DP,source,AdventurerAI.ReapEmotion,332
4,13,DP,source,AdventurerAI.TakeDamage,1611
4,13,Material,source,AdventurerAI.TakeDamage,54
4,13,DP,sink,CommandSystem.TryUse,-1800
4,13,DP,source,AdventurerAI.GrantReturnReward,807
4,13,Fame,source,AdventurerAI.GrantReturnReward,20
4,13,Fame,source,LureEconomy.OnHeroEscaped,50
4,13,DP,source,Nemesis.OnSlain,1394
4,13,Material,source,Nemesis.OnSlain,10
4,13,DP,stock,end,2373
4,13,Material,stock,end,549
4,13,Fame,stock,end,1444
4,14,DP,source,SurfaceMap.CollectYields,82
4,14,Material,source,SurfaceMap.CollectYields,4
4,14,Fame,source,SurfaceMap.CollectYields,18
4,14,DP,source,DistrictCatalog.Collect,168
4,14,DP,sink,MinionRoster.TryForge,-802
4,14,DP,sink,DungeonFloorManager.TryExpandFloor,-800
4,14,DP,sink,MinionRoster.TryEvolveIndividual,-500
4,14,DP,sink,DungeonFeatureManager.TryPlaceTrap,-300
4,14,DP,sink,MinionRoster.TrySummon,-201
4,14,DP,source,AdventurerAI.ReapEmotion,153
4,14,DP,source,AdventurerAI.TakeDamage,1382
4,14,Material,source,AdventurerAI.TakeDamage,39
4,14,DP,sink,CommandSystem.TryUse,-2300
4,14,DP,source,AdventurerAI.GrantReturnReward,1677
4,14,Fame,source,AdventurerAI.GrantReturnReward,50
4,14,Fame,source,LureEconomy.OnHeroEscaped,125
4,14,DP,source,Nemesis.OnSlain,1451
4,14,Material,source,Nemesis.OnSlain,9
4,14,DP,stock,end,2383
4,14,Material,stock,end,601
4,14,Fame,stock,end,1637
4,15,DP,source,SurfaceMap.CollectYields,102
4,15,Material,source,SurfaceMap.CollectYields,5
4,15,Fame,source,SurfaceMap.CollectYields,22
4,15,DP,source,DistrictCatalog.Collect,168
4,15,DP,sink,MinionRoster.TryForge,-2216
4,15,DP,sink,DungeonFeatureManager.TryPlaceTrap,-150
4,15,DP,sink,MinionRoster.TrySummon,-284
4,15,DP,source,AdventurerAI.ReapEmotion,443
4,15,DP,source,AdventurerAI.TakeDamage,1342
4,15,Material,source,AdventurerAI.TakeDamage,33
4,15,DP,sink,CommandSystem.TryUse,-2300
4,15,DP,source,AdventurerAI.GrantReturnReward,3735
4,15,Fame,source,AdventurerAI.GrantReturnReward,90
4,15,Fame,source,LureEconomy.OnHeroEscaped,225
4,15,DP,source,Nemesis.OnSlain,729
4,15,Material,source,Nemesis.OnSlain,5
4,15,DP,stock,end,3952
4,15,Material,stock,end,644
4,15,Fame,stock,end,1974
4,16,DP,source,SurfaceMap.CollectYields,102
4,16,Material,source,SurfaceMap.CollectYields,5
4,16,Fame,source,SurfaceMap.CollectYields,22
4,16,DP,source,DistrictCatalog.Collect,168
4,16,DP,source,EraSystem.TickTurn,300
4,16,DP,sink,MinionRoster.TryForge,-2638
4,16,DP,sink,DungeonFloorManager.TryExpandFloor,-800
4,16,DP,sink,MinionRoster.TryEvolveIndividual,-550
4,16,DP,sink,DungeonFeatureManager.TryPlaceTrap,-300
4,16,DP,sink,MinionRoster.TrySummon,-216
4,16,DP,source,AdventurerAI.ReapEmotion,260
4,16,DP,source,AdventurerAI.TakeDamage,1230
4,16,Material,source,AdventurerAI.TakeDamage,117
4,16,DP,sink,CommandSystem.TryUse,-3300
4,16,DP,source,AdventurerAI.GrantReturnReward,3606
4,16,Fame,source,AdventurerAI.GrantReturnReward,90
4,16,Fame,source,LureEconomy.OnHeroEscaped,225
4,16,DP,stock,end,1814
4,16,Material,stock,end,766
4,16,Fame,stock,end,2311
4,17,DP,source,SurfaceMap.CollectYields,102
4,17,Material,source,SurfaceMap.CollectYields,5
4,17,Fame,source,SurfaceMap.CollectYields,22
4,17,DP,source,DistrictCatalog.Collect,182
4,17,DP,source,EraSystem.TickTurn,720
4,17,DP,sink,MinionRoster.TryForge,-802
4,17,DP,sink,DungeonFloorManager.TryExpandFloor,-1500
4,17,DP,sink,DungeonFeatureManager.TryPlaceTrap,-300
4,17,DP,sink,MinionRoster.TrySummon,-206
4,17,DP,source,AdventurerAI.ReapEmotion,221
4,17,DP,source,AdventurerAI.GrantReturnReward,7276
4,17,Fame,source,AdventurerAI.GrantReturnReward,130
4,17,Fame,source,LureEconomy.OnHeroEscaped,325
4,17,DP,sink,CommandSystem.TryUse,-5100
4,17,DP,source,AdventurerAI.TakeDamage,1360
4,17,Material,source,AdventurerAI.TakeDamage,25
4,17,DP,source,Nemesis.OnSlain,1818
4,17,Material,source,Nemesis.OnSlain,12
4,17,DP,stock,end,5585
4,17,Material,stock,end,808
4,17,Fame,stock,end,2788
4,18,DP,source,SurfaceMap.CollectYields,102
4,18,Material,source,SurfaceMap.CollectYields,5
4,18,Fame,source,SurfaceMap.CollectYields,22
4,18,DP,source,DistrictCatalog.Collect,182
4,18,DP,sink,MinionRoster.TryForge,-190
4,18,DP,sink,DungeonFloorManager.TryAddFloor,-5000
4,18,DP,sink,MinionRoster.TryEvolveIndividual,-325
4,18,DP,sink,DungeonFeatureManager.TryPlaceTrap,-150
4,18,DP,sink,MinionRoster.TrySummon,-172
4,18,DP,source,AdventurerAI.ReapEmotion,249
4,18,DP,source,AdventurerAI.GrantReturnReward,5342
4,18,Fame,source,AdventurerAI.GrantReturnReward,150
4,18,Fame,source,LureEconomy.OnHeroEscaped,375
4,18,DP,sink,CommandSystem.TryUse,-2750
4,18,DP,source,AdventurerAI.TakeDamage,2156
4,18,Material,source,AdventurerAI.TakeDamage,23
4,18,DP,stock,end,5029
4,18,Material,stock,end,836
4,18,Fame,stock,end,3335
4,19,DP,source,SurfaceMap.CollectYields,102
4,19,Material,source,SurfaceMap.CollectYields,5
4,19,Fame,source,SurfaceMap.CollectYields,22
4,19,DP,source,DistrictCatalog.Collect,182
4,19,DP,sink,MinionRoster.TryForge,-3821
4,19,DP,sink,DungeonFloorManager.TryExpandFloor,-400
4,19,DP,sink,MinionRoster.TryEvolveIndividual,-250
4,19,DP,sink,DungeonFeatureManager.TryPlaceTrap,-600
4,19,DP,sink,MinionRoster.TrySummon,-226
4,19,DP,source,AdventurerAI.ReapEmotion,186
4,19,DP,source,AdventurerAI.GrantReturnReward,10732
4,19,Fame,source,AdventurerAI.GrantReturnReward,210
4,19,Fame,source,LureEconomy.OnHeroEscaped,525
4,19,DP,sink,CommandSystem.TryUse,-4900
4,19,DP,source,AdventurerAI.TakeDamage,313
4,19,Material,source,AdventurerAI.TakeDamage,7
4,19,DP,stock,end,6347
4,19,Material,stock,end,848
4,19,Fame,stock,end,4092
4,20,DP,source,SurfaceMap.CollectYields,102
4,20,Material,source,SurfaceMap.CollectYields,5
4,20,Fame,source,SurfaceMap.CollectYields,22
4,20,DP,source,DistrictCatalog.Collect,224
4,20,DP,sink,MinionRoster.TryForge,-5768
4,20,DP,sink,MinionRoster.TryEvolveIndividual,-325
4,20,DP,sink,DungeonFeatureManager.TryPlaceTrap,-300
4,20,DP,sink,MinionRoster.TrySummon,-270
4,20,DP,source,AdventurerAI.ReapEmotion,262
4,20,DP,source,AdventurerAI.GrantReturnReward,16066
4,20,Fame,source,AdventurerAI.GrantReturnReward,340
4,20,Fame,source,LureEconomy.OnHeroEscaped,850
4,20,DP,sink,CommandSystem.TryUse,-4900
4,20,DP,stock,end,11438
4,20,Material,stock,end,853
4,20,Fame,stock,end,5304
5,1,DP,sink,DungeonFeatureManager.TryPlaceTrap,-150
5,1,DP,source,AdventurerAI.ReapEmotion,200
5,1,DP,source,AdventurerAI.GrantReturnReward,351
5,1,Fame,source,AdventurerAI.GrantReturnReward,20
5,1,Fame,source,LureEconomy.OnHeroEscaped,50
5,1,DP,sink,CommandSystem.TryUse,-300
5,1,DP,source,AdventurerAI.TakeDamage,168
5,1,Material,source,AdventurerAI.TakeDamage,14
5,1,DP,stock,end,469
5,1,Material,stock,end,14
5,1,Fame,stock,end,70
5,2,DP,source,SurfaceMap.CollectYields,18
5,2,Material,source,SurfaceMap.CollectYields,1
5,2,Fame,source,SurfaceMap.CollectYields,4
5,2,DP,source,EraSystem.TickTurn,600
5,2,Fame,source,EraSystem.TickTurn,25
5,2,DP,sink,MinionRoster.TryForge,-236
5,2,DP,sink,MinionEvolution.TryEvolve,-550
5,2,DP,sink,DungeonFeatureManager.TryPlaceTrap,-150
5,2,DP,sink,MinionRoster.TrySummon,-144
5,2,DP,source,AdventurerAI.ReapEmotion,113
5,2,DP,source,AdventurerAI.TakeDamage,280
5,2,Material,source,AdventurerAI.TakeDamage,16
5,2,DP,source,AdventurerAI.GrantReturnReward,469
5,2,Fame,source,AdventurerAI.GrantReturnReward,10
5,2,Fame,source,LureEconomy.OnHeroEscaped,25
5,2,DP,sink,CommandSystem.TryUse,-650
5,2,DP,stock,end,219
5,2,Material,stock,end,31
5,2,Fame,stock,end,134
5,3,DP,source,SurfaceMap.CollectYields,18
5,3,Material,source,SurfaceMap.CollectYields,1
5,3,Fame,source,SurfaceMap.CollectYields,4
5,3,DP,source,EraSystem.TickTurn,600
5,3,Material,source,EraSystem.TickTurn,10
5,3,DP,sink,MinionRoster.TryForge,-236
5,3,DP,sink,MinionEvolution.TryEvolve,-275
5,3,DP,sink,DungeonFeatureManager.TryPlaceTrap,-150
5,3,DP,sink,MinionRoster.TrySummon,-176
5,3,DP,source,AdventurerAI.ReapEmotion,174
5,3,DP,source,AdventurerAI.TakeDamage,301
5,3,Material,source,AdventurerAI.TakeDamage,18
5,3,DP,sink,CommandSystem.TryUse,-650
5,3,DP,source,AdventurerAI.GrantReturnReward,211
5,3,Fame,source,AdventurerAI.GrantReturnReward,10
5,3,Fame,source,LureEconomy.OnHeroEscaped,25
5,3,DP,stock,end,36
5,3,Material,stock,end,60
5,3,Fame,stock,end,173
5,4,DP,source,SurfaceMap.CollectYields,18
5,4,Material,source,SurfaceMap.CollectYields,1
5,4,Fame,source,SurfaceMap.CollectYields,4
5,4,DP,source,EraSystem.TickTurn,600
5,4,DP,sink,MinionRoster.TryForge,-236
5,4,DP,sink,DungeonFeatureManager.TryPlaceTrap,-300
5,4,DP,sink,MinionRoster.TrySummon,-117
5,4,DP,source,AdventurerAI.ReapEmotion,122
5,4,Fame,source,AdventurerAI.GrantReturnReward,50
5,4,Fame,source,LureEconomy.OnHeroEscaped,125
5,4,DP,source,AdventurerAI.TakeDamage,410
5,4,Material,source,AdventurerAI.TakeDamage,16
5,4,DP,source,AdventurerAI.GrantReturnReward,550
5,4,DP,sink,CommandSystem.TryUse,-650
5,4,DP,stock,end,433
5,4,Material,stock,end,77
5,4,Fame,stock,end,352
5,5,DP,source,SurfaceMap.CollectYields,18
5,5,Material,source,SurfaceMap.CollectYields,1
5,5,Fame,source,SurfaceMap.CollectYields,4
5,5,DP,source,EraSystem.TickTurn,600
5,5,DP,sink,MinionRoster.TryForge,-212
5,5,DP,sink,DungeonFloorManager.TryExpandFloor,-400
5,5,DP,sink,DungeonFeatureManager.TryPlaceTrap,-300
5,5,DP,sink,MinionRoster.TrySummon,-139
5,5,DP,source,AdventurerAI.ReapEmotion,115
5,5,DP,source,AdventurerAI.TakeDamage,796
5,5,Material,source,AdventurerAI.TakeDamage,27
5,5,DP,sink,CommandSystem.TryUse,-1800
5,5,DP,source,AdventurerAI.GrantReturnReward,416
5,5,Fame,source,AdventurerAI.GrantReturnReward,20
5,5,Fame,source,LureEconomy.OnHeroEscaped,50
5,5,DP,source,Nemesis.OnSlain,502
5,5,Material,source,Nemesis.OnSlain,5
5,5,DP,stock,end,29
5,5,Material,stock,end,110
5,5,Fame,stock,end,426
5,6,DP,source,SurfaceMap.CollectYields,39
5,6,Material,source,SurfaceMap.CollectYields,2
5,6,Fame,source,SurfaceMap.CollectYields,9
5,6,DP,source,EraSystem.TickTurn,600
5,6,Material,source,EraSystem.TickTurn,10
5,6,Fame,source,EraSystem.TickTurn,25
5,6,DP,sink,MinionRoster.TryForge,-212
5,6,DP,sink,MinionRoster.TryEvolveIndividual,-150
5,6,DP,sink,DungeonFeatureManager.TryPlaceTrap,-150
5,6,DP,sink,MinionRoster.TrySummon,-144
5,6,DP,source,AdventurerAI.ReapEmotion,262
5,6,DP,source,AdventurerAI.TakeDamage,868
5,6,Material,source,AdventurerAI.TakeDamage,28
5,6,DP,sink,CommandSystem.TryUse,-1300
5,6,DP,source,Nemesis.OnSlain,1070
5,6,Material,source,Nemesis.OnSlain,10
5,6,DP,stock,end,912
5,6,Material,stock,end,160
5,6,Fame,stock,end,460
5,7,DP,source,SurfaceMap.CollectYields,39
5,7,Material,source,SurfaceMap.CollectYields,2
5,7,Fame,source,SurfaceMap.CollectYields,9
5,7,DP,source,EraSystem.TickTurn,1020
5,7,DP,sink,MinionRoster.TryForge,-212
5,7,DP,sink,DungeonFloorManager.TryAddFloor,-800
5,7,DP,sink,DungeonFloorManager.TryExpandFloor,-400
5,7,DP,sink,MinionEvolution.TryEvolve,-200
5,7,DP,sink,DungeonFeatureManager.TryPlaceTrap,-150
5,7,DP,sink,MinionRoster.TrySummon,-204
5,7,DP,source,AdventurerAI.ReapEmotion,91
5,7,DP,source,AdventurerAI.TakeDamage,414
5,7,Material,source,AdventurerAI.TakeDamage,12
5,7,Fame,source,AdventurerAI.GrantReturnReward,40
5,7,Fame,source,LureEconomy.OnHeroEscaped,100
5,7,DP,sink,CommandSystem.TryUse,-1150
5,7,DP,source,AdventurerAI.GrantReturnReward,756
5,7,DP,stock,end,116
5,7,Material,stock,end,174
5,7,Fame,stock,end,609
5,8,DP,source,SurfaceMap.CollectYields,39
5,8,Material,source,SurfaceMap.CollectYields,2
5,8,Fame,source,SurfaceMap.CollectYields,9
5,8,DP,source,EraSystem.TickTurn,600
5,8,DP,sink,MinionRoster.TryForge,-212
5,8,DP,sink,MinionRoster.TryEvolveIndividual,-200
5,8,DP,sink,DungeonFeatureManager.TryPlaceTrap,-150
5,8,DP,sink,MinionRoster.TrySummon,-178
5,8,DP,source,AdventurerAI.ReapEmotion,84
5,8,DP,source,AdventurerAI.TakeDamage,1163
5,8,Material,source,AdventurerAI.TakeDamage,74
5,8,DP,sink,CommandSystem.TryUse,-2950
5,8,DP,source,AdventurerAI.GrantReturnReward,317
5,8,Fame,source,AdventurerAI.GrantReturnReward,20
5,8,Fame,source,LureEconomy.OnHeroEscaped,50
5,8,DP,source,Nemesis.OnSlain,1701
5,8,Material,source,Nemesis.OnSlain,15
5,8,DP,stock,end,330
5,8,Material,stock,end,265
5,8,Fame,stock,end,688
5,9,DP,source,SurfaceMap.CollectYields,69
5,9,Material,source,SurfaceMap.CollectYields,3
5,9,Fame,source,SurfaceMap.CollectYields,17
5,9,DP,source,EraSystem.TickTurn,600
5,9,Fame,source,EraSystem.TickTurn,25
5,9,DP,sink,MinionRoster.TryForge,-190
5,9,DP,sink,MinionEvolution.TryEvolve,-325
5,9,DP,sink,MinionRoster.TryEvolveIndividual,-75
5,9,DP,sink,DungeonFeatureManager.TryPlaceTrap,-150
5,9,DP,sink,MinionRoster.TrySummon,-258
5,9,DP,source,AdventurerAI.ReapEmotion,396
5,9,DP,source,AdventurerAI.TakeDamage,1237
5,9,Material,source,AdventurerAI.TakeDamage,46
5,9,DP,sink,CommandSystem.TryUse,-1800
5,9,Fame,source,AdventurerAI.GrantReturnReward,60
5,9,Fame,source,LureEconomy.OnHeroEscaped,150
5,9,DP,source,AdventurerAI.GrantReturnReward,1324
5,9,DP,source,Nemesis.OnSlain,1415
5,9,Material,source,Nemesis.OnSlain,12
5,9,DP,stock,end,2573
5,9,Material,stock,end,326
5,9,Fame,stock,end,940
5,10,DP,source,SurfaceMap.CollectYields,79
5,10,Material,source,SurfaceMap.CollectYields,3
5,10,Fame,source,SurfaceMap.CollectYields,17
5,10,DP,source,EraSystem.TickTurn,1020
5,10,DP,sink,MinionRoster.TryForge,-190
5,10,DP,sink,DungeonFloorManager.TryAddFloor,-2000
5,10,DP,sink,DungeonFloorManager.TryExpandFloor,-400
5,10,DP,sink,MinionEvolution.TryEvolve,-750
5,10,DP,sink,DungeonFeatureManager.TryPlaceTrap,-150
5,10,DP,sink,MinionRoster.TrySummon,-170
5,10,DP,source,AdventurerAI.ReapEmotion,509
5,10,DP,source,AdventurerAI.TakeDamage,862
5,10,Material,source,AdventurerAI.TakeDamage,27
5,10,DP,sink,CommandSystem.TryUse,-2300
5,10,DP,source,AdventurerAI.GrantReturnReward,804
5,10,Fame,source,AdventurerAI.GrantReturnReward,40
5,10,Fame,source,LureEconomy.OnHeroEscaped,100
5,10,DP,source,Nemesis.OnSlain,1264
5,10,Material,source,Nemesis.OnSlain,10
5,10,DP,stock,end,1151
5,10,Material,stock,end,366
5,10,Fame,stock,end,1097
5,11,DP,source,SurfaceMap.CollectYields,79
5,11,Material,source,SurfaceMap.CollectYields,3
5,11,Fame,source,SurfaceMap.CollectYields,17
5,11,DP,source,WaveRoster.ResolveTrial,900
5,11,DP,sink,MinionRoster.TryForge,-190
5,11,DP,sink,DungeonFloorManager.TryExpandFloor,-1600
5,11,DP,sink,DungeonFeatureManager.TryPlaceTrap,-150
5,11,DP,sink,MinionRoster.TrySummon,-187
5,11,DP,source,AdventurerAI.ReapEmotion,152
5,11,DP,source,AdventurerAI.GrantReturnReward,1862
5,11,Fame,source,AdventurerAI.GrantReturnReward,70
5,11,Fame,source,LureEconomy.OnHeroEscaped,175
5,11,DP,source,AdventurerAI.TakeDamage,721
5,11,Material,source,AdventurerAI.TakeDamage,25
5,11,DP,sink,CommandSystem.TryUse,-1150
5,11,DP,source,Nemesis.OnSlain,1205
5,11,Material,source,Nemesis.OnSlain,9
5,11,DP,stock,end,2793
5,11,Material,stock,end,403
5,11,Fame,stock,end,1359
5,12,DP,source,SurfaceMap.CollectYields,106
5,12,Material,source,SurfaceMap.CollectYields,4
5,12,Fame,source,SurfaceMap.CollectYields,22
5,12,DP,source,DistrictCatalog.Collect,98
5,12,DP,source,EraSystem.TickTurn,300
5,12,DP,sink,MinionRoster.TryForge,-760
5,12,DP,sink,DungeonFloorManager.TryExpandFloor,-800
5,12,DP,sink,MinionEvolution.TryEvolve,-550
5,12,DP,sink,MinionRoster.TryEvolveIndividual,-650
5,12,DP,sink,DungeonFeatureManager.TryPlaceTrap,-300
5,12,DP,sink,MinionRoster.TrySummon,-216
5,12,DP,source,AdventurerAI.ReapEmotion,154
5,12,DP,source,AdventurerAI.GrantReturnReward,1876
5,12,Fame,source,AdventurerAI.GrantReturnReward,60
5,12,Fame,source,LureEconomy.OnHeroEscaped,150
5,12,DP,sink,CommandSystem.TryUse,-1150
5,12,DP,source,AdventurerAI.TakeDamage,186
5,12,Material,source,AdventurerAI.TakeDamage,6
5,12,DP,stock,end,1087
5,12,Material,stock,end,413
5,12,Fame,stock,end,1591
5,13,DP,source,SurfaceMap.CollectYields,83
5,13,Material,source,SurfaceMap.CollectYields,4
5,13,Fame,source,SurfaceMap.CollectYields,19
5,13,DP,source,DistrictCatalog.Collect,98
5,13,DP,sink,MinionRoster.TryForge,-802
5,13,DP,sink,DungeonFeatureManager.TryPlaceTrap,-300
5,13,DP,sink,MinionRoster.TrySummon,-158
5,13,DP,source,AdventurerAI.ReapEmotion,158
5,13,DP,source,AdventurerAI.TakeDamage,1265
5,13,Material,source,AdventurerAI.TakeDamage,33
5,13,DP,sink,CommandSystem.TryUse,-3100
5,13,DP,source,AdventurerAI.GrantReturnReward,2536
5,13,Fame,source,AdventurerAI.GrantReturnReward,90
5,13,Fame,source,LureEconomy.OnHeroEscaped,225
5,13,DP,source,Nemesis.OnSlain,1635
5,13,Material,source,Nemesis.OnSlain,12
5,13,DP,stock,end,2502
5,13,Material,stock,end,462
5,13,Fame,stock,end,1925
5,14,DP,source,SurfaceMap.CollectYields,83
5,14,Material,source,SurfaceMap.CollectYields,4
5,14,Fame,source,SurfaceMap.CollectYields,19
5,14,DP,source,DistrictCatalog.Collect,98
5,14,DP,sink,MinionRoster.TryForge,-2026
5,14,DP,sink,MinionRoster.TryEvolveIndividual,-250
5,14,DP,sink,DungeonFeatureManager.TryPlaceTrap,-150
5,14,DP,sink,MinionRoster.TrySummon,-252
5,14,DP,source,AdventurerAI.ReapEmotion,167
5,14,DP,source,AdventurerAI.TakeDamage,1285
5,14,Material,source,AdventurerAI.TakeDamage,53
5,14,DP,sink,CommandSystem.TryUse,-3100
5,14,DP,source,AdventurerAI.GrantReturnReward,3578
5,14,Fame,source,AdventurerAI.GrantReturnReward,110
5,14,Fame,source,LureEconomy.OnHeroEscaped,275
5,14,DP,source,Nemesis.OnSlain,1708
5,14,Material,source,Nemesis.OnSlain,12
5,14,DP,stock,end,3643
5,14,Material,stock,end,531
5,14,Fame,stock,end,2329
5,15,DP,source,SurfaceMap.CollectYields,103
5,15,Material,source,SurfaceMap.CollectYields,5
5,15,Fame,source,SurfaceMap.CollectYields,23
5,15,DP,source,DistrictCatalog.Collect,98
5,15,DP,sink,MinionRoster.TryForge,-3032
5,15,DP,sink,MinionRoster.TryEvolveIndividual,-325
5,15,DP,sink,DungeonFeatureManager.TryPlaceTrap,-300
5,15,DP,sink,MinionRoster.TrySummon,-165
5,15,DP,source,AdventurerAI.ReapEmotion,279
5,15,DP,sink,CommandSystem.TryUse,-2250
5,15,DP,source,AdventurerAI.GrantReturnReward,4660
5,15,Fame,source,AdventurerAI.GrantReturnReward,150
5,15,Fame,source,LureEconomy.OnHeroEscaped,375
5,15,DP,source,AdventurerAI.TakeDamage,289
5,15,Material,source,AdventurerAI.TakeDamage,9
5,15,DP,stock,end,3000
5,15,Material,stock,end,545
5,15,Fame,stock,end,2877
5,16,DP,source,SurfaceMap.CollectYields,103
5,16,Material,source,SurfaceMap.CollectYields,5
5,16,Fame,source,SurfaceMap.CollectYields,23
5,16,DP,source,DistrictCatalog.Collect,98
5,16,DP,source,EraSystem.TickTurn,300
5,16,DP,sink,MinionRoster.TryForge,-1210
5,16,DP,sink,DungeonFloorManager.TryExpandFloor,-1500
5,16,DP,sink,MinionRoster.TryEvolveIndividual,-250
5,16,DP,sink,DungeonFeatureManager.TryPlaceTrap,-300
5,16,DP,sink,MinionRoster.TrySummon,-233
5,16,DP,source,AdventurerAI.ReapEmotion,230
5,16,DP,source,AdventurerAI.GrantReturnReward,6193
5,16,Fame,source,AdventurerAI.GrantReturnReward,140
5,16,Fame,source,LureEconomy.OnHeroEscaped,350
5,16,DP,sink,CommandSystem.TryUse,-2650
5,16,DP,source,AdventurerAI.TakeDamage,1241
5,16,Material,source,AdventurerAI.TakeDamage,79
5,16,DP,stock,end,5022
5,16,Material,stock,end,629
5,16,Fame,stock,end,3390
5,17,DP,source,SurfaceMap.CollectYields,101
5,17,Material,source,SurfaceMap.CollectYields,5
5,17,Fame,source,SurfaceMap.CollectYields,23
5,17,DP,source,DistrictCatalog.Collect,112
5,17,DP,source,EraSystem.TickTurn,720
5,17,DP,sink,MinionRoster.TryForge,-190
5,17,DP,sink,DungeonFloorManager.TryAddFloor,-5000
5,17,DP,sink,DungeonFloorManager.TryExpandFloor,-400
5,17,DP,sink,DungeonFeatureManager.TryPlaceTrap,-150
5,17,DP,sink,MinionRoster.TrySummon,-206
5,17,DP,source,AdventurerAI.ReapEmotion,110
5,17,DP,source,AdventurerAI.GrantReturnReward,5640
5,17,Fame,source,AdventurerAI.GrantReturnReward,180
5,17,Fame,source,LureEconomy.OnHeroEscaped,450
5,17,DP,sink,CommandSystem.TryUse,-1600
5,17,DP,source,AdventurerAI.TakeDamage,670
5,17,Material,source,AdventurerAI.TakeDamage,6
5,17,DP,stock,end,4829
5,17,Material,stock,end,640
5,17,Fame,stock,end,4043
5,18,DP,source,SurfaceMap.CollectYields,121
5,18,Material,source,SurfaceMap.CollectYields,6
5,18,Fame,source,SurfaceMap.CollectYields,27
5,18,DP,source,DistrictCatalog.Collect,112
5,18,DP,sink,MinionRoster.TryForge,-3236
5,18,DP,sink,DungeonFloorManager.TryExpandFloor,-800
5,18,DP,sink,MinionRoster.TryEvolveIndividual,-325
5,18,DP,sink,DungeonFeatureManager.TryPlaceTrap,-450
5,18,DP,sink,MinionRoster.TrySummon,-226
5,18,DP,source,AdventurerAI.ReapEmotion,169
5,18,DP,source,AdventurerAI.GrantReturnReward,11180
5,18,Fame,source,AdventurerAI.GrantReturnReward,210
5,18,Fame,source,LureEconomy.OnHeroEscaped,525
5,18,DP,sink,CommandSystem.TryUse,-4900
5,18,DP,source,AdventurerAI.TakeDamage,493
5,18,Material,source,AdventurerAI.TakeDamage,6
5,18,DP,stock,end,6967
5,18,Material,stock,end,652
5,18,Fame,stock,end,4805
5,19,DP,source,SurfaceMap.CollectYields,121
5,19,Material,source,SurfaceMap.CollectYields,6
5,19,Fame,source,SurfaceMap.CollectYields,27
5,19,DP,source,DistrictCatalog.Collect,112
5,19,DP,sink,MinionRoster.TryForge,-6149
5,19,DP,sink,MinionRoster.TryEvolveIndividual,-325
5,19,DP,sink,DungeonFeatureManager.TryPlaceTrap,-450
5,19,DP,sink,MinionRoster.TrySummon,-261
5,19,DP,source,IncidentSystem.Apply,600
5,19,DP,sink,CommandSystem.TryUse,-5550
5,19,DP,source,AdventurerAI.ReapEmotion,156
5,19,DP,source,AdventurerAI.GrantReturnReward,14272
5,19,Fame,source,AdventurerAI.GrantReturnReward,220
5,19,Fame,source,LureEconomy.OnHeroEscaped,550
5,19,DP,source,AdventurerAI.TakeDamage,1155
5,19,Material,source,AdventurerAI.TakeDamage,10
5,19,DP,stock,end,10648
5,19,Material,stock,end,668
5,19,Fame,stock,end,5602
5,20,DP,source,SurfaceMap.CollectYields,121
5,20,Material,source,SurfaceMap.CollectYields,6
5,20,Fame,source,SurfaceMap.CollectYields,27
5,20,DP,source,DistrictCatalog.Collect,112
5,20,DP,sink,MinionRoster.TryForge,-10123
5,20,DP,sink,DungeonFeatureManager.TryPlaceTrap,-600
5,20,DP,sink,MinionRoster.TrySummon,-150
5,20,DP,source,AdventurerAI.ReapEmotion,112
5,20,DP,source,AdventurerAI.GrantReturnReward,9585
5,20,Fame,source,AdventurerAI.GrantReturnReward,300
5,20,Fame,source,LureEconomy.OnHeroEscaped,750
5,20,DP,sink,CommandSystem.TryUse,-4900
5,20,DP,stock,end,4805
5,20,Material,stock,end,674
5,20,Fame,stock,end,6679
6,1,DP,sink,DungeonFeatureManager.TryPlaceTrap,-150
6,1,DP,source,AdventurerAI.ReapEmotion,99
6,1,DP,source,AdventurerAI.TakeDamage,160
6,1,Material,source,AdventurerAI.TakeDamage,12
6,1,DP,source,AdventurerAI.GrantReturnReward,596
6,1,Fame,source,AdventurerAI.GrantReturnReward,20
6,1,Fame,source,LureEconomy.OnHeroEscaped,50
6,1,DP,sink,CommandSystem.TryUse,-300
6,1,DP,stock,end,605
6,1,Material,stock,end,12
6,1,Fame,stock,end,70
6,2,DP,source,SurfaceMap.CollectYields,18
6,2,Material,source,SurfaceMap.CollectYields,1
6,2,Fame,source,SurfaceMap.CollectYields,4
6,2,DP,source,EraSystem.TickTurn,600
6,2,Fame,source,EraSystem.TickTurn,25
6,2,DP,sink,MinionRoster.TryForge,-236
6,2,DP,sink,MinionEvolution.TryEvolve,-625
6,2,DP,sink,DungeonFeatureManager.TryPlaceTrap,-300
6,2,DP,sink,MinionRoster.TrySummon,-56
6,2,DP,source,AdventurerAI.ReapEmotion,104
6,2,Fame,source,AdventurerAI.GrantReturnReward,30
6,2,Fame,source,LureEconomy.OnHeroEscaped,75
6,2,DP,source,AdventurerAI.TakeDamage,144
6,2,Material,source,AdventurerAI.TakeDamage,6
6,2,DP,source,AdventurerAI.GrantReturnReward,641
6,2,DP,sink,CommandSystem.TryUse,-650
6,2,DP,stock,end,245
6,2,Material,stock,end,19
6,2,Fame,stock,end,204
6,3,DP,source,SurfaceMap.CollectYields,18
6,3,Material,source,SurfaceMap.CollectYields,1
6,3,Fame,source,SurfaceMap.CollectYields,4
6,3,DP,source,EraSystem.TickTurn,600
6,3,Material,source,EraSystem.TickTurn,10
6,3,Fame,source,EraSystem.TickTurn,25
6,3,DP,sink,MinionRoster.TryForge,-236
6,3,DP,sink,MinionEvolution.TryEvolve,-325
6,3,DP,sink,DungeonFeatureManager.TryPlaceTrap,-150
6,3,DP,sink,MinionRoster.TrySummon,-147
6,3,DP,source,AdventurerAI.ReapEmotion,119
6,3,DP,source,AdventurerAI.TakeDamage,157
6,3,Material,source,AdventurerAI.TakeDamage,8
6,3,Fame,source,AdventurerAI.GrantReturnReward,30
6,3,Fame,source,LureEconomy.OnHeroEscaped,75
6,3,DP,source,AdventurerAI.GrantReturnReward,714
6,3,DP,sink,CommandSystem.TryUse,-650
6,3,DP,stock,end,345
6,3,Material,stock,end,38
6,3,Fame,stock,end,338
6,4,DP,source,SurfaceMap.CollectYields,18
6,4,Material,source,SurfaceMap.CollectYields,1
6,4,Fame,source,SurfaceMap.CollectYields,4
6,4,DP,source,EraSystem.TickTurn,600
6,4,DP,sink,MinionRoster.TryForge,-236
6,4,DP,sink,DungeonFloorManager.TryExpandFloor,-400
6,4,DP,sink,DungeonFeatureManager.TryPlaceTrap,-150
6,4,DP,sink,MinionRoster.TrySummon,-162
6,4,DP,source,AdventurerAI.ReapEmotion,314
6,4,Fame,source,AdventurerAI.GrantReturnReward,40
6,4,Fame,source,LureEconomy.OnHeroEscaped,100
6,4,DP,sink,CommandSystem.TryUse,-1150
6,4,DP,source,AdventurerAI.GrantReturnReward,1051
6,4,DP,source,AdventurerAI.TakeDamage,206
6,4,Material,source,AdventurerAI.TakeDamage,19
6,4,DP,stock,end,436
6,4,Material,stock,end,58
6,4,Fame,stock,end,482
6,5,DP,source,SurfaceMap.CollectYields,18
6,5,Material,source,SurfaceMap.CollectYields,1
6,5,Fame,source,SurfaceMap.CollectYields,4
6,5,DP,source,EraSystem.TickTurn,600
6,5,Material,source,EraSystem.TickTurn,10
6,5,DP,sink,MinionRoster.TryForge,-212
6,5,DP,sink,MinionEvolution.TryEvolve,-400
6,5,DP,sink,DungeonFeatureManager.TryPlaceTrap,-300
6,5,DP,sink,MinionRoster.TrySummon,-135
6,5,DP,source,AdventurerAI.ReapEmotion,136
6,5,DP,source,AdventurerAI.TakeDamage,540
6,5,Material,source,AdventurerAI.TakeDamage,32
6,5,DP,sink,CommandSystem.TryUse,-650
6,5,Fame,source,AdventurerAI.GrantReturnReward,20
6,5,Fame,source,LureEconomy.OnHeroEscaped,50
6,5,DP,source,AdventurerAI.GrantReturnReward,456
6,5,DP,stock,end,489
6,5,Material,stock,end,101
6,5,Fame,stock,end,556
6,6,DP,source,SurfaceMap.CollectYields,39
6,6,Material,source,SurfaceMap.CollectYields,2
6,6,Fame,source,SurfaceMap.CollectYields,9
6,6,DP,source,EraSystem.TickTurn,600
6,6,DP,sink,MinionRoster.TryForge,-212
6,6,DP,sink,MinionEvolution.TryEvolve,-500
6,6,DP,sink,DungeonFeatureManager.TryPlaceTrap,-300
6,6,DP,sink,MinionRoster.TrySummon,-102
6,6,DP,source,AdventurerAI.ReapEmotion,197
6,6,DP,source,AdventurerAI.TakeDamage,813
6,6,Material,source,AdventurerAI.TakeDamage,49
6,6,DP,sink,CommandSystem.TryUse,-1300
6,6,DP,source,AdventurerAI.GrantReturnReward,214
6,6,Fame,source,AdventurerAI.GrantReturnReward,10
6,6,Fame,source,LureEconomy.OnHeroEscaped,25
6,6,DP,source,Nemesis.OnSlain,1306
6,6,Material,source,Nemesis.OnSlain,12
6,6,DP,stock,end,1244
6,6,Material,stock,end,164
6,6,Fame,stock,end,600
6,7,DP,source,SurfaceMap.CollectYields,39
6,7,Material,source,SurfaceMap.CollectYields,2
6,7,Fame,source,SurfaceMap.CollectYields,9
6,7,DP,source,EraSystem.TickTurn,600
6,7,DP,sink,MinionRoster.TryForge,-212
6,7,DP,sink,DungeonFloorManager.TryAddFloor,-800
6,7,DP,sink,DungeonFloorManager.TryExpandFloor,-400
6,7,DP,sink,MinionRoster.TryEvolveIndividual,-150
6,7,DP,sink,DungeonFeatureManager.TryPlaceTrap,-150
6,7,DP,sink,MinionRoster.TrySummon,-162
6,7,DP,source,AdventurerAI.ReapEmotion,353
6,7,DP,sink,CommandSystem.TryUse,-2300
6,7,DP,source,AdventurerAI.GrantReturnReward,928
6,7,Fame,source,AdventurerAI.GrantReturnReward,30
6,7,Fame,source,LureEconomy.OnHeroEscaped,75
6,7,DP,source,AdventurerAI.TakeDamage,677
6,7,Material,source,AdventurerAI.TakeDamage,47
6,7,DP,source,Nemesis.OnSlain,1342
6,7,Material,source,Nemesis.OnSlain,12
6,7,DP,stock,end,1009
6,7,Material,stock,end,225
6,7,Fame,stock,end,714
6,8,DP,source,SurfaceMap.CollectYields,39
6,8,Material,source,SurfaceMap.CollectYields,2
6,8,Fame,source,SurfaceMap.CollectYields,9
6,8,DP,source,EraSystem.TickTurn,600
6,8,DP,sink,MinionRoster.TryForge,-212
6,8,DP,sink,DungeonFloorManager.TryExpandFloor,-800
6,8,DP,sink,MinionEvolution.TryEvolve,-250
6,8,DP,sink,DungeonFeatureManager.TryPlaceTrap,-150
6,8,DP,sink,MinionRoster.TrySummon,-230
6,8,DP,source,AdventurerAI.ReapEmotion,95
6,8,DP,source,AdventurerAI.GrantReturnReward,751
6,8,Fame,source,AdventurerAI.GrantReturnReward,30
6,8,Fame,source,LureEconomy.OnHeroEscaped,75
6,8,DP,sink,CommandSystem.TryUse,-1800
6,8,DP,source,Nemesis.OnSlain,1166
6,8,Material,source,Nemesis.OnSlain,10
6,8,DP,source,AdventurerAI.TakeDamage,988
6,8,Material,source,AdventurerAI.TakeDamage,47
6,8,DP,stock,end,1206
6,8,Material,stock,end,284
6,8,Fame,stock,end,828
6,9,DP,source,SurfaceMap.CollectYields,69
6,9,Material,source,SurfaceMap.CollectYields,3
6,9,Fame,source,SurfaceMap.CollectYields,17
6,9,DP,source,EraSystem.TickTurn,1020
6,9,Fame,source,EraSystem.TickTurn,25
6,9,DP,sink,MinionRoster.TryForge,-190
6,9,DP,sink,DungeonFloorManager.TryExpandFloor,-800
6,9,DP,sink,MinionEvolution.TryEvolve,-550
6,9,DP,sink,MinionRoster.TryEvolveIndividual,-400
6,9,DP,sink,DungeonFeatureManager.TryPlaceTrap,-150
6,9,DP,sink,MinionRoster.TrySummon,-204
6,9,DP,source,AdventurerAI.TakeDamage,623
6,9,Material,source,AdventurerAI.TakeDamage,28
6,9,DP,source,AdventurerAI.ReapEmotion,264
6,9,DP,sink,CommandSystem.TryUse,-650
6,9,DP,source,AdventurerAI.GrantReturnReward,380
6,9,Fame,source,AdventurerAI.GrantReturnReward,10
6,9,Fame,source,LureEconomy.OnHeroEscaped,25
6,9,DP,source,Nemesis.OnSlain,616
6,9,Material,source,Nemesis.OnSlain,5
6,9,DP,stock,end,1234
6,9,Material,stock,end,320
6,9,Fame,stock,end,905
6,10,DP,source,SurfaceMap.CollectYields,52
6,10,Material,source,SurfaceMap.CollectYields,2
6,10,Fame,source,SurfaceMap.CollectYields,11
6,10,DP,sink,MinionRoster.TryForge,-774
6,10,DP,sink,MinionRoster.TryEvolveIndividual,-75
6,10,DP,sink,DungeonFeatureManager.TryPlaceTrap,-150
6,10,DP,sink,MinionRoster.TrySummon,-285
6,10,DP,source,AdventurerAI.ReapEmotion,153
6,10,DP,source,AdventurerAI.GrantReturnReward,2006
6,10,Fame,source,AdventurerAI.GrantReturnReward,50
6,10,Fame,source,LureEconomy.OnHeroEscaped,125
6,10,DP,sink,CommandSystem.TryUse,-1800
6,10,DP,source,AdventurerAI.TakeDamage,898
6,10,Material,source,AdventurerAI.TakeDamage,40
6,10,DP,source,Nemesis.OnSlain,1264
6,10,Material,source,Nemesis.OnSlain,10
6,10,DP,stock,end,2523
6,10,Material,stock,end,372
6,10,Fame,stock,end,1091
6,11,DP,source,SurfaceMap.CollectYields,52
6,11,Material,source,SurfaceMap.CollectYields,2
6,11,Fame,source,SurfaceMap.CollectYields,11
6,11,DP,source,EraSystem.TickTurn,300
6,11,DP,source,WaveRoster.ResolveTrial,900
6,11,DP,sink,MinionRoster.TryForge,-190
6,11,DP,sink,DungeonFloorManager.TryAddFloor,-2000
6,11,DP,sink,DungeonFloorManager.TryExpandFloor,-1200
6,11,DP,sink,DungeonFeatureManager.TryPlaceTrap,-150
6,11,DP,sink,MinionRoster.TrySummon,-228
6,11,DP,source,AdventurerAI.ReapEmotion,130
6,11,DP,source,AdventurerAI.GrantReturnReward,1748
6,11,Fame,source,AdventurerAI.GrantReturnReward,60
6,11,Fame,source,LureEconomy.OnHeroEscaped,150
6,11,DP,sink,CommandSystem.TryUse,-2300
6,11,DP,source,AdventurerAI.TakeDamage,1097
6,11,Material,source,AdventurerAI.TakeDamage,74
6,11,DP,source,Nemesis.OnSlain,648
6,11,Material,source,Nemesis.OnSlain,5
6,11,DP,stock,end,1330
6,11,Material,stock,end,453
6,11,Fame,stock,end,1312
6,12,DP,source,SurfaceMap.CollectYields,52
6,12,Material,source,SurfaceMap.CollectYields,2
6,12,Fame,source,SurfaceMap.CollectYields,11
6,12,DP,source,DistrictCatalog.Collect,112
6,12,DP,source,EraSystem.TickTurn,720
6,12,DP,sink,MinionRoster.TryForge,-190
6,12,DP,sink,DungeonFloorManager.TryExpandFloor,-1500
6,12,DP,sink,DungeonFeatureManager.TryPlaceTrap,-300
6,12,DP,sink,MinionRoster.TrySummon,-203
6,12,DP,source,AdventurerAI.ReapEmotion,146
6,12,DP,source,AdventurerAI.GrantReturnReward,3935
6,12,Fame,source,AdventurerAI.GrantReturnReward,120
6,12,Fame,source,LureEconomy.OnHeroEscaped,300
6,12,DP,sink,CommandSystem.TryUse,-6050
6,12,DP,source,AdventurerAI.TakeDamage,1963
6,12,Material,source,AdventurerAI.TakeDamage,81
6,12,DP,source,Nemesis.OnSlain,2040
6,12,Material,source,Nemesis.OnSlain,15
6,12,DP,stock,end,2055
6,12,Material,stock,end,551
6,12,Fame,stock,end,1743
6,13,DP,source,SurfaceMap.CollectYields,83
6,13,Material,source,SurfaceMap.CollectYields,4
6,13,Fame,source,SurfaceMap.CollectYields,19
6,13,DP,source,DistrictCatalog.Collect,112
6,13,DP,sink,MinionRoster.TryForge,-190
6,13,DP,sink,DungeonFloorManager.TryExpandFloor,-1500
6,13,DP,sink,DungeonFeatureManager.TryPlaceTrap,-300
6,13,DP,sink,MinionRoster.TrySummon,-260
6,13,DP,source,AdventurerAI.ReapEmotion,162
6,13,DP,source,AdventurerAI.GrantReturnReward,1303
6,13,Fame,source,AdventurerAI.GrantReturnReward,60
6,13,Fame,source,LureEconomy.OnHeroEscaped,150
6,13,DP,sink,CommandSystem.TryUse,-1150
6,13,DP,source,AdventurerAI.TakeDamage,538
6,13,Material,source,AdventurerAI.TakeDamage,25
6,13,DP,source,Nemesis.OnSlain,713
6,13,Material,source,Nemesis.OnSlain,5
6,13,DP,stock,end,1566
6,13,Material,stock,end,585
6,13,Fame,stock,end,1972
6,14,DP,source,SurfaceMap.CollectYields,83
6,14,Material,source,SurfaceMap.CollectYields,4
6,14,Fame,source,SurfaceMap.CollectYields,19
6,14,DP,source,DistrictCatalog.Collect,126
6,14,DP,sink,MinionRoster.TryForge,-598
6,14,DP,sink,MinionRoster.TryEvolveIndividual,-650
6,14,DP,sink,DungeonFeatureManager.TryPlaceTrap,-300
6,14,DP,sink,MinionRoster.TrySummon,-219
6,14,DP,source,AdventurerAI.ReapEmotion,164
6,14,DP,source,AdventurerAI.GrantReturnReward,4145
6,14,Fame,source,AdventurerAI.GrantReturnReward,120
6,14,Fame,source,LureEconomy.OnHeroEscaped,300
6,14,DP,sink,CommandSystem.TryUse,-5250
6,14,DP,source,Nemesis.OnSlain,1458
6,14,Material,source,Nemesis.OnSlain,10
6,14,DP,source,AdventurerAI.TakeDamage,1406
6,14,Material,source,AdventurerAI.TakeDamage,216
6,14,DP,stock,end,1931
6,14,Material,stock,end,815
6,14,Fame,stock,end,2411
6,15,DP,source,SurfaceMap.CollectYields,82
6,15,Material,source,SurfaceMap.CollectYields,4
6,15,Fame,source,SurfaceMap.CollectYields,18
6,15,DP,source,DistrictCatalog.Collect,126
6,15,DP,source,EraSystem.TickTurn,300
6,15,DP,sink,MinionRoster.TryForge,-380
6,15,DP,sink,DungeonFloorManager.TryExpandFloor,-1500
6,15,DP,sink,DungeonFeatureManager.TryPlaceTrap,-300
6,15,DP,sink,MinionRoster.TrySummon,-252
6,15,DP,source,AdventurerAI.ReapEmotion,173
6,15,DP,source,AdventurerAI.GrantReturnReward,3732
6,15,Fame,source,AdventurerAI.GrantReturnReward,160
6,15,Fame,source,LureEconomy.OnHeroEscaped,400
6,15,DP,sink,CommandSystem.TryUse,-2900
6,15,DP,source,AdventurerAI.TakeDamage,316
6,15,Material,source,AdventurerAI.TakeDamage,4
6,15,DP,stock,end,1328
6,15,Material,stock,end,823
6,15,Fame,stock,end,2989
6,16,DP,source,SurfaceMap.CollectYields,62
6,16,Material,source,SurfaceMap.CollectYields,3
6,16,Fame,source,SurfaceMap.CollectYields,14
6,16,DP,source,DistrictCatalog.Collect,126
6,16,DP,sink,MinionRoster.TryForge,-1006
6,16,DP,sink,DungeonFeatureManager.TryPlaceTrap,-300
6,16,DP,sink,MinionRoster.TrySummon,-206
6,16,DP,source,AdventurerAI.ReapEmotion,160
6,16,DP,source,AdventurerAI.GrantReturnReward,5681
6,16,Fame,source,AdventurerAI.GrantReturnReward,200
6,16,Fame,source,LureEconomy.OnHeroEscaped,500
6,16,DP,sink,CommandSystem.TryUse,-4400
6,16,DP,stock,end,1445
6,16,Material,stock,end,826
6,16,Fame,stock,end,3703
6,17,DP,source,SurfaceMap.CollectYields,85
6,17,Material,source,SurfaceMap.CollectYields,4
6,17,Fame,source,SurfaceMap.CollectYields,19
6,17,DP,source,DistrictCatalog.Collect,126
6,17,DP,source,EraSystem.TickTurn,720
6,17,DP,sink,MinionRoster.TryForge,-1604
6,17,DP,sink,MinionRoster.TryEvolveIndividual,-325
6,17,DP,sink,DungeonFeatureManager.TryPlaceTrap,-150
6,17,DP,sink,MinionRoster.TrySummon,-288
6,17,DP,source,AdventurerAI.ReapEmotion,162
6,17,DP,source,AdventurerAI.GrantReturnReward,5633
6,17,Fame,source,AdventurerAI.GrantReturnReward,210
6,17,Fame,source,LureEconomy.OnHeroEscaped,525
6,17,DP,sink,CommandSystem.TryUse,-3750
6,17,DP,stock,end,2054
6,17,Material,stock,end,830
6,17,Fame,stock,end,4457
6,18,DP,source,SurfaceMap.CollectYields,106
6,18,Material,source,SurfaceMap.CollectYields,5
6,18,Fame,source,SurfaceMap.CollectYields,24
6,18,DP,source,DistrictCatalog.Collect,140
6,18,DP,sink,MinionRoster.TryForge,-1414
6,18,DP,sink,MinionRoster.TryEvolveIndividual,-325
6,18,DP,sink,DungeonFeatureManager.TryPlaceTrap,-300
6,18,DP,sink,MinionRoster.TrySummon,-226
6,18,DP,source,AdventurerAI.ReapEmotion,287
6,18,DP,sink,CommandSystem.TryUse,-4900
6,18,DP,source,AdventurerAI.GrantReturnReward,5634
6,18,Fame,source,AdventurerAI.GrantReturnReward,320
6,18,Fame,source,LureEconomy.OnHeroEscaped,800
6,18,DP,source,AdventurerAI.TakeDamage,1304
6,18,Material,source,AdventurerAI.TakeDamage,143
6,18,DP,stock,end,2360
6,18,Material,stock,end,978
6,18,Fame,stock,end,5601
6,19,DP,source,SurfaceMap.CollectYields,126
6,19,Material,source,SurfaceMap.CollectYields,6
6,19,Fame,source,SurfaceMap.CollectYields,28
6,19,DP,source,DistrictCatalog.Collect,140
6,19,DP,sink,MinionRoster.TryForge,-1808
6,19,DP,sink,MinionRoster.TryEvolveIndividual,-325
6,19,DP,sink,DungeonFeatureManager.TryPlaceTrap,-300
6,19,DP,sink,MinionRoster.TrySummon,-188
6,19,DP,source,AdventurerAI.ReapEmotion,172
6,19,DP,source,AdventurerAI.GrantReturnReward,14083
6,19,Fame,source,AdventurerAI.GrantReturnReward,340
6,19,Fame,source,LureEconomy.OnHeroEscaped,850
6,19,DP,sink,CommandSystem.TryUse,-5550
6,19,DP,source,AdventurerAI.TakeDamage,2790
6,19,Material,source,AdventurerAI.TakeDamage,252
6,19,DP,stock,end,11500
6,19,Material,stock,end,1236
6,19,Fame,stock,end,6819
6,20,DP,source,SurfaceMap.CollectYields,126
6,20,Material,source,SurfaceMap.CollectYields,6
6,20,Fame,source,SurfaceMap.CollectYields,28
6,20,DP,source,DistrictCatalog.Collect,140
6,20,DP,sink,MinionRoster.TryForge,-4678
6,20,DP,sink,DungeonFloorManager.TryAddFloor,-5000
6,20,DP,sink,DungeonFloorManager.TryExpandFloor,-1200
6,20,DP,sink,MinionRoster.TryEvolveIndividual,-250
6,20,DP,sink,DungeonFeatureManager.TryPlaceTrap,-450
6,20,DP,sink,MinionRoster.TrySummon,-156
6,20,DP,source,AdventurerAI.ReapEmotion,194
6,20,DP,source,AdventurerAI.GrantReturnReward,10261
6,20,Fame,source,AdventurerAI.GrantReturnReward,260
6,20,Fame,source,LureEconomy.OnHeroEscaped,650
6,20,DP,sink,CommandSystem.TryUse,-4400
6,20,DP,stock,end,6087
6,20,Material,stock,end,1242
6,20,Fame,stock,end,7757
7,1,DP,sink,DungeonFeatureManager.TryPlaceTrap,-150
7,1,DP,source,AdventurerAI.ReapEmotion,196
7,1,DP,source,AdventurerAI.TakeDamage,55
7,1,Material,source,AdventurerAI.TakeDamage,4
7,1,DP,sink,CommandSystem.TryUse,-650
7,1,DP,source,AdventurerAI.GrantReturnReward,742
7,1,Fame,source,AdventurerAI.GrantReturnReward,40
7,1,Fame,source,LureEconomy.OnHeroEscaped,100
7,1,DP,stock,end,393
7,1,Material,stock,end,4
7,1,Fame,stock,end,140
7,2,DP,source,SurfaceMap.CollectYields,18
7,2,Material,source,SurfaceMap.CollectYields,1
7,2,Fame,source,SurfaceMap.CollectYields,4
7,2,DP,source,EraSystem.TickTurn,600
7,2,Fame,source,EraSystem.TickTurn,25
7,2,DP,sink,MinionRoster.TryForge,-236
7,2,DP,sink,MinionEvolution.TryEvolve,-400
7,2,DP,sink,DungeonFeatureManager.TryPlaceTrap,-300
7,2,DP,sink,MinionRoster.TrySummon,-60
7,2,DP,source,AdventurerAI.ReapEmotion,118
7,2,Fame,source,AdventurerAI.GrantReturnReward,50
7,2,Fame,source,LureEconomy.OnHeroEscaped,125
7,2,DP,source,AdventurerAI.GrantReturnReward,791
7,2,DP,sink,CommandSystem.TryUse,-650
7,2,DP,stock,end,274
7,2,Material,stock,end,5
7,2,Fame,stock,end,344
7,3,DP,source,SurfaceMap.CollectYields,18
7,3,Material,source,SurfaceMap.CollectYields,1
7,3,Fame,source,SurfaceMap.CollectYields,4
7,3,DP,source,EraSystem.TickTurn,600
7,3,Material,source,EraSystem.TickTurn,10
7,3,Fame,source,EraSystem.TickTurn,25
7,3,DP,sink,MinionRoster.TryForge,-236
7,3,DP,sink,MinionEvolution.TryEvolve,-225
7,3,DP,sink,DungeonFeatureManager.TryPlaceTrap,-300
7,3,DP,sink,MinionRoster.TrySummon,-112
7,3,DP,source,AdventurerAI.ReapEmotion,117
7,3,DP,source,AdventurerAI.TakeDamage,293
7,3,Material,source,AdventurerAI.TakeDamage,21
7,3,Fame,source,AdventurerAI.GrantReturnReward,20
7,3,Fame,source,LureEconomy.OnHeroEscaped,50
7,3,DP,source,Nemesis.OnSlain,486
7,3,Material,source,Nemesis.OnSlain,5
7,3,DP,sink,CommandSystem.TryUse,-650
7,3,DP,source,AdventurerAI.GrantReturnReward,54
7,3,DP,stock,end,319
7,3,Material,stock,end,42
7,3,Fame,stock,end,443
7,4,DP,source,SurfaceMap.CollectYields,18
7,4,Material,source,SurfaceMap.CollectYields,1
7,4,Fame,source,SurfaceMap.CollectYields,4
7,4,DP,source,EraSystem.TickTurn,600
7,4,Material,source,EraSystem.TickTurn,10
7,4,DP,sink,MinionRoster.TryForge,-236
7,4,DP,sink,DungeonFloorManager.TryExpandFloor,-400
7,4,DP,sink,DungeonFeatureManager.TryPlaceTrap,-150
7,4,DP,sink,MinionRoster.TrySummon,-135
7,4,DP,source,IncidentSystem.Apply,600
7,4,DP,sink,CommandSystem.TryUse,-1800
7,4,DP,source,AdventurerAI.ReapEmotion,130
7,4,DP,source,AdventurerAI.TakeDamage,467
7,4,Material,source,AdventurerAI.TakeDamage,22
7,4,DP,source,Nemesis.OnSlain,502
7,4,Material,source,Nemesis.OnSlain,5
7,4,DP,source,AdventurerAI.GrantReturnReward,377
7,4,Fame,source,AdventurerAI.GrantReturnReward,10
7,4,Fame,source,LureEconomy.OnHeroEscaped,25
7,4,DP,stock,end,292
7,4,Material,stock,end,80
7,4,Fame,stock,end,482
7,5,DP,source,SurfaceMap.CollectYields,18
7,5,Material,source,SurfaceMap.CollectYields,1
7,5,Fame,source,SurfaceMap.CollectYields,4
7,5,DP,source,EraSystem.TickTurn,600
7,5,DP,sink,MinionRoster.TryForge,-212
7,5,DP,sink,MinionEvolution.TryEvolve,-325
7,5,DP,sink,DungeonFeatureManager.TryPlaceTrap,-300
7,5,DP,sink,MinionRoster.TrySummon,-72
7,5,DP,source,AdventurerAI.ReapEmotion,170
7,5,DP,source,AdventurerAI.TakeDamage,838
7,5,Material,source,AdventurerAI.TakeDamage,39
7,5,Fame,source,AdventurerAI.GrantReturnReward,30
7,5,Fame,source,LureEconomy.OnHeroEscaped,75
7,5,DP,sink,CommandSystem.TryUse,-2300
7,5,DP,source,AdventurerAI.GrantReturnReward,599
7,5,DP,source,Nemesis.OnSlain,1036
7,5,Material,source,Nemesis.OnSlain,10
7,5,DP,stock,end,344
7,5,Material,stock,end,130
7,5,Fame,stock,end,591
7,6,DP,source,SurfaceMap.CollectYields,39
7,6,Material,source,SurfaceMap.CollectYields,2
7,6,Fame,source,SurfaceMap.CollectYields,9
7,6,DP,source,EraSystem.TickTurn,600
7,6,DP,sink,MinionRoster.TryForge,-212
7,6,DP,sink,MinionEvolution.TryEvolve,-400
7,6,DP,sink,DungeonFeatureManager.TryPlaceTrap,-300
7,6,DP,sink,MinionRoster.TrySummon,-51
7,6,DP,source,AdventurerAI.ReapEmotion,241
7,6,DP,source,AdventurerAI.TakeDamage,649
7,6,Material,source,AdventurerAI.TakeDamage,16
7,6,DP,sink,CommandSystem.TryUse,-1800
7,6,DP,source,AdventurerAI.GrantReturnReward,330
7,6,Fame,source,AdventurerAI.GrantReturnReward,20
7,6,Fame,source,LureEconomy.OnHeroEscaped,50
7,6,DP,source,Nemesis.OnSlain,1102
7,6,Material,source,Nemesis.OnSlain,10
7,6,DP,stock,end,542
7,6,Material,stock,end,158
7,6,Fame,stock,end,670
7,7,DP,source,SurfaceMap.CollectYields,39
7,7,Material,source,SurfaceMap.CollectYields,2
7,7,Fame,source,SurfaceMap.CollectYields,9
7,7,DP,source,EraSystem.TickTurn,1020
7,7,DP,sink,MinionRoster.TryForge,-212
7,7,DP,sink,DungeonFloorManager.TryAddFloor,-800
7,7,DP,sink,MinionEvolution.TryEvolve,-250
7,7,DP,sink,DungeonFeatureManager.TryPlaceTrap,-150
7,7,DP,sink,MinionRoster.TrySummon,-178
7,7,DP,source,AdventurerAI.ReapEmotion,123
7,7,DP,source,AdventurerAI.TakeDamage,729
7,7,Material,source,AdventurerAI.TakeDamage,15
7,7,DP,sink,CommandSystem.TryUse,-1800
7,7,DP,source,AdventurerAI.GrantReturnReward,575
7,7,Fame,source,AdventurerAI.GrantReturnReward,20
7,7,Fame,source,LureEconomy.OnHeroEscaped,50
7,7,DP,source,Nemesis.OnSlain,1134
7,7,Material,source,Nemesis.OnSlain,10
7,7,DP,stock,end,772
7,7,Material,stock,end,185
7,7,Fame,stock,end,749
7,8,DP,source,SurfaceMap.CollectYields,39
7,8,Material,source,SurfaceMap.CollectYields,2
7,8,Fame,source,SurfaceMap.CollectYields,9
7,8,DP,source,EraSystem.TickTurn,600
7,8,DP,sink,MinionRoster.TryForge,-212
7,8,DP,sink,DungeonFloorManager.TryExpandFloor,-400
7,8,DP,sink,MinionEvolution.TryEvolve,-250
7,8,DP,sink,MinionRoster.TryEvolveIndividual,-175
7,8,DP,sink,DungeonFeatureManager.TryPlaceTrap,-150
7,8,DP,sink,MinionRoster.TrySummon,-204
7,8,DP,source,AdventurerAI.ReapEmotion,279
7,8,DP,source,AdventurerAI.TakeDamage,748
7,8,Material,source,AdventurerAI.TakeDamage,53
7,8,DP,sink,CommandSystem.TryUse,-1450
7,8,DP,source,AdventurerAI.GrantReturnReward,1160
7,8,Fame,source,AdventurerAI.GrantReturnReward,30
7,8,Fame,source,LureEconomy.OnHeroEscaped,75
7,8,DP,source,Nemesis.OnSlain,1198
7,8,Material,source,Nemesis.OnSlain,10
7,8,DP,stock,end,1955
7,8,Material,stock,end,250
7,8,Fame,stock,end,863
7,9,DP,source,SurfaceMap.CollectYields,68
7,9,Material,source,SurfaceMap.CollectYields,3
7,9,Fame,source,SurfaceMap.CollectYields,16
7,9,DP,source,EraSystem.TickTurn,600
7,9,Fame,source,EraSystem.TickTurn,25
7,9,DP,sink,MinionRoster.TryForge,-190
7,9,DP,sink,DungeonFloorManager.TryAddFloor,-2000
7,9,DP,sink,DungeonFeatureManager.TryPlaceTrap,-150
7,9,DP,sink,MinionRoster.TrySummon,-270
7,9,DP,source,AdventurerAI.ReapEmotion,198
7,9,DP,source,AdventurerAI.TakeDamage,994
7,9,Material,source,AdventurerAI.TakeDamage,63
7,9,DP,sink,CommandSystem.TryUse,-1300
7,9,DP,source,AdventurerAI.GrantReturnReward,164
7,9,Fame,source,AdventurerAI.GrantReturnReward,20
7,9,Fame,source,LureEconomy.OnHeroEscaped,50
7,9,DP,source,Nemesis.OnSlain,616
7,9,Material,source,Nemesis.OnSlain,5
7,9,DP,stock,end,685
7,9,Material,stock,end,321
7,9,Fame,stock,end,974
7,10,DP,source,SurfaceMap.CollectYields,24
7,10,Material,source,SurfaceMap.CollectYields,1
7,10,Fame,source,SurfaceMap.CollectYields,5
7,10,DP,source,EraSystem.TickTurn,300
7,10,DP,sink,MinionRoster.TryForge,-190
7,10,DP,sink,DungeonFloorManager.TryExpandFloor,-400
7,10,DP,sink,DungeonFeatureManager.TryPlaceTrap,-150
7,10,DP,sink,MinionRoster.TrySummon,-256
7,10,DP,source,AdventurerAI.ReapEmotion,438
7,10,DP,source,AdventurerAI.TakeDamage,1247
7,10,Material,source,AdventurerAI.TakeDamage,57
7,10,DP,sink,CommandSystem.TryUse,-1800
7,10,DP,source,AdventurerAI.GrantReturnReward,1760
7,10,Fame,source,AdventurerAI.GrantReturnReward,40
7,10,Fame,source,LureEconomy.OnHeroEscaped,100
7,10,DP,source,Nemesis.OnSlain,1264
7,10,Material,source,Nemesis.OnSlain,10
7,10,DP,stock,end,2922
7,10,Material,stock,end,389
7,10,Fame,stock,end,1119
7,11,DP,source,SurfaceMap.CollectYields,24
7,11,Material,source,SurfaceMap.CollectYields,1
7,11,Fame,source,SurfaceMap.CollectYields,5
7,11,DP,source,EraSystem.TickTurn,1020
7,11,DP,source,WaveRoster.ResolveTrial,900
7,11,DP,sink,MinionRoster.TryForge,-190
7,11,DP,sink,DungeonFloorManager.TryExpandFloor,-3900
7,11,DP,sink,MinionEvolution.TryEvolve,-250
7,11,DP,sink,MinionRoster.TryEvolveIndividual,-175
7,11,DP,sink,DungeonFeatureManager.TryPlaceTrap,-150
7,11,DP,sink,MinionRoster.TrySummon,-176
7,11,DP,source,AdventurerAI.ReapEmotion,164
7,11,DP,source,AdventurerAI.GrantReturnReward,723
7,11,Fame,source,AdventurerAI.GrantReturnReward,30
7,11,Fame,source,LureEconomy.OnHeroEscaped,75
7,11,DP,sink,CommandSystem.TryUse,-1150
7,11,DP,source,AdventurerAI.TakeDamage,434
7,11,Material,source,AdventurerAI.TakeDamage,26
7,11,DP,source,Nemesis.OnSlain,648
7,11,Material,source,Nemesis.OnSlain,5
7,11,DP,stock,end,844
7,11,Material,stock,end,421
7,11,Fame,stock,end,1229
7,12,DP,source,SurfaceMap.CollectYields,52
7,12,Material,source,SurfaceMap.CollectYields,2
7,12,Fame,source,SurfaceMap.CollectYields,11
7,12,DP,source,DistrictCatalog.Collect,112
7,12,DP,sink,MinionRoster.TryForge,-190
7,12,DP,sink,MinionRoster.TryEvolveIndividual,-425
7,12,DP,sink,DungeonFeatureManager.TryPlaceTrap,-150
7,12,DP,sink,MinionRoster.TrySummon,-240
7,12,DP,source,AdventurerAI.ReapEmotion,160
7,12,DP,source,AdventurerAI.GrantReturnReward,4655
7,12,Fame,source,AdventurerAI.GrantReturnReward,140
7,12,Fame,source,LureEconomy.OnHeroEscaped,350
7,12,DP,sink,CommandSystem.TryUse,-2750
7,12,DP,source,AdventurerAI.TakeDamage,1426
7,12,Material,source,AdventurerAI.TakeDamage,38
7,12,DP,source,Nemesis.OnSlain,1360
7,12,Material,source,Nemesis.OnSlain,10
7,12,DP,stock,end,4854
7,12,Material,stock,end,471
7,12,Fame,stock,end,1730
7,13,DP,source,SurfaceMap.CollectYields,80
7,13,Material,source,SurfaceMap.CollectYields,4
7,13,Fame,source,SurfaceMap.CollectYields,18
7,13,DP,source,DistrictCatalog.Collect,126
7,13,DP,sink,MinionRoster.TryForge,-3440
7,13,DP,sink,MinionEvolution.TryEvolve,-550
7,13,DP,sink,MinionRoster.TryEvolveIndividual,-525
7,13,DP,sink,DungeonFeatureManager.TryPlaceTrap,-300
7,13,DP,sink,MinionRoster.TrySummon,-232
7,13,DP,source,AdventurerAI.ReapEmotion,175
7,13,DP,source,AdventurerAI.GrantReturnReward,3261
7,13,Fame,source,AdventurerAI.GrantReturnReward,90
7,13,Fame,source,LureEconomy.OnHeroEscaped,225
7,13,DP,sink,CommandSystem.TryUse,-2300
7,13,DP,source,AdventurerAI.TakeDamage,1278
7,13,Material,source,AdventurerAI.TakeDamage,53
7,13,DP,source,Nemesis.OnSlain,1426
7,13,Material,source,Nemesis.OnSlain,10
7,13,DP,stock,end,3853
7,13,Material,stock,end,538
7,13,Fame,stock,end,2063
7,14,DP,source,SurfaceMap.CollectYields,60
7,14,Material,source,SurfaceMap.CollectYields,3
7,14,Fame,source,SurfaceMap.CollectYields,14
7,14,DP,source,DistrictCatalog.Collect,126
7,14,DP,sink,MinionRoster.TryForge,-3440
7,14,DP,sink,MinionRoster.TryEvolveIndividual,-75
7,14,DP,sink,DungeonFeatureManager.TryPlaceTrap,-300
7,14,DP,sink,MinionRoster.TrySummon,-207
7,14,DP,source,AdventurerAI.ReapEmotion,152
7,14,Fame,source,AdventurerAI.GrantReturnReward,150
7,14,Fame,source,LureEconomy.OnHeroEscaped,375
7,14,DP,source,AdventurerAI.GrantReturnReward,5485
7,14,DP,source,AdventurerAI.TakeDamage,224
7,14,Material,source,AdventurerAI.TakeDamage,4
7,14,DP,sink,CommandSystem.TryUse,-1600
7,14,DP,stock,end,4278
7,14,Material,stock,end,545
7,14,Fame,stock,end,2602
7,15,DP,source,SurfaceMap.CollectYields,60
7,15,Material,source,SurfaceMap.CollectYields,3
7,15,Fame,source,SurfaceMap.CollectYields,14
7,15,DP,source,DistrictCatalog.Collect,126
7,15,DP,sink,MinionRoster.TryForge,-2339
7,15,DP,sink,DungeonFloorManager.TryExpandFloor,-1500
7,15,DP,sink,DungeonFeatureManager.TryPlaceTrap,-450
7,15,DP,sink,MinionRoster.TrySummon,-172
7,15,DP,source,AdventurerAI.ReapEmotion,155
7,15,DP,source,AdventurerAI.TakeDamage,550
7,15,Material,source,AdventurerAI.TakeDamage,6
7,15,DP,sink,CommandSystem.TryUse,-1600
7,15,DP,source,AdventurerAI.GrantReturnReward,4595
7,15,Fame,source,AdventurerAI.GrantReturnReward,150
7,15,Fame,source,LureEconomy.OnHeroEscaped,375
7,15,DP,stock,end,3703
7,15,Material,stock,end,554
7,15,Fame,stock,end,3141
7,16,DP,source,SurfaceMap.CollectYields,60
7,16,Material,source,SurfaceMap.CollectYields,3
7,16,Fame,source,SurfaceMap.CollectYields,14
7,16,DP,source,DistrictCatalog.Collect,140
7,16,DP,sink,MinionRoster.TryForge,-2884
7,16,DP,sink,MinionRoster.TryEvolveIndividual,-250
7,16,DP,sink,DungeonFeatureManager.TryPlaceTrap,-600
7,16,DP,sink,MinionRoster.TrySummon,-138
7,16,DP,source,AdventurerAI.ReapEmotion,250
7,16,DP,source,AdventurerAI.GrantReturnReward,6747
7,16,Fame,source,AdventurerAI.GrantReturnReward,220
7,16,Fame,source,LureEconomy.OnHeroEscaped,550
7,16,DP,sink,CommandSystem.TryUse,-5350
7,16,DP,source,AdventurerAI.TakeDamage,2351
7,16,Material,source,AdventurerAI.TakeDamage,206
7,16,DP,stock,end,4029
7,16,Material,stock,end,763
7,16,Fame,stock,end,3925
7,17,DP,source,SurfaceMap.CollectYields,83
7,17,Material,source,SurfaceMap.CollectYields,4
7,17,Fame,source,SurfaceMap.CollectYields,19
7,17,DP,source,DistrictCatalog.Collect,140
7,17,DP,source,EraSystem.TickTurn,720
7,17,DP,sink,MinionRoster.TryForge,-2503
7,17,DP,sink,DungeonFloorManager.TryExpandFloor,-1500
7,17,DP,sink,MinionRoster.TryEvolveIndividual,-225
7,17,DP,sink,DungeonFeatureManager.TryPlaceTrap,-450
7,17,DP,sink,MinionRoster.TrySummon,-288
7,17,DP,source,AdventurerAI.ReapEmotion,165
7,17,DP,source,AdventurerAI.GrantReturnReward,7514
7,17,Fame,source,AdventurerAI.GrantReturnReward,190
7,17,Fame,source,LureEconomy.OnHeroEscaped,475
7,17,DP,sink,CommandSystem.TryUse,-4400
7,17,DP,source,AdventurerAI.TakeDamage,1003
7,17,Material,source,AdventurerAI.TakeDamage,115
7,17,DP,stock,end,4288
7,17,Material,stock,end,882
7,17,Fame,stock,end,4609
7,18,DP,source,SurfaceMap.CollectYields,83
7,18,Material,source,SurfaceMap.CollectYields,4
7,18,Fame,source,SurfaceMap.CollectYields,19
7,18,DP,source,DistrictCatalog.Collect,140
7,18,DP,sink,MinionRoster.TryForge,-3646
7,18,DP,sink,MinionRoster.TryEvolveIndividual,-325
7,18,DP,sink,DungeonFeatureManager.TryPlaceTrap,-300
7,18,DP,sink,MinionRoster.TrySummon,-226
7,18,DP,source,AdventurerAI.ReapEmotion,264
7,18,DP,source,AdventurerAI.GrantReturnReward,12742
7,18,Fame,source,AdventurerAI.GrantReturnReward,210
7,18,Fame,source,LureEconomy.OnHeroEscaped,525
7,18,DP,source,AdventurerAI.TakeDamage,524
7,18,Material,source,AdventurerAI.TakeDamage,4
7,18,DP,sink,CommandSystem.TryUse,-3750
7,18,DP,stock,end,9794
7,18,Material,stock,end,890
7,18,Fame,stock,end,5363
7,19,DP,source,SurfaceMap.CollectYields,104
7,19,Material,source,SurfaceMap.CollectYields,5
7,19,Fame,source,SurfaceMap.CollectYields,24
7,19,DP,source,DistrictCatalog.Collect,140
7,19,DP,sink,MinionRoster.TryForge,-3482
7,19,DP,sink,DungeonFloorManager.TryAddFloor,-5000
7,19,DP,sink,DungeonFloorManager.TryExpandFloor,-400
7,19,DP,sink,MinionRoster.TryEvolveIndividual,-325
7,19,DP,sink,DungeonFeatureManager.TryPlaceTrap,-600
7,19,DP,sink,MinionRoster.TrySummon,-226
7,19,DP,source,AdventurerAI.ReapEmotion,173
7,19,DP,source,AdventurerAI.GrantReturnReward,13012
7,19,Fame,source,AdventurerAI.GrantReturnReward,210
7,19,Fame,source,LureEconomy.OnHeroEscaped,525
7,19,DP,sink,CommandSystem.TryUse,-4900
7,19,DP,source,AdventurerAI.TakeDamage,8162
7,19,Material,source,AdventurerAI.TakeDamage,257
7,19,DP,stock,end,16452
7,19,Material,stock,end,1152
7,19,Fame,stock,end,6122
7,20,DP,source,SurfaceMap.CollectYields,145
7,20,Material,source,SurfaceMap.CollectYields,7
7,20,Fame,source,SurfaceMap.CollectYields,33
7,20,DP,source,DistrictCatalog.Collect,140
7,20,DP,sink,MinionRoster.TryForge,-14630
7,20,DP,sink,DungeonFloorManager.TryExpandFloor,-800
7,20,DP,sink,MinionRoster.TryEvolveIndividual,-325
7,20,Material,sink,MinionRoster.TryForge,-18
7,20,DP,sink,DungeonFeatureManager.TryPlaceTrap,-750
7,20,DP,sink,MinionRoster.TrySummon,-195
7,20,DP,source,AdventurerAI.ReapEmotion,160
7,20,DP,source,AdventurerAI.GrantReturnReward,16068
7,20,Fame,source,AdventurerAI.GrantReturnReward,200
7,20,Fame,source,LureEconomy.OnHeroEscaped,500
7,20,DP,sink,CommandSystem.TryUse,-4900
7,20,DP,source,AdventurerAI.TakeDamage,4273
7,20,Material,source,AdventurerAI.TakeDamage,139
7,20,DP,stock,end,15638
7,20,Material,stock,end,1280
7,20,Fame,stock,end,6855
8,1,DP,sink,DungeonFeatureManager.TryPlaceTrap,-150
8,1,DP,source,AdventurerAI.ReapEmotion,150
8,1,DP,source,AdventurerAI.GrantReturnReward,351
8,1,Fame,source,AdventurerAI.GrantReturnReward,20
8,1,Fame,source,LureEconomy.OnHeroEscaped,50
8,1,DP,sink,CommandSystem.TryUse,-650
8,1,DP,source,AdventurerAI.TakeDamage,171
8,1,Material,source,AdventurerAI.TakeDamage,6
8,1,DP,stock,end,72
8,1,Material,stock,end,6
8,1,Fame,stock,end,70
8,2,DP,source,SurfaceMap.CollectYields,18
8,2,Material,source,SurfaceMap.CollectYields,1
8,2,Fame,source,SurfaceMap.CollectYields,4
8,2,DP,source,EraSystem.TickTurn,600
8,2,Fame,source,EraSystem.TickTurn,25
8,2,DP,sink,MinionRoster.TryForge,-236
8,2,DP,sink,MinionEvolution.TryEvolve,-150
8,2,DP,sink,DungeonFeatureManager.TryPlaceTrap,-150
8,2,DP,sink,MinionRoster.TrySummon,-144
8,2,DP,source,AdventurerAI.ReapEmotion,54
8,2,DP,source,AdventurerAI.GrantReturnReward,146
8,2,Fame,source,AdventurerAI.GrantReturnReward,10
8,2,Fame,source,LureEconomy.OnHeroEscaped,25
8,2,DP,source,AdventurerAI.TakeDamage,282
8,2,Material,source,AdventurerAI.TakeDamage,8
8,2,DP,sink,CommandSystem.TryUse,-300
8,2,DP,stock,end,192
8,2,Material,stock,end,15
8,2,Fame,stock,end,134
8,3,DP,source,SurfaceMap.CollectYields,18
8,3,Material,source,SurfaceMap.CollectYields,1
8,3,Fame,source,SurfaceMap.CollectYields,4
8,3,DP,source,EraSystem.TickTurn,600
8,3,Material,source,EraSystem.TickTurn,10
8,3,Fame,source,EraSystem.TickTurn,25
8,3,DP,sink,MinionRoster.TryForge,-236
8,3,DP,sink,MinionEvolution.TryEvolve,-250
8,3,DP,sink,DungeonFeatureManager.TryPlaceTrap,-150
8,3,DP,sink,MinionRoster.TrySummon,-161
8,3,DP,source,AdventurerAI.ReapEmotion,180
8,3,DP,source,AdventurerAI.GrantReturnReward,738
8,3,Fame,source,AdventurerAI.GrantReturnReward,50
8,3,Fame,source,LureEconomy.OnHeroEscaped,125
8,3,DP,sink,CommandSystem.TryUse,-300
8,3,DP,stock,end,631
8,3,Material,stock,end,26
8,3,Fame,stock,end,338
8,4,DP,source,SurfaceMap.CollectYields,18
8,4,Material,source,SurfaceMap.CollectYields,1
8,4,Fame,source,SurfaceMap.CollectYields,4
8,4,DP,source,EraSystem.TickTurn,600
8,4,DP,sink,MinionRoster.TryForge,-236
8,4,DP,sink,DungeonFloorManager.TryExpandFloor,-400
8,4,DP,sink,MinionEvolution.TryEvolve,-225
8,4,DP,sink,DungeonFeatureManager.TryPlaceTrap,-300
8,4,DP,sink,MinionRoster.TrySummon,-70
8,4,DP,source,IncidentSystem.Apply,600
8,4,DP,sink,CommandSystem.TryUse,-2150
8,4,DP,source,AdventurerAI.ReapEmotion,114
8,4,DP,source,AdventurerAI.TakeDamage,688
8,4,Material,source,AdventurerAI.TakeDamage,20
8,4,Fame,source,AdventurerAI.GrantReturnReward,30
8,4,Fame,source,LureEconomy.OnHeroEscaped,75
8,4,DP,source,AdventurerAI.GrantReturnReward,630
8,4,DP,source,Nemesis.OnSlain,486
8,4,Material,source,Nemesis.OnSlain,5
8,4,DP,stock,end,386
8,4,Material,stock,end,52
8,4,Fame,stock,end,447
8,5,DP,source,SurfaceMap.CollectYields,18
8,5,Material,source,SurfaceMap.CollectYields,1
8,5,Fame,source,SurfaceMap.CollectYields,4
8,5,DP,source,EraSystem.TickTurn,600
8,5,DP,sink,MinionRoster.TryForge,-212
8,5,DP,sink,MinionEvolution.TryEvolve,-325
8,5,DP,sink,MinionRoster.TryEvolveIndividual,-150
8,5,DP,sink,DungeonFeatureManager.TryPlaceTrap,-150
8,5,DP,sink,MinionRoster.TrySummon,-158
8,5,DP,source,AdventurerAI.ReapEmotion,139
8,5,DP,source,AdventurerAI.TakeDamage,942
8,5,Material,source,AdventurerAI.TakeDamage,37
8,5,DP,source,AdventurerAI.GrantReturnReward,361
8,5,Fame,source,AdventurerAI.GrantReturnReward,20
8,5,Fame,source,LureEconomy.OnHeroEscaped,50
8,5,DP,sink,CommandSystem.TryUse,-1800
8,5,DP,source,Nemesis.OnSlain,1036
8,5,Material,source,Nemesis.OnSlain,10
8,5,DP,stock,end,687
8,5,Material,stock,end,100
8,5,Fame,stock,end,521
8,6,DP,source,SurfaceMap.CollectYields,39
8,6,Material,source,SurfaceMap.CollectYields,2
8,6,Fame,source,SurfaceMap.CollectYields,9
8,6,DP,source,EraSystem.TickTurn,600
8,6,DP,sink,MinionRoster.TryForge,-212
8,6,DP,sink,DungeonFloorManager.TryAddFloor,-800
8,6,DP,sink,DungeonFeatureManager.TryPlaceTrap,-150
8,6,DP,sink,MinionRoster.TrySummon,-148
8,6,DP,source,AdventurerAI.TakeDamage,593
8,6,Material,source,AdventurerAI.TakeDamage,13
8,6,DP,source,AdventurerAI.ReapEmotion,183
8,6,DP,sink,CommandSystem.TryUse,-1800
8,6,DP,source,AdventurerAI.GrantReturnReward,892
8,6,Fame,source,AdventurerAI.GrantReturnReward,30
8,6,Fame,source,LureEconomy.OnHeroEscaped,75
8,6,DP,source,Nemesis.OnSlain,1102
8,6,Material,source,Nemesis.OnSlain,10
8,6,DP,stock,end,986
8,6,Material,stock,end,125
8,6,Fame,stock,end,635
8,7,DP,source,SurfaceMap.CollectYields,39
8,7,Material,source,SurfaceMap.CollectYields,2
8,7,Fame,source,SurfaceMap.CollectYields,9
8,7,DP,source,EraSystem.TickTurn,600
8,7,DP,sink,MinionRoster.TryForge,-212
8,7,DP,sink,DungeonFloorManager.TryExpandFloor,-400
8,7,DP,sink,MinionEvolution.TryEvolve,-650
8,7,DP,sink,DungeonFeatureManager.TryPlaceTrap,-300
8,7,DP,sink,MinionRoster.TrySummon,-51
8,7,DP,source,AdventurerAI.ReapEmotion,134
8,7,DP,source,AdventurerAI.GrantReturnReward,943
8,7,Fame,source,AdventurerAI.GrantReturnReward,40
8,7,Fame,source,LureEconomy.OnHeroEscaped,100
8,7,DP,sink,CommandSystem.TryUse,-1800
8,7,DP,source,AdventurerAI.TakeDamage,545
8,7,Material,source,AdventurerAI.TakeDamage,20
8,7,DP,source,Nemesis.OnSlain,1134
8,7,Material,source,Nemesis.OnSlain,10
8,7,DP,stock,end,968
8,7,Material,stock,end,157
8,7,Fame,stock,end,784
8,8,DP,source,SurfaceMap.CollectYields,39
8,8,Material,source,SurfaceMap.CollectYields,2
8,8,Fame,source,SurfaceMap.CollectYields,9
8,8,DP,source,EraSystem.TickTurn,1020
8,8,Material,source,EraSystem.TickTurn,10
8,8,DP,sink,MinionRoster.TryForge,-212
8,8,DP,sink,DungeonFloorManager.TryExpandFloor,-800
8,8,DP,sink,MinionEvolution.TryEvolve,-500
8,8,DP,sink,MinionRoster.TryEvolveIndividual,-175
8,8,DP,sink,DungeonFeatureManager.TryPlaceTrap,-150
8,8,DP,sink,MinionRoster.TrySummon,-189
8,8,DP,source,AdventurerAI.ReapEmotion,297
8,8,DP,source,AdventurerAI.TakeDamage,690
8,8,Material,source,AdventurerAI.TakeDamage,18
8,8,DP,sink,CommandSystem.TryUse,-1800
8,8,DP,source,AdventurerAI.GrantReturnReward,685
8,8,Fame,source,AdventurerAI.GrantReturnReward,50
8,8,Fame,source,LureEconomy.OnHeroEscaped,125
8,8,DP,source,Nemesis.OnSlain,599
8,8,Material,source,Nemesis.OnSlain,5
8,8,DP,stock,end,472
8,8,Material,stock,end,192
8,8,Fame,stock,end,968
8,9,DP,source,SurfaceMap.CollectYields,45
8,9,Material,source,SurfaceMap.CollectYields,2
8,9,Fame,source,SurfaceMap.CollectYields,11
8,9,DP,source,EraSystem.TickTurn,600
8,9,Fame,source,EraSystem.TickTurn,25
8,9,DP,sink,MinionRoster.TryForge,-190
8,9,DP,sink,MinionEvolution.TryEvolve,-550
8,9,DP,sink,DungeonFeatureManager.TryPlaceTrap,-150
8,9,DP,sink,MinionRoster.TrySummon,-218
8,9,DP,source,IncidentSystem.Apply,600
8,9,DP,sink,CommandSystem.TryUse,-1500
8,9,DP,source,AdventurerAI.ReapEmotion,400
8,9,DP,source,AdventurerAI.TakeDamage,912
8,9,Material,source,AdventurerAI.TakeDamage,21
8,9,DP,source,AdventurerAI.GrantReturnReward,1207
8,9,Fame,source,AdventurerAI.GrantReturnReward,40
8,9,Fame,source,LureEconomy.OnHeroEscaped,100
8,9,DP,source,Nemesis.OnSlain,1232
8,9,Material,source,Nemesis.OnSlain,10
8,9,DP,stock,end,2860
8,9,Material,stock,end,225
8,9,Fame,stock,end,1144
8,10,DP,source,SurfaceMap.CollectYields,79
8,10,Material,source,SurfaceMap.CollectYields,3
8,10,Fame,source,SurfaceMap.CollectYields,17
8,10,DP,source,EraSystem.TickTurn,300
8,10,DP,sink,MinionRoster.TryForge,-190
8,10,DP,sink,DungeonFloorManager.TryAddFloor,-2000
8,10,DP,sink,DungeonFloorManager.TryExpandFloor,-400
8,10,DP,sink,MinionRoster.TryEvolveIndividual,-325
8,10,DP,sink,DungeonFeatureManager.TryPlaceTrap,-150
8,10,DP,sink,MinionRoster.TrySummon,-170
8,10,DP,source,AdventurerAI.ReapEmotion,216
8,10,DP,source,AdventurerAI.GrantReturnReward,622
8,10,Fame,source,AdventurerAI.GrantReturnReward,20
8,10,Fame,source,LureEconomy.OnHeroEscaped,50
8,10,DP,sink,CommandSystem.TryUse,-2300
8,10,DP,source,AdventurerAI.TakeDamage,1099
8,10,Material,source,AdventurerAI.TakeDamage,54
8,10,DP,source,Nemesis.OnSlain,1296
8,10,Material,source,Nemesis.OnSlain,10
8,10,DP,stock,end,937
8,10,Material,stock,end,292
8,10,Fame,stock,end,1231
8,11,DP,source,SurfaceMap.CollectYields,79
8,11,Material,source,SurfaceMap.CollectYields,3
8,11,Fame,source,SurfaceMap.CollectYields,17
8,11,DP,sink,MinionRoster.TryForge,-190
8,11,DP,sink,MinionRoster.TryEvolveIndividual,-525
8,11,DP,sink,DungeonFeatureManager.TryPlaceTrap,-150
8,11,DP,sink,MinionRoster.TrySummon,-147
8,11,DP,source,AdventurerAI.ReapEmotion,381
8,11,DP,sink,CommandSystem.TryUse,-1150
8,11,Fame,source,AdventurerAI.GrantReturnReward,80
8,11,Fame,source,LureEconomy.OnHeroEscaped,200
8,11,DP,source,AdventurerAI.GrantReturnReward,1234
8,11,DP,source,AdventurerAI.TakeDamage,786
8,11,Material,source,AdventurerAI.TakeDamage,46
8,11,DP,source,Nemesis.OnSlain,664
8,11,Material,source,Nemesis.OnSlain,5
8,11,DP,stock,end,1919
8,11,Material,stock,end,346
8,11,Fame,stock,end,1528
8,12,DP,source,SurfaceMap.CollectYields,52
8,12,Material,source,SurfaceMap.CollectYields,2
8,12,Fame,source,SurfaceMap.CollectYields,11
8,12,DP,source,DistrictCatalog.Collect,70
8,12,DP,source,EraSystem.TickTurn,720
8,12,DP,sink,MinionRoster.TryForge,-190
8,12,DP,sink,DungeonFloorManager.TryExpandFloor,-1600
8,12,DP,sink,MinionRoster.TryEvolveIndividual,-575
8,12,DP,sink,DungeonFeatureManager.TryPlaceTrap,-150
8,12,DP,sink,MinionRoster.TrySummon,-232
8,12,DP,source,AdventurerAI.ReapEmotion,156
8,12,DP,source,AdventurerAI.TakeDamage,1071
8,12,Material,source,AdventurerAI.TakeDamage,97
8,12,DP,source,AdventurerAI.GrantReturnReward,2740
8,12,Fame,source,AdventurerAI.GrantReturnReward,80
8,12,Fame,source,LureEconomy.OnHeroEscaped,200
8,12,DP,sink,CommandSystem.TryUse,-2300
8,12,DP,source,Nemesis.OnSlain,680
8,12,Material,source,Nemesis.OnSlain,5
8,12,DP,stock,end,2361
8,12,Material,stock,end,450
8,12,Fame,stock,end,1819
8,13,DP,source,SurfaceMap.CollectYields,39
8,13,Material,source,SurfaceMap.CollectYields,2
8,13,Fame,source,SurfaceMap.CollectYields,9
8,13,DP,source,DistrictCatalog.Collect,70
8,13,DP,sink,MinionRoster.TryForge,-475
8,13,DP,sink,DungeonFloorManager.TryExpandFloor,-1500
8,13,DP,sink,MinionRoster.TryEvolveIndividual,-75
8,13,DP,sink,DungeonFeatureManager.TryPlaceTrap,-150
8,13,DP,sink,MinionRoster.TrySummon,-260
8,13,DP,source,AdventurerAI.ReapEmotion,166
8,13,DP,source,AdventurerAI.TakeDamage,1148
8,13,Material,source,AdventurerAI.TakeDamage,16
8,13,DP,sink,CommandSystem.TryUse,-1800
8,13,DP,source,AdventurerAI.GrantReturnReward,3458
8,13,Fame,source,AdventurerAI.GrantReturnReward,90
8,13,Fame,source,LureEconomy.OnHeroEscaped,225
8,13,DP,stock,end,2982
8,13,Material,stock,end,468
8,13,Fame,stock,end,2143
8,14,DP,source,SurfaceMap.CollectYields,59
8,14,Material,source,SurfaceMap.CollectYields,3
8,14,Fame,source,SurfaceMap.CollectYields,13
8,14,DP,source,DistrictCatalog.Collect,70
8,14,DP,sink,MinionRoster.TryForge,-2515
8,14,DP,sink,DungeonFeatureManager.TryPlaceTrap,-300
8,14,DP,sink,MinionRoster.TrySummon,-284
8,14,DP,source,AdventurerAI.ReapEmotion,160
8,14,DP,source,AdventurerAI.GrantReturnReward,6042
8,14,Fame,source,AdventurerAI.GrantReturnReward,110
8,14,Fame,source,LureEconomy.OnHeroEscaped,275
8,14,DP,sink,CommandSystem.TryUse,-5600
8,14,DP,source,Nemesis.OnSlain,1458
8,14,Material,source,Nemesis.OnSlain,10
8,14,DP,source,AdventurerAI.TakeDamage,1306
8,14,Material,source,AdventurerAI.TakeDamage,58
8,14,DP,stock,end,3378
8,14,Material,stock,end,539
8,14,Fame,stock,end,2541
8,15,DP,source,SurfaceMap.CollectYields,83
8,15,Material,source,SurfaceMap.CollectYields,4
8,15,Fame,source,SurfaceMap.CollectYields,19
8,15,DP,source,DistrictCatalog.Collect,70
8,15,DP,sink,MinionRoster.TryForge,-3032
8,15,DP,sink,DungeonFeatureManager.TryPlaceTrap,-300
8,15,DP,sink,MinionRoster.TrySummon,-172
8,15,DP,source,AdventurerAI.ReapEmotion,148
8,15,DP,source,AdventurerAI.GrantReturnReward,6697
8,15,Fame,source,AdventurerAI.GrantReturnReward,220
8,15,Fame,source,LureEconomy.OnHeroEscaped,550
8,15,DP,sink,CommandSystem.TryUse,-4900
8,15,DP,source,AdventurerAI.TakeDamage,623
8,15,Material,source,AdventurerAI.TakeDamage,16
8,15,DP,stock,end,2595
8,15,Material,stock,end,559
8,15,Fame,stock,end,3330
8,16,DP,source,SurfaceMap.CollectYields,83
8,16,Material,source,SurfaceMap.CollectYields,4
8,16,Fame,source,SurfaceMap.CollectYields,19
8,16,DP,source,DistrictCatalog.Collect,70
8,16,DP,source,EraSystem.TickTurn,300
8,16,DP,sink,MinionRoster.TryForge,-802
8,16,DP,sink,DungeonFloorManager.TryExpandFloor,-1500
8,16,DP,sink,MinionRoster.TryEvolveIndividual,-250
8,16,DP,sink,DungeonFeatureManager.TryPlaceTrap,-300
8,16,DP,sink,MinionRoster.TrySummon,-172
8,16,DP,source,AdventurerAI.ReapEmotion,444
8,16,DP,source,AdventurerAI.TakeDamage,787
8,16,Material,source,AdventurerAI.TakeDamage,13
8,16,DP,sink,CommandSystem.TryUse,-5550
8,16,DP,source,AdventurerAI.GrantReturnReward,7688
8,16,Fame,source,AdventurerAI.GrantReturnReward,170
8,16,Fame,source,LureEconomy.OnHeroEscaped,425
8,16,DP,stock,end,3393
8,16,Material,stock,end,576
8,16,Fame,stock,end,3944
8,17,DP,source,SurfaceMap.CollectYields,83
8,17,Material,source,SurfaceMap.CollectYields,4
8,17,Fame,source,SurfaceMap.CollectYields,19
8,17,DP,source,DistrictCatalog.Collect,84
8,17,DP,source,EraSystem.TickTurn,720
8,17,DP,sink,MinionRoster.TryForge,-2026
8,17,DP,sink,DungeonFloorManager.TryExpandFloor,-1500
8,17,DP,sink,MinionRoster.TryEvolveIndividual,-250
8,17,DP,sink,DungeonFeatureManager.TryPlaceTrap,-300
8,17,DP,sink,MinionRoster.TrySummon,-180
8,17,DP,source,AdventurerAI.ReapEmotion,542
8,17,DP,sink,CommandSystem.TryUse,-4900
8,17,DP,source,AdventurerAI.GrantReturnReward,6901
8,17,Fame,source,AdventurerAI.GrantReturnReward,170
8,17,Fame,source,LureEconomy.OnHeroEscaped,425
8,17,DP,source,AdventurerAI.TakeDamage,1876
8,17,Material,source,AdventurerAI.TakeDamage,101
8,17,DP,stock,end,4443
8,17,Material,stock,end,681
8,17,Fame,stock,end,4558
8,18,DP,source,SurfaceMap.CollectYields,103
8,18,Material,source,SurfaceMap.CollectYields,5
8,18,Fame,source,SurfaceMap.CollectYields,23
8,18,DP,source,DistrictCatalog.Collect,84
8,18,DP,sink,MinionRoster.TryForge,-3523
8,18,DP,sink,MinionRoster.TryEvolveIndividual,-250
8,18,DP,sink,DungeonFeatureManager.TryPlaceTrap,-600
8,18,DP,sink,MinionRoster.TrySummon,-246
8,18,DP,source,AdventurerAI.ReapEmotion,268
8,18,DP,source,AdventurerAI.GrantReturnReward,8285
8,18,Fame,source,AdventurerAI.GrantReturnReward,160
8,18,Fame,source,LureEconomy.OnHeroEscaped,400
8,18,DP,sink,CommandSystem.TryUse,-6050
8,18,DP,source,AdventurerAI.TakeDamage,3232
8,18,Material,source,AdventurerAI.TakeDamage,190
8,18,DP,stock,end,5746
8,18,Material,stock,end,876
8,18,Fame,stock,end,5141
8,19,DP,source,SurfaceMap.CollectYields,106
8,19,Material,source,SurfaceMap.CollectYields,5
8,19,Fame,source,SurfaceMap.CollectYields,24
8,19,DP,source,DistrictCatalog.Collect,84
8,19,DP,sink,MinionRoster.TryForge,-190
8,19,DP,sink,DungeonFloorManager.TryAddFloor,-5000
8,19,DP,sink,DungeonFloorManager.TryExpandFloor,-400
8,19,DP,sink,DungeonFeatureManager.TryPlaceTrap,-150
8,19,DP,sink,MinionRoster.TrySummon,-188
8,19,DP,source,AdventurerAI.ReapEmotion,433
8,19,DP,source,AdventurerAI.TakeDamage,1028
8,19,Material,source,AdventurerAI.TakeDamage,13
8,19,DP,sink,CommandSystem.TryUse,-5550
8,19,DP,source,AdventurerAI.GrantReturnReward,9382
8,19,Fame,source,AdventurerAI.GrantReturnReward,220
8,19,Fame,source,LureEconomy.OnHeroEscaped,550
8,19,DP,stock,end,5301
8,19,Material,stock,end,894
8,19,Fame,stock,end,5935
8,20,DP,source,SurfaceMap.CollectYields,85
8,20,Material,source,SurfaceMap.CollectYields,4
8,20,Fame,source,SurfaceMap.CollectYields,19
8,20,DP,source,DistrictCatalog.Collect,84
8,20,DP,sink,MinionRoster.TryForge,-4435
8,20,DP,sink,MinionRoster.TryEvolveIndividual,-250
8,20,DP,sink,DungeonFeatureManager.TryPlaceTrap,-600
8,20,DP,sink,MinionRoster.TrySummon,-150
8,20,DP,source,AdventurerAI.ReapEmotion,306
8,20,DP,source,AdventurerAI.TakeDamage,3292
8,20,Material,source,AdventurerAI.TakeDamage,138
8,20,DP,sink,CommandSystem.TryUse,-6050
8,20,DP,source,AdventurerAI.GrantReturnReward,14778
8,20,Fame,source,AdventurerAI.GrantReturnReward,240
8,20,Fame,source,LureEconomy.OnHeroEscaped,600
8,20,DP,stock,end,12361
8,20,Material,stock,end,1036
8,20,Fame,stock,end,6794
