run,turn,N,b,g,A,D,E,busy_sec,lambda,mu,rho,q_max,L,K,lord_hp_start,lord_hp_end,sigma_start,sigma_end,grave,burned,engaged_sec,mu_eng,rho_eng,eng_max,contact_sec,dt_mean,fatigue_end,adv_power,adv_power_max,def_power,def_count
1,1,8,3,8.8,8,5,3,35.75,0.406,0.14,2.906,6,6,1,1,0.985,1,0.985,0,0,25.016,0.2,2.034,4,4.346,0.017,0,73.309,13.741,112.869,6
1,2,8,3,8.6,8,6,2,51.866,0.415,0.116,3.586,5,6,2,0.985,0.938,0.985,0.938,0,0,27.883,0.215,1.928,4,5.467,0.017,0,143.414,23.815,112.869,6
1,3,8,3,8.4,8,6,2,28.033,0.424,0.214,1.979,5,6,4,0.938,1,0.938,1,0,0,23.666,0.254,1.671,3,1.748,0.017,0,194.571,39.159,137.101,7
1,4,10,4,8.2,10,6,4,115.294,0.521,0.052,10.017,6,6,6,1,0.986,1,0.986,0,0,39.066,0.154,3.394,4,2.905,0.017,0,208.302,37.088,141.096,7
1,5,15,5,8,15,9,6,100.89,0.731,0.089,8.189,10,6,6,0.986,0.974,0.986,0.974,0,0,32.9,0.274,2.67,7,3.254,0.017,0,403.714,46.337,142.231,7
1,6,12,4,7.8,12,7,5,59.933,0.629,0.117,5.384,6,6,6,0.974,1,0.974,1,0,0,31.65,0.221,2.843,5,0.761,0.017,0,485.122,81.085,146.077,7
1,7,13,5,7.6,13,7,6,41.8,0.683,0.167,4.079,7,33,2,1,1,1,1,0,0,28.283,0.247,2.76,5,2.153,0.017,0,421.416,48.778,171.969,8
1,8,15,5,7.4,15,5,10,46.783,0.776,0.107,7.259,11,40,3,1,1,1,1,0,0,24.6,0.203,3.817,6,1.5,0.017,0,680.175,99.489,181.158,8
1,9,15,5,7.2,15,15,0,36.366,0.792,0.412,1.921,5,115,3,1,1,1,1,0,0,18.75,0.8,0.99,5,0.238,0.017,0,893.417,200.271,180.962,8
1,10,18,6,7,18,9,9,60.149,0.919,0.15,6.143,15,130,4,1,0.961,1,0.961,0,0,35.75,0.252,3.651,13,4.755,0.017,0,1201.881,168.485,197.674,8
1,11,19,7,6.8,19,3,16,189.048,1.034,0.016,65.189,19,148,2,0.961,0.76,0.961,0.76,0,0,35.066,0.086,12.092,8,3.788,0.017,0,1251.655,150.414,194.098,8
1,12,20,7,6.6,20,3,17,60.999,1.127,0.049,22.911,19,148,3,0.76,0.731,0.76,0.731,0,0,42.983,0.07,16.144,11,4.001,0.017,0,2091.354,212.463,311.134,10
1,13,12,4,6.4,12,1,11,187.965,0.764,0.005,143.668,12,168,4,0.731,0.717,0.731,0.717,0,0,47.349,0.021,36.191,4,9.672,0.017,0,1748.845,388.916,329.128,9
1,14,24,7,6.2,24,9,15,64.199,1.037,0.14,7.395,23,168,5,0.717,0.816,0.717,0.816,0,0,43.283,0.208,4.986,9,6.601,0.017,0,3844.636,626.234,380.804,9
1,15,27,7,6,27,12,15,183.899,1.197,0.065,18.349,20,168,7,0.816,0.936,0.816,0.936,0,0,46.366,0.259,4.626,14,5.98,0.017,0,5071.116,834.056,373.109,10
1,16,29,7,5.8,29,8,21,186.982,1.046,0.043,24.44,28,168,8,0.936,0.892,0.936,0.892,0,0,58.633,0.136,7.664,9,15.093,0.017,0,7417.208,1323.648,432.127,10
1,17,50,9,5.6,50,22,28,189.964,1.473,0.116,12.717,49,178,10,0.892,1,0.892,1,0,0,47.283,0.465,3.165,31,8.902,0.017,0,12301.21,634.062,463.466,10
1,18,34,7,5.4,34,9,25,185.049,1.3,0.049,26.733,33,207,13,1,0.789,1,0.789,0,0,33.05,0.272,4.775,15,8.361,0.017,0,15794.33,4469.123,793.78,11
1,19,37,7,5.2,37,17,20,189.648,1.121,0.09,12.508,30,207,16,0.789,1,0.789,1,0,0,43.366,0.392,2.86,13,9.177,0.017,0,15401.18,1152.188,1034.409,11
1,20,40,7,5,40,26,14,185.032,1.127,0.141,8.023,19,207,19,1,0.939,1,0.939,0,0,66.866,0.389,2.899,8,6.431,0.017,0,31421.4,12281.43,1395.951,11
1,21,42,7,5,42,23,19,186.615,1.183,0.123,9.595,23,226,24,0.939,1,0.939,1,0,0,69.467,0.331,3.572,15,4.747,0.017,0,19553.01,1385.858,1535.275,11
1,22,43,8,5,43,23,20,162.338,1.199,0.142,8.466,28,251,30,1,1,1,1,0,0,51.716,0.445,2.697,25,5.996,0.017,0,40813.36,21166.1,1815.708,11
1,23,74,13,5,74,33,41,182.716,2.263,0.181,12.53,62,251,39,1,1,1,1,0,0,76.335,0.432,5.235,31,8.249,0.017,0,42960.27,2345.579,2331.786,11
1,24,51,9,5,51,36,15,183.383,1.648,0.196,8.394,40,276,45,1,1,1,1,0,0,55.716,0.646,2.55,22,2.738,0.017,0,49000.34,20459.88,2898.568,12
1,25,55,10,5,55,31,24,149.308,1.738,0.208,8.37,45,312,54,1,1,1,1,0,0,79.703,0.389,4.468,21,8.292,0.017,0,45896.43,5668.621,3216.027,12
1,26,60,10,5,60,13,47,188.898,1.611,0.069,23.405,46,401,45,1,1,1,1,0,0,71.001,0.183,8.797,19,7.436,0.017,0,82128.11,31607.7,3406.364,12
1,27,67,12,5,67,12,55,194.597,1.833,0.062,29.727,61,468,33,1,1,1,1,0,0,79.653,0.151,12.168,29,13.388,0.017,0,52014.29,1620.566,4822.525,13
1,28,73,13,5,73,26,47,193.314,1.997,0.134,14.85,70,480,42,1,0.958,1,0.958,0,0,87.454,0.297,6.718,31,9.251,0.017,0,62169.32,2381.802,5436.875,13
1,29,75,13,5,75,20,55,191.098,2.013,0.105,19.238,72,480,57,0.958,0.654,0.958,0.654,0,0,78.936,0.253,7.947,50,10.748,0.017,0,70254.31,2946.245,7089.161,13
1,30,76,13,5,76,41,35,194.997,2.252,0.21,10.71,64,480,71,0.654,0.905,0.654,0.905,0,0,89.621,0.457,4.922,34,8.623,0.017,0,106929.1,5179.236,7838.774,14
1,31,77,13,5,77,38,41,192.114,2.048,0.198,10.353,66,480,87,0.905,0.893,0.905,0.893,0,0,96.539,0.394,5.203,26,19.869,0.017,0,94913.41,3576.848,10269.17,13
1,32,84,14,5,84,36,48,190.898,2.298,0.189,12.187,84,480,111,0.893,0.532,0.893,0.532,0,0,87.688,0.411,5.598,54,18.474,0.017,0,141268.8,13857.22,11057.88,13
1,33,85,15,5,85,50,35,189.398,2.418,0.264,9.16,78,480,130,0.532,0.867,0.532,0.867,0,0,108.475,0.461,5.246,30,12.377,0.017,0,138592.8,8053.81,12082.32,14
1,34,85,15,5,85,53,34,187.615,2.394,0.282,8.476,83,480,144,0.867,1,0.867,1,0,0,100.14,0.529,4.524,30,17.329,0.017,0,180810.6,23234.83,14796.61,14
1,35,89,15,5,89,53,36,187.732,2.557,0.282,9.059,87,480,144,1,1,1,1,0,0,100.89,0.525,4.868,60,12.957,0.017,0,184707,18885.36,16612.17,14
1,36,85,15,5,85,50,37,190.781,2.418,0.262,9.227,82,480,144,1,0.925,1,0.925,0,0,114.577,0.436,5.541,39,13.364,0.017,0,148959.5,4539.803,17093.82,13
1,37,85,15,5,85,47,38,193.48,2.418,0.243,9.955,80,480,144,0.925,1,0.925,1,0,0,114.31,0.411,5.881,51,15.181,0.017,0,162437.4,4568.354,17709.81,14
1,38,85,15,5,85,48,38,192.081,2.418,0.25,9.677,79,480,144,1,1,1,1,0,0,103.774,0.463,5.228,56,14.168,0.017,0,176461.1,8949.822,18273.47,14
1,39,85,15,5,85,42,43,193.997,2.418,0.216,11.17,81,480,144,1,0.884,1,0.884,0,0,98.573,0.426,5.676,52,14.788,0.017,0,185200.8,6563.977,18804.54,14
1,40,85,15,5,85,45,42,189.964,2.572,0.237,10.857,84,480,144,0.884,0.867,0.884,0.867,0,0,85.52,0.526,4.888,27,16.139,0.017,0,250881,9591.09,19393.12,14
1,41,85,15,5,85,58,28,188.781,2.418,0.307,7.871,67,480,144,0.867,1,0.867,1,0,0,69.884,0.83,2.914,36,1.102,0.017,0,210338.8,7317.29,20717.88,13
1,42,92,16,5,92,51,42,188.931,2.671,0.27,9.893,87,480,144,1,1,1,1,0,0,106.175,0.48,5.56,33,11.755,0.017,0,280230,15612.41,20734.05,13
1,43,92,16,5,92,34,59,187.765,2.566,0.181,14.172,88,480,144,1,1,1,1,0,0,84.07,0.404,6.346,37,18.283,0.017,0,245678.7,7724.249,20843.23,14
1,44,92,16,5,92,59,33,190.398,2.566,0.31,8.282,78,480,144,1,1,1,1,0,0,99.49,0.593,4.327,27,16.361,0.017,0,317588.9,38073.91,18697.3,14
1,45,92,16,5,92,48,45,192.314,2.844,0.25,11.394,91,480,144,1,0.856,1,0.856,0,0,109.176,0.44,6.468,60,14.833,0.017,0,320327.3,21644.94,20861.81,14
1,46,92,16,5,92,42,51,191.714,2.844,0.219,12.981,91,480,144,0.856,1,0.856,1,0,0,111.059,0.378,7.52,48,24.057,0.017,0,303801.8,7288.257,20701.96,14
1,47,93,16,5,93,40,53,187.515,2.727,0.213,12.785,91,480,144,1,0.95,1,0.95,0,0,105.158,0.38,7.17,66,11.433,0.017,0,357439.5,7490.278,17774.98,14
1,48,93,16,5,93,76,17,190.098,2.406,0.4,6.019,50,480,144,0.95,1,0.95,1,0,0,68.767,1.105,2.177,25,2.709,0.017,0,344744.5,11091.13,18274.21,14
1,49,97,17,5,97,64,35,190.398,2.76,0.336,8.21,83,480,144,1,1,1,1,0,0,87.804,0.729,3.786,28,15.005,0.017,0,423104.8,11374.82,19132.05,14
1,50,106,18,5,106,73,34,187.648,3.387,0.389,8.705,102,536,150,1,1,1,1,0,0,98.573,0.741,4.573,44,17.451,0.017,0,531295.1,12405.98,15384.52,14
1,51,113,19,5,113,75,40,187.665,3.493,0.4,8.74,100,566,147,1,1,1,1,0,0,73.168,1.025,3.408,38,20.568,0.017,0,498035.2,11662.07,12521.08,13
1,52,129,22,5,129,80,51,188.765,3.707,0.424,8.747,122,566,171,1,1,1,1,0,0,98.123,0.815,4.547,56,10.286,0.017,0,542667,8325.781,13002.51,14
1,53,135,23,5,135,82,55,189.431,4.085,0.433,9.436,122,566,172,1,0.939,1,0.939,0,0,90.772,0.903,4.522,43,20.953,0.017,0,629323,12247.25,13165.27,13
1,54,75,13,5,75,61,15,186.665,2.37,0.327,7.251,65,566,172,0.939,1,0.939,1,0,0,79.302,0.769,3.081,29,7.297,0.017,0,397948.7,17904.28,13329.5,13
1,55,143,24,5,143,107,38,186.965,4.281,0.572,7.481,131,566,172,1,0.995,1,0.995,0,0,103.224,1.037,4.13,42,13.782,0.017,0,744829.8,13991.79,13553.36,14
1,56,139,24,5,139,79,62,189.365,4.162,0.417,9.976,127,566,172,0.995,1,0.995,1,0,0,100.907,0.783,5.316,43,26.444,0.017,0,797579.3,30157.56,14386.66,14
1,57,140,24,5,140,91,49,188.848,4.192,0.482,8.699,125,566,172,1,0.73,1,0.73,0,0,104.758,0.869,4.825,45,20.245,0.017,0,787958.9,10719.89,14223.79,14
1,58,141,24,5,141,113,29,187.115,4.222,0.604,6.99,98,566,172,0.73,1,0.73,1,0,0,87.988,1.284,3.287,28,1.626,0.017,0,807647.6,46851.06,14473.82,13
1,59,141,24,5,141,87,56,189.098,4.222,0.46,9.176,131,566,172,1,0.818,1,0.818,0,0,101.274,0.859,4.914,57,16.604,0.017,0,839730.4,13487.57,15081.75,14
1,60,145,25,5,145,89,61,188.065,4.296,0.473,9.079,141,566,172,0.818,0.929,0.818,0.929,0,0,99.49,0.895,4.803,62,16.102,0.017,0,1022328,20900.88,15527.16,13
1,61,141,24,5,141,91,52,189.465,4.222,0.48,8.789,130,566,172,0.929,1,0.929,1,0,0,91.922,0.99,4.264,56,20.177,0.017,0,878829.8,16925.49,15481.14,14
1,62,150,25,5,150,102,53,190.048,4.444,0.537,8.281,137,566,172,1,0.912,1,0.912,0,0,108.659,0.939,4.735,56,10.359,0.017,0,982165.5,17663.2,15763.81,14
1,63,240,40,5,240,131,111,188.165,6.566,0.696,9.432,235,566,172,0.912,0.75,0.912,0.75,0,0,114.077,1.148,5.718,92,24.337,0.017,0,1508454,12272.73,16325.36,13
1,64,150,25,5,150,85,72,188.232,4.444,0.452,9.842,135,566,172,0.75,1,0.75,1,0,0,93.505,0.909,4.889,50,18.506,0.017,0,973625.3,16562.51,16902.05,14
1,65,150,25,5,150,88,64,188.048,4.444,0.468,9.497,146,566,172,1,0.914,1,0.914,0,0,108.759,0.809,5.493,48,14.797,0.017,0,1180893,23045.83,16959.46,14
2,1,8,3,8.8,8,3,5,50.799,0.406,0.059,6.882,8,10,1,1,0.98,1,0.98,0,0,25.9,0.116,3.509,4,9.481,0.017,0,73.36,10.709,112.869,6
2,2,8,3,8.6,8,4,4,182.583,0.415,0.022,18.937,6,10,3,0.98,1,0.98,1,0,0,31.633,0.126,3.281,3,4.306,0.017,0,161.915,29.573,112.869,6
2,3,8,3,8.4,8,6,2,44.133,0.424,0.136,3.116,5,10,6,1,1,1,1,0,0,42.816,0.14,3.023,5,0.317,0.017,0,185.994,40.857,294.556,8
2,4,16,6,8.2,16,14,2,33.75,0.752,0.415,1.812,10,25,4,1,1,1,1,0,0,28.533,0.491,1.532,10,1.331,0.017,0,333.838,36.179,369.248,8
2,5,11,4,8,11,11,0,24.616,0.575,0.447,1.287,7,25,5,1,1,1,1,0,0,24.5,0.449,1.28,7,0.904,0.017,0,283.65,70.906,348.884,7
2,6,12,4,7.8,12,12,0,23.966,0.629,0.501,1.256,5,25,6,1,1,1,1,0,0,23.033,0.521,1.207,5,0.635,0.017,0,438.742,55.441,377.649,7
2,7,13,5,7.6,13,11,2,44.2,0.683,0.249,2.744,6,49,8,1,1,1,1,0,0,39.933,0.275,2.48,6,0.965,0.017,0,380.299,55.09,474.416,9
2,8,15,5,7.4,15,13,2,37,0.776,0.351,2.208,9,49,9,1,1,1,1,0,0,35.316,0.368,2.108,7,2.868,0.017,0,443.293,48.169,504.322,8
2,9,15,5,7.2,15,15,0,26.25,0.792,0.571,1.386,9,49,10,1,1,1,1,0,0,25.333,0.592,1.338,9,0.654,0.017,0,568.327,82.336,635.482,8
2,10,16,6,7,16,15,1,40.4,0.847,0.371,2.282,12,69,4,1,1,1,1,0,0,34.433,0.436,1.945,8,2.341,0.017,0,712.471,88.561,562.295,8
2,11,22,7,6.8,22,11,11,80.369,0.814,0.137,5.946,10,84,4,1,1,1,1,0,0,42.716,0.258,3.16,7,5.512,0.017,0,906.397,67.982,602.121,8
2,12,17,6,6.6,17,15,2,26.133,0.922,0.574,1.607,13,84,5,1,1,1,1,0,0,20.05,0.748,1.233,9,4.427,0.017,0,941.946,107.619,671.118,9
2,13,17,6,6.4,17,13,4,59.299,0.943,0.219,4.3,12,84,6,1,1,1,1,0,0,30.616,0.425,2.22,9,2.372,0.017,0,1032.903,100.392,727.31,9
2,14,24,7,6.2,24,21,3,62.716,0.951,0.335,2.839,13,166,8,1,1,1,1,0,0,28.233,0.744,1.278,6,4.467,0.017,0,1849.495,153.235,915.813,9
2,15,34,7,6,34,22,12,180.333,0.986,0.122,8.082,19,128,9,1,1,1,1,0,0,38.083,0.578,1.707,12,2.733,0.017,0,2383.165,158.979,1160.095,10
2,16,23,7,5.8,23,12,11,188.848,0.943,0.064,14.845,17,171,11,1,1,1,1,0,0,46.216,0.26,3.633,10,10.383,0.017,0,2157.609,163.48,1277.189,10
2,17,26,7,5.6,26,10,16,58.366,1.109,0.171,6.471,17,189,1,1,1,1,1,0,0,23.466,0.426,2.602,5,14.013,0.017,0,3033.336,244.158,1393.892,9
2,18,28,7,5.4,28,14,14,104.858,1.225,0.134,9.178,26,211,3,1,1,1,1,0,0,23,0.609,2.013,12,8.461,0.017,0,4054.747,259.709,1586.65,10
2,19,50,9,5.2,50,26,24,89.605,1.272,0.29,4.385,33,227,8,1,1,1,1,0,0,45.266,0.574,2.215,23,3.68,0.017,0,8379.31,371.251,1941.458,11
2,20,35,7,5,35,22,13,82.153,1.426,0.268,5.324,34,227,12,1,1,1,1,0,0,32,0.688,2.074,21,4.283,0.017,0,8227.306,525.531,2873.232,10
2,21,38,7,5,38,19,19,118.811,1.256,0.16,7.855,24,249,13,1,1,1,1,0,0,66.8,0.284,4.417,8,7.818,0.017,0,10202.97,651.243,3355.541,10
2,22,41,7,5,41,11,30,187.732,1.387,0.059,23.68,37,249,19,1,1,1,1,0,0,59.716,0.184,7.532,12,5.767,0.017,0,13909.99,1035.589,4473.69,10
2,23,55,10,5,55,31,24,183.533,1.738,0.169,10.288,37,249,21,1,1,1,1,0,0,56.133,0.552,3.147,21,1.935,0.017,0,32268.03,1273.853,4354.481,11
2,24,51,9,5,51,20,31,185.715,1.648,0.108,15.301,35,293,25,1,1,1,1,0,0,61.733,0.324,5.086,13,11.307,0.017,0,26631.86,1459.071,5394.499,13
2,25,56,10,5,56,14,42,182.3,1.609,0.077,20.954,40,352,8,1,1,1,1,0,0,60.566,0.231,6.962,32,5.425,0.017,0,39965.57,3147.376,5866.052,14
2,26,61,11,5,61,20,41,192.331,1.826,0.104,17.563,56,408,18,1,1,1,1,0,0,53.349,0.375,4.872,36,11.101,0.017,0,37421.61,2127.213,7604.24,12
2,27,68,12,5,68,11,57,190.598,2.058,0.058,35.651,67,408,25,1,1,1,1,0,0,34.166,0.322,6.391,50,10.752,0.017,0,52075.03,5229.909,8664.293,12
2,28,40,7,5,40,13,27,192.964,1.264,0.067,18.76,36,408,32,1,0.818,1,0.818,0,0,55.883,0.233,5.433,25,8.924,0.017,0,38984.61,3358.713,9645.932,12
2,29,73,13,5,73,17,56,189.465,2.163,0.09,24.106,68,408,43,0.818,0.596,0.818,0.596,0,0,81.77,0.208,10.404,34,18.906,0.017,0,92733.58,18515.24,10802.38,12
2,30,77,13,5,77,25,52,189.748,2.282,0.132,17.316,63,408,53,0.596,0.615,0.596,0.615,0,0,72.318,0.346,6.6,33,3.265,0.017,0,94340.48,6536.968,13980.48,13
2,31,87,15,5,87,17,70,190.781,2.475,0.089,27.777,82,430,55,0.615,0.606,0.615,0.606,0,0,62.833,0.271,9.148,51,9.955,0.017,0,134622.8,20936.77,14985.32,16
2,32,76,13,5,76,35,41,184.782,2.252,0.189,11.889,69,491,64,0.606,0.89,0.606,0.89,0,0,68.6,0.51,4.414,55,7.168,0.017,0,118156.6,10279.97,16450.51,12
2,33,43,8,5,43,19,24,185.416,1.389,0.102,13.558,36,491,77,0.89,0.858,0.89,0.858,0,0,76.702,0.248,5.609,26,8.347,0.017,0,141257.8,52205.63,17898.86,15
2,34,79,14,5,79,47,32,184.832,2.293,0.254,9.018,73,491,94,0.858,1,0.858,1,0,0,79.219,0.593,3.865,37,7.214,0.017,0,177019.9,34414.82,20115.84,13
2,35,94,16,5,94,27,67,189.215,2.729,0.143,19.122,92,491,106,1,0.647,1,0.647,0,0,77.802,0.347,7.863,60,6.005,0.017,0,289532.6,43220.43,21804.06,13
2,36,126,21,5,126,36,90,191.364,3.585,0.188,19.055,125,491,116,0.647,0.682,0.647,0.682,0,0,115.894,0.311,11.54,72,15.484,0.017,0,308307.2,36958.71,24431.48,16
2,37,79,14,5,79,51,28,192.414,2.365,0.265,8.924,68,491,129,0.682,0.631,0.682,0.631,0,0,86.054,0.593,3.991,55,7.053,0.017,0,317774.7,71459.45,30557.45,15
2,38,79,14,5,79,27,52,192.997,2.293,0.14,16.392,79,491,147,0.631,0.77,0.631,0.77,0,0,77.419,0.349,6.575,51,16.376,0.017,0,332904.8,81490.04,33096.71,12
2,39,79,14,5,79,44,35,192.88,2.293,0.228,10.053,79,491,158,0.77,0.542,0.77,0.542,0,0,81.803,0.538,4.263,48,16.454,0.017,0,393276.2,83770.53,43284.32,14
2,40,43,8,5,43,30,13,191.231,1.422,0.157,9.061,43,491,160,0.542,0.703,0.542,0.703,0,0,78.036,0.384,3.698,28,13.101,0.017,0,244133.8,56075.19,39889.88,13
2,41,78,13,5,78,42,36,191.064,2.311,0.22,10.514,78,491,160,0.703,0.913,0.703,0.913,0,0,94.372,0.445,5.193,64,10.172,0.017,0,212105.5,6031.512,40128.44,13
2,42,79,14,5,79,33,46,190.798,2.317,0.173,13.395,78,491,160,0.913,0.931,0.913,0.931,0,0,105.491,0.313,7.406,48,13.098,0.017,0,221881.4,5901.744,40402.92,14
2,43,91,16,5,91,29,62,190.631,2.783,0.152,18.293,91,491,160,0.931,0.737,0.931,0.737,0,0,94.706,0.306,9.088,57,23.083,0.017,0,290408.9,6698.652,40679.15,15
2,44,79,14,5,79,32,47,190.231,2.293,0.168,13.632,75,491,160,0.737,0.688,0.737,0.688,0,0,90.655,0.353,6.497,26,9.147,0.017,0,275030.2,10261.44,49044.01,14
2,45,79,14,5,79,29,50,190.198,2.416,0.152,15.845,79,491,160,0.688,0.806,0.688,0.806,0,0,74.001,0.392,6.165,66,18.677,0.017,0,308524.7,9974.035,40854.65,13
2,46,79,14,5,79,33,46,190.848,2.416,0.173,13.972,77,491,160,0.806,0.73,0.806,0.73,0,0,110.743,0.298,8.107,49,3.844,0.017,0,294438.5,7206.989,34825.39,14
2,47,80,14,5,80,57,23,191.714,2.421,0.297,8.141,78,491,160,0.73,0.979,0.73,0.979,0,0,71.684,0.795,3.044,55,10.401,0.017,0,340865.6,14054.31,36800.85,13
2,48,80,14,5,80,46,34,188.315,2.447,0.244,10.016,73,491,160,0.979,0.928,0.979,0.928,0,0,72.934,0.631,3.879,47,10.537,0.017,0,340859.4,11091.13,28633.38,14
2,49,85,15,5,85,36,49,190.064,2.628,0.189,13.872,74,491,160,0.928,0.862,0.928,0.862,0,0,74.168,0.485,5.413,35,11.042,0.017,0,353019.3,7695.04,26143.04,15
2,50,146,25,5,146,78,68,189.415,4.326,0.412,10.505,145,491,160,0.862,0.824,0.862,0.824,0,0,94.689,0.824,5.252,57,9.012,0.017,0,719828.1,11898.48,23508.88,15
2,51,96,16,5,96,53,43,185.366,3.137,0.286,10.973,90,571,175,0.824,0.901,0.824,0.901,0,0,84.67,0.626,5.012,35,19.218,0.017,0,482111.7,11662.07,23860.76,14
2,52,116,20,5,116,57,59,191.464,3.51,0.298,11.79,104,571,194,0.901,0.625,0.901,0.625,0,0,92.872,0.614,5.719,62,26.836,0.017,0,578249.6,8428.675,25601.63,16
2,53,109,19,5,109,64,45,188.748,3.406,0.339,10.046,80,571,194,0.625,0.845,0.625,0.845,0,0,78.902,0.811,4.199,27,14.957,0.017,0,552922,18148.23,26173.59,15
2,54,110,19,5,110,77,33,189.681,3.476,0.406,8.562,70,571,194,0.845,0.965,0.845,0.965,0,0,58.466,1.317,2.639,41,0.866,0.017,0,542018.7,12545.18,32983.59,15
2,55,111,19,5,111,64,47,186.949,3.507,0.342,10.245,111,571,194,0.965,0.331,0.965,0.331,0,1,81.72,0.783,4.478,61,20.618,0.017,1,609469.9,12405.98,27696.73,16
2,56,133,23,5,133,53,80,188.531,3.264,0.281,11.61,86,571,194,0.331,0.59,0.331,0.59,0,0,75.802,0.699,4.668,39,5.76,0.017,0.75,709509.1,12846.68,28430.87,16
2,57,122,21,5,122,90,32,189.765,3.653,0.474,7.702,96,571,194,0.59,0.957,0.59,0.957,0,0,63.599,1.415,2.581,43,2.876,0.017,0.5,823940.3,9745.353,28869.22,15
2,58,122,21,5,122,47,75,188.715,3.771,0.249,15.143,122,571,194,0.957,0.75,0.957,0.75,0,0,80.486,0.584,6.458,89,12.068,0.017,0.25,641241.1,9776.632,26704.76,15
2,59,123,21,5,123,50,73,186.715,3.802,0.268,14.199,106,571,194,0.75,0.77,0.75,0.77,0,0,92.772,0.539,7.055,35,14.537,0.017,0,673266.6,12261.42,34348.96,15
2,60,123,21,5,123,71,52,187.965,3.802,0.378,10.066,123,571,194,0.77,0.331,0.77,0.331,0,1,87.321,0.813,4.676,99,12.971,0.017,1,813112.5,18371.93,27691.83,16
2,61,123,21,5,123,65,58,186.632,3.802,0.348,10.917,123,571,194,0.331,0.642,0.331,0.642,0,0,80.136,0.811,4.688,60,24.142,0.017,0.75,727779,10439.31,28421.32,16
2,62,123,21,5,123,47,76,191.264,3.802,0.246,15.473,119,571,194,0.642,0.823,0.642,0.823,0,0,94.006,0.5,7.605,51,22.745,0.017,0.5,724170.9,10675.91,28887.02,16
2,63,209,35,5,209,63,146,187.732,5.774,0.336,17.204,209,571,194,0.823,0.802,0.823,0.802,0,0,105.408,0.598,9.66,70,25.758,0.017,0.25,1261906,14730.41,28828.26,14
2,64,123,21,5,123,64,59,189.631,3.802,0.337,11.266,123,571,194,0.802,0.653,0.802,0.653,0,0,98.807,0.648,5.87,65,18.418,0.017,0,840929.9,12541.69,35943.26,16
2,65,123,21,5,123,51,72,188.765,3.802,0.27,14.073,123,571,194,0.653,0.266,0.653,0.266,0,1,91.222,0.559,6.801,61,6.852,0.017,1,1021793,21604.25,30425.98,15
2,66,132,22,5,132,0,132,188.015,4.037,0,-1,130,571,194,0.266,0.366,0.266,0.366,0,0,30.75,0,-1,99,12.745,0.017,0.75,921922.7,15515.01,30954.84,14
2,67,211,36,5,211,68,143,189.115,6.125,0.36,17.034,211,571,194,0.366,0.229,0.366,0.229,0,1,113.793,0.598,10.25,115,11.005,0.017,1.75,1567963,32701.87,31013.6,16
3,1,8,3,8.8,8,6,2,41.3,0.406,0.145,2.798,6,7,1,1,0.984,1,0.984,0,0,28.933,0.207,1.96,5,4.748,0.017,0,78.119,12.252,112.869,6
3,2,8,3,8.6,8,3,5,39.133,0.415,0.077,5.412,6,7,3,0.984,0.984,0.984,0.984,0,0,28.783,0.104,3.98,6,3.675,0.017,0,131.133,24.499,112.869,6
3,3,8,3,8.4,8,7,1,25.433,0.424,0.275,1.539,6,7,5,0.984,1,0.984,1,0,0,24.516,0.286,1.484,5,1.983,0.017,0,146.209,23.02,140.073,7
3,4,10,4,8.2,10,9,1,28.466,0.521,0.316,1.649,4,7,7,1,1,1,1,0,0,25.383,0.355,1.47,4,1.017,0.017,0,266.289,39.026,143.759,7
3,5,15,5,8,15,12,3,28.733,0.731,0.418,1.749,6,7,7,1,1,1,1,0,0,23.5,0.511,1.431,6,2.145,0.017,0,403.889,50.438,150.254,7
3,6,12,4,7.8,12,7,5,49.183,0.629,0.142,4.418,9,24,1,1,0.907,1,0.907,0,0,29.066,0.241,2.611,5,5.133,0.017,0,327.012,42.698,154.898,7
3,7,13,5,7.6,13,9,4,35.533,0.683,0.253,2.697,8,24,2,0.907,0.868,0.907,0.868,0,0,26.416,0.341,2.005,6,3.517,0.017,0,399.373,61.999,157.062,7
3,8,14,5,7.4,14,13,1,34.666,0.737,0.375,1.967,11,24,3,0.868,0.948,0.868,0.948,0,0,30.033,0.433,1.704,7,5.815,0.017,0,582.236,61.344,162.323,7
3,9,14,5,7.2,14,10,4,36.45,0.867,0.274,3.16,11,43,5,0.948,1,0.948,1,0,0,23.5,0.426,2.037,10,6.54,0.017,0,550.975,82.735,413.822,8
3,10,10,4,7,10,9,1,32.6,0.596,0.276,2.158,5,62,7,1,1,1,1,0,0,19.35,0.465,1.281,4,0.558,0.017,0,588.587,111.73,423.295,8
3,11,16,6,6.8,16,14,2,42.75,0.866,0.327,2.643,10,82,8,1,1,1,1,0,0,19.7,0.711,1.218,8,1.43,0.017,0,671.338,85.52,424.9,8
3,12,23,7,6.6,23,19,4,74.068,0.859,0.257,3.348,11,82,10,1,1,1,1,0,0,41.583,0.457,1.879,7,3.914,0.017,0,1210.229,134.473,495.992,8
3,13,17,6,6.4,17,10,7,49.216,0.943,0.203,4.64,12,104,12,1,1,1,1,0,0,23.683,0.422,2.233,6,2.697,0.017,0,870.128,128.615,535.495,8
3,14,18,6,6.2,18,12,6,49.433,1.001,0.243,4.123,9,122,14,1,1,1,1,0,0,19.667,0.61,1.64,7,1.516,0.017,0,1285.459,142.672,839.338,9
3,15,21,7,6,21,18,3,39.566,1.127,0.455,2.477,10,122,16,1,1,1,1,0,0,24.65,0.73,1.543,9,2.541,0.017,0,2249.621,485.866,723.602,9
3,16,22,7,5.8,22,14,8,60.116,0.929,0.233,3.989,20,139,3,1,1,1,1,0,0,10.4,1.346,0.69,9,7.003,0.017,0,1775.434,207.773,851.076,9
3,17,24,7,5.6,24,12,12,186.249,0.994,0.064,15.435,11,158,4,1,1,1,1,0,0,25.666,0.468,2.127,4,8.041,0.017,0,2949.775,884.733,919.623,9
3,18,26,7,5.4,26,10,16,187.698,1.193,0.053,22.386,21,158,6,1,1,1,1,0,0,27.55,0.363,3.286,8,9.121,0.017,0,3267.211,296.447,1102.247,10
3,19,29,7,5.2,29,16,13,184.649,1.145,0.087,13.211,29,182,6,1,1,1,1,0,0,16.433,0.974,1.176,13,13.958,0.017,0,7180.718,2796.399,1682.5,10
3,20,32,7,5,32,19,13,182.8,1.303,0.104,12.541,31,206,7,1,1,1,1,0,0,44.283,0.429,3.038,18,12.498,0.017,0,5907.408,389.627,1568.08,10
3,21,36,7,5,36,9,27,190.514,1.138,0.047,24.091,31,206,9,1,1,1,1,0,0,26.833,0.335,3.393,17,11.22,0.017,0,14679.47,6182.911,2068.053,11
3,22,39,7,5,39,9,30,188.715,1.32,0.048,27.674,39,206,13,1,0.936,1,0.936,0,0,47.149,0.191,6.914,20,16.075,0.017,0,13741.22,925.071,2347.82,11
3,23,43,8,5,43,7,36,190.348,1.422,0.037,38.654,42,222,14,0.936,0.956,0.936,0.956,0,0,40.883,0.171,8.302,34,11.243,0.017,0,43159.88,23458.48,2963.824,11
3,24,86,15,5,86,4,82,189.265,2.447,0.021,115.768,83,222,20,0.956,0.699,0.956,0.699,0,0,57.333,0.07,35.069,65,10.281,0.017,0,47676.23,1941.881,3836.31,11
3,25,54,9,5,54,1,53,187.482,1.745,0.005,327.112,54,228,22,0.699,0.494,0.699,0.494,0,0,45.249,0.022,78.95,46,13.656,0.017,0,72002.14,39986.45,3475.533,12
3,26,58,10,5,58,1,57,191.247,1.833,0.005,350.473,57,295,23,0.494,0.601,0.494,0.601,0,0,43.45,0.023,79.624,48,11.892,0.017,0,45043.35,1961.043,3488.636,12
3,27,65,11,5,65,7,58,194.997,1.813,0.036,50.508,53,385,17,0.601,0.744,0.601,0.744,0,0,53.649,0.13,13.896,34,8.07,0.017,0,95398.73,41090,4617.274,12
3,28,114,19,5,114,5,109,194.997,3.089,0.026,120.487,113,409,24,0.744,0.574,0.744,0.574,0,0,65.466,0.076,40.451,60,23.771,0.017,0,120094.4,4821.368,5222.621,11
3,29,73,13,5,73,10,63,191.281,2.163,0.052,41.374,68,409,31,0.574,0.461,0.574,0.461,0,0,54.199,0.185,11.723,61,10.493,0.017,0,116815.9,41090,6132.055,11
3,30,78,13,5,78,5,73,190.881,2.311,0.026,88.23,78,409,39,0.461,0.432,0.461,0.432,0,0,74.401,0.067,34.39,62,8.375,0.017,0,127758.5,13202.97,8189.904,12
3,31,120,20,5,120,12,108,193.947,3.105,0.062,50.181,116,409,48,0.432,0.14,0.432,0.14,0,1,79.769,0.15,20.639,66,21.966,0.017,1,207573.6,41090,8485.917,11
3,32,82,14,5,82,13,69,191.647,2.38,0.068,35.09,82,470,52,0.14,0.303,0.14,0.303,0,0,87.654,0.148,16.049,55,26.907,0.017,0.75,164339.7,22303.47,9536.894,12
3,33,84,14,5,84,20,64,192.88,2.438,0.104,23.515,84,490,58,0.303,0.499,0.303,0.499,0,0,63.833,0.313,7.782,34,30.481,0.017,0.5,213904.1,61384.23,11616.91,12
3,34,85,15,5,85,34,51,194.08,2.418,0.175,13.804,75,490,66,0.499,0.631,0.499,0.631,0,0,79.503,0.428,5.655,47,16.511,0.017,0.25,245854.4,48395.25,13471.8,14
3,35,85,15,5,85,23,62,191.414,2.467,0.12,20.534,85,490,82,0.631,0.727,0.631,0.727,0,0,97.673,0.235,10.478,71,11.822,0.017,0,295400.1,61384.23,15148.28,13
3,36,85,15,5,85,30,55,194.13,2.418,0.155,15.648,80,490,94,0.727,0.241,0.727,0.241,0,1,100.49,0.299,8.1,63,6.364,0.017,1,326605.8,61384.23,19894.89,13
3,37,85,15,5,85,29,56,191.247,2.418,0.152,15.948,85,490,105,0.241,0.478,0.241,0.478,0,0,101.791,0.285,8.488,41,20.467,0.017,0.75,318699.2,59735.63,20119.54,12
3,38,85,15,5,85,33,52,190.164,2.418,0.174,13.935,77,490,118,0.478,0.255,0.478,0.255,0,1,79.803,0.414,5.848,36,19.731,0.017,1.75,385294.3,61384.23,21261.84,13
3,39,85,15,5,85,38,47,190.964,2.418,0.199,12.153,84,490,134,0.255,0.534,0.255,0.534,0,0,88.121,0.431,5.608,57,23.277,0.017,1.5,344973.1,55905.65,26745.69,12
3,40,85,15,5,85,45,40,190.781,2.493,0.236,10.568,85,490,155,0.534,0.312,0.534,0.312,0,1,87.954,0.512,4.872,74,16.217,0.017,2.5,435900.6,61384.23,27576.05,14
3,41,47,8,5,47,25,22,193.863,1.453,0.129,11.266,47,490,167,0.312,0.625,0.312,0.625,0,0,87.738,0.285,5.099,26,18.605,0.017,2.25,280974.1,64438.88,30685.46,12
3,42,92,16,5,92,48,44,190.848,2.566,0.252,10.203,92,490,167,0.625,0.531,0.625,0.531,0,0,102.041,0.47,5.456,80,12.492,0.017,2,392741.8,61384.23,31325.73,12
3,43,92,16,5,92,49,43,192.264,2.566,0.255,10.069,88,490,167,0.531,0.844,0.531,0.844,0,0,91.422,0.536,4.788,71,12.395,0.017,1.75,257202.7,5394.314,31367.56,12
3,44,92,16,5,92,49,43,187.998,2.566,0.261,9.846,92,490,167,0.844,1,0.844,1,0,0,94.622,0.518,4.956,74,9.038,0.017,1.5,332033.4,47218.64,33365.74,12
3,45,92,16,5,92,47,45,188.448,2.784,0.249,11.161,92,490,167,1,0.714,1,0.714,0,0,93.189,0.504,5.519,60,24.948,0.017,1.25,344778.5,8218.465,31486.29,13
3,46,159,27,5,159,59,100,189.348,4.269,0.312,13.699,159,490,167,0.714,0.55,0.714,0.55,0,0,109.159,0.54,7.897,71,32.944,0.017,1,613091.2,47218.64,35347.86,12
3,47,93,16,5,93,44,49,190.781,2.784,0.231,12.073,93,490,167,0.55,0.839,0.55,0.839,0,0,94.322,0.466,5.969,58,20.344,0.017,0.75,365333,7603.663,29992.81,12
3,48,93,16,5,93,61,32,190.781,2.594,0.32,8.113,79,490,167,0.839,1,0.839,1,0,0,80.669,0.756,3.431,51,8.648,0.017,0.5,429994.8,47218.64,29839.3,13
3,49,54,9,5,54,42,12,187.798,1.6,0.224,7.154,53,515,171,1,1,1,1,0,0,64.266,0.654,2.448,28,15.753,0.017,0.25,259258.8,11374.82,30607.72,14
3,50,104,18,5,104,54,50,190.814,3.082,0.283,10.889,99,534,175,1,1,1,1,0,0,98.09,0.551,5.597,45,21.469,0.017,0,544335.4,15336.77,25140.17,12
3,51,113,19,5,113,72,41,191.447,3.419,0.376,9.091,112,572,188,1,1,1,1,0,0,101.357,0.71,4.813,70,18.354,0.017,0,549057.3,17746.03,21294.04,12
3,52,129,22,5,129,81,48,189.248,3.862,0.428,9.024,127,572,193,1,0.856,1,0.856,0,0,108.459,0.747,5.172,64,16.958,0.017,0,606032.3,11952.88,20501.23,13
3,53,135,23,5,135,70,65,189.698,3.624,0.369,9.821,118,572,193,0.856,1,0.856,1,0,0,101.257,0.691,5.243,63,18.59,0.017,0,642466.4,15921.43,21252.44,13
3,54,218,37,5,218,93,125,191.147,5.744,0.487,11.807,215,572,193,1,0.755,1,0.755,0,0,91.488,1.017,5.651,105,21.082,0.017,0,1123126,21960.76,23416.89,13
3,55,138,23,5,138,73,65,189.848,4.176,0.385,10.859,138,572,193,0.755,0.816,0.755,0.816,0,0,80.853,0.903,4.625,107,12.362,0.017,0,831987.7,24655.9,23063.14,14
3,56,139,24,5,139,88,51,186.882,4.162,0.471,8.838,127,572,193,0.816,0.914,0.816,0.914,0,0,96.923,0.908,4.584,75,14.371,0.017,0,838889.3,18370.75,22733.76,13
3,57,140,24,5,140,124,16,184.033,4.023,0.674,5.971,101,572,193,0.914,1,0.914,1,0,0,57.149,2.17,1.854,64,3.884,0.017,0,739466.4,13163.38,23251.4,14
3,58,140,24,5,140,88,52,188.348,3.83,0.467,8.198,132,572,193,1,0.874,1,0.874,0,0,96.189,0.915,4.187,58,16.5,0.017,0,824723.4,14108.31,21672.26,14
3,59,141,24,5,141,86,55,191.781,3.972,0.448,8.857,135,572,193,0.874,1,0.874,1,0,0,95.056,0.905,4.39,114,7.122,0.017,0,873352,13487.57,23428.43,15
3,60,141,24,5,141,81,60,190.564,4.222,0.425,9.932,141,572,193,1,0.373,1,0.373,0,0,104.975,0.772,5.471,58,34.413,0.017,0,1009353,15691.87,22808.56,13
3,61,141,24,5,141,77,64,188.815,4.222,0.408,10.352,141,572,193,0.373,0.691,0.373,0.691,0,0,94.572,0.814,5.185,40,25.25,0.017,0,936414.5,20146.2,23931.17,15
3,62,150,25,5,150,31,119,190.698,4.354,0.163,26.785,150,572,193,0.691,0.669,0.691,0.669,0,0,74.885,0.414,10.518,118,13.289,0.017,0,922106,20602.8,23617.37,14
3,63,150,25,5,150,85,65,192.464,4.444,0.442,10.064,150,572,193,0.669,0.832,0.669,0.832,0,0,112.426,0.756,5.879,116,13.38,0.017,0,1006605,30784.02,25113.98,15
3,64,150,25,5,150,81,69,190.131,4.444,0.426,10.433,148,572,193,0.832,0.766,0.832,0.766,0,0,107.909,0.751,5.921,71,16.705,0.017,0,987387.8,14823.51,26118.8,14
3,65,150,25,5,150,69,81,190.681,4.444,0.362,12.282,150,572,193,0.766,0.829,0.766,0.829,0,0,93.806,0.736,6.042,119,9.146,0.017,0,1200868,47716.09,25328.35,15
3,66,150,25,5,150,78,72,188.282,4.444,0.414,10.728,150,572,193,0.829,0.695,0.829,0.695,0,0,93.305,0.836,5.317,99,22.67,0.017,0,1153163,20508.15,26149.85,14
3,67,82,14,5,82,40,42,188.848,2.563,0.212,12.098,82,572,193,0.695,0.99,0.695,0.99,0,0,80.169,0.499,5.136,28,17.957,0.017,0,667045.7,81095.17,25401.09,14
3,68,162,27,5,162,69,93,190.731,4.39,0.362,12.136,158,572,193,0.99,0.643,0.99,0.643,0,0,103.841,0.664,6.607,75,26.895,0.017,0,1288174,30806.23,23434.12,14
4,1,8,3,8.8,8,4,4,46.983,0.406,0.085,4.774,6,9,1,1,0.851,1,0.851,0,0,28.633,0.14,2.909,4,5.146,0.017,0,72.238,12.252,112.869,6
4,2,8,3,8.6,8,5,3,35.366,0.415,0.141,2.934,5,9,3,0.851,0.863,0.851,0.863,0,0,22.183,0.225,1.841,5,3.135,0.017,0,129.774,24.604,112.869,6
4,3,8,3,8.4,8,5,3,34.283,0.424,0.146,2.905,5,9,6,0.863,0.841,0.863,0.841,0,0,33.016,0.151,2.798,5,1.585,0.017,0,161.158,33.52,173.427,8
4,4,10,4,8.2,10,3,7,93.739,0.521,0.032,16.288,8,104,1,0.841,0.926,0.841,0.926,0,0,22.533,0.133,3.915,3,7.01,0.017,0,235.95,31.092,171.591,7
4,5,18,6,8,18,6,12,63.083,0.907,0.095,9.534,18,61,1,0.926,0.676,0.926,0.676,0,0,31.833,0.188,4.811,11,6.519,0.017,0,514.477,74.11,197.945,8
4,6,14,5,7.8,14,4,10,80.119,0.747,0.05,14.956,14,144,3,0.676,0.813,0.676,0.813,0,0,34.383,0.116,6.418,7,3.687,0.017,0,497.982,64.848,294.705,9
4,7,15,5,7.6,15,2,13,189.698,0.817,0.011,77.534,14,120,3,0.813,0.813,0.813,0.813,0,0,34.766,0.058,14.21,7,8.676,0.017,0,799.321,208.241,332.898,10
4,8,19,7,7.4,19,3,16,183.949,1.08,0.016,66.194,16,120,4,0.813,0.711,0.813,0.711,0,0,39.15,0.077,14.088,8,2.626,0.017,0,963.32,73.132,345.535,9
4,9,11,4,7.2,11,9,2,47.283,0.627,0.19,3.296,6,120,5,0.711,1,0.711,1,0,0,41.866,0.215,2.918,3,1.326,0.017,0,1206.512,488.052,341.361,8
4,10,21,7,7,21,13,8,187.148,1.018,0.069,14.652,8,140,5,1,1,1,1,0,0,33.716,0.386,2.64,7,2.695,0.017,0,2181.512,216.822,373.595,10
4,11,21,7,6.8,21,11,10,83.837,1.038,0.131,7.91,12,173,6,1,0.893,1,0.893,0,0,33.483,0.329,3.159,7,9.06,0.017,0,3580.323,1893.868,406.586,10
4,12,23,7,6.6,23,11,12,189.998,0.893,0.058,15.428,22,173,8,0.893,1,0.893,1,0,0,53.549,0.205,4.348,8,1.808,0.017,0,2770.646,354.319,502.924,10
4,13,23,7,6.4,23,7,16,88.304,0.878,0.079,11.081,21,198,3,1,1,1,1,0,0,26.683,0.262,3.348,11,4.467,0.017,0,6356.381,3922.867,552.246,11
4,14,26,7,6.2,26,13,13,192.814,0.976,0.067,14.479,20,198,5,1,1,1,1,0,0,43.966,0.296,3.302,7,7.783,0.017,0,3759.635,254.436,664.476,11
4,15,31,7,6,31,16,15,187.265,1.011,0.085,11.838,30,198,6,1,0.852,1,0.852,0,0,55.199,0.29,3.489,13,3.526,0.017,0,11774.17,5730.568,766.915,10
4,16,37,7,5.8,37,8,29,192.864,1.038,0.041,25.021,36,219,7,0.852,0.998,0.852,0.998,0,0,41.15,0.194,5.339,21,11.539,0.017,0,8061.403,542.893,838.278,11
4,17,38,7,5.6,38,10,28,191.681,1.097,0.052,21.021,32,258,9,0.998,0.704,0.998,0.704,0,0,66.266,0.151,7.267,13,3.901,0.017,0,34802.59,23735.45,1063.536,11
4,18,34,7,5.4,34,7,27,188.248,1.204,0.037,32.367,32,258,13,0.704,0.881,0.704,0.881,0,0,35.366,0.198,6.081,15,19.436,0.017,0,13408.54,1064.723,1398.516,12
4,19,43,8,5.2,43,9,34,194.913,1.276,0.046,27.634,43,281,16,0.881,0.75,0.881,0.75,0,0,50.283,0.179,7.129,20,9.247,0.017,0,48882.94,29138.62,1715.687,12
4,20,40,7,5,40,11,29,188.365,1.264,0.058,21.642,40,281,22,0.75,0.96,0.75,0.96,0,0,48.266,0.228,5.545,29,4.954,0.017,0,19618.1,1152.188,2053.856,12
4,21,69,12,5,69,7,62,191.431,2.088,0.037,57.095,69,281,25,0.96,0.72,0.96,0.72,0,0,58.483,0.12,17.443,44,14.5,0.017,0,71515.5,29138.62,2441.19,12
4,22,45,8,5,45,23,22,185.032,1.438,0.124,11.566,44,281,28,0.72,1,0.72,1,0,0,52.583,0.437,3.287,35,4.383,0.017,0,23908.12,1435.343,2717.777,12
4,23,47,8,5,47,20,27,191.964,1.437,0.104,13.796,40,308,36,1,1,1,1,0,0,71.184,0.281,5.116,27,9.894,0.017,0,72533.62,29138.62,3466.712,12
4,24,52,9,5,52,22,30,190.831,1.661,0.115,14.411,52,308,40,1,1,1,1,0,0,50.633,0.435,3.824,30,16.902,0.017,0,34463.37,3395.971,3261.255,12
4,25,56,10,5,56,25,31,187.498,1.75,0.133,13.125,55,331,50,1,1,1,1,0,0,71.551,0.349,5.009,45,8.984,0.017,0,94962.58,29138.62,4622.845,14
4,26,61,11,5,61,19,42,188.515,1.807,0.101,17.933,58,413,52,1,1,1,1,0,0,54.999,0.345,5.232,36,6.55,0.017,0,122263,30758.81,5530.046,13
4,27,68,12,5,68,27,41,194.997,2.058,0.138,14.86,60,492,61,1,1,1,1,0,0,93.105,0.29,7.095,45,11.65,0.017,0,57619.2,8200.767,7903.553,14
4,28,74,13,5,74,36,38,191.597,2.193,0.188,11.669,63,492,72,1,1,1,1,0,0,83.97,0.429,5.114,32,2.691,0.017,0,144708.8,31607.7,10317.84,14
4,29,86,15,5,86,40,46,192.081,2.447,0.208,11.749,78,492,86,1,0.735,1,0.735,0,0,75.635,0.529,4.626,33,10.756,0.017,0,79717.32,2458.543,14967.64,14
4,30,76,13,5,76,49,27,189.265,2.252,0.259,8.698,65,492,101,0.735,0.75,0.735,0.75,0,0,74.251,0.66,3.412,19,5.868,0.017,0,212946.3,47218.64,14249.64,13
4,31,77,13,5,77,56,21,188.498,2.282,0.297,7.68,66,492,111,0.75,1,0.75,1,0,0,92.255,0.607,3.759,53,9.938,0.017,0,93864.7,3576.848,18783.42,14
4,32,89,15,5,89,59,30,189.048,2.532,0.312,8.113,78,492,130,1,0.946,1,0.946,0,0,92.122,0.64,3.953,40,10.588,0.017,0,227673.3,43530.09,24968.58,16
4,33,79,14,5,79,39,40,194.997,2.293,0.2,11.466,64,492,152,0.946,1,0.946,1,0,0,77.252,0.505,4.542,44,11.827,0.017,0,189135.7,31607.7,28424.33,14
4,34,79,14,5,79,43,36,186.682,2.293,0.23,9.956,72,492,174,1,1,1,1,0,0,83.837,0.513,4.471,22,18.12,0.017,0,127041.8,5847.964,30602.43,15
4,35,82,14,5,82,64,18,193.847,2.38,0.33,7.21,75,492,185,1,0.966,1,0.966,0,0,98.923,0.647,3.679,31,9.463,0.017,0,292573.7,47218.64,31926.57,15
4,36,78,13,5,78,49,29,186.299,2.311,0.263,8.787,70,492,185,0.966,1,0.966,1,0,0,86.254,0.568,4.068,38,11.904,0.017,0,148002.1,13637.01,38740.05,16
4,37,90,15,5,90,74,16,179.984,2.667,0.411,6.486,45,492,185,1,1,1,1,0,0,62.399,1.186,2.249,33,0.821,0.017,0,213935.5,47218.64,40367.48,15
4,38,78,13,5,78,42,36,190.664,2.311,0.22,10.492,73,492,185,1,1,1,1,0,0,91.588,0.459,5.04,31,14.839,0.017,0,159150.9,16384.45,41755.5,14
4,39,79,14,5,79,45,34,191.331,2.341,0.235,9.952,66,492,185,1,1,1,1,0,0,88.271,0.51,4.592,30,12.522,0.017,0,162661.2,6507.602,53766.54,14
4,40,79,14,5,79,50,29,188.865,2.341,0.265,8.842,78,492,185,1,1,1,1,0,0,88.188,0.567,4.129,42,10.77,0.017,0,226083.2,8811.98,44528.7,14
4,41,126,21,5,126,59,67,188.965,3.515,0.312,11.257,124,492,185,1,1,1,1,0,0,117.611,0.502,7.006,90,13.906,0.017,0,341465.2,7357.396,48126.08,16
4,42,91,16,5,91,50,41,193.23,2.589,0.259,10.005,84,492,185,1,1,1,1,0,0,103.091,0.485,5.338,44,9.661,0.017,0,292471.2,12843.12,48202.85,16
4,43,79,14,5,79,49,30,188.981,2.293,0.259,8.844,78,492,185,1,1,1,1,0,0,115.527,0.424,5.407,46,7.496,0.017,0,291448.5,11635.72,48280.14,16
4,44,79,14,5,79,43,36,186.149,2.341,0.231,10.133,78,492,185,1,1,1,1,0,0,93.872,0.458,5.11,43,8.903,0.017,0,319747.5,19248.29,51218,14
4,45,43,8,5,43,23,20,81.72,1.422,0.281,5.051,40,492,185,1,1,1,1,0,0,59.566,0.386,3.681,25,4.261,0.017,0,194940.3,18703.51,48245.98,15
4,46,78,13,5,78,43,35,194.497,2.311,0.221,10.454,77,492,185,1,1,1,1,0,0,113.727,0.378,6.112,28,16.237,0.017,0,332416.9,29324.51,48280.14,16
4,47,92,16,5,92,51,41,189.165,2.566,0.27,9.519,84,492,185,1,1,1,1,0,0,106.342,0.48,5.351,28,9.818,0.017,0,349821.3,11892.11,40880.84,16
4,48,80,14,5,80,42,38,191.147,2.395,0.22,10.901,79,515,198,1,1,1,1,0,0,90.155,0.466,5.141,36,24.542,0.017,0,408190.7,45993.91,41342.91,15
4,49,85,15,5,85,41,44,189.048,2.599,0.217,11.986,82,577,190,1,1,1,1,0,0,99.357,0.413,6.299,65,7.317,0.017,0,433723,71974.86,37782.73,16
4,50,93,16,5,93,46,47,190.614,2.844,0.241,11.785,92,577,195,1,1,1,1,0,0,98.073,0.469,6.064,46,15.174,0.017,0,530057.9,19858.36,29558.07,16
4,51,98,17,5,98,75,23,187.648,2.788,0.4,6.976,77,577,206,1,1,1,1,0,0,77.319,0.97,2.874,13,17.816,0.017,0,628533.1,97788.05,28382.74,15
4,52,104,18,5,104,84,20,190.064,3.082,0.442,6.972,79,577,206,1,1,1,1,0,0,73.168,1.148,2.684,37,7.916,0.017,0,561098.7,14343.45,28558.93,15
4,53,109,19,5,109,77,32,191.314,3.264,0.402,8.109,98,577,206,1,1,1,1,0,0,82.57,0.933,3.5,53,15.849,0.017,0,751471.3,100524.6,29697.78,16
4,54,110,19,5,110,72,38,188.698,3.193,0.382,8.368,97,577,206,1,1,1,1,0,0,91.405,0.788,4.054,30,24.818,0.017,0,655606.5,22265.89,30203.51,15
4,55,196,33,5,196,156,40,190.314,5.363,0.82,6.542,179,577,206,1,0.934,1,0.934,0,0,114.577,1.362,3.939,79,22.896,0.017,0,1285818,22759.29,30550.22,16
4,56,112,19,5,112,82,30,190.714,3.353,0.43,7.799,105,577,206,0.934,1,0.934,1,0,0,98.357,0.834,4.022,79,10.162,0.017,0,707232.3,35099.17,31183.12,16
4,57,113,19,5,113,92,21,189.565,3.383,0.485,6.971,97,577,206,1,0.957,1,0.957,0,0,109.042,0.844,4.01,48,14.567,0.017,0,743296.5,11694.42,32865.01,16
4,58,113,19,5,113,91,22,192.281,3.419,0.473,7.224,101,577,206,0.957,1,0.957,1,0,0,95.789,0.95,3.599,31,18.739,0.017,0,735304.1,40202.33,32865.01,16
4,59,114,19,5,114,87,27,187.665,3.343,0.464,7.211,96,577,206,1,1,1,1,0,0,69.184,1.258,2.659,33,19.421,0.017,0,696146.5,14713.71,29829.62,14
4,60,182,31,5,182,134,48,191.897,5.077,0.698,7.27,168,577,206,1,1,1,1,0,0,120.195,1.115,4.554,83,16.982,0.017,0,1435191,21513.22,33669.32,16
4,61,114,19,5,114,70,44,191.581,3.343,0.365,9.15,106,577,206,1,1,1,1,0,0,89.988,0.778,4.298,63,11.33,0.017,0,876920.1,23809.15,35645.3,15
4,62,126,21,5,126,87,39,186.265,3.772,0.467,8.077,120,577,206,1,1,1,1,0,0,96.69,0.9,4.193,50,12.84,0.017,0,954566.2,27415.96,35679.46,16
4,63,114,19,5,114,78,36,189.731,3.486,0.411,8.48,98,577,206,1,1,1,1,0,0,89.338,0.873,3.993,21,18.347,0.017,0,832120.4,13475.92,35679.46,16
4,64,114,19,5,114,79,35,187.432,3.524,0.421,8.361,106,577,206,1,0.941,1,0.941,0,0,83.053,0.951,3.705,50,16.631,0.017,0,872820.8,19573.88,38643.34,15
4,65,114,19,5,114,92,22,185.049,3.524,0.497,7.088,68,577,206,0.941,1,0.941,1,0,0,52.799,1.742,2.022,39,2.779,0.017,0,1051174,23079.69,36519.21,14
5,1,8,3,8.8,8,2,6,53.099,0.406,0.038,10.791,6,7,1,1,1,1,1,0,0,25.666,0.078,5.216,4,5.629,0.017,0,71.756,10.279,112.869,6
5,2,8,3,8.6,8,6,2,62.016,0.415,0.097,4.288,6,7,2,1,0.533,1,0.533,0,0,36.2,0.166,2.503,6,2.108,0.017,0,163.233,31.314,112.869,6
5,3,8,3,8.4,8,5,3,36.283,0.424,0.138,3.074,5,7,4,0.533,0.602,0.533,0.602,0,0,32.25,0.155,2.733,5,1.354,0.017,0,182.359,33.853,136.452,7
5,4,10,4,8.2,10,5,5,44.983,0.521,0.111,4.69,5,15,5,0.602,0.447,0.602,0.447,0,0,33.383,0.15,3.48,4,1.932,0.017,0,261.629,34.799,144.92,7
5,5,11,4,8,11,8,3,29.833,0.596,0.268,2.223,7,27,3,0.447,0.724,0.447,0.724,0,0,16.45,0.486,1.226,4,1.911,0.017,0,302.262,55.723,143.004,7
5,6,12,4,7.8,12,10,2,27.066,0.629,0.369,1.702,4,37,4,0.724,1,0.724,1,0,0,20.05,0.499,1.261,4,0.14,0.017,0,481.286,72.239,146.747,7
5,7,14,5,7.6,14,11,3,28.483,0.722,0.386,1.87,8,37,6,1,1,1,1,0,0,24.033,0.458,1.578,5,0.931,0.017,0,470.632,63.052,568.838,8
5,8,15,5,7.4,15,10,5,35.066,0.776,0.285,2.721,13,60,2,1,1,1,1,0,0,21.45,0.466,1.664,6,0.41,0.017,0,604.571,113.301,654.742,8
5,9,15,5,7.2,15,13,2,29.55,0.855,0.44,1.943,10,68,3,1,1,1,1,0,0,26.05,0.499,1.713,8,1.003,0.017,0,559.948,61.555,868.374,8
5,10,16,6,7,16,11,5,43.7,0.896,0.252,3.561,12,79,4,1,1,1,1,0,0,35.35,0.311,2.881,8,0.32,0.017,0,1001.765,142.516,653.577,8
5,11,9,3,6.8,9,7,2,20.817,0.561,0.336,1.669,5,127,5,1,1,1,1,0,0,12.583,0.556,1.009,3,0.448,0.017,0,539.674,128.904,711.713,8
5,12,18,6,6.6,18,11,7,58.683,1.056,0.187,5.632,17,127,6,1,0.992,1,0.992,0,0,48.566,0.226,4.661,12,3.897,0.017,0,1025.539,138.096,842.167,9
5,13,25,7,6.4,25,12,15,82.753,0.93,0.145,6.413,18,147,6,0.992,0.881,0.992,0.881,0,0,58.633,0.205,4.544,6,6.727,0.017,0,1828.21,372.216,920.113,9
5,14,21,7,6.2,21,15,6,53.716,1.103,0.279,3.951,13,147,8,0.881,1,0.881,1,0,0,31.5,0.476,2.317,5,5.318,0.017,0,2145.748,578.502,962.705,9
5,15,13,5,6,13,11,2,34.566,0.821,0.318,2.58,7,172,9,1,1,1,1,0,0,21.917,0.502,1.636,4,1.904,0.017,0,1810.102,539.339,1142.931,9
5,16,25,7,5.8,25,9,16,92.489,1.087,0.097,11.17,19,172,10,1,1,1,1,0,0,29.733,0.303,3.591,7,9.372,0.017,0,3281.302,1065.64,1622.457,9
5,17,27,7,5.6,27,8,20,71.484,1.265,0.112,11.3,27,194,11,1,1,1,1,0,0,25.383,0.315,4.013,7,8.916,0.017,0,3871.058,478.499,1719.254,9
5,18,46,8,5.4,46,21,25,143.243,1.299,0.147,8.864,40,216,15,1,0.839,1,0.839,0,0,56.883,0.369,3.52,11,8.921,0.017,0,11852.68,3506.998,2030.236,10
5,19,34,7,5.2,34,16,18,75.302,1.323,0.212,6.226,28,236,17,0.839,1,0.839,1,0,0,52.799,0.303,4.366,11,12.337,0.017,0,7819.561,513.441,2840.869,10
5,20,41,7,5,41,16,26,105.458,1.325,0.152,8.731,30,236,21,1,0.759,1,0.759,0,0,65.283,0.245,5.405,16,7.587,0.017,0,20721.37,8268.545,3436.72,10
5,21,41,7,5,41,24,17,184.233,1.34,0.13,10.285,32,255,25,0.759,1,0.759,1,0,0,63.133,0.38,3.525,12,5.913,0.017,0,14634.47,1189.212,4743.588,10
5,22,44,8,5,44,25,19,145.059,1.346,0.172,7.808,28,255,30,1,1,1,1,0,0,57.166,0.437,3.077,19,1.281,0.017,0,48790.2,27515.93,5187.286,10
5,23,46,8,5,46,27,19,187.182,1.407,0.144,9.752,37,255,37,1,1,1,1,0,0,59.449,0.454,3.097,14,9.685,0.017,0,27549.71,4396.299,7699.325,10
5,24,51,9,5,51,17,34,186.499,1.648,0.091,18.078,45,263,39,1,1,1,1,0,0,70.201,0.242,6.805,29,8.531,0.017,0,56497.66,26597.85,7365.322,11
5,25,67,12,5,67,27,41,184.699,2.071,0.146,14.168,60,273,40,1,0.87,1,0.87,0,0,93.622,0.288,7.182,39,5.604,0.017,0,45560.49,4933.729,7986.632,12
5,26,59,10,5,59,23,36,194.78,1.864,0.118,15.787,55,345,67,0.87,1,0.87,1,0,0,70.317,0.327,5.699,33,6.004,0.017,0,113999.1,61384.23,9302.527,12
5,27,66,11,5,66,23,43,187.115,1.677,0.123,13.645,49,429,32,1,1,1,1,0,0,82.737,0.278,6.034,16,11.861,0.017,0,46116.71,3252.195,10069.41,12
5,28,72,12,5,72,15,57,192.664,2.179,0.078,27.982,61,487,53,1,1,1,1,0,0,82.136,0.183,11.929,19,12.366,0.017,0,158814.2,61384.23,11572.17,13
5,29,75,13,5,75,24,51,190.731,2.222,0.126,17.66,72,487,77,1,1,1,1,0,0,93.222,0.257,8.632,32,10.593,0.017,0,69067.34,5381.21,29138.83,22
5,30,76,13,5,76,32,44,187.332,2.252,0.171,13.183,69,487,101,1,1,1,1,0,0,117.877,0.271,8.295,35,8.36,0.017,0,207320.3,61384.23,44394.75,27
5,31,77,13,5,77,28,49,190.548,2.282,0.147,15.526,72,487,122,1,0.832,1,0.832,0,0,106.442,0.263,8.673,46,7.44,0.017,0,228833.6,64438.88,55316.73,26
5,32,84,14,5,84,31,53,189.265,2.438,0.164,14.887,75,487,122,0.832,1,0.832,1,0,0,85.771,0.361,6.746,46,13.677,0.017,0,125278.8,18971.23,66025.3,27
5,33,85,15,5,85,35,50,193.863,2.443,0.181,13.529,84,487,122,1,1,1,1,0,0,110.159,0.318,7.688,30,13.149,0.017,0,234465.8,66217.27,82250.1,26
5,34,85,15,5,85,40,45,190.114,2.418,0.21,11.494,79,487,122,1,1,1,1,0,0,100.14,0.399,6.054,29,5.361,0.017,0,151869.5,31927.09,127905.8,26
5,35,85,15,5,85,37,48,190.731,2.493,0.194,12.85,83,487,122,1,1,1,1,0,0,100.474,0.368,6.769,31,7.273,0.017,0,220033.7,66217.27,122304,27
5,36,85,15,5,85,45,40,189.115,2.545,0.238,10.695,61,487,122,1,1,1,1,0,0,68.317,0.659,3.864,45,1.204,0.017,0,198305,53118.79,147731.6,27
5,37,97,17,5,97,32,65,190.698,2.68,0.168,15.968,88,487,122,1,1,1,1,0,0,93.572,0.342,7.835,48,12.911,0.017,0,260317.6,66217.27,192815.8,27
5,38,85,15,5,85,32,53,192.614,2.418,0.166,14.556,84,487,122,1,1,1,1,0,0,81.503,0.393,6.159,35,7.188,0.017,0,216907.8,43134.75,199941.6,27
5,39,85,15,5,85,20,65,193.097,2.418,0.104,23.348,70,487,122,1,1,1,1,0,0,82.203,0.243,9.939,27,7.185,0.017,0,329713.8,66217.27,261775.3,26
5,40,85,15,5,85,25,60,191.531,2.545,0.131,19.497,85,487,122,1,1,1,1,0,0,89.255,0.28,9.086,34,5.416,0.017,0,253315.5,7012.608,219756.8,28
5,41,85,15,5,85,16,69,185.865,2.418,0.086,28.092,81,487,122,1,1,1,1,0,0,87.037,0.184,13.155,28,7.513,0.017,0,359883.7,66217.27,250210.3,26
5,42,92,16,5,92,31,61,191.631,2.726,0.162,16.851,89,487,122,1,1,1,1,0,0,92.105,0.337,8.099,41,13.523,0.017,0,278354.2,7012.608,287218.5,28
5,43,92,16,5,92,28,64,187.148,2.813,0.15,18.805,92,487,122,1,0.746,1,0.746,0,0,98.19,0.285,9.866,56,12.196,0.017,0,440675,66217.27,303801.9,27
5,44,92,16,5,92,34,58,190.231,2.755,0.179,15.412,90,487,122,0.746,0.993,0.746,0.993,0,0,105.225,0.323,8.525,41,14.575,0.017,0,311818.5,7012.608,322817.8,27
5,45,92,16,5,92,28,64,190.914,2.755,0.147,18.781,91,487,122,0.993,1,0.993,1,0,0,79.069,0.354,7.778,45,6.54,0.017,0,379470.2,66217.27,304913.3,27
5,46,92,16,5,92,27,65,188.465,2.592,0.143,18.09,91,487,122,1,1,1,1,0,0,86.487,0.312,8.301,70,7.088,0.017,0,340136.3,9474.734,304419.9,27
5,47,93,16,5,93,17,76,189.615,2.784,0.09,31.057,93,487,122,1,1,1,1,0,0,94.772,0.179,15.523,40,16.45,0.017,0,403572.9,66217.27,257977.5,27
5,48,51,9,5,51,21,30,189.215,1.648,0.111,14.847,49,487,122,1,1,1,1,0,0,84.72,0.248,6.648,28,5.316,0.017,0,229968.9,15860.32,260113.9,27
5,49,111,19,5,111,32,79,185.749,3.255,0.172,18.895,107,487,122,1,0.731,1,0.731,0,0,107.592,0.297,10.945,40,13.836,0.017,0,599289.3,72839,259830.7,27
5,50,106,18,5,106,40,66,187.582,3.277,0.213,15.366,104,487,122,0.731,0.746,0.731,0.746,0,0,102.424,0.391,8.39,49,15.981,0.017,0,638794.5,24808.09,229540.1,27
5,51,178,30,5,178,51,127,189.615,4.965,0.269,18.46,176,547,126,0.746,0.626,0.746,0.626,0,0,116.761,0.437,11.367,63,12.084,0.017,0,893839.5,11601.29,229702.5,28
5,52,128,22,5,128,34,94,190.381,3.754,0.179,21.019,128,567,140,0.626,0.4,0.626,0.4,0,0,102.741,0.331,11.343,56,21.508,0.017,0,675230.2,9742.714,192076.9,27
5,53,135,23,5,135,21,114,189.548,3.203,0.111,28.91,88,567,152,0.4,0.562,0.4,0.562,0,0,97.773,0.215,14.912,34,9.596,0.017,0,750899.3,17513.57,184600.1,28
5,54,136,23,5,136,56,80,189.498,3.988,0.296,13.496,131,567,152,0.562,0.717,0.562,0.717,0,0,113.41,0.494,8.077,59,9.014,0.017,0,739441.7,9982.655,228613.6,27
5,55,138,23,5,138,49,89,190.864,4.176,0.257,16.264,134,567,152,0.717,0.81,0.717,0.81,0,0,112.943,0.434,9.624,77,10.83,0.017,0,869185.4,15995.66,190475.5,28
5,56,139,24,5,139,31,108,191.247,4.162,0.162,25.675,136,567,152,0.81,0.705,0.81,0.705,0,0,134.911,0.23,18.112,50,18.69,0.017,0,789988.2,14131.34,178743.3,29
5,57,77,13,5,77,23,54,190.814,2.38,0.121,19.747,74,567,152,0.705,0.746,0.705,0.746,0,0,100.624,0.229,10.413,29,10.239,0.017,0,471085.4,14466.9,186684.1,27
5,58,141,24,5,141,27,114,190.414,4.222,0.142,29.772,137,567,152,0.746,0.752,0.746,0.752,0,0,127.613,0.212,19.953,49,15.683,0.017,0,877594.8,11968.84,192838.1,29
5,59,141,24,5,141,37,104,186.899,4.222,0.198,21.325,135,567,152,0.752,0.54,0.752,0.54,0,0,116.294,0.318,13.269,62,14.986,0.017,0,943979.1,12246.43,173405.4,27
5,60,141,24,5,141,25,116,190.831,4.222,0.131,32.224,141,567,152,0.54,0.171,0.54,0.171,0,1,107.842,0.232,18.211,69,17.018,0.017,1,1060300,25140.9,192864.8,27
5,61,153,26,5,153,50,103,189.315,3.571,0.264,13.519,109,567,152,0.171,0.402,0.171,0.402,0,0,124.879,0.4,8.918,48,2.066,0.017,0.75,1284816,13681.84,193684.2,28
5,62,150,25,5,150,29,121,192.481,4.444,0.151,29.499,148,567,152,0.402,0.579,0.402,0.579,0,0,135.594,0.214,20.781,60,16.241,0.017,0.5,1078159,24523.75,205463.2,28
5,63,150,25,5,150,30,120,189.198,4.444,0.159,28.03,149,567,152,0.579,0.749,0.579,0.749,0,0,139.91,0.214,20.728,66,9.079,0.017,0.25,1091026,17676.49,209445.3,29
5,64,150,25,5,150,33,117,186.199,4.444,0.177,25.078,149,567,152,0.749,0.756,0.749,0.756,0,0,131.662,0.251,17.732,55,15.825,0.017,0,1141582,37104.55,222301,30
5,65,150,25,5,150,31,119,187.248,4.444,0.166,26.846,150,567,152,0.756,0.183,0.756,0.183,0,1,103.808,0.299,14.883,112,14.824,0.017,1,1321876,56901.34,210398.7,29
5,66,150,25,5,150,24,126,187.448,3.559,0.128,27.795,100,567,152,0.183,0.347,0.183,0.347,0,0,109.576,0.219,16.248,44,15.956,0.017,0.75,1148572,13978.43,198038.2,29
5,67,150,25,5,150,22,128,188.615,3.559,0.117,30.511,100,567,152,0.347,0.505,0.347,0.505,0,0,126.446,0.174,20.454,55,8.859,0.017,0.5,1272598,82399.3,203754.3,28
5,68,150,25,5,150,52,98,182.3,3.881,0.285,13.606,118,567,152,0.505,0.744,0.505,0.744,0,0,139.46,0.373,10.409,37,3.292,0.017,0.25,1530952,19351.09,210494.1,29
6,1,8,3,8.8,8,4,4,47.533,0.406,0.084,4.83,5,7,1,1,1,1,1,0,0,27.933,0.143,2.838,3,5.285,0.017,0,64.994,10.17,112.869,6
6,2,8,3,8.6,8,6,2,35.016,0.415,0.171,2.421,5,7,2,1,0.593,1,0.593,0,0,32.983,0.182,2.281,4,3.002,0.017,0,156.849,29.766,112.869,6
6,3,8,3,8.4,8,7,1,21.4,0.424,0.327,1.295,3,7,5,0.593,1,0.593,1,0,0,17.533,0.399,1.061,3,1.425,0.017,0,198.391,34.479,197.201,8
6,4,10,4,8.2,10,8,2,21.833,0.521,0.366,1.423,5,82,7,1,1,1,1,0,0,16.783,0.477,1.094,5,1.892,0.017,0,228.661,37.05,199.153,8
6,5,18,6,8,18,11,7,43.666,0.958,0.252,3.804,13,82,7,1,1,1,1,0,0,20.783,0.529,1.811,10,4.77,0.017,0,459.826,40.195,212.661,8
6,6,12,4,7.8,12,12,0,17.85,0.629,0.672,0.935,4,97,5,1,1,1,1,0,0,17.75,0.676,0.93,4,0.091,0.017,0,353.757,49.27,224.156,8
6,7,13,5,7.6,13,7,6,39.766,0.683,0.176,3.88,9,66,5,1,1,1,1,0,0,17.783,0.394,1.735,5,0.748,0.017,0,464.109,63.598,256.406,9
6,8,16,6,7.4,16,11,5,38.283,0.813,0.287,2.829,11,79,5,1,1,1,1,0,0,15.083,0.729,1.115,8,3.825,0.017,0,621.134,114.926,290.347,9
6,9,17,6,7.2,17,10,7,40.833,0.932,0.245,3.804,14,79,6,1,1,1,1,0,0,20.1,0.498,1.872,9,1.453,0.017,0,1025.266,227.148,333.343,9
6,10,10,4,7,10,6,4,34,0.608,0.176,3.445,8,93,7,1,1,1,1,0,0,18.467,0.325,1.871,4,2.233,0.017,0,644.229,144.531,325.667,9
6,11,23,7,6.8,23,10,13,74.318,0.922,0.135,6.851,21,93,8,1,1,1,1,0,0,27.85,0.359,2.567,13,3.522,0.017,0,1894.412,239.682,345.086,9
6,12,19,7,6.6,19,6,13,54.183,1.07,0.111,9.666,17,176,10,1,1,1,1,0,0,25.833,0.232,4.609,7,6.727,0.017,0,1855.874,538.603,467.958,10
6,13,20,7,6.4,20,7,13,186.715,1.176,0.037,31.381,20,113,11,1,1,1,1,0,0,17.483,0.4,2.938,18,4.391,0.017,0,1969.129,214.801,570.077,11
6,14,22,7,6.2,22,7,15,58.083,0.966,0.121,8.012,19,144,12,1,1,1,1,0,0,33.416,0.209,4.61,11,7.355,0.017,0,3377.198,814.53,567.597,10
6,15,25,7,6,25,14,11,55.849,1.144,0.251,4.564,20,144,14,1,0.913,1,0.913,0,0,30.583,0.458,2.499,10,6.637,0.017,0,7287.293,3301.598,734.958,10
6,16,33,7,5.8,33,12,21,180.333,1.189,0.067,17.871,28,166,15,0.913,1,0.913,1,0,0,50.649,0.237,5.019,18,9.046,0.017,0,5560.401,432.246,831.707,11
6,17,30,7,5.6,30,9,21,190.598,0.953,0.047,20.18,18,215,9,1,0.735,1,0.735,0,0,34.1,0.264,3.61,9,13.668,0.017,0,20244.45,11197.9,1124.894,11
6,18,34,7,5.4,34,13,21,191.014,1.12,0.068,16.461,27,215,13,0.735,0.988,0.735,0.988,0,0,47.199,0.275,4.067,15,11.657,0.017,0,10370.03,629.216,1241.086,11
6,19,37,7,5.2,37,15,22,185.799,1.098,0.081,13.6,27,231,15,0.988,0.858,0.988,0.858,0,0,53.199,0.282,3.894,17,1.496,0.017,0,45227.21,25349.35,1748.019,11
6,20,64,11,5,64,19,45,189.331,1.785,0.1,17.79,53,231,18,0.858,0.746,0.858,0.746,0,0,64.199,0.296,6.032,21,17.456,0.017,0,26835.37,1962.732,2028.946,12
6,21,51,9,5,51,13,38,191.014,1.511,0.068,22.204,40,248,20,0.746,0.612,0.746,0.612,0,0,54.333,0.239,6.316,16,17.664,0.017,0,60498.4,25752.59,2619.021,12
6,22,44,8,5,44,9,35,188.615,1.346,0.048,28.2,35,248,24,0.612,0.742,0.612,0.742,0,0,52.999,0.17,7.924,23,12.279,0.017,0,25673.71,1771.47,2970.583,12
6,23,46,8,5,46,11,35,185.965,1.422,0.059,24.04,43,248,32,0.742,0.539,0.742,0.539,0,0,71.034,0.155,9.183,23,7.184,0.017,0,89902.78,41090,3525.354,12
6,24,51,9,5,51,13,38,188.931,1.527,0.069,22.192,49,248,33,0.539,0.685,0.539,0.685,0,0,76.969,0.169,9.041,33,8.841,0.017,0,35917.36,4856.239,3339.558,12
6,25,93,16,5,93,15,78,188.581,2.594,0.08,32.614,93,264,40,0.685,0.663,0.685,0.663,0,0,83.72,0.179,14.479,40,11.664,0.017,0,161218.1,45199,4478.944,13
6,26,59,10,5,59,4,55,191.514,1.63,0.021,78.035,51,350,12,0.663,0.683,0.663,0.683,0,0,59.783,0.067,24.359,25,8.255,0.017,0,55614.78,11727.09,6977.126,13
6,27,66,11,5,66,3,63,192.364,1.916,0.016,122.846,65,413,21,0.683,0.661,0.683,0.661,0,0,64.849,0.046,41.414,29,14.915,0.017,0,157088,45199,8009.612,14
6,28,115,20,5,115,11,104,194.83,2.975,0.056,52.701,113,413,29,0.661,0.728,0.661,0.728,0,0,86.387,0.127,23.367,71,30.036,0.017,0,131642.6,20046.29,8842.001,14
6,29,73,13,5,73,6,67,189.031,2.163,0.032,68.145,70,469,31,0.728,0.711,0.728,0.711,0,0,68.15,0.088,24.568,42,10.367,0.017,0,210599.7,67522.65,9570.089,13
6,30,90,15,5,90,11,79,190.514,2.56,0.058,44.346,90,495,41,0.711,0.298,0.711,0.298,0,0,60.799,0.181,14.152,41,23.324,0.017,0,162230.3,33797.24,11572.19,14
6,31,89,15,5,89,14,75,190.981,2.532,0.073,34.541,87,495,58,0.298,0.461,0.298,0.461,0,0,83.37,0.168,15.078,57,16.018,0.017,0,253756.7,67522.65,13853.28,15
6,32,78,13,5,78,31,47,188.431,2.311,0.165,14.048,68,495,68,0.461,0.72,0.461,0.72,0,0,97.39,0.318,7.261,21,18.923,0.017,0,186737.9,43985.09,16524.27,14
6,33,79,14,5,79,28,51,189.115,2.293,0.148,15.489,79,495,85,0.72,0.8,0.72,0.8,0,0,92.272,0.303,7.557,50,17.174,0.017,0,251563,51940.5,18176.41,15
6,34,43,8,5,43,15,28,187.082,1.315,0.08,16.401,43,495,102,0.8,0.744,0.8,0.744,0,0,68.467,0.219,6.002,34,12.66,0.017,0,194520,73661.08,22692.02,14
6,35,82,14,5,82,37,45,190.098,2.38,0.195,12.229,75,495,122,0.744,0.496,0.744,0.496,0,0,93.572,0.395,6.02,41,12.209,0.017,0,363738.9,73661.08,25447.89,15
6,36,79,14,5,79,37,42,191.447,2.293,0.193,11.866,72,495,143,0.496,0.783,0.496,0.783,0,0,113.376,0.326,7.027,24,17.713,0.017,0,314485.5,73661.08,26882.35,14
6,37,79,14,5,79,41,38,191.697,2.293,0.214,10.722,73,495,152,0.783,0.9,0.783,0.9,0,0,98.49,0.416,5.509,35,18.232,0.017,0,303012.6,49308,29405.49,15
6,38,79,14,5,79,42,37,141.11,2.293,0.298,7.705,62,495,152,0.9,0.843,0.9,0.843,0,0,96.589,0.435,5.274,38,10.221,0.017,0,306967.9,49308,31573.54,15
6,39,78,13,5,78,34,44,193.347,2.311,0.176,13.143,78,495,152,0.843,0.842,0.843,0.842,0,0,89.355,0.381,6.074,67,10.232,0.017,0,189824.9,6211.592,37531.07,15
6,40,79,14,5,79,43,36,190.664,2.293,0.226,10.168,79,495,152,0.842,0.895,0.842,0.895,0,0,89.138,0.482,4.754,54,14.606,0.017,0,253281.3,11694.42,38573.3,15
6,41,91,16,5,91,52,39,186.732,2.538,0.278,9.115,88,495,152,0.895,0.752,0.895,0.752,0,0,95.156,0.546,4.645,58,13.269,0.017,0,298991.5,6121.63,39840.41,15
6,42,79,14,5,79,27,52,186.332,2.293,0.145,15.826,79,495,152,0.752,0.813,0.752,0.813,0,0,98.657,0.274,8.379,50,13.909,0.017,0,254973.5,8038.382,39712.78,14
6,43,79,14,5,79,31,48,192.647,2.293,0.161,14.251,79,495,152,0.813,0.744,0.813,0.744,0,0,90.855,0.341,6.721,31,18.442,0.017,0,288145.4,11684.83,39011.36,15
6,44,91,16,5,91,44,47,189.814,2.538,0.232,10.95,91,495,152,0.744,0.78,0.744,0.78,0,0,95.506,0.461,5.51,49,17.043,0.017,0,418717,13339.87,40973.29,14
6,45,83,14,5,83,48,35,189.148,2.434,0.254,9.592,83,495,152,0.78,0.331,0.78,0.331,0,1,103.741,0.463,5.261,48,13.566,0.017,1,503182.3,12375.1,40342.59,15
6,46,79,14,5,79,30,49,191.681,1.814,0.157,11.59,51,495,152,0.331,0.583,0.331,0.583,0,0,101.574,0.295,6.142,26,8.476,0.017,0.75,412828.8,10273.31,41305.64,15
6,47,80,14,5,80,40,40,190.148,2.322,0.21,11.039,70,495,152,0.583,0.771,0.583,0.771,0,0,97.706,0.409,5.672,36,14.23,0.017,0.5,402045.2,14054.31,35089.29,15
6,48,80,14,5,80,41,39,188.298,2.322,0.218,10.665,80,495,152,0.771,0.587,0.771,0.587,0,0,65.816,0.623,3.728,36,17.026,0.017,0.25,443068.9,15538.74,35573.7,15
6,49,85,15,5,85,56,29,190.648,2.418,0.294,8.233,66,495,152,0.587,0.918,0.587,0.918,0,0,78.552,0.713,3.392,21,13.383,0.017,0,496884.2,14754.45,33051.26,15
6,50,146,25,5,146,89,57,187.115,4.326,0.476,9.095,146,495,152,0.918,0.344,0.918,0.344,0,1,95.873,0.928,4.66,90,21.735,0.017,1,923227.9,24121.38,30996.48,15
6,51,108,18,5,108,61,47,186.865,2.541,0.326,7.785,76,580,169,0.344,0.67,0.344,0.67,0,0,94.039,0.649,3.918,39,12.94,0.017,0.75,684385.4,13710.62,24730.95,15
6,52,104,18,5,104,57,47,191.147,3.05,0.298,10.228,97,580,186,0.67,0.751,0.67,0.751,0,0,76.502,0.745,4.093,34,16.595,0.017,0.5,613744.4,14070.57,25023.53,15
6,53,60,10,5,60,36,24,186.015,1.896,0.194,9.796,45,580,186,0.751,0.857,0.751,0.857,0,0,78.019,0.461,4.108,17,7.577,0.017,0.25,387403.8,14070.57,26003.39,15
6,54,109,19,5,109,66,43,189.198,3.132,0.349,8.979,97,580,186,0.857,0.845,0.857,0.845,0,0,84.103,0.785,3.991,41,14.707,0.017,0,754312.5,13204.61,31315.53,15
6,55,111,19,5,111,63,48,187.482,3.395,0.336,10.102,111,580,186,0.845,0.804,0.845,0.804,0,0,87.571,0.719,4.718,68,15.674,0.017,0,895504.6,19209.25,26027.5,15
6,56,112,19,5,112,71,41,186.099,3.284,0.382,8.609,100,580,186,0.804,0.829,0.804,0.829,0,0,83.07,0.855,3.843,37,13.892,0.017,0,853139.6,13327.04,26859.57,15
6,57,113,19,5,113,60,53,190.348,3.215,0.315,10.199,110,580,186,0.829,0.798,0.829,0.798,0,0,84.554,0.71,4.53,43,18.079,0.017,0,838348.1,18412.42,26849.84,15
6,58,126,21,5,126,78,48,185.616,3.812,0.42,9.072,113,580,186,0.798,0.61,0.798,0.61,0,0,94.539,0.825,4.621,48,20.74,0.017,0,995542.5,28317.1,28209.45,14
6,59,114,19,5,114,81,33,187.298,3.343,0.432,7.73,98,580,186,0.61,0.967,0.61,0.967,0,0,86.587,0.935,3.574,37,13.872,0.017,0,922417.1,14512.53,35525.88,15
6,60,114,19,5,114,75,39,189.781,3.563,0.395,9.015,106,580,186,0.967,0.363,0.967,0.363,0,1,75.968,0.987,3.609,40,18.698,0.017,1,1016299,26601.12,28888.27,15
6,61,194,33,5,194,111,83,188.248,5.308,0.59,9.002,191,580,186,0.363,0.692,0.363,0.692,0,0,92.922,1.195,4.443,94,17.966,0.017,0.75,1593518,21541.54,29334.15,15
6,62,126,21,5,126,95,31,187.148,3.895,0.508,7.673,110,580,186,0.692,0.947,0.692,0.947,0,0,90.321,1.052,3.703,38,22.49,0.017,0.5,1047604,15619.83,30857.71,15
6,63,114,19,5,114,56,58,187.132,3.563,0.299,11.905,102,580,186,0.947,0.776,0.947,0.776,0,0,82.52,0.679,5.25,28,14.595,0.017,0.25,943747.1,18433.72,30858.57,15
6,64,114,19,5,114,66,48,187.648,3.524,0.352,10.019,114,580,186,0.776,0.897,0.776,0.897,0,0,78.802,0.838,4.208,69,14.209,0.017,0,1033248,21156.83,33795.27,15
6,65,114,19,5,114,66,48,190.081,3.563,0.347,10.26,113,580,186,0.897,0.593,0.897,0.593,0,0,79.586,0.829,4.296,54,24.873,0.017,0,1173545,30928.74,30406.89,15
6,66,182,31,5,182,103,79,185.832,5.077,0.554,9.159,177,580,186,0.593,0.752,0.593,0.752,0,0,85.22,1.209,4.2,113,15.548,0.017,0,1699020,23080.21,30976.85,15
6,67,114,19,5,114,62,52,191.264,3.413,0.324,10.529,114,580,186,0.752,0.91,0.752,0.91,0,0,85.854,0.722,4.726,37,32.559,0.017,0,1078727,17473.03,33561.29,15
6,68,114,19,5,114,67,47,189.398,3.524,0.354,9.962,98,580,186,0.91,0.838,0.91,0.838,0,0,82.97,0.808,4.364,32,13.026,0.017,0,1070625,16643.33,33661.87,15
7,1,8,3,8.8,8,4,4,45.116,0.406,0.089,4.584,6,6,1,1,1,1,1,0,0,25.366,0.158,2.577,2,7.269,0.017,0,66.732,10.709,112.869,6
7,2,8,3,8.6,8,3,5,70.517,0.415,0.043,9.752,5,6,3,1,0.913,1,0.913,0,0,37.766,0.079,5.223,3,3.064,0.017,0,141.789,22.51,112.869,6
7,3,8,3,8.4,8,4,4,38.633,0.424,0.104,4.092,6,6,5,0.913,0.758,0.913,0.758,0,0,36.183,0.111,3.832,6,3.267,0.017,0,179.524,32.743,167.543,8
7,4,10,4,8.2,10,9,1,32.95,0.521,0.273,1.908,4,6,6,0.758,1,0.758,1,0,0,30.783,0.292,1.783,4,1.087,0.017,0,261.43,41.174,174.123,8
7,5,15,5,8,15,12,3,36.733,0.731,0.327,2.236,12,19,2,1,1,1,1,0,0,23.8,0.504,1.449,6,3.582,0.017,0,405.462,42.16,177.448,8
7,6,12,4,7.8,12,8,4,33.366,0.629,0.24,2.623,8,26,3,1,1,1,1,0,0,25.55,0.313,2.008,6,1.194,0.017,0,349.601,44.592,184.916,8
7,7,13,5,7.6,13,10,3,50.149,0.683,0.199,3.425,5,43,5,1,1,1,1,0,0,39.65,0.252,2.708,5,0.508,0.017,0,506.196,63.309,290.696,10
7,8,15,5,7.4,15,9,6,38.566,0.776,0.233,3.325,10,50,6,1,1,1,1,0,0,28.133,0.32,2.425,8,0.668,0.017,0,720.768,92.277,316.982,10
7,9,24,7,7.2,24,15,9,55.283,0.83,0.271,3.057,8,68,7,1,1,1,1,0,0,37.2,0.403,2.057,8,1.065,0.017,0,976.163,119.584,361.688,10
7,10,17,6,7,17,10,7,44.666,0.884,0.224,3.948,9,108,6,1,1,1,1,0,0,23.833,0.42,2.107,7,1.114,0.017,0,1159.164,166.739,323.825,9
7,11,18,6,6.8,18,7,11,53.666,0.938,0.13,7.194,14,127,7,1,1,1,1,0,0,33.383,0.21,4.475,8,3.938,0.017,0,1611.651,354.061,352.838,10
7,12,20,7,6.6,20,9,11,56.949,1.027,0.158,6.496,18,137,4,1,1,1,1,0,0,40.083,0.225,4.572,7,2.474,0.017,0,2239.255,507.613,425.212,10
7,13,21,7,6.4,21,12,9,54.083,1.081,0.222,4.87,19,137,7,1,1,1,1,0,0,17.65,0.68,1.589,9,5.469,0.017,0,3011.626,726.337,980.282,10
7,14,22,7,6.2,22,13,9,111.126,0.951,0.117,8.129,20,153,8,1,1,1,1,0,0,34,0.382,2.487,9,5.04,0.017,0,2724.203,624.21,917.243,11
7,15,25,7,6,25,14,11,189.115,1.109,0.074,14.976,20,153,10,1,1,1,1,0,0,26.433,0.53,2.093,13,1.806,0.017,0,3697.423,611.962,1213.791,11
7,16,27,7,5.8,27,13,14,188.398,1.23,0.069,17.826,20,164,11,1,1,1,1,0,0,47.883,0.271,4.531,9,3.964,0.017,0,4829.834,1258.965,1316.917,10
7,17,29,7,5.6,29,11,18,191.214,0.931,0.058,16.192,20,215,12,1,1,1,1,0,0,34.316,0.321,2.906,9,5.17,0.017,0,11683.75,5335.641,1489.254,10
7,18,32,7,5.4,32,14,18,191.831,1.224,0.073,16.768,19,215,15,1,1,1,1,0,0,58.633,0.239,5.125,13,1.893,0.017,0,7789.895,547.131,2089.807,12
7,19,35,7,5.2,35,18,17,187.348,1.275,0.096,13.271,17,215,17,1,1,1,1,0,0,45.166,0.399,3.199,10,2.71,0.017,0,29416.76,12352.6,2372.766,12
7,20,39,7,5,39,18,21,186.865,1.232,0.096,12.792,29,237,20,1,1,1,1,0,0,66.133,0.272,4.527,11,13.257,0.017,0,16244.53,858.314,3221.426,12
7,21,53,9,5,53,26,27,191.297,1.45,0.136,10.669,38,237,24,1,0.733,1,0.733,0,0,58.216,0.447,3.247,26,5.693,0.017,0,50837.14,14047.87,3682.388,13
7,22,70,12,5,70,25,45,189.981,2.236,0.132,16.995,62,237,28,0.733,0.975,0.733,0.975,0,0,65.249,0.383,5.837,41,8.594,0.017,0,28695.39,1067.887,4181.123,13
7,23,46,8,5,46,15,31,190.198,1.309,0.079,16.594,36,272,30,0.975,0.734,0.975,0.734,0,0,52.866,0.284,4.612,26,13.694,0.017,0,71514.59,27462.04,5896.757,13
7,24,51,9,5,51,15,36,189.964,1.511,0.079,19.137,46,272,31,0.734,0.751,0.734,0.751,0,0,59.016,0.254,5.945,13,32.626,0.017,0,28235.98,3733.232,5596.111,12
7,25,88,15,5,88,8,80,190.481,2.504,0.042,59.611,87,296,33,0.751,0.728,0.751,0.728,0,0,50.933,0.157,15.939,26,36.062,0.017,0,118246.3,29138.62,6145.775,14
7,26,60,10,5,60,12,48,193.747,1.724,0.062,27.837,56,355,35,0.728,0.709,0.728,0.709,0,0,86.704,0.138,12.458,16,24.419,0.017,0,52179.75,6435.232,6982.758,13
7,27,66,11,5,66,22,44,192.081,1.997,0.115,17.436,60,408,43,0.709,0.942,0.709,0.942,0,0,71.301,0.309,6.472,17,34.144,0.017,0,127242.3,29635.56,9496.244,12
7,28,72,12,5,72,16,56,190.981,2.156,0.084,25.731,71,408,52,0.942,1,0.942,1,0,0,71.617,0.223,9.649,42,28.505,0.017,0,67455.37,10926.09,10230.6,13
7,29,117,20,5,117,29,88,192.214,3.055,0.151,20.248,114,408,68,1,0.702,1,0.702,0,0,72.784,0.398,7.667,40,30.908,0.017,0,216908.9,43530.09,11630.15,12
7,30,77,13,5,77,16,61,190.114,2.282,0.084,27.109,77,489,77,0.702,0.501,0.702,0.501,0,0,60.499,0.264,8.627,46,33.478,0.017,0,110236.9,14742.27,12148.57,13
7,31,77,13,5,77,32,45,193.03,2.282,0.166,13.762,75,489,91,0.501,0.704,0.501,0.704,0,0,66.266,0.483,4.725,37,31.176,0.017,0,180735.4,41090,13767.13,15
7,32,78,13,5,78,33,45,191.447,2.311,0.172,13.408,78,489,104,0.704,0.846,0.704,0.846,0,0,83.737,0.394,5.864,57,26.027,0.017,0,130108.3,22414.32,18435.95,15
7,33,43,8,5,43,18,25,192.464,1.329,0.094,14.213,36,489,114,0.846,0.677,0.846,0.677,0,0,65.483,0.275,4.836,14,30.902,0.017,0,168499.6,61384.23,20017.74,13
7,34,79,14,5,79,40,39,191.764,2.293,0.209,10.994,77,489,130,0.677,0.872,0.677,0.872,0,0,69.334,0.577,3.975,32,37.237,0.017,0,161459.2,22414.32,26891.86,15
7,35,79,14,5,79,50,29,190.914,2.293,0.262,8.756,70,489,154,0.872,0.863,0.872,0.863,0,0,80.253,0.623,3.681,21,22.601,0.017,0,271895.9,61384.23,23539.11,15
7,36,79,14,5,79,55,24,194.813,2.293,0.282,8.123,75,489,176,0.863,0.964,0.863,0.964,0,0,99.623,0.552,4.154,57,19.855,0.017,0,208464,33246.48,25809.08,15
7,37,126,21,5,126,58,68,192.614,3.383,0.301,11.233,103,489,176,0.964,0.649,0.964,0.649,0,0,109.676,0.529,6.396,73,14.619,0.017,0,374568,61384.23,32551.75,16
7,38,79,14,5,79,38,41,190.031,2.293,0.2,11.468,71,489,176,0.649,0.942,0.649,0.942,0,0,90.688,0.419,5.473,27,26.266,0.017,0,216783.2,36795.59,33507.95,15
7,39,91,16,5,91,54,37,190.431,2.538,0.284,8.952,88,489,176,0.942,0.734,0.942,0.734,0,0,107.859,0.501,5.07,33,26.616,0.017,0,244972,41090,36627.17,14
7,40,79,14,5,79,41,38,191.081,2.317,0.215,10.797,79,489,176,0.734,0.385,0.734,0.385,0,0,69.7,0.588,3.938,51,35.39,0.017,0,328186.6,70882.76,35534.08,15
7,41,79,14,5,79,39,40,192.647,2.293,0.202,11.328,78,489,176,0.385,0.682,0.385,0.682,0,0,84.103,0.464,4.945,30,34.494,0.017,0,211242.8,6107.821,35465.75,13
7,42,126,21,5,126,58,68,193.197,3.515,0.3,11.707,120,489,176,0.682,0.822,0.682,0.822,0,0,104.174,0.557,6.313,59,28.656,0.017,0,407934.4,24655.76,35598.41,15
7,43,79,14,5,79,34,45,193.464,2.293,0.176,13.049,79,489,176,0.822,0.851,0.822,0.851,0,0,80.919,0.42,5.458,28,37.725,0.017,0,244381.7,7502.955,38121.5,16
7,44,89,15,5,89,42,47,192.381,2.532,0.218,11.598,87,489,176,0.851,0.793,0.851,0.793,0,0,110.509,0.38,6.662,47,35.011,0.017,0,331156.7,24655.76,38186.76,16
7,45,83,14,5,83,45,38,189.198,2.459,0.238,10.34,83,489,176,0.793,0.838,0.793,0.838,0,0,104.258,0.432,5.698,49,35.143,0.017,0,344117.8,13366,38252.49,16
7,46,126,21,5,126,50,76,190.864,3.481,0.262,13.287,120,489,176,0.838,1,0.838,1,0,0,96.94,0.516,6.748,56,38.353,0.017,0,491441.8,10422.21,38184.16,14
7,47,80,14,5,80,36,44,191.481,2.322,0.188,12.352,74,489,176,1,0.796,1,0.796,0,0,93.222,0.386,6.013,31,26.954,0.017,0,336259.8,10711.1,32510.37,16
7,48,86,15,5,86,58,28,188.781,2.471,0.307,8.044,79,489,176,0.796,0.96,0.796,0.96,0,0,77.002,0.753,3.281,28,45.711,0.017,0,389206.9,15860.32,33360.95,14
7,49,51,9,5,51,38,13,188.448,1.648,0.202,8.172,51,489,176,0.96,1,0.96,1,0,0,77.919,0.488,3.379,24,26.758,0.017,0,258400.7,16265.99,33353.32,14
7,50,98,17,5,98,70,28,190.031,2.934,0.368,7.965,98,489,176,1,0.761,1,0.761,0,0,75.802,0.923,3.177,48,31.056,0.017,0,613773.1,27063.37,24437.96,15
7,51,104,18,5,104,79,25,192.164,2.989,0.411,7.269,104,564,181,0.761,0.914,0.761,0.914,0,0,68.283,1.157,2.583,68,18.942,0.017,0,572242.6,12655.96,24691.02,14
7,52,112,19,5,112,82,30,192.231,3.284,0.427,7.7,111,564,201,0.914,0.855,0.914,0.855,0,0,71.918,1.14,2.881,72,18.913,0.017,0,612567.5,9990.937,25149.28,16
7,53,118,20,5,118,91,27,188.415,3.357,0.483,6.951,114,564,210,0.855,0.981,0.855,0.981,0,0,92.855,0.98,3.426,47,20.514,0.017,0,699400.3,14696.7,25819.63,17
7,54,131,22,5,131,100,31,191.631,3.803,0.522,7.287,127,564,210,0.981,0.967,0.981,0.967,0,0,110.709,0.903,4.21,45,20.276,0.017,0,789167,15054.22,26012.7,16
7,55,197,33,5,197,147,50,189.431,5.39,0.776,6.946,192,564,210,0.967,0.797,0.967,0.797,0,0,93.839,1.567,3.441,85,35.929,0.017,0,1290912,19268.95,27858.43,17
7,56,121,21,5,121,77,44,189.031,3.7,0.407,9.084,121,564,210,0.797,0.793,0.797,0.793,0,0,70.567,1.091,3.391,42,37.729,0.017,0,776923.5,23258.08,28294.17,15
7,57,134,23,5,134,96,38,190.448,4.055,0.504,8.043,115,564,210,0.793,0.875,0.793,0.875,0,0,86.687,1.107,3.661,75,23.874,0.017,0,848617.8,14360.05,28294.17,15
7,58,73,13,5,73,53,20,187.582,2.163,0.283,7.655,72,564,210,0.875,1,0.875,1,0,0,83.32,0.636,3.4,24,33.721,0.017,0,487353.2,14360.05,28556.82,14
7,59,132,22,5,132,87,45,191.381,4.037,0.455,8.88,126,564,210,1,0.882,1,0.882,0,0,88.054,0.988,4.086,81,24.695,0.017,0,859876.5,11968.84,28921.96,16
7,60,136,23,5,136,105,31,190.414,4.115,0.551,7.462,129,564,210,0.882,0.69,0.882,0.69,0,0,79.886,1.314,3.131,30,31.439,0.017,0,1126630,23883.51,30115.57,16
7,61,132,22,5,132,86,46,191.797,4.037,0.448,9.003,131,564,210,0.69,0.926,0.69,0.926,0,0,75.068,1.146,3.524,51,32.801,0.017,0,1013244,13878.69,30578.88,16
7,62,132,22,5,132,71,61,188.848,3.994,0.376,10.623,124,564,210,0.926,0.909,0.926,0.909,0,0,80.036,0.887,4.502,40,52.342,0.017,0,987350.9,14189.69,30647.21,18
7,63,132,22,5,132,83,49,191.781,4.037,0.433,9.327,132,564,210,0.909,0.797,0.909,0.797,0,0,75.435,1.1,3.669,61,28.656,0.017,0,1066147,20874.69,30948.14,17
7,64,132,22,5,132,90,42,189.964,3.793,0.474,8.006,130,564,210,0.797,0.763,0.797,0.763,0,0,72.968,1.233,3.075,60,36.578,0.017,0,1094622,17518.69,38948.59,15
7,65,132,22,5,132,90,42,185.982,4.037,0.484,8.342,132,564,210,0.763,0.887,0.763,0.887,0,0,79.352,1.134,3.559,56,26.102,0.017,0,1231800,24290.56,32771.18,15
7,66,132,22,5,132,90,42,186.332,4.037,0.483,8.357,126,564,210,0.887,0.964,0.887,0.964,0,0,75.518,1.192,3.387,26,34.374,0.017,0,1099124,20002.86,33188.1,18
8,1,8,3,8.8,8,5,3,35.316,0.406,0.142,2.871,6,6,1,1,0.896,1,0.896,0,0,28.083,0.178,2.283,4,7.809,0.017,0,79.439,13.596,112.869,6
8,2,8,3,8.6,8,4,4,117.461,0.415,0.034,12.183,5,6,2,0.896,0.905,0.896,0.905,0,0,29.8,0.134,3.091,3,5.977,0.017,0,119.445,21.658,112.869,6
8,3,8,3,8.4,8,4,4,54.883,0.424,0.073,5.813,8,107,2,0.905,1,0.905,1,0,0,31.283,0.128,3.313,4,2.36,0.017,0,160.868,40.003,328.13,7
8,4,10,4,8.2,10,8,2,34.95,0.541,0.229,2.361,8,50,3,1,1,1,1,0,0,16.05,0.498,1.084,5,8.392,0.017,0,256.607,39.86,356.666,7
8,5,16,6,8,16,4,12,190.764,0.766,0.021,36.539,11,66,1,1,1,1,1,0,0,19.2,0.208,3.678,9,1.161,0.017,0,422.346,43.755,379.596,8
8,6,22,7,7.8,22,7,15,186.765,0.733,0.037,19.544,16,82,3,1,1,1,1,0,0,33.7,0.208,3.527,10,6.014,0.017,0,763.715,84.739,436.449,9
8,7,17,6,7.6,17,10,7,186.265,0.832,0.054,15.497,15,82,4,1,1,1,1,0,0,30.066,0.333,2.501,12,1.868,0.017,0,753.663,82.999,477.194,9
8,8,18,6,7.4,18,11,7,41.616,0.883,0.264,3.341,13,82,5,1,1,1,1,0,0,30.583,0.36,2.455,11,2.556,0.017,0,1018.169,96.83,519.766,9
8,9,18,6,7.2,18,10,8,50.749,0.901,0.197,4.571,15,122,6,1,1,1,1,0,0,25.516,0.392,2.298,11,0.978,0.017,0,1109.214,113.692,586.498,9
8,10,21,7,7,21,9,12,185.216,1.132,0.049,23.298,20,138,4,1,1,1,1,0,0,18.867,0.477,2.373,7,1.804,0.017,0,1450.599,141.793,595.428,8
8,11,34,7,6.8,34,9,25,180.667,1.071,0.05,21.497,30,138,6,1,1,1,1,0,0,46.966,0.192,5.588,10,7.506,0.017,0,2860.673,183.514,793.243,10
8,12,23,7,6.6,23,13,10,188.531,0.906,0.069,13.132,18,161,6,1,1,1,1,0,0,49.799,0.261,3.469,12,19.099,0.017,0,3353.418,628.157,1066.006,10
8,13,24,7,6.4,24,14,10,185.749,0.928,0.075,12.318,15,185,7,1,1,1,1,0,0,40.25,0.348,2.669,10,2.878,0.017,0,2614.161,337.505,1191.612,10
8,14,26,7,6.2,26,11,15,186.532,1.123,0.059,19.045,26,185,9,1,1,1,1,0,0,47.349,0.232,4.834,13,2.555,0.017,0,3781.242,336.963,1319.953,10
8,15,31,7,6,31,17,14,184.299,1.011,0.092,10.965,20,185,11,1,0.912,1,0.912,0,0,46.466,0.366,2.765,11,11.06,0.017,0,7430.462,998.781,1519.807,9
8,16,30,7,5.8,30,15,15,82.67,0.993,0.181,5.475,19,205,5,0.912,0.893,0.912,0.893,0,0,38.433,0.39,2.545,9,13.565,0.017,0,9556.03,904.186,1603.059,9
8,17,32,7,5.6,32,8,24,130.829,1.102,0.061,18.014,27,229,8,0.893,0.76,0.893,0.76,0,0,60.633,0.132,8.349,8,8.679,0.017,0,15401.28,4953.37,1861.053,11
8,18,34,7,5.4,34,15,19,193.697,1.12,0.077,14.466,26,248,9,0.76,0.821,0.76,0.821,0,0,51.666,0.29,3.859,14,11.612,0.017,0,15570.66,1843.932,2494.064,10
8,19,37,7,5.2,37,18,19,182.433,1.004,0.099,10.177,24,269,12,0.821,1,0.821,1,0,0,38.583,0.467,2.152,14,10.01,0.017,0,19994.93,6328.19,3789.521,11
8,20,40,7,5,40,17,23,187.498,1.21,0.091,13.349,29,269,16,1,0.86,1,0.86,0,0,39.816,0.427,2.835,12,11.48,0.017,0,22994.13,3508.942,3437.921,11
8,21,69,12,5,69,42,27,130.412,1.693,0.322,5.258,41,269,21,0.86,0.921,0.86,0.921,0,0,81.536,0.515,3.287,27,8.603,0.017,0,33763.29,1217.627,4674.644,11
8,22,44,8,5,44,25,19,104.825,1.252,0.238,5.249,25,290,24,0.921,0.848,0.921,0.848,0,0,63.249,0.395,3.167,13,10.454,0.017,0,29632.85,4258.039,5381.702,11
8,23,47,8,5,47,21,26,184.866,1.262,0.114,11.107,36,290,31,0.848,0.817,0.848,0.817,0,0,70.617,0.297,4.243,18,8.346,0.017,0,50483.29,15031.98,5864.138,11
8,24,52,9,5,52,25,27,186.249,1.396,0.134,10.4,33,313,33,0.817,1,0.817,1,0,0,83.97,0.298,4.689,12,9.228,0.017,0,40327.11,5790.884,6793.813,13
8,25,90,15,5,90,36,54,190.364,2.535,0.189,13.406,79,324,41,1,0.511,1,0.511,0,0,75.118,0.479,5.29,29,12.94,0.017,0,74119.27,15322.35,6469.251,13
8,26,61,11,5,61,18,43,192.514,1.753,0.093,18.748,52,411,45,0.511,0.729,0.511,0.729,0,0,81.103,0.222,7.898,25,12.212,0.017,0,71114.7,16112.04,6813.302,13
8,27,68,12,5,68,27,41,147.208,1.843,0.183,10.047,58,487,54,0.729,0.77,0.729,0.77,0,0,86.954,0.311,5.935,34,13.543,0.017,0,84377.32,18634.22,9239.614,12
8,28,74,13,5,74,31,43,189.248,2.105,0.164,12.852,62,487,65,0.77,0.692,0.77,0.692,0,0,112.41,0.276,7.634,17,14.927,0.017,0,103927.4,17690.73,10360,12
8,29,75,13,5,75,34,41,188.848,2.013,0.18,11.183,61,487,73,0.692,0.874,0.692,0.874,0,0,79.653,0.427,4.717,35,10.62,0.017,0,100511.1,16822.06,12695,12
8,30,76,13,5,76,37,39,186.265,2.252,0.199,11.336,68,487,91,0.874,0.815,0.874,0.815,0,0,74.852,0.494,4.556,37,9.783,0.017,0,141297.6,24224.48,15349.57,14
8,31,77,13,5,77,40,37,187.082,2.029,0.214,9.49,63,487,105,0.815,0.884,0.815,0.884,0,0,91.322,0.438,4.632,41,12.022,0.017,0,146324.3,28361.32,17564.53,13
8,32,78,13,5,78,43,35,188.032,2.155,0.229,9.422,66,487,121,0.884,0.759,0.884,0.759,0,0,87.888,0.489,4.404,46,14.257,0.017,0,167858.1,26897.19,19542.12,13
8,33,79,14,5,79,63,16,124.846,2.026,0.505,4.014,53,487,145,0.759,0.991,0.759,0.991,0,0,80.719,0.78,2.595,38,6.143,0.017,0,236247.8,53639.49,23476.75,13
8,34,79,14,5,79,52,27,184.649,2.026,0.282,7.193,57,487,160,0.991,0.897,0.991,0.897,0,0,103.474,0.503,4.031,39,9.061,0.017,0,180511.8,24893.03,32913.84,13
8,35,79,14,5,79,60,19,118.694,2.293,0.506,4.536,72,487,182,0.897,0.898,0.897,0.898,0,0,84.187,0.713,3.218,48,7.878,0.017,0,282427.5,55140.59,30405.64,13
8,36,78,13,5,78,49,29,187.782,2.055,0.261,7.877,60,487,182,0.898,1,0.898,1,0,0,98.64,0.497,4.138,25,16.374,0.017,0,203089.3,29138.62,32837.28,13
8,37,79,14,5,79,57,22,182.883,2.204,0.312,7.07,64,487,182,1,1,1,1,0,0,91.872,0.62,3.552,43,12.287,0.017,0,178920.4,7218.334,34687.52,13
8,38,78,13,5,78,63,15,119.828,2.055,0.526,3.909,59,487,182,1,0.949,1,0.949,0,0,83.52,0.754,2.725,36,7.21,0.017,0,236817.5,13974.82,35956.51,13
8,39,78,13,5,78,58,20,172.569,2.055,0.336,6.115,65,487,182,0.949,1,0.949,1,0,0,102.357,0.567,3.627,16,18.922,0.017,0,194547.1,6080.292,37257.36,13
8,40,81,14,5,81,54,27,186.582,2.351,0.289,8.124,77,487,182,1,0.874,1,0.874,0,0,88.788,0.608,3.866,43,9.108,0.017,0,249058,9190.455,38624.71,14
8,41,78,13,5,78,49,29,187.015,2.055,0.262,7.845,65,487,182,0.874,0.76,0.874,0.76,0,0,108.142,0.453,4.536,29,16.562,0.017,0,235806.3,6445.302,38624.71,14
8,42,79,14,5,79,44,35,187.682,2.293,0.234,9.782,75,487,182,0.76,0.851,0.76,0.851,0,0,91.138,0.483,4.75,49,13.643,0.017,0,255788.8,8621.296,39858.78,13
8,43,43,8,5,43,25,18,182.583,1.315,0.137,9.604,41,487,182,0.851,1,0.851,1,0,0,70.617,0.354,3.714,16,15.126,0.017,0,207852.9,59735.63,40162.21,13
8,44,79,14,5,79,50,29,185.865,2.293,0.269,8.525,76,487,182,1,0.87,1,0.87,0,0,76.919,0.65,3.528,39,16.28,0.017,0,306467.3,20055.15,44460.11,13
8,45,79,14,5,79,42,37,186.149,2.293,0.226,10.164,78,487,182,0.87,0.874,0.87,0.874,0,0,79.286,0.53,4.329,39,19.858,0.017,0,366510.9,17341.82,40790.07,14
8,46,126,21,5,126,48,78,190.398,3.415,0.252,13.545,123,487,182,0.874,0.851,0.874,0.851,0,0,106.525,0.451,7.578,64,16.857,0.017,0,606118.6,10645.13,40809.78,14
8,47,80,14,5,80,48,32,186.899,2.322,0.257,9.042,76,487,182,0.851,0.91,0.851,0.91,0,0,118.011,0.407,5.709,61,15.613,0.017,0,373701.3,19714.49,34778.85,13
8,48,80,14,5,80,64,16,187.632,2.322,0.341,6.808,78,487,182,0.91,1,0.91,1,0,0,71.868,0.891,2.608,35,17.184,0.017,0,413255.3,11357.91,37153.44,14
8,49,85,15,5,85,55,30,187.198,2.418,0.294,8.231,68,505,183,1,1,1,1,0,0,67.55,0.814,2.97,25,18.159,0.017,0,444024.6,11215.25,37701.76,13
8,50,50,9,5,50,25,25,179.984,1.616,0.139,11.631,49,527,188,1,1,1,1,0,0,73.418,0.341,4.744,30,10.128,0.017,0,351817.4,16657.87,32209.77,14
8,51,97,17,5,97,63,34,188.698,2.706,0.334,8.104,85,571,186,1,1,1,1,0,0,72.201,0.873,3.101,39,22.97,0.017,0,560503.3,16326.9,27876.34,15
8,52,104,18,5,104,69,35,188.148,2.989,0.367,8.149,90,571,208,1,1,1,1,0,0,94.056,0.734,4.074,29,18.039,0.017,0,708002.7,26552.51,27329.7,15
8,53,109,19,5,109,80,29,187.282,3.164,0.427,7.407,98,571,212,1,0.952,1,0.952,0,0,87.821,0.911,3.473,30,19.807,0.017,0,743770.4,25407.52,27407.33,14
8,54,110,19,5,110,79,31,188.032,3.099,0.42,7.375,92,571,212,0.952,0.961,0.952,0.961,0,0,97.423,0.811,3.821,38,15.413,0.017,0,735819.8,27946.77,27743.69,16
8,55,111,19,5,111,90,21,186.699,3.395,0.482,7.042,110,571,212,0.961,0.85,0.961,0.85,0,0,80.936,1.112,3.053,74,11.599,0.017,0,811021.5,18093.64,29020.54,15
8,56,112,19,5,112,81,31,189.148,3.186,0.428,7.441,97,571,212,0.85,0.748,0.85,0.748,0,0,85.62,0.946,3.368,53,20.635,0.017,0,966482.8,70827.95,27541.78,14
8,57,113,19,5,113,89,24,187.148,3.314,0.476,6.968,99,571,212,0.748,0.997,0.748,0.997,0,0,96.489,0.922,3.593,40,12.958,0.017,0,817127.7,14618.03,27921.64,14
8,58,114,19,5,114,96,18,185.516,3.06,0.517,5.914,110,571,212,0.997,0.942,0.997,0.942,0,0,91.138,1.053,2.905,44,17.468,0.017,0,891408.6,17950.06,27953.42,15
8,59,114,19,5,114,94,20,188.498,3.032,0.499,6.08,93,571,212,0.942,1,0.942,1,0,0,70.934,1.325,2.288,27,23.141,0.017,0,859879.5,14961.05,26404.2,15
8,60,182,31,5,182,93,89,186.332,5.077,0.499,10.172,181,571,212,1,0.495,1,0.495,0,0,89.671,1.037,4.895,83,21.267,0.017,0,1647224,25268.87,29745.63,14
8,61,114,19,5,114,80,34,188.615,3.343,0.424,7.882,99,571,212,0.495,0.876,0.495,0.876,0,0,101.774,0.786,4.253,32,15.02,0.017,0,929936.4,21132.38,30302.39,16
8,62,114,19,5,114,75,39,188.798,3.309,0.397,8.33,113,571,212,0.876,0.732,0.876,0.732,0,0,91.322,0.821,4.029,76,20.082,0.017,0,969060.2,23080.21,30238.85,14
8,63,114,19,5,114,76,38,187.315,3.343,0.406,8.24,113,571,212,0.732,0.923,0.732,0.923,0,0,73.751,1.03,3.244,60,17.998,0.017,0,1002927,34986.7,31698.3,14
8,64,114,19,5,114,83,31,186.315,3.149,0.445,7.069,112,571,212,0.923,0.783,0.923,0.783,0,0,102.207,0.812,3.878,44,11.35,0.017,0,1017791,16372.72,34274.6,16
8,65,114,19,5,114,93,21,187.832,3.563,0.495,7.195,112,571,212,0.783,0.559,0.783,0.559,0,0,76.985,1.208,2.949,45,10.18,0.017,0,1249112,31426.13,32660.95,14
9,1,8,3,8.8,8,5,3,68.167,0.406,0.073,5.541,6,10,1,1,0.884,1,0.884,0,0,20.95,0.239,1.703,3,9.287,0.017,0,73.881,10.709,112.869,6
9,2,8,3,8.6,8,5,3,35.816,0.415,0.14,2.972,6,10,3,0.884,0.508,0.884,0.508,0,0,25.6,0.195,2.124,5,3.031,0.017,0,148.265,28.056,112.869,6
9,3,8,3,8.4,8,6,2,34.9,0.424,0.172,2.464,7,10,5,0.508,0.4,0.508,0.4,0,1,31.716,0.189,2.239,7,1.99,0.017,1,135.91,25.795,168.565,8
9,4,16,6,8.2,16,13,3,39.966,0.752,0.325,2.311,12,24,5,0.4,0.425,0.4,0.425,0,1,31.3,0.415,1.81,12,4.797,0.017,2,416.778,52.462,194.482,8
9,5,11,4,8,11,7,4,37.45,0.632,0.187,3.382,8,31,7,0.425,0.635,0.425,0.635,0,0,29.9,0.234,2.7,6,4.173,0.017,1.75,241.696,37.712,181.182,7
9,6,12,4,7.8,12,8,4,39.333,0.706,0.203,3.471,11,42,8,0.635,0.49,0.635,0.49,0,0,29,0.276,2.559,7,3.953,0.017,1.5,383.761,63.809,199.565,8
9,7,14,5,7.6,14,10,4,54.416,0.763,0.184,4.152,14,62,5,0.49,0.386,0.49,0.386,0,1,31.216,0.32,2.382,10,6.952,0.017,2.5,498.354,74.812,208.977,8
9,8,24,7,7.4,24,13,11,60.999,0.897,0.213,4.21,24,85,7,0.386,0.702,0.386,0.702,0,0,35.85,0.363,2.474,12,8.963,0.017,2.25,843.425,88.136,559.968,9
9,9,17,6,7.2,17,9,8,123.995,0.932,0.073,12.834,17,103,8,0.702,0.927,0.702,0.927,0,0,46.116,0.195,4.773,10,11.902,0.017,2,772.8,97.745,689.299,9
9,10,18,6,7,18,0,18,185.266,1.008,0,-1,18,128,9,0.927,0.684,0.927,0.684,0,0,28.083,0,-1,18,2.725,0.017,1.75,1266.53,145.411,587.166,10
9,11,20,7,6.8,20,8,12,57.433,1.124,0.139,8.066,19,128,10,0.684,0.944,0.684,0.944,0,0,32.966,0.243,4.63,15,5.492,0.017,1.5,1516.27,189.494,647.175,9
9,12,27,7,6.6,27,7,20,73.868,1.063,0.095,11.217,23,145,3,0.944,0.764,0.944,0.764,0,0,35.383,0.198,5.373,10,6.818,0.017,1.25,3235.048,288.363,759.444,8
9,13,22,7,6.4,22,5,17,185.366,0.914,0.027,33.866,20,166,5,0.764,0.955,0.764,0.955,0,0,55.749,0.09,10.185,7,7.803,0.017,1,2814.467,584.641,976.934,9
9,14,14,5,6.2,14,5,9,58.483,0.9,0.085,10.531,13,166,7,0.955,0.819,0.955,0.819,0,0,18.717,0.267,3.37,8,4.46,0.017,0.75,4262.821,1418.95,1183.113,9
9,15,28,7,6,28,13,15,99.123,1.242,0.131,9.468,23,166,11,0.819,0.991,0.819,0.991,0,0,34.516,0.377,3.297,12,7.315,0.017,0.5,8102.435,1239.453,1459.625,10
9,16,30,7,5.8,30,14,16,188.132,1.081,0.074,14.528,26,207,13,0.991,0.858,0.991,0.858,0,0,48.883,0.286,3.775,16,11.816,0.017,0.25,10760.41,2058.228,2126.878,9
9,17,32,7,5.6,32,8,24,186.182,1.102,0.043,25.636,31,248,14,0.858,0.762,0.858,0.762,0,0,34.966,0.229,4.815,18,12.43,0.017,0,18226.72,5397.099,2408.104,10
9,18,34,7,5.4,34,13,21,75.735,1.3,0.172,7.575,34,248,19,0.762,1,0.762,1,0,0,36.816,0.353,3.682,16,10.752,0.017,0,13385.19,695.206,2683.844,10
9,19,37,7,5.2,37,23,14,188.565,1.211,0.122,9.929,29,248,26,1,0.931,1,0.931,0,0,63.383,0.363,3.338,20,6.467,0.017,0,30159.98,8999.873,4843.736,10
9,20,40,7,5,40,33,7,65.216,1.354,0.506,2.675,39,248,30,0.931,1,0.931,1,0,0,34.983,0.943,1.435,30,4.808,0.017,0,16973.98,1423.876,4734.82,10
9,21,43,8,5,43,24,19,181.35,1.188,0.132,8.976,28,271,29,1,0.704,1,0.704,0,0,61.683,0.389,3.053,11,10.745,0.017,0,32629.01,7491.583,5624.814,11
9,22,44,8,5,44,28,16,143.093,1.346,0.196,6.877,35,271,39,0.704,1,0.704,1,0,0,73.251,0.382,3.52,15,8.18,0.017,0,22320.06,1106.934,7529.927,11
9,23,55,10,5,55,23,32,169.719,1.613,0.136,11.902,41,290,37,1,0.726,1,0.726,0,0,70.017,0.328,4.91,14,9.313,0.017,0,52202.65,10784.88,8360.596,11
9,24,52,9,5,52,30,22,194.997,1.541,0.154,10.015,42,290,48,0.726,0.926,0.726,0.926,0,0,88.371,0.339,4.539,26,10.746,0.017,0,28685.96,1813.358,10200.54,11
9,25,56,10,5,56,21,35,189.331,1.75,0.111,15.778,52,329,61,0.926,0.807,0.926,0.807,0,0,83.837,0.25,6.986,24,14.264,0.017,0,63689.2,15957.07,9399.162,14
9,26,34,7,5,34,13,21,185.882,1.276,0.07,18.242,28,387,62,0.807,1,0.807,1,0,0,90.355,0.144,8.867,18,10.043,0.017,0,24838.6,1387.462,10570.87,14
9,27,67,12,5,67,20,47,188.015,1.985,0.106,18.662,61,466,51,1,1,1,1,0,0,87.254,0.229,8.661,15,16.512,0.017,0,65279.05,10784.88,11514.06,11
9,28,73,13,5,73,16,57,192.114,2.163,0.083,25.971,65,491,59,1,1,1,1,0,0,72.718,0.22,9.83,17,16.533,0.017,0,69190.8,3096.343,14925.72,14
9,29,87,15,5,87,34,53,194.363,2.451,0.175,14.01,69,491,70,1,0.802,1,0.802,0,0,84.537,0.402,6.093,22,17.621,0.017,0,109847.6,15957.07,21311.89,14
9,30,42,7,5,42,19,23,194.513,1.421,0.098,14.551,32,491,94,0.802,1,0.802,1,0,0,64.633,0.294,4.835,12,12.96,0.017,0,75282.93,7622.32,20215.09,14
9,31,77,13,5,77,48,29,193.38,2.213,0.248,8.914,42,491,108,1,1,1,1,0,0,73.735,0.651,3.399,28,1.449,0.017,0,119034.8,15957.07,21011.98,15
9,32,78,13,5,78,34,44,187.248,2.311,0.182,12.728,60,491,120,1,1,1,1,0,0,93.305,0.364,6.342,20,16.656,0.017,0,120160.6,12058.65,28171.46,14
9,33,79,14,5,79,36,43,191.664,2.293,0.188,12.209,64,491,133,1,1,1,1,0,0,104.891,0.343,6.682,34,13.275,0.017,0,133229.5,15053.06,31009.68,15
9,34,91,16,5,91,26,65,192.214,2.538,0.135,18.766,83,491,141,1,1,1,1,0,0,100.94,0.258,9.855,21,11.404,0.017,0,155628.2,23234.83,33884.65,15
9,35,82,14,5,82,43,39,188.615,2.38,0.228,10.441,73,491,141,1,1,1,1,0,0,108.142,0.398,5.986,29,13.026,0.017,0,223047.9,38535.08,36156.87,15
9,36,79,14,5,79,25,54,192.547,2.293,0.13,17.662,77,491,141,1,1,1,1,0,0,101.841,0.245,9.342,28,15.382,0.017,0,139051.9,6710.122,38302.04,14
9,37,79,14,5,79,34,45,189.281,2.293,0.18,12.766,72,491,141,1,1,1,1,0,0,118.861,0.286,8.017,41,8.787,0.017,0,224104.9,45950.49,38912.49,14
9,38,79,14,5,79,31,48,189.481,2.293,0.164,14.017,76,491,141,1,1,1,1,0,0,106.958,0.29,7.912,37,7.284,0.017,0,235760.4,31607.7,40811.94,15
9,39,79,14,5,79,31,48,192.547,2.026,0.161,12.582,72,491,141,1,1,1,1,0,0,114.077,0.272,7.454,46,11.422,0.017,0,182267.9,6333.985,41916.91,14
9,40,82,14,5,82,31,51,190.248,2.455,0.163,15.067,81,491,141,1,1,1,1,0,0,141.026,0.22,11.169,38,16.188,0.017,0,266554.4,31607.7,42680.54,14
9,41,79,14,5,79,28,51,190.281,2.293,0.147,15.584,74,491,141,1,1,1,1,0,0,106.675,0.262,8.737,33,12.85,0.017,0,225705.8,21822.99,42676.45,14
9,42,79,14,5,79,31,48,189.365,2.293,0.164,14.008,71,491,141,1,1,1,1,0,0,105.875,0.293,7.832,27,11.712,0.017,0,274833,47218.64,43323.93,15
9,43,79,14,5,79,29,50,194.83,2.293,0.149,15.406,78,491,141,1,1,1,1,0,0,88.638,0.327,7.009,30,11.99,0.017,0,258850.8,24074.69,43388.7,14
9,44,79,14,5,79,49,30,191.214,2.293,0.256,8.949,70,491,141,1,1,1,1,0,0,86.537,0.566,4.05,43,6.431,0.017,0,288068,31607.7,44934.67,13
9,45,91,16,5,91,38,53,192.014,2.725,0.198,13.767,90,491,141,1,1,1,1,0,0,98.49,0.386,7.062,38,14.497,0.017,0,435197.8,58763.57,42298.1,13
9,46,79,14,5,79,34,45,190.964,2.341,0.178,13.147,74,491,141,1,1,1,1,0,0,115.21,0.295,7.932,46,10.698,0.017,0,347474.5,47218.64,42436.47,15
9,47,92,16,5,92,34,58,189.265,2.644,0.18,14.716,89,491,141,1,1,1,1,0,0,123.662,0.275,9.615,42,12.856,0.017,0,353510.3,9737.361,36800.33,16
9,48,128,22,5,128,64,64,191.114,3.716,0.335,11.095,112,491,141,1,1,1,1,0,0,92.155,0.694,5.35,90,10.07,0.017,0,538050.2,31607.7,38771.13,14
9,49,85,15,5,85,53,32,186.682,1.968,0.284,6.931,52,536,142,1,1,1,1,0,0,62.183,0.852,2.309,28,7.03,0.017,0,378437.2,14787.27,37955.8,13
9,50,92,16,5,92,57,35,185.499,2.566,0.307,8.352,73,536,145,1,1,1,1,0,0,67.933,0.839,3.059,24,21.099,0.017,0,472437.1,13187.01,32757.02,14
9,51,155,26,5,155,88,67,188.248,4.241,0.467,9.072,147,575,143,1,1,1,1,0,0,94.039,0.936,4.532,38,18.628,0.017,0,702695.5,10546.63,27241.05,17
9,52,104,18,5,104,71,33,189.415,3.019,0.375,8.054,82,575,167,1,1,1,1,0,0,89.071,0.797,3.787,26,19.287,0.017,0,497280.6,8325.781,27512.65,16
9,53,109,19,5,109,70,39,190.581,3.07,0.367,8.36,89,575,171,1,1,1,1,0,0,84.887,0.825,3.723,19,19.53,0.017,0,554711.4,11387.98,27537.02,15
9,54,110,19,5,110,67,43,190.298,2.723,0.352,7.733,72,575,171,1,1,1,1,0,0,80.986,0.827,3.291,22,12.235,0.017,0,553592,12545.18,27380.6,14
9,55,184,31,5,184,94,90,193.364,5.133,0.486,10.558,165,575,171,1,1,1,1,0,0,103.908,0.905,5.674,89,23.992,0.017,0,1024378,18371.93,28430.99,15
9,56,124,21,5,124,76,48,190.198,3.493,0.4,8.742,97,575,171,1,1,1,1,0,0,117.077,0.649,5.381,51,16.06,0.017,0,754094.2,15497.08,29297.77,16
9,57,113,19,5,113,66,47,192.73,3.348,0.342,9.777,99,575,171,1,1,1,1,0,0,107.992,0.611,5.478,26,17.79,0.017,0,662794.1,14466.9,29939.57,14
9,58,114,19,5,114,63,51,193.647,3.211,0.325,9.871,94,575,171,1,1,1,1,0,0,82.453,0.764,4.203,31,15.922,0.017,0,696680.1,13163.38,29858.71,17
9,59,182,31,5,182,105,77,190.764,4.886,0.55,8.877,161,575,171,1,1,1,1,0,0,101.874,1.031,4.74,85,19.973,0.017,0,1106868,13487.57,33041.48,16
9,60,114,19,5,114,70,44,190.181,3.211,0.368,8.725,98,575,171,1,1,1,1,0,0,124.579,0.562,5.715,22,20.183,0.017,0,794471.7,18530.51,31784.82,15
9,61,114,19,5,114,60,54,191.447,3.413,0.313,10.891,99,575,171,1,1,1,1,0,0,88.471,0.678,5.033,25,24.704,0.017,0,704689.8,10971.44,31927.4,16
9,62,114,19,5,114,66,48,193.114,2.872,0.342,8.402,95,575,171,1,1,1,1,0,0,92.922,0.71,4.043,32,13.366,0.017,0,735020.3,15848.31,32751.06,16
9,63,114,19,5,114,59,55,186.715,1.806,0.316,5.715,61,575,171,1,1,1,1,0,0,62.516,0.944,1.913,51,10.865,0.017,0,735584.4,16203.45,31841.84,13
9,64,114,19,5,114,74,40,190.281,3.119,0.389,8.02,103,575,171,1,1,1,1,0,0,96.773,0.765,4.079,37,22.158,0.017,0,801905.3,12541.69,36358.3,16
9,65,126,21,5,126,68,58,189.914,3.695,0.358,10.32,116,575,171,1,1,1,1,0,0,86.571,0.785,4.704,57,16.523,0.017,0,1001992,21604.25,30820.48,16
9,66,114,19,5,114,70,44,191.031,3.343,0.366,9.123,93,575,171,1,1,1,1,0,0,128.03,0.547,6.115,42,13.421,0.017,0,893530.6,16925.47,32196.5,16
9,67,126,21,5,126,75,51,188.032,3.621,0.399,9.077,116,575,171,1,1,1,1,0,0,114.943,0.652,5.549,29,22.611,0.017,0,978099.2,14839.42,32669.4,15
9,68,114,19,5,114,61,53,190.114,3.18,0.321,9.911,99,575,171,1,1,1,1,0,0,104.241,0.585,5.434,48,19.493,0.017,0,924150.9,14581.09,32313.81,16
10,1,8,3,8.8,8,3,5,79.052,0.406,0.038,10.71,6,7,1,1,1,1,1,0,0,32.2,0.093,4.362,4,13.702,0.017,0,77.24,10.709,112.869,6
10,2,8,3,8.6,8,3,5,33.916,0.415,0.088,4.69,4,7,3,1,0.949,1,0.949,0,0,28.016,0.107,3.874,4,2.367,0.017,0,197.988,40.4,112.869,6
10,3,8,3,8.4,8,7,1,31.683,0.424,0.221,1.918,5,7,5,0.949,0.902,0.949,0.902,0,0,30.233,0.232,1.83,5,0.925,0.017,0,190.381,30.587,186.951,8
10,4,10,4,8.2,10,8,2,33.55,0.521,0.238,2.186,7,15,2,0.902,1,0.902,1,0,0,25.133,0.318,1.638,5,4.987,0.017,0,241.941,52.967,186.908,7
10,5,15,5,8,15,13,2,37.333,0.731,0.348,2.098,8,15,3,1,1,1,1,0,0,25.883,0.502,1.454,7,3.712,0.017,0,402.474,42.182,190.928,7
10,6,12,4,7.8,12,6,6,30.383,0.706,0.197,3.574,11,37,4,1,1,1,1,0,0,19.033,0.315,2.239,5,6.74,0.017,0,330.342,42.431,211.026,8
10,7,14,5,7.6,14,9,5,46.199,0.763,0.195,3.916,13,71,4,1,1,1,1,0,0,25.5,0.353,2.162,5,7.332,0.017,0,413.267,46.569,240.313,9
10,8,15,5,7.4,15,9,6,181.966,0.836,0.049,16.896,13,87,4,1,1,1,1,0,0,49.849,0.181,4.629,9,11.301,0.017,0,769.44,117.088,256.109,9
10,9,16,6,7.2,16,2,14,44.583,0.877,0.045,19.543,15,108,5,1,1,1,1,0,0,30.65,0.065,13.436,10,7.972,0.017,0,605.1,63.369,303.719,9
10,10,18,6,7,18,14,4,59.633,1.008,0.235,4.295,18,134,6,1,0.958,1,0.958,0,0,37.75,0.371,2.719,12,16.437,0.017,0,1392.537,148.899,283.481,9
10,11,19,7,6.8,19,14,5,57.349,0.973,0.244,3.985,12,145,1,0.958,1,0.958,1,0,0,26.283,0.533,1.826,7,0.401,0.017,0,1136.019,135.78,292.727,9
10,12,20,7,6.6,20,13,7,53.433,1.027,0.243,4.219,8,169,3,1,1,1,1,0,0,18.967,0.685,1.498,7,4.388,0.017,0,1155.448,123.899,408.848,10
10,13,21,7,6.4,21,12,9,55.699,1.081,0.215,5.016,18,169,4,1,1,1,1,0,0,21.733,0.552,1.957,7,4.048,0.017,0,1955.343,259.856,439.174,10
10,14,28,7,6.2,28,11,17,189.348,1.109,0.058,19.088,24,185,5,1,1,1,1,0,0,45.699,0.241,4.607,8,3.13,0.017,0,3429.101,725.537,572.123,11
10,15,25,7,6,25,12,13,184.799,0.973,0.065,14.99,10,185,7,1,1,1,1,0,0,52.733,0.228,4.278,7,1.549,0.017,0,3940.411,421.11,591.368,11
10,16,27,7,5.8,27,20,12,73.685,1.047,0.271,3.858,20,208,6,1,1,1,1,0,0,43.916,0.455,2.299,8,8.574,0.017,0,4164.427,288.306,624.653,10
10,17,30,7,5.6,30,8,22,186.232,0.953,0.043,22.182,27,248,9,1,1,1,1,0,0,43.716,0.183,5.207,9,7.243,0.017,0,7218.373,1051.335,1276.417,12
10,18,39,7,5.4,39,16,24,191.947,1.03,0.083,12.361,30,274,10,1,1,1,1,0,0,78.402,0.204,5.049,12,11.864,0.017,0,10841.52,1291.956,1369.823,12
10,19,36,7,5.2,36,27,9,167.453,0.977,0.161,6.062,21,274,13,1,1,1,1,0,0,59.366,0.455,2.149,9,3.214,0.017,0,12782.19,1652.375,1913.899,11
10,20,39,7,5,39,27,12,185.266,1.156,0.146,7.929,24,274,15,1,1,1,1,0,0,49.983,0.54,2.139,9,7.026,0.017,0,14952.34,1727.552,2832.53,11
10,21,41,7,5,41,18,23,194.63,1.254,0.092,13.557,28,294,20,1,1,1,1,0,0,55.016,0.327,3.832,10,12.824,0.017,0,16383.09,1198.926,3344.832,11
10,22,45,8,5,45,23,23,188.998,1.376,0.122,11.308,35,294,26,1,1,1,1,0,0,57.649,0.399,3.449,14,8.036,0.017,0,23415.16,1747.389,3807.145,12
10,23,47,8,5,47,18,30,192.031,1.437,0.094,15.334,46,311,30,1,1,1,1,0,0,75.285,0.239,6.012,19,10.587,0.017,0,24709.76,2226.818,4928.22,12
10,24,90,15,5,90,38,52,192.647,2.486,0.197,12.604,75,311,36,1,0.811,1,0.811,0,0,89.121,0.426,5.831,20,18.454,0.017,0,53882.21,3957.536,4726.8,11
10,25,64,11,5,64,25,40,190.881,1.785,0.131,13.631,60,352,46,0.811,1,0.811,1,0,0,88.905,0.281,6.349,40,6.954,0.017,0,36062.82,1880.534,6439.746,15
10,26,66,11,5,66,34,33,190.514,1.859,0.178,10.418,57,395,50,1,1,1,1,0,0,90.355,0.376,4.941,33,13.177,0.017,0,60912.18,6604.972,7412.25,14
10,27,40,7,5,40,14,26,140.626,1.264,0.1,12.695,37,469,59,1,1,1,1,0,0,53.649,0.261,4.843,29,8.021,0.017,0,32215.56,2857.473,9590.551,13
10,28,79,14,5,79,39,41,190.431,2.204,0.205,10.76,68,488,66,1,1,1,1,0,0,85.887,0.454,4.853,44,9.574,0.017,0,96529.21,15720.1,11997.71,15
10,29,81,14,5,81,40,43,191.897,2.259,0.208,10.84,68,488,81,1,0.912,1,0.912,0,0,87.388,0.458,4.936,42,17.756,0.017,0,88214.27,6995.574,16295.96,15
10,30,82,14,5,82,37,46,187.398,2.38,0.197,12.056,79,488,89,0.912,1,0.912,1,0,0,87.588,0.422,5.635,50,8.327,0.017,0,163241.6,26658.2,16462.18,15
10,31,83,14,5,83,30,53,189.531,2.293,0.158,14.486,77,488,104,1,0.786,1,0.786,0,0,80.086,0.375,6.121,44,15.699,0.017,0,123346.7,16508.91,20319.49,16
10,32,84,14,5,84,53,32,191.597,2.343,0.277,8.47,79,488,116,0.786,0.817,0.786,0.817,0,0,99.39,0.533,4.394,57,9.288,0.017,0,251287.4,66690.46,24732.75,15
10,33,47,8,5,47,38,11,191.364,1.407,0.199,7.087,39,488,132,0.817,1,0.817,1,0,0,71.517,0.531,2.648,16,11.908,0.017,0,104613.1,41505.22,27731.26,13
10,34,103,18,5,103,61,43,193.63,2.765,0.315,8.777,101,488,145,1,1,1,1,0,0,102.791,0.593,4.66,82,18.438,0.017,0,336899.8,83770.53,29603.71,15
10,35,96,16,5,96,62,35,192.647,2.678,0.322,8.321,91,488,158,1,1,1,1,0,0,100.974,0.614,4.361,71,10,0.017,0,231169.9,69054.43,36177,16
10,36,92,16,5,92,58,34,192.347,2.566,0.302,8.511,88,488,170,1,1,1,1,0,0,100.324,0.578,4.439,51,18.62,0.017,0,367783.9,86082.45,41924.91,15
10,37,92,16,5,92,55,38,194.43,2.566,0.283,9.072,92,488,185,1,0.798,1,0.798,0,0,113.41,0.485,5.292,58,18.725,0.017,0,348232.1,66217.27,44220.39,15
10,38,92,16,5,92,60,33,188.098,2.566,0.319,8.045,86,488,185,0.798,1,0.798,1,0,0,110.342,0.544,4.719,72,10.316,0.017,0,206940.2,6080.292,45599.31,16
10,39,92,16,5,92,44,49,191.847,2.566,0.229,11.189,91,488,185,1,1,1,1,0,0,102.441,0.43,5.975,45,15.827,0.017,0,289686.5,86082.45,49898.57,16
10,40,92,16,5,92,50,43,191.881,2.566,0.261,9.848,90,488,185,1,0.883,1,0.883,0,0,115.81,0.432,5.944,39,9.534,0.017,0,231909,6820.868,48295.7,14
10,41,147,25,5,147,69,79,192.73,3.803,0.358,10.624,146,488,185,0.883,0.838,0.883,0.838,0,0,118.211,0.584,6.516,90,21.793,0.017,0,489838.5,86082.45,48364.03,16
10,42,92,16,5,92,34,58,191.797,2.566,0.177,14.477,91,488,185,0.838,0.775,0.838,0.775,0,0,105.491,0.322,7.962,36,15.733,0.017,0,290127.6,6820.868,48420.03,15
10,43,92,16,5,92,39,53,191.747,2.566,0.203,12.617,90,488,185,0.775,1,0.775,1,0,0,111.293,0.35,7.323,69,10.655,0.017,0,368702.9,86082.45,48510.85,15
10,44,98,17,5,98,35,63,194.613,2.681,0.18,14.909,96,488,185,1,1,1,1,0,0,121.478,0.288,9.306,39,21.778,0.017,0,312699.2,7206.989,48602.33,15
10,45,98,17,5,98,63,39,190.448,2.734,0.331,8.264,94,488,185,1,0.924,1,0.924,0,0,97.89,0.644,4.248,56,1.018,0.017,0,473080.8,86082.45,48660.32,14
10,46,98,17,5,98,43,55,190.048,2.681,0.226,11.851,95,488,185,0.924,0.874,0.924,0.874,0,0,122.712,0.35,7.652,51,18.508,0.017,0,358990.9,16182.09,48694.48,15
10,47,99,17,5,99,44,55,191.247,2.735,0.23,11.887,99,488,185,0.874,0.852,0.874,0.852,0,0,109.859,0.401,6.828,51,10.772,0.017,0,523991.1,86082.45,41383.67,15
10,48,99,17,5,99,35,65,192.447,2.817,0.182,15.487,99,572,203,0.852,1,0.852,1,0,0,94.089,0.372,7.572,56,15.616,0.017,0,517741.3,86082.45,42047.23,15
10,49,105,18,5,105,44,63,190.814,2.873,0.231,12.458,99,548,197,1,1,1,1,0,0,133.045,0.331,8.687,53,11.968,0.017,0,453233.2,16955.09,35130.52,16
10,50,126,21,5,126,32,94,187.515,3.895,0.171,22.824,125,548,203,1,0.76,1,0.76,0,0,109.092,0.293,13.278,62,21.064,0.017,0,788056.2,86082.45,28796.33,16
10,51,120,20,5,120,81,41,189.581,3.347,0.427,7.834,102,572,204,0.76,0.888,0.76,0.888,0,0,100.424,0.807,4.15,52,13.68,0.017,0,597332.3,27017.18,30383.54,16
10,52,129,22,5,129,74,57,189.148,3.634,0.391,9.288,122,572,204,0.888,0.859,0.888,0.859,0,0,105.892,0.699,5.2,59,17.519,0.017,0,774632.6,86082.45,31520.47,16
10,53,74,13,5,74,41,33,188.215,2.193,0.218,10.065,70,572,204,0.859,1,0.859,1,0,0,81.603,0.502,4.364,48,9.317,0.017,0,364524.5,12247.25,32034.63,15
10,54,145,25,5,145,99,50,192.197,4.209,0.515,8.171,124,572,204,1,0.956,1,0.956,0,0,108.009,0.917,4.592,34,13.099,0.017,0,859606.9,86082.45,34296.85,16
10,55,147,25,5,147,99,49,188.981,4.356,0.524,8.314,147,572,204,0.956,0.934,0.956,0.934,0,0,106.758,0.927,4.697,111,11.496,0.017,0,822538.9,13187.01,33879.24,16
10,56,148,25,5,148,105,44,190.631,4.211,0.551,7.644,131,572,204,0.934,0.82,0.934,0.82,0,0,107.742,0.975,4.321,75,11.989,0.017,0,783294.5,9075.141,32173.48,17
10,57,149,25,5,149,86,68,189.348,4.282,0.454,9.427,136,572,204,0.82,0.745,0.82,0.745,0,0,113.026,0.761,5.627,39,15.259,0.017,0,795848.1,14088.26,32562.69,16
10,58,150,25,5,150,93,58,189.515,4.267,0.491,8.696,136,572,204,0.745,0.79,0.745,0.79,0,0,109.609,0.848,5.03,43,20.467,0.017,0,861325.3,21527.28,33737.77,17
10,59,150,25,5,150,87,64,189.681,4.31,0.459,9.398,142,572,204,0.79,0.779,0.79,0.779,0,0,114.793,0.758,5.687,34,15.707,0.017,0,866365.1,10205.36,41805.63,17
10,60,150,25,5,150,92,58,190.314,4.444,0.483,9.194,140,572,204,0.779,0.842,0.779,0.842,0,0,109.576,0.84,5.294,61,14.805,0.017,0,1002321,33367.89,34856.84,17
10,61,150,25,5,150,75,76,189.298,4.225,0.396,10.665,137,572,204,0.842,0.884,0.842,0.884,0,0,115.377,0.65,6.5,71,16.664,0.017,0,872525.7,14088.26,35300.99,16
10,62,150,25,5,150,74,78,187.532,4.399,0.395,11.148,142,572,204,0.884,0.734,0.884,0.734,0,0,115.21,0.642,6.849,40,23.873,0.017,0,984882.4,51984.08,36140.13,18
10,63,150,25,5,150,76,75,187.882,4.399,0.405,10.875,140,572,204,0.734,0.794,0.734,0.794,0,0,117.194,0.648,6.783,38,24.502,0.017,0,1032007,68666.09,37636.41,16
10,64,160,27,5,160,54,107,188.282,4.644,0.287,16.194,159,572,204,0.794,0.781,0.794,0.781,0,0,95.823,0.564,8.242,63,22.201,0.017,0,1000850,21527.28,41469.04,16
10,65,160,27,5,160,64,97,189.648,4.644,0.337,13.763,153,572,204,0.781,0.585,0.781,0.585,0,0,112.21,0.57,8.143,62,25.476,0.017,0,1297009,81490.04,37741.16,17
11,1,8,3,8.8,8,4,4,42.316,0.406,0.095,4.3,6,9,1,1,1,1,1,0,0,22.95,0.174,2.332,4,9.002,0.017,0,71.523,10.824,112.869,6
11,2,8,3,8.6,8,7,1,55.166,0.415,0.127,3.27,6,9,2,1,0.45,1,0.45,0,1,44.016,0.159,2.609,4,7.465,0.017,1,171.978,30.095,112.869,6
11,3,8,3,8.4,8,6,2,29.083,0.424,0.206,2.054,6,9,5,0.45,0.4,0.45,0.4,0,1,26.983,0.222,1.905,6,1.606,0.017,2,211.09,39.123,169.151,8
11,4,10,4,8.2,10,7,3,33.616,0.521,0.208,2.503,6,9,7,0.4,0.52,0.4,0.52,0,0,31.25,0.224,2.327,6,1.578,0.017,1.75,212.944,27.861,166.393,8
11,5,22,7,8,22,8,14,37.916,0.718,0.211,3.404,13,9,8,0.52,0.292,0.52,0.292,0,0,34.083,0.235,3.06,10,2.127,0.017,1.5,528.613,56.124,169.298,8
11,6,13,5,7.8,13,11,2,31.516,0.669,0.349,1.917,8,22,2,0.292,0.438,0.292,0.438,0,1,28.7,0.383,1.745,6,3.571,0.017,2.5,514.014,65.378,175.733,8
11,7,14,5,7.6,14,10,4,46.666,0.763,0.214,3.56,8,44,3,0.438,0.386,0.438,0.386,0,1,26.083,0.383,1.99,7,2.445,0.017,3.5,575.264,107.316,182.723,8
11,8,16,6,7.4,16,4,12,54.583,0.858,0.073,11.707,15,88,3,0.386,0.373,0.386,0.373,0,0,15.867,0.252,3.403,6,13.723,0.017,3.25,623.704,56.963,179.029,7
11,9,17,6,7.2,17,12,5,30.666,0.866,0.391,2.213,12,88,5,0.373,0.755,0.373,0.755,0,0,13.833,0.867,0.998,6,0.824,0.017,3,808.448,111.012,259.728,8
11,10,18,6,7,18,4,14,54.283,1.008,0.074,13.685,17,99,3,0.755,0.46,0.755,0.46,0,0,27.633,0.145,6.966,9,0.454,0.017,2.75,1346.171,238.148,279.952,8
11,11,24,7,6.8,24,2,22,63.783,0.936,0.031,29.859,18,99,4,0.46,0.594,0.46,0.594,0,0,28.166,0.071,13.186,8,2.698,0.017,2.5,1601.64,206.991,300.471,9
11,12,21,7,6.6,21,3,18,192.53,1.172,0.016,75.222,20,107,5,0.594,0.743,0.594,0.743,0,0,43.333,0.069,16.93,9,12.714,0.017,2.25,2333.689,324.325,361.651,9
11,13,22,7,6.4,22,1,21,188.865,0.927,0.005,175.073,22,116,7,0.743,0.661,0.743,0.661,0,0,31.466,0.032,29.168,11,1.903,0.017,2,4037.072,989.317,385.851,9
11,14,14,5,6.2,14,6,8,184.582,0.844,0.033,25.972,11,130,9,0.661,0.901,0.661,0.901,0,0,41.833,0.143,5.886,8,1.955,0.017,1.75,4456.37,1635.027,543.611,9
11,15,28,7,6,28,15,13,188.781,1.242,0.079,15.627,27,130,11,0.901,0.885,0.901,0.885,0,0,57.116,0.263,4.728,13,11.865,0.017,1.5,7881.337,1451.446,675.917,10
11,16,30,7,5.8,30,15,15,83.437,1.029,0.18,5.725,17,176,15,0.885,1,0.885,1,0,0,51.399,0.292,3.527,9,5.505,0.017,1.25,9138.14,2286.781,780.526,10
11,17,32,7,5.6,32,13,19,115.31,1.143,0.113,10.137,27,224,15,1,1,1,1,0,0,49.666,0.262,4.366,13,5.303,0.017,1,13305.29,4252.832,953.55,10
11,18,34,7,5.4,34,13,21,194.23,1.3,0.067,19.426,24,224,18,1,0.825,1,0.825,0,0,47.633,0.273,4.764,9,6.352,0.017,0.75,18122.47,6686.336,1205.834,10
11,19,37,7,5.2,37,21,16,149.058,1.133,0.141,8.044,22,224,21,0.825,1,0.825,1,0,0,48.933,0.429,2.641,11,6.126,0.017,0.5,25520.2,12003.06,1719.731,10
11,20,46,8,5,46,16,30,184.732,1.486,0.087,17.16,40,240,24,1,0.691,1,0.691,0,0,56.599,0.283,5.258,15,14.316,0.017,0.25,32922.81,9677.91,1679.277,10
11,21,43,8,5,43,14,29,186.765,1.344,0.075,17.926,35,240,30,0.691,0.691,0.691,0.691,0,0,57.549,0.243,5.524,23,9.365,0.017,0,41035.92,20767.9,2337.614,11
11,22,53,9,5,53,10,43,193.697,1.523,0.052,29.5,44,271,22,0.691,0.653,0.691,0.653,0,0,71.601,0.14,10.905,15,13.074,0.017,0,47453.3,10784.88,2696.555,11
11,23,25,7,5,25,3,22,189.098,1.155,0.016,72.786,23,271,32,0.653,0.617,0.653,0.617,0,0,49.749,0.06,19.149,10,5.52,0.017,0,49937.21,29789.04,3364.566,11
11,24,51,9,5,51,18,33,188.715,1.543,0.095,16.178,48,271,42,0.617,0.667,0.617,0.667,0,0,65.8,0.274,5.641,17,13.637,0.017,0,59554.63,15009.76,2985.783,11
11,25,55,10,5,55,3,52,189.731,1.738,0.016,109.903,55,296,43,0.667,0.413,0.667,0.413,0,0,82.787,0.036,47.955,33,5.845,0.017,0,91734.02,31607.7,3582.186,11
11,26,60,10,5,60,10,50,189.964,1.835,0.053,34.856,55,351,23,0.413,0.58,0.413,0.58,0,0,71.601,0.14,13.138,40,10.364,0.017,0,83063.05,21467.12,3949.09,11
11,27,36,7,5,36,10,26,189.515,1.067,0.053,20.225,29,410,29,0.58,0.791,0.58,0.791,0,0,47.183,0.212,5.035,25,4.469,0.017,0,89715.84,31607.7,5086.67,12
11,28,72,12,5,72,25,47,194.38,2.09,0.129,16.25,62,410,40,0.791,0.834,0.791,0.834,0,0,94.089,0.266,7.866,35,10.544,0.017,0,107849.5,22796.58,6269.449,12
11,29,73,13,5,73,17,56,193.297,2.163,0.088,24.594,67,418,41,0.834,0.786,0.834,0.786,0,0,106.025,0.16,13.49,51,8.879,0.017,0,170203.2,47218.64,8210.728,12
11,30,86,15,5,86,21,65,189.215,2.447,0.111,22.045,83,489,59,0.786,0.774,0.786,0.774,0,0,82.053,0.256,9.56,58,15.379,0.017,0,218145.9,45950.49,7501.868,12
11,31,77,13,5,77,32,45,188.631,2.282,0.17,13.449,74,489,74,0.774,0.776,0.774,0.776,0,0,95.523,0.335,6.81,64,8.931,0.017,0,201709.1,47218.64,9066.865,13
11,32,43,8,5,43,20,23,190.198,1.315,0.105,12.505,39,489,87,0.776,0.795,0.776,0.795,0,0,83.02,0.241,5.459,24,4.734,0.017,0,137958.7,47218.64,10913.24,12
11,33,79,14,5,79,35,44,191.281,2.293,0.183,12.533,78,489,103,0.795,0.872,0.795,0.872,0,0,98.473,0.355,6.452,51,15.733,0.017,0,178762.2,31607.7,11758.11,14
11,34,79,14,5,79,24,55,191.048,2.293,0.126,18.255,76,489,126,0.872,0.718,0.872,0.718,0,0,111.726,0.215,10.675,44,11.287,0.017,0,203482.4,31607.7,16841.06,14
11,35,79,14,5,79,34,45,192.98,2.293,0.176,13.016,79,489,142,0.718,0.663,0.718,0.663,0,0,100.457,0.338,6.776,52,17.536,0.017,0,280595.3,47218.64,18119.17,14
11,36,79,14,5,79,28,51,189.415,2.293,0.148,15.513,78,489,150,0.663,0.729,0.663,0.729,0,0,115.21,0.243,9.436,54,13.862,0.017,0,244295.1,47218.64,20370.25,14
11,37,43,8,5,43,12,31,188.148,1.315,0.064,20.618,42,489,150,0.729,0.676,0.729,0.676,0,0,92.755,0.129,10.164,29,23.764,0.017,0,126383.9,31607.7,22044.31,13
11,38,91,16,5,91,21,70,190.531,2.538,0.11,23.03,90,489,150,0.676,0.556,0.676,0.556,0,0,97.873,0.215,11.83,62,6.544,0.017,0,243403.6,22414.32,22027.19,14
11,39,79,14,5,79,23,56,190.964,2.293,0.12,19.04,79,489,150,0.556,0.773,0.556,0.773,0,0,121.728,0.189,12.137,53,6.824,0.017,0,228937.2,15957.07,23604.79,15
11,40,133,23,5,133,35,98,191.764,3.861,0.183,21.153,128,489,150,0.773,0.75,0.773,0.75,0,0,133.312,0.263,14.705,69,14.01,0.017,0,486761.3,36833.15,24324.65,14
11,41,91,16,5,91,24,67,191.197,2.615,0.126,20.832,91,489,150,0.75,0.775,0.75,0.775,0,0,126.779,0.189,13.814,59,16.625,0.017,0,326556.8,26222.04,24366.2,15
11,42,79,14,5,79,14,65,193.03,2.293,0.073,31.618,79,489,150,0.775,0.719,0.775,0.719,0,0,115.527,0.121,18.923,46,33.57,0.017,0,334727,36833.15,22529.19,14
11,43,79,14,5,79,24,55,193.28,2.293,0.124,18.468,76,489,150,0.719,0.72,0.719,0.72,0,0,126.913,0.189,12.127,49,14.838,0.017,0,307809.9,26222.04,22587.8,14
11,44,43,8,5,43,5,38,188.098,1.315,0.027,49.47,41,489,150,0.72,0.674,0.72,0.674,0,0,85.504,0.058,22.487,24,14.104,0.017,0,222540,36833.15,25962.24,13
11,45,79,14,5,79,19,60,191.131,2.365,0.099,23.794,79,489,150,0.674,0.467,0.674,0.467,0,0,103.308,0.184,12.861,54,5.076,0.017,0,376016.1,24831.19,23926.09,15
11,46,79,14,5,79,5,74,190.814,2.293,0.026,87.515,78,489,150,0.467,0.592,0.467,0.592,0,0,119.694,0.042,54.897,61,9.758,0.017,0,387672.9,36833.15,23948.28,14
11,47,80,14,5,80,10,70,190.298,2.37,0.053,45.108,79,489,150,0.592,0.692,0.592,0.692,0,0,123.395,0.081,29.25,48,9.743,0.017,0,423635.2,40291.99,20281.58,14
11,48,80,14,5,80,41,39,192.297,2.322,0.213,10.892,73,489,150,0.692,0.844,0.692,0.844,0,0,107.775,0.38,6.104,55,11.493,0.017,0,464103.8,36833.15,20595.5,14
11,49,59,10,5,59,16,43,186.949,1.864,0.086,21.781,58,511,151,0.844,0.667,0.844,0.667,0,0,84.97,0.188,9.9,46,11.086,0.017,0,385458.3,63920.38,22040.3,14
11,50,91,16,5,91,35,56,189.798,2.753,0.184,14.931,91,574,155,0.667,0.365,0.667,0.365,0,0,106.592,0.328,8.386,76,9.89,0.017,0,581295.3,12172.63,18301.54,14
11,51,98,17,5,98,48,50,189.864,2.816,0.253,11.139,96,574,157,0.365,0.661,0.365,0.661,0,0,114.327,0.42,6.707,75,6.698,0.017,0,665177.9,71682.76,15330.52,14
11,52,104,18,5,104,38,66,190.431,3.215,0.2,16.111,104,574,174,0.661,0.603,0.661,0.603,0,0,109.126,0.348,9.232,76,18.525,0.017,0,623594.7,18646.49,12984.64,14
11,53,109,19,5,109,82,27,187.548,3.333,0.437,7.624,99,574,183,0.603,0.836,0.603,0.836,0,0,82.47,0.994,3.352,93,2.851,0.017,0,709478.1,67434.59,13957.82,15
11,54,110,19,5,110,55,55,193.097,3.259,0.285,11.443,109,574,183,0.836,0.704,0.836,0.704,0,0,134.195,0.41,7.952,75,13.511,0.017,0,668759.9,28945.66,15972.89,15
11,55,111,19,5,111,61,50,188.948,3.395,0.323,10.515,110,574,183,0.704,0.32,0.704,0.32,0,1,115.444,0.528,6.424,79,10.602,0.017,1,855343.8,73661.08,15080,16
11,56,124,21,5,124,39,85,191.631,3.636,0.204,17.868,122,574,183,0.32,0.546,0.32,0.546,0,0,114.61,0.34,10.686,64,19.895,0.017,0.75,829414.6,26900.29,15834.22,16
11,57,62,11,5,62,27,35,189.631,1.917,0.142,13.461,62,574,183,0.546,0.744,0.546,0.744,0,0,117.544,0.23,8.344,47,10.095,0.017,0.5,480362.4,73661.08,16401.29,16
11,58,114,19,5,114,36,78,189.715,3.211,0.19,16.923,109,574,183,0.744,0.669,0.744,0.669,0,0,141.376,0.255,12.611,40,18.621,0.017,0.25,746216.3,11968.84,16302.93,15
11,59,114,19,5,114,26,88,190.364,3.243,0.137,23.746,114,574,183,0.669,0.689,0.669,0.689,0,0,123.129,0.211,15.359,81,12.987,0.017,0,780701.7,14713.71,20347.79,16
11,60,126,21,5,126,29,97,191.814,3.853,0.151,25.486,126,574,183,0.689,0.192,0.689,0.192,0,1,130.929,0.221,17.397,46,13.745,0.017,1,1066958,27235.98,16575.47,17
11,61,63,11,5,63,18,45,187.382,1.947,0.096,20.273,63,574,183,0.192,0.406,0.192,0.406,0,0,102.674,0.175,11.109,37,14.247,0.017,0.75,496516.4,23809.15,16749.79,16
11,62,114,19,5,114,25,89,190.398,3.343,0.131,25.461,114,574,183,0.406,0.594,0.406,0.594,0,0,127.763,0.196,17.085,45,23.761,0.017,0.5,889135.7,30321.8,15908.55,17
11,63,114,19,5,114,39,75,187.448,3.413,0.208,16.405,114,574,183,0.594,0.761,0.594,0.761,0,0,123.779,0.315,10.833,82,16.352,0.017,0.25,895146.6,27985.47,16105.73,17
11,64,114,19,5,114,22,92,190.081,3.378,0.116,29.184,113,574,183,0.761,0.609,0.761,0.609,0,0,128.513,0.171,19.731,62,14.993,0.017,0,944575.3,46595.54,17154.05,15
11,65,114,19,5,114,23,91,188.565,3.486,0.122,28.582,114,574,183,0.609,0.69,0.609,0.69,0,0,114.227,0.201,17.314,57,14.907,0.017,0,1082130,27235.98,15687.03,16
11,66,182,31,5,182,39,143,190.698,4.98,0.205,24.348,180,574,183,0.69,0.186,0.69,0.186,0,1,139.827,0.279,17.853,99,14.309,0.017,1,1685952,68666.09,16609.51,16
11,67,114,19,5,114,2,112,189.615,3.343,0.011,316.954,114,574,183,0.186,0.293,0.186,0.293,0,0,61.199,0.033,102.299,89,13.931,0.017,0.75,962670.3,26567.4,16698.49,14
11,68,126,21,5,126,25,101,190.181,3.695,0.131,28.109,126,574,183,0.293,0.179,0.293,0.179,0,1,120.511,0.207,17.812,66,18.51,0.017,1.75,1286428,81490.04,17308.31,15
12,1,8,3,8.8,8,5,3,35.35,0.406,0.141,2.873,8,7,1,1,0.592,1,0.592,0,0,23.983,0.208,1.95,6,4.205,0.017,0,62.985,13.221,112.869,6
12,2,8,3,8.6,8,4,4,38.45,0.415,0.104,3.988,6,7,2,0.592,0.513,0.592,0.513,0,0,31.05,0.129,3.22,3,3.141,0.017,0,152.414,26.1,112.869,6
12,3,8,3,8.4,8,8,0,31.366,0.424,0.255,1.661,5,7,4,0.513,0.992,0.513,0.992,0,0,18.867,0.424,0.999,3,3.706,0.017,0,166.701,24.65,132.241,7
12,4,10,4,8.2,10,8,2,27.3,0.521,0.293,1.779,7,7,5,0.992,1,0.992,1,0,0,21.783,0.367,1.419,4,4.452,0.017,0,264.162,51.569,134.809,7
12,5,11,4,8,11,11,0,24.666,0.575,0.446,1.289,8,7,7,1,1,1,1,0,0,20.383,0.54,1.065,5,2.009,0.017,0,260.832,32.779,136,7
12,6,19,7,7.8,19,18,1,35.083,0.882,0.513,1.72,17,25,3,1,1,1,1,0,0,14.967,1.203,0.734,12,5.851,0.017,0,537.596,43.685,138.931,7
12,7,13,5,7.6,13,8,5,42.45,0.767,0.188,4.07,10,41,4,1,1,1,1,0,0,21,0.381,2.013,7,2.799,0.017,0,452.723,92.302,142.13,7
12,8,15,5,7.4,15,13,2,24.266,0.836,0.536,1.561,9,41,6,1,1,1,1,0,0,16.9,0.769,1.087,7,2.532,0.017,0,471.955,46.587,486.427,8
12,9,24,7,7.2,24,20,4,46.399,0.984,0.431,2.282,16,41,7,1,1,1,1,0,0,28.533,0.701,1.403,9,6.08,0.017,0,935.122,88.894,531.133,8
12,10,20,7,7,20,13,7,55.883,1.078,0.233,4.635,18,80,2,1,1,1,1,0,0,34.3,0.379,2.845,10,9.017,0.017,0,1082.421,144.086,538.768,8
12,11,17,6,6.8,17,8,9,50.466,0.903,0.159,5.694,17,138,1,1,1,1,1,0,0,35.3,0.227,3.983,4,10.839,0.017,0,852.435,113.435,532.094,8
12,12,19,7,6.6,19,16,3,44.583,1.021,0.359,2.844,14,138,2,1,1,1,1,0,0,20.5,0.78,1.308,7,2.186,0.017,0,930.412,150.479,601.576,8
12,13,24,7,6.4,24,14,10,79.019,1.011,0.177,5.704,22,138,5,1,1,1,1,0,0,65.033,0.215,4.694,8,8.031,0.017,0,1759.957,175.326,840.403,10
12,14,26,7,6.2,26,21,5,40.2,1.123,0.522,2.15,24,138,7,1,1,1,1,0,0,17.733,1.184,0.948,7,4.924,0.017,0,1862.442,130.095,929.228,9
12,15,37,7,6,37,31,6,123.695,1.01,0.251,4.028,25,153,9,1,1,1,1,0,0,37.116,0.835,1.209,18,6.829,0.017,0,3505.072,313.091,936.724,9
12,16,31,7,5.8,31,17,14,70.751,1.117,0.24,4.649,16,177,11,1,1,1,1,0,0,35.266,0.482,2.317,10,4.898,0.017,0,3372.115,227.341,1318.037,10
12,17,27,7,5.6,27,13,14,53.983,1.125,0.241,4.672,21,215,13,1,1,1,1,0,0,37.75,0.344,3.267,6,6.955,0.017,0,3356.406,341.922,1520.359,10
12,18,29,7,5.4,29,22,7,183.183,0.956,0.12,7.961,14,240,16,1,1,1,1,0,0,46.749,0.471,2.032,7,0.88,0.017,0,4127.315,605.478,1767.675,10
12,19,33,7,5.2,33,24,9,186.199,1.067,0.129,8.277,19,240,18,1,1,1,1,0,0,70.601,0.34,3.138,7,0.841,0.017,0,5938.551,437.613,2301.925,10
12,20,19,7,5,19,8,11,63.933,1.192,0.125,9.53,18,262,5,1,1,1,1,0,0,33.35,0.24,4.971,6,9.883,0.017,0,6436.083,1537.205,2158.916,10
12,21,38,7,5,38,13,25,182.85,1.126,0.071,15.837,31,262,7,1,1,1,1,0,0,56.099,0.232,4.859,10,11.819,0.017,0,10337.99,665.318,2831.188,11
12,22,41,7,5,41,9,32,183.966,1.295,0.049,26.479,34,262,10,1,1,1,1,0,0,52.149,0.173,7.506,22,5.612,0.017,0,17879.94,5034.486,3230.286,12
12,23,45,8,5,45,7,38,186.332,1.454,0.038,38.703,43,262,17,1,1,1,1,0,0,55.016,0.127,11.427,17,6.777,0.017,0,24569.25,1772.14,3533.221,11
12,24,51,9,5,51,7,44,189.465,1.56,0.037,42.214,51,285,19,1,1,1,1,0,0,56.249,0.124,12.533,37,11.384,0.017,0,46372.97,15720.1,3574.198,13
12,25,68,12,5,68,18,50,194.997,2.058,0.092,22.289,68,302,22,1,0.641,1,0.641,0,0,53.116,0.339,6.071,31,16.774,0.017,0,69519.16,18017.44,3832.655,12
12,26,70,12,5,70,11,59,190.664,2.118,0.058,36.712,66,366,15,0.641,0.748,0.641,0.748,0,0,58.633,0.188,11.29,26,15.648,0.017,0,50788.67,3602.968,5234.669,12
12,27,76,13,5,76,4,73,189.798,2.252,0.021,106.85,75,411,21,0.748,0.657,0.748,0.657,0,0,56.966,0.07,32.07,30,24.739,0.017,0,114942,44641.95,6033.366,12
12,28,72,12,5,72,10,62,192.381,2.179,0.052,41.911,67,411,28,0.657,0.717,0.657,0.717,0,0,71.884,0.139,15.66,22,22.539,0.017,0,142533.9,56075.19,6748.238,13
12,29,73,13,5,73,15,59,194.763,2.163,0.077,28.085,67,411,39,0.717,0.735,0.717,0.735,0,0,72.301,0.207,10.426,36,15.653,0.017,0,80530.55,12881.75,10669.72,12
12,30,74,13,5,74,24,50,194.163,2.193,0.124,17.739,70,411,49,0.735,0.766,0.735,0.766,0,0,76.002,0.316,6.943,41,9.253,0.017,0,215836.3,86082.45,9577.721,12
12,31,75,13,5,75,25,50,191.631,2.222,0.13,17.034,67,411,63,0.766,0.723,0.766,0.723,0,0,74.601,0.335,6.631,24,19.965,0.017,0,103050.6,14622.77,10604.01,13
12,32,131,22,5,131,41,90,192.93,3.654,0.213,17.195,119,490,66,0.723,0.699,0.723,0.699,0,0,91.255,0.449,8.133,48,18.511,0.017,0,264756.1,57622.76,11337.42,14
12,33,83,14,5,83,29,54,190.681,2.409,0.152,15.842,73,473,89,0.699,0.796,0.699,0.796,0,0,94.439,0.307,7.846,45,13.467,0.017,0,143768.6,24487.36,16818.69,14
12,34,84,14,5,84,27,57,194.997,2.438,0.138,17.61,76,493,113,0.796,0.989,0.796,0.989,0,0,83.437,0.324,7.535,50,12.308,0.017,0,152723.8,22414.32,20833.81,14
12,35,85,15,5,85,40,45,191.681,2.519,0.209,12.069,82,493,138,0.989,0.708,0.989,0.708,0,0,100.19,0.399,6.308,51,19.306,0.017,0,241373,45950.49,17495.61,14
12,36,85,15,5,85,44,43,188.965,2.418,0.233,10.385,77,493,162,0.708,0.799,0.708,0.799,0,0,101.407,0.434,5.573,38,9.174,0.017,0,164970.5,22414.32,18170.52,14
12,37,148,25,5,148,54,95,193.264,4.088,0.279,14.632,143,493,162,0.799,0.725,0.799,0.725,0,0,110.793,0.487,8.388,75,19.687,0.017,0,347736.4,33916.16,18669.48,14
12,38,97,17,5,97,52,46,191.481,2.845,0.272,10.475,87,493,162,0.725,0.9,0.725,0.9,0,0,108.625,0.479,5.942,58,14.191,0.017,0,200058.8,5101.358,19232.06,14
12,39,85,15,5,85,46,39,189.598,2.443,0.243,10.067,84,493,162,0.9,0.801,0.9,0.801,0,0,90.422,0.509,4.801,36,15.608,0.017,0,259015.5,55905.65,19397.74,14
12,40,85,15,5,85,43,42,191.581,2.599,0.224,11.581,85,493,162,0.801,0.801,0.801,0.801,0,0,99.323,0.433,6.004,40,21.994,0.017,0,254447.6,6631.766,21631.14,14
12,41,85,15,5,85,43,43,193.397,2.418,0.222,10.876,80,493,162,0.801,0.878,0.801,0.878,0,0,98.24,0.438,5.525,51,12.14,0.017,0,231002.7,6631.766,22416.81,14
12,42,159,27,5,159,72,88,192.247,4.569,0.375,12.2,155,493,162,0.878,0.74,0.878,0.74,0,0,126.329,0.57,8.017,67,20.693,0.017,0,471468.1,8708.247,25320.25,14
12,43,92,16,5,92,36,56,190.931,2.784,0.189,14.764,89,493,162,0.74,0.65,0.74,0.65,0,0,87.054,0.414,6.731,41,12.847,0.017,0,296393.3,8708.247,29866.35,14
12,44,92,16,5,92,37,55,192.231,2.592,0.192,13.464,92,493,162,0.65,0.833,0.65,0.833,0,0,91.605,0.404,6.416,49,15.623,0.017,0,310361.8,13339.87,31591.98,14
12,45,92,16,5,92,47,45,190.864,2.844,0.246,11.549,92,493,162,0.833,0.455,0.833,0.455,0,0,109.176,0.43,6.606,64,9.814,0.017,0,360807.9,11648.69,29705.33,14
12,46,147,25,5,147,54,93,188.481,3.488,0.287,12.173,121,493,162,0.455,0.702,0.455,0.702,0,0,112.993,0.478,7.298,94,10.266,0.017,0,538525.4,21036.72,29789.25,14
12,47,93,16,5,93,38,55,188.098,2.814,0.202,13.929,92,493,162,0.702,0.827,0.702,0.827,0,0,98.84,0.384,7.319,46,11.403,0.017,0,384696.5,16182.09,24667.46,14
12,48,93,16,5,93,39,54,188.948,2.906,0.206,14.08,91,534,182,0.827,0.718,0.827,0.718,0,0,106.358,0.367,7.926,36,14.263,0.017,0,439129.5,15860.32,25376.45,14
12,49,112,19,5,112,40,72,190.964,3.425,0.209,16.352,111,573,170,0.718,0.572,0.718,0.572,0,0,111.309,0.359,9.531,48,11.825,0.017,0,517011.1,8811.98,20602.01,14
12,50,185,31,5,185,58,127,191.181,5.16,0.303,17.01,185,573,172,0.572,0.56,0.572,0.56,0,0,120.478,0.481,10.719,104,13.375,0.017,0,938718.7,14505.71,17297.37,14
12,51,114,19,5,114,72,43,189.848,3.449,0.379,9.095,100,573,179,0.56,0.75,0.56,0.75,0,0,88.288,0.816,4.23,39,17.373,0.017,0,646704.3,12828.28,19209.38,15
12,52,129,22,5,129,85,44,187.898,3.945,0.452,8.721,116,573,179,0.75,0.928,0.75,0.928,0,0,98.99,0.859,4.594,34,20.664,0.017,0,706245.6,19520.63,19548.91,15
12,53,135,23,5,135,82,53,189.298,4.085,0.433,9.43,124,573,179,0.928,0.754,0.928,0.754,0,0,105.058,0.781,5.233,46,16.728,0.017,0,740835.4,19963.05,19788.7,16
12,54,75,13,5,75,47,30,190.448,2.269,0.247,9.195,67,573,179,0.754,0.93,0.754,0.93,0,0,73.485,0.64,3.548,25,10.559,0.017,0,443206.1,30934.44,23987.11,15
12,55,138,23,5,138,83,58,189.515,4.176,0.438,9.534,122,573,179,0.93,0.341,0.93,0.341,0,1,92.589,0.896,4.658,61,14.023,0.017,1,858333.4,31551.3,19387.92,15
12,56,139,24,5,139,72,70,187.282,3.353,0.384,8.723,103,573,179,0.341,0.648,0.341,0.648,0,0,100.924,0.713,4.701,42,15.274,0.017,0.75,839106.5,49235.53,19776.47,15
12,57,236,40,5,236,120,119,188.898,6.162,0.635,9.7,202,573,179,0.648,0.333,0.648,0.333,0,0,115.91,1.035,5.952,60,24.968,0.017,0.5,1445814,50089.26,19792.85,15
12,58,141,24,5,141,78,64,188.698,3.402,0.413,8.229,113,573,179,0.333,0.654,0.333,0.654,0,0,97.023,0.804,4.231,39,18.666,0.017,0.25,1058823,75221.58,20627.55,16
12,59,141,24,5,141,98,44,192.68,4.222,0.509,8.3,108,573,179,0.654,0.598,0.654,0.598,0,0,80.853,1.212,3.483,52,9.362,0.017,0,1087173,75221.58,18973.54,15
12,60,141,24,5,141,66,77,189.765,4.222,0.348,12.138,129,573,179,0.598,0.287,0.598,0.287,0,1,83.053,0.795,5.312,40,14.693,0.017,1,1147165,75221.58,20897.01,16
12,61,153,26,5,153,65,88,188.398,3.888,0.345,11.27,125,573,179,0.287,0.27,0.287,0.27,0,1,100.907,0.644,6.036,52,9.359,0.017,2,1142195,77326.66,21238.94,16
12,62,162,27,5,162,79,83,192.164,3.72,0.411,9.048,127,573,179,0.27,0.419,0.27,0.419,0,0,110.509,0.715,5.204,83,12.492,0.017,1.75,1273253,77326.66,21280.98,15
12,63,150,25,5,150,125,29,189.981,3.559,0.658,5.409,96,573,179,0.419,0.712,0.419,0.712,0,0,76.635,1.631,2.182,48,2.524,0.017,1.5,1107810,79460.73,21850.19,14
12,64,150,25,5,150,80,70,191.331,4.354,0.418,10.414,137,573,179,0.712,0.48,0.712,0.48,0,0,90.572,0.883,4.93,40,17.243,0.017,1.25,1199666,79460.73,20386.07,15
12,65,150,25,5,150,71,82,188.965,4.444,0.376,11.829,143,573,179,0.48,0.289,0.48,0.289,0,1,94.539,0.751,5.918,52,18.135,0.017,2.25,1352125,79460.73,20549.54,15
12,66,150,25,5,150,68,84,189.931,3.529,0.358,9.858,119,573,179,0.289,0.499,0.289,0.499,0,0,95.956,0.709,4.98,53,13.532,0.017,2,1315767,79460.73,20435.75,15
12,67,150,25,5,150,70,82,192.514,4.144,0.364,11.396,139,573,179,0.499,0.517,0.499,0.517,0,0,107.742,0.65,6.378,70,18.762,0.017,1.75,1247826,79460.73,20881.4,15
13,1,8,3,8.8,8,2,6,29.633,0.406,0.067,6.022,6,7,1,1,1,1,1,0,0,16.1,0.124,3.272,4,6.638,0.017,0,68.937,10.709,112.869,6
13,2,8,3,8.6,8,5,3,44.216,0.415,0.113,3.669,6,7,3,1,0.695,1,0.695,0,0,36.916,0.135,3.063,4,4.352,0.017,0,152.167,39.516,112.869,6
13,3,8,3,8.4,8,0,8,33.15,0.424,0,-1,6,7,5,0.695,0.795,0.695,0.795,0,0,26.683,0,-1,4,2.183,0.017,0,179.343,30.232,173.264,8
13,4,11,4,8.2,11,9,2,29.25,0.563,0.308,1.83,6,7,6,0.795,0.879,0.795,0.879,0,0,27.416,0.328,1.715,6,2.989,0.017,0,294.494,44.054,180.601,8
13,5,12,4,8,12,12,0,28.95,0.616,0.415,1.486,4,25,6,0.879,1,0.879,1,0,0,25.25,0.475,1.296,4,2.472,0.017,0,304.382,40.035,174.584,7
13,6,12,4,7.8,12,9,3,34.683,0.629,0.259,2.423,8,25,7,1,1,1,1,0,0,31.8,0.283,2.222,7,1.819,0.017,0,314.226,46.743,192.611,8
13,7,13,5,7.6,13,13,0,36.666,0.683,0.355,1.926,5,51,9,1,1,1,1,0,0,32.183,0.404,1.691,5,2.255,0.017,0,400.776,40.88,309.854,9
13,8,15,5,7.4,15,10,5,58.649,0.776,0.171,4.55,10,68,4,1,1,1,1,0,0,34.366,0.291,2.666,6,5.903,0.017,0,444.093,47.543,344.09,10
13,9,15,5,7.2,15,9,6,60.549,0.855,0.149,5.75,12,76,5,1,1,1,1,0,0,27.05,0.333,2.569,8,2.412,0.017,0,599.49,80.28,392.538,8
13,10,16,6,7,16,10,6,40.9,0.847,0.245,3.465,7,107,5,1,1,1,1,0,0,26.583,0.376,2.252,6,0.88,0.017,0,705.108,96.108,394.053,9
13,11,18,6,6.8,18,8,10,189.415,0.938,0.042,22.216,12,126,6,1,1,1,1,0,0,42.783,0.187,5.018,5,2.429,0.017,0,987.082,145.801,427.512,9
13,12,19,7,6.6,19,14,5,53.799,0.993,0.26,3.816,12,126,7,1,1,1,1,0,0,41.166,0.34,2.92,9,5.264,0.017,0,1583.301,186.49,465.151,8
13,13,20,7,6.4,20,14,6,61.999,1.048,0.226,4.641,13,149,7,1,1,1,1,0,0,49.299,0.284,3.691,6,2.448,0.017,0,1502.611,118.968,975.416,10
13,14,27,7,6.2,27,13,14,65.083,1.001,0.2,5.01,19,157,8,1,1,1,1,0,0,31.316,0.415,2.41,7,5.247,0.017,0,2735.547,372.772,1082.201,9
13,15,28,7,6,28,26,2,43.733,1.047,0.595,1.762,13,176,9,1,1,1,1,0,0,23.85,1.09,0.961,9,0.696,0.017,0,3328.092,331.597,1095.73,10
13,16,25,7,5.8,25,16,9,191.797,1.04,0.083,12.47,16,197,11,1,1,1,1,0,0,48.099,0.333,3.127,6,3.529,0.017,0,3424.629,524.583,1423.612,10
13,17,28,7,5.6,28,18,10,53.999,1.097,0.333,3.29,17,216,12,1,1,1,1,0,0,36.5,0.493,2.224,11,3.303,0.017,0,4875.707,428.968,1889.033,11
13,18,29,7,5.4,29,20,9,65.733,0.956,0.304,3.142,17,238,15,1,1,1,1,0,0,62.149,0.322,2.971,6,1.701,0.017,0,4752.39,637.755,2051.593,10
13,19,33,7,5.2,33,16,17,84.62,1.067,0.189,5.642,20,251,8,1,1,1,1,0,0,37.733,0.424,2.516,10,9.587,0.017,0,8160.776,1788.127,3115.572,11
13,20,36,7,5,36,24,13,194.997,1.005,0.123,8.163,18,251,11,1,1,1,1,0,0,68.834,0.349,2.881,12,17.335,0.017,0,9609.594,1385.475,2611.8,12
13,21,39,7,5,39,14,28,194.997,1.232,0.072,17.163,31,282,15,1,1,1,1,0,0,50.933,0.275,4.483,10,5.996,0.017,0,16985.93,3931.54,3594.551,11
13,22,43,8,5,43,22,23,189.431,1.144,0.116,9.847,25,282,21,1,1,1,1,0,0,57.766,0.381,3.003,11,5.884,0.017,0,26254.79,7123.875,4135.267,11
13,23,47,8,5,47,15,33,191.214,1.437,0.078,18.322,37,282,25,1,0.814,1,0.814,0,0,66.933,0.224,6.414,11,11.315,0.017,0,25064.99,2894.863,6924.513,12
13,24,62,11,5,62,13,49,193.164,1.917,0.067,28.478,61,291,27,0.814,0.715,0.814,0.715,0,0,77.552,0.168,11.433,28,14.72,0.017,0,61541.46,12853.92,8626.795,13
13,25,56,10,5,56,12,44,192.597,1.769,0.062,28.398,55,321,30,0.715,0.738,0.715,0.738,0,0,68.967,0.174,10.169,30,16.475,0.017,0,48184.91,10391.73,7173.517,12
13,26,61,11,5,61,13,49,191.981,1.886,0.068,27.847,61,373,37,0.738,0.66,0.738,0.66,0,0,67.917,0.191,9.851,46,10.539,0.017,0,101347.5,22796.58,8023.083,13
13,27,77,13,5,77,17,61,193.664,2.191,0.088,24.956,75,394,45,0.66,0.632,0.66,0.632,0,0,69.55,0.244,8.962,49,20.777,0.017,0,77377.22,17837.24,8958.325,13
13,28,72,12,5,72,22,51,192.397,2.179,0.114,19.052,72,394,52,0.632,0.752,0.632,0.752,0,0,63.383,0.347,6.276,24,33.731,0.017,0,128066.8,30758.81,13087.06,13
13,29,73,13,5,73,33,44,192.114,2.119,0.172,12.336,64,394,62,0.752,0.858,0.752,0.858,0,0,78.469,0.421,5.039,50,6.703,0.017,0,104798.1,30177.71,17203.34,14
13,30,74,13,5,74,28,46,193.347,2.193,0.145,15.141,71,473,64,0.858,0.642,0.858,0.642,0,0,84.854,0.33,6.645,28,21.4,0.017,0,169303,31607.7,15375.51,13
13,31,123,21,5,123,44,81,191.297,3.126,0.23,13.59,106,473,72,0.642,0.814,0.642,0.814,0,0,104.391,0.421,7.416,52,13.542,0.017,0,171569,17586.57,15883.9,14
13,32,78,13,5,78,37,41,192.181,2.311,0.193,12.004,72,473,90,0.814,0.802,0.814,0.802,0,0,101.541,0.364,6.343,50,7.911,0.017,0,194549.2,47218.64,19594.63,13
13,33,79,14,5,79,27,53,192.78,2.293,0.14,16.373,72,473,99,0.802,0.627,0.802,0.627,0,0,80.203,0.337,6.812,54,9.944,0.017,0,202845.1,39986.45,22339.35,14
13,34,79,14,5,79,40,42,190.081,2.317,0.21,11.009,66,473,114,0.627,0.855,0.627,0.855,0,0,81.72,0.489,4.733,25,16.489,0.017,0,194015.6,31607.7,26591.13,14
13,35,82,14,5,82,44,40,194.58,2.38,0.226,10.526,82,473,132,0.855,0.89,0.855,0.89,0,0,85.104,0.517,4.604,61,7.417,0.017,0,300720.8,61384.23,28663.24,14
13,36,126,21,5,126,67,60,191.481,3.549,0.35,10.144,115,473,156,0.89,0.884,0.89,0.884,0,0,111.793,0.599,5.922,33,28.178,0.017,0,331538.6,47218.64,35437.88,14
13,37,79,14,5,79,58,21,190.614,2.293,0.304,7.536,71,473,178,0.884,0.733,0.884,0.733,0,0,103.408,0.561,4.089,49,15.196,0.017,0,275468.3,61384.23,34854.34,14
13,38,78,13,5,78,56,22,189.398,2.311,0.296,7.816,76,473,178,0.733,0.861,0.733,0.861,0,0,101.774,0.55,4.2,30,22.329,0.017,0,262275.3,45985.04,41306.11,15
13,39,79,14,5,79,58,22,189.931,2.293,0.305,7.509,76,473,178,0.861,0.813,0.861,0.813,0,0,102.341,0.567,4.046,59,7.146,0.017,0,172769.2,5213.94,50002.66,13
13,40,91,16,5,91,64,27,186.199,2.813,0.344,8.184,90,473,178,0.813,0.695,0.813,0.695,0,0,94.006,0.681,4.132,70,8.223,0.017,0,274750.9,31607.7,38821.65,13
13,41,79,14,5,79,35,44,189.065,2.317,0.185,12.515,78,473,178,0.695,0.762,0.695,0.762,0,0,61.799,0.566,4.091,42,16.498,0.017,0,186191.9,5101.358,43542.84,14
13,42,79,14,5,79,47,32,190.198,2.365,0.247,9.572,73,473,178,0.762,0.9,0.762,0.9,0,0,83.903,0.56,4.222,45,14.015,0.017,0,210320.5,6698.652,40537.51,14
13,43,79,14,5,79,43,37,188.165,2.293,0.229,10.035,66,473,178,0.9,0.901,0.9,0.901,0,0,91.488,0.47,4.879,48,5.085,0.017,0,219393.9,6698.652,37385.97,13
13,44,79,14,5,79,46,34,187.282,2.293,0.246,9.336,73,473,178,0.901,0.906,0.901,0.906,0,0,93.739,0.491,4.673,54,4.89,0.017,0,217283.3,10261.44,42675.89,14
13,45,91,16,5,91,58,33,187.782,2.844,0.309,9.207,88,473,178,0.906,0.792,0.906,0.792,0,0,82.903,0.7,4.065,38,16.216,0.017,0,342267.7,10832.14,40710.82,15
13,46,79,14,5,79,45,36,189.198,2.317,0.238,9.74,75,473,178,0.792,0.719,0.792,0.719,0,0,82.136,0.548,4.229,51,11.441,0.017,0,237160.5,7288.257,38340.09,14
13,47,80,14,5,80,52,29,192.847,2.556,0.27,9.479,74,473,178,0.719,0.829,0.719,0.829,0,0,88.338,0.589,4.342,30,18.288,0.017,0,276075.8,7236.783,32618.95,13
13,48,80,14,5,80,27,54,187.632,2.37,0.144,16.473,67,473,178,0.829,0.816,0.829,0.816,0,0,86.871,0.311,7.627,25,17.83,0.017,0,273026.8,6631.766,32516.38,14
13,49,85,15,5,85,63,23,186.332,2.418,0.338,7.152,75,473,178,0.816,0.978,0.816,0.978,0,0,67.467,0.934,2.59,22,13.545,0.017,0,332752.8,7695.04,29643.03,13
13,50,90,15,5,90,48,42,187.698,2.908,0.256,11.371,86,491,181,0.978,0.844,0.978,0.844,0,0,63.666,0.754,3.857,40,8.617,0.017,0,407291.4,12157.7,29103.48,14
13,51,96,16,5,96,67,33,186.932,3.102,0.358,8.654,79,552,180,0.844,0.933,0.844,0.933,0,0,74.368,0.901,3.443,30,17.527,0.017,0,431192.6,10546.63,23240.22,14
13,52,116,20,5,116,86,33,189.365,3.625,0.454,7.982,102,552,194,0.933,0.758,0.933,0.758,0,0,78.302,1.098,3.301,34,18.655,0.017,0,525878.3,11952.88,22963.71,14
13,53,109,19,5,109,70,44,187.965,3.444,0.372,9.248,94,552,210,0.758,0.84,0.758,0.84,0,0,78.586,0.891,3.866,22,15.893,0.017,0,479758.3,15921.43,21126.41,16
13,54,176,30,5,176,113,66,187.348,4.958,0.603,8.22,160,552,210,0.84,0.608,0.84,0.608,0,0,103.591,1.091,4.545,48,25.818,0.017,0,842368.5,18554.91,24090.93,16
13,55,114,19,5,114,76,38,188.781,3.602,0.403,8.947,112,552,210,0.608,0.697,0.608,0.697,0,0,84.02,0.905,3.982,91,11.789,0.017,0,613319.6,15672.6,24491.8,16
13,56,112,19,5,112,87,27,188.415,3.539,0.462,7.664,96,552,210,0.697,0.916,0.697,0.916,0,0,89.871,0.968,3.656,36,16.388,0.017,0,601802.9,29249.31,24789.67,15
13,57,62,11,5,62,45,17,191.414,1.981,0.235,8.426,53,552,210,0.916,0.911,0.916,0.911,0,0,69.584,0.647,3.063,20,12.06,0.017,0,313965.7,13151.73,23150.26,14
13,58,113,19,5,113,79,37,188.498,3.456,0.419,8.245,101,552,210,0.911,0.957,0.911,0.957,0,0,99.857,0.791,4.368,31,20.235,0.017,0,605848.6,46318.46,26672.58,16
13,59,114,19,5,114,75,41,189.215,3.602,0.396,9.087,110,552,210,0.957,0.874,0.957,0.874,0,0,87.754,0.855,4.214,65,14.15,0.017,0,602212.2,20226.5,26854.33,15
13,60,118,20,5,118,74,44,186.049,3.688,0.398,9.271,115,552,210,0.874,0.948,0.874,0.948,0,0,80.236,0.922,3.998,47,18.714,0.017,0,772147.4,41960.5,23629.15,15
13,61,114,19,5,114,84,30,184.816,3.602,0.455,7.925,111,552,210,0.948,1,0.948,1,0,0,95.706,0.878,4.104,72,12.675,0.017,0,662511.9,31569.69,24392.09,14
13,62,114,19,5,114,89,27,186.115,3.602,0.478,7.532,109,552,210,1,0.909,1,0.909,0,0,84.487,1.053,3.419,78,10.734,0.017,0,639332.8,10439.31,25862.04,15
13,63,113,19,5,113,93,22,101.907,3.456,0.913,3.787,54,552,210,0.909,1,0.909,1,0,0,37.766,2.463,1.403,37,0.463,0.017,0,645978.9,49516.05,25862.04,15
13,64,126,21,5,126,86,42,188.215,3.895,0.457,8.524,113,552,210,1,0.476,1,0.476,0,0,94.322,0.912,4.272,27,20.536,0.017,0,720719.6,15056.83,27392.76,14
13,65,114,19,5,114,63,53,187.932,3.149,0.335,9.394,92,552,210,0.476,0.797,0.476,0.797,0,0,98.573,0.639,4.927,54,14.95,0.017,0,863785.8,62684.65,27339.82,15
13,66,126,21,5,126,77,53,188.648,3.895,0.408,9.542,124,552,210,0.797,0.721,0.797,0.721,0,0,83.737,0.92,4.236,89,9.267,0.017,0,784744.9,22868.44,25045.28,15
14,1,8,3,8.8,8,4,4,24.933,0.406,0.16,2.533,5,8,1,1,1,1,1,0,0,19.983,0.2,2.03,3,3.637,0.017,0,73.91,16.38,112.869,6
14,2,8,3,8.6,8,3,5,32.7,0.415,0.092,4.522,6,8,3,1,0.964,1,0.964,0,0,21.183,0.142,2.929,5,2.567,0.017,0,136.645,27.568,112.869,6
14,3,8,3,8.4,8,7,1,36.183,0.424,0.193,2.19,7,8,6,0.964,0.599,0.964,0.599,0,0,33.55,0.209,2.031,7,2.179,0.017,0,166.766,28.149,167.543,8
14,4,10,4,8.2,10,6,4,42.133,0.522,0.142,3.664,9,89,7,0.599,0.939,0.599,0.939,0,0,12.75,0.471,1.109,8,3.745,0.017,0,242.754,32.556,174.123,8
14,5,11,4,8,11,11,0,29.683,0.608,0.371,1.64,8,106,3,0.939,1,0.939,1,0,0,18.467,0.596,1.02,8,0.99,0.017,0,386.037,72.925,171.604,7
14,6,19,7,7.8,19,13,6,41.083,0.882,0.316,2.788,11,45,5,1,1,1,1,0,0,35.3,0.368,2.396,5,2.906,0.017,0,568.338,69.994,202.671,8
14,7,14,5,7.6,14,10,4,34.85,0.779,0.287,2.713,11,69,6,1,1,1,1,0,0,23.466,0.426,1.827,9,0.468,0.017,0,445.376,76.663,226.023,9
14,8,15,5,7.4,15,11,4,46.199,0.836,0.238,3.51,12,81,5,1,1,1,1,0,0,21.55,0.51,1.637,9,0.647,0.017,0,481.163,48.544,238.531,9
14,9,16,6,7.2,16,9,7,42.716,0.877,0.211,4.161,11,107,5,1,1,1,1,0,0,30.4,0.296,2.961,5,8.035,0.017,0,690.428,73.99,250.448,8
14,10,10,4,7,10,9,1,18.817,0.596,0.478,1.246,5,123,6,1,1,1,1,0,0,17.95,0.501,1.188,5,1.05,0.017,0,605.332,139.745,263.209,9
14,11,18,6,6.8,18,10,8,66.55,0.938,0.15,6.244,13,123,7,1,1,1,1,0,0,21.067,0.475,1.977,10,0.691,0.017,0,892.443,108.977,267.125,9
14,12,19,7,6.6,19,13,6,43.166,0.993,0.301,3.297,13,123,9,1,1,1,1,0,0,21.267,0.611,1.624,7,1.166,0.017,0,1335.493,152.866,450.021,10
14,13,19,7,6.4,19,13,6,50.499,1.08,0.257,4.194,11,146,3,1,1,1,1,0,0,35.616,0.365,2.958,7,2.338,0.017,0,1257.422,131.583,507.614,10
14,14,26,7,6.2,26,14,12,77.052,0.976,0.182,5.373,11,164,4,1,1,1,1,0,0,39.833,0.351,2.778,7,3.53,0.017,0,2566.356,311.417,562.908,11
14,15,24,7,6,24,9,15,187.882,1.064,0.048,22.218,21,164,5,1,1,1,1,0,0,44.216,0.204,5.229,7,9.314,0.017,0,3099.787,327.113,619.809,11
14,16,26,7,5.8,26,16,10,68.65,1.185,0.233,5.082,20,182,5,1,1,1,1,0,0,34.833,0.459,2.579,9,1.429,0.017,0,3543.488,326.028,721.22,10
14,17,27,7,5.6,27,14,13,67.817,1.265,0.206,6.126,18,226,7,1,1,1,1,0,0,29.483,0.475,2.663,11,3.539,0.017,0,3600.933,274.949,830.692,10
14,18,36,7,5.4,36,16,20,190.931,1.07,0.084,12.773,22,243,9,1,1,1,1,0,0,39.35,0.407,2.632,8,6.107,0.017,0,6382.07,431.112,1044.096,11
14,19,56,10,5.2,56,23,33,192.664,1.715,0.119,14.368,44,243,12,1,1,1,1,0,0,42.683,0.539,3.183,18,7.107,0.017,0,11756.22,606.967,1674.397,11
14,20,39,7,5,39,21,18,192.497,1.32,0.109,12.098,30,243,14,1,1,1,1,0,0,41.1,0.511,2.583,13,11.545,0.017,0,13752.81,908.108,1675.694,11
14,21,42,7,5,42,20,22,188.265,1.244,0.106,11.714,32,264,15,1,0.83,1,0.83,0,0,34.733,0.576,2.161,19,12.987,0.017,0,17226.94,1110.199,2118.175,11
14,22,44,8,5,44,14,30,193.147,1.346,0.072,18.564,39,264,21,0.83,1,0.83,1,0,0,49.483,0.283,4.756,13,52.613,0.017,0,19820.69,1152.188,2476.845,11
14,23,46,8,5,46,7,39,191.247,1.309,0.037,35.755,43,276,24,1,0.853,1,0.853,0,0,53.883,0.13,10.074,10,30.863,0.017,0,26300.2,1747.389,3040.73,11
14,24,83,14,5,83,16,67,194.747,2.409,0.082,29.325,83,276,32,0.853,0.771,0.853,0.771,0,0,52.883,0.303,7.963,31,32.655,0.017,0,43503.32,1342.135,4158.923,11
14,25,56,10,5,56,21,35,189.931,1.75,0.111,15.828,56,353,35,0.771,0.821,0.771,0.821,0,0,69.284,0.303,5.774,37,25.24,0.017,0,37548.39,3957.536,3671.475,13
14,26,70,12,5,70,26,44,191.147,2.118,0.136,15.571,65,334,35,0.821,0.824,0.821,0.824,0,0,84.37,0.308,6.873,31,24.821,0.017,0,47130.42,1249.819,4019.832,13
14,27,66,11,5,66,29,37,190.548,2.04,0.152,13.405,65,424,43,0.824,1,0.824,1,0,0,64.216,0.452,4.518,36,18.549,0.017,0,54665.14,4464.093,4676.882,12
14,28,72,12,5,72,16,56,188.631,2.179,0.085,25.684,72,479,48,1,1,1,1,0,0,37.616,0.425,5.122,34,22.233,0.017,0,59319.73,1677.405,5800.837,13
14,29,75,13,5,75,35,40,194.58,2.222,0.18,12.354,69,479,56,1,1,1,1,0,0,75.585,0.463,4.799,18,30.256,0.017,0,76734.41,2427.23,6672.619,14
14,30,80,14,5,80,43,37,190.848,2.322,0.225,10.307,80,479,71,1,1,1,1,0,0,57.783,0.744,3.121,35,27.601,0.017,0,96579.27,3883.528,7642.981,12
14,31,77,13,5,77,44,33,193.697,2.282,0.227,10.044,76,479,84,1,1,1,1,0,0,88.071,0.5,4.567,48,11.695,0.017,0,93386.88,4926.031,10784.91,15
14,32,43,8,5,43,34,9,189.698,1.359,0.179,7.58,42,479,108,1,1,1,1,0,0,39.95,0.851,1.596,26,5.747,0.017,0,57134.04,3038.742,17728.6,13
14,33,90,15,5,90,54,36,190.664,2.56,0.283,9.041,81,479,131,1,1,1,1,0,0,104.625,0.516,4.961,22,21.086,0.017,0,122574.4,8053.81,20195.78,14
14,34,79,14,5,79,53,26,191.281,2.293,0.277,8.276,66,479,148,1,1,1,1,0,0,94.139,0.563,4.073,21,23.577,0.017,0,118778.1,2952.141,27721.1,14
14,35,79,14,5,79,46,33,189.131,2.317,0.243,9.525,78,479,161,1,1,1,1,0,0,81.903,0.562,4.125,34,30.195,0.017,0,167030,18885.36,25231.38,15
14,36,79,14,5,79,53,26,192.564,2.293,0.275,8.332,71,479,178,1,1,1,1,0,0,86.104,0.616,3.726,32,13.749,0.017,0,138716.8,6935.556,28953.78,13
14,37,79,14,5,79,45,34,189.448,2.293,0.238,9.654,61,479,179,1,1,1,1,0,0,88.071,0.511,4.488,15,20.888,0.017,0,151786.6,7569.223,35289.09,14
14,38,91,16,5,91,57,34,190.648,2.538,0.299,8.49,82,479,179,1,1,1,1,0,0,96.856,0.589,4.313,35,9.172,0.017,0,204517,11634.77,37323.82,14
14,39,79,14,5,79,38,41,192.947,2.293,0.197,11.644,68,479,179,1,1,1,1,0,0,87.804,0.433,5.299,23,24.688,0.017,0,165743,6261.478,46063.05,13
14,40,79,14,5,79,49,30,192.947,2.341,0.254,9.217,79,479,179,1,1,1,1,0,0,93.289,0.525,4.456,29,25.787,0.017,0,245762.2,24873.31,39737.67,15
14,41,79,14,5,79,38,41,183.333,2.293,0.207,11.064,64,479,179,1,1,1,1,0,0,58.433,0.65,3.526,33,6.697,0.017,0,237121.1,6631.766,39702.3,12
14,42,79,14,5,79,47,32,188.431,2.293,0.249,9.194,65,479,179,1,1,1,1,0,0,98.973,0.475,4.829,21,16.171,0.017,0,217847,6698.652,39838.23,14
14,43,79,14,5,79,43,36,191.914,2.293,0.224,10.235,69,479,179,1,1,1,1,0,0,111.559,0.385,5.949,36,16.412,0.017,0,226327.7,9512.477,39940.45,15
14,44,79,14,5,79,43,36,190.131,2.341,0.226,10.35,73,479,179,1,1,1,1,0,0,71.818,0.599,3.909,48,11.997,0.017,0,257916.7,7012.608,49811.93,13
14,45,79,14,5,79,40,39,191.081,2.365,0.209,11.299,78,479,179,1,1,1,1,0,0,94.056,0.425,5.562,31,35.073,0.017,0,364196.2,40600.12,39906.28,14
14,46,79,14,5,79,37,42,191.264,2.365,0.193,12.227,72,479,179,1,1,1,1,0,0,79.336,0.466,5.072,39,9.138,0.017,0,344322.4,48247.2,39974.81,14
14,47,80,14,5,80,34,46,189.165,2.128,0.18,11.838,76,479,179,1,1,1,1,0,0,85.554,0.397,5.354,41,14.909,0.017,0,320358.4,13694.77,33844.45,14
14,48,98,17,5,98,50,48,189.348,2.761,0.264,10.454,97,479,179,1,1,1,1,0,0,89.688,0.557,4.952,53,22.951,0.017,0,489643.6,68666.09,34381.2,15
14,49,92,16,5,92,67,25,190.198,2.698,0.352,7.659,91,556,184,1,1,1,1,0,0,75.718,0.885,3.049,59,17.45,0.017,0,392354,8010.891,31011.81,15
14,50,112,19,5,112,57,55,190.398,3.462,0.299,11.565,106,556,191,1,1,1,1,0,0,114.31,0.499,6.943,30,21.007,0.017,0,637989.5,48964.86,29786.4,16
14,51,106,18,5,106,59,47,191.247,3.207,0.309,10.396,104,556,206,1,0.913,1,0.913,0,0,91.088,0.648,4.952,46,41.593,0.017,0,516496.3,30920.46,24732.25,16
14,52,112,19,5,112,78,34,189.581,3.094,0.411,7.52,108,556,213,0.913,1,0.913,1,0,0,82.253,0.948,3.263,49,17.673,0.017,0,574055.6,58109.44,25287.97,16
14,53,118,20,5,118,71,47,191.164,3.609,0.371,9.716,102,556,213,1,1,1,1,0,0,77.802,0.913,3.954,23,26.217,0.017,0,577933.8,9075.141,26575.29,16
14,54,119,20,5,119,84,35,189.115,3.526,0.444,7.938,116,556,213,1,1,1,1,0,0,66.116,1.27,2.775,61,19.207,0.017,0,588463.3,18554.91,26640.74,16
14,55,123,21,5,123,96,27,187.548,3.802,0.512,7.428,123,556,213,1,1,1,1,0,0,72.118,1.331,2.856,50,19.427,0.017,0,707498.8,15101.78,27007.23,16
14,56,67,12,5,67,46,21,188.382,2.027,0.244,8.302,67,556,213,1,1,1,1,0,0,52.249,0.88,2.303,22,30.325,0.017,0,453157.9,59735.63,27616.21,15
14,57,122,21,5,122,70,52,191.631,3.506,0.365,9.597,118,556,213,1,1,1,1,0,0,100.874,0.694,5.052,53,24.676,0.017,0,591438.5,8428.675,27864.23,16
14,58,132,22,5,132,87,45,189.898,3.793,0.458,8.279,131,556,213,1,1,1,1,0,0,88.621,0.982,3.864,53,32.199,0.017,0,695469.5,13460.34,28906.92,16
14,59,132,22,5,132,96,36,191.847,4.037,0.5,8.067,132,556,213,1,1,1,1,0,0,92.539,1.037,3.891,64,30.061,0.017,0,765157.5,23324.46,28941.08,17
14,60,219,37,5,219,141,78,191.947,5.825,0.735,7.929,219,556,213,1,0.927,1,0.927,0,0,103.741,1.359,4.285,97,23.209,0.017,0,1354737,68666.09,29323.23,17
14,61,132,22,5,132,82,50,188.515,3.952,0.435,9.086,131,556,213,0.927,1,0.927,1,0,0,79.402,1.033,3.827,80,17.562,0.017,0,791830.4,13788.45,30677.89,16
14,62,144,24,5,144,96,48,190.398,3.978,0.504,7.889,140,556,213,1,0.922,1,0.922,0,0,104.325,0.92,4.323,56,28.307,0.017,0,913240.9,81490.04,31238.7,16
14,63,144,24,5,144,107,37,192.164,4.267,0.557,7.663,140,556,213,0.922,1,0.922,1,0,0,100.524,1.064,4.008,52,23.246,0.017,0,873943.8,16742.34,31408.83,16
14,64,132,22,5,132,95,37,190.881,4.037,0.498,8.111,132,556,213,1,1,1,1,0,0,84.454,1.125,3.589,58,32.256,0.017,0,875943.5,83770.53,34069.36,16
14,65,73,13,5,73,57,16,191.331,2.257,0.298,7.575,73,556,213,1,1,1,1,0,0,57.716,0.988,2.285,28,26.11,0.017,0,606292.1,19640.23,32541.94,14
14,66,132,22,5,132,87,45,191.081,3.447,0.455,7.57,126,556,213,1,1,1,1,0,0,107.825,0.807,4.272,73,18.804,0.017,0,836567.6,11648.69,33871.32,16
14,67,132,22,5,132,90,42,189.598,3.871,0.475,8.155,119,556,213,1,1,1,1,0,0,100.357,0.897,4.316,28,34.509,0.017,0,855517.1,20436.46,33871.32,16
15,1,8,3,8.8,8,4,4,51.299,0.406,0.078,5.213,6,8,1,1,0.896,1,0.896,0,0,27.283,0.147,2.772,4,4.523,0.017,0,81.821,13.221,112.869,6
15,2,8,3,8.6,8,3,5,30.066,0.415,0.1,4.158,6,8,3,0.896,0.918,0.896,0.918,0,0,23.1,0.13,3.194,6,2.462,0.017,0,169.061,39.572,112.869,6
15,3,8,3,8.4,8,4,4,38.083,0.424,0.105,4.034,7,26,5,0.918,0.709,0.918,0.709,0,0,24.116,0.166,2.554,5,6.4,0.017,0,166.561,27.864,122.523,7
15,4,10,4,8.2,10,7,3,44.599,0.521,0.157,3.321,4,26,6,0.709,0.736,0.709,0.736,0,0,24,0.292,1.787,4,2.287,0.017,0,281.589,57.162,123.803,7
15,5,15,5,8,15,9,6,38.016,0.845,0.237,3.57,15,35,7,0.736,0.853,0.736,0.853,0,0,16.717,0.538,1.57,6,6.532,0.017,0,423.011,58.279,124.397,7
15,6,21,7,7.8,21,8,13,55.316,1.042,0.145,7.206,20,62,1,0.853,1,0.853,1,0,0,16.1,0.497,2.097,9,7.268,0.017,0,673.471,62.844,125.858,7
15,7,15,5,7.6,15,4,11,182.166,0.817,0.022,37.228,15,113,2,1,1,1,1,0,0,20.85,0.192,4.261,4,16.712,0.017,0,574.002,82.268,127.452,7
15,8,19,7,7.4,19,1,18,185.532,1.038,0.005,192.63,19,113,4,1,0.673,1,0.673,0,0,28.533,0.035,29.625,11,5.809,0.017,0,949.466,111.551,228.024,9
15,9,20,7,7.2,20,4,16,188.648,1.055,0.021,49.776,19,113,5,0.673,0.44,0.673,0.44,0,0,33.916,0.118,8.949,8,13.949,0.017,0,1356.451,224.193,260.86,9
15,10,22,7,7,22,7,15,182.566,0.862,0.038,22.472,17,135,9,0.44,0.667,0.44,0.667,0,0,37.416,0.187,4.606,7,12.604,0.017,0,2499.928,362.411,232.615,9
15,11,37,7,6.8,37,24,13,189.381,0.943,0.127,7.439,24,135,10,0.667,1,0.667,1,0,0,35.616,0.674,1.399,7,23.194,0.017,0,4073.879,509.873,249.592,9
15,12,24,7,6.6,24,14,10,184.899,0.885,0.076,11.682,13,179,12,1,1,1,1,0,0,28.35,0.494,1.791,7,2.888,0.017,0,4100.935,789.698,294.179,9
15,13,30,7,6.4,30,12,18,81.37,0.995,0.147,6.747,26,201,12,1,1,1,1,0,0,27.1,0.443,2.247,17,3.147,0.017,0,7027.146,2220.618,311.216,9
15,14,26,7,6.2,26,11,15,185.516,1.123,0.059,18.941,18,230,15,1,0.831,1,0.831,0,0,56.683,0.194,5.787,6,14.219,0.017,0,10277.98,2504.504,853.911,10
15,15,28,7,6,28,5,23,186.265,1.242,0.027,46.257,23,230,18,0.831,0.72,0.831,0.72,0,0,53.149,0.094,13.199,11,6.534,0.017,0,23813.99,7317.292,955.294,10
15,16,32,7,5.8,32,17,15,188.215,1.153,0.09,12.767,24,230,20,0.72,1,0.72,1,0,0,32.483,0.523,2.203,18,5.636,0.017,0,8203.499,604.268,1093.144,10
15,17,35,7,5.6,35,18,17,187.348,1.296,0.096,13.492,24,252,22,1,0.794,1,0.794,0,0,37.683,0.478,2.714,7,9.112,0.017,0,50533.9,13896.28,1633.198,9
15,18,43,8,5.4,43,25,20,187.565,1.157,0.133,8.684,29,276,12,0.794,0.909,0.794,0.909,0,0,57.999,0.431,2.685,11,14.257,0.017,0,15110.29,783.927,1891.018,11
15,19,40,7,5.2,40,19,21,186.215,1.151,0.102,11.282,28,276,17,0.909,1,0.909,1,0,0,41.366,0.459,2.506,18,2.966,0.017,0,66385.89,20113.69,3064.411,10
15,20,43,8,5,43,17,27,193.114,1.329,0.088,15.1,37,292,22,1,0.882,1,0.882,0,0,58.349,0.291,4.562,25,9.95,0.017,0,18446.08,1032.411,3227.289,11
15,21,46,8,5,46,12,35,189.864,1.407,0.063,22.258,45,292,27,0.882,0.737,0.882,0.737,0,0,42.033,0.285,4.927,31,9.549,0.017,0,75761.11,22414.32,3724.118,11
15,22,59,10,5,59,27,33,192.83,1.73,0.14,12.357,58,292,34,0.737,0.86,0.737,0.86,0,0,82.02,0.329,5.256,43,8.736,0.017,0,28740.56,1362.669,4103.274,12
15,23,51,9,5,51,18,33,191.747,1.56,0.094,16.614,49,307,43,0.86,0.734,0.86,0.734,0,0,75.985,0.237,6.584,23,17.989,0.017,0,83418.88,22414.32,5940.162,11
15,24,56,10,5,56,29,27,191.964,1.694,0.151,11.216,46,307,44,0.734,0.777,0.734,0.777,0,0,54.149,0.536,3.164,35,1.287,0.017,0,34459.38,1813.358,5557.338,12
15,25,74,13,5,74,22,52,188.065,2.193,0.117,18.743,74,327,53,0.777,0.62,0.777,0.62,0,0,70.251,0.313,7.001,50,12.214,0.017,0,102004.9,22414.32,6136.009,13
15,26,71,12,5,71,32,39,194.997,2.061,0.164,12.559,70,407,67,0.62,0.9,0.62,0.9,0,0,87.021,0.368,5.605,32,13.038,0.017,0,54529.18,4091.59,7392.323,13
15,27,79,14,5,79,34,46,161.288,2.293,0.211,10.878,79,491,84,0.9,1,0.9,1,0,0,74.418,0.457,5.019,48,10.023,0.017,0,114591.1,22414.32,8721.017,13
15,28,47,8,5,47,32,15,114.977,1.437,0.278,5.164,45,491,98,1,1,1,1,0,0,52.016,0.615,2.336,38,8.57,0.017,0,58475.12,8622.916,10031.3,13
15,29,87,15,5,87,58,29,142.943,2.475,0.406,6.1,81,491,110,1,0.932,1,0.932,0,0,78.202,0.742,3.337,66,9.1,0.017,0,131388.8,22414.32,11621.31,13
15,30,88,15,5,88,62,26,187.498,2.504,0.331,7.571,87,491,133,0.932,1,0.932,1,0,0,105.308,0.589,4.252,54,14.713,0.017,0,119052.6,16112.1,14982.37,14
15,31,89,15,5,89,61,28,187.382,2.532,0.326,7.778,82,491,149,1,1,1,1,0,0,89.588,0.681,3.719,37,10.665,0.017,0,158266.8,22414.32,16806.19,14
15,32,90,15,5,90,54,36,189.581,2.56,0.285,8.989,89,491,165,1,1,1,1,0,0,82.887,0.651,3.93,75,8.374,0.017,0,169751.2,40660.59,23736.62,15
15,33,92,16,5,92,56,39,174.052,2.592,0.322,8.055,83,491,179,1,1,1,1,0,0,89.505,0.626,4.142,54,6.936,0.017,0,145297,22414.32,26700.48,14
15,34,103,18,5,103,60,44,186.215,2.873,0.322,8.917,99,491,179,1,1,1,1,0,0,109.892,0.546,5.262,78,10.744,0.017,0,165558.4,18447.32,28746.73,14
15,35,95,16,5,95,69,26,187.582,2.703,0.368,7.348,95,491,179,1,1,1,1,0,0,112.21,0.615,4.395,59,17.499,0.017,0,191703.7,20630.54,30069.37,16
15,36,98,17,5,98,60,39,194.997,2.734,0.308,8.884,96,491,179,1,1,1,1,0,0,105.391,0.569,4.802,81,9.385,0.017,0,177832.4,4539.803,31061.64,15
15,37,110,19,5,110,58,52,191.281,3.193,0.303,10.531,110,491,179,1,1,1,1,0,0,111.993,0.518,6.166,78,17.696,0.017,0,224298.4,4885.87,32149.95,16
15,38,98,17,5,98,55,43,191.681,2.734,0.287,9.527,93,491,179,1,1,1,1,0,0,87.288,0.63,4.338,47,11.308,0.017,0,200924.2,4816.521,33353.64,15
15,39,98,17,5,98,40,58,194.13,2.681,0.206,13.013,96,491,179,1,1,1,1,0,0,106.508,0.376,7.139,41,22.055,0.017,0,217779.1,15561.67,34305.01,15
15,40,98,17,5,98,51,47,194.18,2.934,0.263,11.172,98,491,179,1,1,1,1,0,0,92.505,0.551,5.322,77,10.519,0.017,0,269564.8,10534.44,35331.36,16
15,41,110,19,5,110,59,51,191.997,3.161,0.307,10.286,106,491,179,1,1,1,1,0,0,99.99,0.59,5.357,83,15.089,0.017,0,299781.7,8459.883,35331.36,16
15,42,98,17,5,98,45,53,190.281,2.788,0.236,11.789,97,491,179,1,1,1,1,0,0,98.723,0.456,6.117,77,14.249,0.017,0,267953.6,6080.292,35276.64,14
15,43,98,17,5,98,28,72,193.414,2.997,0.145,20.702,96,491,179,1,1,1,1,0,0,121.495,0.23,13.004,50,15.938,0.017,0,295487.9,12989.59,35358.68,16
15,44,98,17,5,98,52,47,189.598,2.788,0.274,10.166,96,491,179,1,1,1,1,0,0,83.803,0.62,4.493,52,13.459,0.017,0,306840,6868.905,31846.52,16
15,45,157,27,5,157,60,97,191.847,4.557,0.313,14.572,155,491,179,1,1,1,1,0,0,131.779,0.455,10.009,83,20.134,0.017,0,544487.3,10915.15,35386.38,16
15,46,104,18,5,104,45,60,193.147,2.93,0.233,12.574,102,491,179,1,1,1,1,0,0,128.096,0.351,8.339,68,17.252,0.017,0,375925.7,6631.766,35386.39,16
15,47,106,18,5,106,36,70,192.047,3.077,0.187,16.414,104,491,179,1,1,1,1,0,0,116.11,0.31,9.924,51,8.67,0.017,0,411481.8,25196.26,30072.71,16
15,48,106,18,5,106,47,59,190.114,3.207,0.247,12.973,98,515,193,1,1,1,1,0,0,116.344,0.404,7.939,46,10.341,0.017,0,428756,11091.13,30260.72,15
15,49,124,21,5,124,45,79,188.915,3.713,0.238,15.586,122,574,204,1,1,1,1,0,0,108.442,0.415,8.947,59,13.94,0.017,0,567669.4,39518,31655.46,15
15,50,80,14,5,80,40,40,189.698,2.5,0.211,11.856,78,574,204,1,1,1,1,0,0,98.673,0.405,6.167,34,11.033,0.017,0,437995.4,14088.26,20818.75,16
15,51,129,22,5,129,93,37,187.932,3.903,0.495,7.888,120,574,204,1,1,1,1,0,0,97.806,0.951,4.105,93,7.62,0.017,0,637989,62275.12,21819.68,16
15,52,137,23,5,137,78,59,189.565,4.145,0.411,10.074,133,574,204,1,1,1,1,0,0,100.24,0.778,5.327,49,16.12,0.017,0,637426,14088.26,22163.38,14
15,53,144,24,5,144,89,55,190.231,4.311,0.468,9.215,129,574,204,1,1,1,1,0,0,109.076,0.816,5.284,62,13.845,0.017,0,733727.2,18148.23,22289.9,16
15,54,145,25,5,145,91,54,190.131,4.296,0.479,8.977,143,574,204,1,1,1,1,0,0,103.358,0.88,4.88,108,11.145,0.017,0,711265.8,12545.18,25891.26,16
15,55,147,25,5,147,109,40,75.518,4.356,1.443,3.018,125,574,204,1,1,1,1,0,0,54.349,2.006,2.172,68,2.905,0.017,0,967055.6,16308.74,24035.65,13
15,56,155,26,5,155,86,70,188.481,4.546,0.456,9.962,152,574,204,1,1,1,1,0,0,103.074,0.834,5.448,92,11.021,0.017,0,804591.9,19381.73,24147.85,16
15,57,158,27,5,158,83,75,188.965,4.586,0.439,10.442,143,574,204,1,1,1,1,0,0,102.341,0.811,5.655,105,9.093,0.017,0,853039.6,35842.72,24504.65,16
15,58,160,27,5,160,128,32,187.648,4.644,0.682,6.809,104,574,204,1,1,1,1,0,0,50.699,2.525,1.84,72,0.726,0.017,0,842510.9,30398.47,25832.61,15
15,59,158,27,5,158,97,64,188.065,4.407,0.516,8.545,148,574,204,1,1,1,1,0,0,111.743,0.868,5.077,104,8.402,0.017,0,840409,20226.5,32734.39,16
15,60,172,29,5,172,105,68,186.015,4.893,0.564,8.669,165,574,204,1,1,1,1,0,0,118.528,0.886,5.524,115,11.038,0.017,0,1093894,20950.75,26210.08,16
15,61,160,27,5,160,83,77,189.931,4.644,0.437,10.628,147,574,204,1,1,1,1,0,0,103.824,0.799,5.81,70,10.713,0.017,0,897510.3,10205.36,27601.54,16
15,62,160,27,5,160,78,83,187.882,4.644,0.415,11.187,157,574,204,1,1,1,1,0,0,125.196,0.623,7.455,74,11.432,0.017,0,939474.8,24719.45,28150.34,16
15,63,160,27,5,160,73,89,188.448,4.644,0.387,11.99,152,574,204,1,1,1,1,0,0,122.795,0.594,7.813,112,11.011,0.017,0,923683.4,14730.41,28549.94,16
16,1,8,3,8.8,8,4,4,56.466,0.406,0.071,5.737,6,7,1,1,0.841,1,0.841,0,0,30.3,0.132,3.079,3,10.704,0.017,0,72.572,10.709,112.869,6
16,2,8,3,8.6,8,3,5,46.566,0.415,0.064,6.44,6,7,3,0.841,0.378,0.841,0.378,0,0,32.016,0.094,4.428,6,3.579,0.017,0,149.649,27.871,112.869,6
16,3,8,3,8.4,8,5,3,30.583,0.424,0.163,2.591,5,7,6,0.378,0.671,0.378,0.671,0,0,28.116,0.178,2.382,5,1.156,0.017,0,155.179,24.491,285.846,7
16,4,10,4,8.2,10,9,1,27.25,0.521,0.33,1.578,6,7,7,0.671,1,0.671,1,0,0,26.766,0.336,1.55,6,1.192,0.017,0,224.479,33.291,308.777,7
16,5,14,5,8,14,12,2,27.25,0.694,0.44,1.575,9,7,7,1,1,1,1,0,0,25.6,0.469,1.48,9,1.413,0.017,0,329.347,41.723,329.107,8
16,6,12,4,7.8,12,9,3,47.299,0.629,0.19,3.305,9,104,8,1,1,1,1,0,0,26.833,0.335,1.875,9,1.394,0.017,0,368.251,55.761,355.792,8
16,7,13,5,7.6,13,11,2,54.599,0.683,0.201,3.39,9,104,9,1,1,1,1,0,0,26.9,0.409,1.67,9,1.722,0.017,0,407.063,61.303,384.886,8
16,8,14,5,7.4,14,11,3,31.433,0.737,0.35,2.107,9,65,4,1,1,1,1,0,0,31.433,0.35,2.107,9,0.017,0.017,0,506.437,80.62,434.988,9
16,9,15,5,7.2,15,15,0,38.983,0.792,0.385,2.059,7,65,5,1,1,1,1,0,0,30.6,0.49,1.616,6,0.487,0.017,0,506.66,70.135,425.036,8
16,10,16,6,7,16,10,6,183.033,0.847,0.055,15.509,9,65,6,1,1,1,1,0,0,25.35,0.394,2.148,9,0.017,0.017,0,886.844,135.3,506.416,9
16,11,16,6,6.8,16,10,6,39.733,0.866,0.252,3.439,9,83,6,1,1,1,1,0,0,22.866,0.437,1.979,7,0.171,0.017,0,1168.238,165.297,525.972,9
16,12,17,6,6.6,17,8,9,45.849,0.922,0.174,5.286,10,162,7,1,1,1,1,0,0,43.833,0.183,5.053,10,0.017,0.017,0,1084.33,88.517,571.101,9
16,13,24,7,6.4,24,21,3,52.233,0.905,0.402,2.25,11,108,9,1,1,1,1,0,0,24.766,0.848,1.067,11,0.082,0.017,0,1822.551,166.206,680.568,10
16,14,19,7,6.2,19,11,8,46.949,1.036,0.234,4.423,11,122,10,1,1,1,1,0,0,26.9,0.409,2.534,8,0.226,0.017,0,1659.878,264.408,787.324,10
16,15,35,7,6,35,23,12,176.568,1.005,0.13,7.714,18,122,11,1,1,1,1,0,0,46.266,0.497,2.021,10,6.048,0.017,0,3798.306,410.463,893.15,10
16,16,24,7,5.8,24,13,11,58.483,0.97,0.222,4.365,10,147,12,1,1,1,1,0,0,28.116,0.462,2.099,9,2.057,0.017,0,3220.936,613.184,937.109,10
16,17,34,7,5.6,34,21,13,85.771,1.034,0.245,4.223,18,181,4,1,1,1,1,0,0,71.901,0.292,3.54,10,1.848,0.017,0,3917.853,266.206,1024.137,10
16,18,15,5,5.4,15,9,6,41.733,0.978,0.216,4.536,9,205,7,1,1,1,1,0,0,31.833,0.283,3.46,7,1.747,0.017,0,3734.369,1283.63,1377.618,10
16,19,32,7,5.2,32,23,9,187.748,1.096,0.123,8.946,16,205,9,1,1,1,1,0,0,73.451,0.313,3.5,8,2.419,0.017,0,5731.252,584.694,1637.364,11
16,20,34,7,5,34,21,13,186.782,1.293,0.112,11.499,23,230,12,1,0.917,1,0.917,0,0,52.799,0.398,3.25,13,2.108,0.017,0,11281.86,3521.632,1751.864,11
16,21,47,8,5,47,32,15,194.547,1.554,0.164,9.446,26,230,15,0.917,0.959,0.917,0.959,0,0,59.033,0.542,2.866,15,3.381,0.017,0,12614.11,727.175,2419.544,12
16,22,39,7,5,39,21,18,190.464,1.168,0.11,10.591,21,256,19,0.959,0.911,0.959,0.911,0,0,71.684,0.293,3.986,9,7.117,0.017,0,27722.37,11434.69,2722.199,12
16,23,43,8,5,43,23,20,191.214,1.374,0.12,11.421,30,256,22,0.911,1,0.911,1,0,0,76.569,0.3,4.574,10,3.98,0.017,0,17601.75,1003.484,3027.801,12
16,24,49,9,5,49,16,33,192.93,1.452,0.083,17.507,39,282,25,1,1,1,1,0,0,70.451,0.227,6.393,21,4.62,0.017,0,63422.44,25866.37,4044.113,13
16,25,55,10,5,55,13,42,184.749,1.738,0.07,24.696,51,299,28,1,0.761,1,0.761,0,0,74.285,0.175,9.93,24,9.779,0.017,0,35242.16,1564.696,4242.72,13
16,26,60,10,5,60,4,56,189.615,1.596,0.021,75.645,46,345,19,0.761,0.708,0.761,0.708,0,0,66.816,0.06,26.656,23,7.453,0.017,0,133114.3,59735.63,4642.329,13
16,27,66,11,5,66,9,57,194.997,2.04,0.046,44.204,62,398,20,0.708,0.863,0.708,0.863,0,0,66.4,0.136,15.052,28,9.401,0.017,0,51064.11,2435.133,5379.897,12
16,28,72,12,5,72,18,54,191.031,2.179,0.094,23.12,60,398,28,0.863,0.509,0.863,0.509,0,0,66.183,0.272,8.01,18,13.614,0.017,0,170529.1,61384.23,7198.893,12
16,29,73,13,5,73,17,56,194.997,2.163,0.087,24.81,71,398,39,0.509,0.702,0.509,0.702,0,0,79.169,0.215,10.073,29,15.131,0.017,0,72513.83,8622.916,7943.042,13
16,30,74,13,5,74,25,49,193.497,2.193,0.129,16.971,68,461,41,0.702,0.505,0.702,0.505,0,0,64.016,0.391,5.614,34,7.363,0.017,0,197152.7,41090,8907.94,15
16,31,42,7,5,42,16,26,190.631,1.388,0.084,16.543,36,481,58,0.505,0.757,0.505,0.757,0,0,65.266,0.245,5.664,12,8.93,0.017,0,79329.96,21844.91,10677.31,12
16,32,90,15,5,90,25,65,192.53,2.56,0.13,19.719,80,481,65,0.757,0.649,0.757,0.649,0,0,71.317,0.351,7.304,35,14.246,0.017,0,229932,47218.64,11479.72,14
16,33,79,14,5,79,30,49,192.647,2.293,0.156,14.726,68,481,80,0.649,0.808,0.649,0.808,0,0,82.553,0.363,6.31,23,7.833,0.017,0,160175,36581.59,14891.28,14
16,34,79,14,5,79,43,36,187.798,2.293,0.229,10.015,69,481,91,0.808,0.765,0.808,0.765,0,0,82.87,0.519,4.419,32,13.665,0.017,0,230009.4,47218.64,14482.86,14
16,35,79,14,5,79,30,49,191.414,2.39,0.157,15.252,78,481,104,0.765,0.517,0.765,0.517,0,0,73.084,0.41,5.823,55,9.747,0.017,0,246406.9,45950.49,18293.05,14
16,36,43,8,5,43,24,19,190.081,1.422,0.126,11.258,39,481,118,0.517,0.364,0.517,0.364,0,0,95.072,0.252,5.631,12,11.965,0.017,0,172899.9,41090,20580.51,14
16,37,79,14,5,79,48,31,190.514,2.317,0.252,9.195,76,481,142,0.364,0.67,0.364,0.67,0,0,97.756,0.491,4.718,35,19.387,0.017,0,231875.4,31607.7,25284.09,14
16,38,79,14,5,79,45,34,190.314,2.341,0.236,9.9,75,481,159,0.67,0.867,0.67,0.867,0,0,105.525,0.426,5.489,48,6.425,0.017,0,290916.4,47218.64,26484.96,14
16,39,55,10,5,55,36,19,187.632,1.738,0.192,9.057,52,481,167,0.867,0.81,0.867,0.81,0,0,96.339,0.374,4.65,24,6.929,0.017,0,231224.6,47218.64,29412.54,14
16,40,82,14,5,82,50,32,184.033,2.535,0.272,9.33,78,481,167,0.81,0.522,0.81,0.522,0,0,102.908,0.486,5.217,41,10.104,0.017,0,269562.4,31607.7,30888.95,14
16,41,79,14,5,79,42,37,186.565,2.293,0.225,10.186,61,481,167,0.522,0.835,0.522,0.835,0,0,98.04,0.428,5.353,27,9.767,0.017,0,201032.9,5101.358,30888.95,14
16,42,79,14,5,79,48,31,187.248,2.416,0.256,9.425,72,481,167,0.835,0.905,0.835,0.905,0,0,100.44,0.478,5.055,32,14.056,0.017,0,219863.8,5246.821,28808.52,15
16,43,79,14,5,79,44,35,187.998,2.317,0.234,9.899,71,481,167,0.905,0.745,0.905,0.745,0,0,106.108,0.415,5.587,26,7.244,0.017,0,319883.4,47218.64,28987.32,14
16,44,79,14,5,79,47,32,102.691,2.442,0.458,5.336,60,481,167,0.745,0.962,0.745,0.962,0,0,77.202,0.609,4.011,25,2.604,0.017,0,333645.1,7012.608,30102.72,13
16,45,82,14,5,82,46,36,189.198,2.62,0.243,10.775,79,481,167,0.962,0.661,0.962,0.661,0,0,96.006,0.479,5.468,29,6.976,0.017,0,330315.9,12176.64,32667.2,14
16,46,79,14,5,79,46,33,191.847,2.442,0.24,10.185,75,481,167,0.661,0.89,0.661,0.89,0,0,107.442,0.428,5.704,29,12.422,0.017,0,288139,8112.792,32667.2,14
16,47,92,16,5,92,43,49,184.549,2.726,0.233,11.699,84,481,167,0.89,0.732,0.89,0.732,0,0,100.19,0.429,6.351,33,10.131,0.017,0,347516.5,6820.868,28519.47,15
16,48,80,14,5,80,32,48,191.181,2.528,0.167,15.101,74,505,186,0.732,0.919,0.732,0.919,0,0,88.421,0.362,6.984,27,10.373,0.017,0,361515.5,13471.98,29351.05,14
16,49,136,23,5,136,61,75,189.065,4.115,0.323,12.754,135,564,182,0.919,0.68,0.919,0.68,0,0,103.991,0.587,7.015,96,16.727,0.017,0,680545.1,8811.98,30723.79,14
16,50,93,16,5,93,40,53,191.197,3.005,0.209,14.363,89,564,190,0.68,0.784,0.68,0.784,0,0,98.123,0.408,7.371,61,13.713,0.017,0,575589.9,20862.69,22435.6,15
16,51,98,17,5,98,64,34,187.732,3.166,0.341,9.288,83,564,190,0.784,0.934,0.784,0.934,0,0,71.101,0.9,3.518,28,12.331,0.017,0,550666.9,16676.76,21710.19,15
16,52,116,20,5,116,81,35,185.915,3.174,0.436,7.285,94,564,190,0.934,0.706,0.934,0.706,0,0,89.838,0.902,3.52,35,15.864,0.017,0,680244.9,32803.24,20525.92,15
16,53,60,10,5,60,40,20,189.215,1.939,0.211,9.17,56,564,190,0.706,0.914,0.706,0.914,0,0,90.822,0.44,4.402,24,17.083,0.017,0,355273.1,25951.96,21337.16,16
16,54,110,19,5,110,70,40,190.714,3.476,0.367,9.469,94,564,190,0.914,0.889,0.914,0.889,0,0,75.485,0.927,3.748,38,12.297,0.017,0,722590.6,51818.66,21511.33,15
16,55,114,19,5,114,76,38,190.614,3.602,0.399,9.034,108,564,190,0.889,0.7,0.889,0.7,0,0,80.236,0.947,3.803,48,10.358,0.017,0,763277.4,32174.24,22335.06,15
16,56,112,19,5,112,71,41,188.348,3.539,0.377,9.388,103,564,190,0.7,0.757,0.7,0.757,0,0,81.853,0.867,4.08,31,10.419,0.017,0,708163.3,68953.12,22686.49,15
16,57,125,21,5,125,59,66,190.048,3.864,0.31,12.447,122,564,190,0.757,0.591,0.757,0.591,0,0,80.369,0.734,5.264,71,24.895,0.017,0,761426.5,50950.3,23051.18,16
16,58,114,19,5,114,80,34,189.681,3.602,0.422,8.54,110,564,190,0.591,0.93,0.591,0.93,0,0,93.255,0.858,4.199,46,10.393,0.017,0,750712.3,11694.42,23247.6,16
16,59,114,19,5,114,86,28,190.881,3.602,0.451,7.995,99,564,190,0.93,0.679,0.93,0.679,0,0,73.968,1.163,3.098,37,19.625,0.017,0,893817.8,75221.58,20958.41,17
16,60,114,19,5,114,70,44,187.232,3.602,0.374,9.634,97,564,190,0.679,0.383,0.679,0.383,0,0,70.901,0.987,3.648,28,12.681,0.017,0,851949.4,21485.13,24123.41,14
16,61,114,19,5,114,86,28,182.533,2.576,0.471,5.468,57,564,190,0.383,0.785,0.383,0.785,0,0,47.766,1.8,1.431,25,8.385,0.017,0,871870.3,77326.66,24452.46,14
16,62,126,21,5,126,66,60,189.098,3.895,0.349,11.159,115,564,190,0.785,0.484,0.785,0.484,0,0,92.772,0.711,5.475,47,17.302,0.017,0,956363.8,32899.15,22494.61,16
16,63,114,19,5,114,63,51,185.349,3.602,0.34,10.597,99,564,190,0.484,0.805,0.484,0.805,0,0,88.288,0.714,5.048,34,14.465,0.017,0,948308,79460.73,22866.46,16
16,64,123,21,5,123,85,38,186.415,3.802,0.456,8.339,110,564,190,0.805,0.796,0.805,0.796,0,0,85.27,0.997,3.814,43,14.801,0.017,0,1059426,79460.73,24787.41,14
16,65,123,21,5,123,65,58,186.082,3.802,0.349,10.885,114,564,190,0.796,0.311,0.796,0.311,0,1,78.752,0.825,4.607,61,13.1,0.017,1,1073718,26363.82,23476.94,16
16,66,123,21,5,123,56,67,190.048,3.126,0.295,10.608,77,564,190,0.311,0.593,0.311,0.593,0,0,82.67,0.677,4.614,34,13.242,0.017,0.75,1048218,79460.73,23706.31,15
16,67,123,21,5,123,77,46,184.599,3.802,0.417,9.115,119,564,190,0.593,0.915,0.593,0.915,0,0,84.704,0.909,4.183,41,19.083,0.017,0.5,1041420,40773.99,24050.32,16
16,68,68,12,5,68,51,17,187.365,1.974,0.272,7.252,53,564,190,0.915,0.959,0.915,0.959,0,0,66.316,0.769,2.567,15,10.108,0.017,0.25,717902.6,86082.45,24306.1,15
