run,turn,resource,kind,key,amount
1,1,DP,sink,DungeonFeatureManager.TryPlaceTrap,-150
1,1,DP,sink,MinionRoster.TrySummon,-46
1,1,DP,source,AdventurerAI.TakeDamage,218
1,1,Material,source,AdventurerAI.TakeDamage,8
1,1,DP,source,AdventurerAI.ReapEmotion,200
1,1,DP,sink,CommandSystem.TryUse,-300
1,1,DP,source,AdventurerAI.GrantReturnReward,201
1,1,Fame,source,AdventurerAI.GrantReturnReward,10
1,1,Fame,source,LureEconomy.OnHeroEscaped,25
1,1,DP,stock,end,323
1,1,Material,stock,end,8
1,1,Fame,stock,end,35
1,2,DP,source,SurfaceMap.CollectYields,18
1,2,Material,source,SurfaceMap.CollectYields,1
1,2,Fame,source,SurfaceMap.CollectYields,4
1,2,DP,source,EraSystem.TickTurn,600
1,2,Fame,source,EraSystem.TickTurn,25
1,2,DP,sink,MinionRoster.TryForge,-236
1,2,DP,sink,MinionEvolution.TryEvolve,-400
1,2,DP,sink,DungeonFeatureManager.TryPlaceTrap,-150
1,2,DP,sink,MinionRoster.TrySummon,-148
1,2,DP,source,AdventurerAI.ReapEmotion,279
1,2,DP,source,AdventurerAI.TakeDamage,131
1,2,Material,source,AdventurerAI.TakeDamage,4
1,2,DP,sink,CommandSystem.TryUse,-300
1,2,Fame,source,AdventurerAI.GrantReturnReward,30
1,2,Fame,source,LureEconomy.OnHeroEscaped,75
1,2,DP,source,AdventurerAI.GrantReturnReward,383
1,2,DP,stock,end,500
1,2,Material,stock,end,13
1,2,Fame,stock,end,169
1,3,DP,source,SurfaceMap.CollectYields,18
1,3,Material,source,SurfaceMap.CollectYields,1
1,3,Fame,source,SurfaceMap.CollectYields,4
1,3,DP,source,EraSystem.TickTurn,600
1,3,Material,source,EraSystem.TickTurn,10
1,3,DP,sink,MinionRoster.TryForge,-236
1,3,DP,sink,DungeonFloorManager.TryExpandFloor,-400
1,3,DP,sink,MinionRoster.TryEvolveIndividual,-175
1,3,DP,sink,DungeonFeatureManager.TryPlaceTrap,-150
1,3,DP,sink,MinionRoster.TrySummon,-156
1,3,DP,source,AdventurerAI.ReapEmotion,238
1,3,DP,source,AdventurerAI.TakeDamage,390
1,3,Material,source,AdventurerAI.TakeDamage,12
1,3,DP,sink,CommandSystem.TryUse,-300
1,3,DP,stock,end,329
1,3,Material,stock,end,36
1,3,Fame,stock,end,173
1,4,DP,source,SurfaceMap.CollectYields,18
1,4,Material,source,SurfaceMap.CollectYields,1
1,4,Fame,source,SurfaceMap.CollectYields,4
1,4,DP,source,EraSystem.TickTurn,600
1,4,DP,sink,MinionRoster.TryForge,-236
1,4,DP,sink,MinionEvolution.TryEvolve,-225
1,4,DP,sink,MinionRoster.TryEvolveIndividual,-175
1,4,DP,sink,DungeonFeatureManager.TryPlaceTrap,-150
1,4,DP,sink,MinionRoster.TrySummon,-161
1,4,DP,source,AdventurerAI.ReapEmotion,228
1,4,Fame,source,AdventurerAI.GrantReturnReward,30
1,4,Fame,source,LureEconomy.OnHeroEscaped,75
1,4,DP,source,AdventurerAI.TakeDamage,624
1,4,Material,source,AdventurerAI.TakeDamage,33
1,4,DP,sink,CommandSystem.TryUse,-1150
1,4,DP,source,AdventurerAI.GrantReturnReward,203
1,4,DP,source,Nemesis.OnSlain,908
1,4,Material,source,Nemesis.OnSlain,10
1,4,DP,stock,end,813
1,4,Material,stock,end,80
1,4,Fame,stock,end,282
1,5,DP,source,SurfaceMap.CollectYields,18
1,5,Material,source,SurfaceMap.CollectYields,1
1,5,Fame,source,SurfaceMap.CollectYields,4
1,5,DP,source,EraSystem.TickTurn,600
1,5,Material,source,EraSystem.TickTurn,10
1,5,DP,sink,MinionRoster.TryForge,-212
1,5,DP,sink,DungeonFloorManager.TryAddFloor,-800
1,5,DP,sink,MinionRoster.TryEvolveIndividual,-75
1,5,DP,sink,DungeonFeatureManager.TryPlaceTrap,-150
1,5,DP,sink,MinionRoster.TrySummon,-189
1,5,DP,source,AdventurerAI.ReapEmotion,247
1,5,DP,source,AdventurerAI.TakeDamage,590
1,5,Material,source,AdventurerAI.TakeDamage,27
1,5,DP,sink,CommandSystem.TryUse,-650
1,5,DP,source,AdventurerAI.GrantReturnReward,257
1,5,Fame,source,AdventurerAI.GrantReturnReward,10
1,5,Fame,source,LureEconomy.OnHeroEscaped,25
1,5,DP,stock,end,449
1,5,Material,stock,end,118
1,5,Fame,stock,end,321
1,6,DP,source,SurfaceMap.CollectYields,39
1,6,Material,source,SurfaceMap.CollectYields,2
1,6,Fame,source,SurfaceMap.CollectYields,9
1,6,DP,source,EraSystem.TickTurn,600
1,6,DP,source,WaveRoster.ResolveTrial,1200
1,6,DP,sink,MinionRoster.TryForge,-212
1,6,DP,sink,DungeonFloorManager.TryExpandFloor,-1200
1,6,DP,sink,MinionEvolution.TryEvolve,-525
1,6,DP,sink,DungeonFeatureManager.TryPlaceTrap,-300
1,6,DP,sink,MinionRoster.TrySummon,-45
1,6,DP,source,AdventurerAI.ReapEmotion,118
1,6,DP,source,AdventurerAI.GrantReturnReward,1122
1,6,Fame,source,AdventurerAI.GrantReturnReward,20
1,6,Fame,source,LureEconomy.OnHeroEscaped,50
1,6,DP,sink,CommandSystem.TryUse,-1150
1,6,DP,source,AdventurerAI.TakeDamage,569
1,6,Material,source,AdventurerAI.TakeDamage,24
1,6,DP,source,Nemesis.OnSlain,972
1,6,Material,source,Nemesis.OnSlain,10
1,6,DP,stock,end,1637
1,6,Material,stock,end,154
1,6,Fame,stock,end,400
1,7,DP,source,SurfaceMap.CollectYields,39
1,7,Material,source,SurfaceMap.CollectYields,2
1,7,Fame,source,SurfaceMap.CollectYields,9
1,7,DP,source,EraSystem.TickTurn,600
1,7,Fame,source,EraSystem.TickTurn,25
1,7,DP,sink,MinionRoster.TryForge,-212
1,7,DP,sink,DungeonFloorManager.TryExpandFloor,-800
1,7,DP,sink,MinionEvolution.TryEvolve,-950
1,7,DP,sink,DungeonFeatureManager.TryPlaceTrap,-150
1,7,DP,sink,MinionRoster.TrySummon,-157
1,7,DP,source,AdventurerAI.ReapEmotion,262
1,7,DP,source,AdventurerAI.TakeDamage,420
1,7,Material,source,AdventurerAI.TakeDamage,14
1,7,DP,sink,CommandSystem.TryUse,-1150
1,7,Fame,source,AdventurerAI.GrantReturnReward,50
1,7,Fame,source,LureEconomy.OnHeroEscaped,125
1,7,DP,source,AdventurerAI.GrantReturnReward,668
1,7,DP,source,Nemesis.OnSlain,1004
1,7,Material,source,Nemesis.OnSlain,10
1,7,DP,stock,end,1211
1,7,Material,stock,end,180
1,7,Fame,stock,end,609
1,8,DP,source,SurfaceMap.CollectYields,39
1,8,Material,source,SurfaceMap.CollectYields,2
1,8,Fame,source,SurfaceMap.CollectYields,9
1,8,DP,source,EraSystem.TickTurn,1020
1,8,DP,sink,MinionRoster.TryForge,-212
1,8,DP,sink,DungeonFloorManager.TryExpandFloor,-1500
1,8,DP,sink,MinionRoster.TryEvolveIndividual,-200
1,8,DP,sink,DungeonFeatureManager.TryPlaceTrap,-150
1,8,DP,sink,MinionRoster.TrySummon,-191
1,8,DP,source,AdventurerAI.ReapEmotion,133
1,8,Fame,source,AdventurerAI.GrantReturnReward,70
1,8,Fame,source,LureEconomy.OnHeroEscaped,175
1,8,DP,source,AdventurerAI.TakeDamage,466
1,8,Material,source,AdventurerAI.TakeDamage,38
1,8,DP,source,AdventurerAI.GrantReturnReward,1124
1,8,DP,sink,CommandSystem.TryUse,-1150
1,8,DP,source,Nemesis.OnSlain,1004
1,8,Material,source,Nemesis.OnSlain,10
1,8,DP,stock,end,1594
1,8,Material,stock,end,230
1,8,Fame,stock,end,863
1,9,DP,source,SurfaceMap.CollectYields,45
1,9,Material,source,SurfaceMap.CollectYields,2
1,9,Fame,source,SurfaceMap.CollectYields,11
1,9,DP,source,EraSystem.TickTurn,600
1,9,Fame,source,EraSystem.TickTurn,25
1,9,DP,sink,MinionRoster.TryForge,-285
1,9,DP,sink,DungeonFloorManager.TryExpandFloor,-1500
1,9,DP,sink,MinionRoster.TryEvolveIndividual,-75
1,9,DP,sink,DungeonFeatureManager.TryPlaceTrap,-150
1,9,DP,sink,MinionRoster.TrySummon,-225
1,9,DP,source,AdventurerAI.ReapEmotion,130
1,9,DP,source,AdventurerAI.TakeDamage,610
1,9,Material,source,AdventurerAI.TakeDamage,24
1,9,DP,source,AdventurerAI.GrantReturnReward,792
1,9,Fame,source,AdventurerAI.GrantReturnReward,60
1,9,Fame,source,LureEconomy.OnHeroEscaped,150
1,9,DP,sink,CommandSystem.TryUse,-1150
1,9,DP,source,Nemesis.OnSlain,518
1,9,Material,source,Nemesis.OnSlain,5
1,9,DP,stock,end,904
1,9,Material,stock,end,261
1,9,Fame,stock,end,1109
1,10,DP,source,SurfaceMap.CollectYields,79
1,10,Material,source,SurfaceMap.CollectYields,3
1,10,Fame,source,SurfaceMap.CollectYields,17
1,10,DP,sink,MinionRoster.TryForge,-285
1,10,DP,sink,MinionRoster.TryEvolveIndividual,-325
1,10,DP,sink,DungeonFeatureManager.TryPlaceTrap,-150
1,10,DP,sink,MinionRoster.TrySummon,-222
1,10,DP,source,AdventurerAI.ReapEmotion,136
1,10,DP,source,AdventurerAI.TakeDamage,1481
1,10,Material,source,AdventurerAI.TakeDamage,39
1,10,DP,source,AdventurerAI.GrantReturnReward,929
1,10,Fame,source,AdventurerAI.GrantReturnReward,50
1,10,Fame,source,LureEconomy.OnHeroEscaped,125
1,10,DP,sink,CommandSystem.TryUse,-3200
1,10,DP,source,Nemesis.OnSlain,1070
1,10,Material,source,Nemesis.OnSlain,10
1,10,DP,stock,end,417
1,10,Material,stock,end,313
1,10,Fame,stock,end,1301
1,11,DP,source,SurfaceMap.CollectYields,79
1,11,Material,source,SurfaceMap.CollectYields,3
1,11,Fame,source,SurfaceMap.CollectYields,17
1,11,DP,source,EraSystem.TickTurn,720
1,11,DP,sink,MinionRoster.TryForge,-285
1,11,DP,sink,MinionEvolution.TryEvolve,-550
1,11,DP,sink,DungeonFeatureManager.TryPlaceTrap,-150
1,11,DP,sink,MinionRoster.TrySummon,-216
1,11,DP,source,AdventurerAI.ReapEmotion,143
1,11,DP,source,AdventurerAI.GrantReturnReward,1309
1,11,Fame,source,AdventurerAI.GrantReturnReward,80
1,11,Fame,source,LureEconomy.OnHeroEscaped,200
1,11,DP,sink,CommandSystem.TryUse,-2650
1,11,DP,source,AdventurerAI.TakeDamage,956
1,11,Material,source,AdventurerAI.TakeDamage,82
1,11,DP,source,Nemesis.OnSlain,1102
1,11,Material,source,Nemesis.OnSlain,10
1,11,DP,stock,end,875
1,11,Material,stock,end,408
1,11,Fame,stock,end,1598
1,12,DP,source,SurfaceMap.CollectYields,79
1,12,Material,source,SurfaceMap.CollectYields,3
1,12,Fame,source,SurfaceMap.CollectYields,17
1,12,DP,source,DistrictCatalog.Collect,70
1,12,DP,sink,MinionRoster.TryForge,-285
1,12,DP,sink,MinionRoster.TryEvolveIndividual,-325
1,12,DP,sink,DungeonFeatureManager.TryPlaceTrap,-150
1,12,DP,sink,MinionRoster.TrySummon,-263
1,12,DP,source,AdventurerAI.ReapEmotion,140
1,12,DP,source,AdventurerAI.TakeDamage,1570
1,12,Material,source,AdventurerAI.TakeDamage,86
1,12,DP,sink,CommandSystem.TryUse,-2300
1,12,Fame,source,AdventurerAI.GrantReturnReward,40
1,12,Fame,source,LureEconomy.OnHeroEscaped,100
1,12,DP,source,AdventurerAI.GrantReturnReward,389
1,12,DP,source,Nemesis.OnSlain,1199
1,12,Material,source,Nemesis.OnSlain,10
1,12,DP,stock,end,999
1,12,Material,stock,end,507
1,12,Fame,stock,end,1755
1,13,DP,source,SurfaceMap.CollectYields,60
1,13,Material,source,SurfaceMap.CollectYields,3
1,13,Fame,source,SurfaceMap.CollectYields,14
1,13,DP,source,DistrictCatalog.Collect,70
1,13,DP,source,EraSystem.TickTurn,300
1,13,DP,sink,MinionRoster.TryForge,-190
1,13,DP,sink,MinionRoster.TryEvolveIndividual,-875
1,13,DP,sink,DungeonFeatureManager.TryPlaceTrap,-150
1,13,DP,sink,MinionRoster.TrySummon,-210
1,13,DP,source,AdventurerAI.ReapEmotion,128
1,13,DP,source,AdventurerAI.GrantReturnReward,4138
1,13,Fame,source,AdventurerAI.GrantReturnReward,130
1,13,Fame,source,LureEconomy.OnHeroEscaped,325
1,13,DP,sink,CommandSystem.TryUse,-2950
1,13,DP,source,AdventurerAI.TakeDamage,1662
1,13,Material,source,AdventurerAI.TakeDamage,69
1,13,DP,source,Nemesis.OnSlain,1701
1,13,Material,source,Nemesis.OnSlain,15
1,13,DP,stock,end,4683
1,13,Material,stock,end,594
1,13,Fame,stock,end,2224
1,14,DP,source,SurfaceMap.CollectYields,60
1,14,Material,source,SurfaceMap.CollectYields,3
1,14,Fame,source,SurfaceMap.CollectYields,14
1,14,DP,source,DistrictCatalog.Collect,70
1,14,DP,source,EraSystem.TickTurn,300
1,14,DP,sink,MinionRoster.TryForge,-285
1,14,DP,sink,DungeonFloorManager.TryAddFloor,-2000
1,14,DP,sink,DungeonFloorManager.TryExpandFloor,-1200
1,14,DP,sink,MinionRoster.TryEvolveIndividual,-1200
1,14,DP,sink,DungeonFeatureManager.TryPlaceTrap,-150
1,14,DP,sink,MinionRoster.TrySummon,-271
1,14,DP,source,IncidentSystem.Apply,600
1,14,DP,sink,CommandSystem.TryUse,-2950
1,14,DP,source,AdventurerAI.ReapEmotion,140
1,14,DP,source,AdventurerAI.TakeDamage,2447
1,14,Material,source,AdventurerAI.TakeDamage,85
1,14,DP,source,AdventurerAI.GrantReturnReward,1520
1,14,Fame,source,AdventurerAI.GrantReturnReward,90
1,14,Fame,source,LureEconomy.OnHeroEscaped,225
1,14,DP,stock,end,1764
1,14,Material,stock,end,682
1,14,Fame,stock,end,2553
1,15,DP,source,SurfaceMap.CollectYields,83
1,15,Material,source,SurfaceMap.CollectYields,4
1,15,Fame,source,SurfaceMap.CollectYields,19
1,15,DP,source,DistrictCatalog.Collect,70
1,15,DP,sink,MinionRoster.TryForge,-1481
1,15,DP,sink,DungeonFeatureManager.TryPlaceTrap,-150
1,15,DP,sink,MinionRoster.TrySummon,-270
1,15,DP,source,AdventurerAI.ReapEmotion,155
1,15,DP,source,AdventurerAI.TakeDamage,4166
1,15,Material,source,AdventurerAI.TakeDamage,72
1,15,DP,source,AdventurerAI.GrantReturnReward,1877
1,15,Fame,source,AdventurerAI.GrantReturnReward,60
1,15,Fame,source,LureEconomy.OnHeroEscaped,150
1,15,DP,sink,CommandSystem.TryUse,-5600
1,15,DP,source,Nemesis.OnSlain,1814
1,15,Material,source,Nemesis.OnSlain,15
1,15,DP,stock,end,2428
1,15,Material,stock,end,773
1,15,Fame,stock,end,2782
1,16,DP,source,SurfaceMap.CollectYields,83
1,16,Material,source,SurfaceMap.CollectYields,4
1,16,Fame,source,SurfaceMap.CollectYields,19
1,16,DP,source,DistrictCatalog.Collect,70
1,16,DP,sink,MinionRoster.TryForge,-598
1,16,DP,sink,DungeonFloorManager.TryExpandFloor,-1500
1,16,DP,sink,DungeonFeatureManager.TryPlaceTrap,-300
1,16,DP,sink,MinionRoster.TrySummon,-167
1,16,DP,source,AdventurerAI.ReapEmotion,143
1,16,DP,source,AdventurerAI.TakeDamage,2589
1,16,Material,source,AdventurerAI.TakeDamage,85
1,16,DP,sink,CommandSystem.TryUse,-2300
1,16,DP,source,AdventurerAI.GrantReturnReward,1615
1,16,Fame,source,AdventurerAI.GrantReturnReward,80
1,16,Fame,source,LureEconomy.OnHeroEscaped,200
1,16,DP,source,Nemesis.OnSlain,2571
1,16,Material,source,Nemesis.OnSlain,21
1,16,DP,stock,end,4634
1,16,Material,stock,end,883
1,16,Fame,stock,end,3081
1,17,DP,source,SurfaceMap.CollectYields,83
1,17,Material,source,SurfaceMap.CollectYields,4
1,17,Fame,source,SurfaceMap.CollectYields,19
1,17,DP,source,DistrictCatalog.Collect,84
1,17,DP,source,EraSystem.TickTurn,720
1,17,DP,sink,MinionRoster.TryForge,-190
1,17,DP,sink,DungeonFloorManager.TryAddFloor,-5000
1,17,DP,sink,DungeonFeatureManager.TryPlaceTrap,-150
1,17,DP,sink,MinionRoster.TrySummon,-181
1,17,DP,source,AdventurerAI.ReapEmotion,153
1,17,DP,source,AdventurerAI.TakeDamage,3772
1,17,Material,source,AdventurerAI.TakeDamage,80
1,17,DP,sink,CommandSystem.TryUse,-2600
1,17,DP,source,AdventurerAI.GrantReturnReward,1402
1,17,Fame,source,AdventurerAI.GrantReturnReward,110
1,17,Fame,source,LureEconomy.OnHeroEscaped,275
1,17,DP,source,Nemesis.OnSlain,1264
1,17,Material,source,Nemesis.OnSlain,10
1,17,DP,stock,end,3991
1,17,Material,stock,end,977
1,17,Fame,stock,end,3485
1,18,DP,source,SurfaceMap.CollectYields,103
1,18,Material,source,SurfaceMap.CollectYields,5
1,18,Fame,source,SurfaceMap.CollectYields,23
1,18,DP,source,DistrictCatalog.Collect,84
1,18,DP,sink,MinionRoster.TryForge,-3250
1,18,DP,sink,DungeonFloorManager.TryExpandFloor,-400
1,18,DP,sink,DungeonFeatureManager.TryPlaceTrap,-300
1,18,DP,sink,MinionRoster.TrySummon,-228
1,18,DP,source,AdventurerAI.ReapEmotion,157
1,18,DP,source,AdventurerAI.TakeDamage,2881
1,18,Material,source,AdventurerAI.TakeDamage,62
1,18,DP,sink,CommandSystem.TryUse,-2300
1,18,DP,source,AdventurerAI.GrantReturnReward,852
1,18,Fame,source,AdventurerAI.GrantReturnReward,110
1,18,Fame,source,LureEconomy.OnHeroEscaped,275
1,18,DP,source,Nemesis.OnSlain,632
1,18,Material,source,Nemesis.OnSlain,5
1,18,DP,stock,end,2222
1,18,Material,stock,end,1049
1,18,Fame,stock,end,3893
1,19,DP,source,SurfaceMap.CollectYields,106
1,19,Material,source,SurfaceMap.CollectYields,5
1,19,Fame,source,SurfaceMap.CollectYields,24
1,19,DP,source,DistrictCatalog.Collect,84
1,19,DP,sink,MinionRoster.TryForge,-802
1,19,DP,sink,DungeonFloorManager.TryExpandFloor,-800
1,19,DP,sink,MinionRoster.TryEvolveIndividual,-325
1,19,DP,sink,DungeonFeatureManager.TryPlaceTrap,-300
1,19,DP,sink,MinionRoster.TrySummon,-170
1,19,DP,source,AdventurerAI.ReapEmotion,150
1,19,DP,source,AdventurerAI.TakeDamage,3326
1,19,Material,source,AdventurerAI.TakeDamage,190
1,19,DP,sink,CommandSystem.TryUse,-4450
1,19,Fame,source,AdventurerAI.GrantReturnReward,150
1,19,Fame,source,LureEconomy.OnHeroEscaped,375
1,19,DP,source,AdventurerAI.GrantReturnReward,2639
1,19,DP,source,Nemesis.OnSlain,1566
1,19,Material,source,Nemesis.OnSlain,12
1,19,DP,stock,end,3246
1,19,Material,stock,end,1256
1,19,Fame,stock,end,4442
1,20,DP,source,SurfaceMap.CollectYields,106
1,20,Material,source,SurfaceMap.CollectYields,5
1,20,Fame,source,SurfaceMap.CollectYields,24
1,20,DP,source,DistrictCatalog.Collect,84
1,20,DP,sink,MinionRoster.TryForge,-2624
1,20,DP,sink,MinionRoster.TryEvolveIndividual,-325
1,20,DP,sink,DungeonFeatureManager.TryPlaceTrap,-300
1,20,DP,sink,MinionRoster.TrySummon,-187
1,20,DP,source,AdventurerAI.ReapEmotion,197
1,20,DP,source,AdventurerAI.GrantReturnReward,4410
1,20,Fame,source,AdventurerAI.GrantReturnReward,100
1,20,Fame,source,LureEconomy.OnHeroEscaped,250
1,20,DP,sink,CommandSystem.TryUse,-5700
1,20,DP,source,AdventurerAI.TakeDamage,8975
1,20,Material,source,AdventurerAI.TakeDamage,114
1,20,DP,source,Nemesis.OnSlain,2500
1,20,Material,source,Nemesis.OnSlain,19
1,20,DP,stock,end,10382
1,20,Material,stock,end,1394
1,20,Fame,stock,end,4816
1,21,DP,source,SurfaceMap.CollectYields,126
1,21,Material,source,SurfaceMap.CollectYields,6
1,21,Fame,source,SurfaceMap.CollectYields,28
1,21,DP,source,DistrictCatalog.Collect,84
1,21,DP,sink,MinionRoster.TryForge,-9754
1,21,DP,sink,DungeonFeatureManager.TryPlaceTrap,-600
1,21,DP,sink,MinionRoster.TrySummon,-223
1,21,DP,source,AdventurerAI.ReapEmotion,306
1,21,DP,sink,CommandSystem.TryUse,-5900
1,21,DP,source,AdventurerAI.TakeDamage,4716
1,21,Material,source,AdventurerAI.TakeDamage,212
1,21,DP,source,AdventurerAI.GrantReturnReward,8504
1,21,Fame,source,AdventurerAI.GrantReturnReward,170
1,21,Fame,source,LureEconomy.OnHeroEscaped,425
1,21,DP,source,Nemesis.OnSlain,2298
1,21,Material,source,Nemesis.OnSlain,17
1,21,DP,stock,end,9939
1,21,Material,stock,end,1629
1,21,Fame,stock,end,5439
1,22,DP,source,SurfaceMap.CollectYields,126
1,22,Material,source,SurfaceMap.CollectYields,6
1,22,Fame,source,SurfaceMap.CollectYields,28
1,22,DP,source,DistrictCatalog.Collect,84
1,22,DP,sink,MinionRoster.TryForge,-7837
1,22,DP,sink,DungeonFloorManager.TryExpandFloor,-1500
1,22,DP,sink,DungeonFeatureManager.TryPlaceTrap,-600
1,22,DP,sink,MinionRoster.TrySummon,-189
1,22,DP,source,AdventurerAI.ReapEmotion,162
1,22,DP,source,AdventurerAI.TakeDamage,6465
1,22,Material,source,AdventurerAI.TakeDamage,125
1,22,DP,sink,CommandSystem.TryUse,-2650
1,22,Fame,source,AdventurerAI.GrantReturnReward,160
1,22,Fame,source,LureEconomy.OnHeroEscaped,400
1,22,DP,source,AdventurerAI.GrantReturnReward,3500
1,22,DP,source,Nemesis.OnSlain,1394
1,22,Material,source,Nemesis.OnSlain,10
1,22,DP,stock,end,8894
1,22,Material,stock,end,1770
1,22,Fame,stock,end,6027
1,23,DP,source,SurfaceMap.CollectYields,123
1,23,Material,source,SurfaceMap.CollectYields,6
1,23,Fame,source,SurfaceMap.CollectYields,27
1,23,DP,source,DistrictCatalog.Collect,84
1,23,DP,sink,MinionRoster.TryForge,-8112
1,23,DP,sink,MinionRoster.TryEvolveIndividual,-325
1,23,DP,sink,DungeonFeatureManager.TryPlaceTrap,-450
1,23,DP,sink,MinionRoster.TrySummon,-213
1,23,DP,source,AdventurerAI.ReapEmotion,168
1,23,DP,source,AdventurerAI.TakeDamage,6331
1,23,Material,source,AdventurerAI.TakeDamage,73
1,23,DP,sink,CommandSystem.TryUse,-5600
1,23,DP,source,AdventurerAI.GrantReturnReward,9224
1,23,Fame,source,AdventurerAI.GrantReturnReward,190
1,23,Fame,source,LureEconomy.OnHeroEscaped,475
1,23,DP,source,Nemesis.OnSlain,1410
1,23,Material,source,Nemesis.OnSlain,10
1,23,DP,stock,end,11534
1,23,Material,stock,end,1859
1,23,Fame,stock,end,6719
1,24,DP,source,SurfaceMap.CollectYields,123
1,24,Material,source,SurfaceMap.CollectYields,6
1,24,Fame,source,SurfaceMap.CollectYields,27
1,24,DP,source,DistrictCatalog.Collect,98
1,24,DP,sink,MinionRoster.TryForge,-168
1,24,DP,sink,MinionEvolution.TryEvolve,-4900
1,24,DP,sink,MinionRoster.TryEvolveIndividual,-6350
1,24,DP,sink,DungeonFeatureManager.TryPlaceTrap,-150
1,24,DP,sink,MinionRoster.TrySummon,-158
1,24,DP,source,AdventurerAI.ReapEmotion,306
1,24,DP,sink,CommandSystem.TryUse,-5600
1,24,DP,source,AdventurerAI.TakeDamage,9573
1,24,Material,source,AdventurerAI.TakeDamage,423
1,24,DP,source,AdventurerAI.GrantReturnReward,10324
1,24,Fame,source,AdventurerAI.GrantReturnReward,190
1,24,Fame,source,LureEconomy.OnHeroEscaped,475
1,24,DP,source,Nemesis.OnSlain,729
1,24,Material,source,Nemesis.OnSlain,5
1,24,DP,stock,end,15361
1,24,Material,stock,end,2293
1,24,Fame,stock,end,7411
1,25,DP,source,SurfaceMap.CollectYields,144
1,25,Material,source,SurfaceMap.CollectYields,7
1,25,Fame,source,SurfaceMap.CollectYields,32
1,25,DP,source,DistrictCatalog.Collect,28
1,25,DP,source,EraSystem.TickTurn,3840
1,25,DP,sink,MinionRoster.TryForge,-168
1,25,DP,sink,DungeonFloorManager.TryAddFloor,-12500
1,25,DP,sink,DungeonFloorManager.TryExpandFloor,-400
1,25,DP,sink,MinionRoster.TryEvolveIndividual,-5875
1,25,DP,sink,DungeonFeatureManager.TryPlaceTrap,-150
1,25,DP,sink,MinionRoster.TrySummon,-252
1,25,DP,source,AdventurerAI.ReapEmotion,238
1,25,DP,source,AdventurerAI.GrantReturnReward,8921
1,25,Fame,source,AdventurerAI.GrantReturnReward,220
1,25,Fame,source,LureEconomy.OnHeroEscaped,550
1,25,DP,sink,CommandSystem.TryUse,-4900
1,25,DP,stock,end,4287
1,25,Material,stock,end,2300
1,25,Fame,stock,end,8213
1,26,DP,source,SurfaceMap.CollectYields,124
1,26,Material,source,SurfaceMap.CollectYields,6
1,26,Fame,source,SurfaceMap.CollectYields,28
1,26,DP,source,DistrictCatalog.Collect,28
1,26,DP,source,EraSystem.TickTurn,6528
1,26,DP,sink,MinionRoster.TryForge,-4506
1,26,DP,sink,DungeonFloorManager.TryExpandFloor,-4800
1,26,DP,sink,MinionRoster.TryEvolveIndividual,-925
1,26,Material,sink,MinionRoster.TryForge,-2
1,26,DP,sink,DungeonFeatureManager.TryPlaceTrap,-450
1,26,DP,sink,MinionRoster.TrySummon,-264
1,26,DP,source,AdventurerAI.ReapEmotion,511
1,26,DP,sink,CommandSystem.TryUse,-5100
1,26,DP,source,AdventurerAI.TakeDamage,5568
1,26,Material,source,AdventurerAI.TakeDamage,85
1,26,DP,source,AdventurerAI.GrantReturnReward,14162
1,26,Fame,source,AdventurerAI.GrantReturnReward,360
1,26,Fame,source,LureEconomy.OnHeroEscaped,900
1,26,DP,source,Nemesis.OnSlain,1785
1,26,Material,source,Nemesis.OnSlain,12
1,26,DP,stock,end,16948
1,26,Material,stock,end,2401
1,26,Fame,stock,end,9501
1,27,DP,source,SurfaceMap.CollectYields,126
1,27,Material,source,SurfaceMap.CollectYields,6
1,27,Fame,source,SurfaceMap.CollectYields,28
1,27,DP,source,DistrictCatalog.Collect,28
1,27,DP,source,EraSystem.TickTurn,6528
1,27,DP,sink,MinionRoster.TryForge,-11460
1,27,DP,sink,DungeonFloorManager.TryExpandFloor,-10000
1,27,DP,sink,MinionRoster.TryEvolveIndividual,-1225
1,27,Material,sink,MinionRoster.TryForge,-36
1,27,DP,sink,DungeonFeatureManager.TryPlaceTrap,-750
1,27,DP,sink,MinionRoster.TrySummon,-165
1,27,DP,source,AdventurerAI.ReapEmotion,227
1,27,DP,source,AdventurerAI.TakeDamage,4891
1,27,Material,source,AdventurerAI.TakeDamage,43
1,27,DP,sink,CommandSystem.TryUse,-6250
1,27,DP,source,AdventurerAI.GrantReturnReward,12782
1,27,Fame,source,AdventurerAI.GrantReturnReward,410
1,27,Fame,source,LureEconomy.OnHeroEscaped,1025
1,27,DP,stock,end,11680
1,27,Material,stock,end,2414
1,27,Fame,stock,end,10964
1,28,DP,source,SurfaceMap.CollectYields,144
1,28,Material,source,SurfaceMap.CollectYields,6
1,28,Fame,source,SurfaceMap.CollectYields,34
1,28,DP,source,DistrictCatalog.Collect,28
1,28,DP,source,EraSystem.TickTurn,3840
1,28,DP,sink,MinionRoster.TryForge,-13740
1,28,DP,sink,MinionRoster.TryEvolveIndividual,-750
1,28,Material,sink,MinionRoster.TryForge,-44
1,28,DP,sink,DungeonFeatureManager.TryPlaceTrap,-1050
1,28,DP,sink,MinionRoster.TrySummon,-138
1,28,DP,source,AdventurerAI.ReapEmotion,450
1,28,DP,source,AdventurerAI.TakeDamage,8718
1,28,Material,source,AdventurerAI.TakeDamage,245
1,28,DP,sink,CommandSystem.TryUse,-6400
1,28,DP,source,AdventurerAI.GrantReturnReward,10342
1,28,Fame,source,AdventurerAI.GrantReturnReward,470
1,28,Fame,source,LureEconomy.OnHeroEscaped,1175
1,28,DP,source,Nemesis.OnSlain,761
1,28,Material,source,Nemesis.OnSlain,5
1,28,DP,stock,end,13885
1,28,Material,stock,end,2626
1,28,Fame,stock,end,12643
1,29,DP,source,SurfaceMap.CollectYields,168
1,29,Material,source,SurfaceMap.CollectYields,7
1,29,Fame,source,SurfaceMap.CollectYields,40
1,29,DP,source,DistrictCatalog.Collect,28
1,29,DP,source,EraSystem.TickTurn,3840
1,29,DP,sink,MinionRoster.TryForge,-16590
1,29,DP,sink,MinionRoster.TryEvolveIndividual,-625
1,29,Material,sink,MinionRoster.TryForge,-54
1,29,DP,sink,DungeonFeatureManager.TryPlaceTrap,-450
1,29,DP,sink,MinionRoster.TrySummon,-242
1,29,DP,source,AdventurerAI.ReapEmotion,477
1,29,DP,source,AdventurerAI.TakeDamage,10778
1,29,Material,source,AdventurerAI.TakeDamage,419
1,29,DP,sink,CommandSystem.TryUse,-5750
1,29,DP,source,AdventurerAI.GrantReturnReward,14608
1,29,Fame,source,AdventurerAI.GrantReturnReward,380
1,29,Fame,source,LureEconomy.OnHeroEscaped,950
1,29,DP,stock,end,20127
1,29,Material,stock,end,2998
1,29,Fame,stock,end,14013
1,30,DP,source,SurfaceMap.CollectYields,168
1,30,Material,source,SurfaceMap.CollectYields,7
1,30,Fame,source,SurfaceMap.CollectYields,40
1,30,DP,source,DistrictCatalog.Collect,28
1,30,DP,source,EraSystem.TickTurn,6528
1,30,Material,source,EraSystem.TickTurn,32
1,30,DP,sink,MinionRoster.TryForge,-24600
1,30,DP,sink,MinionRoster.TryEvolveIndividual,-750
1,30,Material,sink,MinionRoster.TryForge,-184
1,30,DP,sink,DungeonFeatureManager.TryPlaceTrap,-1350
1,30,DP,sink,MinionRoster.TrySummon,-138
1,30,DP,source,AdventurerAI.ReapEmotion,505
1,30,DP,source,AdventurerAI.TakeDamage,8598
1,30,Material,source,AdventurerAI.TakeDamage,161
1,30,DP,sink,CommandSystem.TryUse,-5550
1,30,DP,source,AdventurerAI.GrantReturnReward,16809
1,30,Fame,source,AdventurerAI.GrantReturnReward,550
1,30,Fame,source,LureEconomy.OnHeroEscaped,1375
1,30,DP,stock,end,20375
1,30,Material,stock,end,3014
1,30,Fame,stock,end,15978
1,31,DP,source,SurfaceMap.CollectYields,205
1,31,Material,source,SurfaceMap.CollectYields,9
1,31,Fame,source,SurfaceMap.CollectYields,45
1,31,DP,source,DistrictCatalog.Collect,28
1,31,DP,source,EraSystem.TickTurn,3840
1,31,Material,source,EraSystem.TickTurn,74
1,31,DP,sink,MinionRoster.TryForge,-22500
1,31,DP,sink,MinionRoster.TryEvolveIndividual,-225
1,31,Material,sink,MinionRoster.TryForge,-172
1,31,DP,sink,DungeonFeatureManager.TryPlaceTrap,-1500
1,31,DP,sink,MinionRoster.TrySummon,-207
1,31,DP,source,AdventurerAI.ReapEmotion,565
1,31,DP,sink,CommandSystem.TryUse,-5550
1,31,DP,source,AdventurerAI.GrantReturnReward,20049
1,31,Fame,source,AdventurerAI.GrantReturnReward,440
1,31,Fame,source,LureEconomy.OnHeroEscaped,1100
1,31,DP,source,AdventurerAI.TakeDamage,9377
1,31,Material,source,AdventurerAI.TakeDamage,98
1,31,DP,stock,end,24457
1,31,Material,stock,end,3023
1,31,Fame,stock,end,17563
1,32,DP,source,SurfaceMap.CollectYields,167
1,32,Material,source,SurfaceMap.CollectYields,9
1,32,Fame,source,SurfaceMap.CollectYields,37
1,32,DP,source,DistrictCatalog.Collect,28
1,32,DP,source,EraSystem.TickTurn,6528
1,32,Fame,source,EraSystem.TickTurn,272
1,32,DP,sink,MinionRoster.TryForge,-29220
1,32,DP,sink,MinionRoster.TryEvolveIndividual,-725
1,32,Material,sink,MinionRoster.TryForge,-228
1,32,DP,sink,DungeonFeatureManager.TryPlaceTrap,-1050
1,32,DP,sink,MinionRoster.TrySummon,-180
1,32,DP,source,AdventurerAI.ReapEmotion,757
1,32,DP,sink,CommandSystem.TryUse,-6400
1,32,DP,source,AdventurerAI.TakeDamage,26050
1,32,Material,source,AdventurerAI.TakeDamage,620
1,32,DP,source,AdventurerAI.GrantReturnReward,18276
1,32,Fame,source,AdventurerAI.GrantReturnReward,560
1,32,Fame,source,LureEconomy.OnHeroEscaped,1400
1,32,DP,stock,end,38688
1,32,Material,stock,end,3424
1,32,Fame,stock,end,19832
1,33,DP,source,SurfaceMap.CollectYields,167
1,33,Material,source,SurfaceMap.CollectYields,9
1,33,Fame,source,SurfaceMap.CollectYields,37
1,33,DP,source,DistrictCatalog.Collect,28
1,33,DP,source,EraSystem.TickTurn,1920
1,33,DP,sink,MinionRoster.TryForge,-5220
1,33,DP,sink,DungeonFloorManager.TryAddFloor,-31250
1,33,DP,sink,DungeonFloorManager.TryExpandFloor,-2700
1,33,DP,sink,MinionRoster.TryEvolveIndividual,-250
1,33,Material,sink,MinionRoster.TryForge,-28
1,33,DP,sink,DungeonFeatureManager.TryPlaceTrap,-1200
1,33,DP,sink,MinionRoster.TrySummon,-150
1,33,DP,source,AdventurerAI.ReapEmotion,494
1,33,DP,source,AdventurerAI.TakeDamage,22559
1,33,Material,source,AdventurerAI.TakeDamage,700
1,33,DP,sink,CommandSystem.TryUse,-5100
1,33,DP,source,AdventurerAI.GrantReturnReward,14371
1,33,Fame,source,AdventurerAI.GrantReturnReward,310
1,33,Fame,source,LureEconomy.OnHeroEscaped,775
1,33,DP,stock,end,32357
1,33,Material,stock,end,4105
1,33,Fame,stock,end,20954
1,34,DP,source,SurfaceMap.CollectYields,167
1,34,Material,source,SurfaceMap.CollectYields,9
1,34,Fame,source,SurfaceMap.CollectYields,37
1,34,DP,source,DistrictCatalog.Collect,28
1,34,DP,sink,MinionRoster.TryForge,-26820
1,34,DP,sink,DungeonFloorManager.TryExpandFloor,-2500
1,34,DP,sink,MinionRoster.TryEvolveIndividual,-625
1,34,Material,sink,MinionRoster.TryForge,-268
1,34,DP,sink,DungeonFeatureManager.TryPlaceTrap,-2400
1,34,DP,sink,MinionRoster.TrySummon,-188
1,34,DP,source,AdventurerAI.ReapEmotion,172
1,34,DP,source,AdventurerAI.TakeDamage,11744
1,34,Material,source,AdventurerAI.TakeDamage,94
1,34,DP,sink,CommandSystem.TryUse,-5250
1,34,DP,source,AdventurerAI.GrantReturnReward,19500
1,34,Fame,source,AdventurerAI.GrantReturnReward,440
1,34,Fame,source,LureEconomy.OnHeroEscaped,1100
1,34,DP,stock,end,26185
1,34,Material,stock,end,3940
1,34,Fame,stock,end,22531
1,35,DP,source,SurfaceMap.CollectYields,167
1,35,Material,source,SurfaceMap.CollectYields,9
1,35,Fame,source,SurfaceMap.CollectYields,37
1,35,DP,source,DistrictCatalog.Collect,28
1,35,DP,sink,MinionRoster.TryForge,-22980
1,35,DP,sink,MinionRoster.TryEvolveIndividual,-625
1,35,Material,sink,MinionRoster.TryForge,-236
1,35,DP,sink,DungeonFeatureManager.TryPlaceTrap,-2550
1,35,DP,sink,MinionRoster.TrySummon,-225
1,35,DP,source,AdventurerAI.ReapEmotion,249
1,35,DP,source,AdventurerAI.TakeDamage,9217
1,35,Material,source,AdventurerAI.TakeDamage,257
1,35,DP,sink,CommandSystem.TryUse,-6000
1,35,DP,source,AdventurerAI.GrantReturnReward,18241
1,35,Fame,source,AdventurerAI.GrantReturnReward,490
1,35,Fame,source,LureEconomy.OnHeroEscaped,1225
1,35,DP,stock,end,21707
1,35,Material,stock,end,3970
1,35,Fame,stock,end,24283
1,36,DP,source,SurfaceMap.CollectYields,167
1,36,Material,source,SurfaceMap.CollectYields,9
1,36,Fame,source,SurfaceMap.CollectYields,37
1,36,DP,source,DistrictCatalog.Collect,28
1,36,DP,sink,MinionRoster.TryForge,-18300
1,36,DP,sink,MinionRoster.TryEvolveIndividual,-750
1,36,Material,sink,MinionRoster.TryForge,-182
1,36,DP,sink,DungeonFeatureManager.TryPlaceTrap,-2700
1,36,DP,sink,MinionRoster.TrySummon,-150
1,36,DP,source,AdventurerAI.ReapEmotion,311
1,36,DP,source,AdventurerAI.TakeDamage,18860
1,36,Material,source,AdventurerAI.TakeDamage,919
1,36,DP,sink,CommandSystem.TryUse,-5550
1,36,Fame,source,AdventurerAI.GrantReturnReward,390
1,36,Fame,source,LureEconomy.OnHeroEscaped,975
1,36,DP,source,AdventurerAI.GrantReturnReward,17454
1,36,DP,stock,end,31077
1,36,Material,stock,end,4716
1,36,Fame,stock,end,25685
1,37,DP,source,SurfaceMap.CollectYields,167
1,37,Material,source,SurfaceMap.CollectYields,9
1,37,Fame,source,SurfaceMap.CollectYields,37
1,37,DP,source,DistrictCatalog.Collect,28
1,37,DP,sink,MinionRoster.TryForge,-29220
1,37,DP,sink,MinionRoster.TryEvolveIndividual,-225
1,37,Material,sink,MinionRoster.TryForge,-308
1,37,DP,sink,DungeonFeatureManager.TryPlaceTrap,-1650
1,37,DP,sink,MinionRoster.TrySummon,-156
1,37,DP,source,AdventurerAI.ReapEmotion,122
1,37,DP,source,AdventurerAI.TakeDamage,24882
1,37,Material,source,AdventurerAI.TakeDamage,573
1,37,DP,sink,CommandSystem.TryUse,-4800
1,37,DP,source,AdventurerAI.GrantReturnReward,17661
1,37,Fame,source,AdventurerAI.GrantReturnReward,330
1,37,Fame,source,LureEconomy.OnHeroEscaped,825
1,37,DP,stock,end,37886
1,37,Material,stock,end,4990
1,37,Fame,stock,end,26877
1,38,DP,source,SurfaceMap.CollectYields,166
1,38,Material,source,SurfaceMap.CollectYields,9
1,38,Fame,source,SurfaceMap.CollectYields,36
1,38,DP,source,DistrictCatalog.Collect,28
1,38,DP,sink,MinionRoster.TryForge,-35460
1,38,DP,sink,MinionRoster.TryEvolveIndividual,-600
1,38,Material,sink,MinionRoster.TryForge,-380
1,38,DP,sink,DungeonFeatureManager.TryPlaceTrap,-1800
1,38,DP,sink,MinionRoster.TrySummon,-202
1,38,DP,source,AdventurerAI.ReapEmotion,288
1,38,DP,source,AdventurerAI.GrantReturnReward,14751
1,38,Fame,source,AdventurerAI.GrantReturnReward,360
1,38,Fame,source,LureEconomy.OnHeroEscaped,900
1,38,DP,sink,CommandSystem.TryUse,-5200
1,38,DP,source,AdventurerAI.TakeDamage,23754
1,38,Material,source,AdventurerAI.TakeDamage,552
1,38,DP,stock,end,33611
1,38,Material,stock,end,5171
1,38,Fame,stock,end,28173
1,39,DP,source,SurfaceMap.CollectYields,166
1,39,Material,source,SurfaceMap.CollectYields,9
1,39,Fame,source,SurfaceMap.CollectYields,36
1,39,DP,source,DistrictCatalog.Collect,28
1,39,DP,sink,MinionRoster.TryForge,-30780
1,39,DP,sink,MinionRoster.TryEvolveIndividual,-625
1,39,Material,sink,MinionRoster.TryForge,-326
1,39,DP,sink,DungeonFeatureManager.TryPlaceTrap,-2250
1,39,DP,sink,MinionRoster.TrySummon,-122
1,39,DP,source,AdventurerAI.ReapEmotion,318
1,39,DP,sink,CommandSystem.TryUse,-4750
1,39,DP,source,AdventurerAI.GrantReturnReward,14128
1,39,Fame,source,AdventurerAI.GrantReturnReward,230
1,39,Fame,source,LureEconomy.OnHeroEscaped,575
1,39,DP,source,AdventurerAI.TakeDamage,36763
1,39,Material,source,AdventurerAI.TakeDamage,4485
1,39,DP,source,Nemesis.OnSlain,4278
1,39,Material,source,Nemesis.OnSlain,17
1,39,DP,stock,end,50765
1,39,Material,stock,end,9356
1,39,Fame,stock,end,29014
1,40,DP,source,SurfaceMap.CollectYields,146
1,40,Material,source,SurfaceMap.CollectYields,8
1,40,Fame,source,SurfaceMap.CollectYields,32
1,40,DP,source,DistrictCatalog.Collect,28
1,40,DP,sink,MinionRoster.TryForge,-47220
1,40,DP,sink,MinionRoster.TryEvolveIndividual,-575
1,40,Material,sink,MinionRoster.TryForge,-576
1,40,DP,sink,DungeonFeatureManager.TryPlaceTrap,-2850
1,40,DP,sink,MinionRoster.TrySummon,-292
1,40,DP,source,AdventurerAI.ReapEmotion,769
1,40,DP,sink,CommandSystem.TryUse,-4900
1,40,DP,source,AdventurerAI.TakeDamage,41665
1,40,Material,source,AdventurerAI.TakeDamage,1390
1,40,DP,source,AdventurerAI.GrantReturnReward,19759
1,40,Fame,source,AdventurerAI.GrantReturnReward,270
1,40,Fame,source,LureEconomy.OnHeroEscaped,675
1,40,DP,source,Nemesis.OnSlain,8333
1,40,Material,source,Nemesis.OnSlain,34
1,40,DP,stock,end,65628
1,40,Material,stock,end,10212
1,40,Fame,stock,end,29991
1,41,DP,source,SurfaceMap.CollectYields,146
1,41,Material,source,SurfaceMap.CollectYields,8
1,41,Fame,source,SurfaceMap.CollectYields,32
1,41,DP,source,DistrictCatalog.Collect,28
1,41,DP,sink,MinionRoster.TryForge,-62580
1,41,DP,sink,MinionRoster.TryEvolveIndividual,-750
1,41,Material,sink,MinionRoster.TryForge,-792
1,41,DP,sink,MinionRoster.TrySummon,-2458
1,41,DP,source,AdventurerAI.ReapEmotion,136
1,41,DP,source,AdventurerAI.TakeDamage,35481
1,41,Material,source,AdventurerAI.TakeDamage,886
1,41,DP,sink,CommandSystem.TryUse,-5600
1,41,DP,source,AdventurerAI.GrantReturnReward,15849
1,41,Fame,source,AdventurerAI.GrantReturnReward,230
1,41,Fame,source,LureEconomy.OnHeroEscaped,575
1,41,DP,source,Nemesis.OnSlain,4278
1,41,Material,source,Nemesis.OnSlain,17
1,41,DP,stock,end,50158
1,41,Material,stock,end,10331
1,41,Fame,stock,end,30828
1,42,DP,source,SurfaceMap.CollectYields,147
1,42,Material,source,SurfaceMap.CollectYields,8
1,42,Fame,source,SurfaceMap.CollectYields,33
1,42,DP,source,DistrictCatalog.Collect,28
1,42,DP,source,EraSystem.TickTurn,1920
1,42,DP,sink,MinionRoster.TryForge,-36540
1,42,DP,sink,MinionRoster.TryEvolveIndividual,-175
1,42,Material,sink,MinionRoster.TryForge,-360
1,42,DP,sink,MinionRoster.TrySummon,-15522
1,42,DP,source,AdventurerAI.ReapEmotion,830
1,42,DP,sink,CommandSystem.TryUse,-5400
1,42,DP,source,AdventurerAI.TakeDamage,33895
1,42,Material,source,AdventurerAI.TakeDamage,717
1,42,DP,source,AdventurerAI.GrantReturnReward,11620
1,42,Fame,source,AdventurerAI.GrantReturnReward,260
1,42,Fame,source,LureEconomy.OnHeroEscaped,650
1,42,DP,source,Nemesis.OnSlain,1912
1,42,Material,source,Nemesis.OnSlain,12
1,42,DP,stock,end,42873
1,42,Material,stock,end,10708
1,42,Fame,stock,end,31771
1,43,DP,source,SurfaceMap.CollectYields,147
1,43,Material,source,SurfaceMap.CollectYields,8
1,43,Fame,source,SurfaceMap.CollectYields,33
1,43,DP,source,DistrictCatalog.Collect,28
1,43,DP,sink,MinionRoster.TryForge,-5592
1,43,DP,sink,MinionRoster.TryEvolveIndividual,-1575
1,43,DP,sink,MinionRoster.TrySummon,-35320
1,43,DP,sink,CommandSystem.TryUse,-5100
1,43,DP,source,AdventurerAI.ReapEmotion,210
1,43,DP,source,AdventurerAI.GrantReturnReward,19786
1,43,Fame,source,AdventurerAI.GrantReturnReward,320
1,43,Fame,source,LureEconomy.OnHeroEscaped,800
1,43,DP,source,AdventurerAI.TakeDamage,42643
1,43,Material,source,AdventurerAI.TakeDamage,3063
1,43,DP,source,Nemesis.OnSlain,5234
1,43,Material,source,Nemesis.OnSlain,23
1,43,DP,stock,end,63334
1,43,Material,stock,end,13802
1,43,Fame,stock,end,32924
1,44,DP,source,SurfaceMap.CollectYields,147
1,44,Material,source,SurfaceMap.CollectYields,8
1,44,Fame,source,SurfaceMap.CollectYields,33
1,44,DP,source,DistrictCatalog.Collect,28
1,44,DP,sink,MinionRoster.TryForge,-13488
1,44,Material,sink,MinionRoster.TryForge,-8
1,44,DP,sink,MinionRoster.TrySummon,-49979
1,44,DP,source,AdventurerAI.ReapEmotion,222
1,44,DP,source,AdventurerAI.TakeDamage,30565
1,44,Material,source,AdventurerAI.TakeDamage,542
1,44,DP,sink,CommandSystem.TryUse,-4750
1,44,Fame,source,AdventurerAI.GrantReturnReward,300
1,44,Fame,source,LureEconomy.OnHeroEscaped,750
1,44,DP,source,AdventurerAI.GrantReturnReward,17475
1,44,DP,source,Nemesis.OnSlain,972
1,44,Material,source,Nemesis.OnSlain,6
1,44,DP,stock,end,44526
1,44,Material,stock,end,14350
1,44,Fame,stock,end,34007
1,45,DP,source,SurfaceMap.CollectYields,184
1,45,Material,source,SurfaceMap.CollectYields,10
1,45,Fame,source,SurfaceMap.CollectYields,33
1,45,DP,source,DistrictCatalog.Collect,28
1,45,DP,sink,MinionRoster.TryForge,-30960
1,45,Material,sink,MinionRoster.TryForge,-192
1,45,DP,sink,MinionRoster.TrySummon,-13746
1,45,DP,source,AdventurerAI.ReapEmotion,228
1,45,DP,source,AdventurerAI.GrantReturnReward,33798
1,45,Fame,source,AdventurerAI.GrantReturnReward,530
1,45,Fame,source,LureEconomy.OnHeroEscaped,1325
1,45,DP,sink,CommandSystem.TryUse,-4900
1,45,DP,source,AdventurerAI.TakeDamage,62504
1,45,Material,source,AdventurerAI.TakeDamage,67949
1,45,DP,source,Nemesis.OnSlain,5266
1,45,Material,source,Nemesis.OnSlain,23
1,45,DP,stock,end,96928
1,45,Material,stock,end,82140
1,45,Fame,stock,end,35895
1,46,DP,source,SurfaceMap.CollectYields,208
1,46,Material,source,SurfaceMap.CollectYields,12
1,46,Fame,source,SurfaceMap.CollectYields,36
1,46,DP,source,DistrictCatalog.Collect,28
1,46,DP,sink,MinionRoster.TryForge,-62880
1,46,Material,sink,MinionRoster.TryForge,-712
1,46,DP,sink,MinionRoster.TrySummon,-34244
1,46,DP,source,AdventurerAI.ReapEmotion,208
1,46,DP,source,AdventurerAI.GrantReturnReward,20755
1,46,Fame,source,AdventurerAI.GrantReturnReward,360
1,46,Fame,source,LureEconomy.OnHeroEscaped,900
1,46,DP,sink,CommandSystem.TryUse,-4450
1,46,DP,source,AdventurerAI.TakeDamage,41711
1,46,Material,source,AdventurerAI.TakeDamage,1226
1,46,DP,source,Nemesis.OnSlain,1530
1,46,Material,source,Nemesis.OnSlain,8
1,46,DP,stock,end,59794
1,46,Material,stock,end,82674
1,46,Fame,stock,end,37191
1,47,DP,source,SurfaceMap.CollectYields,208
1,47,Material,source,SurfaceMap.CollectYields,12
1,47,Fame,source,SurfaceMap.CollectYields,36
1,47,DP,source,DistrictCatalog.Collect,28
1,47,DP,sink,MinionRoster.TryForge,-4800
1,47,Material,sink,MinionRoster.TryForge,-64
1,47,DP,sink,MinionEvolution.TryEvolve,-9050
1,47,DP,sink,MinionRoster.TryEvolveIndividual,-45500
1,47,DP,sink,MinionRoster.TrySummon,-652
1,47,DP,source,AdventurerAI.ReapEmotion,210
1,47,DP,source,AdventurerAI.GrantReturnReward,26558
1,47,Fame,source,AdventurerAI.GrantReturnReward,360
1,47,Fame,source,LureEconomy.OnHeroEscaped,900
1,47,DP,sink,CommandSystem.TryUse,-4450
1,47,DP,source,AdventurerAI.TakeDamage,27812
1,47,Material,source,AdventurerAI.TakeDamage,845
1,47,DP,source,Nemesis.OnSlain,2042
1,47,Material,source,Nemesis.OnSlain,12
1,47,DP,stock,end,52200
1,47,Material,stock,end,83479
1,47,Fame,stock,end,38487
1,48,DP,source,SurfaceMap.CollectYields,208
1,48,Material,source,SurfaceMap.CollectYields,12
1,48,Fame,source,SurfaceMap.CollectYields,36
1,48,DP,source,DistrictCatalog.Collect,28
1,48,DP,source,EraSystem.TickTurn,9720
1,48,DP,sink,MinionRoster.TryForge,-55200
1,48,Material,sink,MinionRoster.TryForge,-736
1,48,DP,sink,MinionRoster.TryEvolveIndividual,-4900
1,48,DP,sink,MinionRoster.TrySummon,-2046
1,48,DP,source,AdventurerAI.ReapEmotion,234
1,48,DP,source,AdventurerAI.GrantReturnReward,5103
1,48,Fame,source,AdventurerAI.GrantReturnReward,150
1,48,Fame,source,LureEconomy.OnHeroEscaped,375
1,48,DP,sink,CommandSystem.TryUse,-5250
1,48,DP,source,AdventurerAI.TakeDamage,49217
1,48,Material,source,AdventurerAI.TakeDamage,807
1,48,DP,source,Nemesis.OnSlain,5576
1,48,Material,source,Nemesis.OnSlain,27
1,48,DP,stock,end,54890
1,48,Material,stock,end,83589
1,48,Fame,stock,end,39048
1,49,DP,source,SurfaceMap.CollectYields,208
1,49,Material,source,SurfaceMap.CollectYields,12
1,49,Fame,source,SurfaceMap.CollectYields,36
1,49,DP,source,DistrictCatalog.Collect,28
1,49,DP,source,EraSystem.TickTurn,9720
1,49,DP,sink,MinionRoster.TryForge,-4800
1,49,Material,sink,MinionRoster.TryForge,-64
1,49,DP,sink,MinionEvolution.TryEvolve,-14200
1,49,DP,sink,MinionRoster.TryEvolveIndividual,-44650
1,49,DP,sink,MinionRoster.TrySummon,-1167
1,49,DP,source,AdventurerAI.ReapEmotion,194
1,49,DP,source,AdventurerAI.TakeDamage,67461
1,49,Material,source,AdventurerAI.TakeDamage,1202
1,49,DP,sink,CommandSystem.TryUse,-5600
1,49,DP,source,AdventurerAI.GrantReturnReward,9179
1,49,Fame,source,AdventurerAI.GrantReturnReward,330
1,49,Fame,source,LureEconomy.OnHeroEscaped,825
1,49,DP,source,Nemesis.OnSlain,2907
1,49,Material,source,Nemesis.OnSlain,16
1,49,DP,stock,end,74170
1,49,Material,stock,end,84755
1,49,Fame,stock,end,40239
1,50,DP,source,SurfaceMap.CollectYields,209
1,50,Material,source,SurfaceMap.CollectYields,12
1,50,Fame,source,SurfaceMap.CollectYields,37
1,50,DP,source,DistrictCatalog.Collect,28
1,50,DP,source,EraSystem.TickTurn,9720
1,50,DP,sink,MinionRoster.TryForge,-4800
1,50,Material,sink,MinionRoster.TryForge,-64
1,50,DP,sink,DungeonFloorManager.TryAddFloor,-78125
1,50,DP,sink,DungeonFloorManager.TryExpandFloor,-400
1,50,DP,sink,DungeonFeatureManager.TryPlaceTrap,-600
1,50,DP,sink,MinionRoster.TrySummon,-186
1,50,DP,source,AdventurerAI.ReapEmotion,196
1,50,DP,source,AdventurerAI.GrantReturnReward,11499
1,50,Fame,source,AdventurerAI.GrantReturnReward,190
1,50,Fame,source,LureEconomy.OnHeroEscaped,475
1,50,DP,source,Nemesis.OnSlain,3159
1,50,Material,source,Nemesis.OnSlain,18
1,50,DP,source,AdventurerAI.TakeDamage,66669
1,50,Material,source,AdventurerAI.TakeDamage,598
1,50,DP,sink,CommandSystem.TryUse,-4750
1,50,DP,stock,end,76789
1,50,Material,stock,end,85319
1,50,Fame,stock,end,40941
1,51,DP,source,SurfaceMap.CollectYields,184
1,51,Material,source,SurfaceMap.CollectYields,10
1,51,Fame,source,SurfaceMap.CollectYields,33
1,51,DP,source,DistrictCatalog.Collect,28
1,51,DP,source,EraSystem.TickTurn,9720
1,51,DP,sink,MinionRoster.TryForge,-4800
1,51,Material,sink,MinionRoster.TryForge,-64
1,51,DP,sink,DungeonFloorManager.TryExpandFloor,-4800
1,51,DP,sink,MinionEvolution.TryEvolve,-19050
1,51,DP,sink,MinionRoster.TryEvolveIndividual,-56750
1,51,DP,sink,DungeonFeatureManager.TryPlaceTrap,-1050
1,51,DP,sink,MinionRoster.TrySummon,-247
1,51,DP,source,AdventurerAI.ReapEmotion,226
1,51,Fame,source,AdventurerAI.GrantReturnReward,230
1,51,Fame,source,LureEconomy.OnHeroEscaped,575
1,51,DP,source,AdventurerAI.GrantReturnReward,10249
1,51,DP,sink,CommandSystem.TryUse,-5600
1,51,DP,source,AdventurerAI.TakeDamage,54064
1,51,Material,source,AdventurerAI.TakeDamage,955
1,51,DP,source,Nemesis.OnSlain,2203
1,51,Material,source,Nemesis.OnSlain,12
1,51,DP,stock,end,61166
1,51,Material,stock,end,86232
1,51,Fame,stock,end,41779
1,52,DP,source,SurfaceMap.CollectYields,184
1,52,Material,source,SurfaceMap.CollectYields,10
1,52,Fame,source,SurfaceMap.CollectYields,33
1,52,DP,source,DistrictCatalog.Collect,28
1,52,DP,source,EraSystem.TickTurn,16524
1,52,DP,sink,MinionRoster.TryForge,-38400
1,52,Material,sink,MinionRoster.TryForge,-512
1,52,DP,sink,MinionRoster.TryEvolveIndividual,-35750
1,52,DP,sink,DungeonFeatureManager.TryPlaceTrap,-3450
1,52,DP,sink,MinionRoster.TrySummon,-279
1,52,DP,source,AdventurerAI.ReapEmotion,228
1,52,DP,source,AdventurerAI.GrantReturnReward,8814
1,52,Fame,source,AdventurerAI.GrantReturnReward,210
1,52,Fame,source,LureEconomy.OnHeroEscaped,525
1,52,DP,sink,CommandSystem.TryUse,-5100
1,52,DP,source,Nemesis.OnSlain,3272
1,52,Material,source,Nemesis.OnSlain,18
1,52,DP,source,AdventurerAI.TakeDamage,59910
1,52,Material,source,AdventurerAI.TakeDamage,1156
1,52,DP,stock,end,67147
1,52,Material,stock,end,86904
1,52,Fame,stock,end,42547
1,53,DP,source,SurfaceMap.CollectYields,184
1,53,Material,source,SurfaceMap.CollectYields,10
1,53,Fame,source,SurfaceMap.CollectYields,33
1,53,DP,source,DistrictCatalog.Collect,28
1,53,Material,source,DistrictCatalog.Collect,3
1,53,DP,source,EraSystem.TickTurn,9720
1,53,Material,source,EraSystem.TickTurn,124
1,53,DP,sink,MinionRoster.TryForge,-31200
1,53,Material,sink,MinionRoster.TryForge,-416
1,53,DP,sink,MinionRoster.TryEvolveIndividual,-43450
1,53,DP,sink,MinionRoster.TrySummon,-2400
1,53,DP,source,AdventurerAI.ReapEmotion,230
1,53,DP,source,AdventurerAI.GrantReturnReward,16804
1,53,Fame,source,AdventurerAI.GrantReturnReward,330
1,53,Fame,source,LureEconomy.OnHeroEscaped,825
1,53,DP,sink,CommandSystem.TryUse,-4450
1,53,DP,source,Nemesis.OnSlain,4146
1,53,Material,source,Nemesis.OnSlain,22
1,53,DP,source,AdventurerAI.TakeDamage,62966
1,53,Material,source,AdventurerAI.TakeDamage,1399
1,53,DP,stock,end,79725
1,53,Material,stock,end,88046
1,53,Fame,stock,end,43735
1,54,DP,source,SurfaceMap.CollectYields,226
1,54,Material,source,SurfaceMap.CollectYields,10
1,54,Fame,source,SurfaceMap.CollectYields,40
1,54,DP,source,DistrictCatalog.Collect,28
1,54,Material,source,DistrictCatalog.Collect,3
1,54,DP,source,EraSystem.TickTurn,9720
1,54,Material,source,EraSystem.TickTurn,62
1,54,Fame,source,EraSystem.TickTurn,135
1,54,DP,sink,MinionRoster.TryForge,-84960
1,54,Material,sink,MinionRoster.TryForge,-1176
1,54,DP,sink,MinionRoster.TrySummon,-4736
1,54,DP,source,AdventurerAI.ReapEmotion,208
1,54,DP,source,AdventurerAI.TakeDamage,82802
1,54,Material,source,AdventurerAI.TakeDamage,1619
1,54,DP,sink,CommandSystem.TryUse,-5100
1,54,DP,source,AdventurerAI.GrantReturnReward,2549
1,54,Fame,source,AdventurerAI.GrantReturnReward,200
1,54,Fame,source,LureEconomy.OnHeroEscaped,500
1,54,DP,source,Nemesis.OnSlain,3306
1,54,Material,source,Nemesis.OnSlain,18
1,54,DP,stock,end,83768
1,54,Material,stock,end,88582
1,54,Fame,stock,end,44610
1,55,DP,source,SurfaceMap.CollectYields,226
1,55,Material,source,SurfaceMap.CollectYields,10
1,55,Fame,source,SurfaceMap.CollectYields,40
1,55,DP,source,DistrictCatalog.Collect,28
1,55,Material,source,DistrictCatalog.Collect,3
1,55,DP,source,EraSystem.TickTurn,9720
1,55,DP,sink,MinionRoster.TryForge,-89280
1,55,Material,sink,MinionRoster.TryForge,-1302
1,55,DP,sink,MinionRoster.TrySummon,-4462
1,55,DP,source,AdventurerAI.ReapEmotion,1002
1,55,DP,source,AdventurerAI.TakeDamage,81380
1,55,Material,source,AdventurerAI.TakeDamage,894
1,55,DP,sink,CommandSystem.TryUse,-5200
1,55,DP,source,AdventurerAI.GrantReturnReward,20888
1,55,Fame,source,AdventurerAI.GrantReturnReward,230
1,55,Fame,source,LureEconomy.OnHeroEscaped,575
1,55,DP,source,Nemesis.OnSlain,3354
1,55,Material,source,Nemesis.OnSlain,18
1,55,DP,stock,end,101424
1,55,Material,stock,end,88205
1,55,Fame,stock,end,45455
1,56,DP,source,SurfaceMap.CollectYields,256
1,56,Material,source,SurfaceMap.CollectYields,12
1,56,Fame,source,SurfaceMap.CollectYields,45
1,56,DP,source,DistrictCatalog.Collect,28
1,56,Material,source,DistrictCatalog.Collect,3
1,56,DP,source,EraSystem.TickTurn,11664
1,56,DP,sink,MinionRoster.TryForge,-109440
1,56,Material,sink,MinionRoster.TryForge,-1596
1,56,DP,sink,MinionRoster.TrySummon,-3892
1,56,DP,source,AdventurerAI.ReapEmotion,202
1,56,DP,source,AdventurerAI.TakeDamage,67617
1,56,Material,source,AdventurerAI.TakeDamage,1985
1,56,DP,sink,CommandSystem.TryUse,-4900
1,56,DP,source,AdventurerAI.GrantReturnReward,16529
1,56,Fame,source,AdventurerAI.GrantReturnReward,380
1,56,Fame,source,LureEconomy.OnHeroEscaped,950
1,56,DP,source,Nemesis.OnSlain,3467
1,56,Material,source,Nemesis.OnSlain,18
1,56,DP,stock,end,82955
1,56,Material,stock,end,88627
1,56,Fame,stock,end,46830
1,57,DP,source,SurfaceMap.CollectYields,256
1,57,Material,source,SurfaceMap.CollectYields,12
1,57,Fame,source,SurfaceMap.CollectYields,45
1,57,DP,source,DistrictCatalog.Collect,28
1,57,Material,source,DistrictCatalog.Collect,3
1,57,DP,sink,MinionRoster.TryForge,-80640
1,57,Material,sink,MinionRoster.TryForge,-1176
1,57,DP,sink,MinionRoster.TrySummon,-2574
1,57,DP,source,AdventurerAI.ReapEmotion,332
1,57,DP,sink,CommandSystem.TryUse,-5250
1,57,DP,source,AdventurerAI.GrantReturnReward,17021
1,57,Fame,source,AdventurerAI.GrantReturnReward,330
1,57,Fame,source,LureEconomy.OnHeroEscaped,825
1,57,DP,source,AdventurerAI.TakeDamage,60911
1,57,Material,source,AdventurerAI.TakeDamage,951
1,57,DP,source,Nemesis.OnSlain,2300
1,57,Material,source,Nemesis.OnSlain,12
1,57,DP,stock,end,75339
1,57,Material,stock,end,88429
1,57,Fame,stock,end,48030
1,58,DP,source,SurfaceMap.CollectYields,256
1,58,Material,source,SurfaceMap.CollectYields,12
1,58,Fame,source,SurfaceMap.CollectYields,45
1,58,DP,source,DistrictCatalog.Collect,28
1,58,Material,source,DistrictCatalog.Collect,3
1,58,DP,sink,MinionRoster.TryForge,-72720
1,58,Material,sink,MinionRoster.TryForge,-1073
1,58,DP,sink,MinionRoster.TrySummon,-2861
1,58,DP,source,AdventurerAI.ReapEmotion,219
1,58,DP,source,AdventurerAI.TakeDamage,48283
1,58,Material,source,AdventurerAI.TakeDamage,1119
1,58,DP,sink,CommandSystem.TryUse,-5600
1,58,DP,source,AdventurerAI.GrantReturnReward,13501
1,58,Fame,source,AdventurerAI.GrantReturnReward,420
1,58,Fame,source,LureEconomy.OnHeroEscaped,1050
1,58,DP,source,Nemesis.OnSlain,1166
1,58,Material,source,Nemesis.OnSlain,6
1,58,DP,stock,end,57611
1,58,Material,stock,end,88496
1,58,Fame,stock,end,49545
1,59,DP,source,SurfaceMap.CollectYields,184
1,59,Material,source,SurfaceMap.CollectYields,10
1,59,Fame,source,SurfaceMap.CollectYields,33
1,59,DP,source,DistrictCatalog.Collect,28
1,59,Material,source,DistrictCatalog.Collect,3
1,59,DP,sink,MinionRoster.TryForge,-54000
1,59,Material,sink,MinionRoster.TryForge,-825
1,59,DP,sink,MinionRoster.TrySummon,-3776
1,59,DP,source,AdventurerAI.TakeDamage,50297
1,59,Material,source,AdventurerAI.TakeDamage,756
1,59,DP,source,AdventurerAI.ReapEmotion,233
1,59,DP,sink,CommandSystem.TryUse,-5600
1,59,DP,source,AdventurerAI.GrantReturnReward,17302
1,59,Fame,source,AdventurerAI.GrantReturnReward,410
1,59,Fame,source,LureEconomy.OnHeroEscaped,1025
1,59,DP,source,Nemesis.OnSlain,2332
1,59,Material,source,Nemesis.OnSlain,12
1,59,DP,stock,end,64611
1,59,Material,stock,end,88452
1,59,Fame,stock,end,51013
1,60,DP,source,SurfaceMap.CollectYields,184
1,60,Material,source,SurfaceMap.CollectYields,10
1,60,Fame,source,SurfaceMap.CollectYields,33
1,60,DP,source,DistrictCatalog.Collect,28
1,60,Material,source,DistrictCatalog.Collect,3
1,60,DP,sink,MinionRoster.TryForge,-61200
1,60,Material,sink,MinionRoster.TryForge,-935
1,60,DP,sink,MinionRoster.TrySummon,-3569
1,60,DP,source,AdventurerAI.ReapEmotion,960
1,60,DP,sink,CommandSystem.TryUse,-5100
1,60,DP,source,AdventurerAI.TakeDamage,84888
1,60,Material,source,AdventurerAI.TakeDamage,1024
1,60,DP,source,AdventurerAI.GrantReturnReward,24554
1,60,Fame,source,AdventurerAI.GrantReturnReward,300
1,60,Fame,source,LureEconomy.OnHeroEscaped,750
1,60,DP,stock,end,105356
1,60,Material,stock,end,88554
1,60,Fame,stock,end,52096
1,61,DP,source,SurfaceMap.CollectYields,184
1,61,Material,source,SurfaceMap.CollectYields,10
1,61,Fame,source,SurfaceMap.CollectYields,33
1,61,DP,source,DistrictCatalog.Collect,28
1,61,Material,source,DistrictCatalog.Collect,3
1,61,DP,sink,MinionRoster.TryForge,-100800
1,61,Material,sink,MinionRoster.TryForge,-1540
1,61,DP,sink,MinionRoster.TrySummon,-4759
1,61,DP,source,AdventurerAI.ReapEmotion,332
1,61,DP,sink,CommandSystem.TryUse,-5600
1,61,DP,source,AdventurerAI.GrantReturnReward,20814
1,61,Fame,source,AdventurerAI.GrantReturnReward,520
1,61,Fame,source,LureEconomy.OnHeroEscaped,1300
1,61,DP,source,AdventurerAI.TakeDamage,105165
1,61,Material,source,AdventurerAI.TakeDamage,1990
1,61,DP,source,Nemesis.OnSlain,4160
1,61,Material,source,Nemesis.OnSlain,20
1,61,DP,stock,end,124880
1,61,Material,stock,end,89037
1,61,Fame,stock,end,53949
1,62,DP,source,SurfaceMap.CollectYields,209
1,62,Material,source,SurfaceMap.CollectYields,12
1,62,Fame,source,SurfaceMap.CollectYields,37
1,62,DP,source,DistrictCatalog.Collect,28
1,62,Material,source,DistrictCatalog.Collect,3
1,62,DP,sink,MinionRoster.TryForge,-122400
1,62,Material,sink,MinionRoster.TryForge,-1870
1,62,DP,sink,MinionRoster.TrySummon,-2704
1,62,DP,source,AdventurerAI.ReapEmotion,246
1,62,DP,source,AdventurerAI.GrantReturnReward,24151
1,62,Fame,source,AdventurerAI.GrantReturnReward,420
1,62,Fame,source,LureEconomy.OnHeroEscaped,1050
1,62,DP,sink,CommandSystem.TryUse,-5600
1,62,DP,source,Nemesis.OnSlain,5925
1,62,Material,source,Nemesis.OnSlain,28
1,62,DP,source,AdventurerAI.TakeDamage,71724
1,62,Material,source,AdventurerAI.TakeDamage,773
1,62,DP,stock,end,96459
1,62,Material,stock,end,87983
1,62,Fame,stock,end,55456
1,63,DP,source,SurfaceMap.CollectYields,209
1,63,Material,source,SurfaceMap.CollectYields,12
1,63,Fame,source,SurfaceMap.CollectYields,37
1,63,DP,source,DistrictCatalog.Collect,28
1,63,Material,source,DistrictCatalog.Collect,3
1,63,DP,sink,MinionRoster.TryForge,-93600
1,63,Material,sink,MinionRoster.TryForge,-1430
1,63,DP,sink,MinionRoster.TrySummon,-3063
1,63,DP,source,AdventurerAI.ReapEmotion,268
1,63,DP,sink,CommandSystem.TryUse,-5600
1,63,DP,source,AdventurerAI.TakeDamage,63760
1,63,Material,source,AdventurerAI.TakeDamage,1172
1,63,DP,source,AdventurerAI.GrantReturnReward,12847
1,63,Fame,source,AdventurerAI.GrantReturnReward,350
1,63,Fame,source,LureEconomy.OnHeroEscaped,875
1,63,DP,source,Nemesis.OnSlain,1215
1,63,Material,source,Nemesis.OnSlain,6
1,63,DP,stock,end,72523
1,63,Material,stock,end,87746
1,63,Fame,stock,end,56718
1,64,DP,source,SurfaceMap.CollectYields,209
1,64,Material,source,SurfaceMap.CollectYields,12
1,64,Fame,source,SurfaceMap.CollectYields,37
1,64,DP,source,DistrictCatalog.Collect,28
1,64,Material,source,DistrictCatalog.Collect,3
1,64,DP,sink,MinionRoster.TryForge,-66960
1,64,Material,sink,MinionRoster.TryForge,-1075
1,64,DP,sink,MinionRoster.TrySummon,-5782
1,64,DP,source,AdventurerAI.ReapEmotion,171
1,64,DP,source,AdventurerAI.TakeDamage,59820
1,64,Material,source,AdventurerAI.TakeDamage,798
1,64,DP,sink,CommandSystem.TryUse,-5600
1,64,DP,source,AdventurerAI.GrantReturnReward,18915
1,64,Fame,source,AdventurerAI.GrantReturnReward,350
1,64,Fame,source,LureEconomy.OnHeroEscaped,875
1,64,DP,source,Nemesis.OnSlain,1264
1,64,Material,source,Nemesis.OnSlain,6
1,64,DP,stock,end,74588
1,64,Material,stock,end,87490
1,64,Fame,stock,end,57980
1,65,DP,source,SurfaceMap.CollectYields,209
1,65,Material,source,SurfaceMap.CollectYields,12
1,65,Fame,source,SurfaceMap.CollectYields,37
1,65,DP,source,DistrictCatalog.Collect,28
1,65,Material,source,DistrictCatalog.Collect,3
1,65,DP,sink,MinionRoster.TryForge,-69120
1,65,Material,sink,MinionRoster.TryForge,-1120
1,65,DP,sink,MinionRoster.TrySummon,-5681
1,65,DP,source,AdventurerAI.ReapEmotion,826
1,65,DP,source,AdventurerAI.GrantReturnReward,27859
1,65,Fame,source,AdventurerAI.GrantReturnReward,350
1,65,Fame,source,LureEconomy.OnHeroEscaped,875
1,65,DP,sink,CommandSystem.TryUse,-5200
1,65,DP,source,AdventurerAI.TakeDamage,81204
1,65,Material,source,AdventurerAI.TakeDamage,628
1,65,DP,source,Nemesis.OnSlain,2899
1,65,Material,source,Nemesis.OnSlain,14
1,65,DP,stock,end,107612
1,65,Material,stock,end,87027
1,65,Fame,stock,end,59242
1,66,DP,source,SurfaceMap.CollectYields,184
1,66,Material,source,SurfaceMap.CollectYields,10
1,66,Fame,source,SurfaceMap.CollectYields,33
1,66,DP,source,DistrictCatalog.Collect,28
1,66,Material,source,DistrictCatalog.Collect,3
1,66,DP,sink,MinionRoster.TryForge,-103680
1,66,Material,sink,MinionRoster.TryForge,-1680
1,66,DP,sink,MinionRoster.TrySummon,-4118
1,66,DP,source,AdventurerAI.TakeDamage,70204
1,66,Material,source,AdventurerAI.TakeDamage,1752
1,66,DP,source,AdventurerAI.ReapEmotion,973
1,66,DP,sink,CommandSystem.TryUse,-4750
1,66,DP,source,AdventurerAI.GrantReturnReward,19454
1,66,Fame,source,AdventurerAI.GrantReturnReward,340
1,66,Fame,source,LureEconomy.OnHeroEscaped,850
1,66,DP,stock,end,85907
1,66,Material,stock,end,87112
1,66,Fame,stock,end,60465
1,67,DP,source,SurfaceMap.CollectYields,184
1,67,Material,source,SurfaceMap.CollectYields,10
1,67,Fame,source,SurfaceMap.CollectYields,33
1,67,DP,source,DistrictCatalog.Collect,28
1,67,Material,source,DistrictCatalog.Collect,3
1,67,DP,sink,MinionRoster.TryForge,-82080
1,67,Material,sink,MinionRoster.TryForge,-1330
1,67,DP,sink,MinionRoster.TrySummon,-4004
1,67,DP,source,AdventurerAI.ReapEmotion,228
1,67,DP,source,AdventurerAI.GrantReturnReward,15278
1,67,Fame,source,AdventurerAI.GrantReturnReward,220
1,67,Fame,source,LureEconomy.OnHeroEscaped,550
1,67,DP,sink,CommandSystem.TryUse,-5600
1,67,DP,source,Nemesis.OnSlain,4864
1,67,Material,source,Nemesis.OnSlain,22
1,67,DP,source,AdventurerAI.TakeDamage,69422
1,67,Material,source,AdventurerAI.TakeDamage,340
1,67,DP,stock,end,84227
1,67,Material,stock,end,86157
1,67,Fame,stock,end,61268
1,68,DP,source,SurfaceMap.CollectYields,184
1,68,Material,source,SurfaceMap.CollectYields,10
1,68,Fame,source,SurfaceMap.CollectYields,33
1,68,DP,source,DistrictCatalog.Collect,28
1,68,Material,source,DistrictCatalog.Collect,3
1,68,DP,sink,MinionRoster.TryForge,-77760
1,68,Material,sink,MinionRoster.TryForge,-1260
1,68,DP,sink,MinionRoster.TrySummon,-6624
1,68,DP,source,AdventurerAI.ReapEmotion,154
1,68,DP,source,AdventurerAI.TakeDamage,62191
1,68,Material,source,AdventurerAI.TakeDamage,1636
1,68,DP,sink,CommandSystem.TryUse,-4800
1,68,DP,source,AdventurerAI.GrantReturnReward,25100
1,68,Fame,source,AdventurerAI.GrantReturnReward,410
1,68,Fame,source,LureEconomy.OnHeroEscaped,1025
1,68,DP,source,Nemesis.OnSlain,3509
1,68,Material,source,Nemesis.OnSlain,16
1,68,DP,stock,end,86209
1,68,Material,stock,end,86562
1,68,Fame,stock,end,62736
2,1,DP,sink,DungeonFeatureManager.TryPlaceTrap,-150
2,1,DP,sink,MinionRoster.TrySummon,-46
2,1,DP,source,AdventurerAI.ReapEmotion,150
2,1,DP,source,AdventurerAI.TakeDamage,165
2,1,Material,source,AdventurerAI.TakeDamage,6
2,1,DP,sink,CommandSystem.TryUse,-300
2,1,DP,source,AdventurerAI.GrantReturnReward,493
2,1,Fame,source,AdventurerAI.GrantReturnReward,20
2,1,Fame,source,LureEconomy.OnHeroEscaped,50
2,1,DP,stock,end,512
2,1,Material,stock,end,6
2,1,Fame,stock,end,70
2,2,DP,source,SurfaceMap.CollectYields,18
2,2,Material,source,SurfaceMap.CollectYields,1
2,2,Fame,source,SurfaceMap.CollectYields,4
2,2,DP,source,EraSystem.TickTurn,600
2,2,Fame,source,EraSystem.TickTurn,25
2,2,DP,sink,MinionRoster.TryForge,-236
2,2,DP,sink,MinionEvolution.TryEvolve,-550
2,2,DP,sink,DungeonFeatureManager.TryPlaceTrap,-150
2,2,DP,sink,MinionRoster.TrySummon,-180
2,2,DP,source,AdventurerAI.TakeDamage,277
2,2,Material,source,AdventurerAI.TakeDamage,14
2,2,DP,source,AdventurerAI.ReapEmotion,168
2,2,DP,sink,CommandSystem.TryUse,-600
2,2,DP,source,AdventurerAI.GrantReturnReward,172
2,2,Fame,source,AdventurerAI.GrantReturnReward,10
2,2,Fame,source,LureEconomy.OnHeroEscaped,25
2,2,DP,stock,end,31
2,2,Material,stock,end,21
2,2,Fame,stock,end,134
2,3,DP,source,SurfaceMap.CollectYields,18
2,3,Material,source,SurfaceMap.CollectYields,1
2,3,Fame,source,SurfaceMap.CollectYields,4
2,3,DP,source,EraSystem.TickTurn,600
2,3,DP,sink,MinionRoster.TryForge,-236
2,3,DP,sink,MinionEvolution.TryEvolve,-75
2,3,DP,sink,DungeonFeatureManager.TryPlaceTrap,-150
2,3,DP,sink,MinionRoster.TrySummon,-181
2,3,DP,source,AdventurerAI.ReapEmotion,171
2,3,DP,source,AdventurerAI.TakeDamage,297
2,3,Material,source,AdventurerAI.TakeDamage,27
2,3,DP,sink,CommandSystem.TryUse,-300
2,3,DP,source,AdventurerAI.GrantReturnReward,59
2,3,Fame,source,AdventurerAI.GrantReturnReward,10
2,3,Fame,source,LureEconomy.OnHeroEscaped,25
2,3,DP,stock,end,234
2,3,Material,stock,end,49
2,3,Fame,stock,end,173
2,4,DP,source,SurfaceMap.CollectYields,18
2,4,Material,source,SurfaceMap.CollectYields,1
2,4,Fame,source,SurfaceMap.CollectYields,4
2,4,DP,source,EraSystem.TickTurn,600
2,4,DP,sink,MinionRoster.TryForge,-212
2,4,DP,sink,MinionEvolution.TryEvolve,-325
2,4,DP,sink,DungeonFeatureManager.TryPlaceTrap,-150
2,4,DP,sink,MinionRoster.TrySummon,-156
2,4,DP,source,AdventurerAI.TakeDamage,331
2,4,Material,source,AdventurerAI.TakeDamage,14
2,4,DP,source,AdventurerAI.ReapEmotion,109
2,4,DP,sink,CommandSystem.TryUse,-1150
2,4,Fame,source,AdventurerAI.GrantReturnReward,20
2,4,Fame,source,LureEconomy.OnHeroEscaped,50
2,4,DP,source,AdventurerAI.GrantReturnReward,350
2,4,DP,source,Nemesis.OnSlain,454
2,4,Material,source,Nemesis.OnSlain,5
2,4,DP,stock,end,103
2,4,Material,stock,end,69
2,4,Fame,stock,end,247
2,5,DP,source,SurfaceMap.CollectYields,18
2,5,Material,source,SurfaceMap.CollectYields,1
2,5,Fame,source,SurfaceMap.CollectYields,4
2,5,DP,source,EraSystem.TickTurn,600
2,5,Material,source,EraSystem.TickTurn,10
2,5,DP,sink,MinionRoster.TryForge,-212
2,5,DP,sink,MinionEvolution.TryEvolve,-200
2,5,DP,sink,DungeonFeatureManager.TryPlaceTrap,-150
2,5,DP,sink,MinionRoster.TrySummon,-147
2,5,DP,source,AdventurerAI.TakeDamage,429
2,5,Material,source,AdventurerAI.TakeDamage,12
2,5,DP,source,AdventurerAI.ReapEmotion,78
2,5,DP,sink,CommandSystem.TryUse,-650
2,5,DP,source,Nemesis.OnSlain,470
2,5,Material,source,Nemesis.OnSlain,5
2,5,DP,source,AdventurerAI.GrantReturnReward,80
2,5,Fame,source,AdventurerAI.GrantReturnReward,20
2,5,Fame,source,LureEconomy.OnHeroEscaped,50
2,5,DP,stock,end,419
2,5,Material,stock,end,97
2,5,Fame,stock,end,321
2,6,DP,source,SurfaceMap.CollectYields,38
2,6,Material,source,SurfaceMap.CollectYields,2
2,6,Fame,source,SurfaceMap.CollectYields,8
2,6,DP,source,EraSystem.TickTurn,600
2,6,Material,source,EraSystem.TickTurn,10
2,6,Fame,source,EraSystem.TickTurn,25
2,6,DP,source,WaveRoster.ResolveTrial,1200
2,6,DP,sink,MinionRoster.TryForge,-212
2,6,DP,sink,DungeonFloorManager.TryAddFloor,-800
2,6,DP,sink,DungeonFloorManager.TryExpandFloor,-800
2,6,DP,sink,MinionRoster.TryEvolveIndividual,-75
2,6,DP,sink,DungeonFeatureManager.TryPlaceTrap,-300
2,6,DP,sink,MinionRoster.TrySummon,-70
2,6,DP,source,AdventurerAI.ReapEmotion,184
2,6,DP,source,AdventurerAI.TakeDamage,752
2,6,Material,source,AdventurerAI.TakeDamage,34
2,6,Fame,source,AdventurerAI.GrantReturnReward,60
2,6,Fame,source,LureEconomy.OnHeroEscaped,150
2,6,DP,source,AdventurerAI.GrantReturnReward,1483
2,6,DP,sink,CommandSystem.TryUse,-2300
2,6,DP,source,Nemesis.OnSlain,972
2,6,Material,source,Nemesis.OnSlain,10
2,6,DP,stock,end,1091
2,6,Material,stock,end,153
2,6,Fame,stock,end,564
2,7,DP,source,SurfaceMap.CollectYields,38
2,7,Material,source,SurfaceMap.CollectYields,2
2,7,Fame,source,SurfaceMap.CollectYields,8
2,7,DP,source,EraSystem.TickTurn,600
2,7,DP,sink,MinionRoster.TryForge,-212
2,7,DP,sink,DungeonFloorManager.TryExpandFloor,-800
2,7,DP,sink,MinionEvolution.TryEvolve,-200
2,7,DP,sink,MinionRoster.TryEvolveIndividual,-175
2,7,DP,sink,DungeonFeatureManager.TryPlaceTrap,-150
2,7,DP,sink,MinionRoster.TrySummon,-185
2,7,DP,source,AdventurerAI.ReapEmotion,106
2,7,DP,source,AdventurerAI.TakeDamage,458
2,7,Material,source,AdventurerAI.TakeDamage,14
2,7,DP,sink,CommandSystem.TryUse,-1150
2,7,DP,source,AdventurerAI.GrantReturnReward,688
2,7,Fame,source,AdventurerAI.GrantReturnReward,40
2,7,Fame,source,LureEconomy.OnHeroEscaped,100
2,7,DP,stock,end,109
2,7,Material,stock,end,169
2,7,Fame,stock,end,712
2,8,DP,source,SurfaceMap.CollectYields,38
2,8,Material,source,SurfaceMap.CollectYields,2
2,8,Fame,source,SurfaceMap.CollectYields,8
2,8,DP,source,EraSystem.TickTurn,1020
2,8,DP,sink,MinionRoster.TryForge,-212
2,8,DP,sink,MinionEvolution.TryEvolve,-500
2,8,DP,sink,MinionRoster.TryEvolveIndividual,-150
2,8,DP,sink,DungeonFeatureManager.TryPlaceTrap,-150
2,8,DP,sink,MinionRoster.TrySummon,-139
2,8,DP,source,AdventurerAI.ReapEmotion,123
2,8,DP,source,AdventurerAI.TakeDamage,797
2,8,Material,source,AdventurerAI.TakeDamage,42
2,8,Fame,source,AdventurerAI.GrantReturnReward,30
2,8,Fame,source,LureEconomy.OnHeroEscaped,75
2,8,DP,sink,CommandSystem.TryUse,-1800
2,8,DP,source,AdventurerAI.GrantReturnReward,227
2,8,DP,source,Nemesis.OnSlain,1004
2,8,Material,source,Nemesis.OnSlain,10
2,8,DP,stock,end,367
2,8,Material,stock,end,223
2,8,Fame,stock,end,825
2,9,DP,source,SurfaceMap.CollectYields,68
2,9,Material,source,SurfaceMap.CollectYields,3
2,9,Fame,source,SurfaceMap.CollectYields,16
2,9,DP,source,EraSystem.TickTurn,600
2,9,Fame,source,EraSystem.TickTurn,25
2,9,DP,sink,MinionRoster.TryForge,-380
2,9,DP,sink,MinionEvolution.TryEvolve,-250
2,9,DP,sink,DungeonFeatureManager.TryPlaceTrap,-150
2,9,DP,sink,MinionRoster.TrySummon,-247
2,9,DP,source,AdventurerAI.ReapEmotion,123
2,9,Fame,source,AdventurerAI.GrantReturnReward,20
2,9,Fame,source,LureEconomy.OnHeroEscaped,50
2,9,DP,source,AdventurerAI.TakeDamage,440
2,9,Material,source,AdventurerAI.TakeDamage,14
2,9,DP,source,AdventurerAI.GrantReturnReward,239
2,9,DP,sink,CommandSystem.TryUse,-1150
2,9,DP,source,Nemesis.OnSlain,755
2,9,Material,source,Nemesis.OnSlain,7
2,9,DP,stock,end,415
2,9,Material,stock,end,247
2,9,Fame,stock,end,936
2,10,DP,source,SurfaceMap.CollectYields,78
2,10,Material,source,SurfaceMap.CollectYields,3
2,10,Fame,source,SurfaceMap.CollectYields,16
2,10,DP,source,EraSystem.TickTurn,300
2,10,DP,sink,MinionRoster.TryForge,-285
2,10,DP,sink,MinionRoster.TryEvolveIndividual,-75
2,10,DP,sink,DungeonFeatureManager.TryPlaceTrap,-150
2,10,DP,sink,MinionRoster.TrySummon,-271
2,10,DP,source,AdventurerAI.TakeDamage,1156
2,10,Material,source,AdventurerAI.TakeDamage,32
2,10,DP,source,AdventurerAI.ReapEmotion,84
2,10,DP,sink,CommandSystem.TryUse,-1800
2,10,DP,source,Nemesis.OnSlain,1290
2,10,Material,source,Nemesis.OnSlain,12
2,10,DP,stock,end,742
2,10,Material,stock,end,294
2,10,Fame,stock,end,952
2,11,DP,source,SurfaceMap.CollectYields,78
2,11,Material,source,SurfaceMap.CollectYields,3
2,11,Fame,source,SurfaceMap.CollectYields,16
2,11,DP,source,EraSystem.TickTurn,720
2,11,DP,source,WaveRoster.ResolveTrial,1500
2,11,DP,sink,MinionRoster.TryForge,-190
2,11,DP,sink,DungeonFloorManager.TryAddFloor,-2000
2,11,DP,sink,DungeonFloorManager.TryExpandFloor,-400
2,11,DP,sink,MinionRoster.TryEvolveIndividual,-75
2,11,DP,sink,DungeonFeatureManager.TryPlaceTrap,-150
2,11,DP,sink,MinionRoster.TrySummon,-216
2,11,DP,source,AdventurerAI.TakeDamage,684
2,11,Material,source,AdventurerAI.TakeDamage,21
2,11,Fame,source,AdventurerAI.GrantReturnReward,100
2,11,Fame,source,LureEconomy.OnHeroEscaped,250
2,11,DP,source,AdventurerAI.ReapEmotion,169
2,11,DP,source,AdventurerAI.GrantReturnReward,1534
2,11,DP,sink,CommandSystem.TryUse,-2150
2,11,DP,stock,end,246
2,11,Material,stock,end,318
2,11,Fame,stock,end,1318
2,12,DP,source,SurfaceMap.CollectYields,78
2,12,Material,source,SurfaceMap.CollectYields,3
2,12,Fame,source,SurfaceMap.CollectYields,16
2,12,DP,source,DistrictCatalog.Collect,112
2,12,DP,sink,DungeonFeatureManager.TryPlaceTrap,-150
2,12,DP,sink,MinionRoster.TrySummon,-271
2,12,DP,source,AdventurerAI.ReapEmotion,178
2,12,DP,source,AdventurerAI.TakeDamage,1304
2,12,Material,source,AdventurerAI.TakeDamage,60
2,12,DP,sink,CommandSystem.TryUse,-2300
2,12,DP,source,AdventurerAI.GrantReturnReward,1184
2,12,Fame,source,AdventurerAI.GrantReturnReward,50
2,12,Fame,source,LureEconomy.OnHeroEscaped,125
2,12,DP,source,Nemesis.OnSlain,567
2,12,Material,source,Nemesis.OnSlain,5
2,12,DP,stock,end,948
2,12,Material,stock,end,386
2,12,Fame,stock,end,1509
2,13,DP,source,SurfaceMap.CollectYields,61
2,13,Material,source,SurfaceMap.CollectYields,3
2,13,Fame,source,SurfaceMap.CollectYields,13
2,13,DP,source,DistrictCatalog.Collect,112
2,13,DP,sink,MinionRoster.TryForge,-190
2,13,DP,sink,MinionEvolution.TryEvolve,-550
2,13,DP,sink,DungeonFeatureManager.TryPlaceTrap,-150
2,13,DP,sink,MinionRoster.TrySummon,-230
2,13,DP,source,AdventurerAI.ReapEmotion,126
2,13,DP,source,AdventurerAI.TakeDamage,1190
2,13,Material,source,AdventurerAI.TakeDamage,31
2,13,DP,sink,CommandSystem.TryUse,-1800
2,13,Fame,source,AdventurerAI.GrantReturnReward,50
2,13,Fame,source,LureEconomy.OnHeroEscaped,125
2,13,DP,source,AdventurerAI.GrantReturnReward,982
2,13,DP,source,Nemesis.OnSlain,816
2,13,Material,source,Nemesis.OnSlain,7
2,13,DP,stock,end,1315
2,13,Material,stock,end,427
2,13,Fame,stock,end,1697
2,14,DP,source,SurfaceMap.CollectYields,82
2,14,Material,source,SurfaceMap.CollectYields,4
2,14,Fame,source,SurfaceMap.CollectYields,18
2,14,DP,source,DistrictCatalog.Collect,126
2,14,DP,sink,MinionRoster.TryForge,-285
2,14,DP,sink,DungeonFloorManager.TryExpandFloor,-800
2,14,DP,sink,DungeonFeatureManager.TryPlaceTrap,-150
2,14,DP,sink,MinionRoster.TrySummon,-279
2,14,DP,source,AdventurerAI.ReapEmotion,133
2,14,DP,source,AdventurerAI.TakeDamage,3313
2,14,Material,source,AdventurerAI.TakeDamage,75
2,14,DP,sink,CommandSystem.TryUse,-2450
2,14,DP,source,AdventurerAI.GrantReturnReward,1304
2,14,Fame,source,AdventurerAI.GrantReturnReward,90
2,14,Fame,source,LureEconomy.OnHeroEscaped,225
2,14,DP,source,Nemesis.OnSlain,583
2,14,Material,source,Nemesis.OnSlain,5
2,14,DP,stock,end,2892
2,14,Material,stock,end,511
2,14,Fame,stock,end,2030
2,15,DP,source,SurfaceMap.CollectYields,103
2,15,Material,source,SurfaceMap.CollectYields,5
2,15,Fame,source,SurfaceMap.CollectYields,23
2,15,DP,source,DistrictCatalog.Collect,126
2,15,DP,source,EraSystem.TickTurn,300
2,15,DP,sink,MinionRoster.TryForge,-665
2,15,DP,sink,DungeonFloorManager.TryExpandFloor,-800
2,15,DP,sink,MinionRoster.TryEvolveIndividual,-1525
2,15,DP,sink,DungeonFeatureManager.TryPlaceTrap,-150
2,15,DP,sink,MinionRoster.TrySummon,-270
2,15,DP,source,AdventurerAI.ReapEmotion,506
2,15,DP,sink,CommandSystem.TryUse,-2300
2,15,DP,source,AdventurerAI.TakeDamage,2814
2,15,Material,source,AdventurerAI.TakeDamage,48
2,15,DP,source,Nemesis.OnSlain,599
2,15,Material,source,Nemesis.OnSlain,5
2,15,Fame,source,AdventurerAI.GrantReturnReward,20
2,15,Fame,source,LureEconomy.OnHeroEscaped,50
2,15,DP,source,AdventurerAI.GrantReturnReward,268
2,15,DP,stock,end,1898
2,15,Material,stock,end,569
2,15,Fame,stock,end,2123
2,16,DP,source,SurfaceMap.CollectYields,103
2,16,Material,source,SurfaceMap.CollectYields,5
2,16,Fame,source,SurfaceMap.CollectYields,23
2,16,DP,source,DistrictCatalog.Collect,126
2,16,DP,sink,MinionRoster.TryForge,-190
2,16,DP,sink,DungeonFloorManager.TryExpandFloor,-1500
2,16,DP,sink,DungeonFeatureManager.TryPlaceTrap,-150
2,16,DP,sink,MinionRoster.TrySummon,-278
2,16,DP,source,AdventurerAI.ReapEmotion,203
2,16,DP,source,AdventurerAI.GrantReturnReward,1446
2,16,Fame,source,AdventurerAI.GrantReturnReward,90
2,16,Fame,source,LureEconomy.OnHeroEscaped,225
2,16,DP,sink,CommandSystem.TryUse,-2750
2,16,DP,source,AdventurerAI.TakeDamage,2169
2,16,Material,source,AdventurerAI.TakeDamage,77
2,16,DP,source,Nemesis.OnSlain,3051
2,16,Material,source,Nemesis.OnSlain,23
2,16,DP,stock,end,4128
2,16,Material,stock,end,674
2,16,Fame,stock,end,2461
2,17,DP,source,SurfaceMap.CollectYields,103
2,17,Material,source,SurfaceMap.CollectYields,5
2,17,Fame,source,SurfaceMap.CollectYields,23
2,17,DP,source,DistrictCatalog.Collect,140
2,17,DP,source,EraSystem.TickTurn,720
2,17,DP,sink,MinionRoster.TryForge,-3113
2,17,DP,sink,DungeonFloorManager.TryExpandFloor,-1500
2,17,DP,sink,DungeonFeatureManager.TryPlaceTrap,-300
2,17,DP,sink,MinionRoster.TrySummon,-170
2,17,DP,source,AdventurerAI.ReapEmotion,140
2,17,DP,source,AdventurerAI.TakeDamage,3213
2,17,Material,source,AdventurerAI.TakeDamage,69
2,17,DP,source,AdventurerAI.GrantReturnReward,898
2,17,Fame,source,AdventurerAI.GrantReturnReward,30
2,17,Fame,source,LureEconomy.OnHeroEscaped,75
2,17,DP,sink,CommandSystem.TryUse,-2950
2,17,DP,source,Nemesis.OnSlain,1264
2,17,Material,source,Nemesis.OnSlain,10
2,17,DP,stock,end,2573
2,17,Material,stock,end,758
2,17,Fame,stock,end,2589
2,18,DP,source,SurfaceMap.CollectYields,124
2,18,Material,source,SurfaceMap.CollectYields,6
2,18,Fame,source,SurfaceMap.CollectYields,28
2,18,DP,source,DistrictCatalog.Collect,140
2,18,DP,sink,MinionRoster.TryForge,-2012
2,18,DP,sink,MinionRoster.TryEvolveIndividual,-325
2,18,DP,sink,DungeonFeatureManager.TryPlaceTrap,-300
2,18,DP,sink,MinionRoster.TrySummon,-181
2,18,DP,source,AdventurerAI.ReapEmotion,146
2,18,DP,source,AdventurerAI.TakeDamage,3043
2,18,Material,source,AdventurerAI.TakeDamage,62
2,18,DP,sink,CommandSystem.TryUse,-2450
2,18,DP,source,Nemesis.OnSlain,632
2,18,Material,source,Nemesis.OnSlain,5
2,18,DP,source,AdventurerAI.GrantReturnReward,756
2,18,Fame,source,AdventurerAI.GrantReturnReward,50
2,18,Fame,source,LureEconomy.OnHeroEscaped,125
2,18,DP,stock,end,2146
2,18,Material,stock,end,831
2,18,Fame,stock,end,2792
2,19,DP,source,SurfaceMap.CollectYields,124
2,19,Material,source,SurfaceMap.CollectYields,6
2,19,Fame,source,SurfaceMap.CollectYields,28
2,19,DP,source,DistrictCatalog.Collect,140
2,19,DP,sink,MinionRoster.TryForge,-394
2,19,DP,sink,DungeonFloorManager.TryExpandFloor,-1500
2,19,DP,sink,DungeonFeatureManager.TryPlaceTrap,-300
2,19,DP,sink,MinionRoster.TrySummon,-212
2,19,DP,source,AdventurerAI.ReapEmotion,160
2,19,DP,source,AdventurerAI.TakeDamage,2974
2,19,Material,source,AdventurerAI.TakeDamage,53
2,19,DP,sink,CommandSystem.TryUse,-1800
2,19,Fame,source,AdventurerAI.GrantReturnReward,90
2,19,Fame,source,LureEconomy.OnHeroEscaped,225
2,19,DP,source,AdventurerAI.GrantReturnReward,1674
2,19,DP,source,Nemesis.OnSlain,648
2,19,Material,source,Nemesis.OnSlain,5
2,19,DP,stock,end,3660
2,19,Material,stock,end,895
2,19,Fame,stock,end,3135
2,20,DP,source,SurfaceMap.CollectYields,124
2,20,Material,source,SurfaceMap.CollectYields,6
2,20,Fame,source,SurfaceMap.CollectYields,28
2,20,DP,source,DistrictCatalog.Collect,154
2,20,DP,sink,MinionRoster.TryForge,-3454
2,20,DP,sink,DungeonFeatureManager.TryPlaceTrap,-300
2,20,DP,sink,MinionRoster.TrySummon,-170
2,20,DP,source,AdventurerAI.ReapEmotion,226
2,20,DP,source,AdventurerAI.TakeDamage,5468
2,20,Material,source,AdventurerAI.TakeDamage,70
2,20,DP,sink,CommandSystem.TryUse,-2750
2,20,DP,source,AdventurerAI.GrantReturnReward,2717
2,20,Fame,source,AdventurerAI.GrantReturnReward,80
2,20,Fame,source,LureEconomy.OnHeroEscaped,200
2,20,DP,source,Nemesis.OnSlain,1582
2,20,Material,source,Nemesis.OnSlain,12
2,20,DP,stock,end,7257
2,20,Material,stock,end,983
2,20,Fame,stock,end,3443
2,21,DP,source,SurfaceMap.CollectYields,136
2,21,Material,source,SurfaceMap.CollectYields,5
2,21,Fame,source,SurfaceMap.CollectYields,28
2,21,DP,source,DistrictCatalog.Collect,168
2,21,DP,sink,MinionRoster.TryForge,-584
2,21,DP,sink,DungeonFloorManager.TryAddFloor,-5000
2,21,DP,sink,DungeonFloorManager.TryExpandFloor,-1200
2,21,DP,sink,MinionRoster.TryEvolveIndividual,-325
2,21,DP,sink,DungeonFeatureManager.TryPlaceTrap,-300
2,21,DP,sink,MinionRoster.TrySummon,-150
2,21,DP,source,AdventurerAI.ReapEmotion,152
2,21,DP,source,AdventurerAI.TakeDamage,2973
2,21,Material,source,AdventurerAI.TakeDamage,40
2,21,DP,sink,CommandSystem.TryUse,-2950
2,21,DP,source,AdventurerAI.GrantReturnReward,2123
2,21,Fame,source,AdventurerAI.GrantReturnReward,130
2,21,Fame,source,LureEconomy.OnHeroEscaped,325
2,21,DP,stock,end,2300
2,21,Material,stock,end,1028
2,21,Fame,stock,end,3926
2,22,DP,source,SurfaceMap.CollectYields,136
2,22,Material,source,SurfaceMap.CollectYields,5
2,22,Fame,source,SurfaceMap.CollectYields,28
2,22,DP,source,DistrictCatalog.Collect,168
2,22,DP,sink,MinionRoster.TryForge,-1822
2,22,DP,sink,MinionRoster.TryEvolveIndividual,-250
2,22,DP,sink,DungeonFeatureManager.TryPlaceTrap,-300
2,22,DP,sink,MinionRoster.TrySummon,-207
2,22,DP,source,AdventurerAI.ReapEmotion,311
2,22,DP,source,AdventurerAI.TakeDamage,6653
2,22,Material,source,AdventurerAI.TakeDamage,153
2,22,DP,sink,CommandSystem.TryUse,-3300
2,22,DP,source,AdventurerAI.GrantReturnReward,2781
2,22,Fame,source,AdventurerAI.GrantReturnReward,80
2,22,Fame,source,LureEconomy.OnHeroEscaped,200
2,22,DP,source,Nemesis.OnSlain,2025
2,22,Material,source,Nemesis.OnSlain,14
2,22,DP,stock,end,8495
2,22,Material,stock,end,1200
2,22,Fame,stock,end,4234
2,23,DP,source,SurfaceMap.CollectYields,136
2,23,Material,source,SurfaceMap.CollectYields,5
2,23,Fame,source,SurfaceMap.CollectYields,28
2,23,DP,source,DistrictCatalog.Collect,168
2,23,DP,sink,MinionRoster.TryForge,-8064
2,23,DP,sink,DungeonFeatureManager.TryPlaceTrap,-450
2,23,DP,sink,MinionRoster.TrySummon,-284
2,23,DP,source,AdventurerAI.ReapEmotion,103
2,23,DP,source,AdventurerAI.TakeDamage,7369
2,23,Material,source,AdventurerAI.TakeDamage,173
2,23,DP,sink,CommandSystem.TryUse,-2450
2,23,DP,source,AdventurerAI.GrantReturnReward,2681
2,23,Fame,source,AdventurerAI.GrantReturnReward,110
2,23,Fame,source,LureEconomy.OnHeroEscaped,275
2,23,DP,source,Nemesis.OnSlain,1353
2,23,Material,source,Nemesis.OnSlain,9
2,23,DP,stock,end,9057
2,23,Material,stock,end,1387
2,23,Fame,stock,end,4647
2,24,DP,source,SurfaceMap.CollectYields,163
2,24,Material,source,SurfaceMap.CollectYields,6
2,24,Fame,source,SurfaceMap.CollectYields,34
2,24,DP,source,DistrictCatalog.Collect,154
2,24,DP,source,EraSystem.TickTurn,300
2,24,DP,sink,MinionRoster.TryForge,-168
2,24,DP,sink,MinionEvolution.TryEvolve,-4900
2,24,DP,sink,MinionRoster.TryEvolveIndividual,-4300
2,24,DP,sink,DungeonFeatureManager.TryPlaceTrap,-150
2,24,DP,sink,MinionRoster.TrySummon,-126
2,24,DP,source,AdventurerAI.ReapEmotion,110
2,24,DP,source,AdventurerAI.TakeDamage,8976
2,24,Material,source,AdventurerAI.TakeDamage,134
2,24,DP,sink,CommandSystem.TryUse,-5600
2,24,Fame,source,AdventurerAI.GrantReturnReward,240
2,24,Fame,source,LureEconomy.OnHeroEscaped,600
2,24,DP,source,AdventurerAI.GrantReturnReward,7167
2,24,DP,source,Nemesis.OnSlain,1426
2,24,Material,source,Nemesis.OnSlain,10
2,24,DP,stock,end,12109
2,24,Material,stock,end,1537
2,24,Fame,stock,end,5521
2,25,DP,source,SurfaceMap.CollectYields,180
2,25,Material,source,SurfaceMap.CollectYields,8
2,25,Fame,source,SurfaceMap.CollectYields,37
2,25,DP,source,DistrictCatalog.Collect,28
2,25,DP,source,EraSystem.TickTurn,3840
2,25,DP,sink,MinionRoster.TryForge,-168
2,25,DP,sink,DungeonFloorManager.TryAddFloor,-12500
2,25,DP,sink,DungeonFloorManager.TryExpandFloor,-1200
2,25,DP,sink,MinionRoster.TryEvolveIndividual,-1900
2,25,DP,sink,DungeonFeatureManager.TryPlaceTrap,-150
2,25,DP,sink,MinionRoster.TrySummon,-227
2,25,DP,source,AdventurerAI.ReapEmotion,256
2,25,DP,source,AdventurerAI.TakeDamage,5488
2,25,Material,source,AdventurerAI.TakeDamage,141
2,25,DP,sink,CommandSystem.TryUse,-6000
2,25,DP,source,AdventurerAI.GrantReturnReward,11738
2,25,Fame,source,AdventurerAI.GrantReturnReward,340
2,25,Fame,source,LureEconomy.OnHeroEscaped,850
2,25,DP,stock,end,11494
2,25,Material,stock,end,1686
2,25,Fame,stock,end,6748
2,26,DP,source,SurfaceMap.CollectYields,180
2,26,Material,source,SurfaceMap.CollectYields,8
2,26,Fame,source,SurfaceMap.CollectYields,37
2,26,DP,source,DistrictCatalog.Collect,28
2,26,DP,source,EraSystem.TickTurn,6528
2,26,DP,sink,MinionRoster.TryForge,-4944
2,26,DP,sink,DungeonFloorManager.TryExpandFloor,-5500
2,26,DP,sink,MinionRoster.TryEvolveIndividual,-7025
2,26,DP,sink,DungeonFeatureManager.TryPlaceTrap,-600
2,26,DP,sink,MinionRoster.TrySummon,-132
2,26,DP,source,AdventurerAI.ReapEmotion,256
2,26,DP,source,AdventurerAI.GrantReturnReward,19315
2,26,Fame,source,AdventurerAI.GrantReturnReward,390
2,26,Fame,source,LureEconomy.OnHeroEscaped,975
2,26,DP,sink,CommandSystem.TryUse,-6050
2,26,DP,source,AdventurerAI.TakeDamage,6130
2,26,Material,source,AdventurerAI.TakeDamage,68
2,26,DP,stock,end,19680
2,26,Material,stock,end,1762
2,26,Fame,stock,end,8150
2,27,DP,source,SurfaceMap.CollectYields,180
2,27,Material,source,SurfaceMap.CollectYields,8
2,27,Fame,source,SurfaceMap.CollectYields,37
2,27,DP,source,DistrictCatalog.Collect,28
2,27,DP,source,EraSystem.TickTurn,6528
2,27,DP,sink,MinionRoster.TryForge,-13296
2,27,DP,sink,DungeonFloorManager.TryExpandFloor,-10000
2,27,DP,sink,MinionRoster.TryEvolveIndividual,-1250
2,27,DP,sink,DungeonFeatureManager.TryPlaceTrap,-1650
2,27,DP,sink,MinionRoster.TrySummon,-198
2,27,DP,source,AdventurerAI.ReapEmotion,386
2,27,DP,sink,CommandSystem.TryUse,-5100
2,27,DP,source,AdventurerAI.GrantReturnReward,18465
2,27,Fame,source,AdventurerAI.GrantReturnReward,450
2,27,Fame,source,LureEconomy.OnHeroEscaped,1125
2,27,DP,source,AdventurerAI.TakeDamage,5613
2,27,Material,source,AdventurerAI.TakeDamage,75
2,27,DP,source,Nemesis.OnSlain,761
2,27,Material,source,Nemesis.OnSlain,5
2,27,DP,stock,end,20147
2,27,Material,stock,end,1850
2,27,Fame,stock,end,9762
2,28,DP,source,SurfaceMap.CollectYields,180
2,28,Material,source,SurfaceMap.CollectYields,8
2,28,Fame,source,SurfaceMap.CollectYields,37
2,28,DP,source,DistrictCatalog.Collect,28
2,28,DP,source,EraSystem.TickTurn,3840
2,28,DP,sink,MinionRoster.TryForge,-21018
2,28,DP,sink,MinionRoster.TryEvolveIndividual,-725
2,28,Material,sink,MinionRoster.TryForge,-66
2,28,DP,sink,DungeonFeatureManager.TryPlaceTrap,-2250
2,28,DP,sink,MinionRoster.TrySummon,-172
2,28,DP,source,AdventurerAI.ReapEmotion,166
2,28,DP,source,AdventurerAI.GrantReturnReward,13523
2,28,Fame,source,AdventurerAI.GrantReturnReward,450
2,28,Fame,source,LureEconomy.OnHeroEscaped,1125
2,28,DP,sink,CommandSystem.TryUse,-4800
2,28,DP,source,AdventurerAI.TakeDamage,9565
2,28,Material,source,AdventurerAI.TakeDamage,60
2,28,DP,stock,end,18484
2,28,Material,stock,end,1852
2,28,Fame,stock,end,11374
2,29,DP,source,SurfaceMap.CollectYields,183
2,29,Material,source,SurfaceMap.CollectYields,8
2,29,Fame,source,SurfaceMap.CollectYields,38
2,29,DP,source,DistrictCatalog.Collect,28
2,29,DP,source,EraSystem.TickTurn,3840
2,29,DP,sink,MinionRoster.TryForge,-21150
2,29,DP,sink,MinionRoster.TryEvolveIndividual,-250
2,29,Material,sink,MinionRoster.TryForge,-70
2,29,DP,sink,DungeonFeatureManager.TryPlaceTrap,-900
2,29,DP,sink,MinionRoster.TrySummon,-207
2,29,DP,source,IncidentSystem.Apply,600
2,29,DP,sink,CommandSystem.TryUse,-5550
2,29,DP,source,AdventurerAI.ReapEmotion,103
2,29,DP,source,AdventurerAI.GrantReturnReward,15228
2,29,Fame,source,AdventurerAI.GrantReturnReward,490
2,29,Fame,source,LureEconomy.OnHeroEscaped,1225
2,29,DP,source,AdventurerAI.TakeDamage,6806
2,29,Material,source,AdventurerAI.TakeDamage,212
2,29,DP,stock,end,17215
2,29,Material,stock,end,2002
2,29,Fame,stock,end,13127
2,30,DP,source,SurfaceMap.CollectYields,183
2,30,Material,source,SurfaceMap.CollectYields,8
2,30,Fame,source,SurfaceMap.CollectYields,38
2,30,DP,source,DistrictCatalog.Collect,28
2,30,DP,source,EraSystem.TickTurn,6528
2,30,Material,source,EraSystem.TickTurn,32
2,30,DP,sink,MinionRoster.TryForge,-21900
2,30,DP,sink,MinionRoster.TryEvolveIndividual,-750
2,30,Material,sink,MinionRoster.TryForge,-156
2,30,DP,sink,DungeonFeatureManager.TryPlaceTrap,-1050
2,30,DP,sink,MinionRoster.TrySummon,-242
2,30,DP,source,AdventurerAI.ReapEmotion,530
2,30,DP,sink,CommandSystem.TryUse,-5200
2,30,DP,source,AdventurerAI.GrantReturnReward,26063
2,30,Fame,source,AdventurerAI.GrantReturnReward,520
2,30,Fame,source,LureEconomy.OnHeroEscaped,1300
2,30,DP,source,AdventurerAI.TakeDamage,9436
2,30,Material,source,AdventurerAI.TakeDamage,194
2,30,DP,stock,end,30841
2,30,Material,stock,end,2080
2,30,Fame,stock,end,14985
2,31,DP,source,SurfaceMap.CollectYields,135
2,31,Material,source,SurfaceMap.CollectYields,7
2,31,Fame,source,SurfaceMap.CollectYields,28
2,31,DP,source,DistrictCatalog.Collect,28
2,31,DP,source,EraSystem.TickTurn,3840
2,31,Material,source,EraSystem.TickTurn,74
2,31,DP,sink,MinionRoster.TryForge,-168
2,31,DP,sink,DungeonFloorManager.TryAddFloor,-31250
2,31,DP,sink,DungeonFloorManager.TryExpandFloor,-2700
2,31,DP,sink,MinionRoster.TryEvolveIndividual,-375
2,31,DP,sink,DungeonFeatureManager.TryPlaceTrap,-150
2,31,DP,sink,MinionRoster.TrySummon,-172
2,31,DP,source,AdventurerAI.ReapEmotion,371
2,31,DP,sink,CommandSystem.TryUse,-5200
2,31,DP,source,AdventurerAI.TakeDamage,12043
2,31,Material,source,AdventurerAI.TakeDamage,509
2,31,DP,source,AdventurerAI.GrantReturnReward,16058
2,31,Fame,source,AdventurerAI.GrantReturnReward,450
2,31,Fame,source,LureEconomy.OnHeroEscaped,1125
2,31,DP,stock,end,23301
2,31,Material,stock,end,2670
2,31,Fame,stock,end,16588
2,32,DP,source,SurfaceMap.CollectYields,114
2,32,Material,source,SurfaceMap.CollectYields,6
2,32,Fame,source,SurfaceMap.CollectYields,24
2,32,DP,source,DistrictCatalog.Collect,28
2,32,DP,source,EraSystem.TickTurn,6528
2,32,Fame,source,EraSystem.TickTurn,272
2,32,DP,sink,MinionRoster.TryForge,-25632
2,32,DP,sink,DungeonFloorManager.TryExpandFloor,-2500
2,32,DP,sink,MinionRoster.TryEvolveIndividual,-250
2,32,Material,sink,MinionRoster.TryForge,-184
2,32,DP,sink,DungeonFeatureManager.TryPlaceTrap,-1350
2,32,DP,sink,MinionRoster.TrySummon,-216
2,32,DP,source,AdventurerAI.ReapEmotion,314
2,32,DP,sink,CommandSystem.TryUse,-6050
2,32,DP,source,AdventurerAI.GrantReturnReward,9468
2,32,Fame,source,AdventurerAI.GrantReturnReward,270
2,32,Fame,source,LureEconomy.OnHeroEscaped,675
2,32,DP,source,AdventurerAI.TakeDamage,15456
2,32,Material,source,AdventurerAI.TakeDamage,448
2,32,DP,stock,end,19211
2,32,Material,stock,end,2940
2,32,Fame,stock,end,17829
2,33,DP,source,SurfaceMap.CollectYields,135
2,33,Material,source,SurfaceMap.CollectYields,7
2,33,Fame,source,SurfaceMap.CollectYields,28
2,33,DP,source,DistrictCatalog.Collect,28
2,33,DP,source,EraSystem.TickTurn,1920
2,33,DP,sink,MinionRoster.TryForge,-18660
2,33,DP,sink,MinionRoster.TryEvolveIndividual,-750
2,33,Material,sink,MinionRoster.TryForge,-140
2,33,DP,sink,DungeonFeatureManager.TryPlaceTrap,-1650
2,33,DP,sink,MinionRoster.TrySummon,-225
2,33,DP,source,AdventurerAI.ReapEmotion,246
2,33,DP,source,AdventurerAI.GrantReturnReward,14476
2,33,Fame,source,AdventurerAI.GrantReturnReward,360
2,33,Fame,source,LureEconomy.OnHeroEscaped,900
2,33,DP,sink,CommandSystem.TryUse,-6050
2,33,DP,source,AdventurerAI.TakeDamage,22702
2,33,Material,source,AdventurerAI.TakeDamage,515
2,33,DP,stock,end,31383
2,33,Material,stock,end,3322
2,33,Fame,stock,end,19117
2,34,DP,source,SurfaceMap.CollectYields,139
2,34,Material,source,SurfaceMap.CollectYields,7
2,34,Fame,source,SurfaceMap.CollectYields,29
2,34,DP,source,DistrictCatalog.Collect,28
2,34,DP,sink,MinionRoster.TryForge,-29460
2,34,DP,sink,MinionRoster.TryEvolveIndividual,-350
2,34,Material,sink,MinionRoster.TryForge,-240
2,34,DP,sink,DungeonFeatureManager.TryPlaceTrap,-1500
2,34,DP,sink,MinionRoster.TrySummon,-225
2,34,DP,source,AdventurerAI.ReapEmotion,356
2,34,DP,sink,CommandSystem.TryUse,-5200
2,34,DP,source,AdventurerAI.GrantReturnReward,24786
2,34,Fame,source,AdventurerAI.GrantReturnReward,590
2,34,Fame,source,LureEconomy.OnHeroEscaped,1475
2,34,DP,source,AdventurerAI.TakeDamage,17407
2,34,Material,source,AdventurerAI.TakeDamage,375
2,34,DP,stock,end,37364
2,34,Material,stock,end,3464
2,34,Fame,stock,end,21211
2,35,DP,source,SurfaceMap.CollectYields,160
2,35,Material,source,SurfaceMap.CollectYields,8
2,35,Fame,source,SurfaceMap.CollectYields,33
2,35,DP,source,DistrictCatalog.Collect,28
2,35,DP,sink,MinionRoster.TryForge,-35460
2,35,DP,sink,MinionRoster.TryEvolveIndividual,-350
2,35,Material,sink,MinionRoster.TryForge,-380
2,35,DP,sink,DungeonFeatureManager.TryPlaceTrap,-1500
2,35,DP,sink,MinionRoster.TrySummon,-225
2,35,DP,source,AdventurerAI.ReapEmotion,512
2,35,DP,sink,CommandSystem.TryUse,-5200
2,35,DP,source,AdventurerAI.TakeDamage,15476
2,35,Material,source,AdventurerAI.TakeDamage,252
2,35,DP,source,AdventurerAI.GrantReturnReward,21217
2,35,Fame,source,AdventurerAI.GrantReturnReward,510
2,35,Fame,source,LureEconomy.OnHeroEscaped,1275
2,35,DP,stock,end,32022
2,35,Material,stock,end,3344
2,35,Fame,stock,end,23029
2,36,DP,source,SurfaceMap.CollectYields,160
2,36,Material,source,SurfaceMap.CollectYields,8
2,36,Fame,source,SurfaceMap.CollectYields,33
2,36,DP,source,DistrictCatalog.Collect,28
2,36,DP,sink,MinionRoster.TryForge,-29220
2,36,DP,sink,MinionRoster.TryEvolveIndividual,-350
2,36,Material,sink,MinionRoster.TryForge,-308
2,36,DP,sink,DungeonFeatureManager.TryPlaceTrap,-2400
2,36,DP,sink,MinionRoster.TrySummon,-225
2,36,DP,source,AdventurerAI.ReapEmotion,304
2,36,DP,sink,CommandSystem.TryUse,-5200
2,36,DP,source,AdventurerAI.TakeDamage,47102
2,36,Material,source,AdventurerAI.TakeDamage,1172
2,36,DP,source,AdventurerAI.GrantReturnReward,21787
2,36,Fame,source,AdventurerAI.GrantReturnReward,710
2,36,Fame,source,LureEconomy.OnHeroEscaped,1775
2,36,DP,stock,end,64008
2,36,Material,stock,end,4216
2,36,Fame,stock,end,25547
2,37,DP,source,SurfaceMap.CollectYields,182
2,37,Material,source,SurfaceMap.CollectYields,9
2,37,Fame,source,SurfaceMap.CollectYields,37
2,37,DP,source,DistrictCatalog.Collect,28
2,37,DP,sink,MinionRoster.TryForge,-54180
2,37,DP,sink,MinionRoster.TryEvolveIndividual,-350
2,37,Material,sink,MinionRoster.TryForge,-596
2,37,DP,sink,DungeonFeatureManager.TryPlaceTrap,-3600
2,37,DP,sink,MinionRoster.TrySummon,-6078
2,37,DP,source,AdventurerAI.ReapEmotion,285
2,37,DP,source,AdventurerAI.TakeDamage,29128
2,37,Material,source,AdventurerAI.TakeDamage,608
2,37,DP,sink,CommandSystem.TryUse,-5550
2,37,Fame,source,AdventurerAI.GrantReturnReward,370
2,37,Fame,source,LureEconomy.OnHeroEscaped,925
2,37,DP,source,AdventurerAI.GrantReturnReward,11522
2,37,DP,stock,end,35395
2,37,Material,stock,end,4237
2,37,Fame,stock,end,26879
2,38,DP,source,SurfaceMap.CollectYields,182
2,38,Material,source,SurfaceMap.CollectYields,9
2,38,Fame,source,SurfaceMap.CollectYields,37
2,38,DP,source,DistrictCatalog.Collect,28
2,38,DP,sink,MinionRoster.TryForge,-10620
2,38,DP,sink,MinionRoster.TryEvolveIndividual,-250
2,38,Material,sink,MinionRoster.TryForge,-12
2,38,DP,sink,DungeonFeatureManager.TryPlaceTrap,-3600
2,38,DP,sink,MinionRoster.TrySummon,-21117
2,38,DP,source,AdventurerAI.ReapEmotion,316
2,38,DP,sink,CommandSystem.TryUse,-5200
2,38,DP,source,AdventurerAI.GrantReturnReward,18820
2,38,Fame,source,AdventurerAI.GrantReturnReward,280
2,38,Fame,source,LureEconomy.OnHeroEscaped,700
2,38,DP,source,AdventurerAI.TakeDamage,38832
2,38,Material,source,AdventurerAI.TakeDamage,892
2,38,DP,stock,end,52786
2,38,Material,stock,end,5126
2,38,Fame,stock,end,27896
2,39,DP,source,SurfaceMap.CollectYields,182
2,39,Material,source,SurfaceMap.CollectYields,9
2,39,Fame,source,SurfaceMap.CollectYields,37
2,39,DP,source,DistrictCatalog.Collect,28
2,39,DP,sink,MinionRoster.TryForge,-9744
2,39,DP,sink,MinionRoster.TryEvolveIndividual,-775
2,39,DP,sink,DungeonFeatureManager.TryPlaceTrap,-2400
2,39,DP,sink,MinionRoster.TrySummon,-39487
2,39,DP,sink,CommandSystem.TryUse,-5550
2,39,DP,source,AdventurerAI.ReapEmotion,137
2,39,DP,source,AdventurerAI.GrantReturnReward,14552
2,39,Fame,source,AdventurerAI.GrantReturnReward,260
2,39,Fame,source,LureEconomy.OnHeroEscaped,650
2,39,DP,source,AdventurerAI.TakeDamage,44941
2,39,Material,source,AdventurerAI.TakeDamage,707
2,39,DP,source,Nemesis.OnSlain,8556
2,39,Material,source,Nemesis.OnSlain,34
2,39,DP,stock,end,63226
2,39,Material,stock,end,5876
2,39,Fame,stock,end,28843
2,40,DP,source,SurfaceMap.CollectYields,182
2,40,Material,source,SurfaceMap.CollectYields,9
2,40,Fame,source,SurfaceMap.CollectYields,37
2,40,DP,source,DistrictCatalog.Collect,28
2,40,DP,sink,MinionRoster.TryForge,-19026
2,40,Material,sink,MinionRoster.TryForge,-42
2,40,DP,sink,MinionRoster.TrySummon,-44398
2,40,DP,source,AdventurerAI.ReapEmotion,491
2,40,DP,sink,CommandSystem.TryUse,-5200
2,40,DP,source,AdventurerAI.TakeDamage,59114
2,40,Material,source,AdventurerAI.TakeDamage,24814
2,40,DP,source,AdventurerAI.GrantReturnReward,21889
2,40,Fame,source,AdventurerAI.GrantReturnReward,230
2,40,Fame,source,LureEconomy.OnHeroEscaped,575
2,40,DP,source,Nemesis.OnSlain,4278
2,40,Material,source,Nemesis.OnSlain,17
2,40,DP,stock,end,80584
2,40,Material,stock,end,30674
2,40,Fame,stock,end,29685
2,41,DP,source,SurfaceMap.CollectYields,134
2,41,Material,source,SurfaceMap.CollectYields,7
2,41,Fame,source,SurfaceMap.CollectYields,27
2,41,DP,source,DistrictCatalog.Collect,28
2,41,DP,source,EraSystem.TickTurn,1920
2,41,DP,sink,MinionRoster.TryForge,-35250
2,41,Material,sink,MinionRoster.TryForge,-258
2,41,DP,sink,MinionRoster.TrySummon,-47416
2,41,DP,source,AdventurerAI.ReapEmotion,235
2,41,DP,source,AdventurerAI.GrantReturnReward,17941
2,41,Fame,source,AdventurerAI.GrantReturnReward,220
2,41,Fame,source,LureEconomy.OnHeroEscaped,550
2,41,DP,sink,CommandSystem.TryUse,-4900
2,41,DP,source,AdventurerAI.TakeDamage,51741
2,41,Material,source,AdventurerAI.TakeDamage,397270
2,41,DP,source,Nemesis.OnSlain,12834
2,41,Material,source,Nemesis.OnSlain,51
2,41,DP,stock,end,77851
2,41,Material,stock,end,427744
2,41,Fame,stock,end,30482
2,42,DP,source,SurfaceMap.CollectYields,141
2,42,Material,source,SurfaceMap.CollectYields,7
2,42,Fame,source,SurfaceMap.CollectYields,23
2,42,DP,source,DistrictCatalog.Collect,28
2,42,DP,sink,MinionRoster.TryForge,-58920
2,42,Material,sink,MinionRoster.TryForge,-646
2,42,DP,sink,MinionRoster.TrySummon,-19081
2,42,DP,source,AdventurerAI.ReapEmotion,194
2,42,DP,source,AdventurerAI.GrantReturnReward,11611
2,42,Fame,source,AdventurerAI.GrantReturnReward,250
2,42,Fame,source,LureEconomy.OnHeroEscaped,625
2,42,DP,sink,CommandSystem.TryUse,-4900
2,42,DP,source,AdventurerAI.TakeDamage,46180
2,42,Material,source,AdventurerAI.TakeDamage,1151
2,42,DP,source,Nemesis.OnSlain,2868
2,42,Material,source,Nemesis.OnSlain,18
2,42,DP,stock,end,55972
2,42,Material,stock,end,428274
2,42,Fame,stock,end,31380
2,43,DP,source,SurfaceMap.CollectYields,141
2,43,Material,source,SurfaceMap.CollectYields,7
2,43,Fame,source,SurfaceMap.CollectYields,23
2,43,DP,source,DistrictCatalog.Collect,28
2,43,DP,sink,MinionRoster.TryForge,-54120
2,43,Material,sink,MinionRoster.TryForge,-646
2,43,DP,sink,MinionRoster.TrySummon,-1977
2,43,DP,source,AdventurerAI.ReapEmotion,381
2,43,DP,sink,CommandSystem.TryUse,-4900
2,43,Fame,source,AdventurerAI.GrantReturnReward,330
2,43,Fame,source,LureEconomy.OnHeroEscaped,825
2,43,DP,source,AdventurerAI.TakeDamage,38290
2,43,Material,source,AdventurerAI.TakeDamage,605
2,43,DP,source,AdventurerAI.GrantReturnReward,18695
2,43,DP,source,Nemesis.OnSlain,2868
2,43,Material,source,Nemesis.OnSlain,18
2,43,DP,stock,end,55378
2,43,Material,stock,end,428258
2,43,Fame,stock,end,32558
2,44,DP,source,SurfaceMap.CollectYields,200
2,44,Material,source,SurfaceMap.CollectYields,10
2,44,Fame,source,SurfaceMap.CollectYields,33
2,44,DP,source,DistrictCatalog.Collect,28
2,44,DP,sink,MinionRoster.TryForge,-52800
2,44,Material,sink,MinionRoster.TryForge,-704
2,44,DP,sink,MinionRoster.TrySummon,-2779
2,44,DP,source,AdventurerAI.ReapEmotion,350
2,44,DP,sink,CommandSystem.TryUse,-5550
2,44,DP,source,AdventurerAI.GrantReturnReward,11111
2,44,Fame,source,AdventurerAI.GrantReturnReward,210
2,44,Fame,source,LureEconomy.OnHeroEscaped,525
2,44,DP,source,AdventurerAI.TakeDamage,63814
2,44,Material,source,AdventurerAI.TakeDamage,556
2,44,DP,source,Nemesis.OnSlain,2932
2,44,Material,source,Nemesis.OnSlain,18
2,44,DP,stock,end,72684
2,44,Material,stock,end,428138
2,44,Fame,stock,end,33326
2,45,DP,source,SurfaceMap.CollectYields,228
2,45,Material,source,SurfaceMap.CollectYields,12
2,45,Fame,source,SurfaceMap.CollectYields,37
2,45,DP,source,DistrictCatalog.Collect,28
2,45,DP,sink,MinionRoster.TryForge,-69600
2,45,Material,sink,MinionRoster.TryForge,-928
2,45,DP,sink,MinionRoster.TrySummon,-3340
2,45,DP,source,AdventurerAI.ReapEmotion,469
2,45,DP,sink,CommandSystem.TryUse,-5550
2,45,DP,source,AdventurerAI.TakeDamage,68054
2,45,Material,source,AdventurerAI.TakeDamage,607
2,45,DP,source,AdventurerAI.GrantReturnReward,18870
2,45,Fame,source,AdventurerAI.GrantReturnReward,250
2,45,Fame,source,LureEconomy.OnHeroEscaped,625
2,45,DP,source,Nemesis.OnSlain,988
2,45,Material,source,Nemesis.OnSlain,6
2,45,DP,stock,end,82831
2,45,Material,stock,end,427835
2,45,Fame,stock,end,34238
2,46,DP,source,SurfaceMap.CollectYields,228
2,46,Material,source,SurfaceMap.CollectYields,12
2,46,Fame,source,SurfaceMap.CollectYields,37
2,46,DP,source,DistrictCatalog.Collect,28
2,46,DP,sink,MinionRoster.TryForge,-79200
2,46,Material,sink,MinionRoster.TryForge,-1056
2,46,DP,sink,MinionRoster.TrySummon,-2834
2,46,DP,sink,CommandSystem.TryUse,-5250
2,46,DP,source,AdventurerAI.TakeDamage,47296
2,46,Material,source,AdventurerAI.TakeDamage,1300
2,46,DP,source,AdventurerAI.ReapEmotion,129
2,46,DP,source,AdventurerAI.GrantReturnReward,14743
2,46,Fame,source,AdventurerAI.GrantReturnReward,310
2,46,Fame,source,LureEconomy.OnHeroEscaped,775
2,46,DP,source,Nemesis.OnSlain,2008
2,46,Material,source,Nemesis.OnSlain,12
2,46,DP,stock,end,59979
2,46,Material,stock,end,428103
2,46,Fame,stock,end,35360
2,47,DP,source,SurfaceMap.CollectYields,228
2,47,Material,source,SurfaceMap.CollectYields,12
2,47,Fame,source,SurfaceMap.CollectYields,37
2,47,DP,source,DistrictCatalog.Collect,28
2,47,DP,sink,MinionRoster.TryForge,-4800
2,47,Material,sink,MinionRoster.TryForge,-64
2,47,DP,sink,MinionEvolution.TryEvolve,-9050
2,47,DP,sink,MinionRoster.TryEvolveIndividual,-46000
2,47,DP,sink,CommandSystem.TryUse,-5200
2,47,DP,source,AdventurerAI.ReapEmotion,239
2,47,DP,source,AdventurerAI.GrantReturnReward,21479
2,47,Fame,source,AdventurerAI.GrantReturnReward,340
2,47,Fame,source,LureEconomy.OnHeroEscaped,850
2,47,DP,source,AdventurerAI.TakeDamage,46795
2,47,Material,source,AdventurerAI.TakeDamage,828
2,47,DP,source,Nemesis.OnSlain,2058
2,47,Material,source,Nemesis.OnSlain,12
2,47,DP,stock,end,65756
2,47,Material,stock,end,428891
2,47,Fame,stock,end,36587
2,48,DP,source,SurfaceMap.CollectYields,259
2,48,Material,source,SurfaceMap.CollectYields,12
2,48,Fame,source,SurfaceMap.CollectYields,45
2,48,DP,source,DistrictCatalog.Collect,28
2,48,DP,source,EraSystem.TickTurn,9720
2,48,DP,sink,MinionRoster.TryForge,-69600
2,48,Material,sink,MinionRoster.TryForge,-928
2,48,DP,sink,MinionRoster.TryEvolveIndividual,-4250
2,48,DP,sink,MinionRoster.TrySummon,-1904
2,48,DP,source,AdventurerAI.ReapEmotion,267
2,48,DP,source,AdventurerAI.TakeDamage,34660
2,48,Material,source,AdventurerAI.TakeDamage,593
2,48,DP,sink,CommandSystem.TryUse,-6050
2,48,DP,source,AdventurerAI.GrantReturnReward,2889
2,48,Fame,source,AdventurerAI.GrantReturnReward,70
2,48,Fame,source,LureEconomy.OnHeroEscaped,175
2,48,DP,source,Nemesis.OnSlain,2074
2,48,Material,source,Nemesis.OnSlain,12
2,48,DP,stock,end,33849
2,48,Material,stock,end,428580
2,48,Fame,stock,end,36877
2,49,DP,source,SurfaceMap.CollectYields,259
2,49,Material,source,SurfaceMap.CollectYields,12
2,49,Fame,source,SurfaceMap.CollectYields,45
2,49,DP,source,DistrictCatalog.Collect,28
2,49,DP,source,EraSystem.TickTurn,9720
2,49,DP,sink,MinionRoster.TryForge,-4800
2,49,Material,sink,MinionRoster.TryForge,-64
2,49,DP,sink,MinionEvolution.TryEvolve,-14200
2,49,DP,sink,MinionRoster.TryEvolveIndividual,-24200
2,49,DP,sink,MinionRoster.TrySummon,-651
2,49,DP,source,AdventurerAI.ReapEmotion,137
2,49,DP,source,AdventurerAI.TakeDamage,59875
2,49,Material,source,AdventurerAI.TakeDamage,958
2,49,DP,sink,CommandSystem.TryUse,-6050
2,49,DP,source,AdventurerAI.GrantReturnReward,3369
2,49,Fame,source,AdventurerAI.GrantReturnReward,210
2,49,Fame,source,LureEconomy.OnHeroEscaped,525
2,49,DP,source,Nemesis.OnSlain,3976
2,49,Material,source,Nemesis.OnSlain,22
2,49,DP,stock,end,61312
2,49,Material,stock,end,429508
2,49,Fame,stock,end,37657
2,50,DP,source,SurfaceMap.CollectYields,259
2,50,Material,source,SurfaceMap.CollectYields,12
2,50,Fame,source,SurfaceMap.CollectYields,45
2,50,DP,source,DistrictCatalog.Collect,28
2,50,DP,source,EraSystem.TickTurn,9720
2,50,DP,sink,MinionRoster.TryForge,-4800
2,50,Material,sink,MinionRoster.TryForge,-64
2,50,DP,sink,MinionEvolution.TryEvolve,-19050
2,50,DP,sink,MinionRoster.TryEvolveIndividual,-46750
2,50,DP,sink,MinionRoster.TrySummon,-698
2,50,DP,source,AdventurerAI.ReapEmotion,306
2,50,DP,sink,CommandSystem.TryUse,-5350
2,50,DP,source,AdventurerAI.TakeDamage,90113
2,50,Material,source,AdventurerAI.TakeDamage,1237
2,50,DP,source,AdventurerAI.GrantReturnReward,6845
2,50,Fame,source,AdventurerAI.GrantReturnReward,140
2,50,Fame,source,LureEconomy.OnHeroEscaped,350
2,50,DP,source,Nemesis.OnSlain,3840
2,50,Material,source,Nemesis.OnSlain,20
2,50,DP,stock,end,95775
2,50,Material,stock,end,430713
2,50,Fame,stock,end,38192
2,51,DP,source,SurfaceMap.CollectYields,161
2,51,Material,source,SurfaceMap.CollectYields,7
2,51,Fame,source,SurfaceMap.CollectYields,28
2,51,DP,source,DistrictCatalog.Collect,28
2,51,DP,source,EraSystem.TickTurn,9720
2,51,DP,sink,MinionRoster.TryForge,-4800
2,51,Material,sink,MinionRoster.TryForge,-64
2,51,DP,sink,DungeonFloorManager.TryAddFloor,-78125
2,51,DP,sink,DungeonFloorManager.TryExpandFloor,-5200
2,51,DP,sink,MinionRoster.TryEvolveIndividual,-17100
2,51,DP,sink,DungeonFeatureManager.TryPlaceTrap,-300
2,51,DP,sink,MinionRoster.TrySummon,-140
2,51,DP,source,AdventurerAI.ReapEmotion,186
2,51,DP,source,AdventurerAI.TakeDamage,44363
2,51,Material,source,AdventurerAI.TakeDamage,1431
2,51,DP,sink,CommandSystem.TryUse,-5650
2,51,Fame,source,AdventurerAI.GrantReturnReward,450
2,51,Fame,source,LureEconomy.OnHeroEscaped,1125
2,51,DP,source,AdventurerAI.GrantReturnReward,11937
2,51,DP,source,Nemesis.OnSlain,1069
2,51,Material,source,Nemesis.OnSlain,6
2,51,DP,stock,end,51924
2,51,Material,stock,end,432093
2,51,Fame,stock,end,39795
2,52,DP,source,SurfaceMap.CollectYields,114
2,52,Material,source,SurfaceMap.CollectYields,6
2,52,Fame,source,SurfaceMap.CollectYields,19
2,52,DP,source,DistrictCatalog.Collect,28
2,52,DP,source,EraSystem.TickTurn,16524
2,52,DP,sink,MinionRoster.TryForge,-22080
2,52,Material,sink,MinionRoster.TryForge,-316
2,52,DP,sink,MinionRoster.TryEvolveIndividual,-42350
2,52,DP,sink,DungeonFeatureManager.TryPlaceTrap,-3600
2,52,DP,sink,MinionRoster.TrySummon,-516
2,52,DP,source,AdventurerAI.ReapEmotion,178
2,52,DP,source,AdventurerAI.TakeDamage,74108
2,52,Material,source,AdventurerAI.TakeDamage,1202
2,52,DP,sink,CommandSystem.TryUse,-4450
2,52,DP,source,AdventurerAI.GrantReturnReward,12953
2,52,Fame,source,AdventurerAI.GrantReturnReward,310
2,52,Fame,source,LureEconomy.OnHeroEscaped,775
2,52,DP,source,Nemesis.OnSlain,2170
2,52,Material,source,Nemesis.OnSlain,12
2,52,DP,stock,end,85003
2,52,Material,stock,end,432997
2,52,Fame,stock,end,40899
2,53,DP,source,SurfaceMap.CollectYields,114
2,53,Material,source,SurfaceMap.CollectYields,6
2,53,Fame,source,SurfaceMap.CollectYields,19
2,53,DP,source,DistrictCatalog.Collect,28
2,53,Material,source,DistrictCatalog.Collect,7
2,53,DP,source,EraSystem.TickTurn,9720
2,53,Material,source,EraSystem.TickTurn,124
2,53,DP,sink,MinionRoster.TryForge,-40320
2,53,Material,sink,MinionRoster.TryForge,-588
2,53,DP,sink,MinionRoster.TryEvolveIndividual,-50000
2,53,DP,sink,DungeonFeatureManager.TryPlaceTrap,-1050
2,53,DP,sink,MinionRoster.TrySummon,-3460
2,53,DP,source,AdventurerAI.ReapEmotion,313
2,53,DP,sink,CommandSystem.TryUse,-5700
2,53,DP,source,AdventurerAI.TakeDamage,98037
2,53,Material,source,AdventurerAI.TakeDamage,1553
2,53,DP,source,AdventurerAI.GrantReturnReward,9792
2,53,Fame,source,AdventurerAI.GrantReturnReward,280
2,53,Fame,source,LureEconomy.OnHeroEscaped,700
2,53,DP,source,Nemesis.OnSlain,4023
2,53,Material,source,Nemesis.OnSlain,22
2,53,DP,stock,end,106500
2,53,Material,stock,end,434121
2,53,Fame,stock,end,41898
2,54,DP,source,SurfaceMap.CollectYields,200
2,54,Material,source,SurfaceMap.CollectYields,10
2,54,Fame,source,SurfaceMap.CollectYields,33
2,54,DP,source,DistrictCatalog.Collect,28
2,54,Material,source,DistrictCatalog.Collect,7
2,54,DP,source,EraSystem.TickTurn,9720
2,54,Material,source,EraSystem.TickTurn,62
2,54,Fame,source,EraSystem.TickTurn,135
2,54,DP,sink,MinionRoster.TryForge,-112320
2,54,Material,sink,MinionRoster.TryForge,-1638
2,54,DP,sink,MinionRoster.TrySummon,-4119
2,54,DP,source,AdventurerAI.ReapEmotion,419
2,54,DP,sink,CommandSystem.TryUse,-4900
2,54,DP,source,AdventurerAI.TakeDamage,152709
2,54,Material,source,AdventurerAI.TakeDamage,1906
2,54,DP,source,AdventurerAI.GrantReturnReward,16341
2,54,Fame,source,AdventurerAI.GrantReturnReward,650
2,54,Fame,source,LureEconomy.OnHeroEscaped,1625
2,54,DP,source,Nemesis.OnSlain,3693
2,54,Material,source,Nemesis.OnSlain,20
2,54,DP,stock,end,168271
2,54,Material,stock,end,434488
2,54,Fame,stock,end,44341
2,55,DP,source,SurfaceMap.CollectYields,229
2,55,Material,source,SurfaceMap.CollectYields,10
2,55,Fame,source,SurfaceMap.CollectYields,40
2,55,DP,source,DistrictCatalog.Collect,28
2,55,Material,source,DistrictCatalog.Collect,8
2,55,DP,source,EraSystem.TickTurn,9720
2,55,DP,sink,MinionRoster.TryForge,-120960
2,55,Material,sink,MinionRoster.TryForge,-1764
2,55,DP,sink,MinionRoster.TrySummon,-57270
2,55,DP,source,AdventurerAI.ReapEmotion,477
2,55,DP,sink,CommandSystem.TryUse,-5350
2,55,DP,source,AdventurerAI.TakeDamage,128644
2,55,Material,source,AdventurerAI.TakeDamage,2139
2,55,DP,source,AdventurerAI.GrantReturnReward,8031
2,55,Fame,source,AdventurerAI.GrantReturnReward,220
2,55,Fame,source,LureEconomy.OnHeroEscaped,550
2,55,DP,stock,end,131820
2,55,Material,stock,end,434881
2,55,Fame,stock,end,45151
2,56,DP,source,SurfaceMap.CollectYields,229
2,56,Material,source,SurfaceMap.CollectYields,10
2,56,Fame,source,SurfaceMap.CollectYields,40
2,56,DP,source,DistrictCatalog.Collect,28
2,56,Material,source,DistrictCatalog.Collect,8
2,56,DP,source,EraSystem.TickTurn,11664
2,56,DP,sink,MinionRoster.TryForge,-131760
2,56,Material,sink,MinionRoster.TryForge,-1959
2,56,DP,sink,MinionRoster.TrySummon,-11957
2,56,DP,source,AdventurerAI.ReapEmotion,152
2,56,DP,source,AdventurerAI.TakeDamage,90835
2,56,Material,source,AdventurerAI.TakeDamage,1882
2,56,DP,sink,CommandSystem.TryUse,-5650
2,56,DP,source,AdventurerAI.GrantReturnReward,14120
2,56,Fame,source,AdventurerAI.GrantReturnReward,310
2,56,Fame,source,LureEconomy.OnHeroEscaped,775
2,56,DP,source,Nemesis.OnSlain,3467
2,56,Material,source,Nemesis.OnSlain,18
2,56,DP,stock,end,102948
2,56,Material,stock,end,434840
2,56,Fame,stock,end,46276
2,57,DP,source,SurfaceMap.CollectYields,229
2,57,Material,source,SurfaceMap.CollectYields,10
2,57,Fame,source,SurfaceMap.CollectYields,40
2,57,DP,source,DistrictCatalog.Collect,28
2,57,Material,source,DistrictCatalog.Collect,8
2,57,DP,sink,MinionRoster.TryForge,-97200
2,57,Material,sink,MinionRoster.TryForge,-1485
2,57,DP,sink,MinionRoster.TrySummon,-5969
2,57,DP,source,AdventurerAI.ReapEmotion,326
2,57,DP,source,AdventurerAI.TakeDamage,121922
2,57,Material,source,AdventurerAI.TakeDamage,1721
2,57,DP,sink,CommandSystem.TryUse,-5200
2,57,DP,source,AdventurerAI.GrantReturnReward,10939
2,57,Fame,source,AdventurerAI.GrantReturnReward,240
2,57,Fame,source,LureEconomy.OnHeroEscaped,600
2,57,DP,source,Nemesis.OnSlain,4590
2,57,Material,source,Nemesis.OnSlain,24
2,57,DP,stock,end,132613
2,57,Material,stock,end,435118
2,57,Fame,stock,end,47156
2,58,DP,source,SurfaceMap.CollectYields,259
2,58,Material,source,SurfaceMap.CollectYields,12
2,58,Fame,source,SurfaceMap.CollectYields,45
2,58,DP,source,DistrictCatalog.Collect,28
2,58,Material,source,DistrictCatalog.Collect,7
2,58,DP,sink,MinionRoster.TryForge,-129600
2,58,Material,sink,MinionRoster.TryForge,-1980
2,58,DP,sink,MinionRoster.TrySummon,-3263
2,58,DP,source,AdventurerAI.ReapEmotion,447
2,58,DP,sink,CommandSystem.TryUse,-3950
2,58,DP,source,AdventurerAI.TakeDamage,102787
2,58,Material,source,AdventurerAI.TakeDamage,698
2,58,DP,source,AdventurerAI.GrantReturnReward,5606
2,58,Fame,source,AdventurerAI.GrantReturnReward,120
2,58,Fame,source,LureEconomy.OnHeroEscaped,300
2,58,DP,source,Nemesis.OnSlain,4163
2,58,Material,source,Nemesis.OnSlain,18
2,58,DP,stock,end,109090
2,58,Material,stock,end,433873
2,58,Fame,stock,end,47621
2,59,DP,source,SurfaceMap.CollectYields,228
2,59,Material,source,SurfaceMap.CollectYields,12
2,59,Fame,source,SurfaceMap.CollectYields,37
2,59,DP,source,DistrictCatalog.Collect,28
2,59,Material,source,DistrictCatalog.Collect,7
2,59,DP,sink,MinionRoster.TryForge,-104400
2,59,Material,sink,MinionRoster.TryForge,-1595
2,59,DP,sink,MinionRoster.TrySummon,-4909
2,59,DP,source,AdventurerAI.ReapEmotion,224
2,59,DP,source,AdventurerAI.TakeDamage,97506
2,59,Material,source,AdventurerAI.TakeDamage,1706
2,59,DP,sink,CommandSystem.TryUse,-5200
2,59,DP,source,AdventurerAI.GrantReturnReward,13145
2,59,Fame,source,AdventurerAI.GrantReturnReward,320
2,59,Fame,source,LureEconomy.OnHeroEscaped,800
2,59,DP,source,Nemesis.OnSlain,4130
2,59,Material,source,Nemesis.OnSlain,18
2,59,DP,stock,end,109842
2,59,Material,stock,end,434021
2,59,Fame,stock,end,48778
2,60,DP,source,SurfaceMap.CollectYields,228
2,60,Material,source,SurfaceMap.CollectYields,12
2,60,Fame,source,SurfaceMap.CollectYields,37
2,60,DP,source,DistrictCatalog.Collect,28
2,60,Material,source,DistrictCatalog.Collect,7
2,60,DP,sink,MinionRoster.TryForge,-105840
2,60,Material,sink,MinionRoster.TryForge,-1645
2,60,DP,sink,MinionRoster.TrySummon,-4222
2,60,DP,source,AdventurerAI.ReapEmotion,640
2,60,DP,sink,CommandSystem.TryUse,-4900
2,60,DP,source,AdventurerAI.TakeDamage,118612
2,60,Material,source,AdventurerAI.TakeDamage,1471
2,60,DP,source,AdventurerAI.GrantReturnReward,9848
2,60,Fame,source,AdventurerAI.GrantReturnReward,300
2,60,Fame,source,LureEconomy.OnHeroEscaped,750
2,60,DP,source,Nemesis.OnSlain,1264
2,60,Material,source,Nemesis.OnSlain,6
2,60,DP,stock,end,125500
2,60,Material,stock,end,433872
2,60,Fame,stock,end,49865
2,61,DP,source,SurfaceMap.CollectYields,168
2,61,Material,source,SurfaceMap.CollectYields,9
2,61,Fame,source,SurfaceMap.CollectYields,27
2,61,DP,source,DistrictCatalog.Collect,28
2,61,Material,source,DistrictCatalog.Collect,7
2,61,DP,sink,MinionRoster.TryForge,-120960
2,61,Material,sink,MinionRoster.TryForge,-1960
2,61,DP,sink,MinionRoster.TrySummon,-4704
2,61,DP,source,AdventurerAI.ReapEmotion,257
2,61,DP,source,AdventurerAI.TakeDamage,75973
2,61,Material,source,AdventurerAI.TakeDamage,1484
2,61,DP,sink,CommandSystem.TryUse,-5350
2,61,DP,source,AdventurerAI.GrantReturnReward,14552
2,61,Fame,source,AdventurerAI.GrantReturnReward,500
2,61,Fame,source,LureEconomy.OnHeroEscaped,1250
2,61,DP,source,Nemesis.OnSlain,3645
2,61,Material,source,Nemesis.OnSlain,18
2,61,DP,stock,end,89109
2,61,Material,stock,end,433430
2,61,Fame,stock,end,51642
2,62,DP,source,SurfaceMap.CollectYields,141
2,62,Material,source,SurfaceMap.CollectYields,7
2,62,Fame,source,SurfaceMap.CollectYields,23
2,62,DP,source,DistrictCatalog.Collect,28
2,62,Material,source,DistrictCatalog.Collect,7
2,62,DP,sink,MinionRoster.TryForge,-82080
2,62,Material,sink,MinionRoster.TryForge,-1330
2,62,DP,sink,MinionRoster.TrySummon,-7145
2,62,DP,source,AdventurerAI.ReapEmotion,166
2,62,DP,source,AdventurerAI.TakeDamage,85065
2,62,Material,source,AdventurerAI.TakeDamage,1851
2,62,DP,sink,CommandSystem.TryUse,-4900
2,62,DP,source,AdventurerAI.GrantReturnReward,21060
2,62,Fame,source,AdventurerAI.GrantReturnReward,420
2,62,Fame,source,LureEconomy.OnHeroEscaped,1050
2,62,DP,source,Nemesis.OnSlain,4439
2,62,Material,source,Nemesis.OnSlain,22
2,62,DP,stock,end,105883
2,62,Material,stock,end,433987
2,62,Fame,stock,end,53135
2,63,DP,source,SurfaceMap.CollectYields,141
2,63,Material,source,SurfaceMap.CollectYields,7
2,63,Fame,source,SurfaceMap.CollectYields,23
2,63,DP,source,DistrictCatalog.Collect,28
2,63,Material,source,DistrictCatalog.Collect,7
2,63,DP,sink,MinionRoster.TryForge,-99360
2,63,Material,sink,MinionRoster.TryForge,-1610
2,63,DP,sink,MinionRoster.TrySummon,-6670
2,63,DP,source,AdventurerAI.ReapEmotion,357
2,63,DP,sink,CommandSystem.TryUse,-4900
2,63,DP,source,AdventurerAI.TakeDamage,103960
2,63,Material,source,AdventurerAI.TakeDamage,869
2,63,DP,source,AdventurerAI.GrantReturnReward,13563
2,63,Fame,source,AdventurerAI.GrantReturnReward,270
2,63,Fame,source,LureEconomy.OnHeroEscaped,675
2,63,DP,source,Nemesis.OnSlain,2640
2,63,Material,source,Nemesis.OnSlain,12
2,63,DP,stock,end,115642
2,63,Material,stock,end,433272
2,63,Fame,stock,end,54103
2,64,DP,source,SurfaceMap.CollectYields,200
2,64,Material,source,SurfaceMap.CollectYields,10
2,64,Fame,source,SurfaceMap.CollectYields,33
2,64,DP,source,DistrictCatalog.Collect,28
2,64,Material,source,DistrictCatalog.Collect,7
2,64,DP,sink,MinionRoster.TryForge,-112320
2,64,Material,sink,MinionRoster.TryForge,-1820
2,64,DP,sink,MinionRoster.TrySummon,-3515
2,64,DP,source,AdventurerAI.ReapEmotion,311
2,64,DP,sink,CommandSystem.TryUse,-4550
2,64,DP,source,AdventurerAI.TakeDamage,122771
2,64,Material,source,AdventurerAI.TakeDamage,2694
2,64,DP,source,AdventurerAI.GrantReturnReward,14465
2,64,Fame,source,AdventurerAI.GrantReturnReward,420
2,64,Fame,source,LureEconomy.OnHeroEscaped,1050
2,64,DP,source,Nemesis.OnSlain,3823
2,64,Material,source,Nemesis.OnSlain,18
2,64,DP,stock,end,136855
2,64,Material,stock,end,434181
2,64,Fame,stock,end,55606
2,65,DP,source,SurfaceMap.CollectYields,228
2,65,Material,source,SurfaceMap.CollectYields,12
2,65,Fame,source,SurfaceMap.CollectYields,37
2,65,DP,source,DistrictCatalog.Collect,28
2,65,Material,source,DistrictCatalog.Collect,7
2,65,DP,sink,MinionRoster.TryForge,-128400
2,65,Material,sink,MinionRoster.TryForge,-2110
2,65,DP,sink,MinionRoster.TrySummon,-8706
2,65,DP,source,AdventurerAI.ReapEmotion,320
2,65,DP,sink,CommandSystem.TryUse,-4550
2,65,DP,source,AdventurerAI.GrantReturnReward,15237
2,65,Fame,source,AdventurerAI.GrantReturnReward,330
2,65,Fame,source,LureEconomy.OnHeroEscaped,825
2,65,DP,source,AdventurerAI.TakeDamage,143588
2,65,Material,source,AdventurerAI.TakeDamage,1016
2,65,DP,stock,end,154600
2,65,Material,stock,end,433106
2,65,Fame,stock,end,56798
2,66,DP,source,SurfaceMap.CollectYields,228
2,66,Material,source,SurfaceMap.CollectYields,12
2,66,Fame,source,SurfaceMap.CollectYields,37
2,66,DP,source,DistrictCatalog.Collect,28
2,66,Material,source,DistrictCatalog.Collect,7
2,66,DP,sink,MinionRoster.TryForge,-147900
2,66,Material,sink,MinionRoster.TryForge,-2610
2,66,DP,sink,MinionRoster.TrySummon,-6921
2,66,DP,source,AdventurerAI.ReapEmotion,171
2,66,DP,source,AdventurerAI.TakeDamage,80572
2,66,Material,source,AdventurerAI.TakeDamage,992
2,66,DP,sink,CommandSystem.TryUse,-5800
2,66,Fame,source,AdventurerAI.GrantReturnReward,550
2,66,Fame,source,LureEconomy.OnHeroEscaped,1375
2,66,DP,source,AdventurerAI.GrantReturnReward,19829
2,66,DP,source,Nemesis.OnSlain,3872
2,66,Material,source,Nemesis.OnSlain,18
2,66,DP,stock,end,98679
2,66,Material,stock,end,431525
2,66,Fame,stock,end,58760
2,67,DP,source,SurfaceMap.CollectYields,228
2,67,Material,source,SurfaceMap.CollectYields,12
2,67,Fame,source,SurfaceMap.CollectYields,37
2,67,DP,source,DistrictCatalog.Collect,28
2,67,Material,source,DistrictCatalog.Collect,7
2,67,DP,sink,MinionRoster.TryForge,-91800
2,67,Material,sink,MinionRoster.TryForge,-1620
2,67,DP,sink,MinionRoster.TrySummon,-7129
2,67,DP,source,AdventurerAI.ReapEmotion,206
2,67,DP,source,AdventurerAI.TakeDamage,176620
2,67,Material,source,AdventurerAI.TakeDamage,2097
2,67,DP,sink,CommandSystem.TryUse,-4900
2,67,DP,source,AdventurerAI.GrantReturnReward,31172
2,67,Fame,source,AdventurerAI.GrantReturnReward,630
2,67,Fame,source,LureEconomy.OnHeroEscaped,1575
2,67,DP,source,Nemesis.OnSlain,3989
2,67,Material,source,Nemesis.OnSlain,18
2,67,DP,stock,end,207093
2,67,Material,stock,end,432039
2,67,Fame,stock,end,61002
2,68,DP,source,SurfaceMap.CollectYields,228
2,68,Material,source,SurfaceMap.CollectYields,12
2,68,Fame,source,SurfaceMap.CollectYields,37
2,68,DP,source,DistrictCatalog.Collect,28
2,68,Material,source,DistrictCatalog.Collect,8
2,68,DP,sink,MinionRoster.TryForge,-198900
2,68,Material,sink,MinionRoster.TryForge,-3510
2,68,DP,sink,MinionRoster.TrySummon,-8396
2,68,DP,source,AdventurerAI.ReapEmotion,158
2,68,DP,source,AdventurerAI.TakeDamage,111244
2,68,Material,source,AdventurerAI.TakeDamage,1810
2,68,DP,sink,CommandSystem.TryUse,-4550
2,68,DP,source,AdventurerAI.GrantReturnReward,17118
2,68,Fame,source,AdventurerAI.GrantReturnReward,370
2,68,Fame,source,LureEconomy.OnHeroEscaped,925
2,68,DP,source,Nemesis.OnSlain,3872
2,68,Material,source,Nemesis.OnSlain,18
2,68,DP,stock,end,127895
2,68,Material,stock,end,430377
2,68,Fame,stock,end,62334
3,1,DP,sink,DungeonFeatureManager.TryPlaceTrap,-150
3,1,DP,sink,MinionRoster.TrySummon,-46
3,1,DP,source,AdventurerAI.ReapEmotion,100
3,1,DP,source,AdventurerAI.TakeDamage,272
3,1,Material,source,AdventurerAI.TakeDamage,16
3,1,DP,sink,CommandSystem.TryUse,-300
3,1,DP,stock,end,76
3,1,Material,stock,end,16
3,1,Fame,stock,end,0
3,2,DP,source,SurfaceMap.CollectYields,18
3,2,Material,source,SurfaceMap.CollectYields,1
3,2,Fame,source,SurfaceMap.CollectYields,4
3,2,DP,source,EraSystem.TickTurn,600
3,2,Fame,source,EraSystem.TickTurn,25
3,2,DP,sink,MinionRoster.TryForge,-236
3,2,DP,sink,MinionEvolution.TryEvolve,-150
3,2,DP,sink,DungeonFeatureManager.TryPlaceTrap,-150
3,2,DP,sink,MinionRoster.TrySummon,-148
3,2,DP,source,AdventurerAI.ReapEmotion,209
3,2,DP,source,AdventurerAI.GrantReturnReward,54
3,2,Fame,source,AdventurerAI.GrantReturnReward,20
3,2,Fame,source,LureEconomy.OnHeroEscaped,50
3,2,DP,source,AdventurerAI.TakeDamage,189
3,2,Material,source,AdventurerAI.TakeDamage,10
3,2,DP,sink,CommandSystem.TryUse,-300
3,2,DP,stock,end,162
3,2,Material,stock,end,27
3,2,Fame,stock,end,99
3,3,DP,source,SurfaceMap.CollectYields,18
3,3,Material,source,SurfaceMap.CollectYields,1
3,3,Fame,source,SurfaceMap.CollectYields,4
3,3,DP,source,EraSystem.TickTurn,600
3,3,Material,source,EraSystem.TickTurn,10
3,3,Fame,source,EraSystem.TickTurn,25
3,3,DP,sink,MinionRoster.TryForge,-236
3,3,DP,sink,MinionEvolution.TryEvolve,-175
3,3,DP,sink,DungeonFeatureManager.TryPlaceTrap,-300
3,3,DP,sink,MinionRoster.TrySummon,-62
3,3,DP,source,AdventurerAI.ReapEmotion,229
3,3,DP,source,AdventurerAI.GrantReturnReward,1057
3,3,Fame,source,AdventurerAI.GrantReturnReward,30
3,3,Fame,source,LureEconomy.OnHeroEscaped,75
3,3,DP,source,AdventurerAI.TakeDamage,152
3,3,Material,source,AdventurerAI.TakeDamage,6
3,3,DP,sink,CommandSystem.TryUse,-300
3,3,DP,stock,end,1145
3,3,Material,stock,end,44
3,3,Fame,stock,end,233
3,4,DP,source,SurfaceMap.CollectYields,18
3,4,Material,source,SurfaceMap.CollectYields,1
3,4,Fame,source,SurfaceMap.CollectYields,4
3,4,DP,source,EraSystem.TickTurn,600
3,4,DP,sink,MinionRoster.TryForge,-236
3,4,DP,sink,DungeonFloorManager.TryAddFloor,-800
3,4,DP,sink,DungeonFloorManager.TryExpandFloor,-400
3,4,DP,sink,DungeonFeatureManager.TryPlaceTrap,-150
3,4,DP,sink,MinionRoster.TrySummon,-176
3,4,DP,source,AdventurerAI.ReapEmotion,235
3,4,DP,source,AdventurerAI.TakeDamage,401
3,4,Material,source,AdventurerAI.TakeDamage,31
3,4,DP,sink,CommandSystem.TryUse,-1600
3,4,DP,source,AdventurerAI.GrantReturnReward,604
3,4,Fame,source,AdventurerAI.GrantReturnReward,20
3,4,Fame,source,LureEconomy.OnHeroEscaped,50
3,4,DP,source,Nemesis.OnSlain,454
3,4,Material,source,Nemesis.OnSlain,5
3,4,DP,stock,end,95
3,4,Material,stock,end,81
3,4,Fame,stock,end,307
3,5,DP,source,SurfaceMap.CollectYields,18
3,5,Material,source,SurfaceMap.CollectYields,1
3,5,Fame,source,SurfaceMap.CollectYields,4
3,5,DP,source,EraSystem.TickTurn,600
3,5,DP,sink,MinionRoster.TryForge,-212
3,5,DP,sink,MinionEvolution.TryEvolve,-75
3,5,DP,sink,MinionRoster.TryEvolveIndividual,-75
3,5,DP,sink,DungeonFeatureManager.TryPlaceTrap,-300
3,5,DP,sink,MinionRoster.TrySummon,-42
3,5,DP,source,AdventurerAI.ReapEmotion,126
3,5,DP,source,AdventurerAI.TakeDamage,685
3,5,Material,source,AdventurerAI.TakeDamage,27
3,5,DP,sink,CommandSystem.TryUse,-950
3,5,DP,source,Nemesis.OnSlain,470
3,5,Material,source,Nemesis.OnSlain,5
3,5,DP,stock,end,340
3,5,Material,stock,end,114
3,5,Fame,stock,end,311
3,6,DP,source,SurfaceMap.CollectYields,39
3,6,Material,source,SurfaceMap.CollectYields,2
3,6,Fame,source,SurfaceMap.CollectYields,9
3,6,DP,source,EraSystem.TickTurn,600
3,6,DP,source,WaveRoster.ResolveTrial,1200
3,6,DP,sink,MinionRoster.TryForge,-212
3,6,DP,sink,DungeonFloorManager.TryExpandFloor,-1200
3,6,DP,sink,MinionEvolution.TryEvolve,-425
3,6,DP,sink,DungeonFeatureManager.TryPlaceTrap,-150
3,6,DP,sink,MinionRoster.TrySummon,-185
3,6,DP,source,AdventurerAI.ReapEmotion,180
3,6,DP,source,AdventurerAI.TakeDamage,409
3,6,Material,source,AdventurerAI.TakeDamage,61
3,6,DP,source,AdventurerAI.GrantReturnReward,878
3,6,Fame,source,AdventurerAI.GrantReturnReward,40
3,6,Fame,source,LureEconomy.OnHeroEscaped,100
3,6,DP,sink,CommandSystem.TryUse,-1150
3,6,DP,source,Nemesis.OnSlain,972
3,6,Material,source,Nemesis.OnSlain,10
3,6,DP,stock,end,1296
3,6,Material,stock,end,187
3,6,Fame,stock,end,460
3,7,DP,source,SurfaceMap.CollectYields,39
3,7,Material,source,SurfaceMap.CollectYields,2
3,7,Fame,source,SurfaceMap.CollectYields,9
3,7,DP,source,EraSystem.TickTurn,600
3,7,Material,source,EraSystem.TickTurn,10
3,7,DP,sink,MinionRoster.TryForge,-212
3,7,DP,sink,DungeonFloorManager.TryExpandFloor,-800
3,7,DP,sink,MinionEvolution.TryEvolve,-525
3,7,DP,sink,DungeonFeatureManager.TryPlaceTrap,-150
3,7,DP,sink,MinionRoster.TrySummon,-237
3,7,DP,source,AdventurerAI.ReapEmotion,130
3,7,DP,source,AdventurerAI.GrantReturnReward,1000
3,7,Fame,source,AdventurerAI.GrantReturnReward,40
3,7,Fame,source,LureEconomy.OnHeroEscaped,100
3,7,DP,source,AdventurerAI.TakeDamage,530
3,7,Material,source,AdventurerAI.TakeDamage,24
3,7,DP,sink,CommandSystem.TryUse,-1150
3,7,DP,source,Nemesis.OnSlain,502
3,7,Material,source,Nemesis.OnSlain,5
3,7,DP,stock,end,1023
3,7,Material,stock,end,228
3,7,Fame,stock,end,609
3,8,DP,source,SurfaceMap.CollectYields,39
3,8,Material,source,SurfaceMap.CollectYields,2
3,8,Fame,source,SurfaceMap.CollectYields,9
3,8,DP,source,EraSystem.TickTurn,600
3,8,DP,sink,MinionRoster.TryForge,-212
3,8,DP,sink,MinionEvolution.TryEvolve,-750
3,8,DP,sink,MinionRoster.TryEvolveIndividual,-350
3,8,DP,sink,DungeonFeatureManager.TryPlaceTrap,-150
3,8,DP,sink,MinionRoster.TrySummon,-191
3,8,DP,source,AdventurerAI.ReapEmotion,134
3,8,DP,source,AdventurerAI.GrantReturnReward,520
3,8,Fame,source,AdventurerAI.GrantReturnReward,60
3,8,Fame,source,LureEconomy.OnHeroEscaped,150
3,8,DP,sink,CommandSystem.TryUse,-1150
3,8,DP,source,AdventurerAI.TakeDamage,625
3,8,Material,source,AdventurerAI.TakeDamage,34
3,8,DP,source,Nemesis.OnSlain,502
3,8,Material,source,Nemesis.OnSlain,5
3,8,DP,stock,end,640
3,8,Material,stock,end,269
3,8,Fame,stock,end,828
3,9,DP,source,SurfaceMap.CollectYields,45
3,9,Material,source,SurfaceMap.CollectYields,2
3,9,Fame,source,SurfaceMap.CollectYields,11
3,9,DP,source,EraSystem.TickTurn,1020
3,9,Fame,source,EraSystem.TickTurn,25
3,9,DP,sink,MinionRoster.TryForge,-190
3,9,DP,sink,MinionEvolution.TryEvolve,-550
3,9,DP,sink,MinionRoster.TryEvolveIndividual,-625
3,9,DP,sink,DungeonFeatureManager.TryPlaceTrap,-150
3,9,DP,sink,MinionRoster.TrySummon,-180
3,9,DP,source,AdventurerAI.ReapEmotion,203
3,9,DP,source,AdventurerAI.TakeDamage,971
3,9,Material,source,AdventurerAI.TakeDamage,39
3,9,DP,sink,CommandSystem.TryUse,-2300
3,9,DP,source,AdventurerAI.GrantReturnReward,628
3,9,Fame,source,AdventurerAI.GrantReturnReward,20
3,9,Fame,source,LureEconomy.OnHeroEscaped,50
3,9,DP,source,Nemesis.OnSlain,518
3,9,Material,source,Nemesis.OnSlain,5
3,9,DP,stock,end,30
3,9,Material,stock,end,315
3,9,Fame,stock,end,934
3,10,DP,source,SurfaceMap.CollectYields,78
3,10,Material,source,SurfaceMap.CollectYields,3
3,10,Fame,source,SurfaceMap.CollectYields,16
3,10,DP,sink,MinionRoster.TrySummon,-96
3,10,DP,source,AdventurerAI.ReapEmotion,159
3,10,DP,source,AdventurerAI.TakeDamage,841
3,10,Material,source,AdventurerAI.TakeDamage,27
3,10,DP,sink,CommandSystem.TryUse,-1450
3,10,DP,source,Nemesis.OnSlain,535
3,10,Material,source,Nemesis.OnSlain,5
3,10,DP,stock,end,97
3,10,Material,stock,end,350
3,10,Fame,stock,end,950
3,11,DP,source,SurfaceMap.CollectYields,78
3,11,Material,source,SurfaceMap.CollectYields,3
3,11,Fame,source,SurfaceMap.CollectYields,16
3,11,DP,source,EraSystem.TickTurn,720
3,11,DP,source,WaveRoster.ResolveTrial,900
3,11,DP,sink,MinionRoster.TryForge,-190
3,11,DP,sink,MinionRoster.TryEvolveIndividual,-1250
3,11,DP,sink,DungeonFeatureManager.TryPlaceTrap,-150
3,11,DP,sink,MinionRoster.TrySummon,-204
3,11,DP,source,AdventurerAI.ReapEmotion,195
3,11,Fame,source,AdventurerAI.GrantReturnReward,50
3,11,Fame,source,LureEconomy.OnHeroEscaped,125
3,11,DP,source,AdventurerAI.GrantReturnReward,627
3,11,DP,sink,CommandSystem.TryUse,-2300
3,11,DP,source,AdventurerAI.TakeDamage,941
3,11,Material,source,AdventurerAI.TakeDamage,37
3,11,DP,source,Nemesis.OnSlain,1102
3,11,Material,source,Nemesis.OnSlain,10
3,11,DP,stock,end,566
3,11,Material,stock,end,400
3,11,Fame,stock,end,1141
3,12,DP,source,SurfaceMap.CollectYields,78
3,12,Material,source,SurfaceMap.CollectYields,3
3,12,Fame,source,SurfaceMap.CollectYields,16
3,12,DP,source,DistrictCatalog.Collect,126
3,12,DP,sink,MinionRoster.TryForge,-285
3,12,DP,sink,MinionRoster.TryEvolveIndividual,-75
3,12,DP,sink,DungeonFeatureManager.TryPlaceTrap,-150
3,12,DP,sink,MinionRoster.TrySummon,-255
3,12,DP,source,AdventurerAI.ReapEmotion,223
3,12,DP,source,AdventurerAI.TakeDamage,862
3,12,Material,source,AdventurerAI.TakeDamage,29
3,12,DP,sink,CommandSystem.TryUse,-2300
3,12,DP,source,AdventurerAI.GrantReturnReward,1878
3,12,Fame,source,AdventurerAI.GrantReturnReward,60
3,12,Fame,source,LureEconomy.OnHeroEscaped,150
3,12,DP,source,Nemesis.OnSlain,1134
3,12,Material,source,Nemesis.OnSlain,10
3,12,DP,stock,end,1802
3,12,Material,stock,end,442
3,12,Fame,stock,end,1367
3,13,DP,source,SurfaceMap.CollectYields,59
3,13,Material,source,SurfaceMap.CollectYields,3
3,13,Fame,source,SurfaceMap.CollectYields,13
3,13,DP,source,DistrictCatalog.Collect,140
3,13,DP,source,EraSystem.TickTurn,300
3,13,DP,sink,MinionRoster.TryForge,-190
3,13,DP,sink,DungeonFloorManager.TryExpandFloor,-1500
3,13,DP,sink,MinionRoster.TryEvolveIndividual,-225
3,13,DP,sink,DungeonFeatureManager.TryPlaceTrap,-150
3,13,DP,sink,MinionRoster.TrySummon,-236
3,13,DP,source,AdventurerAI.TakeDamage,637
3,13,Material,source,AdventurerAI.TakeDamage,17
3,13,Fame,source,AdventurerAI.GrantReturnReward,20
3,13,Fame,source,LureEconomy.OnHeroEscaped,50
3,13,DP,source,AdventurerAI.ReapEmotion,60
3,13,DP,sink,CommandSystem.TryUse,-1150
3,13,DP,source,Nemesis.OnSlain,567
3,13,Material,source,Nemesis.OnSlain,5
3,13,DP,stock,end,114
3,13,Material,stock,end,467
3,13,Fame,stock,end,1450
3,14,DP,source,SurfaceMap.CollectYields,79
3,14,Material,source,SurfaceMap.CollectYields,4
3,14,Fame,source,SurfaceMap.CollectYields,17
3,14,DP,source,DistrictCatalog.Collect,140
3,14,DP,sink,DungeonFeatureManager.TryPlaceTrap,-150
3,14,DP,sink,MinionRoster.TrySummon,-179
3,14,DP,source,AdventurerAI.TakeDamage,1533
3,14,Material,source,AdventurerAI.TakeDamage,58
3,14,DP,source,AdventurerAI.ReapEmotion,284
3,14,DP,sink,CommandSystem.TryUse,-2300
3,14,DP,source,AdventurerAI.GrantReturnReward,409
3,14,Fame,source,AdventurerAI.GrantReturnReward,30
3,14,Fame,source,LureEconomy.OnHeroEscaped,75
3,14,DP,source,Nemesis.OnSlain,583
3,14,Material,source,Nemesis.OnSlain,5
3,14,DP,stock,end,513
3,14,Material,stock,end,534
3,14,Fame,stock,end,1572
3,15,DP,source,SurfaceMap.CollectYields,79
3,15,Material,source,SurfaceMap.CollectYields,4
3,15,Fame,source,SurfaceMap.CollectYields,17
3,15,DP,source,DistrictCatalog.Collect,140
3,15,DP,source,EraSystem.TickTurn,300
3,15,DP,sink,MinionRoster.TryForge,-285
3,15,DP,sink,MinionRoster.TryEvolveIndividual,-400
3,15,DP,sink,DungeonFeatureManager.TryPlaceTrap,-150
3,15,DP,sink,MinionRoster.TrySummon,-194
3,15,DP,source,AdventurerAI.ReapEmotion,406
3,15,DP,source,AdventurerAI.TakeDamage,3398
3,15,Material,source,AdventurerAI.TakeDamage,91
3,15,DP,sink,CommandSystem.TryUse,-2600
3,15,DP,source,AdventurerAI.GrantReturnReward,1508
3,15,Fame,source,AdventurerAI.GrantReturnReward,30
3,15,Fame,source,LureEconomy.OnHeroEscaped,75
3,15,DP,source,Nemesis.OnSlain,1797
3,15,Material,source,Nemesis.OnSlain,15
3,15,DP,stock,end,4512
3,15,Material,stock,end,644
3,15,Fame,stock,end,1694
3,16,DP,source,SurfaceMap.CollectYields,79
3,16,Material,source,SurfaceMap.CollectYields,4
3,16,Fame,source,SurfaceMap.CollectYields,17
3,16,DP,source,DistrictCatalog.Collect,140
3,16,DP,sink,MinionRoster.TryForge,-190
3,16,DP,sink,DungeonFloorManager.TryAddFloor,-2000
3,16,DP,sink,DungeonFloorManager.TryExpandFloor,-1200
3,16,DP,sink,MinionRoster.TryEvolveIndividual,-950
3,16,DP,sink,DungeonFeatureManager.TryPlaceTrap,-150
3,16,DP,sink,MinionRoster.TrySummon,-229
3,16,DP,source,AdventurerAI.TakeDamage,1709
3,16,Material,source,AdventurerAI.TakeDamage,53
3,16,DP,sink,CommandSystem.TryUse,-2300
3,16,Fame,source,AdventurerAI.GrantReturnReward,40
3,16,Fame,source,LureEconomy.OnHeroEscaped,100
3,16,DP,source,AdventurerAI.ReapEmotion,93
3,16,DP,source,AdventurerAI.GrantReturnReward,892
3,16,DP,source,Nemesis.OnSlain,1489
3,16,Material,source,Nemesis.OnSlain,12
3,16,DP,stock,end,1895
3,16,Material,stock,end,713
3,16,Fame,stock,end,1851
3,17,DP,source,SurfaceMap.CollectYields,79
3,17,Material,source,SurfaceMap.CollectYields,4
3,17,Fame,source,SurfaceMap.CollectYields,17
3,17,DP,source,DistrictCatalog.Collect,140
3,17,DP,source,EraSystem.TickTurn,720
3,17,DP,sink,MinionRoster.TryForge,-950
3,17,DP,sink,DungeonFloorManager.TryExpandFloor,-1500
3,17,DP,sink,DungeonFeatureManager.TryPlaceTrap,-150
3,17,DP,sink,MinionRoster.TrySummon,-228
3,17,DP,source,AdventurerAI.TakeDamage,1897
3,17,Material,source,AdventurerAI.TakeDamage,80
3,17,DP,source,AdventurerAI.ReapEmotion,101
3,17,DP,sink,CommandSystem.TryUse,-2450
3,17,DP,source,AdventurerAI.GrantReturnReward,1815
3,17,Fame,source,AdventurerAI.GrantReturnReward,40
3,17,Fame,source,LureEconomy.OnHeroEscaped,100
3,17,DP,stock,end,1369
3,17,Material,stock,end,797
3,17,Fame,stock,end,2008
3,18,DP,source,SurfaceMap.CollectYields,100
3,18,Material,source,SurfaceMap.CollectYields,5
3,18,Fame,source,SurfaceMap.CollectYields,22
3,18,DP,source,DistrictCatalog.Collect,140
3,18,DP,sink,MinionRoster.TryForge,-855
3,18,DP,sink,MinionRoster.TryEvolveIndividual,-325
3,18,DP,sink,DungeonFeatureManager.TryPlaceTrap,-150
3,18,DP,sink,MinionRoster.TrySummon,-272
3,18,DP,source,AdventurerAI.TakeDamage,2167
3,18,Material,source,AdventurerAI.TakeDamage,47
3,18,DP,sink,CommandSystem.TryUse,-2450
3,18,Fame,source,AdventurerAI.GrantReturnReward,60
3,18,Fame,source,LureEconomy.OnHeroEscaped,150
3,18,DP,source,AdventurerAI.ReapEmotion,134
3,18,DP,source,AdventurerAI.GrantReturnReward,599
3,18,DP,source,Nemesis.OnSlain,648
3,18,Material,source,Nemesis.OnSlain,5
3,18,DP,stock,end,1105
3,18,Material,stock,end,854
3,18,Fame,stock,end,2240
3,19,DP,source,SurfaceMap.CollectYields,100
3,19,Material,source,SurfaceMap.CollectYields,5
3,19,Fame,source,SurfaceMap.CollectYields,22
3,19,DP,source,DistrictCatalog.Collect,168
3,19,DP,source,EraSystem.TickTurn,300
3,19,DP,sink,MinionRoster.TryForge,-1087
3,19,DP,sink,DungeonFeatureManager.TryPlaceTrap,-300
3,19,DP,sink,MinionRoster.TrySummon,-285
3,19,DP,source,AdventurerAI.TakeDamage,2893
3,19,Material,source,AdventurerAI.TakeDamage,59
3,19,DP,source,AdventurerAI.ReapEmotion,122
3,19,DP,sink,CommandSystem.TryUse,-2450
3,19,DP,source,AdventurerAI.GrantReturnReward,1823
3,19,Fame,source,AdventurerAI.GrantReturnReward,70
3,19,Fame,source,LureEconomy.OnHeroEscaped,175
3,19,DP,stock,end,2389
3,19,Material,stock,end,918
3,19,Fame,stock,end,2507
3,20,DP,source,SurfaceMap.CollectYields,132
3,20,Material,source,SurfaceMap.CollectYields,5
3,20,Fame,source,SurfaceMap.CollectYields,27
3,20,DP,source,DistrictCatalog.Collect,168
3,20,DP,sink,MinionRoster.TryForge,-598
3,20,DP,sink,DungeonFloorManager.TryExpandFloor,-1500
3,20,DP,sink,DungeonFeatureManager.TryPlaceTrap,-300
3,20,DP,sink,MinionRoster.TrySummon,-285
3,20,DP,source,AdventurerAI.ReapEmotion,238
3,20,DP,source,AdventurerAI.TakeDamage,3793
3,20,Material,source,AdventurerAI.TakeDamage,83
3,20,DP,sink,CommandSystem.TryUse,-2450
3,20,DP,source,AdventurerAI.GrantReturnReward,2547
3,20,Fame,source,AdventurerAI.GrantReturnReward,70
3,20,Fame,source,LureEconomy.OnHeroEscaped,175
3,20,DP,stock,end,4134
3,20,Material,stock,end,1006
3,20,Fame,stock,end,2779
3,21,DP,source,SurfaceMap.CollectYields,132
3,21,Material,source,SurfaceMap.CollectYields,5
3,21,Fame,source,SurfaceMap.CollectYields,27
3,21,DP,source,DistrictCatalog.Collect,182
3,21,DP,source,WaveRoster.ResolveTrial,3300
3,21,DP,sink,MinionRoster.TryForge,-1006
3,21,DP,sink,DungeonFloorManager.TryAddFloor,-5000
3,21,DP,sink,DungeonFloorManager.TryExpandFloor,-1200
3,21,DP,sink,DungeonFeatureManager.TryPlaceTrap,-300
3,21,DP,sink,MinionRoster.TrySummon,-240
3,21,DP,source,AdventurerAI.TakeDamage,3983
3,21,Material,source,AdventurerAI.TakeDamage,82
3,21,DP,sink,CommandSystem.TryUse,-2650
3,21,DP,source,AdventurerAI.ReapEmotion,282
3,21,Fame,source,AdventurerAI.GrantReturnReward,70
3,21,Fame,source,LureEconomy.OnHeroEscaped,175
3,21,DP,source,Nemesis.OnSlain,1328
3,21,Material,source,Nemesis.OnSlain,9
3,21,DP,source,AdventurerAI.GrantReturnReward,2317
3,21,DP,stock,end,5262
3,21,Material,stock,end,1102
3,21,Fame,stock,end,3051
3,22,DP,source,SurfaceMap.CollectYields,162
3,22,Material,source,SurfaceMap.CollectYields,6
3,22,Fame,source,SurfaceMap.CollectYields,33
3,22,DP,source,DistrictCatalog.Collect,182
3,22,DP,sink,MinionRoster.TryForge,-4882
3,22,DP,sink,MinionRoster.TryEvolveIndividual,-325
3,22,DP,sink,DungeonFeatureManager.TryPlaceTrap,-150
3,22,DP,sink,MinionRoster.TrySummon,-241
3,22,DP,source,AdventurerAI.TakeDamage,2994
3,22,Material,source,AdventurerAI.TakeDamage,293
3,22,DP,source,AdventurerAI.ReapEmotion,153
3,22,DP,sink,CommandSystem.TryUse,-4450
3,22,Fame,source,AdventurerAI.GrantReturnReward,170
3,22,Fame,source,LureEconomy.OnHeroEscaped,425
3,22,DP,source,AdventurerAI.GrantReturnReward,6687
3,22,DP,source,Nemesis.OnSlain,1328
3,22,Material,source,Nemesis.OnSlain,9
3,22,DP,stock,end,6720
3,22,Material,stock,end,1410
3,22,Fame,stock,end,3679
3,23,DP,source,SurfaceMap.CollectYields,162
3,23,Material,source,SurfaceMap.CollectYields,6
3,23,Fame,source,SurfaceMap.CollectYields,33
3,23,DP,source,DistrictCatalog.Collect,154
3,23,DP,sink,MinionRoster.TryForge,-6216
3,23,DP,sink,DungeonFeatureManager.TryPlaceTrap,-600
3,23,DP,sink,MinionRoster.TrySummon,-201
3,23,DP,source,AdventurerAI.ReapEmotion,268
3,23,DP,source,AdventurerAI.TakeDamage,6800
3,23,Material,source,AdventurerAI.TakeDamage,337
3,23,DP,sink,CommandSystem.TryUse,-5600
3,23,DP,source,AdventurerAI.GrantReturnReward,2831
3,23,Fame,source,AdventurerAI.GrantReturnReward,60
3,23,Fame,source,LureEconomy.OnHeroEscaped,150
3,23,DP,stock,end,4318
3,23,Material,stock,end,1753
3,23,Fame,stock,end,3922
3,24,DP,source,SurfaceMap.CollectYields,122
3,24,Material,source,SurfaceMap.CollectYields,6
3,24,Fame,source,SurfaceMap.CollectYields,26
3,24,DP,source,DistrictCatalog.Collect,154
3,24,DP,sink,MinionRoster.TryForge,-168
3,24,DP,sink,MinionEvolution.TryEvolve,-3875
3,24,DP,sink,MinionRoster.TryEvolveIndividual,-250
3,24,DP,sink,DungeonFeatureManager.TryPlaceTrap,-150
3,24,DP,sink,MinionRoster.TrySummon,-126
3,24,DP,source,AdventurerAI.TakeDamage,6971
3,24,Material,source,AdventurerAI.TakeDamage,271
3,24,DP,sink,CommandSystem.TryUse,-5600
3,24,DP,source,AdventurerAI.ReapEmotion,204
3,24,Fame,source,AdventurerAI.GrantReturnReward,110
3,24,Fame,source,LureEconomy.OnHeroEscaped,275
3,24,DP,source,AdventurerAI.GrantReturnReward,6730
3,24,DP,source,Nemesis.OnSlain,713
3,24,Material,source,Nemesis.OnSlain,5
3,24,DP,stock,end,9043
3,24,Material,stock,end,2035
3,24,Fame,stock,end,4333
3,25,DP,source,SurfaceMap.CollectYields,122
3,25,Material,source,SurfaceMap.CollectYields,6
3,25,Fame,source,SurfaceMap.CollectYields,26
3,25,DP,source,DistrictCatalog.Collect,28
3,25,DP,source,EraSystem.TickTurn,3840
3,25,DP,sink,MinionRoster.TryForge,-168
3,25,DP,sink,DungeonFloorManager.TryAddFloor,-12500
3,25,DP,sink,DungeonFeatureManager.TryPlaceTrap,-150
3,25,DP,sink,MinionRoster.TrySummon,-207
3,25,DP,source,AdventurerAI.ReapEmotion,586
3,25,DP,sink,CommandSystem.TryUse,-4900
3,25,DP,source,AdventurerAI.GrantReturnReward,13969
3,25,Fame,source,AdventurerAI.GrantReturnReward,340
3,25,Fame,source,LureEconomy.OnHeroEscaped,850
3,25,DP,source,AdventurerAI.TakeDamage,4983
3,25,Material,source,AdventurerAI.TakeDamage,348
3,25,DP,stock,end,14646
3,25,Material,stock,end,2389
3,25,Fame,stock,end,5549
3,26,DP,source,SurfaceMap.CollectYields,122
3,26,Material,source,SurfaceMap.CollectYields,6
3,26,Fame,source,SurfaceMap.CollectYields,26
3,26,DP,source,DistrictCatalog.Collect,28
3,26,DP,source,EraSystem.TickTurn,6528
3,26,DP,sink,MinionRoster.TryForge,-2112
3,26,DP,sink,DungeonFloorManager.TryExpandFloor,-4200
3,26,DP,sink,MinionEvolution.TryEvolve,-1025
3,26,DP,sink,MinionRoster.TryEvolveIndividual,-13425
3,26,DP,sink,DungeonFeatureManager.TryPlaceTrap,-300
3,26,DP,sink,MinionRoster.TrySummon,-231
3,26,DP,source,AdventurerAI.ReapEmotion,287
3,26,DP,source,AdventurerAI.TakeDamage,5660
3,26,Material,source,AdventurerAI.TakeDamage,40
3,26,DP,sink,CommandSystem.TryUse,-4750
3,26,DP,source,AdventurerAI.GrantReturnReward,15740
3,26,Fame,source,AdventurerAI.GrantReturnReward,290
3,26,Fame,source,LureEconomy.OnHeroEscaped,725
3,26,DP,stock,end,16968
3,26,Material,stock,end,2435
3,26,Fame,stock,end,6590
3,27,DP,source,SurfaceMap.CollectYields,143
3,27,Material,source,SurfaceMap.CollectYields,7
3,27,Fame,source,SurfaceMap.CollectYields,31
3,27,DP,source,DistrictCatalog.Collect,28
3,27,DP,source,EraSystem.TickTurn,6528
3,27,DP,sink,MinionRoster.TryForge,-11952
3,27,DP,sink,DungeonFloorManager.TryExpandFloor,-10000
3,27,DP,sink,MinionRoster.TryEvolveIndividual,-1050
3,27,DP,sink,DungeonFeatureManager.TryPlaceTrap,-450
3,27,DP,sink,MinionRoster.TrySummon,-198
3,27,DP,source,AdventurerAI.ReapEmotion,1002
3,27,DP,source,AdventurerAI.TakeDamage,20088
3,27,Material,source,AdventurerAI.TakeDamage,172
3,27,DP,sink,CommandSystem.TryUse,-4250
3,27,DP,source,AdventurerAI.GrantReturnReward,5639
3,27,Fame,source,AdventurerAI.GrantReturnReward,200
3,27,Fame,source,LureEconomy.OnHeroEscaped,500
3,27,DP,stock,end,22496
3,27,Material,stock,end,2614
3,27,Fame,stock,end,7321
3,28,DP,source,SurfaceMap.CollectYields,146
3,28,Material,source,SurfaceMap.CollectYields,7
3,28,Fame,source,SurfaceMap.CollectYields,32
3,28,DP,source,DistrictCatalog.Collect,28
3,28,DP,source,EraSystem.TickTurn,3840
3,28,DP,sink,MinionRoster.TryForge,-14232
3,28,DP,sink,DungeonFloorManager.TryExpandFloor,-2500
3,28,DP,sink,MinionRoster.TryEvolveIndividual,-350
3,28,Material,sink,MinionRoster.TryForge,-8
3,28,DP,sink,DungeonFeatureManager.TryPlaceTrap,-3750
3,28,DP,sink,MinionRoster.TrySummon,-5670
3,28,DP,source,AdventurerAI.ReapEmotion,150
3,28,DP,source,AdventurerAI.TakeDamage,12452
3,28,Material,source,AdventurerAI.TakeDamage,313
3,28,DP,sink,CommandSystem.TryUse,-4100
3,28,DP,source,AdventurerAI.GrantReturnReward,17820
3,28,Fame,source,AdventurerAI.GrantReturnReward,360
3,28,Fame,source,LureEconomy.OnHeroEscaped,900
3,28,DP,stock,end,26330
3,28,Material,stock,end,2926
3,28,Fame,stock,end,8613
3,29,DP,source,SurfaceMap.CollectYields,146
3,29,Material,source,SurfaceMap.CollectYields,7
3,29,Fame,source,SurfaceMap.CollectYields,32
3,29,DP,source,DistrictCatalog.Collect,28
3,29,DP,source,EraSystem.TickTurn,3840
3,29,DP,sink,MinionRoster.TryForge,-10620
3,29,DP,sink,MinionRoster.TryEvolveIndividual,-375
3,29,Material,sink,MinionRoster.TryForge,-12
3,29,DP,sink,DungeonFeatureManager.TryPlaceTrap,-2250
3,29,DP,sink,MinionRoster.TrySummon,-17089
3,29,DP,source,AdventurerAI.ReapEmotion,223
3,29,DP,source,AdventurerAI.TakeDamage,16773
3,29,Material,source,AdventurerAI.TakeDamage,487
3,29,DP,sink,CommandSystem.TryUse,-4550
3,29,DP,source,AdventurerAI.GrantReturnReward,10658
3,29,Fame,source,AdventurerAI.GrantReturnReward,310
3,29,Fame,source,LureEconomy.OnHeroEscaped,775
3,29,DP,stock,end,23114
3,29,Material,stock,end,3408
3,29,Fame,stock,end,9730
3,30,DP,source,SurfaceMap.CollectYields,146
3,30,Material,source,SurfaceMap.CollectYields,7
3,30,Fame,source,SurfaceMap.CollectYields,32
3,30,DP,source,DistrictCatalog.Collect,28
3,30,DP,source,EraSystem.TickTurn,6528
3,30,Material,source,EraSystem.TickTurn,32
3,30,DP,sink,MinionRoster.TryForge,-5064
3,30,DP,sink,DungeonFeatureManager.TryPlaceTrap,-2850
3,30,DP,sink,MinionRoster.TrySummon,-21899
3,30,DP,source,AdventurerAI.ReapEmotion,200
3,30,DP,source,AdventurerAI.TakeDamage,17194
3,30,Material,source,AdventurerAI.TakeDamage,450
3,30,DP,sink,CommandSystem.TryUse,-4550
3,30,DP,source,AdventurerAI.GrantReturnReward,10243
3,30,Fame,source,AdventurerAI.GrantReturnReward,320
3,30,Fame,source,LureEconomy.OnHeroEscaped,800
3,30,DP,stock,end,23090
3,30,Material,stock,end,3897
3,30,Fame,stock,end,10882
3,31,DP,source,SurfaceMap.CollectYields,166
3,31,Material,source,SurfaceMap.CollectYields,9
3,31,Fame,source,SurfaceMap.CollectYields,36
3,31,DP,source,DistrictCatalog.Collect,28
3,31,DP,source,EraSystem.TickTurn,3840
3,31,Material,source,EraSystem.TickTurn,37
3,31,Fame,source,EraSystem.TickTurn,80
3,31,DP,sink,MinionRoster.TryForge,-5832
3,31,DP,sink,DungeonFeatureManager.TryPlaceTrap,-3300
3,31,DP,sink,MinionRoster.TrySummon,-17976
3,31,DP,source,AdventurerAI.ReapEmotion,122
3,31,DP,source,AdventurerAI.TakeDamage,33094
3,31,Material,source,AdventurerAI.TakeDamage,675
3,31,DP,sink,CommandSystem.TryUse,-4900
3,31,DP,source,AdventurerAI.GrantReturnReward,5762
3,31,Fame,source,AdventurerAI.GrantReturnReward,140
3,31,Fame,source,LureEconomy.OnHeroEscaped,350
3,31,DP,source,Nemesis.OnSlain,2805
3,31,Material,source,Nemesis.OnSlain,15
3,31,DP,stock,end,36899
3,31,Material,stock,end,4633
3,31,Fame,stock,end,11488
3,32,DP,source,SurfaceMap.CollectYields,166
3,32,Material,source,SurfaceMap.CollectYields,9
3,32,Fame,source,SurfaceMap.CollectYields,36
3,32,DP,source,DistrictCatalog.Collect,28
3,32,DP,source,EraSystem.TickTurn,6528
3,32,Fame,source,EraSystem.TickTurn,192
3,32,DP,sink,MinionRoster.TryForge,-6432
3,32,DP,sink,DungeonFloorManager.TryAddFloor,-31250
3,32,DP,sink,DungeonFloorManager.TryExpandFloor,-5200
3,32,DP,sink,DungeonFeatureManager.TryPlaceTrap,-450
3,32,DP,sink,MinionRoster.TrySummon,-288
3,32,DP,source,AdventurerAI.ReapEmotion,253
3,32,DP,source,AdventurerAI.TakeDamage,26016
3,32,Material,source,AdventurerAI.TakeDamage,521
3,32,DP,sink,CommandSystem.TryUse,-4450
3,32,DP,source,AdventurerAI.GrantReturnReward,10225
3,32,Fame,source,AdventurerAI.GrantReturnReward,250
3,32,Fame,source,LureEconomy.OnHeroEscaped,625
3,32,DP,source,Nemesis.OnSlain,2102
3,32,Material,source,Nemesis.OnSlain,13
3,32,DP,stock,end,34147
3,32,Material,stock,end,5176
3,32,Fame,stock,end,12591
3,33,DP,source,SurfaceMap.CollectYields,168
3,33,Material,source,SurfaceMap.CollectYields,9
3,33,Fame,source,SurfaceMap.CollectYields,36
3,33,DP,source,DistrictCatalog.Collect,28
3,33,DP,sink,MinionRoster.TryForge,-17622
3,33,Material,sink,MinionRoster.TryForge,-30
3,33,DP,sink,DungeonFeatureManager.TryPlaceTrap,-3600
3,33,DP,sink,MinionRoster.TrySummon,-13106
3,33,DP,source,AdventurerAI.ReapEmotion,239
3,33,DP,source,AdventurerAI.TakeDamage,41094
3,33,Material,source,AdventurerAI.TakeDamage,599
3,33,DP,sink,CommandSystem.TryUse,-4450
3,33,DP,source,AdventurerAI.GrantReturnReward,5545
3,33,Fame,source,AdventurerAI.GrantReturnReward,90
3,33,Fame,source,LureEconomy.OnHeroEscaped,225
3,33,DP,source,Nemesis.OnSlain,826
3,33,Material,source,Nemesis.OnSlain,6
3,33,DP,stock,end,43269
3,33,Material,stock,end,5760
3,33,Fame,stock,end,12942
3,34,DP,source,SurfaceMap.CollectYields,168
3,34,Material,source,SurfaceMap.CollectYields,9
3,34,Fame,source,SurfaceMap.CollectYields,36
3,34,DP,source,DistrictCatalog.Collect,28
3,34,DP,sink,MinionRoster.TryForge,-23940
3,34,Material,sink,MinionRoster.TryForge,-84
3,34,DP,sink,DungeonFeatureManager.TryPlaceTrap,-2850
3,34,DP,sink,MinionRoster.TrySummon,-16643
3,34,DP,source,AdventurerAI.ReapEmotion,280
3,34,DP,sink,CommandSystem.TryUse,-4450
3,34,DP,source,AdventurerAI.TakeDamage,41201
3,34,Material,source,AdventurerAI.TakeDamage,2398
3,34,DP,source,AdventurerAI.GrantReturnReward,5615
3,34,Fame,source,AdventurerAI.GrantReturnReward,70
3,34,Fame,source,LureEconomy.OnHeroEscaped,175
3,34,DP,source,Nemesis.OnSlain,5120
3,34,Material,source,Nemesis.OnSlain,23
3,34,DP,stock,end,47798
3,34,Material,stock,end,8106
3,34,Fame,stock,end,13223
4,1,DP,sink,DungeonFeatureManager.TryPlaceTrap,-150
4,1,DP,sink,MinionRoster.TrySummon,-46
4,1,DP,source,AdventurerAI.ReapEmotion,100
4,1,DP,source,AdventurerAI.TakeDamage,162
4,1,Material,source,AdventurerAI.TakeDamage,14
4,1,DP,source,AdventurerAI.GrantReturnReward,502
4,1,Fame,source,AdventurerAI.GrantReturnReward,20
4,1,Fame,source,LureEconomy.OnHeroEscaped,50
4,1,DP,sink,CommandSystem.TryUse,-650
4,1,DP,stock,end,118
4,1,Material,stock,end,14
4,1,Fame,stock,end,70
4,2,DP,source,SurfaceMap.CollectYields,18
4,2,Material,source,SurfaceMap.CollectYields,1
4,2,Fame,source,SurfaceMap.CollectYields,4
4,2,DP,source,EraSystem.TickTurn,600
4,2,Fame,source,EraSystem.TickTurn,25
4,2,DP,sink,MinionRoster.TryForge,-236
4,2,DP,sink,MinionEvolution.TryEvolve,-150
4,2,DP,sink,DungeonFeatureManager.TryPlaceTrap,-300
4,2,DP,sink,MinionRoster.TrySummon,-36
4,2,DP,source,AdventurerAI.ReapEmotion,113
4,2,DP,source,AdventurerAI.TakeDamage,139
4,2,Material,source,AdventurerAI.TakeDamage,10
4,2,DP,source,AdventurerAI.GrantReturnReward,568
4,2,Fame,source,AdventurerAI.GrantReturnReward,30
4,2,Fame,source,LureEconomy.OnHeroEscaped,75
4,2,DP,sink,CommandSystem.TryUse,-300
4,2,DP,stock,end,534
4,2,Material,stock,end,25
4,2,Fame,stock,end,204
4,3,DP,source,SurfaceMap.CollectYields,18
4,3,Material,source,SurfaceMap.CollectYields,1
4,3,Fame,source,SurfaceMap.CollectYields,4
4,3,DP,source,EraSystem.TickTurn,600
4,3,Material,source,EraSystem.TickTurn,10
4,3,Fame,source,EraSystem.TickTurn,25
4,3,DP,sink,MinionRoster.TryForge,-236
4,3,DP,sink,DungeonFloorManager.TryExpandFloor,-400
4,3,DP,sink,MinionEvolution.TryEvolve,-175
4,3,DP,sink,DungeonFeatureManager.TryPlaceTrap,-150
4,3,DP,sink,MinionRoster.TrySummon,-176
4,3,DP,source,AdventurerAI.TakeDamage,397
4,3,Material,source,AdventurerAI.TakeDamage,10
4,3,DP,sink,CommandSystem.TryUse,-300
4,3,DP,stock,end,112
4,3,Material,stock,end,46
4,3,Fame,stock,end,233
4,4,DP,source,SurfaceMap.CollectYields,18
4,4,Material,source,SurfaceMap.CollectYields,1
4,4,Fame,source,SurfaceMap.CollectYields,4
4,4,DP,source,EraSystem.TickTurn,600
4,4,DP,sink,MinionRoster.TryForge,-236
4,4,DP,sink,MinionEvolution.TryEvolve,-75
4,4,DP,sink,DungeonFeatureManager.TryPlaceTrap,-300
4,4,DP,sink,MinionRoster.TrySummon,-117
4,4,DP,source,AdventurerAI.TakeDamage,661
4,4,Material,source,AdventurerAI.TakeDamage,35
4,4,DP,sink,CommandSystem.TryUse,-950
4,4,Fame,source,AdventurerAI.GrantReturnReward,20
4,4,Fame,source,LureEconomy.OnHeroEscaped,50
4,4,DP,source,AdventurerAI.ReapEmotion,79
4,4,DP,source,Nemesis.OnSlain,908
4,4,Material,source,Nemesis.OnSlain,10
4,4,DP,stock,end,700
4,4,Material,stock,end,92
4,4,Fame,stock,end,307
4,5,DP,source,SurfaceMap.CollectYields,18
4,5,Material,source,SurfaceMap.CollectYields,1
4,5,Fame,source,SurfaceMap.CollectYields,4
4,5,DP,source,EraSystem.TickTurn,600
4,5,DP,sink,MinionRoster.TryForge,-212
4,5,DP,sink,DungeonFloorManager.TryAddFloor,-800
4,5,DP,sink,DungeonFeatureManager.TryPlaceTrap,-150
4,5,DP,sink,MinionRoster.TrySummon,-147
4,5,DP,source,AdventurerAI.ReapEmotion,247
4,5,DP,source,AdventurerAI.TakeDamage,503
4,5,Material,source,AdventurerAI.TakeDamage,18
4,5,DP,sink,CommandSystem.TryUse,-650
4,5,DP,source,AdventurerAI.GrantReturnReward,57
4,5,Fame,source,AdventurerAI.GrantReturnReward,10
4,5,Fame,source,LureEconomy.OnHeroEscaped,25
4,5,DP,stock,end,166
4,5,Material,stock,end,111
4,5,Fame,stock,end,346
4,6,DP,source,SurfaceMap.CollectYields,39
4,6,Material,source,SurfaceMap.CollectYields,2
4,6,Fame,source,SurfaceMap.CollectYields,9
4,6,DP,source,EraSystem.TickTurn,600
4,6,DP,source,WaveRoster.ResolveTrial,1200
4,6,DP,sink,MinionRoster.TryForge,-212
4,6,DP,sink,DungeonFloorManager.TryExpandFloor,-1200
4,6,DP,sink,MinionEvolution.TryEvolve,-225
4,6,DP,sink,DungeonFeatureManager.TryPlaceTrap,-300
4,6,DP,sink,MinionRoster.TrySummon,-68
4,6,DP,source,AdventurerAI.TakeDamage,654
4,6,Material,source,AdventurerAI.TakeDamage,26
4,6,DP,sink,CommandSystem.TryUse,-1150
4,6,DP,source,AdventurerAI.ReapEmotion,133
4,6,Fame,source,AdventurerAI.GrantReturnReward,10
4,6,Fame,source,LureEconomy.OnHeroEscaped,25
4,6,DP,source,Nemesis.OnSlain,972
4,6,Material,source,Nemesis.OnSlain,10
4,6,DP,stock,end,609
4,6,Material,stock,end,149
4,6,Fame,stock,end,390
4,7,DP,source,SurfaceMap.CollectYields,39
4,7,Material,source,SurfaceMap.CollectYields,2
4,7,Fame,source,SurfaceMap.CollectYields,9
4,7,DP,source,EraSystem.TickTurn,600
4,7,Material,source,EraSystem.TickTurn,10
4,7,DP,sink,MinionRoster.TryForge,-212
4,7,DP,sink,MinionEvolution.TryEvolve,-725
4,7,DP,sink,DungeonFeatureManager.TryPlaceTrap,-150
4,7,DP,sink,MinionRoster.TrySummon,-161
4,7,DP,source,AdventurerAI.TakeDamage,677
4,7,Material,source,AdventurerAI.TakeDamage,18
4,7,DP,source,AdventurerAI.ReapEmotion,105
4,7,DP,sink,CommandSystem.TryUse,-600
4,7,DP,source,AdventurerAI.GrantReturnReward,364
4,7,Fame,source,AdventurerAI.GrantReturnReward,10
4,7,Fame,source,LureEconomy.OnHeroEscaped,25
4,7,DP,stock,end,546
4,7,Material,stock,end,179
4,7,Fame,stock,end,434
4,8,DP,source,SurfaceMap.CollectYields,39
4,8,Material,source,SurfaceMap.CollectYields,2
4,8,Fame,source,SurfaceMap.CollectYields,9
4,8,DP,source,EraSystem.TickTurn,1020
4,8,DP,sink,MinionRoster.TryForge,-212
4,8,DP,sink,DungeonFloorManager.TryExpandFloor,-800
4,8,DP,sink,MinionEvolution.TryEvolve,-250
4,8,DP,sink,DungeonFeatureManager.TryPlaceTrap,-150
4,8,DP,sink,MinionRoster.TrySummon,-180
4,8,DP,source,AdventurerAI.TakeDamage,554
4,8,Material,source,AdventurerAI.TakeDamage,21
4,8,DP,sink,CommandSystem.TryUse,-650
4,8,DP,source,AdventurerAI.ReapEmotion,81
4,8,DP,source,AdventurerAI.GrantReturnReward,560
4,8,Fame,source,AdventurerAI.GrantReturnReward,40
4,8,Fame,source,LureEconomy.OnHeroEscaped,100
4,8,DP,source,Nemesis.OnSlain,502
4,8,Material,source,Nemesis.OnSlain,5
4,8,DP,stock,end,1060
4,8,Material,stock,end,207
4,8,Fame,stock,end,583
4,9,DP,source,SurfaceMap.CollectYields,45
4,9,Material,source,SurfaceMap.CollectYields,2
4,9,Fame,source,SurfaceMap.CollectYields,11
4,9,DP,source,EraSystem.TickTurn,600
4,9,Fame,source,EraSystem.TickTurn,25
4,9,DP,sink,MinionRoster.TryForge,-190
4,9,DP,sink,MinionEvolution.TryEvolve,-1050
4,9,DP,sink,MinionRoster.TryEvolveIndividual,-150
4,9,DP,sink,DungeonFeatureManager.TryPlaceTrap,-150
4,9,DP,sink,MinionRoster.TrySummon,-162
4,9,DP,source,AdventurerAI.TakeDamage,1162
4,9,Material,source,AdventurerAI.TakeDamage,69
4,9,DP,sink,CommandSystem.TryUse,-1800
4,9,DP,source,AdventurerAI.ReapEmotion,164
4,9,DP,source,AdventurerAI.GrantReturnReward,2046
4,9,Fame,source,AdventurerAI.GrantReturnReward,70
4,9,Fame,source,LureEconomy.OnHeroEscaped,175
4,9,DP,source,Nemesis.OnSlain,1082
4,9,Material,source,Nemesis.OnSlain,9
4,9,DP,stock,end,2657
4,9,Material,stock,end,287
4,9,Fame,stock,end,864
4,10,DP,source,SurfaceMap.CollectYields,79
4,10,Material,source,SurfaceMap.CollectYields,3
4,10,Fame,source,SurfaceMap.CollectYields,17
4,10,DP,source,EraSystem.TickTurn,1020
4,10,DP,sink,MinionRoster.TryForge,-190
4,10,DP,sink,DungeonFloorManager.TryAddFloor,-2000
4,10,DP,sink,DungeonFloorManager.TryExpandFloor,-1200
4,10,DP,sink,DungeonFeatureManager.TryPlaceTrap,-150
4,10,DP,sink,MinionRoster.TrySummon,-216
4,10,DP,source,AdventurerAI.TakeDamage,927
4,10,Material,source,AdventurerAI.TakeDamage,24
4,10,DP,sink,CommandSystem.TryUse,-1600
4,10,DP,source,AdventurerAI.ReapEmotion,301
4,10,DP,source,AdventurerAI.GrantReturnReward,743
4,10,Fame,source,AdventurerAI.GrantReturnReward,30
4,10,Fame,source,LureEconomy.OnHeroEscaped,75
4,10,DP,stock,end,371
4,10,Material,stock,end,314
4,10,Fame,stock,end,986
4,11,DP,source,SurfaceMap.CollectYields,79
4,11,Material,source,SurfaceMap.CollectYields,3
4,11,Fame,source,SurfaceMap.CollectYields,17
4,11,DP,source,WaveRoster.ResolveTrial,1800
4,11,DP,sink,MinionRoster.TryForge,-190
4,11,DP,sink,DungeonFloorManager.TryExpandFloor,-1500
4,11,DP,sink,MinionRoster.TryEvolveIndividual,-250
4,11,DP,sink,DungeonFeatureManager.TryPlaceTrap,-150
4,11,DP,sink,MinionRoster.TrySummon,-154
4,11,DP,source,AdventurerAI.ReapEmotion,137
4,11,DP,source,AdventurerAI.TakeDamage,1162
4,11,Material,source,AdventurerAI.TakeDamage,49
4,11,DP,sink,CommandSystem.TryUse,-2950
4,11,DP,source,Nemesis.OnSlain,1102
4,11,Material,source,Nemesis.OnSlain,10
4,11,DP,source,AdventurerAI.GrantReturnReward,935
4,11,Fame,source,AdventurerAI.GrantReturnReward,30
4,11,Fame,source,LureEconomy.OnHeroEscaped,75
4,11,DP,stock,end,392
4,11,Material,stock,end,376
4,11,Fame,stock,end,1108
4,12,DP,source,SurfaceMap.CollectYields,79
4,12,Material,source,SurfaceMap.CollectYields,3
4,12,Fame,source,SurfaceMap.CollectYields,17
4,12,DP,source,DistrictCatalog.Collect,84
4,12,DP,sink,MinionRoster.TryForge,-190
4,12,DP,sink,DungeonFeatureManager.TryPlaceTrap,-150
4,12,DP,sink,MinionRoster.TrySummon,-210
4,12,DP,source,AdventurerAI.ReapEmotion,131
4,12,DP,source,AdventurerAI.TakeDamage,1791
4,12,Material,source,AdventurerAI.TakeDamage,54
4,12,DP,sink,CommandSystem.TryUse,-2100
4,12,Fame,source,AdventurerAI.GrantReturnReward,50
4,12,Fame,source,LureEconomy.OnHeroEscaped,125
4,12,DP,source,AdventurerAI.GrantReturnReward,955
4,12,DP,source,Nemesis.OnSlain,567
4,12,Material,source,Nemesis.OnSlain,5
4,12,DP,stock,end,1349
4,12,Material,stock,end,438
4,12,Fame,stock,end,1300
4,13,DP,source,SurfaceMap.CollectYields,60
4,13,Material,source,SurfaceMap.CollectYields,3
4,13,Fame,source,SurfaceMap.CollectYields,14
4,13,DP,source,DistrictCatalog.Collect,98
4,13,DP,sink,MinionRoster.TryForge,-190
4,13,DP,sink,MinionRoster.TryEvolveIndividual,-1000
4,13,DP,sink,DungeonFeatureManager.TryPlaceTrap,-150
4,13,DP,sink,MinionRoster.TrySummon,-167
4,13,DP,source,AdventurerAI.ReapEmotion,133
4,13,DP,source,AdventurerAI.TakeDamage,1763
4,13,Material,source,AdventurerAI.TakeDamage,48
4,13,DP,sink,CommandSystem.TryUse,-1800
4,13,DP,source,Nemesis.OnSlain,567
4,13,Material,source,Nemesis.OnSlain,5
4,13,DP,source,AdventurerAI.GrantReturnReward,226
4,13,Fame,source,AdventurerAI.GrantReturnReward,10
4,13,Fame,source,LureEconomy.OnHeroEscaped,25
4,13,DP,stock,end,889
4,13,Material,stock,end,494
4,13,Fame,stock,end,1349
4,14,DP,source,SurfaceMap.CollectYields,81
4,14,Material,source,SurfaceMap.CollectYields,4
4,14,Fame,source,SurfaceMap.CollectYields,19
4,14,DP,source,DistrictCatalog.Collect,98
4,14,DP,sink,MinionRoster.TryForge,-190
4,14,DP,sink,MinionRoster.TryEvolveIndividual,-550
4,14,DP,sink,DungeonFeatureManager.TryPlaceTrap,-150
4,14,DP,sink,MinionRoster.TrySummon,-172
4,14,DP,source,AdventurerAI.ReapEmotion,141
4,14,DP,source,AdventurerAI.TakeDamage,2060
4,14,Material,source,AdventurerAI.TakeDamage,53
4,14,DP,sink,CommandSystem.TryUse,-2450
4,14,Fame,source,AdventurerAI.GrantReturnReward,90
4,14,Fame,source,LureEconomy.OnHeroEscaped,225
4,14,DP,source,AdventurerAI.GrantReturnReward,1228
4,14,DP,stock,end,985
4,14,Material,stock,end,551
4,14,Fame,stock,end,1683
4,15,DP,source,SurfaceMap.CollectYields,61
4,15,Material,source,SurfaceMap.CollectYields,3
4,15,Fame,source,SurfaceMap.CollectYields,13
4,15,DP,source,DistrictCatalog.Collect,98
4,15,DP,sink,MinionRoster.TryForge,-380
4,15,DP,sink,MinionRoster.TryEvolveIndividual,-400
4,15,DP,sink,DungeonFeatureManager.TryPlaceTrap,-150
4,15,DP,sink,MinionRoster.TrySummon,-207
4,15,DP,source,AdventurerAI.ReapEmotion,385
4,15,DP,source,AdventurerAI.TakeDamage,3776
4,15,Material,source,AdventurerAI.TakeDamage,120
4,15,DP,sink,CommandSystem.TryUse,-2300
4,15,DP,source,AdventurerAI.GrantReturnReward,373
4,15,Fame,source,AdventurerAI.GrantReturnReward,20
4,15,Fame,source,LureEconomy.OnHeroEscaped,50
4,15,DP,source,Nemesis.OnSlain,2034
4,15,Material,source,Nemesis.OnSlain,17
4,15,DP,stock,end,4275
4,15,Material,stock,end,691
4,15,Fame,stock,end,1766
4,16,DP,source,SurfaceMap.CollectYields,81
4,16,Material,source,SurfaceMap.CollectYields,4
4,16,Fame,source,SurfaceMap.CollectYields,17
4,16,DP,source,DistrictCatalog.Collect,98
4,16,DP,source,EraSystem.TickTurn,300
4,16,DP,source,WaveRoster.ResolveTrial,3000
4,16,DP,sink,MinionRoster.TryForge,-855
4,16,DP,sink,DungeonFloorManager.TryAddFloor,-5000
4,16,DP,sink,DungeonFloorManager.TryExpandFloor,-1200
4,16,DP,sink,MinionRoster.TryEvolveIndividual,-325
4,16,DP,sink,DungeonFeatureManager.TryPlaceTrap,-150
4,16,DP,sink,MinionRoster.TrySummon,-222
4,16,DP,source,AdventurerAI.ReapEmotion,253
4,16,DP,source,AdventurerAI.TakeDamage,3112
4,16,Material,source,AdventurerAI.TakeDamage,85
4,16,DP,sink,CommandSystem.TryUse,-2150
4,16,DP,source,AdventurerAI.GrantReturnReward,985
4,16,Fame,source,AdventurerAI.GrantReturnReward,30
4,16,Fame,source,LureEconomy.OnHeroEscaped,75
4,16,DP,source,Nemesis.OnSlain,2185
4,16,Material,source,Nemesis.OnSlain,16
4,16,DP,stock,end,4387
4,16,Material,stock,end,796
4,16,Fame,stock,end,1888
4,17,DP,source,SurfaceMap.CollectYields,81
4,17,Material,source,SurfaceMap.CollectYields,4
4,17,Fame,source,SurfaceMap.CollectYields,17
4,17,DP,source,DistrictCatalog.Collect,98
4,17,DP,source,EraSystem.TickTurn,720
4,17,DP,sink,MinionRoster.TryForge,-285
4,17,DP,sink,DungeonFloorManager.TryExpandFloor,-4500
4,17,DP,sink,DungeonFeatureManager.TryPlaceTrap,-300
4,17,DP,sink,MinionRoster.TrySummon,-198
4,17,DP,source,AdventurerAI.ReapEmotion,133
4,17,DP,source,AdventurerAI.TakeDamage,2339
4,17,Material,source,AdventurerAI.TakeDamage,59
4,17,DP,sink,CommandSystem.TryUse,-1800
4,17,Fame,source,AdventurerAI.GrantReturnReward,40
4,17,Fame,source,LureEconomy.OnHeroEscaped,100
4,17,DP,source,AdventurerAI.GrantReturnReward,398
4,17,DP,source,Nemesis.OnSlain,1896
4,17,Material,source,Nemesis.OnSlain,15
4,17,DP,stock,end,2969
4,17,Material,stock,end,874
4,17,Fame,stock,end,2045
4,18,DP,source,SurfaceMap.CollectYields,102
4,18,Material,source,SurfaceMap.CollectYields,5
4,18,Fame,source,SurfaceMap.CollectYields,22
4,18,DP,source,DistrictCatalog.Collect,98
4,18,DP,sink,MinionRoster.TryForge,-2638
4,18,DP,sink,DungeonFeatureManager.TryPlaceTrap,-300
4,18,DP,sink,MinionRoster.TrySummon,-228
4,18,DP,source,AdventurerAI.ReapEmotion,139
4,18,DP,source,AdventurerAI.TakeDamage,2726
4,18,Material,source,AdventurerAI.TakeDamage,56
4,18,DP,sink,CommandSystem.TryUse,-1800
4,18,Fame,source,AdventurerAI.GrantReturnReward,40
4,18,Fame,source,LureEconomy.OnHeroEscaped,100
4,18,DP,source,AdventurerAI.GrantReturnReward,219
4,18,DP,source,Nemesis.OnSlain,632
4,18,Material,source,Nemesis.OnSlain,5
4,18,DP,stock,end,1919
4,18,Material,stock,end,940
4,18,Fame,stock,end,2207
4,19,DP,source,SurfaceMap.CollectYields,102
4,19,Material,source,SurfaceMap.CollectYields,5
4,19,Fame,source,SurfaceMap.CollectYields,22
4,19,DP,source,DistrictCatalog.Collect,98
4,19,DP,source,EraSystem.TickTurn,300
4,19,DP,sink,MinionRoster.TryForge,-1618
4,19,DP,sink,MinionRoster.TryEvolveIndividual,-325
4,19,DP,sink,DungeonFeatureManager.TryPlaceTrap,-300
4,19,DP,sink,MinionRoster.TrySummon,-170
4,19,DP,source,AdventurerAI.ReapEmotion,153
4,19,DP,source,AdventurerAI.TakeDamage,3433
4,19,Material,source,AdventurerAI.TakeDamage,67
4,19,DP,sink,CommandSystem.TryUse,-1800
4,19,Fame,source,AdventurerAI.GrantReturnReward,20
4,19,Fame,source,LureEconomy.OnHeroEscaped,50
4,19,DP,source,Nemesis.OnSlain,1992
4,19,Material,source,Nemesis.OnSlain,15
4,19,DP,source,AdventurerAI.GrantReturnReward,150
4,19,DP,stock,end,3934
4,19,Material,stock,end,1027
4,19,Fame,stock,end,2299
4,20,DP,source,SurfaceMap.CollectYields,104
4,20,Material,source,SurfaceMap.CollectYields,5
4,20,Fame,source,SurfaceMap.CollectYields,22
4,20,DP,source,DistrictCatalog.Collect,112
4,20,DP,sink,MinionRoster.TryForge,-788
4,20,DP,sink,DungeonFloorManager.TryExpandFloor,-2500
4,20,DP,sink,MinionRoster.TryEvolveIndividual,-325
4,20,DP,sink,DungeonFeatureManager.TryPlaceTrap,-300
4,20,DP,sink,MinionRoster.TrySummon,-228
4,20,DP,source,AdventurerAI.ReapEmotion,232
4,20,DP,source,AdventurerAI.TakeDamage,4637
4,20,Material,source,AdventurerAI.TakeDamage,68
4,20,DP,sink,CommandSystem.TryUse,-1800
4,20,DP,source,Nemesis.OnSlain,1582
4,20,Material,source,Nemesis.OnSlain,12
4,20,DP,source,AdventurerAI.GrantReturnReward,1430
4,20,Fame,source,AdventurerAI.GrantReturnReward,10
4,20,Fame,source,LureEconomy.OnHeroEscaped,25
4,20,DP,stock,end,6090
4,20,Material,stock,end,1112
4,20,Fame,stock,end,2356
4,21,DP,source,SurfaceMap.CollectYields,125
4,21,Material,source,SurfaceMap.CollectYields,6
4,21,Fame,source,SurfaceMap.CollectYields,27
4,21,DP,source,DistrictCatalog.Collect,112
4,21,DP,source,WaveRoster.ResolveTrial,3600
4,21,DP,sink,MinionRoster.TryForge,-8800
4,21,DP,sink,MinionRoster.TryEvolveIndividual,-325
4,21,DP,sink,DungeonFeatureManager.TryPlaceTrap,-600
4,21,DP,sink,MinionRoster.TrySummon,-180
4,21,DP,source,AdventurerAI.TakeDamage,4107
4,21,Material,source,AdventurerAI.TakeDamage,71
4,21,DP,sink,CommandSystem.TryUse,-1800
4,21,DP,source,AdventurerAI.ReapEmotion,467
4,21,DP,source,AdventurerAI.GrantReturnReward,203
4,21,Fame,source,AdventurerAI.GrantReturnReward,10
4,21,Fame,source,LureEconomy.OnHeroEscaped,25
4,21,DP,source,Nemesis.OnSlain,2040
4,21,Material,source,Nemesis.OnSlain,15
4,21,DP,stock,end,5039
4,21,Material,stock,end,1204
4,21,Fame,stock,end,2418
4,22,DP,source,SurfaceMap.CollectYields,125
4,22,Material,source,SurfaceMap.CollectYields,6
4,22,Fame,source,SurfaceMap.CollectYields,27
4,22,DP,source,DistrictCatalog.Collect,112
4,22,DP,sink,MinionRoster.TryForge,-1958
4,22,DP,sink,DungeonFloorManager.TryExpandFloor,-2500
4,22,DP,sink,MinionRoster.TryEvolveIndividual,-325
4,22,DP,sink,DungeonFeatureManager.TryPlaceTrap,-300
4,22,DP,sink,MinionRoster.TrySummon,-189
4,22,DP,source,AdventurerAI.TakeDamage,4195
4,22,Material,source,AdventurerAI.TakeDamage,79
4,22,DP,sink,CommandSystem.TryUse,-1800
4,22,DP,source,AdventurerAI.ReapEmotion,231
4,22,DP,source,Nemesis.OnSlain,1394
4,22,Material,source,Nemesis.OnSlain,10
4,22,DP,stock,end,4024
4,22,Material,stock,end,1299
4,22,Fame,stock,end,2445
4,23,DP,source,SurfaceMap.CollectYields,125
4,23,Material,source,SurfaceMap.CollectYields,6
4,23,Fame,source,SurfaceMap.CollectYields,27
4,23,DP,source,DistrictCatalog.Collect,126
4,23,DP,sink,MinionRoster.TryForge,-3408
4,23,DP,sink,MinionRoster.TryEvolveIndividual,-325
4,23,DP,sink,DungeonFeatureManager.TryPlaceTrap,-300
4,23,DP,sink,MinionRoster.TrySummon,-226
4,23,DP,source,AdventurerAI.TakeDamage,4582
4,23,Material,source,AdventurerAI.TakeDamage,110
4,23,DP,sink,CommandSystem.TryUse,-1500
4,23,DP,source,AdventurerAI.ReapEmotion,195
4,23,DP,source,Nemesis.OnSlain,697
4,23,Material,source,Nemesis.OnSlain,5
4,23,DP,stock,end,3990
4,23,Material,stock,end,1420
4,23,Fame,stock,end,2472
4,24,DP,source,SurfaceMap.CollectYields,128
4,24,Material,source,SurfaceMap.CollectYields,6
4,24,Fame,source,SurfaceMap.CollectYields,28
4,24,DP,source,DistrictCatalog.Collect,126
4,24,DP,sink,MinionRoster.TryForge,-168
4,24,DP,sink,MinionEvolution.TryEvolve,-3750
4,24,DP,sink,DungeonFeatureManager.TryPlaceTrap,-150
4,24,DP,sink,MinionRoster.TrySummon,-158
4,24,DP,source,AdventurerAI.TakeDamage,5188
4,24,Material,source,AdventurerAI.TakeDamage,113
4,24,DP,sink,CommandSystem.TryUse,-2100
4,24,DP,source,AdventurerAI.ReapEmotion,320
4,24,DP,source,AdventurerAI.GrantReturnReward,781
4,24,Fame,source,AdventurerAI.GrantReturnReward,10
4,24,Fame,source,LureEconomy.OnHeroEscaped,25
4,24,DP,stock,end,4207
4,24,Material,stock,end,1539
4,24,Fame,stock,end,2535
4,25,DP,source,SurfaceMap.CollectYields,128
4,25,Material,source,SurfaceMap.CollectYields,6
4,25,Fame,source,SurfaceMap.CollectYields,28
4,25,DP,source,DistrictCatalog.Collect,28
4,25,DP,source,EraSystem.TickTurn,3840
4,25,DP,sink,MinionRoster.TryForge,-168
4,25,DP,sink,DungeonFloorManager.TryExpandFloor,-2500
4,25,DP,sink,MinionEvolution.TryEvolve,-1150
4,25,DP,sink,MinionRoster.TryEvolveIndividual,-4050
4,25,DP,sink,DungeonFeatureManager.TryPlaceTrap,-150
4,25,DP,sink,MinionRoster.TrySummon,-162
4,25,DP,source,AdventurerAI.ReapEmotion,319
4,25,DP,source,AdventurerAI.GrantReturnReward,4022
4,25,Fame,source,AdventurerAI.GrantReturnReward,40
4,25,Fame,source,LureEconomy.OnHeroEscaped,100
4,25,DP,sink,CommandSystem.TryUse,-2450
4,25,DP,source,AdventurerAI.TakeDamage,7493
4,25,Material,source,AdventurerAI.TakeDamage,118
4,25,DP,source,Nemesis.OnSlain,729
4,25,Material,source,Nemesis.OnSlain,5
4,25,DP,stock,end,10136
4,25,Material,stock,end,1668
4,25,Fame,stock,end,2703
4,26,DP,source,SurfaceMap.CollectYields,128
4,26,Material,source,SurfaceMap.CollectYields,6
4,26,Fame,source,SurfaceMap.CollectYields,28
4,26,DP,source,DistrictCatalog.Collect,28
4,26,DP,source,EraSystem.TickTurn,6528
4,26,DP,sink,MinionRoster.TryForge,-168
4,26,DP,sink,DungeonFloorManager.TryAddFloor,-12500
4,26,DP,sink,DungeonFloorManager.TryExpandFloor,-2700
4,26,DP,sink,MinionRoster.TryEvolveIndividual,-1125
4,26,DP,sink,DungeonFeatureManager.TryPlaceTrap,-150
4,26,DP,sink,MinionRoster.TrySummon,-175
4,26,DP,source,AdventurerAI.TakeDamage,8693
4,26,Material,source,AdventurerAI.TakeDamage,157
4,26,DP,sink,CommandSystem.TryUse,-2100
4,26,DP,source,AdventurerAI.ReapEmotion,378
4,26,DP,source,AdventurerAI.GrantReturnReward,356
4,26,Fame,source,AdventurerAI.GrantReturnReward,10
4,26,Fame,source,LureEconomy.OnHeroEscaped,25
4,26,DP,stock,end,7329
4,26,Material,stock,end,1831
4,26,Fame,stock,end,2766
4,27,DP,source,SurfaceMap.CollectYields,168
4,27,Material,source,SurfaceMap.CollectYields,8
4,27,Fame,source,SurfaceMap.CollectYields,36
4,27,DP,source,DistrictCatalog.Collect,28
4,27,DP,source,EraSystem.TickTurn,6528
4,27,DP,sink,MinionRoster.TryForge,-708
4,27,DP,sink,DungeonFloorManager.TryExpandFloor,-5000
4,27,DP,sink,MinionRoster.TryEvolveIndividual,-7900
4,27,DP,sink,DungeonFeatureManager.TryPlaceTrap,-150
4,27,DP,sink,MinionRoster.TrySummon,-264
4,27,DP,source,AdventurerAI.TakeDamage,8247
4,27,Material,source,AdventurerAI.TakeDamage,136
4,27,DP,sink,CommandSystem.TryUse,-1800
4,27,DP,source,AdventurerAI.ReapEmotion,553
4,27,DP,stock,end,7031
4,27,Material,stock,end,1975
4,27,Fame,stock,end,2802
4,28,DP,source,SurfaceMap.CollectYields,168
4,28,Material,source,SurfaceMap.CollectYields,8
4,28,Fame,source,SurfaceMap.CollectYields,36
4,28,DP,source,DistrictCatalog.Collect,28
4,28,DP,source,EraSystem.TickTurn,3840
4,28,DP,sink,MinionRoster.TryForge,-8820
4,28,DP,sink,MinionRoster.TryEvolveIndividual,-1525
4,28,DP,sink,DungeonFeatureManager.TryPlaceTrap,-450
4,28,DP,sink,MinionRoster.TrySummon,-242
4,28,DP,source,AdventurerAI.TakeDamage,10088
4,28,Material,source,AdventurerAI.TakeDamage,147
4,28,DP,sink,CommandSystem.TryUse,-2150
4,28,DP,source,AdventurerAI.ReapEmotion,71
4,28,DP,source,Nemesis.OnSlain,761
4,28,Material,source,Nemesis.OnSlain,5
4,28,DP,stock,end,8800
4,28,Material,stock,end,2135
4,28,Fame,stock,end,2838
4,29,DP,source,SurfaceMap.CollectYields,171
4,29,Material,source,SurfaceMap.CollectYields,8
4,29,Fame,source,SurfaceMap.CollectYields,37
4,29,DP,source,DistrictCatalog.Collect,28
4,29,DP,source,EraSystem.TickTurn,3840
4,29,DP,sink,MinionRoster.TryForge,-11280
4,29,DP,sink,MinionRoster.TryEvolveIndividual,-875
4,29,DP,sink,DungeonFeatureManager.TryPlaceTrap,-450
4,29,DP,sink,MinionRoster.TrySummon,-207
4,29,DP,source,AdventurerAI.TakeDamage,8202
4,29,Material,source,AdventurerAI.TakeDamage,170
4,29,DP,sink,CommandSystem.TryUse,-2650
4,29,DP,source,AdventurerAI.ReapEmotion,154
4,29,DP,source,AdventurerAI.GrantReturnReward,3467
4,29,Fame,source,AdventurerAI.GrantReturnReward,80
4,29,Fame,source,LureEconomy.OnHeroEscaped,200
4,29,DP,stock,end,9200
4,29,Material,stock,end,2313
4,29,Fame,stock,end,3155
4,30,DP,source,SurfaceMap.CollectYields,171
4,30,Material,source,SurfaceMap.CollectYields,9
4,30,Fame,source,SurfaceMap.CollectYields,37
4,30,DP,source,DistrictCatalog.Collect,28
4,30,DP,source,EraSystem.TickTurn,6528
4,30,Material,source,EraSystem.TickTurn,37
4,30,DP,sink,MinionRoster.TryForge,-14748
4,30,DP,sink,MinionRoster.TryEvolveIndividual,-350
4,30,Material,sink,MinionRoster.TryForge,-44
4,30,DP,sink,DungeonFeatureManager.TryPlaceTrap,-600
4,30,DP,sink,MinionRoster.TrySummon,-207
4,30,DP,source,AdventurerAI.ReapEmotion,284
4,30,DP,source,AdventurerAI.TakeDamage,11124
4,30,Material,source,AdventurerAI.TakeDamage,293
4,30,DP,source,AdventurerAI.GrantReturnReward,5689
4,30,Fame,source,AdventurerAI.GrantReturnReward,120
4,30,Fame,source,LureEconomy.OnHeroEscaped,300
4,30,DP,sink,CommandSystem.TryUse,-6250
4,30,DP,source,Nemesis.OnSlain,988
4,30,Material,source,Nemesis.OnSlain,6
4,30,DP,stock,end,11857
4,30,Material,stock,end,2614
4,30,Fame,stock,end,3612
4,31,DP,source,SurfaceMap.CollectYields,210
4,31,Material,source,SurfaceMap.CollectYields,9
4,31,Fame,source,SurfaceMap.CollectYields,45
4,31,DP,source,DistrictCatalog.Collect,28
4,31,DP,source,EraSystem.TickTurn,3840
4,31,Material,source,EraSystem.TickTurn,37
4,31,Fame,source,EraSystem.TickTurn,80
4,31,DP,source,WaveRoster.ResolveTrial,6900
4,31,DP,sink,MinionRoster.TryForge,-21720
4,31,DP,sink,MinionRoster.TryEvolveIndividual,-350
4,31,Material,sink,MinionRoster.TryForge,-72
4,31,DP,sink,DungeonFeatureManager.TryPlaceTrap,-600
4,31,DP,sink,MinionRoster.TrySummon,-138
4,31,DP,source,AdventurerAI.TakeDamage,13895
4,31,Material,source,AdventurerAI.TakeDamage,190
4,31,DP,sink,CommandSystem.TryUse,-2450
4,31,DP,source,AdventurerAI.ReapEmotion,268
4,31,DP,source,AdventurerAI.GrantReturnReward,731
4,31,Fame,source,AdventurerAI.GrantReturnReward,20
4,31,Fame,source,LureEconomy.OnHeroEscaped,50
4,31,DP,source,Nemesis.OnSlain,2715
4,31,Material,source,Nemesis.OnSlain,14
4,31,DP,stock,end,15186
4,31,Material,stock,end,2792
4,31,Fame,stock,end,3807
4,32,DP,source,SurfaceMap.CollectYields,210
4,32,Material,source,SurfaceMap.CollectYields,9
4,32,Fame,source,SurfaceMap.CollectYields,45
4,32,DP,source,DistrictCatalog.Collect,28
4,32,DP,source,EraSystem.TickTurn,6528
4,32,Fame,source,EraSystem.TickTurn,192
4,32,DP,sink,MinionRoster.TryForge,-20280
4,32,DP,sink,MinionRoster.TryEvolveIndividual,-225
4,32,Material,sink,MinionRoster.TryForge,-104
4,32,DP,sink,DungeonFeatureManager.TryPlaceTrap,-1200
4,32,DP,sink,MinionRoster.TrySummon,-216
4,32,DP,source,AdventurerAI.TakeDamage,12818
4,32,Material,source,AdventurerAI.TakeDamage,166
4,32,DP,sink,CommandSystem.TryUse,-2450
4,32,DP,source,AdventurerAI.ReapEmotion,379
4,32,DP,source,AdventurerAI.GrantReturnReward,2067
4,32,Fame,source,AdventurerAI.GrantReturnReward,50
4,32,Fame,source,LureEconomy.OnHeroEscaped,125
4,32,DP,source,Nemesis.OnSlain,1652
4,32,Material,source,Nemesis.OnSlain,12
4,32,DP,stock,end,14497
4,32,Material,stock,end,2875
4,32,Fame,stock,end,4219
4,33,DP,source,SurfaceMap.CollectYields,264
4,33,Material,source,SurfaceMap.CollectYields,12
4,33,Fame,source,SurfaceMap.CollectYields,46
4,33,DP,source,DistrictCatalog.Collect,28
4,33,DP,source,EraSystem.TickTurn,1920
4,33,Material,source,EraSystem.TickTurn,37
4,33,DP,sink,MinionRoster.TryForge,-14820
4,33,DP,sink,MinionRoster.TryEvolveIndividual,-725
4,33,Material,sink,MinionRoster.TryForge,-108
4,33,DP,sink,DungeonFeatureManager.TryPlaceTrap,-900
4,33,DP,sink,MinionRoster.TrySummon,-262
4,33,DP,source,AdventurerAI.TakeDamage,14580
4,33,Material,source,AdventurerAI.TakeDamage,172
4,33,DP,sink,CommandSystem.TryUse,-2450
4,33,DP,source,AdventurerAI.ReapEmotion,333
4,33,DP,source,Nemesis.OnSlain,1652
4,33,Material,source,Nemesis.OnSlain,12
4,33,DP,stock,end,14117
4,33,Material,stock,end,3000
4,33,Fame,stock,end,4265
4,34,DP,source,SurfaceMap.CollectYields,264
4,34,Material,source,SurfaceMap.CollectYields,12
4,34,Fame,source,SurfaceMap.CollectYields,46
4,34,DP,source,DistrictCatalog.Collect,28
4,34,DP,sink,MinionRoster.TryForge,-12900
4,34,DP,sink,MinionRoster.TryEvolveIndividual,-375
4,34,Material,sink,MinionRoster.TryForge,-92
4,34,DP,sink,DungeonFeatureManager.TryPlaceTrap,-900
4,34,DP,sink,MinionRoster.TrySummon,-225
4,34,DP,source,IncidentSystem.Apply,600
4,34,DP,sink,CommandSystem.TryUse,-5750
4,34,DP,source,AdventurerAI.TakeDamage,14243
4,34,Material,source,AdventurerAI.TakeDamage,172
4,34,DP,source,AdventurerAI.ReapEmotion,404
4,34,DP,source,AdventurerAI.GrantReturnReward,5490
4,34,Fame,source,AdventurerAI.GrantReturnReward,90
4,34,Fame,source,LureEconomy.OnHeroEscaped,225
4,34,DP,source,Nemesis.OnSlain,842
4,34,Material,source,Nemesis.OnSlain,6
4,34,DP,stock,end,15838
4,34,Material,stock,end,3098
4,34,Fame,stock,end,4626
4,35,DP,source,SurfaceMap.CollectYields,215
4,35,Material,source,SurfaceMap.CollectYields,12
4,35,Fame,source,SurfaceMap.CollectYields,38
4,35,DP,source,DistrictCatalog.Collect,28
4,35,DP,sink,MinionRoster.TryForge,-13860
4,35,DP,sink,MinionRoster.TryEvolveIndividual,-350
4,35,Material,sink,MinionRoster.TryForge,-100
4,35,DP,sink,DungeonFeatureManager.TryPlaceTrap,-1650
4,35,DP,sink,MinionRoster.TrySummon,-188
4,35,DP,source,AdventurerAI.ReapEmotion,665
4,35,DP,source,AdventurerAI.TakeDamage,17559
4,35,Material,source,AdventurerAI.TakeDamage,193
4,35,DP,sink,CommandSystem.TryUse,-5750
4,35,DP,source,AdventurerAI.GrantReturnReward,12654
4,35,Fame,source,AdventurerAI.GrantReturnReward,230
4,35,Fame,source,LureEconomy.OnHeroEscaped,575
4,35,DP,source,Nemesis.OnSlain,1814
4,35,Material,source,Nemesis.OnSlain,12
4,35,DP,stock,end,26975
4,35,Material,stock,end,3215
4,35,Fame,stock,end,5469
4,36,DP,source,SurfaceMap.CollectYields,189
4,36,Material,source,SurfaceMap.CollectYields,10
4,36,Fame,source,SurfaceMap.CollectYields,33
4,36,DP,source,DistrictCatalog.Collect,28
4,36,DP,sink,MinionRoster.TryForge,-25380
4,36,DP,sink,MinionRoster.TryEvolveIndividual,-250
4,36,Material,sink,MinionRoster.TryForge,-196
4,36,DP,sink,DungeonFeatureManager.TryPlaceTrap,-1350
4,36,DP,sink,MinionRoster.TrySummon,-188
4,36,DP,source,AdventurerAI.TakeDamage,19800
4,36,Material,source,AdventurerAI.TakeDamage,203
4,36,DP,sink,CommandSystem.TryUse,-5100
4,36,DP,source,AdventurerAI.ReapEmotion,181
4,36,DP,source,AdventurerAI.GrantReturnReward,3809
4,36,Fame,source,AdventurerAI.GrantReturnReward,130
4,36,Fame,source,LureEconomy.OnHeroEscaped,325
4,36,DP,source,Nemesis.OnSlain,2625
4,36,Material,source,Nemesis.OnSlain,18
4,36,DP,stock,end,21339
4,36,Material,stock,end,3250
4,36,Fame,stock,end,5957
4,37,DP,source,SurfaceMap.CollectYields,189
4,37,Material,source,SurfaceMap.CollectYields,10
4,37,Fame,source,SurfaceMap.CollectYields,33
4,37,DP,source,DistrictCatalog.Collect,28
4,37,DP,sink,MinionRoster.TryForge,-19620
4,37,DP,sink,MinionRoster.TryEvolveIndividual,-650
4,37,Material,sink,MinionRoster.TryForge,-148
4,37,DP,sink,DungeonFeatureManager.TryPlaceTrap,-1050
4,37,DP,sink,MinionRoster.TrySummon,-234
4,37,DP,source,AdventurerAI.TakeDamage,24259
4,37,Material,source,AdventurerAI.TakeDamage,192
4,37,DP,sink,CommandSystem.TryUse,-5400
4,37,DP,source,AdventurerAI.ReapEmotion,281
4,37,DP,source,AdventurerAI.GrantReturnReward,10491
4,37,Fame,source,AdventurerAI.GrantReturnReward,230
4,37,Fame,source,LureEconomy.OnHeroEscaped,575
4,37,DP,source,Nemesis.OnSlain,891
4,37,Material,source,Nemesis.OnSlain,6
4,37,DP,stock,end,30524
4,37,Material,stock,end,3310
4,37,Fame,stock,end,6795
4,38,DP,source,SurfaceMap.CollectYields,214
4,38,Material,source,SurfaceMap.CollectYields,12
4,38,Fame,source,SurfaceMap.CollectYields,37
4,38,DP,source,DistrictCatalog.Collect,28
4,38,DP,sink,MinionRoster.TryForge,-28020
4,38,DP,sink,MinionRoster.TryEvolveIndividual,-750
4,38,Material,sink,MinionRoster.TryForge,-288
4,38,DP,sink,DungeonFeatureManager.TryPlaceTrap,-1800
4,38,DP,sink,MinionRoster.TrySummon,-162
4,38,DP,source,AdventurerAI.TakeDamage,29377
4,38,Material,source,AdventurerAI.TakeDamage,182
4,38,DP,sink,CommandSystem.TryUse,-5750
4,38,DP,source,AdventurerAI.ReapEmotion,499
4,38,DP,source,AdventurerAI.GrantReturnReward,5025
4,38,Fame,source,AdventurerAI.GrantReturnReward,80
4,38,Fame,source,LureEconomy.OnHeroEscaped,200
4,38,DP,source,Nemesis.OnSlain,1782
4,38,Material,source,Nemesis.OnSlain,12
4,38,DP,stock,end,30967
4,38,Material,stock,end,3228
4,38,Fame,stock,end,7112
4,39,DP,source,SurfaceMap.CollectYields,214
4,39,Material,source,SurfaceMap.CollectYields,12
4,39,Fame,source,SurfaceMap.CollectYields,37
4,39,DP,source,DistrictCatalog.Collect,28
4,39,DP,sink,MinionRoster.TryForge,-29220
4,39,DP,sink,MinionRoster.TryEvolveIndividual,-225
4,39,Material,sink,MinionRoster.TryForge,-308
4,39,DP,sink,DungeonFeatureManager.TryPlaceTrap,-1500
4,39,DP,sink,MinionRoster.TrySummon,-243
4,39,DP,source,IncidentSystem.Apply,600
4,39,DP,sink,CommandSystem.TryUse,-5450
4,39,DP,source,AdventurerAI.TakeDamage,33394
4,39,Material,source,AdventurerAI.TakeDamage,3304
4,39,DP,source,AdventurerAI.ReapEmotion,673
4,39,DP,source,AdventurerAI.GrantReturnReward,2080
4,39,Fame,source,AdventurerAI.GrantReturnReward,80
4,39,Fame,source,LureEconomy.OnHeroEscaped,200
4,39,DP,source,Nemesis.OnSlain,6429
4,39,Material,source,Nemesis.OnSlain,31
4,39,DP,stock,end,37747
4,39,Material,stock,end,6267
4,39,Fame,stock,end,7429
4,40,DP,source,SurfaceMap.CollectYields,214
4,40,Material,source,SurfaceMap.CollectYields,12
4,40,Fame,source,SurfaceMap.CollectYields,37
4,40,DP,source,DistrictCatalog.Collect,28
4,40,DP,sink,MinionRoster.TryForge,-2340
4,40,DP,sink,DungeonFloorManager.TryAddFloor,-31250
4,40,DP,sink,DungeonFloorManager.TryExpandFloor,-2700
4,40,DP,sink,MinionRoster.TryEvolveIndividual,-725
4,40,Material,sink,MinionRoster.TryForge,-4
4,40,DP,sink,DungeonFeatureManager.TryPlaceTrap,-750
4,40,DP,sink,MinionRoster.TrySummon,-202
4,40,DP,source,AdventurerAI.ReapEmotion,1378
4,40,DP,sink,CommandSystem.TryUse,-5600
4,40,DP,source,AdventurerAI.GrantReturnReward,6648
4,40,Fame,source,AdventurerAI.GrantReturnReward,80
4,40,Fame,source,LureEconomy.OnHeroEscaped,200
4,40,DP,source,AdventurerAI.TakeDamage,18719
4,40,Material,source,AdventurerAI.TakeDamage,101
4,40,DP,stock,end,21167
4,40,Material,stock,end,6376
4,40,Fame,stock,end,7746
4,41,DP,source,SurfaceMap.CollectYields,214
4,41,Material,source,SurfaceMap.CollectYields,12
4,41,Fame,source,SurfaceMap.CollectYields,37
4,41,DP,source,DistrictCatalog.Collect,28
4,41,DP,source,EraSystem.TickTurn,1920
4,41,DP,sink,MinionRoster.TryForge,-18660
4,41,DP,sink,DungeonFloorManager.TryExpandFloor,-2500
4,41,DP,sink,MinionRoster.TryEvolveIndividual,-250
4,41,Material,sink,MinionRoster.TryForge,-180
4,41,DP,sink,DungeonFeatureManager.TryPlaceTrap,-1650
4,41,DP,sink,MinionRoster.TrySummon,-243
4,41,DP,source,AdventurerAI.ReapEmotion,202
4,41,DP,source,AdventurerAI.TakeDamage,28643
4,41,Material,source,AdventurerAI.TakeDamage,187
4,41,DP,sink,CommandSystem.TryUse,-6250
4,41,DP,source,AdventurerAI.GrantReturnReward,7213
4,41,Fame,source,AdventurerAI.GrantReturnReward,260
4,41,Fame,source,LureEconomy.OnHeroEscaped,650
4,41,DP,source,Nemesis.OnSlain,1880
4,41,Material,source,Nemesis.OnSlain,12
4,41,DP,stock,end,31714
4,41,Material,stock,end,6407
4,41,Fame,stock,end,8693
4,42,DP,source,SurfaceMap.CollectYields,214
4,42,Material,source,SurfaceMap.CollectYields,12
4,42,Fame,source,SurfaceMap.CollectYields,37
4,42,DP,source,DistrictCatalog.Collect,28
4,42,DP,sink,MinionRoster.TryForge,-29220
4,42,DP,sink,MinionRoster.TryEvolveIndividual,-750
4,42,Material,sink,MinionRoster.TryForge,-308
4,42,DP,sink,DungeonFeatureManager.TryPlaceTrap,-1800
4,42,DP,sink,MinionRoster.TrySummon,-168
4,42,DP,source,AdventurerAI.ReapEmotion,186
4,42,DP,source,AdventurerAI.TakeDamage,32683
4,42,Material,source,AdventurerAI.TakeDamage,196
4,42,DP,sink,CommandSystem.TryUse,-5750
4,42,DP,source,AdventurerAI.GrantReturnReward,7705
4,42,Fame,source,AdventurerAI.GrantReturnReward,240
4,42,Fame,source,LureEconomy.OnHeroEscaped,600
4,42,DP,stock,end,34842
4,42,Material,stock,end,6307
4,42,Fame,stock,end,9570
4,43,DP,source,SurfaceMap.CollectYields,214
4,43,Material,source,SurfaceMap.CollectYields,12
4,43,Fame,source,SurfaceMap.CollectYields,37
4,43,DP,source,DistrictCatalog.Collect,28
4,43,DP,sink,MinionRoster.TryForge,-32340
4,43,DP,sink,MinionRoster.TryEvolveIndividual,-225
4,43,Material,sink,MinionRoster.TryForge,-344
4,43,DP,sink,DungeonFeatureManager.TryPlaceTrap,-2250
4,43,DP,sink,MinionRoster.TrySummon,-252
4,43,DP,source,AdventurerAI.ReapEmotion,280
4,43,DP,source,AdventurerAI.TakeDamage,34819
4,43,Material,source,AdventurerAI.TakeDamage,205
4,43,DP,sink,CommandSystem.TryUse,-5750
4,43,DP,source,AdventurerAI.GrantReturnReward,9216
4,43,Fame,source,AdventurerAI.GrantReturnReward,250
4,43,Fame,source,LureEconomy.OnHeroEscaped,625
4,43,DP,source,Nemesis.OnSlain,1912
4,43,Material,source,Nemesis.OnSlain,12
4,43,DP,stock,end,40494
4,43,Material,stock,end,6192
4,43,Fame,stock,end,10482
4,44,DP,source,SurfaceMap.CollectYields,214
4,44,Material,source,SurfaceMap.CollectYields,12
4,44,Fame,source,SurfaceMap.CollectYields,37
4,44,DP,source,DistrictCatalog.Collect,28
4,44,DP,sink,MinionRoster.TryForge,-38580
4,44,DP,sink,MinionRoster.TryEvolveIndividual,-725
4,44,Material,sink,MinionRoster.TryForge,-416
4,44,DP,sink,DungeonFeatureManager.TryPlaceTrap,-1050
4,44,DP,sink,MinionRoster.TrySummon,-348
4,44,DP,source,AdventurerAI.ReapEmotion,490
4,44,DP,source,AdventurerAI.TakeDamage,30804
4,44,Material,source,AdventurerAI.TakeDamage,334
4,44,DP,sink,CommandSystem.TryUse,-5600
4,44,Fame,source,AdventurerAI.GrantReturnReward,350
4,44,Fame,source,LureEconomy.OnHeroEscaped,875
4,44,DP,source,AdventurerAI.GrantReturnReward,15101
4,44,DP,source,Nemesis.OnSlain,1428
4,44,Material,source,Nemesis.OnSlain,8
4,44,DP,stock,end,42256
4,44,Material,stock,end,6130
4,44,Fame,stock,end,11744
4,45,DP,source,SurfaceMap.CollectYields,214
4,45,Material,source,SurfaceMap.CollectYields,12
4,45,Fame,source,SurfaceMap.CollectYields,37
4,45,DP,source,DistrictCatalog.Collect,28
4,45,Material,source,DistrictCatalog.Collect,5
4,45,DP,sink,MinionRoster.TryForge,-39060
4,45,DP,sink,MinionRoster.TryEvolveIndividual,-325
4,45,Material,sink,MinionRoster.TryForge,-456
4,45,DP,sink,MinionRoster.TrySummon,-3091
4,45,DP,source,AdventurerAI.ReapEmotion,787
4,45,DP,source,AdventurerAI.TakeDamage,54295
4,45,Material,source,AdventurerAI.TakeDamage,566
4,45,DP,sink,CommandSystem.TryUse,-5600
4,45,DP,source,AdventurerAI.GrantReturnReward,16511
4,45,Fame,source,AdventurerAI.GrantReturnReward,270
4,45,Fame,source,LureEconomy.OnHeroEscaped,675
4,45,DP,source,Nemesis.OnSlain,988
4,45,Material,source,Nemesis.OnSlain,6
4,45,DP,stock,end,67003
4,45,Material,stock,end,6263
4,45,Fame,stock,end,12726
4,46,DP,source,SurfaceMap.CollectYields,189
4,46,Material,source,SurfaceMap.CollectYields,10
4,46,Fame,source,SurfaceMap.CollectYields,33
4,46,DP,source,DistrictCatalog.Collect,28
4,46,Material,source,DistrictCatalog.Collect,5
4,46,DP,sink,MinionRoster.TryForge,-39132
4,46,DP,sink,MinionRoster.TryEvolveIndividual,-1000
4,46,Material,sink,MinionRoster.TryForge,-360
4,46,DP,sink,MinionRoster.TrySummon,-26429
4,46,DP,sink,ProductionSystem.TryPurchase,-64
4,46,DP,sink,CommandSystem.TryUse,-5600
4,46,DP,source,AdventurerAI.TakeDamage,41770
4,46,Material,source,AdventurerAI.TakeDamage,465
4,46,DP,source,AdventurerAI.ReapEmotion,596
4,46,Fame,source,AdventurerAI.GrantReturnReward,220
4,46,Fame,source,LureEconomy.OnHeroEscaped,550
4,46,DP,source,AdventurerAI.GrantReturnReward,7142
4,46,DP,stock,end,44503
4,46,Material,stock,end,6383
4,46,Fame,stock,end,13529
4,47,DP,source,SurfaceMap.CollectYields,215
4,47,Material,source,SurfaceMap.CollectYields,10
4,47,Fame,source,SurfaceMap.CollectYields,40
4,47,DP,source,DistrictCatalog.Collect,28
4,47,Material,source,DistrictCatalog.Collect,5
4,47,DP,sink,MinionRoster.TryForge,-540
4,47,DP,sink,MinionEvolution.TryEvolve,-9050
4,47,DP,sink,MinionRoster.TryEvolveIndividual,-34700
4,47,DP,sink,MinionRoster.TrySummon,-435
4,47,DP,source,AdventurerAI.ReapEmotion,282
4,47,DP,source,AdventurerAI.TakeDamage,39687
4,47,Material,source,AdventurerAI.TakeDamage,335
4,47,DP,sink,CommandSystem.TryUse,-5750
4,47,DP,source,AdventurerAI.GrantReturnReward,12846
4,47,Fame,source,AdventurerAI.GrantReturnReward,320
4,47,Fame,source,LureEconomy.OnHeroEscaped,800
4,47,DP,source,Nemesis.OnSlain,2754
4,47,Material,source,Nemesis.OnSlain,12
4,47,DP,stock,end,49840
4,47,Material,stock,end,6745
4,47,Fame,stock,end,14689
4,48,DP,source,SurfaceMap.CollectYields,231
4,48,Material,source,SurfaceMap.CollectYields,10
4,48,Fame,source,SurfaceMap.CollectYields,40
4,48,DP,source,DistrictCatalog.Collect,28
4,48,Material,source,DistrictCatalog.Collect,1
4,48,DP,source,EraSystem.TickTurn,9720
4,48,DP,sink,MinionRoster.TryForge,-16218
4,48,DP,sink,MinionRoster.TryEvolveIndividual,-14800
4,48,Material,sink,MinionRoster.TryForge,-30
4,48,DP,sink,MinionRoster.TrySummon,-28787
4,48,DP,source,AdventurerAI.TakeDamage,42579
4,48,Material,source,AdventurerAI.TakeDamage,339
4,48,DP,sink,CommandSystem.TryUse,-5950
4,48,DP,source,AdventurerAI.ReapEmotion,134
4,48,DP,source,AdventurerAI.GrantReturnReward,9276
4,48,Fame,source,AdventurerAI.GrantReturnReward,430
4,48,Fame,source,LureEconomy.OnHeroEscaped,1075
4,48,DP,stock,end,46053
4,48,Material,stock,end,7065
4,48,Fame,stock,end,16234
4,49,DP,source,SurfaceMap.CollectYields,262
4,49,Material,source,SurfaceMap.CollectYields,12
4,49,Fame,source,SurfaceMap.CollectYields,45
4,49,DP,source,DistrictCatalog.Collect,28
4,49,Material,source,DistrictCatalog.Collect,1
4,49,DP,source,EraSystem.TickTurn,9720
4,49,DP,sink,MinionRoster.TryForge,-1140
4,49,Material,sink,MinionRoster.TryForge,-4
4,49,DP,sink,MinionEvolution.TryEvolve,-14200
4,49,DP,sink,MinionRoster.TryEvolveIndividual,-40400
4,49,DP,sink,MinionRoster.TrySummon,-279
4,49,DP,source,AdventurerAI.ReapEmotion,292
4,49,DP,source,AdventurerAI.TakeDamage,60132
4,49,Material,source,AdventurerAI.TakeDamage,713
4,49,DP,sink,CommandSystem.TryUse,-5950
4,49,DP,source,AdventurerAI.GrantReturnReward,1592
4,49,Fame,source,AdventurerAI.GrantReturnReward,80
4,49,Fame,source,LureEconomy.OnHeroEscaped,200
4,49,DP,source,Nemesis.OnSlain,2074
4,49,Material,source,Nemesis.OnSlain,12
4,49,DP,stock,end,58184
4,49,Material,stock,end,7799
4,49,Fame,stock,end,16559
4,50,DP,source,SurfaceMap.CollectYields,262
4,50,Material,source,SurfaceMap.CollectYields,12
4,50,Fame,source,SurfaceMap.CollectYields,45
4,50,DP,source,DistrictCatalog.Collect,28
4,50,Material,source,DistrictCatalog.Collect,1
4,50,DP,source,EraSystem.TickTurn,9720
4,50,DP,sink,MinionRoster.TryForge,-1530
4,50,Material,sink,MinionRoster.TryForge,-10
4,50,DP,sink,MinionEvolution.TryEvolve,-19050
4,50,DP,sink,MinionRoster.TryEvolveIndividual,-46300
4,50,DP,sink,MinionRoster.TrySummon,-1305
4,50,DP,source,AdventurerAI.ReapEmotion,800
4,50,DP,source,AdventurerAI.TakeDamage,78543
4,50,Material,source,AdventurerAI.TakeDamage,434
4,50,DP,sink,CommandSystem.TryUse,-5950
4,50,DP,source,AdventurerAI.GrantReturnReward,8362
4,50,Fame,source,AdventurerAI.GrantReturnReward,170
4,50,Fame,source,LureEconomy.OnHeroEscaped,425
4,50,DP,source,Nemesis.OnSlain,2288
4,50,Material,source,Nemesis.OnSlain,10
4,50,DP,stock,end,84052
4,50,Material,stock,end,8246
4,50,Fame,stock,end,17199
4,51,DP,source,SurfaceMap.CollectYields,214
4,51,Material,source,SurfaceMap.CollectYields,12
4,51,Fame,source,SurfaceMap.CollectYields,37
4,51,DP,source,DistrictCatalog.Collect,28
4,51,Material,source,DistrictCatalog.Collect,1
4,51,DP,source,EraSystem.TickTurn,9720
4,51,DP,source,WaveRoster.ResolveTrial,10500
4,51,DP,sink,MinionRoster.TryForge,-1920
4,51,Material,sink,MinionRoster.TryForge,-16
4,51,DP,sink,DungeonFloorManager.TryAddFloor,-78125
4,51,DP,sink,DungeonFloorManager.TryExpandFloor,-5200
4,51,DP,sink,MinionRoster.TryEvolveIndividual,-18500
4,51,DP,sink,DungeonFeatureManager.TryPlaceTrap,-600
4,51,DP,sink,MinionRoster.TrySummon,-140
4,51,DP,source,AdventurerAI.ReapEmotion,244
4,51,DP,source,AdventurerAI.TakeDamage,97460
4,51,Material,source,AdventurerAI.TakeDamage,682
4,51,DP,sink,CommandSystem.TryUse,-5950
4,51,DP,source,AdventurerAI.GrantReturnReward,15178
4,51,Fame,source,AdventurerAI.GrantReturnReward,500
4,51,Fame,source,LureEconomy.OnHeroEscaped,1250
4,51,DP,source,Nemesis.OnSlain,2333
4,51,Material,source,Nemesis.OnSlain,12
4,51,DP,stock,end,109294
4,51,Material,stock,end,8937
4,51,Fame,stock,end,18986
4,52,DP,source,SurfaceMap.CollectYields,214
4,52,Material,source,SurfaceMap.CollectYields,12
4,52,Fame,source,SurfaceMap.CollectYields,37
4,52,DP,source,DistrictCatalog.Collect,28
4,52,Material,source,DistrictCatalog.Collect,1
4,52,DP,source,EraSystem.TickTurn,16524
4,52,DP,sink,MinionRoster.TryForge,-64080
4,52,Material,sink,MinionRoster.TryForge,-732
4,52,DP,sink,MinionRoster.TryEvolveIndividual,-39900
4,52,DP,sink,DungeonFeatureManager.TryPlaceTrap,-3450
4,52,DP,sink,MinionRoster.TrySummon,-18618
4,52,DP,source,AdventurerAI.ReapEmotion,415
4,52,DP,sink,CommandSystem.TryUse,-5950
4,52,DP,source,AdventurerAI.TakeDamage,66085
4,52,Material,source,AdventurerAI.TakeDamage,556
4,52,DP,source,AdventurerAI.GrantReturnReward,10209
4,52,Fame,source,AdventurerAI.GrantReturnReward,250
4,52,Fame,source,LureEconomy.OnHeroEscaped,625
4,52,DP,stock,end,70771
4,52,Material,stock,end,8774
4,52,Fame,stock,end,19898
4,53,DP,source,SurfaceMap.CollectYields,214
4,53,Material,source,SurfaceMap.CollectYields,12
4,53,Fame,source,SurfaceMap.CollectYields,37
4,53,DP,source,DistrictCatalog.Collect,28
4,53,Material,source,DistrictCatalog.Collect,1
4,53,DP,source,EraSystem.TickTurn,9720
4,53,Material,source,EraSystem.TickTurn,124
4,53,DP,sink,MinionRoster.TryForge,-43200
4,53,Material,sink,MinionRoster.TryForge,-576
4,53,DP,sink,MinionRoster.TryEvolveIndividual,-34150
4,53,DP,sink,MinionRoster.TrySummon,-3350
4,53,DP,source,AdventurerAI.ReapEmotion,471
4,53,DP,source,AdventurerAI.TakeDamage,66248
4,53,Material,source,AdventurerAI.TakeDamage,495
4,53,DP,sink,CommandSystem.TryUse,-6250
4,53,DP,source,AdventurerAI.GrantReturnReward,7764
4,53,Fame,source,AdventurerAI.GrantReturnReward,290
4,53,Fame,source,LureEconomy.OnHeroEscaped,725
4,53,DP,source,Nemesis.OnSlain,3656
4,53,Material,source,Nemesis.OnSlain,20
4,53,DP,stock,end,71922
4,53,Material,stock,end,8850
4,53,Fame,stock,end,20950
4,54,DP,source,SurfaceMap.CollectYields,214
4,54,Material,source,SurfaceMap.CollectYields,12
4,54,Fame,source,SurfaceMap.CollectYields,37
4,54,DP,source,DistrictCatalog.Collect,28
4,54,Material,source,DistrictCatalog.Collect,1
4,54,DP,source,EraSystem.TickTurn,9720
4,54,Material,source,EraSystem.TickTurn,62
4,54,Fame,source,EraSystem.TickTurn,135
4,54,DP,sink,MinionRoster.TryForge,-79200
4,54,Material,sink,MinionRoster.TryForge,-1056
4,54,DP,sink,MinionRoster.TrySummon,-2644
4,54,DP,source,IncidentSystem.Apply,600
4,54,DP,sink,CommandSystem.TryUse,-5600
4,54,DP,source,AdventurerAI.ReapEmotion,430
4,54,DP,source,AdventurerAI.TakeDamage,78066
4,54,Material,source,AdventurerAI.TakeDamage,589
4,54,Fame,source,AdventurerAI.GrantReturnReward,370
4,54,Fame,source,LureEconomy.OnHeroEscaped,925
4,54,DP,source,AdventurerAI.GrantReturnReward,13333
4,54,DP,source,Nemesis.OnSlain,3795
4,54,Material,source,Nemesis.OnSlain,15
4,54,DP,stock,end,90664
4,54,Material,stock,end,8473
4,54,Fame,stock,end,22417
4,55,DP,source,SurfaceMap.CollectYields,262
4,55,Material,source,SurfaceMap.CollectYields,12
4,55,Fame,source,SurfaceMap.CollectYields,45
4,55,DP,source,DistrictCatalog.Collect,28
4,55,Material,source,DistrictCatalog.Collect,1
4,55,DP,source,EraSystem.TickTurn,9720
4,55,DP,sink,MinionRoster.TryForge,-98400
4,55,Material,sink,MinionRoster.TryForge,-1312
4,55,DP,sink,MinionRoster.TrySummon,-2262
4,55,DP,source,AdventurerAI.ReapEmotion,592
4,55,DP,sink,CommandSystem.TryUse,-6400
4,55,DP,source,AdventurerAI.TakeDamage,137604
4,55,Material,source,AdventurerAI.TakeDamage,1205
4,55,DP,source,AdventurerAI.GrantReturnReward,9897
4,55,Fame,source,AdventurerAI.GrantReturnReward,140
4,55,Fame,source,LureEconomy.OnHeroEscaped,350
4,55,DP,source,Nemesis.OnSlain,3354
4,55,Material,source,Nemesis.OnSlain,18
4,55,DP,stock,end,145059
4,55,Material,stock,end,8397
4,55,Fame,stock,end,22952
4,56,DP,source,SurfaceMap.CollectYields,262
4,56,Material,source,SurfaceMap.CollectYields,12
4,56,Fame,source,SurfaceMap.CollectYields,45
4,56,DP,source,DistrictCatalog.Collect,28
4,56,Material,source,DistrictCatalog.Collect,1
4,56,DP,source,EraSystem.TickTurn,11664
4,56,DP,sink,MinionRoster.TryForge,-114720
4,56,Material,sink,MinionRoster.TryForge,-1634
4,56,DP,sink,MinionRoster.TrySummon,-42278
4,56,DP,source,AdventurerAI.ReapEmotion,156
4,56,DP,source,AdventurerAI.TakeDamage,81617
4,56,Material,source,AdventurerAI.TakeDamage,910
4,56,DP,sink,CommandSystem.TryUse,-5600
4,56,DP,source,AdventurerAI.GrantReturnReward,10467
4,56,Fame,source,AdventurerAI.GrantReturnReward,260
4,56,Fame,source,LureEconomy.OnHeroEscaped,650
4,56,DP,source,Nemesis.OnSlain,1550
4,56,Material,source,Nemesis.OnSlain,8
4,56,DP,stock,end,88205
4,56,Material,stock,end,7694
4,56,Fame,stock,end,23907
4,57,DP,source,SurfaceMap.CollectYields,231
4,57,Material,source,SurfaceMap.CollectYields,10
4,57,Fame,source,SurfaceMap.CollectYields,40
4,57,DP,source,DistrictCatalog.Collect,28
4,57,Material,source,DistrictCatalog.Collect,1
4,57,DP,sink,MinionRoster.TryForge,-83520
4,57,Material,sink,MinionRoster.TryForge,-1218
4,57,DP,sink,MinionRoster.TrySummon,-4942
4,57,DP,source,AdventurerAI.ReapEmotion,216
4,57,Fame,source,AdventurerAI.GrantReturnReward,720
4,57,Fame,source,LureEconomy.OnHeroEscaped,1800
4,57,DP,source,AdventurerAI.TakeDamage,128082
4,57,Material,source,AdventurerAI.TakeDamage,1672
4,57,DP,sink,CommandSystem.TryUse,-6050
4,57,DP,source,AdventurerAI.GrantReturnReward,15065
4,57,DP,source,Nemesis.OnSlain,2300
4,57,Material,source,Nemesis.OnSlain,12
4,57,DP,stock,end,139615
4,57,Material,stock,end,8171
4,57,Fame,stock,end,26467
4,58,DP,source,SurfaceMap.CollectYields,231
4,58,Material,source,SurfaceMap.CollectYields,10
4,58,Fame,source,SurfaceMap.CollectYields,40
4,58,DP,source,DistrictCatalog.Collect,28
4,58,Material,source,DistrictCatalog.Collect,1
4,58,DP,sink,MinionRoster.TryForge,-120960
4,58,Material,sink,MinionRoster.TryForge,-1764
4,58,DP,sink,MinionRoster.TrySummon,-18872
4,58,DP,source,AdventurerAI.ReapEmotion,420
4,58,DP,source,AdventurerAI.TakeDamage,67155
4,58,Material,source,AdventurerAI.TakeDamage,1255
4,58,DP,sink,CommandSystem.TryUse,-5950
4,58,Fame,source,AdventurerAI.GrantReturnReward,470
4,58,Fame,source,LureEconomy.OnHeroEscaped,1175
4,58,DP,source,AdventurerAI.GrantReturnReward,15784
4,58,DP,source,Nemesis.OnSlain,6495
4,58,Material,source,Nemesis.OnSlain,29
4,58,DP,stock,end,83946
4,58,Material,stock,end,7702
4,58,Fame,stock,end,28152
4,59,DP,source,SurfaceMap.CollectYields,189
4,59,Material,source,SurfaceMap.CollectYields,10
4,59,Fame,source,SurfaceMap.CollectYields,33
4,59,DP,source,DistrictCatalog.Collect,28
4,59,Material,source,DistrictCatalog.Collect,1
4,59,DP,sink,MinionRoster.TryForge,-80640
4,59,Material,sink,MinionRoster.TryForge,-1176
4,59,DP,sink,MinionRoster.TrySummon,-3519
4,59,DP,source,AdventurerAI.ReapEmotion,313
4,59,DP,source,AdventurerAI.TakeDamage,106805
4,59,Material,source,AdventurerAI.TakeDamage,1305
4,59,DP,source,AdventurerAI.GrantReturnReward,11826
4,59,Fame,source,AdventurerAI.GrantReturnReward,450
4,59,Fame,source,LureEconomy.OnHeroEscaped,1125
4,59,DP,sink,CommandSystem.TryUse,-6050
4,59,DP,source,Nemesis.OnSlain,3920
4,59,Material,source,Nemesis.OnSlain,20
4,59,DP,stock,end,116818
4,59,Material,stock,end,7862
4,59,Fame,stock,end,29760
4,60,DP,source,SurfaceMap.CollectYields,216
4,60,Material,source,SurfaceMap.CollectYields,12
4,60,Fame,source,SurfaceMap.CollectYields,37
4,60,DP,source,DistrictCatalog.Collect,28
4,60,Material,source,DistrictCatalog.Collect,1
4,60,DP,sink,MinionRoster.TryForge,-111600
4,60,Material,sink,MinionRoster.TryForge,-1705
4,60,DP,sink,MinionRoster.TrySummon,-5417
4,60,DP,source,AdventurerAI.ReapEmotion,429
4,60,DP,sink,CommandSystem.TryUse,-6050
4,60,DP,source,AdventurerAI.TakeDamage,122610
4,60,Material,source,AdventurerAI.TakeDamage,632
4,60,DP,source,AdventurerAI.GrantReturnReward,10322
4,60,Fame,source,AdventurerAI.GrantReturnReward,230
4,60,Fame,source,LureEconomy.OnHeroEscaped,575
4,60,DP,source,Nemesis.OnSlain,3549
4,60,Material,source,Nemesis.OnSlain,18
4,60,DP,stock,end,130905
4,60,Material,stock,end,6820
4,60,Fame,stock,end,30602
4,61,DP,source,SurfaceMap.CollectYields,216
4,61,Material,source,SurfaceMap.CollectYields,12
4,61,Fame,source,SurfaceMap.CollectYields,37
4,61,DP,source,DistrictCatalog.Collect,28
4,61,Material,source,DistrictCatalog.Collect,1
4,61,DP,sink,MinionRoster.TryForge,-126000
4,61,Material,sink,MinionRoster.TryForge,-1925
4,61,DP,sink,MinionRoster.TrySummon,-5127
4,61,DP,source,AdventurerAI.ReapEmotion,311
4,61,DP,sink,CommandSystem.TryUse,-5600
4,61,DP,source,AdventurerAI.TakeDamage,87577
4,61,Material,source,AdventurerAI.TakeDamage,865
4,61,DP,source,AdventurerAI.GrantReturnReward,11209
4,61,Fame,source,AdventurerAI.GrantReturnReward,340
4,61,Fame,source,LureEconomy.OnHeroEscaped,850
4,61,DP,source,Nemesis.OnSlain,3597
4,61,Material,source,Nemesis.OnSlain,18
4,61,DP,stock,end,97116
4,61,Material,stock,end,5791
4,61,Fame,stock,end,31829
4,62,DP,source,SurfaceMap.CollectYields,216
4,62,Material,source,SurfaceMap.CollectYields,12
4,62,Fame,source,SurfaceMap.CollectYields,37
4,62,DP,source,DistrictCatalog.Collect,28
4,62,Material,source,DistrictCatalog.Collect,1
4,62,DP,sink,MinionRoster.TryForge,-93600
4,62,Material,sink,MinionRoster.TryForge,-1430
4,62,DP,sink,MinionRoster.TrySummon,-3736
4,62,DP,source,AdventurerAI.ReapEmotion,216
4,62,DP,source,AdventurerAI.TakeDamage,82182
4,62,Material,source,AdventurerAI.TakeDamage,652
4,62,DP,sink,CommandSystem.TryUse,-6050
4,62,Fame,source,AdventurerAI.GrantReturnReward,480
4,62,Fame,source,LureEconomy.OnHeroEscaped,1200
4,62,DP,source,AdventurerAI.GrantReturnReward,8444
4,62,DP,source,Nemesis.OnSlain,2479
4,62,Material,source,Nemesis.OnSlain,12
4,62,DP,stock,end,87295
4,62,Material,stock,end,5038
4,62,Fame,stock,end,33546
4,63,DP,source,SurfaceMap.CollectYields,216
4,63,Material,source,SurfaceMap.CollectYields,12
4,63,Fame,source,SurfaceMap.CollectYields,37
4,63,DP,source,DistrictCatalog.Collect,28
4,63,Material,source,DistrictCatalog.Collect,1
4,63,DP,sink,MinionRoster.TryForge,-82800
4,63,Material,sink,MinionRoster.TryForge,-1265
4,63,DP,sink,MinionRoster.TrySummon,-4726
4,63,DP,source,AdventurerAI.ReapEmotion,315
4,63,DP,sink,CommandSystem.TryUse,-6050
4,63,DP,source,AdventurerAI.TakeDamage,86215
4,63,Material,source,AdventurerAI.TakeDamage,884
4,63,DP,source,AdventurerAI.GrantReturnReward,14584
4,63,Fame,source,AdventurerAI.GrantReturnReward,420
4,63,Fame,source,LureEconomy.OnHeroEscaped,1050
4,63,DP,source,Nemesis.OnSlain,1814
4,63,Material,source,Nemesis.OnSlain,6
4,63,DP,stock,end,96891
4,63,Material,stock,end,4676
4,63,Fame,stock,end,35053
4,64,DP,source,SurfaceMap.CollectYields,216
4,64,Material,source,SurfaceMap.CollectYields,12
4,64,Fame,source,SurfaceMap.CollectYields,37
4,64,DP,source,DistrictCatalog.Collect,28
4,64,Material,source,DistrictCatalog.Collect,1
4,64,DP,sink,MinionRoster.TryForge,-90000
4,64,Material,sink,MinionRoster.TryForge,-1415
4,64,DP,sink,MinionRoster.TrySummon,-7123
4,64,DP,source,AdventurerAI.ReapEmotion,518
4,64,DP,source,AdventurerAI.TakeDamage,90913
4,64,Material,source,AdventurerAI.TakeDamage,504
4,64,DP,sink,CommandSystem.TryUse,-6250
4,64,Fame,source,AdventurerAI.GrantReturnReward,330
4,64,Fame,source,LureEconomy.OnHeroEscaped,825
4,64,DP,source,AdventurerAI.GrantReturnReward,12991
4,64,DP,source,Nemesis.OnSlain,1231
4,64,Material,source,Nemesis.OnSlain,6
4,64,DP,stock,end,99415
4,64,Material,stock,end,3784
4,64,Fame,stock,end,36245
4,65,DP,source,SurfaceMap.CollectYields,218
4,65,Material,source,SurfaceMap.CollectYields,12
4,65,Fame,source,SurfaceMap.CollectYields,38
4,65,DP,source,DistrictCatalog.Collect,28
4,65,Material,source,DistrictCatalog.Collect,1
4,65,DP,sink,MinionRoster.TryForge,-95040
4,65,Material,sink,MinionRoster.TryForge,-1540
4,65,DP,sink,MinionRoster.TrySummon,-4618
4,65,DP,source,AdventurerAI.ReapEmotion,800
4,65,DP,source,AdventurerAI.TakeDamage,118944
4,65,Material,source,AdventurerAI.TakeDamage,920
4,65,DP,sink,CommandSystem.TryUse,-6050
4,65,DP,source,AdventurerAI.GrantReturnReward,13562
4,65,Fame,source,AdventurerAI.GrantReturnReward,350
4,65,Fame,source,LureEconomy.OnHeroEscaped,875
4,65,DP,stock,end,127259
4,65,Material,stock,end,3177
4,65,Fame,stock,end,37508
4,66,DP,source,SurfaceMap.CollectYields,218
4,66,Material,source,SurfaceMap.CollectYields,12
4,66,Fame,source,SurfaceMap.CollectYields,38
4,66,DP,source,DistrictCatalog.Collect,28
4,66,Material,source,DistrictCatalog.Collect,1
4,66,DP,sink,MinionRoster.TryForge,-120960
4,66,Material,sink,MinionRoster.TryForge,-1960
4,66,DP,sink,MinionRoster.TrySummon,-6498
4,66,DP,source,AdventurerAI.ReapEmotion,161
4,66,DP,source,AdventurerAI.TakeDamage,80351
4,66,Material,source,AdventurerAI.TakeDamage,886
4,66,DP,source,AdventurerAI.GrantReturnReward,9352
4,66,Fame,source,AdventurerAI.GrantReturnReward,490
4,66,Fame,source,LureEconomy.OnHeroEscaped,1225
4,66,DP,sink,CommandSystem.TryUse,-5550
4,66,DP,source,Nemesis.OnSlain,4651
4,66,Material,source,Nemesis.OnSlain,22
4,66,DP,stock,end,89012
4,66,Material,stock,end,2138
4,66,Fame,stock,end,39261
4,67,DP,source,SurfaceMap.CollectYields,189
4,67,Material,source,SurfaceMap.CollectYields,10
4,67,Fame,source,SurfaceMap.CollectYields,33
4,67,DP,source,DistrictCatalog.Collect,28
4,67,Material,source,DistrictCatalog.Collect,1
4,67,DP,sink,MinionRoster.TryForge,-82080
4,67,Material,sink,MinionRoster.TryForge,-1330
4,67,DP,sink,MinionRoster.TrySummon,-7124
4,67,DP,source,AdventurerAI.ReapEmotion,487
4,67,DP,source,AdventurerAI.TakeDamage,42572
4,67,Material,source,AdventurerAI.TakeDamage,370
4,67,DP,sink,CommandSystem.TryUse,-5950
4,67,Fame,source,AdventurerAI.GrantReturnReward,180
4,67,Fame,source,LureEconomy.OnHeroEscaped,450
4,67,DP,source,AdventurerAI.GrantReturnReward,7363
4,67,DP,source,Nemesis.OnSlain,3468
4,67,Material,source,Nemesis.OnSlain,16
4,67,DP,stock,end,47965
4,67,Material,stock,end,1205
4,67,Fame,stock,end,39924
4,68,DP,source,SurfaceMap.CollectYields,189
4,68,Material,source,SurfaceMap.CollectYields,10
4,68,Fame,source,SurfaceMap.CollectYields,33
4,68,DP,source,DistrictCatalog.Collect,28
4,68,Material,source,DistrictCatalog.Collect,1
4,68,DP,sink,MinionRoster.TryForge,-43200
4,68,Material,sink,MinionRoster.TryForge,-700
4,68,DP,sink,MinionRoster.TrySummon,-4979
4,68,DP,source,AdventurerAI.ReapEmotion,238
4,68,DP,source,AdventurerAI.TakeDamage,98703
4,68,Material,source,AdventurerAI.TakeDamage,1158
4,68,DP,sink,CommandSystem.TryUse,-5600
4,68,DP,source,AdventurerAI.GrantReturnReward,13496
4,68,Fame,source,AdventurerAI.GrantReturnReward,310
4,68,Fame,source,LureEconomy.OnHeroEscaped,775
4,68,DP,source,Nemesis.OnSlain,3856
4,68,Material,source,Nemesis.OnSlain,18
4,68,DP,stock,end,110696
4,68,Material,stock,end,1692
4,68,Fame,stock,end,41042
5,1,DP,sink,DungeonFeatureManager.TryPlaceTrap,-150
5,1,DP,sink,MinionRoster.TrySummon,-46
5,1,DP,source,AdventurerAI.ReapEmotion,150
5,1,DP,source,AdventurerAI.TakeDamage,163
5,1,Material,source,AdventurerAI.TakeDamage,6
5,1,DP,source,AdventurerAI.GrantReturnReward,552
5,1,Fame,source,AdventurerAI.GrantReturnReward,20
5,1,Fame,source,LureEconomy.OnHeroEscaped,50
5,1,DP,sink,CommandSystem.TryUse,-650
5,1,DP,stock,end,219
5,1,Material,stock,end,6
5,1,Fame,stock,end,70
5,2,DP,source,SurfaceMap.CollectYields,18
5,2,Material,source,SurfaceMap.CollectYields,1
5,2,Fame,source,SurfaceMap.CollectYields,4
5,2,DP,source,EraSystem.TickTurn,600
5,2,Fame,source,EraSystem.TickTurn,25
5,2,DP,sink,MinionRoster.TryForge,-236
5,2,DP,sink,MinionEvolution.TryEvolve,-225
5,2,DP,sink,DungeonFeatureManager.TryPlaceTrap,-300
5,2,DP,sink,MinionRoster.TrySummon,-72
5,2,DP,source,AdventurerAI.ReapEmotion,166
5,2,Fame,source,AdventurerAI.GrantReturnReward,20
5,2,Fame,source,LureEconomy.OnHeroEscaped,50
5,2,DP,source,AdventurerAI.TakeDamage,216
5,2,Material,source,AdventurerAI.TakeDamage,23
5,2,DP,source,AdventurerAI.GrantReturnReward,555
5,2,DP,sink,CommandSystem.TryUse,-650
5,2,DP,stock,end,291
5,2,Material,stock,end,30
5,2,Fame,stock,end,169
5,3,DP,source,SurfaceMap.CollectYields,18
5,3,Material,source,SurfaceMap.CollectYields,1
5,3,Fame,source,SurfaceMap.CollectYields,4
5,3,DP,source,EraSystem.TickTurn,600
5,3,Material,source,EraSystem.TickTurn,20
5,3,DP,sink,MinionRoster.TryForge,-236
5,3,DP,sink,MinionEvolution.TryEvolve,-175
5,3,DP,sink,MinionRoster.TryEvolveIndividual,-175
5,3,DP,sink,DungeonFeatureManager.TryPlaceTrap,-150
5,3,DP,sink,MinionRoster.TrySummon,-156
5,3,DP,source,AdventurerAI.TakeDamage,314
5,3,Material,source,AdventurerAI.TakeDamage,10
5,3,DP,source,AdventurerAI.ReapEmotion,52
5,3,DP,source,AdventurerAI.GrantReturnReward,74
5,3,Fame,source,AdventurerAI.GrantReturnReward,10
5,3,Fame,source,LureEconomy.OnHeroEscaped,25
5,3,DP,sink,CommandSystem.TryUse,-300
5,3,DP,stock,end,157
5,3,Material,stock,end,61
5,3,Fame,stock,end,208
5,4,DP,source,SurfaceMap.CollectYields,18
5,4,Material,source,SurfaceMap.CollectYields,1
5,4,Fame,source,SurfaceMap.CollectYields,4
5,4,DP,source,EraSystem.TickTurn,600
5,4,DP,sink,MinionRoster.TryForge,-236
5,4,DP,sink,MinionEvolution.TryEvolve,-225
5,4,DP,sink,DungeonFeatureManager.TryPlaceTrap,-150
5,4,DP,sink,MinionRoster.TrySummon,-161
5,4,DP,source,AdventurerAI.ReapEmotion,180
5,4,DP,source,AdventurerAI.TakeDamage,411
5,4,Material,source,AdventurerAI.TakeDamage,20
5,4,DP,sink,CommandSystem.TryUse,-650
5,4,DP,source,Nemesis.OnSlain,454
5,4,Material,source,Nemesis.OnSlain,5
5,4,DP,source,AdventurerAI.GrantReturnReward,231
5,4,Fame,source,AdventurerAI.GrantReturnReward,10
5,4,Fame,source,LureEconomy.OnHeroEscaped,25
5,4,DP,stock,end,629
5,4,Material,stock,end,87
5,4,Fame,stock,end,247
5,5,DP,source,SurfaceMap.CollectYields,18
5,5,Material,source,SurfaceMap.CollectYields,1
5,5,Fame,source,SurfaceMap.CollectYields,4
5,5,DP,source,EraSystem.TickTurn,600
5,5,DP,sink,MinionRoster.TryForge,-212
5,5,DP,sink,DungeonFloorManager.TryExpandFloor,-400
5,5,DP,sink,MinionEvolution.TryEvolve,-325
5,5,DP,sink,DungeonFeatureManager.TryPlaceTrap,-150
5,5,DP,sink,MinionRoster.TrySummon,-151
5,5,DP,source,AdventurerAI.TakeDamage,518
5,5,Material,source,AdventurerAI.TakeDamage,29
5,5,DP,source,AdventurerAI.ReapEmotion,106
5,5,DP,sink,CommandSystem.TryUse,-950
5,5,DP,source,AdventurerAI.GrantReturnReward,312
5,5,Fame,source,AdventurerAI.GrantReturnReward,10
5,5,Fame,source,LureEconomy.OnHeroEscaped,25
5,5,DP,source,Nemesis.OnSlain,470
5,5,Material,source,Nemesis.OnSlain,5
5,5,DP,stock,end,465
5,5,Material,stock,end,122
5,5,Fame,stock,end,286
5,6,DP,source,SurfaceMap.CollectYields,38
5,6,Material,source,SurfaceMap.CollectYields,2
5,6,Fame,source,SurfaceMap.CollectYields,8
5,6,DP,source,EraSystem.TickTurn,600
5,6,Fame,source,EraSystem.TickTurn,25
5,6,DP,source,WaveRoster.ResolveTrial,1200
5,6,DP,sink,MinionRoster.TryForge,-212
5,6,DP,sink,DungeonFloorManager.TryAddFloor,-800
5,6,DP,sink,DungeonFloorManager.TryExpandFloor,-400
5,6,DP,sink,MinionEvolution.TryEvolve,-400
5,6,DP,sink,MinionRoster.TryEvolveIndividual,-175
5,6,DP,sink,DungeonFeatureManager.TryPlaceTrap,-150
5,6,DP,sink,MinionRoster.TrySummon,-158
5,6,DP,source,AdventurerAI.ReapEmotion,360
5,6,DP,sink,CommandSystem.TryUse,-1150
5,6,DP,source,AdventurerAI.GrantReturnReward,51
5,6,Fame,source,AdventurerAI.GrantReturnReward,10
5,6,Fame,source,LureEconomy.OnHeroEscaped,25
5,6,DP,source,AdventurerAI.TakeDamage,603
5,6,Material,source,AdventurerAI.TakeDamage,20
5,6,DP,source,Nemesis.OnSlain,972
5,6,Material,source,Nemesis.OnSlain,10
5,6,DP,stock,end,844
5,6,Material,stock,end,154
5,6,Fame,stock,end,354
5,7,DP,source,SurfaceMap.CollectYields,38
5,7,Material,source,SurfaceMap.CollectYields,2
5,7,Fame,source,SurfaceMap.CollectYields,8
5,7,DP,source,EraSystem.TickTurn,600
5,7,DP,sink,MinionRoster.TryForge,-212
5,7,DP,sink,DungeonFloorManager.TryExpandFloor,-800
5,7,DP,sink,MinionRoster.TryEvolveIndividual,-150
5,7,DP,sink,DungeonFeatureManager.TryPlaceTrap,-150
5,7,DP,sink,MinionRoster.TrySummon,-161
5,7,DP,source,AdventurerAI.ReapEmotion,131
5,7,DP,source,AdventurerAI.TakeDamage,572
5,7,Material,source,AdventurerAI.TakeDamage,33
5,7,DP,sink,CommandSystem.TryUse,-1150
5,7,DP,source,AdventurerAI.GrantReturnReward,771
5,7,Fame,source,AdventurerAI.GrantReturnReward,30
5,7,Fame,source,LureEconomy.OnHeroEscaped,75
5,7,DP,source,Nemesis.OnSlain,502
5,7,Material,source,Nemesis.OnSlain,5
5,7,DP,stock,end,835
5,7,Material,stock,end,194
5,7,Fame,stock,end,467
5,8,DP,source,SurfaceMap.CollectYields,38
5,8,Material,source,SurfaceMap.CollectYields,2
5,8,Fame,source,SurfaceMap.CollectYields,8
5,8,DP,source,EraSystem.TickTurn,1020
5,8,DP,sink,MinionRoster.TryForge,-212
5,8,DP,sink,DungeonFloorManager.TryExpandFloor,-800
5,8,DP,sink,MinionEvolution.TryEvolve,-500
5,8,DP,sink,MinionRoster.TryEvolveIndividual,-75
5,8,DP,sink,DungeonFeatureManager.TryPlaceTrap,-150
5,8,DP,sink,MinionRoster.TrySummon,-143
5,8,DP,source,AdventurerAI.ReapEmotion,114
5,8,DP,source,AdventurerAI.GrantReturnReward,957
5,8,Fame,source,AdventurerAI.GrantReturnReward,40
5,8,Fame,source,LureEconomy.OnHeroEscaped,100
5,8,DP,sink,CommandSystem.TryUse,-1150
5,8,DP,source,AdventurerAI.TakeDamage,641
5,8,Material,source,AdventurerAI.TakeDamage,35
5,8,DP,stock,end,575
5,8,Material,stock,end,231
5,8,Fame,stock,end,615
5,9,DP,source,SurfaceMap.CollectYields,44
5,9,Material,source,SurfaceMap.CollectYields,2
5,9,Fame,source,SurfaceMap.CollectYields,10
5,9,DP,source,EraSystem.TickTurn,600
5,9,Fame,source,EraSystem.TickTurn,25
5,9,DP,sink,MinionRoster.TryForge,-380
5,9,DP,sink,MinionEvolution.TryEvolve,-250
5,9,DP,sink,MinionRoster.TryEvolveIndividual,-225
5,9,DP,sink,DungeonFeatureManager.TryPlaceTrap,-150
5,9,DP,sink,MinionRoster.TrySummon,-209
5,9,DP,source,AdventurerAI.ReapEmotion,167
5,9,DP,source,AdventurerAI.TakeDamage,1001
5,9,Material,source,AdventurerAI.TakeDamage,60
5,9,DP,sink,CommandSystem.TryUse,-1800
5,9,DP,source,AdventurerAI.GrantReturnReward,313
5,9,Fame,source,AdventurerAI.GrantReturnReward,20
5,9,Fame,source,LureEconomy.OnHeroEscaped,50
5,9,DP,source,Nemesis.OnSlain,518
5,9,Material,source,Nemesis.OnSlain,5
5,9,DP,stock,end,204
5,9,Material,stock,end,298
5,9,Fame,stock,end,720
5,10,DP,source,SurfaceMap.CollectYields,78
5,10,Material,source,SurfaceMap.CollectYields,3
5,10,Fame,source,SurfaceMap.CollectYields,16
5,10,DP,source,EraSystem.TickTurn,300
5,10,DP,sink,MinionRoster.TryForge,-190
5,10,DP,sink,DungeonFeatureManager.TryPlaceTrap,-150
5,10,DP,sink,MinionRoster.TrySummon,-240
5,10,DP,source,AdventurerAI.ReapEmotion,299
5,10,DP,source,AdventurerAI.TakeDamage,843
5,10,Material,source,AdventurerAI.TakeDamage,27
5,10,DP,sink,CommandSystem.TryUse,-1150
5,10,DP,source,AdventurerAI.GrantReturnReward,760
5,10,Fame,source,AdventurerAI.GrantReturnReward,40
5,10,Fame,source,LureEconomy.OnHeroEscaped,100
5,10,DP,stock,end,754
5,10,Material,stock,end,328
5,10,Fame,stock,end,876
5,11,DP,source,SurfaceMap.CollectYields,78
5,11,Material,source,SurfaceMap.CollectYields,3
5,11,Fame,source,SurfaceMap.CollectYields,16
5,11,DP,source,EraSystem.TickTurn,720
5,11,DP,sink,MinionRoster.TryForge,-285
5,11,DP,sink,MinionEvolution.TryEvolve,-550
5,11,DP,sink,MinionRoster.TryEvolveIndividual,-325
5,11,DP,sink,DungeonFeatureManager.TryPlaceTrap,-150
5,11,DP,sink,MinionRoster.TrySummon,-230
5,11,DP,source,AdventurerAI.ReapEmotion,131
5,11,DP,source,AdventurerAI.TakeDamage,1438
5,11,Material,source,AdventurerAI.TakeDamage,60
5,11,DP,sink,CommandSystem.TryUse,-2250
5,11,Fame,source,AdventurerAI.GrantReturnReward,60
5,11,Fame,source,LureEconomy.OnHeroEscaped,150
5,11,DP,source,AdventurerAI.GrantReturnReward,908
5,11,DP,source,Nemesis.OnSlain,1326
5,11,Material,source,Nemesis.OnSlain,12
5,11,DP,stock,end,1565
5,11,Material,stock,end,403
5,11,Fame,stock,end,1102
5,12,DP,source,SurfaceMap.CollectYields,78
5,12,Material,source,SurfaceMap.CollectYields,3
5,12,Fame,source,SurfaceMap.CollectYields,16
5,12,DP,source,DistrictCatalog.Collect,98
5,12,DP,sink,MinionRoster.TryForge,-475
5,12,DP,sink,MinionRoster.TryEvolveIndividual,-875
5,12,DP,sink,DungeonFeatureManager.TryPlaceTrap,-150
5,12,DP,sink,MinionRoster.TrySummon,-230
5,12,DP,source,AdventurerAI.ReapEmotion,196
5,12,DP,source,AdventurerAI.TakeDamage,850
5,12,Material,source,AdventurerAI.TakeDamage,36
5,12,DP,sink,CommandSystem.TryUse,-2300
5,12,DP,source,AdventurerAI.GrantReturnReward,1920
5,12,Fame,source,AdventurerAI.GrantReturnReward,50
5,12,Fame,source,LureEconomy.OnHeroEscaped,125
5,12,DP,source,Nemesis.OnSlain,567
5,12,Material,source,Nemesis.OnSlain,5
5,12,DP,stock,end,1244
5,12,Material,stock,end,447
5,12,Fame,stock,end,1293
5,13,DP,source,SurfaceMap.CollectYields,79
5,13,Material,source,SurfaceMap.CollectYields,4
5,13,Fame,source,SurfaceMap.CollectYields,17
5,13,DP,source,DistrictCatalog.Collect,98
5,13,DP,sink,MinionRoster.TryForge,-475
5,13,DP,sink,MinionRoster.TryEvolveIndividual,-550
5,13,DP,sink,DungeonFeatureManager.TryPlaceTrap,-150
5,13,DP,sink,MinionRoster.TrySummon,-243
5,13,DP,source,AdventurerAI.ReapEmotion,301
5,13,DP,sink,CommandSystem.TryUse,-2250
5,13,Fame,source,AdventurerAI.GrantReturnReward,160
5,13,Fame,source,LureEconomy.OnHeroEscaped,400
5,13,DP,source,AdventurerAI.TakeDamage,801
5,13,Material,source,AdventurerAI.TakeDamage,21
5,13,DP,source,AdventurerAI.GrantReturnReward,3634
5,13,DP,source,Nemesis.OnSlain,567
5,13,Material,source,Nemesis.OnSlain,5
5,13,DP,stock,end,3056
5,13,Material,stock,end,477
5,13,Fame,stock,end,1870
5,14,DP,source,SurfaceMap.CollectYields,80
5,14,Material,source,SurfaceMap.CollectYields,4
5,14,Fame,source,SurfaceMap.CollectYields,18
5,14,DP,source,DistrictCatalog.Collect,98
5,14,DP,source,EraSystem.TickTurn,300
5,14,DP,sink,MinionRoster.TryForge,-693
5,14,DP,sink,DungeonFloorManager.TryAddFloor,-2000
5,14,DP,sink,DungeonFloorManager.TryExpandFloor,-400
5,14,DP,sink,DungeonFeatureManager.TryPlaceTrap,-150
5,14,DP,sink,MinionRoster.TrySummon,-289
5,14,DP,source,AdventurerAI.ReapEmotion,93
5,14,DP,source,AdventurerAI.TakeDamage,2199
5,14,Material,source,AdventurerAI.TakeDamage,101
5,14,DP,source,AdventurerAI.GrantReturnReward,3632
5,14,Fame,source,AdventurerAI.GrantReturnReward,120
5,14,Fame,source,LureEconomy.OnHeroEscaped,300
5,14,DP,sink,CommandSystem.TryUse,-2300
5,14,DP,source,Nemesis.OnSlain,2247
5,14,Material,source,Nemesis.OnSlain,17
5,14,DP,stock,end,5873
5,14,Material,stock,end,599
5,14,Fame,stock,end,2308
5,15,DP,source,SurfaceMap.CollectYields,80
5,15,Material,source,SurfaceMap.CollectYields,4
5,15,Fame,source,SurfaceMap.CollectYields,18
5,15,DP,source,DistrictCatalog.Collect,98
5,15,DP,sink,MinionRoster.TryForge,-190
5,15,DP,sink,DungeonFloorManager.TryAddFloor,-5000
5,15,DP,sink,DungeonFloorManager.TryExpandFloor,-400
5,15,DP,sink,MinionRoster.TryEvolveIndividual,-75
5,15,DP,sink,DungeonFeatureManager.TryPlaceTrap,-150
5,15,DP,sink,MinionRoster.TrySummon,-216
5,15,DP,source,AdventurerAI.ReapEmotion,503
5,15,DP,source,AdventurerAI.TakeDamage,2027
5,15,Material,source,AdventurerAI.TakeDamage,53
5,15,DP,sink,CommandSystem.TryUse,-2650
5,15,Fame,source,AdventurerAI.GrantReturnReward,80
5,15,Fame,source,LureEconomy.OnHeroEscaped,200
5,15,DP,source,AdventurerAI.GrantReturnReward,2034
5,15,DP,source,Nemesis.OnSlain,857
5,15,Material,source,Nemesis.OnSlain,7
5,15,DP,stock,end,2791
5,15,Material,stock,end,663
5,15,Fame,stock,end,2606
5,16,DP,source,SurfaceMap.CollectYields,101
5,16,Material,source,SurfaceMap.CollectYields,5
5,16,Fame,source,SurfaceMap.CollectYields,23
5,16,DP,source,DistrictCatalog.Collect,98
5,16,DP,sink,MinionRoster.TryForge,-1386
5,16,DP,sink,DungeonFloorManager.TryExpandFloor,-800
5,16,DP,sink,MinionRoster.TryEvolveIndividual,-325
5,16,DP,sink,DungeonFeatureManager.TryPlaceTrap,-300
5,16,DP,sink,MinionRoster.TrySummon,-177
5,16,DP,source,AdventurerAI.ReapEmotion,91
5,16,DP,source,AdventurerAI.TakeDamage,2552
5,16,Material,source,AdventurerAI.TakeDamage,51
5,16,DP,sink,CommandSystem.TryUse,-1800
5,16,DP,source,AdventurerAI.GrantReturnReward,1319
5,16,Fame,source,AdventurerAI.GrantReturnReward,70
5,16,Fame,source,LureEconomy.OnHeroEscaped,175
5,16,DP,source,Nemesis.OnSlain,616
5,16,Material,source,Nemesis.OnSlain,5
5,16,DP,stock,end,2780
5,16,Material,stock,end,724
5,16,Fame,stock,end,2874
5,17,DP,source,SurfaceMap.CollectYields,103
5,17,Material,source,SurfaceMap.CollectYields,5
5,17,Fame,source,SurfaceMap.CollectYields,23
5,17,DP,source,DistrictCatalog.Collect,98
5,17,DP,source,EraSystem.TickTurn,720
5,17,DP,sink,MinionRoster.TryForge,-802
5,17,DP,sink,DungeonFloorManager.TryExpandFloor,-2300
5,17,DP,sink,DungeonFeatureManager.TryPlaceTrap,-300
5,17,DP,sink,MinionRoster.TrySummon,-285
5,17,DP,source,AdventurerAI.ReapEmotion,282
5,17,DP,source,AdventurerAI.GrantReturnReward,3046
5,17,Fame,source,AdventurerAI.GrantReturnReward,100
5,17,Fame,source,LureEconomy.OnHeroEscaped,250
5,17,DP,sink,CommandSystem.TryUse,-4450
5,17,DP,source,AdventurerAI.TakeDamage,4863
5,17,Material,source,AdventurerAI.TakeDamage,175
5,17,DP,source,Nemesis.OnSlain,3026
5,17,Material,source,Nemesis.OnSlain,23
5,17,DP,stock,end,6781
5,17,Material,stock,end,927
5,17,Fame,stock,end,3247
5,18,DP,source,SurfaceMap.CollectYields,103
5,18,Material,source,SurfaceMap.CollectYields,5
5,18,Fame,source,SurfaceMap.CollectYields,23
5,18,DP,source,DistrictCatalog.Collect,98
5,18,DP,sink,MinionRoster.TryForge,-6514
5,18,DP,sink,DungeonFeatureManager.TryPlaceTrap,-300
5,18,DP,sink,MinionRoster.TrySummon,-142
5,18,DP,source,AdventurerAI.ReapEmotion,231
5,18,DP,source,AdventurerAI.TakeDamage,2877
5,18,Material,source,AdventurerAI.TakeDamage,44
5,18,DP,sink,CommandSystem.TryUse,-2450
5,18,DP,source,AdventurerAI.GrantReturnReward,2943
5,18,Fame,source,AdventurerAI.GrantReturnReward,100
5,18,Fame,source,LureEconomy.OnHeroEscaped,250
5,18,DP,source,Nemesis.OnSlain,632
5,18,Material,source,Nemesis.OnSlain,5
5,18,DP,stock,end,4259
5,18,Material,stock,end,981
5,18,Fame,stock,end,3620
5,19,DP,source,SurfaceMap.CollectYields,103
5,19,Material,source,SurfaceMap.CollectYields,5
5,19,Fame,source,SurfaceMap.CollectYields,23
5,19,DP,source,DistrictCatalog.Collect,126
5,19,DP,sink,MinionRoster.TryForge,-3754
5,19,DP,sink,MinionRoster.TryEvolveIndividual,-250
5,19,DP,sink,DungeonFeatureManager.TryPlaceTrap,-300
5,19,DP,sink,MinionRoster.TrySummon,-170
5,19,DP,source,IncidentSystem.Apply,600
5,19,DP,sink,CommandSystem.TryUse,-5400
5,19,DP,source,AdventurerAI.ReapEmotion,245
5,19,DP,source,AdventurerAI.TakeDamage,2683
5,19,Material,source,AdventurerAI.TakeDamage,33
5,19,DP,source,AdventurerAI.GrantReturnReward,4450
5,19,Fame,source,AdventurerAI.GrantReturnReward,160
5,19,Fame,source,LureEconomy.OnHeroEscaped,400
5,19,DP,stock,end,2592
5,19,Material,stock,end,1019
5,19,Fame,stock,end,4203
5,20,DP,source,SurfaceMap.CollectYields,163
5,20,Material,source,SurfaceMap.CollectYields,6
5,20,Fame,source,SurfaceMap.CollectYields,34
5,20,DP,source,DistrictCatalog.Collect,126
5,20,DP,sink,MinionRoster.TryForge,-584
5,20,DP,sink,DungeonFloorManager.TryExpandFloor,-1500
5,20,DP,sink,MinionRoster.TryEvolveIndividual,-325
5,20,DP,sink,DungeonFeatureManager.TryPlaceTrap,-300
5,20,DP,sink,MinionRoster.TrySummon,-170
5,20,DP,source,AdventurerAI.ReapEmotion,327
5,20,DP,sink,CommandSystem.TryUse,-5550
5,20,DP,source,AdventurerAI.TakeDamage,7586
5,20,Material,source,AdventurerAI.TakeDamage,137
5,20,DP,source,AdventurerAI.GrantReturnReward,3869
5,20,Fame,source,AdventurerAI.GrantReturnReward,150
5,20,Fame,source,LureEconomy.OnHeroEscaped,375
5,20,DP,source,Nemesis.OnSlain,1582
5,20,Material,source,Nemesis.OnSlain,12
5,20,DP,stock,end,7816
5,20,Material,stock,end,1174
5,20,Fame,stock,end,4762
5,21,DP,source,SurfaceMap.CollectYields,163
5,21,Material,source,SurfaceMap.CollectYields,6
5,21,Fame,source,SurfaceMap.CollectYields,34
5,21,DP,source,DistrictCatalog.Collect,126
5,21,DP,sink,MinionRoster.TryForge,-7142
5,21,DP,sink,MinionRoster.TryEvolveIndividual,-325
5,21,DP,sink,DungeonFeatureManager.TryPlaceTrap,-450
5,21,DP,sink,MinionRoster.TrySummon,-180
5,21,DP,source,AdventurerAI.ReapEmotion,381
5,21,DP,sink,CommandSystem.TryUse,-5600
5,21,DP,source,AdventurerAI.TakeDamage,10587
5,21,Material,source,AdventurerAI.TakeDamage,205
5,21,Fame,source,AdventurerAI.GrantReturnReward,210
5,21,Fame,source,LureEconomy.OnHeroEscaped,525
5,21,DP,source,AdventurerAI.GrantReturnReward,7442
5,21,DP,source,Nemesis.OnSlain,959
5,21,Material,source,Nemesis.OnSlain,7
5,21,DP,stock,end,13777
5,21,Material,stock,end,1392
5,21,Fame,stock,end,5531
5,22,DP,source,SurfaceMap.CollectYields,163
5,22,Material,source,SurfaceMap.CollectYields,6
5,22,Fame,source,SurfaceMap.CollectYields,34
5,22,DP,source,DistrictCatalog.Collect,126
5,22,DP,sink,MinionRoster.TryForge,-11483
5,22,DP,sink,DungeonFloorManager.TryExpandFloor,-1500
5,22,DP,sink,MinionRoster.TryEvolveIndividual,-325
5,22,DP,sink,DungeonFeatureManager.TryPlaceTrap,-600
5,22,DP,sink,MinionRoster.TrySummon,-158
5,22,DP,source,AdventurerAI.ReapEmotion,232
5,22,DP,source,AdventurerAI.TakeDamage,6220
5,22,Material,source,AdventurerAI.TakeDamage,240
5,22,DP,sink,CommandSystem.TryUse,-3800
5,22,DP,source,AdventurerAI.GrantReturnReward,4164
5,22,Fame,source,AdventurerAI.GrantReturnReward,170
5,22,Fame,source,LureEconomy.OnHeroEscaped,425
5,22,DP,stock,end,6816
5,22,Material,stock,end,1638
5,22,Fame,stock,end,6160
5,23,DP,source,SurfaceMap.CollectYields,163
5,23,Material,source,SurfaceMap.CollectYields,6
5,23,Fame,source,SurfaceMap.CollectYields,34
5,23,DP,source,DistrictCatalog.Collect,126
5,23,DP,sink,MinionRoster.TryForge,-6240
5,23,DP,sink,MinionRoster.TryEvolveIndividual,-250
5,23,DP,sink,DungeonFeatureManager.TryPlaceTrap,-450
5,23,DP,sink,MinionRoster.TrySummon,-158
5,23,DP,source,AdventurerAI.ReapEmotion,243
5,23,DP,source,AdventurerAI.GrantReturnReward,7208
5,23,Fame,source,AdventurerAI.GrantReturnReward,200
5,23,Fame,source,LureEconomy.OnHeroEscaped,500
5,23,DP,sink,CommandSystem.TryUse,-5100
5,23,DP,source,AdventurerAI.TakeDamage,7337
5,23,Material,source,AdventurerAI.TakeDamage,190
5,23,DP,source,Nemesis.OnSlain,2050
5,23,Material,source,Nemesis.OnSlain,14
5,23,DP,stock,end,11745
5,23,Material,stock,end,1848
5,23,Fame,stock,end,6894
5,24,DP,source,SurfaceMap.CollectYields,147
5,24,Material,source,SurfaceMap.CollectYields,7
5,24,Fame,source,SurfaceMap.CollectYields,33
5,24,DP,source,DistrictCatalog.Collect,126
5,24,DP,sink,MinionRoster.TryForge,-168
5,24,DP,sink,MinionEvolution.TryEvolve,-4900
5,24,DP,sink,MinionRoster.TryEvolveIndividual,-6625
5,24,DP,sink,DungeonFeatureManager.TryPlaceTrap,-150
5,24,DP,sink,MinionRoster.TrySummon,-162
5,24,DP,source,AdventurerAI.ReapEmotion,244
5,24,DP,source,AdventurerAI.GrantReturnReward,9348
5,24,Fame,source,AdventurerAI.GrantReturnReward,270
5,24,Fame,source,LureEconomy.OnHeroEscaped,675
5,24,DP,sink,CommandSystem.TryUse,-5250
5,24,DP,source,AdventurerAI.TakeDamage,5844
5,24,Material,source,AdventurerAI.TakeDamage,195
5,24,DP,stock,end,10199
5,24,Material,stock,end,2050
5,24,Fame,stock,end,7872
5,25,DP,source,SurfaceMap.CollectYields,147
5,25,Material,source,SurfaceMap.CollectYields,7
5,25,Fame,source,SurfaceMap.CollectYields,33
5,25,DP,source,DistrictCatalog.Collect,28
5,25,DP,source,EraSystem.TickTurn,3840
5,25,DP,sink,MinionRoster.TryForge,-168
5,25,DP,sink,DungeonFloorManager.TryAddFloor,-12500
5,25,DP,sink,DungeonFloorManager.TryExpandFloor,-400
5,25,DP,sink,MinionRoster.TryEvolveIndividual,-650
5,25,DP,sink,DungeonFeatureManager.TryPlaceTrap,-300
5,25,DP,sink,MinionRoster.TrySummon,-195
5,25,DP,source,AdventurerAI.ReapEmotion,414
5,25,DP,sink,CommandSystem.TryUse,-4900
5,25,DP,source,AdventurerAI.GrantReturnReward,11064
5,25,Fame,source,AdventurerAI.GrantReturnReward,380
5,25,Fame,source,LureEconomy.OnHeroEscaped,950
5,25,DP,source,AdventurerAI.TakeDamage,1454
5,25,Material,source,AdventurerAI.TakeDamage,239
5,25,DP,stock,end,8033
5,25,Material,stock,end,2296
5,25,Fame,stock,end,9235
5,26,DP,source,SurfaceMap.CollectYields,147
5,26,Material,source,SurfaceMap.CollectYields,7
5,26,Fame,source,SurfaceMap.CollectYields,33
5,26,DP,source,DistrictCatalog.Collect,28
5,26,DP,source,EraSystem.TickTurn,6528
5,26,DP,sink,MinionRoster.TryForge,-3936
5,26,DP,sink,DungeonFloorManager.TryExpandFloor,-3800
5,26,DP,sink,MinionRoster.TryEvolveIndividual,-6475
5,26,DP,sink,DungeonFeatureManager.TryPlaceTrap,-300
5,26,DP,sink,MinionRoster.TrySummon,-198
5,26,DP,source,AdventurerAI.ReapEmotion,335
5,26,DP,sink,CommandSystem.TryUse,-6950
5,26,DP,source,AdventurerAI.TakeDamage,5482
5,26,Material,source,AdventurerAI.TakeDamage,218
5,26,DP,source,AdventurerAI.GrantReturnReward,17562
5,26,Fame,source,AdventurerAI.GrantReturnReward,600
5,26,Fame,source,LureEconomy.OnHeroEscaped,1500
5,26,DP,stock,end,16456
5,26,Material,stock,end,2521
5,26,Fame,stock,end,11368
5,27,DP,source,SurfaceMap.CollectYields,147
5,27,Material,source,SurfaceMap.CollectYields,7
5,27,Fame,source,SurfaceMap.CollectYields,33
5,27,DP,source,DistrictCatalog.Collect,28
5,27,DP,source,EraSystem.TickTurn,6528
5,27,DP,sink,MinionRoster.TryForge,-10890
5,27,DP,sink,DungeonFloorManager.TryExpandFloor,-10000
5,27,DP,sink,MinionRoster.TryEvolveIndividual,-1150
5,27,Material,sink,MinionRoster.TryForge,-34
5,27,DP,sink,DungeonFeatureManager.TryPlaceTrap,-900
5,27,DP,sink,MinionRoster.TrySummon,-198
5,27,DP,source,AdventurerAI.ReapEmotion,142
5,27,DP,source,AdventurerAI.GrantReturnReward,9792
5,27,Fame,source,AdventurerAI.GrantReturnReward,330
5,27,Fame,source,LureEconomy.OnHeroEscaped,825
5,27,DP,sink,CommandSystem.TryUse,-4550
5,27,DP,source,AdventurerAI.TakeDamage,9051
5,27,Material,source,AdventurerAI.TakeDamage,75
5,27,DP,source,Nemesis.OnSlain,1040
5,27,Material,source,Nemesis.OnSlain,7
5,27,DP,stock,end,15496
5,27,Material,stock,end,2576
5,27,Fame,stock,end,12556
5,28,DP,source,SurfaceMap.CollectYields,167
5,28,Material,source,SurfaceMap.CollectYields,8
5,28,Fame,source,SurfaceMap.CollectYields,37
5,28,DP,source,DistrictCatalog.Collect,28
5,28,DP,source,EraSystem.TickTurn,3840
5,28,DP,sink,MinionRoster.TryForge,-15450
5,28,DP,sink,DungeonFloorManager.TryExpandFloor,-2500
5,28,DP,sink,MinionRoster.TryEvolveIndividual,-350
5,28,Material,sink,MinionRoster.TryForge,-50
5,28,DP,sink,DungeonFeatureManager.TryPlaceTrap,-1050
5,28,DP,sink,MinionRoster.TrySummon,-172
5,28,DP,source,AdventurerAI.ReapEmotion,473
5,28,DP,sink,CommandSystem.TryUse,-6050
5,28,DP,source,AdventurerAI.TakeDamage,12288
5,28,Material,source,AdventurerAI.TakeDamage,276
5,28,DP,source,AdventurerAI.GrantReturnReward,8049
5,28,Fame,source,AdventurerAI.GrantReturnReward,320
5,28,Fame,source,LureEconomy.OnHeroEscaped,800
5,28,DP,stock,end,14769
5,28,Material,stock,end,2810
5,28,Fame,stock,end,13713
5,29,DP,source,SurfaceMap.CollectYields,167
5,29,Material,source,SurfaceMap.CollectYields,8
5,29,Fame,source,SurfaceMap.CollectYields,37
5,29,DP,source,DistrictCatalog.Collect,28
5,29,DP,source,EraSystem.TickTurn,3840
5,29,DP,sink,MinionRoster.TryForge,-17730
5,29,DP,sink,MinionRoster.TryEvolveIndividual,-250
5,29,Material,sink,MinionRoster.TryForge,-58
5,29,DP,sink,DungeonFeatureManager.TryPlaceTrap,-600
5,29,DP,sink,MinionRoster.TrySummon,-207
5,29,DP,source,AdventurerAI.ReapEmotion,119
5,29,DP,source,AdventurerAI.GrantReturnReward,9236
5,29,Fame,source,AdventurerAI.GrantReturnReward,410
5,29,Fame,source,LureEconomy.OnHeroEscaped,1025
5,29,DP,sink,CommandSystem.TryUse,-5100
5,29,DP,source,AdventurerAI.TakeDamage,11316
5,29,Material,source,AdventurerAI.TakeDamage,77
5,29,DP,source,Nemesis.OnSlain,2254
5,29,Material,source,Nemesis.OnSlain,14
5,29,DP,stock,end,17842
5,29,Material,stock,end,2851
5,29,Fame,stock,end,15185
5,30,DP,source,SurfaceMap.CollectYields,147
5,30,Material,source,SurfaceMap.CollectYields,7
5,30,Fame,source,SurfaceMap.CollectYields,33
5,30,DP,source,DistrictCatalog.Collect,28
5,30,DP,source,EraSystem.TickTurn,6528
5,30,Material,source,EraSystem.TickTurn,32
5,30,DP,sink,MinionRoster.TryForge,-22470
5,30,DP,sink,MinionRoster.TryEvolveIndividual,-750
5,30,Material,sink,MinionRoster.TryForge,-158
5,30,DP,sink,DungeonFeatureManager.TryPlaceTrap,-1050
5,30,DP,sink,MinionRoster.TrySummon,-242
5,30,DP,source,AdventurerAI.ReapEmotion,172
5,30,DP,source,AdventurerAI.TakeDamage,9892
5,30,Material,source,AdventurerAI.TakeDamage,476
5,30,DP,sink,CommandSystem.TryUse,-6050
5,30,DP,source,AdventurerAI.GrantReturnReward,8260
5,30,Fame,source,AdventurerAI.GrantReturnReward,410
5,30,Fame,source,LureEconomy.OnHeroEscaped,1025
5,30,DP,stock,end,12307
5,30,Material,stock,end,3208
5,30,Fame,stock,end,16653
5,31,DP,source,SurfaceMap.CollectYields,147
5,31,Material,source,SurfaceMap.CollectYields,8
5,31,Fame,source,SurfaceMap.CollectYields,33
5,31,DP,source,DistrictCatalog.Collect,28
5,31,DP,source,EraSystem.TickTurn,3840
5,31,Material,source,EraSystem.TickTurn,74
5,31,DP,sink,MinionRoster.TryForge,-14820
5,31,DP,sink,MinionRoster.TryEvolveIndividual,-375
5,31,Material,sink,MinionRoster.TryForge,-108
5,31,DP,sink,DungeonFeatureManager.TryPlaceTrap,-900
5,31,DP,sink,MinionRoster.TrySummon,-207
5,31,DP,source,AdventurerAI.ReapEmotion,114
5,31,DP,source,AdventurerAI.TakeDamage,18867
5,31,Material,source,AdventurerAI.TakeDamage,841
5,31,DP,sink,CommandSystem.TryUse,-6050
5,31,DP,source,AdventurerAI.GrantReturnReward,9750
5,31,Fame,source,AdventurerAI.GrantReturnReward,320
5,31,Fame,source,LureEconomy.OnHeroEscaped,800
5,31,DP,source,Nemesis.OnSlain,810
5,31,Material,source,Nemesis.OnSlain,6
5,31,DP,stock,end,23511
5,31,Material,stock,end,4029
5,31,Fame,stock,end,17806
5,32,DP,source,SurfaceMap.CollectYields,147
5,32,Material,source,SurfaceMap.CollectYields,8
5,32,Fame,source,SurfaceMap.CollectYields,33
5,32,DP,source,DistrictCatalog.Collect,28
5,32,DP,source,EraSystem.TickTurn,6528
5,32,Fame,source,EraSystem.TickTurn,272
5,32,DP,sink,MinionRoster.TryForge,-28260
5,32,DP,sink,MinionRoster.TryEvolveIndividual,-350
5,32,Material,sink,MinionRoster.TryForge,-220
5,32,DP,sink,DungeonFeatureManager.TryPlaceTrap,-1350
5,32,DP,sink,MinionRoster.TrySummon,-252
5,32,DP,source,AdventurerAI.ReapEmotion,122
5,32,DP,source,AdventurerAI.TakeDamage,15464
5,32,Material,source,AdventurerAI.TakeDamage,489
5,32,DP,sink,CommandSystem.TryUse,-5700
5,32,DP,source,AdventurerAI.GrantReturnReward,17431
5,32,Fame,source,AdventurerAI.GrantReturnReward,440
5,32,Fame,source,LureEconomy.OnHeroEscaped,1100
5,32,DP,stock,end,27319
5,32,Material,stock,end,4306
5,32,Fame,stock,end,19651
5,33,DP,source,SurfaceMap.CollectYields,167
5,33,Material,source,SurfaceMap.CollectYields,9
5,33,Fame,source,SurfaceMap.CollectYields,37
5,33,DP,source,DistrictCatalog.Collect,28
5,33,DP,source,EraSystem.TickTurn,1920
5,33,DP,sink,MinionRoster.TryForge,-27300
5,33,DP,sink,MinionRoster.TryEvolveIndividual,-375
5,33,Material,sink,MinionRoster.TryForge,-212
5,33,DP,sink,DungeonFeatureManager.TryPlaceTrap,-1500
5,33,DP,sink,MinionRoster.TrySummon,-225
5,33,DP,source,AdventurerAI.ReapEmotion,113
5,33,DP,source,AdventurerAI.TakeDamage,24780
5,33,Material,source,AdventurerAI.TakeDamage,463
5,33,DP,sink,CommandSystem.TryUse,-4900
5,33,DP,source,AdventurerAI.GrantReturnReward,15887
5,33,Fame,source,AdventurerAI.GrantReturnReward,240
5,33,Fame,source,LureEconomy.OnHeroEscaped,600
5,33,DP,stock,end,35914
5,33,Material,stock,end,4566
5,33,Fame,stock,end,20528
5,34,DP,source,SurfaceMap.CollectYields,167
5,34,Material,source,SurfaceMap.CollectYields,9
5,34,Fame,source,SurfaceMap.CollectYields,37
5,34,DP,source,DistrictCatalog.Collect,28
5,34,DP,sink,MinionRoster.TryForge,-2340
5,34,DP,sink,DungeonFloorManager.TryAddFloor,-31250
5,34,DP,sink,DungeonFloorManager.TryExpandFloor,-1200
5,34,DP,sink,MinionRoster.TryEvolveIndividual,-350
5,34,Material,sink,MinionRoster.TryForge,-4
5,34,DP,sink,DungeonFeatureManager.TryPlaceTrap,-750
5,34,DP,sink,MinionRoster.TrySummon,-188
5,34,DP,source,AdventurerAI.ReapEmotion,114
5,34,DP,source,AdventurerAI.GrantReturnReward,14317
5,34,Fame,source,AdventurerAI.GrantReturnReward,240
5,34,Fame,source,LureEconomy.OnHeroEscaped,600
5,34,DP,sink,CommandSystem.TryUse,-4800
5,34,DP,source,AdventurerAI.TakeDamage,26625
5,34,Material,source,AdventurerAI.TakeDamage,504
5,34,DP,stock,end,36287
5,34,Material,stock,end,5075
5,34,Fame,stock,end,21405
5,35,DP,source,SurfaceMap.CollectYields,167
5,35,Material,source,SurfaceMap.CollectYields,9
5,35,Fame,source,SurfaceMap.CollectYields,37
5,35,DP,source,DistrictCatalog.Collect,28
5,35,DP,sink,MinionRoster.TryForge,-32700
5,35,DP,sink,DungeonFloorManager.TryExpandFloor,-1500
5,35,DP,sink,MinionRoster.TryEvolveIndividual,-250
5,35,Material,sink,MinionRoster.TryForge,-342
5,35,DP,sink,DungeonFeatureManager.TryPlaceTrap,-1800
5,35,DP,sink,MinionRoster.TrySummon,-225
5,35,DP,source,AdventurerAI.ReapEmotion,226
5,35,DP,source,AdventurerAI.TakeDamage,23074
5,35,Material,source,AdventurerAI.TakeDamage,540
5,35,DP,sink,CommandSystem.TryUse,-4900
5,35,DP,source,AdventurerAI.GrantReturnReward,17729
5,35,Fame,source,AdventurerAI.GrantReturnReward,330
5,35,Fame,source,LureEconomy.OnHeroEscaped,825
5,35,DP,stock,end,36136
5,35,Material,stock,end,5282
5,35,Fame,stock,end,22597
5,36,DP,source,SurfaceMap.CollectYields,167
5,36,Material,source,SurfaceMap.CollectYields,9
5,36,Fame,source,SurfaceMap.CollectYields,37
5,36,DP,source,DistrictCatalog.Collect,28
5,36,DP,sink,MinionRoster.TryForge,-33900
5,36,DP,sink,MinionRoster.TryEvolveIndividual,-750
5,36,Material,sink,MinionRoster.TryForge,-362
5,36,DP,sink,DungeonFeatureManager.TryPlaceTrap,-1500
5,36,DP,sink,MinionRoster.TrySummon,-150
5,36,DP,source,AdventurerAI.ReapEmotion,654
5,36,DP,sink,CommandSystem.TryUse,-5700
5,36,DP,source,AdventurerAI.GrantReturnReward,16701
5,36,Fame,source,AdventurerAI.GrantReturnReward,290
5,36,Fame,source,LureEconomy.OnHeroEscaped,725
5,36,DP,source,AdventurerAI.TakeDamage,22900
5,36,Material,source,AdventurerAI.TakeDamage,410
5,36,DP,stock,end,34586
5,36,Material,stock,end,5339
5,36,Fame,stock,end,23649
5,37,DP,source,SurfaceMap.CollectYields,167
5,37,Material,source,SurfaceMap.CollectYields,9
5,37,Fame,source,SurfaceMap.CollectYields,37
5,37,DP,source,DistrictCatalog.Collect,28
5,37,DP,sink,MinionRoster.TryForge,-29220
5,37,DP,sink,DungeonFloorManager.TryExpandFloor,-2500
5,37,DP,sink,MinionRoster.TryEvolveIndividual,-225
5,37,Material,sink,MinionRoster.TryForge,-308
5,37,DP,sink,DungeonFeatureManager.TryPlaceTrap,-2550
5,37,DP,sink,MinionRoster.TrySummon,-273
5,37,DP,source,AdventurerAI.ReapEmotion,120
5,37,DP,source,AdventurerAI.TakeDamage,29570
5,37,Material,source,AdventurerAI.TakeDamage,6504
5,37,DP,sink,CommandSystem.TryUse,-4450
5,37,DP,source,AdventurerAI.GrantReturnReward,16757
5,37,Fame,source,AdventurerAI.GrantReturnReward,240
5,37,Fame,source,LureEconomy.OnHeroEscaped,600
5,37,DP,source,Nemesis.OnSlain,4278
5,37,Material,source,Nemesis.OnSlain,17
5,37,DP,stock,end,46288
5,37,Material,stock,end,11561
5,37,Fame,stock,end,24526
5,38,DP,source,SurfaceMap.CollectYields,167
5,38,Material,source,SurfaceMap.CollectYields,9
5,38,Fame,source,SurfaceMap.CollectYields,37
5,38,DP,source,DistrictCatalog.Collect,28
5,38,DP,sink,MinionRoster.TryForge,-43260
5,38,DP,sink,MinionRoster.TryEvolveIndividual,-750
5,38,Material,sink,MinionRoster.TryForge,-470
5,38,DP,sink,DungeonFeatureManager.TryPlaceTrap,-2250
5,38,DP,sink,MinionRoster.TrySummon,-202
5,38,DP,source,AdventurerAI.ReapEmotion,132
5,38,DP,source,AdventurerAI.TakeDamage,32650
5,38,Material,source,AdventurerAI.TakeDamage,494
5,38,DP,sink,CommandSystem.TryUse,-4900
5,38,DP,source,AdventurerAI.GrantReturnReward,14829
5,38,Fame,source,AdventurerAI.GrantReturnReward,230
5,38,Fame,source,LureEconomy.OnHeroEscaped,575
5,38,DP,source,Nemesis.OnSlain,1648
5,38,Material,source,Nemesis.OnSlain,10
5,38,DP,stock,end,44380
5,38,Material,stock,end,11604
5,38,Fame,stock,end,25368
5,39,DP,source,SurfaceMap.CollectYields,167
5,39,Material,source,SurfaceMap.CollectYields,9
5,39,Fame,source,SurfaceMap.CollectYields,37
5,39,DP,source,DistrictCatalog.Collect,28
5,39,DP,sink,MinionRoster.TryForge,-41100
5,39,DP,sink,MinionRoster.TryEvolveIndividual,-250
5,39,Material,sink,MinionRoster.TryForge,-458
5,39,DP,sink,DungeonFeatureManager.TryPlaceTrap,-3000
5,39,DP,sink,MinionRoster.TrySummon,-202
5,39,DP,source,AdventurerAI.ReapEmotion,524
5,39,DP,source,AdventurerAI.TakeDamage,42271
5,39,Material,source,AdventurerAI.TakeDamage,16258
5,39,DP,sink,CommandSystem.TryUse,-5600
5,39,DP,source,AdventurerAI.GrantReturnReward,2789
5,39,Fame,source,AdventurerAI.GrantReturnReward,60
5,39,Fame,source,LureEconomy.OnHeroEscaped,150
5,39,DP,source,Nemesis.OnSlain,9463
5,39,Material,source,Nemesis.OnSlain,40
5,39,DP,stock,end,49470
5,39,Material,stock,end,27453
5,39,Fame,stock,end,25615
5,40,DP,source,SurfaceMap.CollectYields,167
5,40,Material,source,SurfaceMap.CollectYields,9
5,40,Fame,source,SurfaceMap.CollectYields,37
5,40,DP,source,DistrictCatalog.Collect,28
5,40,DP,sink,MinionRoster.TryForge,-45780
5,40,DP,sink,MinionRoster.TryEvolveIndividual,-650
5,40,Material,sink,MinionRoster.TryForge,-568
5,40,DP,sink,DungeonFeatureManager.TryPlaceTrap,-3000
5,40,DP,sink,MinionRoster.TrySummon,-202
5,40,DP,source,AdventurerAI.ReapEmotion,181
5,40,DP,source,AdventurerAI.TakeDamage,52430
5,40,Material,source,AdventurerAI.TakeDamage,1439
5,40,DP,sink,CommandSystem.TryUse,-4900
5,40,DP,source,AdventurerAI.GrantReturnReward,13984
5,40,Fame,source,AdventurerAI.GrantReturnReward,140
5,40,Fame,source,LureEconomy.OnHeroEscaped,350
5,40,DP,source,Nemesis.OnSlain,3959
5,40,Material,source,Nemesis.OnSlain,21
5,40,DP,stock,end,65687
5,40,Material,stock,end,28354
5,40,Fame,stock,end,26142
5,41,DP,source,SurfaceMap.CollectYields,167
5,41,Material,source,SurfaceMap.CollectYields,9
5,41,Fame,source,SurfaceMap.CollectYields,37
5,41,DP,source,DistrictCatalog.Collect,28
5,41,DP,sink,MinionRoster.TryForge,-62580
5,41,DP,sink,MinionRoster.TryEvolveIndividual,-650
5,41,Material,sink,MinionRoster.TryForge,-792
5,41,DP,sink,DungeonFeatureManager.TryPlaceTrap,-1350
5,41,DP,sink,MinionRoster.TrySummon,-1273
5,41,DP,source,AdventurerAI.ReapEmotion,274
5,41,DP,source,AdventurerAI.GrantReturnReward,14190
5,41,Fame,source,AdventurerAI.GrantReturnReward,240
5,41,Fame,source,LureEconomy.OnHeroEscaped,600
5,41,DP,sink,CommandSystem.TryUse,-4750
5,41,DP,source,AdventurerAI.TakeDamage,31164
5,41,Material,source,AdventurerAI.TakeDamage,751
5,41,DP,source,Nemesis.OnSlain,940
5,41,Material,source,Nemesis.OnSlain,6
5,41,DP,stock,end,41847
5,41,Material,stock,end,28328
5,41,Fame,stock,end,27019
5,42,DP,source,SurfaceMap.CollectYields,167
5,42,Material,source,SurfaceMap.CollectYields,9
5,42,Fame,source,SurfaceMap.CollectYields,37
5,42,DP,source,DistrictCatalog.Collect,28
5,42,DP,source,EraSystem.TickTurn,1920
5,42,DP,sink,MinionRoster.TryForge,-41160
5,42,DP,sink,MinionRoster.TryEvolveIndividual,-575
5,42,Material,sink,MinionRoster.TryForge,-464
5,42,DP,sink,MinionRoster.TrySummon,-2216
5,42,DP,source,AdventurerAI.ReapEmotion,204
5,42,DP,source,AdventurerAI.GrantReturnReward,14696
5,42,Fame,source,AdventurerAI.GrantReturnReward,200
5,42,Fame,source,LureEconomy.OnHeroEscaped,500
5,42,DP,sink,CommandSystem.TryUse,-4450
5,42,DP,source,AdventurerAI.TakeDamage,33046
5,42,Material,source,AdventurerAI.TakeDamage,967
5,42,DP,source,Nemesis.OnSlain,972
5,42,Material,source,Nemesis.OnSlain,6
5,42,DP,stock,end,44479
5,42,Material,stock,end,28846
5,42,Fame,stock,end,27756
5,43,DP,source,SurfaceMap.CollectYields,209
5,43,Material,source,SurfaceMap.CollectYields,12
5,43,Fame,source,SurfaceMap.CollectYields,37
5,43,DP,source,DistrictCatalog.Collect,28
5,43,DP,sink,MinionRoster.TryForge,-36540
5,43,DP,sink,MinionRoster.TryEvolveIndividual,-450
5,43,Material,sink,MinionRoster.TryForge,-360
5,43,DP,sink,MinionRoster.TrySummon,-7695
5,43,DP,source,AdventurerAI.TakeDamage,55919
5,43,Material,source,AdventurerAI.TakeDamage,1026
5,43,DP,source,AdventurerAI.ReapEmotion,133
5,43,DP,sink,CommandSystem.TryUse,-4900
5,43,DP,source,AdventurerAI.GrantReturnReward,20375
5,43,Fame,source,AdventurerAI.GrantReturnReward,380
5,43,Fame,source,LureEconomy.OnHeroEscaped,950
5,43,DP,source,Nemesis.OnSlain,1306
5,43,Material,source,Nemesis.OnSlain,8
5,43,DP,stock,end,72864
5,43,Material,stock,end,29532
5,43,Fame,stock,end,29123
5,44,DP,source,SurfaceMap.CollectYields,184
5,44,Material,source,SurfaceMap.CollectYields,10
5,44,Fame,source,SurfaceMap.CollectYields,33
5,44,DP,source,DistrictCatalog.Collect,28
5,44,DP,sink,MinionRoster.TryForge,-32580
5,44,DP,sink,MinionRoster.TryEvolveIndividual,-300
5,44,Material,sink,MinionRoster.TryForge,-132
5,44,DP,sink,MinionRoster.TrySummon,-39230
5,44,DP,sink,CommandSystem.TryUse,-4450
5,44,DP,source,AdventurerAI.ReapEmotion,274
5,44,DP,source,AdventurerAI.TakeDamage,27183
5,44,Material,source,AdventurerAI.TakeDamage,503
5,44,DP,source,AdventurerAI.GrantReturnReward,18879
5,44,Fame,source,AdventurerAI.GrantReturnReward,310
5,44,Fame,source,LureEconomy.OnHeroEscaped,775
5,44,DP,stock,end,42852
5,44,Material,stock,end,29913
5,44,Fame,stock,end,30241
5,45,DP,source,SurfaceMap.CollectYields,184
5,45,Material,source,SurfaceMap.CollectYields,10
5,45,Fame,source,SurfaceMap.CollectYields,33
5,45,DP,source,DistrictCatalog.Collect,28
5,45,DP,sink,MinionRoster.TryForge,-41040
5,45,Material,sink,MinionRoster.TryForge,-468
5,45,DP,sink,MinionRoster.TrySummon,-1998
5,45,DP,source,AdventurerAI.ReapEmotion,207
5,45,DP,source,AdventurerAI.TakeDamage,53602
5,45,Material,source,AdventurerAI.TakeDamage,1146
5,45,DP,sink,CommandSystem.TryUse,-4900
5,45,DP,source,AdventurerAI.GrantReturnReward,14200
5,45,Fame,source,AdventurerAI.GrantReturnReward,160
5,45,Fame,source,LureEconomy.OnHeroEscaped,400
5,45,DP,source,Nemesis.OnSlain,1428
5,45,Material,source,Nemesis.OnSlain,8
5,45,DP,stock,end,64563
5,45,Material,stock,end,30609
5,45,Fame,stock,end,30834
5,46,DP,source,SurfaceMap.CollectYields,226
5,46,Material,source,SurfaceMap.CollectYields,10
5,46,Fame,source,SurfaceMap.CollectYields,40
5,46,DP,source,DistrictCatalog.Collect,28
5,46,DP,sink,MinionRoster.TryForge,-62400
5,46,Material,sink,MinionRoster.TryForge,-832
5,46,DP,sink,MinionRoster.TrySummon,-2267
5,46,DP,source,AdventurerAI.ReapEmotion,329
5,46,DP,sink,CommandSystem.TryUse,-4450
5,46,DP,source,AdventurerAI.TakeDamage,38369
5,46,Material,source,AdventurerAI.TakeDamage,975
5,46,DP,source,AdventurerAI.GrantReturnReward,15541
5,46,Fame,source,AdventurerAI.GrantReturnReward,190
5,46,Fame,source,LureEconomy.OnHeroEscaped,475
5,46,DP,stock,end,49939
5,46,Material,stock,end,30762
5,46,Fame,stock,end,31539
5,47,DP,source,SurfaceMap.CollectYields,256
5,47,Material,source,SurfaceMap.CollectYields,12
5,47,Fame,source,SurfaceMap.CollectYields,45
5,47,DP,source,DistrictCatalog.Collect,28
5,47,DP,sink,MinionRoster.TryForge,-4800
5,47,Material,sink,MinionRoster.TryForge,-64
5,47,DP,sink,MinionEvolution.TryEvolve,-9050
5,47,DP,sink,MinionRoster.TryEvolveIndividual,-35550
5,47,DP,sink,MinionRoster.TrySummon,-783
5,47,DP,source,AdventurerAI.ReapEmotion,125
5,47,DP,source,AdventurerAI.TakeDamage,51162
5,47,Material,source,AdventurerAI.TakeDamage,671
5,47,DP,sink,CommandSystem.TryUse,-4900
5,47,DP,source,AdventurerAI.GrantReturnReward,16796
5,47,Fame,source,AdventurerAI.GrantReturnReward,250
5,47,Fame,source,LureEconomy.OnHeroEscaped,625
5,47,DP,source,Nemesis.OnSlain,4627
5,47,Material,source,Nemesis.OnSlain,24
5,47,DP,stock,end,67850
5,47,Material,stock,end,31405
5,47,Fame,stock,end,32459
5,48,DP,source,SurfaceMap.CollectYields,256
5,48,Material,source,SurfaceMap.CollectYields,12
5,48,Fame,source,SurfaceMap.CollectYields,45
5,48,DP,source,DistrictCatalog.Collect,28
5,48,DP,source,EraSystem.TickTurn,9720
5,48,DP,sink,MinionRoster.TryForge,-60000
5,48,Material,sink,MinionRoster.TryForge,-800
5,48,DP,sink,MinionRoster.TryEvolveIndividual,-14150
5,48,DP,sink,MinionRoster.TrySummon,-3665
5,48,DP,source,AdventurerAI.ReapEmotion,146
5,48,DP,source,AdventurerAI.TakeDamage,27077
5,48,Material,source,AdventurerAI.TakeDamage,109502
5,48,DP,sink,CommandSystem.TryUse,-4450
5,48,DP,source,Nemesis.OnSlain,8797
5,48,Material,source,Nemesis.OnSlain,40
5,48,DP,source,AdventurerAI.GrantReturnReward,2054
5,48,Fame,source,AdventurerAI.GrantReturnReward,30
5,48,Fame,source,LureEconomy.OnHeroEscaped,75
5,48,DP,stock,end,33663
5,48,Material,stock,end,140159
5,48,Fame,stock,end,32609
5,49,DP,source,SurfaceMap.CollectYields,256
5,49,Material,source,SurfaceMap.CollectYields,12
5,49,Fame,source,SurfaceMap.CollectYields,45
5,49,DP,source,DistrictCatalog.Collect,28
5,49,DP,source,EraSystem.TickTurn,9720
5,49,DP,sink,MinionRoster.TryForge,-4800
5,49,Material,sink,MinionRoster.TryForge,-64
5,49,DP,sink,MinionEvolution.TryEvolve,-14200
5,49,DP,sink,MinionRoster.TryEvolveIndividual,-23850
5,49,DP,sink,MinionRoster.TrySummon,-792
5,49,DP,source,AdventurerAI.ReapEmotion,329
5,49,DP,sink,CommandSystem.TryUse,-4900
5,49,DP,source,AdventurerAI.TakeDamage,49632
5,49,Material,source,AdventurerAI.TakeDamage,1028
5,49,DP,source,AdventurerAI.GrantReturnReward,5933
5,49,Fame,source,AdventurerAI.GrantReturnReward,120
5,49,Fame,source,LureEconomy.OnHeroEscaped,300
5,49,DP,source,Nemesis.OnSlain,2074
5,49,Material,source,Nemesis.OnSlain,12
5,49,DP,stock,end,53093
5,49,Material,stock,end,141147
5,49,Fame,stock,end,33074
5,50,DP,source,SurfaceMap.CollectYields,225
5,50,Material,source,SurfaceMap.CollectYields,12
5,50,Fame,source,SurfaceMap.CollectYields,37
5,50,DP,source,DistrictCatalog.Collect,28
5,50,DP,source,EraSystem.TickTurn,9720
5,50,DP,sink,MinionRoster.TryForge,-4800
5,50,Material,sink,MinionRoster.TryForge,-64
5,50,DP,sink,MinionEvolution.TryEvolve,-19050
5,50,DP,sink,MinionRoster.TryEvolveIndividual,-38150
5,50,DP,sink,MinionRoster.TrySummon,-1023
5,50,DP,source,AdventurerAI.ReapEmotion,320
5,50,DP,sink,CommandSystem.TryUse,-4550
5,50,DP,source,AdventurerAI.TakeDamage,78956
5,50,Material,source,AdventurerAI.TakeDamage,861
5,50,DP,source,Nemesis.OnSlain,2106
5,50,Material,source,Nemesis.OnSlain,12
5,50,DP,source,AdventurerAI.GrantReturnReward,3946
5,50,Fame,source,AdventurerAI.GrantReturnReward,50
5,50,Fame,source,LureEconomy.OnHeroEscaped,125
5,50,DP,stock,end,80821
5,50,Material,stock,end,141968
5,50,Fame,stock,end,33286
5,51,DP,source,SurfaceMap.CollectYields,225
5,51,Material,source,SurfaceMap.CollectYields,12
5,51,Fame,source,SurfaceMap.CollectYields,37
5,51,DP,source,DistrictCatalog.Collect,28
5,51,DP,source,EraSystem.TickTurn,9720
5,51,DP,sink,MinionRoster.TryForge,-4800
5,51,Material,sink,MinionRoster.TryForge,-64
5,51,DP,sink,DungeonFloorManager.TryAddFloor,-78125
5,51,DP,sink,DungeonFloorManager.TryExpandFloor,-5200
5,51,DP,sink,MinionRoster.TryEvolveIndividual,-1650
5,51,DP,sink,DungeonFeatureManager.TryPlaceTrap,-750
5,51,DP,sink,MinionRoster.TrySummon,-233
5,51,DP,source,AdventurerAI.ReapEmotion,150
5,51,DP,source,AdventurerAI.TakeDamage,57726
5,51,Material,source,AdventurerAI.TakeDamage,1180
5,51,DP,sink,CommandSystem.TryUse,-4450
5,51,DP,source,AdventurerAI.GrantReturnReward,3150
5,51,Fame,source,AdventurerAI.GrantReturnReward,70
5,51,Fame,source,LureEconomy.OnHeroEscaped,175
5,51,DP,source,Nemesis.OnSlain,1069
5,51,Material,source,Nemesis.OnSlain,6
5,51,DP,stock,end,57681
5,51,Material,stock,end,143102
5,51,Fame,stock,end,33568
5,52,DP,source,SurfaceMap.CollectYields,225
5,52,Material,source,SurfaceMap.CollectYields,12
5,52,Fame,source,SurfaceMap.CollectYields,37
5,52,DP,source,DistrictCatalog.Collect,28
5,52,DP,source,EraSystem.TickTurn,16524
5,52,DP,sink,MinionRoster.TryForge,-16800
5,52,Material,sink,MinionRoster.TryForge,-224
5,52,DP,sink,MinionRoster.TryEvolveIndividual,-53450
5,52,DP,sink,DungeonFeatureManager.TryPlaceTrap,-3450
5,52,DP,sink,MinionRoster.TrySummon,-747
5,52,DP,source,AdventurerAI.ReapEmotion,446
5,52,DP,sink,CommandSystem.TryUse,-4900
5,52,DP,source,AdventurerAI.TakeDamage,63604
5,52,Material,source,AdventurerAI.TakeDamage,1512
5,52,DP,source,AdventurerAI.GrantReturnReward,8541
5,52,Fame,source,AdventurerAI.GrantReturnReward,140
5,52,Fame,source,LureEconomy.OnHeroEscaped,350
5,52,DP,source,Nemesis.OnSlain,1469
5,52,Material,source,Nemesis.OnSlain,8
5,52,DP,stock,end,69171
5,52,Material,stock,end,144410
5,52,Fame,stock,end,34095
5,53,DP,source,SurfaceMap.CollectYields,225
5,53,Material,source,SurfaceMap.CollectYields,12
5,53,Fame,source,SurfaceMap.CollectYields,37
5,53,DP,source,DistrictCatalog.Collect,28
5,53,Material,source,DistrictCatalog.Collect,10
5,53,DP,source,EraSystem.TickTurn,9720
5,53,Material,source,EraSystem.TickTurn,124
5,53,DP,sink,MinionRoster.TryForge,-11520
5,53,Material,sink,MinionRoster.TryForge,-168
5,53,DP,sink,MinionRoster.TryEvolveIndividual,-62600
5,53,DP,sink,DungeonFeatureManager.TryPlaceTrap,-750
5,53,DP,sink,MinionRoster.TrySummon,-4263
5,53,DP,source,AdventurerAI.ReapEmotion,197
5,53,DP,source,AdventurerAI.TakeDamage,63074
5,53,Material,source,AdventurerAI.TakeDamage,913
5,53,DP,sink,CommandSystem.TryUse,-4450
5,53,DP,source,AdventurerAI.GrantReturnReward,6457
5,53,Fame,source,AdventurerAI.GrantReturnReward,170
5,53,Fame,source,LureEconomy.OnHeroEscaped,425
5,53,DP,source,Nemesis.OnSlain,2236
5,53,Material,source,Nemesis.OnSlain,12
5,53,DP,stock,end,67525
5,53,Material,stock,end,145313
5,53,Fame,stock,end,34727
5,54,DP,source,SurfaceMap.CollectYields,225
5,54,Material,source,SurfaceMap.CollectYields,12
5,54,Fame,source,SurfaceMap.CollectYields,37
5,54,DP,source,DistrictCatalog.Collect,28
5,54,Material,source,DistrictCatalog.Collect,10
5,54,DP,source,EraSystem.TickTurn,9720
5,54,Material,source,EraSystem.TickTurn,62
5,54,Fame,source,EraSystem.TickTurn,135
5,54,DP,sink,MinionRoster.TryForge,-74880
5,54,Material,sink,MinionRoster.TryForge,-1092
5,54,DP,sink,MinionRoster.TrySummon,-2592
5,54,DP,source,AdventurerAI.ReapEmotion,149
5,54,DP,source,AdventurerAI.TakeDamage,70607
5,54,Material,source,AdventurerAI.TakeDamage,985
5,54,DP,sink,CommandSystem.TryUse,-4450
5,54,DP,source,AdventurerAI.GrantReturnReward,5547
5,54,Fame,source,AdventurerAI.GrantReturnReward,80
5,54,Fame,source,LureEconomy.OnHeroEscaped,200
5,54,DP,source,Nemesis.OnSlain,2091
5,54,Material,source,Nemesis.OnSlain,10
5,54,DP,stock,end,73970
5,54,Material,stock,end,145300
5,54,Fame,stock,end,35179
5,55,DP,source,SurfaceMap.CollectYields,256
5,55,Material,source,SurfaceMap.CollectYields,12
5,55,Fame,source,SurfaceMap.CollectYields,45
5,55,DP,source,DistrictCatalog.Collect,28
5,55,Material,source,DistrictCatalog.Collect,12
5,55,DP,source,EraSystem.TickTurn,9720
5,55,DP,sink,MinionRoster.TryForge,-80640
5,55,Material,sink,MinionRoster.TryForge,-1176
5,55,DP,sink,MinionRoster.TrySummon,-3321
5,55,DP,source,AdventurerAI.ReapEmotion,306
5,55,DP,sink,CommandSystem.TryUse,-4550
5,55,DP,source,AdventurerAI.TakeDamage,89087
5,55,Material,source,AdventurerAI.TakeDamage,796
5,55,DP,source,AdventurerAI.GrantReturnReward,13363
5,55,Fame,source,AdventurerAI.GrantReturnReward,180
5,55,Fame,source,LureEconomy.OnHeroEscaped,450
5,55,DP,source,Nemesis.OnSlain,3921
5,55,Material,source,Nemesis.OnSlain,18
5,55,DP,stock,end,102140
5,55,Material,stock,end,144962
5,55,Fame,stock,end,35854
5,56,DP,source,SurfaceMap.CollectYields,256
5,56,Material,source,SurfaceMap.CollectYields,12
5,56,Fame,source,SurfaceMap.CollectYields,45
5,56,DP,source,DistrictCatalog.Collect,28
5,56,Material,source,DistrictCatalog.Collect,12
5,56,DP,source,EraSystem.TickTurn,11664
5,56,DP,sink,MinionRoster.TryForge,-109440
5,56,Material,sink,MinionRoster.TryForge,-1596
5,56,DP,sink,MinionRoster.TrySummon,-4631
5,56,DP,source,AdventurerAI.ReapEmotion,363
5,56,DP,sink,CommandSystem.TryUse,-4900
5,56,DP,source,AdventurerAI.TakeDamage,74122
5,56,Material,source,AdventurerAI.TakeDamage,982
5,56,DP,source,AdventurerAI.GrantReturnReward,7962
5,56,Fame,source,AdventurerAI.GrantReturnReward,190
5,56,Fame,source,LureEconomy.OnHeroEscaped,475
5,56,DP,source,Nemesis.OnSlain,2650
5,56,Material,source,Nemesis.OnSlain,13
5,56,DP,stock,end,80214
5,56,Material,stock,end,144385
5,56,Fame,stock,end,36564
5,57,DP,source,SurfaceMap.CollectYields,256
5,57,Material,source,SurfaceMap.CollectYields,12
5,57,Fame,source,SurfaceMap.CollectYields,45
5,57,DP,source,DistrictCatalog.Collect,28
5,57,Material,source,DistrictCatalog.Collect,12
5,57,DP,sink,MinionRoster.TryForge,-77760
5,57,Material,sink,MinionRoster.TryForge,-1134
5,57,DP,sink,MinionRoster.TrySummon,-2705
5,57,DP,source,AdventurerAI.ReapEmotion,148
5,57,DP,source,AdventurerAI.TakeDamage,46868
5,57,Material,source,AdventurerAI.TakeDamage,459
5,57,DP,sink,CommandSystem.TryUse,-4250
5,57,DP,source,AdventurerAI.GrantReturnReward,2880
5,57,Fame,source,AdventurerAI.GrantReturnReward,60
5,57,Fame,source,LureEconomy.OnHeroEscaped,150
5,57,DP,source,Nemesis.OnSlain,2300
5,57,Material,source,Nemesis.OnSlain,12
5,57,DP,stock,end,47979
5,57,Material,stock,end,143746
5,57,Fame,stock,end,36819
5,58,DP,source,SurfaceMap.CollectYields,256
5,58,Material,source,SurfaceMap.CollectYields,12
5,58,Fame,source,SurfaceMap.CollectYields,45
5,58,DP,source,DistrictCatalog.Collect,28
5,58,Material,source,DistrictCatalog.Collect,10
5,58,DP,sink,MinionRoster.TryForge,-43200
5,58,Material,sink,MinionRoster.TryForge,-650
5,58,DP,sink,MinionRoster.TrySummon,-5061
5,58,DP,source,AdventurerAI.ReapEmotion,176
5,58,DP,source,AdventurerAI.TakeDamage,89811
5,58,Material,source,AdventurerAI.TakeDamage,1066
5,58,DP,sink,CommandSystem.TryUse,-4100
5,58,DP,source,AdventurerAI.GrantReturnReward,5664
5,58,Fame,source,AdventurerAI.GrantReturnReward,80
5,58,Fame,source,LureEconomy.OnHeroEscaped,200
5,58,DP,source,Nemesis.OnSlain,4281
5,58,Material,source,Nemesis.OnSlain,18
5,58,DP,stock,end,95834
5,58,Material,stock,end,144202
5,58,Fame,stock,end,37144
5,59,DP,source,SurfaceMap.CollectYields,198
5,59,Material,source,SurfaceMap.CollectYields,10
5,59,Fame,source,SurfaceMap.CollectYields,33
5,59,DP,source,DistrictCatalog.Collect,28
5,59,Material,source,DistrictCatalog.Collect,10
5,59,DP,sink,MinionRoster.TryForge,-90000
5,59,Material,sink,MinionRoster.TryForge,-1375
5,59,DP,sink,MinionRoster.TrySummon,-6037
5,59,DP,source,AdventurerAI.TakeDamage,68899
5,59,Material,source,AdventurerAI.TakeDamage,1009
5,59,DP,source,AdventurerAI.ReapEmotion,142
5,59,DP,sink,CommandSystem.TryUse,-4100
5,59,DP,source,AdventurerAI.GrantReturnReward,8558
5,59,Fame,source,AdventurerAI.GrantReturnReward,230
5,59,Fame,source,LureEconomy.OnHeroEscaped,575
5,59,DP,source,Nemesis.OnSlain,1717
5,59,Material,source,Nemesis.OnSlain,6
5,59,DP,stock,end,75239
5,59,Material,stock,end,143862
5,59,Fame,stock,end,37982
5,60,DP,source,SurfaceMap.CollectYields,198
5,60,Material,source,SurfaceMap.CollectYields,10
5,60,Fame,source,SurfaceMap.CollectYields,33
5,60,DP,source,DistrictCatalog.Collect,28
5,60,Material,source,DistrictCatalog.Collect,10
5,60,DP,sink,MinionRoster.TryForge,-72000
5,60,Material,sink,MinionRoster.TryForge,-1100
5,60,DP,sink,MinionRoster.TrySummon,-3461
5,60,DP,source,AdventurerAI.ReapEmotion,369
5,60,DP,sink,CommandSystem.TryUse,-4550
5,60,DP,source,AdventurerAI.TakeDamage,104820
5,60,Material,source,AdventurerAI.TakeDamage,894
5,60,DP,source,AdventurerAI.GrantReturnReward,16135
5,60,Fame,source,AdventurerAI.GrantReturnReward,220
5,60,Fame,source,LureEconomy.OnHeroEscaped,550
5,60,DP,source,Nemesis.OnSlain,2774
5,60,Material,source,Nemesis.OnSlain,14
5,60,DP,stock,end,119552
5,60,Material,stock,end,143690
5,60,Fame,stock,end,38785
5,61,DP,source,SurfaceMap.CollectYields,198
5,61,Material,source,SurfaceMap.CollectYields,10
5,61,Fame,source,SurfaceMap.CollectYields,33
5,61,DP,source,DistrictCatalog.Collect,28
5,61,Material,source,DistrictCatalog.Collect,10
5,61,DP,sink,MinionRoster.TryForge,-115200
5,61,Material,sink,MinionRoster.TryForge,-1760
5,61,DP,sink,MinionRoster.TrySummon,-4520
5,61,DP,source,AdventurerAI.ReapEmotion,157
5,61,DP,source,AdventurerAI.GrantReturnReward,12175
5,61,Fame,source,AdventurerAI.GrantReturnReward,230
5,61,Fame,source,LureEconomy.OnHeroEscaped,575
5,61,DP,sink,CommandSystem.TryUse,-4100
5,61,DP,source,AdventurerAI.TakeDamage,83606
5,61,Material,source,AdventurerAI.TakeDamage,1444
5,61,DP,source,Nemesis.OnSlain,1591
5,61,Material,source,Nemesis.OnSlain,8
5,61,DP,stock,end,93487
5,61,Material,stock,end,143402
5,61,Fame,stock,end,39623
5,62,DP,source,SurfaceMap.CollectYields,225
5,62,Material,source,SurfaceMap.CollectYields,12
5,62,Fame,source,SurfaceMap.CollectYields,37
5,62,DP,source,DistrictCatalog.Collect,28
5,62,Material,source,DistrictCatalog.Collect,10
5,62,DP,sink,MinionRoster.TryForge,-90000
5,62,Material,sink,MinionRoster.TryForge,-1375
5,62,DP,sink,MinionRoster.TrySummon,-3723
5,62,DP,source,AdventurerAI.ReapEmotion,358
5,62,DP,sink,CommandSystem.TryUse,-4100
5,62,DP,source,AdventurerAI.GrantReturnReward,10208
5,62,Fame,source,AdventurerAI.GrantReturnReward,170
5,62,Fame,source,LureEconomy.OnHeroEscaped,425
5,62,DP,source,AdventurerAI.TakeDamage,94972
5,62,Material,source,AdventurerAI.TakeDamage,1005
5,62,DP,stock,end,101455
5,62,Material,stock,end,143054
5,62,Fame,stock,end,40255
5,63,DP,source,SurfaceMap.CollectYields,225
5,63,Material,source,SurfaceMap.CollectYields,12
5,63,Fame,source,SurfaceMap.CollectYields,37
5,63,DP,source,DistrictCatalog.Collect,28
5,63,Material,source,DistrictCatalog.Collect,10
5,63,DP,sink,MinionRoster.TryForge,-95040
5,63,Material,sink,MinionRoster.TryForge,-1480
5,63,DP,sink,MinionRoster.TrySummon,-6649
5,63,DP,source,AdventurerAI.ReapEmotion,169
5,63,DP,source,AdventurerAI.TakeDamage,85660
5,63,Material,source,AdventurerAI.TakeDamage,1150
5,63,DP,sink,CommandSystem.TryUse,-4100
5,63,DP,source,AdventurerAI.GrantReturnReward,11202
5,63,Fame,source,AdventurerAI.GrantReturnReward,240
5,63,Fame,source,LureEconomy.OnHeroEscaped,600
5,63,DP,stock,end,92950
5,63,Material,stock,end,142746
5,63,Fame,stock,end,41132
5,64,DP,source,SurfaceMap.CollectYields,225
5,64,Material,source,SurfaceMap.CollectYields,12
5,64,Fame,source,SurfaceMap.CollectYields,37
5,64,DP,source,DistrictCatalog.Collect,28
5,64,Material,source,DistrictCatalog.Collect,10
5,64,DP,sink,MinionRoster.TryForge,-86400
5,64,Material,sink,MinionRoster.TryForge,-1400
5,64,DP,sink,MinionRoster.TrySummon,-6799
5,64,DP,source,AdventurerAI.ReapEmotion,210
5,64,DP,source,AdventurerAI.TakeDamage,82277
5,64,Material,source,AdventurerAI.TakeDamage,1024
5,64,DP,sink,CommandSystem.TryUse,-4250
5,64,DP,source,AdventurerAI.GrantReturnReward,9430
5,64,Fame,source,AdventurerAI.GrantReturnReward,270
5,64,Fame,source,LureEconomy.OnHeroEscaped,675
5,64,DP,source,Nemesis.OnSlain,3841
5,64,Material,source,Nemesis.OnSlain,18
5,64,DP,stock,end,91512
5,64,Material,stock,end,142410
5,64,Fame,stock,end,42114
5,65,DP,source,SurfaceMap.CollectYields,225
5,65,Material,source,SurfaceMap.CollectYields,12
5,65,Fame,source,SurfaceMap.CollectYields,37
5,65,DP,source,DistrictCatalog.Collect,28
5,65,Material,source,DistrictCatalog.Collect,10
5,65,DP,sink,MinionRoster.TryForge,-86400
5,65,Material,sink,MinionRoster.TryForge,-1400
5,65,DP,sink,MinionRoster.TrySummon,-5356
5,65,DP,source,AdventurerAI.ReapEmotion,219
5,65,DP,source,AdventurerAI.TakeDamage,107272
5,65,Material,source,AdventurerAI.TakeDamage,731
5,65,DP,sink,CommandSystem.TryUse,-3400
5,65,DP,source,AdventurerAI.GrantReturnReward,9537
5,65,Fame,source,AdventurerAI.GrantReturnReward,120
5,65,Fame,source,LureEconomy.OnHeroEscaped,300
5,65,DP,stock,end,113637
5,65,Material,stock,end,141763
5,65,Fame,stock,end,42571
5,66,DP,source,SurfaceMap.CollectYields,225
5,66,Material,source,SurfaceMap.CollectYields,12
5,66,Fame,source,SurfaceMap.CollectYields,37
5,66,DP,source,DistrictCatalog.Collect,28
5,66,Material,source,DistrictCatalog.Collect,10
5,66,DP,sink,MinionRoster.TryForge,-108000
5,66,Material,sink,MinionRoster.TryForge,-1750
5,66,DP,sink,MinionRoster.TrySummon,-5873
5,66,DP,source,AdventurerAI.ReapEmotion,242
5,66,DP,source,AdventurerAI.GrantReturnReward,11107
5,66,Fame,source,AdventurerAI.GrantReturnReward,400
5,66,Fame,source,LureEconomy.OnHeroEscaped,1000
5,66,DP,sink,CommandSystem.TryUse,-5000
5,66,DP,source,AdventurerAI.TakeDamage,71764
5,66,Material,source,AdventurerAI.TakeDamage,674
5,66,DP,source,Nemesis.OnSlain,6612
5,66,Material,source,Nemesis.OnSlain,28
5,66,DP,stock,end,84742
5,66,Material,stock,end,140737
5,66,Fame,stock,end,44008
5,67,DP,source,SurfaceMap.CollectYields,225
5,67,Material,source,SurfaceMap.CollectYields,12
5,67,Fame,source,SurfaceMap.CollectYields,37
5,67,DP,source,DistrictCatalog.Collect,28
5,67,Material,source,DistrictCatalog.Collect,12
5,67,DP,sink,MinionRoster.TryForge,-77760
5,67,Material,sink,MinionRoster.TryForge,-1260
5,67,DP,sink,MinionRoster.TrySummon,-7197
5,67,DP,source,AdventurerAI.ReapEmotion,159
5,67,DP,source,AdventurerAI.TakeDamage,92730
5,67,Material,source,AdventurerAI.TakeDamage,952
5,67,DP,sink,CommandSystem.TryUse,-4550
5,67,DP,source,Nemesis.OnSlain,5485
5,67,Material,source,Nemesis.OnSlain,20
5,67,DP,source,AdventurerAI.GrantReturnReward,14526
5,67,Fame,source,AdventurerAI.GrantReturnReward,290
5,67,Fame,source,LureEconomy.OnHeroEscaped,725
5,67,DP,stock,end,108388
5,67,Material,stock,end,140473
5,67,Fame,stock,end,45060
5,68,DP,source,SurfaceMap.CollectYields,256
5,68,Material,source,SurfaceMap.CollectYields,12
5,68,Fame,source,SurfaceMap.CollectYields,45
5,68,DP,source,DistrictCatalog.Collect,28
5,68,Material,source,DistrictCatalog.Collect,12
5,68,DP,sink,MinionRoster.TryForge,-103680
5,68,Material,sink,MinionRoster.TryForge,-1680
5,68,DP,sink,MinionRoster.TrySummon,-4987
5,68,DP,source,AdventurerAI.ReapEmotion,150
5,68,DP,source,AdventurerAI.TakeDamage,100896
5,68,Material,source,AdventurerAI.TakeDamage,1260
5,68,DP,sink,CommandSystem.TryUse,-4550
5,68,DP,source,AdventurerAI.GrantReturnReward,10044
5,68,Fame,source,AdventurerAI.GrantReturnReward,210
5,68,Fame,source,LureEconomy.OnHeroEscaped,525
5,68,DP,source,Nemesis.OnSlain,1280
5,68,Material,source,Nemesis.OnSlain,6
5,68,DP,stock,end,107825
5,68,Material,stock,end,140083
5,68,Fame,stock,end,45840
6,1,DP,sink,DungeonFeatureManager.TryPlaceTrap,-150
6,1,DP,sink,MinionRoster.TrySummon,-46
6,1,DP,source,AdventurerAI.ReapEmotion,100
6,1,DP,source,AdventurerAI.TakeDamage,165
6,1,Material,source,AdventurerAI.TakeDamage,10
6,1,DP,source,AdventurerAI.GrantReturnReward,496
6,1,Fame,source,AdventurerAI.GrantReturnReward,20
6,1,Fame,source,LureEconomy.OnHeroEscaped,50
6,1,DP,sink,CommandSystem.TryUse,-650
6,1,DP,stock,end,115
6,1,Material,stock,end,10
6,1,Fame,stock,end,70
6,2,DP,source,SurfaceMap.CollectYields,18
6,2,Material,source,SurfaceMap.CollectYields,1
6,2,Fame,source,SurfaceMap.CollectYields,4
6,2,DP,source,EraSystem.TickTurn,600
6,2,Fame,source,EraSystem.TickTurn,25
6,2,DP,sink,MinionRoster.TryForge,-236
6,2,DP,sink,MinionEvolution.TryEvolve,-150
6,2,DP,sink,DungeonFeatureManager.TryPlaceTrap,-150
6,2,DP,sink,MinionRoster.TrySummon,-180
6,2,DP,source,AdventurerAI.ReapEmotion,108
6,2,Fame,source,AdventurerAI.GrantReturnReward,30
6,2,Fame,source,LureEconomy.OnHeroEscaped,75
6,2,DP,source,AdventurerAI.TakeDamage,138
6,2,Material,source,AdventurerAI.TakeDamage,6
6,2,DP,source,AdventurerAI.GrantReturnReward,326
6,2,DP,sink,CommandSystem.TryUse,-300
6,2,DP,stock,end,289
6,2,Material,stock,end,17
6,2,Fame,stock,end,204
6,3,DP,source,SurfaceMap.CollectYields,18
6,3,Material,source,SurfaceMap.CollectYields,1
6,3,Fame,source,SurfaceMap.CollectYields,4
6,3,DP,source,EraSystem.TickTurn,600
6,3,Material,source,EraSystem.TickTurn,10
6,3,Fame,source,EraSystem.TickTurn,25
6,3,DP,sink,MinionRoster.TryForge,-236
6,3,DP,sink,MinionEvolution.TryEvolve,-250
6,3,DP,sink,MinionRoster.TryEvolveIndividual,-75
6,3,DP,sink,DungeonFeatureManager.TryPlaceTrap,-150
6,3,DP,sink,MinionRoster.TrySummon,-181
6,3,DP,source,AdventurerAI.TakeDamage,249
6,3,Material,source,AdventurerAI.TakeDamage,8
6,3,DP,source,AdventurerAI.ReapEmotion,113
6,3,DP,sink,CommandSystem.TryUse,-650
6,3,DP,source,AdventurerAI.GrantReturnReward,351
6,3,Fame,source,AdventurerAI.GrantReturnReward,20
6,3,Fame,source,LureEconomy.OnHeroEscaped,50
6,3,DP,stock,end,78
6,3,Material,stock,end,36
6,3,Fame,stock,end,303
6,4,DP,source,SurfaceMap.CollectYields,18
6,4,Material,source,SurfaceMap.CollectYields,1
6,4,Fame,source,SurfaceMap.CollectYields,4
6,4,DP,source,EraSystem.TickTurn,600
6,4,DP,sink,MinionRoster.TryForge,-236
6,4,DP,sink,MinionRoster.TryEvolveIndividual,-150
6,4,DP,sink,DungeonFeatureManager.TryPlaceTrap,-150
6,4,DP,sink,MinionRoster.TrySummon,-156
6,4,DP,source,AdventurerAI.TakeDamage,263
6,4,Material,source,AdventurerAI.TakeDamage,8
6,4,Fame,source,AdventurerAI.GrantReturnReward,30
6,4,Fame,source,LureEconomy.OnHeroEscaped,75
6,4,DP,source,AdventurerAI.ReapEmotion,138
6,4,DP,source,Nemesis.OnSlain,454
6,4,Material,source,Nemesis.OnSlain,5
6,4,DP,sink,CommandSystem.TryUse,-1150
6,4,DP,source,AdventurerAI.GrantReturnReward,1470
6,4,DP,stock,end,1179
6,4,Material,stock,end,50
6,4,Fame,stock,end,412
6,5,DP,source,SurfaceMap.CollectYields,18
6,5,Material,source,SurfaceMap.CollectYields,1
6,5,Fame,source,SurfaceMap.CollectYields,4
6,5,DP,source,EraSystem.TickTurn,600
6,5,DP,sink,MinionRoster.TryForge,-212
6,5,DP,sink,DungeonFloorManager.TryAddFloor,-800
6,5,DP,sink,DungeonFloorManager.TryExpandFloor,-400
6,5,DP,sink,MinionRoster.TryEvolveIndividual,-75
6,5,DP,sink,DungeonFeatureManager.TryPlaceTrap,-150
6,5,DP,sink,MinionRoster.TrySummon,-147
6,5,DP,source,AdventurerAI.TakeDamage,605
6,5,Material,source,AdventurerAI.TakeDamage,12
6,5,DP,source,AdventurerAI.ReapEmotion,126
6,5,DP,sink,CommandSystem.TryUse,-650
6,5,Fame,source,AdventurerAI.GrantReturnReward,10
6,5,Fame,source,LureEconomy.OnHeroEscaped,25
6,5,DP,source,Nemesis.OnSlain,470
6,5,Material,source,Nemesis.OnSlain,5
6,5,DP,stock,end,564
6,5,Material,stock,end,68
6,5,Fame,stock,end,451
6,6,DP,source,SurfaceMap.CollectYields,39
6,6,Material,source,SurfaceMap.CollectYields,2
6,6,Fame,source,SurfaceMap.CollectYields,9
6,6,DP,source,EraSystem.TickTurn,600
6,6,DP,source,WaveRoster.ResolveTrial,1200
6,6,DP,sink,MinionRoster.TryForge,-318
6,6,DP,sink,DungeonFloorManager.TryExpandFloor,-1200
6,6,DP,sink,MinionEvolution.TryEvolve,-550
6,6,DP,sink,DungeonFeatureManager.TryPlaceTrap,-150
6,6,DP,sink,MinionRoster.TrySummon,-185
6,6,DP,source,AdventurerAI.TakeDamage,519
6,6,Material,source,AdventurerAI.TakeDamage,36
6,6,Fame,source,AdventurerAI.GrantReturnReward,30
6,6,Fame,source,LureEconomy.OnHeroEscaped,75
6,6,DP,source,AdventurerAI.ReapEmotion,112
6,6,DP,source,AdventurerAI.GrantReturnReward,241
6,6,DP,sink,CommandSystem.TryUse,-1150
6,6,DP,source,Nemesis.OnSlain,972
6,6,Material,source,Nemesis.OnSlain,10
6,6,DP,stock,end,694
6,6,Material,stock,end,116
6,6,Fame,stock,end,565
6,7,DP,source,SurfaceMap.CollectYields,39
6,7,Material,source,SurfaceMap.CollectYields,2
6,7,Fame,source,SurfaceMap.CollectYields,9
6,7,DP,source,EraSystem.TickTurn,600
6,7,Material,source,EraSystem.TickTurn,10
6,7,DP,sink,MinionRoster.TryForge,-212
6,7,DP,sink,DungeonFloorManager.TryExpandFloor,-800
6,7,DP,sink,DungeonFeatureManager.TryPlaceTrap,-150
6,7,DP,sink,MinionRoster.TrySummon,-162
6,7,DP,source,AdventurerAI.TakeDamage,759
6,7,Material,source,AdventurerAI.TakeDamage,46
6,7,Fame,source,AdventurerAI.GrantReturnReward,20
6,7,Fame,source,LureEconomy.OnHeroEscaped,50
6,7,DP,source,AdventurerAI.ReapEmotion,171
6,7,DP,sink,CommandSystem.TryUse,-650
6,7,DP,source,AdventurerAI.GrantReturnReward,27
6,7,DP,source,Nemesis.OnSlain,1004
6,7,Material,source,Nemesis.OnSlain,10
6,7,DP,stock,end,1320
6,7,Material,stock,end,184
6,7,Fame,stock,end,644
6,8,DP,source,SurfaceMap.CollectYields,39
6,8,Material,source,SurfaceMap.CollectYields,2
6,8,Fame,source,SurfaceMap.CollectYields,9
6,8,DP,source,EraSystem.TickTurn,600
6,8,DP,sink,MinionRoster.TryForge,-212
6,8,DP,sink,MinionEvolution.TryEvolve,-1150
6,8,DP,sink,MinionRoster.TryEvolveIndividual,-175
6,8,DP,sink,DungeonFeatureManager.TryPlaceTrap,-150
6,8,DP,sink,MinionRoster.TrySummon,-270
6,8,DP,source,AdventurerAI.TakeDamage,859
6,8,Material,source,AdventurerAI.TakeDamage,30
6,8,DP,sink,CommandSystem.TryUse,-1450
6,8,DP,source,AdventurerAI.ReapEmotion,83
6,8,DP,source,Nemesis.OnSlain,502
6,8,Material,source,Nemesis.OnSlain,5
6,8,DP,source,AdventurerAI.GrantReturnReward,319
6,8,Fame,source,AdventurerAI.GrantReturnReward,20
6,8,Fame,source,LureEconomy.OnHeroEscaped,50
6,8,DP,stock,end,315
6,8,Material,stock,end,221
6,8,Fame,stock,end,723
6,9,DP,source,SurfaceMap.CollectYields,45
6,9,Material,source,SurfaceMap.CollectYields,2
6,9,Fame,source,SurfaceMap.CollectYields,11
6,9,DP,source,EraSystem.TickTurn,1020
6,9,Fame,source,EraSystem.TickTurn,25
6,9,DP,sink,MinionRoster.TryForge,-190
6,9,DP,sink,MinionEvolution.TryEvolve,-550
6,9,DP,sink,MinionRoster.TryEvolveIndividual,-325
6,9,DP,sink,DungeonFeatureManager.TryPlaceTrap,-150
6,9,DP,sink,MinionRoster.TrySummon,-161
6,9,DP,source,AdventurerAI.TakeDamage,919
6,9,Material,source,AdventurerAI.TakeDamage,36
6,9,DP,sink,CommandSystem.TryUse,-1800
6,9,DP,source,AdventurerAI.ReapEmotion,80
6,9,DP,source,AdventurerAI.GrantReturnReward,500
6,9,Fame,source,AdventurerAI.GrantReturnReward,20
6,9,Fame,source,LureEconomy.OnHeroEscaped,50
6,9,DP,source,Nemesis.OnSlain,1036
6,9,Material,source,Nemesis.OnSlain,10
6,9,DP,stock,end,739
6,9,Material,stock,end,269
6,9,Fame,stock,end,829
6,10,DP,source,SurfaceMap.CollectYields,79
6,10,Material,source,SurfaceMap.CollectYields,3
6,10,Fame,source,SurfaceMap.CollectYields,17
6,10,DP,sink,MinionRoster.TryForge,-190
6,10,DP,sink,MinionRoster.TryEvolveIndividual,-325
6,10,DP,sink,DungeonFeatureManager.TryPlaceTrap,-150
6,10,DP,sink,MinionRoster.TrySummon,-153
6,10,DP,source,AdventurerAI.TakeDamage,640
6,10,Material,source,AdventurerAI.TakeDamage,18
6,10,DP,source,AdventurerAI.ReapEmotion,86
6,10,DP,sink,CommandSystem.TryUse,-1150
6,10,DP,source,Nemesis.OnSlain,755
6,10,Material,source,Nemesis.OnSlain,7
6,10,DP,stock,end,331
6,10,Material,stock,end,297
6,10,Fame,stock,end,846
6,11,DP,source,SurfaceMap.CollectYields,79
6,11,Material,source,SurfaceMap.CollectYields,3
6,11,Fame,source,SurfaceMap.CollectYields,17
6,11,DP,source,EraSystem.TickTurn,1020
6,11,DP,source,WaveRoster.ResolveTrial,900
6,11,DP,sink,MinionRoster.TryForge,-190
6,11,DP,sink,DungeonFloorManager.TryExpandFloor,-1500
6,11,DP,sink,MinionRoster.TryEvolveIndividual,-275
6,11,DP,sink,DungeonFeatureManager.TryPlaceTrap,-150
6,11,DP,sink,MinionRoster.TrySummon,-210
6,11,DP,source,AdventurerAI.TakeDamage,750
6,11,Material,source,AdventurerAI.TakeDamage,27
6,11,Fame,source,AdventurerAI.GrantReturnReward,50
6,11,Fame,source,LureEconomy.OnHeroEscaped,125
6,11,DP,source,AdventurerAI.ReapEmotion,85
6,11,DP,sink,CommandSystem.TryUse,-2600
6,11,DP,source,AdventurerAI.GrantReturnReward,1203
6,11,DP,source,Nemesis.OnSlain,1102
6,11,Material,source,Nemesis.OnSlain,10
6,11,DP,stock,end,545
6,11,Material,stock,end,337
6,11,Fame,stock,end,1038
6,12,DP,source,SurfaceMap.CollectYields,79
6,12,Material,source,SurfaceMap.CollectYields,3
6,12,Fame,source,SurfaceMap.CollectYields,17
6,12,DP,source,DistrictCatalog.Collect,98
6,12,DP,sink,MinionRoster.TryForge,-285
6,12,DP,sink,DungeonFeatureManager.TryPlaceTrap,-150
6,12,DP,sink,MinionRoster.TrySummon,-263
6,12,DP,source,AdventurerAI.TakeDamage,1266
6,12,Material,source,AdventurerAI.TakeDamage,43
6,12,DP,sink,CommandSystem.TryUse,-2750
6,12,Fame,source,AdventurerAI.GrantReturnReward,70
6,12,Fame,source,LureEconomy.OnHeroEscaped,175
6,12,DP,source,AdventurerAI.ReapEmotion,86
6,12,DP,source,AdventurerAI.GrantReturnReward,1861
6,12,DP,stock,end,487
6,12,Material,stock,end,383
6,12,Fame,stock,end,1300
6,13,DP,source,SurfaceMap.CollectYields,80
6,13,Material,source,SurfaceMap.CollectYields,4
6,13,Fame,source,SurfaceMap.CollectYields,18
6,13,DP,source,DistrictCatalog.Collect,98
6,13,DP,sink,MinionRoster.TryForge,-285
6,13,DP,sink,DungeonFeatureManager.TryPlaceTrap,-150
6,13,DP,sink,MinionRoster.TrySummon,-230
6,13,DP,source,AdventurerAI.TakeDamage,1206
6,13,Material,source,AdventurerAI.TakeDamage,32
6,13,DP,source,AdventurerAI.ReapEmotion,191
6,13,Fame,source,AdventurerAI.GrantReturnReward,110
6,13,Fame,source,LureEconomy.OnHeroEscaped,275
6,13,DP,sink,CommandSystem.TryUse,-4750
6,13,DP,source,AdventurerAI.GrantReturnReward,2075
6,13,DP,source,Nemesis.OnSlain,1701
6,13,Material,source,Nemesis.OnSlain,15
6,13,DP,stock,end,423
6,13,Material,stock,end,434
6,13,Fame,stock,end,1703
6,14,DP,source,SurfaceMap.CollectYields,80
6,14,Material,source,SurfaceMap.CollectYields,4
6,14,Fame,source,SurfaceMap.CollectYields,18
6,14,DP,source,DistrictCatalog.Collect,98
6,14,DP,sink,MinionRoster.TryForge,-190
6,14,DP,sink,DungeonFeatureManager.TryPlaceTrap,-150
6,14,DP,sink,MinionRoster.TrySummon,-255
6,14,DP,source,AdventurerAI.TakeDamage,1253
6,14,Material,source,AdventurerAI.TakeDamage,42
6,14,DP,sink,CommandSystem.TryUse,-2300
6,14,Fame,source,AdventurerAI.GrantReturnReward,60
6,14,Fame,source,LureEconomy.OnHeroEscaped,150
6,14,DP,source,AdventurerAI.ReapEmotion,116
6,14,DP,source,AdventurerAI.GrantReturnReward,957
6,14,DP,source,Nemesis.OnSlain,583
6,14,Material,source,Nemesis.OnSlain,5
6,14,DP,stock,end,615
6,14,Material,stock,end,485
6,14,Fame,stock,end,1931
6,15,DP,source,SurfaceMap.CollectYields,80
6,15,Material,source,SurfaceMap.CollectYields,4
6,15,Fame,source,SurfaceMap.CollectYields,18
6,15,DP,source,DistrictCatalog.Collect,98
6,15,DP,sink,MinionRoster.TryForge,-380
6,15,DP,sink,DungeonFeatureManager.TryPlaceTrap,-150
6,15,DP,sink,MinionRoster.TrySummon,-250
6,15,DP,source,AdventurerAI.ReapEmotion,180
6,15,DP,source,AdventurerAI.TakeDamage,2068
6,15,Material,source,AdventurerAI.TakeDamage,38
6,15,DP,sink,CommandSystem.TryUse,-3950
6,15,DP,source,AdventurerAI.GrantReturnReward,1442
6,15,Fame,source,AdventurerAI.GrantReturnReward,30
6,15,Fame,source,LureEconomy.OnHeroEscaped,75
6,15,DP,source,Nemesis.OnSlain,1198
6,15,Material,source,Nemesis.OnSlain,10
6,15,DP,stock,end,951
6,15,Material,stock,end,537
6,15,Fame,stock,end,2054
6,16,DP,source,SurfaceMap.CollectYields,80
6,16,Material,source,SurfaceMap.CollectYields,4
6,16,Fame,source,SurfaceMap.CollectYields,18
6,16,DP,source,DistrictCatalog.Collect,98
6,16,DP,sink,MinionRoster.TryForge,-190
6,16,DP,sink,MinionRoster.TryEvolveIndividual,-550
6,16,DP,sink,DungeonFeatureManager.TryPlaceTrap,-150
6,16,DP,sink,MinionRoster.TrySummon,-229
6,16,DP,source,AdventurerAI.TakeDamage,1757
6,16,Material,source,AdventurerAI.TakeDamage,154
6,16,DP,sink,CommandSystem.TryUse,-1800
6,16,DP,source,AdventurerAI.ReapEmotion,193
6,16,DP,source,AdventurerAI.GrantReturnReward,209
6,16,Fame,source,AdventurerAI.GrantReturnReward,40
6,16,Fame,source,LureEconomy.OnHeroEscaped,100
6,16,DP,source,Nemesis.OnSlain,857
6,16,Material,source,Nemesis.OnSlain,7
6,16,DP,stock,end,1226
6,16,Material,stock,end,702
6,16,Fame,stock,end,2212
6,17,DP,source,SurfaceMap.CollectYields,100
6,17,Material,source,SurfaceMap.CollectYields,5
6,17,Fame,source,SurfaceMap.CollectYields,22
6,17,DP,source,DistrictCatalog.Collect,98
6,17,DP,source,EraSystem.TickTurn,720
6,17,DP,sink,MinionRoster.TryForge,-285
6,17,DP,sink,DungeonFloorManager.TryExpandFloor,-1500
6,17,DP,sink,DungeonFeatureManager.TryPlaceTrap,-150
6,17,DP,sink,MinionRoster.TrySummon,-187
6,17,DP,source,AdventurerAI.TakeDamage,1960
6,17,Material,source,AdventurerAI.TakeDamage,113
6,17,DP,source,AdventurerAI.ReapEmotion,129
6,17,Fame,source,AdventurerAI.GrantReturnReward,60
6,17,Fame,source,LureEconomy.OnHeroEscaped,150
6,17,DP,source,AdventurerAI.GrantReturnReward,1233
6,17,DP,sink,CommandSystem.TryUse,-4750
6,17,DP,source,Nemesis.OnSlain,1896
6,17,Material,source,Nemesis.OnSlain,15
6,17,DP,stock,end,490
6,17,Material,stock,end,835
6,17,Fame,stock,end,2444
6,18,DP,source,SurfaceMap.CollectYields,100
6,18,Material,source,SurfaceMap.CollectYields,5
6,18,Fame,source,SurfaceMap.CollectYields,22
6,18,DP,source,DistrictCatalog.Collect,98
6,18,DP,source,EraSystem.TickTurn,300
6,18,DP,sink,MinionRoster.TryForge,-570
6,18,DP,sink,DungeonFeatureManager.TryPlaceTrap,-150
6,18,DP,sink,MinionRoster.TrySummon,-249
6,18,DP,source,AdventurerAI.ReapEmotion,91
6,18,DP,source,AdventurerAI.TakeDamage,2344
6,18,Material,source,AdventurerAI.TakeDamage,47
6,18,Fame,source,AdventurerAI.GrantReturnReward,80
6,18,Fame,source,LureEconomy.OnHeroEscaped,200
6,18,DP,source,AdventurerAI.GrantReturnReward,2130
6,18,DP,sink,CommandSystem.TryUse,-5600
6,18,DP,source,Nemesis.OnSlain,2162
6,18,Material,source,Nemesis.OnSlain,17
6,18,DP,stock,end,1146
6,18,Material,stock,end,904
6,18,Fame,stock,end,2746
6,19,DP,source,SurfaceMap.CollectYields,100
6,19,Material,source,SurfaceMap.CollectYields,5
6,19,Fame,source,SurfaceMap.CollectYields,22
6,19,DP,source,DistrictCatalog.Collect,126
6,19,DP,sink,MinionRoster.TryForge,-475
6,19,DP,sink,MinionRoster.TryEvolveIndividual,-550
6,19,DP,sink,DungeonFeatureManager.TryPlaceTrap,-150
6,19,DP,sink,MinionRoster.TrySummon,-192
6,19,DP,source,AdventurerAI.ReapEmotion,134
6,19,DP,source,AdventurerAI.TakeDamage,4722
6,19,Material,source,AdventurerAI.TakeDamage,172
6,19,DP,sink,CommandSystem.TryUse,-5450
6,19,DP,source,AdventurerAI.GrantReturnReward,4130
6,19,Fame,source,AdventurerAI.GrantReturnReward,90
6,19,Fame,source,LureEconomy.OnHeroEscaped,225
6,19,DP,source,Nemesis.OnSlain,1345
6,19,Material,source,Nemesis.OnSlain,10
6,19,DP,stock,end,4886
6,19,Material,stock,end,1091
6,19,Fame,stock,end,3083
6,20,DP,source,SurfaceMap.CollectYields,132
6,20,Material,source,SurfaceMap.CollectYields,5
6,20,Fame,source,SurfaceMap.CollectYields,27
6,20,DP,source,DistrictCatalog.Collect,126
6,20,DP,source,EraSystem.TickTurn,300
6,20,DP,sink,MinionRoster.TryForge,-285
6,20,DP,sink,DungeonFloorManager.TryAddFloor,-2000
6,20,DP,sink,DungeonFloorManager.TryExpandFloor,-2700
6,20,DP,sink,DungeonFeatureManager.TryPlaceTrap,-300
6,20,DP,sink,MinionRoster.TrySummon,-142
6,20,DP,source,AdventurerAI.ReapEmotion,218
6,20,DP,source,AdventurerAI.GrantReturnReward,1980
6,20,Fame,source,AdventurerAI.GrantReturnReward,70
6,20,Fame,source,LureEconomy.OnHeroEscaped,175
6,20,DP,sink,CommandSystem.TryUse,-2300
6,20,DP,source,AdventurerAI.TakeDamage,4860
6,20,Material,source,AdventurerAI.TakeDamage,65
6,20,DP,source,Nemesis.OnSlain,1992
6,20,Material,source,Nemesis.OnSlain,15
6,20,DP,stock,end,6767
6,20,Material,stock,end,1176
6,20,Fame,stock,end,3355
6,21,DP,source,SurfaceMap.CollectYields,132
6,21,Material,source,SurfaceMap.CollectYields,5
6,21,Fame,source,SurfaceMap.CollectYields,27
6,21,DP,source,DistrictCatalog.Collect,126
6,21,DP,sink,MinionRoster.TryForge,-190
6,21,DP,sink,DungeonFloorManager.TryAddFloor,-5000
6,21,DP,sink,DungeonFloorManager.TryExpandFloor,-1200
6,21,DP,sink,MinionRoster.TryEvolveIndividual,-250
6,21,DP,sink,DungeonFeatureManager.TryPlaceTrap,-150
6,21,DP,sink,MinionRoster.TrySummon,-229
6,21,DP,source,AdventurerAI.ReapEmotion,265
6,21,DP,source,AdventurerAI.TakeDamage,3870
6,21,Material,source,AdventurerAI.TakeDamage,71
6,21,DP,sink,CommandSystem.TryUse,-2650
6,21,DP,source,Nemesis.OnSlain,1618
6,21,Material,source,Nemesis.OnSlain,12
6,21,DP,source,AdventurerAI.GrantReturnReward,2091
6,21,Fame,source,AdventurerAI.GrantReturnReward,80
6,21,Fame,source,LureEconomy.OnHeroEscaped,200
6,21,DP,stock,end,5200
6,21,Material,stock,end,1264
6,21,Fame,stock,end,3662
6,22,DP,source,SurfaceMap.CollectYields,132
6,22,Material,source,SurfaceMap.CollectYields,5
6,22,Fame,source,SurfaceMap.CollectYields,27
6,22,DP,source,DistrictCatalog.Collect,126
6,22,DP,sink,MinionRoster.TryForge,-4474
6,22,DP,sink,MinionRoster.TryEvolveIndividual,-550
6,22,DP,sink,DungeonFeatureManager.TryPlaceTrap,-150
6,22,DP,sink,MinionRoster.TrySummon,-284
6,22,DP,source,AdventurerAI.ReapEmotion,108
6,22,Fame,source,AdventurerAI.GrantReturnReward,180
6,22,Fame,source,LureEconomy.OnHeroEscaped,450
6,22,DP,source,AdventurerAI.GrantReturnReward,4891
6,22,DP,sink,CommandSystem.TryUse,-5600
6,22,DP,source,AdventurerAI.TakeDamage,2486
6,22,Material,source,AdventurerAI.TakeDamage,168
6,22,DP,source,Nemesis.OnSlain,697
6,22,Material,source,Nemesis.OnSlain,5
6,22,DP,stock,end,2582
6,22,Material,stock,end,1442
6,22,Fame,stock,end,4319
6,23,DP,source,SurfaceMap.CollectYields,136
6,23,Material,source,SurfaceMap.CollectYields,5
6,23,Fame,source,SurfaceMap.CollectYields,28
6,23,DP,source,DistrictCatalog.Collect,126
6,23,DP,sink,MinionRoster.TryForge,-888
6,23,DP,sink,DungeonFloorManager.TryExpandFloor,-1500
6,23,DP,sink,DungeonFeatureManager.TryPlaceTrap,-300
6,23,DP,sink,MinionRoster.TrySummon,-126
6,23,DP,source,AdventurerAI.ReapEmotion,148
6,23,DP,source,AdventurerAI.GrantReturnReward,6576
6,23,Fame,source,AdventurerAI.GrantReturnReward,230
6,23,Fame,source,LureEconomy.OnHeroEscaped,575
6,23,DP,sink,CommandSystem.TryUse,-5600
6,23,DP,source,AdventurerAI.TakeDamage,5851
6,23,Material,source,AdventurerAI.TakeDamage,84
6,23,DP,source,Nemesis.OnSlain,1676
6,23,Material,source,Nemesis.OnSlain,12
6,23,DP,stock,end,8681
6,23,Material,stock,end,1543
6,23,Fame,stock,end,5152
6,24,DP,source,SurfaceMap.CollectYields,143
6,24,Material,source,SurfaceMap.CollectYields,7
6,24,Fame,source,SurfaceMap.CollectYields,31
6,24,DP,source,DistrictCatalog.Collect,126
6,24,DP,sink,MinionRoster.TryForge,-8148
6,24,DP,sink,MinionRoster.TryEvolveIndividual,-225
6,24,DP,sink,DungeonFeatureManager.TryPlaceTrap,-300
6,24,DP,sink,MinionRoster.TrySummon,-252
6,24,DP,source,AdventurerAI.TakeDamage,8087
6,24,Material,source,AdventurerAI.TakeDamage,253
6,24,DP,sink,CommandSystem.TryUse,-6250
6,24,DP,source,AdventurerAI.ReapEmotion,279
6,24,Fame,source,AdventurerAI.GrantReturnReward,150
6,24,Fame,source,LureEconomy.OnHeroEscaped,375
6,24,DP,source,AdventurerAI.GrantReturnReward,3933
6,24,DP,source,Nemesis.OnSlain,1713
6,24,Material,source,Nemesis.OnSlain,12
6,24,DP,stock,end,7787
6,24,Material,stock,end,1815
6,24,Fame,stock,end,5708
6,25,DP,source,SurfaceMap.CollectYields,143
6,25,Material,source,SurfaceMap.CollectYields,7
6,25,Fame,source,SurfaceMap.CollectYields,31
6,25,DP,source,DistrictCatalog.Collect,28
6,25,DP,source,EraSystem.TickTurn,3840
6,25,DP,sink,MinionRoster.TryForge,-168
6,25,DP,sink,MinionEvolution.TryEvolve,-4900
6,25,DP,sink,MinionRoster.TryEvolveIndividual,-6425
6,25,DP,sink,DungeonFeatureManager.TryPlaceTrap,-150
6,25,DP,sink,MinionRoster.TrySummon,-126
6,25,DP,source,AdventurerAI.ReapEmotion,373
6,25,DP,sink,CommandSystem.TryUse,-4900
6,25,DP,source,AdventurerAI.GrantReturnReward,9618
6,25,Fame,source,AdventurerAI.GrantReturnReward,340
6,25,Fame,source,LureEconomy.OnHeroEscaped,850
6,25,DP,source,AdventurerAI.TakeDamage,1479
6,25,Material,source,AdventurerAI.TakeDamage,12
6,25,DP,stock,end,6599
6,25,Material,stock,end,1834
6,25,Fame,stock,end,6929
6,26,DP,source,SurfaceMap.CollectYields,143
6,26,Material,source,SurfaceMap.CollectYields,7
6,26,Fame,source,SurfaceMap.CollectYields,31
6,26,DP,source,DistrictCatalog.Collect,28
6,26,DP,source,EraSystem.TickTurn,6528
6,26,DP,sink,MinionRoster.TryForge,-168
6,26,DP,sink,DungeonFloorManager.TryAddFloor,-12500
6,26,DP,sink,MinionRoster.TryEvolveIndividual,-325
6,26,DP,sink,DungeonFeatureManager.TryPlaceTrap,-150
6,26,DP,sink,MinionRoster.TrySummon,-136
6,26,DP,source,AdventurerAI.ReapEmotion,112
6,26,DP,source,AdventurerAI.TakeDamage,11192
6,26,Material,source,AdventurerAI.TakeDamage,215
6,26,DP,sink,CommandSystem.TryUse,-6500
6,26,Fame,source,AdventurerAI.GrantReturnReward,250
6,26,Fame,source,LureEconomy.OnHeroEscaped,625
6,26,DP,source,AdventurerAI.GrantReturnReward,9199
6,26,DP,source,Nemesis.OnSlain,1490
6,26,Material,source,Nemesis.OnSlain,10
6,26,DP,stock,end,15512
6,26,Material,stock,end,2066
6,26,Fame,stock,end,7835
6,27,DP,source,SurfaceMap.CollectYields,143
6,27,Material,source,SurfaceMap.CollectYields,7
6,27,Fame,source,SurfaceMap.CollectYields,31
6,27,DP,source,DistrictCatalog.Collect,28
6,27,DP,source,EraSystem.TickTurn,6528
6,27,DP,sink,MinionRoster.TryForge,-9648
6,27,DP,sink,DungeonFloorManager.TryExpandFloor,-5200
6,27,DP,sink,MinionRoster.TryEvolveIndividual,-6800
6,27,DP,sink,DungeonFeatureManager.TryPlaceTrap,-300
6,27,DP,sink,MinionRoster.TrySummon,-231
6,27,DP,source,AdventurerAI.ReapEmotion,140
6,27,DP,source,AdventurerAI.GrantReturnReward,14025
6,27,Fame,source,AdventurerAI.GrantReturnReward,410
6,27,Fame,source,LureEconomy.OnHeroEscaped,1025
6,27,DP,sink,CommandSystem.TryUse,-5200
6,27,DP,source,AdventurerAI.TakeDamage,5209
6,27,Material,source,AdventurerAI.TakeDamage,31
6,27,DP,stock,end,14206
6,27,Material,stock,end,2104
6,27,Fame,stock,end,9301
6,28,DP,source,SurfaceMap.CollectYields,166
6,28,Material,source,SurfaceMap.CollectYields,8
6,28,Fame,source,SurfaceMap.CollectYields,36
6,28,DP,source,DistrictCatalog.Collect,28
6,28,DP,source,EraSystem.TickTurn,3840
6,28,DP,sink,MinionRoster.TryForge,-6576
6,28,DP,sink,DungeonFloorManager.TryExpandFloor,-10000
6,28,DP,sink,MinionRoster.TryEvolveIndividual,-1125
6,28,DP,sink,DungeonFeatureManager.TryPlaceTrap,-300
6,28,DP,sink,MinionRoster.TrySummon,-207
6,28,DP,source,AdventurerAI.ReapEmotion,174
6,28,DP,source,AdventurerAI.TakeDamage,8000
6,28,Material,source,AdventurerAI.TakeDamage,81
6,28,DP,sink,CommandSystem.TryUse,-5600
6,28,DP,source,AdventurerAI.GrantReturnReward,14927
6,28,Fame,source,AdventurerAI.GrantReturnReward,380
6,28,Fame,source,LureEconomy.OnHeroEscaped,950
6,28,DP,stock,end,17533
6,28,Material,stock,end,2193
6,28,Fame,stock,end,10667
6,29,DP,source,SurfaceMap.CollectYields,166
6,29,Material,source,SurfaceMap.CollectYields,8
6,29,Fame,source,SurfaceMap.CollectYields,36
6,29,DP,source,DistrictCatalog.Collect,28
6,29,DP,source,EraSystem.TickTurn,3840
6,29,DP,sink,MinionRoster.TryForge,-17040
6,29,DP,sink,MinionRoster.TryEvolveIndividual,-350
6,29,Material,sink,MinionRoster.TryForge,-32
6,29,DP,sink,DungeonFeatureManager.TryPlaceTrap,-3600
6,29,DP,sink,MinionRoster.TrySummon,-577
6,29,DP,source,AdventurerAI.ReapEmotion,147
6,29,DP,source,AdventurerAI.GrantReturnReward,20739
6,29,Fame,source,AdventurerAI.GrantReturnReward,440
6,29,Fame,source,LureEconomy.OnHeroEscaped,1100
6,29,DP,sink,CommandSystem.TryUse,-4900
6,29,DP,source,AdventurerAI.TakeDamage,6938
6,29,Material,source,AdventurerAI.TakeDamage,42
6,29,DP,stock,end,22924
6,29,Material,stock,end,2211
6,29,Fame,stock,end,12243
6,30,DP,source,SurfaceMap.CollectYields,166
6,30,Material,source,SurfaceMap.CollectYields,8
6,30,Fame,source,SurfaceMap.CollectYields,36
6,30,DP,source,DistrictCatalog.Collect,28
6,30,DP,source,EraSystem.TickTurn,6528
6,30,Material,source,EraSystem.TickTurn,32
6,30,DP,sink,MinionRoster.TryForge,-19500
6,30,DP,sink,MinionRoster.TryEvolveIndividual,-75
6,30,Material,sink,MinionRoster.TryForge,-60
6,30,DP,sink,DungeonFeatureManager.TryPlaceTrap,-3900
6,30,DP,sink,MinionRoster.TrySummon,-6153
6,30,DP,source,AdventurerAI.ReapEmotion,222
6,30,DP,source,AdventurerAI.TakeDamage,13371
6,30,Material,source,AdventurerAI.TakeDamage,128
6,30,DP,sink,CommandSystem.TryUse,-6050
6,30,DP,source,AdventurerAI.GrantReturnReward,14588
6,30,Fame,source,AdventurerAI.GrantReturnReward,390
6,30,Fame,source,LureEconomy.OnHeroEscaped,975
6,30,DP,stock,end,22149
6,30,Material,stock,end,2319
6,30,Fame,stock,end,13644
6,31,DP,source,SurfaceMap.CollectYields,166
6,31,Material,source,SurfaceMap.CollectYields,9
6,31,Fame,source,SurfaceMap.CollectYields,36
6,31,DP,source,DistrictCatalog.Collect,28
6,31,DP,source,EraSystem.TickTurn,3840
6,31,Material,source,EraSystem.TickTurn,37
6,31,Fame,source,EraSystem.TickTurn,80
6,31,DP,sink,MinionRoster.TryForge,-8400
6,31,DP,sink,MinionRoster.TryEvolveIndividual,-1025
6,31,DP,sink,DungeonFeatureManager.TryPlaceTrap,-2100
6,31,DP,sink,MinionRoster.TrySummon,-14647
6,31,DP,source,AdventurerAI.ReapEmotion,114
6,31,DP,source,AdventurerAI.TakeDamage,29491
6,31,Material,source,AdventurerAI.TakeDamage,253
6,31,DP,sink,CommandSystem.TryUse,-5600
6,31,DP,source,AdventurerAI.GrantReturnReward,6665
6,31,Fame,source,AdventurerAI.GrantReturnReward,140
6,31,Fame,source,LureEconomy.OnHeroEscaped,350
6,31,DP,stock,end,30681
6,31,Material,stock,end,2618
6,31,Fame,stock,end,14250
6,32,DP,source,SurfaceMap.CollectYields,146
6,32,Material,source,SurfaceMap.CollectYields,8
6,32,Fame,source,SurfaceMap.CollectYields,32
6,32,DP,source,DistrictCatalog.Collect,28
6,32,DP,source,EraSystem.TickTurn,6528
6,32,Fame,source,EraSystem.TickTurn,192
6,32,DP,sink,MinionRoster.TryForge,-252
6,32,DP,sink,DungeonFloorManager.TryAddFloor,-31250
6,32,DP,sink,DungeonFloorManager.TryExpandFloor,-5200
6,32,DP,sink,MinionRoster.TryEvolveIndividual,-300
6,32,DP,sink,DungeonFeatureManager.TryPlaceTrap,-150
6,32,DP,sink,MinionRoster.TrySummon,-216
6,32,DP,source,AdventurerAI.TakeDamage,21330
6,32,Material,source,AdventurerAI.TakeDamage,205
6,32,DP,source,AdventurerAI.ReapEmotion,321
6,32,DP,sink,CommandSystem.TryUse,-5600
6,32,DP,source,AdventurerAI.GrantReturnReward,13422
6,32,Fame,source,AdventurerAI.GrantReturnReward,280
6,32,Fame,source,LureEconomy.OnHeroEscaped,700
6,32,DP,source,Nemesis.OnSlain,1525
6,32,Material,source,Nemesis.OnSlain,10
6,32,DP,stock,end,31013
6,32,Material,stock,end,2841
6,32,Fame,stock,end,15454
6,33,DP,source,SurfaceMap.CollectYields,146
6,33,Material,source,SurfaceMap.CollectYields,8
6,33,Fame,source,SurfaceMap.CollectYields,32
6,33,DP,source,DistrictCatalog.Collect,28
6,33,DP,sink,MinionRoster.TryForge,-5352
6,33,DP,sink,MinionRoster.TryEvolveIndividual,-1200
6,33,DP,sink,DungeonFeatureManager.TryPlaceTrap,-3600
6,33,DP,sink,MinionRoster.TrySummon,-21019
6,33,DP,source,AdventurerAI.ReapEmotion,161
6,33,DP,source,AdventurerAI.TakeDamage,24895
6,33,Material,source,AdventurerAI.TakeDamage,204
6,33,DP,sink,CommandSystem.TryUse,-5600
6,33,DP,source,AdventurerAI.GrantReturnReward,13165
6,33,Fame,source,AdventurerAI.GrantReturnReward,230
6,33,Fame,source,LureEconomy.OnHeroEscaped,575
6,33,DP,source,Nemesis.OnSlain,2904
6,33,Material,source,Nemesis.OnSlain,15
6,33,DP,stock,end,35541
6,33,Material,stock,end,3068
6,33,Fame,stock,end,16291
6,34,DP,source,SurfaceMap.CollectYields,146
6,34,Material,source,SurfaceMap.CollectYields,8
6,34,Fame,source,SurfaceMap.CollectYields,32
6,34,DP,source,DistrictCatalog.Collect,28
6,34,DP,sink,MinionRoster.TryForge,-7308
6,34,DP,sink,MinionRoster.TryEvolveIndividual,-350
6,34,DP,sink,DungeonFeatureManager.TryPlaceTrap,-4050
6,34,DP,sink,MinionRoster.TrySummon,-24005
6,34,DP,source,AdventurerAI.ReapEmotion,243
6,34,DP,source,AdventurerAI.TakeDamage,25888
6,34,Material,source,AdventurerAI.TakeDamage,315
6,34,DP,sink,CommandSystem.TryUse,-5050
6,34,DP,source,AdventurerAI.GrantReturnReward,14029
6,34,Fame,source,AdventurerAI.GrantReturnReward,390
6,34,Fame,source,LureEconomy.OnHeroEscaped,975
6,34,DP,source,Nemesis.OnSlain,842
6,34,Material,source,Nemesis.OnSlain,6
6,34,DP,stock,end,35954
6,34,Material,stock,end,3397
6,34,Fame,stock,end,17688
6,35,DP,source,SurfaceMap.CollectYields,166
6,35,Material,source,SurfaceMap.CollectYields,9
6,35,Fame,source,SurfaceMap.CollectYields,36
6,35,DP,source,DistrictCatalog.Collect,28
6,35,DP,sink,MinionRoster.TryForge,-16218
6,35,Material,sink,MinionRoster.TryForge,-18
6,35,DP,sink,DungeonFeatureManager.TryPlaceTrap,-2850
6,35,DP,sink,MinionRoster.TrySummon,-17065
6,35,DP,source,AdventurerAI.ReapEmotion,318
6,35,DP,sink,CommandSystem.TryUse,-5900
6,35,DP,source,AdventurerAI.GrantReturnReward,4820
6,35,Fame,source,AdventurerAI.GrantReturnReward,150
6,35,Fame,source,LureEconomy.OnHeroEscaped,375
6,35,DP,source,AdventurerAI.TakeDamage,46456
6,35,Material,source,AdventurerAI.TakeDamage,692
6,35,DP,source,Nemesis.OnSlain,5153
6,35,Material,source,Nemesis.OnSlain,23
6,35,DP,stock,end,50862
6,35,Material,stock,end,4103
6,35,Fame,stock,end,18249
6,36,DP,source,SurfaceMap.CollectYields,164
6,36,Material,source,SurfaceMap.CollectYields,9
6,36,Fame,source,SurfaceMap.CollectYields,36
6,36,DP,source,DistrictCatalog.Collect,28
6,36,DP,sink,MinionRoster.TryForge,-23940
6,36,Material,sink,MinionRoster.TryForge,-84
6,36,DP,sink,DungeonFeatureManager.TryPlaceTrap,-1500
6,36,DP,sink,MinionRoster.TrySummon,-25597
6,36,DP,source,AdventurerAI.ReapEmotion,328
6,36,DP,source,AdventurerAI.TakeDamage,23598
6,36,Material,source,AdventurerAI.TakeDamage,388
6,36,DP,sink,CommandSystem.TryUse,-5600
6,36,DP,source,AdventurerAI.GrantReturnReward,14966
6,36,Fame,source,AdventurerAI.GrantReturnReward,310
6,36,Fame,source,LureEconomy.OnHeroEscaped,775
6,36,DP,source,Nemesis.OnSlain,3844
6,36,Material,source,Nemesis.OnSlain,21
6,36,DP,stock,end,37153
6,36,Material,stock,end,4437
6,36,Fame,stock,end,19370
6,37,DP,source,SurfaceMap.CollectYields,164
6,37,Material,source,SurfaceMap.CollectYields,9
6,37,Fame,source,SurfaceMap.CollectYields,36
6,37,DP,source,DistrictCatalog.Collect,28
6,37,DP,sink,MinionRoster.TryForge,-28230
6,37,Material,sink,MinionRoster.TryForge,-150
6,37,DP,sink,MinionRoster.TrySummon,-9102
6,37,DP,source,AdventurerAI.ReapEmotion,200
6,37,DP,source,AdventurerAI.TakeDamage,17067
6,37,Material,source,AdventurerAI.TakeDamage,136
6,37,DP,sink,CommandSystem.TryUse,-5600
6,37,DP,source,AdventurerAI.GrantReturnReward,7587
6,37,Fame,source,AdventurerAI.GrantReturnReward,130
6,37,Fame,source,LureEconomy.OnHeroEscaped,325
6,37,DP,source,Nemesis.OnSlain,1782
6,37,Material,source,Nemesis.OnSlain,12
6,37,DP,stock,end,21049
6,37,Material,stock,end,4444
6,37,Fame,stock,end,19861
6,38,DP,source,SurfaceMap.CollectYields,164
6,38,Material,source,SurfaceMap.CollectYields,9
6,38,Fame,source,SurfaceMap.CollectYields,36
6,38,DP,source,DistrictCatalog.Collect,28
6,38,DP,source,EraSystem.TickTurn,1920
6,38,Material,source,EraSystem.TickTurn,37
6,38,DP,sink,MinionRoster.TryForge,-22080
6,38,Material,sink,MinionRoster.TryForge,-184
6,38,DP,sink,MinionRoster.TrySummon,-1043
6,38,DP,source,AdventurerAI.TakeDamage,31125
6,38,Material,source,AdventurerAI.TakeDamage,327
6,38,DP,source,AdventurerAI.ReapEmotion,129
6,38,DP,sink,CommandSystem.TryUse,-4750
6,38,DP,source,AdventurerAI.GrantReturnReward,8540
6,38,Fame,source,AdventurerAI.GrantReturnReward,240
6,38,Fame,source,LureEconomy.OnHeroEscaped,600
6,38,DP,source,Nemesis.OnSlain,1782
6,38,Material,source,Nemesis.OnSlain,12
6,38,DP,stock,end,36864
6,38,Material,stock,end,4645
6,38,Fame,stock,end,20737
6,39,DP,source,SurfaceMap.CollectYields,164
6,39,Material,source,SurfaceMap.CollectYields,9
6,39,Fame,source,SurfaceMap.CollectYields,36
6,39,DP,source,DistrictCatalog.Collect,28
6,39,DP,sink,MinionRoster.TryForge,-35520
6,39,Material,sink,MinionRoster.TryForge,-296
6,39,DP,sink,MinionRoster.TrySummon,-1521
6,39,DP,source,AdventurerAI.ReapEmotion,121
6,39,DP,source,AdventurerAI.TakeDamage,29069
6,39,Material,source,AdventurerAI.TakeDamage,468
6,39,DP,sink,CommandSystem.TryUse,-5050
6,39,DP,source,AdventurerAI.GrantReturnReward,11338
6,39,Fame,source,AdventurerAI.GrantReturnReward,250
6,39,Fame,source,LureEconomy.OnHeroEscaped,625
6,39,DP,source,Nemesis.OnSlain,1814
6,39,Material,source,Nemesis.OnSlain,12
6,39,DP,stock,end,37307
6,39,Material,stock,end,4838
6,39,Fame,stock,end,21648
6,40,DP,source,SurfaceMap.CollectYields,164
6,40,Material,source,SurfaceMap.CollectYields,9
6,40,Fame,source,SurfaceMap.CollectYields,36
6,40,DP,source,DistrictCatalog.Collect,28
6,40,DP,sink,MinionRoster.TryForge,-36480
6,40,Material,sink,MinionRoster.TryForge,-304
6,40,DP,sink,MinionRoster.TrySummon,-1007
6,40,DP,source,AdventurerAI.ReapEmotion,339
6,40,DP,sink,CommandSystem.TryUse,-3300
6,40,DP,source,AdventurerAI.GrantReturnReward,5456
6,40,Fame,source,AdventurerAI.GrantReturnReward,120
6,40,Fame,source,LureEconomy.OnHeroEscaped,300
6,40,DP,source,AdventurerAI.TakeDamage,22146
6,40,Material,source,AdventurerAI.TakeDamage,317
6,40,DP,source,Nemesis.OnSlain,3795
6,40,Material,source,Nemesis.OnSlain,15
6,40,DP,stock,end,28448
6,40,Material,stock,end,4875
6,40,Fame,stock,end,22104
6,41,DP,source,SurfaceMap.CollectYields,164
6,41,Material,source,SurfaceMap.CollectYields,9
6,41,Fame,source,SurfaceMap.CollectYields,36
6,41,DP,source,DistrictCatalog.Collect,28
6,41,DP,source,EraSystem.TickTurn,1920
6,41,DP,sink,MinionRoster.TryForge,-29160
6,41,Material,sink,MinionRoster.TryForge,-278
6,41,DP,sink,MinionRoster.TrySummon,-1388
6,41,DP,source,AdventurerAI.TakeDamage,26760
6,41,Material,source,AdventurerAI.TakeDamage,351
6,41,DP,source,AdventurerAI.ReapEmotion,174
6,41,DP,sink,CommandSystem.TryUse,-5100
6,41,DP,source,AdventurerAI.GrantReturnReward,15022
6,41,Fame,source,AdventurerAI.GrantReturnReward,280
6,41,Fame,source,LureEconomy.OnHeroEscaped,700
6,41,DP,source,Nemesis.OnSlain,1896
6,41,Material,source,Nemesis.OnSlain,12
6,41,DP,stock,end,38764
6,41,Material,stock,end,4969
6,41,Fame,stock,end,23120
6,42,DP,source,SurfaceMap.CollectYields,205
6,42,Material,source,SurfaceMap.CollectYields,12
6,42,Fame,source,SurfaceMap.CollectYields,36
6,42,DP,source,DistrictCatalog.Collect,28
6,42,DP,sink,MinionRoster.TryForge,-37440
6,42,Material,sink,MinionRoster.TryForge,-432
6,42,DP,sink,MinionRoster.TrySummon,-1556
6,42,DP,source,AdventurerAI.ReapEmotion,166
6,42,DP,source,AdventurerAI.TakeDamage,29622
6,42,Material,source,AdventurerAI.TakeDamage,387
6,42,DP,sink,CommandSystem.TryUse,-5600
6,42,DP,source,AdventurerAI.GrantReturnReward,11227
6,42,Fame,source,AdventurerAI.GrantReturnReward,240
6,42,Fame,source,LureEconomy.OnHeroEscaped,600
6,42,DP,source,Nemesis.OnSlain,2241
6,42,Material,source,Nemesis.OnSlain,14
6,42,DP,stock,end,37657
6,42,Material,stock,end,4950
6,42,Fame,stock,end,23996
6,43,DP,source,SurfaceMap.CollectYields,180
6,43,Material,source,SurfaceMap.CollectYields,10
6,43,Fame,source,SurfaceMap.CollectYields,32
6,43,DP,source,DistrictCatalog.Collect,28
6,43,DP,sink,MinionRoster.TryForge,-35880
6,43,Material,sink,MinionRoster.TryForge,-414
6,43,DP,sink,MinionRoster.TrySummon,-1949
6,43,DP,source,AdventurerAI.ReapEmotion,186
6,43,DP,source,AdventurerAI.TakeDamage,28777
6,43,Material,source,AdventurerAI.TakeDamage,216
6,43,DP,sink,CommandSystem.TryUse,-5250
6,43,DP,source,AdventurerAI.GrantReturnReward,15203
6,43,Fame,source,AdventurerAI.GrantReturnReward,280
6,43,Fame,source,LureEconomy.OnHeroEscaped,700
6,43,DP,source,Nemesis.OnSlain,956
6,43,Material,source,Nemesis.OnSlain,6
6,43,DP,stock,end,39908
6,43,Material,stock,end,4768
6,43,Fame,stock,end,25008
6,44,DP,source,SurfaceMap.CollectYields,180
6,44,Material,source,SurfaceMap.CollectYields,10
6,44,Fame,source,SurfaceMap.CollectYields,32
6,44,DP,source,DistrictCatalog.Collect,28
6,44,DP,sink,MinionRoster.TryForge,-37440
6,44,Material,sink,MinionRoster.TryForge,-432
6,44,DP,sink,MinionRoster.TrySummon,-2669
6,44,DP,source,AdventurerAI.ReapEmotion,260
6,44,DP,source,AdventurerAI.TakeDamage,16621
6,44,Material,source,AdventurerAI.TakeDamage,123
6,44,DP,sink,CommandSystem.TryUse,-5600
6,44,DP,source,AdventurerAI.GrantReturnReward,5120
6,44,Fame,source,AdventurerAI.GrantReturnReward,140
6,44,Fame,source,LureEconomy.OnHeroEscaped,350
6,44,DP,source,Nemesis.OnSlain,2380
6,44,Material,source,Nemesis.OnSlain,14
6,44,DP,stock,end,18788
6,44,Material,stock,end,4483
6,44,Fame,stock,end,25530
6,45,DP,source,SurfaceMap.CollectYields,180
6,45,Material,source,SurfaceMap.CollectYields,10
6,45,Fame,source,SurfaceMap.CollectYields,32
6,45,DP,source,DistrictCatalog.Collect,28
6,45,DP,sink,MinionRoster.TryForge,-17160
6,45,Material,sink,MinionRoster.TryForge,-198
6,45,DP,sink,MinionRoster.TrySummon,-1818
6,45,DP,source,AdventurerAI.ReapEmotion,300
6,45,DP,sink,CommandSystem.TryUse,-2950
6,45,DP,source,AdventurerAI.TakeDamage,49822
6,45,Material,source,AdventurerAI.TakeDamage,320
6,45,DP,source,AdventurerAI.GrantReturnReward,16480
6,45,Fame,source,AdventurerAI.GrantReturnReward,300
6,45,Fame,source,LureEconomy.OnHeroEscaped,750
6,45,DP,source,Nemesis.OnSlain,988
6,45,Material,source,Nemesis.OnSlain,6
6,45,DP,stock,end,64658
6,45,Material,stock,end,4621
6,45,Fame,stock,end,26612
6,46,DP,source,SurfaceMap.CollectYields,252
6,46,Material,source,SurfaceMap.CollectYields,12
6,46,Fame,source,SurfaceMap.CollectYields,44
6,46,DP,source,DistrictCatalog.Collect,28
6,46,DP,sink,MinionRoster.TryForge,-60840
6,46,Material,sink,MinionRoster.TryForge,-702
6,46,DP,sink,MinionRoster.TrySummon,-4096
6,46,DP,source,AdventurerAI.ReapEmotion,136
6,46,DP,source,AdventurerAI.TakeDamage,37730
6,46,Material,source,AdventurerAI.TakeDamage,243
6,46,DP,sink,CommandSystem.TryUse,-5600
6,46,DP,source,AdventurerAI.GrantReturnReward,6580
6,46,Fame,source,AdventurerAI.GrantReturnReward,180
6,46,Fame,source,LureEconomy.OnHeroEscaped,450
6,46,DP,source,Nemesis.OnSlain,2008
6,46,Material,source,Nemesis.OnSlain,12
6,46,DP,stock,end,40856
6,46,Material,stock,end,4186
6,46,Fame,stock,end,27286
6,47,DP,source,SurfaceMap.CollectYields,252
6,47,Material,source,SurfaceMap.CollectYields,12
6,47,Fame,source,SurfaceMap.CollectYields,44
6,47,DP,source,DistrictCatalog.Collect,28
6,47,DP,sink,MinionRoster.TryForge,-4800
6,47,Material,sink,MinionRoster.TryForge,-64
6,47,DP,sink,MinionEvolution.TryEvolve,-9050
6,47,DP,sink,MinionRoster.TryEvolveIndividual,-26850
6,47,DP,sink,MinionRoster.TrySummon,-435
6,47,DP,source,AdventurerAI.ReapEmotion,137
6,47,DP,source,AdventurerAI.GrantReturnReward,9843
6,47,Fame,source,AdventurerAI.GrantReturnReward,240
6,47,Fame,source,LureEconomy.OnHeroEscaped,600
6,47,DP,sink,CommandSystem.TryUse,-4750
6,47,DP,source,AdventurerAI.TakeDamage,36387
6,47,Material,source,AdventurerAI.TakeDamage,577
6,47,DP,source,Nemesis.OnSlain,2841
6,47,Material,source,Nemesis.OnSlain,16
6,47,DP,stock,end,44459
6,47,Material,stock,end,4727
6,47,Fame,stock,end,28170
6,48,DP,source,SurfaceMap.CollectYields,252
6,48,Material,source,SurfaceMap.CollectYields,12
6,48,Fame,source,SurfaceMap.CollectYields,44
6,48,DP,source,DistrictCatalog.Collect,28
6,48,DP,source,EraSystem.TickTurn,9720
6,48,DP,sink,MinionRoster.TryForge,-28800
6,48,Material,sink,MinionRoster.TryForge,-384
6,48,DP,sink,MinionRoster.TryEvolveIndividual,-23350
6,48,DP,sink,MinionRoster.TrySummon,-2274
6,48,DP,source,AdventurerAI.TakeDamage,28735
6,48,Material,source,AdventurerAI.TakeDamage,387
6,48,DP,source,AdventurerAI.ReapEmotion,196
6,48,DP,sink,CommandSystem.TryUse,-4450
6,48,DP,source,AdventurerAI.GrantReturnReward,13559
6,48,Fame,source,AdventurerAI.GrantReturnReward,300
6,48,Fame,source,LureEconomy.OnHeroEscaped,750
6,48,DP,source,Nemesis.OnSlain,2074
6,48,Material,source,Nemesis.OnSlain,12
6,48,DP,stock,end,40149
6,48,Material,stock,end,4754
6,48,Fame,stock,end,29264
6,49,DP,source,SurfaceMap.CollectYields,252
6,49,Material,source,SurfaceMap.CollectYields,12
6,49,Fame,source,SurfaceMap.CollectYields,44
6,49,DP,source,DistrictCatalog.Collect,28
6,49,DP,source,EraSystem.TickTurn,9720
6,49,DP,sink,MinionRoster.TryForge,-4800
6,49,Material,sink,MinionRoster.TryForge,-64
6,49,DP,sink,MinionEvolution.TryEvolve,-14200
6,49,DP,sink,MinionRoster.TryEvolveIndividual,-30750
6,49,DP,sink,MinionRoster.TrySummon,-383
6,49,DP,source,AdventurerAI.ReapEmotion,129
6,49,DP,source,AdventurerAI.TakeDamage,34887
6,49,Material,source,AdventurerAI.TakeDamage,312
6,49,DP,sink,CommandSystem.TryUse,-5600
6,49,DP,source,AdventurerAI.GrantReturnReward,7125
6,49,Fame,source,AdventurerAI.GrantReturnReward,240
6,49,Fame,source,LureEconomy.OnHeroEscaped,600
6,49,DP,source,Nemesis.OnSlain,2074
6,49,Material,source,Nemesis.OnSlain,12
6,49,DP,stock,end,38631
6,49,Material,stock,end,5026
6,49,Fame,stock,end,30148
6,50,DP,source,SurfaceMap.CollectYields,220
6,50,Material,source,SurfaceMap.CollectYields,12
6,50,Fame,source,SurfaceMap.CollectYields,36
6,50,DP,source,DistrictCatalog.Collect,28
6,50,DP,source,EraSystem.TickTurn,9720
6,50,DP,sink,MinionRoster.TryForge,-4800
6,50,Material,sink,MinionRoster.TryForge,-64
6,50,DP,sink,MinionEvolution.TryEvolve,-19050
6,50,DP,sink,MinionRoster.TryEvolveIndividual,-24100
6,50,DP,sink,MinionRoster.TrySummon,-604
6,50,DP,source,AdventurerAI.ReapEmotion,625
6,50,DP,sink,CommandSystem.TryUse,-2650
6,50,DP,source,AdventurerAI.GrantReturnReward,5563
6,50,Fame,source,AdventurerAI.GrantReturnReward,90
6,50,Fame,source,LureEconomy.OnHeroEscaped,225
6,50,DP,source,AdventurerAI.TakeDamage,66190
6,50,Material,source,AdventurerAI.TakeDamage,299
6,50,DP,source,Nemesis.OnSlain,3885
6,50,Material,source,Nemesis.OnSlain,20
6,50,DP,stock,end,73658
6,50,Material,stock,end,5293
6,50,Fame,stock,end,30499
6,51,DP,source,SurfaceMap.CollectYields,220
6,51,Material,source,SurfaceMap.CollectYields,12
6,51,Fame,source,SurfaceMap.CollectYields,36
6,51,DP,source,DistrictCatalog.Collect,28
6,51,DP,source,EraSystem.TickTurn,9720
6,51,DP,sink,MinionRoster.TryForge,-4800
6,51,Material,sink,MinionRoster.TryForge,-64
6,51,DP,sink,DungeonFloorManager.TryAddFloor,-78125
6,51,DP,sink,DungeonFloorManager.TryExpandFloor,-400
6,51,DP,sink,DungeonFeatureManager.TryPlaceTrap,-150
6,51,DP,sink,MinionRoster.TrySummon,-148
6,51,DP,source,AdventurerAI.ReapEmotion,145
6,51,DP,source,AdventurerAI.TakeDamage,47011
6,51,Material,source,AdventurerAI.TakeDamage,292
6,51,DP,sink,CommandSystem.TryUse,-5600
6,51,DP,source,AdventurerAI.GrantReturnReward,4237
6,51,Fame,source,AdventurerAI.GrantReturnReward,200
6,51,Fame,source,LureEconomy.OnHeroEscaped,500
6,51,DP,source,Nemesis.OnSlain,2154
6,51,Material,source,Nemesis.OnSlain,12
6,51,DP,stock,end,47950
6,51,Material,stock,end,5545
6,51,Fame,stock,end,31235
6,52,DP,source,SurfaceMap.CollectYields,220
6,52,Material,source,SurfaceMap.CollectYields,12
6,52,Fame,source,SurfaceMap.CollectYields,36
6,52,DP,source,DistrictCatalog.Collect,28
6,52,DP,source,EraSystem.TickTurn,16524
6,52,DP,sink,MinionRoster.TryForge,-4800
6,52,Material,sink,MinionRoster.TryForge,-64
6,52,DP,sink,DungeonFloorManager.TryExpandFloor,-4800
6,52,DP,sink,MinionRoster.TryEvolveIndividual,-54700
6,52,DP,sink,DungeonFeatureManager.TryPlaceTrap,-150
6,52,DP,sink,MinionRoster.TrySummon,-233
6,52,DP,source,AdventurerAI.ReapEmotion,140
6,52,DP,source,AdventurerAI.TakeDamage,42992
6,52,Material,source,AdventurerAI.TakeDamage,459
6,52,DP,sink,CommandSystem.TryUse,-5600
6,52,DP,source,AdventurerAI.GrantReturnReward,5977
6,52,Fame,source,AdventurerAI.GrantReturnReward,290
6,52,Fame,source,LureEconomy.OnHeroEscaped,725
6,52,DP,source,Nemesis.OnSlain,3272
6,52,Material,source,Nemesis.OnSlain,18
6,52,DP,stock,end,46820
6,52,Material,stock,end,5970
6,52,Fame,stock,end,32286
6,53,DP,source,SurfaceMap.CollectYields,216
6,53,Material,source,SurfaceMap.CollectYields,12
6,53,Fame,source,SurfaceMap.CollectYields,35
6,53,DP,source,DistrictCatalog.Collect,28
6,53,Material,source,DistrictCatalog.Collect,5
6,53,DP,source,EraSystem.TickTurn,9720
6,53,Material,source,EraSystem.TickTurn,124
6,53,DP,sink,MinionRoster.TryForge,-4800
6,53,Material,sink,MinionRoster.TryForge,-64
6,53,DP,sink,MinionRoster.TryEvolveIndividual,-51250
6,53,DP,sink,DungeonFeatureManager.TryPlaceTrap,-450
6,53,DP,sink,MinionRoster.TrySummon,-247
6,53,DP,source,AdventurerAI.ReapEmotion,157
6,53,DP,source,AdventurerAI.TakeDamage,52928
6,53,Material,source,AdventurerAI.TakeDamage,6722
6,53,DP,sink,CommandSystem.TryUse,-5600
6,53,DP,source,AdventurerAI.GrantReturnReward,6381
6,53,Fame,source,AdventurerAI.GrantReturnReward,260
6,53,Fame,source,LureEconomy.OnHeroEscaped,650
6,53,DP,source,Nemesis.OnSlain,6529
6,53,Material,source,Nemesis.OnSlain,29
6,53,DP,stock,end,60432
6,53,Material,stock,end,12798
6,53,Fame,stock,end,33231
6,54,DP,source,SurfaceMap.CollectYields,190
6,54,Material,source,SurfaceMap.CollectYields,10
6,54,Fame,source,SurfaceMap.CollectYields,31
6,54,DP,source,DistrictCatalog.Collect,28
6,54,Material,source,DistrictCatalog.Collect,5
6,54,DP,source,EraSystem.TickTurn,9720
6,54,Material,source,EraSystem.TickTurn,62
6,54,Fame,source,EraSystem.TickTurn,135
6,54,DP,sink,MinionRoster.TryForge,-57600
6,54,Material,sink,MinionRoster.TryForge,-768
6,54,DP,sink,MinionRoster.TryEvolveIndividual,-9150
6,54,DP,sink,DungeonFeatureManager.TryPlaceTrap,-3450
6,54,DP,sink,MinionRoster.TrySummon,-157
6,54,DP,source,IncidentSystem.Apply,600
6,54,DP,sink,CommandSystem.TryUse,-5950
6,54,DP,source,AdventurerAI.ReapEmotion,138
6,54,DP,source,AdventurerAI.TakeDamage,35257
6,54,Material,source,AdventurerAI.TakeDamage,480
6,54,DP,source,AdventurerAI.GrantReturnReward,2847
6,54,Fame,source,AdventurerAI.GrantReturnReward,80
6,54,Fame,source,LureEconomy.OnHeroEscaped,200
6,54,DP,source,Nemesis.OnSlain,3306
6,54,Material,source,Nemesis.OnSlain,18
6,54,DP,stock,end,36211
6,54,Material,stock,end,12605
6,54,Fame,stock,end,33677
6,55,DP,source,SurfaceMap.CollectYields,218
6,55,Material,source,SurfaceMap.CollectYields,10
6,55,Fame,source,SurfaceMap.CollectYields,38
6,55,DP,source,DistrictCatalog.Collect,28
6,55,Material,source,DistrictCatalog.Collect,5
6,55,DP,source,EraSystem.TickTurn,9720
6,55,DP,sink,MinionRoster.TryForge,-33600
6,55,Material,sink,MinionRoster.TryForge,-448
6,55,DP,sink,MinionRoster.TryEvolveIndividual,-9900
6,55,DP,sink,DungeonFeatureManager.TryPlaceTrap,-450
6,55,DP,sink,MinionRoster.TrySummon,-2178
6,55,DP,source,AdventurerAI.ReapEmotion,276
6,55,DP,sink,CommandSystem.TryUse,-5600
6,55,DP,source,AdventurerAI.TakeDamage,75693
6,55,Material,source,AdventurerAI.TakeDamage,322
6,55,DP,source,AdventurerAI.GrantReturnReward,8467
6,55,Fame,source,AdventurerAI.GrantReturnReward,230
6,55,Fame,source,LureEconomy.OnHeroEscaped,575
6,55,DP,source,Nemesis.OnSlain,3354
6,55,Material,source,Nemesis.OnSlain,18
6,55,DP,stock,end,82239
6,55,Material,stock,end,12512
6,55,Fame,stock,end,34520
6,56,DP,source,SurfaceMap.CollectYields,218
6,56,Material,source,SurfaceMap.CollectYields,10
6,56,Fame,source,SurfaceMap.CollectYields,38
6,56,DP,source,DistrictCatalog.Collect,28
6,56,Material,source,DistrictCatalog.Collect,5
6,56,DP,source,EraSystem.TickTurn,11664
6,56,DP,sink,MinionRoster.TryForge,-91200
6,56,Material,sink,MinionRoster.TryForge,-1216
6,56,DP,sink,MinionRoster.TrySummon,-2922
6,56,DP,source,AdventurerAI.ReapEmotion,131
6,56,DP,source,AdventurerAI.TakeDamage,66500
6,56,Material,source,AdventurerAI.TakeDamage,633
6,56,DP,sink,CommandSystem.TryUse,-5600
6,56,DP,source,AdventurerAI.GrantReturnReward,8228
6,56,Fame,source,AdventurerAI.GrantReturnReward,350
6,56,Fame,source,LureEconomy.OnHeroEscaped,875
6,56,DP,source,Nemesis.OnSlain,3467
6,56,Material,source,Nemesis.OnSlain,18
6,56,DP,stock,end,72753
6,56,Material,stock,end,11962
6,56,Fame,stock,end,35783
6,57,DP,source,SurfaceMap.CollectYields,249
6,57,Material,source,SurfaceMap.CollectYields,12
6,57,Fame,source,SurfaceMap.CollectYields,43
6,57,DP,source,DistrictCatalog.Collect,28
6,57,Material,source,DistrictCatalog.Collect,5
6,57,DP,sink,MinionRoster.TryForge,-70080
6,57,Material,sink,MinionRoster.TryForge,-938
6,57,DP,sink,MinionRoster.TrySummon,-2946
6,57,DP,source,AdventurerAI.ReapEmotion,200
6,57,DP,source,AdventurerAI.GrantReturnReward,8961
6,57,Fame,source,AdventurerAI.GrantReturnReward,310
6,57,Fame,source,LureEconomy.OnHeroEscaped,775
6,57,DP,sink,CommandSystem.TryUse,-4750
6,57,DP,source,AdventurerAI.TakeDamage,61429
6,57,Material,source,AdventurerAI.TakeDamage,415
6,57,DP,source,Nemesis.OnSlain,2300
6,57,Material,source,Nemesis.OnSlain,12
6,57,DP,stock,end,68144
6,57,Material,stock,end,11468
6,57,Fame,stock,end,36911
6,58,DP,source,SurfaceMap.CollectYields,249
6,58,Material,source,SurfaceMap.CollectYields,12
6,58,Fame,source,SurfaceMap.CollectYields,43
6,58,DP,source,DistrictCatalog.Collect,28
6,58,Material,source,DistrictCatalog.Collect,5
6,58,DP,sink,MinionRoster.TryForge,-63360
6,58,Material,sink,MinionRoster.TryForge,-924
6,58,DP,sink,MinionRoster.TrySummon,-5055
6,58,DP,source,AdventurerAI.ReapEmotion,149
6,58,DP,source,AdventurerAI.TakeDamage,62159
6,58,Material,source,AdventurerAI.TakeDamage,749
6,58,DP,sink,CommandSystem.TryUse,-5600
6,58,DP,source,AdventurerAI.GrantReturnReward,9217
6,58,Fame,source,AdventurerAI.GrantReturnReward,310
6,58,Fame,source,LureEconomy.OnHeroEscaped,775
6,58,DP,source,Nemesis.OnSlain,2300
6,58,Material,source,Nemesis.OnSlain,12
6,58,DP,stock,end,68231
6,58,Material,stock,end,11322
6,58,Fame,stock,end,38039
6,59,DP,source,SurfaceMap.CollectYields,216
6,59,Material,source,SurfaceMap.CollectYields,12
6,59,Fame,source,SurfaceMap.CollectYields,35
6,59,DP,source,DistrictCatalog.Collect,28
6,59,Material,source,DistrictCatalog.Collect,5
6,59,DP,sink,MinionRoster.TryForge,-66240
6,59,Material,sink,MinionRoster.TryForge,-966
6,59,DP,sink,MinionRoster.TrySummon,-2206
6,59,DP,source,IncidentSystem.Apply,600
6,59,DP,sink,CommandSystem.TryUse,-5600
6,59,DP,source,AdventurerAI.ReapEmotion,131
6,59,DP,source,AdventurerAI.TakeDamage,71164
6,59,Material,source,AdventurerAI.TakeDamage,642
6,59,DP,source,AdventurerAI.GrantReturnReward,6573
6,59,Fame,source,AdventurerAI.GrantReturnReward,260
6,59,Fame,source,LureEconomy.OnHeroEscaped,650
6,59,DP,source,Nemesis.OnSlain,3936
6,59,Material,source,Nemesis.OnSlain,20
6,59,DP,stock,end,76833
6,59,Material,stock,end,11035
6,59,Fame,stock,end,38984
6,60,DP,source,SurfaceMap.CollectYields,216
6,60,Material,source,SurfaceMap.CollectYields,12
6,60,Fame,source,SurfaceMap.CollectYields,35
6,60,DP,source,DistrictCatalog.Collect,28
6,60,Material,source,DistrictCatalog.Collect,5
6,60,DP,sink,MinionRoster.TryForge,-72000
6,60,Material,sink,MinionRoster.TryForge,-1050
6,60,DP,sink,MinionRoster.TrySummon,-5048
6,60,DP,source,AdventurerAI.ReapEmotion,500
6,60,DP,sink,CommandSystem.TryUse,-5600
6,60,DP,source,AdventurerAI.GrantReturnReward,11726
6,60,Fame,source,AdventurerAI.GrantReturnReward,230
6,60,Fame,source,LureEconomy.OnHeroEscaped,575
6,60,DP,source,AdventurerAI.TakeDamage,93692
6,60,Material,source,AdventurerAI.TakeDamage,515
6,60,DP,source,Nemesis.OnSlain,3597
6,60,Material,source,Nemesis.OnSlain,18
6,60,DP,stock,end,103944
6,60,Material,stock,end,10535
6,60,Fame,stock,end,39824
6,61,DP,source,SurfaceMap.CollectYields,219
6,61,Material,source,SurfaceMap.CollectYields,12
6,61,Fame,source,SurfaceMap.CollectYields,35
6,61,DP,source,DistrictCatalog.Collect,28
6,61,Material,source,DistrictCatalog.Collect,5
6,61,DP,sink,MinionRoster.TryForge,-100800
6,61,Material,sink,MinionRoster.TryForge,-1470
6,61,DP,sink,MinionRoster.TrySummon,-3360
6,61,DP,source,AdventurerAI.ReapEmotion,405
6,61,DP,sink,CommandSystem.TryUse,-5600
6,61,DP,source,AdventurerAI.TakeDamage,79972
6,61,Material,source,AdventurerAI.TakeDamage,439
6,61,DP,source,AdventurerAI.GrantReturnReward,3457
6,61,Fame,source,AdventurerAI.GrantReturnReward,70
6,61,Fame,source,LureEconomy.OnHeroEscaped,175
6,61,DP,source,Nemesis.OnSlain,3597
6,61,Material,source,Nemesis.OnSlain,18
6,61,DP,stock,end,81862
6,61,Material,stock,end,9539
6,61,Fame,stock,end,40104
6,62,DP,source,SurfaceMap.CollectYields,219
6,62,Material,source,SurfaceMap.CollectYields,12
6,62,Fame,source,SurfaceMap.CollectYields,35
6,62,DP,source,DistrictCatalog.Collect,28
6,62,Material,source,DistrictCatalog.Collect,5
6,62,DP,sink,MinionRoster.TryForge,-77760
6,62,Material,sink,MinionRoster.TryForge,-1144
6,62,DP,sink,MinionRoster.TrySummon,-4346
6,62,DP,source,AdventurerAI.ReapEmotion,300
6,62,DP,source,AdventurerAI.TakeDamage,66633
6,62,Material,source,AdventurerAI.TakeDamage,593
6,62,DP,sink,CommandSystem.TryUse,-5600
6,62,DP,source,AdventurerAI.GrantReturnReward,7327
6,62,Fame,source,AdventurerAI.GrantReturnReward,270
6,62,Fame,source,LureEconomy.OnHeroEscaped,675
6,62,DP,source,Nemesis.OnSlain,1215
6,62,Material,source,Nemesis.OnSlain,6
6,62,DP,stock,end,69878
6,62,Material,stock,end,9011
6,62,Fame,stock,end,41084
6,63,DP,source,SurfaceMap.CollectYields,219
6,63,Material,source,SurfaceMap.CollectYields,12
6,63,Fame,source,SurfaceMap.CollectYields,35
6,63,DP,source,DistrictCatalog.Collect,28
6,63,Material,source,DistrictCatalog.Collect,5
6,63,DP,sink,MinionRoster.TryForge,-64800
6,63,Material,sink,MinionRoster.TryForge,-990
6,63,DP,sink,MinionRoster.TrySummon,-5285
6,63,DP,source,AdventurerAI.ReapEmotion,146
6,63,DP,source,AdventurerAI.TakeDamage,51577
6,63,Material,source,AdventurerAI.TakeDamage,424
6,63,DP,sink,CommandSystem.TryUse,-5600
6,63,DP,source,AdventurerAI.GrantReturnReward,11614
6,63,Fame,source,AdventurerAI.GrantReturnReward,430
6,63,Fame,source,LureEconomy.OnHeroEscaped,1075
6,63,DP,source,Nemesis.OnSlain,1215
6,63,Material,source,Nemesis.OnSlain,6
6,63,DP,stock,end,58992
6,63,Material,stock,end,8468
6,63,Fame,stock,end,42624
6,64,DP,source,SurfaceMap.CollectYields,219
6,64,Material,source,SurfaceMap.CollectYields,12
6,64,Fame,source,SurfaceMap.CollectYields,35
6,64,DP,source,DistrictCatalog.Collect,28
6,64,Material,source,DistrictCatalog.Collect,5
6,64,DP,sink,MinionRoster.TryForge,-54000
6,64,Material,sink,MinionRoster.TryForge,-825
6,64,DP,sink,MinionRoster.TrySummon,-5222
6,64,DP,source,AdventurerAI.ReapEmotion,143
6,64,DP,source,AdventurerAI.TakeDamage,56454
6,64,Material,source,AdventurerAI.TakeDamage,321
6,64,DP,sink,CommandSystem.TryUse,-5600
6,64,DP,source,AdventurerAI.GrantReturnReward,12523
6,64,Fame,source,AdventurerAI.GrantReturnReward,400
6,64,Fame,source,LureEconomy.OnHeroEscaped,1000
6,64,DP,source,Nemesis.OnSlain,4147
6,64,Material,source,Nemesis.OnSlain,20
6,64,DP,stock,end,67684
6,64,Material,stock,end,8001
6,64,Fame,stock,end,44059
6,65,DP,source,SurfaceMap.CollectYields,192
6,65,Material,source,SurfaceMap.CollectYields,10
6,65,Fame,source,SurfaceMap.CollectYields,31
6,65,DP,source,DistrictCatalog.Collect,28
6,65,Material,source,DistrictCatalog.Collect,5
6,65,DP,sink,MinionRoster.TryForge,-64800
6,65,Material,sink,MinionRoster.TryForge,-990
6,65,DP,sink,MinionRoster.TrySummon,-3073
6,65,DP,source,AdventurerAI.ReapEmotion,469
6,65,DP,sink,CommandSystem.TryUse,-5250
6,65,DP,source,AdventurerAI.TakeDamage,61714
6,65,Material,source,AdventurerAI.TakeDamage,271
6,65,DP,source,AdventurerAI.GrantReturnReward,4703
6,65,Fame,source,AdventurerAI.GrantReturnReward,50
6,65,Fame,source,LureEconomy.OnHeroEscaped,125
6,65,DP,source,Nemesis.OnSlain,4551
6,65,Material,source,Nemesis.OnSlain,22
6,65,DP,stock,end,66218
6,65,Material,stock,end,7319
6,65,Fame,stock,end,44265
6,66,DP,source,SurfaceMap.CollectYields,165
6,66,Material,source,SurfaceMap.CollectYields,9
6,66,Fame,source,SurfaceMap.CollectYields,27
6,66,DP,source,DistrictCatalog.Collect,28
6,66,Material,source,DistrictCatalog.Collect,5
6,66,DP,sink,MinionRoster.TryForge,-61200
6,66,Material,sink,MinionRoster.TryForge,-935
6,66,DP,sink,MinionRoster.TrySummon,-5164
6,66,DP,source,AdventurerAI.ReapEmotion,161
6,66,DP,source,AdventurerAI.TakeDamage,54896
6,66,Material,source,AdventurerAI.TakeDamage,471
6,66,DP,sink,CommandSystem.TryUse,-5600
6,66,DP,source,AdventurerAI.GrantReturnReward,20311
6,66,Fame,source,AdventurerAI.GrantReturnReward,500
6,66,Fame,source,LureEconomy.OnHeroEscaped,1250
6,66,DP,source,Nemesis.OnSlain,2528
6,66,Material,source,Nemesis.OnSlain,12
6,66,DP,stock,end,72343
6,66,Material,stock,end,6881
6,66,Fame,stock,end,46042
6,67,DP,source,SurfaceMap.CollectYields,196
6,67,Material,source,SurfaceMap.CollectYields,10
6,67,Fame,source,SurfaceMap.CollectYields,32
6,67,DP,source,DistrictCatalog.Collect,28
6,67,Material,source,DistrictCatalog.Collect,5
6,67,DP,sink,MinionRoster.TryForge,-68400
6,67,Material,sink,MinionRoster.TryForge,-1045
6,67,DP,sink,MinionRoster.TrySummon,-4118
6,67,DP,source,AdventurerAI.ReapEmotion,300
6,67,DP,source,AdventurerAI.TakeDamage,72799
6,67,Material,source,AdventurerAI.TakeDamage,400
6,67,DP,sink,CommandSystem.TryUse,-5600
6,67,DP,source,AdventurerAI.GrantReturnReward,23115
6,67,Fame,source,AdventurerAI.GrantReturnReward,520
6,67,Fame,source,LureEconomy.OnHeroEscaped,1300
6,67,DP,source,Nemesis.OnSlain,1280
6,67,Material,source,Nemesis.OnSlain,6
6,67,DP,stock,end,91943
6,67,Material,stock,end,6257
6,67,Fame,stock,end,47894
6,68,DP,source,SurfaceMap.CollectYields,255
6,68,Material,source,SurfaceMap.CollectYields,12
6,68,Fame,source,SurfaceMap.CollectYields,44
6,68,DP,source,DistrictCatalog.Collect,28
6,68,Material,source,DistrictCatalog.Collect,5
6,68,DP,sink,MinionRoster.TryForge,-86400
6,68,Material,sink,MinionRoster.TryForge,-1320
6,68,DP,sink,MinionRoster.TrySummon,-5812
6,68,DP,source,AdventurerAI.ReapEmotion,343
6,68,DP,sink,CommandSystem.TryUse,-5600
6,68,DP,source,AdventurerAI.TakeDamage,75234
6,68,Material,source,AdventurerAI.TakeDamage,479
6,68,DP,source,AdventurerAI.GrantReturnReward,10091
6,68,Fame,source,AdventurerAI.GrantReturnReward,320
6,68,Fame,source,LureEconomy.OnHeroEscaped,800
6,68,DP,source,Nemesis.OnSlain,2592
6,68,Material,source,Nemesis.OnSlain,12
6,68,DP,stock,end,82674
6,68,Material,stock,end,5445
6,68,Fame,stock,end,49058
7,1,DP,sink,DungeonFeatureManager.TryPlaceTrap,-150
7,1,DP,sink,MinionRoster.TrySummon,-46
7,1,DP,source,AdventurerAI.ReapEmotion,200
7,1,DP,source,AdventurerAI.TakeDamage,111
7,1,Material,source,AdventurerAI.TakeDamage,4
7,1,DP,source,AdventurerAI.GrantReturnReward,702
7,1,Fame,source,AdventurerAI.GrantReturnReward,30
7,1,Fame,source,LureEconomy.OnHeroEscaped,75
7,1,DP,sink,CommandSystem.TryUse,-650
7,1,DP,stock,end,367
7,1,Material,stock,end,4
7,1,Fame,stock,end,105
7,2,DP,source,SurfaceMap.CollectYields,18
7,2,Material,source,SurfaceMap.CollectYields,1
7,2,Fame,source,SurfaceMap.CollectYields,4
7,2,DP,source,EraSystem.TickTurn,600
7,2,Fame,source,EraSystem.TickTurn,25
7,2,DP,sink,MinionRoster.TryForge,-236
7,2,DP,sink,MinionEvolution.TryEvolve,-400
7,2,DP,sink,DungeonFeatureManager.TryPlaceTrap,-150
7,2,DP,sink,MinionRoster.TrySummon,-196
7,2,DP,source,AdventurerAI.TakeDamage,364
7,2,Material,source,AdventurerAI.TakeDamage,16
7,2,DP,source,AdventurerAI.ReapEmotion,171
7,2,DP,sink,CommandSystem.TryUse,-300
7,2,DP,stock,end,238
7,2,Material,stock,end,21
7,2,Fame,stock,end,134
7,3,DP,source,SurfaceMap.CollectYields,18
7,3,Material,source,SurfaceMap.CollectYields,1
7,3,Fame,source,SurfaceMap.CollectYields,4
7,3,DP,source,EraSystem.TickTurn,600
7,3,Material,source,EraSystem.TickTurn,10
7,3,DP,sink,MinionRoster.TryForge,-236
7,3,DP,sink,MinionEvolution.TryEvolve,-225
7,3,DP,sink,MinionRoster.TryEvolveIndividual,-75
7,3,DP,sink,DungeonFeatureManager.TryPlaceTrap,-150
7,3,DP,sink,MinionRoster.TrySummon,-156
7,3,DP,source,AdventurerAI.ReapEmotion,168
7,3,Fame,source,AdventurerAI.GrantReturnReward,20
7,3,Fame,source,LureEconomy.OnHeroEscaped,50
7,3,DP,source,AdventurerAI.TakeDamage,236
7,3,Material,source,AdventurerAI.TakeDamage,19
7,3,DP,sink,CommandSystem.TryUse,-650
7,3,DP,source,Nemesis.OnSlain,437
7,3,Material,source,Nemesis.OnSlain,5
7,3,DP,stock,end,205
7,3,Material,stock,end,56
7,3,Fame,stock,end,208
7,4,DP,source,SurfaceMap.CollectYields,18
7,4,Material,source,SurfaceMap.CollectYields,1
7,4,Fame,source,SurfaceMap.CollectYields,4
7,4,DP,source,EraSystem.TickTurn,600
7,4,DP,sink,MinionRoster.TryForge,-236
7,4,DP,sink,MinionEvolution.TryEvolve,-200
7,4,DP,sink,DungeonFeatureManager.TryPlaceTrap,-300
7,4,DP,sink,MinionRoster.TrySummon,-78
7,4,DP,source,AdventurerAI.ReapEmotion,176
7,4,Fame,source,AdventurerAI.GrantReturnReward,30
7,4,Fame,source,LureEconomy.OnHeroEscaped,75
7,4,DP,source,AdventurerAI.TakeDamage,249
7,4,Material,source,AdventurerAI.TakeDamage,6
7,4,DP,source,AdventurerAI.GrantReturnReward,213
7,4,DP,sink,CommandSystem.TryUse,-300
7,4,DP,stock,end,347
7,4,Material,stock,end,63
7,4,Fame,stock,end,317
7,5,DP,source,SurfaceMap.CollectYields,18
7,5,Material,source,SurfaceMap.CollectYields,1
7,5,Fame,source,SurfaceMap.CollectYields,4
7,5,DP,source,EraSystem.TickTurn,600
7,5,DP,sink,MinionRoster.TryForge,-212
7,5,DP,sink,DungeonFloorManager.TryExpandFloor,-400
7,5,DP,sink,DungeonFeatureManager.TryPlaceTrap,-300
7,5,DP,sink,MinionRoster.TrySummon,-42
7,5,DP,source,AdventurerAI.TakeDamage,811
7,5,Material,source,AdventurerAI.TakeDamage,37
7,5,DP,source,AdventurerAI.ReapEmotion,345
7,5,DP,sink,CommandSystem.TryUse,-2300
7,5,DP,source,AdventurerAI.GrantReturnReward,386
7,5,Fame,source,AdventurerAI.GrantReturnReward,10
7,5,Fame,source,LureEconomy.OnHeroEscaped,25
7,5,DP,source,Nemesis.OnSlain,940
7,5,Material,source,Nemesis.OnSlain,10
7,5,DP,stock,end,193
7,5,Material,stock,end,111
7,5,Fame,stock,end,356
7,6,DP,source,SurfaceMap.CollectYields,39
7,6,Material,source,SurfaceMap.CollectYields,2
7,6,Fame,source,SurfaceMap.CollectYields,9
7,6,DP,source,EraSystem.TickTurn,600
7,6,Material,source,EraSystem.TickTurn,10
7,6,Fame,source,EraSystem.TickTurn,25
7,6,DP,source,WaveRoster.ResolveTrial,1500
7,6,DP,sink,MinionRoster.TryForge,-212
7,6,DP,sink,DungeonFloorManager.TryAddFloor,-800
7,6,DP,sink,DungeonFloorManager.TryExpandFloor,-400
7,6,DP,sink,MinionEvolution.TryEvolve,-525
7,6,DP,sink,DungeonFeatureManager.TryPlaceTrap,-300
7,6,DP,sink,MinionRoster.TrySummon,-93
7,6,DP,source,AdventurerAI.ReapEmotion,179
7,6,DP,source,AdventurerAI.TakeDamage,512
7,6,Material,source,AdventurerAI.TakeDamage,20
7,6,DP,source,AdventurerAI.GrantReturnReward,660
7,6,Fame,source,AdventurerAI.GrantReturnReward,30
7,6,Fame,source,LureEconomy.OnHeroEscaped,75
7,6,DP,sink,CommandSystem.TryUse,-1150
7,6,DP,source,Nemesis.OnSlain,972
7,6,Material,source,Nemesis.OnSlain,10
7,6,DP,stock,end,1175
7,6,Material,stock,end,153
7,6,Fame,stock,end,495
7,7,DP,source,SurfaceMap.CollectYields,39
7,7,Material,source,SurfaceMap.CollectYields,2
7,7,Fame,source,SurfaceMap.CollectYields,9
7,7,DP,source,EraSystem.TickTurn,600
7,7,DP,sink,MinionRoster.TryForge,-212
7,7,DP,sink,DungeonFloorManager.TryExpandFloor,-800
7,7,DP,sink,MinionEvolution.TryEvolve,-500
7,7,DP,sink,DungeonFeatureManager.TryPlaceTrap,-150
7,7,DP,sink,MinionRoster.TrySummon,-135
7,7,DP,source,AdventurerAI.ReapEmotion,132
7,7,DP,source,AdventurerAI.GrantReturnReward,1182
7,7,Fame,source,AdventurerAI.GrantReturnReward,50
7,7,Fame,source,LureEconomy.OnHeroEscaped,125
7,7,DP,sink,CommandSystem.TryUse,-1800
7,7,DP,source,AdventurerAI.TakeDamage,438
7,7,Material,source,AdventurerAI.TakeDamage,17
7,7,DP,source,Nemesis.OnSlain,502
7,7,Material,source,Nemesis.OnSlain,5
7,7,DP,stock,end,471
7,7,Material,stock,end,177
7,7,Fame,stock,end,679
7,8,DP,source,SurfaceMap.CollectYields,39
7,8,Material,source,SurfaceMap.CollectYields,2
7,8,Fame,source,SurfaceMap.CollectYields,9
7,8,DP,source,EraSystem.TickTurn,1020
7,8,DP,sink,MinionRoster.TryForge,-212
7,8,DP,sink,DungeonFloorManager.TryExpandFloor,-800
7,8,DP,sink,MinionRoster.TryEvolveIndividual,-175
7,8,DP,sink,DungeonFeatureManager.TryPlaceTrap,-150
7,8,DP,sink,MinionRoster.TrySummon,-185
7,8,DP,source,AdventurerAI.ReapEmotion,134
7,8,DP,source,AdventurerAI.GrantReturnReward,394
7,8,Fame,source,AdventurerAI.GrantReturnReward,20
7,8,Fame,source,LureEconomy.OnHeroEscaped,50
7,8,DP,sink,CommandSystem.TryUse,-1800
7,8,DP,source,AdventurerAI.TakeDamage,919
7,8,Material,source,AdventurerAI.TakeDamage,50
7,8,DP,source,Nemesis.OnSlain,1004
7,8,Material,source,Nemesis.OnSlain,10
7,8,DP,stock,end,659
7,8,Material,stock,end,239
7,8,Fame,stock,end,758
7,9,DP,source,SurfaceMap.CollectYields,45
7,9,Material,source,SurfaceMap.CollectYields,2
7,9,Fame,source,SurfaceMap.CollectYields,11
7,9,DP,source,EraSystem.TickTurn,600
7,9,Fame,source,EraSystem.TickTurn,25
7,9,DP,sink,MinionRoster.TryForge,-190
7,9,DP,sink,MinionEvolution.TryEvolve,-800
7,9,DP,sink,DungeonFeatureManager.TryPlaceTrap,-150
7,9,DP,sink,MinionRoster.TrySummon,-162
7,9,DP,source,AdventurerAI.ReapEmotion,196
7,9,Fame,source,AdventurerAI.GrantReturnReward,60
7,9,Fame,source,LureEconomy.OnHeroEscaped,150
7,9,DP,source,AdventurerAI.GrantReturnReward,3035
7,9,DP,sink,CommandSystem.TryUse,-2450
7,9,DP,source,AdventurerAI.TakeDamage,564
7,9,Material,source,AdventurerAI.TakeDamage,41
7,9,DP,source,Nemesis.OnSlain,1036
7,9,Material,source,Nemesis.OnSlain,10
7,9,DP,stock,end,2383
7,9,Material,stock,end,292
7,9,Fame,stock,end,1004
7,10,DP,source,SurfaceMap.CollectYields,79
7,10,Material,source,SurfaceMap.CollectYields,3
7,10,Fame,source,SurfaceMap.CollectYields,17
7,10,DP,source,EraSystem.TickTurn,600
7,10,DP,sink,MinionRoster.TryForge,-190
7,10,DP,sink,DungeonFloorManager.TryAddFloor,-2000
7,10,DP,sink,DungeonFloorManager.TryExpandFloor,-400
7,10,DP,sink,MinionRoster.TryEvolveIndividual,-150
7,10,DP,sink,DungeonFeatureManager.TryPlaceTrap,-150
7,10,DP,sink,MinionRoster.TrySummon,-153
7,10,DP,source,AdventurerAI.ReapEmotion,152
7,10,DP,source,AdventurerAI.GrantReturnReward,661
7,10,Fame,source,AdventurerAI.GrantReturnReward,30
7,10,Fame,source,LureEconomy.OnHeroEscaped,75
7,10,DP,source,AdventurerAI.TakeDamage,1169
7,10,Material,source,AdventurerAI.TakeDamage,34
7,10,DP,sink,CommandSystem.TryUse,-2300
7,10,DP,source,Nemesis.OnSlain,535
7,10,Material,source,Nemesis.OnSlain,5
7,10,DP,stock,end,236
7,10,Material,stock,end,334
7,10,Fame,stock,end,1126
7,11,DP,source,SurfaceMap.CollectYields,79
7,11,Material,source,SurfaceMap.CollectYields,3
7,11,Fame,source,SurfaceMap.CollectYields,17
7,11,DP,source,EraSystem.TickTurn,720
7,11,DP,sink,MinionRoster.TryForge,-190
7,11,DP,sink,MinionRoster.TryEvolveIndividual,-525
7,11,DP,sink,DungeonFeatureManager.TryPlaceTrap,-150
7,11,DP,sink,MinionRoster.TrySummon,-167
7,11,DP,source,AdventurerAI.ReapEmotion,128
7,11,DP,source,AdventurerAI.GrantReturnReward,1044
7,11,Fame,source,AdventurerAI.GrantReturnReward,60
7,11,Fame,source,LureEconomy.OnHeroEscaped,150
7,11,DP,sink,CommandSystem.TryUse,-2300
7,11,DP,source,AdventurerAI.TakeDamage,907
7,11,Material,source,AdventurerAI.TakeDamage,41
7,11,DP,source,Nemesis.OnSlain,551
7,11,Material,source,Nemesis.OnSlain,5
7,11,DP,stock,end,333
7,11,Material,stock,end,383
7,11,Fame,stock,end,1353
7,12,DP,source,SurfaceMap.CollectYields,79
7,12,Material,source,SurfaceMap.CollectYields,3
7,12,Fame,source,SurfaceMap.CollectYields,17
7,12,DP,source,DistrictCatalog.Collect,98
7,12,DP,sink,MinionRoster.TryForge,-95
7,12,DP,sink,DungeonFeatureManager.TryPlaceTrap,-150
7,12,DP,sink,MinionRoster.TrySummon,-255
7,12,DP,source,AdventurerAI.ReapEmotion,146
7,12,DP,source,AdventurerAI.TakeDamage,1205
7,12,Material,source,AdventurerAI.TakeDamage,126
7,12,DP,sink,CommandSystem.TryUse,-1800
7,12,DP,source,AdventurerAI.GrantReturnReward,752
7,12,Fame,source,AdventurerAI.GrantReturnReward,50
7,12,Fame,source,LureEconomy.OnHeroEscaped,125
7,12,DP,source,Nemesis.OnSlain,567
7,12,Material,source,Nemesis.OnSlain,5
7,12,DP,stock,end,880
7,12,Material,stock,end,517
7,12,Fame,stock,end,1545
7,13,DP,source,SurfaceMap.CollectYields,60
7,13,Material,source,SurfaceMap.CollectYields,3
7,13,Fame,source,SurfaceMap.CollectYields,14
7,13,DP,source,DistrictCatalog.Collect,112
7,13,DP,sink,MinionRoster.TryForge,-190
7,13,DP,sink,MinionRoster.TryEvolveIndividual,-550
7,13,DP,sink,DungeonFeatureManager.TryPlaceTrap,-150
7,13,DP,sink,MinionRoster.TrySummon,-154
7,13,DP,source,AdventurerAI.ReapEmotion,138
7,13,DP,source,AdventurerAI.GrantReturnReward,1279
7,13,Fame,source,AdventurerAI.GrantReturnReward,80
7,13,Fame,source,LureEconomy.OnHeroEscaped,200
7,13,DP,sink,CommandSystem.TryUse,-2600
7,13,DP,source,AdventurerAI.TakeDamage,949
7,13,Material,source,AdventurerAI.TakeDamage,55
7,13,DP,source,Nemesis.OnSlain,1383
7,13,Material,source,Nemesis.OnSlain,12
7,13,DP,stock,end,1157
7,13,Material,stock,end,587
7,13,Fame,stock,end,1839
7,14,DP,source,SurfaceMap.CollectYields,80
7,14,Material,source,SurfaceMap.CollectYields,4
7,14,Fame,source,SurfaceMap.CollectYields,18
7,14,DP,source,DistrictCatalog.Collect,112
7,14,DP,sink,MinionRoster.TryForge,-190
7,14,DP,sink,DungeonFloorManager.TryExpandFloor,-800
7,14,DP,sink,DungeonFeatureManager.TryPlaceTrap,-150
7,14,DP,sink,MinionRoster.TrySummon,-204
7,14,DP,source,AdventurerAI.ReapEmotion,148
7,14,DP,source,AdventurerAI.TakeDamage,2224
7,14,Material,source,AdventurerAI.TakeDamage,285
7,14,DP,sink,CommandSystem.TryUse,-1800
7,14,Fame,source,AdventurerAI.GrantReturnReward,50
7,14,Fame,source,LureEconomy.OnHeroEscaped,125
7,14,DP,source,Nemesis.OnSlain,1419
7,14,Material,source,Nemesis.OnSlain,12
7,14,DP,source,AdventurerAI.GrantReturnReward,78
7,14,DP,stock,end,2074
7,14,Material,stock,end,888
7,14,Fame,stock,end,2032
7,15,DP,source,SurfaceMap.CollectYields,80
7,15,Material,source,SurfaceMap.CollectYields,4
7,15,Fame,source,SurfaceMap.CollectYields,18
7,15,DP,source,DistrictCatalog.Collect,112
7,15,DP,sink,MinionRoster.TryForge,-190
7,15,DP,sink,DungeonFloorManager.TryExpandFloor,-1500
7,15,DP,sink,MinionRoster.TryEvolveIndividual,-225
7,15,DP,sink,DungeonFeatureManager.TryPlaceTrap,-150
7,15,DP,sink,MinionRoster.TrySummon,-201
7,15,DP,source,AdventurerAI.ReapEmotion,200
7,15,DP,source,AdventurerAI.GrantReturnReward,626
7,15,Fame,source,AdventurerAI.GrantReturnReward,30
7,15,Fame,source,LureEconomy.OnHeroEscaped,75
7,15,DP,sink,CommandSystem.TryUse,-2300
7,15,DP,source,AdventurerAI.TakeDamage,2684
7,15,Material,source,AdventurerAI.TakeDamage,69
7,15,DP,source,Nemesis.OnSlain,599
7,15,Material,source,Nemesis.OnSlain,5
7,15,DP,stock,end,1809
7,15,Material,stock,end,966
7,15,Fame,stock,end,2155
7,16,DP,source,SurfaceMap.CollectYields,80
7,16,Material,source,SurfaceMap.CollectYields,4
7,16,Fame,source,SurfaceMap.CollectYields,18
7,16,DP,source,DistrictCatalog.Collect,112
7,16,DP,sink,MinionRoster.TryForge,-760
7,16,DP,sink,MinionRoster.TryEvolveIndividual,-875
7,16,DP,sink,DungeonFeatureManager.TryPlaceTrap,-150
7,16,DP,sink,MinionRoster.TrySummon,-216
7,16,DP,source,AdventurerAI.ReapEmotion,152
7,16,DP,source,AdventurerAI.TakeDamage,2626
7,16,Material,source,AdventurerAI.TakeDamage,87
7,16,DP,sink,CommandSystem.TryUse,-1800
7,16,DP,source,Nemesis.OnSlain,2089
7,16,Material,source,Nemesis.OnSlain,17
7,16,DP,source,AdventurerAI.GrantReturnReward,258
7,16,Fame,source,AdventurerAI.GrantReturnReward,10
7,16,Fame,source,LureEconomy.OnHeroEscaped,25
7,16,DP,stock,end,3325
7,16,Material,stock,end,1074
7,16,Fame,stock,end,2208
7,17,DP,source,SurfaceMap.CollectYields,80
7,17,Material,source,SurfaceMap.CollectYields,4
7,17,Fame,source,SurfaceMap.CollectYields,18
7,17,DP,source,DistrictCatalog.Collect,126
7,17,DP,source,EraSystem.TickTurn,720
7,17,DP,sink,MinionRoster.TryForge,-570
7,17,DP,sink,DungeonFloorManager.TryExpandFloor,-3000
7,17,DP,sink,MinionRoster.TryEvolveIndividual,-325
7,17,DP,sink,DungeonFeatureManager.TryPlaceTrap,-150
7,17,DP,sink,MinionRoster.TrySummon,-192
7,17,DP,source,AdventurerAI.ReapEmotion,151
7,17,DP,source,AdventurerAI.GrantReturnReward,1074
7,17,Fame,source,AdventurerAI.GrantReturnReward,70
7,17,Fame,source,LureEconomy.OnHeroEscaped,175
7,17,DP,sink,CommandSystem.TryUse,-1800
7,17,DP,source,AdventurerAI.TakeDamage,1785
7,17,Material,source,AdventurerAI.TakeDamage,48
7,17,DP,source,Nemesis.OnSlain,1509
7,17,Material,source,Nemesis.OnSlain,12
7,17,DP,stock,end,2733
7,17,Material,stock,end,1138
7,17,Fame,stock,end,2471
7,18,DP,source,SurfaceMap.CollectYields,100
7,18,Material,source,SurfaceMap.CollectYields,5
7,18,Fame,source,SurfaceMap.CollectYields,22
7,18,DP,source,DistrictCatalog.Collect,126
7,18,DP,sink,MinionRoster.TryForge,-2529
7,18,DP,sink,DungeonFeatureManager.TryPlaceTrap,-150
7,18,DP,sink,MinionRoster.TrySummon,-280
7,18,DP,source,AdventurerAI.ReapEmotion,138
7,18,DP,source,AdventurerAI.TakeDamage,1242
7,18,Material,source,AdventurerAI.TakeDamage,186
7,18,DP,sink,CommandSystem.TryUse,-2950
7,18,DP,source,AdventurerAI.GrantReturnReward,4046
7,18,Fame,source,AdventurerAI.GrantReturnReward,140
7,18,Fame,source,LureEconomy.OnHeroEscaped,350
7,18,DP,source,Nemesis.OnSlain,745
7,18,Material,source,Nemesis.OnSlain,5
7,18,DP,stock,end,3221
7,18,Material,stock,end,1334
7,18,Fame,stock,end,2983
7,19,DP,source,SurfaceMap.CollectYields,100
7,19,Material,source,SurfaceMap.CollectYields,5
7,19,Fame,source,SurfaceMap.CollectYields,22
7,19,DP,source,DistrictCatalog.Collect,140
7,19,DP,source,EraSystem.TickTurn,300
7,19,DP,sink,MinionRoster.TryForge,-3250
7,19,DP,sink,DungeonFeatureManager.TryPlaceTrap,-300
7,19,DP,sink,MinionRoster.TrySummon,-198
7,19,DP,source,IncidentSystem.Apply,600
7,19,DP,sink,CommandSystem.TryUse,-5600
7,19,DP,source,AdventurerAI.ReapEmotion,162
7,19,DP,source,AdventurerAI.TakeDamage,3122
7,19,Material,source,AdventurerAI.TakeDamage,69
7,19,DP,source,AdventurerAI.GrantReturnReward,4023
7,19,Fame,source,AdventurerAI.GrantReturnReward,90
7,19,Fame,source,LureEconomy.OnHeroEscaped,225
7,19,DP,source,Nemesis.OnSlain,1566
7,19,Material,source,Nemesis.OnSlain,12
7,19,DP,stock,end,3886
7,19,Material,stock,end,1420
7,19,Fame,stock,end,3320
7,20,DP,source,SurfaceMap.CollectYields,133
7,20,Material,source,SurfaceMap.CollectYields,5
7,20,Fame,source,SurfaceMap.CollectYields,28
7,20,DP,source,DistrictCatalog.Collect,140
7,20,DP,sink,MinionRoster.TryForge,-3658
7,20,DP,sink,DungeonFeatureManager.TryPlaceTrap,-300
7,20,DP,sink,MinionRoster.TrySummon,-199
7,20,DP,source,AdventurerAI.ReapEmotion,214
7,20,DP,source,AdventurerAI.GrantReturnReward,6256
7,20,Fame,source,AdventurerAI.GrantReturnReward,220
7,20,Fame,source,LureEconomy.OnHeroEscaped,550
7,20,DP,sink,CommandSystem.TryUse,-5550
7,20,DP,source,AdventurerAI.TakeDamage,8561
7,20,Material,source,AdventurerAI.TakeDamage,192
7,20,DP,source,Nemesis.OnSlain,1328
7,20,Material,source,Nemesis.OnSlain,10
7,20,DP,stock,end,10811
7,20,Material,stock,end,1627
7,20,Fame,stock,end,4118
7,21,DP,source,SurfaceMap.CollectYields,133
7,21,Material,source,SurfaceMap.CollectYields,5
7,21,Fame,source,SurfaceMap.CollectYields,28
7,21,DP,source,DistrictCatalog.Collect,154
7,21,DP,sink,MinionRoster.TryForge,-3740
7,21,DP,sink,DungeonFloorManager.TryAddFloor,-5000
7,21,DP,sink,DungeonFloorManager.TryExpandFloor,-1200
7,21,DP,sink,MinionRoster.TryEvolveIndividual,-450
7,21,DP,sink,DungeonFeatureManager.TryPlaceTrap,-450
7,21,DP,sink,MinionRoster.TrySummon,-255
7,21,DP,source,AdventurerAI.ReapEmotion,153
7,21,DP,source,AdventurerAI.GrantReturnReward,7193
7,21,Fame,source,AdventurerAI.GrantReturnReward,180
7,21,Fame,source,LureEconomy.OnHeroEscaped,450
7,21,DP,sink,CommandSystem.TryUse,-5600
7,21,DP,source,AdventurerAI.TakeDamage,2221
7,21,Material,source,AdventurerAI.TakeDamage,42
7,21,DP,stock,end,3970
7,21,Material,stock,end,1674
7,21,Fame,stock,end,4776
7,22,DP,source,SurfaceMap.CollectYields,163
7,22,Material,source,SurfaceMap.CollectYields,6
7,22,Fame,source,SurfaceMap.CollectYields,34
7,22,DP,source,DistrictCatalog.Collect,154
7,22,DP,sink,MinionRoster.TryForge,-2122
7,22,DP,sink,DungeonFloorManager.TryExpandFloor,-1500
7,22,DP,sink,DungeonFeatureManager.TryPlaceTrap,-450
7,22,DP,sink,MinionRoster.TrySummon,-189
7,22,DP,source,AdventurerAI.ReapEmotion,171
7,22,DP,source,AdventurerAI.GrantReturnReward,9218
7,22,Fame,source,AdventurerAI.GrantReturnReward,240
7,22,Fame,source,LureEconomy.OnHeroEscaped,600
7,22,DP,sink,CommandSystem.TryUse,-4450
7,22,DP,source,AdventurerAI.TakeDamage,2621
7,22,Material,source,AdventurerAI.TakeDamage,200
7,22,DP,source,Nemesis.OnSlain,697
7,22,Material,source,Nemesis.OnSlain,5
7,22,DP,stock,end,8283
7,22,Material,stock,end,1885
7,22,Fame,stock,end,5650
7,23,DP,source,SurfaceMap.CollectYields,163
7,23,Material,source,SurfaceMap.CollectYields,6
7,23,Fame,source,SurfaceMap.CollectYields,34
7,23,DP,source,DistrictCatalog.Collect,140
7,23,DP,sink,MinionRoster.TryForge,-7440
7,23,DP,sink,MinionRoster.TryEvolveIndividual,-325
7,23,DP,sink,DungeonFeatureManager.TryPlaceTrap,-600
7,23,DP,sink,MinionRoster.TrySummon,-221
7,23,DP,source,AdventurerAI.ReapEmotion,481
7,23,DP,sink,CommandSystem.TryUse,-5100
7,23,DP,source,AdventurerAI.GrantReturnReward,6377
7,23,Fame,source,AdventurerAI.GrantReturnReward,120
7,23,Fame,source,LureEconomy.OnHeroEscaped,300
7,23,DP,source,AdventurerAI.TakeDamage,2920
7,23,Material,source,AdventurerAI.TakeDamage,56
7,23,DP,source,Nemesis.OnSlain,1958
7,23,Material,source,Nemesis.OnSlain,14
7,23,DP,stock,end,6636
7,23,Material,stock,end,1961
7,23,Fame,stock,end,6104
7,24,DP,source,SurfaceMap.CollectYields,124
7,24,Material,source,SurfaceMap.CollectYields,6
7,24,Fame,source,SurfaceMap.CollectYields,28
7,24,DP,source,DistrictCatalog.Collect,140
7,24,DP,sink,MinionRoster.TryForge,-5760
7,24,DP,sink,MinionRoster.TryEvolveIndividual,-450
7,24,DP,sink,DungeonFeatureManager.TryPlaceTrap,-450
7,24,DP,sink,MinionRoster.TrySummon,-226
7,24,DP,source,AdventurerAI.ReapEmotion,335
7,24,DP,sink,CommandSystem.TryUse,-5100
7,24,DP,source,AdventurerAI.TakeDamage,7765
7,24,Material,source,AdventurerAI.TakeDamage,454
7,24,DP,source,AdventurerAI.GrantReturnReward,7578
7,24,Fame,source,AdventurerAI.GrantReturnReward,230
7,24,Fame,source,LureEconomy.OnHeroEscaped,575
7,24,DP,source,Nemesis.OnSlain,713
7,24,Material,source,Nemesis.OnSlain,5
7,24,DP,stock,end,11305
7,24,Material,stock,end,2426
7,24,Fame,stock,end,6937
7,25,DP,source,SurfaceMap.CollectYields,124
7,25,Material,source,SurfaceMap.CollectYields,6
7,25,Fame,source,SurfaceMap.CollectYields,28
7,25,DP,source,DistrictCatalog.Collect,28
7,25,DP,source,EraSystem.TickTurn,3840
7,25,DP,sink,MinionRoster.TryForge,-168
7,25,DP,sink,DungeonFloorManager.TryAddFloor,-12500
7,25,DP,sink,MinionEvolution.TryEvolve,-2125
7,25,DP,sink,DungeonFeatureManager.TryPlaceTrap,-300
7,25,DP,sink,MinionRoster.TrySummon,-189
7,25,DP,source,AdventurerAI.ReapEmotion,214
7,25,DP,source,AdventurerAI.GrantReturnReward,13635
7,25,Fame,source,AdventurerAI.GrantReturnReward,390
7,25,Fame,source,LureEconomy.OnHeroEscaped,975
7,25,DP,sink,CommandSystem.TryUse,-5800
7,25,DP,source,AdventurerAI.TakeDamage,734
7,25,Material,source,AdventurerAI.TakeDamage,299
7,25,DP,stock,end,8798
7,25,Material,stock,end,2731
7,25,Fame,stock,end,8330
7,26,DP,source,SurfaceMap.CollectYields,124
7,26,Material,source,SurfaceMap.CollectYields,6
7,26,Fame,source,SurfaceMap.CollectYields,28
7,26,DP,source,DistrictCatalog.Collect,28
7,26,DP,source,EraSystem.TickTurn,3840
7,26,DP,sink,MinionRoster.TryForge,-168
7,26,DP,sink,DungeonFloorManager.TryExpandFloor,-1200
7,26,DP,sink,MinionEvolution.TryEvolve,-2775
7,26,DP,sink,MinionRoster.TryEvolveIndividual,-8300
7,26,DP,sink,DungeonFeatureManager.TryPlaceTrap,-150
7,26,DP,sink,MinionRoster.TrySummon,-165
7,26,DP,source,AdventurerAI.ReapEmotion,328
7,26,DP,sink,CommandSystem.TryUse,-6450
7,26,DP,source,AdventurerAI.GrantReturnReward,15640
7,26,Fame,source,AdventurerAI.GrantReturnReward,380
7,26,Fame,source,LureEconomy.OnHeroEscaped,950
7,26,DP,source,AdventurerAI.TakeDamage,4588
7,26,Material,source,AdventurerAI.TakeDamage,218
7,26,DP,source,Nemesis.OnSlain,745
7,26,Material,source,Nemesis.OnSlain,5
7,26,DP,stock,end,14883
7,26,Material,stock,end,2960
7,26,Fame,stock,end,9688
7,27,DP,source,SurfaceMap.CollectYields,144
7,27,Material,source,SurfaceMap.CollectYields,7
7,27,Fame,source,SurfaceMap.CollectYields,32
7,27,DP,source,DistrictCatalog.Collect,28
7,27,DP,source,EraSystem.TickTurn,6528
7,27,DP,sink,MinionRoster.TryForge,-6816
7,27,DP,sink,DungeonFloorManager.TryExpandFloor,-9000
7,27,DP,sink,MinionRoster.TryEvolveIndividual,-5200
7,27,DP,sink,DungeonFeatureManager.TryPlaceTrap,-300
7,27,DP,sink,MinionRoster.TrySummon,-264
7,27,DP,source,AdventurerAI.ReapEmotion,278
7,27,DP,source,AdventurerAI.GrantReturnReward,5466
7,27,Fame,source,AdventurerAI.GrantReturnReward,420
7,27,Fame,source,LureEconomy.OnHeroEscaped,1050
7,27,DP,sink,CommandSystem.TryUse,-3400
7,27,DP,source,AdventurerAI.TakeDamage,3047
7,27,Material,source,AdventurerAI.TakeDamage,23
7,27,DP,stock,end,5394
7,27,Material,stock,end,2990
7,27,Fame,stock,end,11190
7,28,DP,source,SurfaceMap.CollectYields,144
7,28,Material,source,SurfaceMap.CollectYields,7
7,28,Fame,source,SurfaceMap.CollectYields,32
7,28,DP,source,DistrictCatalog.Collect,28
7,28,DP,source,EraSystem.TickTurn,6528
7,28,DP,sink,MinionRoster.TryForge,-5232
7,28,DP,sink,DungeonFloorManager.TryExpandFloor,-5000
7,28,DP,sink,MinionRoster.TryEvolveIndividual,-1025
7,28,DP,sink,DungeonFeatureManager.TryPlaceTrap,-600
7,28,DP,sink,MinionRoster.TrySummon,-207
7,28,DP,source,AdventurerAI.ReapEmotion,296
7,28,DP,sink,CommandSystem.TryUse,-4750
7,28,DP,source,AdventurerAI.GrantReturnReward,11167
7,28,Fame,source,AdventurerAI.GrantReturnReward,290
7,28,Fame,source,LureEconomy.OnHeroEscaped,725
7,28,DP,stock,end,6743
7,28,Material,stock,end,2997
7,28,Fame,stock,end,12237
7,29,DP,source,SurfaceMap.CollectYields,144
7,29,Material,source,SurfaceMap.CollectYields,7
7,29,Fame,source,SurfaceMap.CollectYields,32
7,29,DP,source,DistrictCatalog.Collect,28
7,29,DP,source,EraSystem.TickTurn,3840
7,29,DP,sink,MinionRoster.TryForge,-8712
7,29,DP,sink,MinionRoster.TryEvolveIndividual,-850
7,29,Material,sink,MinionRoster.TryForge,-24
7,29,DP,sink,DungeonFeatureManager.TryPlaceTrap,-900
7,29,DP,sink,MinionRoster.TrySummon,-276
7,29,DP,source,AdventurerAI.ReapEmotion,191
7,29,DP,source,AdventurerAI.TakeDamage,2898
7,29,Material,source,AdventurerAI.TakeDamage,22
7,29,DP,sink,CommandSystem.TryUse,-4900
7,29,DP,source,AdventurerAI.GrantReturnReward,17332
7,29,Fame,source,AdventurerAI.GrantReturnReward,500
7,29,Fame,source,LureEconomy.OnHeroEscaped,1250
7,29,DP,stock,end,15538
7,29,Material,stock,end,3002
7,29,Fame,stock,end,14019
7,30,DP,source,SurfaceMap.CollectYields,144
7,30,Material,source,SurfaceMap.CollectYields,7
7,30,Fame,source,SurfaceMap.CollectYields,32
7,30,DP,source,DistrictCatalog.Collect,28
7,30,DP,source,EraSystem.TickTurn,6528
7,30,Material,source,EraSystem.TickTurn,32
7,30,DP,sink,MinionRoster.TryForge,-21150
7,30,DP,sink,MinionRoster.TryEvolveIndividual,-325
7,30,Material,sink,MinionRoster.TryForge,-70
7,30,DP,sink,DungeonFeatureManager.TryPlaceTrap,-600
7,30,DP,sink,MinionRoster.TrySummon,-138
7,30,DP,source,AdventurerAI.ReapEmotion,339
7,30,DP,sink,CommandSystem.TryUse,-5650
7,30,DP,source,AdventurerAI.GrantReturnReward,12326
7,30,Fame,source,AdventurerAI.GrantReturnReward,530
7,30,Fame,source,LureEconomy.OnHeroEscaped,1325
7,30,DP,source,AdventurerAI.TakeDamage,1635
7,30,Material,source,AdventurerAI.TakeDamage,267
7,30,DP,stock,end,8675
7,30,Material,stock,end,3238
7,30,Fame,stock,end,15906
7,31,DP,source,SurfaceMap.CollectYields,167
7,31,Material,source,SurfaceMap.CollectYields,9
7,31,Fame,source,SurfaceMap.CollectYields,37
7,31,DP,source,DistrictCatalog.Collect,28
7,31,DP,source,EraSystem.TickTurn,3840
7,31,Material,source,EraSystem.TickTurn,37
7,31,Fame,source,EraSystem.TickTurn,80
7,31,DP,sink,MinionRoster.TryForge,-10890
7,31,DP,sink,MinionRoster.TryEvolveIndividual,-725
7,31,Material,sink,MinionRoster.TryForge,-34
7,31,DP,sink,DungeonFeatureManager.TryPlaceTrap,-900
7,31,DP,sink,MinionRoster.TrySummon,-172
7,31,DP,source,AdventurerAI.ReapEmotion,228
7,31,DP,source,AdventurerAI.GrantReturnReward,15481
7,31,Fame,source,AdventurerAI.GrantReturnReward,530
7,31,Fame,source,LureEconomy.OnHeroEscaped,1325
7,31,DP,sink,CommandSystem.TryUse,-4400
7,31,DP,source,AdventurerAI.TakeDamage,2356
7,31,Material,source,AdventurerAI.TakeDamage,118
7,31,DP,stock,end,13688
7,31,Material,stock,end,3368
7,31,Fame,stock,end,17878
7,32,DP,source,SurfaceMap.CollectYields,167
7,32,Material,source,SurfaceMap.CollectYields,9
7,32,Fame,source,SurfaceMap.CollectYields,37
7,32,DP,source,DistrictCatalog.Collect,28
7,32,DP,source,EraSystem.TickTurn,6528
7,32,Fame,source,EraSystem.TickTurn,192
7,32,DP,sink,MinionRoster.TryForge,-18000
7,32,DP,sink,MinionRoster.TryEvolveIndividual,-625
7,32,Material,sink,MinionRoster.TryForge,-96
7,32,DP,sink,DungeonFeatureManager.TryPlaceTrap,-1500
7,32,DP,sink,MinionRoster.TrySummon,-252
7,32,DP,source,AdventurerAI.ReapEmotion,160
7,32,DP,source,AdventurerAI.TakeDamage,6796
7,32,Material,source,AdventurerAI.TakeDamage,372
7,32,DP,sink,CommandSystem.TryUse,-5250
7,32,DP,source,AdventurerAI.GrantReturnReward,16758
7,32,Fame,source,AdventurerAI.GrantReturnReward,470
7,32,Fame,source,LureEconomy.OnHeroEscaped,1175
7,32,DP,stock,end,18498
7,32,Material,stock,end,3653
7,32,Fame,stock,end,19752
7,33,DP,source,SurfaceMap.CollectYields,169
7,33,Material,source,SurfaceMap.CollectYields,9
7,33,Fame,source,SurfaceMap.CollectYields,37
7,33,DP,source,DistrictCatalog.Collect,28
7,33,DP,source,EraSystem.TickTurn,1920
7,33,Material,source,EraSystem.TickTurn,37
7,33,DP,sink,MinionRoster.TryForge,-18660
7,33,DP,sink,MinionRoster.TryEvolveIndividual,-775
7,33,Material,sink,MinionRoster.TryForge,-140
7,33,DP,sink,DungeonFeatureManager.TryPlaceTrap,-900
7,33,DP,sink,MinionRoster.TrySummon,-262
7,33,DP,source,AdventurerAI.ReapEmotion,225
7,33,DP,source,AdventurerAI.GrantReturnReward,18533
7,33,Fame,source,AdventurerAI.GrantReturnReward,420
7,33,Fame,source,LureEconomy.OnHeroEscaped,1050
7,33,DP,sink,CommandSystem.TryUse,-6050
7,33,DP,source,AdventurerAI.TakeDamage,12156
7,33,Material,source,AdventurerAI.TakeDamage,118
7,33,DP,stock,end,24882
7,33,Material,stock,end,3677
7,33,Fame,stock,end,21259
7,34,DP,source,SurfaceMap.CollectYields,169
7,34,Material,source,SurfaceMap.CollectYields,9
7,34,Fame,source,SurfaceMap.CollectYields,37
7,34,DP,source,DistrictCatalog.Collect,28
7,34,DP,sink,MinionRoster.TryForge,-23460
7,34,DP,sink,MinionRoster.TryEvolveIndividual,-375
7,34,Material,sink,MinionRoster.TryForge,-180
7,34,DP,sink,DungeonFeatureManager.TryPlaceTrap,-1050
7,34,DP,sink,MinionRoster.TrySummon,-188
7,34,DP,source,AdventurerAI.ReapEmotion,196
7,34,DP,source,AdventurerAI.GrantReturnReward,18327
7,34,Fame,source,AdventurerAI.GrantReturnReward,470
7,34,Fame,source,LureEconomy.OnHeroEscaped,1175
7,34,DP,sink,CommandSystem.TryUse,-4900
7,34,DP,source,AdventurerAI.TakeDamage,8709
7,34,Material,source,AdventurerAI.TakeDamage,295
7,34,DP,stock,end,22338
7,34,Material,stock,end,3801
7,34,Fame,stock,end,22941
7,35,DP,source,SurfaceMap.CollectYields,169
7,35,Material,source,SurfaceMap.CollectYields,9
7,35,Fame,source,SurfaceMap.CollectYields,37
7,35,DP,source,DistrictCatalog.Collect,28
7,35,DP,sink,MinionRoster.TryForge,-20580
7,35,DP,sink,MinionRoster.TryEvolveIndividual,-250
7,35,Material,sink,MinionRoster.TryForge,-156
7,35,DP,sink,DungeonFeatureManager.TryPlaceTrap,-1500
7,35,DP,sink,MinionRoster.TrySummon,-188
7,35,DP,source,AdventurerAI.ReapEmotion,291
7,35,DP,sink,CommandSystem.TryUse,-5200
7,35,DP,source,AdventurerAI.GrantReturnReward,16661
7,35,Fame,source,AdventurerAI.GrantReturnReward,450
7,35,Fame,source,LureEconomy.OnHeroEscaped,1125
7,35,DP,source,AdventurerAI.TakeDamage,10855
7,35,Material,source,AdventurerAI.TakeDamage,276
7,35,DP,stock,end,22624
7,35,Material,stock,end,3930
7,35,Fame,stock,end,24553
7,36,DP,source,SurfaceMap.CollectYields,169
7,36,Material,source,SurfaceMap.CollectYields,9
7,36,Fame,source,SurfaceMap.CollectYields,37
7,36,DP,source,DistrictCatalog.Collect,28
7,36,DP,sink,MinionRoster.TryForge,-20580
7,36,DP,sink,MinionRoster.TryEvolveIndividual,-650
7,36,Material,sink,MinionRoster.TryForge,-156
7,36,DP,sink,DungeonFeatureManager.TryPlaceTrap,-1350
7,36,DP,sink,MinionRoster.TrySummon,-225
7,36,DP,source,AdventurerAI.ReapEmotion,125
7,36,DP,source,AdventurerAI.GrantReturnReward,26139
7,36,Fame,source,AdventurerAI.GrantReturnReward,500
7,36,Fame,source,LureEconomy.OnHeroEscaped,1250
7,36,DP,sink,CommandSystem.TryUse,-5200
7,36,DP,source,AdventurerAI.TakeDamage,6600
7,36,Material,source,AdventurerAI.TakeDamage,163
7,36,DP,stock,end,27680
7,36,Material,stock,end,3946
7,36,Fame,stock,end,26340
7,37,DP,source,SurfaceMap.CollectYields,169
7,37,Material,source,SurfaceMap.CollectYields,9
7,37,Fame,source,SurfaceMap.CollectYields,37
7,37,DP,source,DistrictCatalog.Collect,28
7,37,DP,sink,MinionRoster.TryForge,-24300
7,37,DP,sink,MinionRoster.TryEvolveIndividual,-750
7,37,Material,sink,MinionRoster.TryForge,-242
7,37,DP,sink,DungeonFeatureManager.TryPlaceTrap,-2550
7,37,DP,sink,MinionRoster.TrySummon,-273
7,37,DP,source,AdventurerAI.ReapEmotion,319
7,37,DP,sink,CommandSystem.TryUse,-6050
7,37,DP,source,AdventurerAI.TakeDamage,14506
7,37,Material,source,AdventurerAI.TakeDamage,179
7,37,DP,source,AdventurerAI.GrantReturnReward,17751
7,37,Fame,source,AdventurerAI.GrantReturnReward,140
7,37,Fame,source,LureEconomy.OnHeroEscaped,350
7,37,DP,stock,end,26530
7,37,Material,stock,end,3892
7,37,Fame,stock,end,26867
7,38,DP,source,SurfaceMap.CollectYields,169
7,38,Material,source,SurfaceMap.CollectYields,9
7,38,Fame,source,SurfaceMap.CollectYields,37
7,38,DP,source,DistrictCatalog.Collect,28
7,38,DP,sink,MinionRoster.TryForge,-24540
7,38,DP,sink,MinionRoster.TryEvolveIndividual,-375
7,38,Material,sink,MinionRoster.TryForge,-254
7,38,DP,sink,DungeonFeatureManager.TryPlaceTrap,-1650
7,38,DP,sink,MinionRoster.TrySummon,-162
7,38,DP,source,AdventurerAI.ReapEmotion,123
7,38,DP,source,AdventurerAI.GrantReturnReward,24828
7,38,Fame,source,AdventurerAI.GrantReturnReward,270
7,38,Fame,source,LureEconomy.OnHeroEscaped,675
7,38,DP,sink,CommandSystem.TryUse,-4900
7,38,DP,source,AdventurerAI.TakeDamage,29939
7,38,Material,source,AdventurerAI.TakeDamage,3235
7,38,DP,source,Nemesis.OnSlain,4278
7,38,Material,source,Nemesis.OnSlain,17
7,38,DP,stock,end,54268
7,38,Material,stock,end,6899
7,38,Fame,stock,end,27849
7,39,DP,source,SurfaceMap.CollectYields,169
7,39,Material,source,SurfaceMap.CollectYields,9
7,39,Fame,source,SurfaceMap.CollectYields,37
7,39,DP,source,DistrictCatalog.Collect,28
7,39,DP,sink,MinionRoster.TryForge,-19860
7,39,DP,sink,DungeonFloorManager.TryAddFloor,-31250
7,39,DP,sink,DungeonFloorManager.TryExpandFloor,-1200
7,39,DP,sink,MinionRoster.TryEvolveIndividual,-225
7,39,Material,sink,MinionRoster.TryForge,-200
7,39,DP,sink,DungeonFeatureManager.TryPlaceTrap,-1650
7,39,DP,sink,MinionRoster.TrySummon,-243
7,39,DP,source,AdventurerAI.ReapEmotion,263
7,39,DP,sink,CommandSystem.TryUse,-5950
7,39,DP,source,AdventurerAI.TakeDamage,16070
7,39,Material,source,AdventurerAI.TakeDamage,302
7,39,DP,source,AdventurerAI.GrantReturnReward,29194
7,39,Fame,source,AdventurerAI.GrantReturnReward,390
7,39,Fame,source,LureEconomy.OnHeroEscaped,975
7,39,DP,stock,end,39614
7,39,Material,stock,end,7010
7,39,Fame,stock,end,29251
7,40,DP,source,SurfaceMap.CollectYields,169
7,40,Material,source,SurfaceMap.CollectYields,9
7,40,Fame,source,SurfaceMap.CollectYields,37
7,40,DP,source,DistrictCatalog.Collect,28
7,40,DP,sink,MinionRoster.TryForge,-37020
7,40,DP,sink,MinionRoster.TryEvolveIndividual,-725
7,40,Material,sink,MinionRoster.TryForge,-398
7,40,DP,sink,DungeonFeatureManager.TryPlaceTrap,-1800
7,40,DP,sink,MinionRoster.TrySummon,-243
7,40,DP,source,AdventurerAI.ReapEmotion,662
7,40,DP,sink,CommandSystem.TryUse,-5550
7,40,DP,source,AdventurerAI.GrantReturnReward,37140
7,40,Fame,source,AdventurerAI.GrantReturnReward,430
7,40,Fame,source,LureEconomy.OnHeroEscaped,1075
7,40,DP,source,AdventurerAI.TakeDamage,17176
7,40,Material,source,AdventurerAI.TakeDamage,385
7,40,DP,stock,end,49451
7,40,Material,stock,end,7006
7,40,Fame,stock,end,30793
7,41,DP,source,SurfaceMap.CollectYields,169
7,41,Material,source,SurfaceMap.CollectYields,9
7,41,Fame,source,SurfaceMap.CollectYields,37
7,41,DP,source,DistrictCatalog.Collect,28
7,41,DP,source,EraSystem.TickTurn,1920
7,41,DP,sink,MinionRoster.TryForge,-44820
7,41,DP,sink,DungeonFloorManager.TryExpandFloor,-4000
7,41,DP,sink,MinionRoster.TryEvolveIndividual,-350
7,41,Material,sink,MinionRoster.TryForge,-488
7,41,DP,sink,DungeonFeatureManager.TryPlaceTrap,-2100
7,41,DP,sink,MinionRoster.TrySummon,-284
7,41,DP,source,AdventurerAI.ReapEmotion,160
7,41,DP,source,AdventurerAI.GrantReturnReward,21998
7,41,Fame,source,AdventurerAI.GrantReturnReward,250
7,41,Fame,source,LureEconomy.OnHeroEscaped,625
7,41,DP,sink,CommandSystem.TryUse,-5550
7,41,DP,source,AdventurerAI.TakeDamage,33062
7,41,Material,source,AdventurerAI.TakeDamage,813
7,41,DP,stock,end,49684
7,41,Material,stock,end,7340
7,41,Fame,stock,end,31705
7,42,DP,source,SurfaceMap.CollectYields,169
7,42,Material,source,SurfaceMap.CollectYields,9
7,42,Fame,source,SurfaceMap.CollectYields,37
7,42,DP,source,DistrictCatalog.Collect,28
7,42,DP,sink,MinionRoster.TryForge,-45900
7,42,DP,sink,MinionRoster.TryEvolveIndividual,-375
7,42,Material,sink,MinionRoster.TryForge,-522
7,42,DP,sink,DungeonFeatureManager.TryPlaceTrap,-3450
7,42,DP,sink,MinionRoster.TrySummon,-126
7,42,DP,source,AdventurerAI.ReapEmotion,348
7,42,DP,sink,CommandSystem.TryUse,-4750
7,42,Fame,source,AdventurerAI.GrantReturnReward,410
7,42,Fame,source,LureEconomy.OnHeroEscaped,1025
7,42,DP,source,AdventurerAI.GrantReturnReward,32246
7,42,DP,source,AdventurerAI.TakeDamage,19442
7,42,Material,source,AdventurerAI.TakeDamage,380
7,42,DP,stock,end,47316
7,42,Material,stock,end,7207
7,42,Fame,stock,end,33177
7,43,DP,source,SurfaceMap.CollectYields,169
7,43,Material,source,SurfaceMap.CollectYields,9
7,43,Fame,source,SurfaceMap.CollectYields,37
7,43,DP,source,DistrictCatalog.Collect,28
7,43,DP,sink,MinionRoster.TryForge,-43380
7,43,DP,sink,MinionRoster.TryEvolveIndividual,-175
7,43,Material,sink,MinionRoster.TryForge,-536
7,43,DP,sink,DungeonFeatureManager.TryPlaceTrap,-750
7,43,DP,sink,MinionRoster.TrySummon,-3192
7,43,DP,source,AdventurerAI.ReapEmotion,287
7,43,DP,sink,CommandSystem.TryUse,-6050
7,43,DP,source,AdventurerAI.TakeDamage,20892
7,43,Material,source,AdventurerAI.TakeDamage,28431
7,43,DP,source,AdventurerAI.GrantReturnReward,28184
7,43,Fame,source,AdventurerAI.GrantReturnReward,370
7,43,Fame,source,LureEconomy.OnHeroEscaped,925
7,43,DP,source,Nemesis.OnSlain,4278
7,43,Material,source,Nemesis.OnSlain,17
7,43,DP,stock,end,47607
7,43,Material,stock,end,35128
7,43,Fame,stock,end,34509
7,44,DP,source,SurfaceMap.CollectYields,207
7,44,Material,source,SurfaceMap.CollectYields,9
7,44,Fame,source,SurfaceMap.CollectYields,45
7,44,DP,source,DistrictCatalog.Collect,28
7,44,DP,sink,MinionRoster.TryForge,-36540
7,44,DP,sink,MinionRoster.TryEvolveIndividual,-375
7,44,Material,sink,MinionRoster.TryForge,-360
7,44,DP,sink,MinionRoster.TrySummon,-10893
7,44,DP,source,AdventurerAI.ReapEmotion,193
7,44,DP,source,AdventurerAI.GrantReturnReward,48195
7,44,Fame,source,AdventurerAI.GrantReturnReward,450
7,44,Fame,source,LureEconomy.OnHeroEscaped,1125
7,44,DP,sink,CommandSystem.TryUse,-5200
7,44,DP,source,AdventurerAI.TakeDamage,16787
7,44,Material,source,AdventurerAI.TakeDamage,711
7,44,DP,source,Nemesis.OnSlain,1771
7,44,Material,source,Nemesis.OnSlain,10
7,44,DP,stock,end,61780
7,44,Material,stock,end,35498
7,44,Fame,stock,end,36129
7,45,DP,source,SurfaceMap.CollectYields,207
7,45,Material,source,SurfaceMap.CollectYields,9
7,45,Fame,source,SurfaceMap.CollectYields,45
7,45,DP,source,DistrictCatalog.Collect,28
7,45,DP,sink,MinionRoster.TryForge,-27240
7,45,DP,sink,MinionRoster.TryEvolveIndividual,-550
7,45,DP,sink,MinionRoster.TrySummon,-34069
7,45,Material,sink,MinionRoster.TryForge,-72
7,45,DP,source,AdventurerAI.ReapEmotion,318
7,45,DP,sink,CommandSystem.TryUse,-5200
7,45,DP,source,AdventurerAI.GrantReturnReward,29905
7,45,Fame,source,AdventurerAI.GrantReturnReward,170
7,45,Fame,source,LureEconomy.OnHeroEscaped,425
7,45,DP,source,AdventurerAI.TakeDamage,21897
7,45,Material,source,AdventurerAI.TakeDamage,2178
7,45,DP,source,Nemesis.OnSlain,5266
7,45,Material,source,Nemesis.OnSlain,23
7,45,DP,stock,end,52342
7,45,Material,stock,end,37636
7,45,Fame,stock,end,36769
7,46,DP,source,SurfaceMap.CollectYields,207
7,46,Material,source,SurfaceMap.CollectYields,9
7,46,Fame,source,SurfaceMap.CollectYields,45
7,46,DP,source,DistrictCatalog.Collect,28
7,46,DP,sink,MinionRoster.TryForge,-48960
7,46,Material,sink,MinionRoster.TryForge,-520
7,46,DP,sink,MinionRoster.TrySummon,-3589
7,46,DP,source,AdventurerAI.ReapEmotion,127
7,46,DP,source,AdventurerAI.GrantReturnReward,35949
7,46,Fame,source,AdventurerAI.GrantReturnReward,460
7,46,Fame,source,LureEconomy.OnHeroEscaped,1150
7,46,DP,sink,CommandSystem.TryUse,-4900
7,46,DP,source,AdventurerAI.TakeDamage,15188
7,46,Material,source,AdventurerAI.TakeDamage,3373
7,46,DP,source,Nemesis.OnSlain,4278
7,46,Material,source,Nemesis.OnSlain,17
7,46,DP,stock,end,50670
7,46,Material,stock,end,40515
7,46,Fame,stock,end,38424
7,47,DP,source,SurfaceMap.CollectYields,207
7,47,Material,source,SurfaceMap.CollectYields,9
7,47,Fame,source,SurfaceMap.CollectYields,45
7,47,DP,source,DistrictCatalog.Collect,28
7,47,DP,sink,MinionRoster.TryForge,-48000
7,47,Material,sink,MinionRoster.TryForge,-640
7,47,DP,sink,MinionRoster.TrySummon,-2883
7,47,DP,source,AdventurerAI.ReapEmotion,130
7,47,DP,source,AdventurerAI.TakeDamage,22075
7,47,Material,source,AdventurerAI.TakeDamage,606
7,47,DP,sink,CommandSystem.TryUse,-4800
7,47,DP,source,AdventurerAI.GrantReturnReward,36440
7,47,Fame,source,AdventurerAI.GrantReturnReward,390
7,47,Fame,source,LureEconomy.OnHeroEscaped,975
7,47,DP,source,Nemesis.OnSlain,2042
7,47,Material,source,Nemesis.OnSlain,12
7,47,DP,stock,end,55909
7,47,Material,stock,end,40502
7,47,Fame,stock,end,39834
7,48,DP,source,SurfaceMap.CollectYields,182
7,48,Material,source,SurfaceMap.CollectYields,9
7,48,Fame,source,SurfaceMap.CollectYields,37
7,48,DP,source,DistrictCatalog.Collect,28
7,48,DP,source,EraSystem.TickTurn,9720
7,48,DP,sink,MinionRoster.TryForge,-4800
7,48,Material,sink,MinionRoster.TryForge,-64
7,48,DP,sink,MinionEvolution.TryEvolve,-9050
7,48,DP,sink,MinionRoster.TryEvolveIndividual,-48900
7,48,DP,sink,MinionRoster.TrySummon,-3081
7,48,DP,source,AdventurerAI.ReapEmotion,162
7,48,DP,source,AdventurerAI.TakeDamage,36474
7,48,Material,source,AdventurerAI.TakeDamage,11839
7,48,DP,sink,CommandSystem.TryUse,-5600
7,48,DP,source,AdventurerAI.GrantReturnReward,10721
7,48,Fame,source,AdventurerAI.GrantReturnReward,230
7,48,Fame,source,LureEconomy.OnHeroEscaped,575
7,48,DP,source,Nemesis.OnSlain,5665
7,48,Material,source,Nemesis.OnSlain,25
7,48,DP,stock,end,47430
7,48,Material,stock,end,52311
7,48,Fame,stock,end,40676
7,49,DP,source,SurfaceMap.CollectYields,182
7,49,Material,source,SurfaceMap.CollectYields,9
7,49,Fame,source,SurfaceMap.CollectYields,37
7,49,DP,source,DistrictCatalog.Collect,28
7,49,DP,source,EraSystem.TickTurn,9720
7,49,DP,sink,MinionRoster.TryForge,-4800
7,49,Material,sink,MinionRoster.TryForge,-64
7,49,DP,sink,MinionEvolution.TryEvolve,-14200
7,49,DP,sink,MinionRoster.TryEvolveIndividual,-37650
7,49,DP,sink,MinionRoster.TrySummon,-698
7,49,DP,source,AdventurerAI.ReapEmotion,239
7,49,DP,source,AdventurerAI.TakeDamage,23199
7,49,Material,source,AdventurerAI.TakeDamage,1150248
7,49,DP,sink,CommandSystem.TryUse,-5600
7,49,DP,source,AdventurerAI.GrantReturnReward,3629
7,49,Fame,source,AdventurerAI.GrantReturnReward,100
7,49,Fame,source,LureEconomy.OnHeroEscaped,250
7,49,DP,source,Nemesis.OnSlain,5315
7,49,Material,source,Nemesis.OnSlain,23
7,49,DP,stock,end,26794
7,49,Material,stock,end,1202527
7,49,Fame,stock,end,41063
7,50,DP,source,SurfaceMap.CollectYields,185
7,50,Material,source,SurfaceMap.CollectYields,9
7,50,Fame,source,SurfaceMap.CollectYields,38
7,50,DP,source,DistrictCatalog.Collect,28
7,50,DP,source,EraSystem.TickTurn,9720
7,50,DP,sink,MinionRoster.TryForge,-4800
7,50,Material,sink,MinionRoster.TryForge,-64
7,50,DP,sink,MinionEvolution.TryEvolve,-19050
7,50,DP,sink,MinionRoster.TryEvolveIndividual,-12300
7,50,DP,sink,MinionRoster.TrySummon,-558
7,50,DP,source,AdventurerAI.ReapEmotion,290
7,50,DP,sink,CommandSystem.TryUse,-4900
7,50,DP,source,AdventurerAI.TakeDamage,54629
7,50,Material,source,AdventurerAI.TakeDamage,791
7,50,DP,source,AdventurerAI.GrantReturnReward,20026
7,50,Fame,source,AdventurerAI.GrantReturnReward,250
7,50,Fame,source,LureEconomy.OnHeroEscaped,625
7,50,DP,source,Nemesis.OnSlain,3514
7,50,Material,source,Nemesis.OnSlain,20
7,50,DP,stock,end,73578
7,50,Material,stock,end,1203283
7,50,Fame,stock,end,41976
7,51,DP,source,SurfaceMap.CollectYields,185
7,51,Material,source,SurfaceMap.CollectYields,9
7,51,Fame,source,SurfaceMap.CollectYields,38
7,51,DP,source,DistrictCatalog.Collect,28
7,51,DP,source,EraSystem.TickTurn,9720
7,51,DP,sink,MinionRoster.TryForge,-4800
7,51,Material,sink,MinionRoster.TryForge,-64
7,51,DP,sink,DungeonFloorManager.TryAddFloor,-78125
7,51,DP,sink,DungeonFeatureManager.TryPlaceTrap,-300
7,51,DP,sink,MinionRoster.TrySummon,-279
7,51,DP,source,AdventurerAI.ReapEmotion,148
7,51,DP,source,AdventurerAI.TakeDamage,36894
7,51,Material,source,AdventurerAI.TakeDamage,727
7,51,DP,sink,CommandSystem.TryUse,-5600
7,51,DP,source,AdventurerAI.GrantReturnReward,20317
7,51,Fame,source,AdventurerAI.GrantReturnReward,340
7,51,Fame,source,LureEconomy.OnHeroEscaped,850
7,51,DP,stock,end,51766
7,51,Material,stock,end,1203955
7,51,Fame,stock,end,43204
7,52,DP,source,SurfaceMap.CollectYields,231
7,52,Material,source,SurfaceMap.CollectYields,12
7,52,Fame,source,SurfaceMap.CollectYields,38
7,52,DP,source,DistrictCatalog.Collect,28
7,52,DP,source,EraSystem.TickTurn,16524
7,52,DP,sink,MinionRoster.TryForge,-4800
7,52,Material,sink,MinionRoster.TryForge,-64
7,52,DP,sink,DungeonFloorManager.TryExpandFloor,-5200
7,52,DP,sink,MinionRoster.TryEvolveIndividual,-57650
7,52,DP,sink,DungeonFeatureManager.TryPlaceTrap,-600
7,52,DP,sink,MinionRoster.TrySummon,-287
7,52,DP,source,AdventurerAI.ReapEmotion,294
7,52,DP,sink,CommandSystem.TryUse,-5600
7,52,DP,source,AdventurerAI.GrantReturnReward,7546
7,52,Fame,source,AdventurerAI.GrantReturnReward,140
7,52,Fame,source,LureEconomy.OnHeroEscaped,350
7,52,DP,source,AdventurerAI.TakeDamage,54145
7,52,Material,source,AdventurerAI.TakeDamage,368
7,52,DP,source,Nemesis.OnSlain,3255
7,52,Material,source,Nemesis.OnSlain,18
7,52,DP,stock,end,59652
7,52,Material,stock,end,1204289
7,52,Fame,stock,end,43732
7,53,DP,source,SurfaceMap.CollectYields,231
7,53,Material,source,SurfaceMap.CollectYields,12
7,53,Fame,source,SurfaceMap.CollectYields,38
7,53,DP,source,DistrictCatalog.Collect,28
7,53,Material,source,DistrictCatalog.Collect,6
7,53,DP,source,EraSystem.TickTurn,9720
7,53,Material,source,EraSystem.TickTurn,124
7,53,DP,sink,MinionRoster.TryForge,-24000
7,53,Material,sink,MinionRoster.TryForge,-320
7,53,DP,sink,MinionRoster.TryEvolveIndividual,-43100
7,53,DP,sink,DungeonFeatureManager.TryPlaceTrap,-2250
7,53,DP,sink,MinionRoster.TrySummon,-247
7,53,DP,source,AdventurerAI.ReapEmotion,245
7,53,DP,source,AdventurerAI.GrantReturnReward,20606
7,53,Fame,source,AdventurerAI.GrantReturnReward,370
7,53,Fame,source,LureEconomy.OnHeroEscaped,925
7,53,DP,sink,CommandSystem.TryUse,-5600
7,53,DP,source,AdventurerAI.TakeDamage,44053
7,53,Material,source,AdventurerAI.TakeDamage,892
7,53,DP,stock,end,59338
7,53,Material,stock,end,1205003
7,53,Fame,stock,end,45065
7,54,DP,source,SurfaceMap.CollectYields,231
7,54,Material,source,SurfaceMap.CollectYields,12
7,54,Fame,source,SurfaceMap.CollectYields,38
7,54,DP,source,DistrictCatalog.Collect,28
7,54,Material,source,DistrictCatalog.Collect,6
7,54,DP,source,EraSystem.TickTurn,9720
7,54,Material,source,EraSystem.TickTurn,62
7,54,Fame,source,EraSystem.TickTurn,135
7,54,DP,sink,MinionRoster.TryForge,-38400
7,54,Material,sink,MinionRoster.TryForge,-512
7,54,DP,sink,MinionRoster.TryEvolveIndividual,-27600
7,54,DP,sink,DungeonFeatureManager.TryPlaceTrap,-1800
7,54,DP,sink,MinionRoster.TrySummon,-1491
7,54,DP,source,AdventurerAI.ReapEmotion,357
7,54,DP,source,AdventurerAI.GrantReturnReward,25429
7,54,Fame,source,AdventurerAI.GrantReturnReward,390
7,54,Fame,source,LureEconomy.OnHeroEscaped,975
7,54,DP,sink,CommandSystem.TryUse,-5600
7,54,DP,source,AdventurerAI.TakeDamage,46748
7,54,Material,source,AdventurerAI.TakeDamage,779
7,54,DP,stock,end,66960
7,54,Material,stock,end,1205350
7,54,Fame,stock,end,46603
7,55,DP,source,SurfaceMap.CollectYields,259
7,55,Material,source,SurfaceMap.CollectYields,12
7,55,Fame,source,SurfaceMap.CollectYields,45
7,55,DP,source,DistrictCatalog.Collect,28
7,55,Material,source,DistrictCatalog.Collect,7
7,55,DP,source,EraSystem.TickTurn,9720
7,55,DP,sink,MinionRoster.TryForge,-74400
7,55,Material,sink,MinionRoster.TryForge,-992
7,55,DP,sink,MinionRoster.TrySummon,-2531
7,55,DP,source,AdventurerAI.ReapEmotion,602
7,55,DP,sink,CommandSystem.TryUse,-5650
7,55,DP,source,AdventurerAI.TakeDamage,84809
7,55,Material,source,AdventurerAI.TakeDamage,808
7,55,DP,source,AdventurerAI.GrantReturnReward,26900
7,55,Fame,source,AdventurerAI.GrantReturnReward,260
7,55,Fame,source,LureEconomy.OnHeroEscaped,650
7,55,DP,source,Nemesis.OnSlain,1993
7,55,Material,source,Nemesis.OnSlain,10
7,55,DP,stock,end,108690
7,55,Material,stock,end,1205195
7,55,Fame,stock,end,47558
7,56,DP,source,SurfaceMap.CollectYields,259
7,56,Material,source,SurfaceMap.CollectYields,12
7,56,Fame,source,SurfaceMap.CollectYields,45
7,56,DP,source,DistrictCatalog.Collect,28
7,56,Material,source,DistrictCatalog.Collect,7
7,56,DP,source,EraSystem.TickTurn,11664
7,56,DP,sink,MinionRoster.TryForge,-114240
7,56,Material,sink,MinionRoster.TryForge,-1624
7,56,DP,sink,MinionRoster.TrySummon,-6391
7,56,DP,source,AdventurerAI.ReapEmotion,193
7,56,DP,source,AdventurerAI.TakeDamage,42693
7,56,Material,source,AdventurerAI.TakeDamage,709
7,56,DP,sink,CommandSystem.TryUse,-4450
7,56,DP,source,AdventurerAI.GrantReturnReward,23164
7,56,Fame,source,AdventurerAI.GrantReturnReward,440
7,56,Fame,source,LureEconomy.OnHeroEscaped,1100
7,56,DP,source,Nemesis.OnSlain,1571
7,56,Material,source,Nemesis.OnSlain,8
7,56,DP,stock,end,63181
7,56,Material,stock,end,1204307
7,56,Fame,stock,end,49143
7,57,DP,source,SurfaceMap.CollectYields,259
7,57,Material,source,SurfaceMap.CollectYields,12
7,57,Fame,source,SurfaceMap.CollectYields,45
7,57,DP,source,DistrictCatalog.Collect,28
7,57,Material,source,DistrictCatalog.Collect,7
7,57,DP,sink,MinionRoster.TryForge,-60480
7,57,Material,sink,MinionRoster.TryForge,-882
7,57,DP,sink,MinionRoster.TrySummon,-2970
7,57,DP,source,AdventurerAI.ReapEmotion,194
7,57,DP,source,AdventurerAI.GrantReturnReward,25848
7,57,Fame,source,AdventurerAI.GrantReturnReward,390
7,57,Fame,source,LureEconomy.OnHeroEscaped,975
7,57,DP,sink,CommandSystem.TryUse,-4900
7,57,DP,source,AdventurerAI.TakeDamage,57177
7,57,Material,source,AdventurerAI.TakeDamage,1077
7,57,DP,source,Nemesis.OnSlain,4495
7,57,Material,source,Nemesis.OnSlain,19
7,57,DP,stock,end,82832
7,57,Material,stock,end,1204540
7,57,Fame,stock,end,50553
7,58,DP,source,SurfaceMap.CollectYields,259
7,58,Material,source,SurfaceMap.CollectYields,12
7,58,Fame,source,SurfaceMap.CollectYields,45
7,58,DP,source,DistrictCatalog.Collect,28
7,58,Material,source,DistrictCatalog.Collect,6
7,58,DP,sink,MinionRoster.TryForge,-80640
7,58,Material,sink,MinionRoster.TryForge,-1176
7,58,DP,sink,MinionRoster.TrySummon,-2475
7,58,DP,source,AdventurerAI.ReapEmotion,568
7,58,DP,sink,CommandSystem.TryUse,-2300
7,58,DP,source,AdventurerAI.TakeDamage,70541
7,58,Material,source,AdventurerAI.TakeDamage,421
7,58,DP,source,AdventurerAI.GrantReturnReward,13978
7,58,Fame,source,AdventurerAI.GrantReturnReward,170
7,58,Fame,source,LureEconomy.OnHeroEscaped,425
7,58,DP,source,Nemesis.OnSlain,3674
7,58,Material,source,Nemesis.OnSlain,18
7,58,DP,stock,end,86465
7,58,Material,stock,end,1203821
7,58,Fame,stock,end,51193
7,59,DP,source,SurfaceMap.CollectYields,228
7,59,Material,source,SurfaceMap.CollectYields,12
7,59,Fame,source,SurfaceMap.CollectYields,37
7,59,DP,source,DistrictCatalog.Collect,28
7,59,Material,source,DistrictCatalog.Collect,6
7,59,DP,sink,MinionRoster.TryForge,-83520
7,59,Material,sink,MinionRoster.TryForge,-1218
7,59,DP,sink,MinionRoster.TrySummon,-3152
7,59,DP,source,AdventurerAI.TakeDamage,53827
7,59,Material,source,AdventurerAI.TakeDamage,1276
7,59,DP,source,AdventurerAI.ReapEmotion,235
7,59,DP,sink,CommandSystem.TryUse,-4750
7,59,DP,source,AdventurerAI.GrantReturnReward,23370
7,59,Fame,source,AdventurerAI.GrantReturnReward,400
7,59,Fame,source,LureEconomy.OnHeroEscaped,1000
7,59,DP,stock,end,72731
7,59,Material,stock,end,1203897
7,59,Fame,stock,end,52630
7,60,DP,source,SurfaceMap.CollectYields,228
7,60,Material,source,SurfaceMap.CollectYields,12
7,60,Fame,source,SurfaceMap.CollectYields,37
7,60,DP,source,DistrictCatalog.Collect,28
7,60,Material,source,DistrictCatalog.Collect,6
7,60,DP,sink,MinionRoster.TryForge,-66960
7,60,Material,sink,MinionRoster.TryForge,-979
7,60,DP,sink,MinionRoster.TrySummon,-5991
7,60,DP,source,AdventurerAI.ReapEmotion,480
7,60,DP,sink,CommandSystem.TryUse,-5200
7,60,DP,source,AdventurerAI.GrantReturnReward,51726
7,60,Fame,source,AdventurerAI.GrantReturnReward,440
7,60,Fame,source,LureEconomy.OnHeroEscaped,1100
7,60,DP,source,AdventurerAI.TakeDamage,67080
7,60,Material,source,AdventurerAI.TakeDamage,758
7,60,DP,source,Nemesis.OnSlain,1183
7,60,Material,source,Nemesis.OnSlain,6
7,60,DP,stock,end,115305
7,60,Material,stock,end,1203700
7,60,Fame,stock,end,54207
7,61,DP,source,SurfaceMap.CollectYields,228
7,61,Material,source,SurfaceMap.CollectYields,12
7,61,Fame,source,SurfaceMap.CollectYields,37
7,61,DP,source,DistrictCatalog.Collect,28
7,61,Material,source,DistrictCatalog.Collect,6
7,61,DP,sink,MinionRoster.TryForge,-111600
7,61,Material,sink,MinionRoster.TryForge,-1705
7,61,DP,sink,MinionRoster.TrySummon,-3952
7,61,DP,source,AdventurerAI.ReapEmotion,197
7,61,DP,source,AdventurerAI.TakeDamage,68081
7,61,Material,source,AdventurerAI.TakeDamage,992
7,61,DP,sink,CommandSystem.TryUse,-5200
7,61,DP,source,AdventurerAI.GrantReturnReward,52417
7,61,Fame,source,AdventurerAI.GrantReturnReward,850
7,61,Fame,source,LureEconomy.OnHeroEscaped,2125
7,61,DP,source,Nemesis.OnSlain,1591
7,61,Material,source,Nemesis.OnSlain,8
7,61,DP,stock,end,117095
7,61,Material,stock,end,1203013
7,61,Fame,stock,end,57219
7,62,DP,source,SurfaceMap.CollectYields,228
7,62,Material,source,SurfaceMap.CollectYields,12
7,62,Fame,source,SurfaceMap.CollectYields,37
7,62,DP,source,DistrictCatalog.Collect,28
7,62,Material,source,DistrictCatalog.Collect,6
7,62,DP,sink,MinionRoster.TryForge,-111600
7,62,Material,sink,MinionRoster.TryForge,-1705
7,62,DP,sink,MinionRoster.TrySummon,-5713
7,62,DP,source,AdventurerAI.ReapEmotion,139
7,62,DP,source,AdventurerAI.GrantReturnReward,27956
7,62,Fame,source,AdventurerAI.GrantReturnReward,400
7,62,Fame,source,LureEconomy.OnHeroEscaped,1000
7,62,DP,sink,CommandSystem.TryUse,-6050
7,62,DP,source,AdventurerAI.TakeDamage,58045
7,62,Material,source,AdventurerAI.TakeDamage,1068
7,62,DP,source,Nemesis.OnSlain,4943
7,62,Material,source,Nemesis.OnSlain,24
7,62,DP,stock,end,85071
7,62,Material,stock,end,1202418
7,62,Fame,stock,end,58656
7,63,DP,source,SurfaceMap.CollectYields,228
7,63,Material,source,SurfaceMap.CollectYields,12
7,63,Fame,source,SurfaceMap.CollectYields,37
7,63,DP,source,DistrictCatalog.Collect,28
7,63,Material,source,DistrictCatalog.Collect,6
7,63,DP,sink,MinionRoster.TryForge,-79200
7,63,Material,sink,MinionRoster.TryForge,-1210
7,63,DP,sink,MinionRoster.TrySummon,-6080
7,63,DP,source,AdventurerAI.ReapEmotion,396
7,63,DP,source,AdventurerAI.TakeDamage,52757
7,63,Material,source,AdventurerAI.TakeDamage,605
7,63,DP,sink,CommandSystem.TryUse,-5100
7,63,DP,source,AdventurerAI.GrantReturnReward,30807
7,63,Fame,source,AdventurerAI.GrantReturnReward,430
7,63,Fame,source,LureEconomy.OnHeroEscaped,1075
7,63,DP,source,Nemesis.OnSlain,1231
7,63,Material,source,Nemesis.OnSlain,6
7,63,DP,stock,end,80138
7,63,Material,stock,end,1201837
7,63,Fame,stock,end,60198
7,64,DP,source,SurfaceMap.CollectYields,228
7,64,Material,source,SurfaceMap.CollectYields,12
7,64,Fame,source,SurfaceMap.CollectYields,37
7,64,DP,source,DistrictCatalog.Collect,28
7,64,Material,source,DistrictCatalog.Collect,6
7,64,DP,sink,MinionRoster.TryForge,-75600
7,64,Material,sink,MinionRoster.TryForge,-1155
7,64,DP,sink,MinionRoster.TrySummon,-4757
7,64,DP,source,AdventurerAI.ReapEmotion,214
7,64,DP,source,AdventurerAI.GrantReturnReward,43969
7,64,Fame,source,AdventurerAI.GrantReturnReward,500
7,64,Fame,source,LureEconomy.OnHeroEscaped,1250
7,64,DP,sink,CommandSystem.TryUse,-4450
7,64,DP,source,Nemesis.OnSlain,1231
7,64,Material,source,Nemesis.OnSlain,6
7,64,DP,source,AdventurerAI.TakeDamage,44772
7,64,Material,source,AdventurerAI.TakeDamage,939
7,64,DP,stock,end,85773
7,64,Material,stock,end,1201645
7,64,Fame,stock,end,61985
8,1,DP,sink,DungeonFeatureManager.TryPlaceTrap,-150
8,1,DP,sink,MinionRoster.TrySummon,-46
8,1,DP,source,AdventurerAI.ReapEmotion,99
8,1,DP,source,AdventurerAI.TakeDamage,164
8,1,Material,source,AdventurerAI.TakeDamage,10
8,1,DP,source,AdventurerAI.GrantReturnReward,502
8,1,Fame,source,AdventurerAI.GrantReturnReward,20
8,1,Fame,source,LureEconomy.OnHeroEscaped,50
8,1,DP,sink,CommandSystem.TryUse,-650
8,1,DP,stock,end,119
8,1,Material,stock,end,10
8,1,Fame,stock,end,70
8,2,DP,source,SurfaceMap.CollectYields,18
8,2,Material,source,SurfaceMap.CollectYields,1
8,2,Fame,source,SurfaceMap.CollectYields,4
8,2,DP,source,EraSystem.TickTurn,600
8,2,Fame,source,EraSystem.TickTurn,25
8,2,DP,sink,MinionRoster.TryForge,-236
8,2,DP,sink,MinionEvolution.TryEvolve,-150
8,2,DP,sink,DungeonFeatureManager.TryPlaceTrap,-300
8,2,DP,sink,MinionRoster.TrySummon,-36
8,2,DP,source,AdventurerAI.ReapEmotion,112
8,2,DP,source,AdventurerAI.TakeDamage,275
8,2,Material,source,AdventurerAI.TakeDamage,16
8,2,DP,source,AdventurerAI.GrantReturnReward,56
8,2,Fame,source,AdventurerAI.GrantReturnReward,10
8,2,Fame,source,LureEconomy.OnHeroEscaped,25
8,2,DP,sink,CommandSystem.TryUse,-300
8,2,DP,stock,end,158
8,2,Material,stock,end,27
8,2,Fame,stock,end,134
8,3,DP,source,SurfaceMap.CollectYields,18
8,3,Material,source,SurfaceMap.CollectYields,1
8,3,Fame,source,SurfaceMap.CollectYields,4
8,3,DP,source,EraSystem.TickTurn,600
8,3,Material,source,EraSystem.TickTurn,10
8,3,Fame,source,EraSystem.TickTurn,25
8,3,DP,sink,MinionRoster.TryForge,-236
8,3,DP,sink,MinionEvolution.TryEvolve,-175
8,3,DP,sink,DungeonFeatureManager.TryPlaceTrap,-300
8,3,DP,sink,MinionRoster.TrySummon,-62
8,3,DP,source,AdventurerAI.TakeDamage,309
8,3,Material,source,AdventurerAI.TakeDamage,21
8,3,Fame,source,AdventurerAI.GrantReturnReward,10
8,3,Fame,source,LureEconomy.OnHeroEscaped,25
8,3,DP,source,AdventurerAI.ReapEmotion,54
8,3,DP,source,Nemesis.OnSlain,437
8,3,Material,source,Nemesis.OnSlain,5
8,3,DP,sink,CommandSystem.TryUse,-650
8,3,DP,stock,end,153
8,3,Material,stock,end,64
8,3,Fame,stock,end,198
8,4,DP,source,SurfaceMap.CollectYields,18
8,4,Material,source,SurfaceMap.CollectYields,1
8,4,Fame,source,SurfaceMap.CollectYields,4
8,4,DP,source,EraSystem.TickTurn,600
8,4,DP,sink,MinionRoster.TryForge,-236
8,4,DP,sink,MinionEvolution.TryEvolve,-225
8,4,DP,sink,DungeonFeatureManager.TryPlaceTrap,-150
8,4,DP,sink,MinionRoster.TrySummon,-156
8,4,DP,source,IncidentSystem.Apply,600
8,4,DP,sink,CommandSystem.TryUse,-1150
8,4,DP,source,AdventurerAI.ReapEmotion,114
8,4,DP,source,AdventurerAI.TakeDamage,304
8,4,Material,source,AdventurerAI.TakeDamage,12
8,4,DP,source,AdventurerAI.GrantReturnReward,447
8,4,Fame,source,AdventurerAI.GrantReturnReward,20
8,4,Fame,source,LureEconomy.OnHeroEscaped,50
8,4,DP,stock,end,319
8,4,Material,stock,end,77
8,4,Fame,stock,end,272
8,5,DP,source,SurfaceMap.CollectYields,18
8,5,Material,source,SurfaceMap.CollectYields,1
8,5,Fame,source,SurfaceMap.CollectYields,4
8,5,DP,source,EraSystem.TickTurn,600
8,5,Material,source,EraSystem.TickTurn,10
8,5,DP,sink,MinionRoster.TryForge,-212
8,5,DP,sink,DungeonFloorManager.TryExpandFloor,-400
8,5,DP,sink,DungeonFeatureManager.TryPlaceTrap,-150
8,5,DP,sink,MinionRoster.TrySummon,-173
8,5,DP,source,AdventurerAI.ReapEmotion,185
8,5,DP,source,AdventurerAI.TakeDamage,932
8,5,Material,source,AdventurerAI.TakeDamage,34
8,5,DP,sink,CommandSystem.TryUse,-1300
8,5,DP,source,Nemesis.OnSlain,470
8,5,Material,source,Nemesis.OnSlain,5
8,5,DP,stock,end,289
8,5,Material,stock,end,127
8,5,Fame,stock,end,276
8,6,DP,source,SurfaceMap.CollectYields,39
8,6,Material,source,SurfaceMap.CollectYields,2
8,6,Fame,source,SurfaceMap.CollectYields,9
8,6,DP,source,EraSystem.TickTurn,600
8,6,DP,source,WaveRoster.ResolveTrial,1800
8,6,DP,sink,MinionRoster.TryForge,-318
8,6,DP,sink,DungeonFloorManager.TryAddFloor,-800
8,6,DP,sink,DungeonFloorManager.TryExpandFloor,-1200
8,6,DP,sink,MinionEvolution.TryEvolve,-75
8,6,DP,sink,DungeonFeatureManager.TryPlaceTrap,-150
8,6,DP,sink,MinionRoster.TrySummon,-180
8,6,DP,source,AdventurerAI.ReapEmotion,127
8,6,DP,source,AdventurerAI.TakeDamage,391
8,6,Material,source,AdventurerAI.TakeDamage,30
8,6,DP,sink,CommandSystem.TryUse,-1150
8,6,DP,source,AdventurerAI.GrantReturnReward,947
8,6,Fame,source,AdventurerAI.GrantReturnReward,40
8,6,Fame,source,LureEconomy.OnHeroEscaped,100
8,6,DP,source,Nemesis.OnSlain,694
8,6,Material,source,Nemesis.OnSlain,7
8,6,DP,stock,end,1014
8,6,Material,stock,end,166
8,6,Fame,stock,end,425
8,7,DP,source,SurfaceMap.CollectYields,39
8,7,Material,source,SurfaceMap.CollectYields,2
8,7,Fame,source,SurfaceMap.CollectYields,9
8,7,DP,source,EraSystem.TickTurn,600
8,7,DP,sink,MinionRoster.TryForge,-212
8,7,DP,sink,DungeonFloorManager.TryExpandFloor,-800
8,7,DP,sink,MinionEvolution.TryEvolve,-325
8,7,DP,sink,DungeonFeatureManager.TryPlaceTrap,-150
8,7,DP,sink,MinionRoster.TrySummon,-162
8,7,DP,source,AdventurerAI.ReapEmotion,130
8,7,DP,source,AdventurerAI.TakeDamage,285
8,7,Material,source,AdventurerAI.TakeDamage,25
8,7,DP,sink,CommandSystem.TryUse,-1150
8,7,DP,source,AdventurerAI.GrantReturnReward,1671
8,7,Fame,source,AdventurerAI.GrantReturnReward,60
8,7,Fame,source,LureEconomy.OnHeroEscaped,150
8,7,DP,stock,end,940
8,7,Material,stock,end,193
8,7,Fame,stock,end,644
8,8,DP,source,SurfaceMap.CollectYields,39
8,8,Material,source,SurfaceMap.CollectYields,2
8,8,Fame,source,SurfaceMap.CollectYields,9
8,8,DP,source,EraSystem.TickTurn,600
8,8,DP,sink,MinionRoster.TryForge,-212
8,8,DP,sink,MinionEvolution.TryEvolve,-900
8,8,DP,sink,MinionRoster.TryEvolveIndividual,-150
8,8,DP,sink,DungeonFeatureManager.TryPlaceTrap,-150
8,8,DP,sink,MinionRoster.TrySummon,-167
8,8,DP,source,AdventurerAI.ReapEmotion,138
8,8,DP,source,AdventurerAI.GrantReturnReward,1536
8,8,Fame,source,AdventurerAI.GrantReturnReward,70
8,8,Fame,source,LureEconomy.OnHeroEscaped,175
8,8,DP,source,AdventurerAI.TakeDamage,532
8,8,Material,source,AdventurerAI.TakeDamage,21
8,8,DP,sink,CommandSystem.TryUse,-1600
8,8,DP,source,Nemesis.OnSlain,734
8,8,Material,source,Nemesis.OnSlain,7
8,8,DP,stock,end,1340
8,8,Material,stock,end,223
8,8,Fame,stock,end,898
8,9,DP,source,SurfaceMap.CollectYields,68
8,9,Material,source,SurfaceMap.CollectYields,3
8,9,Fame,source,SurfaceMap.CollectYields,16
8,9,DP,source,EraSystem.TickTurn,1020
8,9,Fame,source,EraSystem.TickTurn,25
8,9,DP,sink,MinionRoster.TryForge,-190
8,9,DP,sink,DungeonFloorManager.TryExpandFloor,-1500
8,9,DP,sink,MinionEvolution.TryEvolve,-250
8,9,DP,sink,MinionRoster.TryEvolveIndividual,-175
8,9,DP,sink,DungeonFeatureManager.TryPlaceTrap,-150
8,9,DP,sink,MinionRoster.TrySummon,-162
8,9,DP,source,AdventurerAI.ReapEmotion,188
8,9,DP,source,AdventurerAI.GrantReturnReward,1653
8,9,Fame,source,AdventurerAI.GrantReturnReward,50
8,9,Fame,source,LureEconomy.OnHeroEscaped,125
8,9,DP,sink,CommandSystem.TryUse,-2650
8,9,DP,source,AdventurerAI.TakeDamage,930
8,9,Material,source,AdventurerAI.TakeDamage,40
8,9,DP,source,Nemesis.OnSlain,518
8,9,Material,source,Nemesis.OnSlain,5
8,9,DP,stock,end,640
8,9,Material,stock,end,271
8,9,Fame,stock,end,1114
8,10,DP,source,SurfaceMap.CollectYields,78
8,10,Material,source,SurfaceMap.CollectYields,3
8,10,Fame,source,SurfaceMap.CollectYields,16
8,10,DP,source,EraSystem.TickTurn,300
8,10,DP,sink,MinionRoster.TryForge,-190
8,10,DP,sink,MinionRoster.TryEvolveIndividual,-525
8,10,DP,sink,DungeonFeatureManager.TryPlaceTrap,-150
8,10,DP,sink,MinionRoster.TrySummon,-153
8,10,DP,source,AdventurerAI.ReapEmotion,152
8,10,DP,source,AdventurerAI.GrantReturnReward,549
8,10,Fame,source,AdventurerAI.GrantReturnReward,30
8,10,Fame,source,LureEconomy.OnHeroEscaped,75
8,10,DP,sink,CommandSystem.TryUse,-2750
8,10,DP,source,AdventurerAI.TakeDamage,1422
8,10,Material,source,AdventurerAI.TakeDamage,47
8,10,DP,source,Nemesis.OnSlain,1290
8,10,Material,source,Nemesis.OnSlain,12
8,10,DP,stock,end,663
8,10,Material,stock,end,333
8,10,Fame,stock,end,1235
8,11,DP,source,SurfaceMap.CollectYields,78
8,11,Material,source,SurfaceMap.CollectYields,3
8,11,Fame,source,SurfaceMap.CollectYields,16
8,11,DP,source,EraSystem.TickTurn,720
8,11,DP,sink,MinionRoster.TryForge,-190
8,11,DP,sink,MinionEvolution.TryEvolve,-550
8,11,DP,sink,MinionRoster.TryEvolveIndividual,-325
8,11,DP,sink,DungeonFeatureManager.TryPlaceTrap,-150
8,11,DP,sink,MinionRoster.TrySummon,-236
8,11,DP,source,AdventurerAI.ReapEmotion,188
8,11,DP,source,AdventurerAI.TakeDamage,1083
8,11,Material,source,AdventurerAI.TakeDamage,68
8,11,DP,sink,CommandSystem.TryUse,-2600
8,11,Fame,source,AdventurerAI.GrantReturnReward,60
8,11,Fame,source,LureEconomy.OnHeroEscaped,150
8,11,DP,source,AdventurerAI.GrantReturnReward,1165
8,11,DP,source,Nemesis.OnSlain,1326
8,11,Material,source,Nemesis.OnSlain,12
8,11,DP,stock,end,1172
8,11,Material,stock,end,416
8,11,Fame,stock,end,1461
8,12,DP,source,SurfaceMap.CollectYields,106
8,12,Material,source,SurfaceMap.CollectYields,4
8,12,Fame,source,SurfaceMap.CollectYields,22
8,12,DP,source,DistrictCatalog.Collect,112
8,12,DP,sink,MinionRoster.TryForge,-665
8,12,DP,sink,MinionRoster.TryEvolveIndividual,-325
8,12,DP,sink,DungeonFeatureManager.TryPlaceTrap,-150
8,12,DP,sink,MinionRoster.TrySummon,-243
8,12,DP,source,AdventurerAI.ReapEmotion,258
8,12,DP,source,AdventurerAI.GrantReturnReward,5080
8,12,Fame,source,AdventurerAI.GrantReturnReward,120
8,12,Fame,source,LureEconomy.OnHeroEscaped,300
8,12,DP,sink,CommandSystem.TryUse,-4800
8,12,DP,source,AdventurerAI.TakeDamage,1074
8,12,Material,source,AdventurerAI.TakeDamage,45
8,12,DP,source,Nemesis.OnSlain,1701
8,12,Material,source,Nemesis.OnSlain,15
8,12,DP,stock,end,3320
8,12,Material,stock,end,480
8,12,Fame,stock,end,1903
8,13,DP,source,SurfaceMap.CollectYields,83
8,13,Material,source,SurfaceMap.CollectYields,4
8,13,Fame,source,SurfaceMap.CollectYields,19
8,13,DP,source,DistrictCatalog.Collect,126
8,13,DP,source,EraSystem.TickTurn,300
8,13,DP,sink,MinionRoster.TryForge,-190
8,13,DP,sink,DungeonFloorManager.TryAddFloor,-2000
8,13,DP,sink,DungeonFloorManager.TryExpandFloor,-1200
8,13,DP,sink,DungeonFeatureManager.TryPlaceTrap,-150
8,13,DP,sink,MinionRoster.TrySummon,-281
8,13,DP,source,AdventurerAI.ReapEmotion,315
8,13,DP,source,AdventurerAI.TakeDamage,1320
8,13,Material,source,AdventurerAI.TakeDamage,128
8,13,DP,sink,CommandSystem.TryUse,-3900
8,13,DP,source,AdventurerAI.GrantReturnReward,2430
8,13,Fame,source,AdventurerAI.GrantReturnReward,70
8,13,Fame,source,LureEconomy.OnHeroEscaped,175
8,13,DP,source,Nemesis.OnSlain,583
8,13,Material,source,Nemesis.OnSlain,5
8,13,DP,stock,end,756
8,13,Material,stock,end,617
8,13,Fame,stock,end,2167
8,14,DP,source,SurfaceMap.CollectYields,39
8,14,Material,source,SurfaceMap.CollectYields,2
8,14,Fame,source,SurfaceMap.CollectYields,9
8,14,DP,source,DistrictCatalog.Collect,126
8,14,DP,sink,MinionRoster.TryForge,-475
8,14,DP,sink,MinionRoster.TryEvolveIndividual,-75
8,14,DP,sink,DungeonFeatureManager.TryPlaceTrap,-150
8,14,DP,sink,MinionRoster.TrySummon,-210
8,14,DP,source,AdventurerAI.ReapEmotion,138
8,14,Fame,source,AdventurerAI.GrantReturnReward,90
8,14,Fame,source,LureEconomy.OnHeroEscaped,225
8,14,DP,source,AdventurerAI.GrantReturnReward,1873
8,14,DP,sink,CommandSystem.TryUse,-4450
8,14,DP,source,AdventurerAI.TakeDamage,1837
8,14,Material,source,AdventurerAI.TakeDamage,85
8,14,DP,source,Nemesis.OnSlain,2145
8,14,Material,source,Nemesis.OnSlain,17
8,14,DP,stock,end,1554
8,14,Material,stock,end,721
8,14,Fame,stock,end,2491
8,15,DP,source,SurfaceMap.CollectYields,39
8,15,Material,source,SurfaceMap.CollectYields,2
8,15,Fame,source,SurfaceMap.CollectYields,9
8,15,DP,source,DistrictCatalog.Collect,126
8,15,DP,sink,MinionRoster.TryForge,-1291
8,15,DP,sink,DungeonFeatureManager.TryPlaceTrap,-150
8,15,DP,sink,MinionRoster.TrySummon,-278
8,15,DP,source,AdventurerAI.ReapEmotion,171
8,15,DP,source,AdventurerAI.GrantReturnReward,1819
8,15,Fame,source,AdventurerAI.GrantReturnReward,50
8,15,Fame,source,LureEconomy.OnHeroEscaped,125
8,15,DP,sink,CommandSystem.TryUse,-5200
8,15,DP,source,AdventurerAI.TakeDamage,5473
8,15,Material,source,AdventurerAI.TakeDamage,95
8,15,DP,source,Nemesis.OnSlain,1797
8,15,Material,source,Nemesis.OnSlain,15
8,15,DP,stock,end,4060
8,15,Material,stock,end,833
8,15,Fame,stock,end,2675
8,16,DP,source,SurfaceMap.CollectYields,59
8,16,Material,source,SurfaceMap.CollectYields,3
8,16,Fame,source,SurfaceMap.CollectYields,13
8,16,DP,source,DistrictCatalog.Collect,140
8,16,DP,sink,MinionRoster.TryForge,-2230
8,16,DP,sink,DungeonFloorManager.TryExpandFloor,-1500
8,16,DP,sink,DungeonFeatureManager.TryPlaceTrap,-300
8,16,DP,sink,MinionRoster.TrySummon,-229
8,16,DP,source,AdventurerAI.ReapEmotion,150
8,16,DP,source,AdventurerAI.TakeDamage,1376
8,16,Material,source,AdventurerAI.TakeDamage,35
8,16,DP,sink,CommandSystem.TryUse,-4400
8,16,Fame,source,AdventurerAI.GrantReturnReward,120
8,16,Fame,source,LureEconomy.OnHeroEscaped,300
8,16,DP,source,AdventurerAI.GrantReturnReward,2478
8,16,DP,source,Nemesis.OnSlain,616
8,16,Material,source,Nemesis.OnSlain,5
8,16,DP,stock,end,220
8,16,Material,stock,end,876
8,16,Fame,stock,end,3108
8,17,DP,source,SurfaceMap.CollectYields,123
8,17,Material,source,SurfaceMap.CollectYields,6
8,17,Fame,source,SurfaceMap.CollectYields,27
8,17,DP,source,DistrictCatalog.Collect,140
8,17,DP,source,EraSystem.TickTurn,720
8,17,DP,sink,MinionRoster.TryForge,-802
8,17,DP,sink,DungeonFeatureManager.TryPlaceTrap,-150
8,17,DP,sink,MinionRoster.TrySummon,-249
8,17,DP,source,AdventurerAI.ReapEmotion,129
8,17,Fame,source,AdventurerAI.GrantReturnReward,130
8,17,Fame,source,LureEconomy.OnHeroEscaped,325
8,17,DP,source,AdventurerAI.TakeDamage,4604
8,17,Material,source,AdventurerAI.TakeDamage,136
8,17,DP,sink,CommandSystem.TryUse,-5250
8,17,DP,source,AdventurerAI.GrantReturnReward,2515
8,17,DP,source,Nemesis.OnSlain,2428
8,17,Material,source,Nemesis.OnSlain,19
8,17,DP,stock,end,4428
8,17,Material,stock,end,1037
8,17,Fame,stock,end,3590
8,18,DP,source,SurfaceMap.CollectYields,123
8,18,Material,source,SurfaceMap.CollectYields,6
8,18,Fame,source,SurfaceMap.CollectYields,27
8,18,DP,source,DistrictCatalog.Collect,140
8,18,DP,sink,MinionRoster.TryForge,-2638
8,18,DP,sink,DungeonFloorManager.TryExpandFloor,-1500
8,18,DP,sink,DungeonFeatureManager.TryPlaceTrap,-300
8,18,DP,sink,MinionRoster.TrySummon,-231
8,18,DP,source,AdventurerAI.ReapEmotion,154
8,18,DP,source,AdventurerAI.TakeDamage,3278
8,18,Material,source,AdventurerAI.TakeDamage,109
8,18,DP,sink,CommandSystem.TryUse,-2300
8,18,DP,source,Nemesis.OnSlain,1264
8,18,Material,source,Nemesis.OnSlain,10
8,18,DP,source,AdventurerAI.GrantReturnReward,2088
8,18,Fame,source,AdventurerAI.GrantReturnReward,130
8,18,Fame,source,LureEconomy.OnHeroEscaped,325
8,18,DP,stock,end,4506
8,18,Material,stock,end,1162
8,18,Fame,stock,end,4072
8,19,DP,source,SurfaceMap.CollectYields,123
8,19,Material,source,SurfaceMap.CollectYields,6
8,19,Fame,source,SurfaceMap.CollectYields,27
8,19,DP,source,DistrictCatalog.Collect,140
8,19,DP,sink,MinionRoster.TryForge,-4066
8,19,DP,sink,DungeonFeatureManager.TryPlaceTrap,-450
8,19,DP,sink,MinionRoster.TrySummon,-238
8,19,DP,source,AdventurerAI.ReapEmotion,447
8,19,DP,sink,CommandSystem.TryUse,-5600
8,19,DP,source,AdventurerAI.TakeDamage,5478
8,19,Material,source,AdventurerAI.TakeDamage,183
8,19,DP,source,AdventurerAI.GrantReturnReward,3339
8,19,Fame,source,AdventurerAI.GrantReturnReward,80
8,19,Fame,source,LureEconomy.OnHeroEscaped,200
8,19,DP,source,Nemesis.OnSlain,1944
8,19,Material,source,Nemesis.OnSlain,15
8,19,DP,stock,end,5623
8,19,Material,stock,end,1366
8,19,Fame,stock,end,4379
8,20,DP,source,SurfaceMap.CollectYields,143
8,20,Material,source,SurfaceMap.CollectYields,7
8,20,Fame,source,SurfaceMap.CollectYields,31
8,20,DP,source,DistrictCatalog.Collect,140
8,20,DP,sink,MinionRoster.TryForge,-190
8,20,DP,sink,DungeonFloorManager.TryAddFloor,-5000
8,20,DP,sink,DungeonFloorManager.TryExpandFloor,-400
8,20,DP,sink,DungeonFeatureManager.TryPlaceTrap,-150
8,20,DP,sink,MinionRoster.TrySummon,-142
8,20,DP,source,AdventurerAI.ReapEmotion,181
8,20,DP,source,AdventurerAI.TakeDamage,5427
8,20,Material,source,AdventurerAI.TakeDamage,55
8,20,DP,sink,CommandSystem.TryUse,-6050
8,20,DP,source,AdventurerAI.GrantReturnReward,2714
8,20,Fame,source,AdventurerAI.GrantReturnReward,150
8,20,Fame,source,LureEconomy.OnHeroEscaped,375
8,20,DP,source,Nemesis.OnSlain,664
8,20,Material,source,Nemesis.OnSlain,5
8,20,DP,stock,end,2960
8,20,Material,stock,end,1433
8,20,Fame,stock,end,4935
8,21,DP,source,SurfaceMap.CollectYields,143
8,21,Material,source,SurfaceMap.CollectYields,7
8,21,Fame,source,SurfaceMap.CollectYields,31
8,21,DP,source,DistrictCatalog.Collect,140
8,21,DP,sink,MinionRoster.TryForge,-1387
8,21,DP,sink,DungeonFloorManager.TryExpandFloor,-800
8,21,DP,sink,MinionRoster.TryEvolveIndividual,-250
8,21,DP,sink,DungeonFeatureManager.TryPlaceTrap,-600
8,21,DP,sink,MinionRoster.TrySummon,-197
8,21,DP,source,AdventurerAI.ReapEmotion,132
8,21,DP,source,AdventurerAI.TakeDamage,7358
8,21,Material,source,AdventurerAI.TakeDamage,97
8,21,DP,sink,CommandSystem.TryUse,-5600
8,21,DP,source,AdventurerAI.GrantReturnReward,5568
8,21,Fame,source,AdventurerAI.GrantReturnReward,110
8,21,Fame,source,LureEconomy.OnHeroEscaped,275
8,21,DP,source,Nemesis.OnSlain,2040
8,21,Material,source,Nemesis.OnSlain,15
8,21,DP,stock,end,9507
8,21,Material,stock,end,1552
8,21,Fame,stock,end,5351
8,22,DP,source,SurfaceMap.CollectYields,143
8,22,Material,source,SurfaceMap.CollectYields,7
8,22,Fame,source,SurfaceMap.CollectYields,31
8,22,DP,source,DistrictCatalog.Collect,154
8,22,DP,sink,MinionRoster.TryForge,-7456
8,22,DP,sink,DungeonFloorManager.TryExpandFloor,-1500
8,22,DP,sink,DungeonFeatureManager.TryPlaceTrap,-600
8,22,DP,sink,MinionRoster.TrySummon,-244
8,22,DP,source,AdventurerAI.ReapEmotion,322
8,22,DP,sink,CommandSystem.TryUse,-2650
8,22,Fame,source,AdventurerAI.GrantReturnReward,120
8,22,Fame,source,LureEconomy.OnHeroEscaped,300
8,22,DP,source,AdventurerAI.GrantReturnReward,3729
8,22,DP,source,AdventurerAI.TakeDamage,8570
8,22,Material,source,AdventurerAI.TakeDamage,99
8,22,DP,stock,end,9975
8,22,Material,stock,end,1658
8,22,Fame,stock,end,5802
8,23,DP,source,SurfaceMap.CollectYields,163
8,23,Material,source,SurfaceMap.CollectYields,8
8,23,Fame,source,SurfaceMap.CollectYields,35
8,23,DP,source,DistrictCatalog.Collect,154
8,23,DP,sink,MinionRoster.TryForge,-9456
8,23,DP,sink,MinionRoster.TryEvolveIndividual,-75
8,23,DP,sink,DungeonFeatureManager.TryPlaceTrap,-600
8,23,DP,sink,MinionRoster.TrySummon,-158
8,23,DP,source,AdventurerAI.ReapEmotion,408
8,23,DP,sink,CommandSystem.TryUse,-5100
8,23,Fame,source,AdventurerAI.GrantReturnReward,100
8,23,Fame,source,LureEconomy.OnHeroEscaped,250
8,23,DP,source,AdventurerAI.GrantReturnReward,3134
8,23,DP,source,AdventurerAI.TakeDamage,11312
8,23,Material,source,AdventurerAI.TakeDamage,254
8,23,DP,stock,end,9757
8,23,Material,stock,end,1920
8,23,Fame,stock,end,6187
8,24,DP,source,SurfaceMap.CollectYields,120
8,24,Material,source,SurfaceMap.CollectYields,6
8,24,Fame,source,SurfaceMap.CollectYields,26
8,24,DP,source,DistrictCatalog.Collect,154
8,24,DP,source,EraSystem.TickTurn,300
8,24,DP,sink,MinionRoster.TryForge,-168
8,24,DP,sink,MinionEvolution.TryEvolve,-4900
8,24,DP,sink,MinionRoster.TryEvolveIndividual,-4900
8,24,DP,sink,DungeonFeatureManager.TryPlaceTrap,-150
8,24,DP,sink,MinionRoster.TrySummon,-207
8,24,DP,source,AdventurerAI.ReapEmotion,393
8,24,DP,sink,CommandSystem.TryUse,-6050
8,24,DP,source,AdventurerAI.GrantReturnReward,9537
8,24,Fame,source,AdventurerAI.GrantReturnReward,220
8,24,Fame,source,LureEconomy.OnHeroEscaped,550
8,24,DP,source,AdventurerAI.TakeDamage,8516
8,24,Material,source,AdventurerAI.TakeDamage,87
8,24,DP,stock,end,12402
8,24,Material,stock,end,2013
8,24,Fame,stock,end,6983
8,25,DP,source,SurfaceMap.CollectYields,59
8,25,Material,source,SurfaceMap.CollectYields,3
8,25,Fame,source,SurfaceMap.CollectYields,13
8,25,DP,source,DistrictCatalog.Collect,28
8,25,DP,source,EraSystem.TickTurn,3840
8,25,DP,sink,MinionRoster.TryForge,-168
8,25,DP,sink,DungeonFloorManager.TryAddFloor,-12500
8,25,DP,sink,DungeonFloorManager.TryExpandFloor,-1200
8,25,DP,sink,MinionRoster.TryEvolveIndividual,-2150
8,25,DP,sink,DungeonFeatureManager.TryPlaceTrap,-150
8,25,DP,sink,MinionRoster.TrySummon,-157
8,25,DP,source,AdventurerAI.ReapEmotion,280
8,25,DP,source,AdventurerAI.TakeDamage,5096
8,25,Material,source,AdventurerAI.TakeDamage,94
8,25,DP,sink,CommandSystem.TryUse,-5550
8,25,DP,source,AdventurerAI.GrantReturnReward,16829
8,25,Fame,source,AdventurerAI.GrantReturnReward,360
8,25,Fame,source,LureEconomy.OnHeroEscaped,900
8,25,DP,source,Nemesis.OnSlain,1020
8,25,Material,source,Nemesis.OnSlain,7
8,25,DP,stock,end,17679
8,25,Material,stock,end,2117
8,25,Fame,stock,end,8256
8,26,DP,source,SurfaceMap.CollectYields,82
8,26,Material,source,SurfaceMap.CollectYields,4
8,26,Fame,source,SurfaceMap.CollectYields,18
8,26,DP,source,DistrictCatalog.Collect,28
8,26,DP,source,EraSystem.TickTurn,6528
8,26,DP,sink,MinionRoster.TryForge,-12018
8,26,DP,sink,DungeonFloorManager.TryExpandFloor,-6500
8,26,DP,sink,MinionRoster.TryEvolveIndividual,-4800
8,26,Material,sink,MinionRoster.TryForge,-10
8,26,DP,sink,DungeonFeatureManager.TryPlaceTrap,-750
8,26,DP,sink,MinionRoster.TrySummon,-231
8,26,DP,source,AdventurerAI.ReapEmotion,189
8,26,DP,source,AdventurerAI.TakeDamage,8637
8,26,Material,source,AdventurerAI.TakeDamage,75
8,26,DP,sink,CommandSystem.TryUse,-4250
8,26,DP,source,AdventurerAI.GrantReturnReward,5927
8,26,Fame,source,AdventurerAI.GrantReturnReward,270
8,26,Fame,source,LureEconomy.OnHeroEscaped,675
8,26,DP,source,Nemesis.OnSlain,1427
8,26,Material,source,Nemesis.OnSlain,9
8,26,DP,stock,end,11948
8,26,Material,stock,end,2195
8,26,Fame,stock,end,9219
8,27,DP,source,SurfaceMap.CollectYields,125
8,27,Material,source,SurfaceMap.CollectYields,6
8,27,Fame,source,SurfaceMap.CollectYields,27
8,27,DP,source,DistrictCatalog.Collect,28
8,27,DP,source,EraSystem.TickTurn,6528
8,27,DP,sink,MinionRoster.TryForge,-8610
8,27,DP,sink,DungeonFloorManager.TryExpandFloor,-7500
8,27,DP,sink,MinionRoster.TryEvolveIndividual,-1450
8,27,Material,sink,MinionRoster.TryForge,-26
8,27,DP,sink,DungeonFeatureManager.TryPlaceTrap,-900
8,27,DP,sink,MinionRoster.TrySummon,-165
8,27,DP,source,AdventurerAI.ReapEmotion,182
8,27,DP,source,AdventurerAI.GrantReturnReward,12694
8,27,Fame,source,AdventurerAI.GrantReturnReward,520
8,27,Fame,source,LureEconomy.OnHeroEscaped,1300
8,27,DP,sink,CommandSystem.TryUse,-6050
8,27,DP,source,AdventurerAI.TakeDamage,9155
8,27,Material,source,AdventurerAI.TakeDamage,178
8,27,DP,source,Nemesis.OnSlain,1427
8,27,Material,source,Nemesis.OnSlain,9
8,27,DP,stock,end,17412
8,27,Material,stock,end,2362
8,27,Fame,stock,end,11066
8,28,DP,source,SurfaceMap.CollectYields,166
8,28,Material,source,SurfaceMap.CollectYields,8
8,28,Fame,source,SurfaceMap.CollectYields,36
8,28,DP,source,DistrictCatalog.Collect,28
8,28,DP,source,EraSystem.TickTurn,3840
8,28,DP,sink,MinionRoster.TryForge,-20010
8,28,DP,sink,MinionRoster.TryEvolveIndividual,-250
8,28,Material,sink,MinionRoster.TryForge,-66
8,28,DP,sink,DungeonFeatureManager.TryPlaceTrap,-900
8,28,DP,sink,MinionRoster.TrySummon,-276
8,28,DP,source,AdventurerAI.ReapEmotion,116
8,28,DP,source,AdventurerAI.TakeDamage,8897
8,28,Material,source,AdventurerAI.TakeDamage,427
8,28,DP,sink,CommandSystem.TryUse,-5550
8,28,DP,source,AdventurerAI.GrantReturnReward,11688
8,28,Fame,source,AdventurerAI.GrantReturnReward,500
8,28,Fame,source,LureEconomy.OnHeroEscaped,1250
8,28,DP,stock,end,15161
8,28,Material,stock,end,2731
8,28,Fame,stock,end,12852
8,29,DP,source,SurfaceMap.CollectYields,102
8,29,Material,source,SurfaceMap.CollectYields,5
8,29,Fame,source,SurfaceMap.CollectYields,22
8,29,DP,source,DistrictCatalog.Collect,28
8,29,DP,source,EraSystem.TickTurn,3840
8,29,DP,sink,MinionRoster.TryForge,-17010
8,29,DP,sink,MinionRoster.TryEvolveIndividual,-725
8,29,Material,sink,MinionRoster.TryForge,-74
8,29,DP,sink,DungeonFeatureManager.TryPlaceTrap,-1200
8,29,DP,sink,MinionRoster.TrySummon,-172
8,29,DP,source,AdventurerAI.ReapEmotion,204
8,29,DP,source,AdventurerAI.TakeDamage,18796
8,29,Material,source,AdventurerAI.TakeDamage,370
8,29,DP,sink,CommandSystem.TryUse,-6050
8,29,DP,source,AdventurerAI.GrantReturnReward,10965
8,29,Fame,source,AdventurerAI.GrantReturnReward,360
8,29,Fame,source,LureEconomy.OnHeroEscaped,900
8,29,DP,stock,end,23939
8,29,Material,stock,end,3032
8,29,Fame,stock,end,14134
8,30,DP,source,SurfaceMap.CollectYields,102
8,30,Material,source,SurfaceMap.CollectYields,5
8,30,Fame,source,SurfaceMap.CollectYields,22
8,30,DP,source,DistrictCatalog.Collect,28
8,30,DP,source,EraSystem.TickTurn,6528
8,30,Material,source,EraSystem.TickTurn,32
8,30,DP,sink,MinionRoster.TryForge,-28260
8,30,DP,sink,MinionRoster.TryEvolveIndividual,-750
8,30,Material,sink,MinionRoster.TryForge,-220
8,30,DP,sink,DungeonFeatureManager.TryPlaceTrap,-1350
8,30,DP,sink,MinionRoster.TrySummon,-207
8,30,DP,source,AdventurerAI.ReapEmotion,126
8,30,DP,source,AdventurerAI.TakeDamage,12394
8,30,Material,source,AdventurerAI.TakeDamage,130
8,30,DP,sink,CommandSystem.TryUse,-3400
8,30,Fame,source,AdventurerAI.GrantReturnReward,470
8,30,Fame,source,LureEconomy.OnHeroEscaped,1175
8,30,DP,source,AdventurerAI.GrantReturnReward,8143
8,30,DP,stock,end,17293
8,30,Material,stock,end,2979
8,30,Fame,stock,end,15801
8,31,DP,source,SurfaceMap.CollectYields,102
8,31,Material,source,SurfaceMap.CollectYields,6
8,31,Fame,source,SurfaceMap.CollectYields,22
8,31,DP,source,DistrictCatalog.Collect,28
8,31,DP,source,EraSystem.TickTurn,3840
8,31,Material,source,EraSystem.TickTurn,74
8,31,DP,sink,MinionRoster.TryForge,-18660
8,31,DP,sink,MinionRoster.TryEvolveIndividual,-750
8,31,Material,sink,MinionRoster.TryForge,-140
8,31,DP,sink,DungeonFeatureManager.TryPlaceTrap,-1650
8,31,DP,sink,MinionRoster.TrySummon,-172
8,31,DP,source,AdventurerAI.ReapEmotion,185
8,31,DP,source,AdventurerAI.TakeDamage,18181
8,31,Material,source,AdventurerAI.TakeDamage,421
8,31,DP,sink,CommandSystem.TryUse,-6050
8,31,DP,source,AdventurerAI.GrantReturnReward,16876
8,31,Fame,source,AdventurerAI.GrantReturnReward,400
8,31,Fame,source,LureEconomy.OnHeroEscaped,1000
8,31,DP,stock,end,29223
8,31,Material,stock,end,3340
8,31,Fame,stock,end,17223
8,32,DP,source,SurfaceMap.CollectYields,206
8,32,Material,source,SurfaceMap.CollectYields,9
8,32,Fame,source,SurfaceMap.CollectYields,44
8,32,DP,source,DistrictCatalog.Collect,28
8,32,DP,source,EraSystem.TickTurn,6528
8,32,Fame,source,EraSystem.TickTurn,272
8,32,DP,sink,MinionRoster.TryForge,-1200
8,32,DP,sink,DungeonFloorManager.TryAddFloor,-31250
8,32,DP,sink,DungeonFloorManager.TryExpandFloor,-2700
8,32,DP,sink,MinionRoster.TryEvolveIndividual,-250
8,32,DP,sink,DungeonFeatureManager.TryPlaceTrap,-300
8,32,DP,sink,MinionRoster.TrySummon,-252
8,32,DP,source,AdventurerAI.ReapEmotion,104
8,32,DP,source,AdventurerAI.TakeDamage,20053
8,32,Material,source,AdventurerAI.TakeDamage,417
8,32,DP,sink,CommandSystem.TryUse,-6050
8,32,DP,source,AdventurerAI.GrantReturnReward,15258
8,32,Fame,source,AdventurerAI.GrantReturnReward,480
8,32,Fame,source,LureEconomy.OnHeroEscaped,1200
8,32,DP,stock,end,29398
8,32,Material,stock,end,3766
8,32,Fame,stock,end,19219
8,33,DP,source,SurfaceMap.CollectYields,206
8,33,Material,source,SurfaceMap.CollectYields,9
8,33,Fame,source,SurfaceMap.CollectYields,44
8,33,DP,source,DistrictCatalog.Collect,28
8,33,DP,source,EraSystem.TickTurn,1920
8,33,DP,sink,MinionRoster.TryForge,-26520
8,33,DP,sink,DungeonFloorManager.TryExpandFloor,-2500
8,33,DP,sink,MinionRoster.TryEvolveIndividual,-775
8,33,Material,sink,MinionRoster.TryForge,-200
8,33,DP,sink,DungeonFeatureManager.TryPlaceTrap,-1500
8,33,DP,sink,MinionRoster.TrySummon,-225
8,33,DP,source,AdventurerAI.ReapEmotion,343
8,33,DP,sink,CommandSystem.TryUse,-5600
8,33,DP,source,AdventurerAI.GrantReturnReward,16861
8,33,Fame,source,AdventurerAI.GrantReturnReward,410
8,33,Fame,source,LureEconomy.OnHeroEscaped,1025
8,33,DP,source,AdventurerAI.TakeDamage,21615
8,33,Material,source,AdventurerAI.TakeDamage,850
8,33,DP,stock,end,33251
8,33,Material,stock,end,4425
8,33,Fame,stock,end,20698
8,34,DP,source,SurfaceMap.CollectYields,178
8,34,Material,source,SurfaceMap.CollectYields,8
8,34,Fame,source,SurfaceMap.CollectYields,38
8,34,DP,source,DistrictCatalog.Collect,28
8,34,DP,sink,MinionRoster.TryForge,-30660
8,34,DP,sink,MinionRoster.TryEvolveIndividual,-350
8,34,Material,sink,MinionRoster.TryForge,-300
8,34,DP,sink,DungeonFeatureManager.TryPlaceTrap,-2250
8,34,DP,sink,MinionRoster.TrySummon,-188
8,34,DP,source,AdventurerAI.ReapEmotion,182
8,34,DP,source,AdventurerAI.TakeDamage,27372
8,34,Material,source,AdventurerAI.TakeDamage,1034
8,34,DP,sink,CommandSystem.TryUse,-5250
8,34,DP,source,AdventurerAI.GrantReturnReward,16533
8,34,Fame,source,AdventurerAI.GrantReturnReward,380
8,34,Fame,source,LureEconomy.OnHeroEscaped,950
8,34,DP,stock,end,38846
8,34,Material,stock,end,5167
8,34,Fame,stock,end,22066
8,35,DP,source,SurfaceMap.CollectYields,154
8,35,Material,source,SurfaceMap.CollectYields,7
8,35,Fame,source,SurfaceMap.CollectYields,33
8,35,DP,source,DistrictCatalog.Collect,28
8,35,DP,sink,MinionRoster.TryForge,-37020
8,35,DP,sink,MinionRoster.TryEvolveIndividual,-250
8,35,Material,sink,MinionRoster.TryForge,-398
8,35,DP,sink,DungeonFeatureManager.TryPlaceTrap,-1500
8,35,DP,sink,MinionRoster.TrySummon,-225
8,35,DP,source,AdventurerAI.ReapEmotion,134
8,35,DP,source,AdventurerAI.GrantReturnReward,12906
8,35,Fame,source,AdventurerAI.GrantReturnReward,530
8,35,Fame,source,LureEconomy.OnHeroEscaped,1325
8,35,DP,sink,CommandSystem.TryUse,-5250
8,35,DP,source,AdventurerAI.TakeDamage,13547
8,35,Material,source,AdventurerAI.TakeDamage,616
8,35,DP,stock,end,21370
8,35,Material,stock,end,5392
8,35,Fame,stock,end,23954
8,36,DP,source,SurfaceMap.CollectYields,125
8,36,Material,source,SurfaceMap.CollectYields,7
8,36,Fame,source,SurfaceMap.CollectYields,27
8,36,DP,source,DistrictCatalog.Collect,28
8,36,DP,sink,MinionRoster.TryForge,-18300
8,36,DP,sink,MinionRoster.TryEvolveIndividual,-750
8,36,Material,sink,MinionRoster.TryForge,-182
8,36,DP,sink,DungeonFeatureManager.TryPlaceTrap,-2250
8,36,DP,sink,MinionRoster.TrySummon,-188
8,36,DP,source,AdventurerAI.ReapEmotion,287
8,36,DP,sink,CommandSystem.TryUse,-5550
8,36,DP,source,AdventurerAI.GrantReturnReward,27733
8,36,Fame,source,AdventurerAI.GrantReturnReward,480
8,36,Fame,source,LureEconomy.OnHeroEscaped,1200
8,36,DP,source,AdventurerAI.TakeDamage,23385
8,36,Material,source,AdventurerAI.TakeDamage,810
8,36,DP,stock,end,45890
8,36,Material,stock,end,6027
8,36,Fame,stock,end,25661
8,37,DP,source,SurfaceMap.CollectYields,148
8,37,Material,source,SurfaceMap.CollectYields,8
8,37,Fame,source,SurfaceMap.CollectYields,32
8,37,DP,source,DistrictCatalog.Collect,28
8,37,DP,sink,MinionRoster.TryForge,-43260
8,37,DP,sink,MinionRoster.TryEvolveIndividual,-250
8,37,Material,sink,MinionRoster.TryForge,-470
8,37,DP,sink,DungeonFeatureManager.TryPlaceTrap,-2400
8,37,DP,sink,MinionRoster.TrySummon,-156
8,37,DP,source,AdventurerAI.ReapEmotion,121
8,37,DP,source,AdventurerAI.GrantReturnReward,35241
8,37,Fame,source,AdventurerAI.GrantReturnReward,900
8,37,Fame,source,LureEconomy.OnHeroEscaped,2250
8,37,DP,sink,CommandSystem.TryUse,-4900
8,37,DP,source,AdventurerAI.TakeDamage,36726
8,37,Material,source,AdventurerAI.TakeDamage,801
8,37,DP,stock,end,67188
8,37,Material,stock,end,6366
8,37,Fame,stock,end,28843
8,38,DP,source,SurfaceMap.CollectYields,168
8,38,Material,source,SurfaceMap.CollectYields,9
8,38,Fame,source,SurfaceMap.CollectYields,36
8,38,DP,source,DistrictCatalog.Collect,28
8,38,DP,sink,MinionRoster.TryForge,-61740
8,38,DP,sink,MinionRoster.TryEvolveIndividual,-625
8,38,Material,sink,MinionRoster.TryForge,-722
8,38,DP,sink,DungeonFeatureManager.TryPlaceTrap,-3600
8,38,DP,sink,MinionRoster.TrySummon,-1409
8,38,DP,source,AdventurerAI.ReapEmotion,143
8,38,DP,source,AdventurerAI.TakeDamage,37628
8,38,Material,source,AdventurerAI.TakeDamage,1085
8,38,DP,sink,CommandSystem.TryUse,-6400
8,38,DP,source,AdventurerAI.GrantReturnReward,17064
8,38,Fame,source,AdventurerAI.GrantReturnReward,320
8,38,Fame,source,LureEconomy.OnHeroEscaped,800
8,38,DP,stock,end,48445
8,38,Material,stock,end,6738
8,38,Fame,stock,end,29999
8,39,DP,source,SurfaceMap.CollectYields,168
8,39,Material,source,SurfaceMap.CollectYields,9
8,39,Fame,source,SurfaceMap.CollectYields,36
8,39,DP,source,DistrictCatalog.Collect,28
8,39,DP,sink,MinionRoster.TryForge,-45960
8,39,DP,sink,MinionRoster.TryEvolveIndividual,-700
8,39,Material,sink,MinionRoster.TryForge,-528
8,39,DP,sink,DungeonFeatureManager.TryPlaceTrap,-1800
8,39,DP,sink,MinionRoster.TrySummon,-162
8,39,DP,source,AdventurerAI.ReapEmotion,139
8,39,Fame,source,AdventurerAI.GrantReturnReward,330
8,39,Fame,source,LureEconomy.OnHeroEscaped,825
8,39,DP,source,AdventurerAI.GrantReturnReward,18709
8,39,DP,sink,CommandSystem.TryUse,-4900
8,39,DP,source,AdventurerAI.TakeDamage,45035
8,39,Material,source,AdventurerAI.TakeDamage,42563
8,39,DP,source,Nemesis.OnSlain,4278
8,39,Material,source,Nemesis.OnSlain,17
8,39,DP,stock,end,63280
8,39,Material,stock,end,48799
8,39,Fame,stock,end,31190
8,40,DP,source,SurfaceMap.CollectYields,142
8,40,Material,source,SurfaceMap.CollectYields,8
8,40,Fame,source,SurfaceMap.CollectYields,30
8,40,DP,source,DistrictCatalog.Collect,28
8,40,DP,sink,MinionRoster.TryForge,-60180
8,40,DP,sink,MinionRoster.TryEvolveIndividual,-725
8,40,Material,sink,MinionRoster.TryForge,-760
8,40,DP,sink,DungeonFeatureManager.TryPlaceTrap,-1350
8,40,DP,sink,MinionRoster.TrySummon,-1157
8,40,DP,source,AdventurerAI.ReapEmotion,168
8,40,Fame,source,AdventurerAI.GrantReturnReward,290
8,40,Fame,source,LureEconomy.OnHeroEscaped,725
8,40,DP,source,AdventurerAI.TakeDamage,58990
8,40,Material,source,AdventurerAI.TakeDamage,999
8,40,DP,sink,CommandSystem.TryUse,-4900
8,40,DP,source,AdventurerAI.GrantReturnReward,15789
8,40,DP,source,Nemesis.OnSlain,4278
8,40,Material,source,Nemesis.OnSlain,17
8,40,DP,stock,end,74363
8,40,Material,stock,end,49063
8,40,Fame,stock,end,32235
8,41,DP,source,SurfaceMap.CollectYields,101
8,41,Material,source,SurfaceMap.CollectYields,6
8,41,Fame,source,SurfaceMap.CollectYields,21
8,41,DP,source,DistrictCatalog.Collect,28
8,41,DP,source,EraSystem.TickTurn,1920
8,41,DP,sink,MinionRoster.TryForge,-57960
8,41,DP,sink,MinionRoster.TryEvolveIndividual,-450
8,41,Material,sink,MinionRoster.TryForge,-688
8,41,DP,sink,MinionRoster.TrySummon,-17971
8,41,DP,source,AdventurerAI.ReapEmotion,221
8,41,DP,source,AdventurerAI.GrantReturnReward,22725
8,41,Fame,source,AdventurerAI.GrantReturnReward,450
8,41,Fame,source,LureEconomy.OnHeroEscaped,1125
8,41,DP,sink,CommandSystem.TryUse,-6400
8,41,DP,source,AdventurerAI.TakeDamage,74044
8,41,Material,source,AdventurerAI.TakeDamage,28426
8,41,DP,source,Nemesis.OnSlain,5218
8,41,Material,source,Nemesis.OnSlain,23
8,41,DP,stock,end,95839
8,41,Material,stock,end,76830
8,41,Fame,stock,end,33831
8,42,DP,source,SurfaceMap.CollectYields,126
8,42,Material,source,SurfaceMap.CollectYields,7
8,42,Fame,source,SurfaceMap.CollectYields,21
8,42,DP,source,DistrictCatalog.Collect,28
8,42,DP,sink,MinionRoster.TryForge,-16800
8,42,DP,sink,MinionRoster.TryEvolveIndividual,-300
8,42,DP,sink,MinionRoster.TrySummon,-60325
8,42,DP,sink,CommandSystem.TryUse,-6400
8,42,DP,source,AdventurerAI.ReapEmotion,209
8,42,DP,source,AdventurerAI.TakeDamage,42574
8,42,Material,source,AdventurerAI.TakeDamage,2050
8,42,DP,source,AdventurerAI.GrantReturnReward,14207
8,42,Fame,source,AdventurerAI.GrantReturnReward,340
8,42,Fame,source,LureEconomy.OnHeroEscaped,850
8,42,DP,source,Nemesis.OnSlain,9512
8,42,Material,source,Nemesis.OnSlain,40
8,42,DP,stock,end,78670
8,42,Material,stock,end,78927
8,42,Fame,stock,end,35042
8,43,DP,source,SurfaceMap.CollectYields,155
8,43,Material,source,SurfaceMap.CollectYields,9
8,43,Fame,source,SurfaceMap.CollectYields,26
8,43,DP,source,DistrictCatalog.Collect,28
8,43,DP,sink,MinionRoster.TryForge,-29400
8,43,Material,sink,MinionRoster.TryForge,-168
8,43,DP,sink,MinionRoster.TrySummon,-49420
8,43,DP,source,AdventurerAI.ReapEmotion,210
8,43,DP,source,AdventurerAI.GrantReturnReward,16581
8,43,Fame,source,AdventurerAI.GrantReturnReward,370
8,43,Fame,source,LureEconomy.OnHeroEscaped,925
8,43,DP,sink,CommandSystem.TryUse,-5200
8,43,DP,source,AdventurerAI.TakeDamage,53119
8,43,Material,source,AdventurerAI.TakeDamage,1049
8,43,DP,stock,end,64743
8,43,Material,stock,end,79817
8,43,Fame,stock,end,36363
8,44,DP,source,SurfaceMap.CollectYields,126
8,44,Material,source,SurfaceMap.CollectYields,7
8,44,Fame,source,SurfaceMap.CollectYields,21
8,44,DP,source,DistrictCatalog.Collect,28
8,44,DP,sink,MinionRoster.TryForge,-57120
8,44,Material,sink,MinionRoster.TryForge,-616
8,44,DP,sink,MinionRoster.TrySummon,-7758
8,44,DP,source,AdventurerAI.ReapEmotion,222
8,44,Fame,source,AdventurerAI.GrantReturnReward,420
8,44,Fame,source,LureEconomy.OnHeroEscaped,1050
8,44,DP,source,AdventurerAI.TakeDamage,31453
8,44,Material,source,AdventurerAI.TakeDamage,286
8,44,DP,sink,CommandSystem.TryUse,-5250
8,44,DP,source,AdventurerAI.GrantReturnReward,8047
8,44,DP,source,Nemesis.OnSlain,2916
8,44,Material,source,Nemesis.OnSlain,18
8,44,DP,stock,end,37407
8,44,Material,stock,end,79512
8,44,Fame,stock,end,37854
8,45,DP,source,SurfaceMap.CollectYields,98
8,45,Material,source,SurfaceMap.CollectYields,6
8,45,Fame,source,SurfaceMap.CollectYields,16
8,45,DP,source,DistrictCatalog.Collect,28
8,45,DP,sink,MinionRoster.TryForge,-33600
8,45,Material,sink,MinionRoster.TryForge,-448
8,45,DP,sink,MinionRoster.TrySummon,-3900
8,45,DP,source,AdventurerAI.ReapEmotion,181
8,45,DP,source,AdventurerAI.GrantReturnReward,22177
8,45,Fame,source,AdventurerAI.GrantReturnReward,320
8,45,Fame,source,LureEconomy.OnHeroEscaped,800
8,45,DP,sink,CommandSystem.TryUse,-5650
8,45,DP,source,AdventurerAI.TakeDamage,58145
8,45,Material,source,AdventurerAI.TakeDamage,771
8,45,DP,stock,end,74886
8,45,Material,stock,end,79841
8,45,Fame,stock,end,38990
8,46,DP,source,SurfaceMap.CollectYields,72
8,46,Material,source,SurfaceMap.CollectYields,5
8,46,Fame,source,SurfaceMap.CollectYields,12
8,46,DP,source,DistrictCatalog.Collect,28
8,46,DP,sink,MinionRoster.TryForge,-72000
8,46,Material,sink,MinionRoster.TryForge,-960
8,46,DP,sink,MinionRoster.TrySummon,-2518
8,46,DP,sink,CommandSystem.TryUse,-6950
8,46,DP,source,AdventurerAI.ReapEmotion,496
8,46,DP,source,AdventurerAI.TakeDamage,32115
8,46,Material,source,AdventurerAI.TakeDamage,672
8,46,Fame,source,AdventurerAI.GrantReturnReward,480
8,46,Fame,source,LureEconomy.OnHeroEscaped,1200
8,46,DP,source,AdventurerAI.GrantReturnReward,17069
8,46,DP,source,Nemesis.OnSlain,2025
8,46,Material,source,Nemesis.OnSlain,12
8,46,DP,stock,end,45223
8,46,Material,stock,end,79570
8,46,Fame,stock,end,40682
8,47,DP,source,SurfaceMap.CollectYields,152
8,47,Material,source,SurfaceMap.CollectYields,9
8,47,Fame,source,SurfaceMap.CollectYields,26
8,47,DP,source,DistrictCatalog.Collect,28
8,47,DP,sink,MinionRoster.TryForge,-4800
8,47,Material,sink,MinionRoster.TryForge,-64
8,47,DP,sink,MinionEvolution.TryEvolve,-9050
8,47,DP,sink,MinionRoster.TryEvolveIndividual,-31000
8,47,DP,sink,CommandSystem.TryUse,-5850
8,47,DP,source,AdventurerAI.ReapEmotion,132
8,47,DP,source,AdventurerAI.GrantReturnReward,28123
8,47,Fame,source,AdventurerAI.GrantReturnReward,380
8,47,Fame,source,LureEconomy.OnHeroEscaped,950
8,47,DP,source,AdventurerAI.TakeDamage,60746
8,47,Material,source,AdventurerAI.TakeDamage,918
8,47,DP,source,Nemesis.OnSlain,1820
8,47,Material,source,Nemesis.OnSlain,10
8,47,DP,stock,end,85524
8,47,Material,stock,end,80443
8,47,Fame,stock,end,42038
8,48,DP,source,SurfaceMap.CollectYields,181
8,48,Material,source,SurfaceMap.CollectYields,10
8,48,Fame,source,SurfaceMap.CollectYields,31
8,48,DP,source,DistrictCatalog.Collect,28
8,48,DP,source,EraSystem.TickTurn,9720
8,48,DP,sink,MinionRoster.TryForge,-73920
8,48,Material,sink,MinionRoster.TryForge,-1018
8,48,DP,sink,MinionRoster.TryEvolveIndividual,-18200
8,48,DP,sink,MinionRoster.TrySummon,-3292
8,48,DP,source,AdventurerAI.ReapEmotion,213
8,48,DP,source,AdventurerAI.GrantReturnReward,11532
8,48,Fame,source,AdventurerAI.GrantReturnReward,360
8,48,Fame,source,LureEconomy.OnHeroEscaped,900
8,48,DP,sink,CommandSystem.TryUse,-6950
8,48,DP,source,AdventurerAI.TakeDamage,54332
8,48,Material,source,AdventurerAI.TakeDamage,331
8,48,DP,source,Nemesis.OnSlain,2408
8,48,Material,source,Nemesis.OnSlain,14
8,48,DP,stock,end,61576
8,48,Material,stock,end,79780
8,48,Fame,stock,end,43329
8,49,DP,source,SurfaceMap.CollectYields,206
8,49,Material,source,SurfaceMap.CollectYields,12
8,49,Fame,source,SurfaceMap.CollectYields,35
8,49,DP,source,DistrictCatalog.Collect,28
8,49,DP,source,EraSystem.TickTurn,9720
8,49,DP,sink,MinionRoster.TryForge,-5760
8,49,Material,sink,MinionRoster.TryForge,-84
8,49,DP,sink,MinionEvolution.TryEvolve,-14200
8,49,DP,sink,MinionRoster.TryEvolveIndividual,-50450
8,49,DP,sink,MinionRoster.TrySummon,-1116
8,49,DP,source,AdventurerAI.ReapEmotion,133
8,49,DP,source,AdventurerAI.TakeDamage,56721
8,49,Material,source,AdventurerAI.TakeDamage,30450
8,49,DP,source,AdventurerAI.GrantReturnReward,8186
8,49,Fame,source,AdventurerAI.GrantReturnReward,260
8,49,Fame,source,LureEconomy.OnHeroEscaped,650
8,49,DP,sink,CommandSystem.TryUse,-6050
8,49,DP,source,Nemesis.OnSlain,6755
8,49,Material,source,Nemesis.OnSlain,30
8,49,DP,stock,end,65749
8,49,Material,stock,end,110188
8,49,Fame,stock,end,44274
9,1,DP,sink,DungeonFeatureManager.TryPlaceTrap,-150
9,1,DP,sink,MinionRoster.TrySummon,-46
9,1,DP,source,AdventurerAI.ReapEmotion,150
9,1,DP,source,AdventurerAI.TakeDamage,108
9,1,Material,source,AdventurerAI.TakeDamage,4
9,1,DP,source,AdventurerAI.GrantReturnReward,501
9,1,Fame,source,AdventurerAI.GrantReturnReward,30
9,1,Fame,source,LureEconomy.OnHeroEscaped,75
9,1,DP,sink,CommandSystem.TryUse,-650
9,1,DP,stock,end,113
9,1,Material,stock,end,4
9,1,Fame,stock,end,105
9,2,DP,source,SurfaceMap.CollectYields,18
9,2,Material,source,SurfaceMap.CollectYields,1
9,2,Fame,source,SurfaceMap.CollectYields,4
9,2,DP,source,EraSystem.TickTurn,600
9,2,Fame,source,EraSystem.TickTurn,25
9,2,DP,sink,MinionRoster.TryForge,-236
9,2,DP,sink,MinionEvolution.TryEvolve,-150
9,2,DP,sink,DungeonFeatureManager.TryPlaceTrap,-150
9,2,DP,sink,MinionRoster.TrySummon,-176
9,2,DP,source,AdventurerAI.ReapEmotion,116
9,2,DP,source,AdventurerAI.TakeDamage,217
9,2,Material,source,AdventurerAI.TakeDamage,8
9,2,DP,sink,CommandSystem.TryUse,-650
9,2,Fame,source,AdventurerAI.GrantReturnReward,20
9,2,Fame,source,LureEconomy.OnHeroEscaped,50
9,2,DP,source,AdventurerAI.GrantReturnReward,343
9,2,DP,stock,end,45
9,2,Material,stock,end,13
9,2,Fame,stock,end,204
9,3,DP,source,SurfaceMap.CollectYields,18
9,3,Material,source,SurfaceMap.CollectYields,1
9,3,Fame,source,SurfaceMap.CollectYields,4
9,3,DP,source,EraSystem.TickTurn,600
9,3,Material,source,EraSystem.TickTurn,10
9,3,Fame,source,EraSystem.TickTurn,25
9,3,DP,sink,MinionRoster.TryForge,-236
9,3,DP,sink,MinionEvolution.TryEvolve,-75
9,3,DP,sink,DungeonFeatureManager.TryPlaceTrap,-300
9,3,DP,sink,MinionRoster.TrySummon,-39
9,3,DP,source,AdventurerAI.TakeDamage,325
9,3,Material,source,AdventurerAI.TakeDamage,12
9,3,Fame,source,AdventurerAI.GrantReturnReward,10
9,3,Fame,source,LureEconomy.OnHeroEscaped,25
9,3,DP,source,AdventurerAI.ReapEmotion,173
9,3,DP,source,Nemesis.OnSlain,437
9,3,Material,source,Nemesis.OnSlain,5
9,3,DP,sink,CommandSystem.TryUse,-650
9,3,DP,stock,end,298
9,3,Material,stock,end,41
9,3,Fame,stock,end,268
9,4,DP,source,SurfaceMap.CollectYields,18
9,4,Material,source,SurfaceMap.CollectYields,1
9,4,Fame,source,SurfaceMap.CollectYields,4
9,4,DP,source,EraSystem.TickTurn,600
9,4,DP,sink,MinionRoster.TryForge,-236
9,4,DP,sink,MinionEvolution.TryEvolve,-375
9,4,DP,sink,DungeonFeatureManager.TryPlaceTrap,-150
9,4,DP,sink,MinionRoster.TrySummon,-136
9,4,DP,source,AdventurerAI.TakeDamage,166
9,4,Material,source,AdventurerAI.TakeDamage,4
9,4,DP,source,AdventurerAI.ReapEmotion,81
9,4,DP,source,AdventurerAI.GrantReturnReward,572
9,4,Fame,source,AdventurerAI.GrantReturnReward,40
9,4,Fame,source,LureEconomy.OnHeroEscaped,100
9,4,DP,source,Nemesis.OnSlain,454
9,4,Material,source,Nemesis.OnSlain,5
9,4,DP,sink,CommandSystem.TryUse,-1150
9,4,DP,stock,end,142
9,4,Material,stock,end,51
9,4,Fame,stock,end,412
9,5,DP,source,SurfaceMap.CollectYields,18
9,5,Material,source,SurfaceMap.CollectYields,1
9,5,Fame,source,SurfaceMap.CollectYields,4
9,5,DP,source,EraSystem.TickTurn,600
9,5,DP,sink,MinionRoster.TryForge,-212
9,5,DP,sink,MinionEvolution.TryEvolve,-225
9,5,DP,sink,DungeonFeatureManager.TryPlaceTrap,-150
9,5,DP,sink,MinionRoster.TrySummon,-168
9,5,DP,source,AdventurerAI.ReapEmotion,115
9,5,DP,source,AdventurerAI.TakeDamage,378
9,5,Material,source,AdventurerAI.TakeDamage,12
9,5,DP,source,AdventurerAI.GrantReturnReward,474
9,5,Fame,source,AdventurerAI.GrantReturnReward,30
9,5,Fame,source,LureEconomy.OnHeroEscaped,75
9,5,DP,sink,CommandSystem.TryUse,-650
9,5,DP,stock,end,322
9,5,Material,stock,end,64
9,5,Fame,stock,end,521
9,6,DP,source,SurfaceMap.CollectYields,38
9,6,Material,source,SurfaceMap.CollectYields,2
9,6,Fame,source,SurfaceMap.CollectYields,8
9,6,DP,source,EraSystem.TickTurn,600
9,6,Material,source,EraSystem.TickTurn,10
9,6,DP,source,WaveRoster.ResolveTrial,1200
9,6,DP,sink,MinionRoster.TryForge,-212
9,6,DP,sink,DungeonFloorManager.TryAddFloor,-800
9,6,DP,sink,DungeonFloorManager.TryExpandFloor,-800
9,6,DP,sink,DungeonFeatureManager.TryPlaceTrap,-150
9,6,DP,sink,MinionRoster.TrySummon,-185
9,6,DP,source,AdventurerAI.ReapEmotion,175
9,6,DP,source,AdventurerAI.GrantReturnReward,1052
9,6,Fame,source,AdventurerAI.GrantReturnReward,40
9,6,Fame,source,LureEconomy.OnHeroEscaped,100
9,6,DP,sink,CommandSystem.TryUse,-1150
9,6,DP,source,Nemesis.OnSlain,972
9,6,Material,source,Nemesis.OnSlain,10
9,6,DP,source,AdventurerAI.TakeDamage,498
9,6,Material,source,AdventurerAI.TakeDamage,26
9,6,DP,stock,end,1560
9,6,Material,stock,end,112
9,6,Fame,stock,end,669
9,7,DP,source,SurfaceMap.CollectYields,38
9,7,Material,source,SurfaceMap.CollectYields,2
9,7,Fame,source,SurfaceMap.CollectYields,8
9,7,DP,source,EraSystem.TickTurn,1020
9,7,DP,sink,MinionRoster.TryForge,-212
9,7,DP,sink,DungeonFloorManager.TryAddFloor,-2000
9,7,DP,sink,DungeonFeatureManager.TryPlaceTrap,-300
9,7,DP,sink,MinionRoster.TrySummon,-90
9,7,DP,source,AdventurerAI.ReapEmotion,136
9,7,DP,source,AdventurerAI.GrantReturnReward,1263
9,7,Fame,source,AdventurerAI.GrantReturnReward,60
9,7,Fame,source,LureEconomy.OnHeroEscaped,150
9,7,DP,sink,CommandSystem.TryUse,-1600
9,7,DP,source,AdventurerAI.TakeDamage,424
9,7,Material,source,AdventurerAI.TakeDamage,22
9,7,DP,source,Nemesis.OnSlain,502
9,7,Material,source,Nemesis.OnSlain,5
9,7,DP,stock,end,741
9,7,Material,stock,end,141
9,7,Fame,stock,end,887
9,8,DP,source,SurfaceMap.CollectYields,38
9,8,Material,source,SurfaceMap.CollectYields,2
9,8,Fame,source,SurfaceMap.CollectYields,8
9,8,DP,source,EraSystem.TickTurn,600
9,8,DP,sink,MinionRoster.TryForge,-318
9,8,DP,sink,DungeonFloorManager.TryExpandFloor,-400
9,8,DP,sink,MinionEvolution.TryEvolve,-325
9,8,DP,sink,DungeonFeatureManager.TryPlaceTrap,-150
9,8,DP,sink,MinionRoster.TrySummon,-180
9,8,DP,source,AdventurerAI.ReapEmotion,81
9,8,DP,source,AdventurerAI.TakeDamage,1690
9,8,Material,source,AdventurerAI.TakeDamage,59
9,8,DP,sink,CommandSystem.TryUse,-2300
9,8,DP,source,AdventurerAI.GrantReturnReward,1162
9,8,Fame,source,AdventurerAI.GrantReturnReward,60
9,8,Fame,source,LureEconomy.OnHeroEscaped,150
9,8,DP,source,Nemesis.OnSlain,1506
9,8,Material,source,Nemesis.OnSlain,15
9,8,DP,stock,end,2145
9,8,Material,stock,end,217
9,8,Fame,stock,end,1105
9,9,DP,source,SurfaceMap.CollectYields,68
9,9,Material,source,SurfaceMap.CollectYields,3
9,9,Fame,source,SurfaceMap.CollectYields,16
9,9,DP,source,EraSystem.TickTurn,600
9,9,Fame,source,EraSystem.TickTurn,25
9,9,DP,sink,MinionRoster.TryForge,-190
9,9,DP,sink,DungeonFloorManager.TryExpandFloor,-1600
9,9,DP,sink,MinionEvolution.TryEvolve,-700
9,9,DP,sink,DungeonFeatureManager.TryPlaceTrap,-150
9,9,DP,sink,MinionRoster.TrySummon,-162
9,9,DP,source,AdventurerAI.ReapEmotion,146
9,9,DP,source,AdventurerAI.TakeDamage,831
9,9,Material,source,AdventurerAI.TakeDamage,32
9,9,DP,source,AdventurerAI.GrantReturnReward,1130
9,9,Fame,source,AdventurerAI.GrantReturnReward,50
9,9,Fame,source,LureEconomy.OnHeroEscaped,125
9,9,DP,sink,CommandSystem.TryUse,-2150
9,9,DP,source,Nemesis.OnSlain,518
9,9,Material,source,Nemesis.OnSlain,5
9,9,DP,stock,end,486
9,9,Material,stock,end,257
9,9,Fame,stock,end,1321
9,10,DP,source,SurfaceMap.CollectYields,78
9,10,Material,source,SurfaceMap.CollectYields,3
9,10,Fame,source,SurfaceMap.CollectYields,16
9,10,DP,sink,MinionRoster.TryForge,-190
9,10,DP,sink,DungeonFeatureManager.TryPlaceTrap,-150
9,10,DP,sink,MinionRoster.TrySummon,-222
9,10,DP,source,AdventurerAI.ReapEmotion,275
9,10,DP,source,AdventurerAI.GrantReturnReward,1972
9,10,Fame,source,AdventurerAI.GrantReturnReward,90
9,10,Fame,source,LureEconomy.OnHeroEscaped,225
9,10,DP,sink,CommandSystem.TryUse,-2250
9,10,DP,source,AdventurerAI.TakeDamage,541
9,10,Material,source,AdventurerAI.TakeDamage,23
9,10,DP,source,Nemesis.OnSlain,535
9,10,Material,source,Nemesis.OnSlain,5
9,10,DP,stock,end,1075
9,10,Material,stock,end,288
9,10,Fame,stock,end,1652
9,11,DP,source,SurfaceMap.CollectYields,78
9,11,Material,source,SurfaceMap.CollectYields,3
9,11,Fame,source,SurfaceMap.CollectYields,16
9,11,DP,sink,MinionRoster.TryForge,-190
9,11,DP,sink,MinionEvolution.TryEvolve,-250
9,11,DP,sink,MinionRoster.TryEvolveIndividual,-350
9,11,DP,sink,DungeonFeatureManager.TryPlaceTrap,-150
9,11,DP,sink,MinionRoster.TrySummon,-210
9,11,DP,source,AdventurerAI.ReapEmotion,140
9,11,DP,source,AdventurerAI.TakeDamage,609
9,11,Material,source,AdventurerAI.TakeDamage,16
9,11,DP,source,AdventurerAI.GrantReturnReward,2635
9,11,Fame,source,AdventurerAI.GrantReturnReward,100
9,11,Fame,source,LureEconomy.OnHeroEscaped,250
9,11,DP,sink,CommandSystem.TryUse,-1150
9,11,DP,source,Nemesis.OnSlain,551
9,11,Material,source,Nemesis.OnSlain,5
9,11,DP,stock,end,2788
9,11,Material,stock,end,312
9,11,Fame,stock,end,2018
9,12,DP,source,SurfaceMap.CollectYields,106
9,12,Material,source,SurfaceMap.CollectYields,4
9,12,Fame,source,SurfaceMap.CollectYields,22
9,12,DP,source,DistrictCatalog.Collect,112
9,12,DP,source,EraSystem.TickTurn,300
9,12,DP,sink,MinionRoster.TryForge,-190
9,12,DP,sink,DungeonFloorManager.TryExpandFloor,-800
9,12,DP,sink,MinionEvolution.TryEvolve,-550
9,12,DP,sink,MinionRoster.TryEvolveIndividual,-1400
9,12,DP,sink,DungeonFeatureManager.TryPlaceTrap,-150
9,12,DP,sink,MinionRoster.TrySummon,-204
9,12,DP,source,AdventurerAI.ReapEmotion,141
9,12,DP,source,AdventurerAI.GrantReturnReward,1146
9,12,Fame,source,AdventurerAI.GrantReturnReward,70
9,12,Fame,source,LureEconomy.OnHeroEscaped,175
9,12,DP,sink,CommandSystem.TryUse,-1150
9,12,DP,source,Nemesis.OnSlain,796
9,12,Material,source,Nemesis.OnSlain,7
9,12,DP,source,AdventurerAI.TakeDamage,287
9,12,Material,source,AdventurerAI.TakeDamage,49
9,12,DP,stock,end,1232
9,12,Material,stock,end,372
9,12,Fame,stock,end,2285
9,13,DP,source,SurfaceMap.CollectYields,80
9,13,Material,source,SurfaceMap.CollectYields,4
9,13,Fame,source,SurfaceMap.CollectYields,18
9,13,DP,source,DistrictCatalog.Collect,112
9,13,DP,sink,MinionRoster.TryForge,-475
9,13,DP,sink,MinionRoster.TryEvolveIndividual,-550
9,13,DP,sink,DungeonFeatureManager.TryPlaceTrap,-150
9,13,DP,sink,MinionRoster.TrySummon,-230
9,13,DP,source,AdventurerAI.ReapEmotion,148
9,13,DP,source,AdventurerAI.TakeDamage,909
9,13,Material,source,AdventurerAI.TakeDamage,22
9,13,DP,source,AdventurerAI.GrantReturnReward,2397
9,13,Fame,source,AdventurerAI.GrantReturnReward,110
9,13,Fame,source,LureEconomy.OnHeroEscaped,275
9,13,DP,sink,CommandSystem.TryUse,-1600
9,13,DP,stock,end,1873
9,13,Material,stock,end,398
9,13,Fame,stock,end,2688
9,14,DP,source,SurfaceMap.CollectYields,80
9,14,Material,source,SurfaceMap.CollectYields,4
9,14,Fame,source,SurfaceMap.CollectYields,18
9,14,DP,source,DistrictCatalog.Collect,126
9,14,DP,source,EraSystem.TickTurn,1020
9,14,DP,sink,MinionRoster.TryForge,-598
9,14,DP,sink,DungeonFloorManager.TryExpandFloor,-1500
9,14,DP,sink,MinionRoster.TryEvolveIndividual,-550
9,14,DP,sink,DungeonFeatureManager.TryPlaceTrap,-300
9,14,DP,sink,MinionRoster.TrySummon,-128
9,14,DP,source,AdventurerAI.TakeDamage,1313
9,14,Material,source,AdventurerAI.TakeDamage,30
9,14,DP,source,AdventurerAI.ReapEmotion,439
9,14,DP,sink,CommandSystem.TryUse,-2150
9,14,DP,source,AdventurerAI.GrantReturnReward,3766
9,14,Fame,source,AdventurerAI.GrantReturnReward,120
9,14,Fame,source,LureEconomy.OnHeroEscaped,300
9,14,DP,source,Nemesis.OnSlain,583
9,14,Material,source,Nemesis.OnSlain,5
9,14,DP,stock,end,3974
9,14,Material,stock,end,437
9,14,Fame,stock,end,3126
9,15,DP,source,SurfaceMap.CollectYields,80
9,15,Material,source,SurfaceMap.CollectYields,4
9,15,Fame,source,SurfaceMap.CollectYields,18
9,15,DP,source,DistrictCatalog.Collect,126
9,15,DP,sink,MinionRoster.TryForge,-2012
9,15,DP,sink,DungeonFloorManager.TryExpandFloor,-1500
9,15,DP,sink,MinionRoster.TryEvolveIndividual,-250
9,15,DP,sink,DungeonFeatureManager.TryPlaceTrap,-150
9,15,DP,sink,MinionRoster.TrySummon,-266
9,15,DP,source,AdventurerAI.ReapEmotion,316
9,15,DP,sink,CommandSystem.TryUse,-2250
9,15,Fame,source,AdventurerAI.GrantReturnReward,80
9,15,Fame,source,LureEconomy.OnHeroEscaped,200
9,15,DP,source,AdventurerAI.GrantReturnReward,999
9,15,DP,source,AdventurerAI.TakeDamage,3896
9,15,Material,source,AdventurerAI.TakeDamage,91
9,15,DP,source,Nemesis.OnSlain,1435
9,15,Material,source,Nemesis.OnSlain,12
9,15,DP,stock,end,4398
9,15,Material,stock,end,544
9,15,Fame,stock,end,3424
9,16,DP,source,SurfaceMap.CollectYields,80
9,16,Material,source,SurfaceMap.CollectYields,4
9,16,Fame,source,SurfaceMap.CollectYields,18
9,16,DP,source,DistrictCatalog.Collect,126
9,16,DP,source,EraSystem.TickTurn,300
9,16,DP,sink,MinionRoster.TryForge,-4474
9,16,DP,sink,DungeonFeatureManager.TryPlaceTrap,-150
9,16,DP,sink,MinionRoster.TrySummon,-278
9,16,DP,source,AdventurerAI.ReapEmotion,269
9,16,DP,source,AdventurerAI.TakeDamage,872
9,16,Material,source,AdventurerAI.TakeDamage,18
9,16,DP,sink,CommandSystem.TryUse,-3400
9,16,DP,source,AdventurerAI.GrantReturnReward,3171
9,16,Fame,source,AdventurerAI.GrantReturnReward,230
9,16,Fame,source,LureEconomy.OnHeroEscaped,575
9,16,DP,stock,end,914
9,16,Material,stock,end,566
9,16,Fame,stock,end,4247
9,17,DP,source,SurfaceMap.CollectYields,100
9,17,Material,source,SurfaceMap.CollectYields,5
9,17,Fame,source,SurfaceMap.CollectYields,22
9,17,DP,source,DistrictCatalog.Collect,126
9,17,DP,source,EraSystem.TickTurn,720
9,17,DP,sink,MinionRoster.TryForge,-1414
9,17,DP,sink,DungeonFeatureManager.TryPlaceTrap,-150
9,17,DP,sink,MinionRoster.TrySummon,-289
9,17,DP,source,AdventurerAI.ReapEmotion,306
9,17,DP,source,AdventurerAI.GrantReturnReward,4191
9,17,Fame,source,AdventurerAI.GrantReturnReward,150
9,17,Fame,source,LureEconomy.OnHeroEscaped,375
9,17,DP,sink,CommandSystem.TryUse,-5200
9,17,DP,source,AdventurerAI.TakeDamage,4724
9,17,Material,source,AdventurerAI.TakeDamage,75
9,17,DP,source,Nemesis.OnSlain,1255
9,17,Material,source,Nemesis.OnSlain,9
9,17,DP,stock,end,5283
9,17,Material,stock,end,655
9,17,Fame,stock,end,4794
9,18,DP,source,SurfaceMap.CollectYields,100
9,18,Material,source,SurfaceMap.CollectYields,5
9,18,Fame,source,SurfaceMap.CollectYields,22
9,18,DP,source,DistrictCatalog.Collect,140
9,18,DP,sink,MinionRoster.TryForge,-190
9,18,DP,sink,DungeonFloorManager.TryAddFloor,-5000
9,18,DP,sink,DungeonFeatureManager.TryPlaceTrap,-150
9,18,DP,sink,MinionRoster.TrySummon,-171
9,18,DP,source,AdventurerAI.ReapEmotion,203
9,18,DP,source,AdventurerAI.GrantReturnReward,4542
9,18,Fame,source,AdventurerAI.GrantReturnReward,180
9,18,Fame,source,LureEconomy.OnHeroEscaped,450
9,18,DP,sink,CommandSystem.TryUse,-4450
9,18,DP,source,AdventurerAI.TakeDamage,1978
9,18,Material,source,AdventurerAI.TakeDamage,307
9,18,DP,source,Nemesis.OnSlain,898
9,18,Material,source,Nemesis.OnSlain,7
9,18,DP,stock,end,3183
9,18,Material,stock,end,974
9,18,Fame,stock,end,5446
9,19,DP,source,SurfaceMap.CollectYields,121
9,19,Material,source,SurfaceMap.CollectYields,6
9,19,Fame,source,SurfaceMap.CollectYields,27
9,19,DP,source,DistrictCatalog.Collect,140
9,19,DP,sink,MinionRoster.TryForge,-2353
9,19,DP,sink,DungeonFloorManager.TryExpandFloor,-400
9,19,DP,sink,DungeonFeatureManager.TryPlaceTrap,-450
9,19,DP,sink,MinionRoster.TrySummon,-228
9,19,DP,source,AdventurerAI.ReapEmotion,317
9,19,DP,sink,CommandSystem.TryUse,-5200
9,19,DP,source,AdventurerAI.TakeDamage,4170
9,19,Material,source,AdventurerAI.TakeDamage,273
9,19,DP,source,AdventurerAI.GrantReturnReward,6375
9,19,Fame,source,AdventurerAI.GrantReturnReward,230
9,19,Fame,source,LureEconomy.OnHeroEscaped,575
9,19,DP,stock,end,5675
9,19,Material,stock,end,1253
9,19,Fame,stock,end,6278
9,20,DP,source,SurfaceMap.CollectYields,121
9,20,Material,source,SurfaceMap.CollectYields,6
9,20,Fame,source,SurfaceMap.CollectYields,27
9,20,DP,source,DistrictCatalog.Collect,154
9,20,DP,sink,MinionRoster.TryForge,-4027
9,20,DP,sink,DungeonFloorManager.TryExpandFloor,-800
9,20,DP,sink,MinionRoster.TryEvolveIndividual,-325
9,20,DP,sink,DungeonFeatureManager.TryPlaceTrap,-600
9,20,DP,sink,MinionRoster.TrySummon,-176
9,20,DP,source,AdventurerAI.ReapEmotion,415
9,20,DP,sink,CommandSystem.TryUse,-2250
9,20,DP,source,AdventurerAI.GrantReturnReward,3689
9,20,Fame,source,AdventurerAI.GrantReturnReward,270
9,20,Fame,source,LureEconomy.OnHeroEscaped,675
9,20,DP,source,AdventurerAI.TakeDamage,1540
9,20,Material,source,AdventurerAI.TakeDamage,36
9,20,DP,source,Nemesis.OnSlain,664
9,20,Material,source,Nemesis.OnSlain,5
9,20,DP,stock,end,4080
9,20,Material,stock,end,1300
9,20,Fame,stock,end,7250
9,21,DP,source,SurfaceMap.CollectYields,160
9,21,Material,source,SurfaceMap.CollectYields,6
9,21,Fame,source,SurfaceMap.CollectYields,33
9,21,DP,source,DistrictCatalog.Collect,168
9,21,DP,sink,MinionRoster.TryForge,-3646
9,21,DP,sink,DungeonFeatureManager.TryPlaceTrap,-600
9,21,DP,sink,MinionRoster.TrySummon,-150
9,21,DP,source,AdventurerAI.ReapEmotion,261
9,21,DP,source,AdventurerAI.TakeDamage,3099
9,21,Material,source,AdventurerAI.TakeDamage,30
9,21,DP,sink,CommandSystem.TryUse,-4900
9,21,Fame,source,AdventurerAI.GrantReturnReward,230
9,21,Fame,source,LureEconomy.OnHeroEscaped,575
9,21,DP,source,AdventurerAI.GrantReturnReward,9814
9,21,DP,stock,end,8286
9,21,Material,stock,end,1336
9,21,Fame,stock,end,8088
9,22,DP,source,SurfaceMap.CollectYields,186
9,22,Material,source,SurfaceMap.CollectYields,7
9,22,Fame,source,SurfaceMap.CollectYields,38
9,22,DP,source,DistrictCatalog.Collect,168
9,22,DP,sink,MinionRoster.TryForge,-7837
9,22,DP,sink,MinionRoster.TryEvolveIndividual,-250
9,22,DP,sink,DungeonFeatureManager.TryPlaceTrap,-300
9,22,DP,sink,MinionRoster.TrySummon,-252
9,22,DP,source,AdventurerAI.ReapEmotion,148
9,22,DP,source,AdventurerAI.GrantReturnReward,5654
9,22,Fame,source,AdventurerAI.GrantReturnReward,180
9,22,Fame,source,LureEconomy.OnHeroEscaped,450
9,22,DP,source,AdventurerAI.TakeDamage,8050
9,22,Material,source,AdventurerAI.TakeDamage,403
9,22,DP,sink,CommandSystem.TryUse,-4800
9,22,DP,source,Nemesis.OnSlain,2656
9,22,Material,source,Nemesis.OnSlain,18
9,22,DP,stock,end,11709
9,22,Material,stock,end,1764
9,22,Fame,stock,end,8756
9,23,DP,source,SurfaceMap.CollectYields,186
9,23,Material,source,SurfaceMap.CollectYields,7
9,23,Fame,source,SurfaceMap.CollectYields,38
9,23,DP,source,DistrictCatalog.Collect,168
9,23,DP,sink,MinionRoster.TryForge,-10494
9,23,DP,sink,MinionRoster.TryEvolveIndividual,-325
9,23,Material,sink,MinionRoster.TryForge,-22
9,23,DP,sink,DungeonFeatureManager.TryPlaceTrap,-1050
9,23,DP,sink,MinionRoster.TrySummon,-189
9,23,DP,source,AdventurerAI.ReapEmotion,423
9,23,DP,sink,CommandSystem.TryUse,-5500
9,23,DP,source,AdventurerAI.GrantReturnReward,8193
9,23,Fame,source,AdventurerAI.GrantReturnReward,240
9,23,Fame,source,LureEconomy.OnHeroEscaped,600
9,23,DP,source,AdventurerAI.TakeDamage,4432
9,23,Material,source,AdventurerAI.TakeDamage,417
9,23,DP,stock,end,7553
9,23,Material,stock,end,2166
9,23,Fame,stock,end,9634
9,24,DP,source,SurfaceMap.CollectYields,186
9,24,Material,source,SurfaceMap.CollectYields,7
9,24,Fame,source,SurfaceMap.CollectYields,38
9,24,DP,source,DistrictCatalog.Collect,140
9,24,DP,sink,MinionRoster.TryForge,-168
9,24,DP,sink,MinionEvolution.TryEvolve,-4900
9,24,DP,sink,MinionRoster.TryEvolveIndividual,-2500
9,24,DP,sink,DungeonFeatureManager.TryPlaceTrap,-150
9,24,DP,sink,MinionRoster.TrySummon,-158
9,24,DP,source,IncidentSystem.Apply,600
9,24,DP,sink,CommandSystem.TryUse,-5100
9,24,DP,source,AdventurerAI.ReapEmotion,446
9,24,DP,source,AdventurerAI.GrantReturnReward,5308
9,24,Fame,source,AdventurerAI.GrantReturnReward,110
9,24,Fame,source,LureEconomy.OnHeroEscaped,275
9,24,DP,source,AdventurerAI.TakeDamage,7439
9,24,Material,source,AdventurerAI.TakeDamage,110
9,24,DP,source,Nemesis.OnSlain,2426
9,24,Material,source,Nemesis.OnSlain,17
9,24,DP,stock,end,11122
9,24,Material,stock,end,2300
9,24,Fame,stock,end,10057
9,25,DP,source,SurfaceMap.CollectYields,152
9,25,Material,source,SurfaceMap.CollectYields,7
9,25,Fame,source,SurfaceMap.CollectYields,31
9,25,DP,source,DistrictCatalog.Collect,28
9,25,DP,source,EraSystem.TickTurn,3840
9,25,DP,sink,MinionRoster.TryForge,-168
9,25,DP,sink,DungeonFloorManager.TryAddFloor,-12500
9,25,DP,sink,DungeonFloorManager.TryExpandFloor,-400
9,25,DP,sink,MinionRoster.TryEvolveIndividual,-1725
9,25,DP,sink,DungeonFeatureManager.TryPlaceTrap,-150
9,25,DP,sink,MinionRoster.TrySummon,-195
9,25,DP,source,AdventurerAI.ReapEmotion,426
9,25,DP,sink,CommandSystem.TryUse,-4900
9,25,DP,source,AdventurerAI.GrantReturnReward,10744
9,25,Fame,source,AdventurerAI.GrantReturnReward,430
9,25,Fame,source,LureEconomy.OnHeroEscaped,1075
9,25,DP,source,AdventurerAI.TakeDamage,2246
9,25,Material,source,AdventurerAI.TakeDamage,330
9,25,DP,stock,end,8520
9,25,Material,stock,end,2637
9,25,Fame,stock,end,11593
9,26,DP,source,SurfaceMap.CollectYields,176
9,26,Material,source,SurfaceMap.CollectYields,8
9,26,Fame,source,SurfaceMap.CollectYields,36
9,26,DP,source,DistrictCatalog.Collect,28
9,26,DP,source,EraSystem.TickTurn,6528
9,26,DP,sink,MinionRoster.TryForge,-1932
9,26,DP,sink,DungeonFloorManager.TryExpandFloor,-5300
9,26,DP,sink,MinionRoster.TryEvolveIndividual,-7500
9,26,DP,sink,DungeonFeatureManager.TryPlaceTrap,-300
9,26,DP,sink,MinionRoster.TrySummon,-198
9,26,DP,source,AdventurerAI.ReapEmotion,236
9,26,DP,source,AdventurerAI.GrantReturnReward,13515
9,26,Fame,source,AdventurerAI.GrantReturnReward,380
9,26,Fame,source,LureEconomy.OnHeroEscaped,950
9,26,DP,sink,CommandSystem.TryUse,-4800
9,26,DP,source,AdventurerAI.TakeDamage,5603
9,26,Material,source,AdventurerAI.TakeDamage,216
9,26,DP,source,Nemesis.OnSlain,745
9,26,Material,source,Nemesis.OnSlain,5
9,26,DP,stock,end,15321
9,26,Material,stock,end,2866
9,26,Fame,stock,end,12959
9,27,DP,source,SurfaceMap.CollectYields,176
9,27,Material,source,SurfaceMap.CollectYields,8
9,27,Fame,source,SurfaceMap.CollectYields,36
9,27,DP,source,DistrictCatalog.Collect,28
9,27,DP,source,EraSystem.TickTurn,3840
9,27,DP,sink,MinionRoster.TryForge,-8412
9,27,DP,sink,DungeonFloorManager.TryExpandFloor,-7500
9,27,DP,sink,MinionRoster.TryEvolveIndividual,-2425
9,27,Material,sink,MinionRoster.TryForge,-8
9,27,DP,sink,DungeonFeatureManager.TryPlaceTrap,-750
9,27,DP,sink,MinionRoster.TrySummon,-264
9,27,DP,source,AdventurerAI.ReapEmotion,350
9,27,DP,sink,CommandSystem.TryUse,-6050
9,27,Fame,source,AdventurerAI.GrantReturnReward,310
9,27,Fame,source,LureEconomy.OnHeroEscaped,775
9,27,DP,source,AdventurerAI.GrantReturnReward,14042
9,27,DP,source,AdventurerAI.TakeDamage,11673
9,27,Material,source,AdventurerAI.TakeDamage,151
9,27,DP,stock,end,20029
9,27,Material,stock,end,3017
9,27,Fame,stock,end,14080
9,28,DP,source,SurfaceMap.CollectYields,155
9,28,Material,source,SurfaceMap.CollectYields,7
9,28,Fame,source,SurfaceMap.CollectYields,32
9,28,DP,source,DistrictCatalog.Collect,28
9,28,DP,source,EraSystem.TickTurn,3840
9,28,DP,sink,MinionRoster.TryForge,-17730
9,28,DP,sink,DungeonFloorManager.TryExpandFloor,-5000
9,28,DP,sink,MinionRoster.TryEvolveIndividual,-325
9,28,Material,sink,MinionRoster.TryForge,-58
9,28,DP,sink,DungeonFeatureManager.TryPlaceTrap,-750
9,28,DP,sink,MinionRoster.TrySummon,-242
9,28,DP,source,AdventurerAI.ReapEmotion,374
9,28,DP,sink,CommandSystem.TryUse,-5100
9,28,DP,source,AdventurerAI.GrantReturnReward,12771
9,28,Fame,source,AdventurerAI.GrantReturnReward,440
9,28,Fame,source,LureEconomy.OnHeroEscaped,1100
9,28,DP,source,AdventurerAI.TakeDamage,11347
9,28,Material,source,AdventurerAI.TakeDamage,262
9,28,DP,source,Nemesis.OnSlain,1061
9,28,Material,source,Nemesis.OnSlain,7
9,28,DP,stock,end,20458
9,28,Material,stock,end,3235
9,28,Fame,stock,end,15652
9,29,DP,source,SurfaceMap.CollectYields,155
9,29,Material,source,SurfaceMap.CollectYields,7
9,29,Fame,source,SurfaceMap.CollectYields,32
9,29,DP,source,DistrictCatalog.Collect,28
9,29,DP,source,EraSystem.TickTurn,6528
9,29,DP,sink,MinionRoster.TryForge,-24480
9,29,DP,sink,MinionRoster.TryEvolveIndividual,-875
9,29,Material,sink,MinionRoster.TryForge,-128
9,29,DP,sink,DungeonFeatureManager.TryPlaceTrap,-1650
9,29,DP,sink,MinionRoster.TrySummon,-138
9,29,DP,source,AdventurerAI.ReapEmotion,322
9,29,DP,source,AdventurerAI.TakeDamage,12686
9,29,Material,source,AdventurerAI.TakeDamage,188
9,29,DP,sink,CommandSystem.TryUse,-6050
9,29,DP,source,AdventurerAI.GrantReturnReward,13179
9,29,Fame,source,AdventurerAI.GrantReturnReward,380
9,29,Fame,source,LureEconomy.OnHeroEscaped,950
9,29,DP,stock,end,20163
9,29,Material,stock,end,3302
9,29,Fame,stock,end,17014
9,30,DP,source,SurfaceMap.CollectYields,155
9,30,Material,source,SurfaceMap.CollectYields,7
9,30,Fame,source,SurfaceMap.CollectYields,32
9,30,DP,source,DistrictCatalog.Collect,28
9,30,DP,source,EraSystem.TickTurn,3840
9,30,Material,source,EraSystem.TickTurn,64
9,30,DP,sink,MinionRoster.TryForge,-22500
9,30,DP,sink,MinionRoster.TryEvolveIndividual,-225
9,30,Material,sink,MinionRoster.TryForge,-172
9,30,DP,sink,DungeonFeatureManager.TryPlaceTrap,-1200
9,30,DP,sink,MinionRoster.TrySummon,-242
9,30,DP,source,AdventurerAI.ReapEmotion,742
9,30,DP,sink,CommandSystem.TryUse,-6400
9,30,DP,source,AdventurerAI.GrantReturnReward,22926
9,30,Fame,source,AdventurerAI.GrantReturnReward,560
9,30,Fame,source,LureEconomy.OnHeroEscaped,1400
9,30,DP,source,AdventurerAI.TakeDamage,10576
9,30,Material,source,AdventurerAI.TakeDamage,136
9,30,DP,stock,end,27863
9,30,Material,stock,end,3337
9,30,Fame,stock,end,19006
9,31,DP,source,SurfaceMap.CollectYields,176
9,31,Material,source,SurfaceMap.CollectYields,9
9,31,Fame,source,SurfaceMap.CollectYields,36
9,31,DP,source,DistrictCatalog.Collect,28
9,31,DP,source,EraSystem.TickTurn,6528
9,31,Material,source,EraSystem.TickTurn,37
9,31,DP,sink,MinionRoster.TryForge,-168
9,31,DP,sink,DungeonFloorManager.TryAddFloor,-31250
9,31,DP,sink,DungeonFloorManager.TryExpandFloor,-2700
9,31,DP,sink,DungeonFeatureManager.TryPlaceTrap,-300
9,31,DP,sink,MinionRoster.TrySummon,-172
9,31,DP,source,AdventurerAI.ReapEmotion,737
9,31,DP,sink,CommandSystem.TryUse,-4050
9,31,DP,source,AdventurerAI.TakeDamage,8466
9,31,Material,source,AdventurerAI.TakeDamage,158
9,31,DP,source,AdventurerAI.GrantReturnReward,18859
9,31,Fame,source,AdventurerAI.GrantReturnReward,470
9,31,Fame,source,LureEconomy.OnHeroEscaped,1175
9,31,DP,stock,end,24017
9,31,Material,stock,end,3541
9,31,Fame,stock,end,20687
9,32,DP,source,SurfaceMap.CollectYields,176
9,32,Material,source,SurfaceMap.CollectYields,9
9,32,Fame,source,SurfaceMap.CollectYields,36
9,32,DP,source,DistrictCatalog.Collect,28
9,32,DP,source,EraSystem.TickTurn,6528
9,32,Fame,source,EraSystem.TickTurn,272
9,32,DP,sink,MinionRoster.TryForge,-25632
9,32,DP,sink,DungeonFloorManager.TryExpandFloor,-2500
9,32,DP,sink,MinionRoster.TryEvolveIndividual,-1000
9,32,Material,sink,MinionRoster.TryForge,-184
9,32,DP,sink,DungeonFeatureManager.TryPlaceTrap,-1350
9,32,DP,sink,MinionRoster.TrySummon,-252
9,32,DP,source,AdventurerAI.ReapEmotion,578
9,32,DP,sink,CommandSystem.TryUse,-4450
9,32,DP,source,AdventurerAI.TakeDamage,23556
9,32,Material,source,AdventurerAI.TakeDamage,497
9,32,DP,source,AdventurerAI.GrantReturnReward,16436
9,32,Fame,source,AdventurerAI.GrantReturnReward,310
9,32,Fame,source,LureEconomy.OnHeroEscaped,775
9,32,DP,stock,end,36135
9,32,Material,stock,end,3863
9,32,Fame,stock,end,22080
9,33,DP,source,SurfaceMap.CollectYields,176
9,33,Material,source,SurfaceMap.CollectYields,9
9,33,Fame,source,SurfaceMap.CollectYields,36
9,33,DP,source,DistrictCatalog.Collect,28
9,33,DP,source,EraSystem.TickTurn,1920
9,33,DP,sink,MinionRoster.TryForge,-35340
9,33,DP,sink,MinionRoster.TryEvolveIndividual,-775
9,33,Material,sink,MinionRoster.TryForge,-314
9,33,DP,sink,DungeonFeatureManager.TryPlaceTrap,-1950
9,33,DP,sink,MinionRoster.TrySummon,-188
9,33,DP,source,AdventurerAI.ReapEmotion,777
9,33,DP,sink,CommandSystem.TryUse,-6050
9,33,DP,source,AdventurerAI.TakeDamage,17920
9,33,Material,source,AdventurerAI.TakeDamage,255
9,33,DP,source,AdventurerAI.GrantReturnReward,24558
9,33,Fame,source,AdventurerAI.GrantReturnReward,500
9,33,Fame,source,LureEconomy.OnHeroEscaped,1250
9,33,DP,stock,end,37211
9,33,Material,stock,end,3813
9,33,Fame,stock,end,23866
9,34,DP,source,SurfaceMap.CollectYields,176
9,34,Material,source,SurfaceMap.CollectYields,9
9,34,Fame,source,SurfaceMap.CollectYields,36
9,34,DP,source,DistrictCatalog.Collect,28
9,34,DP,sink,MinionRoster.TryForge,-35460
9,34,DP,sink,MinionRoster.TryEvolveIndividual,-250
9,34,Material,sink,MinionRoster.TryForge,-380
9,34,DP,sink,DungeonFeatureManager.TryPlaceTrap,-1500
9,34,DP,sink,MinionRoster.TrySummon,-188
9,34,DP,source,AdventurerAI.ReapEmotion,346
9,34,DP,sink,CommandSystem.TryUse,-5200
9,34,DP,source,AdventurerAI.GrantReturnReward,29392
9,34,Fame,source,AdventurerAI.GrantReturnReward,630
9,34,Fame,source,LureEconomy.OnHeroEscaped,1575
9,34,DP,source,AdventurerAI.TakeDamage,36491
9,34,Material,source,AdventurerAI.TakeDamage,738
9,34,DP,stock,end,61046
9,34,Material,stock,end,4180
9,34,Fame,stock,end,26107
9,35,DP,source,SurfaceMap.CollectYields,176
9,35,Material,source,SurfaceMap.CollectYields,9
9,35,Fame,source,SurfaceMap.CollectYields,36
9,35,DP,source,DistrictCatalog.Collect,28
9,35,DP,sink,MinionRoster.TryForge,-54180
9,35,DP,sink,MinionRoster.TryEvolveIndividual,-650
9,35,Material,sink,MinionRoster.TryForge,-596
9,35,DP,sink,DungeonFeatureManager.TryPlaceTrap,-3600
9,35,DP,sink,MinionRoster.TrySummon,-2800
9,35,DP,source,AdventurerAI.ReapEmotion,1245
9,35,DP,sink,CommandSystem.TryUse,-5250
9,35,DP,source,AdventurerAI.GrantReturnReward,30173
9,35,Fame,source,AdventurerAI.GrantReturnReward,570
9,35,Fame,source,LureEconomy.OnHeroEscaped,1425
9,35,DP,source,AdventurerAI.TakeDamage,21370
9,35,Material,source,AdventurerAI.TakeDamage,465
9,35,DP,stock,end,47558
9,35,Material,stock,end,4058
9,35,Fame,stock,end,28138
9,36,DP,source,SurfaceMap.CollectYields,176
9,36,Material,source,SurfaceMap.CollectYields,9
9,36,Fame,source,SurfaceMap.CollectYields,36
9,36,DP,source,DistrictCatalog.Collect,28
9,36,DP,sink,MinionRoster.TryForge,-20328
9,36,DP,sink,MinionRoster.TryEvolveIndividual,-725
9,36,Material,sink,MinionRoster.TryForge,-116
9,36,DP,sink,DungeonFeatureManager.TryPlaceTrap,-3750
9,36,DP,sink,MinionRoster.TrySummon,-22784
9,36,DP,source,AdventurerAI.ReapEmotion,246
9,36,DP,sink,CommandSystem.TryUse,-5000
9,36,DP,source,AdventurerAI.GrantReturnReward,19784
9,36,Fame,source,AdventurerAI.GrantReturnReward,320
9,36,Fame,source,LureEconomy.OnHeroEscaped,800
9,36,DP,source,AdventurerAI.TakeDamage,27049
9,36,Material,source,AdventurerAI.TakeDamage,759
9,36,DP,source,Nemesis.OnSlain,2937
9,36,Material,source,Nemesis.OnSlain,15
9,36,DP,stock,end,45191
9,36,Material,stock,end,4725
9,36,Fame,stock,end,29294
9,37,DP,source,SurfaceMap.CollectYields,176
9,37,Material,source,SurfaceMap.CollectYields,9
9,37,Fame,source,SurfaceMap.CollectYields,36
9,37,DP,source,DistrictCatalog.Collect,28
9,37,DP,sink,MinionRoster.TryForge,-5352
9,37,DP,sink,DungeonFeatureManager.TryPlaceTrap,-3750
9,37,DP,sink,MinionRoster.TrySummon,-36013
9,37,DP,source,AdventurerAI.ReapEmotion,435
9,37,DP,sink,CommandSystem.TryUse,-4100
9,37,DP,source,AdventurerAI.TakeDamage,42962
9,37,Material,source,AdventurerAI.TakeDamage,76215
9,37,DP,source,AdventurerAI.GrantReturnReward,16603
9,37,Fame,source,AdventurerAI.GrantReturnReward,130
9,37,Fame,source,LureEconomy.OnHeroEscaped,325
9,37,DP,source,Nemesis.OnSlain,8556
9,37,Material,source,Nemesis.OnSlain,34
9,37,DP,stock,end,64736
9,37,Material,stock,end,80983
9,37,Fame,stock,end,29785
9,38,DP,source,SurfaceMap.CollectYields,176
9,38,Material,source,SurfaceMap.CollectYields,9
9,38,Fame,source,SurfaceMap.CollectYields,36
9,38,DP,source,DistrictCatalog.Collect,28
9,38,DP,sink,MinionRoster.TryForge,-9744
9,38,DP,sink,DungeonFeatureManager.TryPlaceTrap,-2400
9,38,DP,sink,MinionRoster.TrySummon,-52765
9,38,DP,source,AdventurerAI.ReapEmotion,599
9,38,DP,sink,CommandSystem.TryUse,-5600
9,38,DP,source,AdventurerAI.TakeDamage,30718
9,38,Material,source,AdventurerAI.TakeDamage,768
9,38,DP,source,AdventurerAI.GrantReturnReward,25819
9,38,Fame,source,AdventurerAI.GrantReturnReward,320
9,38,Fame,source,LureEconomy.OnHeroEscaped,800
9,38,DP,source,Nemesis.OnSlain,891
9,38,Material,source,Nemesis.OnSlain,6
9,38,DP,stock,end,52458
9,38,Material,stock,end,81766
9,38,Fame,stock,end,30941
9,39,DP,source,SurfaceMap.CollectYields,180
9,39,Material,source,SurfaceMap.CollectYields,9
9,39,Fame,source,SurfaceMap.CollectYields,37
9,39,DP,source,DistrictCatalog.Collect,28
9,39,DP,sink,MinionRoster.TryForge,-17856
9,39,Material,sink,MinionRoster.TryForge,-32
9,39,DP,sink,MinionRoster.TrySummon,-34774
9,39,DP,source,AdventurerAI.ReapEmotion,554
9,39,DP,sink,CommandSystem.TryUse,-4450
9,39,DP,source,AdventurerAI.GrantReturnReward,26978
9,39,Fame,source,AdventurerAI.GrantReturnReward,350
9,39,Fame,source,LureEconomy.OnHeroEscaped,875
9,39,DP,source,AdventurerAI.TakeDamage,32661
9,39,Material,source,AdventurerAI.TakeDamage,707
9,39,DP,stock,end,55779
9,39,Material,stock,end,82450
9,39,Fame,stock,end,32203
9,40,DP,source,SurfaceMap.CollectYields,180
9,40,Material,source,SurfaceMap.CollectYields,9
9,40,Fame,source,SurfaceMap.CollectYields,37
9,40,DP,source,DistrictCatalog.Collect,28
9,40,DP,sink,MinionRoster.TryForge,-30960
9,40,Material,sink,MinionRoster.TryForge,-192
9,40,DP,sink,MinionRoster.TrySummon,-25002
9,40,DP,source,AdventurerAI.ReapEmotion,951
9,40,DP,source,AdventurerAI.GrantReturnReward,28259
9,40,Fame,source,AdventurerAI.GrantReturnReward,260
9,40,Fame,source,LureEconomy.OnHeroEscaped,650
9,40,DP,sink,CommandSystem.TryUse,-5550
9,40,DP,source,AdventurerAI.TakeDamage,50173
9,40,Material,source,AdventurerAI.TakeDamage,624
9,40,DP,source,Nemesis.OnSlain,923
9,40,Material,source,Nemesis.OnSlain,6
9,40,DP,stock,end,74781
9,40,Material,stock,end,82897
9,40,Fame,stock,end,33150
9,41,DP,source,SurfaceMap.CollectYields,180
9,41,Material,source,SurfaceMap.CollectYields,9
9,41,Fame,source,SurfaceMap.CollectYields,37
9,41,DP,source,DistrictCatalog.Collect,28
9,41,DP,sink,MinionRoster.TryForge,-52320
9,41,Material,sink,MinionRoster.TryForge,-536
9,41,DP,sink,MinionRoster.TrySummon,-22655
9,41,DP,source,AdventurerAI.ReapEmotion,485
9,41,DP,sink,CommandSystem.TryUse,-6050
9,41,DP,source,AdventurerAI.TakeDamage,61142
9,41,Material,source,AdventurerAI.TakeDamage,552
9,41,DP,source,AdventurerAI.GrantReturnReward,33541
9,41,Fame,source,AdventurerAI.GrantReturnReward,500
9,41,Fame,source,LureEconomy.OnHeroEscaped,1250
9,41,DP,source,Nemesis.OnSlain,1265
9,41,Material,source,Nemesis.OnSlain,8
9,41,DP,stock,end,90397
9,41,Material,stock,end,82930
9,41,Fame,stock,end,34937
9,42,DP,source,SurfaceMap.CollectYields,180
9,42,Material,source,SurfaceMap.CollectYields,9
9,42,Fame,source,SurfaceMap.CollectYields,37
9,42,DP,source,DistrictCatalog.Collect,28
9,42,DP,source,EraSystem.TickTurn,1920
9,42,DP,sink,MinionRoster.TryForge,-65520
9,42,Material,sink,MinionRoster.TryForge,-756
9,42,DP,sink,MinionRoster.TrySummon,-26987
9,42,DP,source,AdventurerAI.ReapEmotion,328
9,42,DP,sink,CommandSystem.TryUse,-4900
9,42,DP,source,AdventurerAI.TakeDamage,41410
9,42,Material,source,AdventurerAI.TakeDamage,6679
9,42,DP,source,AdventurerAI.GrantReturnReward,21782
9,42,Fame,source,AdventurerAI.GrantReturnReward,270
9,42,Fame,source,LureEconomy.OnHeroEscaped,675
9,42,DP,source,Nemesis.OnSlain,5234
9,42,Material,source,Nemesis.OnSlain,23
9,42,DP,stock,end,63872
9,42,Material,stock,end,88885
9,42,Fame,stock,end,35919
9,43,DP,source,SurfaceMap.CollectYields,180
9,43,Material,source,SurfaceMap.CollectYields,9
9,43,Fame,source,SurfaceMap.CollectYields,37
9,43,DP,source,DistrictCatalog.Collect,28
9,43,DP,sink,MinionRoster.TryForge,-60600
9,43,Material,sink,MinionRoster.TryForge,-794
9,43,DP,sink,MinionRoster.TrySummon,-3480
9,43,DP,source,AdventurerAI.ReapEmotion,885
9,43,DP,sink,CommandSystem.TryUse,-4900
9,43,DP,source,AdventurerAI.TakeDamage,43669
9,43,Material,source,AdventurerAI.TakeDamage,332111
9,43,DP,source,AdventurerAI.GrantReturnReward,21824
9,43,Fame,source,AdventurerAI.GrantReturnReward,250
9,43,Fame,source,LureEconomy.OnHeroEscaped,625
9,43,DP,source,Nemesis.OnSlain,5234
9,43,Material,source,Nemesis.OnSlain,23
9,43,DP,stock,end,66712
9,43,Material,stock,end,420234
9,43,Fame,stock,end,36831
9,44,DP,source,SurfaceMap.CollectYields,225
9,44,Material,source,SurfaceMap.CollectYields,12
9,44,Fame,source,SurfaceMap.CollectYields,37
9,44,DP,source,DistrictCatalog.Collect,28
9,44,DP,sink,MinionRoster.TryForge,-64800
9,44,Material,sink,MinionRoster.TryForge,-864
9,44,DP,sink,MinionRoster.TrySummon,-2140
9,44,DP,source,IncidentSystem.Apply,600
9,44,DP,sink,CommandSystem.TryUse,-4900
9,44,DP,source,AdventurerAI.ReapEmotion,492
9,44,DP,source,AdventurerAI.GrantReturnReward,28947
9,44,Fame,source,AdventurerAI.GrantReturnReward,420
9,44,Fame,source,LureEconomy.OnHeroEscaped,1050
9,44,DP,source,AdventurerAI.TakeDamage,46899
9,44,Material,source,AdventurerAI.TakeDamage,1576
9,44,DP,source,Nemesis.OnSlain,6222
9,44,Material,source,Nemesis.OnSlain,29
9,44,DP,stock,end,78285
9,44,Material,stock,end,420987
9,44,Fame,stock,end,38338
9,45,DP,source,SurfaceMap.CollectYields,225
9,45,Material,source,SurfaceMap.CollectYields,12
9,45,Fame,source,SurfaceMap.CollectYields,37
9,45,DP,source,DistrictCatalog.Collect,28
9,45,DP,sink,MinionRoster.TryForge,-74400
9,45,Material,sink,MinionRoster.TryForge,-992
9,45,DP,sink,MinionRoster.TrySummon,-3189
9,45,DP,sink,CommandSystem.TryUse,-4900
9,45,DP,source,AdventurerAI.ReapEmotion,1127
9,45,DP,source,AdventurerAI.TakeDamage,55126
9,45,Material,source,AdventurerAI.TakeDamage,763
9,45,DP,source,AdventurerAI.GrantReturnReward,23181
9,45,Fame,source,AdventurerAI.GrantReturnReward,330
9,45,Fame,source,LureEconomy.OnHeroEscaped,825
9,45,DP,source,Nemesis.OnSlain,988
9,45,Material,source,Nemesis.OnSlain,6
9,45,DP,stock,end,76471
9,45,Material,stock,end,420776
9,45,Fame,stock,end,39530
9,46,DP,source,SurfaceMap.CollectYields,225
9,46,Material,source,SurfaceMap.CollectYields,12
9,46,Fame,source,SurfaceMap.CollectYields,37
9,46,DP,source,DistrictCatalog.Collect,28
9,46,DP,sink,MinionRoster.TryForge,-74400
9,46,Material,sink,MinionRoster.TryForge,-992
9,46,DP,sink,MinionRoster.TrySummon,-2255
9,46,DP,source,AdventurerAI.ReapEmotion,311
9,46,DP,sink,CommandSystem.TryUse,-4550
9,46,DP,source,AdventurerAI.GrantReturnReward,22553
9,46,Fame,source,AdventurerAI.GrantReturnReward,370
9,46,Fame,source,LureEconomy.OnHeroEscaped,925
9,46,DP,source,AdventurerAI.TakeDamage,42265
9,46,Material,source,AdventurerAI.TakeDamage,756
9,46,DP,source,Nemesis.OnSlain,2008
9,46,Material,source,Nemesis.OnSlain,12
9,46,DP,stock,end,62656
9,46,Material,stock,end,420564
9,46,Fame,stock,end,40862
9,47,DP,source,SurfaceMap.CollectYields,225
9,47,Material,source,SurfaceMap.CollectYields,12
9,47,Fame,source,SurfaceMap.CollectYields,37
9,47,DP,source,DistrictCatalog.Collect,28
9,47,DP,sink,MinionRoster.TryForge,-4800
9,47,Material,sink,MinionRoster.TryForge,-64
9,47,DP,sink,MinionEvolution.TryEvolve,-9050
9,47,DP,sink,MinionRoster.TryEvolveIndividual,-48050
9,47,DP,sink,MinionRoster.TrySummon,-1000
9,47,DP,source,AdventurerAI.ReapEmotion,322
9,47,DP,sink,CommandSystem.TryUse,-4100
9,47,DP,source,AdventurerAI.GrantReturnReward,18042
9,47,Fame,source,AdventurerAI.GrantReturnReward,320
9,47,Fame,source,LureEconomy.OnHeroEscaped,800
9,47,DP,source,AdventurerAI.TakeDamage,48040
9,47,Material,source,AdventurerAI.TakeDamage,1067
9,47,DP,source,Nemesis.OnSlain,1367
9,47,Material,source,Nemesis.OnSlain,8
9,47,DP,stock,end,63680
9,47,Material,stock,end,421587
9,47,Fame,stock,end,42019
9,48,DP,source,SurfaceMap.CollectYields,255
9,48,Material,source,SurfaceMap.CollectYields,12
9,48,Fame,source,SurfaceMap.CollectYields,44
9,48,DP,source,DistrictCatalog.Collect,28
9,48,DP,source,EraSystem.TickTurn,9720
9,48,DP,sink,MinionRoster.TryForge,-67680
9,48,Material,sink,MinionRoster.TryForge,-942
9,48,DP,sink,MinionRoster.TryEvolveIndividual,-2550
9,48,DP,sink,MinionRoster.TrySummon,-3428
9,48,DP,source,AdventurerAI.ReapEmotion,531
9,48,DP,sink,CommandSystem.TryUse,-4550
9,48,DP,source,AdventurerAI.GrantReturnReward,17014
9,48,Fame,source,AdventurerAI.GrantReturnReward,260
9,48,Fame,source,LureEconomy.OnHeroEscaped,650
9,48,DP,source,AdventurerAI.TakeDamage,55356
9,48,Material,source,AdventurerAI.TakeDamage,780
9,48,DP,source,Nemesis.OnSlain,2042
9,48,Material,source,Nemesis.OnSlain,12
9,48,DP,stock,end,70418
9,48,Material,stock,end,421449
9,48,Fame,stock,end,42973
9,49,DP,source,SurfaceMap.CollectYields,255
9,49,Material,source,SurfaceMap.CollectYields,12
9,49,Fame,source,SurfaceMap.CollectYields,44
9,49,DP,source,DistrictCatalog.Collect,28
9,49,DP,source,EraSystem.TickTurn,9720
9,49,DP,sink,MinionRoster.TryForge,-5760
9,49,Material,sink,MinionRoster.TryForge,-84
9,49,DP,sink,MinionEvolution.TryEvolve,-14200
9,49,DP,sink,MinionRoster.TryEvolveIndividual,-59850
9,49,DP,sink,MinionRoster.TrySummon,-604
9,49,DP,source,AdventurerAI.ReapEmotion,212
9,49,DP,source,AdventurerAI.TakeDamage,66836
9,49,Material,source,AdventurerAI.TakeDamage,649
9,49,DP,sink,CommandSystem.TryUse,-4900
9,49,DP,source,AdventurerAI.GrantReturnReward,12622
9,49,Fame,source,AdventurerAI.GrantReturnReward,250
9,49,Fame,source,LureEconomy.OnHeroEscaped,625
9,49,DP,source,Nemesis.OnSlain,1894
9,49,Material,source,Nemesis.OnSlain,10
9,49,DP,stock,end,76671
9,49,Material,stock,end,422036
9,49,Fame,stock,end,43892
9,50,DP,source,SurfaceMap.CollectYields,255
9,50,Material,source,SurfaceMap.CollectYields,12
9,50,Fame,source,SurfaceMap.CollectYields,44
9,50,DP,source,DistrictCatalog.Collect,28
9,50,DP,source,EraSystem.TickTurn,9720
9,50,DP,sink,MinionRoster.TryForge,-5760
9,50,Material,sink,MinionRoster.TryForge,-84
9,50,DP,sink,DungeonFloorManager.TryAddFloor,-78125
9,50,DP,sink,DungeonFloorManager.TryExpandFloor,-1200
9,50,DP,sink,MinionRoster.TryEvolveIndividual,-1250
9,50,DP,sink,DungeonFeatureManager.TryPlaceTrap,-150
9,50,DP,sink,MinionRoster.TrySummon,-186
9,50,DP,source,AdventurerAI.ReapEmotion,747
9,50,DP,sink,CommandSystem.TryUse,-5600
9,50,DP,source,AdventurerAI.TakeDamage,77800
9,50,Material,source,AdventurerAI.TakeDamage,620
9,50,DP,source,AdventurerAI.GrantReturnReward,11139
9,50,Fame,source,AdventurerAI.GrantReturnReward,170
9,50,Fame,source,LureEconomy.OnHeroEscaped,425
9,50,DP,source,Nemesis.OnSlain,2848
9,50,Material,source,Nemesis.OnSlain,14
9,50,DP,stock,end,86937
9,50,Material,stock,end,422598
9,50,Fame,stock,end,44531
9,51,DP,source,SurfaceMap.CollectYields,255
9,51,Material,source,SurfaceMap.CollectYields,12
9,51,Fame,source,SurfaceMap.CollectYields,44
9,51,DP,source,DistrictCatalog.Collect,28
9,51,DP,source,EraSystem.TickTurn,9720
9,51,DP,sink,MinionRoster.TryForge,-5760
9,51,Material,sink,MinionRoster.TryForge,-84
9,51,DP,sink,DungeonFloorManager.TryExpandFloor,-4000
9,51,DP,sink,MinionEvolution.TryEvolve,-19050
9,51,DP,sink,MinionRoster.TryEvolveIndividual,-67200
9,51,DP,sink,DungeonFeatureManager.TryPlaceTrap,-750
9,51,DP,sink,MinionRoster.TrySummon,-144
9,51,DP,source,AdventurerAI.ReapEmotion,222
9,51,DP,source,AdventurerAI.TakeDamage,97634
9,51,Material,source,AdventurerAI.TakeDamage,883
9,51,DP,sink,CommandSystem.TryUse,-4900
9,51,DP,source,AdventurerAI.GrantReturnReward,23914
9,51,Fame,source,AdventurerAI.GrantReturnReward,590
9,51,Fame,source,LureEconomy.OnHeroEscaped,1475
9,51,DP,stock,end,116906
9,51,Material,stock,end,423409
9,51,Fame,stock,end,46640
9,52,DP,source,SurfaceMap.CollectYields,222
9,52,Material,source,SurfaceMap.CollectYields,12
9,52,Fame,source,SurfaceMap.CollectYields,36
9,52,DP,source,DistrictCatalog.Collect,28
9,52,DP,source,EraSystem.TickTurn,16524
9,52,DP,sink,MinionRoster.TryForge,-97920
9,52,Material,sink,MinionRoster.TryForge,-1428
9,52,DP,sink,MinionRoster.TryEvolveIndividual,-30850
9,52,DP,sink,DungeonFeatureManager.TryPlaceTrap,-3450
9,52,DP,sink,MinionRoster.TrySummon,-1443
9,52,DP,source,AdventurerAI.ReapEmotion,383
9,52,DP,source,AdventurerAI.GrantReturnReward,14008
9,52,Fame,source,AdventurerAI.GrantReturnReward,330
9,52,Fame,source,LureEconomy.OnHeroEscaped,825
9,52,DP,sink,CommandSystem.TryUse,-4450
9,52,DP,source,AdventurerAI.TakeDamage,64575
9,52,Material,source,AdventurerAI.TakeDamage,896
9,52,DP,source,Nemesis.OnSlain,2170
9,52,Material,source,Nemesis.OnSlain,12
9,52,DP,stock,end,76703
9,52,Material,stock,end,422901
9,52,Fame,stock,end,47831
9,53,DP,source,SurfaceMap.CollectYields,222
9,53,Material,source,SurfaceMap.CollectYields,12
9,53,Fame,source,SurfaceMap.CollectYields,36
9,53,DP,source,DistrictCatalog.Collect,28
9,53,Material,source,DistrictCatalog.Collect,6
9,53,DP,source,EraSystem.TickTurn,9720
9,53,Material,source,EraSystem.TickTurn,124
9,53,DP,sink,MinionRoster.TryForge,-60480
9,53,Material,sink,MinionRoster.TryForge,-882
9,53,DP,sink,MinionRoster.TryEvolveIndividual,-21450
9,53,DP,sink,DungeonFeatureManager.TryPlaceTrap,-600
9,53,DP,sink,MinionRoster.TrySummon,-4108
9,53,DP,source,AdventurerAI.ReapEmotion,537
9,53,DP,sink,CommandSystem.TryUse,-4900
9,53,DP,source,AdventurerAI.TakeDamage,78006
9,53,Material,source,AdventurerAI.TakeDamage,1560
9,53,DP,source,AdventurerAI.GrantReturnReward,10720
9,53,Fame,source,AdventurerAI.GrantReturnReward,190
9,53,Fame,source,LureEconomy.OnHeroEscaped,475
9,53,DP,source,Nemesis.OnSlain,8281
9,53,Material,source,Nemesis.OnSlain,35
9,53,DP,stock,end,92679
9,53,Material,stock,end,423756
9,53,Fame,stock,end,48532
9,54,DP,source,SurfaceMap.CollectYields,222
9,54,Material,source,SurfaceMap.CollectYields,12
9,54,Fame,source,SurfaceMap.CollectYields,36
9,54,DP,source,DistrictCatalog.Collect,28
9,54,Material,source,DistrictCatalog.Collect,6
9,54,DP,source,EraSystem.TickTurn,9720
9,54,Material,source,EraSystem.TickTurn,62
9,54,Fame,source,EraSystem.TickTurn,135
9,54,DP,sink,MinionRoster.TryForge,-97920
9,54,Material,sink,MinionRoster.TryForge,-1428
9,54,DP,sink,MinionRoster.TrySummon,-4724
9,54,DP,source,AdventurerAI.ReapEmotion,621
9,54,DP,sink,CommandSystem.TryUse,-4900
9,54,DP,source,AdventurerAI.TakeDamage,81437
9,54,Material,source,AdventurerAI.TakeDamage,847
9,54,DP,source,AdventurerAI.GrantReturnReward,14816
9,54,Fame,source,AdventurerAI.GrantReturnReward,290
9,54,Fame,source,LureEconomy.OnHeroEscaped,725
9,54,DP,source,Nemesis.OnSlain,2220
9,54,Material,source,Nemesis.OnSlain,12
9,54,DP,stock,end,94199
9,54,Material,stock,end,423267
9,54,Fame,stock,end,49718
9,55,DP,source,SurfaceMap.CollectYields,255
9,55,Material,source,SurfaceMap.CollectYields,12
9,55,Fame,source,SurfaceMap.CollectYields,44
9,55,DP,source,DistrictCatalog.Collect,28
9,55,Material,source,DistrictCatalog.Collect,7
9,55,DP,source,EraSystem.TickTurn,9720
9,55,DP,sink,MinionRoster.TryForge,-99360
9,55,Material,sink,MinionRoster.TryForge,-1474
9,55,DP,sink,MinionRoster.TrySummon,-4800
9,55,DP,source,AdventurerAI.ReapEmotion,539
9,55,DP,source,AdventurerAI.TakeDamage,100841
9,55,Material,source,AdventurerAI.TakeDamage,858
9,55,DP,sink,CommandSystem.TryUse,-4900
9,55,DP,source,AdventurerAI.GrantReturnReward,23306
9,55,Fame,source,AdventurerAI.GrantReturnReward,320
9,55,Fame,source,LureEconomy.OnHeroEscaped,800
9,55,DP,source,Nemesis.OnSlain,3854
9,55,Material,source,Nemesis.OnSlain,19
9,55,DP,stock,end,123682
9,55,Material,stock,end,422689
9,55,Fame,stock,end,50882
9,56,DP,source,SurfaceMap.CollectYields,225
9,56,Material,source,SurfaceMap.CollectYields,10
9,56,Fame,source,SurfaceMap.CollectYields,39
9,56,DP,source,DistrictCatalog.Collect,28
9,56,Material,source,DistrictCatalog.Collect,7
9,56,DP,source,EraSystem.TickTurn,11664
9,56,DP,sink,MinionRoster.TryForge,-129600
9,56,Material,sink,MinionRoster.TryForge,-1980
9,56,DP,sink,MinionRoster.TrySummon,-5974
9,56,DP,source,AdventurerAI.ReapEmotion,280
9,56,DP,source,AdventurerAI.TakeDamage,86692
9,56,Material,source,AdventurerAI.TakeDamage,1268
9,56,DP,sink,CommandSystem.TryUse,-4450
9,56,DP,source,AdventurerAI.GrantReturnReward,19455
9,56,Fame,source,AdventurerAI.GrantReturnReward,280
9,56,Fame,source,LureEconomy.OnHeroEscaped,700
9,56,DP,stock,end,102002
9,56,Material,stock,end,421994
9,56,Fame,stock,end,51901
9,57,DP,source,SurfaceMap.CollectYields,225
9,57,Material,source,SurfaceMap.CollectYields,10
9,57,Fame,source,SurfaceMap.CollectYields,39
9,57,DP,source,DistrictCatalog.Collect,28
9,57,Material,source,DistrictCatalog.Collect,7
9,57,DP,sink,MinionRoster.TryForge,-97200
9,57,Material,sink,MinionRoster.TryForge,-1485
9,57,DP,sink,MinionRoster.TrySummon,-5031
9,57,DP,source,AdventurerAI.ReapEmotion,574
9,57,DP,sink,CommandSystem.TryUse,-4100
9,57,DP,source,AdventurerAI.TakeDamage,77288
9,57,Material,source,AdventurerAI.TakeDamage,1029
9,57,DP,source,AdventurerAI.GrantReturnReward,20667
9,57,Fame,source,AdventurerAI.GrantReturnReward,420
9,57,Fame,source,LureEconomy.OnHeroEscaped,1050
9,57,DP,source,Nemesis.OnSlain,1530
9,57,Material,source,Nemesis.OnSlain,8
9,57,DP,stock,end,95983
9,57,Material,stock,end,421563
9,57,Fame,stock,end,53410
9,58,DP,source,SurfaceMap.CollectYields,225
9,58,Material,source,SurfaceMap.CollectYields,10
9,58,Fame,source,SurfaceMap.CollectYields,39
9,58,DP,source,DistrictCatalog.Collect,28
9,58,Material,source,DistrictCatalog.Collect,6
9,58,DP,sink,MinionRoster.TryForge,-90000
9,58,Material,sink,MinionRoster.TryForge,-1375
9,58,DP,sink,MinionRoster.TrySummon,-6210
9,58,DP,source,AdventurerAI.ReapEmotion,563
9,58,DP,source,AdventurerAI.TakeDamage,121454
9,58,Material,source,AdventurerAI.TakeDamage,2095
9,58,DP,sink,CommandSystem.TryUse,-4900
9,58,DP,source,AdventurerAI.GrantReturnReward,12781
9,58,Fame,source,AdventurerAI.GrantReturnReward,250
9,58,Fame,source,LureEconomy.OnHeroEscaped,625
9,58,DP,source,Nemesis.OnSlain,3100
9,58,Material,source,Nemesis.OnSlain,16
9,58,DP,stock,end,133024
9,58,Material,stock,end,422315
9,58,Fame,stock,end,54324
9,59,DP,source,SurfaceMap.CollectYields,222
9,59,Material,source,SurfaceMap.CollectYields,12
9,59,Fame,source,SurfaceMap.CollectYields,36
9,59,DP,source,DistrictCatalog.Collect,28
9,59,Material,source,DistrictCatalog.Collect,6
9,59,DP,sink,MinionRoster.TryForge,-129600
9,59,Material,sink,MinionRoster.TryForge,-2000
9,59,DP,sink,MinionRoster.TrySummon,-3672
9,59,DP,source,AdventurerAI.ReapEmotion,456
9,59,DP,sink,CommandSystem.TryUse,-4450
9,59,DP,source,AdventurerAI.TakeDamage,90131
9,59,Material,source,AdventurerAI.TakeDamage,1446
9,59,DP,source,Nemesis.OnSlain,2737
9,59,Material,source,Nemesis.OnSlain,14
9,59,DP,source,AdventurerAI.GrantReturnReward,14384
9,59,Fame,source,AdventurerAI.GrantReturnReward,370
9,59,Fame,source,LureEconomy.OnHeroEscaped,925
9,59,DP,stock,end,103260
9,59,Material,stock,end,421793
9,59,Fame,stock,end,55655
9,60,DP,source,SurfaceMap.CollectYields,222
9,60,Material,source,SurfaceMap.CollectYields,12
9,60,Fame,source,SurfaceMap.CollectYields,36
9,60,DP,source,DistrictCatalog.Collect,28
9,60,Material,source,DistrictCatalog.Collect,6
9,60,DP,sink,MinionRoster.TryForge,-99360
9,60,Material,sink,MinionRoster.TryForge,-1610
9,60,DP,sink,MinionRoster.TrySummon,-4114
9,60,DP,source,AdventurerAI.ReapEmotion,408
9,60,DP,source,AdventurerAI.TakeDamage,118775
9,60,Material,source,AdventurerAI.TakeDamage,686
9,60,DP,sink,CommandSystem.TryUse,-4900
9,60,DP,source,AdventurerAI.GrantReturnReward,9083
9,60,Fame,source,AdventurerAI.GrantReturnReward,140
9,60,Fame,source,LureEconomy.OnHeroEscaped,350
9,60,DP,source,Nemesis.OnSlain,4732
9,60,Material,source,Nemesis.OnSlain,22
9,60,DP,stock,end,128134
9,60,Material,stock,end,420909
9,60,Fame,stock,end,56181
9,61,DP,source,SurfaceMap.CollectYields,222
9,61,Material,source,SurfaceMap.CollectYields,12
9,61,Fame,source,SurfaceMap.CollectYields,36
9,61,DP,source,DistrictCatalog.Collect,28
9,61,Material,source,DistrictCatalog.Collect,6
9,61,DP,sink,MinionRoster.TryForge,-120960
9,61,Material,sink,MinionRoster.TryForge,-1960
9,61,DP,sink,MinionRoster.TrySummon,-7422
9,61,DP,source,AdventurerAI.ReapEmotion,545
9,61,DP,source,AdventurerAI.TakeDamage,93484
9,61,Material,source,AdventurerAI.TakeDamage,1138
9,61,DP,sink,CommandSystem.TryUse,-4450
9,61,DP,source,AdventurerAI.GrantReturnReward,15998
9,61,Fame,source,AdventurerAI.GrantReturnReward,320
9,61,Fame,source,LureEconomy.OnHeroEscaped,800
9,61,DP,source,Nemesis.OnSlain,4586
9,61,Material,source,Nemesis.OnSlain,22
9,61,DP,stock,end,110165
9,61,Material,stock,end,420127
9,61,Fame,stock,end,57337
9,62,DP,source,SurfaceMap.CollectYields,222
9,62,Material,source,SurfaceMap.CollectYields,12
9,62,Fame,source,SurfaceMap.CollectYields,36
9,62,DP,source,DistrictCatalog.Collect,28
9,62,Material,source,DistrictCatalog.Collect,6
9,62,DP,sink,MinionRoster.TryForge,-103680
9,62,Material,sink,MinionRoster.TryForge,-1680
9,62,DP,sink,MinionRoster.TrySummon,-6723
9,62,DP,source,AdventurerAI.ReapEmotion,230
9,62,DP,source,AdventurerAI.TakeDamage,98660
9,62,Material,source,AdventurerAI.TakeDamage,1138
9,62,DP,sink,CommandSystem.TryUse,-4450
9,62,DP,source,AdventurerAI.GrantReturnReward,12840
9,62,Fame,source,AdventurerAI.GrantReturnReward,210
9,62,Fame,source,LureEconomy.OnHeroEscaped,525
9,62,DP,source,Nemesis.OnSlain,1215
9,62,Material,source,Nemesis.OnSlain,6
9,62,DP,stock,end,108507
9,62,Material,stock,end,419609
9,62,Fame,stock,end,58108
9,63,DP,source,SurfaceMap.CollectYields,222
9,63,Material,source,SurfaceMap.CollectYields,12
9,63,Fame,source,SurfaceMap.CollectYields,36
9,63,DP,source,DistrictCatalog.Collect,28
9,63,Material,source,DistrictCatalog.Collect,6
9,63,DP,sink,MinionRoster.TryForge,-103680
9,63,Material,sink,MinionRoster.TryForge,-1680
9,63,DP,sink,MinionRoster.TrySummon,-5075
9,63,DP,source,AdventurerAI.ReapEmotion,228
9,63,DP,source,AdventurerAI.TakeDamage,73887
9,63,Material,source,AdventurerAI.TakeDamage,790
9,63,DP,source,AdventurerAI.GrantReturnReward,22393
9,63,Fame,source,AdventurerAI.GrantReturnReward,490
9,63,Fame,source,LureEconomy.OnHeroEscaped,1225
9,63,DP,sink,CommandSystem.TryUse,-4100
9,63,DP,stock,end,92410
9,63,Material,stock,end,418737
9,63,Fame,stock,end,59859
9,64,DP,source,SurfaceMap.CollectYields,222
9,64,Material,source,SurfaceMap.CollectYields,12
9,64,Fame,source,SurfaceMap.CollectYields,36
9,64,DP,source,DistrictCatalog.Collect,28
9,64,Material,source,DistrictCatalog.Collect,6
9,64,DP,sink,MinionRoster.TryForge,-86400
9,64,Material,sink,MinionRoster.TryForge,-1400
9,64,DP,sink,MinionRoster.TrySummon,-6252
9,64,DP,source,AdventurerAI.ReapEmotion,206
9,64,DP,source,AdventurerAI.TakeDamage,50759
9,64,Material,source,AdventurerAI.TakeDamage,803
9,64,DP,sink,CommandSystem.TryUse,-4450
9,64,DP,source,AdventurerAI.GrantReturnReward,17663
9,64,Fame,source,AdventurerAI.GrantReturnReward,330
9,64,Fame,source,LureEconomy.OnHeroEscaped,825
9,64,DP,source,Nemesis.OnSlain,4633
9,64,Material,source,Nemesis.OnSlain,22
9,64,DP,stock,end,68819
9,64,Material,stock,end,418180
9,64,Fame,stock,end,61050
9,65,DP,source,SurfaceMap.CollectYields,222
9,65,Material,source,SurfaceMap.CollectYields,12
9,65,Fame,source,SurfaceMap.CollectYields,36
9,65,DP,source,DistrictCatalog.Collect,28
9,65,Material,source,DistrictCatalog.Collect,6
9,65,DP,sink,MinionRoster.TryForge,-63180
9,65,Material,sink,MinionRoster.TryForge,-1090
9,65,DP,sink,MinionRoster.TrySummon,-5846
9,65,DP,source,AdventurerAI.ReapEmotion,811
9,65,DP,source,AdventurerAI.TakeDamage,126309
9,65,Material,source,AdventurerAI.TakeDamage,1257
9,65,DP,sink,CommandSystem.TryUse,-4550
9,65,DP,source,AdventurerAI.GrantReturnReward,21961
9,65,Fame,source,AdventurerAI.GrantReturnReward,330
9,65,Fame,source,LureEconomy.OnHeroEscaped,825
9,65,DP,source,Nemesis.OnSlain,3345
9,65,Material,source,Nemesis.OnSlain,16
9,65,DP,stock,end,147919
9,65,Material,stock,end,418381
9,65,Fame,stock,end,62241
9,66,DP,source,SurfaceMap.CollectYields,222
9,66,Material,source,SurfaceMap.CollectYields,12
9,66,Fame,source,SurfaceMap.CollectYields,36
9,66,DP,source,DistrictCatalog.Collect,28
9,66,Material,source,DistrictCatalog.Collect,6
9,66,DP,sink,MinionRoster.TryForge,-142800
9,66,Material,sink,MinionRoster.TryForge,-2520
9,66,DP,sink,MinionRoster.TrySummon,-5342
9,66,DP,source,AdventurerAI.ReapEmotion,874
9,66,DP,source,AdventurerAI.TakeDamage,118422
9,66,Material,source,AdventurerAI.TakeDamage,1104
9,66,DP,sink,CommandSystem.TryUse,-4550
9,66,DP,source,AdventurerAI.GrantReturnReward,17968
9,66,Fame,source,AdventurerAI.GrantReturnReward,360
9,66,Fame,source,LureEconomy.OnHeroEscaped,900
9,66,DP,source,Nemesis.OnSlain,3840
9,66,Material,source,Nemesis.OnSlain,18
9,66,DP,stock,end,136581
9,66,Material,stock,end,417001
9,66,Fame,stock,end,63537
9,67,DP,source,SurfaceMap.CollectYields,222
9,67,Material,source,SurfaceMap.CollectYields,12
9,67,Fame,source,SurfaceMap.CollectYields,36
9,67,DP,source,DistrictCatalog.Collect,28
9,67,Material,source,DistrictCatalog.Collect,6
9,67,DP,sink,MinionRoster.TryForge,-132600
9,67,Material,sink,MinionRoster.TryForge,-2340
9,67,DP,sink,MinionRoster.TrySummon,-4227
9,67,DP,source,AdventurerAI.ReapEmotion,454
9,67,DP,source,AdventurerAI.TakeDamage,99643
9,67,Material,source,AdventurerAI.TakeDamage,868
9,67,DP,sink,CommandSystem.TryUse,-4100
9,67,DP,source,AdventurerAI.GrantReturnReward,24929
9,67,Fame,source,AdventurerAI.GrantReturnReward,370
9,67,Fame,source,LureEconomy.OnHeroEscaped,925
9,67,DP,source,Nemesis.OnSlain,1345
9,67,Material,source,Nemesis.OnSlain,6
9,67,DP,stock,end,122275
9,67,Material,stock,end,415553
9,67,Fame,stock,end,64868
9,68,DP,source,SurfaceMap.CollectYields,222
9,68,Material,source,SurfaceMap.CollectYields,12
9,68,Fame,source,SurfaceMap.CollectYields,36
9,68,DP,source,DistrictCatalog.Collect,28
9,68,Material,source,DistrictCatalog.Collect,7
9,68,DP,sink,MinionRoster.TryForge,-117300
9,68,Material,sink,MinionRoster.TryForge,-2070
9,68,DP,sink,MinionRoster.TrySummon,-5207
9,68,DP,source,AdventurerAI.ReapEmotion,588
9,68,DP,source,AdventurerAI.TakeDamage,95998
9,68,Material,source,AdventurerAI.TakeDamage,363
9,68,DP,sink,CommandSystem.TryUse,-4450
9,68,DP,source,AdventurerAI.GrantReturnReward,7004
9,68,Fame,source,AdventurerAI.GrantReturnReward,120
9,68,Fame,source,LureEconomy.OnHeroEscaped,300
9,68,DP,source,Nemesis.OnSlain,1280
9,68,Material,source,Nemesis.OnSlain,6
9,68,DP,stock,end,100438
9,68,Material,stock,end,413871
9,68,Fame,stock,end,65324
10,1,DP,sink,DungeonFeatureManager.TryPlaceTrap,-150
10,1,DP,sink,MinionRoster.TrySummon,-46
10,1,DP,source,AdventurerAI.ReapEmotion,98
10,1,DP,source,AdventurerAI.GrantReturnReward,496
10,1,Fame,source,AdventurerAI.GrantReturnReward,20
10,1,Fame,source,LureEconomy.OnHeroEscaped,50
10,1,DP,source,AdventurerAI.TakeDamage,169
10,1,Material,source,AdventurerAI.TakeDamage,12
10,1,DP,sink,CommandSystem.TryUse,-650
10,1,DP,stock,end,117
10,1,Material,stock,end,12
10,1,Fame,stock,end,70
10,2,DP,source,SurfaceMap.CollectYields,18
10,2,Material,source,SurfaceMap.CollectYields,1
10,2,Fame,source,SurfaceMap.CollectYields,4
10,2,DP,source,EraSystem.TickTurn,600
10,2,Fame,source,EraSystem.TickTurn,25
10,2,DP,sink,MinionRoster.TryForge,-236
10,2,DP,sink,MinionEvolution.TryEvolve,-150
10,2,DP,sink,DungeonFeatureManager.TryPlaceTrap,-150
10,2,DP,sink,MinionRoster.TrySummon,-198
10,2,DP,source,AdventurerAI.ReapEmotion,108
10,2,DP,source,AdventurerAI.TakeDamage,136
10,2,Material,source,AdventurerAI.TakeDamage,10
10,2,DP,source,AdventurerAI.GrantReturnReward,438
10,2,Fame,source,AdventurerAI.GrantReturnReward,30
10,2,Fame,source,LureEconomy.OnHeroEscaped,75
10,2,DP,sink,CommandSystem.TryUse,-300
10,2,DP,stock,end,383
10,2,Material,stock,end,23
10,2,Fame,stock,end,204
10,3,DP,source,SurfaceMap.CollectYields,18
10,3,Material,source,SurfaceMap.CollectYields,1
10,3,Fame,source,SurfaceMap.CollectYields,4
10,3,DP,source,EraSystem.TickTurn,600
10,3,Material,source,EraSystem.TickTurn,10
10,3,Fame,source,EraSystem.TickTurn,25
10,3,DP,sink,MinionRoster.TryForge,-236
10,3,DP,sink,DungeonFloorManager.TryExpandFloor,-400
10,3,DP,sink,DungeonFeatureManager.TryPlaceTrap,-300
10,3,DP,sink,MinionRoster.TrySummon,-62
10,3,DP,source,AdventurerAI.ReapEmotion,226
10,3,DP,source,AdventurerAI.TakeDamage,322
10,3,Material,source,AdventurerAI.TakeDamage,16
10,3,DP,sink,CommandSystem.TryUse,-650
10,3,DP,source,AdventurerAI.GrantReturnReward,198
10,3,Fame,source,AdventurerAI.GrantReturnReward,10
10,3,Fame,source,LureEconomy.OnHeroEscaped,25
10,3,DP,stock,end,99
10,3,Material,stock,end,50
10,3,Fame,stock,end,268
10,4,DP,source,SurfaceMap.CollectYields,18
10,4,Material,source,SurfaceMap.CollectYields,1
10,4,Fame,source,SurfaceMap.CollectYields,4
10,4,DP,source,EraSystem.TickTurn,600
10,4,DP,sink,MinionRoster.TryForge,-236
10,4,DP,sink,MinionEvolution.TryEvolve,-175
10,4,DP,sink,DungeonFeatureManager.TryPlaceTrap,-150
10,4,DP,sink,MinionRoster.TrySummon,-156
10,4,DP,source,AdventurerAI.ReapEmotion,111
10,4,Fame,source,AdventurerAI.GrantReturnReward,20
10,4,Fame,source,LureEconomy.OnHeroEscaped,50
10,4,DP,source,AdventurerAI.TakeDamage,341
10,4,Material,source,AdventurerAI.TakeDamage,20
10,4,DP,sink,CommandSystem.TryUse,-650
10,4,DP,source,Nemesis.OnSlain,454
10,4,Material,source,Nemesis.OnSlain,5
10,4,DP,stock,end,256
10,4,Material,stock,end,76
10,4,Fame,stock,end,342
10,5,DP,source,SurfaceMap.CollectYields,18
10,5,Material,source,SurfaceMap.CollectYields,1
10,5,Fame,source,SurfaceMap.CollectYields,4
10,5,DP,source,EraSystem.TickTurn,600
10,5,Material,source,EraSystem.TickTurn,10
10,5,DP,sink,MinionRoster.TryForge,-212
10,5,DP,sink,MinionEvolution.TryEvolve,-300
10,5,DP,sink,DungeonFeatureManager.TryPlaceTrap,-300
10,5,DP,sink,MinionRoster.TrySummon,-43
10,5,DP,source,AdventurerAI.ReapEmotion,258
10,5,DP,source,AdventurerAI.TakeDamage,729
10,5,Material,source,AdventurerAI.TakeDamage,20
10,5,DP,sink,CommandSystem.TryUse,-2300
10,5,DP,source,AdventurerAI.GrantReturnReward,1039
10,5,Fame,source,AdventurerAI.GrantReturnReward,30
10,5,Fame,source,LureEconomy.OnHeroEscaped,75
10,5,DP,source,Nemesis.OnSlain,940
10,5,Material,source,Nemesis.OnSlain,10
10,5,DP,stock,end,685
10,5,Material,stock,end,117
10,5,Fame,stock,end,451
10,6,DP,source,SurfaceMap.CollectYields,39
10,6,Material,source,SurfaceMap.CollectYields,2
10,6,Fame,source,SurfaceMap.CollectYields,9
10,6,DP,source,EraSystem.TickTurn,600
10,6,DP,sink,MinionRoster.TryForge,-212
10,6,DP,sink,DungeonFloorManager.TryAddFloor,-800
10,6,DP,sink,DungeonFeatureManager.TryPlaceTrap,-150
10,6,DP,sink,MinionRoster.TrySummon,-158
10,6,DP,source,AdventurerAI.ReapEmotion,111
10,6,DP,source,AdventurerAI.TakeDamage,682
10,6,Material,source,AdventurerAI.TakeDamage,22
10,6,DP,sink,CommandSystem.TryUse,-1800
10,6,DP,source,Nemesis.OnSlain,972
10,6,Material,source,Nemesis.OnSlain,10
10,6,DP,source,AdventurerAI.GrantReturnReward,342
10,6,Fame,source,AdventurerAI.GrantReturnReward,10
10,6,Fame,source,LureEconomy.OnHeroEscaped,25
10,6,DP,stock,end,311
10,6,Material,stock,end,151
10,6,Fame,stock,end,495
10,7,DP,source,SurfaceMap.CollectYields,39
10,7,Material,source,SurfaceMap.CollectYields,2
10,7,Fame,source,SurfaceMap.CollectYields,9
10,7,DP,source,EraSystem.TickTurn,600
10,7,DP,sink,MinionRoster.TryForge,-212
10,7,DP,sink,DungeonFloorManager.TryExpandFloor,-400
10,7,DP,sink,DungeonFeatureManager.TryPlaceTrap,-150
10,7,DP,sink,MinionRoster.TrySummon,-185
10,7,DP,source,AdventurerAI.TakeDamage,406
10,7,Material,source,AdventurerAI.TakeDamage,28
10,7,DP,source,AdventurerAI.ReapEmotion,126
10,7,DP,source,AdventurerAI.GrantReturnReward,835
10,7,Fame,source,AdventurerAI.GrantReturnReward,40
10,7,Fame,source,LureEconomy.OnHeroEscaped,100
10,7,DP,sink,CommandSystem.TryUse,-1150
10,7,DP,source,Nemesis.OnSlain,1004
10,7,Material,source,Nemesis.OnSlain,10
10,7,DP,stock,end,1224
10,7,Material,stock,end,191
10,7,Fame,stock,end,644
10,8,DP,source,SurfaceMap.CollectYields,39
10,8,Material,source,SurfaceMap.CollectYields,2
10,8,Fame,source,SurfaceMap.CollectYields,9
10,8,DP,source,EraSystem.TickTurn,1020
10,8,DP,sink,MinionRoster.TryForge,-212
10,8,DP,sink,DungeonFloorManager.TryExpandFloor,-1600
10,8,DP,sink,MinionRoster.TryEvolveIndividual,-150
10,8,DP,sink,DungeonFeatureManager.TryPlaceTrap,-150
10,8,DP,sink,MinionRoster.TrySummon,-162
10,8,DP,source,AdventurerAI.TakeDamage,436
10,8,Material,source,AdventurerAI.TakeDamage,26
10,8,DP,source,AdventurerAI.ReapEmotion,237
10,8,DP,sink,CommandSystem.TryUse,-650
10,8,DP,source,AdventurerAI.GrantReturnReward,59
10,8,Fame,source,AdventurerAI.GrantReturnReward,10
10,8,Fame,source,LureEconomy.OnHeroEscaped,25
10,8,DP,stock,end,91
10,8,Material,stock,end,219
10,8,Fame,stock,end,688
10,9,DP,source,SurfaceMap.CollectYields,45
10,9,Material,source,SurfaceMap.CollectYields,2
10,9,Fame,source,SurfaceMap.CollectYields,11
10,9,DP,source,EraSystem.TickTurn,600
10,9,Fame,source,EraSystem.TickTurn,25
10,9,DP,sink,MinionRoster.TryForge,-190
10,9,DP,sink,MinionEvolution.TryEvolve,-200
10,9,DP,sink,DungeonFeatureManager.TryPlaceTrap,-150
10,9,DP,sink,MinionRoster.TrySummon,-191
10,9,DP,source,AdventurerAI.ReapEmotion,132
10,9,DP,source,AdventurerAI.TakeDamage,701
10,9,Material,source,AdventurerAI.TakeDamage,42
10,9,DP,sink,CommandSystem.TryUse,-2300
10,9,DP,source,AdventurerAI.GrantReturnReward,1500
10,9,Fame,source,AdventurerAI.GrantReturnReward,40
10,9,Fame,source,LureEconomy.OnHeroEscaped,100
10,9,DP,source,Nemesis.OnSlain,1036
10,9,Material,source,Nemesis.OnSlain,10
10,9,DP,stock,end,1074
10,9,Material,stock,end,273
10,9,Fame,stock,end,864
10,10,DP,source,SurfaceMap.CollectYields,79
10,10,Material,source,SurfaceMap.CollectYields,3
10,10,Fame,source,SurfaceMap.CollectYields,17
10,10,DP,source,EraSystem.TickTurn,300
10,10,DP,sink,MinionRoster.TryForge,-190
10,10,DP,sink,MinionEvolution.TryEvolve,-775
10,10,DP,sink,MinionRoster.TryEvolveIndividual,-175
10,10,DP,sink,DungeonFeatureManager.TryPlaceTrap,-150
10,10,DP,sink,MinionRoster.TrySummon,-148
10,10,DP,source,AdventurerAI.ReapEmotion,350
10,10,DP,source,AdventurerAI.TakeDamage,1369
10,10,Material,source,AdventurerAI.TakeDamage,58
10,10,DP,sink,CommandSystem.TryUse,-2250
10,10,DP,source,AdventurerAI.GrantReturnReward,433
10,10,Fame,source,AdventurerAI.GrantReturnReward,20
10,10,Fame,source,LureEconomy.OnHeroEscaped,50
10,10,DP,source,Nemesis.OnSlain,535
10,10,Material,source,Nemesis.OnSlain,5
10,10,DP,stock,end,452
10,10,Material,stock,end,339
10,10,Fame,stock,end,951
10,11,DP,source,SurfaceMap.CollectYields,79
10,11,Material,source,SurfaceMap.CollectYields,3
10,11,Fame,source,SurfaceMap.CollectYields,17
10,11,DP,source,EraSystem.TickTurn,720
10,11,DP,source,WaveRoster.ResolveTrial,2100
10,11,DP,sink,MinionRoster.TryForge,-190
10,11,DP,sink,DungeonFloorManager.TryAddFloor,-2000
10,11,DP,sink,DungeonFloorManager.TryExpandFloor,-400
10,11,DP,sink,MinionEvolution.TryEvolve,-250
10,11,DP,sink,MinionRoster.TryEvolveIndividual,-200
10,11,DP,sink,DungeonFeatureManager.TryPlaceTrap,-150
10,11,DP,sink,MinionRoster.TrySummon,-154
10,11,DP,source,AdventurerAI.ReapEmotion,301
10,11,DP,sink,CommandSystem.TryUse,-1600
10,11,DP,source,AdventurerAI.TakeDamage,860
10,11,Material,source,AdventurerAI.TakeDamage,56
10,11,DP,source,AdventurerAI.GrantReturnReward,622
10,11,Fame,source,AdventurerAI.GrantReturnReward,40
10,11,Fame,source,LureEconomy.OnHeroEscaped,100
10,11,DP,source,Nemesis.OnSlain,551
10,11,Material,source,Nemesis.OnSlain,5
10,11,DP,stock,end,741
10,11,Material,stock,end,403
10,11,Fame,stock,end,1108
10,12,DP,source,SurfaceMap.CollectYields,79
10,12,Material,source,SurfaceMap.CollectYields,3
10,12,Fame,source,SurfaceMap.CollectYields,17
10,12,DP,source,DistrictCatalog.Collect,84
10,12,DP,sink,MinionRoster.TryForge,-190
10,12,DP,sink,MinionEvolution.TryEvolve,-250
10,12,DP,sink,MinionRoster.TryEvolveIndividual,-150
10,12,DP,sink,DungeonFeatureManager.TryPlaceTrap,-150
10,12,DP,sink,MinionRoster.TrySummon,-157
10,12,DP,source,AdventurerAI.ReapEmotion,251
10,12,DP,source,AdventurerAI.TakeDamage,541
10,12,Material,source,AdventurerAI.TakeDamage,40
10,12,DP,sink,CommandSystem.TryUse,-1150
10,12,DP,source,AdventurerAI.GrantReturnReward,916
10,12,Fame,source,AdventurerAI.GrantReturnReward,20
10,12,Fame,source,LureEconomy.OnHeroEscaped,50
10,12,DP,stock,end,565
10,12,Material,stock,end,446
10,12,Fame,stock,end,1195
10,13,DP,source,SurfaceMap.CollectYields,60
10,13,Material,source,SurfaceMap.CollectYields,3
10,13,Fame,source,SurfaceMap.CollectYields,14
10,13,DP,source,DistrictCatalog.Collect,98
10,13,DP,sink,MinionRoster.TryForge,-190
10,13,DP,sink,MinionRoster.TryEvolveIndividual,-200
10,13,DP,sink,DungeonFeatureManager.TryPlaceTrap,-150
10,13,DP,sink,MinionRoster.TrySummon,-167
10,13,DP,source,AdventurerAI.ReapEmotion,280
10,13,DP,source,AdventurerAI.TakeDamage,419
10,13,Material,source,AdventurerAI.TakeDamage,64
10,13,DP,sink,CommandSystem.TryUse,-1800
10,13,DP,source,AdventurerAI.GrantReturnReward,1771
10,13,Fame,source,AdventurerAI.GrantReturnReward,90
10,13,Fame,source,LureEconomy.OnHeroEscaped,225
10,13,DP,stock,end,686
10,13,Material,stock,end,513
10,13,Fame,stock,end,1524
10,14,DP,source,SurfaceMap.CollectYields,80
10,14,Material,source,SurfaceMap.CollectYields,4
10,14,Fame,source,SurfaceMap.CollectYields,18
10,14,DP,source,DistrictCatalog.Collect,98
10,14,DP,sink,MinionRoster.TryForge,-190
10,14,DP,sink,MinionRoster.TryEvolveIndividual,-325
10,14,DP,sink,DungeonFeatureManager.TryPlaceTrap,-150
10,14,DP,sink,MinionRoster.TrySummon,-195
10,14,DP,source,AdventurerAI.ReapEmotion,354
10,14,DP,sink,CommandSystem.TryUse,-2950
10,14,DP,source,AdventurerAI.GrantReturnReward,1552
10,14,Fame,source,AdventurerAI.GrantReturnReward,70
10,14,Fame,source,LureEconomy.OnHeroEscaped,175
10,14,DP,source,AdventurerAI.TakeDamage,1226
10,14,Material,source,AdventurerAI.TakeDamage,71
10,14,DP,source,Nemesis.OnSlain,583
10,14,Material,source,Nemesis.OnSlain,5
10,14,DP,stock,end,769
10,14,Material,stock,end,593
10,14,Fame,stock,end,1787
10,15,DP,source,SurfaceMap.CollectYields,80
10,15,Material,source,SurfaceMap.CollectYields,4
10,15,Fame,source,SurfaceMap.CollectYields,18
10,15,DP,source,DistrictCatalog.Collect,98
10,15,DP,sink,MinionRoster.TryForge,-190
10,15,DP,sink,MinionRoster.TryEvolveIndividual,-400
10,15,DP,sink,DungeonFeatureManager.TryPlaceTrap,-150
10,15,DP,sink,MinionRoster.TrySummon,-182
10,15,DP,source,AdventurerAI.ReapEmotion,540
10,15,DP,source,AdventurerAI.TakeDamage,2566
10,15,Material,source,AdventurerAI.TakeDamage,94
10,15,DP,sink,CommandSystem.TryUse,-2300
10,15,Fame,source,AdventurerAI.GrantReturnReward,30
10,15,Fame,source,LureEconomy.OnHeroEscaped,75
10,15,DP,source,AdventurerAI.GrantReturnReward,486
10,15,DP,source,Nemesis.OnSlain,2041
10,15,Material,source,Nemesis.OnSlain,16
10,15,DP,stock,end,3358
10,15,Material,stock,end,707
10,15,Fame,stock,end,1910
10,16,DP,source,SurfaceMap.CollectYields,80
10,16,Material,source,SurfaceMap.CollectYields,4
10,16,Fame,source,SurfaceMap.CollectYields,18
10,16,DP,source,DistrictCatalog.Collect,98
10,16,DP,source,EraSystem.TickTurn,300
10,16,DP,sink,MinionRoster.TryForge,-665
10,16,DP,sink,DungeonFloorManager.TryExpandFloor,-800
10,16,DP,sink,MinionEvolution.TryEvolve,-550
10,16,DP,sink,MinionRoster.TryEvolveIndividual,-1450
10,16,DP,sink,DungeonFeatureManager.TryPlaceTrap,-150
10,16,DP,sink,MinionRoster.TrySummon,-216
10,16,DP,source,AdventurerAI.ReapEmotion,297
10,16,DP,source,AdventurerAI.TakeDamage,3488
10,16,Material,source,AdventurerAI.TakeDamage,149
10,16,DP,sink,CommandSystem.TryUse,-2450
10,16,Fame,source,AdventurerAI.GrantReturnReward,100
10,16,Fame,source,LureEconomy.OnHeroEscaped,250
10,16,DP,source,AdventurerAI.GrantReturnReward,3469
10,16,DP,source,Nemesis.OnSlain,1232
10,16,Material,source,Nemesis.OnSlain,10
10,16,DP,stock,end,6041
10,16,Material,stock,end,870
10,16,Fame,stock,end,2278
10,17,DP,source,SurfaceMap.CollectYields,80
10,17,Material,source,SurfaceMap.CollectYields,4
10,17,Fame,source,SurfaceMap.CollectYields,18
10,17,DP,source,DistrictCatalog.Collect,98
10,17,DP,source,EraSystem.TickTurn,720
10,17,DP,sink,MinionRoster.TryForge,-380
10,17,DP,sink,DungeonFloorManager.TryAddFloor,-5000
10,17,DP,sink,DungeonFloorManager.TryExpandFloor,-1200
10,17,DP,sink,DungeonFeatureManager.TryPlaceTrap,-150
10,17,DP,sink,MinionRoster.TrySummon,-198
10,17,DP,source,AdventurerAI.ReapEmotion,162
10,17,DP,source,AdventurerAI.GrantReturnReward,963
10,17,Fame,source,AdventurerAI.GrantReturnReward,30
10,17,Fame,source,LureEconomy.OnHeroEscaped,75
10,17,DP,sink,CommandSystem.TryUse,-2300
10,17,DP,source,AdventurerAI.TakeDamage,2867
10,17,Material,source,AdventurerAI.TakeDamage,91
10,17,DP,source,Nemesis.OnSlain,1896
10,17,Material,source,Nemesis.OnSlain,15
10,17,DP,stock,end,3599
10,17,Material,stock,end,980
10,17,Fame,stock,end,2401
10,18,DP,source,SurfaceMap.CollectYields,100
10,18,Material,source,SurfaceMap.CollectYields,5
10,18,Fame,source,SurfaceMap.CollectYields,22
10,18,DP,source,DistrictCatalog.Collect,98
10,18,DP,sink,MinionRoster.TryForge,-1481
10,18,DP,sink,DungeonFloorManager.TryExpandFloor,-1500
10,18,DP,sink,MinionRoster.TryEvolveIndividual,-325
10,18,DP,sink,DungeonFeatureManager.TryPlaceTrap,-300
10,18,DP,sink,MinionRoster.TrySummon,-170
10,18,DP,source,AdventurerAI.ReapEmotion,207
10,18,DP,source,AdventurerAI.TakeDamage,3388
10,18,Material,source,AdventurerAI.TakeDamage,69
10,18,DP,sink,CommandSystem.TryUse,-5600
10,18,DP,source,AdventurerAI.GrantReturnReward,3619
10,18,Fame,source,AdventurerAI.GrantReturnReward,90
10,18,Fame,source,LureEconomy.OnHeroEscaped,225
10,18,DP,source,Nemesis.OnSlain,632
10,18,Material,source,Nemesis.OnSlain,5
10,18,DP,stock,end,2267
10,18,Material,stock,end,1059
10,18,Fame,stock,end,2738
10,19,DP,source,SurfaceMap.CollectYields,100
10,19,Material,source,SurfaceMap.CollectYields,5
10,19,Fame,source,SurfaceMap.CollectYields,22
10,19,DP,source,DistrictCatalog.Collect,126
10,19,DP,source,EraSystem.TickTurn,300
10,19,DP,sink,MinionRoster.TryForge,-380
10,19,DP,sink,DungeonFloorManager.TryExpandFloor,-1500
10,19,DP,sink,MinionRoster.TryEvolveIndividual,-325
10,19,DP,sink,DungeonFeatureManager.TryPlaceTrap,-300
10,19,DP,sink,MinionRoster.TrySummon,-285
10,19,DP,source,AdventurerAI.ReapEmotion,231
10,19,DP,source,AdventurerAI.TakeDamage,4033
10,19,Material,source,AdventurerAI.TakeDamage,256
10,19,DP,source,AdventurerAI.GrantReturnReward,990
10,19,Fame,source,AdventurerAI.GrantReturnReward,40
10,19,Fame,source,LureEconomy.OnHeroEscaped,100
10,19,DP,sink,CommandSystem.TryUse,-5600
10,19,DP,source,Nemesis.OnSlain,1296
10,19,Material,source,Nemesis.OnSlain,10
10,19,DP,stock,end,953
10,19,Material,stock,end,1330
10,19,Fame,stock,end,2900
10,20,DP,source,SurfaceMap.CollectYields,132
10,20,Material,source,SurfaceMap.CollectYields,5
10,20,Fame,source,SurfaceMap.CollectYields,27
10,20,DP,source,DistrictCatalog.Collect,126
10,20,DP,sink,MinionRoster.TryForge,-584
10,20,DP,sink,MinionRoster.TryEvolveIndividual,-75
10,20,DP,sink,DungeonFeatureManager.TryPlaceTrap,-300
10,20,DP,sink,MinionRoster.TrySummon,-242
10,20,DP,source,AdventurerAI.ReapEmotion,213
10,20,DP,source,AdventurerAI.GrantReturnReward,3711
10,20,Fame,source,AdventurerAI.GrantReturnReward,70
10,20,Fame,source,LureEconomy.OnHeroEscaped,175
10,20,DP,sink,CommandSystem.TryUse,-2300
10,20,DP,source,AdventurerAI.TakeDamage,2069
10,20,Material,source,AdventurerAI.TakeDamage,54
10,20,DP,stock,end,3703
10,20,Material,stock,end,1389
10,20,Fame,stock,end,3172
10,21,DP,source,SurfaceMap.CollectYields,132
10,21,Material,source,SurfaceMap.CollectYields,5
10,21,Fame,source,SurfaceMap.CollectYields,27
10,21,DP,source,DistrictCatalog.Collect,126
10,21,DP,sink,MinionRoster.TryForge,-2026
10,21,DP,sink,DungeonFloorManager.TryExpandFloor,-1500
10,21,DP,sink,DungeonFeatureManager.TryPlaceTrap,-150
10,21,DP,sink,MinionRoster.TrySummon,-278
10,21,DP,source,AdventurerAI.ReapEmotion,187
10,21,DP,source,AdventurerAI.TakeDamage,3685
10,21,Material,source,AdventurerAI.TakeDamage,70
10,21,DP,sink,CommandSystem.TryUse,-5600
10,21,DP,source,AdventurerAI.GrantReturnReward,3563
10,21,Fame,source,AdventurerAI.GrantReturnReward,120
10,21,Fame,source,LureEconomy.OnHeroEscaped,300
10,21,DP,stock,end,1842
10,21,Material,stock,end,1464
10,21,Fame,stock,end,3619
10,22,DP,source,SurfaceMap.CollectYields,160
10,22,Material,source,SurfaceMap.CollectYields,6
10,22,Fame,source,SurfaceMap.CollectYields,33
10,22,DP,source,DistrictCatalog.Collect,126
10,22,DP,sink,MinionRoster.TryForge,-1618
10,22,DP,sink,DungeonFeatureManager.TryPlaceTrap,-300
10,22,DP,sink,MinionRoster.TrySummon,-189
10,22,DP,source,AdventurerAI.ReapEmotion,106
10,22,DP,source,AdventurerAI.GrantReturnReward,5613
10,22,Fame,source,AdventurerAI.GrantReturnReward,150
10,22,Fame,source,LureEconomy.OnHeroEscaped,375
10,22,DP,sink,CommandSystem.TryUse,-4450
10,22,DP,source,AdventurerAI.TakeDamage,5163
10,22,Material,source,AdventurerAI.TakeDamage,388
10,22,DP,source,Nemesis.OnSlain,697
10,22,Material,source,Nemesis.OnSlain,5
10,22,DP,stock,end,7150
10,22,Material,stock,end,1863
10,22,Fame,stock,end,4177
10,23,DP,source,SurfaceMap.CollectYields,160
10,23,Material,source,SurfaceMap.CollectYields,6
10,23,Fame,source,SurfaceMap.CollectYields,33
10,23,DP,source,DistrictCatalog.Collect,112
10,23,DP,sink,MinionRoster.TryForge,-6636
10,23,DP,sink,MinionRoster.TryEvolveIndividual,-325
10,23,DP,sink,DungeonFeatureManager.TryPlaceTrap,-300
10,23,DP,sink,MinionRoster.TrySummon,-158
10,23,DP,source,AdventurerAI.ReapEmotion,293
10,23,DP,source,AdventurerAI.TakeDamage,5988
10,23,Material,source,AdventurerAI.TakeDamage,92
10,23,DP,sink,CommandSystem.TryUse,-5600
10,23,DP,source,AdventurerAI.GrantReturnReward,5671
10,23,Fame,source,AdventurerAI.GrantReturnReward,130
10,23,Fame,source,LureEconomy.OnHeroEscaped,325
10,23,DP,stock,end,6355
10,23,Material,stock,end,1961
10,23,Fame,stock,end,4665
10,24,DP,source,SurfaceMap.CollectYields,121
10,24,Material,source,SurfaceMap.CollectYields,6
10,24,Fame,source,SurfaceMap.CollectYields,27
10,24,DP,source,DistrictCatalog.Collect,112
10,24,DP,sink,MinionRoster.TryForge,-168
10,24,DP,sink,MinionEvolution.TryEvolve,-4900
10,24,DP,sink,MinionRoster.TryEvolveIndividual,-1075
10,24,DP,sink,DungeonFeatureManager.TryPlaceTrap,-150
10,24,DP,sink,MinionRoster.TrySummon,-284
10,24,DP,source,IncidentSystem.Apply,600
10,24,DP,sink,CommandSystem.TryUse,-5700
10,24,DP,source,AdventurerAI.ReapEmotion,332
10,24,DP,source,AdventurerAI.TakeDamage,4152
10,24,Material,source,AdventurerAI.TakeDamage,196
10,24,DP,source,AdventurerAI.GrantReturnReward,11452
10,24,Fame,source,AdventurerAI.GrantReturnReward,290
10,24,Fame,source,LureEconomy.OnHeroEscaped,725
10,24,DP,stock,end,10847
10,24,Material,stock,end,2163
10,24,Fame,stock,end,5707
10,25,DP,source,SurfaceMap.CollectYields,121
10,25,Material,source,SurfaceMap.CollectYields,6
10,25,Fame,source,SurfaceMap.CollectYields,27
10,25,DP,source,DistrictCatalog.Collect,28
10,25,DP,source,EraSystem.TickTurn,3840
10,25,DP,sink,MinionRoster.TryForge,-168
10,25,DP,sink,DungeonFloorManager.TryAddFloor,-12500
10,25,DP,sink,DungeonFloorManager.TryExpandFloor,-1200
10,25,DP,sink,MinionRoster.TryEvolveIndividual,-650
10,25,DP,sink,DungeonFeatureManager.TryPlaceTrap,-150
10,25,DP,sink,MinionRoster.TrySummon,-162
10,25,DP,source,AdventurerAI.ReapEmotion,250
10,25,DP,source,AdventurerAI.TakeDamage,3595
10,25,Material,source,AdventurerAI.TakeDamage,296
10,25,DP,sink,CommandSystem.TryUse,-5350
10,25,DP,source,AdventurerAI.GrantReturnReward,9612
10,25,Fame,source,AdventurerAI.GrantReturnReward,360
10,25,Fame,source,LureEconomy.OnHeroEscaped,900
10,25,DP,stock,end,8113
10,25,Material,stock,end,2465
10,25,Fame,stock,end,6994
10,26,DP,source,SurfaceMap.CollectYields,121
10,26,Material,source,SurfaceMap.CollectYields,6
10,26,Fame,source,SurfaceMap.CollectYields,27
10,26,DP,source,DistrictCatalog.Collect,28
10,26,DP,source,EraSystem.TickTurn,6528
10,26,DP,sink,MinionRoster.TryForge,-168
10,26,DP,sink,DungeonFloorManager.TryExpandFloor,-5500
10,26,DP,sink,MinionRoster.TryEvolveIndividual,-8650
10,26,DP,sink,DungeonFeatureManager.TryPlaceTrap,-300
10,26,DP,sink,MinionRoster.TrySummon,-165
10,26,DP,source,AdventurerAI.ReapEmotion,367
10,26,DP,source,AdventurerAI.TakeDamage,5645
10,26,Material,source,AdventurerAI.TakeDamage,83
10,26,DP,sink,CommandSystem.TryUse,-5350
10,26,DP,source,AdventurerAI.GrantReturnReward,15016
10,26,Fame,source,AdventurerAI.GrantReturnReward,360
10,26,Fame,source,LureEconomy.OnHeroEscaped,900
10,26,DP,stock,end,15685
10,26,Material,stock,end,2554
10,26,Fame,stock,end,8281
10,27,DP,source,SurfaceMap.CollectYields,142
10,27,Material,source,SurfaceMap.CollectYields,7
10,27,Fame,source,SurfaceMap.CollectYields,32
10,27,DP,source,DistrictCatalog.Collect,28
10,27,DP,source,EraSystem.TickTurn,6528
10,27,DP,sink,MinionRoster.TryForge,-8592
10,27,DP,sink,DungeonFloorManager.TryExpandFloor,-10000
10,27,DP,sink,MinionRoster.TryEvolveIndividual,-3075
10,27,DP,sink,DungeonFeatureManager.TryPlaceTrap,-450
10,27,DP,sink,MinionRoster.TrySummon,-264
10,27,DP,source,AdventurerAI.ReapEmotion,599
10,27,DP,sink,CommandSystem.TryUse,-4450
10,27,DP,source,AdventurerAI.TakeDamage,7199
10,27,Material,source,AdventurerAI.TakeDamage,50
10,27,DP,source,AdventurerAI.GrantReturnReward,9525
10,27,Fame,source,AdventurerAI.GrantReturnReward,370
10,27,Fame,source,LureEconomy.OnHeroEscaped,925
10,27,DP,stock,end,12875
10,27,Material,stock,end,2611
10,27,Fame,stock,end,9608
10,28,DP,source,SurfaceMap.CollectYields,144
10,28,Material,source,SurfaceMap.CollectYields,7
10,28,Fame,source,SurfaceMap.CollectYields,32
10,28,DP,source,DistrictCatalog.Collect,28
10,28,DP,source,EraSystem.TickTurn,3840
10,28,DP,sink,MinionRoster.TryForge,-13296
10,28,DP,sink,MinionRoster.TryEvolveIndividual,-2450
10,28,DP,sink,DungeonFeatureManager.TryPlaceTrap,-900
10,28,DP,sink,MinionRoster.TrySummon,-241
10,28,DP,source,AdventurerAI.ReapEmotion,356
10,28,DP,sink,CommandSystem.TryUse,-4900
10,28,DP,source,AdventurerAI.TakeDamage,6301
10,28,Material,source,AdventurerAI.TakeDamage,78
10,28,Fame,source,AdventurerAI.GrantReturnReward,450
10,28,Fame,source,LureEconomy.OnHeroEscaped,1125
10,28,DP,source,AdventurerAI.GrantReturnReward,15848
10,28,DP,stock,end,17605
10,28,Material,stock,end,2696
10,28,Fame,stock,end,11215
10,29,DP,source,SurfaceMap.CollectYields,144
10,29,Material,source,SurfaceMap.CollectYields,7
10,29,Fame,source,SurfaceMap.CollectYields,32
10,29,DP,source,DistrictCatalog.Collect,28
10,29,DP,source,EraSystem.TickTurn,3840
10,29,DP,sink,MinionRoster.TryForge,-14820
10,29,DP,sink,MinionRoster.TryEvolveIndividual,-925
10,29,Material,sink,MinionRoster.TryForge,-20
10,29,DP,sink,DungeonFeatureManager.TryPlaceTrap,-3600
10,29,DP,sink,MinionRoster.TrySummon,-2242
10,29,DP,source,AdventurerAI.ReapEmotion,260
10,29,DP,source,AdventurerAI.TakeDamage,12948
10,29,Material,source,AdventurerAI.TakeDamage,455
10,29,DP,sink,CommandSystem.TryUse,-4450
10,29,DP,source,AdventurerAI.GrantReturnReward,12850
10,29,Fame,source,AdventurerAI.GrantReturnReward,360
10,29,Fame,source,LureEconomy.OnHeroEscaped,900
10,29,DP,stock,end,21638
10,29,Material,stock,end,3138
10,29,Fame,stock,end,12507
10,30,DP,source,SurfaceMap.CollectYields,144
10,30,Material,source,SurfaceMap.CollectYields,7
10,30,Fame,source,SurfaceMap.CollectYields,32
10,30,DP,source,DistrictCatalog.Collect,28
10,30,DP,source,EraSystem.TickTurn,6528
10,30,Material,source,EraSystem.TickTurn,32
10,30,DP,sink,MinionRoster.TryForge,-17280
10,30,DP,sink,MinionRoster.TryEvolveIndividual,-675
10,30,Material,sink,MinionRoster.TryForge,-48
10,30,DP,sink,DungeonFeatureManager.TryPlaceTrap,-3600
10,30,DP,sink,MinionRoster.TrySummon,-6772
10,30,DP,source,AdventurerAI.ReapEmotion,236
10,30,DP,source,AdventurerAI.TakeDamage,17943
10,30,Material,source,AdventurerAI.TakeDamage,546
10,30,DP,sink,CommandSystem.TryUse,-4900
10,30,DP,source,AdventurerAI.GrantReturnReward,18359
10,30,Fame,source,AdventurerAI.GrantReturnReward,430
10,30,Fame,source,LureEconomy.OnHeroEscaped,1075
10,30,DP,stock,end,31649
10,30,Material,stock,end,3675
10,30,Fame,stock,end,14044
10,31,DP,source,SurfaceMap.CollectYields,165
10,31,Material,source,SurfaceMap.CollectYields,9
10,31,Fame,source,SurfaceMap.CollectYields,37
10,31,DP,source,DistrictCatalog.Collect,28
10,31,DP,source,EraSystem.TickTurn,3840
10,31,Material,source,EraSystem.TickTurn,37
10,31,Fame,source,EraSystem.TickTurn,80
10,31,DP,sink,MinionRoster.TryForge,-924
10,31,DP,sink,DungeonFloorManager.TryAddFloor,-31250
10,31,DP,sink,DungeonFloorManager.TryExpandFloor,-2700
10,31,DP,sink,MinionRoster.TryEvolveIndividual,-375
10,31,DP,sink,DungeonFeatureManager.TryPlaceTrap,-150
10,31,DP,sink,MinionRoster.TrySummon,-276
10,31,DP,source,AdventurerAI.ReapEmotion,297
10,31,DP,sink,CommandSystem.TryUse,-4450
10,31,DP,source,AdventurerAI.TakeDamage,14898
10,31,Material,source,AdventurerAI.TakeDamage,569
10,31,DP,source,AdventurerAI.GrantReturnReward,23221
10,31,Fame,source,AdventurerAI.GrantReturnReward,340
10,31,Fame,source,LureEconomy.OnHeroEscaped,850
10,31,DP,stock,end,33973
10,31,Material,stock,end,4290
10,31,Fame,stock,end,15351
10,32,DP,source,SurfaceMap.CollectYields,165
10,32,Material,source,SurfaceMap.CollectYields,9
10,32,Fame,source,SurfaceMap.CollectYields,37
10,32,DP,source,DistrictCatalog.Collect,28
10,32,DP,source,EraSystem.TickTurn,6528
10,32,Fame,source,EraSystem.TickTurn,192
10,32,DP,sink,MinionRoster.TryForge,-11526
10,32,DP,sink,DungeonFloorManager.TryExpandFloor,-2500
10,32,DP,sink,MinionRoster.TryEvolveIndividual,-325
10,32,Material,sink,MinionRoster.TryForge,-10
10,32,DP,sink,DungeonFeatureManager.TryPlaceTrap,-3600
10,32,DP,sink,MinionRoster.TrySummon,-22713
10,32,DP,source,AdventurerAI.ReapEmotion,369
10,32,DP,sink,CommandSystem.TryUse,-4450
10,32,DP,source,AdventurerAI.GrantReturnReward,18881
10,32,Fame,source,AdventurerAI.GrantReturnReward,440
10,32,Fame,source,LureEconomy.OnHeroEscaped,1100
10,32,DP,source,AdventurerAI.TakeDamage,10053
10,32,Material,source,AdventurerAI.TakeDamage,538
10,32,DP,stock,end,24883
10,32,Material,stock,end,4827
10,32,Fame,stock,end,17120
10,33,DP,source,SurfaceMap.CollectYields,165
10,33,Material,source,SurfaceMap.CollectYields,9
10,33,Fame,source,SurfaceMap.CollectYields,37
10,33,DP,source,DistrictCatalog.Collect,28
10,33,DP,sink,MinionRoster.TryForge,-4872
10,33,DP,sink,MinionRoster.TryEvolveIndividual,-500
10,33,DP,sink,DungeonFeatureManager.TryPlaceTrap,-3600
10,33,DP,sink,MinionRoster.TrySummon,-16088
10,33,DP,source,AdventurerAI.ReapEmotion,281
10,33,DP,source,AdventurerAI.TakeDamage,31745
10,33,Material,source,AdventurerAI.TakeDamage,956
10,33,DP,sink,CommandSystem.TryUse,-4900
10,33,DP,source,AdventurerAI.GrantReturnReward,12316
10,33,Fame,source,AdventurerAI.GrantReturnReward,220
10,33,Fame,source,LureEconomy.OnHeroEscaped,550
10,33,DP,stock,end,39458
10,33,Material,stock,end,5792
10,33,Fame,stock,end,17927
10,34,DP,source,SurfaceMap.CollectYields,165
10,34,Material,source,SurfaceMap.CollectYields,9
10,34,Fame,source,SurfaceMap.CollectYields,37
10,34,DP,source,DistrictCatalog.Collect,28
10,34,DP,sink,MinionRoster.TryForge,-11928
10,34,DP,sink,DungeonFeatureManager.TryPlaceTrap,-3600
10,34,DP,sink,MinionRoster.TrySummon,-24095
10,34,DP,source,AdventurerAI.ReapEmotion,113
10,34,DP,source,AdventurerAI.TakeDamage,33033
10,34,Material,source,AdventurerAI.TakeDamage,1199
10,34,DP,sink,CommandSystem.TryUse,-4900
10,34,DP,source,AdventurerAI.GrantReturnReward,17812
10,34,Fame,source,AdventurerAI.GrantReturnReward,310
10,34,Fame,source,LureEconomy.OnHeroEscaped,775
10,34,DP,stock,end,46086
10,34,Material,stock,end,7000
10,34,Fame,stock,end,19049
10,35,DP,source,SurfaceMap.CollectYields,165
10,35,Material,source,SurfaceMap.CollectYields,9
10,35,Fame,source,SurfaceMap.CollectYields,37
10,35,DP,source,DistrictCatalog.Collect,28
10,35,DP,sink,MinionRoster.TryForge,-23940
10,35,Material,sink,MinionRoster.TryForge,-84
10,35,DP,sink,DungeonFeatureManager.TryPlaceTrap,-3600
10,35,DP,sink,MinionRoster.TrySummon,-18739
10,35,DP,source,AdventurerAI.ReapEmotion,173
10,35,DP,source,AdventurerAI.GrantReturnReward,23486
10,35,Fame,source,AdventurerAI.GrantReturnReward,270
10,35,Fame,source,LureEconomy.OnHeroEscaped,675
10,35,DP,sink,CommandSystem.TryUse,-5350
10,35,DP,source,AdventurerAI.TakeDamage,38458
10,35,Material,source,AdventurerAI.TakeDamage,3076
10,35,DP,source,Nemesis.OnSlain,4278
10,35,Material,source,Nemesis.OnSlain,17
10,35,DP,stock,end,61045
10,35,Material,stock,end,10018
10,35,Fame,stock,end,20031
10,36,DP,source,SurfaceMap.CollectYields,165
10,36,Material,source,SurfaceMap.CollectYields,9
10,36,Fame,source,SurfaceMap.CollectYields,37
10,36,DP,source,DistrictCatalog.Collect,28
10,36,DP,sink,MinionRoster.TryForge,-23940
10,36,Material,sink,MinionRoster.TryForge,-84
10,36,DP,sink,DungeonFeatureManager.TryPlaceTrap,-1500
10,36,DP,sink,MinionRoster.TrySummon,-35789
10,36,DP,source,AdventurerAI.ReapEmotion,586
10,36,DP,sink,CommandSystem.TryUse,-4250
10,36,DP,source,AdventurerAI.GrantReturnReward,17639
10,36,Fame,source,AdventurerAI.GrantReturnReward,310
10,36,Fame,source,LureEconomy.OnHeroEscaped,775
10,36,DP,source,AdventurerAI.TakeDamage,30566
10,36,Material,source,AdventurerAI.TakeDamage,131499
10,36,DP,source,Nemesis.OnSlain,12834
10,36,Material,source,Nemesis.OnSlain,51
10,36,DP,stock,end,57384
10,36,Material,stock,end,141493
10,36,Fame,stock,end,21153
10,37,DP,source,SurfaceMap.CollectYields,165
10,37,Material,source,SurfaceMap.CollectYields,9
10,37,Fame,source,SurfaceMap.CollectYields,37
10,37,DP,source,DistrictCatalog.Collect,28
10,37,DP,sink,MinionRoster.TryForge,-38370
10,37,Material,sink,MinionRoster.TryForge,-306
10,37,DP,sink,MinionRoster.TrySummon,-19192
10,37,DP,source,AdventurerAI.ReapEmotion,504
10,37,DP,sink,CommandSystem.TryUse,-4550
10,37,DP,source,AdventurerAI.TakeDamage,48125
10,37,Material,source,AdventurerAI.TakeDamage,3788
10,37,DP,source,AdventurerAI.GrantReturnReward,36629
10,37,Fame,source,AdventurerAI.GrantReturnReward,490
10,37,Fame,source,LureEconomy.OnHeroEscaped,1225
10,37,DP,source,Nemesis.OnSlain,8556
10,37,Material,source,Nemesis.OnSlain,34
10,37,DP,stock,end,89279
10,37,Material,stock,end,145018
10,37,Fame,stock,end,22905
10,38,DP,source,SurfaceMap.CollectYields,165
10,38,Material,source,SurfaceMap.CollectYields,9
10,38,Fame,source,SurfaceMap.CollectYields,37
10,38,DP,source,DistrictCatalog.Collect,28
10,38,DP,source,EraSystem.TickTurn,1920
10,38,Material,source,EraSystem.TickTurn,37
10,38,DP,sink,MinionRoster.TryForge,-40320
10,38,Material,sink,MinionRoster.TryForge,-336
10,38,DP,sink,MinionRoster.TrySummon,-51070
10,38,DP,source,AdventurerAI.ReapEmotion,399
10,38,DP,sink,CommandSystem.TryUse,-4100
10,38,DP,source,AdventurerAI.GrantReturnReward,18983
10,38,Fame,source,AdventurerAI.GrantReturnReward,300
10,38,Fame,source,LureEconomy.OnHeroEscaped,750
10,38,DP,source,AdventurerAI.TakeDamage,28390
10,38,Material,source,AdventurerAI.TakeDamage,1543
10,38,DP,stock,end,43674
10,38,Material,stock,end,146271
10,38,Fame,stock,end,23992
10,39,DP,source,SurfaceMap.CollectYields,165
10,39,Material,source,SurfaceMap.CollectYields,9
10,39,Fame,source,SurfaceMap.CollectYields,37
10,39,DP,source,DistrictCatalog.Collect,28
10,39,DP,sink,MinionRoster.TryForge,-40320
10,39,Material,sink,MinionRoster.TryForge,-336
10,39,DP,sink,MinionRoster.TrySummon,-3512
10,39,DP,source,AdventurerAI.ReapEmotion,198
10,39,DP,source,AdventurerAI.TakeDamage,34088
10,39,Material,source,AdventurerAI.TakeDamage,821
10,39,DP,sink,CommandSystem.TryUse,-4250
10,39,DP,source,AdventurerAI.GrantReturnReward,11051
10,39,Fame,source,AdventurerAI.GrantReturnReward,240
10,39,Fame,source,LureEconomy.OnHeroEscaped,600
10,39,DP,source,Nemesis.OnSlain,3058
10,39,Material,source,Nemesis.OnSlain,20
10,39,DP,stock,end,44180
10,39,Material,stock,end,146785
10,39,Fame,stock,end,24869
10,40,DP,source,SurfaceMap.CollectYields,165
10,40,Material,source,SurfaceMap.CollectYields,9
10,40,Fame,source,SurfaceMap.CollectYields,37
10,40,DP,source,DistrictCatalog.Collect,28
10,40,DP,sink,MinionRoster.TryForge,-42600
10,40,Material,sink,MinionRoster.TryForge,-470
10,40,DP,sink,MinionRoster.TrySummon,-1754
10,40,DP,source,AdventurerAI.ReapEmotion,258
10,40,DP,source,AdventurerAI.GrantReturnReward,31624
10,40,Fame,source,AdventurerAI.GrantReturnReward,350
10,40,Fame,source,LureEconomy.OnHeroEscaped,875
10,40,DP,sink,CommandSystem.TryUse,-5000
10,40,DP,source,AdventurerAI.TakeDamage,31807
10,40,Material,source,AdventurerAI.TakeDamage,648
10,40,DP,stock,end,58708
10,40,Material,stock,end,146972
10,40,Fame,stock,end,26131
10,41,DP,source,SurfaceMap.CollectYields,165
10,41,Material,source,SurfaceMap.CollectYields,9
10,41,Fame,source,SurfaceMap.CollectYields,37
10,41,DP,source,DistrictCatalog.Collect,28
10,41,DP,source,EraSystem.TickTurn,1920
10,41,DP,sink,MinionRoster.TryForge,-59280
10,41,Material,sink,MinionRoster.TryForge,-684
10,41,DP,sink,MinionRoster.TrySummon,-1538
10,41,DP,source,AdventurerAI.ReapEmotion,379
10,41,DP,sink,CommandSystem.TryUse,-4250
10,41,DP,source,AdventurerAI.GrantReturnReward,24723
10,41,Fame,source,AdventurerAI.GrantReturnReward,270
10,41,Fame,source,LureEconomy.OnHeroEscaped,675
10,41,DP,source,AdventurerAI.TakeDamage,33136
10,41,Material,source,AdventurerAI.TakeDamage,558
10,41,DP,source,Nemesis.OnSlain,2820
10,41,Material,source,Nemesis.OnSlain,18
10,41,DP,stock,end,56811
10,41,Material,stock,end,146873
10,41,Fame,stock,end,27113
10,42,DP,source,SurfaceMap.CollectYields,206
10,42,Material,source,SurfaceMap.CollectYields,12
10,42,Fame,source,SurfaceMap.CollectYields,37
10,42,DP,source,DistrictCatalog.Collect,28
10,42,DP,sink,MinionRoster.TryForge,-54600
10,42,Material,sink,MinionRoster.TryForge,-630
10,42,DP,sink,MinionRoster.TrySummon,-2437
10,42,DP,source,AdventurerAI.ReapEmotion,319
10,42,DP,sink,CommandSystem.TryUse,-4550
10,42,DP,source,AdventurerAI.TakeDamage,35521
10,42,Material,source,AdventurerAI.TakeDamage,820
10,42,DP,source,AdventurerAI.GrantReturnReward,39732
10,42,Fame,source,AdventurerAI.GrantReturnReward,610
10,42,Fame,source,LureEconomy.OnHeroEscaped,1525
10,42,DP,source,Nemesis.OnSlain,1722
10,42,Material,source,Nemesis.OnSlain,10
10,42,DP,stock,end,72752
10,42,Material,stock,end,147085
10,42,Fame,stock,end,29285
10,43,DP,source,SurfaceMap.CollectYields,206
10,43,Material,source,SurfaceMap.CollectYields,12
10,43,Fame,source,SurfaceMap.CollectYields,37
10,43,DP,source,DistrictCatalog.Collect,28
10,43,DP,sink,MinionRoster.TryForge,-69120
10,43,Material,sink,MinionRoster.TryForge,-832
10,43,DP,sink,MinionRoster.TrySummon,-3845
10,43,DP,source,AdventurerAI.ReapEmotion,485
10,43,DP,sink,CommandSystem.TryUse,-4250
10,43,DP,source,AdventurerAI.GrantReturnReward,23606
10,43,Fame,source,AdventurerAI.GrantReturnReward,300
10,43,Fame,source,LureEconomy.OnHeroEscaped,750
10,43,DP,source,AdventurerAI.TakeDamage,30712
10,43,Material,source,AdventurerAI.TakeDamage,576
10,43,DP,source,Nemesis.OnSlain,956
10,43,Material,source,Nemesis.OnSlain,6
10,43,DP,stock,end,51530
10,43,Material,stock,end,146847
10,43,Fame,stock,end,30372
10,44,DP,source,SurfaceMap.CollectYields,254
10,44,Material,source,SurfaceMap.CollectYields,12
10,44,Fame,source,SurfaceMap.CollectYields,45
10,44,DP,source,DistrictCatalog.Collect,28
10,44,DP,sink,MinionRoster.TryForge,-48000
10,44,Material,sink,MinionRoster.TryForge,-640
10,44,DP,sink,MinionRoster.TrySummon,-3809
10,44,DP,source,AdventurerAI.ReapEmotion,137
10,44,DP,source,AdventurerAI.GrantReturnReward,28244
10,44,Fame,source,AdventurerAI.GrantReturnReward,380
10,44,Fame,source,LureEconomy.OnHeroEscaped,950
10,44,DP,sink,CommandSystem.TryUse,-4250
10,44,DP,source,AdventurerAI.TakeDamage,39887
10,44,Material,source,AdventurerAI.TakeDamage,1533
10,44,DP,source,Nemesis.OnSlain,6012
10,44,Material,source,Nemesis.OnSlain,32
10,44,DP,stock,end,70033
10,44,Material,stock,end,147784
10,44,Fame,stock,end,31747
10,45,DP,source,SurfaceMap.CollectYields,254
10,45,Material,source,SurfaceMap.CollectYields,12
10,45,Fame,source,SurfaceMap.CollectYields,45
10,45,DP,source,DistrictCatalog.Collect,28
10,45,DP,sink,MinionRoster.TryForge,-67200
10,45,Material,sink,MinionRoster.TryForge,-896
10,45,DP,sink,MinionRoster.TrySummon,-3097
10,45,DP,source,AdventurerAI.ReapEmotion,172
10,45,DP,source,AdventurerAI.GrantReturnReward,53773
10,45,Fame,source,AdventurerAI.GrantReturnReward,500
10,45,Fame,source,LureEconomy.OnHeroEscaped,1250
10,45,DP,sink,CommandSystem.TryUse,-4200
10,45,DP,source,AdventurerAI.TakeDamage,30692
10,45,Material,source,AdventurerAI.TakeDamage,983
10,45,DP,source,Nemesis.OnSlain,1326
10,45,Material,source,Nemesis.OnSlain,8
10,45,DP,stock,end,81781
10,45,Material,stock,end,147891
10,45,Fame,stock,end,33542
10,46,DP,source,SurfaceMap.CollectYields,254
10,46,Material,source,SurfaceMap.CollectYields,12
10,46,Fame,source,SurfaceMap.CollectYields,45
10,46,DP,source,DistrictCatalog.Collect,28
10,46,DP,sink,MinionRoster.TryForge,-79200
10,46,Material,sink,MinionRoster.TryForge,-1056
10,46,DP,sink,MinionRoster.TrySummon,-2829
10,46,DP,source,AdventurerAI.ReapEmotion,858
10,46,DP,sink,CommandSystem.TryUse,-4050
10,46,DP,source,AdventurerAI.GrantReturnReward,42367
10,46,Fame,source,AdventurerAI.GrantReturnReward,430
10,46,Fame,source,LureEconomy.OnHeroEscaped,1075
10,46,DP,source,AdventurerAI.TakeDamage,19408
10,46,Material,source,AdventurerAI.TakeDamage,1194
10,46,DP,source,Nemesis.OnSlain,1004
10,46,Material,source,Nemesis.OnSlain,6
10,46,DP,stock,end,59621
10,46,Material,stock,end,148047
10,46,Fame,stock,end,35092
10,47,DP,source,SurfaceMap.CollectYields,254
10,47,Material,source,SurfaceMap.CollectYields,12
10,47,Fame,source,SurfaceMap.CollectYields,45
10,47,DP,source,DistrictCatalog.Collect,28
10,47,DP,sink,MinionRoster.TryForge,-4800
10,47,Material,sink,MinionRoster.TryForge,-64
10,47,DP,sink,MinionEvolution.TryEvolve,-9050
10,47,DP,sink,MinionRoster.TryEvolveIndividual,-45150
10,47,DP,sink,MinionRoster.TrySummon,-896
10,47,DP,source,AdventurerAI.ReapEmotion,272
10,47,DP,source,AdventurerAI.GrantReturnReward,33680
10,47,Fame,source,AdventurerAI.GrantReturnReward,340
10,47,Fame,source,LureEconomy.OnHeroEscaped,850
10,47,DP,sink,CommandSystem.TryUse,-4250
10,47,DP,source,AdventurerAI.TakeDamage,27854
10,47,Material,source,AdventurerAI.TakeDamage,387
10,47,DP,source,Nemesis.OnSlain,1845
10,47,Material,source,Nemesis.OnSlain,10
10,47,DP,stock,end,59408
10,47,Material,stock,end,148392
10,47,Fame,stock,end,36327
10,48,DP,source,SurfaceMap.CollectYields,221
10,48,Material,source,SurfaceMap.CollectYields,12
10,48,Fame,source,SurfaceMap.CollectYields,37
10,48,DP,source,DistrictCatalog.Collect,28
10,48,DP,source,EraSystem.TickTurn,9720
10,48,DP,sink,MinionRoster.TryForge,-60000
10,48,Material,sink,MinionRoster.TryForge,-800
10,48,DP,sink,MinionRoster.TryEvolveIndividual,-5950
10,48,DP,sink,MinionRoster.TrySummon,-3425
10,48,DP,source,AdventurerAI.ReapEmotion,231
10,48,Fame,source,AdventurerAI.GrantReturnReward,230
10,48,Fame,source,LureEconomy.OnHeroEscaped,575
10,48,DP,source,AdventurerAI.TakeDamage,40374
10,48,Material,source,AdventurerAI.TakeDamage,828
10,48,DP,sink,CommandSystem.TryUse,-4050
10,48,DP,source,Nemesis.OnSlain,3795
10,48,Material,source,Nemesis.OnSlain,22
10,48,DP,source,AdventurerAI.GrantReturnReward,17881
10,48,DP,stock,end,58233
10,48,Material,stock,end,148454
10,48,Fame,stock,end,37169
10,49,DP,source,SurfaceMap.CollectYields,221
10,49,Material,source,SurfaceMap.CollectYields,12
10,49,Fame,source,SurfaceMap.CollectYields,37
10,49,DP,source,DistrictCatalog.Collect,28
10,49,DP,source,EraSystem.TickTurn,9720
10,49,DP,sink,MinionRoster.TryForge,-4800
10,49,Material,sink,MinionRoster.TryForge,-64
10,49,DP,sink,MinionEvolution.TryEvolve,-14200
10,49,DP,sink,MinionRoster.TryEvolveIndividual,-47800
10,49,DP,sink,MinionRoster.TrySummon,-1395
10,49,DP,source,AdventurerAI.ReapEmotion,141
10,49,DP,source,AdventurerAI.TakeDamage,33688
10,49,Material,source,AdventurerAI.TakeDamage,577
10,49,DP,sink,CommandSystem.TryUse,-4100
10,49,DP,source,AdventurerAI.GrantReturnReward,15116
10,49,Fame,source,AdventurerAI.GrantReturnReward,300
10,49,Fame,source,LureEconomy.OnHeroEscaped,750
10,49,DP,stock,end,44852
10,49,Material,stock,end,148979
10,49,Fame,stock,end,38256
10,50,DP,source,SurfaceMap.CollectYields,221
10,50,Material,source,SurfaceMap.CollectYields,12
10,50,Fame,source,SurfaceMap.CollectYields,37
10,50,DP,source,DistrictCatalog.Collect,28
10,50,DP,source,EraSystem.TickTurn,9720
10,50,DP,sink,MinionRoster.TryForge,-4800
10,50,Material,sink,MinionRoster.TryForge,-64
10,50,DP,sink,MinionEvolution.TryEvolve,-19050
10,50,DP,sink,MinionRoster.TryEvolveIndividual,-30250
10,50,DP,sink,MinionRoster.TrySummon,-718
10,50,DP,source,AdventurerAI.ReapEmotion,162
10,50,DP,source,AdventurerAI.GrantReturnReward,22718
10,50,Fame,source,AdventurerAI.GrantReturnReward,300
10,50,Fame,source,LureEconomy.OnHeroEscaped,750
10,50,DP,sink,CommandSystem.TryUse,-4050
10,50,DP,source,AdventurerAI.TakeDamage,66636
10,50,Material,source,AdventurerAI.TakeDamage,805
10,50,DP,stock,end,85469
10,50,Material,stock,end,149732
10,50,Fame,stock,end,39343
10,51,DP,source,SurfaceMap.CollectYields,221
10,51,Material,source,SurfaceMap.CollectYields,12
10,51,Fame,source,SurfaceMap.CollectYields,37
10,51,DP,source,DistrictCatalog.Collect,28
10,51,DP,source,EraSystem.TickTurn,9720
10,51,DP,sink,MinionRoster.TryForge,-4800
10,51,Material,sink,MinionRoster.TryForge,-64
10,51,DP,sink,DungeonFloorManager.TryAddFloor,-78125
10,51,DP,sink,DungeonFloorManager.TryExpandFloor,-5200
10,51,DP,sink,MinionRoster.TryEvolveIndividual,-6600
10,51,DP,sink,DungeonFeatureManager.TryPlaceTrap,-450
10,51,DP,sink,MinionRoster.TrySummon,-239
10,51,DP,source,AdventurerAI.ReapEmotion,420
10,51,DP,sink,CommandSystem.TryUse,-4550
10,51,DP,source,AdventurerAI.GrantReturnReward,32301
10,51,Fame,source,AdventurerAI.GrantReturnReward,480
10,51,Fame,source,LureEconomy.OnHeroEscaped,1200
10,51,DP,source,AdventurerAI.TakeDamage,76840
10,51,Material,source,AdventurerAI.TakeDamage,1276
10,51,DP,stock,end,105035
10,51,Material,stock,end,150956
10,51,Fame,stock,end,41060
10,52,DP,source,SurfaceMap.CollectYields,221
10,52,Material,source,SurfaceMap.CollectYields,12
10,52,Fame,source,SurfaceMap.CollectYields,37
10,52,DP,source,DistrictCatalog.Collect,28
10,52,DP,source,EraSystem.TickTurn,16524
10,52,DP,sink,MinionRoster.TryForge,-60480
10,52,Material,sink,MinionRoster.TryForge,-864
10,52,DP,sink,MinionRoster.TryEvolveIndividual,-57100
10,52,DP,sink,DungeonFeatureManager.TryPlaceTrap,-3600
10,52,DP,sink,MinionRoster.TrySummon,-605
10,52,DP,source,AdventurerAI.ReapEmotion,290
10,52,DP,sink,CommandSystem.TryUse,-4100
10,52,DP,source,AdventurerAI.GrantReturnReward,22017
10,52,Fame,source,AdventurerAI.GrantReturnReward,310
10,52,Fame,source,LureEconomy.OnHeroEscaped,775
10,52,DP,source,AdventurerAI.TakeDamage,50791
10,52,Material,source,AdventurerAI.TakeDamage,1236
10,52,DP,source,Nemesis.OnSlain,2896
10,52,Material,source,Nemesis.OnSlain,16
10,52,DP,stock,end,71917
10,52,Material,stock,end,151356
10,52,Fame,stock,end,42182
10,53,DP,source,SurfaceMap.CollectYields,221
10,53,Material,source,SurfaceMap.CollectYields,12
10,53,Fame,source,SurfaceMap.CollectYields,37
10,53,DP,source,DistrictCatalog.Collect,28
10,53,Material,source,DistrictCatalog.Collect,7
10,53,DP,source,EraSystem.TickTurn,9720
10,53,Material,source,EraSystem.TickTurn,124
10,53,DP,sink,MinionRoster.TryForge,-37440
10,53,Material,sink,MinionRoster.TryForge,-546
10,53,DP,sink,MinionRoster.TryEvolveIndividual,-39500
10,53,DP,sink,DungeonFeatureManager.TryPlaceTrap,-900
10,53,DP,sink,MinionRoster.TrySummon,-4001
10,53,DP,source,AdventurerAI.ReapEmotion,152
10,53,DP,source,AdventurerAI.GrantReturnReward,22012
10,53,Fame,source,AdventurerAI.GrantReturnReward,310
10,53,Fame,source,LureEconomy.OnHeroEscaped,775
10,53,DP,sink,CommandSystem.TryUse,-4100
10,53,DP,source,AdventurerAI.TakeDamage,58148
10,53,Material,source,AdventurerAI.TakeDamage,2208
10,53,DP,source,Nemesis.OnSlain,5738
10,53,Material,source,Nemesis.OnSlain,25
10,53,DP,stock,end,81995
10,53,Material,stock,end,153186
10,53,Fame,stock,end,43304
10,54,DP,source,SurfaceMap.CollectYields,221
10,54,Material,source,SurfaceMap.CollectYields,12
10,54,Fame,source,SurfaceMap.CollectYields,37
10,54,DP,source,DistrictCatalog.Collect,28
10,54,Material,source,DistrictCatalog.Collect,7
10,54,DP,source,EraSystem.TickTurn,9720
10,54,Material,source,EraSystem.TickTurn,62
10,54,Fame,source,EraSystem.TickTurn,135
10,54,DP,sink,MinionRoster.TryForge,-89280
10,54,Material,sink,MinionRoster.TryForge,-1302
10,54,DP,sink,MinionRoster.TrySummon,-2640
10,54,DP,source,AdventurerAI.ReapEmotion,396
10,54,DP,sink,CommandSystem.TryUse,-4550
10,54,DP,source,AdventurerAI.GrantReturnReward,23231
10,54,Fame,source,AdventurerAI.GrantReturnReward,290
10,54,Fame,source,LureEconomy.OnHeroEscaped,725
10,54,DP,source,AdventurerAI.TakeDamage,62084
10,54,Material,source,AdventurerAI.TakeDamage,862
10,54,DP,source,Nemesis.OnSlain,3070
10,54,Material,source,Nemesis.OnSlain,16
10,54,DP,stock,end,84275
10,54,Material,stock,end,152843
10,54,Fame,stock,end,44491
10,55,DP,source,SurfaceMap.CollectYields,254
10,55,Material,source,SurfaceMap.CollectYields,12
10,55,Fame,source,SurfaceMap.CollectYields,45
10,55,DP,source,DistrictCatalog.Collect,28
10,55,Material,source,DistrictCatalog.Collect,8
10,55,DP,source,EraSystem.TickTurn,9720
10,55,DP,sink,MinionRoster.TryForge,-89280
10,55,Material,sink,MinionRoster.TryForge,-1302
10,55,DP,sink,MinionRoster.TrySummon,-4976
10,55,DP,source,AdventurerAI.ReapEmotion,360
10,55,DP,sink,CommandSystem.TryUse,-4550
10,55,DP,source,AdventurerAI.GrantReturnReward,30689
10,55,Fame,source,AdventurerAI.GrantReturnReward,360
10,55,Fame,source,LureEconomy.OnHeroEscaped,900
10,55,DP,source,AdventurerAI.TakeDamage,70570
10,55,Material,source,AdventurerAI.TakeDamage,954
10,55,DP,source,Nemesis.OnSlain,2236
10,55,Material,source,Nemesis.OnSlain,12
10,55,DP,stock,end,99326
10,55,Material,stock,end,152527
10,55,Fame,stock,end,45796
10,56,DP,source,SurfaceMap.CollectYields,254
10,56,Material,source,SurfaceMap.CollectYields,12
10,56,Fame,source,SurfaceMap.CollectYields,45
10,56,DP,source,DistrictCatalog.Collect,28
10,56,Material,source,DistrictCatalog.Collect,8
10,56,DP,source,EraSystem.TickTurn,11664
10,56,DP,sink,MinionRoster.TryForge,-106560
10,56,Material,sink,MinionRoster.TryForge,-1554
10,56,DP,sink,MinionRoster.TrySummon,-4686
10,56,DP,source,AdventurerAI.ReapEmotion,368
10,56,DP,sink,CommandSystem.TryUse,-3800
10,56,DP,source,AdventurerAI.TakeDamage,26187
10,56,Material,source,AdventurerAI.TakeDamage,730
10,56,DP,source,AdventurerAI.GrantReturnReward,28280
10,56,Fame,source,AdventurerAI.GrantReturnReward,250
10,56,Fame,source,LureEconomy.OnHeroEscaped,625
10,56,DP,source,Nemesis.OnSlain,1510
10,56,Material,source,Nemesis.OnSlain,8
10,56,DP,stock,end,52571
10,56,Material,stock,end,151731
10,56,Fame,stock,end,46716
10,57,DP,source,SurfaceMap.CollectYields,254
10,57,Material,source,SurfaceMap.CollectYields,12
10,57,Fame,source,SurfaceMap.CollectYields,45
10,57,DP,source,DistrictCatalog.Collect,28
10,57,Material,source,DistrictCatalog.Collect,8
10,57,DP,sink,MinionRoster.TryForge,-46800
10,57,Material,sink,MinionRoster.TryForge,-715
10,57,DP,sink,MinionRoster.TrySummon,-6043
10,57,DP,source,AdventurerAI.ReapEmotion,132
10,57,DP,source,AdventurerAI.GrantReturnReward,24120
10,57,Fame,source,AdventurerAI.GrantReturnReward,410
10,57,Fame,source,LureEconomy.OnHeroEscaped,1025
10,57,DP,sink,CommandSystem.TryUse,-3800
10,57,DP,source,AdventurerAI.TakeDamage,63689
10,57,Material,source,AdventurerAI.TakeDamage,1416
10,57,DP,source,Nemesis.OnSlain,4278
10,57,Material,source,Nemesis.OnSlain,17
10,57,DP,stock,end,88429
10,57,Material,stock,end,152469
10,57,Fame,stock,end,48196
10,58,DP,source,SurfaceMap.CollectYields,254
10,58,Material,source,SurfaceMap.CollectYields,12
10,58,Fame,source,SurfaceMap.CollectYields,45
10,58,DP,source,DistrictCatalog.Collect,28
10,58,Material,source,DistrictCatalog.Collect,7
10,58,DP,sink,MinionRoster.TryForge,-82800
10,58,Material,sink,MinionRoster.TryForge,-1265
10,58,DP,sink,MinionRoster.TrySummon,-5899
10,58,DP,source,AdventurerAI.ReapEmotion,352
10,58,DP,sink,CommandSystem.TryUse,-4250
10,58,DP,source,AdventurerAI.GrantReturnReward,47781
10,58,Fame,source,AdventurerAI.GrantReturnReward,480
10,58,Fame,source,LureEconomy.OnHeroEscaped,1200
10,58,DP,source,AdventurerAI.TakeDamage,72256
10,58,Material,source,AdventurerAI.TakeDamage,1488
10,58,DP,source,Nemesis.OnSlain,2700
10,58,Material,source,Nemesis.OnSlain,14
10,58,DP,stock,end,118851
10,58,Material,stock,end,152725
10,58,Fame,stock,end,49921
10,59,DP,source,SurfaceMap.CollectYields,221
10,59,Material,source,SurfaceMap.CollectYields,12
10,59,Fame,source,SurfaceMap.CollectYields,37
10,59,DP,source,DistrictCatalog.Collect,28
10,59,Material,source,DistrictCatalog.Collect,7
10,59,DP,sink,MinionRoster.TryForge,-115200
10,59,Material,sink,MinionRoster.TryForge,-1760
10,59,DP,sink,MinionRoster.TrySummon,-3897
10,59,DP,source,AdventurerAI.ReapEmotion,637
10,59,DP,source,AdventurerAI.TakeDamage,68032
10,59,Material,source,AdventurerAI.TakeDamage,1233
10,59,DP,sink,CommandSystem.TryUse,-3800
10,59,DP,source,AdventurerAI.GrantReturnReward,21055
10,59,Fame,source,AdventurerAI.GrantReturnReward,330
10,59,Fame,source,LureEconomy.OnHeroEscaped,825
10,59,DP,source,Nemesis.OnSlain,2737
10,59,Material,source,Nemesis.OnSlain,14
10,59,DP,stock,end,88664
10,59,Material,stock,end,152231
10,59,Fame,stock,end,51113
10,60,DP,source,SurfaceMap.CollectYields,221
10,60,Material,source,SurfaceMap.CollectYields,12
10,60,Fame,source,SurfaceMap.CollectYields,37
10,60,DP,source,DistrictCatalog.Collect,28
10,60,Material,source,DistrictCatalog.Collect,7
10,60,DP,sink,MinionRoster.TryForge,-82800
10,60,Material,sink,MinionRoster.TryForge,-1265
10,60,DP,sink,MinionRoster.TrySummon,-6080
10,60,DP,source,AdventurerAI.ReapEmotion,346
10,60,DP,sink,CommandSystem.TryUse,-4250
10,60,DP,source,AdventurerAI.GrantReturnReward,27355
10,60,Fame,source,AdventurerAI.GrantReturnReward,330
10,60,Fame,source,LureEconomy.OnHeroEscaped,825
10,60,DP,source,AdventurerAI.TakeDamage,94151
10,60,Material,source,AdventurerAI.TakeDamage,1334
10,60,DP,source,Nemesis.OnSlain,4189
10,60,Material,source,Nemesis.OnSlain,16
10,60,DP,stock,end,121824
10,60,Material,stock,end,152335
10,60,Fame,stock,end,52305
10,61,DP,source,SurfaceMap.CollectYields,221
10,61,Material,source,SurfaceMap.CollectYields,12
10,61,Fame,source,SurfaceMap.CollectYields,37
10,61,DP,source,DistrictCatalog.Collect,28
10,61,Material,source,DistrictCatalog.Collect,7
10,61,DP,sink,MinionRoster.TryForge,-118800
10,61,Material,sink,MinionRoster.TryForge,-1815
10,61,DP,sink,MinionRoster.TrySummon,-3255
10,61,DP,source,AdventurerAI.ReapEmotion,499
10,61,DP,sink,CommandSystem.TryUse,-4700
10,61,DP,source,AdventurerAI.TakeDamage,46357
10,61,Material,source,AdventurerAI.TakeDamage,861
10,61,DP,source,AdventurerAI.GrantReturnReward,34292
10,61,Fame,source,AdventurerAI.GrantReturnReward,550
10,61,Fame,source,LureEconomy.OnHeroEscaped,1375
10,61,DP,stock,end,76466
10,61,Material,stock,end,151400
10,61,Fame,stock,end,54267
10,62,DP,source,SurfaceMap.CollectYields,221
10,62,Material,source,SurfaceMap.CollectYields,12
10,62,Fame,source,SurfaceMap.CollectYields,37
10,62,DP,source,DistrictCatalog.Collect,28
10,62,Material,source,DistrictCatalog.Collect,7
10,62,DP,sink,MinionRoster.TryForge,-70560
10,62,Material,sink,MinionRoster.TryForge,-1130
10,62,DP,sink,MinionRoster.TrySummon,-6132
10,62,DP,source,AdventurerAI.ReapEmotion,682
10,62,DP,sink,CommandSystem.TryUse,-3800
10,62,DP,source,AdventurerAI.GrantReturnReward,31291
10,62,Fame,source,AdventurerAI.GrantReturnReward,430
10,62,Fame,source,LureEconomy.OnHeroEscaped,1075
10,62,DP,source,AdventurerAI.TakeDamage,62718
10,62,Material,source,AdventurerAI.TakeDamage,1015
10,62,DP,source,Nemesis.OnSlain,2430
10,62,Material,source,Nemesis.OnSlain,12
10,62,DP,stock,end,93344
10,62,Material,stock,end,151316
10,62,Fame,stock,end,55809
10,63,DP,source,SurfaceMap.CollectYields,221
10,63,Material,source,SurfaceMap.CollectYields,12
10,63,Fame,source,SurfaceMap.CollectYields,37
10,63,DP,source,DistrictCatalog.Collect,28
10,63,Material,source,DistrictCatalog.Collect,7
10,63,DP,sink,MinionRoster.TryForge,-86400
10,63,Material,sink,MinionRoster.TryForge,-1400
10,63,DP,sink,MinionRoster.TrySummon,-7159
10,63,DP,source,AdventurerAI.ReapEmotion,303
10,63,DP,sink,CommandSystem.TryUse,-3800
10,63,DP,source,AdventurerAI.GrantReturnReward,16943
10,63,Fame,source,AdventurerAI.GrantReturnReward,190
10,63,Fame,source,LureEconomy.OnHeroEscaped,475
10,63,DP,source,AdventurerAI.TakeDamage,36942
10,63,Material,source,AdventurerAI.TakeDamage,677
10,63,DP,stock,end,50422
10,63,Material,stock,end,150612
10,63,Fame,stock,end,56511
10,64,DP,source,SurfaceMap.CollectYields,221
10,64,Material,source,SurfaceMap.CollectYields,12
10,64,Fame,source,SurfaceMap.CollectYields,37
10,64,DP,source,DistrictCatalog.Collect,28
10,64,Material,source,DistrictCatalog.Collect,7
10,64,DP,sink,MinionRoster.TryForge,-43200
10,64,Material,sink,MinionRoster.TryForge,-700
10,64,DP,sink,MinionRoster.TrySummon,-7462
10,64,DP,source,AdventurerAI.ReapEmotion,384
10,64,DP,sink,CommandSystem.TryUse,-4250
10,64,DP,source,AdventurerAI.GrantReturnReward,50483
10,64,Fame,source,AdventurerAI.GrantReturnReward,590
10,64,Fame,source,LureEconomy.OnHeroEscaped,1475
10,64,DP,source,AdventurerAI.TakeDamage,47223
10,64,Material,source,AdventurerAI.TakeDamage,1828
10,64,DP,source,Nemesis.OnSlain,2462
10,64,Material,source,Nemesis.OnSlain,12
10,64,DP,stock,end,96311
10,64,Material,stock,end,151771
10,64,Fame,stock,end,58613
10,65,DP,source,SurfaceMap.CollectYields,221
10,65,Material,source,SurfaceMap.CollectYields,12
10,65,Fame,source,SurfaceMap.CollectYields,37
10,65,DP,source,DistrictCatalog.Collect,28
10,65,Material,source,DistrictCatalog.Collect,8
10,65,DP,sink,MinionRoster.TryForge,-90720
10,65,Material,sink,MinionRoster.TryForge,-1470
10,65,DP,sink,MinionRoster.TrySummon,-5798
10,65,DP,source,AdventurerAI.ReapEmotion,378
10,65,DP,sink,CommandSystem.TryUse,-3400
10,65,DP,source,AdventurerAI.GrantReturnReward,93017
10,65,Fame,source,AdventurerAI.GrantReturnReward,660
10,65,Fame,source,LureEconomy.OnHeroEscaped,1650
10,65,DP,source,AdventurerAI.TakeDamage,44907
10,65,Material,source,AdventurerAI.TakeDamage,845
10,65,DP,stock,end,134944
10,65,Material,stock,end,151166
10,65,Fame,stock,end,60960
10,66,DP,source,SurfaceMap.CollectYields,254
10,66,Material,source,SurfaceMap.CollectYields,12
10,66,Fame,source,SurfaceMap.CollectYields,45
10,66,DP,source,DistrictCatalog.Collect,28
10,66,Material,source,DistrictCatalog.Collect,8
10,66,DP,sink,MinionRoster.TryForge,-129600
10,66,Material,sink,MinionRoster.TryForge,-2100
10,66,DP,sink,MinionRoster.TrySummon,-5613
10,66,DP,source,AdventurerAI.ReapEmotion,389
10,66,DP,sink,CommandSystem.TryUse,-3400
10,66,DP,source,AdventurerAI.GrantReturnReward,17448
10,66,Fame,source,AdventurerAI.GrantReturnReward,1070
10,66,Fame,source,LureEconomy.OnHeroEscaped,2675
10,66,DP,source,AdventurerAI.TakeDamage,818
10,66,Material,source,AdventurerAI.TakeDamage,12
10,66,DP,stock,end,15268
10,66,Material,stock,end,149098
10,66,Fame,stock,end,64750
10,67,DP,source,SurfaceMap.CollectYields,254
10,67,Material,source,SurfaceMap.CollectYields,12
10,67,Fame,source,SurfaceMap.CollectYields,45
10,67,DP,source,DistrictCatalog.Collect,28
10,67,Material,source,DistrictCatalog.Collect,8
10,67,DP,sink,MinionRoster.TryForge,-8640
10,67,Material,sink,MinionRoster.TryForge,-140
10,67,DP,sink,MinionRoster.TrySummon,-6855
10,67,DP,source,AdventurerAI.ReapEmotion,200
10,67,DP,source,AdventurerAI.GrantReturnReward,24475
10,67,Fame,source,AdventurerAI.GrantReturnReward,520
10,67,Fame,source,LureEconomy.OnHeroEscaped,1300
10,67,DP,sink,CommandSystem.TryUse,-3400
10,67,DP,source,AdventurerAI.TakeDamage,1864
10,67,Material,source,AdventurerAI.TakeDamage,7
10,67,DP,stock,end,23194
10,67,Material,stock,end,148985
10,67,Fame,stock,end,66615
10,68,DP,source,SurfaceMap.CollectYields,254
10,68,Material,source,SurfaceMap.CollectYields,12
10,68,Fame,source,SurfaceMap.CollectYields,45
10,68,DP,source,DistrictCatalog.Collect,28
10,68,Material,source,DistrictCatalog.Collect,8
10,68,DP,sink,MinionRoster.TryForge,-17280
10,68,Material,sink,MinionRoster.TryForge,-280
10,68,DP,sink,MinionRoster.TrySummon,-6178
10,68,DP,source,AdventurerAI.ReapEmotion,816
10,68,DP,sink,CommandSystem.TryUse,-4250
10,68,DP,source,AdventurerAI.GrantReturnReward,93343
10,68,Fame,source,AdventurerAI.GrantReturnReward,710
10,68,Fame,source,LureEconomy.OnHeroEscaped,1775
10,68,DP,source,AdventurerAI.TakeDamage,39721
10,68,Material,source,AdventurerAI.TakeDamage,1568
10,68,DP,source,Nemesis.OnSlain,3428
10,68,Material,source,Nemesis.OnSlain,16
10,68,DP,stock,end,133076
10,68,Material,stock,end,150309
10,68,Fame,stock,end,69145
11,1,DP,sink,DungeonFeatureManager.TryPlaceTrap,-150
11,1,DP,sink,MinionRoster.TrySummon,-46
11,1,DP,source,AdventurerAI.ReapEmotion,100
11,1,DP,source,AdventurerAI.TakeDamage,165
11,1,Material,source,AdventurerAI.TakeDamage,10
11,1,DP,source,AdventurerAI.GrantReturnReward,451
11,1,Fame,source,AdventurerAI.GrantReturnReward,20
11,1,Fame,source,LureEconomy.OnHeroEscaped,50
11,1,DP,sink,CommandSystem.TryUse,-650
11,1,DP,stock,end,70
11,1,Material,stock,end,10
11,1,Fame,stock,end,70
11,2,DP,source,SurfaceMap.CollectYields,18
11,2,Material,source,SurfaceMap.CollectYields,1
11,2,Fame,source,SurfaceMap.CollectYields,4
11,2,DP,source,EraSystem.TickTurn,600
11,2,Fame,source,EraSystem.TickTurn,25
11,2,DP,sink,MinionRoster.TryForge,-236
11,2,DP,sink,MinionEvolution.TryEvolve,-150
11,2,DP,sink,DungeonFeatureManager.TryPlaceTrap,-150
11,2,DP,sink,MinionRoster.TrySummon,-144
11,2,DP,source,AdventurerAI.TakeDamage,336
11,2,Material,source,AdventurerAI.TakeDamage,14
11,2,DP,source,AdventurerAI.ReapEmotion,108
11,2,DP,sink,CommandSystem.TryUse,-300
11,2,DP,stock,end,152
11,2,Material,stock,end,25
11,2,Fame,stock,end,99
11,3,DP,source,SurfaceMap.CollectYields,18
11,3,Material,source,SurfaceMap.CollectYields,1
11,3,Fame,source,SurfaceMap.CollectYields,4
11,3,DP,source,EraSystem.TickTurn,600
11,3,Material,source,EraSystem.TickTurn,10
11,3,Fame,source,EraSystem.TickTurn,25
11,3,DP,sink,MinionRoster.TryForge,-236
11,3,DP,sink,MinionEvolution.TryEvolve,-175
11,3,DP,sink,DungeonFeatureManager.TryPlaceTrap,-300
11,3,DP,sink,MinionRoster.TrySummon,-59
11,3,DP,source,AdventurerAI.ReapEmotion,118
11,3,DP,source,AdventurerAI.TakeDamage,223
11,3,Material,source,AdventurerAI.TakeDamage,10
11,3,Fame,source,AdventurerAI.GrantReturnReward,20
11,3,Fame,source,LureEconomy.OnHeroEscaped,50
11,3,DP,source,AdventurerAI.GrantReturnReward,245
11,3,DP,sink,CommandSystem.TryUse,-300
11,3,DP,stock,end,286
11,3,Material,stock,end,46
11,3,Fame,stock,end,198
11,4,DP,source,SurfaceMap.CollectYields,18
11,4,Material,source,SurfaceMap.CollectYields,1
11,4,Fame,source,SurfaceMap.CollectYields,4
11,4,DP,source,EraSystem.TickTurn,600
11,4,DP,sink,MinionRoster.TryForge,-236
11,4,DP,sink,MinionEvolution.TryEvolve,-300
11,4,DP,sink,DungeonFeatureManager.TryPlaceTrap,-300
11,4,DP,sink,MinionRoster.TrySummon,-62
11,4,DP,source,IncidentSystem.Apply,600
11,4,DP,sink,CommandSystem.TryUse,-1000
11,4,DP,source,AdventurerAI.TakeDamage,401
11,4,Material,source,AdventurerAI.TakeDamage,16
11,4,DP,source,AdventurerAI.ReapEmotion,172
11,4,DP,source,AdventurerAI.GrantReturnReward,60
11,4,Fame,source,AdventurerAI.GrantReturnReward,10
11,4,Fame,source,LureEconomy.OnHeroEscaped,25
11,4,DP,stock,end,239
11,4,Material,stock,end,63
11,4,Fame,stock,end,237
11,5,DP,source,SurfaceMap.CollectYields,18
11,5,Material,source,SurfaceMap.CollectYields,1
11,5,Fame,source,SurfaceMap.CollectYields,4
11,5,DP,source,EraSystem.TickTurn,600
11,5,Material,source,EraSystem.TickTurn,10
11,5,DP,sink,MinionRoster.TryForge,-212
11,5,DP,sink,MinionEvolution.TryEvolve,-325
11,5,DP,sink,DungeonFeatureManager.TryPlaceTrap,-150
11,5,DP,sink,MinionRoster.TrySummon,-169
11,5,DP,source,AdventurerAI.TakeDamage,765
11,5,Material,source,AdventurerAI.TakeDamage,26
11,5,DP,source,AdventurerAI.ReapEmotion,83
11,5,DP,sink,CommandSystem.TryUse,-1450
11,5,DP,source,AdventurerAI.GrantReturnReward,495
11,5,Fame,source,AdventurerAI.GrantReturnReward,20
11,5,Fame,source,LureEconomy.OnHeroEscaped,50
11,5,DP,source,Nemesis.OnSlain,940
11,5,Material,source,Nemesis.OnSlain,10
11,5,DP,stock,end,834
11,5,Material,stock,end,110
11,5,Fame,stock,end,311
11,6,DP,source,SurfaceMap.CollectYields,39
11,6,Material,source,SurfaceMap.CollectYields,2
11,6,Fame,source,SurfaceMap.CollectYields,9
11,6,DP,source,EraSystem.TickTurn,600
11,6,DP,source,WaveRoster.ResolveTrial,1800
11,6,DP,sink,MinionRoster.TryForge,-212
11,6,DP,sink,DungeonFloorManager.TryAddFloor,-800
11,6,DP,sink,DungeonFloorManager.TryExpandFloor,-1600
11,6,DP,sink,MinionEvolution.TryEvolve,-200
11,6,DP,sink,MinionRoster.TryEvolveIndividual,-150
11,6,DP,sink,DungeonFeatureManager.TryPlaceTrap,-150
11,6,DP,sink,MinionRoster.TrySummon,-139
11,6,DP,source,AdventurerAI.ReapEmotion,253
11,6,DP,source,AdventurerAI.TakeDamage,280
11,6,Material,source,AdventurerAI.TakeDamage,14
11,6,DP,sink,CommandSystem.TryUse,-1150
11,6,DP,source,AdventurerAI.GrantReturnReward,1108
11,6,Fame,source,AdventurerAI.GrantReturnReward,50
11,6,Fame,source,LureEconomy.OnHeroEscaped,125
11,6,DP,source,Nemesis.OnSlain,486
11,6,Material,source,Nemesis.OnSlain,5
11,6,DP,stock,end,999
11,6,Material,stock,end,131
11,6,Fame,stock,end,495
11,7,DP,source,SurfaceMap.CollectYields,39
11,7,Material,source,SurfaceMap.CollectYields,2
11,7,Fame,source,SurfaceMap.CollectYields,9
11,7,DP,source,EraSystem.TickTurn,600
11,7,DP,sink,MinionRoster.TryForge,-212
11,7,DP,sink,DungeonFloorManager.TryExpandFloor,-800
11,7,DP,sink,MinionEvolution.TryEvolve,-200
11,7,DP,sink,MinionRoster.TryEvolveIndividual,-75
11,7,DP,sink,DungeonFeatureManager.TryPlaceTrap,-300
11,7,DP,sink,MinionRoster.TrySummon,-46
11,7,DP,source,AdventurerAI.ReapEmotion,106
11,7,DP,source,AdventurerAI.GrantReturnReward,3729
11,7,Fame,source,AdventurerAI.GrantReturnReward,80
11,7,Fame,source,LureEconomy.OnHeroEscaped,200
11,7,DP,sink,CommandSystem.TryUse,-1150
11,7,DP,source,AdventurerAI.TakeDamage,105
11,7,Material,source,AdventurerAI.TakeDamage,7
11,7,DP,stock,end,2795
11,7,Material,stock,end,140
11,7,Fame,stock,end,784
11,8,DP,source,SurfaceMap.CollectYields,39
11,8,Material,source,SurfaceMap.CollectYields,2
11,8,Fame,source,SurfaceMap.CollectYields,9
11,8,DP,source,EraSystem.TickTurn,1020
11,8,DP,sink,MinionRoster.TryForge,-212
11,8,DP,sink,DungeonFloorManager.TryAddFloor,-2000
11,8,DP,sink,DungeonFloorManager.TryExpandFloor,-1200
11,8,DP,sink,MinionRoster.TryEvolveIndividual,-75
11,8,DP,sink,DungeonFeatureManager.TryPlaceTrap,-300
11,8,DP,sink,MinionRoster.TrySummon,-48
11,8,DP,source,AdventurerAI.ReapEmotion,227
11,8,DP,source,AdventurerAI.TakeDamage,1360
11,8,Material,source,AdventurerAI.TakeDamage,50
11,8,DP,sink,CommandSystem.TryUse,-1800
11,8,DP,source,AdventurerAI.GrantReturnReward,1059
11,8,Fame,source,AdventurerAI.GrantReturnReward,30
11,8,Fame,source,LureEconomy.OnHeroEscaped,75
11,8,DP,source,Nemesis.OnSlain,1004
11,8,Material,source,Nemesis.OnSlain,10
11,8,DP,stock,end,1869
11,8,Material,stock,end,202
11,8,Fame,stock,end,898
11,9,DP,source,SurfaceMap.CollectYields,45
11,9,Material,source,SurfaceMap.CollectYields,2
11,9,Fame,source,SurfaceMap.CollectYields,11
11,9,DP,source,EraSystem.TickTurn,600
11,9,Fame,source,EraSystem.TickTurn,25
11,9,DP,sink,MinionRoster.TryForge,-190
11,9,DP,sink,DungeonFloorManager.TryExpandFloor,-1500
11,9,DP,sink,MinionEvolution.TryEvolve,-500
11,9,DP,sink,DungeonFeatureManager.TryPlaceTrap,-150
11,9,DP,sink,MinionRoster.TrySummon,-162
11,9,DP,source,AdventurerAI.TakeDamage,1101
11,9,Material,source,AdventurerAI.TakeDamage,77
11,9,DP,source,AdventurerAI.ReapEmotion,248
11,9,DP,sink,CommandSystem.TryUse,-2300
11,9,DP,source,Nemesis.OnSlain,1510
11,9,Material,source,Nemesis.OnSlain,14
11,9,DP,source,AdventurerAI.GrantReturnReward,665
11,9,Fame,source,AdventurerAI.GrantReturnReward,40
11,9,Fame,source,LureEconomy.OnHeroEscaped,100
11,9,DP,stock,end,1236
11,9,Material,stock,end,295
11,9,Fame,stock,end,1074
11,10,DP,source,SurfaceMap.CollectYields,79
11,10,Material,source,SurfaceMap.CollectYields,3
11,10,Fame,source,SurfaceMap.CollectYields,17
11,10,DP,source,EraSystem.TickTurn,300
11,10,DP,sink,MinionRoster.TryForge,-190
11,10,DP,sink,MinionEvolution.TryEvolve,-800
11,10,DP,sink,MinionRoster.TryEvolveIndividual,-325
11,10,DP,sink,DungeonFeatureManager.TryPlaceTrap,-150
11,10,DP,sink,MinionRoster.TrySummon,-144
11,10,DP,source,AdventurerAI.ReapEmotion,132
11,10,DP,source,AdventurerAI.TakeDamage,2135
11,10,Material,source,AdventurerAI.TakeDamage,74
11,10,DP,source,AdventurerAI.GrantReturnReward,2442
11,10,Fame,source,AdventurerAI.GrantReturnReward,90
11,10,Fame,source,LureEconomy.OnHeroEscaped,225
11,10,DP,sink,CommandSystem.TryUse,-2300
11,10,DP,source,Nemesis.OnSlain,1070
11,10,Material,source,Nemesis.OnSlain,10
11,10,DP,stock,end,3485
11,10,Material,stock,end,382
11,10,Fame,stock,end,1406
11,11,DP,source,SurfaceMap.CollectYields,79
11,11,Material,source,SurfaceMap.CollectYields,3
11,11,Fame,source,SurfaceMap.CollectYields,17
11,11,DP,source,EraSystem.TickTurn,1020
11,11,DP,sink,MinionRoster.TryForge,-190
11,11,DP,sink,DungeonFloorManager.TryExpandFloor,-3000
11,11,DP,sink,MinionRoster.TryEvolveIndividual,-1000
11,11,DP,sink,DungeonFeatureManager.TryPlaceTrap,-150
11,11,DP,sink,MinionRoster.TrySummon,-230
11,11,DP,source,AdventurerAI.ReapEmotion,373
11,11,DP,source,AdventurerAI.TakeDamage,757
11,11,Material,source,AdventurerAI.TakeDamage,19
11,11,DP,sink,CommandSystem.TryUse,-2950
11,11,DP,source,AdventurerAI.GrantReturnReward,2395
11,11,Fame,source,AdventurerAI.GrantReturnReward,90
11,11,Fame,source,LureEconomy.OnHeroEscaped,225
11,11,DP,source,Nemesis.OnSlain,551
11,11,Material,source,Nemesis.OnSlain,5
11,11,DP,stock,end,1140
11,11,Material,stock,end,409
11,11,Fame,stock,end,1738
11,12,DP,source,SurfaceMap.CollectYields,79
11,12,Material,source,SurfaceMap.CollectYields,3
11,12,Fame,source,SurfaceMap.CollectYields,17
11,12,DP,source,DistrictCatalog.Collect,98
11,12,DP,sink,MinionRoster.TryForge,-665
11,12,DP,sink,MinionRoster.TryEvolveIndividual,-250
11,12,DP,sink,DungeonFeatureManager.TryPlaceTrap,-150
11,12,DP,sink,MinionRoster.TrySummon,-236
11,12,DP,source,AdventurerAI.TakeDamage,631
11,12,Material,source,AdventurerAI.TakeDamage,24
11,12,DP,source,AdventurerAI.ReapEmotion,289
11,12,DP,sink,CommandSystem.TryUse,-1800
11,12,Fame,source,AdventurerAI.GrantReturnReward,120
11,12,Fame,source,LureEconomy.OnHeroEscaped,300
11,12,DP,source,AdventurerAI.GrantReturnReward,1879
11,12,DP,source,Nemesis.OnSlain,567
11,12,Material,source,Nemesis.OnSlain,5
11,12,DP,stock,end,1582
11,12,Material,stock,end,441
11,12,Fame,stock,end,2175
11,13,DP,source,SurfaceMap.CollectYields,60
11,13,Material,source,SurfaceMap.CollectYields,3
11,13,Fame,source,SurfaceMap.CollectYields,14
11,13,DP,source,DistrictCatalog.Collect,112
11,13,DP,sink,MinionRoster.TryForge,-1277
11,13,DP,sink,DungeonFeatureManager.TryPlaceTrap,-300
11,13,DP,sink,MinionRoster.TrySummon,-167
11,13,DP,source,AdventurerAI.ReapEmotion,370
11,13,DP,sink,CommandSystem.TryUse,-2300
11,13,Fame,source,AdventurerAI.GrantReturnReward,80
11,13,Fame,source,LureEconomy.OnHeroEscaped,200
11,13,DP,source,AdventurerAI.GrantReturnReward,1300
11,13,DP,source,AdventurerAI.TakeDamage,1662
11,13,Material,source,AdventurerAI.TakeDamage,37
11,13,DP,source,Nemesis.OnSlain,1383
11,13,Material,source,Nemesis.OnSlain,12
11,13,DP,stock,end,2425
11,13,Material,stock,end,493
11,13,Fame,stock,end,2469
11,14,DP,source,SurfaceMap.CollectYields,60
11,14,Material,source,SurfaceMap.CollectYields,3
11,14,Fame,source,SurfaceMap.CollectYields,14
11,14,DP,source,DistrictCatalog.Collect,112
11,14,DP,sink,MinionRoster.TryForge,-2026
11,14,DP,sink,DungeonFeatureManager.TryPlaceTrap,-300
11,14,DP,sink,MinionRoster.TrySummon,-263
11,14,DP,source,AdventurerAI.ReapEmotion,88
11,14,DP,source,AdventurerAI.TakeDamage,1121
11,14,Material,source,AdventurerAI.TakeDamage,23
11,14,DP,source,AdventurerAI.GrantReturnReward,2773
11,14,Fame,source,AdventurerAI.GrantReturnReward,120
11,14,Fame,source,LureEconomy.OnHeroEscaped,300
11,14,DP,sink,CommandSystem.TryUse,-3950
11,14,DP,source,Nemesis.OnSlain,583
11,14,Material,source,Nemesis.OnSlain,5
11,14,DP,stock,end,623
11,14,Material,stock,end,524
11,14,Fame,stock,end,2903
11,15,DP,source,SurfaceMap.CollectYields,82
11,15,Material,source,SurfaceMap.CollectYields,4
11,15,Fame,source,SurfaceMap.CollectYields,18
11,15,DP,source,DistrictCatalog.Collect,112
11,15,DP,sink,MinionRoster.TryForge,-380
11,15,DP,sink,DungeonFeatureManager.TryPlaceTrap,-150
11,15,DP,sink,MinionRoster.TrySummon,-286
11,15,DP,source,AdventurerAI.ReapEmotion,174
11,15,DP,source,AdventurerAI.GrantReturnReward,1993
11,15,Fame,source,AdventurerAI.GrantReturnReward,40
11,15,Fame,source,LureEconomy.OnHeroEscaped,100
11,15,DP,sink,CommandSystem.TryUse,-4400
11,15,DP,source,AdventurerAI.TakeDamage,4496
11,15,Material,source,AdventurerAI.TakeDamage,241
11,15,DP,source,Nemesis.OnSlain,1797
11,15,Material,source,Nemesis.OnSlain,15
11,15,DP,stock,end,4061
11,15,Material,stock,end,784
11,15,Fame,stock,end,3061
11,16,DP,source,SurfaceMap.CollectYields,82
11,16,Material,source,SurfaceMap.CollectYields,4
11,16,Fame,source,SurfaceMap.CollectYields,18
11,16,DP,source,DistrictCatalog.Collect,112
11,16,DP,sink,MinionRoster.TryForge,-1210
11,16,DP,sink,DungeonFloorManager.TryExpandFloor,-2500
11,16,DP,sink,DungeonFeatureManager.TryPlaceTrap,-300
11,16,DP,sink,MinionRoster.TrySummon,-243
11,16,DP,source,AdventurerAI.ReapEmotion,95
11,16,DP,source,AdventurerAI.TakeDamage,4188
11,16,Material,source,AdventurerAI.TakeDamage,55
11,16,DP,sink,CommandSystem.TryUse,-2950
11,16,DP,source,AdventurerAI.GrantReturnReward,2838
11,16,Fame,source,AdventurerAI.GrantReturnReward,90
11,16,Fame,source,LureEconomy.OnHeroEscaped,225
11,16,DP,source,Nemesis.OnSlain,1473
11,16,Material,source,Nemesis.OnSlain,12
11,16,DP,stock,end,5646
11,16,Material,stock,end,855
11,16,Fame,stock,end,3394
11,17,DP,source,SurfaceMap.CollectYields,82
11,17,Material,source,SurfaceMap.CollectYields,4
11,17,Fame,source,SurfaceMap.CollectYields,18
11,17,DP,source,DistrictCatalog.Collect,126
11,17,DP,source,EraSystem.TickTurn,720
11,17,DP,sink,MinionRoster.TryForge,-190
11,17,DP,sink,DungeonFloorManager.TryAddFloor,-5000
11,17,DP,sink,DungeonFloorManager.TryExpandFloor,-400
11,17,DP,sink,MinionRoster.TryEvolveIndividual,-550
11,17,DP,sink,DungeonFeatureManager.TryPlaceTrap,-150
11,17,DP,sink,MinionRoster.TrySummon,-272
11,17,DP,source,AdventurerAI.ReapEmotion,265
11,17,DP,source,AdventurerAI.TakeDamage,3891
11,17,Material,source,AdventurerAI.TakeDamage,60
11,17,DP,sink,CommandSystem.TryUse,-5600
11,17,DP,source,AdventurerAI.GrantReturnReward,2615
11,17,Fame,source,AdventurerAI.GrantReturnReward,70
11,17,Fame,source,LureEconomy.OnHeroEscaped,175
11,17,DP,source,Nemesis.OnSlain,1264
11,17,Material,source,Nemesis.OnSlain,10
11,17,DP,stock,end,2447
11,17,Material,stock,end,929
11,17,Fame,stock,end,3657
11,18,DP,source,SurfaceMap.CollectYields,103
11,18,Material,source,SurfaceMap.CollectYields,5
11,18,Fame,source,SurfaceMap.CollectYields,23
11,18,DP,source,DistrictCatalog.Collect,126
11,18,DP,sink,MinionRoster.TryForge,-1414
11,18,DP,sink,DungeonFloorManager.TryExpandFloor,-800
11,18,DP,sink,DungeonFeatureManager.TryPlaceTrap,-300
11,18,DP,sink,MinionRoster.TrySummon,-142
11,18,DP,source,AdventurerAI.ReapEmotion,332
11,18,DP,source,AdventurerAI.GrantReturnReward,4253
11,18,Fame,source,AdventurerAI.GrantReturnReward,110
11,18,Fame,source,LureEconomy.OnHeroEscaped,275
11,18,DP,sink,CommandSystem.TryUse,-5600
11,18,DP,source,AdventurerAI.TakeDamage,3133
11,18,Material,source,AdventurerAI.TakeDamage,48
11,18,DP,source,Nemesis.OnSlain,632
11,18,Material,source,Nemesis.OnSlain,5
11,18,DP,stock,end,2770
11,18,Material,stock,end,987
11,18,Fame,stock,end,4065
11,19,DP,source,SurfaceMap.CollectYields,103
11,19,Material,source,SurfaceMap.CollectYields,5
11,19,Fame,source,SurfaceMap.CollectYields,23
11,19,DP,source,DistrictCatalog.Collect,126
11,19,DP,source,EraSystem.TickTurn,300
11,19,DP,sink,MinionRoster.TryForge,-1006
11,19,DP,sink,DungeonFloorManager.TryExpandFloor,-1500
11,19,DP,sink,MinionRoster.TryEvolveIndividual,-250
11,19,DP,sink,DungeonFeatureManager.TryPlaceTrap,-300
11,19,DP,sink,MinionRoster.TrySummon,-228
11,19,DP,source,AdventurerAI.ReapEmotion,96
11,19,DP,source,AdventurerAI.TakeDamage,3767
11,19,Material,source,AdventurerAI.TakeDamage,60
11,19,DP,sink,CommandSystem.TryUse,-5950
11,19,DP,source,AdventurerAI.GrantReturnReward,5198
11,19,Fame,source,AdventurerAI.GrantReturnReward,140
11,19,Fame,source,LureEconomy.OnHeroEscaped,350
11,19,DP,source,Nemesis.OnSlain,1296
11,19,Material,source,Nemesis.OnSlain,10
11,19,DP,stock,end,4422
11,19,Material,stock,end,1062
11,19,Fame,stock,end,4578
11,20,DP,source,SurfaceMap.CollectYields,103
11,20,Material,source,SurfaceMap.CollectYields,5
11,20,Fame,source,SurfaceMap.CollectYields,23
11,20,DP,source,DistrictCatalog.Collect,126
11,20,DP,sink,MinionRoster.TryForge,-3848
11,20,DP,sink,MinionRoster.TryEvolveIndividual,-400
11,20,DP,sink,DungeonFeatureManager.TryPlaceTrap,-150
11,20,DP,sink,MinionRoster.TrySummon,-249
11,20,DP,source,AdventurerAI.ReapEmotion,485
11,20,DP,sink,CommandSystem.TryUse,-5550
11,20,DP,source,AdventurerAI.GrantReturnReward,5412
11,20,Fame,source,AdventurerAI.GrantReturnReward,130
11,20,Fame,source,LureEconomy.OnHeroEscaped,325
11,20,DP,source,AdventurerAI.TakeDamage,8050
11,20,Material,source,AdventurerAI.TakeDamage,83
11,20,DP,source,Nemesis.OnSlain,1582
11,20,Material,source,Nemesis.OnSlain,12
11,20,DP,stock,end,9983
11,20,Material,stock,end,1162
11,20,Fame,stock,end,5056
11,21,DP,source,SurfaceMap.CollectYields,103
11,21,Material,source,SurfaceMap.CollectYields,5
11,21,Fame,source,SurfaceMap.CollectYields,23
11,21,DP,source,DistrictCatalog.Collect,154
11,21,DP,sink,MinionRoster.TryForge,-9469
11,21,DP,sink,DungeonFeatureManager.TryPlaceTrap,-600
11,21,DP,sink,MinionRoster.TrySummon,-150
11,21,DP,source,AdventurerAI.ReapEmotion,152
11,21,DP,source,AdventurerAI.GrantReturnReward,5923
11,21,Fame,source,AdventurerAI.GrantReturnReward,200
11,21,Fame,source,LureEconomy.OnHeroEscaped,500
11,21,DP,sink,CommandSystem.TryUse,-5600
11,21,DP,source,AdventurerAI.TakeDamage,3965
11,21,Material,source,AdventurerAI.TakeDamage,39
11,21,DP,source,Nemesis.OnSlain,680
11,21,Material,source,Nemesis.OnSlain,5
11,21,DP,stock,end,5141
11,21,Material,stock,end,1211
11,21,Fame,stock,end,5779
11,22,DP,source,SurfaceMap.CollectYields,163
11,22,Material,source,SurfaceMap.CollectYields,6
11,22,Fame,source,SurfaceMap.CollectYields,34
11,22,DP,source,DistrictCatalog.Collect,154
11,22,DP,sink,MinionRoster.TryForge,-4408
11,22,DP,sink,MinionRoster.TryEvolveIndividual,-250
11,22,DP,sink,DungeonFeatureManager.TryPlaceTrap,-600
11,22,DP,sink,MinionRoster.TrySummon,-189
11,22,DP,source,AdventurerAI.ReapEmotion,518
11,22,DP,sink,CommandSystem.TryUse,-5600
11,22,DP,source,AdventurerAI.TakeDamage,5771
11,22,Material,source,AdventurerAI.TakeDamage,95
11,22,DP,source,AdventurerAI.GrantReturnReward,5889
11,22,Fame,source,AdventurerAI.GrantReturnReward,190
11,22,Fame,source,LureEconomy.OnHeroEscaped,475
11,22,DP,source,Nemesis.OnSlain,2091
11,22,Material,source,Nemesis.OnSlain,15
11,22,DP,stock,end,8680
11,22,Material,stock,end,1327
11,22,Fame,stock,end,6478
11,23,DP,source,SurfaceMap.CollectYields,163
11,23,Material,source,SurfaceMap.CollectYields,6
11,23,Fame,source,SurfaceMap.CollectYields,34
11,23,DP,source,DistrictCatalog.Collect,154
11,23,DP,sink,MinionRoster.TryForge,-8112
11,23,DP,sink,MinionRoster.TryEvolveIndividual,-325
11,23,DP,sink,DungeonFeatureManager.TryPlaceTrap,-300
11,23,DP,sink,MinionRoster.TrySummon,-252
11,23,DP,source,AdventurerAI.ReapEmotion,151
11,23,DP,source,AdventurerAI.TakeDamage,1865
11,23,Material,source,AdventurerAI.TakeDamage,12
11,23,DP,sink,CommandSystem.TryUse,-5550
11,23,DP,source,AdventurerAI.GrantReturnReward,14144
11,23,Fame,source,AdventurerAI.GrantReturnReward,320
11,23,Fame,source,LureEconomy.OnHeroEscaped,800
11,23,DP,stock,end,10618
11,23,Material,stock,end,1345
11,23,Fame,stock,end,7632
11,24,DP,source,SurfaceMap.CollectYields,167
11,24,Material,source,SurfaceMap.CollectYields,6
11,24,Fame,source,SurfaceMap.CollectYields,35
11,24,DP,source,DistrictCatalog.Collect,154
11,24,DP,sink,MinionRoster.TryForge,-168
11,24,DP,sink,MinionEvolution.TryEvolve,-4900
11,24,DP,sink,MinionRoster.TryEvolveIndividual,-5525
11,24,DP,sink,DungeonFeatureManager.TryPlaceTrap,-150
11,24,DP,sink,MinionRoster.TrySummon,-195
11,24,DP,source,AdventurerAI.ReapEmotion,102
11,24,DP,source,AdventurerAI.GrantReturnReward,11144
11,24,Fame,source,AdventurerAI.GrantReturnReward,280
11,24,Fame,source,LureEconomy.OnHeroEscaped,700
11,24,DP,sink,CommandSystem.TryUse,-4750
11,24,DP,source,AdventurerAI.TakeDamage,6099
11,24,Material,source,AdventurerAI.TakeDamage,127
11,24,DP,source,Nemesis.OnSlain,1426
11,24,Material,source,Nemesis.OnSlain,10
11,24,DP,stock,end,14022
11,24,Material,stock,end,1488
11,24,Fame,stock,end,8647
11,25,DP,source,SurfaceMap.CollectYields,130
11,25,Material,source,SurfaceMap.CollectYields,5
11,25,Fame,source,SurfaceMap.CollectYields,29
11,25,DP,source,DistrictCatalog.Collect,28
11,25,DP,source,EraSystem.TickTurn,3840
11,25,DP,sink,MinionRoster.TryForge,-168
11,25,DP,sink,DungeonFloorManager.TryAddFloor,-12500
11,25,DP,sink,DungeonFloorManager.TryExpandFloor,-1200
11,25,DP,sink,MinionRoster.TryEvolveIndividual,-3825
11,25,DP,sink,DungeonFeatureManager.TryPlaceTrap,-150
11,25,DP,sink,MinionRoster.TrySummon,-158
11,25,DP,source,AdventurerAI.ReapEmotion,694
11,25,DP,sink,CommandSystem.TryUse,-5550
11,25,DP,source,AdventurerAI.TakeDamage,2404
11,25,Material,source,AdventurerAI.TakeDamage,10
11,25,DP,source,AdventurerAI.GrantReturnReward,11445
11,25,Fame,source,AdventurerAI.GrantReturnReward,190
11,25,Fame,source,LureEconomy.OnHeroEscaped,475
11,25,DP,stock,end,9012
11,25,Material,stock,end,1503
11,25,Fame,stock,end,9341
11,26,DP,source,SurfaceMap.CollectYields,114
11,26,Material,source,SurfaceMap.CollectYields,5
11,26,Fame,source,SurfaceMap.CollectYields,24
11,26,DP,source,DistrictCatalog.Collect,28
11,26,DP,source,EraSystem.TickTurn,3840
11,26,DP,sink,MinionRoster.TryForge,-7194
11,26,DP,sink,DungeonFloorManager.TryExpandFloor,-1500
11,26,DP,sink,MinionRoster.TryEvolveIndividual,-3275
11,26,Material,sink,MinionRoster.TryForge,-2
11,26,DP,sink,DungeonFeatureManager.TryPlaceTrap,-750
11,26,DP,sink,MinionRoster.TrySummon,-264
11,26,DP,source,AdventurerAI.ReapEmotion,159
11,26,DP,source,AdventurerAI.GrantReturnReward,15002
11,26,Fame,source,AdventurerAI.GrantReturnReward,330
11,26,Fame,source,LureEconomy.OnHeroEscaped,825
11,26,DP,sink,CommandSystem.TryUse,-5200
11,26,DP,source,AdventurerAI.TakeDamage,8769
11,26,Material,source,AdventurerAI.TakeDamage,192
11,26,DP,stock,end,18741
11,26,Material,stock,end,1698
11,26,Fame,stock,end,10520
11,27,DP,source,SurfaceMap.CollectYields,135
11,27,Material,source,SurfaceMap.CollectYields,6
11,27,Fame,source,SurfaceMap.CollectYields,28
11,27,DP,source,DistrictCatalog.Collect,28
11,27,DP,source,EraSystem.TickTurn,9216
11,27,DP,sink,MinionRoster.TryForge,-16020
11,27,DP,sink,DungeonFloorManager.TryExpandFloor,-10000
11,27,DP,sink,MinionRoster.TryEvolveIndividual,-1225
11,27,Material,sink,MinionRoster.TryForge,-52
11,27,DP,sink,DungeonFeatureManager.TryPlaceTrap,-600
11,27,DP,sink,MinionRoster.TrySummon,-264
11,27,DP,source,AdventurerAI.ReapEmotion,401
11,27,DP,sink,CommandSystem.TryUse,-5600
11,27,DP,source,AdventurerAI.TakeDamage,4916
11,27,Material,source,AdventurerAI.TakeDamage,31
11,27,DP,source,AdventurerAI.GrantReturnReward,17475
11,27,Fame,source,AdventurerAI.GrantReturnReward,420
11,27,Fame,source,LureEconomy.OnHeroEscaped,1050
11,27,DP,stock,end,17203
11,27,Material,stock,end,1683
11,27,Fame,stock,end,12018
11,28,DP,source,SurfaceMap.CollectYields,158
11,28,Material,source,SurfaceMap.CollectYields,7
11,28,Fame,source,SurfaceMap.CollectYields,33
11,28,DP,source,DistrictCatalog.Collect,28
11,28,DP,source,EraSystem.TickTurn,3840
11,28,DP,sink,MinionRoster.TryForge,-19440
11,28,DP,sink,MinionRoster.TryEvolveIndividual,-825
11,28,Material,sink,MinionRoster.TryForge,-64
11,28,DP,sink,DungeonFeatureManager.TryPlaceTrap,-750
11,28,DP,sink,MinionRoster.TrySummon,-207
11,28,DP,source,AdventurerAI.ReapEmotion,459
11,28,DP,sink,CommandSystem.TryUse,-6200
11,28,DP,source,AdventurerAI.TakeDamage,10544
11,28,Material,source,AdventurerAI.TakeDamage,108
11,28,DP,source,AdventurerAI.GrantReturnReward,20459
11,28,Fame,source,AdventurerAI.GrantReturnReward,470
11,28,Fame,source,LureEconomy.OnHeroEscaped,1175
11,28,DP,stock,end,25269
11,28,Material,stock,end,1734
11,28,Fame,stock,end,13696
11,29,DP,source,SurfaceMap.CollectYields,158
11,29,Material,source,SurfaceMap.CollectYields,7
11,29,Fame,source,SurfaceMap.CollectYields,33
11,29,DP,source,DistrictCatalog.Collect,28
11,29,DP,source,EraSystem.TickTurn,3840
11,29,DP,sink,MinionRoster.TryForge,-26850
11,29,DP,sink,MinionRoster.TryEvolveIndividual,-850
11,29,Material,sink,MinionRoster.TryForge,-178
11,29,DP,sink,DungeonFeatureManager.TryPlaceTrap,-1350
11,29,DP,sink,MinionRoster.TrySummon,-242
11,29,DP,source,AdventurerAI.ReapEmotion,106
11,29,DP,source,AdventurerAI.TakeDamage,12865
11,29,Material,source,AdventurerAI.TakeDamage,72
11,29,DP,sink,CommandSystem.TryUse,-6250
11,29,DP,source,AdventurerAI.GrantReturnReward,16573
11,29,Fame,source,AdventurerAI.GrantReturnReward,330
11,29,Fame,source,LureEconomy.OnHeroEscaped,825
11,29,DP,stock,end,23297
11,29,Material,stock,end,1635
11,29,Fame,stock,end,14884
11,30,DP,source,SurfaceMap.CollectYields,158
11,30,Material,source,SurfaceMap.CollectYields,7
11,30,Fame,source,SurfaceMap.CollectYields,33
11,30,DP,source,DistrictCatalog.Collect,28
11,30,DP,source,EraSystem.TickTurn,6528
11,30,Material,source,EraSystem.TickTurn,32
11,30,DP,sink,MinionRoster.TryForge,-28260
11,30,DP,sink,MinionRoster.TryEvolveIndividual,-375
11,30,Material,sink,MinionRoster.TryForge,-220
11,30,DP,sink,DungeonFeatureManager.TryPlaceTrap,-1200
11,30,DP,sink,MinionRoster.TrySummon,-172
11,30,DP,source,AdventurerAI.ReapEmotion,781
11,30,DP,sink,CommandSystem.TryUse,-6000
11,30,DP,source,AdventurerAI.TakeDamage,10854
11,30,Material,source,AdventurerAI.TakeDamage,135
11,30,DP,source,AdventurerAI.GrantReturnReward,22605
11,30,Fame,source,AdventurerAI.GrantReturnReward,460
11,30,Fame,source,LureEconomy.OnHeroEscaped,1150
11,30,DP,stock,end,28244
11,30,Material,stock,end,1589
11,30,Fame,stock,end,16527
11,31,DP,source,SurfaceMap.CollectYields,180
11,31,Material,source,SurfaceMap.CollectYields,9
11,31,Fame,source,SurfaceMap.CollectYields,37
11,31,DP,source,DistrictCatalog.Collect,28
11,31,DP,source,EraSystem.TickTurn,3840
11,31,Material,source,EraSystem.TickTurn,74
11,31,DP,sink,MinionRoster.TryForge,-168
11,31,DP,sink,DungeonFloorManager.TryAddFloor,-31250
11,31,DP,sink,DungeonFloorManager.TryExpandFloor,-400
11,31,DP,sink,DungeonFeatureManager.TryPlaceTrap,-300
11,31,DP,sink,MinionRoster.TrySummon,-172
11,31,DP,source,AdventurerAI.ReapEmotion,248
11,31,DP,source,AdventurerAI.GrantReturnReward,19676
11,31,Fame,source,AdventurerAI.GrantReturnReward,640
11,31,Fame,source,LureEconomy.OnHeroEscaped,1600
11,31,DP,sink,CommandSystem.TryUse,-3100
11,31,DP,source,AdventurerAI.TakeDamage,2842
11,31,Material,source,AdventurerAI.TakeDamage,23
11,31,DP,stock,end,19668
11,31,Material,stock,end,1695
11,31,Fame,stock,end,18804
11,32,DP,source,SurfaceMap.CollectYields,180
11,32,Material,source,SurfaceMap.CollectYields,9
11,32,Fame,source,SurfaceMap.CollectYields,37
11,32,DP,source,DistrictCatalog.Collect,28
11,32,DP,source,EraSystem.TickTurn,6528
11,32,Fame,source,EraSystem.TickTurn,272
11,32,DP,sink,MinionRoster.TryForge,-19332
11,32,DP,sink,DungeonFloorManager.TryExpandFloor,-4800
11,32,DP,sink,MinionRoster.TryEvolveIndividual,-550
11,32,Material,sink,MinionRoster.TryForge,-116
11,32,DP,sink,DungeonFeatureManager.TryPlaceTrap,-1500
11,32,DP,sink,MinionRoster.TrySummon,-216
11,32,DP,source,AdventurerAI.ReapEmotion,156
11,32,DP,source,AdventurerAI.GrantReturnReward,16906
11,32,Fame,source,AdventurerAI.GrantReturnReward,340
11,32,Fame,source,LureEconomy.OnHeroEscaped,850
11,32,DP,sink,CommandSystem.TryUse,-4750
11,32,DP,source,AdventurerAI.TakeDamage,18437
11,32,Material,source,AdventurerAI.TakeDamage,155
11,32,DP,stock,end,30755
11,32,Material,stock,end,1743
11,32,Fame,stock,end,20303
11,33,DP,source,SurfaceMap.CollectYields,180
11,33,Material,source,SurfaceMap.CollectYields,9
11,33,Fame,source,SurfaceMap.CollectYields,37
11,33,DP,source,DistrictCatalog.Collect,28
11,33,DP,source,EraSystem.TickTurn,1920
11,33,DP,sink,MinionRoster.TryForge,-29100
11,33,DP,sink,MinionRoster.TryEvolveIndividual,-1425
11,33,Material,sink,MinionRoster.TryForge,-242
11,33,DP,sink,DungeonFeatureManager.TryPlaceTrap,-2100
11,33,DP,sink,MinionRoster.TrySummon,-225
11,33,DP,source,AdventurerAI.ReapEmotion,169
11,33,DP,source,AdventurerAI.TakeDamage,15388
11,33,Material,source,AdventurerAI.TakeDamage,538
11,33,DP,sink,CommandSystem.TryUse,-6050
11,33,DP,source,AdventurerAI.GrantReturnReward,19049
11,33,Fame,source,AdventurerAI.GrantReturnReward,390
11,33,Fame,source,LureEconomy.OnHeroEscaped,975
11,33,DP,stock,end,28589
11,33,Material,stock,end,2048
11,33,Fame,stock,end,21705
11,34,DP,source,SurfaceMap.CollectYields,180
11,34,Material,source,SurfaceMap.CollectYields,9
11,34,Fame,source,SurfaceMap.CollectYields,37
11,34,DP,source,DistrictCatalog.Collect,28
11,34,DP,sink,MinionRoster.TryForge,-26100
11,34,DP,sink,MinionRoster.TryEvolveIndividual,-350
11,34,Material,sink,MinionRoster.TryForge,-272
11,34,DP,sink,DungeonFeatureManager.TryPlaceTrap,-2100
11,34,DP,sink,MinionRoster.TrySummon,-225
11,34,DP,source,AdventurerAI.ReapEmotion,158
11,34,DP,source,AdventurerAI.TakeDamage,17007
11,34,Material,source,AdventurerAI.TakeDamage,115
11,34,DP,sink,CommandSystem.TryUse,-5550
11,34,DP,source,AdventurerAI.GrantReturnReward,18184
11,34,Fame,source,AdventurerAI.GrantReturnReward,360
11,34,Fame,source,LureEconomy.OnHeroEscaped,900
11,34,DP,stock,end,29821
11,34,Material,stock,end,1900
11,34,Fame,stock,end,23002
11,35,DP,source,SurfaceMap.CollectYields,180
11,35,Material,source,SurfaceMap.CollectYields,9
11,35,Fame,source,SurfaceMap.CollectYields,37
11,35,DP,source,DistrictCatalog.Collect,28
11,35,DP,sink,MinionRoster.TryForge,-27660
11,35,DP,sink,MinionRoster.TryEvolveIndividual,-350
11,35,Material,sink,MinionRoster.TryForge,-290
11,35,DP,sink,DungeonFeatureManager.TryPlaceTrap,-1800
11,35,DP,sink,MinionRoster.TrySummon,-188
11,35,DP,source,AdventurerAI.ReapEmotion,691
11,35,DP,sink,CommandSystem.TryUse,-5550
11,35,DP,source,AdventurerAI.TakeDamage,12344
11,35,Material,source,AdventurerAI.TakeDamage,126
11,35,DP,source,AdventurerAI.GrantReturnReward,13143
11,35,Fame,source,AdventurerAI.GrantReturnReward,190
11,35,Fame,source,LureEconomy.OnHeroEscaped,475
11,35,DP,stock,end,20659
11,35,Material,stock,end,1745
11,35,Fame,stock,end,23704
11,36,DP,source,SurfaceMap.CollectYields,180
11,36,Material,source,SurfaceMap.CollectYields,9
11,36,Fame,source,SurfaceMap.CollectYields,37
11,36,DP,source,DistrictCatalog.Collect,28
11,36,DP,sink,MinionRoster.TryForge,-18300
11,36,DP,sink,MinionRoster.TryEvolveIndividual,-250
11,36,Material,sink,MinionRoster.TryForge,-182
11,36,DP,sink,DungeonFeatureManager.TryPlaceTrap,-2100
11,36,DP,sink,MinionRoster.TrySummon,-188
11,36,DP,source,AdventurerAI.ReapEmotion,109
11,36,DP,source,AdventurerAI.TakeDamage,19242
11,36,Material,source,AdventurerAI.TakeDamage,401
11,36,DP,sink,CommandSystem.TryUse,-6050
11,36,DP,source,AdventurerAI.GrantReturnReward,25608
11,36,Fame,source,AdventurerAI.GrantReturnReward,380
11,36,Fame,source,LureEconomy.OnHeroEscaped,950
11,36,DP,stock,end,38938
11,36,Material,stock,end,1973
11,36,Fame,stock,end,25071
11,37,DP,source,SurfaceMap.CollectYields,157
11,37,Material,source,SurfaceMap.CollectYields,8
11,37,Fame,source,SurfaceMap.CollectYields,32
11,37,DP,source,DistrictCatalog.Collect,28
11,37,DP,sink,MinionRoster.TryForge,-37020
11,37,DP,sink,MinionRoster.TryEvolveIndividual,-650
11,37,Material,sink,MinionRoster.TryForge,-398
11,37,DP,sink,DungeonFeatureManager.TryPlaceTrap,-1200
11,37,DP,sink,MinionRoster.TrySummon,-234
11,37,DP,source,AdventurerAI.ReapEmotion,270
11,37,DP,source,AdventurerAI.GrantReturnReward,29262
11,37,Fame,source,AdventurerAI.GrantReturnReward,360
11,37,Fame,source,LureEconomy.OnHeroEscaped,900
11,37,DP,sink,CommandSystem.TryUse,-5200
11,37,DP,source,AdventurerAI.TakeDamage,21883
11,37,Material,source,AdventurerAI.TakeDamage,363
11,37,DP,stock,end,46234
11,37,Material,stock,end,1946
11,37,Fame,stock,end,26363
11,38,DP,source,SurfaceMap.CollectYields,157
11,38,Material,source,SurfaceMap.CollectYields,8
11,38,Fame,source,SurfaceMap.CollectYields,32
11,38,DP,source,DistrictCatalog.Collect,28
11,38,DP,sink,MinionRoster.TryForge,-43260
11,38,DP,sink,MinionRoster.TryEvolveIndividual,-750
11,38,Material,sink,MinionRoster.TryForge,-470
11,38,DP,sink,DungeonFeatureManager.TryPlaceTrap,-2250
11,38,DP,sink,MinionRoster.TrySummon,-122
11,38,DP,source,AdventurerAI.ReapEmotion,274
11,38,DP,sink,CommandSystem.TryUse,-5200
11,38,DP,source,AdventurerAI.TakeDamage,25711
11,38,Material,source,AdventurerAI.TakeDamage,399
11,38,DP,source,AdventurerAI.GrantReturnReward,20112
11,38,Fame,source,AdventurerAI.GrantReturnReward,320
11,38,Fame,source,LureEconomy.OnHeroEscaped,800
11,38,DP,stock,end,40934
11,38,Material,stock,end,1883
11,38,Fame,stock,end,27515
11,39,DP,source,SurfaceMap.CollectYields,157
11,39,Material,source,SurfaceMap.CollectYields,8
11,39,Fame,source,SurfaceMap.CollectYields,32
11,39,DP,source,DistrictCatalog.Collect,28
11,39,DP,sink,MinionRoster.TryForge,-36780
11,39,DP,sink,MinionRoster.TryEvolveIndividual,-175
11,39,Material,sink,MinionRoster.TryForge,-434
11,39,DP,sink,DungeonFeatureManager.TryPlaceTrap,-3600
11,39,DP,sink,MinionRoster.TrySummon,-563
11,39,DP,source,AdventurerAI.ReapEmotion,389
11,39,DP,sink,CommandSystem.TryUse,-5550
11,39,DP,source,AdventurerAI.GrantReturnReward,45914
11,39,Fame,source,AdventurerAI.GrantReturnReward,610
11,39,Fame,source,LureEconomy.OnHeroEscaped,1525
11,39,DP,source,AdventurerAI.TakeDamage,33381
11,39,Material,source,AdventurerAI.TakeDamage,899
11,39,DP,stock,end,74135
11,39,Material,stock,end,2356
11,39,Fame,stock,end,29682
11,40,DP,source,SurfaceMap.CollectYields,180
11,40,Material,source,SurfaceMap.CollectYields,9
11,40,Fame,source,SurfaceMap.CollectYields,37
11,40,DP,source,DistrictCatalog.Collect,28
11,40,DP,sink,MinionRoster.TryForge,-69780
11,40,DP,sink,MinionRoster.TryEvolveIndividual,-375
11,40,Material,sink,MinionRoster.TryForge,-888
11,40,DP,sink,DungeonFeatureManager.TryPlaceTrap,-1950
11,40,DP,sink,MinionRoster.TrySummon,-2206
11,40,DP,source,AdventurerAI.ReapEmotion,453
11,40,DP,sink,CommandSystem.TryUse,-5200
11,40,DP,source,AdventurerAI.GrantReturnReward,27545
11,40,Fame,source,AdventurerAI.GrantReturnReward,450
11,40,Fame,source,LureEconomy.OnHeroEscaped,1125
11,40,DP,source,AdventurerAI.TakeDamage,35842
11,40,Material,source,AdventurerAI.TakeDamage,34720
11,40,DP,source,Nemesis.OnSlain,4278
11,40,Material,source,Nemesis.OnSlain,17
11,40,DP,stock,end,62950
11,40,Material,stock,end,36214
11,40,Fame,stock,end,31294
11,41,DP,source,SurfaceMap.CollectYields,183
11,41,Material,source,SurfaceMap.CollectYields,9
11,41,Fame,source,SurfaceMap.CollectYields,38
11,41,DP,source,DistrictCatalog.Collect,28
11,41,DP,source,EraSystem.TickTurn,1920
11,41,DP,sink,MinionRoster.TryForge,-40884
11,41,DP,sink,MinionRoster.TryEvolveIndividual,-550
11,41,Material,sink,MinionRoster.TryForge,-360
11,41,DP,sink,MinionRoster.TrySummon,-23194
11,41,DP,sink,CommandSystem.TryUse,-6000
11,41,DP,source,AdventurerAI.ReapEmotion,230
11,41,DP,source,AdventurerAI.GrantReturnReward,26002
11,41,Fame,source,AdventurerAI.GrantReturnReward,410
11,41,Fame,source,LureEconomy.OnHeroEscaped,1025
11,41,DP,source,AdventurerAI.TakeDamage,19652
11,41,Material,source,AdventurerAI.TakeDamage,2038
11,41,DP,source,Nemesis.OnSlain,4278
11,41,Material,source,Nemesis.OnSlain,17
11,41,DP,stock,end,44615
11,41,Material,stock,end,37918
11,41,Fame,stock,end,32767
11,42,DP,source,SurfaceMap.CollectYields,183
11,42,Material,source,SurfaceMap.CollectYields,9
11,42,Fame,source,SurfaceMap.CollectYields,38
11,42,DP,source,DistrictCatalog.Collect,28
11,42,DP,sink,MinionRoster.TryForge,-12396
11,42,Material,sink,MinionRoster.TryForge,-4
11,42,DP,sink,MinionRoster.TrySummon,-32421
11,42,DP,source,AdventurerAI.ReapEmotion,133
11,42,DP,source,AdventurerAI.GrantReturnReward,27369
11,42,Fame,source,AdventurerAI.GrantReturnReward,430
11,42,Fame,source,LureEconomy.OnHeroEscaped,1075
11,42,DP,sink,CommandSystem.TryUse,-5250
11,42,DP,source,AdventurerAI.TakeDamage,18572
11,42,Material,source,AdventurerAI.TakeDamage,4499
11,42,DP,source,Nemesis.OnSlain,4278
11,42,Material,source,Nemesis.OnSlain,17
11,42,DP,stock,end,45111
11,42,Material,stock,end,42439
11,42,Fame,stock,end,34310
11,43,DP,source,SurfaceMap.CollectYields,183
11,43,Material,source,SurfaceMap.CollectYields,9
11,43,Fame,source,SurfaceMap.CollectYields,38
11,43,DP,source,DistrictCatalog.Collect,28
11,43,DP,sink,MinionRoster.TryForge,-30960
11,43,Material,sink,MinionRoster.TryForge,-192
11,43,DP,sink,MinionRoster.TrySummon,-14325
11,43,DP,source,AdventurerAI.ReapEmotion,127
11,43,DP,source,AdventurerAI.GrantReturnReward,26648
11,43,Fame,source,AdventurerAI.GrantReturnReward,430
11,43,Fame,source,LureEconomy.OnHeroEscaped,1075
11,43,DP,sink,CommandSystem.TryUse,-5200
11,43,DP,source,AdventurerAI.TakeDamage,19046
11,43,Material,source,AdventurerAI.TakeDamage,795
11,43,DP,source,Nemesis.OnSlain,956
11,43,Material,source,Nemesis.OnSlain,6
11,43,DP,stock,end,41614
11,43,Material,stock,end,43057
11,43,Fame,stock,end,35853
11,44,DP,source,SurfaceMap.CollectYields,183
11,44,Material,source,SurfaceMap.CollectYields,9
11,44,Fame,source,SurfaceMap.CollectYields,38
11,44,DP,source,DistrictCatalog.Collect,28
11,44,DP,sink,MinionRoster.TryForge,-40440
11,44,Material,sink,MinionRoster.TryForge,-442
11,44,DP,sink,MinionRoster.TrySummon,-1378
11,44,DP,source,AdventurerAI.ReapEmotion,120
11,44,DP,source,AdventurerAI.GrantReturnReward,26974
11,44,Fame,source,AdventurerAI.GrantReturnReward,340
11,44,Fame,source,LureEconomy.OnHeroEscaped,850
11,44,DP,sink,CommandSystem.TryUse,-5250
11,44,DP,source,AdventurerAI.TakeDamage,42985
11,44,Material,source,AdventurerAI.TakeDamage,1297
11,44,DP,source,Nemesis.OnSlain,2298
11,44,Material,source,Nemesis.OnSlain,14
11,44,DP,stock,end,67134
11,44,Material,stock,end,43935
11,44,Fame,stock,end,37081
11,45,DP,source,SurfaceMap.CollectYields,183
11,45,Material,source,SurfaceMap.CollectYields,9
11,45,Fame,source,SurfaceMap.CollectYields,38
11,45,DP,source,DistrictCatalog.Collect,28
11,45,DP,sink,MinionRoster.TryForge,-65400
11,45,Material,sink,MinionRoster.TryForge,-858
11,45,DP,sink,MinionRoster.TrySummon,-1936
11,45,DP,source,AdventurerAI.ReapEmotion,418
11,45,DP,sink,CommandSystem.TryUse,-5200
11,45,DP,source,AdventurerAI.GrantReturnReward,40511
11,45,Fame,source,AdventurerAI.GrantReturnReward,350
11,45,Fame,source,LureEconomy.OnHeroEscaped,875
11,45,DP,source,AdventurerAI.TakeDamage,34118
11,45,Material,source,AdventurerAI.TakeDamage,756
11,45,DP,source,Nemesis.OnSlain,988
11,45,Material,source,Nemesis.OnSlain,6
11,45,DP,stock,end,70844
11,45,Material,stock,end,43848
11,45,Fame,stock,end,38344
11,46,DP,source,SurfaceMap.CollectYields,183
11,46,Material,source,SurfaceMap.CollectYields,9
11,46,Fame,source,SurfaceMap.CollectYields,38
11,46,DP,source,DistrictCatalog.Collect,28
11,46,DP,sink,MinionRoster.TryForge,-67200
11,46,Material,sink,MinionRoster.TryForge,-896
11,46,DP,sink,MinionRoster.TrySummon,-3278
11,46,DP,sink,CommandSystem.TryUse,-5550
11,46,DP,source,AdventurerAI.ReapEmotion,532
11,46,DP,source,AdventurerAI.TakeDamage,17261
11,46,Material,source,AdventurerAI.TakeDamage,8971099
11,46,DP,source,AdventurerAI.GrantReturnReward,10651
11,46,Fame,source,AdventurerAI.GrantReturnReward,180
11,46,Fame,source,LureEconomy.OnHeroEscaped,450
11,46,DP,source,Nemesis.OnSlain,4278
11,46,Material,source,Nemesis.OnSlain,17
11,46,DP,stock,end,27749
11,46,Material,stock,end,9014077
11,46,Fame,stock,end,39012
11,47,DP,source,SurfaceMap.CollectYields,183
11,47,Material,source,SurfaceMap.CollectYields,9
11,47,Fame,source,SurfaceMap.CollectYields,38
11,47,DP,source,DistrictCatalog.Collect,28
11,47,DP,sink,MinionRoster.TryForge,-4800
11,47,Material,sink,MinionRoster.TryForge,-64
11,47,DP,sink,MinionEvolution.TryEvolve,-9050
11,47,DP,sink,MinionRoster.TryEvolveIndividual,-13300
11,47,DP,sink,MinionRoster.TrySummon,-783
11,47,DP,source,AdventurerAI.ReapEmotion,222
11,47,DP,source,AdventurerAI.GrantReturnReward,42936
11,47,Fame,source,AdventurerAI.GrantReturnReward,400
11,47,Fame,source,LureEconomy.OnHeroEscaped,1000
11,47,DP,sink,CommandSystem.TryUse,-5550
11,47,DP,source,AdventurerAI.TakeDamage,24458
11,47,Material,source,AdventurerAI.TakeDamage,18583
11,47,DP,source,Nemesis.OnSlain,8556
11,47,Material,source,Nemesis.OnSlain,34
11,47,DP,stock,end,70649
11,47,Material,stock,end,9032639
11,47,Fame,stock,end,40450
11,48,DP,source,SurfaceMap.CollectYields,183
11,48,Material,source,SurfaceMap.CollectYields,9
11,48,Fame,source,SurfaceMap.CollectYields,38
11,48,DP,source,DistrictCatalog.Collect,28
11,48,DP,source,EraSystem.TickTurn,9720
11,48,DP,sink,MinionRoster.TryForge,-40800
11,48,Material,sink,MinionRoster.TryForge,-544
11,48,DP,sink,MinionRoster.TryEvolveIndividual,-36500
11,48,DP,sink,MinionRoster.TrySummon,-3242
11,48,DP,source,AdventurerAI.ReapEmotion,176
11,48,DP,source,AdventurerAI.TakeDamage,30786
11,48,Material,source,AdventurerAI.TakeDamage,574
11,48,DP,sink,CommandSystem.TryUse,-6200
11,48,DP,source,AdventurerAI.GrantReturnReward,13913
11,48,Fame,source,AdventurerAI.GrantReturnReward,290
11,48,Fame,source,LureEconomy.OnHeroEscaped,725
11,48,DP,source,Nemesis.OnSlain,2408
11,48,Material,source,Nemesis.OnSlain,14
11,48,DP,stock,end,41121
11,48,Material,stock,end,9032692
11,48,Fame,stock,end,41503
11,49,DP,source,SurfaceMap.CollectYields,160
11,49,Material,source,SurfaceMap.CollectYields,8
11,49,Fame,source,SurfaceMap.CollectYields,33
11,49,DP,source,DistrictCatalog.Collect,28
11,49,DP,source,EraSystem.TickTurn,9720
11,49,DP,sink,MinionRoster.TryForge,-4800
11,49,Material,sink,MinionRoster.TryForge,-64
11,49,DP,sink,MinionEvolution.TryEvolve,-14200
11,49,DP,sink,MinionRoster.TryEvolveIndividual,-30700
11,49,DP,sink,MinionRoster.TrySummon,-1293
11,49,DP,source,AdventurerAI.ReapEmotion,248
11,49,DP,source,AdventurerAI.TakeDamage,60451
11,49,Material,source,AdventurerAI.TakeDamage,869
11,49,DP,sink,CommandSystem.TryUse,-6700
11,49,DP,source,AdventurerAI.GrantReturnReward,14665
11,49,Fame,source,AdventurerAI.GrantReturnReward,220
11,49,Fame,source,LureEconomy.OnHeroEscaped,550
11,49,DP,source,Nemesis.OnSlain,2365
11,49,Material,source,Nemesis.OnSlain,12
11,49,DP,stock,end,71065
11,49,Material,stock,end,9033517
11,49,Fame,stock,end,42306
11,50,DP,source,SurfaceMap.CollectYields,183
11,50,Material,source,SurfaceMap.CollectYields,8
11,50,Fame,source,SurfaceMap.CollectYields,40
11,50,DP,source,DistrictCatalog.Collect,28
11,50,DP,source,EraSystem.TickTurn,9720
11,50,DP,sink,MinionRoster.TryForge,-4800
11,50,Material,sink,MinionRoster.TryForge,-64
11,50,DP,sink,MinionEvolution.TryEvolve,-19050
11,50,DP,sink,MinionRoster.TryEvolveIndividual,-55700
11,50,DP,sink,MinionRoster.TrySummon,-1446
11,50,DP,source,AdventurerAI.ReapEmotion,495
11,50,DP,source,AdventurerAI.TakeDamage,67650
11,50,Material,source,AdventurerAI.TakeDamage,784
11,50,DP,sink,CommandSystem.TryUse,-6050
11,50,DP,source,Nemesis.OnSlain,2947
11,50,Material,source,Nemesis.OnSlain,16
11,50,DP,source,AdventurerAI.GrantReturnReward,18876
11,50,Fame,source,AdventurerAI.GrantReturnReward,200
11,50,Fame,source,LureEconomy.OnHeroEscaped,500
11,50,DP,stock,end,83918
11,50,Material,stock,end,9034261
11,50,Fame,stock,end,43046
11,51,DP,source,SurfaceMap.CollectYields,184
11,51,Material,source,SurfaceMap.CollectYields,8
11,51,Fame,source,SurfaceMap.CollectYields,41
11,51,DP,source,DistrictCatalog.Collect,28
11,51,DP,source,EraSystem.TickTurn,9720
11,51,DP,sink,MinionRoster.TryForge,-4800
11,51,Material,sink,MinionRoster.TryForge,-64
11,51,DP,sink,DungeonFloorManager.TryAddFloor,-78125
11,51,DP,sink,DungeonFloorManager.TryExpandFloor,-5200
11,51,DP,sink,MinionRoster.TryEvolveIndividual,-4700
11,51,DP,sink,DungeonFeatureManager.TryPlaceTrap,-750
11,51,DP,sink,MinionRoster.TrySummon,-233
11,51,DP,source,AdventurerAI.ReapEmotion,364
11,51,DP,source,AdventurerAI.TakeDamage,37336
11,51,Material,source,AdventurerAI.TakeDamage,684
11,51,DP,sink,CommandSystem.TryUse,-5750
11,51,DP,source,AdventurerAI.GrantReturnReward,15223
11,51,Fame,source,AdventurerAI.GrantReturnReward,280
11,51,Fame,source,LureEconomy.OnHeroEscaped,700
11,51,DP,source,Nemesis.OnSlain,1919
11,51,Material,source,Nemesis.OnSlain,10
11,51,DP,stock,end,49134
11,51,Material,stock,end,9034899
11,51,Fame,stock,end,44067
11,52,DP,source,SurfaceMap.CollectYields,262
11,52,Material,source,SurfaceMap.CollectYields,12
11,52,Fame,source,SurfaceMap.CollectYields,47
11,52,DP,source,DistrictCatalog.Collect,28
11,52,DP,source,EraSystem.TickTurn,16524
11,52,DP,sink,MinionRoster.TryForge,-16800
11,52,Material,sink,MinionRoster.TryForge,-224
11,52,DP,sink,MinionRoster.TryEvolveIndividual,-46350
11,52,DP,sink,DungeonFeatureManager.TryPlaceTrap,-2550
11,52,DP,sink,MinionRoster.TrySummon,-239
11,52,DP,source,AdventurerAI.ReapEmotion,512
11,52,DP,source,AdventurerAI.TakeDamage,55175
11,52,Material,source,AdventurerAI.TakeDamage,736
11,52,DP,sink,CommandSystem.TryUse,-6050
11,52,DP,source,AdventurerAI.GrantReturnReward,21907
11,52,Fame,source,AdventurerAI.GrantReturnReward,410
11,52,Fame,source,LureEconomy.OnHeroEscaped,1025
11,52,DP,source,Nemesis.OnSlain,2938
11,52,Material,source,Nemesis.OnSlain,16
11,52,DP,stock,end,74491
11,52,Material,stock,end,9035439
11,52,Fame,stock,end,45549
11,53,DP,source,SurfaceMap.CollectYields,262
11,53,Material,source,SurfaceMap.CollectYields,12
11,53,Fame,source,SurfaceMap.CollectYields,47
11,53,DP,source,DistrictCatalog.Collect,28
11,53,Material,source,DistrictCatalog.Collect,7
11,53,DP,source,EraSystem.TickTurn,9720
11,53,Material,source,EraSystem.TickTurn,124
11,53,DP,sink,MinionRoster.TryForge,-38880
11,53,Material,sink,MinionRoster.TryForge,-558
11,53,DP,sink,MinionRoster.TryEvolveIndividual,-42100
11,53,DP,sink,DungeonFeatureManager.TryPlaceTrap,-1800
11,53,DP,sink,MinionRoster.TrySummon,-1681
11,53,DP,source,AdventurerAI.ReapEmotion,236
11,53,DP,source,AdventurerAI.TakeDamage,59270
11,53,Material,source,AdventurerAI.TakeDamage,1302
11,53,DP,sink,CommandSystem.TryUse,-6700
11,53,DP,source,AdventurerAI.GrantReturnReward,18976
11,53,Fame,source,AdventurerAI.GrantReturnReward,280
11,53,Fame,source,LureEconomy.OnHeroEscaped,700
11,53,DP,source,Nemesis.OnSlain,2170
11,53,Material,source,Nemesis.OnSlain,12
11,53,DP,stock,end,73992
11,53,Material,stock,end,9036338
11,53,Fame,stock,end,46576
11,54,DP,source,SurfaceMap.CollectYields,230
11,54,Material,source,SurfaceMap.CollectYields,12
11,54,Fame,source,SurfaceMap.CollectYields,39
11,54,DP,source,DistrictCatalog.Collect,28
11,54,Material,source,DistrictCatalog.Collect,7
11,54,DP,source,EraSystem.TickTurn,9720
11,54,Material,source,EraSystem.TickTurn,62
11,54,Fame,source,EraSystem.TickTurn,135
11,54,DP,sink,MinionRoster.TryForge,-80640
11,54,Material,sink,MinionRoster.TryForge,-1176
11,54,DP,sink,MinionRoster.TrySummon,-3295
11,54,DP,source,AdventurerAI.ReapEmotion,257
11,54,DP,source,AdventurerAI.GrantReturnReward,22568
11,54,Fame,source,AdventurerAI.GrantReturnReward,400
11,54,Fame,source,LureEconomy.OnHeroEscaped,1000
11,54,DP,sink,CommandSystem.TryUse,-5200
11,54,DP,source,AdventurerAI.TakeDamage,51961
11,54,Material,source,AdventurerAI.TakeDamage,1508
11,54,DP,source,Nemesis.OnSlain,3070
11,54,Material,source,Nemesis.OnSlain,16
11,54,DP,stock,end,72691
11,54,Material,stock,end,9036767
11,54,Fame,stock,end,48150
12,1,DP,sink,DungeonFeatureManager.TryPlaceTrap,-150
12,1,DP,sink,MinionRoster.TrySummon,-46
12,1,DP,source,AdventurerAI.TakeDamage,272
12,1,Material,source,AdventurerAI.TakeDamage,10
12,1,DP,stock,end,276
12,1,Material,stock,end,10
12,1,Fame,stock,end,0
12,2,DP,source,SurfaceMap.CollectYields,18
12,2,Material,source,SurfaceMap.CollectYields,1
12,2,Fame,source,SurfaceMap.CollectYields,4
12,2,DP,source,EraSystem.TickTurn,600
12,2,Fame,source,EraSystem.TickTurn,25
12,2,DP,sink,MinionRoster.TryForge,-236
12,2,DP,sink,MinionEvolution.TryEvolve,-325
12,2,DP,sink,DungeonFeatureManager.TryPlaceTrap,-150
12,2,DP,sink,MinionRoster.TrySummon,-181
12,2,DP,source,AdventurerAI.ReapEmotion,217
12,2,DP,source,AdventurerAI.TakeDamage,304
12,2,Material,source,AdventurerAI.TakeDamage,19
12,2,DP,sink,CommandSystem.TryUse,-300
12,2,DP,stock,end,223
12,2,Material,stock,end,30
12,2,Fame,stock,end,29
12,3,DP,source,SurfaceMap.CollectYields,18
12,3,Material,source,SurfaceMap.CollectYields,1
12,3,Fame,source,SurfaceMap.CollectYields,4
12,3,DP,source,EraSystem.TickTurn,600
12,3,Material,source,EraSystem.TickTurn,10
12,3,DP,sink,MinionRoster.TryForge,-236
12,3,DP,sink,MinionEvolution.TryEvolve,-300
12,3,DP,sink,DungeonFeatureManager.TryPlaceTrap,-150
12,3,DP,sink,MinionRoster.TrySummon,-153
12,3,DP,source,AdventurerAI.ReapEmotion,100
12,3,Fame,source,AdventurerAI.GrantReturnReward,50
12,3,Fame,source,LureEconomy.OnHeroEscaped,125
12,3,DP,source,AdventurerAI.GrantReturnReward,365
12,3,DP,sink,CommandSystem.TryUse,-300
12,3,DP,stock,end,167
12,3,Material,stock,end,41
12,3,Fame,stock,end,208
12,4,DP,source,SurfaceMap.CollectYields,18
12,4,Material,source,SurfaceMap.CollectYields,1
12,4,Fame,source,SurfaceMap.CollectYields,4
12,4,DP,source,EraSystem.TickTurn,600
12,4,Material,source,EraSystem.TickTurn,10
12,4,DP,sink,MinionRoster.TryForge,-236
12,4,DP,sink,MinionEvolution.TryEvolve,-200
12,4,DP,sink,DungeonFeatureManager.TryPlaceTrap,-150
12,4,DP,sink,MinionRoster.TrySummon,-186
12,4,DP,source,AdventurerAI.ReapEmotion,112
12,4,DP,source,AdventurerAI.TakeDamage,326
12,4,Material,source,AdventurerAI.TakeDamage,12
12,4,DP,sink,CommandSystem.TryUse,-1150
12,4,DP,source,AdventurerAI.GrantReturnReward,914
12,4,Fame,source,AdventurerAI.GrantReturnReward,20
12,4,Fame,source,LureEconomy.OnHeroEscaped,50
12,4,DP,stock,end,215
12,4,Material,stock,end,64
12,4,Fame,stock,end,282
12,5,DP,source,SurfaceMap.CollectYields,18
12,5,Material,source,SurfaceMap.CollectYields,1
12,5,Fame,source,SurfaceMap.CollectYields,4
12,5,DP,source,EraSystem.TickTurn,600
12,5,Fame,source,EraSystem.TickTurn,25
12,5,DP,sink,MinionRoster.TryForge,-212
12,5,DP,sink,MinionEvolution.TryEvolve,-200
12,5,DP,sink,MinionRoster.TryEvolveIndividual,-75
12,5,DP,sink,DungeonFeatureManager.TryPlaceTrap,-150
12,5,DP,sink,MinionRoster.TrySummon,-189
12,5,DP,source,AdventurerAI.TakeDamage,822
12,5,Material,source,AdventurerAI.TakeDamage,20
12,5,DP,source,AdventurerAI.ReapEmotion,83
12,5,DP,sink,CommandSystem.TryUse,-2300
12,5,DP,source,AdventurerAI.GrantReturnReward,679
12,5,Fame,source,AdventurerAI.GrantReturnReward,20
12,5,Fame,source,LureEconomy.OnHeroEscaped,50
12,5,DP,source,Nemesis.OnSlain,940
12,5,Material,source,Nemesis.OnSlain,10
12,5,DP,stock,end,231
12,5,Material,stock,end,95
12,5,Fame,stock,end,381
12,6,DP,source,SurfaceMap.CollectYields,39
12,6,Material,source,SurfaceMap.CollectYields,2
12,6,Fame,source,SurfaceMap.CollectYields,9
12,6,DP,source,EraSystem.TickTurn,600
12,6,DP,source,WaveRoster.ResolveTrial,1800
12,6,DP,sink,MinionRoster.TryForge,-212
12,6,DP,sink,DungeonFloorManager.TryAddFloor,-800
12,6,DP,sink,DungeonFloorManager.TryExpandFloor,-800
12,6,DP,sink,MinionEvolution.TryEvolve,-325
12,6,DP,sink,MinionRoster.TryEvolveIndividual,-175
12,6,DP,sink,DungeonFeatureManager.TryPlaceTrap,-300
12,6,DP,sink,MinionRoster.TrySummon,-46
12,6,DP,source,AdventurerAI.TakeDamage,684
12,6,Material,source,AdventurerAI.TakeDamage,20
12,6,DP,source,AdventurerAI.ReapEmotion,85
12,6,DP,sink,CommandSystem.TryUse,-650
12,6,DP,source,AdventurerAI.GrantReturnReward,160
12,6,Fame,source,AdventurerAI.GrantReturnReward,10
12,6,Fame,source,LureEconomy.OnHeroEscaped,25
12,6,DP,source,Nemesis.OnSlain,486
12,6,Material,source,Nemesis.OnSlain,5
12,6,DP,stock,end,777
12,6,Material,stock,end,122
12,6,Fame,stock,end,425
12,7,DP,source,SurfaceMap.CollectYields,39
12,7,Material,source,SurfaceMap.CollectYields,2
12,7,Fame,source,SurfaceMap.CollectYields,9
12,7,DP,source,EraSystem.TickTurn,600
12,7,DP,sink,MinionRoster.TryForge,-212
12,7,DP,sink,DungeonFloorManager.TryExpandFloor,-800
12,7,DP,sink,DungeonFeatureManager.TryPlaceTrap,-300
12,7,DP,sink,MinionRoster.TrySummon,-90
12,7,DP,source,AdventurerAI.ReapEmotion,130
12,7,Fame,source,AdventurerAI.GrantReturnReward,20
12,7,Fame,source,LureEconomy.OnHeroEscaped,50
12,7,DP,source,AdventurerAI.TakeDamage,719
12,7,Material,source,AdventurerAI.TakeDamage,50
12,7,DP,sink,CommandSystem.TryUse,-1450
12,7,DP,source,AdventurerAI.GrantReturnReward,104
12,7,DP,source,Nemesis.OnSlain,1004
12,7,Material,source,Nemesis.OnSlain,10
12,7,DP,stock,end,521
12,7,Material,stock,end,184
12,7,Fame,stock,end,504
12,8,DP,source,SurfaceMap.CollectYields,39
12,8,Material,source,SurfaceMap.CollectYields,2
12,8,Fame,source,SurfaceMap.CollectYields,9
12,8,DP,source,EraSystem.TickTurn,1020
12,8,DP,sink,MinionRoster.TryForge,-212
12,8,DP,sink,DungeonFloorManager.TryExpandFloor,-800
12,8,DP,sink,MinionEvolution.TryEvolve,-250
12,8,DP,sink,DungeonFeatureManager.TryPlaceTrap,-150
12,8,DP,sink,MinionRoster.TrySummon,-162
12,8,DP,source,AdventurerAI.ReapEmotion,232
12,8,Fame,source,AdventurerAI.GrantReturnReward,50
12,8,Fame,source,LureEconomy.OnHeroEscaped,125
12,8,DP,source,AdventurerAI.TakeDamage,503
12,8,Material,source,AdventurerAI.TakeDamage,23
12,8,DP,sink,CommandSystem.TryUse,-950
12,8,DP,source,AdventurerAI.GrantReturnReward,474
12,8,DP,source,Nemesis.OnSlain,734
12,8,Material,source,Nemesis.OnSlain,7
12,8,DP,stock,end,999
12,8,Material,stock,end,216
12,8,Fame,stock,end,688
12,9,DP,source,SurfaceMap.CollectYields,69
12,9,Material,source,SurfaceMap.CollectYields,3
12,9,Fame,source,SurfaceMap.CollectYields,17
12,9,DP,source,EraSystem.TickTurn,600
12,9,Fame,source,EraSystem.TickTurn,25
12,9,DP,sink,MinionRoster.TryForge,-190
12,9,DP,sink,MinionEvolution.TryEvolve,-1050
12,9,DP,sink,DungeonFeatureManager.TryPlaceTrap,-150
12,9,DP,sink,MinionRoster.TrySummon,-273
12,9,DP,source,AdventurerAI.ReapEmotion,120
12,9,DP,source,AdventurerAI.TakeDamage,947
12,9,Material,source,AdventurerAI.TakeDamage,48
12,9,DP,source,AdventurerAI.GrantReturnReward,732
12,9,Fame,source,AdventurerAI.GrantReturnReward,30
12,9,Fame,source,LureEconomy.OnHeroEscaped,75
12,9,DP,sink,CommandSystem.TryUse,-2300
12,9,DP,source,Nemesis.OnSlain,518
12,9,Material,source,Nemesis.OnSlain,5
12,9,DP,stock,end,22
12,9,Material,stock,end,272
12,9,Fame,stock,end,835
12,10,DP,source,SurfaceMap.CollectYields,79
12,10,Material,source,SurfaceMap.CollectYields,3
12,10,Fame,source,SurfaceMap.CollectYields,17
12,10,DP,source,EraSystem.TickTurn,1020
12,10,DP,sink,MinionRoster.TryForge,-190
12,10,DP,sink,MinionRoster.TryEvolveIndividual,-575
12,10,DP,sink,DungeonFeatureManager.TryPlaceTrap,-150
12,10,DP,sink,MinionRoster.TrySummon,-204
12,10,DP,source,AdventurerAI.ReapEmotion,287
12,10,DP,source,AdventurerAI.TakeDamage,1193
12,10,Material,source,AdventurerAI.TakeDamage,38
12,10,DP,sink,CommandSystem.TryUse,-1800
12,10,DP,source,Nemesis.OnSlain,535
12,10,Material,source,Nemesis.OnSlain,5
12,10,DP,source,AdventurerAI.GrantReturnReward,227
12,10,Fame,source,AdventurerAI.GrantReturnReward,10
12,10,Fame,source,LureEconomy.OnHeroEscaped,25
12,10,DP,stock,end,444
12,10,Material,stock,end,318
12,10,Fame,stock,end,887
12,11,DP,source,SurfaceMap.CollectYields,79
12,11,Material,source,SurfaceMap.CollectYields,3
12,11,Fame,source,SurfaceMap.CollectYields,17
12,11,DP,source,WaveRoster.ResolveTrial,1800
12,11,DP,sink,MinionRoster.TryForge,-190
12,11,DP,sink,DungeonFloorManager.TryExpandFloor,-1500
12,11,DP,sink,MinionRoster.TryEvolveIndividual,-225
12,11,DP,sink,DungeonFeatureManager.TryPlaceTrap,-150
12,11,DP,sink,MinionRoster.TrySummon,-255
12,11,DP,source,AdventurerAI.TakeDamage,622
12,11,Material,source,AdventurerAI.TakeDamage,31
12,11,Fame,source,AdventurerAI.GrantReturnReward,70
12,11,Fame,source,LureEconomy.OnHeroEscaped,175
12,11,DP,source,AdventurerAI.ReapEmotion,106
12,11,DP,sink,CommandSystem.TryUse,-1150
12,11,DP,source,AdventurerAI.GrantReturnReward,1417
12,11,DP,source,Nemesis.OnSlain,1132
12,11,Material,source,Nemesis.OnSlain,9
12,11,DP,stock,end,2130
12,11,Material,stock,end,361
12,11,Fame,stock,end,1149
12,12,DP,source,SurfaceMap.CollectYields,106
12,12,Material,source,SurfaceMap.CollectYields,4
12,12,Fame,source,SurfaceMap.CollectYields,22
12,12,DP,source,DistrictCatalog.Collect,98
12,12,DP,source,EraSystem.TickTurn,300
12,12,DP,sink,MinionRoster.TryForge,-285
12,12,DP,sink,DungeonFloorManager.TryAddFloor,-2000
12,12,DP,sink,DungeonFeatureManager.TryPlaceTrap,-150
12,12,DP,sink,MinionRoster.TrySummon,-195
12,12,DP,source,AdventurerAI.TakeDamage,809
12,12,Material,source,AdventurerAI.TakeDamage,27
12,12,Fame,source,AdventurerAI.GrantReturnReward,60
12,12,Fame,source,LureEconomy.OnHeroEscaped,150
12,12,DP,source,AdventurerAI.ReapEmotion,88
12,12,DP,sink,CommandSystem.TryUse,-1800
12,12,DP,source,AdventurerAI.GrantReturnReward,977
12,12,DP,stock,end,78
12,12,Material,stock,end,392
12,12,Fame,stock,end,1381
12,13,DP,source,SurfaceMap.CollectYields,83
12,13,Material,source,SurfaceMap.CollectYields,4
12,13,Fame,source,SurfaceMap.CollectYields,19
12,13,DP,source,DistrictCatalog.Collect,98
12,13,DP,sink,MinionRoster.TrySummon,-255
12,13,DP,source,AdventurerAI.TakeDamage,750
12,13,Material,source,AdventurerAI.TakeDamage,20
12,13,Fame,source,AdventurerAI.GrantReturnReward,30
12,13,Fame,source,LureEconomy.OnHeroEscaped,75
12,13,DP,source,AdventurerAI.ReapEmotion,192
12,13,DP,sink,CommandSystem.TryUse,-650
12,13,DP,source,AdventurerAI.GrantReturnReward,143
12,13,DP,source,Nemesis.OnSlain,816
12,13,Material,source,Nemesis.OnSlain,7
12,13,DP,stock,end,1255
12,13,Material,stock,end,423
12,13,Fame,stock,end,1505
12,14,DP,source,SurfaceMap.CollectYields,103
12,14,Material,source,SurfaceMap.CollectYields,5
12,14,Fame,source,SurfaceMap.CollectYields,23
12,14,DP,source,DistrictCatalog.Collect,98
12,14,DP,sink,MinionRoster.TryForge,-190
12,14,DP,sink,DungeonFloorManager.TryExpandFloor,-400
12,14,DP,sink,MinionRoster.TryEvolveIndividual,-550
12,14,DP,sink,DungeonFeatureManager.TryPlaceTrap,-150
12,14,DP,sink,MinionRoster.TrySummon,-153
12,14,DP,source,AdventurerAI.TakeDamage,3048
12,14,Material,source,AdventurerAI.TakeDamage,127
12,14,DP,sink,CommandSystem.TryUse,-2450
12,14,DP,source,AdventurerAI.ReapEmotion,311
12,14,DP,source,AdventurerAI.GrantReturnReward,65
12,14,Fame,source,AdventurerAI.GrantReturnReward,10
12,14,Fame,source,LureEconomy.OnHeroEscaped,25
12,14,DP,source,Nemesis.OnSlain,2600
12,14,Material,source,Nemesis.OnSlain,21
12,14,DP,stock,end,3587
12,14,Material,stock,end,576
12,14,Fame,stock,end,1563
12,15,DP,source,SurfaceMap.CollectYields,103
12,15,Material,source,SurfaceMap.CollectYields,5
12,15,Fame,source,SurfaceMap.CollectYields,23
12,15,DP,source,DistrictCatalog.Collect,98
12,15,DP,sink,MinionRoster.TryForge,-1330
12,15,DP,sink,DungeonFloorManager.TryExpandFloor,-800
12,15,DP,sink,MinionRoster.TryEvolveIndividual,-1300
12,15,DP,sink,DungeonFeatureManager.TryPlaceTrap,-150
12,15,DP,sink,MinionRoster.TrySummon,-194
12,15,DP,source,AdventurerAI.ReapEmotion,239
12,15,DP,source,AdventurerAI.GrantReturnReward,838
12,15,Fame,source,AdventurerAI.GrantReturnReward,50
12,15,Fame,source,LureEconomy.OnHeroEscaped,125
12,15,DP,sink,CommandSystem.TryUse,-1800
12,15,DP,source,AdventurerAI.TakeDamage,2152
12,15,Material,source,AdventurerAI.TakeDamage,54
12,15,DP,source,Nemesis.OnSlain,1198
12,15,Material,source,Nemesis.OnSlain,10
12,15,DP,stock,end,2641
12,15,Material,stock,end,645
12,15,Fame,stock,end,1761
12,16,DP,source,SurfaceMap.CollectYields,103
12,16,Material,source,SurfaceMap.CollectYields,5
12,16,Fame,source,SurfaceMap.CollectYields,23
12,16,DP,source,DistrictCatalog.Collect,112
12,16,DP,source,EraSystem.TickTurn,300
12,16,DP,sink,MinionRoster.TryForge,-1087
12,16,DP,sink,DungeonFloorManager.TryExpandFloor,-1500
12,16,DP,sink,MinionRoster.TryEvolveIndividual,-75
12,16,DP,sink,DungeonFeatureManager.TryPlaceTrap,-300
12,16,DP,sink,MinionRoster.TrySummon,-172
12,16,DP,source,AdventurerAI.TakeDamage,1983
12,16,Material,source,AdventurerAI.TakeDamage,57
12,16,DP,source,AdventurerAI.ReapEmotion,124
12,16,Fame,source,AdventurerAI.GrantReturnReward,40
12,16,Fame,source,LureEconomy.OnHeroEscaped,100
12,16,DP,sink,CommandSystem.TryUse,-2300
12,16,DP,source,AdventurerAI.GrantReturnReward,460
12,16,DP,source,Nemesis.OnSlain,1848
12,16,Material,source,Nemesis.OnSlain,15
12,16,DP,stock,end,2137
12,16,Material,stock,end,722
12,16,Fame,stock,end,1924
12,17,DP,source,SurfaceMap.CollectYields,126
12,17,Material,source,SurfaceMap.CollectYields,6
12,17,Fame,source,SurfaceMap.CollectYields,28
12,17,DP,source,DistrictCatalog.Collect,112
12,17,DP,source,EraSystem.TickTurn,720
12,17,DP,sink,MinionRoster.TryForge,-1006
12,17,DP,sink,DungeonFloorManager.TryExpandFloor,-1500
12,17,DP,sink,DungeonFeatureManager.TryPlaceTrap,-300
12,17,DP,sink,MinionRoster.TrySummon,-280
12,17,DP,source,AdventurerAI.TakeDamage,2152
12,17,Material,source,AdventurerAI.TakeDamage,69
12,17,Fame,source,AdventurerAI.GrantReturnReward,60
12,17,Fame,source,LureEconomy.OnHeroEscaped,150
12,17,DP,source,AdventurerAI.ReapEmotion,131
12,17,DP,sink,CommandSystem.TryUse,-1800
12,17,DP,source,AdventurerAI.GrantReturnReward,470
12,17,DP,source,Nemesis.OnSlain,1458
12,17,Material,source,Nemesis.OnSlain,10
12,17,DP,stock,end,2420
12,17,Material,stock,end,807
12,17,Fame,stock,end,2162
12,18,DP,source,SurfaceMap.CollectYields,126
12,18,Material,source,SurfaceMap.CollectYields,6
12,18,Fame,source,SurfaceMap.CollectYields,28
12,18,DP,source,DistrictCatalog.Collect,126
12,18,DP,sink,MinionRoster.TryForge,-2230
12,18,DP,sink,DungeonFeatureManager.TryPlaceTrap,-150
12,18,DP,sink,MinionRoster.TrySummon,-289
12,18,DP,source,AdventurerAI.ReapEmotion,131
12,18,DP,source,AdventurerAI.TakeDamage,7027
12,18,Material,source,AdventurerAI.TakeDamage,178
12,18,DP,sink,CommandSystem.TryUse,-2450
12,18,Fame,source,AdventurerAI.GrantReturnReward,50
12,18,Fame,source,LureEconomy.OnHeroEscaped,125
12,18,DP,source,AdventurerAI.GrantReturnReward,1296
12,18,DP,source,Nemesis.OnSlain,632
12,18,Material,source,Nemesis.OnSlain,5
12,18,DP,stock,end,6639
12,18,Material,stock,end,996
12,18,Fame,stock,end,2365
12,19,DP,source,SurfaceMap.CollectYields,126
12,19,Material,source,SurfaceMap.CollectYields,6
12,19,Fame,source,SurfaceMap.CollectYields,28
12,19,DP,source,DistrictCatalog.Collect,126
12,19,DP,sink,MinionRoster.TryForge,-190
12,19,DP,sink,DungeonFloorManager.TryAddFloor,-5000
12,19,DP,sink,DungeonFloorManager.TryExpandFloor,-1200
12,19,DP,sink,DungeonFeatureManager.TryPlaceTrap,-300
12,19,DP,sink,MinionRoster.TrySummon,-187
12,19,DP,source,IncidentSystem.Apply,600
12,19,DP,sink,CommandSystem.TryUse,-2800
12,19,DP,source,AdventurerAI.TakeDamage,3436
12,19,Material,source,AdventurerAI.TakeDamage,64
12,19,DP,source,AdventurerAI.ReapEmotion,214
12,19,DP,source,AdventurerAI.GrantReturnReward,1759
12,19,Fame,source,AdventurerAI.GrantReturnReward,80
12,19,Fame,source,LureEconomy.OnHeroEscaped,200
12,19,DP,source,Nemesis.OnSlain,1566
12,19,Material,source,Nemesis.OnSlain,12
12,19,DP,stock,end,4789
12,19,Material,stock,end,1078
12,19,Fame,stock,end,2673
12,20,DP,source,SurfaceMap.CollectYields,146
12,20,Material,source,SurfaceMap.CollectYields,7
12,20,Fame,source,SurfaceMap.CollectYields,32
12,20,DP,source,DistrictCatalog.Collect,126
12,20,DP,sink,MinionRoster.TryForge,-3046
12,20,DP,sink,DungeonFloorManager.TryExpandFloor,-1500
12,20,DP,sink,DungeonFeatureManager.TryPlaceTrap,-300
12,20,DP,sink,MinionRoster.TrySummon,-192
12,20,DP,source,AdventurerAI.ReapEmotion,307
12,20,DP,sink,CommandSystem.TryUse,-4750
12,20,DP,source,AdventurerAI.TakeDamage,6152
12,20,Material,source,AdventurerAI.TakeDamage,151
12,20,DP,source,AdventurerAI.GrantReturnReward,3967
12,20,Fame,source,AdventurerAI.GrantReturnReward,90
12,20,Fame,source,LureEconomy.OnHeroEscaped,225
12,20,DP,source,Nemesis.OnSlain,2278
12,20,Material,source,Nemesis.OnSlain,17
12,20,DP,stock,end,7977
12,20,Material,stock,end,1253
12,20,Fame,stock,end,3020
12,21,DP,source,SurfaceMap.CollectYields,146
12,21,Material,source,SurfaceMap.CollectYields,7
12,21,Fame,source,SurfaceMap.CollectYields,32
12,21,DP,source,DistrictCatalog.Collect,126
12,21,DP,sink,MinionRoster.TryForge,-7549
12,21,DP,sink,DungeonFeatureManager.TryPlaceTrap,-450
12,21,DP,sink,MinionRoster.TrySummon,-240
12,21,DP,source,AdventurerAI.TakeDamage,3703
12,21,Material,source,AdventurerAI.TakeDamage,270
12,21,DP,source,AdventurerAI.ReapEmotion,127
12,21,Fame,source,AdventurerAI.GrantReturnReward,110
12,21,Fame,source,LureEconomy.OnHeroEscaped,275
12,21,DP,source,AdventurerAI.GrantReturnReward,2113
12,21,DP,sink,CommandSystem.TryUse,-5600
12,21,DP,source,Nemesis.OnSlain,2339
12,21,Material,source,Nemesis.OnSlain,17
12,21,DP,stock,end,2692
12,21,Material,stock,end,1547
12,21,Fame,stock,end,3437
12,22,DP,source,SurfaceMap.CollectYields,167
12,22,Material,source,SurfaceMap.CollectYields,8
12,22,Fame,source,SurfaceMap.CollectYields,37
12,22,DP,source,DistrictCatalog.Collect,126
12,22,DP,sink,MinionRoster.TryForge,-2122
12,22,DP,sink,MinionRoster.TryEvolveIndividual,-325
12,22,DP,sink,DungeonFeatureManager.TryPlaceTrap,-300
12,22,DP,sink,MinionRoster.TrySummon,-219
12,22,DP,source,AdventurerAI.TakeDamage,3242
12,22,Material,source,AdventurerAI.TakeDamage,51
12,22,DP,source,AdventurerAI.ReapEmotion,145
12,22,DP,sink,CommandSystem.TryUse,-2950
12,22,Fame,source,AdventurerAI.GrantReturnReward,150
12,22,Fame,source,LureEconomy.OnHeroEscaped,375
12,22,DP,source,AdventurerAI.GrantReturnReward,3203
12,22,DP,source,Nemesis.OnSlain,697
12,22,Material,source,Nemesis.OnSlain,5
12,22,DP,stock,end,4356
12,22,Material,stock,end,1611
12,22,Fame,stock,end,3999
12,23,DP,source,SurfaceMap.CollectYields,167
12,23,Material,source,SurfaceMap.CollectYields,8
12,23,Fame,source,SurfaceMap.CollectYields,37
12,23,DP,source,DistrictCatalog.Collect,126
12,23,DP,sink,MinionRoster.TryForge,-168
12,23,DP,sink,MinionEvolution.TryEvolve,-3875
12,23,DP,sink,MinionRoster.TryEvolveIndividual,-300
12,23,DP,sink,DungeonFeatureManager.TryPlaceTrap,-150
12,23,DP,sink,MinionRoster.TrySummon,-126
12,23,DP,source,AdventurerAI.ReapEmotion,104
12,23,DP,source,AdventurerAI.TakeDamage,9842
12,23,Material,source,AdventurerAI.TakeDamage,315
12,23,DP,sink,CommandSystem.TryUse,-5750
12,23,Fame,source,AdventurerAI.GrantReturnReward,200
12,23,Fame,source,LureEconomy.OnHeroEscaped,500
12,23,DP,source,AdventurerAI.GrantReturnReward,7492
12,23,DP,source,Nemesis.OnSlain,2091
12,23,Material,source,Nemesis.OnSlain,15
12,23,DP,stock,end,13809
12,23,Material,stock,end,1949
12,23,Fame,stock,end,4736
12,24,DP,source,SurfaceMap.CollectYields,167
12,24,Material,source,SurfaceMap.CollectYields,8
12,24,Fame,source,SurfaceMap.CollectYields,37
12,24,DP,source,DistrictCatalog.Collect,28
12,24,DP,source,EraSystem.TickTurn,3840
12,24,DP,sink,MinionRoster.TryForge,-168
12,24,DP,sink,DungeonFloorManager.TryAddFloor,-12500
12,24,DP,sink,DungeonFloorManager.TryExpandFloor,-1200
12,24,DP,sink,MinionEvolution.TryEvolve,-1025
12,24,DP,sink,MinionRoster.TryEvolveIndividual,-2650
12,24,DP,sink,DungeonFeatureManager.TryPlaceTrap,-150
12,24,DP,sink,MinionRoster.TrySummon,-130
12,24,DP,source,AdventurerAI.ReapEmotion,237
12,24,DP,source,AdventurerAI.GrantReturnReward,4410
12,24,Fame,source,AdventurerAI.GrantReturnReward,110
12,24,Fame,source,LureEconomy.OnHeroEscaped,275
12,24,DP,sink,CommandSystem.TryUse,-2150
12,24,DP,source,AdventurerAI.TakeDamage,8680
12,24,Material,source,AdventurerAI.TakeDamage,142
12,24,DP,source,Nemesis.OnSlain,1713
12,24,Material,source,Nemesis.OnSlain,12
12,24,DP,stock,end,12911
12,24,Material,stock,end,2111
12,24,Fame,stock,end,5158
12,25,DP,source,SurfaceMap.CollectYields,191
12,25,Material,source,SurfaceMap.CollectYields,8
12,25,Fame,source,SurfaceMap.CollectYields,45
12,25,DP,source,DistrictCatalog.Collect,28
12,25,DP,source,EraSystem.TickTurn,6528
12,25,DP,sink,MinionRoster.TryForge,-2928
12,25,DP,sink,DungeonFloorManager.TryExpandFloor,-6500
12,25,DP,sink,MinionRoster.TryEvolveIndividual,-9375
12,25,DP,sink,DungeonFeatureManager.TryPlaceTrap,-600
12,25,DP,sink,MinionRoster.TrySummon,-252
12,25,DP,source,AdventurerAI.ReapEmotion,612
12,25,DP,sink,CommandSystem.TryUse,-3400
12,25,DP,source,AdventurerAI.GrantReturnReward,6253
12,25,Fame,source,AdventurerAI.GrantReturnReward,300
12,25,Fame,source,LureEconomy.OnHeroEscaped,750
12,25,DP,source,AdventurerAI.TakeDamage,3039
12,25,Material,source,AdventurerAI.TakeDamage,42
12,25,DP,stock,end,6507
12,25,Material,stock,end,2161
12,25,Fame,stock,end,6253
12,26,DP,source,SurfaceMap.CollectYields,190
12,26,Material,source,SurfaceMap.CollectYields,8
12,26,Fame,source,SurfaceMap.CollectYields,44
12,26,DP,source,DistrictCatalog.Collect,28
12,26,DP,source,EraSystem.TickTurn,6528
12,26,DP,sink,MinionRoster.TryForge,-3888
12,26,DP,sink,DungeonFloorManager.TryExpandFloor,-7500
12,26,DP,sink,MinionRoster.TryEvolveIndividual,-1075
12,26,DP,sink,DungeonFeatureManager.TryPlaceTrap,-600
12,26,DP,sink,MinionRoster.TrySummon,-165
12,26,DP,source,AdventurerAI.ReapEmotion,153
12,26,DP,source,AdventurerAI.TakeDamage,9002
12,26,Material,source,AdventurerAI.TakeDamage,76
12,26,DP,sink,CommandSystem.TryUse,-5600
12,26,DP,source,AdventurerAI.GrantReturnReward,8990
12,26,Fame,source,AdventurerAI.GrantReturnReward,300
12,26,Fame,source,LureEconomy.OnHeroEscaped,750
12,26,DP,source,Nemesis.OnSlain,745
12,26,Material,source,Nemesis.OnSlain,5
12,26,DP,stock,end,13315
12,26,Material,stock,end,2250
12,26,Fame,stock,end,7347
12,27,DP,source,SurfaceMap.CollectYields,190
12,27,Material,source,SurfaceMap.CollectYields,8
12,27,Fame,source,SurfaceMap.CollectYields,44
12,27,DP,source,DistrictCatalog.Collect,28
12,27,DP,source,EraSystem.TickTurn,3840
12,27,DP,sink,MinionRoster.TryForge,-13296
12,27,DP,sink,MinionRoster.TryEvolveIndividual,-750
12,27,DP,sink,DungeonFeatureManager.TryPlaceTrap,-3150
12,27,DP,sink,MinionRoster.TrySummon,-165
12,27,DP,source,AdventurerAI.ReapEmotion,350
12,27,DP,sink,CommandSystem.TryUse,-5600
12,27,DP,source,AdventurerAI.TakeDamage,19141
12,27,Material,source,AdventurerAI.TakeDamage,423
12,27,DP,source,AdventurerAI.GrantReturnReward,9922
12,27,Fame,source,AdventurerAI.GrantReturnReward,220
12,27,Fame,source,LureEconomy.OnHeroEscaped,550
12,27,DP,source,Nemesis.OnSlain,2080
12,27,Material,source,Nemesis.OnSlain,14
12,27,DP,stock,end,25905
12,27,Material,stock,end,2695
12,27,Fame,stock,end,8161
12,28,DP,source,SurfaceMap.CollectYields,167
12,28,Material,source,SurfaceMap.CollectYields,7
12,28,Fame,source,SurfaceMap.CollectYields,39
12,28,DP,source,DistrictCatalog.Collect,28
12,28,DP,source,EraSystem.TickTurn,3840
12,28,DP,sink,MinionRoster.TryForge,-21252
12,28,DP,sink,MinionRoster.TryEvolveIndividual,-650
12,28,Material,sink,MinionRoster.TryForge,-68
12,28,DP,sink,DungeonFeatureManager.TryPlaceTrap,-3600
12,28,DP,sink,MinionRoster.TrySummon,-4431
12,28,DP,source,AdventurerAI.TakeDamage,16964
12,28,Material,source,AdventurerAI.TakeDamage,191
12,28,DP,source,AdventurerAI.ReapEmotion,371
12,28,DP,sink,CommandSystem.TryUse,-6050
12,28,DP,source,AdventurerAI.GrantReturnReward,20878
12,28,Fame,source,AdventurerAI.GrantReturnReward,610
12,28,Fame,source,LureEconomy.OnHeroEscaped,1525
12,28,DP,source,Nemesis.OnSlain,1061
12,28,Material,source,Nemesis.OnSlain,7
12,28,DP,stock,end,33231
12,28,Material,stock,end,2832
12,28,Fame,stock,end,10335
12,29,DP,source,SurfaceMap.CollectYields,169
12,29,Material,source,SurfaceMap.CollectYields,8
12,29,Fame,source,SurfaceMap.CollectYields,37
12,29,DP,source,DistrictCatalog.Collect,28
12,29,DP,source,EraSystem.TickTurn,6528
12,29,Material,source,EraSystem.TickTurn,32
12,29,DP,sink,MinionRoster.TryForge,-2280
12,29,DP,sink,DungeonFloorManager.TryAddFloor,-31250
12,29,DP,sink,DungeonFloorManager.TryExpandFloor,-5200
12,29,DP,sink,MinionRoster.TryEvolveIndividual,-750
12,29,DP,sink,DungeonFeatureManager.TryPlaceTrap,-300
12,29,DP,sink,MinionRoster.TrySummon,-172
12,29,DP,source,AdventurerAI.ReapEmotion,180
12,29,DP,source,AdventurerAI.TakeDamage,20807
12,29,Material,source,AdventurerAI.TakeDamage,847
12,29,DP,sink,CommandSystem.TryUse,-5600
12,29,DP,source,AdventurerAI.GrantReturnReward,11015
12,29,Fame,source,AdventurerAI.GrantReturnReward,240
12,29,Fame,source,LureEconomy.OnHeroEscaped,600
12,29,DP,source,Nemesis.OnSlain,778
12,29,Material,source,Nemesis.OnSlain,6
12,29,DP,stock,end,27184
12,29,Material,stock,end,3725
12,29,Fame,stock,end,11212
12,30,DP,source,SurfaceMap.CollectYields,169
12,30,Material,source,SurfaceMap.CollectYields,9
12,30,Fame,source,SurfaceMap.CollectYields,37
12,30,DP,source,DistrictCatalog.Collect,28
12,30,DP,source,EraSystem.TickTurn,3840
12,30,Material,source,EraSystem.TickTurn,37
12,30,Fame,source,EraSystem.TickTurn,80
12,30,DP,sink,MinionRoster.TryForge,-18600
12,30,DP,sink,MinionRoster.TryEvolveIndividual,-250
12,30,Material,sink,MinionRoster.TryForge,-48
12,30,DP,sink,DungeonFeatureManager.TryPlaceTrap,-3600
12,30,DP,sink,MinionRoster.TrySummon,-8740
12,30,DP,source,AdventurerAI.ReapEmotion,253
12,30,DP,source,AdventurerAI.GrantReturnReward,12026
12,30,Fame,source,AdventurerAI.GrantReturnReward,550
12,30,Fame,source,LureEconomy.OnHeroEscaped,1375
12,30,DP,sink,CommandSystem.TryUse,-4900
12,30,DP,source,AdventurerAI.TakeDamage,8832
12,30,Material,source,AdventurerAI.TakeDamage,465
12,30,DP,stock,end,16242
12,30,Material,stock,end,4188
12,30,Fame,stock,end,13254
12,31,DP,source,SurfaceMap.CollectYields,146
12,31,Material,source,SurfaceMap.CollectYields,8
12,31,Fame,source,SurfaceMap.CollectYields,32
12,31,DP,source,DistrictCatalog.Collect,28
12,31,DP,source,EraSystem.TickTurn,6528
12,31,Fame,source,EraSystem.TickTurn,192
12,31,DP,sink,MinionRoster.TryForge,-7584
12,31,DP,sink,MinionRoster.TryEvolveIndividual,-475
12,31,DP,sink,DungeonFeatureManager.TryPlaceTrap,-3600
12,31,DP,sink,MinionRoster.TrySummon,-11260
12,31,DP,source,AdventurerAI.ReapEmotion,111
12,31,DP,source,AdventurerAI.GrantReturnReward,6668
12,31,Fame,source,AdventurerAI.GrantReturnReward,100
12,31,Fame,source,LureEconomy.OnHeroEscaped,250
12,31,DP,sink,CommandSystem.TryUse,-3800
12,31,DP,source,AdventurerAI.TakeDamage,15837
12,31,Material,source,AdventurerAI.TakeDamage,216
12,31,DP,source,Nemesis.OnSlain,810
12,31,Material,source,Nemesis.OnSlain,6
12,31,DP,stock,end,19651
12,31,Material,stock,end,4418
12,31,Fame,stock,end,13828
12,32,DP,source,SurfaceMap.CollectYields,126
12,32,Material,source,SurfaceMap.CollectYields,7
12,32,Fame,source,SurfaceMap.CollectYields,28
12,32,DP,source,DistrictCatalog.Collect,28
12,32,DP,sink,MinionRoster.TryForge,-7584
12,32,DP,sink,MinionRoster.TryEvolveIndividual,-300
12,32,DP,sink,DungeonFeatureManager.TryPlaceTrap,-3600
12,32,DP,sink,MinionRoster.TrySummon,-8295
12,32,DP,source,AdventurerAI.ReapEmotion,313
12,32,DP,sink,CommandSystem.TryUse,-6050
12,32,DP,source,AdventurerAI.TakeDamage,35966
12,32,Material,source,AdventurerAI.TakeDamage,685
12,32,DP,source,AdventurerAI.GrantReturnReward,9227
12,32,Fame,source,AdventurerAI.GrantReturnReward,130
12,32,Fame,source,LureEconomy.OnHeroEscaped,325
12,32,DP,stock,end,39482
12,32,Material,stock,end,5110
12,32,Fame,stock,end,14311
12,33,DP,source,SurfaceMap.CollectYields,126
12,33,Material,source,SurfaceMap.CollectYields,7
12,33,Fame,source,SurfaceMap.CollectYields,28
12,33,DP,source,DistrictCatalog.Collect,28
12,33,DP,sink,MinionRoster.TryForge,-10032
12,33,DP,sink,MinionRoster.TryEvolveIndividual,-650
12,33,DP,sink,DungeonFeatureManager.TryPlaceTrap,-3600
12,33,DP,sink,MinionRoster.TrySummon,-25319
12,33,DP,source,AdventurerAI.ReapEmotion,333
12,33,DP,sink,CommandSystem.TryUse,-5600
12,33,DP,source,AdventurerAI.TakeDamage,41166
12,33,Material,source,AdventurerAI.TakeDamage,853
12,33,DP,source,AdventurerAI.GrantReturnReward,10603
12,33,Fame,source,AdventurerAI.GrantReturnReward,130
12,33,Fame,source,LureEconomy.OnHeroEscaped,325
12,33,DP,source,Nemesis.OnSlain,2376
12,33,Material,source,Nemesis.OnSlain,16
12,33,DP,stock,end,48913
12,33,Material,stock,end,5986
12,33,Fame,stock,end,14794
12,34,DP,source,SurfaceMap.CollectYields,149
12,34,Material,source,SurfaceMap.CollectYields,8
12,34,Fame,source,SurfaceMap.CollectYields,33
12,34,DP,source,DistrictCatalog.Collect,28
12,34,DP,sink,MinionRoster.TryForge,-17280
12,34,Material,sink,MinionRoster.TryForge,-48
12,34,DP,sink,DungeonFeatureManager.TryPlaceTrap,-2250
12,34,DP,sink,MinionRoster.TrySummon,-29558
12,34,DP,source,AdventurerAI.ReapEmotion,168
12,34,DP,source,AdventurerAI.GrantReturnReward,20973
12,34,Fame,source,AdventurerAI.GrantReturnReward,290
12,34,Fame,source,LureEconomy.OnHeroEscaped,725
12,34,DP,sink,CommandSystem.TryUse,-5550
12,34,DP,source,AdventurerAI.TakeDamage,42640
12,34,Material,source,AdventurerAI.TakeDamage,806
12,34,DP,source,Nemesis.OnSlain,7983
12,34,Material,source,Nemesis.OnSlain,40
12,34,DP,stock,end,66216
12,34,Material,stock,end,6792
12,34,Fame,stock,end,15842
12,35,DP,source,SurfaceMap.CollectYields,169
12,35,Material,source,SurfaceMap.CollectYields,9
12,35,Fame,source,SurfaceMap.CollectYields,37
12,35,DP,source,DistrictCatalog.Collect,28
12,35,DP,sink,MinionRoster.TryForge,-23940
12,35,Material,sink,MinionRoster.TryForge,-84
12,35,DP,sink,MinionRoster.TrySummon,-42458
12,35,DP,source,AdventurerAI.ReapEmotion,578
12,35,DP,sink,CommandSystem.TryUse,-5200
12,35,DP,source,AdventurerAI.GrantReturnReward,27933
12,35,Fame,source,AdventurerAI.GrantReturnReward,430
12,35,Fame,source,LureEconomy.OnHeroEscaped,1075
12,35,DP,source,AdventurerAI.TakeDamage,55677
12,35,Material,source,AdventurerAI.TakeDamage,786
12,35,DP,source,Nemesis.OnSlain,1718
12,35,Material,source,Nemesis.OnSlain,12
12,35,DP,stock,end,80721
12,35,Material,stock,end,7515
12,35,Fame,stock,end,17384
12,36,DP,source,SurfaceMap.CollectYields,169
12,36,Material,source,SurfaceMap.CollectYields,9
12,36,Fame,source,SurfaceMap.CollectYields,37
12,36,DP,source,DistrictCatalog.Collect,28
12,36,DP,sink,MinionRoster.TryForge,-38760
12,36,Material,sink,MinionRoster.TryForge,-312
12,36,DP,sink,MinionRoster.TrySummon,-42154
12,36,DP,source,AdventurerAI.ReapEmotion,246
12,36,DP,source,AdventurerAI.TakeDamage,37202
12,36,Material,source,AdventurerAI.TakeDamage,968
12,36,DP,sink,CommandSystem.TryUse,-5250
12,36,DP,source,AdventurerAI.GrantReturnReward,13994
12,36,Fame,source,AdventurerAI.GrantReturnReward,220
12,36,Fame,source,LureEconomy.OnHeroEscaped,550
12,36,DP,source,Nemesis.OnSlain,2625
12,36,Material,source,Nemesis.OnSlain,18
12,36,DP,stock,end,48821
12,36,Material,stock,end,8198
12,36,Fame,stock,end,18191
12,37,DP,source,SurfaceMap.CollectYields,169
12,37,Material,source,SurfaceMap.CollectYields,9
12,37,Fame,source,SurfaceMap.CollectYields,37
12,37,DP,source,DistrictCatalog.Collect,28
12,37,DP,source,EraSystem.TickTurn,1920
12,37,Material,source,EraSystem.TickTurn,37
12,37,DP,sink,MinionRoster.TryForge,-40320
12,37,Material,sink,MinionRoster.TryForge,-336
12,37,DP,sink,MinionRoster.TrySummon,-10603
12,37,DP,source,AdventurerAI.ReapEmotion,118
12,37,DP,source,AdventurerAI.GrantReturnReward,11136
12,37,Fame,source,AdventurerAI.GrantReturnReward,210
12,37,Fame,source,LureEconomy.OnHeroEscaped,525
12,37,DP,sink,CommandSystem.TryUse,-4900
12,37,DP,source,AdventurerAI.TakeDamage,39157
12,37,Material,source,AdventurerAI.TakeDamage,2008
12,37,DP,source,Nemesis.OnSlain,6060
12,37,Material,source,Nemesis.OnSlain,29
12,37,DP,stock,end,51586
12,37,Material,stock,end,9945
12,37,Fame,stock,end,18963
12,38,DP,source,SurfaceMap.CollectYields,169
12,38,Material,source,SurfaceMap.CollectYields,9
12,38,Fame,source,SurfaceMap.CollectYields,37
12,38,DP,source,DistrictCatalog.Collect,28
12,38,DP,sink,MinionRoster.TryForge,-40320
12,38,Material,sink,MinionRoster.TryForge,-336
12,38,DP,sink,MinionRoster.TrySummon,-11424
12,38,DP,source,AdventurerAI.ReapEmotion,127
12,38,DP,source,AdventurerAI.TakeDamage,33574
12,38,Material,source,AdventurerAI.TakeDamage,891
12,38,DP,sink,CommandSystem.TryUse,-5200
12,38,DP,source,AdventurerAI.GrantReturnReward,17757
12,38,Fame,source,AdventurerAI.GrantReturnReward,280
12,38,Fame,source,LureEconomy.OnHeroEscaped,700
12,38,DP,stock,end,46297
12,38,Material,stock,end,10509
12,38,Fame,stock,end,19980
12,39,DP,source,SurfaceMap.CollectYields,211
12,39,Material,source,SurfaceMap.CollectYields,12
12,39,Fame,source,SurfaceMap.CollectYields,37
12,39,DP,source,DistrictCatalog.Collect,28
12,39,DP,sink,MinionRoster.TryForge,-44760
12,39,Material,sink,MinionRoster.TryForge,-498
12,39,DP,sink,MinionRoster.TrySummon,-1765
12,39,DP,source,AdventurerAI.ReapEmotion,120
12,39,DP,source,AdventurerAI.GrantReturnReward,21831
12,39,Fame,source,AdventurerAI.GrantReturnReward,250
12,39,Fame,source,LureEconomy.OnHeroEscaped,625
12,39,DP,sink,CommandSystem.TryUse,-4900
12,39,DP,source,AdventurerAI.TakeDamage,35064
12,39,Material,source,AdventurerAI.TakeDamage,746
12,39,DP,source,Nemesis.OnSlain,2721
12,39,Material,source,Nemesis.OnSlain,18
12,39,DP,stock,end,54847
12,39,Material,stock,end,10787
12,39,Fame,stock,end,20892
12,40,DP,source,SurfaceMap.CollectYields,211
12,40,Material,source,SurfaceMap.CollectYields,12
12,40,Fame,source,SurfaceMap.CollectYields,37
12,40,DP,source,DistrictCatalog.Collect,28
12,40,DP,sink,MinionRoster.TryForge,-53040
12,40,Material,sink,MinionRoster.TryForge,-612
12,40,DP,sink,MinionRoster.TrySummon,-2026
12,40,DP,source,AdventurerAI.ReapEmotion,268
12,40,DP,source,AdventurerAI.TakeDamage,38093
12,40,Material,source,AdventurerAI.TakeDamage,236
12,40,DP,sink,CommandSystem.TryUse,-5350
12,40,DP,source,AdventurerAI.GrantReturnReward,26334
12,40,Fame,source,AdventurerAI.GrantReturnReward,240
12,40,Fame,source,LureEconomy.OnHeroEscaped,600
12,40,DP,stock,end,59365
12,40,Material,stock,end,10423
12,40,Fame,stock,end,21769
12,41,DP,source,SurfaceMap.CollectYields,211
12,41,Material,source,SurfaceMap.CollectYields,12
12,41,Fame,source,SurfaceMap.CollectYields,37
12,41,DP,source,DistrictCatalog.Collect,28
12,41,DP,source,EraSystem.TickTurn,1920
12,41,DP,sink,MinionRoster.TryForge,-59280
12,41,Material,sink,MinionRoster.TryForge,-684
12,41,DP,sink,MinionRoster.TrySummon,-2221
12,41,DP,source,AdventurerAI.TakeDamage,38135
12,41,Material,source,AdventurerAI.TakeDamage,943
12,41,DP,source,AdventurerAI.ReapEmotion,168
12,41,DP,sink,CommandSystem.TryUse,-5550
12,41,DP,source,AdventurerAI.GrantReturnReward,35764
12,41,Fame,source,AdventurerAI.GrantReturnReward,590
12,41,Fame,source,LureEconomy.OnHeroEscaped,1475
12,41,DP,source,Nemesis.OnSlain,1880
12,41,Material,source,Nemesis.OnSlain,12
12,41,DP,stock,end,70420
12,41,Material,stock,end,10706
12,41,Fame,stock,end,23871
12,42,DP,source,SurfaceMap.CollectYields,211
12,42,Material,source,SurfaceMap.CollectYields,12
12,42,Fame,source,SurfaceMap.CollectYields,37
12,42,DP,source,DistrictCatalog.Collect,28
12,42,DP,sink,MinionRoster.TryForge,-67560
12,42,Material,sink,MinionRoster.TryForge,-814
12,42,DP,sink,MinionRoster.TrySummon,-3094
12,42,DP,source,AdventurerAI.ReapEmotion,271
12,42,DP,source,AdventurerAI.GrantReturnReward,28123
12,42,Fame,source,AdventurerAI.GrantReturnReward,370
12,42,Fame,source,LureEconomy.OnHeroEscaped,925
12,42,DP,sink,CommandSystem.TryUse,-4450
12,42,DP,source,AdventurerAI.TakeDamage,23776
12,42,Material,source,AdventurerAI.TakeDamage,504
12,42,DP,source,Nemesis.OnSlain,988
12,42,Material,source,Nemesis.OnSlain,6
12,42,DP,stock,end,48713
12,42,Material,stock,end,10414
12,42,Fame,stock,end,25203
12,43,DP,source,SurfaceMap.CollectYields,211
12,43,Material,source,SurfaceMap.CollectYields,12
12,43,Fame,source,SurfaceMap.CollectYields,37
12,43,DP,source,DistrictCatalog.Collect,28
12,43,DP,sink,MinionRoster.TryForge,-45600
12,43,Material,sink,MinionRoster.TryForge,-608
12,43,DP,sink,MinionRoster.TrySummon,-3319
12,43,DP,source,AdventurerAI.ReapEmotion,223
12,43,DP,source,AdventurerAI.GrantReturnReward,33414
12,43,Fame,source,AdventurerAI.GrantReturnReward,320
12,43,Fame,source,LureEconomy.OnHeroEscaped,800
12,43,DP,sink,CommandSystem.TryUse,-4900
12,43,DP,source,AdventurerAI.TakeDamage,31782
12,43,Material,source,AdventurerAI.TakeDamage,806
12,43,DP,source,Nemesis.OnSlain,1960
12,43,Material,source,Nemesis.OnSlain,12
12,43,DP,stock,end,62512
12,43,Material,stock,end,10636
12,43,Fame,stock,end,26360
12,44,DP,source,SurfaceMap.CollectYields,211
12,44,Material,source,SurfaceMap.CollectYields,12
12,44,Fame,source,SurfaceMap.CollectYields,37
12,44,DP,source,DistrictCatalog.Collect,28
12,44,DP,sink,MinionRoster.TryForge,-60000
12,44,Material,sink,MinionRoster.TryForge,-800
12,44,DP,sink,MinionRoster.TrySummon,-2707
12,44,DP,source,AdventurerAI.ReapEmotion,223
12,44,DP,source,AdventurerAI.GrantReturnReward,17389
12,44,Fame,source,AdventurerAI.GrantReturnReward,190
12,44,Fame,source,LureEconomy.OnHeroEscaped,475
12,44,DP,sink,CommandSystem.TryUse,-5100
12,44,DP,source,AdventurerAI.TakeDamage,14787
12,44,Material,source,AdventurerAI.TakeDamage,723
12,44,DP,stock,end,27343
12,44,Material,stock,end,10571
12,44,Fame,stock,end,27062
12,45,DP,source,SurfaceMap.CollectYields,211
12,45,Material,source,SurfaceMap.CollectYields,12
12,45,Fame,source,SurfaceMap.CollectYields,37
12,45,DP,source,DistrictCatalog.Collect,28
12,45,DP,sink,MinionRoster.TryForge,-24000
12,45,Material,sink,MinionRoster.TryForge,-320
12,45,DP,sink,MinionRoster.TrySummon,-3572
12,45,DP,source,AdventurerAI.ReapEmotion,398
12,45,DP,sink,CommandSystem.TryUse,-5650
12,45,DP,source,AdventurerAI.GrantReturnReward,50223
12,45,Fame,source,AdventurerAI.GrantReturnReward,340
12,45,Fame,source,LureEconomy.OnHeroEscaped,850
12,45,DP,source,AdventurerAI.TakeDamage,39983
12,45,Material,source,AdventurerAI.TakeDamage,835
12,45,DP,source,Nemesis.OnSlain,3343
12,45,Material,source,Nemesis.OnSlain,20
12,45,DP,stock,end,88307
12,45,Material,stock,end,11118
12,45,Fame,stock,end,28289
12,46,DP,source,SurfaceMap.CollectYields,186
12,46,Material,source,SurfaceMap.CollectYields,10
12,46,Fame,source,SurfaceMap.CollectYields,33
12,46,DP,source,DistrictCatalog.Collect,28
12,46,DP,sink,MinionRoster.TryForge,-26400
12,46,Material,sink,MinionRoster.TryForge,-352
12,46,DP,sink,MinionEvolution.TryEvolve,-9050
12,46,DP,sink,MinionRoster.TryEvolveIndividual,-50150
12,46,DP,sink,MinionRoster.TrySummon,-2905
12,46,DP,source,AdventurerAI.ReapEmotion,196
12,46,DP,source,AdventurerAI.GrantReturnReward,52935
12,46,Fame,source,AdventurerAI.GrantReturnReward,470
12,46,Fame,source,LureEconomy.OnHeroEscaped,1175
12,46,DP,sink,CommandSystem.TryUse,-5200
12,46,DP,source,AdventurerAI.TakeDamage,15878
12,46,Material,source,AdventurerAI.TakeDamage,969
12,46,DP,source,Nemesis.OnSlain,2534
12,46,Material,source,Nemesis.OnSlain,13
12,46,DP,stock,end,66359
12,46,Material,stock,end,11758
12,46,Fame,stock,end,29967
12,47,DP,source,SurfaceMap.CollectYields,186
12,47,Material,source,SurfaceMap.CollectYields,10
12,47,Fame,source,SurfaceMap.CollectYields,33
12,47,DP,source,DistrictCatalog.Collect,28
12,47,DP,source,EraSystem.TickTurn,9720
12,47,DP,sink,MinionRoster.TryForge,-72000
12,47,Material,sink,MinionRoster.TryForge,-960
12,47,DP,sink,MinionRoster.TrySummon,-4286
12,47,DP,source,AdventurerAI.ReapEmotion,200
12,47,DP,source,AdventurerAI.TakeDamage,18267
12,47,Material,source,AdventurerAI.TakeDamage,344
12,47,DP,sink,CommandSystem.TryUse,-6950
12,47,DP,source,AdventurerAI.GrantReturnReward,18530
12,47,Fame,source,AdventurerAI.GrantReturnReward,420
12,47,Fame,source,LureEconomy.OnHeroEscaped,1050
12,47,DP,source,Nemesis.OnSlain,3063
12,47,Material,source,Nemesis.OnSlain,18
12,47,DP,stock,end,33117
12,47,Material,stock,end,11170
12,47,Fame,stock,end,31470
12,48,DP,source,SurfaceMap.CollectYields,186
12,48,Material,source,SurfaceMap.CollectYields,10
12,48,Fame,source,SurfaceMap.CollectYields,33
12,48,DP,source,DistrictCatalog.Collect,28
12,48,DP,source,EraSystem.TickTurn,9720
12,48,DP,sink,MinionRoster.TryForge,-40800
12,48,Material,sink,MinionRoster.TryForge,-544
12,48,DP,sink,MinionRoster.TrySummon,-2232
12,48,DP,source,AdventurerAI.ReapEmotion,128
12,48,DP,source,AdventurerAI.TakeDamage,62183
12,48,Material,source,AdventurerAI.TakeDamage,1208
12,48,DP,sink,CommandSystem.TryUse,-4900
12,48,DP,source,AdventurerAI.GrantReturnReward,13162
12,48,Fame,source,AdventurerAI.GrantReturnReward,250
12,48,Fame,source,LureEconomy.OnHeroEscaped,625
12,48,DP,source,Nemesis.OnSlain,6331
12,48,Material,source,Nemesis.OnSlain,31
12,48,DP,stock,end,76923
12,48,Material,stock,end,11875
12,48,Fame,stock,end,32378
12,49,DP,source,SurfaceMap.CollectYields,215
12,49,Material,source,SurfaceMap.CollectYields,12
12,49,Fame,source,SurfaceMap.CollectYields,38
12,49,DP,source,DistrictCatalog.Collect,28
12,49,DP,source,EraSystem.TickTurn,9720
12,49,DP,sink,MinionRoster.TryForge,-4800
12,49,Material,sink,MinionRoster.TryForge,-64
12,49,DP,sink,DungeonFloorManager.TryAddFloor,-78125
12,49,DP,sink,DungeonFloorManager.TryExpandFloor,-400
12,49,DP,sink,MinionEvolution.TryEvolve,-2450
12,49,DP,sink,DungeonFeatureManager.TryPlaceTrap,-900
12,49,DP,sink,MinionRoster.TrySummon,-186
12,49,DP,source,IncidentSystem.Apply,600
12,49,DP,sink,CommandSystem.TryUse,-6050
12,49,DP,source,AdventurerAI.ReapEmotion,204
12,49,DP,source,AdventurerAI.TakeDamage,72318
12,49,Material,source,AdventurerAI.TakeDamage,1617
12,49,DP,source,AdventurerAI.GrantReturnReward,34408
12,49,Fame,source,AdventurerAI.GrantReturnReward,580
12,49,Fame,source,LureEconomy.OnHeroEscaped,1450
12,49,DP,stock,end,101505
12,49,Material,stock,end,13440
12,49,Fame,stock,end,34446
12,50,DP,source,SurfaceMap.CollectYields,264
12,50,Material,source,SurfaceMap.CollectYields,12
12,50,Fame,source,SurfaceMap.CollectYields,46
12,50,DP,source,DistrictCatalog.Collect,28
12,50,DP,source,EraSystem.TickTurn,9720
12,50,DP,sink,MinionRoster.TryForge,-4800
12,50,Material,sink,MinionRoster.TryForge,-64
12,50,DP,sink,DungeonFloorManager.TryExpandFloor,-4800
12,50,DP,sink,MinionEvolution.TryEvolve,-30800
12,50,DP,sink,MinionRoster.TryEvolveIndividual,-69600
12,50,DP,sink,DungeonFeatureManager.TryPlaceTrap,-1350
12,50,DP,sink,MinionRoster.TrySummon,-144
12,50,DP,source,AdventurerAI.ReapEmotion,440
12,50,DP,sink,CommandSystem.TryUse,-5650
12,50,DP,source,AdventurerAI.TakeDamage,42314
12,50,Material,source,AdventurerAI.TakeDamage,657
12,50,DP,source,AdventurerAI.GrantReturnReward,24090
12,50,Fame,source,AdventurerAI.GrantReturnReward,460
12,50,Fame,source,LureEconomy.OnHeroEscaped,1150
12,50,DP,stock,end,61217
12,50,Material,stock,end,14045
12,50,Fame,stock,end,36102
12,51,DP,source,SurfaceMap.CollectYields,264
12,51,Material,source,SurfaceMap.CollectYields,12
12,51,Fame,source,SurfaceMap.CollectYields,46
12,51,DP,source,DistrictCatalog.Collect,28
12,51,DP,source,EraSystem.TickTurn,16524
12,51,DP,sink,MinionRoster.TryForge,-4800
12,51,Material,sink,MinionRoster.TryForge,-64
12,51,DP,sink,MinionRoster.TryEvolveIndividual,-72850
12,51,DP,sink,DungeonFeatureManager.TryPlaceTrap,-150
12,51,DP,sink,MinionRoster.TrySummon,-192
12,51,DP,source,AdventurerAI.ReapEmotion,615
12,51,DP,source,AdventurerAI.TakeDamage,44273
12,51,Material,source,AdventurerAI.TakeDamage,766
12,51,DP,sink,CommandSystem.TryUse,-6950
12,51,DP,source,AdventurerAI.GrantReturnReward,26850
12,51,Fame,source,AdventurerAI.GrantReturnReward,390
12,51,Fame,source,LureEconomy.OnHeroEscaped,975
12,51,DP,stock,end,64829
12,51,Material,stock,end,14759
12,51,Fame,stock,end,37513
12,52,DP,source,SurfaceMap.CollectYields,264
12,52,Material,source,SurfaceMap.CollectYields,12
12,52,Fame,source,SurfaceMap.CollectYields,46
12,52,DP,source,DistrictCatalog.Collect,28
12,52,Material,source,DistrictCatalog.Collect,9
12,52,DP,source,EraSystem.TickTurn,9720
12,52,Material,source,EraSystem.TickTurn,124
12,52,DP,sink,MinionRoster.TryForge,-42240
12,52,Material,sink,MinionRoster.TryForge,-610
12,52,DP,sink,MinionRoster.TryEvolveIndividual,-29200
12,52,DP,sink,DungeonFeatureManager.TryPlaceTrap,-2550
12,52,DP,sink,MinionRoster.TrySummon,-814
12,52,DP,source,AdventurerAI.ReapEmotion,366
12,52,DP,source,AdventurerAI.GrantReturnReward,20898
12,52,Fame,source,AdventurerAI.GrantReturnReward,320
12,52,Fame,source,LureEconomy.OnHeroEscaped,800
12,52,DP,sink,CommandSystem.TryUse,-6050
12,52,DP,source,AdventurerAI.TakeDamage,58118
12,52,Material,source,AdventurerAI.TakeDamage,726
12,52,DP,source,Nemesis.OnSlain,4344
12,52,Material,source,Nemesis.OnSlain,24
12,52,DP,stock,end,77713
12,52,Material,stock,end,15044
12,52,Fame,stock,end,38679
12,53,DP,source,SurfaceMap.CollectYields,264
12,53,Material,source,SurfaceMap.CollectYields,12
12,53,Fame,source,SurfaceMap.CollectYields,46
12,53,DP,source,DistrictCatalog.Collect,28
12,53,Material,source,DistrictCatalog.Collect,8
12,53,DP,source,EraSystem.TickTurn,9720
12,53,Material,source,EraSystem.TickTurn,62
12,53,Fame,source,EraSystem.TickTurn,135
12,53,DP,sink,MinionRoster.TryForge,-74880
12,53,Material,sink,MinionRoster.TryForge,-1092
12,53,DP,sink,MinionRoster.TryEvolveIndividual,-8250
12,53,DP,sink,MinionRoster.TrySummon,-4550
12,53,DP,source,AdventurerAI.ReapEmotion,590
12,53,DP,sink,CommandSystem.TryUse,-5550
12,53,DP,source,AdventurerAI.GrantReturnReward,21166
12,53,Fame,source,AdventurerAI.GrantReturnReward,320
12,53,Fame,source,LureEconomy.OnHeroEscaped,800
12,53,DP,source,AdventurerAI.TakeDamage,65631
12,53,Material,source,AdventurerAI.TakeDamage,1361
12,53,DP,source,Nemesis.OnSlain,3886
12,53,Material,source,Nemesis.OnSlain,20
12,53,DP,stock,end,85768
12,53,Material,stock,end,15415
12,53,Fame,stock,end,39980
12,54,DP,source,SurfaceMap.CollectYields,245
12,54,Material,source,SurfaceMap.CollectYields,12
12,54,Fame,source,SurfaceMap.CollectYields,46
12,54,DP,source,DistrictCatalog.Collect,28
12,54,Material,source,DistrictCatalog.Collect,9
12,54,DP,source,EraSystem.TickTurn,9720
12,54,DP,sink,MinionRoster.TryForge,-92160
12,54,Material,sink,MinionRoster.TryForge,-1344
12,54,DP,sink,MinionRoster.TrySummon,-3565
12,54,DP,source,AdventurerAI.ReapEmotion,1056
12,54,DP,sink,CommandSystem.TryUse,-5550
12,54,DP,source,AdventurerAI.GrantReturnReward,36474
12,54,Fame,source,AdventurerAI.GrantReturnReward,500
12,54,Fame,source,LureEconomy.OnHeroEscaped,1250
12,54,DP,source,Nemesis.OnSlain,2236
12,54,Material,source,Nemesis.OnSlain,12
12,54,DP,source,AdventurerAI.TakeDamage,49460
12,54,Material,source,AdventurerAI.TakeDamage,1035
12,54,DP,stock,end,83712
12,54,Material,stock,end,15139
12,54,Fame,stock,end,41776
12,55,DP,source,SurfaceMap.CollectYields,264
12,55,Material,source,SurfaceMap.CollectYields,12
12,55,Fame,source,SurfaceMap.CollectYields,46
12,55,DP,source,DistrictCatalog.Collect,28
12,55,Material,source,DistrictCatalog.Collect,9
12,55,DP,source,EraSystem.TickTurn,11664
12,55,DP,sink,MinionRoster.TryForge,-92160
12,55,Material,sink,MinionRoster.TryForge,-1344
12,55,DP,sink,MinionRoster.TrySummon,-3507
12,55,DP,source,AdventurerAI.ReapEmotion,509
12,55,DP,sink,CommandSystem.TryUse,-5550
12,55,DP,source,AdventurerAI.TakeDamage,57568
12,55,Material,source,AdventurerAI.TakeDamage,951
12,55,DP,source,AdventurerAI.GrantReturnReward,45621
12,55,Fame,source,AdventurerAI.GrantReturnReward,490
12,55,Fame,source,LureEconomy.OnHeroEscaped,1225
12,55,DP,source,Nemesis.OnSlain,4857
12,55,Material,source,Nemesis.OnSlain,25
12,55,DP,stock,end,103006
12,55,Material,stock,end,14792
12,55,Fame,stock,end,43537
12,56,DP,source,SurfaceMap.CollectYields,264
12,56,Material,source,SurfaceMap.CollectYields,12
12,56,Fame,source,SurfaceMap.CollectYields,46
12,56,DP,source,DistrictCatalog.Collect,28
12,56,Material,source,DistrictCatalog.Collect,9
12,56,DP,sink,MinionRoster.TryForge,-97200
12,56,Material,sink,MinionRoster.TryForge,-1435
12,56,DP,sink,MinionRoster.TrySummon,-6078
12,56,DP,source,AdventurerAI.ReapEmotion,391
12,56,DP,sink,CommandSystem.TryUse,-5200
12,56,DP,source,AdventurerAI.GrantReturnReward,34238
12,56,Fame,source,AdventurerAI.GrantReturnReward,450
12,56,Fame,source,LureEconomy.OnHeroEscaped,1125
12,56,DP,source,AdventurerAI.TakeDamage,58920
12,56,Material,source,AdventurerAI.TakeDamage,1202
12,56,DP,source,Nemesis.OnSlain,2284
12,56,Material,source,Nemesis.OnSlain,12
12,56,DP,stock,end,90653
12,56,Material,stock,end,14592
12,56,Fame,stock,end,45158
12,57,DP,source,SurfaceMap.CollectYields,264
12,57,Material,source,SurfaceMap.CollectYields,12
12,57,Fame,source,SurfaceMap.CollectYields,46
12,57,DP,source,DistrictCatalog.Collect,28
12,57,Material,source,DistrictCatalog.Collect,8
12,57,DP,sink,MinionRoster.TryForge,-86400
12,57,Material,sink,MinionRoster.TryForge,-1320
12,57,DP,sink,MinionRoster.TrySummon,-4527
12,57,DP,source,AdventurerAI.ReapEmotion,518
12,57,DP,source,AdventurerAI.GrantReturnReward,29996
12,57,Fame,source,AdventurerAI.GrantReturnReward,390
12,57,Fame,source,LureEconomy.OnHeroEscaped,975
12,57,DP,sink,CommandSystem.TryUse,-5550
12,57,DP,source,AdventurerAI.TakeDamage,68716
12,57,Material,source,AdventurerAI.TakeDamage,755
12,57,DP,source,Nemesis.OnSlain,3192
12,57,Material,source,Nemesis.OnSlain,16
12,57,DP,stock,end,96890
12,57,Material,stock,end,14063
12,57,Fame,stock,end,46569
12,58,DP,source,SurfaceMap.CollectYields,215
12,58,Material,source,SurfaceMap.CollectYields,12
12,58,Fame,source,SurfaceMap.CollectYields,38
12,58,DP,source,DistrictCatalog.Collect,28
12,58,Material,source,DistrictCatalog.Collect,8
12,58,DP,sink,MinionRoster.TryForge,-93600
12,58,Material,sink,MinionRoster.TryForge,-1430
12,58,DP,sink,MinionRoster.TrySummon,-3516
12,58,DP,source,AdventurerAI.ReapEmotion,599
12,58,DP,source,AdventurerAI.GrantReturnReward,32216
12,58,Fame,source,AdventurerAI.GrantReturnReward,390
12,58,Fame,source,LureEconomy.OnHeroEscaped,975
12,58,DP,sink,CommandSystem.TryUse,-5550
12,58,DP,source,AdventurerAI.TakeDamage,75365
12,58,Material,source,AdventurerAI.TakeDamage,952
12,58,DP,source,Nemesis.OnSlain,3483
12,58,Material,source,Nemesis.OnSlain,18
12,58,DP,stock,end,106130
12,58,Material,stock,end,13623
12,58,Fame,stock,end,47972
12,59,DP,source,SurfaceMap.CollectYields,215
12,59,Material,source,SurfaceMap.CollectYields,12
12,59,Fame,source,SurfaceMap.CollectYields,38
12,59,DP,source,DistrictCatalog.Collect,28
12,59,Material,source,DistrictCatalog.Collect,8
12,59,DP,sink,MinionRoster.TryForge,-100800
12,59,Material,sink,MinionRoster.TryForge,-1540
12,59,DP,sink,MinionRoster.TrySummon,-5556
12,59,DP,source,IncidentSystem.Apply,600
12,59,DP,sink,CommandSystem.TryUse,-5550
12,59,DP,source,AdventurerAI.ReapEmotion,349
12,59,DP,source,AdventurerAI.GrantReturnReward,39129
12,59,Fame,source,AdventurerAI.GrantReturnReward,500
12,59,Fame,source,LureEconomy.OnHeroEscaped,1250
12,59,DP,source,AdventurerAI.TakeDamage,62217
12,59,Material,source,AdventurerAI.TakeDamage,1417
12,59,DP,source,Nemesis.OnSlain,1166
12,59,Material,source,Nemesis.OnSlain,6
12,59,DP,stock,end,97928
12,59,Material,stock,end,13526
12,59,Fame,stock,end,49760
12,60,DP,source,SurfaceMap.CollectYields,215
12,60,Material,source,SurfaceMap.CollectYields,12
12,60,Fame,source,SurfaceMap.CollectYields,38
12,60,DP,source,DistrictCatalog.Collect,28
12,60,Material,source,DistrictCatalog.Collect,8
12,60,DP,sink,MinionRoster.TryForge,-93600
12,60,Material,sink,MinionRoster.TryForge,-1430
12,60,DP,sink,MinionRoster.TrySummon,-4520
12,60,DP,source,AdventurerAI.ReapEmotion,509
12,60,DP,sink,CommandSystem.TryUse,-5200
12,60,DP,source,AdventurerAI.GrantReturnReward,50275
12,60,Fame,source,AdventurerAI.GrantReturnReward,520
12,60,Fame,source,LureEconomy.OnHeroEscaped,1300
12,60,DP,source,AdventurerAI.TakeDamage,82208
12,60,Material,source,AdventurerAI.TakeDamage,1080
12,60,DP,source,Nemesis.OnSlain,2366
12,60,Material,source,Nemesis.OnSlain,12
12,60,DP,stock,end,130209
12,60,Material,stock,end,13208
12,60,Fame,stock,end,51618
12,61,DP,source,SurfaceMap.CollectYields,215
12,61,Material,source,SurfaceMap.CollectYields,12
12,61,Fame,source,SurfaceMap.CollectYields,38
12,61,DP,source,DistrictCatalog.Collect,28
12,61,Material,source,DistrictCatalog.Collect,8
12,61,DP,sink,MinionRoster.TryForge,-126000
12,61,Material,sink,MinionRoster.TryForge,-1985
12,61,DP,sink,MinionRoster.TrySummon,-4450
12,61,DP,source,AdventurerAI.ReapEmotion,339
12,61,DP,sink,CommandSystem.TryUse,-5200
12,61,DP,source,AdventurerAI.GrantReturnReward,43532
12,61,Fame,source,AdventurerAI.GrantReturnReward,640
12,61,Fame,source,LureEconomy.OnHeroEscaped,1600
12,61,DP,source,AdventurerAI.TakeDamage,48378
12,61,Material,source,AdventurerAI.TakeDamage,660
12,61,DP,source,Nemesis.OnSlain,3413
12,61,Material,source,Nemesis.OnSlain,16
12,61,DP,stock,end,90464
12,61,Material,stock,end,11919
12,61,Fame,stock,end,53896
12,62,DP,source,SurfaceMap.CollectYields,190
12,62,Material,source,SurfaceMap.CollectYields,10
12,62,Fame,source,SurfaceMap.CollectYields,34
12,62,DP,source,DistrictCatalog.Collect,28
12,62,Material,source,DistrictCatalog.Collect,8
12,62,DP,sink,MinionRoster.TryForge,-86400
12,62,Material,sink,MinionRoster.TryForge,-1400
12,62,DP,sink,MinionRoster.TrySummon,-4247
12,62,DP,source,AdventurerAI.ReapEmotion,332
12,62,DP,sink,CommandSystem.TryUse,-5550
12,62,DP,source,AdventurerAI.GrantReturnReward,51979
12,62,Fame,source,AdventurerAI.GrantReturnReward,540
12,62,Fame,source,LureEconomy.OnHeroEscaped,1350
12,62,DP,source,AdventurerAI.TakeDamage,58657
12,62,Material,source,AdventurerAI.TakeDamage,1112
12,62,DP,source,Nemesis.OnSlain,2827
12,62,Material,source,Nemesis.OnSlain,14
12,62,DP,stock,end,108280
12,62,Material,stock,end,11663
12,62,Fame,stock,end,55820
12,63,DP,source,SurfaceMap.CollectYields,190
12,63,Material,source,SurfaceMap.CollectYields,10
12,63,Fame,source,SurfaceMap.CollectYields,34
12,63,DP,source,DistrictCatalog.Collect,28
12,63,Material,source,DistrictCatalog.Collect,8
12,63,DP,sink,MinionRoster.TryForge,-103680
12,63,Material,sink,MinionRoster.TryForge,-1680
12,63,DP,sink,MinionRoster.TrySummon,-4813
12,63,DP,source,AdventurerAI.ReapEmotion,258
12,63,DP,source,AdventurerAI.GrantReturnReward,31659
12,63,Fame,source,AdventurerAI.GrantReturnReward,410
12,63,Fame,source,LureEconomy.OnHeroEscaped,1025
12,63,DP,sink,CommandSystem.TryUse,-5250
12,63,DP,source,AdventurerAI.TakeDamage,81037
12,63,Material,source,AdventurerAI.TakeDamage,1761
12,63,DP,source,Nemesis.OnSlain,4570
12,63,Material,source,Nemesis.OnSlain,22
12,63,DP,stock,end,112279
12,63,Material,stock,end,11784
12,63,Fame,stock,end,57289
12,64,DP,source,SurfaceMap.CollectYields,186
12,64,Material,source,SurfaceMap.CollectYields,10
12,64,Fame,source,SurfaceMap.CollectYields,33
12,64,DP,source,DistrictCatalog.Collect,28
12,64,Material,source,DistrictCatalog.Collect,8
12,64,DP,sink,MinionRoster.TryForge,-108000
12,64,Material,sink,MinionRoster.TryForge,-1750
12,64,DP,sink,MinionRoster.TrySummon,-4462
12,64,DP,source,AdventurerAI.ReapEmotion,330
12,64,DP,sink,CommandSystem.TryUse,-6050
12,64,DP,source,AdventurerAI.TakeDamage,78800
12,64,Material,source,AdventurerAI.TakeDamage,1453
12,64,DP,source,AdventurerAI.GrantReturnReward,46706
12,64,Fame,source,AdventurerAI.GrantReturnReward,550
12,64,Fame,source,LureEconomy.OnHeroEscaped,1375
12,64,DP,stock,end,119817
12,64,Material,stock,end,11505
12,64,Fame,stock,end,59247
12,65,DP,source,SurfaceMap.CollectYields,186
12,65,Material,source,SurfaceMap.CollectYields,10
12,65,Fame,source,SurfaceMap.CollectYields,33
12,65,DP,source,DistrictCatalog.Collect,28
12,65,Material,source,DistrictCatalog.Collect,8
12,65,DP,sink,MinionRoster.TryForge,-116640
12,65,Material,sink,MinionRoster.TryForge,-1890
12,65,DP,sink,MinionRoster.TrySummon,-3386
12,65,DP,source,AdventurerAI.ReapEmotion,654
12,65,DP,sink,CommandSystem.TryUse,-5550
12,65,DP,source,AdventurerAI.GrantReturnReward,93486
12,65,Fame,source,AdventurerAI.GrantReturnReward,700
12,65,Fame,source,LureEconomy.OnHeroEscaped,1750
12,65,DP,source,AdventurerAI.TakeDamage,47445
12,65,Material,source,AdventurerAI.TakeDamage,610
12,65,DP,stock,end,136040
12,65,Material,stock,end,10243
12,65,Fame,stock,end,61730
12,66,DP,source,SurfaceMap.CollectYields,215
12,66,Material,source,SurfaceMap.CollectYields,12
12,66,Fame,source,SurfaceMap.CollectYields,38
12,66,DP,source,DistrictCatalog.Collect,28
12,66,Material,source,DistrictCatalog.Collect,8
12,66,DP,sink,MinionRoster.TryForge,-129540
12,66,Material,sink,MinionRoster.TryForge,-2180
12,66,DP,sink,MinionRoster.TrySummon,-6734
12,66,DP,source,AdventurerAI.ReapEmotion,210
12,66,DP,source,AdventurerAI.GrantReturnReward,105742
12,66,Fame,source,AdventurerAI.GrantReturnReward,820
12,66,Fame,source,LureEconomy.OnHeroEscaped,2050
12,66,DP,sink,CommandSystem.TryUse,-5250
12,66,DP,source,AdventurerAI.TakeDamage,42887
12,66,Material,source,AdventurerAI.TakeDamage,632
12,66,DP,stock,end,143598
12,66,Material,stock,end,8715
12,66,Fame,stock,end,64638
12,67,DP,source,SurfaceMap.CollectYields,215
12,67,Material,source,SurfaceMap.CollectYields,12
12,67,Fame,source,SurfaceMap.CollectYields,38
12,67,DP,source,DistrictCatalog.Collect,28
12,67,Material,source,DistrictCatalog.Collect,8
12,67,DP,sink,MinionRoster.TryForge,-137700
12,67,Material,sink,MinionRoster.TryForge,-2430
12,67,DP,sink,MinionRoster.TrySummon,-6136
12,67,DP,source,AdventurerAI.ReapEmotion,273
12,67,DP,source,AdventurerAI.GrantReturnReward,92945
12,67,Fame,source,AdventurerAI.GrantReturnReward,740
12,67,Fame,source,LureEconomy.OnHeroEscaped,1850
12,67,DP,sink,CommandSystem.TryUse,-5250
12,67,DP,source,AdventurerAI.TakeDamage,34533
12,67,Material,source,AdventurerAI.TakeDamage,858
12,67,DP,stock,end,122506
12,67,Material,stock,end,7163
12,67,Fame,stock,end,67266
13,1,DP,sink,DungeonFeatureManager.TryPlaceTrap,-150
13,1,DP,sink,MinionRoster.TrySummon,-46
13,1,DP,source,AdventurerAI.ReapEmotion,146
13,1,DP,source,AdventurerAI.GrantReturnReward,1102
13,1,Fame,source,AdventurerAI.GrantReturnReward,40
13,1,Fame,source,LureEconomy.OnHeroEscaped,100
13,1,DP,sink,CommandSystem.TryUse,-1150
13,1,DP,source,AdventurerAI.TakeDamage,60
13,1,Material,source,AdventurerAI.TakeDamage,13
13,1,DP,stock,end,162
13,1,Material,stock,end,13
13,1,Fame,stock,end,140
13,2,DP,source,SurfaceMap.CollectYields,18
13,2,Material,source,SurfaceMap.CollectYields,1
13,2,Fame,source,SurfaceMap.CollectYields,4
13,2,DP,source,EraSystem.TickTurn,600
13,2,Fame,source,EraSystem.TickTurn,25
13,2,DP,sink,MinionRoster.TryForge,-236
13,2,DP,sink,MinionEvolution.TryEvolve,-225
13,2,DP,sink,DungeonFeatureManager.TryPlaceTrap,-150
13,2,DP,sink,MinionRoster.TrySummon,-156
13,2,DP,source,AdventurerAI.ReapEmotion,120
13,2,Fame,source,AdventurerAI.GrantReturnReward,30
13,2,Fame,source,LureEconomy.OnHeroEscaped,75
13,2,DP,source,AdventurerAI.TakeDamage,166
13,2,Material,source,AdventurerAI.TakeDamage,6
13,2,DP,source,AdventurerAI.GrantReturnReward,457
13,2,DP,sink,CommandSystem.TryUse,-650
13,2,DP,stock,end,106
13,2,Material,stock,end,20
13,2,Fame,stock,end,274
13,3,DP,source,SurfaceMap.CollectYields,18
13,3,Material,source,SurfaceMap.CollectYields,1
13,3,Fame,source,SurfaceMap.CollectYields,4
13,3,DP,source,EraSystem.TickTurn,600
13,3,Material,source,EraSystem.TickTurn,10
13,3,Fame,source,EraSystem.TickTurn,25
13,3,DP,sink,MinionRoster.TryForge,-236
13,3,DP,sink,MinionEvolution.TryEvolve,-175
13,3,DP,sink,DungeonFeatureManager.TryPlaceTrap,-150
13,3,DP,sink,MinionRoster.TrySummon,-161
13,3,DP,source,AdventurerAI.ReapEmotion,117
13,3,Fame,source,AdventurerAI.GrantReturnReward,20
13,3,Fame,source,LureEconomy.OnHeroEscaped,50
13,3,DP,source,AdventurerAI.TakeDamage,259
13,3,Material,source,AdventurerAI.TakeDamage,23
13,3,DP,source,AdventurerAI.GrantReturnReward,51
13,3,DP,sink,CommandSystem.TryUse,-650
13,3,DP,source,Nemesis.OnSlain,437
13,3,Material,source,Nemesis.OnSlain,5
13,3,DP,stock,end,216
13,3,Material,stock,end,59
13,3,Fame,stock,end,373
13,4,DP,source,SurfaceMap.CollectYields,18
13,4,Material,source,SurfaceMap.CollectYields,1
13,4,Fame,source,SurfaceMap.CollectYields,4
13,4,DP,source,EraSystem.TickTurn,600
13,4,Material,source,EraSystem.TickTurn,10
13,4,DP,sink,MinionRoster.TryForge,-236
13,4,DP,sink,MinionEvolution.TryEvolve,-225
13,4,DP,sink,DungeonFeatureManager.TryPlaceTrap,-300
13,4,DP,sink,MinionRoster.TrySummon,-62
13,4,DP,source,IncidentSystem.Apply,600
13,4,DP,sink,CommandSystem.TryUse,-1500
13,4,DP,source,AdventurerAI.ReapEmotion,119
13,4,DP,source,AdventurerAI.TakeDamage,352
13,4,Material,source,AdventurerAI.TakeDamage,29
13,4,DP,source,AdventurerAI.GrantReturnReward,760
13,4,Fame,source,AdventurerAI.GrantReturnReward,20
13,4,Fame,source,LureEconomy.OnHeroEscaped,50
13,4,DP,source,Nemesis.OnSlain,454
13,4,Material,source,Nemesis.OnSlain,5
13,4,DP,stock,end,796
13,4,Material,stock,end,104
13,4,Fame,stock,end,447
13,5,DP,source,SurfaceMap.CollectYields,18
13,5,Material,source,SurfaceMap.CollectYields,1
13,5,Fame,source,SurfaceMap.CollectYields,4
13,5,DP,source,EraSystem.TickTurn,600
13,5,DP,sink,MinionRoster.TryForge,-212
13,5,DP,sink,DungeonFloorManager.TryAddFloor,-800
13,5,DP,sink,DungeonFeatureManager.TryPlaceTrap,-300
13,5,DP,sink,MinionRoster.TrySummon,-84
13,5,DP,source,AdventurerAI.ReapEmotion,177
13,5,DP,source,AdventurerAI.TakeDamage,718
13,5,Material,source,AdventurerAI.TakeDamage,22
13,5,DP,sink,CommandSystem.TryUse,-2450
13,5,DP,source,AdventurerAI.GrantReturnReward,2155
13,5,Fame,source,AdventurerAI.GrantReturnReward,40
13,5,Fame,source,LureEconomy.OnHeroEscaped,100
13,5,DP,source,Nemesis.OnSlain,940
13,5,Material,source,Nemesis.OnSlain,10
13,5,DP,stock,end,1558
13,5,Material,stock,end,137
13,5,Fame,stock,end,591
13,6,DP,source,SurfaceMap.CollectYields,39
13,6,Material,source,SurfaceMap.CollectYields,2
13,6,Fame,source,SurfaceMap.CollectYields,9
13,6,DP,source,EraSystem.TickTurn,600
13,6,DP,sink,MinionRoster.TryForge,-212
13,6,DP,sink,DungeonFloorManager.TryExpandFloor,-1600
13,6,DP,sink,DungeonFeatureManager.TryPlaceTrap,-300
13,6,DP,sink,MinionRoster.TrySummon,-74
13,6,DP,source,AdventurerAI.ReapEmotion,202
13,6,DP,source,AdventurerAI.TakeDamage,312
13,6,Material,source,AdventurerAI.TakeDamage,17
13,6,DP,sink,CommandSystem.TryUse,-1800
13,6,DP,source,AdventurerAI.GrantReturnReward,1796
13,6,Fame,source,AdventurerAI.GrantReturnReward,50
13,6,Fame,source,LureEconomy.OnHeroEscaped,125
13,6,DP,source,Nemesis.OnSlain,486
13,6,Material,source,Nemesis.OnSlain,5
13,6,DP,stock,end,1007
13,6,Material,stock,end,161
13,6,Fame,stock,end,775
13,7,DP,source,SurfaceMap.CollectYields,39
13,7,Material,source,SurfaceMap.CollectYields,2
13,7,Fame,source,SurfaceMap.CollectYields,9
13,7,DP,source,EraSystem.TickTurn,600
13,7,DP,sink,MinionRoster.TryForge,-212
13,7,DP,sink,DungeonFloorManager.TryExpandFloor,-800
13,7,DP,sink,MinionEvolution.TryEvolve,-325
13,7,DP,sink,DungeonFeatureManager.TryPlaceTrap,-150
13,7,DP,sink,MinionRoster.TrySummon,-158
13,7,DP,source,AdventurerAI.ReapEmotion,126
13,7,DP,source,AdventurerAI.TakeDamage,699
13,7,Material,source,AdventurerAI.TakeDamage,45
13,7,DP,sink,CommandSystem.TryUse,-2450
13,7,DP,source,AdventurerAI.GrantReturnReward,1602
13,7,Fame,source,AdventurerAI.GrantReturnReward,30
13,7,Fame,source,LureEconomy.OnHeroEscaped,75
13,7,DP,source,Nemesis.OnSlain,1004
13,7,Material,source,Nemesis.OnSlain,10
13,7,DP,stock,end,982
13,7,Material,stock,end,218
13,7,Fame,stock,end,889
13,8,DP,source,SurfaceMap.CollectYields,39
13,8,Material,source,SurfaceMap.CollectYields,2
13,8,Fame,source,SurfaceMap.CollectYields,9
13,8,DP,source,EraSystem.TickTurn,600
13,8,DP,sink,MinionRoster.TryForge,-212
13,8,DP,sink,MinionEvolution.TryEvolve,-900
13,8,DP,sink,MinionRoster.TryEvolveIndividual,-175
13,8,DP,sink,DungeonFeatureManager.TryPlaceTrap,-150
13,8,DP,sink,MinionRoster.TrySummon,-180
13,8,DP,source,AdventurerAI.ReapEmotion,173
13,8,DP,source,AdventurerAI.TakeDamage,600
13,8,Material,source,AdventurerAI.TakeDamage,36
13,8,DP,source,AdventurerAI.GrantReturnReward,1236
13,8,Fame,source,AdventurerAI.GrantReturnReward,60
13,8,Fame,source,LureEconomy.OnHeroEscaped,150
13,8,DP,sink,CommandSystem.TryUse,-2300
13,8,DP,source,Nemesis.OnSlain,502
13,8,Material,source,Nemesis.OnSlain,5
13,8,DP,stock,end,215
13,8,Material,stock,end,261
13,8,Fame,stock,end,1108
13,9,DP,source,SurfaceMap.CollectYields,69
13,9,Material,source,SurfaceMap.CollectYields,3
13,9,Fame,source,SurfaceMap.CollectYields,17
13,9,DP,source,EraSystem.TickTurn,1020
13,9,Fame,source,EraSystem.TickTurn,25
13,9,DP,sink,MinionRoster.TryForge,-190
13,9,DP,sink,MinionEvolution.TryEvolve,-800
13,9,DP,sink,DungeonFeatureManager.TryPlaceTrap,-150
13,9,DP,sink,MinionRoster.TrySummon,-157
13,9,DP,source,AdventurerAI.ReapEmotion,257
13,9,DP,source,AdventurerAI.TakeDamage,1200
13,9,Material,source,AdventurerAI.TakeDamage,99
13,9,DP,sink,CommandSystem.TryUse,-2750
13,9,DP,source,AdventurerAI.GrantReturnReward,1144
13,9,Fame,source,AdventurerAI.GrantReturnReward,30
13,9,Fame,source,LureEconomy.OnHeroEscaped,75
13,9,DP,source,Nemesis.OnSlain,1036
13,9,Material,source,Nemesis.OnSlain,10
13,9,DP,stock,end,894
13,9,Material,stock,end,373
13,9,Fame,stock,end,1255
13,10,DP,source,SurfaceMap.CollectYields,52
13,10,Material,source,SurfaceMap.CollectYields,2
13,10,Fame,source,SurfaceMap.CollectYields,11
13,10,DP,sink,MinionRoster.TryForge,-190
13,10,DP,sink,MinionRoster.TryEvolveIndividual,-425
13,10,DP,sink,DungeonFeatureManager.TryPlaceTrap,-150
13,10,DP,sink,MinionRoster.TrySummon,-173
13,10,DP,source,AdventurerAI.ReapEmotion,248
13,10,DP,source,AdventurerAI.TakeDamage,574
13,10,Material,source,AdventurerAI.TakeDamage,19
13,10,DP,sink,CommandSystem.TryUse,-1100
13,10,DP,source,AdventurerAI.GrantReturnReward,660
13,10,Fame,source,AdventurerAI.GrantReturnReward,80
13,10,Fame,source,LureEconomy.OnHeroEscaped,200
13,10,DP,stock,end,390
13,10,Material,stock,end,394
13,10,Fame,stock,end,1546
13,11,DP,source,SurfaceMap.CollectYields,52
13,11,Material,source,SurfaceMap.CollectYields,2
13,11,Fame,source,SurfaceMap.CollectYields,11
13,11,DP,sink,MinionRoster.TryForge,-95
13,11,DP,sink,DungeonFeatureManager.TryPlaceTrap,-150
13,11,DP,sink,MinionRoster.TrySummon,-189
13,11,DP,source,AdventurerAI.ReapEmotion,179
13,11,DP,source,AdventurerAI.TakeDamage,1834
13,11,Material,source,AdventurerAI.TakeDamage,73
13,11,DP,sink,CommandSystem.TryUse,-2250
13,11,DP,source,Nemesis.OnSlain,1102
13,11,Material,source,Nemesis.OnSlain,10
13,11,DP,source,AdventurerAI.GrantReturnReward,129
13,11,Fame,source,AdventurerAI.GrantReturnReward,10
13,11,Fame,source,LureEconomy.OnHeroEscaped,25
13,11,DP,stock,end,1002
13,11,Material,stock,end,479
13,11,Fame,stock,end,1592
13,12,DP,source,SurfaceMap.CollectYields,79
13,12,Material,source,SurfaceMap.CollectYields,3
13,12,Fame,source,SurfaceMap.CollectYields,17
13,12,DP,source,DistrictCatalog.Collect,98
13,12,DP,source,EraSystem.TickTurn,1020
13,12,DP,sink,MinionRoster.TryForge,-190
13,12,DP,sink,DungeonFloorManager.TryExpandFloor,-1500
13,12,DP,sink,MinionRoster.TryEvolveIndividual,-175
13,12,DP,sink,DungeonFeatureManager.TryPlaceTrap,-150
13,12,DP,sink,MinionRoster.TrySummon,-167
13,12,DP,source,AdventurerAI.TakeDamage,1350
13,12,Material,source,AdventurerAI.TakeDamage,47
13,12,DP,sink,CommandSystem.TryUse,-2100
13,12,Fame,source,AdventurerAI.GrantReturnReward,40
13,12,Fame,source,LureEconomy.OnHeroEscaped,100
13,12,DP,source,AdventurerAI.ReapEmotion,93
13,12,DP,source,AdventurerAI.GrantReturnReward,957
13,12,DP,source,Nemesis.OnSlain,796
13,12,Material,source,Nemesis.OnSlain,7
13,12,DP,stock,end,1113
13,12,Material,stock,end,536
13,12,Fame,stock,end,1749
13,13,DP,source,SurfaceMap.CollectYields,83
13,13,Material,source,SurfaceMap.CollectYields,4
13,13,Fame,source,SurfaceMap.CollectYields,19
13,13,DP,source,DistrictCatalog.Collect,98
13,13,DP,sink,MinionRoster.TryForge,-190
13,13,DP,sink,MinionRoster.TryEvolveIndividual,-800
13,13,DP,sink,DungeonFeatureManager.TryPlaceTrap,-150
13,13,DP,sink,MinionRoster.TrySummon,-154
13,13,DP,source,AdventurerAI.ReapEmotion,309
13,13,DP,source,AdventurerAI.TakeDamage,2395
13,13,Material,source,AdventurerAI.TakeDamage,54
13,13,DP,sink,CommandSystem.TryUse,-2900
13,13,DP,source,AdventurerAI.GrantReturnReward,306
13,13,Fame,source,AdventurerAI.GrantReturnReward,30
13,13,Fame,source,LureEconomy.OnHeroEscaped,75
13,13,DP,source,Nemesis.OnSlain,567
13,13,Material,source,Nemesis.OnSlain,5
13,13,DP,stock,end,677
13,13,Material,stock,end,599
13,13,Fame,stock,end,1873
13,14,DP,source,SurfaceMap.CollectYields,83
13,14,Material,source,SurfaceMap.CollectYields,4
13,14,Fame,source,SurfaceMap.CollectYields,19
13,14,DP,source,DistrictCatalog.Collect,98
13,14,DP,sink,MinionRoster.TryForge,-190
13,14,DP,sink,MinionRoster.TryEvolveIndividual,-300
13,14,DP,sink,DungeonFeatureManager.TryPlaceTrap,-150
13,14,DP,sink,MinionRoster.TrySummon,-210
13,14,DP,source,AdventurerAI.TakeDamage,2612
13,14,Material,source,AdventurerAI.TakeDamage,169
13,14,DP,sink,CommandSystem.TryUse,-2300
13,14,Fame,source,AdventurerAI.GrantReturnReward,60
13,14,Fame,source,LureEconomy.OnHeroEscaped,150
13,14,DP,source,AdventurerAI.ReapEmotion,89
13,14,DP,source,AdventurerAI.GrantReturnReward,310
13,14,DP,source,Nemesis.OnSlain,3542
13,14,Material,source,Nemesis.OnSlain,23
13,14,DP,stock,end,4261
13,14,Material,stock,end,795
13,14,Fame,stock,end,2102
13,15,DP,source,SurfaceMap.CollectYields,104
13,15,Material,source,SurfaceMap.CollectYields,5
13,15,Fame,source,SurfaceMap.CollectYields,24
13,15,DP,source,DistrictCatalog.Collect,98
13,15,DP,source,EraSystem.TickTurn,300
13,15,DP,sink,MinionRoster.TryForge,-855
13,15,DP,sink,DungeonFloorManager.TryAddFloor,-2000
13,15,DP,sink,DungeonFloorManager.TryExpandFloor,-1200
13,15,DP,sink,MinionRoster.TryEvolveIndividual,-325
13,15,DP,sink,DungeonFeatureManager.TryPlaceTrap,-150
13,15,DP,sink,MinionRoster.TrySummon,-229
13,15,DP,source,AdventurerAI.ReapEmotion,224
13,15,DP,source,AdventurerAI.TakeDamage,1580
13,15,Material,source,AdventurerAI.TakeDamage,36
13,15,DP,sink,CommandSystem.TryUse,-2100
13,15,DP,source,AdventurerAI.GrantReturnReward,1398
13,15,Fame,source,AdventurerAI.GrantReturnReward,60
13,15,Fame,source,LureEconomy.OnHeroEscaped,150
13,15,DP,source,Nemesis.OnSlain,836
13,15,Material,source,Nemesis.OnSlain,7
13,15,DP,stock,end,1942
13,15,Material,stock,end,843
13,15,Fame,stock,end,2336
13,16,DP,source,SurfaceMap.CollectYields,104
13,16,Material,source,SurfaceMap.CollectYields,5
13,16,Fame,source,SurfaceMap.CollectYields,24
13,16,DP,source,DistrictCatalog.Collect,98
13,16,DP,sink,MinionRoster.TryForge,-285
13,16,DP,sink,DungeonFloorManager.TryExpandFloor,-1500
13,16,DP,sink,DungeonFeatureManager.TryPlaceTrap,-150
13,16,DP,sink,MinionRoster.TrySummon,-209
13,16,DP,source,AdventurerAI.TakeDamage,2529
13,16,Material,source,AdventurerAI.TakeDamage,44
13,16,DP,sink,CommandSystem.TryUse,-2450
13,16,DP,source,AdventurerAI.ReapEmotion,181
13,16,Fame,source,AdventurerAI.GrantReturnReward,130
13,16,Fame,source,LureEconomy.OnHeroEscaped,325
13,16,DP,source,AdventurerAI.GrantReturnReward,2599
13,16,DP,source,Nemesis.OnSlain,616
13,16,Material,source,Nemesis.OnSlain,5
13,16,DP,stock,end,3475
13,16,Material,stock,end,897
13,16,Fame,stock,end,2815
13,17,DP,source,SurfaceMap.CollectYields,106
13,17,Material,source,SurfaceMap.CollectYields,5
13,17,Fame,source,SurfaceMap.CollectYields,24
13,17,DP,source,DistrictCatalog.Collect,112
13,17,DP,source,EraSystem.TickTurn,720
13,17,DP,sink,MinionRoster.TryForge,-2255
13,17,DP,sink,DungeonFloorManager.TryExpandFloor,-1500
13,17,DP,sink,MinionRoster.TryEvolveIndividual,-75
13,17,DP,sink,DungeonFeatureManager.TryPlaceTrap,-300
13,17,DP,sink,MinionRoster.TrySummon,-272
13,17,DP,source,AdventurerAI.TakeDamage,2947
13,17,Material,source,AdventurerAI.TakeDamage,45
13,17,DP,source,AdventurerAI.ReapEmotion,181
13,17,DP,sink,CommandSystem.TryUse,-2150
13,17,DP,source,AdventurerAI.GrantReturnReward,2262
13,17,Fame,source,AdventurerAI.GrantReturnReward,60
13,17,Fame,source,LureEconomy.OnHeroEscaped,150
13,17,DP,source,Nemesis.OnSlain,632
13,17,Material,source,Nemesis.OnSlain,5
13,17,DP,stock,end,3883
13,17,Material,stock,end,952
13,17,Fame,stock,end,3049
13,18,DP,source,SurfaceMap.CollectYields,127
13,18,Material,source,SurfaceMap.CollectYields,6
13,18,Fame,source,SurfaceMap.CollectYields,29
13,18,DP,source,DistrictCatalog.Collect,112
13,18,DP,sink,MinionRoster.TryForge,-1210
13,18,DP,sink,DungeonFloorManager.TryExpandFloor,-2500
13,18,DP,sink,DungeonFeatureManager.TryPlaceTrap,-150
13,18,DP,sink,MinionRoster.TrySummon,-256
13,18,DP,source,AdventurerAI.ReapEmotion,447
13,18,DP,sink,CommandSystem.TryUse,-2300
13,18,DP,source,AdventurerAI.GrantReturnReward,2310
13,18,Fame,source,AdventurerAI.GrantReturnReward,80
13,18,Fame,source,LureEconomy.OnHeroEscaped,200
13,18,DP,source,AdventurerAI.TakeDamage,3593
13,18,Material,source,AdventurerAI.TakeDamage,108
13,18,DP,source,Nemesis.OnSlain,2428
13,18,Material,source,Nemesis.OnSlain,19
13,18,DP,stock,end,6484
13,18,Material,stock,end,1085
13,18,Fame,stock,end,3358
13,19,DP,source,SurfaceMap.CollectYields,127
13,19,Material,source,SurfaceMap.CollectYields,6
13,19,Fame,source,SurfaceMap.CollectYields,29
13,19,DP,source,DistrictCatalog.Collect,112
13,19,DP,sink,MinionRoster.TryForge,-190
13,19,DP,sink,DungeonFloorManager.TryAddFloor,-5000
13,19,DP,sink,DungeonFloorManager.TryExpandFloor,-400
13,19,DP,sink,MinionRoster.TryEvolveIndividual,-550
13,19,DP,sink,DungeonFeatureManager.TryPlaceTrap,-300
13,19,DP,sink,MinionRoster.TrySummon,-280
13,19,DP,source,AdventurerAI.ReapEmotion,148
13,19,DP,source,AdventurerAI.TakeDamage,2693
13,19,Material,source,AdventurerAI.TakeDamage,58
13,19,DP,sink,CommandSystem.TryUse,-2650
13,19,DP,source,AdventurerAI.GrantReturnReward,3229
13,19,Fame,source,AdventurerAI.GrantReturnReward,120
13,19,Fame,source,LureEconomy.OnHeroEscaped,300
13,19,DP,stock,end,3423
13,19,Material,stock,end,1149
13,19,Fame,stock,end,3807
13,20,DP,source,SurfaceMap.CollectYields,127
13,20,Material,source,SurfaceMap.CollectYields,6
13,20,Fame,source,SurfaceMap.CollectYields,29
13,20,DP,source,DistrictCatalog.Collect,140
13,20,DP,sink,MinionRoster.TryForge,-3250
13,20,DP,sink,DungeonFeatureManager.TryPlaceTrap,-150
13,20,DP,sink,MinionRoster.TrySummon,-289
13,20,DP,source,AdventurerAI.ReapEmotion,208
13,20,DP,source,AdventurerAI.TakeDamage,2834
13,20,Material,source,AdventurerAI.TakeDamage,44
13,20,DP,sink,CommandSystem.TryUse,-2750
13,20,Fame,source,AdventurerAI.GrantReturnReward,170
13,20,Fame,source,LureEconomy.OnHeroEscaped,425
13,20,DP,source,AdventurerAI.GrantReturnReward,1218
13,20,DP,stock,end,1511
13,20,Material,stock,end,1199
13,20,Fame,stock,end,4431
13,21,DP,source,SurfaceMap.CollectYields,193
13,21,Material,source,SurfaceMap.CollectYields,7
13,21,Fame,source,SurfaceMap.CollectYields,40
13,21,DP,source,DistrictCatalog.Collect,140
13,21,DP,source,EraSystem.TickTurn,300
13,21,DP,sink,MinionRoster.TryForge,-802
13,21,DP,sink,DungeonFloorManager.TryExpandFloor,-800
13,21,DP,sink,DungeonFeatureManager.TryPlaceTrap,-300
13,21,DP,sink,MinionRoster.TrySummon,-240
13,21,DP,source,AdventurerAI.ReapEmotion,146
13,21,DP,source,AdventurerAI.TakeDamage,2557
13,21,Material,source,AdventurerAI.TakeDamage,347
13,21,DP,sink,CommandSystem.TryUse,-4450
13,21,DP,source,AdventurerAI.GrantReturnReward,4464
13,21,Fame,source,AdventurerAI.GrantReturnReward,220
13,21,Fame,source,LureEconomy.OnHeroEscaped,550
13,21,DP,source,Nemesis.OnSlain,1328
13,21,Material,source,Nemesis.OnSlain,9
13,21,DP,stock,end,4047
13,21,Material,stock,end,1562
13,21,Fame,stock,end,5241
13,22,DP,source,SurfaceMap.CollectYields,162
13,22,Material,source,SurfaceMap.CollectYields,6
13,22,Fame,source,SurfaceMap.CollectYields,33
13,22,DP,source,DistrictCatalog.Collect,140
13,22,DP,sink,MinionRoster.TryForge,-3454
13,22,DP,sink,MinionRoster.TryEvolveIndividual,-325
13,22,DP,sink,DungeonFeatureManager.TryPlaceTrap,-300
13,22,DP,sink,MinionRoster.TrySummon,-256
13,22,DP,source,AdventurerAI.ReapEmotion,172
13,22,DP,source,AdventurerAI.GrantReturnReward,8543
13,22,Fame,source,AdventurerAI.GrantReturnReward,240
13,22,Fame,source,LureEconomy.OnHeroEscaped,600
13,22,DP,sink,CommandSystem.TryUse,-4450
13,22,DP,source,AdventurerAI.TakeDamage,3599
13,22,Material,source,AdventurerAI.TakeDamage,72
13,22,DP,source,Nemesis.OnSlain,959
13,22,Material,source,Nemesis.OnSlain,7
13,22,DP,stock,end,8837
13,22,Material,stock,end,1647
13,22,Fame,stock,end,6114
13,23,DP,source,SurfaceMap.CollectYields,162
13,23,Material,source,SurfaceMap.CollectYields,6
13,23,Fame,source,SurfaceMap.CollectYields,33
13,23,DP,source,DistrictCatalog.Collect,154
13,23,DP,sink,MinionRoster.TryForge,-8448
13,23,DP,sink,DungeonFeatureManager.TryPlaceTrap,-450
13,23,DP,sink,MinionRoster.TrySummon,-252
13,23,DP,source,AdventurerAI.ReapEmotion,158
13,23,DP,source,AdventurerAI.TakeDamage,5108
13,23,Material,source,AdventurerAI.TakeDamage,152
13,23,DP,sink,CommandSystem.TryUse,-5250
13,23,Fame,source,AdventurerAI.GrantReturnReward,230
13,23,Fame,source,LureEconomy.OnHeroEscaped,575
13,23,DP,source,AdventurerAI.GrantReturnReward,9749
13,23,DP,source,Nemesis.OnSlain,697
13,23,Material,source,Nemesis.OnSlain,5
13,23,DP,stock,end,10465
13,23,Material,stock,end,1810
13,23,Fame,stock,end,6952
13,24,DP,source,SurfaceMap.CollectYields,136
13,24,Material,source,SurfaceMap.CollectYields,5
13,24,Fame,source,SurfaceMap.CollectYields,28
13,24,DP,source,DistrictCatalog.Collect,126
13,24,DP,sink,MinionRoster.TryForge,-168
13,24,DP,sink,MinionEvolution.TryEvolve,-4900
13,24,DP,sink,MinionRoster.TryEvolveIndividual,-5275
13,24,DP,sink,DungeonFeatureManager.TryPlaceTrap,-150
13,24,DP,sink,MinionRoster.TrySummon,-227
13,24,DP,source,AdventurerAI.ReapEmotion,166
13,24,DP,source,AdventurerAI.TakeDamage,4815
13,24,Material,source,AdventurerAI.TakeDamage,258
13,24,DP,sink,CommandSystem.TryUse,-5700
13,24,DP,source,AdventurerAI.GrantReturnReward,15284
13,24,Fame,source,AdventurerAI.GrantReturnReward,500
13,24,Fame,source,LureEconomy.OnHeroEscaped,1250
13,24,DP,stock,end,14572
13,24,Material,stock,end,2073
13,24,Fame,stock,end,8730
13,25,DP,source,SurfaceMap.CollectYields,135
13,25,Material,source,SurfaceMap.CollectYields,6
13,25,Fame,source,SurfaceMap.CollectYields,28
13,25,DP,source,DistrictCatalog.Collect,28
13,25,DP,source,EraSystem.TickTurn,3840
13,25,DP,sink,MinionRoster.TryForge,-168
13,25,DP,sink,DungeonFloorManager.TryAddFloor,-12500
13,25,DP,sink,DungeonFloorManager.TryExpandFloor,-400
13,25,DP,sink,MinionRoster.TryEvolveIndividual,-5025
13,25,DP,sink,DungeonFeatureManager.TryPlaceTrap,-300
13,25,DP,sink,MinionRoster.TrySummon,-158
13,25,DP,source,AdventurerAI.ReapEmotion,274
13,25,DP,source,AdventurerAI.GrantReturnReward,8701
13,25,Fame,source,AdventurerAI.GrantReturnReward,460
13,25,Fame,source,LureEconomy.OnHeroEscaped,1150
13,25,DP,sink,CommandSystem.TryUse,-4400
13,25,DP,source,AdventurerAI.TakeDamage,2281
13,25,Material,source,AdventurerAI.TakeDamage,51
13,25,DP,stock,end,6880
13,25,Material,stock,end,2130
13,25,Fame,stock,end,10368
13,26,DP,source,SurfaceMap.CollectYields,135
13,26,Material,source,SurfaceMap.CollectYields,6
13,26,Fame,source,SurfaceMap.CollectYields,28
13,26,DP,source,DistrictCatalog.Collect,28
13,26,DP,source,EraSystem.TickTurn,3840
13,26,DP,sink,MinionRoster.TryForge,-5280
13,26,DP,sink,DungeonFloorManager.TryExpandFloor,-2300
13,26,DP,sink,MinionRoster.TryEvolveIndividual,-2575
13,26,DP,sink,DungeonFeatureManager.TryPlaceTrap,-450
13,26,DP,sink,MinionRoster.TrySummon,-264
13,26,DP,source,AdventurerAI.ReapEmotion,148
13,26,DP,source,AdventurerAI.GrantReturnReward,16795
13,26,Fame,source,AdventurerAI.GrantReturnReward,520
13,26,Fame,source,LureEconomy.OnHeroEscaped,1300
13,26,DP,sink,CommandSystem.TryUse,-4900
13,26,DP,source,AdventurerAI.TakeDamage,1170
13,26,Material,source,AdventurerAI.TakeDamage,10
13,26,DP,stock,end,13227
13,26,Material,stock,end,2146
13,26,Fame,stock,end,12216
13,27,DP,source,SurfaceMap.CollectYields,180
13,27,Material,source,SurfaceMap.CollectYields,8
13,27,Fame,source,SurfaceMap.CollectYields,37
13,27,DP,source,DistrictCatalog.Collect,28
13,27,DP,source,EraSystem.TickTurn,6528
13,27,DP,sink,MinionRoster.TryForge,-8928
13,27,DP,sink,DungeonFloorManager.TryExpandFloor,-9000
13,27,DP,sink,MinionRoster.TryEvolveIndividual,-1225
13,27,DP,sink,DungeonFeatureManager.TryPlaceTrap,-600
13,27,DP,sink,MinionRoster.TrySummon,-198
13,27,DP,source,AdventurerAI.ReapEmotion,158
13,27,DP,source,AdventurerAI.TakeDamage,486
13,27,Material,source,AdventurerAI.TakeDamage,3
13,27,DP,sink,CommandSystem.TryUse,-4900
13,27,DP,source,AdventurerAI.GrantReturnReward,8079
13,27,Fame,source,AdventurerAI.GrantReturnReward,470
13,27,Fame,source,LureEconomy.OnHeroEscaped,1175
13,27,DP,stock,end,3835
13,27,Material,stock,end,2157
13,27,Fame,stock,end,13898
13,28,DP,source,SurfaceMap.CollectYields,135
13,28,Material,source,SurfaceMap.CollectYields,6
13,28,Fame,source,SurfaceMap.CollectYields,28
13,28,DP,source,DistrictCatalog.Collect,28
13,28,DP,source,EraSystem.TickTurn,3840
13,28,DP,sink,MinionRoster.TryForge,-3888
13,28,DP,sink,DungeonFloorManager.TryExpandFloor,-2500
13,28,DP,sink,MinionRoster.TryEvolveIndividual,-850
13,28,DP,sink,DungeonFeatureManager.TryPlaceTrap,-450
13,28,DP,sink,MinionRoster.TrySummon,-138
13,28,DP,source,AdventurerAI.ReapEmotion,186
13,28,DP,source,AdventurerAI.TakeDamage,24808
13,28,Material,source,AdventurerAI.TakeDamage,206
13,28,DP,sink,CommandSystem.TryUse,-5600
13,28,DP,source,AdventurerAI.GrantReturnReward,7799
13,28,Fame,source,AdventurerAI.GrantReturnReward,130
13,28,Fame,source,LureEconomy.OnHeroEscaped,325
13,28,DP,stock,end,27205
13,28,Material,stock,end,2369
13,28,Fame,stock,end,14381
13,29,DP,source,SurfaceMap.CollectYields,137
13,29,Material,source,SurfaceMap.CollectYields,6
13,29,Fame,source,SurfaceMap.CollectYields,29
13,29,DP,source,DistrictCatalog.Collect,28
13,29,DP,source,EraSystem.TickTurn,6528
13,29,DP,sink,MinionRoster.TryForge,-528
13,29,DP,sink,DungeonFloorManager.TryAddFloor,-31250
13,29,DP,sink,DungeonFloorManager.TryExpandFloor,-1200
13,29,DP,sink,MinionRoster.TryEvolveIndividual,-225
13,29,DP,sink,DungeonFeatureManager.TryPlaceTrap,-450
13,29,DP,sink,MinionRoster.TrySummon,-242
13,29,DP,source,AdventurerAI.ReapEmotion,174
13,29,DP,source,AdventurerAI.TakeDamage,7903
13,29,Material,source,AdventurerAI.TakeDamage,87
13,29,DP,sink,CommandSystem.TryUse,-6050
13,29,DP,source,AdventurerAI.GrantReturnReward,16389
13,29,Fame,source,AdventurerAI.GrantReturnReward,420
13,29,Fame,source,LureEconomy.OnHeroEscaped,1050
13,29,DP,source,Nemesis.OnSlain,1476
13,29,Material,source,Nemesis.OnSlain,9
13,29,DP,stock,end,19895
13,29,Material,stock,end,2471
13,29,Fame,stock,end,15880
13,30,DP,source,SurfaceMap.CollectYields,137
13,30,Material,source,SurfaceMap.CollectYields,6
13,30,Fame,source,SurfaceMap.CollectYields,29
13,30,DP,source,DistrictCatalog.Collect,28
13,30,DP,source,EraSystem.TickTurn,6528
13,30,Material,source,EraSystem.TickTurn,32
13,30,DP,sink,MinionRoster.TryForge,-18912
13,30,DP,sink,DungeonFloorManager.TryExpandFloor,-4000
13,30,DP,sink,MinionRoster.TryEvolveIndividual,-750
13,30,Material,sink,MinionRoster.TryForge,-48
13,30,DP,sink,DungeonFeatureManager.TryPlaceTrap,-2700
13,30,DP,sink,MinionRoster.TrySummon,-207
13,30,DP,source,AdventurerAI.ReapEmotion,242
13,30,DP,source,AdventurerAI.TakeDamage,22728
13,30,Material,source,AdventurerAI.TakeDamage,477
13,30,DP,sink,CommandSystem.TryUse,-6050
13,30,DP,source,AdventurerAI.GrantReturnReward,23248
13,30,Fame,source,AdventurerAI.GrantReturnReward,360
13,30,Fame,source,LureEconomy.OnHeroEscaped,900
13,30,DP,source,Nemesis.OnSlain,2045
13,30,Material,source,Nemesis.OnSlain,13
13,30,DP,stock,end,42232
13,30,Material,stock,end,2951
13,30,Fame,stock,end,17169
13,31,DP,source,SurfaceMap.CollectYields,181
13,31,Material,source,SurfaceMap.CollectYields,9
13,31,Fame,source,SurfaceMap.CollectYields,38
13,31,DP,source,DistrictCatalog.Collect,28
13,31,DP,source,EraSystem.TickTurn,3840
13,31,Material,source,EraSystem.TickTurn,37
13,31,Fame,source,EraSystem.TickTurn,80
13,31,DP,sink,MinionRoster.TryForge,-26976
13,31,DP,sink,MinionRoster.TryEvolveIndividual,-350
13,31,Material,sink,MinionRoster.TryForge,-72
13,31,DP,sink,DungeonFeatureManager.TryPlaceTrap,-5250
13,31,DP,sink,MinionRoster.TrySummon,-13505
13,31,DP,source,AdventurerAI.ReapEmotion,168
13,31,DP,sink,CommandSystem.TryUse,-5600
13,31,DP,source,AdventurerAI.TakeDamage,16778
13,31,Material,source,AdventurerAI.TakeDamage,459
13,31,DP,source,AdventurerAI.GrantReturnReward,18607
13,31,Fame,source,AdventurerAI.GrantReturnReward,350
13,31,Fame,source,LureEconomy.OnHeroEscaped,875
13,31,DP,source,Nemesis.OnSlain,810
13,31,Material,source,Nemesis.OnSlain,6
13,31,DP,stock,end,30963
13,31,Material,stock,end,3390
13,31,Fame,stock,end,18512
13,32,DP,source,SurfaceMap.CollectYields,181
13,32,Material,source,SurfaceMap.CollectYields,9
13,32,Fame,source,SurfaceMap.CollectYields,38
13,32,DP,source,DistrictCatalog.Collect,28
13,32,DP,source,EraSystem.TickTurn,6528
13,32,Fame,source,EraSystem.TickTurn,192
13,32,DP,sink,MinionRoster.TryForge,-15984
13,32,Material,sink,MinionRoster.TryForge,-24
13,32,DP,sink,DungeonFeatureManager.TryPlaceTrap,-4200
13,32,DP,sink,MinionRoster.TrySummon,-17424
13,32,DP,source,AdventurerAI.ReapEmotion,174
13,32,DP,source,AdventurerAI.TakeDamage,32652
13,32,Material,source,AdventurerAI.TakeDamage,700
13,32,DP,sink,CommandSystem.TryUse,-5600
13,32,DP,source,AdventurerAI.GrantReturnReward,11051
13,32,Fame,source,AdventurerAI.GrantReturnReward,150
13,32,Fame,source,LureEconomy.OnHeroEscaped,375
13,32,DP,source,Nemesis.OnSlain,9382
13,32,Material,source,Nemesis.OnSlain,40
13,32,DP,stock,end,47751
13,32,Material,stock,end,4115
13,32,Fame,stock,end,19267
13,33,DP,source,SurfaceMap.CollectYields,181
13,33,Material,source,SurfaceMap.CollectYields,9
13,33,Fame,source,SurfaceMap.CollectYields,38
13,33,DP,source,DistrictCatalog.Collect,28
13,33,DP,sink,MinionRoster.TryForge,-14928
13,33,DP,sink,DungeonFeatureManager.TryPlaceTrap,-4650
13,33,DP,sink,MinionRoster.TrySummon,-28131
13,33,DP,source,AdventurerAI.ReapEmotion,186
13,33,DP,sink,CommandSystem.TryUse,-5600
13,33,DP,source,AdventurerAI.TakeDamage,32391
13,33,Material,source,AdventurerAI.TakeDamage,909
13,33,DP,source,AdventurerAI.GrantReturnReward,16535
13,33,Fame,source,AdventurerAI.GrantReturnReward,280
13,33,Fame,source,LureEconomy.OnHeroEscaped,700
13,33,DP,stock,end,43763
13,33,Material,stock,end,5033
13,33,Fame,stock,end,20285
13,34,DP,source,SurfaceMap.CollectYields,133
13,34,Material,source,SurfaceMap.CollectYields,7
13,34,Fame,source,SurfaceMap.CollectYields,28
13,34,DP,source,DistrictCatalog.Collect,28
13,34,DP,sink,MinionRoster.TryForge,-23472
13,34,Material,sink,MinionRoster.TryForge,-80
13,34,DP,sink,DungeonFeatureManager.TryPlaceTrap,-2700
13,34,DP,sink,MinionRoster.TrySummon,-17721
13,34,DP,source,AdventurerAI.ReapEmotion,176
13,34,DP,source,AdventurerAI.TakeDamage,37183
13,34,Material,source,AdventurerAI.TakeDamage,1085
13,34,DP,sink,CommandSystem.TryUse,-5600
13,34,DP,source,Nemesis.OnSlain,2526
13,34,Material,source,Nemesis.OnSlain,18
13,34,DP,source,AdventurerAI.GrantReturnReward,12507
13,34,Fame,source,AdventurerAI.GrantReturnReward,190
13,34,Fame,source,LureEconomy.OnHeroEscaped,475
13,34,DP,stock,end,46823
13,34,Material,stock,end,6063
13,34,Fame,stock,end,20978
13,35,DP,source,SurfaceMap.CollectYields,133
13,35,Material,source,SurfaceMap.CollectYields,7
13,35,Fame,source,SurfaceMap.CollectYields,28
13,35,DP,source,DistrictCatalog.Collect,28
13,35,DP,sink,MinionRoster.TryForge,-34080
13,35,Material,sink,MinionRoster.TryForge,-240
13,35,DP,sink,DungeonFeatureManager.TryPlaceTrap,-2250
13,35,DP,sink,MinionRoster.TrySummon,-10651
13,35,DP,source,AdventurerAI.ReapEmotion,256
13,35,DP,source,AdventurerAI.GrantReturnReward,18270
13,35,Fame,source,AdventurerAI.GrantReturnReward,230
13,35,Fame,source,LureEconomy.OnHeroEscaped,575
13,35,DP,sink,CommandSystem.TryUse,-6050
13,35,DP,source,AdventurerAI.TakeDamage,45743
13,35,Material,source,AdventurerAI.TakeDamage,243789
13,35,DP,source,Nemesis.OnSlain,4278
13,35,Material,source,Nemesis.OnSlain,17
13,35,DP,stock,end,62500
13,35,Material,stock,end,249636
13,35,Fame,stock,end,21811
13,36,DP,source,SurfaceMap.CollectYields,89
13,36,Material,source,SurfaceMap.CollectYields,5
13,36,Fame,source,SurfaceMap.CollectYields,19
13,36,DP,source,DistrictCatalog.Collect,28
13,36,DP,source,EraSystem.TickTurn,1920
13,36,Material,source,EraSystem.TickTurn,37
13,36,DP,sink,MinionRoster.TryForge,-40320
13,36,Material,sink,MinionRoster.TryForge,-336
13,36,DP,sink,MinionRoster.TrySummon,-24183
13,36,DP,source,AdventurerAI.ReapEmotion,186
13,36,DP,source,AdventurerAI.TakeDamage,19819
13,36,Material,source,AdventurerAI.TakeDamage,490
13,36,DP,sink,CommandSystem.TryUse,-4900
13,36,DP,source,AdventurerAI.GrantReturnReward,14471
13,36,Fame,source,AdventurerAI.GrantReturnReward,370
13,36,Fame,source,LureEconomy.OnHeroEscaped,925
13,36,DP,source,Nemesis.OnSlain,875
13,36,Material,source,Nemesis.OnSlain,6
13,36,DP,stock,end,30485
13,36,Material,stock,end,249838
13,36,Fame,stock,end,23125
13,37,DP,source,SurfaceMap.CollectYields,139
13,37,Material,source,SurfaceMap.CollectYields,7
13,37,Fame,source,SurfaceMap.CollectYields,29
13,37,DP,source,DistrictCatalog.Collect,28
13,37,DP,sink,MinionRoster.TryForge,-28800
13,37,Material,sink,MinionRoster.TryForge,-240
13,37,DP,sink,MinionRoster.TrySummon,-1838
13,37,DP,source,AdventurerAI.ReapEmotion,182
13,37,DP,source,AdventurerAI.GrantReturnReward,15790
13,37,Fame,source,AdventurerAI.GrantReturnReward,250
13,37,Fame,source,LureEconomy.OnHeroEscaped,625
13,37,DP,sink,CommandSystem.TryUse,-6050
13,37,DP,source,AdventurerAI.TakeDamage,48692
13,37,Material,source,AdventurerAI.TakeDamage,1622
13,37,DP,source,Nemesis.OnSlain,1224
13,37,Material,source,Nemesis.OnSlain,8
13,37,DP,stock,end,59852
13,37,Material,stock,end,251235
13,37,Fame,stock,end,24029
13,38,DP,source,SurfaceMap.CollectYields,139
13,38,Material,source,SurfaceMap.CollectYields,7
13,38,Fame,source,SurfaceMap.CollectYields,29
13,38,DP,source,DistrictCatalog.Collect,28
13,38,DP,sink,MinionRoster.TryForge,-47520
13,38,Material,sink,MinionRoster.TryForge,-456
13,38,DP,sink,MinionRoster.TrySummon,-12499
13,38,DP,source,AdventurerAI.ReapEmotion,261
13,38,DP,source,AdventurerAI.TakeDamage,47014
13,38,Material,source,AdventurerAI.TakeDamage,1366
13,38,DP,sink,CommandSystem.TryUse,-6050
13,38,DP,source,AdventurerAI.GrantReturnReward,14109
13,38,Fame,source,AdventurerAI.GrantReturnReward,250
13,38,Fame,source,LureEconomy.OnHeroEscaped,625
13,38,DP,stock,end,55334
13,38,Material,stock,end,252152
13,38,Fame,stock,end,24933
13,39,DP,source,SurfaceMap.CollectYields,183
13,39,Material,source,SurfaceMap.CollectYields,9
13,39,Fame,source,SurfaceMap.CollectYields,38
13,39,DP,source,DistrictCatalog.Collect,28
13,39,DP,sink,MinionRoster.TryForge,-53040
13,39,Material,sink,MinionRoster.TryForge,-612
13,39,DP,sink,MinionRoster.TrySummon,-2467
13,39,DP,source,AdventurerAI.ReapEmotion,196
13,39,DP,source,AdventurerAI.GrantReturnReward,14623
13,39,Fame,source,AdventurerAI.GrantReturnReward,340
13,39,Fame,source,LureEconomy.OnHeroEscaped,850
13,39,DP,sink,CommandSystem.TryUse,-5600
13,39,DP,source,AdventurerAI.TakeDamage,27601
13,39,Material,source,AdventurerAI.TakeDamage,13230
13,39,DP,source,Nemesis.OnSlain,6524
13,39,Material,source,Nemesis.OnSlain,30
13,39,DP,stock,end,43382
13,39,Material,stock,end,264809
13,39,Fame,stock,end,26161
13,40,DP,source,SurfaceMap.CollectYields,183
13,40,Material,source,SurfaceMap.CollectYields,9
13,40,Fame,source,SurfaceMap.CollectYields,38
13,40,DP,source,DistrictCatalog.Collect,28
13,40,DP,sink,MinionRoster.TryForge,-42120
13,40,Material,sink,MinionRoster.TryForge,-486
13,40,DP,sink,MinionRoster.TrySummon,-1468
13,40,DP,source,AdventurerAI.ReapEmotion,328
13,40,DP,sink,CommandSystem.TryUse,-5550
13,40,DP,source,AdventurerAI.TakeDamage,55151
13,40,Material,source,AdventurerAI.TakeDamage,1399
13,40,DP,source,AdventurerAI.GrantReturnReward,14202
13,40,Fame,source,AdventurerAI.GrantReturnReward,220
13,40,Fame,source,LureEconomy.OnHeroEscaped,550
13,40,DP,stock,end,64136
13,40,Material,stock,end,265731
13,40,Fame,stock,end,26969
13,41,DP,source,SurfaceMap.CollectYields,183
13,41,Material,source,SurfaceMap.CollectYields,9
13,41,Fame,source,SurfaceMap.CollectYields,38
13,41,DP,source,DistrictCatalog.Collect,28
13,41,DP,sink,MinionRoster.TryForge,-62400
13,41,Material,sink,MinionRoster.TryForge,-720
13,41,DP,sink,MinionRoster.TrySummon,-1910
13,41,DP,source,AdventurerAI.ReapEmotion,176
13,41,DP,source,AdventurerAI.GrantReturnReward,7415
13,41,Fame,source,AdventurerAI.GrantReturnReward,230
13,41,Fame,source,LureEconomy.OnHeroEscaped,575
13,41,DP,source,AdventurerAI.TakeDamage,41413
13,41,Material,source,AdventurerAI.TakeDamage,1354
13,41,DP,sink,CommandSystem.TryUse,-6050
13,41,DP,source,Nemesis.OnSlain,3355
13,41,Material,source,Nemesis.OnSlain,20
13,41,DP,stock,end,46346
13,41,Material,stock,end,266394
13,41,Fame,stock,end,27812
13,42,DP,source,SurfaceMap.CollectYields,226
13,42,Material,source,SurfaceMap.CollectYields,12
13,42,Fame,source,SurfaceMap.CollectYields,38
13,42,DP,source,DistrictCatalog.Collect,28
13,42,DP,source,EraSystem.TickTurn,1920
13,42,DP,sink,MinionRoster.TryForge,-45000
13,42,Material,sink,MinionRoster.TryForge,-558
13,42,DP,sink,MinionRoster.TrySummon,-3492
13,42,DP,source,AdventurerAI.ReapEmotion,206
13,42,DP,source,AdventurerAI.GrantReturnReward,15658
13,42,Fame,source,AdventurerAI.GrantReturnReward,370
13,42,Fame,source,LureEconomy.OnHeroEscaped,925
13,42,DP,sink,CommandSystem.TryUse,-5100
13,42,DP,source,AdventurerAI.TakeDamage,31156
13,42,Material,source,AdventurerAI.TakeDamage,1066
13,42,DP,source,Nemesis.OnSlain,5777
13,42,Material,source,Nemesis.OnSlain,33
13,42,DP,stock,end,47725
13,42,Material,stock,end,266947
13,42,Fame,stock,end,29145
13,43,DP,source,SurfaceMap.CollectYields,226
13,43,Material,source,SurfaceMap.CollectYields,12
13,43,Fame,source,SurfaceMap.CollectYields,38
13,43,DP,source,DistrictCatalog.Collect,28
13,43,DP,sink,MinionRoster.TryForge,-45600
13,43,Material,sink,MinionRoster.TryForge,-608
13,43,DP,sink,MinionRoster.TrySummon,-2340
13,43,DP,source,AdventurerAI.ReapEmotion,188
13,43,DP,source,AdventurerAI.TakeDamage,38970
13,43,Material,source,AdventurerAI.TakeDamage,1066
13,43,DP,sink,CommandSystem.TryUse,-5100
13,43,DP,source,Nemesis.OnSlain,2868
13,43,Material,source,Nemesis.OnSlain,18
13,43,DP,source,AdventurerAI.GrantReturnReward,14665
13,43,Fame,source,AdventurerAI.GrantReturnReward,310
13,43,Fame,source,LureEconomy.OnHeroEscaped,775
13,43,DP,stock,end,51630
13,43,Material,stock,end,267435
13,43,Fame,stock,end,30268
13,44,DP,source,SurfaceMap.CollectYields,229
13,44,Material,source,SurfaceMap.CollectYields,12
13,44,Fame,source,SurfaceMap.CollectYields,38
13,44,DP,source,DistrictCatalog.Collect,28
13,44,DP,sink,MinionRoster.TryForge,-48000
13,44,Material,sink,MinionRoster.TryForge,-640
13,44,DP,sink,MinionRoster.TrySummon,-3876
13,44,DP,source,AdventurerAI.ReapEmotion,222
13,44,DP,source,AdventurerAI.GrantReturnReward,14428
13,44,Fame,source,AdventurerAI.GrantReturnReward,240
13,44,Fame,source,LureEconomy.OnHeroEscaped,600
13,44,DP,sink,CommandSystem.TryUse,-4750
13,44,DP,source,AdventurerAI.TakeDamage,46306
13,44,Material,source,AdventurerAI.TakeDamage,1015
13,44,DP,source,Nemesis.OnSlain,972
13,44,Material,source,Nemesis.OnSlain,6
13,44,DP,stock,end,57189
13,44,Material,stock,end,267828
13,44,Fame,stock,end,31146
13,45,DP,source,SurfaceMap.CollectYields,229
13,45,Material,source,SurfaceMap.CollectYields,12
13,45,Fame,source,SurfaceMap.CollectYields,38
13,45,DP,source,DistrictCatalog.Collect,28
13,45,DP,sink,MinionRoster.TryForge,-55200
13,45,Material,sink,MinionRoster.TryForge,-736
13,45,DP,sink,MinionRoster.TrySummon,-2241
13,45,DP,source,AdventurerAI.ReapEmotion,378
13,45,DP,sink,CommandSystem.TryUse,-6500
13,45,DP,source,AdventurerAI.GrantReturnReward,18882
13,45,Fame,source,AdventurerAI.GrantReturnReward,240
13,45,Fame,source,LureEconomy.OnHeroEscaped,600
13,45,DP,source,AdventurerAI.TakeDamage,55838
13,45,Material,source,AdventurerAI.TakeDamage,1066
13,45,DP,source,Nemesis.OnSlain,1976
13,45,Material,source,Nemesis.OnSlain,12
13,45,DP,stock,end,70579
13,45,Material,stock,end,268182
13,45,Fame,stock,end,32024
13,46,DP,source,SurfaceMap.CollectYields,169
13,46,Material,source,SurfaceMap.CollectYields,9
13,46,Fame,source,SurfaceMap.CollectYields,28
13,46,DP,source,DistrictCatalog.Collect,28
13,46,DP,sink,MinionRoster.TryForge,-67200
13,46,Material,sink,MinionRoster.TryForge,-896
13,46,DP,sink,MinionRoster.TrySummon,-3384
13,46,DP,source,AdventurerAI.ReapEmotion,196
13,46,DP,sink,CommandSystem.TryUse,-5600
13,46,DP,source,AdventurerAI.GrantReturnReward,10402
13,46,Fame,source,AdventurerAI.GrantReturnReward,180
13,46,Fame,source,LureEconomy.OnHeroEscaped,450
13,46,DP,source,AdventurerAI.TakeDamage,41414
13,46,Material,source,AdventurerAI.TakeDamage,423
13,46,DP,source,Nemesis.OnSlain,2692
13,46,Material,source,Nemesis.OnSlain,16
13,46,DP,stock,end,49296
13,46,Material,stock,end,267734
13,46,Fame,stock,end,32682
13,47,DP,source,SurfaceMap.CollectYields,169
13,47,Material,source,SurfaceMap.CollectYields,9
13,47,Fame,source,SurfaceMap.CollectYields,28
13,47,DP,source,DistrictCatalog.Collect,28
13,47,DP,sink,MinionRoster.TryForge,-4800
13,47,Material,sink,MinionRoster.TryForge,-64
13,47,DP,sink,MinionEvolution.TryEvolve,-9050
13,47,DP,sink,MinionRoster.TryEvolveIndividual,-35150
13,47,DP,sink,CommandSystem.TryUse,-6050
13,47,DP,source,AdventurerAI.ReapEmotion,197
13,47,Fame,source,AdventurerAI.GrantReturnReward,310
13,47,Fame,source,LureEconomy.OnHeroEscaped,775
13,47,DP,source,AdventurerAI.TakeDamage,40790
13,47,Material,source,AdventurerAI.TakeDamage,803
13,47,DP,source,Nemesis.OnSlain,2388
13,47,Material,source,Nemesis.OnSlain,14
13,47,DP,source,AdventurerAI.GrantReturnReward,16073
13,47,DP,stock,end,53891
13,47,Material,stock,end,268496
13,47,Fame,stock,end,33795
13,48,DP,source,SurfaceMap.CollectYields,130
13,48,Material,source,SurfaceMap.CollectYields,6
13,48,Fame,source,SurfaceMap.CollectYields,23
13,48,DP,source,DistrictCatalog.Collect,28
13,48,DP,source,EraSystem.TickTurn,9720
13,48,DP,sink,MinionRoster.TryForge,-45600
13,48,Material,sink,MinionRoster.TryForge,-608
13,48,DP,sink,MinionRoster.TryEvolveIndividual,-15400
13,48,DP,sink,MinionRoster.TrySummon,-2738
13,48,DP,source,AdventurerAI.ReapEmotion,194
13,48,DP,source,AdventurerAI.TakeDamage,33689
13,48,Material,source,AdventurerAI.TakeDamage,685
13,48,DP,sink,CommandSystem.TryUse,-3950
13,48,DP,source,Nemesis.OnSlain,3429
13,48,Material,source,Nemesis.OnSlain,20
13,48,DP,source,AdventurerAI.GrantReturnReward,8482
13,48,Fame,source,AdventurerAI.GrantReturnReward,310
13,48,Fame,source,LureEconomy.OnHeroEscaped,775
13,48,DP,stock,end,41875
13,48,Material,stock,end,268599
13,48,Fame,stock,end,34903
13,49,DP,source,SurfaceMap.CollectYields,198
13,49,Material,source,SurfaceMap.CollectYields,9
13,49,Fame,source,SurfaceMap.CollectYields,35
13,49,DP,source,DistrictCatalog.Collect,28
13,49,DP,source,EraSystem.TickTurn,9720
13,49,DP,sink,MinionRoster.TryForge,-4800
13,49,Material,sink,MinionRoster.TryForge,-64
13,49,DP,sink,MinionEvolution.TryEvolve,-14200
13,49,DP,sink,MinionRoster.TryEvolveIndividual,-31750
13,49,DP,sink,MinionRoster.TrySummon,-1038
13,49,DP,source,AdventurerAI.ReapEmotion,222
13,49,DP,source,AdventurerAI.TakeDamage,63814
13,49,Material,source,AdventurerAI.TakeDamage,1026
13,49,DP,sink,CommandSystem.TryUse,-4050
13,49,DP,source,AdventurerAI.GrantReturnReward,7793
13,49,Fame,source,AdventurerAI.GrantReturnReward,270
13,49,Fame,source,LureEconomy.OnHeroEscaped,675
13,49,DP,source,Nemesis.OnSlain,2445
13,49,Material,source,Nemesis.OnSlain,14
13,49,DP,stock,end,70257
13,49,Material,stock,end,269584
13,49,Fame,stock,end,35883
14,1,DP,sink,DungeonFeatureManager.TryPlaceTrap,-150
14,1,DP,sink,MinionRoster.TrySummon,-46
14,1,DP,source,AdventurerAI.ReapEmotion,99
14,1,DP,source,AdventurerAI.TakeDamage,269
14,1,Material,source,AdventurerAI.TakeDamage,16
14,1,DP,sink,CommandSystem.TryUse,-300
14,1,DP,stock,end,72
14,1,Material,stock,end,16
14,1,Fame,stock,end,0
14,2,DP,source,SurfaceMap.CollectYields,18
14,2,Material,source,SurfaceMap.CollectYields,1
14,2,Fame,source,SurfaceMap.CollectYields,4
14,2,DP,source,EraSystem.TickTurn,600
14,2,Fame,source,EraSystem.TickTurn,25
14,2,DP,sink,MinionRoster.TryForge,-236
14,2,DP,sink,MinionEvolution.TryEvolve,-150
14,2,DP,sink,DungeonFeatureManager.TryPlaceTrap,-150
14,2,DP,sink,MinionRoster.TrySummon,-148
14,2,DP,source,AdventurerAI.TakeDamage,306
14,2,Material,source,AdventurerAI.TakeDamage,24
14,2,DP,source,AdventurerAI.ReapEmotion,107
14,2,DP,sink,CommandSystem.TryUse,-300
14,2,DP,stock,end,119
14,2,Material,stock,end,41
14,2,Fame,stock,end,29
14,3,DP,source,SurfaceMap.CollectYields,18
14,3,Material,source,SurfaceMap.CollectYields,1
14,3,Fame,source,SurfaceMap.CollectYields,4
14,3,DP,source,EraSystem.TickTurn,600
14,3,DP,sink,MinionRoster.TryForge,-236
14,3,DP,sink,MinionEvolution.TryEvolve,-175
14,3,DP,sink,DungeonFeatureManager.TryPlaceTrap,-150
14,3,DP,sink,MinionRoster.TrySummon,-169
14,3,DP,source,AdventurerAI.ReapEmotion,159
14,3,DP,source,AdventurerAI.TakeDamage,312
14,3,Material,source,AdventurerAI.TakeDamage,16
14,3,DP,sink,CommandSystem.TryUse,-300
14,3,DP,stock,end,178
14,3,Material,stock,end,58
14,3,Fame,stock,end,33
14,4,DP,source,SurfaceMap.CollectYields,18
14,4,Material,source,SurfaceMap.CollectYields,1
14,4,Fame,source,SurfaceMap.CollectYields,4
14,4,DP,source,EraSystem.TickTurn,600
14,4,Material,source,EraSystem.TickTurn,10
14,4,DP,sink,MinionRoster.TryForge,-236
14,4,DP,sink,MinionEvolution.TryEvolve,-225
14,4,DP,sink,DungeonFeatureManager.TryPlaceTrap,-150
14,4,DP,source,AdventurerAI.TakeDamage,390
14,4,Material,source,AdventurerAI.TakeDamage,12
14,4,DP,sink,CommandSystem.TryUse,-300
14,4,DP,stock,end,275
14,4,Material,stock,end,81
14,4,Fame,stock,end,37
14,5,DP,source,SurfaceMap.CollectYields,18
14,5,Material,source,SurfaceMap.CollectYields,1
14,5,Fame,source,SurfaceMap.CollectYields,4
14,5,DP,source,EraSystem.TickTurn,600
14,5,Material,source,EraSystem.TickTurn,10
14,5,DP,sink,MinionRoster.TryForge,-236
14,5,DP,sink,MinionEvolution.TryEvolve,-325
14,5,DP,sink,DungeonFeatureManager.TryPlaceTrap,-150
14,5,Fame,source,AdventurerAI.GrantReturnReward,70
14,5,Fame,source,LureEconomy.OnHeroEscaped,175
14,5,DP,stock,end,182
14,5,Material,stock,end,92
14,5,Fame,stock,end,286
14,6,DP,source,SurfaceMap.CollectYields,38
14,6,Material,source,SurfaceMap.CollectYields,2
14,6,Fame,source,SurfaceMap.CollectYields,8
14,6,DP,source,EraSystem.TickTurn,600
14,6,Fame,source,EraSystem.TickTurn,25
14,6,DP,sink,MinionRoster.TryForge,-212
14,6,DP,sink,MinionEvolution.TryEvolve,-275
14,6,DP,sink,DungeonFeatureManager.TryPlaceTrap,-150
14,6,DP,sink,MinionRoster.TrySummon,-180
14,6,DP,source,AdventurerAI.ReapEmotion,61
14,6,Fame,source,AdventurerAI.GrantReturnReward,20
14,6,Fame,source,LureEconomy.OnHeroEscaped,50
14,6,DP,source,AdventurerAI.TakeDamage,544
14,6,Material,source,AdventurerAI.TakeDamage,18
14,6,DP,sink,CommandSystem.TryUse,-300
14,6,DP,stock,end,308
14,6,Material,stock,end,112
14,6,Fame,stock,end,389
14,7,DP,source,SurfaceMap.CollectYields,38
14,7,Material,source,SurfaceMap.CollectYields,2
14,7,Fame,source,SurfaceMap.CollectYields,8
14,7,DP,source,EraSystem.TickTurn,1020
14,7,DP,sink,MinionRoster.TryForge,-190
14,7,DP,sink,DungeonFloorManager.TryAddFloor,-800
14,7,DP,sink,MinionRoster.TryEvolveIndividual,-75
14,7,DP,sink,DungeonFeatureManager.TryPlaceTrap,-150
14,7,DP,sink,MinionRoster.TrySummon,-135
14,7,DP,source,AdventurerAI.ReapEmotion,201
14,7,DP,source,AdventurerAI.TakeDamage,689
14,7,Material,source,AdventurerAI.TakeDamage,21
14,7,DP,sink,CommandSystem.TryUse,-1800
14,7,Fame,source,AdventurerAI.GrantReturnReward,10
14,7,Fame,source,LureEconomy.OnHeroEscaped,25
14,7,DP,source,Nemesis.OnSlain,1004
14,7,Material,source,Nemesis.OnSlain,10
14,7,DP,stock,end,110
14,7,Material,stock,end,145
14,7,Fame,stock,end,432
14,8,DP,source,SurfaceMap.CollectYields,38
14,8,Material,source,SurfaceMap.CollectYields,2
14,8,Fame,source,SurfaceMap.CollectYields,8
14,8,DP,source,EraSystem.TickTurn,600
14,8,DP,sink,MinionRoster.TryForge,-190
14,8,DP,sink,MinionEvolution.TryEvolve,-200
14,8,DP,sink,DungeonFeatureManager.TryPlaceTrap,-150
14,8,DP,sink,MinionRoster.TrySummon,-202
14,8,DP,source,AdventurerAI.ReapEmotion,67
14,8,DP,source,AdventurerAI.TakeDamage,839
14,8,Material,source,AdventurerAI.TakeDamage,36
14,8,DP,sink,CommandSystem.TryUse,-1450
14,8,DP,source,Nemesis.OnSlain,1004
14,8,Material,source,Nemesis.OnSlain,10
14,8,DP,stock,end,466
14,8,Material,stock,end,193
14,8,Fame,stock,end,440
14,9,DP,source,SurfaceMap.CollectYields,44
14,9,Material,source,SurfaceMap.CollectYields,2
14,9,Fame,source,SurfaceMap.CollectYields,10
14,9,DP,source,EraSystem.TickTurn,600
14,9,Fame,source,EraSystem.TickTurn,25
14,9,DP,sink,MinionRoster.TryForge,-190
14,9,DP,sink,DungeonFloorManager.TryExpandFloor,-400
14,9,DP,sink,MinionRoster.TryEvolveIndividual,-175
14,9,DP,sink,DungeonFeatureManager.TryPlaceTrap,-150
14,9,DP,sink,MinionRoster.TrySummon,-185
14,9,DP,source,AdventurerAI.ReapEmotion,139
14,9,DP,source,AdventurerAI.TakeDamage,581
14,9,Material,source,AdventurerAI.TakeDamage,22
14,9,Fame,source,AdventurerAI.GrantReturnReward,30
14,9,Fame,source,LureEconomy.OnHeroEscaped,75
14,9,DP,sink,CommandSystem.TryUse,-1800
14,9,DP,source,AdventurerAI.GrantReturnReward,510
14,9,DP,source,Nemesis.OnSlain,1036
14,9,Material,source,Nemesis.OnSlain,10
14,9,DP,stock,end,476
14,9,Material,stock,end,227
14,9,Fame,stock,end,580
14,10,DP,source,SurfaceMap.CollectYields,77
14,10,Material,source,SurfaceMap.CollectYields,3
14,10,Fame,source,SurfaceMap.CollectYields,15
14,10,DP,sink,MinionRoster.TryForge,-190
14,10,DP,sink,DungeonFeatureManager.TryPlaceTrap,-150
14,10,DP,sink,MinionRoster.TrySummon,-204
14,10,DP,source,AdventurerAI.ReapEmotion,146
14,10,DP,source,AdventurerAI.TakeDamage,591
14,10,Material,source,AdventurerAI.TakeDamage,26
14,10,DP,sink,CommandSystem.TryUse,-1150
14,10,DP,source,Nemesis.OnSlain,535
14,10,Material,source,Nemesis.OnSlain,5
14,10,DP,stock,end,131
14,10,Material,stock,end,261
14,10,Fame,stock,end,595
14,11,DP,source,SurfaceMap.CollectYields,51
14,11,Material,source,SurfaceMap.CollectYields,2
14,11,Fame,source,SurfaceMap.CollectYields,10
14,11,DP,source,EraSystem.TickTurn,720
14,11,DP,source,WaveRoster.ResolveTrial,900
14,11,DP,sink,MinionRoster.TryForge,-190
14,11,DP,sink,DungeonFloorManager.TryExpandFloor,-1200
14,11,DP,sink,DungeonFeatureManager.TryPlaceTrap,-150
14,11,DP,sink,MinionRoster.TrySummon,-243
14,11,DP,source,AdventurerAI.ReapEmotion,116
14,11,DP,source,AdventurerAI.TakeDamage,856
14,11,Material,source,AdventurerAI.TakeDamage,37
14,11,DP,sink,CommandSystem.TryUse,-950
14,11,Fame,source,AdventurerAI.GrantReturnReward,10
14,11,Fame,source,LureEconomy.OnHeroEscaped,25
14,11,DP,source,Nemesis.OnSlain,1102
14,11,Material,source,Nemesis.OnSlain,10
14,11,DP,stock,end,1143
14,11,Material,stock,end,310
14,11,Fame,stock,end,640
14,12,DP,source,SurfaceMap.CollectYields,51
14,12,Material,source,SurfaceMap.CollectYields,2
14,12,Fame,source,SurfaceMap.CollectYields,10
14,12,DP,source,DistrictCatalog.Collect,112
14,12,DP,sink,MinionRoster.TryForge,-190
14,12,DP,sink,DungeonFloorManager.TryExpandFloor,-800
14,12,DP,sink,DungeonFeatureManager.TryPlaceTrap,-150
14,12,DP,sink,MinionRoster.TrySummon,-158
14,12,DP,source,AdventurerAI.ReapEmotion,118
14,12,DP,source,AdventurerAI.TakeDamage,874
14,12,Material,source,AdventurerAI.TakeDamage,32
14,12,DP,sink,CommandSystem.TryUse,-1450
14,12,DP,source,Nemesis.OnSlain,567
14,12,Material,source,Nemesis.OnSlain,5
14,12,DP,source,AdventurerAI.GrantReturnReward,76
14,12,Fame,source,AdventurerAI.GrantReturnReward,10
14,12,Fame,source,LureEconomy.OnHeroEscaped,25
14,12,DP,stock,end,193
14,12,Material,stock,end,349
14,12,Fame,stock,end,685
14,13,DP,source,SurfaceMap.CollectYields,58
14,13,Material,source,SurfaceMap.CollectYields,3
14,13,Fame,source,SurfaceMap.CollectYields,12
14,13,DP,source,DistrictCatalog.Collect,112
14,13,DP,sink,DungeonFeatureManager.TryPlaceTrap,-150
14,13,DP,sink,MinionRoster.TrySummon,-204
14,13,DP,source,AdventurerAI.ReapEmotion,136
14,13,DP,source,AdventurerAI.TakeDamage,1348
14,13,Material,source,AdventurerAI.TakeDamage,61
14,13,DP,sink,CommandSystem.TryUse,-1450
14,13,Fame,source,AdventurerAI.GrantReturnReward,20
14,13,Fame,source,LureEconomy.OnHeroEscaped,50
14,13,DP,source,Nemesis.OnSlain,1134
14,13,Material,source,Nemesis.OnSlain,10
14,13,DP,stock,end,1177
14,13,Material,stock,end,423
14,13,Fame,stock,end,767
14,14,DP,source,SurfaceMap.CollectYields,58
14,14,Material,source,SurfaceMap.CollectYields,3
14,14,Fame,source,SurfaceMap.CollectYields,12
14,14,DP,source,DistrictCatalog.Collect,112
14,14,DP,sink,MinionRoster.TryForge,-190
14,14,DP,sink,MinionEvolution.TryEvolve,-750
14,14,DP,sink,DungeonFeatureManager.TryPlaceTrap,-150
14,14,DP,sink,MinionRoster.TrySummon,-255
14,14,DP,source,AdventurerAI.ReapEmotion,127
14,14,DP,source,AdventurerAI.TakeDamage,1051
14,14,Material,source,AdventurerAI.TakeDamage,46
14,14,DP,sink,CommandSystem.TryUse,-1300
14,14,Fame,source,AdventurerAI.GrantReturnReward,20
14,14,Fame,source,LureEconomy.OnHeroEscaped,50
14,14,DP,source,AdventurerAI.GrantReturnReward,127
14,14,DP,source,Nemesis.OnSlain,836
14,14,Material,source,Nemesis.OnSlain,7
14,14,DP,stock,end,843
14,14,Material,stock,end,479
14,14,Fame,stock,end,849
14,15,DP,source,SurfaceMap.CollectYields,58
14,15,Material,source,SurfaceMap.CollectYields,3
14,15,Fame,source,SurfaceMap.CollectYields,12
14,15,DP,source,DistrictCatalog.Collect,126
14,15,DP,sink,MinionRoster.TryForge,-190
14,15,DP,sink,MinionRoster.TryEvolveIndividual,-500
14,15,DP,sink,DungeonFeatureManager.TryPlaceTrap,-150
14,15,DP,sink,MinionRoster.TrySummon,-172
14,15,DP,source,AdventurerAI.TakeDamage,2029
14,15,Material,source,AdventurerAI.TakeDamage,147
14,15,DP,sink,CommandSystem.TryUse,-2400
14,15,DP,source,AdventurerAI.ReapEmotion,113
14,15,DP,source,Nemesis.OnSlain,1198
14,15,Material,source,Nemesis.OnSlain,10
14,15,DP,source,AdventurerAI.GrantReturnReward,1424
14,15,Fame,source,AdventurerAI.GrantReturnReward,40
14,15,Fame,source,LureEconomy.OnHeroEscaped,100
14,15,DP,stock,end,2379
14,15,Material,stock,end,639
14,15,Fame,stock,end,1001
14,16,DP,source,SurfaceMap.CollectYields,78
14,16,Material,source,SurfaceMap.CollectYields,4
14,16,Fame,source,SurfaceMap.CollectYields,16
14,16,DP,source,DistrictCatalog.Collect,126
14,16,DP,source,EraSystem.TickTurn,600
14,16,DP,source,WaveRoster.ResolveTrial,3000
14,16,DP,sink,MinionRoster.TryForge,-190
14,16,DP,sink,DungeonFloorManager.TryAddFloor,-2000
14,16,DP,sink,DungeonFloorManager.TryExpandFloor,-2700
14,16,DP,sink,MinionEvolution.TryEvolve,-550
14,16,DP,sink,MinionRoster.TryEvolveIndividual,-325
14,16,DP,sink,DungeonFeatureManager.TryPlaceTrap,-150
14,16,DP,sink,MinionRoster.TrySummon,-266
14,16,DP,source,AdventurerAI.ReapEmotion,133
14,16,DP,source,AdventurerAI.GrantReturnReward,2452
14,16,Fame,source,AdventurerAI.GrantReturnReward,130
14,16,Fame,source,LureEconomy.OnHeroEscaped,325
14,16,DP,sink,CommandSystem.TryUse,-2300
14,16,DP,source,AdventurerAI.TakeDamage,1141
14,16,Material,source,AdventurerAI.TakeDamage,42
14,16,DP,source,Nemesis.OnSlain,1232
14,16,Material,source,Nemesis.OnSlain,10
14,16,DP,stock,end,2660
14,16,Material,stock,end,695
14,16,Fame,stock,end,1472
14,17,DP,source,SurfaceMap.CollectYields,78
14,17,Material,source,SurfaceMap.CollectYields,4
14,17,Fame,source,SurfaceMap.CollectYields,16
14,17,DP,source,DistrictCatalog.Collect,126
14,17,DP,source,EraSystem.TickTurn,720
14,17,DP,sink,MinionRoster.TryForge,-190
14,17,DP,sink,DungeonFloorManager.TryExpandFloor,-3000
14,17,DP,sink,DungeonFeatureManager.TryPlaceTrap,-150
14,17,DP,sink,MinionRoster.TrySummon,-235
14,17,DP,source,AdventurerAI.ReapEmotion,134
14,17,DP,source,AdventurerAI.TakeDamage,1467
14,17,Material,source,AdventurerAI.TakeDamage,47
14,17,DP,source,AdventurerAI.GrantReturnReward,918
14,17,Fame,source,AdventurerAI.GrantReturnReward,60
14,17,Fame,source,LureEconomy.OnHeroEscaped,150
14,17,DP,sink,CommandSystem.TryUse,-1800
14,17,DP,stock,end,728
14,17,Material,stock,end,746
14,17,Fame,stock,end,1698
14,18,DP,source,SurfaceMap.CollectYields,78
14,18,Material,source,SurfaceMap.CollectYields,4
14,18,Fame,source,SurfaceMap.CollectYields,16
14,18,DP,source,DistrictCatalog.Collect,126
14,18,DP,source,EraSystem.TickTurn,300
14,18,DP,sink,MinionRoster.TryForge,-285
14,18,DP,sink,MinionRoster.TryEvolveIndividual,-550
14,18,DP,sink,DungeonFeatureManager.TryPlaceTrap,-150
14,18,DP,sink,MinionRoster.TrySummon,-242
14,18,DP,source,AdventurerAI.ReapEmotion,140
14,18,DP,source,AdventurerAI.TakeDamage,3025
14,18,Material,source,AdventurerAI.TakeDamage,74
14,18,DP,sink,CommandSystem.TryUse,-1800
14,18,DP,source,Nemesis.OnSlain,1328
14,18,Material,source,Nemesis.OnSlain,10
14,18,DP,stock,end,2698
14,18,Material,stock,end,834
14,18,Fame,stock,end,1714
14,19,DP,source,SurfaceMap.CollectYields,78
14,19,Material,source,SurfaceMap.CollectYields,4
14,19,Fame,source,SurfaceMap.CollectYields,16
14,19,DP,source,DistrictCatalog.Collect,154
14,19,DP,sink,MinionRoster.TryForge,-285
14,19,DP,sink,MinionRoster.TryEvolveIndividual,-2300
14,19,DP,sink,DungeonFeatureManager.TryPlaceTrap,-150
14,19,DP,sink,MinionRoster.TrySummon,-187
14,19,DP,source,AdventurerAI.ReapEmotion,146
14,19,DP,source,AdventurerAI.TakeDamage,4458
14,19,Material,source,AdventurerAI.TakeDamage,116
14,19,DP,sink,CommandSystem.TryUse,-5400
14,19,Fame,source,AdventurerAI.GrantReturnReward,130
14,19,Fame,source,LureEconomy.OnHeroEscaped,325
14,19,DP,source,AdventurerAI.GrantReturnReward,3046
14,19,DP,source,Nemesis.OnSlain,1566
14,19,Material,source,Nemesis.OnSlain,12
14,19,DP,stock,end,3824
14,19,Material,stock,end,966
14,19,Fame,stock,end,2185
14,20,DP,source,SurfaceMap.CollectYields,158
14,20,Material,source,SurfaceMap.CollectYields,6
14,20,Fame,source,SurfaceMap.CollectYields,31
14,20,DP,source,DistrictCatalog.Collect,154
14,20,DP,sink,MinionRoster.TryForge,-774
14,20,DP,sink,DungeonFloorManager.TryExpandFloor,-2500
14,20,DP,sink,MinionRoster.TryEvolveIndividual,-325
14,20,DP,sink,DungeonFeatureManager.TryPlaceTrap,-300
14,20,DP,sink,MinionRoster.TrySummon,-235
14,20,DP,source,AdventurerAI.ReapEmotion,197
14,20,DP,source,AdventurerAI.TakeDamage,3473
14,20,Material,source,AdventurerAI.TakeDamage,66
14,20,DP,sink,CommandSystem.TryUse,-2450
14,20,DP,source,AdventurerAI.GrantReturnReward,917
14,20,Fame,source,AdventurerAI.GrantReturnReward,70
14,20,Fame,source,LureEconomy.OnHeroEscaped,175
14,20,DP,source,Nemesis.OnSlain,1328
14,20,Material,source,Nemesis.OnSlain,10
14,20,DP,stock,end,3467
14,20,Material,stock,end,1048
14,20,Fame,stock,end,2461
14,21,DP,source,SurfaceMap.CollectYields,158
14,21,Material,source,SurfaceMap.CollectYields,6
14,21,Fame,source,SurfaceMap.CollectYields,31
14,21,DP,source,DistrictCatalog.Collect,154
14,21,DP,sink,MinionRoster.TryForge,-802
14,21,DP,sink,DungeonFloorManager.TryExpandFloor,-2500
14,21,DP,sink,DungeonFeatureManager.TryPlaceTrap,-300
14,21,DP,sink,MinionRoster.TrySummon,-150
14,21,DP,source,AdventurerAI.TakeDamage,4893
14,21,Material,source,AdventurerAI.TakeDamage,100
14,21,DP,sink,CommandSystem.TryUse,-1450
14,21,DP,source,Nemesis.OnSlain,2298
14,21,Material,source,Nemesis.OnSlain,17
14,21,DP,stock,end,5768
14,21,Material,stock,end,1171
14,21,Fame,stock,end,2492
14,22,DP,source,SurfaceMap.CollectYields,158
14,22,Material,source,SurfaceMap.CollectYields,6
14,22,Fame,source,SurfaceMap.CollectYields,31
14,22,DP,source,DistrictCatalog.Collect,168
14,22,DP,sink,MinionRoster.TryForge,-190
14,22,DP,sink,DungeonFloorManager.TryAddFloor,-5000
14,22,DP,sink,DungeonFloorManager.TryExpandFloor,-400
14,22,DP,sink,MinionRoster.TryEvolveIndividual,-200
14,22,DP,sink,DungeonFeatureManager.TryPlaceTrap,-150
14,22,DP,sink,MinionRoster.TrySummon,-126
14,22,DP,source,AdventurerAI.TakeDamage,4317
14,22,Material,source,AdventurerAI.TakeDamage,71
14,22,DP,sink,CommandSystem.TryUse,-1800
14,22,DP,source,AdventurerAI.ReapEmotion,146
14,22,Fame,source,AdventurerAI.GrantReturnReward,30
14,22,Fame,source,LureEconomy.OnHeroEscaped,75
14,22,DP,source,AdventurerAI.GrantReturnReward,306
14,22,DP,source,Nemesis.OnSlain,1394
14,22,Material,source,Nemesis.OnSlain,10
14,22,DP,stock,end,4391
14,22,Material,stock,end,1258
14,22,Fame,stock,end,2628
14,23,DP,source,SurfaceMap.CollectYields,184
14,23,Material,source,SurfaceMap.CollectYields,7
14,23,Fame,source,SurfaceMap.CollectYields,36
14,23,DP,source,DistrictCatalog.Collect,140
14,23,DP,sink,MinionRoster.TryForge,-3228
14,23,DP,sink,DungeonFloorManager.TryExpandFloor,-800
14,23,DP,sink,MinionRoster.TryEvolveIndividual,-225
14,23,DP,sink,DungeonFeatureManager.TryPlaceTrap,-300
14,23,DP,sink,MinionRoster.TrySummon,-158
14,23,DP,source,AdventurerAI.TakeDamage,5107
14,23,Material,source,AdventurerAI.TakeDamage,96
14,23,DP,sink,CommandSystem.TryUse,-2100
14,23,DP,source,AdventurerAI.ReapEmotion,172
14,23,DP,source,Nemesis.OnSlain,1669
14,23,Material,source,Nemesis.OnSlain,10
14,23,DP,source,AdventurerAI.GrantReturnReward,523
14,23,Fame,source,AdventurerAI.GrantReturnReward,10
14,23,Fame,source,LureEconomy.OnHeroEscaped,25
14,23,DP,stock,end,5375
14,23,Material,stock,end,1371
14,23,Fame,stock,end,2699
14,24,DP,source,SurfaceMap.CollectYields,139
14,24,Material,source,SurfaceMap.CollectYields,7
14,24,Fame,source,SurfaceMap.CollectYields,29
14,24,DP,source,DistrictCatalog.Collect,140
14,24,DP,sink,MinionRoster.TryForge,-168
14,24,DP,sink,MinionEvolution.TryEvolve,-4900
14,24,DP,sink,MinionRoster.TryEvolveIndividual,-250
14,24,DP,sink,DungeonFeatureManager.TryPlaceTrap,-150
14,24,DP,sink,MinionRoster.TrySummon,-162
14,24,DP,source,AdventurerAI.TakeDamage,8487
14,24,Material,source,AdventurerAI.TakeDamage,189
14,24,DP,sink,CommandSystem.TryUse,-2100
14,24,DP,source,AdventurerAI.ReapEmotion,180
14,24,DP,source,AdventurerAI.GrantReturnReward,2213
14,24,Fame,source,AdventurerAI.GrantReturnReward,90
14,24,Fame,source,LureEconomy.OnHeroEscaped,225
14,24,DP,source,Nemesis.OnSlain,1458
14,24,Material,source,Nemesis.OnSlain,10
14,24,DP,stock,end,10262
14,24,Material,stock,end,1577
14,24,Fame,stock,end,3043
14,25,DP,source,SurfaceMap.CollectYields,139
14,25,Material,source,SurfaceMap.CollectYields,7
14,25,Fame,source,SurfaceMap.CollectYields,29
14,25,DP,source,DistrictCatalog.Collect,28
14,25,DP,source,EraSystem.TickTurn,3840
14,25,DP,sink,MinionRoster.TryForge,-168
14,25,DP,sink,DungeonFloorManager.TryAddFloor,-12500
14,25,DP,sink,DungeonFloorManager.TryExpandFloor,-1200
14,25,DP,sink,DungeonFeatureManager.TryPlaceTrap,-150
14,25,DP,sink,MinionRoster.TrySummon,-234
14,25,DP,source,AdventurerAI.ReapEmotion,242
14,25,DP,source,AdventurerAI.TakeDamage,5257
14,25,Material,source,AdventurerAI.TakeDamage,124
14,25,DP,sink,CommandSystem.TryUse,-3100
14,25,DP,source,AdventurerAI.GrantReturnReward,3691
14,25,Fame,source,AdventurerAI.GrantReturnReward,210
14,25,Fame,source,LureEconomy.OnHeroEscaped,525
14,25,DP,stock,end,6107
14,25,Material,stock,end,1708
14,25,Fame,stock,end,3807
14,26,DP,source,SurfaceMap.CollectYields,139
14,26,Material,source,SurfaceMap.CollectYields,7
14,26,Fame,source,SurfaceMap.CollectYields,29
14,26,DP,source,DistrictCatalog.Collect,28
14,26,DP,source,EraSystem.TickTurn,6528
14,26,DP,sink,MinionRoster.TryForge,-168
14,26,DP,sink,DungeonFloorManager.TryExpandFloor,-5500
14,26,DP,sink,MinionRoster.TryEvolveIndividual,-6775
14,26,DP,sink,DungeonFeatureManager.TryPlaceTrap,-150
14,26,DP,sink,MinionRoster.TrySummon,-203
14,26,DP,source,AdventurerAI.TakeDamage,9595
14,26,Material,source,AdventurerAI.TakeDamage,237
14,26,DP,sink,CommandSystem.TryUse,-5750
14,26,DP,source,AdventurerAI.ReapEmotion,244
14,26,DP,source,AdventurerAI.GrantReturnReward,4019
14,26,Fame,source,AdventurerAI.GrantReturnReward,110
14,26,Fame,source,LureEconomy.OnHeroEscaped,275
14,26,DP,source,Nemesis.OnSlain,745
14,26,Material,source,Nemesis.OnSlain,5
14,26,DP,stock,end,8859
14,26,Material,stock,end,1957
14,26,Fame,stock,end,4221
14,27,DP,source,SurfaceMap.CollectYields,163
14,27,Material,source,SurfaceMap.CollectYields,8
14,27,Fame,source,SurfaceMap.CollectYields,35
14,27,DP,source,DistrictCatalog.Collect,28
14,27,DP,source,EraSystem.TickTurn,6528
14,27,DP,sink,MinionRoster.TryForge,-4656
14,27,DP,sink,DungeonFloorManager.TryExpandFloor,-5000
14,27,DP,sink,MinionRoster.TryEvolveIndividual,-5325
14,27,DP,sink,DungeonFeatureManager.TryPlaceTrap,-300
14,27,DP,sink,MinionRoster.TrySummon,-297
14,27,DP,source,AdventurerAI.TakeDamage,9888
14,27,Material,source,AdventurerAI.TakeDamage,109
14,27,DP,sink,CommandSystem.TryUse,-5750
14,27,DP,source,AdventurerAI.ReapEmotion,185
14,27,Fame,source,AdventurerAI.GrantReturnReward,230
14,27,Fame,source,LureEconomy.OnHeroEscaped,575
14,27,DP,source,AdventurerAI.GrantReturnReward,6945
14,27,DP,source,Nemesis.OnSlain,761
14,27,Material,source,Nemesis.OnSlain,5
14,27,DP,stock,end,12029
14,27,Material,stock,end,2079
14,27,Fame,stock,end,5061
14,28,DP,source,SurfaceMap.CollectYields,163
14,28,Material,source,SurfaceMap.CollectYields,8
14,28,Fame,source,SurfaceMap.CollectYields,35
14,28,DP,source,DistrictCatalog.Collect,28
14,28,DP,source,EraSystem.TickTurn,3840
14,28,DP,sink,MinionRoster.TryForge,-11268
14,28,DP,sink,MinionRoster.TryEvolveIndividual,-1475
14,28,DP,sink,DungeonFeatureManager.TryPlaceTrap,-3150
14,28,DP,sink,MinionRoster.TrySummon,-138
14,28,DP,source,AdventurerAI.TakeDamage,20123
14,28,Material,source,AdventurerAI.TakeDamage,190
14,28,DP,sink,CommandSystem.TryUse,-6250
14,28,DP,source,AdventurerAI.ReapEmotion,285
14,28,DP,source,Nemesis.OnSlain,2917
14,28,Material,source,Nemesis.OnSlain,17
14,28,DP,source,AdventurerAI.GrantReturnReward,4119
14,28,Fame,source,AdventurerAI.GrantReturnReward,140
14,28,Fame,source,LureEconomy.OnHeroEscaped,350
14,28,DP,stock,end,21223
14,28,Material,stock,end,2294
14,28,Fame,stock,end,5586
14,29,DP,source,SurfaceMap.CollectYields,163
14,29,Material,source,SurfaceMap.CollectYields,8
14,29,Fame,source,SurfaceMap.CollectYields,35
14,29,DP,source,DistrictCatalog.Collect,28
14,29,DP,source,EraSystem.TickTurn,6528
14,29,DP,sink,MinionRoster.TryForge,-13530
14,29,DP,sink,MinionRoster.TryEvolveIndividual,-225
14,29,Material,sink,MinionRoster.TryForge,-2
14,29,DP,sink,DungeonFeatureManager.TryPlaceTrap,-3900
14,29,DP,sink,MinionRoster.TrySummon,-10256
14,29,DP,source,AdventurerAI.TakeDamage,22212
14,29,Material,source,AdventurerAI.TakeDamage,249
14,29,DP,sink,CommandSystem.TryUse,-2450
14,29,DP,source,AdventurerAI.ReapEmotion,291
14,29,Fame,source,AdventurerAI.GrantReturnReward,80
14,29,Fame,source,LureEconomy.OnHeroEscaped,200
14,29,DP,source,AdventurerAI.GrantReturnReward,873
14,29,DP,source,Nemesis.OnSlain,3360
14,29,Material,source,Nemesis.OnSlain,24
14,29,DP,stock,end,24317
14,29,Material,stock,end,2573
14,29,Fame,stock,end,5901
14,30,DP,source,SurfaceMap.CollectYields,163
14,30,Material,source,SurfaceMap.CollectYields,9
14,30,Fame,source,SurfaceMap.CollectYields,35
14,30,DP,source,DistrictCatalog.Collect,28
14,30,DP,source,EraSystem.TickTurn,3840
14,30,Material,source,EraSystem.TickTurn,37
14,30,DP,sink,MinionRoster.TryForge,-6768
14,30,DP,sink,MinionRoster.TryEvolveIndividual,-375
14,30,DP,sink,DungeonFeatureManager.TryPlaceTrap,-3750
14,30,DP,sink,MinionRoster.TrySummon,-17453
14,30,DP,source,AdventurerAI.ReapEmotion,268
14,30,DP,source,AdventurerAI.TakeDamage,21363
14,30,Material,source,AdventurerAI.TakeDamage,281
14,30,DP,sink,CommandSystem.TryUse,-3400
14,30,DP,source,AdventurerAI.GrantReturnReward,12130
14,30,Fame,source,AdventurerAI.GrantReturnReward,330
14,30,Fame,source,LureEconomy.OnHeroEscaped,825
14,30,DP,stock,end,30363
14,30,Material,stock,end,2900
14,30,Fame,stock,end,7091
14,31,DP,source,SurfaceMap.CollectYields,145
14,31,Material,source,SurfaceMap.CollectYields,8
14,31,Fame,source,SurfaceMap.CollectYields,31
14,31,DP,source,DistrictCatalog.Collect,28
14,31,DP,source,EraSystem.TickTurn,3840
14,31,Material,source,EraSystem.TickTurn,37
14,31,Fame,source,EraSystem.TickTurn,80
14,31,DP,sink,MinionRoster.TryForge,-1512
14,31,DP,sink,DungeonFloorManager.TryAddFloor,-31250
14,31,DP,sink,DungeonFloorManager.TryExpandFloor,-1200
14,31,DP,sink,DungeonFeatureManager.TryPlaceTrap,-150
14,31,DP,sink,MinionRoster.TrySummon,-242
14,31,DP,source,AdventurerAI.TakeDamage,28381
14,31,Material,source,AdventurerAI.TakeDamage,575
14,31,DP,sink,CommandSystem.TryUse,-4750
14,31,DP,source,AdventurerAI.ReapEmotion,194
14,31,DP,source,AdventurerAI.GrantReturnReward,5616
14,31,Fame,source,AdventurerAI.GrantReturnReward,190
14,31,Fame,source,LureEconomy.OnHeroEscaped,475
14,31,DP,source,Nemesis.OnSlain,1620
14,31,Material,source,Nemesis.OnSlain,12
14,31,DP,stock,end,31083
14,31,Material,stock,end,3532
14,31,Fame,stock,end,7867
14,32,DP,source,SurfaceMap.CollectYields,122
14,32,Material,source,SurfaceMap.CollectYields,7
14,32,Fame,source,SurfaceMap.CollectYields,26
14,32,DP,source,DistrictCatalog.Collect,28
14,32,DP,source,EraSystem.TickTurn,6528
14,32,Fame,source,EraSystem.TickTurn,192
14,32,DP,sink,MinionRoster.TryForge,-8040
14,32,DP,sink,DungeonFloorManager.TryExpandFloor,-4000
14,32,DP,sink,MinionRoster.TryEvolveIndividual,-375
14,32,DP,sink,DungeonFeatureManager.TryPlaceTrap,-3300
14,32,DP,sink,MinionRoster.TrySummon,-22029
14,32,DP,source,AdventurerAI.TakeDamage,23616
14,32,Material,source,AdventurerAI.TakeDamage,163
14,32,DP,sink,CommandSystem.TryUse,-5750
14,32,DP,source,AdventurerAI.ReapEmotion,272
14,32,Fame,source,AdventurerAI.GrantReturnReward,320
14,32,Fame,source,LureEconomy.OnHeroEscaped,800
14,32,DP,source,AdventurerAI.GrantReturnReward,5807
14,32,DP,source,Nemesis.OnSlain,1122
14,32,Material,source,Nemesis.OnSlain,8
14,32,DP,stock,end,25084
14,32,Material,stock,end,3710
14,32,Fame,stock,end,9205
14,33,DP,source,SurfaceMap.CollectYields,122
14,33,Material,source,SurfaceMap.CollectYields,7
14,33,Fame,source,SurfaceMap.CollectYields,26
14,33,DP,source,DistrictCatalog.Collect,28
14,33,DP,sink,MinionRoster.TryForge,-5448
14,33,DP,sink,MinionRoster.TryEvolveIndividual,-350
14,33,DP,sink,DungeonFeatureManager.TryPlaceTrap,-2850
14,33,DP,sink,MinionRoster.TrySummon,-16572
14,33,DP,source,AdventurerAI.TakeDamage,37305
14,33,Material,source,AdventurerAI.TakeDamage,522
14,33,DP,sink,CommandSystem.TryUse,-6250
14,33,DP,source,AdventurerAI.ReapEmotion,263
14,33,DP,source,AdventurerAI.GrantReturnReward,10239
14,33,Fame,source,AdventurerAI.GrantReturnReward,300
14,33,Fame,source,LureEconomy.OnHeroEscaped,750
14,33,DP,source,Nemesis.OnSlain,826
14,33,Material,source,Nemesis.OnSlain,6
14,33,DP,stock,end,42397
14,33,Material,stock,end,4245
14,33,Fame,stock,end,10281
14,34,DP,source,SurfaceMap.CollectYields,122
14,34,Material,source,SurfaceMap.CollectYields,7
14,34,Fame,source,SurfaceMap.CollectYields,26
14,34,DP,source,DistrictCatalog.Collect,28
14,34,DP,sink,MinionRoster.TryForge,-13800
14,34,DP,sink,DungeonFeatureManager.TryPlaceTrap,-3450
14,34,DP,sink,MinionRoster.TrySummon,-25291
14,34,DP,source,AdventurerAI.TakeDamage,36558
14,34,Material,source,AdventurerAI.TakeDamage,500
14,34,DP,sink,CommandSystem.TryUse,-5450
14,34,DP,source,AdventurerAI.ReapEmotion,188
14,34,Fame,source,AdventurerAI.GrantReturnReward,140
14,34,Fame,source,LureEconomy.OnHeroEscaped,350
14,34,DP,source,AdventurerAI.GrantReturnReward,4413
14,34,DP,source,Nemesis.OnSlain,1150
14,34,Material,source,Nemesis.OnSlain,6
14,34,DP,stock,end,36865
14,34,Material,stock,end,4758
14,34,Fame,stock,end,10797
14,35,DP,source,SurfaceMap.CollectYields,142
14,35,Material,source,SurfaceMap.CollectYields,8
14,35,Fame,source,SurfaceMap.CollectYields,30
14,35,DP,source,DistrictCatalog.Collect,28
14,35,DP,sink,MinionRoster.TryForge,-21132
14,35,Material,sink,MinionRoster.TryForge,-60
14,35,DP,sink,MinionRoster.TrySummon,-15889
14,35,DP,source,AdventurerAI.TakeDamage,66498
14,35,Material,source,AdventurerAI.TakeDamage,524
14,35,DP,source,AdventurerAI.ReapEmotion,254
14,35,DP,sink,CommandSystem.TryUse,-5550
14,35,DP,source,AdventurerAI.GrantReturnReward,10792
14,35,Fame,source,AdventurerAI.GrantReturnReward,190
14,35,Fame,source,LureEconomy.OnHeroEscaped,475
14,35,DP,source,Nemesis.OnSlain,1118
14,35,Material,source,Nemesis.OnSlain,6
14,35,DP,stock,end,73126
14,35,Material,stock,end,5236
14,35,Fame,stock,end,11492
14,36,DP,source,SurfaceMap.CollectYields,139
14,36,Material,source,SurfaceMap.CollectYields,8
14,36,Fame,source,SurfaceMap.CollectYields,29
14,36,DP,source,DistrictCatalog.Collect,28
14,36,DP,sink,MinionRoster.TryForge,-23940
14,36,Material,sink,MinionRoster.TryForge,-84
14,36,DP,sink,MinionRoster.TrySummon,-49340
14,36,DP,source,AdventurerAI.TakeDamage,31281
14,36,Material,source,AdventurerAI.TakeDamage,479
14,36,DP,sink,CommandSystem.TryUse,-5750
14,36,DP,source,AdventurerAI.ReapEmotion,202
14,36,DP,source,AdventurerAI.GrantReturnReward,6929
14,36,Fame,source,AdventurerAI.GrantReturnReward,280
14,36,Fame,source,LureEconomy.OnHeroEscaped,700
14,36,DP,stock,end,32675
14,36,Material,stock,end,5639
14,36,Fame,stock,end,12501
14,37,DP,source,SurfaceMap.CollectYields,149
14,37,Material,source,SurfaceMap.CollectYields,9
14,37,Fame,source,SurfaceMap.CollectYields,25
14,37,DP,source,DistrictCatalog.Collect,28
14,37,DP,sink,MinionRoster.TryForge,-23940
14,37,Material,sink,MinionRoster.TryForge,-84
14,37,DP,sink,MinionRoster.TrySummon,-8882
14,37,DP,source,AdventurerAI.TakeDamage,33587
14,37,Material,source,AdventurerAI.TakeDamage,581
14,37,DP,sink,CommandSystem.TryUse,-5750
14,37,DP,source,AdventurerAI.ReapEmotion,210
14,37,DP,source,AdventurerAI.GrantReturnReward,7216
14,37,Fame,source,AdventurerAI.GrantReturnReward,290
14,37,Fame,source,LureEconomy.OnHeroEscaped,725
14,37,DP,source,Nemesis.OnSlain,891
14,37,Material,source,Nemesis.OnSlain,6
14,37,DP,stock,end,36184
14,37,Material,stock,end,6151
14,37,Fame,stock,end,13541
14,38,DP,source,SurfaceMap.CollectYields,149
14,38,Material,source,SurfaceMap.CollectYields,9
14,38,Fame,source,SurfaceMap.CollectYields,25
14,38,DP,source,DistrictCatalog.Collect,28
14,38,DP,sink,MinionRoster.TryForge,-35250
14,38,Material,sink,MinionRoster.TryForge,-258
14,38,DP,sink,MinionRoster.TrySummon,-1093
14,38,DP,source,AdventurerAI.TakeDamage,43741
14,38,Material,source,AdventurerAI.TakeDamage,261
14,38,DP,sink,CommandSystem.TryUse,-5750
14,38,DP,source,AdventurerAI.ReapEmotion,286
14,38,DP,source,Nemesis.OnSlain,2652
14,38,Material,source,Nemesis.OnSlain,16
14,38,DP,source,AdventurerAI.GrantReturnReward,4903
14,38,Fame,source,AdventurerAI.GrantReturnReward,120
14,38,Fame,source,LureEconomy.OnHeroEscaped,300
14,38,DP,stock,end,45850
14,38,Material,stock,end,6179
14,38,Fame,stock,end,13986
14,39,DP,source,SurfaceMap.CollectYields,181
14,39,Material,source,SurfaceMap.CollectYields,10
14,39,Fame,source,SurfaceMap.CollectYields,31
14,39,DP,source,DistrictCatalog.Collect,28
14,39,DP,source,EraSystem.TickTurn,1920
14,39,Material,source,EraSystem.TickTurn,37
14,39,DP,sink,MinionRoster.TryForge,-40320
14,39,Material,sink,MinionRoster.TryForge,-336
14,39,DP,sink,MinionRoster.TrySummon,-7626
14,39,DP,source,AdventurerAI.TakeDamage,46603
14,39,Material,source,AdventurerAI.TakeDamage,523
14,39,DP,sink,CommandSystem.TryUse,-6700
14,39,DP,source,AdventurerAI.ReapEmotion,304
14,39,Fame,source,AdventurerAI.GrantReturnReward,300
14,39,Fame,source,LureEconomy.OnHeroEscaped,750
14,39,DP,source,AdventurerAI.GrantReturnReward,8971
14,39,DP,source,Nemesis.OnSlain,907
14,39,Material,source,Nemesis.OnSlain,6
14,39,DP,stock,end,50118
14,39,Material,stock,end,6419
14,39,Fame,stock,end,15067
14,40,DP,source,SurfaceMap.CollectYields,202
14,40,Material,source,SurfaceMap.CollectYields,12
14,40,Fame,source,SurfaceMap.CollectYields,34
14,40,DP,source,DistrictCatalog.Collect,28
14,40,DP,sink,MinionRoster.TryForge,-40320
14,40,Material,sink,MinionRoster.TryForge,-336
14,40,DP,sink,MinionRoster.TrySummon,-9998
14,40,DP,source,AdventurerAI.TakeDamage,44253
14,40,Material,source,AdventurerAI.TakeDamage,573
14,40,DP,source,AdventurerAI.ReapEmotion,226
14,40,DP,sink,CommandSystem.TryUse,-4400
14,40,DP,source,AdventurerAI.GrantReturnReward,14250
14,40,Fame,source,AdventurerAI.GrantReturnReward,340
14,40,Fame,source,LureEconomy.OnHeroEscaped,850
14,40,DP,source,Nemesis.OnSlain,1846
14,40,Material,source,Nemesis.OnSlain,12
14,40,DP,stock,end,56205
14,40,Material,stock,end,6680
14,40,Fame,stock,end,16291
14,41,DP,source,SurfaceMap.CollectYields,202
14,41,Material,source,SurfaceMap.CollectYields,12
14,41,Fame,source,SurfaceMap.CollectYields,34
14,41,DP,source,DistrictCatalog.Collect,28
14,41,DP,source,EraSystem.TickTurn,1920
14,41,DP,sink,MinionRoster.TryForge,-56520
14,41,Material,sink,MinionRoster.TryForge,-606
14,41,DP,sink,MinionRoster.TrySummon,-1828
14,41,DP,source,AdventurerAI.TakeDamage,43965
14,41,Material,source,AdventurerAI.TakeDamage,309
14,41,DP,sink,CommandSystem.TryUse,-5600
14,41,DP,source,AdventurerAI.ReapEmotion,316
14,41,DP,source,AdventurerAI.GrantReturnReward,4886
14,41,Fame,source,AdventurerAI.GrantReturnReward,140
14,41,Fame,source,LureEconomy.OnHeroEscaped,350
14,41,DP,source,Nemesis.OnSlain,940
14,41,Material,source,Nemesis.OnSlain,6
14,41,DP,stock,end,44514
14,41,Material,stock,end,6401
14,41,Fame,stock,end,16815
14,42,DP,source,SurfaceMap.CollectYields,202
14,42,Material,source,SurfaceMap.CollectYields,12
14,42,Fame,source,SurfaceMap.CollectYields,34
14,42,DP,source,DistrictCatalog.Collect,28
14,42,DP,sink,MinionRoster.TryForge,-42120
14,42,Material,sink,MinionRoster.TryForge,-486
14,42,DP,sink,MinionRoster.TrySummon,-2622
14,42,DP,source,AdventurerAI.TakeDamage,44820
14,42,Material,source,AdventurerAI.TakeDamage,376
14,42,DP,sink,CommandSystem.TryUse,-5600
14,42,DP,source,AdventurerAI.ReapEmotion,128
14,42,Fame,source,AdventurerAI.GrantReturnReward,170
14,42,Fame,source,LureEconomy.OnHeroEscaped,425
14,42,DP,source,AdventurerAI.GrantReturnReward,6494
14,42,DP,source,Nemesis.OnSlain,2823
14,42,Material,source,Nemesis.OnSlain,14
14,42,DP,stock,end,48667
14,42,Material,stock,end,6317
14,42,Fame,stock,end,17444
14,43,DP,source,SurfaceMap.CollectYields,202
14,43,Material,source,SurfaceMap.CollectYields,12
14,43,Fame,source,SurfaceMap.CollectYields,34
14,43,DP,source,DistrictCatalog.Collect,28
14,43,DP,sink,MinionRoster.TryForge,-46800
14,43,Material,sink,MinionRoster.TryForge,-540
14,43,DP,sink,MinionRoster.TrySummon,-2097
14,43,DP,source,AdventurerAI.TakeDamage,31044
14,43,Material,source,AdventurerAI.TakeDamage,161
14,43,DP,sink,CommandSystem.TryUse,-5100
14,43,DP,source,AdventurerAI.ReapEmotion,168
14,43,Fame,source,AdventurerAI.GrantReturnReward,280
14,43,Fame,source,LureEconomy.OnHeroEscaped,700
14,43,DP,source,AdventurerAI.GrantReturnReward,7235
14,43,DP,stock,end,33347
14,43,Material,stock,end,5950
14,43,Fame,stock,end,18458
14,44,DP,source,SurfaceMap.CollectYields,254
14,44,Material,source,SurfaceMap.CollectYields,12
14,44,Fame,source,SurfaceMap.CollectYields,43
14,44,DP,source,DistrictCatalog.Collect,28
14,44,DP,sink,MinionRoster.TryForge,-31200
14,44,Material,sink,MinionRoster.TryForge,-360
14,44,DP,sink,MinionRoster.TrySummon,-2422
14,44,DP,source,AdventurerAI.TakeDamage,41440
14,44,Material,source,AdventurerAI.TakeDamage,498
14,44,DP,sink,CommandSystem.TryUse,-5100
14,44,DP,source,AdventurerAI.ReapEmotion,300
14,44,Fame,source,AdventurerAI.GrantReturnReward,280
14,44,Fame,source,LureEconomy.OnHeroEscaped,700
14,44,DP,source,AdventurerAI.GrantReturnReward,13026
14,44,DP,source,Nemesis.OnSlain,972
14,44,Material,source,Nemesis.OnSlain,6
14,44,DP,stock,end,50645
14,44,Material,stock,end,6106
14,44,Fame,stock,end,19481
14,45,DP,source,SurfaceMap.CollectYields,254
14,45,Material,source,SurfaceMap.CollectYields,12
14,45,Fame,source,SurfaceMap.CollectYields,43
14,45,DP,source,DistrictCatalog.Collect,28
14,45,DP,sink,MinionRoster.TryForge,-47040
14,45,Material,sink,MinionRoster.TryForge,-560
14,45,DP,sink,MinionRoster.TrySummon,-3880
14,45,DP,source,AdventurerAI.TakeDamage,57140
14,45,Material,source,AdventurerAI.TakeDamage,522
14,45,DP,source,AdventurerAI.ReapEmotion,262
14,45,DP,sink,CommandSystem.TryUse,-5350
14,45,DP,source,AdventurerAI.GrantReturnReward,17819
14,45,Fame,source,AdventurerAI.GrantReturnReward,300
14,45,Fame,source,LureEconomy.OnHeroEscaped,750
14,45,DP,source,Nemesis.OnSlain,1004
14,45,Material,source,Nemesis.OnSlain,6
14,45,DP,stock,end,70882
14,45,Material,stock,end,6086
14,45,Fame,stock,end,20574
14,46,DP,source,SurfaceMap.CollectYields,254
14,46,Material,source,SurfaceMap.CollectYields,12
14,46,Fame,source,SurfaceMap.CollectYields,43
14,46,DP,source,DistrictCatalog.Collect,28
14,46,Material,source,DistrictCatalog.Collect,8
14,46,DP,sink,MinionRoster.TryForge,-67200
14,46,Material,sink,MinionRoster.TryForge,-896
14,46,DP,sink,MinionRoster.TrySummon,-3950
14,46,DP,source,AdventurerAI.TakeDamage,39441
14,46,Material,source,AdventurerAI.TakeDamage,321
14,46,DP,sink,CommandSystem.TryUse,-5550
14,46,Fame,source,AdventurerAI.GrantReturnReward,260
14,46,Fame,source,LureEconomy.OnHeroEscaped,650
14,46,DP,source,AdventurerAI.ReapEmotion,194
14,46,DP,source,AdventurerAI.GrantReturnReward,2255
14,46,DP,stock,end,36354
14,46,Material,stock,end,5531
14,46,Fame,stock,end,21527
14,47,DP,source,SurfaceMap.CollectYields,254
14,47,Material,source,SurfaceMap.CollectYields,12
14,47,Fame,source,SurfaceMap.CollectYields,43
14,47,DP,source,DistrictCatalog.Collect,28
14,47,Material,source,DistrictCatalog.Collect,7
14,47,DP,sink,MinionRoster.TryForge,-4800
14,47,Material,sink,MinionRoster.TryForge,-64
14,47,DP,sink,MinionEvolution.TryEvolve,-9050
14,47,DP,sink,MinionRoster.TryEvolveIndividual,-22050
14,47,DP,sink,MinionRoster.TrySummon,-734
14,47,DP,source,AdventurerAI.TakeDamage,44631
14,47,Material,source,AdventurerAI.TakeDamage,535
14,47,DP,sink,CommandSystem.TryUse,-5100
14,47,DP,source,AdventurerAI.ReapEmotion,287
14,47,DP,source,AdventurerAI.GrantReturnReward,10732
14,47,Fame,source,AdventurerAI.GrantReturnReward,280
14,47,Fame,source,LureEconomy.OnHeroEscaped,700
14,47,DP,source,Nemesis.OnSlain,2074
14,47,Material,source,Nemesis.OnSlain,12
14,47,DP,stock,end,52626
14,47,Material,stock,end,6033
14,47,Fame,stock,end,22550
14,48,DP,source,SurfaceMap.CollectYields,254
14,48,Material,source,SurfaceMap.CollectYields,12
14,48,Fame,source,SurfaceMap.CollectYields,43
14,48,DP,source,DistrictCatalog.Collect,28
14,48,Material,source,DistrictCatalog.Collect,1
14,48,DP,source,EraSystem.TickTurn,9720
14,48,DP,sink,MinionRoster.TryForge,-28800
14,48,Material,sink,MinionRoster.TryForge,-384
14,48,DP,sink,MinionRoster.TryEvolveIndividual,-29800
14,48,DP,sink,MinionRoster.TrySummon,-3998
14,48,DP,source,AdventurerAI.TakeDamage,38502
14,48,Material,source,AdventurerAI.TakeDamage,569
14,48,DP,sink,CommandSystem.TryUse,-5600
14,48,DP,source,AdventurerAI.ReapEmotion,280
14,48,DP,source,AdventurerAI.GrantReturnReward,17520
14,48,Fame,source,AdventurerAI.GrantReturnReward,330
14,48,Fame,source,LureEconomy.OnHeroEscaped,825
14,48,DP,stock,end,50732
14,48,Material,stock,end,6231
14,48,Fame,stock,end,23748
14,49,DP,source,SurfaceMap.CollectYields,254
14,49,Material,source,SurfaceMap.CollectYields,12
14,49,Fame,source,SurfaceMap.CollectYields,43
14,49,DP,source,DistrictCatalog.Collect,28
14,49,Material,source,DistrictCatalog.Collect,1
14,49,DP,source,EraSystem.TickTurn,9720
14,49,DP,sink,MinionRoster.TryForge,-4800
14,49,Material,sink,MinionRoster.TryForge,-64
14,49,DP,sink,MinionEvolution.TryEvolve,-14200
14,49,DP,sink,MinionRoster.TryEvolveIndividual,-40950
14,49,DP,sink,MinionRoster.TrySummon,-766
14,49,DP,source,AdventurerAI.TakeDamage,60119
14,49,Material,source,AdventurerAI.TakeDamage,535
14,49,DP,sink,CommandSystem.TryUse,-6050
14,49,DP,source,AdventurerAI.ReapEmotion,210
14,49,DP,source,AdventurerAI.GrantReturnReward,7202
14,49,Fame,source,AdventurerAI.GrantReturnReward,190
14,49,Fame,source,LureEconomy.OnHeroEscaped,475
14,49,DP,source,Nemesis.OnSlain,2074
14,49,Material,source,Nemesis.OnSlain,12
14,49,DP,stock,end,63573
14,49,Material,stock,end,6727
14,49,Fame,stock,end,24456
14,50,DP,source,SurfaceMap.CollectYields,219
14,50,Material,source,SurfaceMap.CollectYields,10
14,50,Fame,source,SurfaceMap.CollectYields,37
14,50,DP,source,DistrictCatalog.Collect,28
14,50,Material,source,DistrictCatalog.Collect,1
14,50,DP,source,EraSystem.TickTurn,9720
14,50,DP,sink,MinionRoster.TryForge,-4800
14,50,Material,sink,MinionRoster.TryForge,-64
14,50,DP,sink,MinionEvolution.TryEvolve,-19050
14,50,DP,sink,MinionRoster.TryEvolveIndividual,-48400
14,50,DP,sink,MinionRoster.TrySummon,-1245
14,50,DP,source,AdventurerAI.ReapEmotion,538
14,50,DP,source,AdventurerAI.TakeDamage,99482
14,50,Material,source,AdventurerAI.TakeDamage,808
14,50,DP,sink,CommandSystem.TryUse,-4900
14,50,DP,source,Nemesis.OnSlain,6642
14,50,Material,source,Nemesis.OnSlain,30
14,50,DP,source,AdventurerAI.GrantReturnReward,5836
14,50,Fame,source,AdventurerAI.GrantReturnReward,140
14,50,Fame,source,LureEconomy.OnHeroEscaped,350
14,50,DP,stock,end,107643
14,50,Material,stock,end,7512
14,50,Fame,stock,end,24983
14,51,DP,source,SurfaceMap.CollectYields,219
14,51,Material,source,SurfaceMap.CollectYields,10
14,51,Fame,source,SurfaceMap.CollectYields,37
14,51,DP,source,DistrictCatalog.Collect,28
14,51,Material,source,DistrictCatalog.Collect,1
14,51,DP,source,EraSystem.TickTurn,9720
14,51,DP,source,WaveRoster.ResolveTrial,10500
14,51,DP,sink,MinionRoster.TryForge,-4800
14,51,Material,sink,MinionRoster.TryForge,-64
14,51,DP,sink,DungeonFloorManager.TryAddFloor,-78125
14,51,DP,sink,DungeonFloorManager.TryExpandFloor,-5200
14,51,DP,sink,MinionRoster.TryEvolveIndividual,-38800
14,51,DP,sink,DungeonFeatureManager.TryPlaceTrap,-900
14,51,DP,sink,MinionRoster.TrySummon,-279
14,51,DP,source,AdventurerAI.TakeDamage,132366
14,51,Material,source,AdventurerAI.TakeDamage,1012
14,51,DP,sink,CommandSystem.TryUse,-5200
14,51,DP,source,AdventurerAI.ReapEmotion,228
14,51,Fame,source,AdventurerAI.GrantReturnReward,260
14,51,Fame,source,LureEconomy.OnHeroEscaped,650
14,51,DP,source,AdventurerAI.GrantReturnReward,8254
14,51,DP,stock,end,135654
14,51,Material,stock,end,8471
14,51,Fame,stock,end,25930
14,52,DP,source,SurfaceMap.CollectYields,191
14,52,Material,source,SurfaceMap.CollectYields,10
14,52,Fame,source,SurfaceMap.CollectYields,30
14,52,DP,source,DistrictCatalog.Collect,28
14,52,Material,source,DistrictCatalog.Collect,1
14,52,DP,source,EraSystem.TickTurn,16524
14,52,DP,sink,MinionRoster.TryForge,-100800
14,52,Material,sink,MinionRoster.TryForge,-1344
14,52,DP,sink,MinionRoster.TryEvolveIndividual,-47600
14,52,DP,sink,DungeonFeatureManager.TryPlaceTrap,-3450
14,52,DP,sink,MinionRoster.TrySummon,-516
14,52,DP,source,AdventurerAI.TakeDamage,85162
14,52,Material,source,AdventurerAI.TakeDamage,800
14,52,DP,sink,CommandSystem.TryUse,-4250
14,52,DP,source,AdventurerAI.ReapEmotion,349
14,52,Fame,source,AdventurerAI.GrantReturnReward,210
14,52,Fame,source,LureEconomy.OnHeroEscaped,525
14,52,DP,source,AdventurerAI.GrantReturnReward,7283
14,52,DP,source,Nemesis.OnSlain,1085
14,52,Material,source,Nemesis.OnSlain,6
14,52,DP,stock,end,89660
14,52,Material,stock,end,7944
14,52,Fame,stock,end,26695
14,53,DP,source,SurfaceMap.CollectYields,191
14,53,Material,source,SurfaceMap.CollectYields,10
14,53,Fame,source,SurfaceMap.CollectYields,30
14,53,DP,source,DistrictCatalog.Collect,28
14,53,Material,source,DistrictCatalog.Collect,1
14,53,DP,source,EraSystem.TickTurn,9720
14,53,Material,source,EraSystem.TickTurn,124
14,53,DP,sink,MinionRoster.TryForge,-90240
14,53,Material,sink,MinionRoster.TryForge,-1214
14,53,DP,sink,MinionRoster.TryEvolveIndividual,-6500
14,53,DP,sink,DungeonFeatureManager.TryPlaceTrap,-600
14,53,DP,sink,MinionRoster.TrySummon,-2208
14,53,DP,source,AdventurerAI.TakeDamage,109656
14,53,Material,source,AdventurerAI.TakeDamage,1198
14,53,DP,sink,CommandSystem.TryUse,-4550
14,53,Fame,source,AdventurerAI.GrantReturnReward,210
14,53,Fame,source,LureEconomy.OnHeroEscaped,525
14,53,DP,source,AdventurerAI.ReapEmotion,230
14,53,DP,source,AdventurerAI.GrantReturnReward,4560
14,53,DP,stock,end,109947
14,53,Material,stock,end,8063
14,53,Fame,stock,end,27460
14,54,DP,source,SurfaceMap.CollectYields,191
14,54,Material,source,SurfaceMap.CollectYields,10
14,54,Fame,source,SurfaceMap.CollectYields,30
14,54,DP,source,DistrictCatalog.Collect,28
14,54,Material,source,DistrictCatalog.Collect,1
14,54,DP,source,EraSystem.TickTurn,9720
14,54,Material,source,EraSystem.TickTurn,62
14,54,Fame,source,EraSystem.TickTurn,135
14,54,DP,sink,MinionRoster.TryForge,-115200
14,54,Material,sink,MinionRoster.TryForge,-1680
14,54,DP,sink,MinionRoster.TrySummon,-4680
14,54,DP,source,AdventurerAI.TakeDamage,30652
14,54,Material,source,AdventurerAI.TakeDamage,189
14,54,DP,sink,CommandSystem.TryUse,-1800
14,54,DP,source,AdventurerAI.ReapEmotion,288
14,54,Fame,source,AdventurerAI.GrantReturnReward,210
14,54,Fame,source,LureEconomy.OnHeroEscaped,525
14,54,DP,source,AdventurerAI.GrantReturnReward,4749
14,54,DP,source,Nemesis.OnSlain,1102
14,54,Material,source,Nemesis.OnSlain,6
14,54,DP,stock,end,34997
14,54,Material,stock,end,6651
14,54,Fame,stock,end,28360
14,55,DP,source,SurfaceMap.CollectYields,221
14,55,Material,source,SurfaceMap.CollectYields,12
14,55,Fame,source,SurfaceMap.CollectYields,35
14,55,DP,source,DistrictCatalog.Collect,28
14,55,Material,source,DistrictCatalog.Collect,1
14,55,DP,source,EraSystem.TickTurn,9720
14,55,DP,sink,MinionRoster.TryForge,-40320
14,55,Material,sink,MinionRoster.TryForge,-588
14,55,DP,sink,MinionRoster.TrySummon,-4644
14,55,DP,source,AdventurerAI.TakeDamage,130800
14,55,Material,source,AdventurerAI.TakeDamage,1010
14,55,DP,sink,CommandSystem.TryUse,-5200
14,55,DP,source,AdventurerAI.ReapEmotion,492
14,55,DP,source,AdventurerAI.GrantReturnReward,10621
14,55,Fame,source,AdventurerAI.GrantReturnReward,320
14,55,Fame,source,LureEconomy.OnHeroEscaped,800
14,55,DP,source,Nemesis.OnSlain,1166
14,55,Material,source,Nemesis.OnSlain,6
14,55,DP,stock,end,137881
14,55,Material,stock,end,7092
14,55,Fame,stock,end,29515
14,56,DP,source,SurfaceMap.CollectYields,191
14,56,Material,source,SurfaceMap.CollectYields,10
14,56,Fame,source,SurfaceMap.CollectYields,30
14,56,DP,source,DistrictCatalog.Collect,28
14,56,Material,source,DistrictCatalog.Collect,1
14,56,DP,source,EraSystem.TickTurn,11664
14,56,DP,sink,MinionRoster.TryForge,-120960
14,56,Material,sink,MinionRoster.TryForge,-1764
14,56,DP,sink,MinionRoster.TrySummon,-28777
14,56,DP,source,AdventurerAI.TakeDamage,103120
14,56,Material,source,AdventurerAI.TakeDamage,1255
14,56,DP,sink,CommandSystem.TryUse,-4700
14,56,DP,source,AdventurerAI.ReapEmotion,357
14,56,DP,source,AdventurerAI.GrantReturnReward,9222
14,56,Fame,source,AdventurerAI.GrantReturnReward,260
14,56,Fame,source,LureEconomy.OnHeroEscaped,650
14,56,DP,source,Nemesis.OnSlain,2349
14,56,Material,source,Nemesis.OnSlain,12
14,56,DP,stock,end,110375
14,56,Material,stock,end,6606
14,56,Fame,stock,end,30455
14,57,DP,source,SurfaceMap.CollectYields,191
14,57,Material,source,SurfaceMap.CollectYields,10
14,57,Fame,source,SurfaceMap.CollectYields,30
14,57,DP,source,DistrictCatalog.Collect,28
14,57,Material,source,DistrictCatalog.Collect,1
14,57,DP,sink,MinionRoster.TryForge,-105120
14,57,Material,sink,MinionRoster.TryForge,-1548
14,57,DP,sink,MinionRoster.TrySummon,-5471
14,57,DP,source,AdventurerAI.TakeDamage,106755
14,57,Material,source,AdventurerAI.TakeDamage,849
14,57,DP,sink,CommandSystem.TryUse,-4400
14,57,DP,source,AdventurerAI.ReapEmotion,351
14,57,Fame,source,AdventurerAI.GrantReturnReward,250
14,57,Fame,source,LureEconomy.OnHeroEscaped,625
14,57,DP,source,AdventurerAI.GrantReturnReward,12206
14,57,DP,source,Nemesis.OnSlain,3149
14,57,Material,source,Nemesis.OnSlain,14
14,57,DP,stock,end,118064
14,57,Material,stock,end,5932
14,57,Fame,stock,end,31360
14,58,DP,source,SurfaceMap.CollectYields,191
14,58,Material,source,SurfaceMap.CollectYields,10
14,58,Fame,source,SurfaceMap.CollectYields,30
14,58,DP,source,DistrictCatalog.Collect,28
14,58,Material,source,DistrictCatalog.Collect,1
14,58,DP,sink,MinionRoster.TryForge,-115200
14,58,Material,sink,MinionRoster.TryForge,-1760
14,58,DP,sink,MinionRoster.TrySummon,-3059
14,58,DP,source,AdventurerAI.TakeDamage,48643
14,58,Material,source,AdventurerAI.TakeDamage,372
14,58,DP,sink,CommandSystem.TryUse,-3800
14,58,DP,source,AdventurerAI.ReapEmotion,296
14,58,Fame,source,AdventurerAI.GrantReturnReward,150
14,58,Fame,source,LureEconomy.OnHeroEscaped,375
14,58,DP,source,AdventurerAI.GrantReturnReward,6002
14,58,DP,source,Nemesis.OnSlain,1150
14,58,Material,source,Nemesis.OnSlain,6
14,58,DP,stock,end,52315
14,58,Material,stock,end,4561
14,58,Fame,stock,end,31915
14,59,DP,source,SurfaceMap.CollectYields,221
14,59,Material,source,SurfaceMap.CollectYields,12
14,59,Fame,source,SurfaceMap.CollectYields,35
14,59,DP,source,DistrictCatalog.Collect,28
14,59,Material,source,DistrictCatalog.Collect,1
14,59,DP,sink,MinionRoster.TryForge,-46800
14,59,Material,sink,MinionRoster.TryForge,-715
14,59,DP,sink,MinionRoster.TrySummon,-5744
14,59,DP,source,AdventurerAI.TakeDamage,106860
14,59,Material,source,AdventurerAI.TakeDamage,836
14,59,DP,sink,CommandSystem.TryUse,-5200
14,59,Fame,source,AdventurerAI.GrantReturnReward,320
14,59,Fame,source,LureEconomy.OnHeroEscaped,800
14,59,DP,source,AdventurerAI.ReapEmotion,312
14,59,DP,source,AdventurerAI.GrantReturnReward,10883
14,59,DP,source,Nemesis.OnSlain,2332
14,59,Material,source,Nemesis.OnSlain,12
14,59,DP,stock,end,115207
14,59,Material,stock,end,4707
14,59,Fame,stock,end,33070
14,60,DP,source,SurfaceMap.CollectYields,219
14,60,Material,source,SurfaceMap.CollectYields,12
14,60,Fame,source,SurfaceMap.CollectYields,35
14,60,DP,source,DistrictCatalog.Collect,28
14,60,Material,source,DistrictCatalog.Collect,1
14,60,DP,sink,MinionRoster.TryForge,-111600
14,60,Material,sink,MinionRoster.TryForge,-1705
14,60,DP,sink,MinionRoster.TrySummon,-3847
14,60,DP,source,AdventurerAI.TakeDamage,110802
14,60,Material,source,AdventurerAI.TakeDamage,810
14,60,DP,sink,CommandSystem.TryUse,-4550
14,60,DP,source,AdventurerAI.ReapEmotion,290
14,60,DP,source,AdventurerAI.GrantReturnReward,20520
14,60,Fame,source,AdventurerAI.GrantReturnReward,440
14,60,Fame,source,LureEconomy.OnHeroEscaped,1100
14,60,DP,source,Nemesis.OnSlain,1199
14,60,Material,source,Nemesis.OnSlain,6
14,60,DP,stock,end,128268
14,60,Material,stock,end,3831
14,60,Fame,stock,end,34645
14,61,DP,source,SurfaceMap.CollectYields,219
14,61,Material,source,SurfaceMap.CollectYields,12
14,61,Fame,source,SurfaceMap.CollectYields,35
14,61,DP,source,DistrictCatalog.Collect,28
14,61,Material,source,DistrictCatalog.Collect,1
14,61,DP,sink,MinionRoster.TryForge,-122400
14,61,Material,sink,MinionRoster.TryForge,-1870
14,61,DP,sink,MinionRoster.TrySummon,-6090
14,61,DP,source,AdventurerAI.TakeDamage,106178
14,61,Material,source,AdventurerAI.TakeDamage,927
14,61,DP,sink,CommandSystem.TryUse,-3750
14,61,DP,source,AdventurerAI.ReapEmotion,292
14,61,DP,source,AdventurerAI.GrantReturnReward,12419
14,61,Fame,source,AdventurerAI.GrantReturnReward,290
14,61,Fame,source,LureEconomy.OnHeroEscaped,725
14,61,DP,source,Nemesis.OnSlain,2398
14,61,Material,source,Nemesis.OnSlain,12
14,61,DP,stock,end,117562
14,61,Material,stock,end,2913
14,61,Fame,stock,end,35695
14,62,DP,source,SurfaceMap.CollectYields,219
14,62,Material,source,SurfaceMap.CollectYields,12
14,62,Fame,source,SurfaceMap.CollectYields,35
14,62,DP,source,DistrictCatalog.Collect,28
14,62,Material,source,DistrictCatalog.Collect,1
14,62,DP,sink,MinionRoster.TryForge,-112320
14,62,Material,sink,MinionRoster.TryForge,-1780
14,62,DP,sink,MinionRoster.TrySummon,-5450
14,62,DP,source,AdventurerAI.TakeDamage,90176
14,62,Material,source,AdventurerAI.TakeDamage,1000
14,62,DP,sink,CommandSystem.TryUse,-4400
14,62,Fame,source,AdventurerAI.GrantReturnReward,370
14,62,Fame,source,LureEconomy.OnHeroEscaped,925
14,62,DP,source,AdventurerAI.ReapEmotion,387
14,62,DP,source,AdventurerAI.GrantReturnReward,11973
14,62,DP,source,Nemesis.OnSlain,1328
14,62,Material,source,Nemesis.OnSlain,6
14,62,DP,stock,end,99503
14,62,Material,stock,end,2152
14,62,Fame,stock,end,37025
14,63,DP,source,SurfaceMap.CollectYields,219
14,63,Material,source,SurfaceMap.CollectYields,12
14,63,Fame,source,SurfaceMap.CollectYields,35
14,63,DP,source,DistrictCatalog.Collect,28
14,63,Material,source,DistrictCatalog.Collect,1
14,63,DP,sink,MinionRoster.TryForge,-95040
14,63,Material,sink,MinionRoster.TryForge,-1540
14,63,DP,sink,MinionRoster.TrySummon,-4706
14,63,DP,source,AdventurerAI.TakeDamage,95360
14,63,Material,source,AdventurerAI.TakeDamage,835
14,63,DP,sink,CommandSystem.TryUse,-4400
14,63,DP,source,AdventurerAI.ReapEmotion,148
14,63,Fame,source,AdventurerAI.GrantReturnReward,420
14,63,Fame,source,LureEconomy.OnHeroEscaped,1050
14,63,DP,source,AdventurerAI.GrantReturnReward,19592
14,63,DP,source,Nemesis.OnSlain,2430
14,63,Material,source,Nemesis.OnSlain,12
14,63,DP,stock,end,113134
14,63,Material,stock,end,1472
14,63,Fame,stock,end,38530
14,64,DP,source,SurfaceMap.CollectYields,221
14,64,Material,source,SurfaceMap.CollectYields,12
14,64,Fame,source,SurfaceMap.CollectYields,35
14,64,DP,source,DistrictCatalog.Collect,28
14,64,Material,source,DistrictCatalog.Collect,1
14,64,DP,sink,MinionRoster.TryForge,-90720
14,64,Material,sink,MinionRoster.TryForge,-1470
14,64,DP,sink,MinionRoster.TrySummon,-21598
14,64,DP,sink,CommandSystem.TryUse,-4450
14,64,DP,source,AdventurerAI.TakeDamage,95694
14,64,Material,source,AdventurerAI.TakeDamage,1292
14,64,Fame,source,AdventurerAI.GrantReturnReward,440
14,64,Fame,source,LureEconomy.OnHeroEscaped,1100
14,64,DP,source,AdventurerAI.ReapEmotion,454
14,64,DP,source,AdventurerAI.GrantReturnReward,22770
14,64,DP,stock,end,115533
14,64,Material,stock,end,1307
14,64,Fame,stock,end,40105
15,1,DP,sink,DungeonFeatureManager.TryPlaceTrap,-150
15,1,DP,sink,MinionRoster.TrySummon,-46
15,1,DP,source,AdventurerAI.ReapEmotion,149
15,1,DP,source,AdventurerAI.TakeDamage,222
15,1,Material,source,AdventurerAI.TakeDamage,20
15,1,DP,source,AdventurerAI.GrantReturnReward,244
15,1,Fame,source,AdventurerAI.GrantReturnReward,10
15,1,Fame,source,LureEconomy.OnHeroEscaped,25
15,1,DP,sink,CommandSystem.TryUse,-300
15,1,DP,stock,end,319
15,1,Material,stock,end,20
15,1,Fame,stock,end,35
15,2,DP,source,SurfaceMap.CollectYields,18
15,2,Material,source,SurfaceMap.CollectYields,1
15,2,Fame,source,SurfaceMap.CollectYields,4
15,2,DP,source,EraSystem.TickTurn,600
15,2,Fame,source,EraSystem.TickTurn,25
15,2,DP,sink,MinionRoster.TryForge,-236
15,2,DP,sink,MinionEvolution.TryEvolve,-400
15,2,DP,sink,DungeonFeatureManager.TryPlaceTrap,-150
15,2,DP,sink,MinionRoster.TrySummon,-148
15,2,DP,source,AdventurerAI.TakeDamage,253
15,2,Material,source,AdventurerAI.TakeDamage,12
15,2,DP,source,AdventurerAI.ReapEmotion,106
15,2,DP,sink,CommandSystem.TryUse,-300
15,2,DP,source,AdventurerAI.GrantReturnReward,212
15,2,Fame,source,AdventurerAI.GrantReturnReward,10
15,2,Fame,source,LureEconomy.OnHeroEscaped,25
15,2,DP,stock,end,274
15,2,Material,stock,end,33
15,2,Fame,stock,end,99
15,3,DP,source,SurfaceMap.CollectYields,18
15,3,Material,source,SurfaceMap.CollectYields,1
15,3,Fame,source,SurfaceMap.CollectYields,4
15,3,DP,source,EraSystem.TickTurn,600
15,3,Material,source,EraSystem.TickTurn,20
15,3,DP,sink,MinionRoster.TryForge,-236
15,3,DP,sink,MinionEvolution.TryEvolve,-225
15,3,DP,sink,DungeonFeatureManager.TryPlaceTrap,-300
15,3,DP,sink,MinionRoster.TrySummon,-117
15,3,DP,source,AdventurerAI.ReapEmotion,115
15,3,Fame,source,AdventurerAI.GrantReturnReward,30
15,3,Fame,source,LureEconomy.OnHeroEscaped,75
15,3,DP,source,AdventurerAI.GrantReturnReward,98
15,3,DP,source,AdventurerAI.TakeDamage,144
15,3,Material,source,AdventurerAI.TakeDamage,19
15,3,DP,stock,end,371
15,3,Material,stock,end,73
15,3,Fame,stock,end,208
15,4,DP,source,SurfaceMap.CollectYields,18
15,4,Material,source,SurfaceMap.CollectYields,1
15,4,Fame,source,SurfaceMap.CollectYields,4
15,4,DP,source,EraSystem.TickTurn,600
15,4,DP,sink,MinionRoster.TryForge,-236
15,4,DP,sink,DungeonFloorManager.TryExpandFloor,-400
15,4,DP,sink,DungeonFeatureManager.TryPlaceTrap,-300
15,4,DP,sink,MinionRoster.TrySummon,-39
15,4,DP,source,AdventurerAI.ReapEmotion,259
15,4,Fame,source,AdventurerAI.GrantReturnReward,10
15,4,Fame,source,LureEconomy.OnHeroEscaped,25
15,4,DP,source,AdventurerAI.TakeDamage,422
15,4,Material,source,AdventurerAI.TakeDamage,14
15,4,DP,sink,CommandSystem.TryUse,-650
15,4,DP,stock,end,45
15,4,Material,stock,end,88
15,4,Fame,stock,end,247
15,5,DP,source,SurfaceMap.CollectYields,18
15,5,Material,source,SurfaceMap.CollectYields,1
15,5,Fame,source,SurfaceMap.CollectYields,4
15,5,DP,source,EraSystem.TickTurn,600
15,5,Fame,source,EraSystem.TickTurn,25
15,5,DP,sink,MinionRoster.TryForge,-212
15,5,DP,sink,MinionRoster.TryEvolveIndividual,-150
15,5,DP,sink,DungeonFeatureManager.TryPlaceTrap,-150
15,5,DP,sink,MinionRoster.TrySummon,-147
15,5,DP,source,AdventurerAI.ReapEmotion,247
15,5,DP,source,AdventurerAI.TakeDamage,974
15,5,Material,source,AdventurerAI.TakeDamage,32
15,5,DP,sink,CommandSystem.TryUse,-1800
15,5,DP,source,Nemesis.OnSlain,940
15,5,Material,source,Nemesis.OnSlain,10
15,5,DP,stock,end,365
15,5,Material,stock,end,131
15,5,Fame,stock,end,276
15,6,DP,source,SurfaceMap.CollectYields,38
15,6,Material,source,SurfaceMap.CollectYields,2
15,6,Fame,source,SurfaceMap.CollectYields,8
15,6,DP,source,EraSystem.TickTurn,600
15,6,DP,source,WaveRoster.ResolveTrial,1800
15,6,DP,sink,MinionRoster.TryForge,-212
15,6,DP,sink,DungeonFloorManager.TryAddFloor,-800
15,6,DP,sink,DungeonFloorManager.TryExpandFloor,-1200
15,6,DP,sink,MinionEvolution.TryEvolve,-200
15,6,DP,sink,DungeonFeatureManager.TryPlaceTrap,-300
15,6,DP,sink,MinionRoster.TrySummon,-90
15,6,DP,source,AdventurerAI.ReapEmotion,80
15,6,DP,source,AdventurerAI.TakeDamage,634
15,6,Material,source,AdventurerAI.TakeDamage,21
15,6,DP,sink,CommandSystem.TryUse,-300
15,6,DP,source,AdventurerAI.GrantReturnReward,63
15,6,Fame,source,AdventurerAI.GrantReturnReward,10
15,6,Fame,source,LureEconomy.OnHeroEscaped,25
15,6,DP,source,Nemesis.OnSlain,972
15,6,Material,source,Nemesis.OnSlain,10
15,6,DP,stock,end,1450
15,6,Material,stock,end,164
15,6,Fame,stock,end,319
15,7,DP,source,SurfaceMap.CollectYields,38
15,7,Material,source,SurfaceMap.CollectYields,2
15,7,Fame,source,SurfaceMap.CollectYields,8
15,7,DP,source,EraSystem.TickTurn,600
15,7,DP,sink,MinionRoster.TryForge,-212
15,7,DP,sink,DungeonFloorManager.TryExpandFloor,-800
15,7,DP,sink,MinionEvolution.TryEvolve,-775
15,7,DP,sink,DungeonFeatureManager.TryPlaceTrap,-150
15,7,DP,sink,MinionRoster.TrySummon,-143
15,7,DP,source,AdventurerAI.ReapEmotion,117
15,7,DP,source,AdventurerAI.TakeDamage,695
15,7,Material,source,AdventurerAI.TakeDamage,24
15,7,DP,sink,CommandSystem.TryUse,-950
15,7,DP,source,AdventurerAI.GrantReturnReward,345
15,7,Fame,source,AdventurerAI.GrantReturnReward,10
15,7,Fame,source,LureEconomy.OnHeroEscaped,25
15,7,DP,stock,end,215
15,7,Material,stock,end,190
15,7,Fame,stock,end,362
15,8,DP,source,SurfaceMap.CollectYields,38
15,8,Material,source,SurfaceMap.CollectYields,2
15,8,Fame,source,SurfaceMap.CollectYields,8
15,8,DP,source,EraSystem.TickTurn,1020
15,8,DP,sink,MinionRoster.TryForge,-212
15,8,DP,sink,MinionEvolution.TryEvolve,-500
15,8,DP,sink,MinionRoster.TryEvolveIndividual,-175
15,8,DP,sink,DungeonFeatureManager.TryPlaceTrap,-150
15,8,DP,sink,MinionRoster.TrySummon,-225
15,8,DP,source,AdventurerAI.ReapEmotion,174
15,8,DP,source,AdventurerAI.TakeDamage,971
15,8,Material,source,AdventurerAI.TakeDamage,58
15,8,DP,sink,CommandSystem.TryUse,-950
15,8,DP,stock,end,206
15,8,Material,stock,end,250
15,8,Fame,stock,end,370
15,9,DP,source,SurfaceMap.CollectYields,44
15,9,Material,source,SurfaceMap.CollectYields,2
15,9,Fame,source,SurfaceMap.CollectYields,10
15,9,DP,source,EraSystem.TickTurn,1020
15,9,Fame,source,EraSystem.TickTurn,25
15,9,DP,sink,MinionRoster.TryForge,-190
15,9,DP,sink,MinionEvolution.TryEvolve,-550
15,9,DP,sink,MinionRoster.TryEvolveIndividual,-200
15,9,DP,sink,DungeonFeatureManager.TryPlaceTrap,-150
15,9,DP,sink,MinionRoster.TrySummon,-180
15,9,DP,source,AdventurerAI.ReapEmotion,150
15,9,DP,source,AdventurerAI.TakeDamage,872
15,9,Material,source,AdventurerAI.TakeDamage,32
15,9,DP,sink,CommandSystem.TryUse,-1300
15,9,Fame,source,AdventurerAI.GrantReturnReward,20
15,9,Fame,source,LureEconomy.OnHeroEscaped,50
15,9,DP,source,AdventurerAI.GrantReturnReward,493
15,9,DP,stock,end,215
15,9,Material,stock,end,284
15,9,Fame,stock,end,475
15,10,DP,source,SurfaceMap.CollectYields,78
15,10,Material,source,SurfaceMap.CollectYields,3
15,10,Fame,source,SurfaceMap.CollectYields,16
15,10,DP,source,EraSystem.TickTurn,600
15,10,DP,sink,MinionRoster.TryForge,-285
15,10,DP,sink,MinionRoster.TryEvolveIndividual,-225
15,10,DP,sink,DungeonFeatureManager.TryPlaceTrap,-150
15,10,DP,sink,MinionRoster.TrySummon,-229
15,10,DP,source,AdventurerAI.ReapEmotion,132
15,10,DP,source,AdventurerAI.TakeDamage,1437
15,10,Material,source,AdventurerAI.TakeDamage,49
15,10,DP,sink,CommandSystem.TryUse,-1800
15,10,DP,source,AdventurerAI.GrantReturnReward,491
15,10,Fame,source,AdventurerAI.GrantReturnReward,10
15,10,Fame,source,LureEconomy.OnHeroEscaped,25
15,10,DP,stock,end,264
15,10,Material,stock,end,336
15,10,Fame,stock,end,526
15,11,DP,source,SurfaceMap.CollectYields,78
15,11,Material,source,SurfaceMap.CollectYields,3
15,11,Fame,source,SurfaceMap.CollectYields,16
15,11,DP,source,WaveRoster.ResolveTrial,2100
15,11,DP,sink,MinionRoster.TryForge,-190
15,11,DP,sink,DungeonFloorManager.TryExpandFloor,-1500
15,11,DP,sink,MinionRoster.TryEvolveIndividual,-325
15,11,DP,sink,DungeonFeatureManager.TryPlaceTrap,-150
15,11,DP,sink,MinionRoster.TrySummon,-263
15,11,DP,source,AdventurerAI.TakeDamage,479
15,11,Material,source,AdventurerAI.TakeDamage,12
15,11,DP,source,AdventurerAI.ReapEmotion,114
15,11,DP,source,AdventurerAI.GrantReturnReward,1820
15,11,Fame,source,AdventurerAI.GrantReturnReward,80
15,11,Fame,source,LureEconomy.OnHeroEscaped,200
15,11,DP,sink,CommandSystem.TryUse,-1150
15,11,DP,stock,end,1277
15,11,Material,stock,end,351
15,11,Fame,stock,end,822
15,12,DP,source,SurfaceMap.CollectYields,78
15,12,Material,source,SurfaceMap.CollectYields,3
15,12,Fame,source,SurfaceMap.CollectYields,16
15,12,DP,source,DistrictCatalog.Collect,98
15,12,DP,sink,MinionRoster.TryForge,-475
15,12,DP,sink,MinionRoster.TryEvolveIndividual,-550
15,12,DP,sink,DungeonFeatureManager.TryPlaceTrap,-150
15,12,DP,sink,MinionRoster.TrySummon,-271
15,12,DP,source,AdventurerAI.TakeDamage,647
15,12,Material,source,AdventurerAI.TakeDamage,18
15,12,DP,source,AdventurerAI.ReapEmotion,147
15,12,DP,source,AdventurerAI.GrantReturnReward,1870
15,12,Fame,source,AdventurerAI.GrantReturnReward,70
15,12,Fame,source,LureEconomy.OnHeroEscaped,175
15,12,DP,sink,CommandSystem.TryUse,-1500
15,12,DP,stock,end,1171
15,12,Material,stock,end,372
15,12,Fame,stock,end,1083
15,13,DP,source,SurfaceMap.CollectYields,59
15,13,Material,source,SurfaceMap.CollectYields,3
15,13,Fame,source,SurfaceMap.CollectYields,13
15,13,DP,source,DistrictCatalog.Collect,98
15,13,DP,sink,MinionRoster.TryForge,-802
15,13,DP,sink,DungeonFeatureManager.TryPlaceTrap,-300
15,13,DP,sink,MinionRoster.TrySummon,-210
15,13,DP,source,AdventurerAI.TakeDamage,1489
15,13,Material,source,AdventurerAI.TakeDamage,62
15,13,Fame,source,AdventurerAI.GrantReturnReward,90
15,13,Fame,source,LureEconomy.OnHeroEscaped,225
15,13,DP,source,AdventurerAI.ReapEmotion,149
15,13,DP,source,AdventurerAI.GrantReturnReward,2306
15,13,DP,sink,CommandSystem.TryUse,-2900
15,13,DP,source,Nemesis.OnSlain,1134
15,13,Material,source,Nemesis.OnSlain,10
15,13,DP,stock,end,2194
15,13,Material,stock,end,447
15,13,Fame,stock,end,1411
15,14,DP,source,SurfaceMap.CollectYields,59
15,14,Material,source,SurfaceMap.CollectYields,3
15,14,Fame,source,SurfaceMap.CollectYields,13
15,14,DP,source,DistrictCatalog.Collect,112
15,14,DP,source,EraSystem.TickTurn,300
15,14,DP,sink,MinionRoster.TryForge,-190
15,14,DP,sink,DungeonFloorManager.TryAddFloor,-2000
15,14,DP,sink,DungeonFeatureManager.TryPlaceTrap,-300
15,14,DP,sink,MinionRoster.TrySummon,-167
15,14,DP,source,AdventurerAI.TakeDamage,3475
15,14,Material,source,AdventurerAI.TakeDamage,83
15,14,DP,source,AdventurerAI.ReapEmotion,204
15,14,DP,sink,CommandSystem.TryUse,-2650
15,14,DP,source,AdventurerAI.GrantReturnReward,1283
15,14,Fame,source,AdventurerAI.GrantReturnReward,80
15,14,Fame,source,LureEconomy.OnHeroEscaped,200
15,14,DP,source,Nemesis.OnSlain,1749
15,14,Material,source,Nemesis.OnSlain,15
15,14,DP,stock,end,4069
15,14,Material,stock,end,548
15,14,Fame,stock,end,1704
15,15,DP,source,SurfaceMap.CollectYields,80
15,15,Material,source,SurfaceMap.CollectYields,4
15,15,Fame,source,SurfaceMap.CollectYields,18
15,15,DP,source,DistrictCatalog.Collect,112
15,15,DP,sink,MinionRoster.TryForge,-2638
15,15,DP,sink,DungeonFloorManager.TryExpandFloor,-1200
15,15,DP,sink,DungeonFeatureManager.TryPlaceTrap,-150
15,15,DP,sink,MinionRoster.TrySummon,-270
15,15,DP,source,AdventurerAI.ReapEmotion,194
15,15,DP,source,AdventurerAI.GrantReturnReward,2952
15,15,Fame,source,AdventurerAI.GrantReturnReward,60
15,15,Fame,source,LureEconomy.OnHeroEscaped,150
15,15,DP,sink,CommandSystem.TryUse,-5600
15,15,DP,source,AdventurerAI.TakeDamage,2423
15,15,Material,source,AdventurerAI.TakeDamage,47
15,15,DP,source,Nemesis.OnSlain,1435
15,15,Material,source,Nemesis.OnSlain,12
15,15,DP,stock,end,1407
15,15,Material,stock,end,611
15,15,Fame,stock,end,1932
15,16,DP,source,SurfaceMap.CollectYields,82
15,16,Material,source,SurfaceMap.CollectYields,4
15,16,Fame,source,SurfaceMap.CollectYields,18
15,16,DP,source,DistrictCatalog.Collect,112
15,16,DP,sink,MinionRoster.TryForge,-1196
15,16,DP,sink,DungeonFeatureManager.TryPlaceTrap,-150
15,16,DP,sink,MinionRoster.TrySummon,-243
15,16,DP,source,AdventurerAI.ReapEmotion,92
15,16,DP,source,AdventurerAI.GrantReturnReward,4352
15,16,Fame,source,AdventurerAI.GrantReturnReward,140
15,16,Fame,source,LureEconomy.OnHeroEscaped,350
15,16,DP,sink,CommandSystem.TryUse,-5600
15,16,DP,source,AdventurerAI.TakeDamage,2063
15,16,Material,source,AdventurerAI.TakeDamage,60
15,16,DP,source,Nemesis.OnSlain,1248
15,16,Material,source,Nemesis.OnSlain,10
15,16,DP,stock,end,2167
15,16,Material,stock,end,685
15,16,Fame,stock,end,2440
15,17,DP,source,SurfaceMap.CollectYields,82
15,17,Material,source,SurfaceMap.CollectYields,4
15,17,Fame,source,SurfaceMap.CollectYields,18
15,17,DP,source,DistrictCatalog.Collect,112
15,17,DP,source,EraSystem.TickTurn,720
15,17,DP,sink,MinionRoster.TryForge,-598
15,17,DP,sink,DungeonFloorManager.TryExpandFloor,-1500
15,17,DP,sink,MinionRoster.TryEvolveIndividual,-550
15,17,DP,sink,DungeonFeatureManager.TryPlaceTrap,-150
15,17,DP,sink,MinionRoster.TrySummon,-280
15,17,DP,source,AdventurerAI.ReapEmotion,159
15,17,DP,source,AdventurerAI.TakeDamage,2586
15,17,Material,source,AdventurerAI.TakeDamage,45
15,17,DP,sink,CommandSystem.TryUse,-5600
15,17,DP,source,AdventurerAI.GrantReturnReward,3364
15,17,Fame,source,AdventurerAI.GrantReturnReward,90
15,17,Fame,source,LureEconomy.OnHeroEscaped,225
15,17,DP,source,Nemesis.OnSlain,1896
15,17,Material,source,Nemesis.OnSlain,15
15,17,DP,stock,end,2408
15,17,Material,stock,end,749
15,17,Fame,stock,end,2773
15,18,DP,source,SurfaceMap.CollectYields,82
15,18,Material,source,SurfaceMap.CollectYields,4
15,18,Fame,source,SurfaceMap.CollectYields,18
15,18,DP,source,DistrictCatalog.Collect,126
15,18,DP,sink,MinionRoster.TryForge,-598
15,18,DP,sink,DungeonFloorManager.TryExpandFloor,-1500
15,18,DP,sink,DungeonFeatureManager.TryPlaceTrap,-300
15,18,DP,sink,MinionRoster.TrySummon,-212
15,18,DP,source,AdventurerAI.ReapEmotion,220
15,18,DP,source,AdventurerAI.GrantReturnReward,2239
15,18,Fame,source,AdventurerAI.GrantReturnReward,80
15,18,Fame,source,LureEconomy.OnHeroEscaped,200
15,18,DP,sink,CommandSystem.TryUse,-5600
15,18,DP,source,AdventurerAI.TakeDamage,3468
15,18,Material,source,AdventurerAI.TakeDamage,64
15,18,DP,source,Nemesis.OnSlain,1550
15,18,Material,source,Nemesis.OnSlain,12
15,18,DP,stock,end,1883
15,18,Material,stock,end,829
15,18,Fame,stock,end,3071
15,19,DP,source,SurfaceMap.CollectYields,108
15,19,Material,source,SurfaceMap.CollectYields,4
15,19,Fame,source,SurfaceMap.CollectYields,22
15,19,DP,source,DistrictCatalog.Collect,126
15,19,DP,sink,MinionRoster.TryForge,-1618
15,19,DP,sink,DungeonFeatureManager.TryPlaceTrap,-300
15,19,DP,sink,MinionRoster.TrySummon,-192
15,19,DP,source,AdventurerAI.ReapEmotion,162
15,19,DP,source,AdventurerAI.GrantReturnReward,2171
15,19,Fame,source,AdventurerAI.GrantReturnReward,140
15,19,Fame,source,LureEconomy.OnHeroEscaped,350
15,19,DP,sink,CommandSystem.TryUse,-5100
15,19,DP,source,AdventurerAI.TakeDamage,4486
15,19,Material,source,AdventurerAI.TakeDamage,244
15,19,DP,source,Nemesis.OnSlain,2214
15,19,Material,source,Nemesis.OnSlain,17
15,19,DP,stock,end,3940
15,19,Material,stock,end,1094
15,19,Fame,stock,end,3583
15,20,DP,source,SurfaceMap.CollectYields,108
15,20,Material,source,SurfaceMap.CollectYields,4
15,20,Fame,source,SurfaceMap.CollectYields,22
15,20,DP,source,DistrictCatalog.Collect,140
15,20,DP,sink,MinionRoster.TryForge,-3427
15,20,DP,sink,DungeonFeatureManager.TryPlaceTrap,-600
15,20,DP,sink,MinionRoster.TrySummon,-142
15,20,DP,source,AdventurerAI.ReapEmotion,137
15,20,DP,source,AdventurerAI.TakeDamage,7149
15,20,Material,source,AdventurerAI.TakeDamage,103
15,20,DP,sink,CommandSystem.TryUse,-2300
15,20,DP,source,AdventurerAI.GrantReturnReward,2263
15,20,Fame,source,AdventurerAI.GrantReturnReward,60
15,20,Fame,source,LureEconomy.OnHeroEscaped,150
15,20,DP,source,Nemesis.OnSlain,1328
15,20,Material,source,Nemesis.OnSlain,10
15,20,DP,stock,end,8596
15,20,Material,stock,end,1211
15,20,Fame,stock,end,3815
15,21,DP,source,SurfaceMap.CollectYields,138
15,21,Material,source,SurfaceMap.CollectYields,5
15,21,Fame,source,SurfaceMap.CollectYields,28
15,21,DP,source,DistrictCatalog.Collect,140
15,21,DP,source,WaveRoster.ResolveTrial,3600
15,21,DP,sink,MinionRoster.TryForge,-5170
15,21,DP,sink,DungeonFloorManager.TryAddFloor,-5000
15,21,DP,sink,DungeonFloorManager.TryExpandFloor,-1200
15,21,DP,sink,MinionRoster.TryEvolveIndividual,-250
15,21,DP,sink,DungeonFeatureManager.TryPlaceTrap,-600
15,21,DP,sink,MinionRoster.TrySummon,-240
15,21,DP,source,AdventurerAI.ReapEmotion,293
15,21,DP,sink,CommandSystem.TryUse,-5100
15,21,DP,source,AdventurerAI.GrantReturnReward,7096
15,21,Fame,source,AdventurerAI.GrantReturnReward,160
15,21,Fame,source,LureEconomy.OnHeroEscaped,400
15,21,DP,source,AdventurerAI.TakeDamage,3831
15,21,Material,source,AdventurerAI.TakeDamage,313
15,21,DP,source,Nemesis.OnSlain,1360
15,21,Material,source,Nemesis.OnSlain,10
15,21,DP,stock,end,7494
15,21,Material,stock,end,1539
15,21,Fame,stock,end,4403
15,22,DP,source,SurfaceMap.CollectYields,138
15,22,Material,source,SurfaceMap.CollectYields,5
15,22,Fame,source,SurfaceMap.CollectYields,28
15,22,DP,source,DistrictCatalog.Collect,126
15,22,DP,sink,MinionRoster.TryForge,-5170
15,22,DP,sink,DungeonFloorManager.TryExpandFloor,-1500
15,22,DP,sink,MinionRoster.TryEvolveIndividual,-325
15,22,DP,sink,DungeonFeatureManager.TryPlaceTrap,-600
15,22,DP,sink,MinionRoster.TrySummon,-158
15,22,DP,source,AdventurerAI.ReapEmotion,141
15,22,DP,source,AdventurerAI.TakeDamage,7425
15,22,Material,source,AdventurerAI.TakeDamage,128
15,22,DP,sink,CommandSystem.TryUse,-5450
15,22,Fame,source,AdventurerAI.GrantReturnReward,270
15,22,Fame,source,LureEconomy.OnHeroEscaped,675
15,22,DP,source,AdventurerAI.GrantReturnReward,10078
15,22,DP,source,Nemesis.OnSlain,697
15,22,Material,source,Nemesis.OnSlain,5
15,22,DP,stock,end,12896
15,22,Material,stock,end,1677
15,22,Fame,stock,end,5376
15,23,DP,source,SurfaceMap.CollectYields,105
15,23,Material,source,SurfaceMap.CollectYields,5
15,23,Fame,source,SurfaceMap.CollectYields,23
15,23,DP,source,DistrictCatalog.Collect,126
15,23,DP,sink,MinionRoster.TryForge,-168
15,23,DP,sink,MinionEvolution.TryEvolve,-4900
15,23,DP,sink,MinionRoster.TryEvolveIndividual,-7675
15,23,DP,sink,DungeonFeatureManager.TryPlaceTrap,-150
15,23,DP,sink,MinionRoster.TrySummon,-227
15,23,DP,source,AdventurerAI.ReapEmotion,102
15,23,DP,source,AdventurerAI.TakeDamage,7520
15,23,Material,source,AdventurerAI.TakeDamage,116
15,23,DP,sink,CommandSystem.TryUse,-5100
15,23,Fame,source,AdventurerAI.GrantReturnReward,160
15,23,Fame,source,LureEconomy.OnHeroEscaped,400
15,23,DP,source,AdventurerAI.GrantReturnReward,5629
15,23,DP,source,Nemesis.OnSlain,697
15,23,Material,source,Nemesis.OnSlain,5
15,23,DP,stock,end,8855
15,23,Material,stock,end,1803
15,23,Fame,stock,end,5959
15,24,DP,source,SurfaceMap.CollectYields,105
15,24,Material,source,SurfaceMap.CollectYields,5
15,24,Fame,source,SurfaceMap.CollectYields,23
15,24,DP,source,DistrictCatalog.Collect,14
15,24,DP,source,EraSystem.TickTurn,3840
15,24,DP,sink,MinionRoster.TryForge,-8616
15,24,DP,sink,MinionRoster.TryEvolveIndividual,-3425
15,24,DP,sink,DungeonFeatureManager.TryPlaceTrap,-600
15,24,DP,sink,MinionRoster.TrySummon,-158
15,24,DP,source,AdventurerAI.ReapEmotion,529
15,24,DP,sink,CommandSystem.TryUse,-5550
15,24,DP,source,AdventurerAI.GrantReturnReward,12603
15,24,Fame,source,AdventurerAI.GrantReturnReward,280
15,24,Fame,source,LureEconomy.OnHeroEscaped,700
15,24,DP,source,AdventurerAI.TakeDamage,7987
15,24,Material,source,AdventurerAI.TakeDamage,489
15,24,DP,source,Nemesis.OnSlain,3091
15,24,Material,source,Nemesis.OnSlain,21
15,24,DP,stock,end,18675
15,24,Material,stock,end,2318
15,24,Fame,stock,end,6962
15,25,DP,source,SurfaceMap.CollectYields,105
15,25,Material,source,SurfaceMap.CollectYields,5
15,25,Fame,source,SurfaceMap.CollectYields,23
15,25,DP,source,DistrictCatalog.Collect,14
15,25,DP,source,EraSystem.TickTurn,6528
15,25,DP,sink,MinionRoster.TryForge,-6534
15,25,DP,sink,DungeonFloorManager.TryAddFloor,-12500
15,25,DP,sink,DungeonFloorManager.TryExpandFloor,-5200
15,25,DP,sink,MinionRoster.TryEvolveIndividual,-250
15,25,Material,sink,MinionRoster.TryForge,-14
15,25,DP,sink,DungeonFeatureManager.TryPlaceTrap,-600
15,25,DP,sink,MinionRoster.TrySummon,-220
15,25,DP,source,AdventurerAI.ReapEmotion,223
15,25,DP,source,AdventurerAI.TakeDamage,4693
15,25,Material,source,AdventurerAI.TakeDamage,357
15,25,DP,sink,CommandSystem.TryUse,-5200
15,25,DP,source,AdventurerAI.GrantReturnReward,8636
15,25,Fame,source,AdventurerAI.GrantReturnReward,360
15,25,Fame,source,LureEconomy.OnHeroEscaped,900
15,25,DP,stock,end,8370
15,25,Material,stock,end,2666
15,25,Fame,stock,end,8245
15,26,DP,source,SurfaceMap.CollectYields,105
15,26,Material,source,SurfaceMap.CollectYields,5
15,26,Fame,source,SurfaceMap.CollectYields,23
15,26,DP,source,DistrictCatalog.Collect,28
15,26,DP,source,EraSystem.TickTurn,6528
15,26,DP,sink,MinionRoster.TryForge,-5760
15,26,DP,sink,DungeonFloorManager.TryExpandFloor,-7500
15,26,DP,sink,MinionRoster.TryEvolveIndividual,-775
15,26,Material,sink,MinionRoster.TryForge,-16
15,26,DP,sink,DungeonFeatureManager.TryPlaceTrap,-750
15,26,DP,sink,MinionRoster.TrySummon,-231
15,26,DP,source,AdventurerAI.ReapEmotion,150
15,26,DP,source,AdventurerAI.TakeDamage,7337
15,26,Material,source,AdventurerAI.TakeDamage,185
15,26,DP,sink,CommandSystem.TryUse,-5600
15,26,DP,source,AdventurerAI.GrantReturnReward,10344
15,26,Fame,source,AdventurerAI.GrantReturnReward,390
15,26,Fame,source,LureEconomy.OnHeroEscaped,975
15,26,DP,source,Nemesis.OnSlain,745
15,26,Material,source,Nemesis.OnSlain,5
15,26,DP,stock,end,12991
15,26,Material,stock,end,2845
15,26,Fame,stock,end,9633
15,27,DP,source,SurfaceMap.CollectYields,126
15,27,Material,source,SurfaceMap.CollectYields,6
15,27,Fame,source,SurfaceMap.CollectYields,28
15,27,DP,source,DistrictCatalog.Collect,28
15,27,DP,source,EraSystem.TickTurn,3840
15,27,DP,sink,MinionRoster.TryForge,-13170
15,27,DP,sink,DungeonFloorManager.TryExpandFloor,-2500
15,27,DP,sink,MinionRoster.TryEvolveIndividual,-375
15,27,Material,sink,MinionRoster.TryForge,-42
15,27,DP,sink,DungeonFeatureManager.TryPlaceTrap,-750
15,27,DP,sink,MinionRoster.TrySummon,-165
15,27,DP,source,AdventurerAI.ReapEmotion,182
15,27,DP,source,AdventurerAI.TakeDamage,10926
15,27,Material,source,AdventurerAI.TakeDamage,109
15,27,DP,sink,CommandSystem.TryUse,-6050
15,27,DP,source,AdventurerAI.GrantReturnReward,12696
15,27,Fame,source,AdventurerAI.GrantReturnReward,400
15,27,Fame,source,LureEconomy.OnHeroEscaped,1000
15,27,DP,source,Nemesis.OnSlain,1040
15,27,Material,source,Nemesis.OnSlain,7
15,27,DP,stock,end,18819
15,27,Material,stock,end,2925
15,27,Fame,stock,end,11061
15,28,DP,source,SurfaceMap.CollectYields,126
15,28,Material,source,SurfaceMap.CollectYields,6
15,28,Fame,source,SurfaceMap.CollectYields,28
15,28,DP,source,DistrictCatalog.Collect,28
15,28,DP,source,EraSystem.TickTurn,3840
15,28,DP,sink,MinionRoster.TryForge,-21600
15,28,DP,sink,MinionRoster.TryEvolveIndividual,-250
15,28,Material,sink,MinionRoster.TryForge,-104
15,28,DP,sink,DungeonFeatureManager.TryPlaceTrap,-750
15,28,DP,sink,MinionRoster.TrySummon,-207
15,28,DP,source,AdventurerAI.ReapEmotion,188
15,28,DP,source,AdventurerAI.GrantReturnReward,11888
15,28,Fame,source,AdventurerAI.GrantReturnReward,490
15,28,Fame,source,LureEconomy.OnHeroEscaped,1225
15,28,DP,sink,CommandSystem.TryUse,-5250
15,28,DP,source,AdventurerAI.TakeDamage,8118
15,28,Material,source,AdventurerAI.TakeDamage,95
15,28,DP,source,Nemesis.OnSlain,761
15,28,Material,source,Nemesis.OnSlain,5
15,28,DP,stock,end,15711
15,28,Material,stock,end,2927
15,28,Fame,stock,end,12804
15,29,DP,source,SurfaceMap.CollectYields,126
15,29,Material,source,SurfaceMap.CollectYields,6
15,29,Fame,source,SurfaceMap.CollectYields,28
15,29,DP,source,DistrictCatalog.Collect,28
15,29,DP,source,EraSystem.TickTurn,6528
15,29,Material,source,EraSystem.TickTurn,32
15,29,DP,sink,MinionRoster.TryForge,-20580
15,29,DP,sink,MinionRoster.TryEvolveIndividual,-750
15,29,Material,sink,MinionRoster.TryForge,-156
15,29,DP,sink,DungeonFeatureManager.TryPlaceTrap,-900
15,29,DP,sink,MinionRoster.TrySummon,-138
15,29,DP,source,AdventurerAI.ReapEmotion,166
15,29,DP,source,AdventurerAI.GrantReturnReward,12183
15,29,Fame,source,AdventurerAI.GrantReturnReward,460
15,29,Fame,source,LureEconomy.OnHeroEscaped,1150
15,29,DP,sink,CommandSystem.TryUse,-4900
15,29,DP,source,AdventurerAI.TakeDamage,9814
15,29,Material,source,AdventurerAI.TakeDamage,625
15,29,DP,stock,end,17288
15,29,Material,stock,end,3434
15,29,Fame,stock,end,14442
15,30,DP,source,SurfaceMap.CollectYields,126
15,30,Material,source,SurfaceMap.CollectYields,7
15,30,Fame,source,SurfaceMap.CollectYields,28
15,30,DP,source,DistrictCatalog.Collect,28
15,30,DP,source,EraSystem.TickTurn,3840
15,30,Material,source,EraSystem.TickTurn,74
15,30,DP,sink,MinionRoster.TryForge,-19620
15,30,DP,sink,MinionRoster.TryEvolveIndividual,-225
15,30,Material,sink,MinionRoster.TryForge,-148
15,30,DP,sink,DungeonFeatureManager.TryPlaceTrap,-1200
15,30,DP,sink,MinionRoster.TrySummon,-207
15,30,DP,source,AdventurerAI.ReapEmotion,242
15,30,DP,source,AdventurerAI.TakeDamage,7459
15,30,Material,source,AdventurerAI.TakeDamage,135
15,30,DP,sink,CommandSystem.TryUse,-5200
15,30,DP,source,AdventurerAI.GrantReturnReward,15177
15,30,Fame,source,AdventurerAI.GrantReturnReward,530
15,30,Fame,source,LureEconomy.OnHeroEscaped,1325
15,30,DP,stock,end,17708
15,30,Material,stock,end,3502
15,30,Fame,stock,end,16325
15,31,DP,source,SurfaceMap.CollectYields,126
15,31,Material,source,SurfaceMap.CollectYields,7
15,31,Fame,source,SurfaceMap.CollectYields,28
15,31,DP,source,DistrictCatalog.Collect,28
15,31,DP,source,EraSystem.TickTurn,6528
15,31,Fame,source,EraSystem.TickTurn,272
15,31,DP,sink,MinionRoster.TryForge,-22500
15,31,DP,sink,MinionRoster.TryEvolveIndividual,-725
15,31,Material,sink,MinionRoster.TryForge,-172
15,31,DP,sink,DungeonFeatureManager.TryPlaceTrap,-900
15,31,DP,sink,MinionRoster.TrySummon,-242
15,31,DP,source,AdventurerAI.ReapEmotion,179
15,31,DP,source,AdventurerAI.GrantReturnReward,17475
15,31,Fame,source,AdventurerAI.GrantReturnReward,510
15,31,Fame,source,LureEconomy.OnHeroEscaped,1275
15,31,DP,sink,CommandSystem.TryUse,-4900
15,31,DP,source,AdventurerAI.TakeDamage,7162
15,31,Material,source,AdventurerAI.TakeDamage,68
15,31,DP,stock,end,19939
15,31,Material,stock,end,3405
15,31,Fame,stock,end,18410
15,32,DP,source,SurfaceMap.CollectYields,126
15,32,Material,source,SurfaceMap.CollectYields,7
15,32,Fame,source,SurfaceMap.CollectYields,28
15,32,DP,source,DistrictCatalog.Collect,28
15,32,DP,source,EraSystem.TickTurn,1920
15,32,DP,sink,MinionRoster.TryForge,-19260
15,32,DP,sink,MinionRoster.TryEvolveIndividual,-375
15,32,Material,sink,MinionRoster.TryForge,-190
15,32,DP,sink,DungeonFeatureManager.TryPlaceTrap,-2100
15,32,DP,sink,MinionRoster.TrySummon,-252
15,32,DP,source,AdventurerAI.ReapEmotion,182
15,32,DP,source,AdventurerAI.TakeDamage,12595
15,32,Material,source,AdventurerAI.TakeDamage,122
15,32,DP,sink,CommandSystem.TryUse,-5550
15,32,DP,source,AdventurerAI.GrantReturnReward,12464
15,32,Fame,source,AdventurerAI.GrantReturnReward,460
15,32,Fame,source,LureEconomy.OnHeroEscaped,1150
15,32,DP,source,Nemesis.OnSlain,3224
15,32,Material,source,Nemesis.OnSlain,21
15,32,DP,stock,end,22941
15,32,Material,stock,end,3365
15,32,Fame,stock,end,20048
15,33,DP,source,SurfaceMap.CollectYields,126
15,33,Material,source,SurfaceMap.CollectYields,7
15,33,Fame,source,SurfaceMap.CollectYields,28
15,33,DP,source,DistrictCatalog.Collect,28
15,33,DP,sink,MinionRoster.TryForge,-19860
15,33,DP,sink,MinionRoster.TryEvolveIndividual,-375
15,33,Material,sink,MinionRoster.TryForge,-200
15,33,DP,sink,DungeonFeatureManager.TryPlaceTrap,-2700
15,33,DP,sink,MinionRoster.TrySummon,-150
15,33,DP,source,AdventurerAI.ReapEmotion,194
15,33,DP,source,AdventurerAI.TakeDamage,24255
15,33,Material,source,AdventurerAI.TakeDamage,437
15,33,DP,sink,CommandSystem.TryUse,-4900
15,33,DP,source,AdventurerAI.GrantReturnReward,18799
15,33,Fame,source,AdventurerAI.GrantReturnReward,340
15,33,Fame,source,LureEconomy.OnHeroEscaped,850
15,33,DP,source,Nemesis.OnSlain,1550
15,33,Material,source,Nemesis.OnSlain,10
15,33,DP,stock,end,39908
15,33,Material,stock,end,3619
15,33,Fame,stock,end,21266
15,34,DP,source,SurfaceMap.CollectYields,126
15,34,Material,source,SurfaceMap.CollectYields,7
15,34,Fame,source,SurfaceMap.CollectYields,28
15,34,DP,source,DistrictCatalog.Collect,28
15,34,DP,sink,MinionRoster.TryForge,-5820
15,34,DP,sink,DungeonFloorManager.TryAddFloor,-31250
15,34,DP,sink,DungeonFloorManager.TryExpandFloor,-1200
15,34,DP,sink,MinionRoster.TryEvolveIndividual,-225
15,34,Material,sink,MinionRoster.TryForge,-38
15,34,DP,sink,DungeonFeatureManager.TryPlaceTrap,-1350
15,34,DP,sink,MinionRoster.TrySummon,-188
15,34,DP,source,AdventurerAI.ReapEmotion,243
15,34,DP,source,AdventurerAI.TakeDamage,24533
15,34,Material,source,AdventurerAI.TakeDamage,566
15,34,DP,sink,CommandSystem.TryUse,-5600
15,34,DP,source,AdventurerAI.GrantReturnReward,18119
15,34,Fame,source,AdventurerAI.GrantReturnReward,360
15,34,Fame,source,LureEconomy.OnHeroEscaped,900
15,34,DP,stock,end,37324
15,34,Material,stock,end,4154
15,34,Fame,stock,end,22554
15,35,DP,source,SurfaceMap.CollectYields,155
15,35,Material,source,SurfaceMap.CollectYields,7
15,35,Fame,source,SurfaceMap.CollectYields,34
15,35,DP,source,DistrictCatalog.Collect,28
15,35,DP,sink,MinionRoster.TryForge,-33900
15,35,DP,sink,DungeonFloorManager.TryExpandFloor,-1500
15,35,DP,sink,MinionRoster.TryEvolveIndividual,-625
15,35,Material,sink,MinionRoster.TryForge,-362
15,35,DP,sink,DungeonFeatureManager.TryPlaceTrap,-1200
15,35,DP,sink,MinionRoster.TrySummon,-262
15,35,DP,source,AdventurerAI.ReapEmotion,386
15,35,DP,sink,CommandSystem.TryUse,-5200
15,35,DP,source,AdventurerAI.GrantReturnReward,21733
15,35,Fame,source,AdventurerAI.GrantReturnReward,450
15,35,Fame,source,LureEconomy.OnHeroEscaped,1125
15,35,DP,source,AdventurerAI.TakeDamage,23607
15,35,Material,source,AdventurerAI.TakeDamage,948
15,35,DP,source,Nemesis.OnSlain,3943
15,35,Material,source,Nemesis.OnSlain,17
15,35,DP,stock,end,44489
15,35,Material,stock,end,4764
15,35,Fame,stock,end,24163
15,36,DP,source,SurfaceMap.CollectYields,183
15,36,Material,source,SurfaceMap.CollectYields,8
15,36,Fame,source,SurfaceMap.CollectYields,40
15,36,DP,source,DistrictCatalog.Collect,28
15,36,DP,sink,MinionRoster.TryForge,-41700
15,36,DP,sink,MinionRoster.TryEvolveIndividual,-775
15,36,Material,sink,MinionRoster.TryForge,-452
15,36,DP,sink,DungeonFeatureManager.TryPlaceTrap,-1950
15,36,DP,sink,MinionRoster.TrySummon,-262
15,36,DP,source,AdventurerAI.ReapEmotion,184
15,36,DP,source,AdventurerAI.GrantReturnReward,16876
15,36,Fame,source,AdventurerAI.GrantReturnReward,430
15,36,Fame,source,LureEconomy.OnHeroEscaped,1075
15,36,DP,sink,CommandSystem.TryUse,-4750
15,36,DP,source,AdventurerAI.TakeDamage,32113
15,36,Material,source,AdventurerAI.TakeDamage,1088
15,36,DP,source,Nemesis.OnSlain,1183
15,36,Material,source,Nemesis.OnSlain,8
15,36,DP,stock,end,45619
15,36,Material,stock,end,5416
15,36,Fame,stock,end,25708
15,37,DP,source,SurfaceMap.CollectYields,183
15,37,Material,source,SurfaceMap.CollectYields,8
15,37,Fame,source,SurfaceMap.CollectYields,40
15,37,DP,source,DistrictCatalog.Collect,28
15,37,DP,sink,MinionRoster.TryForge,-39660
15,37,DP,sink,DungeonFloorManager.TryExpandFloor,-2500
15,37,DP,sink,MinionRoster.TryEvolveIndividual,-375
15,37,Material,sink,MinionRoster.TryForge,-450
15,37,DP,sink,DungeonFeatureManager.TryPlaceTrap,-3000
15,37,DP,sink,MinionRoster.TrySummon,-273
15,37,DP,source,AdventurerAI.ReapEmotion,194
15,37,DP,source,AdventurerAI.TakeDamage,36506
15,37,Material,source,AdventurerAI.TakeDamage,5385
15,37,DP,sink,CommandSystem.TryUse,-5600
15,37,DP,source,AdventurerAI.GrantReturnReward,16832
15,37,Fame,source,AdventurerAI.GrantReturnReward,280
15,37,Fame,source,LureEconomy.OnHeroEscaped,700
15,37,DP,source,Nemesis.OnSlain,4278
15,37,Material,source,Nemesis.OnSlain,17
15,37,DP,stock,end,52232
15,37,Material,stock,end,10376
15,37,Fame,stock,end,26728
15,38,DP,source,SurfaceMap.CollectYields,183
15,38,Material,source,SurfaceMap.CollectYields,8
15,38,Fame,source,SurfaceMap.CollectYields,40
15,38,DP,source,DistrictCatalog.Collect,28
15,38,DP,sink,MinionRoster.TryForge,-48180
15,38,DP,sink,MinionRoster.TryEvolveIndividual,-375
15,38,Material,sink,MinionRoster.TryForge,-600
15,38,DP,sink,DungeonFeatureManager.TryPlaceTrap,-3600
15,38,DP,sink,MinionRoster.TrySummon,-284
15,38,DP,source,AdventurerAI.ReapEmotion,309
15,38,DP,sink,CommandSystem.TryUse,-4750
15,38,DP,source,AdventurerAI.TakeDamage,31252
15,38,Material,source,AdventurerAI.TakeDamage,523
15,38,DP,source,AdventurerAI.GrantReturnReward,16144
15,38,Fame,source,AdventurerAI.GrantReturnReward,340
15,38,Fame,source,LureEconomy.OnHeroEscaped,850
15,38,DP,source,Nemesis.OnSlain,3763
15,38,Material,source,Nemesis.OnSlain,24
15,38,DP,stock,end,46722
15,38,Material,stock,end,10331
15,38,Fame,stock,end,27958
15,39,DP,source,SurfaceMap.CollectYields,172
15,39,Material,source,SurfaceMap.CollectYields,9
15,39,Fame,source,SurfaceMap.CollectYields,38
15,39,DP,source,DistrictCatalog.Collect,28
15,39,DP,sink,MinionRoster.TryForge,-43380
15,39,DP,sink,MinionRoster.TryEvolveIndividual,-375
15,39,Material,sink,MinionRoster.TryForge,-536
15,39,DP,sink,DungeonFeatureManager.TryPlaceTrap,-1500
15,39,DP,sink,MinionRoster.TrySummon,-1637
15,39,DP,source,AdventurerAI.ReapEmotion,180
15,39,DP,source,AdventurerAI.TakeDamage,41270
15,39,Material,source,AdventurerAI.TakeDamage,4273
15,39,DP,sink,CommandSystem.TryUse,-5600
15,39,DP,source,AdventurerAI.GrantReturnReward,8892
15,39,Fame,source,AdventurerAI.GrantReturnReward,210
15,39,Fame,source,LureEconomy.OnHeroEscaped,525
15,39,DP,source,Nemesis.OnSlain,6429
15,39,Material,source,Nemesis.OnSlain,31
15,39,DP,stock,end,51201
15,39,Material,stock,end,14108
15,39,Fame,stock,end,28731
15,40,DP,source,SurfaceMap.CollectYields,172
15,40,Material,source,SurfaceMap.CollectYields,9
15,40,Fame,source,SurfaceMap.CollectYields,38
15,40,DP,source,DistrictCatalog.Collect,28
15,40,DP,sink,MinionRoster.TryForge,-48360
15,40,Material,sink,MinionRoster.TryForge,-560
15,40,DP,sink,MinionRoster.TrySummon,-3008
15,40,DP,source,AdventurerAI.ReapEmotion,381
15,40,DP,sink,CommandSystem.TryUse,-5200
15,40,DP,source,AdventurerAI.TakeDamage,26439
15,40,Material,source,AdventurerAI.TakeDamage,701
15,40,DP,source,AdventurerAI.GrantReturnReward,25763
15,40,Fame,source,AdventurerAI.GrantReturnReward,460
15,40,Fame,source,LureEconomy.OnHeroEscaped,1150
15,40,DP,source,Nemesis.OnSlain,1846
15,40,Material,source,Nemesis.OnSlain,12
15,40,DP,stock,end,49262
15,40,Material,stock,end,14270
15,40,Fame,stock,end,30379
15,41,DP,source,SurfaceMap.CollectYields,172
15,41,Material,source,SurfaceMap.CollectYields,9
15,41,Fame,source,SurfaceMap.CollectYields,38
15,41,DP,source,DistrictCatalog.Collect,28
15,41,DP,source,EraSystem.TickTurn,1920
15,41,DP,sink,MinionRoster.TryForge,-36540
15,41,Material,sink,MinionRoster.TryForge,-360
15,41,DP,sink,MinionRoster.TrySummon,-14819
15,41,DP,source,AdventurerAI.ReapEmotion,192
15,41,DP,source,AdventurerAI.TakeDamage,26780
15,41,Material,source,AdventurerAI.TakeDamage,408
15,41,DP,sink,CommandSystem.TryUse,-4750
15,41,DP,source,AdventurerAI.GrantReturnReward,23052
15,41,Fame,source,AdventurerAI.GrantReturnReward,420
15,41,Fame,source,LureEconomy.OnHeroEscaped,1050
15,41,DP,source,Nemesis.OnSlain,972
15,41,Material,source,Nemesis.OnSlain,6
15,41,DP,stock,end,46269
15,41,Material,stock,end,14333
15,41,Fame,stock,end,31887
15,42,DP,source,SurfaceMap.CollectYields,215
15,42,Material,source,SurfaceMap.CollectYields,12
15,42,Fame,source,SurfaceMap.CollectYields,38
15,42,DP,source,DistrictCatalog.Collect,28
15,42,DP,sink,MinionRoster.TryForge,-10512
15,42,DP,sink,MinionRoster.TrySummon,-35320
15,42,DP,sink,CommandSystem.TryUse,-5900
15,42,DP,source,AdventurerAI.ReapEmotion,288
15,42,DP,source,AdventurerAI.TakeDamage,29213
15,42,Material,source,AdventurerAI.TakeDamage,503
15,42,DP,source,AdventurerAI.GrantReturnReward,18151
15,42,Fame,source,AdventurerAI.GrantReturnReward,380
15,42,Fame,source,LureEconomy.OnHeroEscaped,950
15,42,DP,source,Nemesis.OnSlain,956
15,42,Material,source,Nemesis.OnSlain,6
15,42,DP,stock,end,43388
15,42,Material,stock,end,14854
15,42,Fame,stock,end,33255
15,43,DP,source,SurfaceMap.CollectYields,215
15,43,Material,source,SurfaceMap.CollectYields,12
15,43,Fame,source,SurfaceMap.CollectYields,38
15,43,DP,source,DistrictCatalog.Collect,28
15,43,DP,sink,MinionRoster.TryForge,-16218
15,43,Material,sink,MinionRoster.TryForge,-18
15,43,DP,sink,MinionRoster.TrySummon,-27400
15,43,DP,source,AdventurerAI.ReapEmotion,216
15,43,DP,source,AdventurerAI.GrantReturnReward,30047
15,43,Fame,source,AdventurerAI.GrantReturnReward,410
15,43,Fame,source,LureEconomy.OnHeroEscaped,1025
15,43,DP,sink,CommandSystem.TryUse,-5600
15,43,DP,source,AdventurerAI.TakeDamage,28257
15,43,Material,source,AdventurerAI.TakeDamage,832
15,43,DP,stock,end,52933
15,43,Material,stock,end,15680
15,43,Fame,stock,end,34728
15,44,DP,source,SurfaceMap.CollectYields,215
15,44,Material,source,SurfaceMap.CollectYields,12
15,44,Fame,source,SurfaceMap.CollectYields,38
15,44,DP,source,DistrictCatalog.Collect,28
15,44,DP,sink,MinionRoster.TryForge,-29790
15,44,Material,sink,MinionRoster.TryForge,-174
15,44,DP,sink,MinionRoster.TrySummon,-23377
15,44,DP,source,AdventurerAI.ReapEmotion,324
15,44,DP,sink,CommandSystem.TryUse,-5100
15,44,DP,source,AdventurerAI.TakeDamage,35770
15,44,Material,source,AdventurerAI.TakeDamage,1134
15,44,DP,source,AdventurerAI.GrantReturnReward,21300
15,44,Fame,source,AdventurerAI.GrantReturnReward,380
15,44,Fame,source,LureEconomy.OnHeroEscaped,950
15,44,DP,source,Nemesis.OnSlain,3592
15,44,Material,source,Nemesis.OnSlain,20
15,44,DP,stock,end,55895
15,44,Material,stock,end,16672
15,44,Fame,stock,end,36096
15,45,DP,source,SurfaceMap.CollectYields,215
15,45,Material,source,SurfaceMap.CollectYields,12
15,45,Fame,source,SurfaceMap.CollectYields,38
15,45,DP,source,DistrictCatalog.Collect,28
15,45,DP,sink,MinionRoster.TryForge,-52920
15,45,Material,sink,MinionRoster.TryForge,-546
15,45,DP,sink,MinionRoster.TrySummon,-3182
15,45,DP,source,AdventurerAI.ReapEmotion,290
15,45,DP,sink,CommandSystem.TryUse,-5200
15,45,DP,source,AdventurerAI.TakeDamage,57668
15,45,Material,source,AdventurerAI.TakeDamage,803
15,45,DP,source,AdventurerAI.GrantReturnReward,20748
15,45,Fame,source,AdventurerAI.GrantReturnReward,300
15,45,Fame,source,LureEconomy.OnHeroEscaped,750
15,45,DP,source,Nemesis.OnSlain,3640
15,45,Material,source,Nemesis.OnSlain,22
15,45,DP,stock,end,77182
15,45,Material,stock,end,16963
15,45,Fame,stock,end,37184
15,46,DP,source,SurfaceMap.CollectYields,215
15,46,Material,source,SurfaceMap.CollectYields,12
15,46,Fame,source,SurfaceMap.CollectYields,38
15,46,DP,source,DistrictCatalog.Collect,28
15,46,DP,sink,MinionRoster.TryForge,-17160
15,46,Material,sink,MinionRoster.TryForge,-198
15,46,DP,sink,MinionEvolution.TryEvolve,-9050
15,46,DP,sink,MinionRoster.TryEvolveIndividual,-49150
15,46,DP,sink,MinionRoster.TrySummon,-2058
15,46,DP,source,AdventurerAI.ReapEmotion,287
15,46,DP,source,AdventurerAI.TakeDamage,30006
15,46,Material,source,AdventurerAI.TakeDamage,504
15,46,DP,sink,CommandSystem.TryUse,-5600
15,46,DP,source,AdventurerAI.GrantReturnReward,23935
15,46,Fame,source,AdventurerAI.GrantReturnReward,430
15,46,Fame,source,LureEconomy.OnHeroEscaped,1075
15,46,DP,source,Nemesis.OnSlain,3423
15,46,Material,source,Nemesis.OnSlain,19
15,46,DP,stock,end,52058
15,46,Material,stock,end,17300
15,46,Fame,stock,end,38727
15,47,DP,source,SurfaceMap.CollectYields,215
15,47,Material,source,SurfaceMap.CollectYields,12
15,47,Fame,source,SurfaceMap.CollectYields,38
15,47,DP,source,DistrictCatalog.Collect,28
15,47,DP,source,EraSystem.TickTurn,9720
15,47,DP,sink,MinionRoster.TryForge,-59040
15,47,Material,sink,MinionRoster.TryForge,-776
15,47,DP,sink,MinionRoster.TrySummon,-2963
15,47,DP,source,AdventurerAI.ReapEmotion,300
15,47,DP,sink,CommandSystem.TryUse,-5100
15,47,DP,source,AdventurerAI.GrantReturnReward,20789
15,47,Fame,source,AdventurerAI.GrantReturnReward,320
15,47,Fame,source,LureEconomy.OnHeroEscaped,800
15,47,DP,source,AdventurerAI.TakeDamage,43886
15,47,Material,source,AdventurerAI.TakeDamage,863
15,47,DP,source,Nemesis.OnSlain,2042
15,47,Material,source,Nemesis.OnSlain,12
15,47,DP,stock,end,61935
15,47,Material,stock,end,17411
15,47,Fame,stock,end,39885
15,48,DP,source,SurfaceMap.CollectYields,215
15,48,Material,source,SurfaceMap.CollectYields,12
15,48,Fame,source,SurfaceMap.CollectYields,38
15,48,DP,source,DistrictCatalog.Collect,28
15,48,DP,source,EraSystem.TickTurn,9720
15,48,DP,sink,MinionRoster.TryForge,-4800
15,48,Material,sink,MinionRoster.TryForge,-64
15,48,DP,sink,MinionEvolution.TryEvolve,-14200
15,48,DP,sink,MinionRoster.TryEvolveIndividual,-51850
15,48,DP,sink,MinionRoster.TrySummon,-1035
15,48,DP,source,AdventurerAI.ReapEmotion,228
15,48,DP,source,AdventurerAI.TakeDamage,49896
15,48,Material,source,AdventurerAI.TakeDamage,545
15,48,DP,sink,CommandSystem.TryUse,-5600
15,48,DP,source,AdventurerAI.GrantReturnReward,12266
15,48,Fame,source,AdventurerAI.GrantReturnReward,270
15,48,Fame,source,LureEconomy.OnHeroEscaped,675
15,48,DP,source,Nemesis.OnSlain,3429
15,48,Material,source,Nemesis.OnSlain,20
15,48,DP,stock,end,60232
15,48,Material,stock,end,17924
15,48,Fame,stock,end,40868
15,49,DP,source,SurfaceMap.CollectYields,215
15,49,Material,source,SurfaceMap.CollectYields,12
15,49,Fame,source,SurfaceMap.CollectYields,38
15,49,DP,source,DistrictCatalog.Collect,28
15,49,DP,source,EraSystem.TickTurn,9720
15,49,DP,sink,MinionRoster.TryForge,-4800
15,49,Material,sink,MinionRoster.TryForge,-64
15,49,DP,sink,MinionEvolution.TryEvolve,-19050
15,49,DP,sink,MinionRoster.TryEvolveIndividual,-45950
15,49,DP,sink,MinionRoster.TrySummon,-372
15,49,DP,source,AdventurerAI.ReapEmotion,125
15,49,DP,source,AdventurerAI.TakeDamage,34633
15,49,Material,source,AdventurerAI.TakeDamage,591
15,49,DP,sink,CommandSystem.TryUse,-5600
15,49,DP,source,AdventurerAI.GrantReturnReward,5041
15,49,Fame,source,AdventurerAI.GrantReturnReward,100
15,49,Fame,source,LureEconomy.OnHeroEscaped,250
15,49,DP,source,Nemesis.OnSlain,3482
15,49,Material,source,Nemesis.OnSlain,20
15,49,DP,stock,end,37704
15,49,Material,stock,end,18483
15,49,Fame,stock,end,41256
15,50,DP,source,SurfaceMap.CollectYields,186
15,50,Material,source,SurfaceMap.CollectYields,10
15,50,Fame,source,SurfaceMap.CollectYields,33
15,50,DP,source,DistrictCatalog.Collect,28
15,50,DP,source,EraSystem.TickTurn,9720
15,50,DP,sink,MinionRoster.TryForge,-4800
15,50,Material,sink,MinionRoster.TryForge,-64
15,50,DP,sink,MinionRoster.TryEvolveIndividual,-42050
15,50,DP,sink,MinionRoster.TrySummon,-744
15,50,DP,source,AdventurerAI.ReapEmotion,538
15,50,DP,sink,CommandSystem.TryUse,-6050
15,50,DP,source,AdventurerAI.TakeDamage,83392
15,50,Material,source,AdventurerAI.TakeDamage,1321
15,50,DP,source,AdventurerAI.GrantReturnReward,9288
15,50,Fame,source,AdventurerAI.GrantReturnReward,180
15,50,Fame,source,LureEconomy.OnHeroEscaped,450
15,50,DP,source,Nemesis.OnSlain,2106
15,50,Material,source,Nemesis.OnSlain,12
15,50,DP,stock,end,89318
15,50,Material,stock,end,19762
15,50,Fame,stock,end,41919
15,51,DP,source,SurfaceMap.CollectYields,186
15,51,Material,source,SurfaceMap.CollectYields,10
15,51,Fame,source,SurfaceMap.CollectYields,33
15,51,DP,source,DistrictCatalog.Collect,28
15,51,DP,source,EraSystem.TickTurn,16524
15,51,Material,source,EraSystem.TickTurn,62
15,51,DP,sink,MinionRoster.TryForge,-4800
15,51,Material,sink,MinionRoster.TryForge,-64
15,51,DP,sink,DungeonFloorManager.TryAddFloor,-78125
15,51,DP,sink,DungeonFloorManager.TryExpandFloor,-5200
15,51,DP,sink,MinionRoster.TryEvolveIndividual,-17600
15,51,DP,sink,DungeonFeatureManager.TryPlaceTrap,-150
15,51,DP,sink,MinionRoster.TrySummon,-144
15,51,DP,source,AdventurerAI.ReapEmotion,250
15,51,DP,source,AdventurerAI.TakeDamage,59873
15,51,Material,source,AdventurerAI.TakeDamage,894
15,51,DP,sink,CommandSystem.TryUse,-5600
15,51,DP,source,AdventurerAI.GrantReturnReward,12074
15,51,Fame,source,AdventurerAI.GrantReturnReward,300
15,51,Fame,source,LureEconomy.OnHeroEscaped,750
15,51,DP,source,Nemesis.OnSlain,1069
15,51,Material,source,Nemesis.OnSlain,6
15,51,DP,stock,end,67703
15,51,Material,stock,end,20670
15,51,Fame,stock,end,43002
15,52,DP,source,SurfaceMap.CollectYields,186
15,52,Material,source,SurfaceMap.CollectYields,10
15,52,Fame,source,SurfaceMap.CollectYields,33
15,52,DP,source,DistrictCatalog.Collect,28
15,52,Material,source,DistrictCatalog.Collect,7
15,52,DP,source,EraSystem.TickTurn,9720
15,52,Material,source,EraSystem.TickTurn,62
15,52,DP,sink,MinionRoster.TryForge,-60000
15,52,Material,sink,MinionRoster.TryForge,-800
15,52,DP,sink,MinionRoster.TryEvolveIndividual,-14750
15,52,DP,sink,DungeonFeatureManager.TryPlaceTrap,-2700
15,52,DP,sink,MinionRoster.TrySummon,-186
15,52,DP,source,AdventurerAI.ReapEmotion,349
15,52,DP,sink,CommandSystem.TryUse,-5600
15,52,DP,source,AdventurerAI.TakeDamage,76516
15,52,Material,source,AdventurerAI.TakeDamage,895
15,52,DP,source,AdventurerAI.GrantReturnReward,10796
15,52,Fame,source,AdventurerAI.GrantReturnReward,160
15,52,Fame,source,LureEconomy.OnHeroEscaped,400
15,52,DP,source,Nemesis.OnSlain,3618
15,52,Material,source,Nemesis.OnSlain,20
15,52,DP,stock,end,85680
15,52,Material,stock,end,20864
15,52,Fame,stock,end,43595
15,53,DP,source,SurfaceMap.CollectYields,215
15,53,Material,source,SurfaceMap.CollectYields,12
15,53,Fame,source,SurfaceMap.CollectYields,38
15,53,DP,source,DistrictCatalog.Collect,28
15,53,Material,source,DistrictCatalog.Collect,7
15,53,DP,source,EraSystem.TickTurn,9720
15,53,Material,source,EraSystem.TickTurn,62
15,53,Fame,source,EraSystem.TickTurn,135
15,53,DP,sink,MinionRoster.TryForge,-84480
15,53,Material,sink,MinionRoster.TryForge,-1184
15,53,DP,sink,MinionRoster.TryEvolveIndividual,-6600
15,53,DP,sink,DungeonFeatureManager.TryPlaceTrap,-2100
15,53,DP,sink,MinionRoster.TrySummon,-2449
15,53,DP,source,AdventurerAI.ReapEmotion,139
15,53,DP,source,AdventurerAI.TakeDamage,78379
15,53,Material,source,AdventurerAI.TakeDamage,1142
15,53,DP,sink,CommandSystem.TryUse,-5950
15,53,DP,source,AdventurerAI.GrantReturnReward,17700
15,53,Fame,source,AdventurerAI.GrantReturnReward,390
15,53,Fame,source,LureEconomy.OnHeroEscaped,975
15,53,DP,source,Nemesis.OnSlain,1469
15,53,Material,source,Nemesis.OnSlain,8
15,53,DP,stock,end,91751
15,53,Material,stock,end,20911
15,53,Fame,stock,end,45133
15,54,DP,source,SurfaceMap.CollectYields,245
15,54,Material,source,SurfaceMap.CollectYields,12
15,54,Fame,source,SurfaceMap.CollectYields,46
15,54,DP,source,DistrictCatalog.Collect,28
15,54,Material,source,DistrictCatalog.Collect,8
15,54,DP,source,EraSystem.TickTurn,9720
15,54,DP,sink,MinionRoster.TryForge,-97920
15,54,Material,sink,MinionRoster.TryForge,-1428
15,54,DP,sink,MinionRoster.TrySummon,-3813
15,54,DP,source,AdventurerAI.ReapEmotion,144
15,54,DP,source,AdventurerAI.TakeDamage,36351
15,54,Material,source,AdventurerAI.TakeDamage,663
15,54,DP,source,AdventurerAI.GrantReturnReward,7976
15,54,Fame,source,AdventurerAI.GrantReturnReward,230
15,54,Fame,source,LureEconomy.OnHeroEscaped,575
15,54,DP,sink,CommandSystem.TryUse,-5600
15,54,DP,source,Nemesis.OnSlain,2204
15,54,Material,source,Nemesis.OnSlain,12
15,54,DP,stock,end,41086
15,54,Material,stock,end,20178
15,54,Fame,stock,end,45984
15,55,DP,source,SurfaceMap.CollectYields,264
15,55,Material,source,SurfaceMap.CollectYields,12
15,55,Fame,source,SurfaceMap.CollectYields,46
15,55,DP,source,DistrictCatalog.Collect,28
15,55,Material,source,DistrictCatalog.Collect,8
15,55,DP,source,EraSystem.TickTurn,11664
15,55,DP,sink,MinionRoster.TryForge,-48960
15,55,Material,sink,MinionRoster.TryForge,-714
15,55,DP,sink,MinionRoster.TrySummon,-4066
15,55,DP,source,AdventurerAI.ReapEmotion,458
15,55,DP,sink,CommandSystem.TryUse,-6050
15,55,DP,source,AdventurerAI.TakeDamage,106227
15,55,Material,source,AdventurerAI.TakeDamage,1215
15,55,DP,source,AdventurerAI.GrantReturnReward,18029
15,55,Fame,source,AdventurerAI.GrantReturnReward,370
15,55,Fame,source,LureEconomy.OnHeroEscaped,925
15,55,DP,source,Nemesis.OnSlain,4600
15,55,Material,source,Nemesis.OnSlain,24
15,55,DP,stock,end,123280
15,55,Material,stock,end,20723
15,55,Fame,stock,end,47325
15,56,DP,source,SurfaceMap.CollectYields,264
15,56,Material,source,SurfaceMap.CollectYields,12
15,56,Fame,source,SurfaceMap.CollectYields,46
15,56,DP,source,DistrictCatalog.Collect,28
15,56,Material,source,DistrictCatalog.Collect,8
15,56,DP,sink,MinionRoster.TryForge,-120960
15,56,Material,sink,MinionRoster.TryForge,-1764
15,56,DP,sink,MinionRoster.TrySummon,-2574
15,56,DP,source,AdventurerAI.ReapEmotion,216
15,56,DP,source,AdventurerAI.GrantReturnReward,18865
15,56,Fame,source,AdventurerAI.GrantReturnReward,380
15,56,Fame,source,LureEconomy.OnHeroEscaped,950
15,56,DP,sink,CommandSystem.TryUse,-5600
15,56,DP,source,AdventurerAI.TakeDamage,81987
15,56,Material,source,AdventurerAI.TakeDamage,1371
15,56,DP,source,Nemesis.OnSlain,3778
15,56,Material,source,Nemesis.OnSlain,20
15,56,DP,stock,end,99284
15,56,Material,stock,end,20370
15,56,Fame,stock,end,48701
15,57,DP,source,SurfaceMap.CollectYields,264
15,57,Material,source,SurfaceMap.CollectYields,12
15,57,Fame,source,SurfaceMap.CollectYields,46
15,57,DP,source,DistrictCatalog.Collect,28
15,57,Material,source,DistrictCatalog.Collect,7
15,57,DP,sink,MinionRoster.TryForge,-94320
15,57,Material,sink,MinionRoster.TryForge,-1403
15,57,DP,sink,MinionRoster.TrySummon,-5246
15,57,DP,source,AdventurerAI.ReapEmotion,234
15,57,DP,source,AdventurerAI.TakeDamage,122995
15,57,Material,source,AdventurerAI.TakeDamage,1669
15,57,DP,sink,CommandSystem.TryUse,-5900
15,57,DP,source,AdventurerAI.GrantReturnReward,24537
15,57,Fame,source,AdventurerAI.GrantReturnReward,770
15,57,Fame,source,LureEconomy.OnHeroEscaped,1925
15,57,DP,source,Nemesis.OnSlain,3450
15,57,Material,source,Nemesis.OnSlain,18
15,57,DP,stock,end,145326
15,57,Material,stock,end,20673
15,57,Fame,stock,end,51442
15,58,DP,source,SurfaceMap.CollectYields,215
15,58,Material,source,SurfaceMap.CollectYields,12
15,58,Fame,source,SurfaceMap.CollectYields,38
15,58,DP,source,DistrictCatalog.Collect,28
15,58,Material,source,DistrictCatalog.Collect,7
15,58,DP,sink,MinionRoster.TryForge,-140400
15,58,Material,sink,MinionRoster.TryForge,-2145
15,58,DP,sink,MinionRoster.TrySummon,-5119
15,58,DP,source,AdventurerAI.ReapEmotion,250
15,58,DP,sink,CommandSystem.TryUse,-5600
15,58,DP,source,AdventurerAI.TakeDamage,104030
15,58,Material,source,AdventurerAI.TakeDamage,1983
15,58,DP,source,AdventurerAI.GrantReturnReward,24574
15,58,Fame,source,AdventurerAI.GrantReturnReward,310
15,58,Fame,source,LureEconomy.OnHeroEscaped,775
15,58,DP,source,Nemesis.OnSlain,2300
15,58,Material,source,Nemesis.OnSlain,12
15,58,DP,stock,end,125604
15,58,Material,stock,end,20542
15,58,Fame,stock,end,52565
15,59,DP,source,SurfaceMap.CollectYields,215
15,59,Material,source,SurfaceMap.CollectYields,12
15,59,Fame,source,SurfaceMap.CollectYields,38
15,59,DP,source,DistrictCatalog.Collect,28
15,59,Material,source,DistrictCatalog.Collect,8
15,59,DP,sink,MinionRoster.TryForge,-122400
15,59,Material,sink,MinionRoster.TryForge,-1870
15,59,DP,sink,MinionRoster.TrySummon,-3419
15,59,DP,source,AdventurerAI.ReapEmotion,234
15,59,DP,source,AdventurerAI.TakeDamage,77173
15,59,Material,source,AdventurerAI.TakeDamage,964
15,59,DP,sink,CommandSystem.TryUse,-6250
15,59,DP,source,AdventurerAI.GrantReturnReward,17685
15,59,Fame,source,AdventurerAI.GrantReturnReward,430
15,59,Fame,source,LureEconomy.OnHeroEscaped,1075
15,59,DP,source,Nemesis.OnSlain,2430
15,59,Material,source,Nemesis.OnSlain,12
15,59,DP,stock,end,91300
15,59,Material,stock,end,19668
15,59,Fame,stock,end,54108
15,60,DP,source,SurfaceMap.CollectYields,264
15,60,Material,source,SurfaceMap.CollectYields,12
15,60,Fame,source,SurfaceMap.CollectYields,46
15,60,DP,source,DistrictCatalog.Collect,28
15,60,Material,source,DistrictCatalog.Collect,8
15,60,DP,sink,MinionRoster.TryForge,-86400
15,60,Material,sink,MinionRoster.TryForge,-1320
15,60,DP,sink,MinionRoster.TrySummon,-5185
15,60,DP,source,AdventurerAI.ReapEmotion,474
15,60,DP,sink,CommandSystem.TryUse,-6050
15,60,DP,source,AdventurerAI.TakeDamage,110018
15,60,Material,source,AdventurerAI.TakeDamage,1686
15,60,DP,source,AdventurerAI.GrantReturnReward,28377
15,60,Fame,source,AdventurerAI.GrantReturnReward,400
15,60,Fame,source,LureEconomy.OnHeroEscaped,1000
15,60,DP,source,Nemesis.OnSlain,3937
15,60,Material,source,Nemesis.OnSlain,20
15,60,DP,stock,end,136763
15,60,Material,stock,end,20074
15,60,Fame,stock,end,55554
15,61,DP,source,SurfaceMap.CollectYields,264
15,61,Material,source,SurfaceMap.CollectYields,12
15,61,Fame,source,SurfaceMap.CollectYields,46
15,61,DP,source,DistrictCatalog.Collect,28
15,61,Material,source,DistrictCatalog.Collect,8
15,61,DP,sink,MinionRoster.TryForge,-132480
15,61,Material,sink,MinionRoster.TryForge,-2080
15,61,DP,sink,MinionRoster.TrySummon,-4556
15,61,DP,source,AdventurerAI.ReapEmotion,144
15,61,DP,source,AdventurerAI.TakeDamage,95699
15,61,Material,source,AdventurerAI.TakeDamage,1878
15,61,DP,sink,CommandSystem.TryUse,-5600
15,61,DP,source,AdventurerAI.GrantReturnReward,22113
15,61,Fame,source,AdventurerAI.GrantReturnReward,360
15,61,Fame,source,LureEconomy.OnHeroEscaped,900
15,61,DP,source,Nemesis.OnSlain,1199
15,61,Material,source,Nemesis.OnSlain,6
15,61,DP,stock,end,113574
15,61,Material,stock,end,19898
15,61,Fame,stock,end,56860
15,62,DP,source,SurfaceMap.CollectYields,264
15,62,Material,source,SurfaceMap.CollectYields,12
15,62,Fame,source,SurfaceMap.CollectYields,46
15,62,DP,source,DistrictCatalog.Collect,28
15,62,Material,source,DistrictCatalog.Collect,8
15,62,DP,sink,MinionRoster.TryForge,-108000
15,62,Material,sink,MinionRoster.TryForge,-1750
15,62,DP,sink,MinionRoster.TrySummon,-5859
15,62,DP,source,AdventurerAI.ReapEmotion,248
15,62,DP,source,AdventurerAI.TakeDamage,135411
15,62,Material,source,AdventurerAI.TakeDamage,1953
15,62,DP,sink,CommandSystem.TryUse,-6050
15,62,DP,source,AdventurerAI.GrantReturnReward,30144
15,62,Fame,source,AdventurerAI.GrantReturnReward,710
15,62,Fame,source,LureEconomy.OnHeroEscaped,1775
15,62,DP,source,Nemesis.OnSlain,2430
15,62,Material,source,Nemesis.OnSlain,12
15,62,DP,stock,end,162190
15,62,Material,stock,end,20133
15,62,Fame,stock,end,59391
15,63,DP,source,SurfaceMap.CollectYields,264
15,63,Material,source,SurfaceMap.CollectYields,12
15,63,Fame,source,SurfaceMap.CollectYields,46
15,63,DP,source,DistrictCatalog.Collect,28
15,63,Material,source,DistrictCatalog.Collect,7
15,63,DP,sink,MinionRoster.TryForge,-155520
15,63,Material,sink,MinionRoster.TryForge,-2520
15,63,DP,sink,MinionRoster.TrySummon,-6946
15,63,DP,source,AdventurerAI.ReapEmotion,236
15,63,DP,source,AdventurerAI.TakeDamage,87836
15,63,Material,source,AdventurerAI.TakeDamage,1033
15,63,DP,sink,CommandSystem.TryUse,-6050
15,63,DP,source,AdventurerAI.GrantReturnReward,24294
15,63,Fame,source,AdventurerAI.GrantReturnReward,480
15,63,Fame,source,LureEconomy.OnHeroEscaped,1200
15,63,DP,stock,end,106332
15,63,Material,stock,end,18665
15,63,Fame,stock,end,61117
15,64,DP,source,SurfaceMap.CollectYields,215
15,64,Material,source,SurfaceMap.CollectYields,12
15,64,Fame,source,SurfaceMap.CollectYields,38
15,64,DP,source,DistrictCatalog.Collect,28
15,64,Material,source,DistrictCatalog.Collect,7
15,64,DP,sink,MinionRoster.TryForge,-99360
15,64,Material,sink,MinionRoster.TryForge,-1610
15,64,DP,sink,MinionRoster.TrySummon,-7164
15,64,DP,source,AdventurerAI.ReapEmotion,162
15,64,DP,source,AdventurerAI.TakeDamage,80419
15,64,Material,source,AdventurerAI.TakeDamage,910
15,64,DP,sink,CommandSystem.TryUse,-5200
15,64,DP,source,AdventurerAI.GrantReturnReward,28120
15,64,Fame,source,AdventurerAI.GrantReturnReward,560
15,64,Fame,source,LureEconomy.OnHeroEscaped,1400
15,64,DP,source,Nemesis.OnSlain,4114
15,64,Material,source,Nemesis.OnSlain,20
15,64,DP,stock,end,107666
15,64,Material,stock,end,18004
15,64,Fame,stock,end,63115
15,65,DP,source,SurfaceMap.CollectYields,215
15,65,Material,source,SurfaceMap.CollectYields,12
15,65,Fame,source,SurfaceMap.CollectYields,38
15,65,DP,source,DistrictCatalog.Collect,28
15,65,Material,source,DistrictCatalog.Collect,7
15,65,DP,sink,MinionRoster.TryForge,-103680
15,65,Material,sink,MinionRoster.TryForge,-1680
15,65,DP,sink,MinionRoster.TrySummon,-4227
15,65,DP,source,AdventurerAI.ReapEmotion,538
15,65,DP,sink,CommandSystem.TryUse,-4900
15,65,DP,source,AdventurerAI.TakeDamage,88078
15,65,Material,source,AdventurerAI.TakeDamage,824
15,65,DP,source,AdventurerAI.GrantReturnReward,12973
15,65,Fame,source,AdventurerAI.GrantReturnReward,120
15,65,Fame,source,LureEconomy.OnHeroEscaped,300
15,65,DP,source,Nemesis.OnSlain,6881
15,65,Material,source,Nemesis.OnSlain,31
15,65,DP,stock,end,103572
15,65,Material,stock,end,17198
15,65,Fame,stock,end,63573
15,66,DP,source,SurfaceMap.CollectYields,215
15,66,Material,source,SurfaceMap.CollectYields,12
15,66,Fame,source,SurfaceMap.CollectYields,38
15,66,DP,source,DistrictCatalog.Collect,28
15,66,Material,source,DistrictCatalog.Collect,7
15,66,DP,sink,MinionRoster.TryForge,-97320
15,66,Material,sink,MinionRoster.TryForge,-1680
15,66,DP,sink,MinionRoster.TrySummon,-6464
15,66,DP,source,AdventurerAI.ReapEmotion,381
15,66,DP,sink,CommandSystem.TryUse,-5700
15,66,DP,source,AdventurerAI.TakeDamage,88318
15,66,Material,source,AdventurerAI.TakeDamage,1313
15,66,Fame,source,AdventurerAI.GrantReturnReward,550
15,66,Fame,source,LureEconomy.OnHeroEscaped,1375
15,66,DP,source,AdventurerAI.GrantReturnReward,25390
15,66,DP,source,Nemesis.OnSlain,2528
15,66,Material,source,Nemesis.OnSlain,12
15,66,DP,stock,end,110948
15,66,Material,stock,end,16862
15,66,Fame,stock,end,65536
15,67,DP,source,SurfaceMap.CollectYields,186
15,67,Material,source,SurfaceMap.CollectYields,10
15,67,Fame,source,SurfaceMap.CollectYields,33
15,67,DP,source,DistrictCatalog.Collect,28
15,67,Material,source,DistrictCatalog.Collect,7
15,67,DP,sink,MinionRoster.TryForge,-107100
15,67,Material,sink,MinionRoster.TryForge,-1890
15,67,DP,sink,MinionRoster.TrySummon,-4059
15,67,DP,source,AdventurerAI.ReapEmotion,234
15,67,DP,source,AdventurerAI.TakeDamage,81581
15,67,Material,source,AdventurerAI.TakeDamage,1787
15,67,DP,sink,CommandSystem.TryUse,-4900
15,67,DP,source,AdventurerAI.GrantReturnReward,25519
15,67,Fame,source,AdventurerAI.GrantReturnReward,570
15,67,Fame,source,LureEconomy.OnHeroEscaped,1425
15,67,DP,source,Nemesis.OnSlain,2560
15,67,Material,source,Nemesis.OnSlain,12
15,67,DP,stock,end,104997
15,67,Material,stock,end,16788
15,67,Fame,stock,end,67564
16,1,DP,sink,DungeonFeatureManager.TryPlaceTrap,-150
16,1,DP,sink,MinionRoster.TrySummon,-46
16,1,DP,source,AdventurerAI.ReapEmotion,150
16,1,DP,source,AdventurerAI.GrantReturnReward,542
16,1,Fame,source,AdventurerAI.GrantReturnReward,30
16,1,Fame,source,LureEconomy.OnHeroEscaped,75
16,1,DP,sink,CommandSystem.TryUse,-650
16,1,DP,source,AdventurerAI.TakeDamage,109
16,1,Material,source,AdventurerAI.TakeDamage,4
16,1,DP,stock,end,155
16,1,Material,stock,end,4
16,1,Fame,stock,end,105
16,2,DP,source,SurfaceMap.CollectYields,18
16,2,Material,source,SurfaceMap.CollectYields,1
16,2,Fame,source,SurfaceMap.CollectYields,4
16,2,DP,source,EraSystem.TickTurn,600
16,2,Fame,source,EraSystem.TickTurn,25
16,2,DP,sink,MinionRoster.TryForge,-236
16,2,DP,sink,MinionEvolution.TryEvolve,-225
16,2,DP,sink,DungeonFeatureManager.TryPlaceTrap,-150
16,2,DP,sink,MinionRoster.TrySummon,-156
16,2,DP,source,AdventurerAI.TakeDamage,284
16,2,Material,source,AdventurerAI.TakeDamage,8
16,2,DP,source,AdventurerAI.ReapEmotion,176
16,2,DP,sink,CommandSystem.TryUse,-300
16,2,DP,source,AdventurerAI.GrantReturnReward,117
16,2,Fame,source,AdventurerAI.GrantReturnReward,10
16,2,Fame,source,LureEconomy.OnHeroEscaped,25
16,2,DP,stock,end,283
16,2,Material,stock,end,13
16,2,Fame,stock,end,169
16,3,DP,source,SurfaceMap.CollectYields,18
16,3,Material,source,SurfaceMap.CollectYields,1
16,3,Fame,source,SurfaceMap.CollectYields,4
16,3,DP,source,EraSystem.TickTurn,600
16,3,Material,source,EraSystem.TickTurn,10
16,3,Fame,source,EraSystem.TickTurn,25
16,3,DP,sink,MinionRoster.TryForge,-236
16,3,DP,sink,MinionEvolution.TryEvolve,-175
16,3,DP,sink,MinionRoster.TryEvolveIndividual,-175
16,3,DP,sink,DungeonFeatureManager.TryPlaceTrap,-150
16,3,DP,sink,MinionRoster.TrySummon,-161
16,3,DP,source,AdventurerAI.ReapEmotion,183
16,3,DP,source,AdventurerAI.GrantReturnReward,564
16,3,Fame,source,AdventurerAI.GrantReturnReward,30
16,3,Fame,source,LureEconomy.OnHeroEscaped,75
16,3,DP,source,AdventurerAI.TakeDamage,163
16,3,Material,source,AdventurerAI.TakeDamage,8
16,3,DP,sink,CommandSystem.TryUse,-1150
16,3,DP,source,Nemesis.OnSlain,437
16,3,Material,source,Nemesis.OnSlain,5
16,3,DP,stock,end,201
16,3,Material,stock,end,37
16,3,Fame,stock,end,303
16,4,DP,source,SurfaceMap.CollectYields,18
16,4,Material,source,SurfaceMap.CollectYields,1
16,4,Fame,source,SurfaceMap.CollectYields,4
16,4,DP,source,EraSystem.TickTurn,600
16,4,DP,sink,MinionRoster.TryForge,-236
16,4,DP,sink,MinionEvolution.TryEvolve,-225
16,4,DP,sink,DungeonFeatureManager.TryPlaceTrap,-300
16,4,DP,sink,MinionRoster.TrySummon,-58
16,4,DP,source,AdventurerAI.ReapEmotion,184
16,4,DP,source,AdventurerAI.GrantReturnReward,57
16,4,Fame,source,AdventurerAI.GrantReturnReward,10
16,4,Fame,source,LureEconomy.OnHeroEscaped,25
16,4,DP,source,AdventurerAI.TakeDamage,418
16,4,Material,source,AdventurerAI.TakeDamage,118
16,4,DP,sink,CommandSystem.TryUse,-300
16,4,DP,stock,end,359
16,4,Material,stock,end,156
16,4,Fame,stock,end,342
16,5,DP,source,SurfaceMap.CollectYields,18
16,5,Material,source,SurfaceMap.CollectYields,1
16,5,Fame,source,SurfaceMap.CollectYields,4
16,5,DP,source,EraSystem.TickTurn,600
16,5,DP,sink,MinionRoster.TryForge,-212
16,5,DP,sink,DungeonFloorManager.TryExpandFloor,-400
16,5,DP,sink,DungeonFeatureManager.TryPlaceTrap,-150
16,5,DP,sink,MinionRoster.TrySummon,-210
16,5,DP,source,AdventurerAI.ReapEmotion,132
16,5,DP,source,AdventurerAI.TakeDamage,613
16,5,Material,source,AdventurerAI.TakeDamage,22
16,5,DP,sink,CommandSystem.TryUse,-950
16,5,DP,source,Nemesis.OnSlain,470
16,5,Material,source,Nemesis.OnSlain,5
16,5,DP,stock,end,270
16,5,Material,stock,end,184
16,5,Fame,stock,end,346
16,6,DP,source,SurfaceMap.CollectYields,39
16,6,Material,source,SurfaceMap.CollectYields,2
16,6,Fame,source,SurfaceMap.CollectYields,9
16,6,DP,source,EraSystem.TickTurn,600
16,6,Material,source,EraSystem.TickTurn,10
16,6,DP,source,WaveRoster.ResolveTrial,1200
16,6,DP,sink,MinionRoster.TryForge,-212
16,6,DP,sink,DungeonFloorManager.TryAddFloor,-800
16,6,DP,sink,DungeonFloorManager.TryExpandFloor,-400
16,6,DP,sink,MinionEvolution.TryEvolve,-325
16,6,DP,sink,DungeonFeatureManager.TryPlaceTrap,-150
16,6,DP,sink,MinionRoster.TrySummon,-215
16,6,DP,source,AdventurerAI.ReapEmotion,190
16,6,Fame,source,AdventurerAI.GrantReturnReward,40
16,6,Fame,source,LureEconomy.OnHeroEscaped,100
16,6,DP,source,AdventurerAI.TakeDamage,418
16,6,Material,source,AdventurerAI.TakeDamage,52
16,6,DP,source,AdventurerAI.GrantReturnReward,648
16,6,DP,sink,CommandSystem.TryUse,-1150
16,6,DP,source,Nemesis.OnSlain,972
16,6,Material,source,Nemesis.OnSlain,10
16,6,DP,stock,end,1085
16,6,Material,stock,end,258
16,6,Fame,stock,end,495
16,7,DP,source,SurfaceMap.CollectYields,39
16,7,Material,source,SurfaceMap.CollectYields,2
16,7,Fame,source,SurfaceMap.CollectYields,9
16,7,DP,source,EraSystem.TickTurn,1020
16,7,DP,sink,MinionRoster.TryForge,-190
16,7,DP,sink,DungeonFloorManager.TryExpandFloor,-1600
16,7,DP,sink,DungeonFeatureManager.TryPlaceTrap,-150
16,7,DP,sink,MinionRoster.TrySummon,-202
16,7,DP,source,AdventurerAI.ReapEmotion,111
16,7,DP,source,AdventurerAI.GrantReturnReward,678
16,7,Fame,source,AdventurerAI.GrantReturnReward,40
16,7,Fame,source,LureEconomy.OnHeroEscaped,100
16,7,DP,sink,CommandSystem.TryUse,-1150
16,7,DP,source,AdventurerAI.TakeDamage,566
16,7,Material,source,AdventurerAI.TakeDamage,18
16,7,DP,stock,end,207
16,7,Material,stock,end,278
16,7,Fame,stock,end,644
16,8,DP,source,SurfaceMap.CollectYields,39
16,8,Material,source,SurfaceMap.CollectYields,2
16,8,Fame,source,SurfaceMap.CollectYields,9
16,8,DP,source,EraSystem.TickTurn,600
16,8,DP,sink,MinionRoster.TryForge,-190
16,8,DP,sink,MinionEvolution.TryEvolve,-200
16,8,DP,sink,MinionRoster.TryEvolveIndividual,-150
16,8,DP,sink,DungeonFeatureManager.TryPlaceTrap,-150
16,8,DP,sink,MinionRoster.TrySummon,-139
16,8,DP,source,AdventurerAI.ReapEmotion,165
16,8,DP,source,AdventurerAI.GrantReturnReward,739
16,8,Fame,source,AdventurerAI.GrantReturnReward,30
16,8,Fame,source,LureEconomy.OnHeroEscaped,75
16,8,DP,sink,CommandSystem.TryUse,-1450
16,8,DP,source,AdventurerAI.TakeDamage,930
16,8,Material,source,AdventurerAI.TakeDamage,39
16,8,DP,stock,end,401
16,8,Material,stock,end,319
16,8,Fame,stock,end,758
16,9,DP,source,SurfaceMap.CollectYields,68
16,9,Material,source,SurfaceMap.CollectYields,3
16,9,Fame,source,SurfaceMap.CollectYields,16
16,9,DP,source,EraSystem.TickTurn,600
16,9,Fame,source,EraSystem.TickTurn,25
16,9,DP,sink,MinionRoster.TryForge,-190
16,9,DP,sink,MinionEvolution.TryEvolve,-450
16,9,DP,sink,MinionRoster.TryEvolveIndividual,-75
16,9,DP,sink,DungeonFeatureManager.TryPlaceTrap,-150
16,9,DP,sink,MinionRoster.TrySummon,-191
16,9,DP,source,AdventurerAI.TakeDamage,892
16,9,Material,source,AdventurerAI.TakeDamage,30
16,9,DP,source,AdventurerAI.ReapEmotion,187
16,9,DP,sink,CommandSystem.TryUse,-1800
16,9,DP,source,AdventurerAI.GrantReturnReward,737
16,9,Fame,source,AdventurerAI.GrantReturnReward,30
16,9,Fame,source,LureEconomy.OnHeroEscaped,75
16,9,DP,source,Nemesis.OnSlain,518
16,9,Material,source,Nemesis.OnSlain,5
16,9,DP,stock,end,547
16,9,Material,stock,end,357
16,9,Fame,stock,end,904
16,10,DP,source,SurfaceMap.CollectYields,78
16,10,Material,source,SurfaceMap.CollectYields,3
16,10,Fame,source,SurfaceMap.CollectYields,16
16,10,DP,source,EraSystem.TickTurn,300
16,10,DP,sink,MinionRoster.TryForge,-285
16,10,DP,sink,MinionEvolution.TryEvolve,-250
16,10,DP,sink,DungeonFeatureManager.TryPlaceTrap,-150
16,10,DP,sink,MinionRoster.TrySummon,-240
16,10,DP,source,AdventurerAI.ReapEmotion,344
16,10,DP,sink,CommandSystem.TryUse,-2750
16,10,DP,source,AdventurerAI.TakeDamage,2081
16,10,Material,source,AdventurerAI.TakeDamage,104
16,10,DP,source,AdventurerAI.GrantReturnReward,1506
16,10,Fame,source,AdventurerAI.GrantReturnReward,70
16,10,Fame,source,LureEconomy.OnHeroEscaped,175
16,10,DP,source,Nemesis.OnSlain,755
16,10,Material,source,Nemesis.OnSlain,7
16,10,DP,stock,end,1936
16,10,Material,stock,end,471
16,10,Fame,stock,end,1165
16,11,DP,source,SurfaceMap.CollectYields,78
16,11,Material,source,SurfaceMap.CollectYields,3
16,11,Fame,source,SurfaceMap.CollectYields,16
16,11,DP,source,EraSystem.TickTurn,1020
16,11,DP,sink,MinionRoster.TryForge,-285
16,11,DP,sink,DungeonFloorManager.TryAddFloor,-2000
16,11,DP,sink,DungeonFloorManager.TryExpandFloor,-400
16,11,DP,sink,DungeonFeatureManager.TryPlaceTrap,-150
16,11,DP,sink,MinionRoster.TrySummon,-184
16,11,DP,source,AdventurerAI.ReapEmotion,194
16,11,DP,source,AdventurerAI.TakeDamage,1062
16,11,Material,source,AdventurerAI.TakeDamage,70
16,11,DP,sink,CommandSystem.TryUse,-2600
16,11,DP,source,AdventurerAI.GrantReturnReward,1594
16,11,Fame,source,AdventurerAI.GrantReturnReward,70
16,11,Fame,source,LureEconomy.OnHeroEscaped,175
16,11,DP,source,Nemesis.OnSlain,1326
16,11,Material,source,Nemesis.OnSlain,12
16,11,DP,stock,end,1591
16,11,Material,stock,end,556
16,11,Fame,stock,end,1426
16,12,DP,source,SurfaceMap.CollectYields,78
16,12,Material,source,SurfaceMap.CollectYields,3
16,12,Fame,source,SurfaceMap.CollectYields,16
16,12,DP,source,DistrictCatalog.Collect,112
16,12,DP,sink,MinionRoster.TryForge,-380
16,12,DP,sink,DungeonFloorManager.TryExpandFloor,-800
16,12,DP,sink,MinionEvolution.TryEvolve,-250
16,12,DP,sink,DungeonFeatureManager.TryPlaceTrap,-150
16,12,DP,sink,MinionRoster.TrySummon,-189
16,12,DP,source,AdventurerAI.ReapEmotion,135
16,12,DP,source,AdventurerAI.TakeDamage,479
16,12,Material,source,AdventurerAI.TakeDamage,22
16,12,DP,sink,CommandSystem.TryUse,-3600
16,12,DP,source,AdventurerAI.GrantReturnReward,4039
16,12,Fame,source,AdventurerAI.GrantReturnReward,100
16,12,Fame,source,LureEconomy.OnHeroEscaped,250
16,12,DP,source,Nemesis.OnSlain,567
16,12,Material,source,Nemesis.OnSlain,5
16,12,DP,stock,end,1632
16,12,Material,stock,end,586
16,12,Fame,stock,end,1792
16,13,DP,source,SurfaceMap.CollectYields,82
16,13,Material,source,SurfaceMap.CollectYields,4
16,13,Fame,source,SurfaceMap.CollectYields,18
16,13,DP,source,DistrictCatalog.Collect,126
16,13,DP,sink,MinionRoster.TryForge,-285
16,13,DP,sink,MinionEvolution.TryEvolve,-550
16,13,DP,sink,MinionRoster.TryEvolveIndividual,-650
16,13,DP,sink,DungeonFeatureManager.TryPlaceTrap,-150
16,13,DP,sink,MinionRoster.TrySummon,-204
16,13,DP,source,AdventurerAI.ReapEmotion,146
16,13,DP,source,AdventurerAI.TakeDamage,1245
16,13,Material,source,AdventurerAI.TakeDamage,26
16,13,DP,sink,CommandSystem.TryUse,-2600
16,13,DP,source,AdventurerAI.GrantReturnReward,3111
16,13,Fame,source,AdventurerAI.GrantReturnReward,90
16,13,Fame,source,LureEconomy.OnHeroEscaped,225
16,13,DP,source,Nemesis.OnSlain,1134
16,13,Material,source,Nemesis.OnSlain,10
16,13,DP,stock,end,3037
16,13,Material,stock,end,626
16,13,Fame,stock,end,2125
16,14,DP,source,SurfaceMap.CollectYields,103
16,14,Material,source,SurfaceMap.CollectYields,5
16,14,Fame,source,SurfaceMap.CollectYields,23
16,14,DP,source,DistrictCatalog.Collect,126
16,14,DP,sink,MinionRoster.TryForge,-1917
16,14,DP,sink,MinionRoster.TryEvolveIndividual,-875
16,14,DP,sink,DungeonFeatureManager.TryPlaceTrap,-300
16,14,DP,sink,MinionRoster.TrySummon,-162
16,14,DP,source,IncidentSystem.Apply,600
16,14,DP,sink,CommandSystem.TryUse,-3300
16,14,DP,source,AdventurerAI.ReapEmotion,143
16,14,DP,source,AdventurerAI.TakeDamage,3183
16,14,Material,source,AdventurerAI.TakeDamage,110
16,14,DP,source,AdventurerAI.GrantReturnReward,3054
16,14,Fame,source,AdventurerAI.GrantReturnReward,80
16,14,Fame,source,LureEconomy.OnHeroEscaped,200
16,14,DP,source,Nemesis.OnSlain,2347
16,14,Material,source,Nemesis.OnSlain,19
16,14,DP,stock,end,6039
16,14,Material,stock,end,760
16,14,Fame,stock,end,2428
16,15,DP,source,SurfaceMap.CollectYields,103
16,15,Material,source,SurfaceMap.CollectYields,5
16,15,Fame,source,SurfaceMap.CollectYields,23
16,15,DP,source,DistrictCatalog.Collect,126
16,15,DP,sink,MinionRoster.TryForge,-380
16,15,DP,sink,DungeonFloorManager.TryAddFloor,-5000
16,15,DP,sink,DungeonFloorManager.TryExpandFloor,-400
16,15,DP,sink,DungeonFeatureManager.TryPlaceTrap,-300
16,15,DP,sink,MinionRoster.TrySummon,-177
16,15,DP,source,AdventurerAI.ReapEmotion,462
16,15,DP,sink,CommandSystem.TryUse,-2300
16,15,DP,source,AdventurerAI.TakeDamage,2437
16,15,Material,source,AdventurerAI.TakeDamage,57
16,15,DP,source,AdventurerAI.GrantReturnReward,966
16,15,Fame,source,AdventurerAI.GrantReturnReward,30
16,15,Fame,source,LureEconomy.OnHeroEscaped,75
16,15,DP,source,Nemesis.OnSlain,599
16,15,Material,source,Nemesis.OnSlain,5
16,15,DP,stock,end,2175
16,15,Material,stock,end,827
16,15,Fame,stock,end,2556
16,16,DP,source,SurfaceMap.CollectYields,103
16,16,Material,source,SurfaceMap.CollectYields,5
16,16,Fame,source,SurfaceMap.CollectYields,23
16,16,DP,source,DistrictCatalog.Collect,140
16,16,DP,source,EraSystem.TickTurn,300
16,16,DP,sink,MinionRoster.TryForge,-1414
16,16,DP,sink,DungeonFloorManager.TryExpandFloor,-800
16,16,DP,sink,DungeonFeatureManager.TryPlaceTrap,-300
16,16,DP,sink,MinionRoster.TrySummon,-182
16,16,DP,source,AdventurerAI.ReapEmotion,146
16,16,DP,source,AdventurerAI.GrantReturnReward,1922
16,16,Fame,source,AdventurerAI.GrantReturnReward,80
16,16,Fame,source,LureEconomy.OnHeroEscaped,200
16,16,DP,sink,CommandSystem.TryUse,-2950
16,16,DP,source,AdventurerAI.TakeDamage,2457
16,16,Material,source,AdventurerAI.TakeDamage,152
16,16,DP,source,Nemesis.OnSlain,1848
16,16,Material,source,Nemesis.OnSlain,15
16,16,DP,stock,end,3445
16,16,Material,stock,end,999
16,16,Fame,stock,end,2859
16,17,DP,source,SurfaceMap.CollectYields,126
16,17,Material,source,SurfaceMap.CollectYields,6
16,17,Fame,source,SurfaceMap.CollectYields,28
16,17,DP,source,DistrictCatalog.Collect,140
16,17,DP,source,EraSystem.TickTurn,720
16,17,DP,sink,MinionRoster.TryForge,-1006
16,17,DP,sink,DungeonFloorManager.TryExpandFloor,-3000
16,17,DP,sink,DungeonFeatureManager.TryPlaceTrap,-150
16,17,DP,sink,MinionRoster.TrySummon,-256
16,17,DP,source,AdventurerAI.ReapEmotion,154
16,17,DP,source,AdventurerAI.GrantReturnReward,4059
16,17,Fame,source,AdventurerAI.GrantReturnReward,170
16,17,Fame,source,LureEconomy.OnHeroEscaped,425
16,17,DP,sink,CommandSystem.TryUse,-1800
16,17,DP,source,Nemesis.OnSlain,877
16,17,Material,source,Nemesis.OnSlain,7
16,17,DP,source,AdventurerAI.TakeDamage,1195
16,17,Material,source,AdventurerAI.TakeDamage,20
16,17,DP,stock,end,4504
16,17,Material,stock,end,1032
16,17,Fame,stock,end,3482
16,18,DP,source,SurfaceMap.CollectYields,126
16,18,Material,source,SurfaceMap.CollectYields,6
16,18,Fame,source,SurfaceMap.CollectYields,28
16,18,DP,source,DistrictCatalog.Collect,140
16,18,DP,sink,MinionRoster.TryForge,-3658
16,18,DP,sink,MinionRoster.TryEvolveIndividual,-550
16,18,DP,sink,DungeonFeatureManager.TryPlaceTrap,-300
16,18,DP,sink,MinionRoster.TrySummon,-256
16,18,DP,source,AdventurerAI.ReapEmotion,151
16,18,DP,source,AdventurerAI.GrantReturnReward,3723
16,18,Fame,source,AdventurerAI.GrantReturnReward,180
16,18,Fame,source,LureEconomy.OnHeroEscaped,450
16,18,DP,sink,CommandSystem.TryUse,-4450
16,18,DP,source,AdventurerAI.TakeDamage,1616
16,18,Material,source,AdventurerAI.TakeDamage,57
16,18,DP,stock,end,1046
16,18,Material,stock,end,1095
16,18,Fame,stock,end,4140
16,19,DP,source,SurfaceMap.CollectYields,126
16,19,Material,source,SurfaceMap.CollectYields,6
16,19,Fame,source,SurfaceMap.CollectYields,28
16,19,DP,source,DistrictCatalog.Collect,140
16,19,DP,sink,MinionRoster.TryForge,-190
16,19,DP,sink,MinionRoster.TryEvolveIndividual,-550
16,19,DP,sink,DungeonFeatureManager.TryPlaceTrap,-300
16,19,DP,sink,MinionRoster.TrySummon,-256
16,19,DP,source,AdventurerAI.ReapEmotion,162
16,19,DP,source,AdventurerAI.GrantReturnReward,6656
16,19,Fame,source,AdventurerAI.GrantReturnReward,190
16,19,Fame,source,LureEconomy.OnHeroEscaped,475
16,19,DP,sink,CommandSystem.TryUse,-4450
16,19,DP,source,AdventurerAI.TakeDamage,2577
16,19,Material,source,AdventurerAI.TakeDamage,68
16,19,DP,source,Nemesis.OnSlain,1566
16,19,Material,source,Nemesis.OnSlain,12
16,19,DP,stock,end,6527
16,19,Material,stock,end,1181
16,19,Fame,stock,end,4833
16,20,DP,source,SurfaceMap.CollectYields,126
16,20,Material,source,SurfaceMap.CollectYields,6
16,20,Fame,source,SurfaceMap.CollectYields,28
16,20,DP,source,DistrictCatalog.Collect,140
16,20,DP,sink,MinionRoster.TryForge,-5482
16,20,DP,sink,MinionRoster.TryEvolveIndividual,-550
16,20,DP,sink,DungeonFeatureManager.TryPlaceTrap,-600
16,20,DP,sink,MinionRoster.TrySummon,-142
16,20,DP,source,AdventurerAI.ReapEmotion,126
16,20,DP,source,AdventurerAI.GrantReturnReward,2556
16,20,Fame,source,AdventurerAI.GrantReturnReward,90
16,20,Fame,source,LureEconomy.OnHeroEscaped,225
16,20,DP,sink,CommandSystem.TryUse,-6250
16,20,DP,source,AdventurerAI.TakeDamage,12076
16,20,Material,source,AdventurerAI.TakeDamage,96
16,20,DP,source,Nemesis.OnSlain,1836
16,20,Material,source,Nemesis.OnSlain,14
16,20,DP,stock,end,10363
16,20,Material,stock,end,1297
16,20,Fame,stock,end,5176
16,21,DP,source,SurfaceMap.CollectYields,126
16,21,Material,source,SurfaceMap.CollectYields,6
16,21,Fame,source,SurfaceMap.CollectYields,28
16,21,DP,source,DistrictCatalog.Collect,154
16,21,DP,source,WaveRoster.ResolveTrial,3900
16,21,DP,sink,MinionRoster.TryForge,-12028
16,21,DP,sink,DungeonFloorManager.TryExpandFloor,-1500
16,21,DP,sink,MinionRoster.TryEvolveIndividual,-250
16,21,DP,sink,DungeonFeatureManager.TryPlaceTrap,-600
16,21,DP,sink,MinionRoster.TrySummon,-150
16,21,DP,source,AdventurerAI.ReapEmotion,219
16,21,DP,source,AdventurerAI.GrantReturnReward,11580
16,21,Fame,source,AdventurerAI.GrantReturnReward,230
16,21,Fame,source,LureEconomy.OnHeroEscaped,575
16,21,DP,sink,CommandSystem.TryUse,-5100
16,21,DP,source,AdventurerAI.TakeDamage,6834
16,21,Material,source,AdventurerAI.TakeDamage,125
16,21,DP,source,Nemesis.OnSlain,2688
16,21,Material,source,Nemesis.OnSlain,19
16,21,DP,stock,end,16236
16,21,Material,stock,end,1447
16,21,Fame,stock,end,6009
16,22,DP,source,SurfaceMap.CollectYields,167
16,22,Material,source,SurfaceMap.CollectYields,8
16,22,Fame,source,SurfaceMap.CollectYields,37
16,22,DP,source,DistrictCatalog.Collect,154
16,22,DP,sink,MinionRoster.TryForge,-15506
16,22,DP,sink,MinionRoster.TryEvolveIndividual,-250
16,22,Material,sink,MinionRoster.TryForge,-32
16,22,DP,sink,DungeonFeatureManager.TryPlaceTrap,-600
16,22,DP,sink,MinionRoster.TrySummon,-189
16,22,DP,source,AdventurerAI.ReapEmotion,261
16,22,DP,source,AdventurerAI.GrantReturnReward,10540
16,22,Fame,source,AdventurerAI.GrantReturnReward,280
16,22,Fame,source,LureEconomy.OnHeroEscaped,700
16,22,DP,sink,CommandSystem.TryUse,-5700
16,22,DP,source,AdventurerAI.TakeDamage,5647
16,22,Material,source,AdventurerAI.TakeDamage,105
16,22,DP,source,Nemesis.OnSlain,2025
16,22,Material,source,Nemesis.OnSlain,14
16,22,DP,stock,end,12785
16,22,Material,stock,end,1542
16,22,Fame,stock,end,7026
16,23,DP,source,SurfaceMap.CollectYields,167
16,23,Material,source,SurfaceMap.CollectYields,8
16,23,Fame,source,SurfaceMap.CollectYields,37
16,23,DP,source,DistrictCatalog.Collect,154
16,23,DP,sink,MinionRoster.TryForge,-12090
16,23,DP,sink,MinionRoster.TryEvolveIndividual,-325
16,23,Material,sink,MinionRoster.TryForge,-34
16,23,DP,sink,DungeonFeatureManager.TryPlaceTrap,-450
16,23,DP,sink,MinionRoster.TrySummon,-241
16,23,DP,source,AdventurerAI.ReapEmotion,240
16,23,DP,source,AdventurerAI.GrantReturnReward,3490
16,23,Fame,source,AdventurerAI.GrantReturnReward,110
16,23,Fame,source,LureEconomy.OnHeroEscaped,275
16,23,DP,sink,CommandSystem.TryUse,-4450
16,23,DP,source,AdventurerAI.TakeDamage,4159
16,23,Material,source,AdventurerAI.TakeDamage,49
16,23,DP,source,Nemesis.OnSlain,1394
16,23,Material,source,Nemesis.OnSlain,10
16,23,DP,stock,end,4833
16,23,Material,stock,end,1575
16,23,Fame,stock,end,7448
16,24,DP,source,SurfaceMap.CollectYields,167
16,24,Material,source,SurfaceMap.CollectYields,8
16,24,Fame,source,SurfaceMap.CollectYields,37
16,24,DP,source,DistrictCatalog.Collect,182
16,24,DP,sink,MinionRoster.TryForge,-168
16,24,DP,sink,MinionEvolution.TryEvolve,-4250
16,24,DP,sink,MinionRoster.TryEvolveIndividual,-375
16,24,DP,sink,DungeonFeatureManager.TryPlaceTrap,-150
16,24,DP,sink,MinionRoster.TrySummon,-219
16,24,DP,source,AdventurerAI.ReapEmotion,239
16,24,DP,source,AdventurerAI.GrantReturnReward,13150
16,24,Fame,source,AdventurerAI.GrantReturnReward,280
16,24,Fame,source,LureEconomy.OnHeroEscaped,700
16,24,DP,sink,CommandSystem.TryUse,-5100
16,24,DP,source,AdventurerAI.TakeDamage,6567
16,24,Material,source,AdventurerAI.TakeDamage,235
16,24,DP,source,Nemesis.OnSlain,2426
16,24,Material,source,Nemesis.OnSlain,17
16,24,DP,stock,end,17302
16,24,Material,stock,end,1835
16,24,Fame,stock,end,8465
16,25,DP,source,SurfaceMap.CollectYields,191
16,25,Material,source,SurfaceMap.CollectYields,8
16,25,Fame,source,SurfaceMap.CollectYields,45
16,25,DP,source,DistrictCatalog.Collect,28
16,25,DP,source,EraSystem.TickTurn,3840
16,25,DP,sink,MinionRoster.TryForge,-168
16,25,DP,sink,DungeonFloorManager.TryAddFloor,-12500
16,25,DP,sink,DungeonFloorManager.TryExpandFloor,-1200
16,25,DP,sink,MinionEvolution.TryEvolve,-650
16,25,DP,sink,MinionRoster.TryEvolveIndividual,-6500
16,25,DP,sink,DungeonFeatureManager.TryPlaceTrap,-150
16,25,DP,sink,MinionRoster.TrySummon,-189
16,25,DP,source,AdventurerAI.ReapEmotion,130
16,25,DP,source,AdventurerAI.GrantReturnReward,8029
16,25,Fame,source,AdventurerAI.GrantReturnReward,390
16,25,Fame,source,LureEconomy.OnHeroEscaped,975
16,25,DP,sink,CommandSystem.TryUse,-4900
16,25,DP,source,AdventurerAI.TakeDamage,684
16,25,Material,source,AdventurerAI.TakeDamage,4
16,25,DP,stock,end,3947
16,25,Material,stock,end,1847
16,25,Fame,stock,end,9875
16,26,DP,source,SurfaceMap.CollectYields,191
16,26,Material,source,SurfaceMap.CollectYields,8
16,26,Fame,source,SurfaceMap.CollectYields,45
16,26,DP,source,DistrictCatalog.Collect,28
16,26,DP,source,EraSystem.TickTurn,6528
16,26,DP,sink,MinionRoster.TryForge,-168
16,26,DP,sink,DungeonFloorManager.TryExpandFloor,-5500
16,26,DP,sink,MinionRoster.TryEvolveIndividual,-4700
16,26,DP,sink,DungeonFeatureManager.TryPlaceTrap,-150
16,26,DP,sink,MinionRoster.TrySummon,-165
16,26,DP,source,AdventurerAI.ReapEmotion,376
16,26,DP,source,AdventurerAI.GrantReturnReward,27530
16,26,Fame,source,AdventurerAI.GrantReturnReward,640
16,26,Fame,source,LureEconomy.OnHeroEscaped,1600
16,26,DP,sink,CommandSystem.TryUse,-5100
16,26,DP,source,AdventurerAI.TakeDamage,4864
16,26,Material,source,AdventurerAI.TakeDamage,66
16,26,DP,source,Nemesis.OnSlain,1490
16,26,Material,source,Nemesis.OnSlain,10
16,26,DP,stock,end,29171
16,26,Material,stock,end,1931
16,26,Fame,stock,end,12160
16,27,DP,source,SurfaceMap.CollectYields,191
16,27,Material,source,SurfaceMap.CollectYields,8
16,27,Fame,source,SurfaceMap.CollectYields,45
16,27,DP,source,DistrictCatalog.Collect,28
16,27,DP,source,EraSystem.TickTurn,3840
16,27,DP,sink,MinionRoster.TryForge,-168
16,27,DP,sink,DungeonFloorManager.TryAddFloor,-31250
16,27,DP,sink,DungeonFloorManager.TryExpandFloor,-1200
16,27,DP,sink,MinionRoster.TryEvolveIndividual,-300
16,27,DP,sink,DungeonFeatureManager.TryPlaceTrap,-150
16,27,DP,sink,MinionRoster.TrySummon,-132
16,27,DP,source,AdventurerAI.ReapEmotion,251
16,27,DP,source,AdventurerAI.GrantReturnReward,18749
16,27,Fame,source,AdventurerAI.GrantReturnReward,440
16,27,Fame,source,LureEconomy.OnHeroEscaped,1100
16,27,DP,sink,CommandSystem.TryUse,-6350
16,27,DP,source,AdventurerAI.TakeDamage,5204
16,27,Material,source,AdventurerAI.TakeDamage,53
16,27,DP,stock,end,17884
16,27,Material,stock,end,1992
16,27,Fame,stock,end,13745
16,28,DP,source,SurfaceMap.CollectYields,191
16,28,Material,source,SurfaceMap.CollectYields,8
16,28,Fame,source,SurfaceMap.CollectYields,45
16,28,DP,source,DistrictCatalog.Collect,28
16,28,DP,source,EraSystem.TickTurn,3840
16,28,DP,sink,MinionRoster.TryForge,-10008
16,28,DP,sink,DungeonFloorManager.TryExpandFloor,-9000
16,28,DP,sink,MinionRoster.TryEvolveIndividual,-1975
16,28,Material,sink,MinionRoster.TryForge,-8
16,28,DP,sink,DungeonFeatureManager.TryPlaceTrap,-750
16,28,DP,sink,MinionRoster.TrySummon,-207
16,28,DP,source,AdventurerAI.ReapEmotion,381
16,28,DP,sink,CommandSystem.TryUse,-4750
16,28,DP,source,AdventurerAI.GrantReturnReward,15975
16,28,Fame,source,AdventurerAI.GrantReturnReward,430
16,28,Fame,source,LureEconomy.OnHeroEscaped,1075
16,28,DP,source,AdventurerAI.TakeDamage,8087
16,28,Material,source,AdventurerAI.TakeDamage,232
16,28,DP,source,Nemesis.OnSlain,1522
16,28,Material,source,Nemesis.OnSlain,10
16,28,DP,stock,end,21218
16,28,Material,stock,end,2234
16,28,Fame,stock,end,15295
16,29,DP,source,SurfaceMap.CollectYields,167
16,29,Material,source,SurfaceMap.CollectYields,8
16,29,Fame,source,SurfaceMap.CollectYields,37
16,29,DP,source,DistrictCatalog.Collect,28
16,29,DP,source,EraSystem.TickTurn,6528
16,29,DP,sink,MinionRoster.TryForge,-20010
16,29,DP,sink,DungeonFloorManager.TryExpandFloor,-5000
16,29,DP,sink,MinionRoster.TryEvolveIndividual,-1425
16,29,Material,sink,MinionRoster.TryForge,-66
16,29,DP,sink,DungeonFeatureManager.TryPlaceTrap,-1350
16,29,DP,sink,MinionRoster.TrySummon,-138
16,29,DP,source,AdventurerAI.ReapEmotion,285
16,29,DP,sink,CommandSystem.TryUse,-5200
16,29,DP,source,AdventurerAI.TakeDamage,12605
16,29,Material,source,AdventurerAI.TakeDamage,244
16,29,DP,source,AdventurerAI.GrantReturnReward,9416
16,29,Fame,source,AdventurerAI.GrantReturnReward,360
16,29,Fame,source,LureEconomy.OnHeroEscaped,900
16,29,DP,stock,end,17124
16,29,Material,stock,end,2420
16,29,Fame,stock,end,16592
16,30,DP,source,SurfaceMap.CollectYields,167
16,30,Material,source,SurfaceMap.CollectYields,8
16,30,Fame,source,SurfaceMap.CollectYields,37
16,30,DP,source,DistrictCatalog.Collect,28
16,30,DP,source,EraSystem.TickTurn,6528
16,30,Material,source,EraSystem.TickTurn,32
16,30,DP,sink,MinionRoster.TryForge,-22500
16,30,DP,sink,MinionRoster.TryEvolveIndividual,-225
16,30,Material,sink,MinionRoster.TryForge,-172
16,30,DP,sink,DungeonFeatureManager.TryPlaceTrap,-900
16,30,DP,sink,MinionRoster.TrySummon,-207
16,30,DP,source,AdventurerAI.ReapEmotion,190
16,30,DP,source,AdventurerAI.TakeDamage,10437
16,30,Material,source,AdventurerAI.TakeDamage,77
16,30,DP,sink,CommandSystem.TryUse,-4250
16,30,DP,source,AdventurerAI.GrantReturnReward,7856
16,30,Fame,source,AdventurerAI.GrantReturnReward,400
16,30,Fame,source,LureEconomy.OnHeroEscaped,1000
16,30,DP,stock,end,14248
16,30,Material,stock,end,2365
16,30,Fame,stock,end,18029
16,31,DP,source,SurfaceMap.CollectYields,167
16,31,Material,source,SurfaceMap.CollectYields,9
16,31,Fame,source,SurfaceMap.CollectYields,37
16,31,DP,source,DistrictCatalog.Collect,28
16,31,DP,source,EraSystem.TickTurn,3840
16,31,Material,source,EraSystem.TickTurn,74
16,31,DP,sink,MinionRoster.TryForge,-15780
16,31,DP,sink,MinionRoster.TryEvolveIndividual,-725
16,31,Material,sink,MinionRoster.TryForge,-116
16,31,DP,sink,DungeonFeatureManager.TryPlaceTrap,-1500
16,31,DP,sink,MinionRoster.TrySummon,-276
16,31,DP,source,AdventurerAI.ReapEmotion,192
16,31,DP,source,AdventurerAI.TakeDamage,6933
16,31,Material,source,AdventurerAI.TakeDamage,330
16,31,DP,sink,CommandSystem.TryUse,-4900
16,31,DP,source,AdventurerAI.GrantReturnReward,15602
16,31,Fame,source,AdventurerAI.GrantReturnReward,480
16,31,Fame,source,LureEconomy.OnHeroEscaped,1200
16,31,DP,stock,end,17829
16,31,Material,stock,end,2662
16,31,Fame,stock,end,19746
16,32,DP,source,SurfaceMap.CollectYields,167
16,32,Material,source,SurfaceMap.CollectYields,9
16,32,Fame,source,SurfaceMap.CollectYields,37
16,32,DP,source,DistrictCatalog.Collect,28
16,32,DP,source,EraSystem.TickTurn,6528
16,32,Fame,source,EraSystem.TickTurn,272
16,32,DP,sink,MinionRoster.TryForge,-22500
16,32,DP,sink,MinionRoster.TryEvolveIndividual,-325
16,32,Material,sink,MinionRoster.TryForge,-172
16,32,DP,sink,DungeonFeatureManager.TryPlaceTrap,-1500
16,32,DP,sink,MinionRoster.TrySummon,-216
16,32,DP,source,AdventurerAI.ReapEmotion,153
16,32,DP,source,AdventurerAI.TakeDamage,11753
16,32,Material,source,AdventurerAI.TakeDamage,85
16,32,DP,source,AdventurerAI.GrantReturnReward,20008
16,32,Fame,source,AdventurerAI.GrantReturnReward,430
16,32,Fame,source,LureEconomy.OnHeroEscaped,1075
16,32,DP,sink,CommandSystem.TryUse,-6050
16,32,DP,stock,end,25875
16,32,Material,stock,end,2584
16,32,Fame,stock,end,21560
16,33,DP,source,SurfaceMap.CollectYields,167
16,33,Material,source,SurfaceMap.CollectYields,9
16,33,Fame,source,SurfaceMap.CollectYields,37
16,33,DP,source,DistrictCatalog.Collect,28
16,33,DP,source,EraSystem.TickTurn,1920
16,33,DP,sink,MinionRoster.TryForge,-25020
16,33,DP,sink,MinionRoster.TryEvolveIndividual,-850
16,33,Material,sink,MinionRoster.TryForge,-198
16,33,DP,sink,DungeonFeatureManager.TryPlaceTrap,-1950
16,33,DP,sink,MinionRoster.TrySummon,-150
16,33,DP,source,AdventurerAI.ReapEmotion,255
16,33,DP,source,AdventurerAI.TakeDamage,10229
16,33,Material,source,AdventurerAI.TakeDamage,431
16,33,DP,sink,CommandSystem.TryUse,-5550
16,33,DP,source,AdventurerAI.GrantReturnReward,20132
16,33,Fame,source,AdventurerAI.GrantReturnReward,460
16,33,Fame,source,LureEconomy.OnHeroEscaped,1150
16,33,DP,stock,end,25086
16,33,Material,stock,end,2826
16,33,Fame,stock,end,23207
16,34,DP,source,SurfaceMap.CollectYields,167
16,34,Material,source,SurfaceMap.CollectYields,9
16,34,Fame,source,SurfaceMap.CollectYields,37
16,34,DP,source,DistrictCatalog.Collect,28
16,34,DP,sink,MinionRoster.TryForge,-22980
16,34,DP,sink,MinionRoster.TryEvolveIndividual,-225
16,34,Material,sink,MinionRoster.TryForge,-236
16,34,DP,sink,DungeonFeatureManager.TryPlaceTrap,-1800
16,34,DP,sink,MinionRoster.TrySummon,-262
16,34,DP,source,AdventurerAI.ReapEmotion,253
16,34,DP,source,AdventurerAI.GrantReturnReward,26337
16,34,Fame,source,AdventurerAI.GrantReturnReward,480
16,34,Fame,source,LureEconomy.OnHeroEscaped,1200
16,34,DP,sink,CommandSystem.TryUse,-4900
16,34,DP,source,AdventurerAI.TakeDamage,9265
16,34,Material,source,AdventurerAI.TakeDamage,449
16,34,DP,stock,end,30969
16,34,Material,stock,end,3048
16,34,Fame,stock,end,24924
16,35,DP,source,SurfaceMap.CollectYields,167
16,35,Material,source,SurfaceMap.CollectYields,9
16,35,Fame,source,SurfaceMap.CollectYields,37
16,35,DP,source,DistrictCatalog.Collect,28
16,35,DP,sink,MinionRoster.TryForge,-27660
16,35,DP,sink,MinionRoster.TryEvolveIndividual,-750
16,35,Material,sink,MinionRoster.TryForge,-290
16,35,DP,sink,DungeonFeatureManager.TryPlaceTrap,-2550
16,35,DP,sink,MinionRoster.TrySummon,-188
16,35,DP,source,AdventurerAI.ReapEmotion,553
16,35,DP,sink,CommandSystem.TryUse,-3700
16,35,DP,source,AdventurerAI.TakeDamage,7157
16,35,Material,source,AdventurerAI.TakeDamage,279
16,35,DP,source,AdventurerAI.GrantReturnReward,6085
16,35,Fame,source,AdventurerAI.GrantReturnReward,260
16,35,Fame,source,LureEconomy.OnHeroEscaped,650
16,35,DP,stock,end,10111
16,35,Material,stock,end,3046
16,35,Fame,stock,end,25871
16,36,DP,source,SurfaceMap.CollectYields,146
16,36,Material,source,SurfaceMap.CollectYields,8
16,36,Fame,source,SurfaceMap.CollectYields,32
16,36,DP,source,DistrictCatalog.Collect,28
16,36,DP,sink,MinionRoster.TryForge,-7380
16,36,DP,sink,MinionRoster.TryEvolveIndividual,-250
16,36,Material,sink,MinionRoster.TryForge,-56
16,36,DP,sink,DungeonFeatureManager.TryPlaceTrap,-2400
16,36,DP,sink,MinionRoster.TrySummon,-225
16,36,DP,source,AdventurerAI.ReapEmotion,257
16,36,DP,source,AdventurerAI.GrantReturnReward,27819
16,36,Fame,source,AdventurerAI.GrantReturnReward,420
16,36,Fame,source,LureEconomy.OnHeroEscaped,1050
16,36,DP,sink,CommandSystem.TryUse,-4900
16,36,DP,source,AdventurerAI.TakeDamage,15261
16,36,Material,source,AdventurerAI.TakeDamage,303
16,36,DP,stock,end,38467
16,36,Material,stock,end,3301
16,36,Fame,stock,end,27373
16,37,DP,source,SurfaceMap.CollectYields,146
16,37,Material,source,SurfaceMap.CollectYields,8
16,37,Fame,source,SurfaceMap.CollectYields,32
16,37,DP,source,DistrictCatalog.Collect,28
16,37,DP,sink,MinionRoster.TryForge,-35460
16,37,DP,sink,MinionRoster.TryEvolveIndividual,-750
16,37,Material,sink,MinionRoster.TryForge,-380
16,37,DP,sink,DungeonFeatureManager.TryPlaceTrap,-2250
16,37,DP,sink,MinionRoster.TrySummon,-156
16,37,DP,source,AdventurerAI.ReapEmotion,188
16,37,DP,source,AdventurerAI.GrantReturnReward,29661
16,37,Fame,source,AdventurerAI.GrantReturnReward,440
16,37,Fame,source,LureEconomy.OnHeroEscaped,1100
16,37,DP,sink,CommandSystem.TryUse,-5250
16,37,DP,source,AdventurerAI.TakeDamage,14481
16,37,Material,source,AdventurerAI.TakeDamage,166
16,37,DP,stock,end,39105
16,37,Material,stock,end,3095
16,37,Fame,stock,end,28945
16,38,DP,source,SurfaceMap.CollectYields,146
16,38,Material,source,SurfaceMap.CollectYields,8
16,38,Fame,source,SurfaceMap.CollectYields,32
16,38,DP,source,DistrictCatalog.Collect,28
16,38,DP,sink,MinionRoster.TryForge,-37020
16,38,DP,sink,MinionRoster.TryEvolveIndividual,-225
16,38,Material,sink,MinionRoster.TryForge,-398
16,38,DP,sink,DungeonFeatureManager.TryPlaceTrap,-1800
16,38,DP,sink,MinionRoster.TrySummon,-202
16,38,DP,source,AdventurerAI.ReapEmotion,287
16,38,DP,sink,CommandSystem.TryUse,-5550
16,38,DP,source,AdventurerAI.GrantReturnReward,22264
16,38,Fame,source,AdventurerAI.GrantReturnReward,370
16,38,Fame,source,LureEconomy.OnHeroEscaped,925
16,38,DP,source,AdventurerAI.TakeDamage,21852
16,38,Material,source,AdventurerAI.TakeDamage,421
16,38,DP,stock,end,38885
16,38,Material,stock,end,3126
16,38,Fame,stock,end,30272
16,39,DP,source,SurfaceMap.CollectYields,146
16,39,Material,source,SurfaceMap.CollectYields,8
16,39,Fame,source,SurfaceMap.CollectYields,32
16,39,DP,source,DistrictCatalog.Collect,28
16,39,DP,sink,MinionRoster.TryForge,-36300
16,39,DP,sink,MinionRoster.TryEvolveIndividual,-625
16,39,Material,sink,MinionRoster.TryForge,-394
16,39,DP,sink,DungeonFeatureManager.TryPlaceTrap,-1950
16,39,DP,sink,MinionRoster.TrySummon,-162
16,39,DP,source,AdventurerAI.ReapEmotion,385
16,39,DP,source,AdventurerAI.TakeDamage,55607
16,39,Material,source,AdventurerAI.TakeDamage,1129
16,39,DP,sink,CommandSystem.TryUse,-6400
16,39,DP,source,AdventurerAI.GrantReturnReward,26187
16,39,Fame,source,AdventurerAI.GrantReturnReward,520
16,39,Fame,source,LureEconomy.OnHeroEscaped,1300
16,39,DP,stock,end,75801
16,39,Material,stock,end,3869
16,39,Fame,stock,end,32124
16,40,DP,source,SurfaceMap.CollectYields,146
16,40,Material,source,SurfaceMap.CollectYields,8
16,40,Fame,source,SurfaceMap.CollectYields,32
16,40,DP,source,DistrictCatalog.Collect,28
16,40,DP,sink,MinionRoster.TryForge,-72180
16,40,DP,sink,MinionRoster.TryEvolveIndividual,-625
16,40,Material,sink,MinionRoster.TryForge,-920
16,40,DP,sink,DungeonFeatureManager.TryPlaceTrap,-2400
16,40,DP,sink,MinionRoster.TrySummon,-762
16,40,DP,source,AdventurerAI.ReapEmotion,292
16,40,DP,sink,CommandSystem.TryUse,-3400
16,40,DP,source,AdventurerAI.GrantReturnReward,24196
16,40,Fame,source,AdventurerAI.GrantReturnReward,310
16,40,Fame,source,LureEconomy.OnHeroEscaped,775
16,40,DP,source,AdventurerAI.TakeDamage,40173
16,40,Material,source,AdventurerAI.TakeDamage,2780
16,40,DP,source,Nemesis.OnSlain,4278
16,40,Material,source,Nemesis.OnSlain,17
16,40,DP,stock,end,65547
16,40,Material,stock,end,5754
16,40,Fame,stock,end,33241
16,41,DP,source,SurfaceMap.CollectYields,146
16,41,Material,source,SurfaceMap.CollectYields,8
16,41,Fame,source,SurfaceMap.CollectYields,32
16,41,DP,source,DistrictCatalog.Collect,28
16,41,DP,sink,MinionRoster.TryForge,-62580
16,41,DP,sink,MinionRoster.TryEvolveIndividual,-375
16,41,Material,sink,MinionRoster.TryForge,-792
16,41,DP,sink,MinionRoster.TrySummon,-2762
16,41,DP,source,AdventurerAI.ReapEmotion,278
16,41,DP,source,AdventurerAI.GrantReturnReward,27115
16,41,Fame,source,AdventurerAI.GrantReturnReward,410
16,41,Fame,source,LureEconomy.OnHeroEscaped,1025
16,41,DP,sink,CommandSystem.TryUse,-4900
16,41,DP,source,AdventurerAI.TakeDamage,19786
16,41,Material,source,AdventurerAI.TakeDamage,4870
16,41,DP,source,Nemesis.OnSlain,4278
16,41,Material,source,Nemesis.OnSlain,17
16,41,DP,stock,end,46561
16,41,Material,stock,end,9857
16,41,Fame,stock,end,34708
16,42,DP,source,SurfaceMap.CollectYields,167
16,42,Material,source,SurfaceMap.CollectYields,9
16,42,Fame,source,SurfaceMap.CollectYields,37
16,42,DP,source,DistrictCatalog.Collect,28
16,42,DP,source,EraSystem.TickTurn,1920
16,42,DP,sink,MinionRoster.TryForge,-36540
16,42,DP,sink,MinionRoster.TryEvolveIndividual,-375
16,42,Material,sink,MinionRoster.TryForge,-360
16,42,DP,sink,MinionRoster.TrySummon,-11741
16,42,DP,source,AdventurerAI.ReapEmotion,328
16,42,DP,sink,CommandSystem.TryUse,-6050
16,42,DP,source,AdventurerAI.GrantReturnReward,26392
16,42,Fame,source,AdventurerAI.GrantReturnReward,300
16,42,Fame,source,LureEconomy.OnHeroEscaped,750
16,42,DP,source,AdventurerAI.TakeDamage,43511
16,42,Material,source,AdventurerAI.TakeDamage,693
16,42,DP,source,Nemesis.OnSlain,956
16,42,Material,source,Nemesis.OnSlain,6
16,42,DP,stock,end,65157
16,42,Material,stock,end,10205
16,42,Fame,stock,end,35795
16,43,DP,source,SurfaceMap.CollectYields,167
16,43,Material,source,SurfaceMap.CollectYields,9
16,43,Fame,source,SurfaceMap.CollectYields,37
16,43,DP,source,DistrictCatalog.Collect,28
16,43,DP,sink,MinionRoster.TryForge,-16800
16,43,DP,sink,MinionRoster.TryEvolveIndividual,-550
16,43,DP,sink,MinionRoster.TrySummon,-47364
16,43,DP,sink,CommandSystem.TryUse,-5900
16,43,DP,source,AdventurerAI.ReapEmotion,194
16,43,DP,source,AdventurerAI.GrantReturnReward,42319
16,43,Fame,source,AdventurerAI.GrantReturnReward,450
16,43,Fame,source,LureEconomy.OnHeroEscaped,1125
16,43,DP,source,AdventurerAI.TakeDamage,15549
16,43,Material,source,AdventurerAI.TakeDamage,212
16,43,DP,source,Nemesis.OnSlain,956
16,43,Material,source,Nemesis.OnSlain,6
16,43,DP,stock,end,53756
16,43,Material,stock,end,10432
16,43,Fame,stock,end,37407
16,44,DP,source,SurfaceMap.CollectYields,167
16,44,Material,source,SurfaceMap.CollectYields,9
16,44,Fame,source,SurfaceMap.CollectYields,37
16,44,DP,source,DistrictCatalog.Collect,28
16,44,DP,sink,MinionRoster.TryForge,-29400
16,44,Material,sink,MinionRoster.TryForge,-168
16,44,DP,sink,MinionRoster.TrySummon,-24515
16,44,DP,source,AdventurerAI.ReapEmotion,384
16,44,DP,sink,CommandSystem.TryUse,-5550
16,44,DP,source,AdventurerAI.GrantReturnReward,29746
16,44,Fame,source,AdventurerAI.GrantReturnReward,350
16,44,Fame,source,LureEconomy.OnHeroEscaped,875
16,44,DP,source,AdventurerAI.TakeDamage,29461
16,44,Material,source,AdventurerAI.TakeDamage,1849
16,44,DP,source,Nemesis.OnSlain,5250
16,44,Material,source,Nemesis.OnSlain,23
16,44,DP,stock,end,59327
16,44,Material,stock,end,12145
16,44,Fame,stock,end,38669
16,45,DP,source,SurfaceMap.CollectYields,167
16,45,Material,source,SurfaceMap.CollectYields,9
16,45,Fame,source,SurfaceMap.CollectYields,37
16,45,DP,source,DistrictCatalog.Collect,28
16,45,DP,sink,MinionRoster.TryForge,-57120
16,45,Material,sink,MinionRoster.TryForge,-616
16,45,DP,sink,MinionRoster.TrySummon,-2396
16,45,DP,source,AdventurerAI.ReapEmotion,174
16,45,DP,source,AdventurerAI.GrantReturnReward,28141
16,45,Fame,source,AdventurerAI.GrantReturnReward,410
16,45,Fame,source,LureEconomy.OnHeroEscaped,1025
16,45,DP,sink,CommandSystem.TryUse,-5200
16,45,DP,source,AdventurerAI.TakeDamage,29522
16,45,Material,source,AdventurerAI.TakeDamage,612
16,45,DP,stock,end,52643
16,45,Material,stock,end,12150
16,45,Fame,stock,end,40141
16,46,DP,source,SurfaceMap.CollectYields,167
16,46,Material,source,SurfaceMap.CollectYields,9
16,46,Fame,source,SurfaceMap.CollectYields,37
16,46,DP,source,DistrictCatalog.Collect,28
16,46,DP,sink,MinionRoster.TryForge,-50400
16,46,Material,sink,MinionRoster.TryForge,-672
16,46,DP,sink,MinionRoster.TrySummon,-2172
16,46,DP,source,AdventurerAI.ReapEmotion,297
16,46,DP,sink,CommandSystem.TryUse,-5550
16,46,DP,source,AdventurerAI.GrantReturnReward,51481
16,46,Fame,source,AdventurerAI.GrantReturnReward,660
16,46,Fame,source,LureEconomy.OnHeroEscaped,1650
16,46,DP,source,AdventurerAI.TakeDamage,33165
16,46,Material,source,AdventurerAI.TakeDamage,664
16,46,DP,source,Nemesis.OnSlain,2008
16,46,Material,source,Nemesis.OnSlain,12
16,46,DP,stock,end,81667
16,46,Material,stock,end,12163
16,46,Fame,stock,end,42488
16,47,DP,source,SurfaceMap.CollectYields,167
16,47,Material,source,SurfaceMap.CollectYields,9
16,47,Fame,source,SurfaceMap.CollectYields,37
16,47,DP,source,DistrictCatalog.Collect,28
16,47,DP,sink,MinionRoster.TryForge,-19200
16,47,Material,sink,MinionRoster.TryForge,-256
16,47,DP,sink,MinionEvolution.TryEvolve,-9050
16,47,DP,sink,MinionRoster.TryEvolveIndividual,-49500
16,47,DP,sink,MinionRoster.TrySummon,-4061
16,47,DP,source,AdventurerAI.ReapEmotion,497
16,47,DP,sink,CommandSystem.TryUse,-5200
16,47,DP,source,AdventurerAI.GrantReturnReward,41966
16,47,Fame,source,AdventurerAI.GrantReturnReward,420
16,47,Fame,source,LureEconomy.OnHeroEscaped,1050
16,47,DP,source,AdventurerAI.TakeDamage,22569
16,47,Material,source,AdventurerAI.TakeDamage,49659
16,47,DP,source,Nemesis.OnSlain,5645
16,47,Material,source,Nemesis.OnSlain,25
16,47,DP,stock,end,65528
16,47,Material,stock,end,61600
16,47,Fame,stock,end,43995
16,48,DP,source,SurfaceMap.CollectYields,167
16,48,Material,source,SurfaceMap.CollectYields,9
16,48,Fame,source,SurfaceMap.CollectYields,37
16,48,DP,source,DistrictCatalog.Collect,28
16,48,DP,source,EraSystem.TickTurn,9720
16,48,DP,sink,MinionRoster.TryForge,-72000
16,48,Material,sink,MinionRoster.TryForge,-960
16,48,DP,sink,MinionRoster.TrySummon,-3403
16,48,DP,source,AdventurerAI.ReapEmotion,144
16,48,DP,source,AdventurerAI.TakeDamage,49354
16,48,Material,source,AdventurerAI.TakeDamage,6472
16,48,DP,sink,CommandSystem.TryUse,-6050
16,48,DP,source,AdventurerAI.GrantReturnReward,4792
16,48,Fame,source,AdventurerAI.GrantReturnReward,150
16,48,Fame,source,LureEconomy.OnHeroEscaped,375
16,48,DP,source,Nemesis.OnSlain,5299
16,48,Material,source,Nemesis.OnSlain,23
16,48,DP,stock,end,53579
16,48,Material,stock,end,67144
16,48,Fame,stock,end,44557
16,49,DP,source,SurfaceMap.CollectYields,167
16,49,Material,source,SurfaceMap.CollectYields,9
16,49,Fame,source,SurfaceMap.CollectYields,37
16,49,DP,source,DistrictCatalog.Collect,28
16,49,DP,source,EraSystem.TickTurn,9720
16,49,DP,sink,MinionRoster.TryForge,-4800
16,49,Material,sink,MinionRoster.TryForge,-64
16,49,DP,sink,MinionEvolution.TryEvolve,-14200
16,49,DP,sink,MinionRoster.TryEvolveIndividual,-43950
16,49,DP,sink,MinionRoster.TrySummon,-512
16,49,DP,source,AdventurerAI.ReapEmotion,190
16,49,DP,source,AdventurerAI.GrantReturnReward,15936
16,49,Fame,source,AdventurerAI.GrantReturnReward,250
16,49,Fame,source,LureEconomy.OnHeroEscaped,625
16,49,DP,sink,CommandSystem.TryUse,-5550
16,49,DP,source,AdventurerAI.TakeDamage,43129
16,49,Material,source,AdventurerAI.TakeDamage,31134
16,49,DP,source,Nemesis.OnSlain,6352
16,49,Material,source,Nemesis.OnSlain,29
16,49,DP,stock,end,60089
16,49,Material,stock,end,98252
16,49,Fame,stock,end,45469
16,50,DP,source,SurfaceMap.CollectYields,167
16,50,Material,source,SurfaceMap.CollectYields,9
16,50,Fame,source,SurfaceMap.CollectYields,37
16,50,DP,source,DistrictCatalog.Collect,28
16,50,DP,source,EraSystem.TickTurn,9720
16,50,DP,sink,MinionRoster.TryForge,-4800
16,50,Material,sink,MinionRoster.TryForge,-64
16,50,DP,sink,MinionEvolution.TryEvolve,-19050
16,50,DP,sink,MinionRoster.TryEvolveIndividual,-44800
16,50,DP,sink,MinionRoster.TrySummon,-1338
16,50,DP,source,AdventurerAI.ReapEmotion,485
16,50,DP,sink,CommandSystem.TryUse,-5650
16,50,DP,source,AdventurerAI.GrantReturnReward,4744
16,50,Fame,source,AdventurerAI.GrantReturnReward,80
16,50,Fame,source,LureEconomy.OnHeroEscaped,200
16,50,DP,source,AdventurerAI.TakeDamage,44149
16,50,Material,source,AdventurerAI.TakeDamage,323
16,50,DP,source,Nemesis.OnSlain,3514
16,50,Material,source,Nemesis.OnSlain,20
16,50,DP,stock,end,47258
16,50,Material,stock,end,98540
16,50,Fame,stock,end,45786
16,51,DP,source,SurfaceMap.CollectYields,167
16,51,Material,source,SurfaceMap.CollectYields,9
16,51,Fame,source,SurfaceMap.CollectYields,37
16,51,DP,source,DistrictCatalog.Collect,28
16,51,DP,source,EraSystem.TickTurn,9720
16,51,DP,sink,MinionRoster.TryForge,-7200
16,51,Material,sink,MinionRoster.TryForge,-96
16,51,DP,sink,MinionRoster.TryEvolveIndividual,-46750
16,51,DP,sink,MinionRoster.TrySummon,-3213
16,51,DP,source,AdventurerAI.ReapEmotion,221
16,51,DP,source,AdventurerAI.GrantReturnReward,13678
16,51,Fame,source,AdventurerAI.GrantReturnReward,360
16,51,Fame,source,LureEconomy.OnHeroEscaped,900
16,51,DP,sink,CommandSystem.TryUse,-4900
16,51,DP,source,AdventurerAI.TakeDamage,39774
16,51,Material,source,AdventurerAI.TakeDamage,609
16,51,DP,source,Nemesis.OnSlain,3256
16,51,Material,source,Nemesis.OnSlain,18
16,51,DP,stock,end,52039
16,51,Material,stock,end,99080
16,51,Fame,stock,end,47083
16,52,DP,source,SurfaceMap.CollectYields,209
16,52,Material,source,SurfaceMap.CollectYields,12
16,52,Fame,source,SurfaceMap.CollectYields,37
16,52,DP,source,DistrictCatalog.Collect,28
16,52,DP,source,EraSystem.TickTurn,16524
16,52,Material,source,EraSystem.TickTurn,62
16,52,DP,sink,MinionRoster.TryForge,-20640
16,52,Material,sink,MinionRoster.TryForge,-286
16,52,DP,sink,MinionRoster.TryEvolveIndividual,-43550
16,52,DP,sink,MinionRoster.TrySummon,-4595
16,52,DP,source,AdventurerAI.ReapEmotion,210
16,52,DP,source,AdventurerAI.TakeDamage,45573
16,52,Material,source,AdventurerAI.TakeDamage,940
16,52,DP,sink,CommandSystem.TryUse,-5850
16,52,DP,source,AdventurerAI.GrantReturnReward,19642
16,52,Fame,source,AdventurerAI.GrantReturnReward,360
16,52,Fame,source,LureEconomy.OnHeroEscaped,900
16,52,DP,source,Nemesis.OnSlain,3353
16,52,Material,source,Nemesis.OnSlain,18
16,52,DP,stock,end,62943
16,52,Material,stock,end,99826
16,52,Fame,stock,end,48380
16,53,DP,source,SurfaceMap.CollectYields,209
16,53,Material,source,SurfaceMap.CollectYields,12
16,53,Fame,source,SurfaceMap.CollectYields,37
16,53,DP,source,DistrictCatalog.Collect,28
16,53,Material,source,DistrictCatalog.Collect,7
16,53,DP,source,EraSystem.TickTurn,9720
16,53,Material,source,EraSystem.TickTurn,124
16,53,DP,sink,MinionRoster.TryForge,-69120
16,53,Material,sink,MinionRoster.TryForge,-1008
16,53,DP,sink,MinionRoster.TrySummon,-3778
16,53,DP,source,AdventurerAI.ReapEmotion,135
16,53,DP,source,AdventurerAI.TakeDamage,58264
16,53,Material,source,AdventurerAI.TakeDamage,1646
16,53,DP,source,AdventurerAI.GrantReturnReward,11063
16,53,Fame,source,AdventurerAI.GrantReturnReward,310
16,53,Fame,source,LureEconomy.OnHeroEscaped,775
16,53,DP,sink,CommandSystem.TryUse,-4900
16,53,DP,source,Nemesis.OnSlain,2203
16,53,Material,source,Nemesis.OnSlain,12
16,53,DP,stock,end,66767
16,53,Material,stock,end,100619
16,53,Fame,stock,end,49502
16,54,DP,source,SurfaceMap.CollectYields,225
16,54,Material,source,SurfaceMap.CollectYields,10
16,54,Fame,source,SurfaceMap.CollectYields,39
16,54,DP,source,DistrictCatalog.Collect,28
16,54,Material,source,DistrictCatalog.Collect,7
16,54,DP,source,EraSystem.TickTurn,9720
16,54,Fame,source,EraSystem.TickTurn,135
16,54,DP,sink,MinionRoster.TryForge,-72000
16,54,Material,sink,MinionRoster.TryForge,-1050
16,54,DP,sink,MinionRoster.TrySummon,-4737
16,54,DP,source,AdventurerAI.ReapEmotion,188
16,54,DP,source,AdventurerAI.TakeDamage,25065
16,54,Material,source,AdventurerAI.TakeDamage,619
16,54,DP,sink,CommandSystem.TryUse,-5250
16,54,DP,source,AdventurerAI.GrantReturnReward,9537
16,54,Fame,source,AdventurerAI.GrantReturnReward,230
16,54,Fame,source,LureEconomy.OnHeroEscaped,575
16,54,DP,source,Nemesis.OnSlain,3322
16,54,Material,source,Nemesis.OnSlain,18
16,54,DP,stock,end,32865
16,54,Material,stock,end,100223
16,54,Fame,stock,end,50481
16,55,DP,source,SurfaceMap.CollectYields,225
16,55,Material,source,SurfaceMap.CollectYields,10
16,55,Fame,source,SurfaceMap.CollectYields,39
16,55,DP,source,DistrictCatalog.Collect,28
16,55,Material,source,DistrictCatalog.Collect,7
16,55,DP,source,EraSystem.TickTurn,16524
16,55,DP,sink,MinionRoster.TryForge,-46080
16,55,Material,sink,MinionRoster.TryForge,-672
16,55,DP,sink,MinionRoster.TrySummon,-3523
16,55,DP,source,AdventurerAI.ReapEmotion,346
16,55,DP,sink,CommandSystem.TryUse,-5200
16,55,DP,source,AdventurerAI.GrantReturnReward,15840
16,55,Fame,source,AdventurerAI.GrantReturnReward,410
16,55,Fame,source,LureEconomy.OnHeroEscaped,1025
16,55,DP,source,AdventurerAI.TakeDamage,57693
16,55,Material,source,AdventurerAI.TakeDamage,729
16,55,DP,source,Nemesis.OnSlain,1489
16,55,Material,source,Nemesis.OnSlain,8
16,55,DP,stock,end,70207
16,55,Material,stock,end,100305
16,55,Fame,stock,end,51955
16,56,DP,source,SurfaceMap.CollectYields,225
16,56,Material,source,SurfaceMap.CollectYields,10
16,56,Fame,source,SurfaceMap.CollectYields,39
16,56,DP,source,DistrictCatalog.Collect,28
16,56,Material,source,DistrictCatalog.Collect,7
16,56,DP,sink,MinionRoster.TryForge,-66240
16,56,Material,sink,MinionRoster.TryForge,-966
16,56,DP,sink,MinionRoster.TrySummon,-4215
16,56,DP,source,AdventurerAI.ReapEmotion,215
16,56,DP,source,AdventurerAI.TakeDamage,54851
16,56,Material,source,AdventurerAI.TakeDamage,1288
16,56,DP,source,AdventurerAI.GrantReturnReward,27963
16,56,Fame,source,AdventurerAI.GrantReturnReward,380
16,56,Fame,source,LureEconomy.OnHeroEscaped,950
16,56,DP,sink,CommandSystem.TryUse,-5200
16,56,DP,source,Nemesis.OnSlain,1134
16,56,Material,source,Nemesis.OnSlain,6
16,56,DP,stock,end,78968
16,56,Material,stock,end,100650
16,56,Fame,stock,end,53324
16,57,DP,source,SurfaceMap.CollectYields,256
16,57,Material,source,SurfaceMap.CollectYields,12
16,57,Fame,source,SurfaceMap.CollectYields,45
16,57,DP,source,DistrictCatalog.Collect,28
16,57,Material,source,DistrictCatalog.Collect,7
16,57,DP,sink,MinionRoster.TryForge,-74880
16,57,Material,sink,MinionRoster.TryForge,-1092
16,57,DP,sink,MinionRoster.TrySummon,-4364
16,57,DP,source,AdventurerAI.ReapEmotion,134
16,57,DP,source,AdventurerAI.GrantReturnReward,11577
16,57,Fame,source,AdventurerAI.GrantReturnReward,360
16,57,Fame,source,LureEconomy.OnHeroEscaped,900
16,57,DP,sink,CommandSystem.TryUse,-4900
16,57,DP,source,AdventurerAI.TakeDamage,75291
16,57,Material,source,AdventurerAI.TakeDamage,1174
16,57,DP,source,Nemesis.OnSlain,2680
16,57,Material,source,Nemesis.OnSlain,14
16,57,DP,stock,end,84790
16,57,Material,stock,end,100765
16,57,Fame,stock,end,54629
16,58,DP,source,SurfaceMap.CollectYields,256
16,58,Material,source,SurfaceMap.CollectYields,12
16,58,Fame,source,SurfaceMap.CollectYields,45
16,58,DP,source,DistrictCatalog.Collect,28
16,58,Material,source,DistrictCatalog.Collect,6
16,58,DP,sink,MinionRoster.TryForge,-5760
16,58,Material,sink,MinionRoster.TryForge,-84
16,58,DP,sink,DungeonFloorManager.TryAddFloor,-78125
16,58,DP,sink,DungeonFloorManager.TryExpandFloor,-400
16,58,DP,sink,DungeonFeatureManager.TryPlaceTrap,-600
16,58,DP,sink,MinionRoster.TrySummon,-162
16,58,DP,source,AdventurerAI.ReapEmotion,500
16,58,DP,sink,CommandSystem.TryUse,-5550
16,58,DP,source,AdventurerAI.GrantReturnReward,31588
16,58,Fame,source,AdventurerAI.GrantReturnReward,430
16,58,Fame,source,LureEconomy.OnHeroEscaped,1075
16,58,DP,source,AdventurerAI.TakeDamage,51763
16,58,Material,source,AdventurerAI.TakeDamage,1139
16,58,DP,stock,end,78328
16,58,Material,stock,end,101838
16,58,Fame,stock,end,56179
16,59,DP,source,SurfaceMap.CollectYields,182
16,59,Material,source,SurfaceMap.CollectYields,10
16,59,Fame,source,SurfaceMap.CollectYields,32
16,59,DP,source,DistrictCatalog.Collect,28
16,59,Material,source,DistrictCatalog.Collect,6
16,59,DP,source,EraSystem.TickTurn,4860
16,59,DP,sink,MinionRoster.TryForge,-72720
16,59,Material,sink,MinionRoster.TryForge,-1093
16,59,DP,sink,DungeonFloorManager.TryExpandFloor,-4800
16,59,DP,sink,DungeonFeatureManager.TryPlaceTrap,-3600
16,59,DP,sink,MinionRoster.TrySummon,-2244
16,59,DP,source,AdventurerAI.ReapEmotion,337
16,59,DP,sink,CommandSystem.TryUse,-5200
16,59,DP,source,AdventurerAI.GrantReturnReward,13638
16,59,Fame,source,AdventurerAI.GrantReturnReward,310
16,59,Fame,source,LureEconomy.OnHeroEscaped,775
16,59,DP,source,AdventurerAI.TakeDamage,71561
16,59,Material,source,AdventurerAI.TakeDamage,2387
16,59,DP,source,Nemesis.OnSlain,1166
16,59,Material,source,Nemesis.OnSlain,6
16,59,DP,stock,end,81536
16,59,Material,stock,end,103154
16,59,Fame,stock,end,57296
16,60,DP,source,SurfaceMap.CollectYields,182
16,60,Material,source,SurfaceMap.CollectYields,10
16,60,Fame,source,SurfaceMap.CollectYields,32
16,60,DP,source,DistrictCatalog.Collect,28
16,60,Material,source,DistrictCatalog.Collect,6
16,60,DP,sink,MinionRoster.TryForge,-75600
16,60,Material,sink,MinionRoster.TryForge,-1155
16,60,DP,sink,DungeonFeatureManager.TryPlaceTrap,-750
16,60,DP,sink,MinionRoster.TrySummon,-5391
16,60,DP,source,AdventurerAI.ReapEmotion,480
16,60,DP,sink,CommandSystem.TryUse,-5200
16,60,DP,source,AdventurerAI.GrantReturnReward,17517
16,60,Fame,source,AdventurerAI.GrantReturnReward,160
16,60,Fame,source,LureEconomy.OnHeroEscaped,400
16,60,DP,source,AdventurerAI.TakeDamage,59614
16,60,Material,source,AdventurerAI.TakeDamage,516
16,60,DP,source,Nemesis.OnSlain,5753
16,60,Material,source,Nemesis.OnSlain,28
16,60,DP,stock,end,78169
16,60,Material,stock,end,102559
16,60,Fame,stock,end,57888
16,61,DP,source,SurfaceMap.CollectYields,179
16,61,Material,source,SurfaceMap.CollectYields,10
16,61,Fame,source,SurfaceMap.CollectYields,31
16,61,DP,source,DistrictCatalog.Collect,28
16,61,Material,source,DistrictCatalog.Collect,6
16,61,DP,sink,MinionRoster.TryForge,-75600
16,61,Material,sink,MinionRoster.TryForge,-1155
16,61,DP,sink,MinionRoster.TrySummon,-2775
16,61,DP,source,AdventurerAI.ReapEmotion,324
16,61,DP,sink,CommandSystem.TryUse,-6050
16,61,DP,source,AdventurerAI.TakeDamage,62600
16,61,Material,source,AdventurerAI.TakeDamage,1847
16,61,DP,source,AdventurerAI.GrantReturnReward,19698
16,61,Fame,source,AdventurerAI.GrantReturnReward,400
16,61,Fame,source,LureEconomy.OnHeroEscaped,1000
16,61,DP,source,Nemesis.OnSlain,5555
16,61,Material,source,Nemesis.OnSlain,27
16,61,DP,stock,end,82128
16,61,Material,stock,end,103294
16,61,Fame,stock,end,59319
16,62,DP,source,SurfaceMap.CollectYields,205
16,62,Material,source,SurfaceMap.CollectYields,12
16,62,Fame,source,SurfaceMap.CollectYields,36
16,62,DP,source,DistrictCatalog.Collect,28
16,62,Material,source,DistrictCatalog.Collect,6
16,62,DP,sink,MinionRoster.TryForge,-79200
16,62,Material,sink,MinionRoster.TryForge,-1210
16,62,DP,sink,MinionRoster.TrySummon,-3120
16,62,DP,source,AdventurerAI.ReapEmotion,219
16,62,DP,source,AdventurerAI.GrantReturnReward,58010
16,62,Fame,source,AdventurerAI.GrantReturnReward,580
16,62,Fame,source,LureEconomy.OnHeroEscaped,1450
16,62,DP,sink,CommandSystem.TryUse,-4900
16,62,DP,source,AdventurerAI.TakeDamage,56469
16,62,Material,source,AdventurerAI.TakeDamage,1209
16,62,DP,stock,end,109839
16,62,Material,stock,end,103311
16,62,Fame,stock,end,61385
16,63,DP,source,SurfaceMap.CollectYields,205
16,63,Material,source,SurfaceMap.CollectYields,12
16,63,Fame,source,SurfaceMap.CollectYields,36
16,63,DP,source,DistrictCatalog.Collect,28
16,63,Material,source,DistrictCatalog.Collect,6
16,63,DP,sink,MinionRoster.TryForge,-104400
16,63,Material,sink,MinionRoster.TryForge,-1595
16,63,DP,sink,MinionRoster.TrySummon,-5658
16,63,DP,source,AdventurerAI.ReapEmotion,255
16,63,DP,source,AdventurerAI.GrantReturnReward,37871
16,63,Fame,source,AdventurerAI.GrantReturnReward,420
16,63,Fame,source,LureEconomy.OnHeroEscaped,1050
16,63,DP,sink,CommandSystem.TryUse,-5250
16,63,DP,source,AdventurerAI.TakeDamage,62950
16,63,Material,source,AdventurerAI.TakeDamage,1588
16,63,DP,stock,end,95840
16,63,Material,stock,end,103322
16,63,Fame,stock,end,62891
16,64,DP,source,SurfaceMap.CollectYields,205
16,64,Material,source,SurfaceMap.CollectYields,12
16,64,Fame,source,SurfaceMap.CollectYields,36
16,64,DP,source,DistrictCatalog.Collect,28
16,64,Material,source,DistrictCatalog.Collect,6
16,64,DP,sink,MinionRoster.TryForge,-92160
16,64,Material,sink,MinionRoster.TryForge,-1420
16,64,DP,sink,MinionRoster.TrySummon,-3896
16,64,DP,source,IncidentSystem.Apply,600
16,64,DP,sink,CommandSystem.TryUse,-5550
16,64,DP,source,AdventurerAI.ReapEmotion,163
16,64,DP,source,AdventurerAI.GrantReturnReward,53489
16,64,Fame,source,AdventurerAI.GrantReturnReward,450
16,64,Fame,source,LureEconomy.OnHeroEscaped,1125
16,64,DP,source,AdventurerAI.TakeDamage,67441
16,64,Material,source,AdventurerAI.TakeDamage,2254
16,64,DP,source,Nemesis.OnSlain,4997
16,64,Material,source,Nemesis.OnSlain,24
16,64,DP,stock,end,121157
16,64,Material,stock,end,104198
16,64,Fame,stock,end,64502
16,65,DP,source,SurfaceMap.CollectYields,205
16,65,Material,source,SurfaceMap.CollectYields,12
16,65,Fame,source,SurfaceMap.CollectYields,36
16,65,DP,source,DistrictCatalog.Collect,28
16,65,Material,source,DistrictCatalog.Collect,6
16,65,DP,sink,MinionRoster.TryForge,-116640
16,65,Material,sink,MinionRoster.TryForge,-1890
16,65,DP,sink,MinionRoster.TrySummon,-4729
16,65,DP,source,AdventurerAI.ReapEmotion,640
16,65,DP,sink,CommandSystem.TryUse,-6000
16,65,DP,source,AdventurerAI.GrantReturnReward,25931
16,65,Fame,source,AdventurerAI.GrantReturnReward,250
16,65,Fame,source,LureEconomy.OnHeroEscaped,625
16,65,DP,source,AdventurerAI.TakeDamage,53423
16,65,Material,source,AdventurerAI.TakeDamage,1121
16,65,DP,stock,end,74015
16,65,Material,stock,end,103447
16,65,Fame,stock,end,65413
16,66,DP,source,SurfaceMap.CollectYields,209
16,66,Material,source,SurfaceMap.CollectYields,12
16,66,Fame,source,SurfaceMap.CollectYields,37
16,66,DP,source,DistrictCatalog.Collect,28
16,66,Material,source,DistrictCatalog.Collect,6
16,66,DP,sink,MinionRoster.TryForge,-69120
16,66,Material,sink,MinionRoster.TryForge,-1120
16,66,DP,sink,MinionRoster.TrySummon,-5108
16,66,DP,source,AdventurerAI.ReapEmotion,218
16,66,DP,source,AdventurerAI.GrantReturnReward,44033
16,66,Fame,source,AdventurerAI.GrantReturnReward,440
16,66,Fame,source,LureEconomy.OnHeroEscaped,1100
16,66,DP,sink,CommandSystem.TryUse,-4900
16,66,DP,source,AdventurerAI.TakeDamage,76941
16,66,Material,source,AdventurerAI.TakeDamage,1989
16,66,DP,source,Nemesis.OnSlain,3792
16,66,Material,source,Nemesis.OnSlain,18
16,66,DP,stock,end,120108
16,66,Material,stock,end,104352
16,66,Fame,stock,end,66990
16,67,DP,source,SurfaceMap.CollectYields,209
16,67,Material,source,SurfaceMap.CollectYields,12
16,67,Fame,source,SurfaceMap.CollectYields,37
16,67,DP,source,DistrictCatalog.Collect,28
16,67,Material,source,DistrictCatalog.Collect,6
16,67,DP,sink,MinionRoster.TryForge,-116640
16,67,Material,sink,MinionRoster.TryForge,-1890
16,67,DP,sink,MinionRoster.TrySummon,-3673
16,67,DP,source,AdventurerAI.ReapEmotion,208
16,67,DP,source,AdventurerAI.GrantReturnReward,45885
16,67,Fame,source,AdventurerAI.GrantReturnReward,380
16,67,Fame,source,LureEconomy.OnHeroEscaped,950
16,67,DP,sink,CommandSystem.TryUse,-5550
16,67,DP,source,AdventurerAI.TakeDamage,83930
16,67,Material,source,AdventurerAI.TakeDamage,1912
16,67,DP,source,Nemesis.OnSlain,4428
16,67,Material,source,Nemesis.OnSlain,20
16,67,DP,stock,end,128933
16,67,Material,stock,end,104412
16,67,Fame,stock,end,68357
16,68,DP,source,SurfaceMap.CollectYields,209
16,68,Material,source,SurfaceMap.CollectYields,12
16,68,Fame,source,SurfaceMap.CollectYields,37
16,68,DP,source,DistrictCatalog.Collect,28
16,68,Material,source,DistrictCatalog.Collect,6
16,68,DP,sink,MinionRoster.TryForge,-125280
16,68,Material,sink,MinionRoster.TryForge,-2030
16,68,DP,sink,MinionRoster.TrySummon,-3852
16,68,DP,source,AdventurerAI.ReapEmotion,229
16,68,DP,source,AdventurerAI.GrantReturnReward,39247
16,68,Fame,source,AdventurerAI.GrantReturnReward,520
16,68,Fame,source,LureEconomy.OnHeroEscaped,1300
16,68,DP,sink,CommandSystem.TryUse,-4900
16,68,DP,source,AdventurerAI.TakeDamage,58765
16,68,Material,source,AdventurerAI.TakeDamage,1307
16,68,DP,source,Nemesis.OnSlain,3840
16,68,Material,source,Nemesis.OnSlain,18
16,68,DP,stock,end,97219
16,68,Material,stock,end,103725
16,68,Fame,stock,end,70214
