run,turn,resource,kind,key,amount
1,1,DP,sink,DungeonFeatureManager.TryPlaceTrap,-150
1,1,DP,sink,MinionRoster.TrySummon,-46
1,1,DP,source,AdventurerAI.ReapEmotion,146
1,1,DP,source,AdventurerAI.GrantReturnReward,634
1,1,Fame,source,AdventurerAI.GrantReturnReward,40
1,1,Fame,source,LureEconomy.OnHeroEscaped,100
1,1,DP,sink,CommandSystem.TryUse,-650
1,1,DP,source,AdventurerAI.TakeDamage,58
1,1,Material,source,AdventurerAI.TakeDamage,8
1,1,DP,stock,end,192
1,1,Material,stock,end,8
1,1,Fame,stock,end,140
1,2,DP,source,SurfaceMap.CollectYields,18
1,2,Material,source,SurfaceMap.CollectYields,1
1,2,Fame,source,SurfaceMap.CollectYields,4
1,2,DP,source,EraSystem.TickTurn,600
1,2,Fame,source,EraSystem.TickTurn,25
1,2,DP,sink,MinionRoster.TryForge,-236
1,2,DP,sink,MinionEvolution.TryEvolve,-225
1,2,DP,sink,DungeonFeatureManager.TryPlaceTrap,-150
1,2,DP,sink,MinionRoster.TrySummon,-196
1,2,DP,source,AdventurerAI.TakeDamage,351
1,2,Material,source,AdventurerAI.TakeDamage,17
1,2,DP,source,AdventurerAI.ReapEmotion,168
1,2,DP,sink,CommandSystem.TryUse,-650
1,2,DP,source,AdventurerAI.GrantReturnReward,369
1,2,Fame,source,AdventurerAI.GrantReturnReward,10
1,2,Fame,source,LureEconomy.OnHeroEscaped,25
1,2,DP,stock,end,241
1,2,Material,stock,end,26
1,2,Fame,stock,end,204
1,3,DP,source,SurfaceMap.CollectYields,18
1,3,Material,source,SurfaceMap.CollectYields,1
1,3,Fame,source,SurfaceMap.CollectYields,4
1,3,DP,source,EraSystem.TickTurn,600
1,3,Material,source,EraSystem.TickTurn,10
1,3,Fame,source,EraSystem.TickTurn,25
1,3,DP,sink,MinionRoster.TryForge,-236
1,3,DP,sink,MinionEvolution.TryEvolve,-175
1,3,DP,sink,MinionRoster.TryEvolveIndividual,-75
1,3,DP,sink,DungeonFeatureManager.TryPlaceTrap,-300
1,3,DP,sink,MinionRoster.TrySummon,-62
1,3,DP,source,AdventurerAI.TakeDamage,254
1,3,Material,source,AdventurerAI.TakeDamage,10
1,3,Fame,source,AdventurerAI.GrantReturnReward,20
1,3,Fame,source,LureEconomy.OnHeroEscaped,50
1,3,DP,source,AdventurerAI.ReapEmotion,102
1,3,DP,source,Nemesis.OnSlain,437
1,3,Material,source,Nemesis.OnSlain,5
1,3,DP,sink,CommandSystem.TryUse,-300
1,3,DP,stock,end,504
1,3,Material,stock,end,52
1,3,Fame,stock,end,303
1,4,DP,source,SurfaceMap.CollectYields,18
1,4,Material,source,SurfaceMap.CollectYields,1
1,4,Fame,source,SurfaceMap.CollectYields,4
1,4,DP,source,EraSystem.TickTurn,600
1,4,DP,sink,MinionRoster.TryForge,-236
1,4,DP,sink,DungeonFloorManager.TryExpandFloor,-400
1,4,DP,sink,MinionRoster.TryEvolveIndividual,-175
1,4,DP,sink,DungeonFeatureManager.TryPlaceTrap,-150
1,4,DP,sink,MinionRoster.TrySummon,-156
1,4,DP,source,AdventurerAI.TakeDamage,333
1,4,Material,source,AdventurerAI.TakeDamage,23
1,4,DP,source,AdventurerAI.ReapEmotion,109
1,4,Fame,source,AdventurerAI.GrantReturnReward,20
1,4,Fame,source,LureEconomy.OnHeroEscaped,50
1,4,DP,source,Nemesis.OnSlain,454
1,4,Material,source,Nemesis.OnSlain,5
1,4,DP,sink,CommandSystem.TryUse,-650
1,4,DP,stock,end,251
1,4,Material,stock,end,81
1,4,Fame,stock,end,377
1,5,DP,source,SurfaceMap.CollectYields,18
1,5,Material,source,SurfaceMap.CollectYields,1
1,5,Fame,source,SurfaceMap.CollectYields,4
1,5,DP,source,EraSystem.TickTurn,600
1,5,DP,sink,MinionRoster.TryForge,-212
1,5,DP,sink,MinionEvolution.TryEvolve,-225
1,5,DP,sink,DungeonFeatureManager.TryPlaceTrap,-300
1,5,DP,sink,MinionRoster.TrySummon,-126
1,5,DP,source,AdventurerAI.ReapEmotion,208
1,5,DP,source,AdventurerAI.TakeDamage,520
1,5,Material,source,AdventurerAI.TakeDamage,40
1,5,DP,sink,CommandSystem.TryUse,-650
1,5,DP,source,AdventurerAI.GrantReturnReward,51
1,5,Fame,source,AdventurerAI.GrantReturnReward,10
1,5,Fame,source,LureEconomy.OnHeroEscaped,25
1,5,DP,source,Nemesis.OnSlain,470
1,5,Material,source,Nemesis.OnSlain,5
1,5,DP,stock,end,605
1,5,Material,stock,end,127
1,5,Fame,stock,end,416
1,6,DP,source,SurfaceMap.CollectYields,39
1,6,Material,source,SurfaceMap.CollectYields,2
1,6,Fame,source,SurfaceMap.CollectYields,9
1,6,DP,source,EraSystem.TickTurn,600
1,6,Material,source,EraSystem.TickTurn,10
1,6,DP,sink,MinionRoster.TryForge,-212
1,6,DP,sink,MinionEvolution.TryEvolve,-725
1,6,DP,sink,DungeonFeatureManager.TryPlaceTrap,-150
1,6,DP,sink,MinionRoster.TrySummon,-139
1,6,DP,source,AdventurerAI.ReapEmotion,109
1,6,Fame,source,AdventurerAI.GrantReturnReward,30
1,6,Fame,source,LureEconomy.OnHeroEscaped,75
1,6,DP,source,AdventurerAI.TakeDamage,451
1,6,Material,source,AdventurerAI.TakeDamage,23
1,6,DP,sink,CommandSystem.TryUse,-1150
1,6,DP,source,Nemesis.OnSlain,486
1,6,Material,source,Nemesis.OnSlain,5
1,6,DP,source,AdventurerAI.GrantReturnReward,348
1,6,DP,stock,end,262
1,6,Material,stock,end,167
1,6,Fame,stock,end,530
1,7,DP,source,SurfaceMap.CollectYields,39
1,7,Material,source,SurfaceMap.CollectYields,2
1,7,Fame,source,SurfaceMap.CollectYields,9
1,7,DP,source,EraSystem.TickTurn,1020
1,7,DP,sink,MinionRoster.TryForge,-212
1,7,DP,sink,DungeonFloorManager.TryAddFloor,-800
1,7,DP,sink,DungeonFeatureManager.TryPlaceTrap,-150
1,7,DP,sink,MinionRoster.TrySummon,-143
1,7,DP,source,AdventurerAI.ReapEmotion,434
1,7,DP,source,AdventurerAI.TakeDamage,503
1,7,Material,source,AdventurerAI.TakeDamage,16
1,7,DP,sink,CommandSystem.TryUse,-1150
1,7,DP,source,AdventurerAI.GrantReturnReward,686
1,7,Fame,source,AdventurerAI.GrantReturnReward,30
1,7,Fame,source,LureEconomy.OnHeroEscaped,75
1,7,DP,source,Nemesis.OnSlain,502
1,7,Material,source,Nemesis.OnSlain,5
1,7,DP,stock,end,991
1,7,Material,stock,end,190
1,7,Fame,stock,end,644
1,8,DP,source,SurfaceMap.CollectYields,39
1,8,Material,source,SurfaceMap.CollectYields,2
1,8,Fame,source,SurfaceMap.CollectYields,9
1,8,DP,source,EraSystem.TickTurn,600
1,8,DP,sink,MinionRoster.TryForge,-212
1,8,DP,sink,DungeonFloorManager.TryExpandFloor,-400
1,8,DP,sink,MinionEvolution.TryEvolve,-500
1,8,DP,sink,MinionRoster.TryEvolveIndividual,-175
1,8,DP,sink,DungeonFeatureManager.TryPlaceTrap,-150
1,8,DP,sink,MinionRoster.TrySummon,-185
1,8,DP,source,AdventurerAI.ReapEmotion,151
1,8,DP,source,AdventurerAI.TakeDamage,809
1,8,Material,source,AdventurerAI.TakeDamage,37
1,8,DP,sink,CommandSystem.TryUse,-1800
1,8,DP,source,AdventurerAI.GrantReturnReward,555
1,8,Fame,source,AdventurerAI.GrantReturnReward,20
1,8,Fame,source,LureEconomy.OnHeroEscaped,50
1,8,DP,source,Nemesis.OnSlain,1236
1,8,Material,source,Nemesis.OnSlain,12
1,8,DP,stock,end,959
1,8,Material,stock,end,241
1,8,Fame,stock,end,723
1,9,DP,source,SurfaceMap.CollectYields,45
1,9,Material,source,SurfaceMap.CollectYields,2
1,9,Fame,source,SurfaceMap.CollectYields,11
1,9,DP,source,EraSystem.TickTurn,600
1,9,Fame,source,EraSystem.TickTurn,25
1,9,DP,sink,MinionRoster.TryForge,-190
1,9,DP,sink,DungeonFloorManager.TryExpandFloor,-800
1,9,DP,sink,MinionEvolution.TryEvolve,-250
1,9,DP,sink,DungeonFeatureManager.TryPlaceTrap,-150
1,9,DP,sink,MinionRoster.TrySummon,-209
1,9,DP,source,AdventurerAI.ReapEmotion,159
1,9,DP,source,AdventurerAI.TakeDamage,710
1,9,Material,source,AdventurerAI.TakeDamage,27
1,9,DP,sink,CommandSystem.TryUse,-1150
1,9,DP,source,AdventurerAI.GrantReturnReward,452
1,9,Fame,source,AdventurerAI.GrantReturnReward,30
1,9,Fame,source,LureEconomy.OnHeroEscaped,75
1,9,DP,stock,end,176
1,9,Material,stock,end,270
1,9,Fame,stock,end,864
1,10,DP,source,SurfaceMap.CollectYields,79
1,10,Material,source,SurfaceMap.CollectYields,3
1,10,Fame,source,SurfaceMap.CollectYields,17
1,10,DP,source,EraSystem.TickTurn,300
1,10,DP,sink,MinionRoster.TryForge,-190
1,10,DP,sink,DungeonFeatureManager.TryPlaceTrap,-150
1,10,DP,sink,MinionRoster.TrySummon,-204
1,10,DP,source,AdventurerAI.ReapEmotion,138
1,10,DP,source,AdventurerAI.TakeDamage,876
1,10,Material,source,AdventurerAI.TakeDamage,28
1,10,DP,sink,CommandSystem.TryUse,-2300
1,10,Fame,source,AdventurerAI.GrantReturnReward,30
1,10,Fame,source,LureEconomy.OnHeroEscaped,75
1,10,DP,source,Nemesis.OnSlain,1070
1,10,Material,source,Nemesis.OnSlain,10
1,10,DP,source,AdventurerAI.GrantReturnReward,549
1,10,DP,stock,end,344
1,10,Material,stock,end,311
1,10,Fame,stock,end,986
1,11,DP,source,SurfaceMap.CollectYields,79
1,11,Material,source,SurfaceMap.CollectYields,3
1,11,Fame,source,SurfaceMap.CollectYields,17
1,11,DP,source,WaveRoster.ResolveTrial,1500
1,11,DP,sink,MinionRoster.TryForge,-190
1,11,DP,sink,DungeonFloorManager.TryExpandFloor,-800
1,11,DP,sink,MinionEvolution.TryEvolve,-550
1,11,DP,sink,DungeonFeatureManager.TryPlaceTrap,-150
1,11,DP,sink,MinionRoster.TrySummon,-223
1,11,DP,source,AdventurerAI.TakeDamage,1061
1,11,Material,source,AdventurerAI.TakeDamage,55
1,11,DP,source,AdventurerAI.ReapEmotion,171
1,11,DP,sink,CommandSystem.TryUse,-2750
1,11,DP,source,AdventurerAI.GrantReturnReward,525
1,11,Fame,source,AdventurerAI.GrantReturnReward,30
1,11,Fame,source,LureEconomy.OnHeroEscaped,75
1,11,DP,source,Nemesis.OnSlain,1907
1,11,Material,source,Nemesis.OnSlain,16
1,11,DP,stock,end,924
1,11,Material,stock,end,385
1,11,Fame,stock,end,1108
1,12,DP,source,SurfaceMap.CollectYields,79
1,12,Material,source,SurfaceMap.CollectYields,3
1,12,Fame,source,SurfaceMap.CollectYields,17
1,12,DP,source,DistrictCatalog.Collect,112
1,12,DP,source,EraSystem.TickTurn,720
1,12,DP,sink,MinionRoster.TryForge,-380
1,12,DP,sink,MinionRoster.TryEvolveIndividual,-1050
1,12,DP,sink,DungeonFeatureManager.TryPlaceTrap,-150
1,12,DP,sink,MinionRoster.TrySummon,-255
1,12,DP,source,AdventurerAI.ReapEmotion,118
1,12,DP,source,AdventurerAI.TakeDamage,1210
1,12,Material,source,AdventurerAI.TakeDamage,54
1,12,Fame,source,AdventurerAI.GrantReturnReward,30
1,12,Fame,source,LureEconomy.OnHeroEscaped,75
1,12,DP,source,AdventurerAI.GrantReturnReward,302
1,12,DP,sink,CommandSystem.TryUse,-1800
1,12,DP,source,Nemesis.OnSlain,1134
1,12,Material,source,Nemesis.OnSlain,10
1,12,DP,stock,end,964
1,12,Material,stock,end,452
1,12,Fame,stock,end,1230
1,13,DP,source,SurfaceMap.CollectYields,81
1,13,Material,source,SurfaceMap.CollectYields,4
1,13,Fame,source,SurfaceMap.CollectYields,19
1,13,DP,source,DistrictCatalog.Collect,112
1,13,DP,sink,MinionRoster.TryForge,-190
1,13,DP,sink,MinionRoster.TryEvolveIndividual,-650
1,13,DP,sink,DungeonFeatureManager.TryPlaceTrap,-150
1,13,DP,sink,MinionRoster.TrySummon,-167
1,13,DP,source,AdventurerAI.ReapEmotion,174
1,13,Fame,source,AdventurerAI.GrantReturnReward,70
1,13,Fame,source,LureEconomy.OnHeroEscaped,175
1,13,DP,source,AdventurerAI.TakeDamage,1492
1,13,Material,source,AdventurerAI.TakeDamage,36
1,13,DP,sink,CommandSystem.TryUse,-2750
1,13,DP,source,AdventurerAI.GrantReturnReward,941
1,13,DP,source,Nemesis.OnSlain,1134
1,13,Material,source,Nemesis.OnSlain,10
1,13,DP,stock,end,991
1,13,Material,stock,end,502
1,13,Fame,stock,end,1494
1,14,DP,source,SurfaceMap.CollectYields,82
1,14,Material,source,SurfaceMap.CollectYields,4
1,14,Fame,source,SurfaceMap.CollectYields,18
1,14,DP,source,DistrictCatalog.Collect,112
1,14,DP,sink,MinionRoster.TryForge,-475
1,14,DP,sink,MinionRoster.TryEvolveIndividual,-325
1,14,DP,sink,DungeonFeatureManager.TryPlaceTrap,-150
1,14,DP,sink,MinionRoster.TrySummon,-230
1,14,DP,source,AdventurerAI.TakeDamage,791
1,14,Material,source,AdventurerAI.TakeDamage,28
1,14,DP,source,AdventurerAI.ReapEmotion,112
1,14,DP,source,Nemesis.OnSlain,583
1,14,Material,source,Nemesis.OnSlain,5
1,14,DP,sink,CommandSystem.TryUse,-1150
1,14,DP,stock,end,341
1,14,Material,stock,end,539
1,14,Fame,stock,end,1512
1,15,DP,source,SurfaceMap.CollectYields,82
1,15,Material,source,SurfaceMap.CollectYields,4
1,15,Fame,source,SurfaceMap.CollectYields,18
1,15,DP,source,DistrictCatalog.Collect,126
1,15,DP,sink,MinionRoster.TryForge,-190
1,15,DP,sink,DungeonFeatureManager.TryPlaceTrap,-150
1,15,DP,sink,MinionRoster.TrySummon,-207
1,15,DP,source,AdventurerAI.ReapEmotion,172
1,15,DP,source,AdventurerAI.TakeDamage,1665
1,15,Material,source,AdventurerAI.TakeDamage,97
1,15,DP,sink,CommandSystem.TryUse,-1800
1,15,DP,source,AdventurerAI.GrantReturnReward,59
1,15,Fame,source,AdventurerAI.GrantReturnReward,20
1,15,Fame,source,LureEconomy.OnHeroEscaped,50
1,15,DP,source,Nemesis.OnSlain,1435
1,15,Material,source,Nemesis.OnSlain,12
1,15,DP,stock,end,1533
1,15,Material,stock,end,652
1,15,Fame,stock,end,1600
1,16,DP,source,SurfaceMap.CollectYields,103
1,16,Material,source,SurfaceMap.CollectYields,5
1,16,Fame,source,SurfaceMap.CollectYields,23
1,16,DP,source,DistrictCatalog.Collect,126
1,16,DP,sink,MinionRoster.TryForge,-679
1,16,DP,sink,MinionRoster.TryEvolveIndividual,-550
1,16,DP,sink,DungeonFeatureManager.TryPlaceTrap,-300
1,16,DP,sink,MinionRoster.TrySummon,-216
1,16,DP,source,AdventurerAI.ReapEmotion,128
1,16,DP,source,AdventurerAI.TakeDamage,1573
1,16,Material,source,AdventurerAI.TakeDamage,40
1,16,DP,sink,CommandSystem.TryUse,-1450
1,16,Fame,source,AdventurerAI.GrantReturnReward,40
1,16,Fame,source,LureEconomy.OnHeroEscaped,100
1,16,DP,source,Nemesis.OnSlain,1232
1,16,Material,source,Nemesis.OnSlain,10
1,16,DP,source,AdventurerAI.GrantReturnReward,878
1,16,DP,stock,end,2378
1,16,Material,stock,end,707
1,16,Fame,stock,end,1763
1,17,DP,source,SurfaceMap.CollectYields,103
1,17,Material,source,SurfaceMap.CollectYields,5
1,17,Fame,source,SurfaceMap.CollectYields,23
1,17,DP,source,DistrictCatalog.Collect,126
1,17,DP,source,EraSystem.TickTurn,1020
1,17,DP,sink,MinionRoster.TryForge,-394
1,17,DP,sink,DungeonFloorManager.TryAddFloor,-2000
1,17,DP,sink,DungeonFloorManager.TryExpandFloor,-400
1,17,DP,sink,MinionRoster.TryEvolveIndividual,-325
1,17,DP,sink,DungeonFeatureManager.TryPlaceTrap,-300
1,17,DP,sink,MinionRoster.TrySummon,-192
1,17,DP,source,AdventurerAI.ReapEmotion,160
1,17,DP,source,AdventurerAI.TakeDamage,2324
1,17,Material,source,AdventurerAI.TakeDamage,48
1,17,Fame,source,AdventurerAI.GrantReturnReward,60
1,17,Fame,source,LureEconomy.OnHeroEscaped,150
1,17,DP,source,AdventurerAI.GrantReturnReward,1200
1,17,DP,sink,CommandSystem.TryUse,-2300
1,17,DP,source,Nemesis.OnSlain,1896
1,17,Material,source,Nemesis.OnSlain,15
1,17,DP,stock,end,3296
1,17,Material,stock,end,775
1,17,Fame,stock,end,1996
1,18,DP,source,SurfaceMap.CollectYields,103
1,18,Material,source,SurfaceMap.CollectYields,5
1,18,Fame,source,SurfaceMap.CollectYields,23
1,18,DP,source,DistrictCatalog.Collect,126
1,18,DP,source,EraSystem.TickTurn,300
1,18,DP,sink,MinionRoster.TryForge,-1006
1,18,DP,sink,DungeonFloorManager.TryExpandFloor,-2300
1,18,DP,sink,DungeonFeatureManager.TryPlaceTrap,-300
1,18,DP,sink,MinionRoster.TrySummon,-198
1,18,DP,source,AdventurerAI.ReapEmotion,196
1,18,DP,source,AdventurerAI.TakeDamage,1892
1,18,Material,source,AdventurerAI.TakeDamage,50
1,18,DP,sink,CommandSystem.TryUse,-1800
1,18,DP,source,AdventurerAI.GrantReturnReward,566
1,18,Fame,source,AdventurerAI.GrantReturnReward,20
1,18,Fame,source,LureEconomy.OnHeroEscaped,50
1,18,DP,source,Nemesis.OnSlain,632
1,18,Material,source,Nemesis.OnSlain,5
1,18,DP,stock,end,1507
1,18,Material,stock,end,835
1,18,Fame,stock,end,2089
1,19,DP,source,SurfaceMap.CollectYields,103
1,19,Material,source,SurfaceMap.CollectYields,5
1,19,Fame,source,SurfaceMap.CollectYields,23
1,19,DP,source,DistrictCatalog.Collect,154
1,19,DP,sink,MinionRoster.TryForge,-1210
1,19,DP,sink,DungeonFeatureManager.TryPlaceTrap,-300
1,19,DP,sink,MinionRoster.TrySummon,-228
1,19,DP,source,AdventurerAI.ReapEmotion,326
1,19,DP,sink,CommandSystem.TryUse,-4600
1,19,DP,source,AdventurerAI.GrantReturnReward,2125
1,19,Fame,source,AdventurerAI.GrantReturnReward,60
1,19,Fame,source,LureEconomy.OnHeroEscaped,150
1,19,DP,source,AdventurerAI.TakeDamage,1857
1,19,Material,source,AdventurerAI.TakeDamage,297
1,19,DP,source,Nemesis.OnSlain,648
1,19,Material,source,Nemesis.OnSlain,5
1,19,DP,stock,end,382
1,19,Material,stock,end,1142
1,19,Fame,stock,end,2322
1,20,DP,source,SurfaceMap.CollectYields,163
1,20,Material,source,SurfaceMap.CollectYields,6
1,20,Fame,source,SurfaceMap.CollectYields,34
1,20,DP,source,DistrictCatalog.Collect,154
1,20,DP,sink,MinionRoster.TryForge,-190
1,20,DP,sink,DungeonFeatureManager.TryPlaceTrap,-300
1,20,DP,sink,MinionRoster.TrySummon,-204
1,20,DP,source,AdventurerAI.ReapEmotion,391
1,20,DP,sink,CommandSystem.TryUse,-2300
1,20,DP,source,AdventurerAI.GrantReturnReward,3497
1,20,Fame,source,AdventurerAI.GrantReturnReward,100
1,20,Fame,source,LureEconomy.OnHeroEscaped,250
1,20,DP,source,AdventurerAI.TakeDamage,3294
1,20,Material,source,AdventurerAI.TakeDamage,70
1,20,DP,source,Nemesis.OnSlain,1598
1,20,Material,source,Nemesis.OnSlain,12
1,20,DP,stock,end,6485
1,20,Material,stock,end,1230
1,20,Fame,stock,end,2706
1,21,DP,source,SurfaceMap.CollectYields,163
1,21,Material,source,SurfaceMap.CollectYields,6
1,21,Fame,source,SurfaceMap.CollectYields,34
1,21,DP,source,DistrictCatalog.Collect,154
1,21,DP,sink,MinionRoster.TryForge,-190
1,21,DP,sink,DungeonFloorManager.TryAddFloor,-5000
1,21,DP,sink,DungeonFloorManager.TryExpandFloor,-1200
1,21,DP,sink,DungeonFeatureManager.TryPlaceTrap,-150
1,21,DP,sink,MinionRoster.TrySummon,-247
1,21,DP,source,AdventurerAI.ReapEmotion,267
1,21,DP,source,AdventurerAI.TakeDamage,2872
1,21,Material,source,AdventurerAI.TakeDamage,88
1,21,DP,sink,CommandSystem.TryUse,-2300
1,21,DP,source,Nemesis.OnSlain,2556
1,21,Material,source,Nemesis.OnSlain,19
1,21,Fame,source,AdventurerAI.GrantReturnReward,70
1,21,Fame,source,LureEconomy.OnHeroEscaped,175
1,21,DP,source,AdventurerAI.GrantReturnReward,1123
1,21,DP,stock,end,4533
1,21,Material,stock,end,1343
1,21,Fame,stock,end,2985
1,22,DP,source,SurfaceMap.CollectYields,163
1,22,Material,source,SurfaceMap.CollectYields,6
1,22,Fame,source,SurfaceMap.CollectYields,34
1,22,DP,source,DistrictCatalog.Collect,168
1,22,DP,sink,MinionRoster.TryForge,-2230
1,22,DP,sink,DungeonFloorManager.TryExpandFloor,-1500
1,22,DP,sink,MinionRoster.TryEvolveIndividual,-650
1,22,DP,sink,DungeonFeatureManager.TryPlaceTrap,-300
1,22,DP,sink,MinionRoster.TrySummon,-158
1,22,DP,source,AdventurerAI.ReapEmotion,375
1,22,DP,source,AdventurerAI.GrantReturnReward,4681
1,22,Fame,source,AdventurerAI.GrantReturnReward,160
1,22,Fame,source,LureEconomy.OnHeroEscaped,400
1,22,DP,sink,CommandSystem.TryUse,-5100
1,22,DP,source,AdventurerAI.TakeDamage,2144
1,22,Material,source,AdventurerAI.TakeDamage,51
1,22,DP,source,Nemesis.OnSlain,1656
1,22,Material,source,Nemesis.OnSlain,12
1,22,DP,stock,end,3782
1,22,Material,stock,end,1412
1,22,Fame,stock,end,3579
1,23,DP,source,SurfaceMap.CollectYields,193
1,23,Material,source,SurfaceMap.CollectYields,7
1,23,Fame,source,SurfaceMap.CollectYields,40
1,23,DP,source,DistrictCatalog.Collect,140
1,23,DP,sink,MinionRoster.TryForge,-3408
1,23,DP,sink,MinionRoster.TryEvolveIndividual,-250
1,23,DP,sink,DungeonFeatureManager.TryPlaceTrap,-300
1,23,DP,sink,MinionRoster.TrySummon,-157
1,23,DP,source,AdventurerAI.ReapEmotion,344
1,23,DP,sink,CommandSystem.TryUse,-5600
1,23,DP,source,AdventurerAI.TakeDamage,5197
1,23,Material,source,AdventurerAI.TakeDamage,90
1,23,DP,source,AdventurerAI.GrantReturnReward,5480
1,23,Fame,source,AdventurerAI.GrantReturnReward,150
1,23,Fame,source,LureEconomy.OnHeroEscaped,375
1,23,DP,source,Nemesis.OnSlain,697
1,23,Material,source,Nemesis.OnSlain,5
1,23,DP,stock,end,6118
1,23,Material,stock,end,1514
1,23,Fame,stock,end,4144
1,24,DP,source,SurfaceMap.CollectYields,147
1,24,Material,source,SurfaceMap.CollectYields,7
1,24,Fame,source,SurfaceMap.CollectYields,33
1,24,DP,source,DistrictCatalog.Collect,140
1,24,DP,sink,MinionRoster.TryForge,-168
1,24,DP,sink,MinionEvolution.TryEvolve,-4900
1,24,DP,sink,MinionRoster.TryEvolveIndividual,-1000
1,24,DP,sink,DungeonFeatureManager.TryPlaceTrap,-150
1,24,DP,sink,MinionRoster.TrySummon,-158
1,24,DP,source,AdventurerAI.ReapEmotion,131
1,24,DP,source,AdventurerAI.TakeDamage,4931
1,24,Material,source,AdventurerAI.TakeDamage,71
1,24,DP,sink,CommandSystem.TryUse,-5600
1,24,DP,source,AdventurerAI.GrantReturnReward,7349
1,24,Fame,source,AdventurerAI.GrantReturnReward,170
1,24,Fame,source,LureEconomy.OnHeroEscaped,425
1,24,DP,source,Nemesis.OnSlain,2426
1,24,Material,source,Nemesis.OnSlain,17
1,24,DP,stock,end,9266
1,24,Material,stock,end,1609
1,24,Fame,stock,end,4772
1,25,DP,source,SurfaceMap.CollectYields,147
1,25,Material,source,SurfaceMap.CollectYields,7
1,25,Fame,source,SurfaceMap.CollectYields,33
1,25,DP,source,DistrictCatalog.Collect,28
1,25,DP,source,EraSystem.TickTurn,3840
1,25,DP,sink,MinionRoster.TryForge,-168
1,25,DP,sink,DungeonFloorManager.TryAddFloor,-12500
1,25,DP,sink,MinionRoster.TryEvolveIndividual,-300
1,25,DP,sink,DungeonFeatureManager.TryPlaceTrap,-150
1,25,DP,sink,MinionRoster.TrySummon,-162
1,25,DP,source,AdventurerAI.ReapEmotion,566
1,25,DP,sink,CommandSystem.TryUse,-5200
1,25,DP,source,AdventurerAI.GrantReturnReward,11170
1,25,Fame,source,AdventurerAI.GrantReturnReward,320
1,25,Fame,source,LureEconomy.OnHeroEscaped,800
1,25,DP,source,AdventurerAI.TakeDamage,1824
1,25,Material,source,AdventurerAI.TakeDamage,18
1,25,DP,stock,end,8361
1,25,Material,stock,end,1634
1,25,Fame,stock,end,5925
1,26,DP,source,SurfaceMap.CollectYields,147
1,26,Material,source,SurfaceMap.CollectYields,7
1,26,Fame,source,SurfaceMap.CollectYields,33
1,26,DP,source,DistrictCatalog.Collect,28
1,26,DP,source,EraSystem.TickTurn,6528
1,26,DP,sink,MinionRoster.TryForge,-252
1,26,DP,sink,DungeonFloorManager.TryExpandFloor,-4200
1,26,DP,sink,MinionRoster.TryEvolveIndividual,-10200
1,26,DP,sink,DungeonFeatureManager.TryPlaceTrap,-150
1,26,DP,sink,MinionRoster.TrySummon,-231
1,26,DP,source,AdventurerAI.ReapEmotion,420
1,26,DP,source,AdventurerAI.GrantReturnReward,17117
1,26,Fame,source,AdventurerAI.GrantReturnReward,340
1,26,Fame,source,LureEconomy.OnHeroEscaped,850
1,26,DP,sink,CommandSystem.TryUse,-5100
1,26,DP,source,AdventurerAI.TakeDamage,3743
1,26,Material,source,AdventurerAI.TakeDamage,169
1,26,DP,source,Nemesis.OnSlain,745
1,26,Material,source,Nemesis.OnSlain,5
1,26,DP,stock,end,16956
1,26,Material,stock,end,1815
1,26,Fame,stock,end,7148
1,27,DP,source,SurfaceMap.CollectYields,167
1,27,Material,source,SurfaceMap.CollectYields,8
1,27,Fame,source,SurfaceMap.CollectYields,37
1,27,DP,source,DistrictCatalog.Collect,28
1,27,DP,source,EraSystem.TickTurn,6528
1,27,DP,sink,MinionRoster.TryForge,-9768
1,27,DP,sink,DungeonFloorManager.TryExpandFloor,-9000
1,27,DP,sink,MinionRoster.TryEvolveIndividual,-1550
1,27,DP,sink,DungeonFeatureManager.TryPlaceTrap,-3150
1,27,DP,sink,MinionRoster.TrySummon,-198
1,27,DP,source,AdventurerAI.ReapEmotion,166
1,27,DP,source,AdventurerAI.GrantReturnReward,15576
1,27,Fame,source,AdventurerAI.GrantReturnReward,340
1,27,Fame,source,LureEconomy.OnHeroEscaped,850
1,27,DP,sink,CommandSystem.TryUse,-5600
1,27,DP,source,AdventurerAI.TakeDamage,8128
1,27,Material,source,AdventurerAI.TakeDamage,72
1,27,DP,source,Nemesis.OnSlain,1040
1,27,Material,source,Nemesis.OnSlain,7
1,27,DP,stock,end,19323
1,27,Material,stock,end,1902
1,27,Fame,stock,end,8375
1,28,DP,source,SurfaceMap.CollectYields,167
1,28,Material,source,SurfaceMap.CollectYields,8
1,28,Fame,source,SurfaceMap.CollectYields,37
1,28,DP,source,DistrictCatalog.Collect,28
1,28,DP,source,EraSystem.TickTurn,3840
1,28,DP,sink,MinionRoster.TryForge,-13296
1,28,DP,sink,DungeonFloorManager.TryExpandFloor,-5000
1,28,DP,sink,MinionRoster.TryEvolveIndividual,-1150
1,28,DP,sink,DungeonFeatureManager.TryPlaceTrap,-3600
1,28,DP,sink,MinionRoster.TrySummon,-310
1,28,DP,source,AdventurerAI.ReapEmotion,252
1,28,DP,source,AdventurerAI.TakeDamage,20603
1,28,Material,source,AdventurerAI.TakeDamage,611
1,28,DP,sink,CommandSystem.TryUse,-5600
1,28,DP,source,AdventurerAI.GrantReturnReward,7935
1,28,Fame,source,AdventurerAI.GrantReturnReward,230
1,28,Fame,source,LureEconomy.OnHeroEscaped,575
1,28,DP,source,Nemesis.OnSlain,761
1,28,Material,source,Nemesis.OnSlain,5
1,28,DP,stock,end,23953
1,28,Material,stock,end,2526
1,28,Fame,stock,end,9217
1,29,DP,source,SurfaceMap.CollectYields,146
1,29,Material,source,SurfaceMap.CollectYields,7
1,29,Fame,source,SurfaceMap.CollectYields,32
1,29,DP,source,DistrictCatalog.Collect,28
1,29,DP,source,EraSystem.TickTurn,3840
1,29,DP,sink,MinionRoster.TryForge,-19380
1,29,DP,sink,MinionRoster.TryEvolveIndividual,-375
1,29,Material,sink,MinionRoster.TryForge,-52
1,29,DP,sink,DungeonFeatureManager.TryPlaceTrap,-3600
1,29,DP,sink,MinionRoster.TrySummon,-4584
1,29,DP,source,IncidentSystem.Apply,600
1,29,DP,sink,CommandSystem.TryUse,-5600
1,29,DP,source,AdventurerAI.ReapEmotion,185
1,29,DP,source,AdventurerAI.TakeDamage,11531
1,29,Material,source,AdventurerAI.TakeDamage,216
1,29,DP,source,AdventurerAI.GrantReturnReward,5846
1,29,Fame,source,AdventurerAI.GrantReturnReward,120
1,29,Fame,source,LureEconomy.OnHeroEscaped,300
1,29,DP,stock,end,12590
1,29,Material,stock,end,2697
1,29,Fame,stock,end,9669
1,30,DP,source,SurfaceMap.CollectYields,146
1,30,Material,source,SurfaceMap.CollectYields,7
1,30,Fame,source,SurfaceMap.CollectYields,32
1,30,DP,source,DistrictCatalog.Collect,28
1,30,DP,source,EraSystem.TickTurn,6528
1,30,Material,source,EraSystem.TickTurn,32
1,30,DP,sink,MinionRoster.TryForge,-12840
1,30,Material,sink,MinionRoster.TryForge,-24
1,30,DP,sink,DungeonFeatureManager.TryPlaceTrap,-3600
1,30,DP,sink,MinionRoster.TrySummon,-2851
1,30,DP,source,AdventurerAI.ReapEmotion,466
1,30,DP,source,AdventurerAI.GrantReturnReward,12697
1,30,Fame,source,AdventurerAI.GrantReturnReward,450
1,30,Fame,source,LureEconomy.OnHeroEscaped,1125
1,30,DP,sink,CommandSystem.TryUse,-6050
1,30,DP,source,AdventurerAI.TakeDamage,19154
1,30,Material,source,AdventurerAI.TakeDamage,375
1,30,DP,stock,end,26268
1,30,Material,stock,end,3087
1,30,Fame,stock,end,11276
1,31,DP,source,SurfaceMap.CollectYields,146
1,31,Material,source,SurfaceMap.CollectYields,8
1,31,Fame,source,SurfaceMap.CollectYields,32
1,31,DP,source,DistrictCatalog.Collect,28
1,31,DP,source,EraSystem.TickTurn,3840
1,31,Material,source,EraSystem.TickTurn,37
1,31,Fame,source,EraSystem.TickTurn,80
1,31,DP,sink,MinionRoster.TryForge,-17280
1,31,Material,sink,MinionRoster.TryForge,-48
1,31,DP,sink,DungeonFeatureManager.TryPlaceTrap,-3600
1,31,DP,sink,MinionRoster.TrySummon,-9393
1,31,DP,source,AdventurerAI.ReapEmotion,267
1,31,DP,source,AdventurerAI.TakeDamage,27645
1,31,Material,source,AdventurerAI.TakeDamage,659
1,31,DP,sink,CommandSystem.TryUse,-6050
1,31,DP,source,AdventurerAI.GrantReturnReward,11037
1,31,Fame,source,AdventurerAI.GrantReturnReward,240
1,31,Fame,source,LureEconomy.OnHeroEscaped,600
1,31,DP,source,Nemesis.OnSlain,7471
1,31,Material,source,Nemesis.OnSlain,38
1,31,DP,stock,end,40379
1,31,Material,stock,end,3781
1,31,Fame,stock,end,12228
1,32,DP,source,SurfaceMap.CollectYields,167
1,32,Material,source,SurfaceMap.CollectYields,9
1,32,Fame,source,SurfaceMap.CollectYields,37
1,32,DP,source,DistrictCatalog.Collect,28
1,32,DP,source,EraSystem.TickTurn,6528
1,32,Fame,source,EraSystem.TickTurn,192
1,32,DP,sink,MinionRoster.TryForge,-7584
1,32,DP,sink,DungeonFloorManager.TryAddFloor,-31250
1,32,DP,sink,DungeonFloorManager.TryExpandFloor,-5200
1,32,DP,sink,DungeonFeatureManager.TryPlaceTrap,-2850
1,32,DP,sink,MinionRoster.TrySummon,-216
1,32,DP,source,AdventurerAI.ReapEmotion,111
1,32,DP,source,AdventurerAI.GrantReturnReward,16417
1,32,Fame,source,AdventurerAI.GrantReturnReward,360
1,32,Fame,source,LureEconomy.OnHeroEscaped,900
1,32,DP,sink,CommandSystem.TryUse,-4900
1,32,DP,source,AdventurerAI.TakeDamage,29887
1,32,Material,source,AdventurerAI.TakeDamage,830
1,32,DP,source,Nemesis.OnSlain,2844
1,32,Material,source,Nemesis.OnSlain,18
1,32,DP,stock,end,44361
1,32,Material,stock,end,4638
1,32,Fame,stock,end,13717
1,33,DP,source,SurfaceMap.CollectYields,167
1,33,Material,source,SurfaceMap.CollectYields,9
1,33,Fame,source,SurfaceMap.CollectYields,37
1,33,DP,source,DistrictCatalog.Collect,28
1,33,DP,sink,MinionRoster.TryForge,-20316
1,33,DP,sink,MinionRoster.TryEvolveIndividual,-350
1,33,Material,sink,MinionRoster.TryForge,-60
1,33,DP,sink,DungeonFeatureManager.TryPlaceTrap,-3450
1,33,DP,sink,MinionRoster.TrySummon,-20426
1,33,DP,source,AdventurerAI.ReapEmotion,328
1,33,DP,sink,CommandSystem.TryUse,-5600
1,33,DP,source,AdventurerAI.TakeDamage,31346
1,33,Material,source,AdventurerAI.TakeDamage,414
1,33,DP,source,AdventurerAI.GrantReturnReward,13739
1,33,Fame,source,AdventurerAI.GrantReturnReward,150
1,33,Fame,source,LureEconomy.OnHeroEscaped,375
1,33,DP,source,Nemesis.OnSlain,1798
1,33,Material,source,Nemesis.OnSlain,12
1,33,DP,stock,end,41625
1,33,Material,stock,end,5013
1,33,Fame,stock,end,14279
1,34,DP,source,SurfaceMap.CollectYields,167
1,34,Material,source,SurfaceMap.CollectYields,9
1,34,Fame,source,SurfaceMap.CollectYields,37
1,34,DP,source,DistrictCatalog.Collect,28
1,34,DP,sink,MinionRoster.TryForge,-5256
1,34,DP,sink,DungeonFeatureManager.TryPlaceTrap,-600
1,34,DP,sink,MinionRoster.TrySummon,-35962
1,34,DP,source,AdventurerAI.ReapEmotion,700
1,34,DP,source,AdventurerAI.TakeDamage,34041
1,34,Material,source,AdventurerAI.TakeDamage,1004
1,34,DP,sink,CommandSystem.TryUse,-5600
1,34,DP,source,AdventurerAI.GrantReturnReward,14871
1,34,Fame,source,AdventurerAI.GrantReturnReward,200
1,34,Fame,source,LureEconomy.OnHeroEscaped,500
1,34,DP,source,Nemesis.OnSlain,842
1,34,Material,source,Nemesis.OnSlain,6
1,34,DP,stock,end,44856
1,34,Material,stock,end,6032
1,34,Fame,stock,end,15016
1,35,DP,source,SurfaceMap.CollectYields,167
1,35,Material,source,SurfaceMap.CollectYields,9
1,35,Fame,source,SurfaceMap.CollectYields,37
1,35,DP,source,DistrictCatalog.Collect,28
1,35,DP,sink,MinionRoster.TryForge,-11544
1,35,DP,sink,MinionRoster.TrySummon,-33478
1,35,DP,source,AdventurerAI.ReapEmotion,994
1,35,DP,sink,CommandSystem.TryUse,-5550
1,35,DP,source,AdventurerAI.TakeDamage,27302
1,35,Material,source,AdventurerAI.TakeDamage,514
1,35,DP,source,AdventurerAI.GrantReturnReward,25062
1,35,Fame,source,AdventurerAI.GrantReturnReward,320
1,35,Fame,source,LureEconomy.OnHeroEscaped,800
1,35,DP,source,Nemesis.OnSlain,859
1,35,Material,source,Nemesis.OnSlain,6
1,35,DP,stock,end,48696
1,35,Material,stock,end,6561
1,35,Fame,stock,end,16173
1,36,DP,source,SurfaceMap.CollectYields,167
1,36,Material,source,SurfaceMap.CollectYields,9
1,36,Fame,source,SurfaceMap.CollectYields,37
1,36,DP,source,DistrictCatalog.Collect,28
1,36,DP,sink,MinionRoster.TryForge,-26280
1,36,Material,sink,MinionRoster.TryForge,-120
1,36,DP,sink,MinionRoster.TrySummon,-22574
1,36,DP,source,AdventurerAI.ReapEmotion,179
1,36,DP,source,AdventurerAI.GrantReturnReward,19906
1,36,Fame,source,AdventurerAI.GrantReturnReward,280
1,36,Fame,source,LureEconomy.OnHeroEscaped,700
1,36,DP,sink,CommandSystem.TryUse,-5100
1,36,DP,source,AdventurerAI.TakeDamage,32828
1,36,Material,source,AdventurerAI.TakeDamage,1371
1,36,DP,source,Nemesis.OnSlain,5126
1,36,Material,source,Nemesis.OnSlain,25
1,36,DP,stock,end,52976
1,36,Material,stock,end,7846
1,36,Fame,stock,end,17190
1,37,DP,source,SurfaceMap.CollectYields,167
1,37,Material,source,SurfaceMap.CollectYields,9
1,37,Fame,source,SurfaceMap.CollectYields,37
1,37,DP,source,DistrictCatalog.Collect,28
1,37,DP,source,EraSystem.TickTurn,1920
1,37,Material,source,EraSystem.TickTurn,37
1,37,DP,sink,MinionRoster.TryForge,-40320
1,37,Material,sink,MinionRoster.TryForge,-336
1,37,DP,sink,MinionRoster.TrySummon,-14742
1,37,DP,source,AdventurerAI.ReapEmotion,515
1,37,DP,source,AdventurerAI.TakeDamage,32550
1,37,Material,source,AdventurerAI.TakeDamage,319
1,37,DP,sink,CommandSystem.TryUse,-5600
1,37,DP,source,AdventurerAI.GrantReturnReward,11994
1,37,Fame,source,AdventurerAI.GrantReturnReward,190
1,37,Fame,source,LureEconomy.OnHeroEscaped,475
1,37,DP,source,Nemesis.OnSlain,923
1,37,Material,source,Nemesis.OnSlain,6
1,37,DP,stock,end,40411
1,37,Material,stock,end,7881
1,37,Fame,stock,end,17892
1,38,DP,source,SurfaceMap.CollectYields,167
1,38,Material,source,SurfaceMap.CollectYields,9
1,38,Fame,source,SurfaceMap.CollectYields,37
1,38,DP,source,DistrictCatalog.Collect,28
1,38,DP,sink,MinionRoster.TryForge,-39360
1,38,Material,sink,MinionRoster.TryForge,-328
1,38,DP,sink,MinionRoster.TrySummon,-1225
1,38,DP,source,AdventurerAI.ReapEmotion,315
1,38,DP,sink,CommandSystem.TryUse,-4750
1,38,Fame,source,AdventurerAI.GrantReturnReward,260
1,38,Fame,source,LureEconomy.OnHeroEscaped,650
1,38,DP,source,AdventurerAI.GrantReturnReward,19114
1,38,DP,source,AdventurerAI.TakeDamage,33406
1,38,Material,source,AdventurerAI.TakeDamage,811
1,38,DP,source,Nemesis.OnSlain,3006
1,38,Material,source,Nemesis.OnSlain,20
1,38,DP,stock,end,51112
1,38,Material,stock,end,8393
1,38,Fame,stock,end,18839
1,39,DP,source,SurfaceMap.CollectYields,167
1,39,Material,source,SurfaceMap.CollectYields,9
1,39,Fame,source,SurfaceMap.CollectYields,37
1,39,DP,source,DistrictCatalog.Collect,28
1,39,DP,sink,MinionRoster.TryForge,-42120
1,39,Material,sink,MinionRoster.TryForge,-366
1,39,DP,sink,MinionRoster.TrySummon,-9180
1,39,DP,source,AdventurerAI.ReapEmotion,111
1,39,DP,source,AdventurerAI.GrantReturnReward,20817
1,39,Fame,source,AdventurerAI.GrantReturnReward,250
1,39,Fame,source,LureEconomy.OnHeroEscaped,625
1,39,DP,sink,CommandSystem.TryUse,-4450
1,39,DP,source,AdventurerAI.TakeDamage,35095
1,39,Material,source,AdventurerAI.TakeDamage,1023
1,39,DP,source,Nemesis.OnSlain,1244
1,39,Material,source,Nemesis.OnSlain,8
1,39,DP,stock,end,52824
1,39,Material,stock,end,9067
1,39,Fame,stock,end,19751
1,40,DP,source,SurfaceMap.CollectYields,170
1,40,Material,source,SurfaceMap.CollectYields,9
1,40,Fame,source,SurfaceMap.CollectYields,38
1,40,DP,source,DistrictCatalog.Collect,28
1,40,DP,sink,MinionRoster.TryForge,-51480
1,40,Material,sink,MinionRoster.TryForge,-594
1,40,DP,sink,MinionRoster.TrySummon,-1541
1,40,DP,source,AdventurerAI.ReapEmotion,544
1,40,DP,source,AdventurerAI.GrantReturnReward,14270
1,40,Fame,source,AdventurerAI.GrantReturnReward,180
1,40,Fame,source,LureEconomy.OnHeroEscaped,450
1,40,DP,sink,CommandSystem.TryUse,-5550
1,40,DP,source,AdventurerAI.TakeDamage,51356
1,40,Material,source,AdventurerAI.TakeDamage,453
1,40,DP,source,Nemesis.OnSlain,1846
1,40,Material,source,Nemesis.OnSlain,12
1,40,DP,stock,end,62467
1,40,Material,stock,end,8947
1,40,Fame,stock,end,20419
1,41,DP,source,SurfaceMap.CollectYields,170
1,41,Material,source,SurfaceMap.CollectYields,9
1,41,Fame,source,SurfaceMap.CollectYields,38
1,41,DP,source,DistrictCatalog.Collect,28
1,41,DP,source,EraSystem.TickTurn,1920
1,41,DP,sink,MinionRoster.TryForge,-62400
1,41,Material,sink,MinionRoster.TryForge,-720
1,41,DP,sink,MinionRoster.TrySummon,-2183
1,41,DP,source,AdventurerAI.ReapEmotion,187
1,41,DP,source,AdventurerAI.TakeDamage,35455
1,41,Material,source,AdventurerAI.TakeDamage,826
1,41,DP,sink,CommandSystem.TryUse,-5100
1,41,DP,source,AdventurerAI.GrantReturnReward,21464
1,41,Fame,source,AdventurerAI.GrantReturnReward,270
1,41,Fame,source,LureEconomy.OnHeroEscaped,675
1,41,DP,source,Nemesis.OnSlain,2205
1,41,Material,source,Nemesis.OnSlain,14
1,41,DP,stock,end,54213
1,41,Material,stock,end,9076
1,41,Fame,stock,end,21402
1,42,DP,source,SurfaceMap.CollectYields,212
1,42,Material,source,SurfaceMap.CollectYields,12
1,42,Fame,source,SurfaceMap.CollectYields,38
1,42,DP,source,DistrictCatalog.Collect,28
1,42,DP,sink,MinionRoster.TryForge,-53040
1,42,Material,sink,MinionRoster.TryForge,-612
1,42,DP,sink,MinionRoster.TrySummon,-1398
1,42,DP,source,AdventurerAI.ReapEmotion,134
1,42,DP,source,AdventurerAI.TakeDamage,30256
1,42,Material,source,AdventurerAI.TakeDamage,398
1,42,DP,sink,CommandSystem.TryUse,-4450
1,42,DP,source,AdventurerAI.GrantReturnReward,24131
1,42,Fame,source,AdventurerAI.GrantReturnReward,300
1,42,Fame,source,LureEconomy.OnHeroEscaped,750
1,42,DP,source,Nemesis.OnSlain,1285
1,42,Material,source,Nemesis.OnSlain,8
1,42,DP,stock,end,51371
1,42,Material,stock,end,8882
1,42,Fame,stock,end,22490
1,43,DP,source,SurfaceMap.CollectYields,212
1,43,Material,source,SurfaceMap.CollectYields,12
1,43,Fame,source,SurfaceMap.CollectYields,38
1,43,DP,source,DistrictCatalog.Collect,28
1,43,DP,sink,MinionRoster.TryForge,-49680
1,43,Material,sink,MinionRoster.TryForge,-612
1,43,DP,sink,MinionRoster.TrySummon,-1893
1,43,DP,source,AdventurerAI.ReapEmotion,359
1,43,DP,sink,CommandSystem.TryUse,-5200
1,43,DP,source,AdventurerAI.TakeDamage,28594
1,43,Material,source,AdventurerAI.TakeDamage,359
1,43,DP,source,AdventurerAI.GrantReturnReward,38673
1,43,Fame,source,AdventurerAI.GrantReturnReward,460
1,43,Fame,source,LureEconomy.OnHeroEscaped,1150
1,43,DP,source,Nemesis.OnSlain,2652
1,43,Material,source,Nemesis.OnSlain,16
1,43,DP,stock,end,65116
1,43,Material,stock,end,8657
1,43,Fame,stock,end,24138
1,44,DP,source,SurfaceMap.CollectYields,186
1,44,Material,source,SurfaceMap.CollectYields,10
1,44,Fame,source,SurfaceMap.CollectYields,33
1,44,DP,source,DistrictCatalog.Collect,28
1,44,DP,sink,MinionRoster.TryForge,-62400
1,44,Material,sink,MinionRoster.TryForge,-832
1,44,DP,sink,MinionRoster.TrySummon,-2900
1,44,DP,source,AdventurerAI.ReapEmotion,425
1,44,DP,sink,CommandSystem.TryUse,-4750
1,44,DP,source,AdventurerAI.GrantReturnReward,22154
1,44,Fame,source,AdventurerAI.GrantReturnReward,290
1,44,Fame,source,LureEconomy.OnHeroEscaped,725
1,44,DP,source,AdventurerAI.TakeDamage,31987
1,44,Material,source,AdventurerAI.TakeDamage,895
1,44,DP,source,Nemesis.OnSlain,972
1,44,Material,source,Nemesis.OnSlain,6
1,44,DP,stock,end,50818
1,44,Material,stock,end,8736
1,44,Fame,stock,end,25186
1,45,DP,source,SurfaceMap.CollectYields,186
1,45,Material,source,SurfaceMap.CollectYields,10
1,45,Fame,source,SurfaceMap.CollectYields,33
1,45,DP,source,DistrictCatalog.Collect,28
1,45,DP,sink,MinionRoster.TryForge,-48000
1,45,Material,sink,MinionRoster.TryForge,-640
1,45,DP,sink,MinionRoster.TrySummon,-3012
1,45,DP,source,AdventurerAI.ReapEmotion,664
1,45,DP,sink,CommandSystem.TryUse,-5550
1,45,DP,source,AdventurerAI.GrantReturnReward,23840
1,45,Fame,source,AdventurerAI.GrantReturnReward,270
1,45,Fame,source,LureEconomy.OnHeroEscaped,675
1,45,DP,source,AdventurerAI.TakeDamage,47258
1,45,Material,source,AdventurerAI.TakeDamage,399
1,45,DP,source,Nemesis.OnSlain,988
1,45,Material,source,Nemesis.OnSlain,6
1,45,DP,stock,end,67220
1,45,Material,stock,end,8511
1,45,Fame,stock,end,26164
1,46,DP,source,SurfaceMap.CollectYields,229
1,46,Material,source,SurfaceMap.CollectYields,10
1,46,Fame,source,SurfaceMap.CollectYields,40
1,46,DP,source,DistrictCatalog.Collect,28
1,46,DP,sink,MinionRoster.TryForge,-64800
1,46,Material,sink,MinionRoster.TryForge,-864
1,46,DP,sink,MinionRoster.TrySummon,-2667
1,46,DP,source,AdventurerAI.ReapEmotion,328
1,46,DP,sink,CommandSystem.TryUse,-5550
1,46,DP,source,AdventurerAI.TakeDamage,37891
1,46,Material,source,AdventurerAI.TakeDamage,853
1,46,DP,source,AdventurerAI.GrantReturnReward,19898
1,46,Fame,source,AdventurerAI.GrantReturnReward,260
1,46,Fame,source,LureEconomy.OnHeroEscaped,650
1,46,DP,source,Nemesis.OnSlain,2692
1,46,Material,source,Nemesis.OnSlain,16
1,46,DP,stock,end,55269
1,46,Material,stock,end,8526
1,46,Fame,stock,end,27114
1,47,DP,source,SurfaceMap.CollectYields,261
1,47,Material,source,SurfaceMap.CollectYields,12
1,47,Fame,source,SurfaceMap.CollectYields,46
1,47,DP,source,DistrictCatalog.Collect,28
1,47,DP,sink,MinionRoster.TryForge,-4800
1,47,Material,sink,MinionRoster.TryForge,-64
1,47,DP,sink,MinionEvolution.TryEvolve,-9050
1,47,DP,sink,MinionRoster.TryEvolveIndividual,-41150
1,47,DP,sink,MinionRoster.TrySummon,-522
1,47,DP,source,AdventurerAI.ReapEmotion,197
1,47,DP,source,AdventurerAI.GrantReturnReward,24416
1,47,Fame,source,AdventurerAI.GrantReturnReward,480
1,47,Fame,source,LureEconomy.OnHeroEscaped,1200
1,47,DP,sink,CommandSystem.TryUse,-5200
1,47,DP,source,AdventurerAI.TakeDamage,28694
1,47,Material,source,AdventurerAI.TakeDamage,480
1,47,DP,source,Nemesis.OnSlain,2388
1,47,Material,source,Nemesis.OnSlain,14
1,47,DP,stock,end,50531
1,47,Material,stock,end,8968
1,47,Fame,stock,end,28840
1,48,DP,source,SurfaceMap.CollectYields,262
1,48,Material,source,SurfaceMap.CollectYields,12
1,48,Fame,source,SurfaceMap.CollectYields,47
1,48,DP,source,DistrictCatalog.Collect,28
1,48,DP,source,EraSystem.TickTurn,9720
1,48,DP,sink,MinionRoster.TryForge,-48000
1,48,Material,sink,MinionRoster.TryForge,-640
1,48,DP,sink,MinionRoster.TryEvolveIndividual,-10000
1,48,DP,sink,MinionRoster.TrySummon,-2508
1,48,DP,source,AdventurerAI.ReapEmotion,190
1,48,DP,source,AdventurerAI.TakeDamage,43545
1,48,Material,source,AdventurerAI.TakeDamage,433
1,48,DP,sink,CommandSystem.TryUse,-5950
1,48,DP,source,AdventurerAI.GrantReturnReward,15612
1,48,Fame,source,AdventurerAI.GrantReturnReward,200
1,48,Fame,source,LureEconomy.OnHeroEscaped,500
1,48,DP,source,Nemesis.OnSlain,3429
1,48,Material,source,Nemesis.OnSlain,20
1,48,DP,stock,end,56859
1,48,Material,stock,end,8793
1,48,Fame,stock,end,29587
1,49,DP,source,SurfaceMap.CollectYields,262
1,49,Material,source,SurfaceMap.CollectYields,12
1,49,Fame,source,SurfaceMap.CollectYields,47
1,49,DP,source,DistrictCatalog.Collect,28
1,49,DP,source,EraSystem.TickTurn,9720
1,49,DP,sink,MinionRoster.TryForge,-4800
1,49,Material,sink,MinionRoster.TryForge,-64
1,49,DP,sink,MinionEvolution.TryEvolve,-14200
1,49,DP,sink,MinionRoster.TryEvolveIndividual,-46850
1,49,DP,sink,MinionRoster.TrySummon,-1007
1,49,DP,source,AdventurerAI.ReapEmotion,138
1,49,DP,source,AdventurerAI.GrantReturnReward,7132
1,49,Fame,source,AdventurerAI.GrantReturnReward,150
1,49,Fame,source,LureEconomy.OnHeroEscaped,375
1,49,DP,sink,CommandSystem.TryUse,-4450
1,49,DP,source,AdventurerAI.TakeDamage,56422
1,49,Material,source,AdventurerAI.TakeDamage,1535
1,49,DP,source,Nemesis.OnSlain,2074
1,49,Material,source,Nemesis.OnSlain,12
1,49,DP,stock,end,61328
1,49,Material,stock,end,10288
1,49,Fame,stock,end,30159
1,50,DP,source,SurfaceMap.CollectYields,230
1,50,Material,source,SurfaceMap.CollectYields,12
1,50,Fame,source,SurfaceMap.CollectYields,39
1,50,DP,source,DistrictCatalog.Collect,28
1,50,DP,source,EraSystem.TickTurn,9720
1,50,DP,sink,MinionRoster.TryForge,-4800
1,50,Material,sink,MinionRoster.TryForge,-64
1,50,DP,sink,MinionEvolution.TryEvolve,-19050
1,50,DP,sink,MinionRoster.TryEvolveIndividual,-46800
1,50,DP,sink,MinionRoster.TrySummon,-655
1,50,DP,source,AdventurerAI.ReapEmotion,669
1,50,DP,sink,CommandSystem.TryUse,-6050
1,50,DP,source,AdventurerAI.GrantReturnReward,15611
1,50,Fame,source,AdventurerAI.GrantReturnReward,240
1,50,Fame,source,LureEconomy.OnHeroEscaped,600
1,50,DP,source,AdventurerAI.TakeDamage,61119
1,50,Material,source,AdventurerAI.TakeDamage,484
1,50,DP,source,Nemesis.OnSlain,3159
1,50,Material,source,Nemesis.OnSlain,18
1,50,DP,stock,end,74509
1,50,Material,stock,end,10738
1,50,Fame,stock,end,31038
1,51,DP,source,SurfaceMap.CollectYields,230
1,51,Material,source,SurfaceMap.CollectYields,12
1,51,Fame,source,SurfaceMap.CollectYields,39
1,51,DP,source,DistrictCatalog.Collect,28
1,51,DP,source,EraSystem.TickTurn,9720
1,51,DP,sink,MinionRoster.TryForge,-4800
1,51,Material,sink,MinionRoster.TryForge,-64
1,51,DP,sink,DungeonFloorManager.TryAddFloor,-78125
1,51,DP,sink,DungeonFloorManager.TryExpandFloor,-1200
1,51,DP,sink,DungeonFeatureManager.TryPlaceTrap,-150
1,51,DP,sink,MinionRoster.TrySummon,-192
1,51,DP,source,AdventurerAI.ReapEmotion,383
1,51,DP,sink,CommandSystem.TryUse,-7150
1,51,DP,source,AdventurerAI.TakeDamage,21528
1,51,Material,source,AdventurerAI.TakeDamage,171
1,51,Fame,source,AdventurerAI.GrantReturnReward,160
1,51,Fame,source,LureEconomy.OnHeroEscaped,400
1,51,DP,source,AdventurerAI.GrantReturnReward,4899
1,51,DP,source,Nemesis.OnSlain,2138
1,51,Material,source,Nemesis.OnSlain,12
1,51,DP,stock,end,21818
1,51,Material,stock,end,10869
1,51,Fame,stock,end,31637
1,52,DP,source,SurfaceMap.CollectYields,230
1,52,Material,source,SurfaceMap.CollectYields,12
1,52,Fame,source,SurfaceMap.CollectYields,39
1,52,DP,source,DistrictCatalog.Collect,28
1,52,DP,source,EraSystem.TickTurn,16524
1,52,DP,sink,MinionRoster.TryForge,-4800
1,52,Material,sink,MinionRoster.TryForge,-64
1,52,DP,sink,DungeonFloorManager.TryExpandFloor,-4000
1,52,DP,sink,MinionRoster.TryEvolveIndividual,-29500
1,52,DP,sink,DungeonFeatureManager.TryPlaceTrap,-150
1,52,DP,sink,MinionRoster.TrySummon,-144
1,52,DP,source,AdventurerAI.ReapEmotion,303
1,52,DP,source,AdventurerAI.TakeDamage,36810
1,52,Material,source,AdventurerAI.TakeDamage,460
1,52,DP,sink,CommandSystem.TryUse,-5600
1,52,DP,source,AdventurerAI.GrantReturnReward,27706
1,52,Fame,source,AdventurerAI.GrantReturnReward,430
1,52,Fame,source,LureEconomy.OnHeroEscaped,1075
1,52,DP,stock,end,59225
1,52,Material,stock,end,11277
1,52,Fame,stock,end,33181
1,53,DP,source,SurfaceMap.CollectYields,230
1,53,Material,source,SurfaceMap.CollectYields,12
1,53,Fame,source,SurfaceMap.CollectYields,39
1,53,DP,source,DistrictCatalog.Collect,28
1,53,Material,source,DistrictCatalog.Collect,7
1,53,DP,source,EraSystem.TickTurn,9720
1,53,Material,source,EraSystem.TickTurn,124
1,53,DP,sink,MinionRoster.TryForge,-31200
1,53,Material,sink,MinionRoster.TryForge,-416
1,53,DP,sink,MinionRoster.TryEvolveIndividual,-35250
1,53,DP,sink,DungeonFeatureManager.TryPlaceTrap,-2550
1,53,DP,sink,MinionRoster.TrySummon,-153
1,53,DP,source,AdventurerAI.ReapEmotion,404
1,53,DP,source,AdventurerAI.TakeDamage,55347
1,53,Material,source,AdventurerAI.TakeDamage,910
1,53,DP,sink,CommandSystem.TryUse,-5100
1,53,DP,source,AdventurerAI.GrantReturnReward,20264
1,53,Fame,source,AdventurerAI.GrantReturnReward,340
1,53,Fame,source,LureEconomy.OnHeroEscaped,850
1,53,DP,stock,end,70965
1,53,Material,stock,end,11914
1,53,Fame,stock,end,34410
1,54,DP,source,SurfaceMap.CollectYields,230
1,54,Material,source,SurfaceMap.CollectYields,12
1,54,Fame,source,SurfaceMap.CollectYields,39
1,54,DP,source,DistrictCatalog.Collect,28
1,54,Material,source,DistrictCatalog.Collect,7
1,54,DP,source,EraSystem.TickTurn,9720
1,54,Material,source,EraSystem.TickTurn,62
1,54,Fame,source,EraSystem.TickTurn,135
1,54,DP,sink,MinionRoster.TryForge,-53280
1,54,Material,sink,MinionRoster.TryForge,-768
1,54,DP,sink,MinionRoster.TryEvolveIndividual,-22950
1,54,DP,sink,DungeonFeatureManager.TryPlaceTrap,-2100
1,54,DP,sink,MinionRoster.TrySummon,-2592
1,54,DP,source,AdventurerAI.ReapEmotion,306
1,54,DP,sink,CommandSystem.TryUse,-6050
1,54,DP,source,AdventurerAI.GrantReturnReward,24646
1,54,Fame,source,AdventurerAI.GrantReturnReward,340
1,54,Fame,source,LureEconomy.OnHeroEscaped,850
1,54,DP,source,AdventurerAI.TakeDamage,55559
1,54,Material,source,AdventurerAI.TakeDamage,448
1,54,DP,source,Nemesis.OnSlain,2978
1,54,Material,source,Nemesis.OnSlain,16
1,54,DP,stock,end,77460
1,54,Material,stock,end,11691
1,54,Fame,stock,end,35774
1,55,DP,source,SurfaceMap.CollectYields,262
1,55,Material,source,SurfaceMap.CollectYields,12
1,55,Fame,source,SurfaceMap.CollectYields,47
1,55,DP,source,DistrictCatalog.Collect,28
1,55,Material,source,DistrictCatalog.Collect,8
1,55,DP,source,EraSystem.TickTurn,9720
1,55,DP,sink,MinionRoster.TryForge,-83520
1,55,Material,sink,MinionRoster.TryForge,-1218
1,55,DP,sink,MinionRoster.TrySummon,-3934
1,55,DP,source,AdventurerAI.ReapEmotion,509
1,55,DP,sink,CommandSystem.TryUse,-5850
1,55,DP,source,AdventurerAI.TakeDamage,71085
1,55,Material,source,AdventurerAI.TakeDamage,884
1,55,DP,source,AdventurerAI.GrantReturnReward,24795
1,55,Fame,source,AdventurerAI.GrantReturnReward,370
1,55,Fame,source,LureEconomy.OnHeroEscaped,925
1,55,DP,source,Nemesis.OnSlain,1489
1,55,Material,source,Nemesis.OnSlain,8
1,55,DP,stock,end,92044
1,55,Material,stock,end,11385
1,55,Fame,stock,end,37116
1,56,DP,source,SurfaceMap.CollectYields,262
1,56,Material,source,SurfaceMap.CollectYields,12
1,56,Fame,source,SurfaceMap.CollectYields,47
1,56,DP,source,DistrictCatalog.Collect,28
1,56,Material,source,DistrictCatalog.Collect,8
1,56,DP,source,EraSystem.TickTurn,11664
1,56,DP,sink,MinionRoster.TryForge,-100800
1,56,Material,sink,MinionRoster.TryForge,-1470
1,56,DP,sink,MinionRoster.TrySummon,-3168
1,56,DP,source,AdventurerAI.ReapEmotion,518
1,56,DP,source,AdventurerAI.TakeDamage,55924
1,56,Material,source,AdventurerAI.TakeDamage,928
1,56,DP,sink,CommandSystem.TryUse,-6050
1,56,DP,source,AdventurerAI.GrantReturnReward,20995
1,56,Fame,source,AdventurerAI.GrantReturnReward,340
1,56,Fame,source,LureEconomy.OnHeroEscaped,850
1,56,DP,source,Nemesis.OnSlain,2017
1,56,Material,source,Nemesis.OnSlain,10
1,56,DP,stock,end,73434
1,56,Material,stock,end,10873
1,56,Fame,stock,end,38353
1,57,DP,source,SurfaceMap.CollectYields,262
1,57,Material,source,SurfaceMap.CollectYields,12
1,57,Fame,source,SurfaceMap.CollectYields,47
1,57,DP,source,DistrictCatalog.Collect,28
1,57,Material,source,DistrictCatalog.Collect,8
1,57,DP,sink,MinionRoster.TryForge,-69120
1,57,Material,sink,MinionRoster.TryForge,-1008
1,57,DP,sink,MinionRoster.TrySummon,-4599
1,57,DP,source,AdventurerAI.ReapEmotion,418
1,57,DP,sink,CommandSystem.TryUse,-5600
1,57,DP,source,AdventurerAI.TakeDamage,47652
1,57,Material,source,AdventurerAI.TakeDamage,914
1,57,DP,source,AdventurerAI.GrantReturnReward,24161
1,57,Fame,source,AdventurerAI.GrantReturnReward,460
1,57,Fame,source,LureEconomy.OnHeroEscaped,1150
1,57,DP,source,Nemesis.OnSlain,1150
1,57,Material,source,Nemesis.OnSlain,6
1,57,DP,stock,end,67786
1,57,Material,stock,end,10805
1,57,Fame,stock,end,40010
1,58,DP,source,SurfaceMap.CollectYields,262
1,58,Material,source,SurfaceMap.CollectYields,12
1,58,Fame,source,SurfaceMap.CollectYields,47
1,58,DP,source,DistrictCatalog.Collect,28
1,58,Material,source,DistrictCatalog.Collect,7
1,58,DP,sink,MinionRoster.TryForge,-63360
1,58,Material,sink,MinionRoster.TryForge,-924
1,58,DP,sink,MinionRoster.TrySummon,-4683
1,58,DP,source,AdventurerAI.ReapEmotion,222
1,58,DP,source,AdventurerAI.TakeDamage,43535
1,58,Material,source,AdventurerAI.TakeDamage,573
1,58,DP,sink,CommandSystem.TryUse,-5500
1,58,DP,source,AdventurerAI.GrantReturnReward,34633
1,58,Fame,source,AdventurerAI.GrantReturnReward,510
1,58,Fame,source,LureEconomy.OnHeroEscaped,1275
1,58,DP,stock,end,72923
1,58,Material,stock,end,10473
1,58,Fame,stock,end,41842
1,59,DP,source,SurfaceMap.CollectYields,201
1,59,Material,source,SurfaceMap.CollectYields,10
1,59,Fame,source,SurfaceMap.CollectYields,34
1,59,DP,source,DistrictCatalog.Collect,28
1,59,Material,source,DistrictCatalog.Collect,7
1,59,DP,sink,MinionRoster.TryForge,-66960
1,59,Material,sink,MinionRoster.TryForge,-1019
1,59,DP,sink,MinionRoster.TrySummon,-6183
1,59,DP,source,AdventurerAI.ReapEmotion,439
1,59,DP,sink,CommandSystem.TryUse,-5100
1,59,DP,source,AdventurerAI.GrantReturnReward,30024
1,59,Fame,source,AdventurerAI.GrantReturnReward,460
1,59,Fame,source,LureEconomy.OnHeroEscaped,1150
1,59,DP,source,AdventurerAI.TakeDamage,52754
1,59,Material,source,AdventurerAI.TakeDamage,962
1,59,DP,stock,end,78126
1,59,Material,stock,end,10433
1,59,Fame,stock,end,43486
2,1,DP,sink,DungeonFeatureManager.TryPlaceTrap,-150
2,1,DP,sink,MinionRoster.TrySummon,-46
2,1,DP,source,AdventurerAI.ReapEmotion,100
2,1,DP,source,AdventurerAI.TakeDamage,55
2,1,Material,source,AdventurerAI.TakeDamage,6
2,1,Fame,source,AdventurerAI.GrantReturnReward,40
2,1,Fame,source,LureEconomy.OnHeroEscaped,100
2,1,DP,source,AdventurerAI.GrantReturnReward,540
2,1,DP,sink,CommandSystem.TryUse,-300
2,1,DP,stock,end,399
2,1,Material,stock,end,6
2,1,Fame,stock,end,140
2,2,DP,source,SurfaceMap.CollectYields,18
2,2,Material,source,SurfaceMap.CollectYields,1
2,2,Fame,source,SurfaceMap.CollectYields,4
2,2,DP,source,EraSystem.TickTurn,600
2,2,Fame,source,EraSystem.TickTurn,25
2,2,DP,sink,MinionRoster.TryForge,-236
2,2,DP,sink,MinionEvolution.TryEvolve,-400
2,2,DP,sink,DungeonFeatureManager.TryPlaceTrap,-300
2,2,DP,sink,MinionRoster.TrySummon,-78
2,2,DP,source,AdventurerAI.ReapEmotion,171
2,2,DP,source,AdventurerAI.TakeDamage,376
2,2,Material,source,AdventurerAI.TakeDamage,26
2,2,DP,sink,CommandSystem.TryUse,-300
2,2,DP,stock,end,250
2,2,Material,stock,end,33
2,2,Fame,stock,end,169
2,3,DP,source,SurfaceMap.CollectYields,18
2,3,Material,source,SurfaceMap.CollectYields,1
2,3,Fame,source,SurfaceMap.CollectYields,4
2,3,DP,source,EraSystem.TickTurn,600
2,3,Material,source,EraSystem.TickTurn,20
2,3,DP,sink,MinionRoster.TryForge,-236
2,3,DP,sink,MinionEvolution.TryEvolve,-225
2,3,DP,sink,DungeonFeatureManager.TryPlaceTrap,-300
2,3,DP,sink,MinionRoster.TrySummon,-98
2,3,DP,source,AdventurerAI.ReapEmotion,117
2,3,DP,source,AdventurerAI.GrantReturnReward,663
2,3,Fame,source,AdventurerAI.GrantReturnReward,50
2,3,Fame,source,LureEconomy.OnHeroEscaped,125
2,3,DP,stock,end,789
2,3,Material,stock,end,54
2,3,Fame,stock,end,348
2,4,DP,source,SurfaceMap.CollectYields,18
2,4,Material,source,SurfaceMap.CollectYields,1
2,4,Fame,source,SurfaceMap.CollectYields,4
2,4,DP,source,EraSystem.TickTurn,600
2,4,Fame,source,EraSystem.TickTurn,25
2,4,DP,sink,MinionRoster.TryForge,-236
2,4,DP,sink,DungeonFloorManager.TryAddFloor,-800
2,4,DP,sink,DungeonFeatureManager.TryPlaceTrap,-300
2,4,DP,sink,MinionRoster.TrySummon,-62
2,4,DP,source,IncidentSystem.Apply,600
2,4,DP,sink,CommandSystem.TryUse,-1300
2,4,DP,source,AdventurerAI.ReapEmotion,117
2,4,DP,source,AdventurerAI.TakeDamage,167
2,4,Material,source,AdventurerAI.TakeDamage,8
2,4,Fame,source,AdventurerAI.GrantReturnReward,40
2,4,Fame,source,LureEconomy.OnHeroEscaped,100
2,4,DP,source,AdventurerAI.GrantReturnReward,482
2,4,DP,stock,end,75
2,4,Material,stock,end,63
2,4,Fame,stock,end,517
2,5,DP,source,SurfaceMap.CollectYields,18
2,5,Material,source,SurfaceMap.CollectYields,1
2,5,Fame,source,SurfaceMap.CollectYields,4
2,5,DP,source,EraSystem.TickTurn,600
2,5,DP,sink,MinionRoster.TryForge,-212
2,5,DP,sink,MinionRoster.TryEvolveIndividual,-175
2,5,DP,sink,DungeonFeatureManager.TryPlaceTrap,-150
2,5,DP,sink,MinionRoster.TrySummon,-151
2,5,DP,source,AdventurerAI.ReapEmotion,125
2,5,DP,source,AdventurerAI.GrantReturnReward,570
2,5,Fame,source,AdventurerAI.GrantReturnReward,50
2,5,Fame,source,LureEconomy.OnHeroEscaped,125
2,5,DP,source,AdventurerAI.TakeDamage,725
2,5,Material,source,AdventurerAI.TakeDamage,46
2,5,DP,sink,CommandSystem.TryUse,-1450
2,5,DP,source,Nemesis.OnSlain,940
2,5,Material,source,Nemesis.OnSlain,10
2,5,DP,stock,end,915
2,5,Material,stock,end,120
2,5,Fame,stock,end,696
2,6,DP,source,SurfaceMap.CollectYields,39
2,6,Material,source,SurfaceMap.CollectYields,2
2,6,Fame,source,SurfaceMap.CollectYields,9
2,6,DP,source,EraSystem.TickTurn,600
2,6,DP,sink,MinionRoster.TryForge,-212
2,6,DP,sink,DungeonFloorManager.TryExpandFloor,-800
2,6,DP,sink,MinionEvolution.TryEvolve,-200
2,6,DP,sink,DungeonFeatureManager.TryPlaceTrap,-150
2,6,DP,sink,MinionRoster.TrySummon,-180
2,6,DP,source,AdventurerAI.ReapEmotion,186
2,6,DP,source,AdventurerAI.TakeDamage,597
2,6,Material,source,AdventurerAI.TakeDamage,39
2,6,DP,sink,CommandSystem.TryUse,-1800
2,6,DP,source,AdventurerAI.GrantReturnReward,830
2,6,Fame,source,AdventurerAI.GrantReturnReward,30
2,6,Fame,source,LureEconomy.OnHeroEscaped,75
2,6,DP,source,Nemesis.OnSlain,486
2,6,Material,source,Nemesis.OnSlain,5
2,6,DP,stock,end,311
2,6,Material,stock,end,166
2,6,Fame,stock,end,810
2,7,DP,source,SurfaceMap.CollectYields,39
2,7,Material,source,SurfaceMap.CollectYields,2
2,7,Fame,source,SurfaceMap.CollectYields,9
2,7,DP,source,EraSystem.TickTurn,600
2,7,DP,sink,MinionRoster.TryForge,-212
2,7,DP,sink,MinionEvolution.TryEvolve,-325
2,7,DP,sink,DungeonFeatureManager.TryPlaceTrap,-150
2,7,DP,sink,MinionRoster.TrySummon,-254
2,7,DP,source,AdventurerAI.ReapEmotion,251
2,7,DP,source,AdventurerAI.TakeDamage,932
2,7,Material,source,AdventurerAI.TakeDamage,44
2,7,DP,sink,CommandSystem.TryUse,-2300
2,7,DP,source,AdventurerAI.GrantReturnReward,794
2,7,Fame,source,AdventurerAI.GrantReturnReward,30
2,7,Fame,source,LureEconomy.OnHeroEscaped,75
2,7,DP,source,Nemesis.OnSlain,1004
2,7,Material,source,Nemesis.OnSlain,10
2,7,DP,stock,end,690
2,7,Material,stock,end,222
2,7,Fame,stock,end,924
2,8,DP,source,SurfaceMap.CollectYields,39
2,8,Material,source,SurfaceMap.CollectYields,2
2,8,Fame,source,SurfaceMap.CollectYields,9
2,8,DP,source,EraSystem.TickTurn,1020
2,8,DP,sink,MinionRoster.TryForge,-212
2,8,DP,sink,DungeonFloorManager.TryExpandFloor,-800
2,8,DP,sink,MinionEvolution.TryEvolve,-200
2,8,DP,sink,MinionRoster.TryEvolveIndividual,-175
2,8,DP,sink,DungeonFeatureManager.TryPlaceTrap,-150
2,8,DP,sink,MinionRoster.TrySummon,-202
2,8,DP,source,AdventurerAI.ReapEmotion,117
2,8,DP,source,AdventurerAI.TakeDamage,881
2,8,Material,source,AdventurerAI.TakeDamage,33
2,8,DP,sink,CommandSystem.TryUse,-1800
2,8,DP,source,AdventurerAI.GrantReturnReward,630
2,8,Fame,source,AdventurerAI.GrantReturnReward,40
2,8,Fame,source,LureEconomy.OnHeroEscaped,100
2,8,DP,source,Nemesis.OnSlain,1236
2,8,Material,source,Nemesis.OnSlain,12
2,8,DP,stock,end,1074
2,8,Material,stock,end,269
2,8,Fame,stock,end,1073
2,9,DP,source,SurfaceMap.CollectYields,69
2,9,Material,source,SurfaceMap.CollectYields,3
2,9,Fame,source,SurfaceMap.CollectYields,17
2,9,DP,source,EraSystem.TickTurn,600
2,9,Fame,source,EraSystem.TickTurn,25
2,9,DP,sink,MinionRoster.TryForge,-190
2,9,DP,sink,DungeonFloorManager.TryExpandFloor,-800
2,9,DP,sink,MinionEvolution.TryEvolve,-250
2,9,DP,sink,MinionRoster.TryEvolveIndividual,-200
2,9,DP,sink,DungeonFeatureManager.TryPlaceTrap,-150
2,9,DP,sink,MinionRoster.TrySummon,-135
2,9,DP,source,AdventurerAI.TakeDamage,952
2,9,Material,source,AdventurerAI.TakeDamage,32
2,9,Fame,source,AdventurerAI.GrantReturnReward,40
2,9,Fame,source,LureEconomy.OnHeroEscaped,100
2,9,DP,source,AdventurerAI.ReapEmotion,143
2,9,DP,sink,CommandSystem.TryUse,-1150
2,9,DP,source,AdventurerAI.GrantReturnReward,467
2,9,DP,source,Nemesis.OnSlain,1036
2,9,Material,source,Nemesis.OnSlain,10
2,9,DP,stock,end,1466
2,9,Material,stock,end,314
2,9,Fame,stock,end,1255
2,10,DP,source,SurfaceMap.CollectYields,79
2,10,Material,source,SurfaceMap.CollectYields,3
2,10,Fame,source,SurfaceMap.CollectYields,17
2,10,DP,sink,MinionRoster.TryForge,-190
2,10,DP,sink,MinionEvolution.TryEvolve,-1050
2,10,DP,sink,DungeonFeatureManager.TryPlaceTrap,-150
2,10,DP,sink,MinionRoster.TrySummon,-148
2,10,DP,source,AdventurerAI.TakeDamage,1401
2,10,Material,source,AdventurerAI.TakeDamage,45
2,10,DP,sink,CommandSystem.TryUse,-2300
2,10,DP,source,AdventurerAI.ReapEmotion,148
2,10,DP,source,AdventurerAI.GrantReturnReward,535
2,10,Fame,source,AdventurerAI.GrantReturnReward,20
2,10,Fame,source,LureEconomy.OnHeroEscaped,50
2,10,DP,source,Nemesis.OnSlain,1070
2,10,Material,source,Nemesis.OnSlain,10
2,10,DP,stock,end,861
2,10,Material,stock,end,372
2,10,Fame,stock,end,1342
2,11,DP,source,SurfaceMap.CollectYields,79
2,11,Material,source,SurfaceMap.CollectYields,3
2,11,Fame,source,SurfaceMap.CollectYields,17
2,11,DP,source,EraSystem.TickTurn,720
2,11,DP,sink,MinionRoster.TryForge,-380
2,11,DP,sink,MinionRoster.TryEvolveIndividual,-925
2,11,DP,sink,DungeonFeatureManager.TryPlaceTrap,-150
2,11,DP,sink,MinionRoster.TrySummon,-204
2,11,DP,source,AdventurerAI.TakeDamage,1398
2,11,Material,source,AdventurerAI.TakeDamage,58
2,11,DP,source,AdventurerAI.ReapEmotion,89
2,11,DP,sink,CommandSystem.TryUse,-1800
2,11,DP,source,AdventurerAI.GrantReturnReward,415
2,11,Fame,source,AdventurerAI.GrantReturnReward,30
2,11,Fame,source,LureEconomy.OnHeroEscaped,75
2,11,DP,source,Nemesis.OnSlain,1102
2,11,Material,source,Nemesis.OnSlain,10
2,11,DP,stock,end,1205
2,11,Material,stock,end,443
2,11,Fame,stock,end,1464
2,12,DP,source,SurfaceMap.CollectYields,106
2,12,Material,source,SurfaceMap.CollectYields,4
2,12,Fame,source,SurfaceMap.CollectYields,22
2,12,DP,source,DistrictCatalog.Collect,98
2,12,DP,source,EraSystem.TickTurn,300
2,12,DP,sink,MinionRoster.TryForge,-475
2,12,DP,sink,MinionRoster.TryEvolveIndividual,-875
2,12,DP,sink,DungeonFeatureManager.TryPlaceTrap,-150
2,12,DP,sink,MinionRoster.TrySummon,-204
2,12,DP,source,AdventurerAI.TakeDamage,1016
2,12,Material,source,AdventurerAI.TakeDamage,34
2,12,Fame,source,AdventurerAI.GrantReturnReward,60
2,12,Fame,source,LureEconomy.OnHeroEscaped,150
2,12,DP,source,AdventurerAI.ReapEmotion,86
2,12,DP,sink,CommandSystem.TryUse,-2300
2,12,DP,source,AdventurerAI.GrantReturnReward,973
2,12,DP,source,Nemesis.OnSlain,1134
2,12,Material,source,Nemesis.OnSlain,10
2,12,DP,stock,end,914
2,12,Material,stock,end,491
2,12,Fame,stock,end,1696
2,13,DP,source,SurfaceMap.CollectYields,83
2,13,Material,source,SurfaceMap.CollectYields,4
2,13,Fame,source,SurfaceMap.CollectYields,19
2,13,DP,source,DistrictCatalog.Collect,98
2,13,DP,sink,MinionRoster.TryForge,-285
2,13,DP,sink,MinionRoster.TryEvolveIndividual,-325
2,13,DP,sink,DungeonFeatureManager.TryPlaceTrap,-300
2,13,DP,sink,MinionRoster.TrySummon,-162
2,13,DP,source,AdventurerAI.TakeDamage,1225
2,13,Material,source,AdventurerAI.TakeDamage,40
2,13,DP,sink,CommandSystem.TryUse,-2600
2,13,Fame,source,AdventurerAI.GrantReturnReward,50
2,13,Fame,source,LureEconomy.OnHeroEscaped,125
2,13,DP,source,AdventurerAI.ReapEmotion,127
2,13,DP,source,AdventurerAI.GrantReturnReward,975
2,13,DP,source,Nemesis.OnSlain,1134
2,13,Material,source,Nemesis.OnSlain,10
2,13,DP,stock,end,884
2,13,Material,stock,end,545
2,13,Fame,stock,end,1890
2,14,DP,source,SurfaceMap.CollectYields,103
2,14,Material,source,SurfaceMap.CollectYields,5
2,14,Fame,source,SurfaceMap.CollectYields,23
2,14,DP,source,DistrictCatalog.Collect,98
2,14,DP,sink,MinionRoster.TryForge,-598
2,14,DP,sink,DungeonFeatureManager.TryPlaceTrap,-300
2,14,DP,sink,MinionRoster.TrySummon,-167
2,14,DP,source,AdventurerAI.TakeDamage,2260
2,14,Material,source,AdventurerAI.TakeDamage,71
2,14,DP,sink,CommandSystem.TryUse,-2300
2,14,Fame,source,AdventurerAI.GrantReturnReward,60
2,14,Fame,source,LureEconomy.OnHeroEscaped,150
2,14,DP,source,AdventurerAI.ReapEmotion,153
2,14,DP,source,AdventurerAI.GrantReturnReward,737
2,14,DP,source,Nemesis.OnSlain,1749
2,14,Material,source,Nemesis.OnSlain,15
2,14,DP,stock,end,2619
2,14,Material,stock,end,636
2,14,Fame,stock,end,2123
2,15,DP,source,SurfaceMap.CollectYields,103
2,15,Material,source,SurfaceMap.CollectYields,5
2,15,Fame,source,SurfaceMap.CollectYields,23
2,15,DP,source,DistrictCatalog.Collect,98
2,15,DP,source,EraSystem.TickTurn,300
2,15,DP,sink,MinionRoster.TryForge,-285
2,15,DP,sink,DungeonFloorManager.TryAddFloor,-2000
2,15,DP,sink,DungeonFloorManager.TryExpandFloor,-400
2,15,DP,sink,DungeonFeatureManager.TryPlaceTrap,-150
2,15,DP,sink,MinionRoster.TrySummon,-270
2,15,DP,source,AdventurerAI.ReapEmotion,112
2,15,DP,source,AdventurerAI.TakeDamage,2450
2,15,Material,source,AdventurerAI.TakeDamage,122
2,15,DP,source,AdventurerAI.GrantReturnReward,400
2,15,Fame,source,AdventurerAI.GrantReturnReward,20
2,15,Fame,source,LureEconomy.OnHeroEscaped,50
2,15,DP,sink,CommandSystem.TryUse,-2150
2,15,DP,source,Nemesis.OnSlain,1198
2,15,Material,source,Nemesis.OnSlain,10
2,15,DP,stock,end,2025
2,15,Material,stock,end,773
2,15,Fame,stock,end,2216
2,16,DP,source,SurfaceMap.CollectYields,103
2,16,Material,source,SurfaceMap.CollectYields,5
2,16,Fame,source,SurfaceMap.CollectYields,23
2,16,DP,source,DistrictCatalog.Collect,112
2,16,DP,source,EraSystem.TickTurn,300
2,16,DP,sink,MinionRoster.TryForge,-1305
2,16,DP,sink,DungeonFloorManager.TryExpandFloor,-800
2,16,DP,sink,DungeonFeatureManager.TryPlaceTrap,-150
2,16,DP,sink,MinionRoster.TrySummon,-278
2,16,DP,source,AdventurerAI.TakeDamage,4782
2,16,Material,source,AdventurerAI.TakeDamage,109
2,16,DP,sink,CommandSystem.TryUse,-2950
2,16,Fame,source,AdventurerAI.GrantReturnReward,80
2,16,Fame,source,LureEconomy.OnHeroEscaped,200
2,16,DP,source,AdventurerAI.ReapEmotion,135
2,16,DP,source,AdventurerAI.GrantReturnReward,1009
2,16,DP,source,Nemesis.OnSlain,1232
2,16,Material,source,Nemesis.OnSlain,10
2,16,DP,stock,end,4215
2,16,Material,stock,end,897
2,16,Fame,stock,end,2519
2,17,DP,source,SurfaceMap.CollectYields,126
2,17,Material,source,SurfaceMap.CollectYields,6
2,17,Fame,source,SurfaceMap.CollectYields,28
2,17,DP,source,DistrictCatalog.Collect,112
2,17,DP,source,EraSystem.TickTurn,720
2,17,DP,sink,MinionRoster.TryForge,-190
2,17,DP,sink,DungeonFloorManager.TryExpandFloor,-4500
2,17,DP,sink,DungeonFeatureManager.TryPlaceTrap,-300
2,17,DP,sink,MinionRoster.TrySummon,-170
2,17,DP,source,AdventurerAI.ReapEmotion,199
2,17,DP,source,AdventurerAI.TakeDamage,3418
2,17,Material,source,AdventurerAI.TakeDamage,90
2,17,DP,source,AdventurerAI.GrantReturnReward,457
2,17,Fame,source,AdventurerAI.GrantReturnReward,30
2,17,Fame,source,LureEconomy.OnHeroEscaped,75
2,17,DP,sink,CommandSystem.TryUse,-2650
2,17,DP,source,Nemesis.OnSlain,632
2,17,Material,source,Nemesis.OnSlain,5
2,17,DP,stock,end,2069
2,17,Material,stock,end,998
2,17,Fame,stock,end,2652
2,18,DP,source,SurfaceMap.CollectYields,126
2,18,Material,source,SurfaceMap.CollectYields,6
2,18,Fame,source,SurfaceMap.CollectYields,28
2,18,DP,source,DistrictCatalog.Collect,126
2,18,DP,sink,MinionRoster.TryForge,-1400
2,18,DP,sink,MinionRoster.TryEvolveIndividual,-325
2,18,DP,sink,DungeonFeatureManager.TryPlaceTrap,-300
2,18,DP,sink,MinionRoster.TrySummon,-285
2,18,DP,source,AdventurerAI.ReapEmotion,130
2,18,DP,source,AdventurerAI.TakeDamage,2840
2,18,Material,source,AdventurerAI.TakeDamage,75
2,18,DP,sink,CommandSystem.TryUse,-2450
2,18,DP,source,AdventurerAI.GrantReturnReward,1142
2,18,Fame,source,AdventurerAI.GrantReturnReward,50
2,18,Fame,source,LureEconomy.OnHeroEscaped,125
2,18,DP,source,Nemesis.OnSlain,1328
2,18,Material,source,Nemesis.OnSlain,10
2,18,DP,stock,end,3001
2,18,Material,stock,end,1089
2,18,Fame,stock,end,2855
2,19,DP,source,SurfaceMap.CollectYields,146
2,19,Material,source,SurfaceMap.CollectYields,7
2,19,Fame,source,SurfaceMap.CollectYields,32
2,19,DP,source,DistrictCatalog.Collect,126
2,19,DP,sink,MinionRoster.TryForge,-2842
2,19,DP,sink,DungeonFeatureManager.TryPlaceTrap,-150
2,19,DP,sink,MinionRoster.TrySummon,-280
2,19,DP,source,AdventurerAI.ReapEmotion,370
2,19,DP,source,AdventurerAI.TakeDamage,2806
2,19,Material,source,AdventurerAI.TakeDamage,54
2,19,DP,sink,CommandSystem.TryUse,-2450
2,19,Fame,source,AdventurerAI.GrantReturnReward,40
2,19,Fame,source,LureEconomy.OnHeroEscaped,100
2,19,DP,source,AdventurerAI.GrantReturnReward,660
2,19,DP,source,Nemesis.OnSlain,648
2,19,Material,source,Nemesis.OnSlain,5
2,19,DP,stock,end,2035
2,19,Material,stock,end,1155
2,19,Fame,stock,end,3027
2,20,DP,source,SurfaceMap.CollectYields,146
2,20,Material,source,SurfaceMap.CollectYields,7
2,20,Fame,source,SurfaceMap.CollectYields,32
2,20,DP,source,DistrictCatalog.Collect,126
2,20,DP,sink,MinionRoster.TryForge,-1822
2,20,DP,sink,DungeonFeatureManager.TryPlaceTrap,-300
2,20,DP,sink,MinionRoster.TrySummon,-170
2,20,DP,source,AdventurerAI.ReapEmotion,880
2,20,DP,sink,CommandSystem.TryUse,-3450
2,20,DP,source,AdventurerAI.TakeDamage,4050
2,20,Material,source,AdventurerAI.TakeDamage,96
2,20,DP,source,AdventurerAI.GrantReturnReward,2798
2,20,Fame,source,AdventurerAI.GrantReturnReward,60
2,20,Fame,source,LureEconomy.OnHeroEscaped,150
2,20,DP,source,Nemesis.OnSlain,1968
2,20,Material,source,Nemesis.OnSlain,14
2,20,DP,stock,end,6261
2,20,Material,stock,end,1272
2,20,Fame,stock,end,3269
2,21,DP,source,SurfaceMap.CollectYields,146
2,21,Material,source,SurfaceMap.CollectYields,7
2,21,Fame,source,SurfaceMap.CollectYields,32
2,21,DP,source,DistrictCatalog.Collect,126
2,21,DP,source,WaveRoster.ResolveTrial,3300
2,21,DP,sink,MinionRoster.TryForge,-1400
2,21,DP,sink,DungeonFloorManager.TryAddFloor,-5000
2,21,DP,sink,DungeonFloorManager.TryExpandFloor,-2700
2,21,DP,sink,MinionRoster.TryEvolveIndividual,-325
2,21,DP,sink,DungeonFeatureManager.TryPlaceTrap,-150
2,21,DP,sink,MinionRoster.TrySummon,-247
2,21,DP,source,AdventurerAI.ReapEmotion,136
2,21,DP,source,AdventurerAI.TakeDamage,3832
2,21,Material,source,AdventurerAI.TakeDamage,84
2,21,DP,sink,CommandSystem.TryUse,-2650
2,21,DP,source,AdventurerAI.GrantReturnReward,820
2,21,Fame,source,AdventurerAI.GrantReturnReward,70
2,21,Fame,source,LureEconomy.OnHeroEscaped,175
2,21,DP,source,Nemesis.OnSlain,1618
2,21,Material,source,Nemesis.OnSlain,12
2,21,DP,stock,end,3767
2,21,Material,stock,end,1375
2,21,Fame,stock,end,3546
2,22,DP,source,SurfaceMap.CollectYields,167
2,22,Material,source,SurfaceMap.CollectYields,8
2,22,Fame,source,SurfaceMap.CollectYields,37
2,22,DP,source,DistrictCatalog.Collect,126
2,22,DP,sink,MinionRoster.TryForge,-3454
2,22,DP,sink,DungeonFeatureManager.TryPlaceTrap,-450
2,22,DP,sink,MinionRoster.TrySummon,-126
2,22,DP,source,AdventurerAI.ReapEmotion,145
2,22,DP,source,AdventurerAI.TakeDamage,4548
2,22,Material,source,AdventurerAI.TakeDamage,107
2,22,DP,sink,CommandSystem.TryUse,-2450
2,22,DP,source,AdventurerAI.GrantReturnReward,1465
2,22,Fame,source,AdventurerAI.GrantReturnReward,60
2,22,Fame,source,LureEconomy.OnHeroEscaped,150
2,22,DP,source,Nemesis.OnSlain,697
2,22,Material,source,Nemesis.OnSlain,5
2,22,DP,stock,end,4435
2,22,Material,stock,end,1495
2,22,Fame,stock,end,3793
2,23,DP,source,SurfaceMap.CollectYields,167
2,23,Material,source,SurfaceMap.CollectYields,8
2,23,Fame,source,SurfaceMap.CollectYields,37
2,23,DP,source,DistrictCatalog.Collect,126
2,23,DP,sink,MinionRoster.TryForge,-168
2,23,DP,sink,MinionEvolution.TryEvolve,-4250
2,23,DP,sink,DungeonFeatureManager.TryPlaceTrap,-150
2,23,DP,sink,MinionRoster.TrySummon,-158
2,23,DP,source,AdventurerAI.ReapEmotion,150
2,23,DP,source,AdventurerAI.TakeDamage,6469
2,23,Material,source,AdventurerAI.TakeDamage,128
2,23,DP,sink,CommandSystem.TryUse,-2150
2,23,DP,source,AdventurerAI.GrantReturnReward,946
2,23,Fame,source,AdventurerAI.GrantReturnReward,30
2,23,Fame,source,LureEconomy.OnHeroEscaped,75
2,23,DP,source,Nemesis.OnSlain,1410
2,23,Material,source,Nemesis.OnSlain,10
2,23,DP,stock,end,6827
2,23,Material,stock,end,1641
2,23,Fame,stock,end,3935
2,24,DP,source,SurfaceMap.CollectYields,167
2,24,Material,source,SurfaceMap.CollectYields,8
2,24,Fame,source,SurfaceMap.CollectYields,37
2,24,DP,source,DistrictCatalog.Collect,28
2,24,DP,source,EraSystem.TickTurn,3840
2,24,DP,sink,MinionRoster.TryForge,-168
2,24,DP,sink,MinionEvolution.TryEvolve,-650
2,24,DP,sink,MinionRoster.TryEvolveIndividual,-9725
2,24,DP,sink,DungeonFeatureManager.TryPlaceTrap,-150
2,24,DP,sink,MinionRoster.TrySummon,-158
2,24,DP,source,AdventurerAI.ReapEmotion,896
2,24,DP,source,AdventurerAI.TakeDamage,5859
2,24,Material,source,AdventurerAI.TakeDamage,150
2,24,DP,sink,CommandSystem.TryUse,-2950
2,24,Fame,source,AdventurerAI.GrantReturnReward,90
2,24,Fame,source,LureEconomy.OnHeroEscaped,225
2,24,DP,source,AdventurerAI.GrantReturnReward,2077
2,24,DP,source,Nemesis.OnSlain,1713
2,24,Material,source,Nemesis.OnSlain,12
2,24,DP,stock,end,7606
2,24,Material,stock,end,1811
2,24,Fame,stock,end,4287
2,25,DP,source,SurfaceMap.CollectYields,168
2,25,Material,source,SurfaceMap.CollectYields,7
2,25,Fame,source,SurfaceMap.CollectYields,40
2,25,DP,source,DistrictCatalog.Collect,28
2,25,DP,source,EraSystem.TickTurn,6528
2,25,DP,sink,MinionRoster.TryForge,-168
2,25,DP,sink,DungeonFloorManager.TryAddFloor,-12500
2,25,DP,sink,DungeonFloorManager.TryExpandFloor,-1200
2,25,DP,sink,DungeonFeatureManager.TryPlaceTrap,-300
2,25,DP,sink,MinionRoster.TrySummon,-162
2,25,DP,source,AdventurerAI.ReapEmotion,736
2,25,DP,sink,CommandSystem.TryUse,-3450
2,25,DP,source,AdventurerAI.GrantReturnReward,5599
2,25,Fame,source,AdventurerAI.GrantReturnReward,160
2,25,Fame,source,LureEconomy.OnHeroEscaped,400
2,25,DP,source,AdventurerAI.TakeDamage,8152
2,25,Material,source,AdventurerAI.TakeDamage,162
2,25,DP,source,Nemesis.OnSlain,1458
2,25,Material,source,Nemesis.OnSlain,10
2,25,DP,stock,end,12495
2,25,Material,stock,end,1990
2,25,Fame,stock,end,4887
2,26,DP,source,SurfaceMap.CollectYields,167
2,26,Material,source,SurfaceMap.CollectYields,7
2,26,Fame,source,SurfaceMap.CollectYields,39
2,26,DP,source,DistrictCatalog.Collect,28
2,26,DP,source,EraSystem.TickTurn,6528
2,26,DP,sink,MinionRoster.TryForge,-9336
2,26,DP,sink,DungeonFloorManager.TryExpandFloor,-6500
2,26,DP,sink,MinionRoster.TryEvolveIndividual,-2550
2,26,DP,sink,DungeonFeatureManager.TryPlaceTrap,-600
2,26,DP,sink,MinionRoster.TrySummon,-231
2,26,DP,source,AdventurerAI.ReapEmotion,215
2,26,DP,source,AdventurerAI.GrantReturnReward,8880
2,26,Fame,source,AdventurerAI.GrantReturnReward,230
2,26,Fame,source,LureEconomy.OnHeroEscaped,575
2,26,DP,sink,CommandSystem.TryUse,-4750
2,26,DP,source,AdventurerAI.TakeDamage,6751
2,26,Material,source,AdventurerAI.TakeDamage,150
2,26,DP,stock,end,11097
2,26,Material,stock,end,2147
2,26,Fame,stock,end,5731
2,27,DP,source,SurfaceMap.CollectYields,167
2,27,Material,source,SurfaceMap.CollectYields,7
2,27,Fame,source,SurfaceMap.CollectYields,39
2,27,DP,source,DistrictCatalog.Collect,28
2,27,DP,source,EraSystem.TickTurn,3840
2,27,DP,sink,MinionRoster.TryForge,-5232
2,27,DP,sink,DungeonFloorManager.TryExpandFloor,-7500
2,27,DP,sink,MinionRoster.TryEvolveIndividual,-1550
2,27,DP,sink,DungeonFeatureManager.TryPlaceTrap,-600
2,27,DP,sink,MinionRoster.TrySummon,-231
2,27,DP,source,AdventurerAI.ReapEmotion,416
2,27,DP,source,AdventurerAI.GrantReturnReward,9336
2,27,Fame,source,AdventurerAI.GrantReturnReward,250
2,27,Fame,source,LureEconomy.OnHeroEscaped,625
2,27,DP,sink,CommandSystem.TryUse,-5600
2,27,DP,source,AdventurerAI.TakeDamage,5435
2,27,Material,source,AdventurerAI.TakeDamage,55
2,27,DP,source,Nemesis.OnSlain,1522
2,27,Material,source,Nemesis.OnSlain,10
2,27,DP,stock,end,11128
2,27,Material,stock,end,2219
2,27,Fame,stock,end,6645
2,28,DP,source,SurfaceMap.CollectYields,190
2,28,Material,source,SurfaceMap.CollectYields,8
2,28,Fame,source,SurfaceMap.CollectYields,44
2,28,DP,source,DistrictCatalog.Collect,28
2,28,DP,source,EraSystem.TickTurn,3840
2,28,DP,sink,MinionRoster.TryForge,-13692
2,28,DP,sink,MinionRoster.TryEvolveIndividual,-375
2,28,Material,sink,MinionRoster.TryForge,-12
2,28,DP,sink,DungeonFeatureManager.TryPlaceTrap,-900
2,28,DP,sink,MinionRoster.TrySummon,-207
2,28,DP,source,AdventurerAI.ReapEmotion,99
2,28,DP,source,AdventurerAI.GrantReturnReward,13206
2,28,Fame,source,AdventurerAI.GrantReturnReward,420
2,28,Fame,source,LureEconomy.OnHeroEscaped,1050
2,28,DP,sink,CommandSystem.TryUse,-5350
2,28,DP,source,AdventurerAI.TakeDamage,8350
2,28,Material,source,AdventurerAI.TakeDamage,408
2,28,DP,stock,end,16317
2,28,Material,stock,end,2623
2,28,Fame,stock,end,8159
2,29,DP,source,SurfaceMap.CollectYields,169
2,29,Material,source,SurfaceMap.CollectYields,8
2,29,Fame,source,SurfaceMap.CollectYields,37
2,29,DP,source,DistrictCatalog.Collect,28
2,29,DP,source,EraSystem.TickTurn,6528
2,29,Material,source,EraSystem.TickTurn,32
2,29,DP,sink,MinionRoster.TryForge,-21720
2,29,DP,sink,MinionRoster.TryEvolveIndividual,-350
2,29,Material,sink,MinionRoster.TryForge,-72
2,29,DP,sink,DungeonFeatureManager.TryPlaceTrap,-750
2,29,DP,sink,MinionRoster.TrySummon,-207
2,29,DP,source,AdventurerAI.ReapEmotion,275
2,29,DP,source,AdventurerAI.GrantReturnReward,14299
2,29,Fame,source,AdventurerAI.GrantReturnReward,450
2,29,Fame,source,LureEconomy.OnHeroEscaped,1125
2,29,DP,sink,CommandSystem.TryUse,-4900
2,29,DP,source,AdventurerAI.TakeDamage,8219
2,29,Material,source,AdventurerAI.TakeDamage,61
2,29,DP,source,Nemesis.OnSlain,778
2,29,Material,source,Nemesis.OnSlain,6
2,29,DP,stock,end,18686
2,29,Material,stock,end,2658
2,29,Fame,stock,end,9771
2,30,DP,source,SurfaceMap.CollectYields,169
2,30,Material,source,SurfaceMap.CollectYields,9
2,30,Fame,source,SurfaceMap.CollectYields,37
2,30,DP,source,DistrictCatalog.Collect,28
2,30,DP,source,EraSystem.TickTurn,3840
2,30,Material,source,EraSystem.TickTurn,37
2,30,Fame,source,EraSystem.TickTurn,80
2,30,DP,sink,MinionRoster.TryForge,-21000
2,30,DP,sink,MinionRoster.TryEvolveIndividual,-350
2,30,Material,sink,MinionRoster.TryForge,-88
2,30,DP,sink,DungeonFeatureManager.TryPlaceTrap,-1200
2,30,DP,sink,MinionRoster.TrySummon,-172
2,30,DP,source,AdventurerAI.ReapEmotion,258
2,30,DP,source,AdventurerAI.GrantReturnReward,12306
2,30,Fame,source,AdventurerAI.GrantReturnReward,510
2,30,Fame,source,LureEconomy.OnHeroEscaped,1275
2,30,DP,sink,CommandSystem.TryUse,-4400
2,30,DP,source,AdventurerAI.TakeDamage,3345
2,30,Material,source,AdventurerAI.TakeDamage,24
2,30,DP,stock,end,11510
2,30,Material,stock,end,2640
2,30,Fame,stock,end,11673
2,31,DP,source,SurfaceMap.CollectYields,169
2,31,Material,source,SurfaceMap.CollectYields,9
2,31,Fame,source,SurfaceMap.CollectYields,37
2,31,DP,source,DistrictCatalog.Collect,28
2,31,DP,source,EraSystem.TickTurn,6528
2,31,Material,source,EraSystem.TickTurn,37
2,31,Fame,source,EraSystem.TickTurn,192
2,31,DP,sink,MinionRoster.TryForge,-16740
2,31,DP,sink,MinionRoster.TryEvolveIndividual,-250
2,31,Material,sink,MinionRoster.TryForge,-124
2,31,DP,sink,DungeonFeatureManager.TryPlaceTrap,-1050
2,31,DP,sink,MinionRoster.TrySummon,-172
2,31,DP,source,AdventurerAI.ReapEmotion,263
2,31,DP,source,AdventurerAI.GrantReturnReward,16285
2,31,Fame,source,AdventurerAI.GrantReturnReward,440
2,31,Fame,source,LureEconomy.OnHeroEscaped,1100
2,31,DP,sink,CommandSystem.TryUse,-4900
2,31,DP,source,AdventurerAI.TakeDamage,9826
2,31,Material,source,AdventurerAI.TakeDamage,71
2,31,DP,stock,end,21497
2,31,Material,stock,end,2633
2,31,Fame,stock,end,13442
2,32,DP,source,SurfaceMap.CollectYields,169
2,32,Material,source,SurfaceMap.CollectYields,9
2,32,Fame,source,SurfaceMap.CollectYields,37
2,32,DP,source,DistrictCatalog.Collect,28
2,32,DP,source,EraSystem.TickTurn,1920
2,32,DP,sink,MinionRoster.TryForge,-21540
2,32,DP,sink,MinionRoster.TryEvolveIndividual,-650
2,32,Material,sink,MinionRoster.TryForge,-164
2,32,DP,sink,DungeonFeatureManager.TryPlaceTrap,-1200
2,32,DP,sink,MinionRoster.TrySummon,-216
2,32,DP,source,AdventurerAI.ReapEmotion,136
2,32,DP,source,AdventurerAI.GrantReturnReward,14603
2,32,Fame,source,AdventurerAI.GrantReturnReward,530
2,32,Fame,source,LureEconomy.OnHeroEscaped,1325
2,32,DP,sink,CommandSystem.TryUse,-4900
2,32,DP,source,AdventurerAI.TakeDamage,10929
2,32,Material,source,AdventurerAI.TakeDamage,212
2,32,DP,stock,end,20776
2,32,Material,stock,end,2690
2,32,Fame,stock,end,15334
2,33,DP,source,SurfaceMap.CollectYields,169
2,33,Material,source,SurfaceMap.CollectYields,9
2,33,Fame,source,SurfaceMap.CollectYields,37
2,33,DP,source,DistrictCatalog.Collect,28
2,33,DP,sink,MinionRoster.TryForge,-18660
2,33,DP,sink,MinionRoster.TryEvolveIndividual,-750
2,33,Material,sink,MinionRoster.TryForge,-140
2,33,DP,sink,DungeonFeatureManager.TryPlaceTrap,-1350
2,33,DP,sink,MinionRoster.TrySummon,-188
2,33,DP,source,AdventurerAI.ReapEmotion,149
2,33,DP,source,AdventurerAI.GrantReturnReward,14640
2,33,Fame,source,AdventurerAI.GrantReturnReward,460
2,33,Fame,source,LureEconomy.OnHeroEscaped,1150
2,33,DP,sink,CommandSystem.TryUse,-4900
2,33,DP,source,AdventurerAI.TakeDamage,9587
2,33,Material,source,AdventurerAI.TakeDamage,98
2,33,DP,stock,end,19501
2,33,Material,stock,end,2657
2,33,Fame,stock,end,16981
2,34,DP,source,SurfaceMap.CollectYields,169
2,34,Material,source,SurfaceMap.CollectYields,9
2,34,Fame,source,SurfaceMap.CollectYields,37
2,34,DP,source,DistrictCatalog.Collect,28
2,34,DP,sink,MinionRoster.TryForge,-17700
2,34,DP,sink,MinionRoster.TryEvolveIndividual,-250
2,34,Material,sink,MinionRoster.TryForge,-132
2,34,DP,sink,DungeonFeatureManager.TryPlaceTrap,-1500
2,34,DP,sink,MinionRoster.TrySummon,-225
2,34,DP,source,AdventurerAI.ReapEmotion,433
2,34,DP,sink,CommandSystem.TryUse,-5200
2,34,DP,source,AdventurerAI.GrantReturnReward,11165
2,34,Fame,source,AdventurerAI.GrantReturnReward,400
2,34,Fame,source,LureEconomy.OnHeroEscaped,1000
2,34,DP,source,AdventurerAI.TakeDamage,14214
2,34,Material,source,AdventurerAI.TakeDamage,420
2,34,DP,stock,end,20635
2,34,Material,stock,end,2954
2,34,Fame,stock,end,18418
2,35,DP,source,SurfaceMap.CollectYields,169
2,35,Material,source,SurfaceMap.CollectYields,9
2,35,Fame,source,SurfaceMap.CollectYields,37
2,35,DP,source,DistrictCatalog.Collect,28
2,35,DP,sink,MinionRoster.TryForge,-17820
2,35,DP,sink,MinionRoster.TryEvolveIndividual,-750
2,35,Material,sink,MinionRoster.TryForge,-158
2,35,DP,sink,DungeonFeatureManager.TryPlaceTrap,-2100
2,35,DP,sink,MinionRoster.TrySummon,-150
2,35,DP,source,AdventurerAI.ReapEmotion,236
2,35,DP,source,AdventurerAI.TakeDamage,9294
2,35,Material,source,AdventurerAI.TakeDamage,430
2,35,DP,sink,CommandSystem.TryUse,-5650
2,35,DP,source,AdventurerAI.GrantReturnReward,16371
2,35,Fame,source,AdventurerAI.GrantReturnReward,570
2,35,Fame,source,LureEconomy.OnHeroEscaped,1425
2,35,DP,stock,end,20263
2,35,Material,stock,end,3235
2,35,Fame,stock,end,20450
2,36,DP,source,SurfaceMap.CollectYields,169
2,36,Material,source,SurfaceMap.CollectYields,9
2,36,Fame,source,SurfaceMap.CollectYields,37
2,36,DP,source,DistrictCatalog.Collect,28
2,36,DP,sink,MinionRoster.TryForge,-18300
2,36,DP,sink,MinionRoster.TryEvolveIndividual,-225
2,36,Material,sink,MinionRoster.TryForge,-182
2,36,DP,sink,DungeonFeatureManager.TryPlaceTrap,-1650
2,36,DP,sink,MinionRoster.TrySummon,-262
2,36,DP,source,AdventurerAI.TakeDamage,27027
2,36,Material,source,AdventurerAI.TakeDamage,516
2,36,DP,source,AdventurerAI.ReapEmotion,226
2,36,DP,sink,CommandSystem.TryUse,-5200
2,36,DP,source,AdventurerAI.GrantReturnReward,37180
2,36,Fame,source,AdventurerAI.GrantReturnReward,610
2,36,Fame,source,LureEconomy.OnHeroEscaped,1525
2,36,DP,stock,end,59256
2,36,Material,stock,end,3578
2,36,Fame,stock,end,22622
2,37,DP,source,SurfaceMap.CollectYields,146
2,37,Material,source,SurfaceMap.CollectYields,8
2,37,Fame,source,SurfaceMap.CollectYields,32
2,37,DP,source,DistrictCatalog.Collect,28
2,37,DP,sink,MinionRoster.TryForge,-24540
2,37,DP,sink,DungeonFloorManager.TryAddFloor,-31250
2,37,DP,sink,DungeonFloorManager.TryExpandFloor,-1200
2,37,DP,sink,MinionRoster.TryEvolveIndividual,-750
2,37,Material,sink,MinionRoster.TryForge,-254
2,37,DP,sink,DungeonFeatureManager.TryPlaceTrap,-1500
2,37,DP,sink,MinionRoster.TrySummon,-156
2,37,DP,source,AdventurerAI.ReapEmotion,181
2,37,DP,source,AdventurerAI.GrantReturnReward,14754
2,37,Fame,source,AdventurerAI.GrantReturnReward,290
2,37,Fame,source,LureEconomy.OnHeroEscaped,725
2,37,DP,sink,CommandSystem.TryUse,-4900
2,37,DP,source,AdventurerAI.TakeDamage,26586
2,37,Material,source,AdventurerAI.TakeDamage,492
2,37,DP,stock,end,36655
2,37,Material,stock,end,3824
2,37,Fame,stock,end,23669
2,38,DP,source,SurfaceMap.CollectYields,126
2,38,Material,source,SurfaceMap.CollectYields,7
2,38,Fame,source,SurfaceMap.CollectYields,28
2,38,DP,source,DistrictCatalog.Collect,28
2,38,DP,sink,MinionRoster.TryForge,-33900
2,38,DP,sink,MinionRoster.TryEvolveIndividual,-225
2,38,Material,sink,MinionRoster.TryForge,-362
2,38,DP,sink,DungeonFeatureManager.TryPlaceTrap,-2400
2,38,DP,sink,MinionRoster.TrySummon,-284
2,38,DP,source,AdventurerAI.ReapEmotion,112
2,38,DP,source,AdventurerAI.GrantReturnReward,29889
2,38,Fame,source,AdventurerAI.GrantReturnReward,450
2,38,Fame,source,LureEconomy.OnHeroEscaped,1125
2,38,DP,sink,CommandSystem.TryUse,-5550
2,38,DP,source,AdventurerAI.TakeDamage,12851
2,38,Material,source,AdventurerAI.TakeDamage,340
2,38,DP,stock,end,37302
2,38,Material,stock,end,3809
2,38,Fame,stock,end,25272
2,39,DP,source,SurfaceMap.CollectYields,126
2,39,Material,source,SurfaceMap.CollectYields,7
2,39,Fame,source,SurfaceMap.CollectYields,28
2,39,DP,source,DistrictCatalog.Collect,28
2,39,DP,sink,MinionRoster.TryForge,-32340
2,39,DP,sink,DungeonFloorManager.TryExpandFloor,-1500
2,39,DP,sink,MinionRoster.TryEvolveIndividual,-750
2,39,Material,sink,MinionRoster.TryForge,-344
2,39,DP,sink,DungeonFeatureManager.TryPlaceTrap,-2700
2,39,DP,sink,MinionRoster.TrySummon,-162
2,39,DP,source,AdventurerAI.ReapEmotion,119
2,39,DP,source,AdventurerAI.GrantReturnReward,21748
2,39,Fame,source,AdventurerAI.GrantReturnReward,320
2,39,Fame,source,LureEconomy.OnHeroEscaped,800
2,39,DP,sink,CommandSystem.TryUse,-4900
2,39,DP,source,AdventurerAI.TakeDamage,28129
2,39,Material,source,AdventurerAI.TakeDamage,509
2,39,DP,stock,end,45100
2,39,Material,stock,end,3981
2,39,Fame,stock,end,26420
2,40,DP,source,SurfaceMap.CollectYields,149
2,40,Material,source,SurfaceMap.CollectYields,8
2,40,Fame,source,SurfaceMap.CollectYields,33
2,40,DP,source,DistrictCatalog.Collect,28
2,40,DP,sink,MinionRoster.TryForge,-43260
2,40,DP,sink,MinionRoster.TryEvolveIndividual,-225
2,40,Material,sink,MinionRoster.TryForge,-470
2,40,DP,sink,DungeonFeatureManager.TryPlaceTrap,-1500
2,40,DP,sink,MinionRoster.TrySummon,-284
2,40,DP,source,AdventurerAI.ReapEmotion,164
2,40,DP,source,AdventurerAI.GrantReturnReward,25692
2,40,Fame,source,AdventurerAI.GrantReturnReward,520
2,40,Fame,source,LureEconomy.OnHeroEscaped,1300
2,40,DP,sink,CommandSystem.TryUse,-5350
2,40,DP,source,AdventurerAI.TakeDamage,19322
2,40,Material,source,AdventurerAI.TakeDamage,512
2,40,DP,stock,end,39836
2,40,Material,stock,end,4031
2,40,Fame,stock,end,28273
2,41,DP,source,SurfaceMap.CollectYields,169
2,41,Material,source,SurfaceMap.CollectYields,9
2,41,Fame,source,SurfaceMap.CollectYields,37
2,41,DP,source,DistrictCatalog.Collect,28
2,41,DP,source,EraSystem.TickTurn,1920
2,41,DP,sink,MinionRoster.TryForge,-35340
2,41,DP,sink,DungeonFloorManager.TryExpandFloor,-2500
2,41,DP,sink,MinionRoster.TryEvolveIndividual,-750
2,41,Material,sink,MinionRoster.TryForge,-426
2,41,DP,sink,DungeonFeatureManager.TryPlaceTrap,-3150
2,41,DP,sink,MinionRoster.TrySummon,-202
2,41,DP,source,AdventurerAI.ReapEmotion,125
2,41,DP,source,AdventurerAI.GrantReturnReward,29210
2,41,Fame,source,AdventurerAI.GrantReturnReward,280
2,41,Fame,source,LureEconomy.OnHeroEscaped,700
2,41,DP,sink,CommandSystem.TryUse,-4450
2,41,DP,source,AdventurerAI.TakeDamage,31992
2,41,Material,source,AdventurerAI.TakeDamage,602
2,41,DP,stock,end,56888
2,41,Material,stock,end,4216
2,41,Fame,stock,end,29290
2,42,DP,source,SurfaceMap.CollectYields,169
2,42,Material,source,SurfaceMap.CollectYields,9
2,42,Fame,source,SurfaceMap.CollectYields,37
2,42,DP,source,DistrictCatalog.Collect,28
2,42,DP,sink,MinionRoster.TryForge,-52980
2,42,DP,sink,MinionRoster.TryEvolveIndividual,-250
2,42,Material,sink,MinionRoster.TryForge,-664
2,42,DP,sink,DungeonFeatureManager.TryPlaceTrap,-150
2,42,DP,sink,MinionRoster.TrySummon,-3665
2,42,DP,source,AdventurerAI.ReapEmotion,116
2,42,DP,source,AdventurerAI.GrantReturnReward,20049
2,42,Fame,source,AdventurerAI.GrantReturnReward,320
2,42,Fame,source,LureEconomy.OnHeroEscaped,800
2,42,DP,sink,CommandSystem.TryUse,-4800
2,42,DP,source,AdventurerAI.TakeDamage,30002
2,42,Material,source,AdventurerAI.TakeDamage,479
2,42,DP,stock,end,45407
2,42,Material,stock,end,4040
2,42,Fame,stock,end,30447
2,43,DP,source,SurfaceMap.CollectYields,169
2,43,Material,source,SurfaceMap.CollectYields,9
2,43,Fame,source,SurfaceMap.CollectYields,37
2,43,DP,source,DistrictCatalog.Collect,28
2,43,DP,sink,MinionRoster.TryForge,-20160
2,43,DP,sink,MinionRoster.TryEvolveIndividual,-600
2,43,Material,sink,MinionRoster.TryForge,-116
2,43,DP,sink,MinionRoster.TrySummon,-24470
2,43,DP,sink,CommandSystem.TryUse,-5100
2,43,DP,source,AdventurerAI.ReapEmotion,129
2,43,DP,source,AdventurerAI.GrantReturnReward,27363
2,43,Fame,source,AdventurerAI.GrantReturnReward,400
2,43,Fame,source,LureEconomy.OnHeroEscaped,1000
2,43,DP,source,AdventurerAI.TakeDamage,21908
2,43,Material,source,AdventurerAI.TakeDamage,285
2,43,DP,stock,end,44674
2,43,Material,stock,end,4218
2,43,Fame,stock,end,31884
2,44,DP,source,SurfaceMap.CollectYields,169
2,44,Material,source,SurfaceMap.CollectYields,9
2,44,Fame,source,SurfaceMap.CollectYields,37
2,44,DP,source,DistrictCatalog.Collect,28
2,44,DP,sink,MinionRoster.TryForge,-5064
2,44,DP,sink,MinionRoster.TryEvolveIndividual,-350
2,44,DP,sink,MinionRoster.TrySummon,-38978
2,44,DP,sink,CommandSystem.TryUse,-5200
2,44,DP,source,AdventurerAI.ReapEmotion,115
2,44,DP,source,AdventurerAI.GrantReturnReward,22069
2,44,Fame,source,AdventurerAI.GrantReturnReward,350
2,44,Fame,source,LureEconomy.OnHeroEscaped,875
2,44,DP,source,AdventurerAI.TakeDamage,30614
2,44,Material,source,AdventurerAI.TakeDamage,1607
2,44,DP,source,Nemesis.OnSlain,4278
2,44,Material,source,Nemesis.OnSlain,17
2,44,DP,stock,end,52355
2,44,Material,stock,end,5851
2,44,Fame,stock,end,33146
2,45,DP,source,SurfaceMap.CollectYields,211
2,45,Material,source,SurfaceMap.CollectYields,12
2,45,Fame,source,SurfaceMap.CollectYields,37
2,45,DP,source,DistrictCatalog.Collect,28
2,45,DP,sink,MinionRoster.TryForge,-13956
2,45,Material,sink,MinionRoster.TryForge,-12
2,45,DP,sink,MinionRoster.TrySummon,-38630
2,45,DP,source,AdventurerAI.ReapEmotion,704
2,45,DP,sink,CommandSystem.TryUse,-6000
2,45,DP,source,AdventurerAI.GrantReturnReward,44486
2,45,Fame,source,AdventurerAI.GrantReturnReward,450
2,45,Fame,source,LureEconomy.OnHeroEscaped,1125
2,45,DP,source,AdventurerAI.TakeDamage,20822
2,45,Material,source,AdventurerAI.TakeDamage,162
2,45,DP,stock,end,60020
2,45,Material,stock,end,6013
2,45,Fame,stock,end,34758
2,46,DP,source,SurfaceMap.CollectYields,211
2,46,Material,source,SurfaceMap.CollectYields,12
2,46,Fame,source,SurfaceMap.CollectYields,37
2,46,DP,source,DistrictCatalog.Collect,28
2,46,DP,sink,MinionRoster.TryForge,-32520
2,46,Material,sink,MinionRoster.TryForge,-216
2,46,DP,sink,MinionRoster.TrySummon,-27709
2,46,DP,source,AdventurerAI.ReapEmotion,208
2,46,DP,source,AdventurerAI.GrantReturnReward,33973
2,46,Fame,source,AdventurerAI.GrantReturnReward,400
2,46,Fame,source,LureEconomy.OnHeroEscaped,1000
2,46,DP,sink,CommandSystem.TryUse,-4900
2,46,DP,source,AdventurerAI.TakeDamage,22764
2,46,Material,source,AdventurerAI.TakeDamage,376
2,46,DP,source,Nemesis.OnSlain,1004
2,46,Material,source,Nemesis.OnSlain,6
2,46,DP,stock,end,53079
2,46,Material,stock,end,6191
2,46,Fame,stock,end,36195
2,47,DP,source,SurfaceMap.CollectYields,215
2,47,Material,source,SurfaceMap.CollectYields,12
2,47,Fame,source,SurfaceMap.CollectYields,38
2,47,DP,source,DistrictCatalog.Collect,28
2,47,DP,source,EraSystem.TickTurn,9720
2,47,DP,sink,MinionRoster.TryForge,-3840
2,47,Material,sink,MinionRoster.TryForge,-32
2,47,DP,sink,MinionEvolution.TryEvolve,-9050
2,47,DP,sink,MinionRoster.TryEvolveIndividual,-49000
2,47,DP,sink,MinionRoster.TrySummon,-1131
2,47,DP,source,AdventurerAI.TakeDamage,47075
2,47,Material,source,AdventurerAI.TakeDamage,56548
2,47,DP,source,AdventurerAI.ReapEmotion,127
2,47,DP,sink,CommandSystem.TryUse,-5200
2,47,DP,source,AdventurerAI.GrantReturnReward,10230
2,47,Fame,source,AdventurerAI.GrantReturnReward,330
2,47,Fame,source,LureEconomy.OnHeroEscaped,825
2,47,DP,source,Nemesis.OnSlain,8556
2,47,Material,source,Nemesis.OnSlain,34
2,47,DP,stock,end,60809
2,47,Material,stock,end,62753
2,47,Fame,stock,end,37388
2,48,DP,source,SurfaceMap.CollectYields,215
2,48,Material,source,SurfaceMap.CollectYields,12
2,48,Fame,source,SurfaceMap.CollectYields,38
2,48,DP,source,DistrictCatalog.Collect,28
2,48,DP,source,EraSystem.TickTurn,9720
2,48,DP,sink,MinionRoster.TryForge,-3120
2,48,Material,sink,MinionRoster.TryForge,-36
2,48,DP,sink,MinionEvolution.TryEvolve,-14200
2,48,DP,sink,MinionRoster.TryEvolveIndividual,-52950
2,48,DP,sink,MinionRoster.TrySummon,-496
2,48,DP,source,AdventurerAI.ReapEmotion,128
2,48,DP,source,AdventurerAI.GrantReturnReward,14289
2,48,Fame,source,AdventurerAI.GrantReturnReward,320
2,48,Fame,source,LureEconomy.OnHeroEscaped,800
2,48,DP,sink,CommandSystem.TryUse,-5250
2,48,DP,source,AdventurerAI.TakeDamage,38443
2,48,Material,source,AdventurerAI.TakeDamage,1752
2,48,DP,source,Nemesis.OnSlain,5299
2,48,Material,source,Nemesis.OnSlain,23
2,48,DP,stock,end,52915
2,48,Material,stock,end,64504
2,48,Fame,stock,end,38546
2,49,DP,source,SurfaceMap.CollectYields,215
2,49,Material,source,SurfaceMap.CollectYields,12
2,49,Fame,source,SurfaceMap.CollectYields,38
2,49,DP,source,DistrictCatalog.Collect,28
2,49,DP,source,EraSystem.TickTurn,9720
2,49,DP,sink,MinionRoster.TryForge,-3120
2,49,Material,sink,MinionRoster.TryForge,-36
2,49,DP,sink,MinionEvolution.TryEvolve,-19050
2,49,DP,sink,MinionRoster.TryEvolveIndividual,-39850
2,49,DP,sink,MinionRoster.TrySummon,-837
2,49,DP,source,AdventurerAI.ReapEmotion,237
2,49,DP,source,AdventurerAI.GrantReturnReward,16653
2,49,Fame,source,AdventurerAI.GrantReturnReward,380
2,49,Fame,source,LureEconomy.OnHeroEscaped,950
2,49,DP,sink,CommandSystem.TryUse,-4750
2,49,DP,source,AdventurerAI.TakeDamage,31666
2,49,Material,source,AdventurerAI.TakeDamage,231
2,49,DP,source,Nemesis.OnSlain,2074
2,49,Material,source,Nemesis.OnSlain,12
2,49,DP,stock,end,45901
2,49,Material,stock,end,64723
2,49,Fame,stock,end,39914
2,50,DP,source,SurfaceMap.CollectYields,186
2,50,Material,source,SurfaceMap.CollectYields,10
2,50,Fame,source,SurfaceMap.CollectYields,33
2,50,DP,source,DistrictCatalog.Collect,28
2,50,DP,source,EraSystem.TickTurn,9720
2,50,DP,sink,MinionRoster.TryForge,-3120
2,50,Material,sink,MinionRoster.TryForge,-36
2,50,DP,sink,MinionRoster.TryEvolveIndividual,-52200
2,50,DP,sink,MinionRoster.TrySummon,-479
2,50,DP,source,AdventurerAI.ReapEmotion,692
2,50,DP,sink,CommandSystem.TryUse,-6300
2,50,DP,source,AdventurerAI.GrantReturnReward,20451
2,50,Fame,source,AdventurerAI.GrantReturnReward,370
2,50,Fame,source,LureEconomy.OnHeroEscaped,925
2,50,DP,source,AdventurerAI.TakeDamage,57639
2,50,Material,source,AdventurerAI.TakeDamage,541
2,50,DP,stock,end,72518
2,50,Material,stock,end,65238
2,50,Fame,stock,end,41242
2,51,DP,source,SurfaceMap.CollectYields,186
2,51,Material,source,SurfaceMap.CollectYields,10
2,51,Fame,source,SurfaceMap.CollectYields,33
2,51,DP,source,DistrictCatalog.Collect,28
2,51,DP,source,EraSystem.TickTurn,16524
2,51,Material,source,EraSystem.TickTurn,62
2,51,DP,sink,MinionRoster.TryForge,-3120
2,51,Material,sink,MinionRoster.TryForge,-36
2,51,DP,sink,DungeonFloorManager.TryAddFloor,-78125
2,51,DP,sink,DungeonFloorManager.TryExpandFloor,-5200
2,51,DP,sink,MinionRoster.TryEvolveIndividual,-1550
2,51,DP,sink,DungeonFeatureManager.TryPlaceTrap,-1050
2,51,DP,sink,MinionRoster.TrySummon,-186
2,51,DP,source,AdventurerAI.ReapEmotion,126
2,51,DP,source,AdventurerAI.GrantReturnReward,14776
2,51,Fame,source,AdventurerAI.GrantReturnReward,310
2,51,Fame,source,LureEconomy.OnHeroEscaped,775
2,51,DP,sink,CommandSystem.TryUse,-4900
2,51,DP,source,AdventurerAI.TakeDamage,29407
2,51,Material,source,AdventurerAI.TakeDamage,554
2,51,DP,stock,end,39434
2,51,Material,stock,end,65828
2,51,Fame,stock,end,42360
2,52,DP,source,SurfaceMap.CollectYields,229
2,52,Material,source,SurfaceMap.CollectYields,10
2,52,Fame,source,SurfaceMap.CollectYields,40
2,52,DP,source,DistrictCatalog.Collect,28
2,52,Material,source,DistrictCatalog.Collect,9
2,52,DP,source,EraSystem.TickTurn,9720
2,52,Material,source,EraSystem.TickTurn,62
2,52,DP,sink,MinionRoster.TryForge,-18720
2,52,Material,sink,MinionRoster.TryForge,-216
2,52,DP,sink,MinionRoster.TryEvolveIndividual,-28700
2,52,DP,sink,DungeonFeatureManager.TryPlaceTrap,-1800
2,52,DP,sink,MinionRoster.TrySummon,-189
2,52,DP,source,AdventurerAI.ReapEmotion,204
2,52,DP,source,AdventurerAI.TakeDamage,50823
2,52,Material,source,AdventurerAI.TakeDamage,438
2,52,DP,sink,CommandSystem.TryUse,-4750
2,52,DP,source,AdventurerAI.GrantReturnReward,21238
2,52,Fame,source,AdventurerAI.GrantReturnReward,390
2,52,Fame,source,LureEconomy.OnHeroEscaped,975
2,52,DP,stock,end,67517
2,52,Material,stock,end,66131
2,52,Fame,stock,end,43765
2,53,DP,source,SurfaceMap.CollectYields,264
2,53,Material,source,SurfaceMap.CollectYields,12
2,53,Fame,source,SurfaceMap.CollectYields,46
2,53,DP,source,DistrictCatalog.Collect,28
2,53,Material,source,DistrictCatalog.Collect,9
2,53,DP,source,EraSystem.TickTurn,9720
2,53,Material,source,EraSystem.TickTurn,62
2,53,Fame,source,EraSystem.TickTurn,135
2,53,DP,sink,MinionRoster.TryForge,-71520
2,53,Material,sink,MinionRoster.TryForge,-920
2,53,DP,sink,MinionRoster.TryEvolveIndividual,-3300
2,53,DP,sink,DungeonFeatureManager.TryPlaceTrap,-1950
2,53,DP,sink,MinionRoster.TrySummon,-720
2,53,DP,source,AdventurerAI.ReapEmotion,178
2,53,DP,source,AdventurerAI.GrantReturnReward,21674
2,53,Fame,source,AdventurerAI.GrantReturnReward,440
2,53,Fame,source,LureEconomy.OnHeroEscaped,1100
2,53,DP,sink,CommandSystem.TryUse,-6400
2,53,DP,source,AdventurerAI.TakeDamage,68663
2,53,Material,source,AdventurerAI.TakeDamage,133908
2,53,DP,source,Nemesis.OnSlain,7257
2,53,Material,source,Nemesis.OnSlain,33
2,53,DP,stock,end,91411
2,53,Material,stock,end,199235
2,53,Fame,stock,end,45486
2,54,DP,source,SurfaceMap.CollectYields,264
2,54,Material,source,SurfaceMap.CollectYields,12
2,54,Fame,source,SurfaceMap.CollectYields,46
2,54,DP,source,DistrictCatalog.Collect,28
2,54,Material,source,DistrictCatalog.Collect,9
2,54,DP,source,EraSystem.TickTurn,9720
2,54,DP,sink,MinionRoster.TryForge,-98400
2,54,Material,sink,MinionRoster.TryForge,-1312
2,54,DP,sink,MinionRoster.TrySummon,-2979
2,54,DP,source,AdventurerAI.ReapEmotion,400
2,54,DP,source,AdventurerAI.TakeDamage,46748
2,54,Material,source,AdventurerAI.TakeDamage,442
2,54,DP,sink,CommandSystem.TryUse,-5100
2,54,DP,source,AdventurerAI.GrantReturnReward,30467
2,54,Fame,source,AdventurerAI.GrantReturnReward,490
2,54,Fame,source,LureEconomy.OnHeroEscaped,1225
2,54,DP,stock,end,72559
2,54,Material,stock,end,198386
2,54,Fame,stock,end,47247
2,55,DP,source,SurfaceMap.CollectYields,264
2,55,Material,source,SurfaceMap.CollectYields,12
2,55,Fame,source,SurfaceMap.CollectYields,46
2,55,DP,source,DistrictCatalog.Collect,28
2,55,Material,source,DistrictCatalog.Collect,9
2,55,DP,source,EraSystem.TickTurn,11664
2,55,DP,sink,MinionRoster.TryForge,-81600
2,55,Material,sink,MinionRoster.TryForge,-1088
2,55,DP,sink,MinionRoster.TrySummon,-2871
2,55,DP,source,AdventurerAI.ReapEmotion,320
2,55,DP,sink,CommandSystem.TryUse,-5200
2,55,DP,source,AdventurerAI.GrantReturnReward,40340
2,55,Fame,source,AdventurerAI.GrantReturnReward,470
2,55,Fame,source,LureEconomy.OnHeroEscaped,1175
2,55,DP,source,AdventurerAI.TakeDamage,63418
2,55,Material,source,AdventurerAI.TakeDamage,674
2,55,DP,source,Nemesis.OnSlain,1118
2,55,Material,source,Nemesis.OnSlain,6
2,55,DP,stock,end,100040
2,55,Material,stock,end,197999
2,55,Fame,stock,end,48938
2,56,DP,source,SurfaceMap.CollectYields,264
2,56,Material,source,SurfaceMap.CollectYields,12
2,56,Fame,source,SurfaceMap.CollectYields,46
2,56,DP,source,DistrictCatalog.Collect,28
2,56,Material,source,DistrictCatalog.Collect,9
2,56,DP,sink,MinionRoster.TryForge,-97440
2,56,Material,sink,MinionRoster.TryForge,-1418
2,56,DP,sink,MinionRoster.TrySummon,-2855
2,56,DP,source,AdventurerAI.ReapEmotion,279
2,56,DP,sink,CommandSystem.TryUse,-5050
2,56,DP,source,AdventurerAI.GrantReturnReward,28435
2,56,Fame,source,AdventurerAI.GrantReturnReward,450
2,56,Fame,source,LureEconomy.OnHeroEscaped,1125
2,56,DP,source,AdventurerAI.TakeDamage,55038
2,56,Material,source,AdventurerAI.TakeDamage,466
2,56,DP,source,Nemesis.OnSlain,2650
2,56,Material,source,Nemesis.OnSlain,13
2,56,DP,stock,end,81389
2,56,Material,stock,end,197081
2,56,Fame,stock,end,50559
2,57,DP,source,SurfaceMap.CollectYields,264
2,57,Material,source,SurfaceMap.CollectYields,12
2,57,Fame,source,SurfaceMap.CollectYields,46
2,57,DP,source,DistrictCatalog.Collect,28
2,57,Material,source,DistrictCatalog.Collect,8
2,57,DP,sink,MinionRoster.TryForge,-77760
2,57,Material,sink,MinionRoster.TryForge,-1134
2,57,DP,sink,MinionRoster.TrySummon,-3900
2,57,DP,source,AdventurerAI.ReapEmotion,139
2,57,DP,source,AdventurerAI.TakeDamage,65973
2,57,Material,source,AdventurerAI.TakeDamage,1146
2,57,DP,sink,CommandSystem.TryUse,-5100
2,57,DP,source,AdventurerAI.GrantReturnReward,22918
2,57,Fame,source,AdventurerAI.GrantReturnReward,400
2,57,Fame,source,LureEconomy.OnHeroEscaped,1000
2,57,DP,stock,end,83951
2,57,Material,stock,end,197113
2,57,Fame,stock,end,52005
2,58,DP,source,SurfaceMap.CollectYields,215
2,58,Material,source,SurfaceMap.CollectYields,12
2,58,Fame,source,SurfaceMap.CollectYields,38
2,58,DP,source,DistrictCatalog.Collect,28
2,58,Material,source,DistrictCatalog.Collect,8
2,58,DP,sink,MinionRoster.TryForge,-80640
2,58,Material,sink,MinionRoster.TryForge,-1176
2,58,DP,sink,MinionRoster.TrySummon,-3519
2,58,DP,source,AdventurerAI.ReapEmotion,197
2,58,DP,source,AdventurerAI.GrantReturnReward,39591
2,58,Fame,source,AdventurerAI.GrantReturnReward,550
2,58,Fame,source,LureEconomy.OnHeroEscaped,1375
2,58,DP,sink,CommandSystem.TryUse,-5100
2,58,DP,source,AdventurerAI.TakeDamage,56444
2,58,Material,source,AdventurerAI.TakeDamage,1241
2,58,DP,stock,end,91167
2,58,Material,stock,end,197198
2,58,Fame,stock,end,53968
2,59,DP,source,SurfaceMap.CollectYields,215
2,59,Material,source,SurfaceMap.CollectYields,12
2,59,Fame,source,SurfaceMap.CollectYields,38
2,59,DP,source,DistrictCatalog.Collect,28
2,59,Material,source,DistrictCatalog.Collect,8
2,59,DP,sink,MinionRoster.TryForge,-86400
2,59,Material,sink,MinionRoster.TryForge,-1260
2,59,DP,sink,MinionRoster.TrySummon,-4999
2,59,DP,source,AdventurerAI.ReapEmotion,137
2,59,DP,source,AdventurerAI.TakeDamage,66777
2,59,Material,source,AdventurerAI.TakeDamage,1056
2,59,DP,sink,CommandSystem.TryUse,-4750
2,59,DP,source,AdventurerAI.GrantReturnReward,27377
2,59,Fame,source,AdventurerAI.GrantReturnReward,460
2,59,Fame,source,LureEconomy.OnHeroEscaped,1150
2,59,DP,stock,end,89552
2,59,Material,stock,end,197014
2,59,Fame,stock,end,55616
2,60,DP,source,SurfaceMap.CollectYields,215
2,60,Material,source,SurfaceMap.CollectYields,12
2,60,Fame,source,SurfaceMap.CollectYields,38
2,60,DP,source,DistrictCatalog.Collect,28
2,60,Material,source,DistrictCatalog.Collect,8
2,60,DP,sink,MinionRoster.TryForge,-86400
2,60,Material,sink,MinionRoster.TryForge,-1300
2,60,DP,sink,MinionRoster.TrySummon,-3360
2,60,DP,source,AdventurerAI.ReapEmotion,444
2,60,DP,sink,CommandSystem.TryUse,-5200
2,60,DP,source,AdventurerAI.TakeDamage,75678
2,60,Material,source,AdventurerAI.TakeDamage,512213
2,60,DP,source,AdventurerAI.GrantReturnReward,36970
2,60,Fame,source,AdventurerAI.GrantReturnReward,540
2,60,Fame,source,LureEconomy.OnHeroEscaped,1350
2,60,DP,source,Nemesis.OnSlain,8556
2,60,Material,source,Nemesis.OnSlain,34
2,60,DP,stock,end,116483
2,60,Material,stock,end,707981
2,60,Fame,stock,end,57544
2,61,DP,source,SurfaceMap.CollectYields,215
2,61,Material,source,SurfaceMap.CollectYields,12
2,61,Fame,source,SurfaceMap.CollectYields,38
2,61,DP,source,DistrictCatalog.Collect,28
2,61,Material,source,DistrictCatalog.Collect,8
2,61,DP,sink,MinionRoster.TryForge,-111600
2,61,Material,sink,MinionRoster.TryForge,-1705
2,61,DP,sink,MinionRoster.TrySummon,-5123
2,61,DP,source,AdventurerAI.ReapEmotion,425
2,61,DP,sink,CommandSystem.TryUse,-5950
2,61,DP,source,AdventurerAI.TakeDamage,35557
2,61,Material,source,AdventurerAI.TakeDamage,542
2,61,DP,source,AdventurerAI.GrantReturnReward,16709
2,61,Fame,source,AdventurerAI.GrantReturnReward,250
2,61,Fame,source,LureEconomy.OnHeroEscaped,625
2,61,DP,source,Nemesis.OnSlain,2116
2,61,Material,source,Nemesis.OnSlain,10
2,61,DP,stock,end,48860
2,61,Material,stock,end,706848
2,61,Fame,stock,end,58457
2,62,DP,source,SurfaceMap.CollectYields,215
2,62,Material,source,SurfaceMap.CollectYields,12
2,62,Fame,source,SurfaceMap.CollectYields,38
2,62,DP,source,DistrictCatalog.Collect,28
2,62,Material,source,DistrictCatalog.Collect,8
2,62,DP,sink,MinionRoster.TryForge,-43200
2,62,Material,sink,MinionRoster.TryForge,-660
2,62,DP,sink,MinionRoster.TrySummon,-5899
2,62,DP,source,AdventurerAI.ReapEmotion,453
2,62,DP,source,AdventurerAI.TakeDamage,61599
2,62,Material,source,AdventurerAI.TakeDamage,629
2,62,DP,sink,CommandSystem.TryUse,-5100
2,62,DP,source,AdventurerAI.GrantReturnReward,40841
2,62,Fame,source,AdventurerAI.GrantReturnReward,650
2,62,Fame,source,LureEconomy.OnHeroEscaped,1625
2,62,DP,source,Nemesis.OnSlain,2430
2,62,Material,source,Nemesis.OnSlain,12
2,62,DP,stock,end,100227
2,62,Material,stock,end,706849
2,62,Fame,stock,end,60770
2,63,DP,source,SurfaceMap.CollectYields,215
2,63,Material,source,SurfaceMap.CollectYields,12
2,63,Fame,source,SurfaceMap.CollectYields,38
2,63,DP,source,DistrictCatalog.Collect,28
2,63,Material,source,DistrictCatalog.Collect,8
2,63,DP,sink,MinionRoster.TryForge,-97200
2,63,Material,sink,MinionRoster.TryForge,-1485
2,63,DP,sink,MinionRoster.TrySummon,-3244
2,63,DP,source,AdventurerAI.ReapEmotion,634
2,63,DP,source,AdventurerAI.TakeDamage,67308
2,63,Material,source,AdventurerAI.TakeDamage,1086
2,63,DP,sink,CommandSystem.TryUse,-5400
2,63,DP,source,AdventurerAI.GrantReturnReward,38519
2,63,Fame,source,AdventurerAI.GrantReturnReward,490
2,63,Fame,source,LureEconomy.OnHeroEscaped,1225
2,63,DP,source,Nemesis.OnSlain,1215
2,63,Material,source,Nemesis.OnSlain,6
2,63,DP,stock,end,102302
2,63,Material,stock,end,706476
2,63,Fame,stock,end,62523
2,64,DP,source,SurfaceMap.CollectYields,190
2,64,Material,source,SurfaceMap.CollectYields,10
2,64,Fame,source,SurfaceMap.CollectYields,34
2,64,DP,source,DistrictCatalog.Collect,28
2,64,Material,source,DistrictCatalog.Collect,8
2,64,DP,sink,MinionRoster.TryForge,-97200
2,64,Material,sink,MinionRoster.TryForge,-1485
2,64,DP,sink,MinionRoster.TrySummon,-5305
2,64,DP,source,AdventurerAI.ReapEmotion,224
2,64,DP,source,AdventurerAI.TakeDamage,37316
2,64,Material,source,AdventurerAI.TakeDamage,1127
2,64,DP,sink,CommandSystem.TryUse,-5100
2,64,DP,source,AdventurerAI.GrantReturnReward,63897
2,64,Fame,source,AdventurerAI.GrantReturnReward,720
2,64,Fame,source,LureEconomy.OnHeroEscaped,1800
2,64,DP,stock,end,96352
2,64,Material,stock,end,706136
2,64,Fame,stock,end,65077
2,65,DP,source,SurfaceMap.CollectYields,158
2,65,Material,source,SurfaceMap.CollectYields,9
2,65,Fame,source,SurfaceMap.CollectYields,28
2,65,DP,source,DistrictCatalog.Collect,28
2,65,Material,source,DistrictCatalog.Collect,8
2,65,DP,sink,MinionRoster.TryForge,-92880
2,65,Material,sink,MinionRoster.TryForge,-1455
2,65,DP,sink,MinionRoster.TrySummon,-3651
2,65,DP,source,AdventurerAI.ReapEmotion,640
2,65,DP,sink,CommandSystem.TryUse,-5650
2,65,DP,source,AdventurerAI.GrantReturnReward,77029
2,65,Fame,source,AdventurerAI.GrantReturnReward,610
2,65,Fame,source,LureEconomy.OnHeroEscaped,1525
2,65,DP,source,AdventurerAI.TakeDamage,70382
2,65,Material,source,AdventurerAI.TakeDamage,759
2,65,DP,source,Nemesis.OnSlain,5042
2,65,Material,source,Nemesis.OnSlain,21
2,65,DP,stock,end,147450
2,65,Material,stock,end,705478
2,65,Fame,stock,end,67240
2,66,DP,source,SurfaceMap.CollectYields,186
2,66,Material,source,SurfaceMap.CollectYields,10
2,66,Fame,source,SurfaceMap.CollectYields,33
2,66,DP,source,DistrictCatalog.Collect,28
2,66,Material,source,DistrictCatalog.Collect,8
2,66,DP,sink,MinionRoster.TryForge,-142560
2,66,Material,sink,MinionRoster.TryForge,-2310
2,66,DP,sink,MinionRoster.TrySummon,-5093
2,66,DP,source,AdventurerAI.ReapEmotion,336
2,66,DP,source,AdventurerAI.GrantReturnReward,49133
2,66,Fame,source,AdventurerAI.GrantReturnReward,420
2,66,Fame,source,LureEconomy.OnHeroEscaped,1050
2,66,DP,sink,CommandSystem.TryUse,-6400
2,66,DP,source,AdventurerAI.TakeDamage,38668
2,66,Material,source,AdventurerAI.TakeDamage,289
2,66,DP,source,Nemesis.OnSlain,2558
2,66,Material,source,Nemesis.OnSlain,10
2,66,DP,stock,end,84306
2,66,Material,stock,end,703485
2,66,Fame,stock,end,68743
2,67,DP,source,SurfaceMap.CollectYields,215
2,67,Material,source,SurfaceMap.CollectYields,12
2,67,Fame,source,SurfaceMap.CollectYields,38
2,67,DP,source,DistrictCatalog.Collect,28
2,67,Material,source,DistrictCatalog.Collect,8
2,67,DP,sink,MinionRoster.TryForge,-77760
2,67,Material,sink,MinionRoster.TryForge,-1260
2,67,DP,sink,MinionRoster.TrySummon,-6766
2,67,DP,source,AdventurerAI.ReapEmotion,238
2,67,DP,source,AdventurerAI.GrantReturnReward,87143
2,67,Fame,source,AdventurerAI.GrantReturnReward,840
2,67,Fame,source,LureEconomy.OnHeroEscaped,2100
2,67,DP,sink,CommandSystem.TryUse,-5250
2,67,DP,source,AdventurerAI.TakeDamage,41442
2,67,Material,source,AdventurerAI.TakeDamage,778
2,67,DP,source,Nemesis.OnSlain,5558
2,67,Material,source,Nemesis.OnSlain,23
2,67,DP,stock,end,129154
2,67,Material,stock,end,703046
2,67,Fame,stock,end,71721
