run,turn,resource,kind,key,amount
1,1,DP,sink,DungeonFeatureManager.TryPlaceTrap,-150
1,1,DP,source,AdventurerAI.ReapEmotion,150
1,1,DP,source,AdventurerAI.TakeDamage,105
1,1,Material,source,AdventurerAI.TakeDamage,4
1,1,DP,source,AdventurerAI.GrantReturnReward,552
1,1,Fame,source,AdventurerAI.GrantReturnReward,30
1,1,Fame,source,LureEconomy.OnHeroEscaped,75
1,1,DP,sink,CommandSystem.TryUse,-650
1,1,DP,stock,end,207
1,1,Material,stock,end,4
1,1,Fame,stock,end,105
1,2,DP,source,SurfaceMap.CollectYields,18
1,2,Material,source,SurfaceMap.CollectYields,1
1,2,Fame,source,SurfaceMap.CollectYields,4
1,2,DP,source,EraSystem.TickTurn,600
1,2,Fame,source,EraSystem.TickTurn,25
1,2,DP,sink,MinionRoster.TryForge,-236
1,2,DP,sink,MinionEvolution.TryEvolve,-225
1,2,DP,sink,DungeonFeatureManager.TryPlaceTrap,-300
1,2,DP,sink,MinionRoster.TrySummon,-60
1,2,DP,source,AdventurerAI.ReapEmotion,118
1,2,Fame,source,AdventurerAI.GrantReturnReward,30
1,2,Fame,source,LureEconomy.OnHeroEscaped,75
1,2,DP,source,AdventurerAI.TakeDamage,153
1,2,Material,source,AdventurerAI.TakeDamage,8
1,2,DP,source,AdventurerAI.GrantReturnReward,784
1,2,DP,sink,CommandSystem.TryUse,-650
1,2,DP,stock,end,409
1,2,Material,stock,end,13
1,2,Fame,stock,end,239
1,3,DP,source,SurfaceMap.CollectYields,18
1,3,Material,source,SurfaceMap.CollectYields,1
1,3,Fame,source,SurfaceMap.CollectYields,4
1,3,DP,source,EraSystem.TickTurn,600
1,3,Material,source,EraSystem.TickTurn,10
1,3,Fame,source,EraSystem.TickTurn,25
1,3,DP,sink,MinionRoster.TryForge,-236
1,3,DP,sink,DungeonFloorManager.TryExpandFloor,-400
1,3,DP,sink,DungeonFeatureManager.TryPlaceTrap,-300
1,3,DP,sink,MinionRoster.TrySummon,-78
1,3,DP,source,AdventurerAI.ReapEmotion,116
1,3,Fame,source,AdventurerAI.GrantReturnReward,30
1,3,Fame,source,LureEconomy.OnHeroEscaped,75
1,3,DP,source,AdventurerAI.TakeDamage,178
1,3,Material,source,AdventurerAI.TakeDamage,4
1,3,DP,source,AdventurerAI.GrantReturnReward,692
1,3,DP,sink,CommandSystem.TryUse,-650
1,3,DP,stock,end,349
1,3,Material,stock,end,28
1,3,Fame,stock,end,373
1,4,DP,source,SurfaceMap.CollectYields,18
1,4,Material,source,SurfaceMap.CollectYields,1
1,4,Fame,source,SurfaceMap.CollectYields,4
1,4,DP,source,EraSystem.TickTurn,600
1,4,DP,sink,MinionRoster.TryForge,-236
1,4,DP,sink,MinionEvolution.TryEvolve,-400
1,4,DP,sink,DungeonFeatureManager.TryPlaceTrap,-150
1,4,DP,sink,MinionRoster.TrySummon,-176
1,4,DP,source,AdventurerAI.ReapEmotion,171
1,4,DP,source,AdventurerAI.GrantReturnReward,671
1,4,Fame,source,AdventurerAI.GrantReturnReward,20
1,4,Fame,source,LureEconomy.OnHeroEscaped,50
1,4,DP,sink,CommandSystem.TryUse,-1150
1,4,DP,source,AdventurerAI.TakeDamage,372
1,4,Material,source,AdventurerAI.TakeDamage,12
1,4,DP,source,Nemesis.OnSlain,454
1,4,Material,source,Nemesis.OnSlain,5
1,4,DP,stock,end,523
1,4,Material,stock,end,46
1,4,Fame,stock,end,447
1,5,DP,source,SurfaceMap.CollectYields,18
1,5,Material,source,SurfaceMap.CollectYields,1
1,5,Fame,source,SurfaceMap.CollectYields,4
1,5,DP,source,EraSystem.TickTurn,600
1,5,DP,sink,MinionRoster.TryForge,-212
1,5,DP,sink,MinionEvolution.TryEvolve,-525
1,5,DP,sink,DungeonFeatureManager.TryPlaceTrap,-300
1,5,DP,sink,MinionRoster.TrySummon,-87
1,5,DP,source,AdventurerAI.ReapEmotion,126
1,5,DP,source,AdventurerAI.GrantReturnReward,1087
1,5,Fame,source,AdventurerAI.GrantReturnReward,30
1,5,Fame,source,LureEconomy.OnHeroEscaped,75
1,5,DP,sink,CommandSystem.TryUse,-650
1,5,DP,source,AdventurerAI.TakeDamage,388
1,5,Material,source,AdventurerAI.TakeDamage,8
1,5,DP,stock,end,968
1,5,Material,stock,end,55
1,5,Fame,stock,end,556
1,6,DP,source,SurfaceMap.CollectYields,39
1,6,Material,source,SurfaceMap.CollectYields,2
1,6,Fame,source,SurfaceMap.CollectYields,9
1,6,DP,source,EraSystem.TickTurn,600
1,6,DP,sink,MinionRoster.TryForge,-212
1,6,DP,sink,DungeonFloorManager.TryAddFloor,-800
1,6,DP,sink,MinionEvolution.TryEvolve,-200
1,6,DP,sink,DungeonFeatureManager.TryPlaceTrap,-300
1,6,DP,sink,MinionRoster.TrySummon,-95
1,6,Fame,source,AdventurerAI.GrantReturnReward,30
1,6,Fame,source,LureEconomy.OnHeroEscaped,75
1,6,DP,source,AdventurerAI.ReapEmotion,58
1,6,DP,source,Nemesis.OnSlain,972
1,6,Material,source,Nemesis.OnSlain,10
1,6,DP,source,AdventurerAI.TakeDamage,506
1,6,Material,source,AdventurerAI.TakeDamage,25
1,6,DP,sink,CommandSystem.TryUse,-1300
1,6,DP,source,AdventurerAI.GrantReturnReward,107
1,6,DP,stock,end,343
1,6,Material,stock,end,92
1,6,Fame,stock,end,670
1,7,DP,source,SurfaceMap.CollectYields,39
1,7,Material,source,SurfaceMap.CollectYields,2
1,7,Fame,source,SurfaceMap.CollectYields,9
1,7,DP,source,EraSystem.TickTurn,1020
1,7,DP,sink,MinionRoster.TryForge,-212
1,7,DP,sink,DungeonFloorManager.TryExpandFloor,-400
1,7,DP,sink,MinionEvolution.TryEvolve,-250
1,7,DP,sink,MinionRoster.TryEvolveIndividual,-175
1,7,DP,sink,DungeonFeatureManager.TryPlaceTrap,-300
1,7,DP,sink,MinionRoster.TrySummon,-45
1,7,DP,source,AdventurerAI.ReapEmotion,111
1,7,DP,source,AdventurerAI.TakeDamage,645
1,7,Material,source,AdventurerAI.TakeDamage,45
1,7,DP,sink,CommandSystem.TryUse,-1150
1,7,DP,source,AdventurerAI.GrantReturnReward,395
1,7,Fame,source,AdventurerAI.GrantReturnReward,20
1,7,Fame,source,LureEconomy.OnHeroEscaped,50
1,7,DP,source,Nemesis.OnSlain,1216
1,7,Material,source,Nemesis.OnSlain,12
1,7,DP,stock,end,1237
1,7,Material,stock,end,151
1,7,Fame,stock,end,749
1,8,DP,source,SurfaceMap.CollectYields,39
1,8,Material,source,SurfaceMap.CollectYields,2
1,8,Fame,source,SurfaceMap.CollectYields,9
1,8,DP,source,EraSystem.TickTurn,600
1,8,Material,source,EraSystem.TickTurn,10
1,8,DP,sink,MinionRoster.TryForge,-212
1,8,DP,sink,DungeonFloorManager.TryExpandFloor,-800
1,8,DP,sink,MinionEvolution.TryEvolve,-500
1,8,DP,sink,DungeonFeatureManager.TryPlaceTrap,-150
1,8,DP,sink,MinionRoster.TrySummon,-209
1,8,DP,source,AdventurerAI.ReapEmotion,198
1,8,Fame,source,AdventurerAI.GrantReturnReward,40
1,8,Fame,source,LureEconomy.OnHeroEscaped,100
1,8,DP,source,AdventurerAI.GrantReturnReward,667
1,8,DP,source,AdventurerAI.TakeDamage,714
1,8,Material,source,AdventurerAI.TakeDamage,19
1,8,DP,sink,CommandSystem.TryUse,-2300
1,8,DP,source,Nemesis.OnSlain,1004
1,8,Material,source,Nemesis.OnSlain,10
1,8,DP,stock,end,288
1,8,Material,stock,end,192
1,8,Fame,stock,end,898
1,9,DP,source,SurfaceMap.CollectYields,45
1,9,Material,source,SurfaceMap.CollectYields,2
1,9,Fame,source,SurfaceMap.CollectYields,11
1,9,DP,source,EraSystem.TickTurn,600
1,9,Fame,source,EraSystem.TickTurn,25
1,9,DP,sink,MinionRoster.TryForge,-212
1,9,DP,sink,MinionRoster.TryEvolveIndividual,-400
1,9,DP,sink,DungeonFeatureManager.TryPlaceTrap,-150
1,9,DP,sink,MinionRoster.TrySummon,-167
1,9,DP,source,AdventurerAI.ReapEmotion,200
1,9,DP,source,AdventurerAI.TakeDamage,1100
1,9,Material,source,AdventurerAI.TakeDamage,22
1,9,DP,sink,CommandSystem.TryUse,-1450
1,9,DP,source,Nemesis.OnSlain,1036
1,9,Material,source,Nemesis.OnSlain,10
1,9,DP,stock,end,890
1,9,Material,stock,end,226
1,9,Fame,stock,end,934
1,10,DP,source,SurfaceMap.CollectYields,79
1,10,Material,source,SurfaceMap.CollectYields,3
1,10,Fame,source,SurfaceMap.CollectYields,17
1,10,DP,source,EraSystem.TickTurn,300
1,10,DP,sink,MinionRoster.TryForge,-212
1,10,DP,sink,MinionEvolution.TryEvolve,-550
1,10,DP,sink,MinionRoster.TryEvolveIndividual,-200
1,10,DP,sink,DungeonFeatureManager.TryPlaceTrap,-150
1,10,DP,sink,MinionRoster.TrySummon,-144
1,10,DP,source,AdventurerAI.ReapEmotion,307
1,10,DP,source,AdventurerAI.TakeDamage,806
1,10,Material,source,AdventurerAI.TakeDamage,43
1,10,DP,sink,CommandSystem.TryUse,-1800
1,10,DP,source,AdventurerAI.GrantReturnReward,1096
1,10,Fame,source,AdventurerAI.GrantReturnReward,30
1,10,Fame,source,LureEconomy.OnHeroEscaped,75
1,10,DP,source,Nemesis.OnSlain,1070
1,10,Material,source,Nemesis.OnSlain,10
1,10,DP,stock,end,1492
1,10,Material,stock,end,282
1,10,Fame,stock,end,1056
1,11,DP,source,SurfaceMap.CollectYields,52
1,11,Material,source,SurfaceMap.CollectYields,2
1,11,Fame,source,SurfaceMap.CollectYields,11
1,11,DP,sink,MinionRoster.TryForge,-212
1,11,DP,sink,DungeonFloorManager.TryExpandFloor,-800
1,11,DP,sink,MinionRoster.TryEvolveIndividual,-225
1,11,DP,sink,DungeonFeatureManager.TryPlaceTrap,-150
1,11,DP,sink,MinionRoster.TrySummon,-154
1,11,DP,source,AdventurerAI.ReapEmotion,87
1,11,DP,source,AdventurerAI.TakeDamage,995
1,11,Material,source,AdventurerAI.TakeDamage,48
1,11,DP,source,AdventurerAI.GrantReturnReward,588
1,11,Fame,source,AdventurerAI.GrantReturnReward,20
1,11,Fame,source,LureEconomy.OnHeroEscaped,50
1,11,DP,sink,CommandSystem.TryUse,-1450
1,11,DP,stock,end,223
1,11,Material,stock,end,332
1,11,Fame,stock,end,1137
1,12,DP,source,SurfaceMap.CollectYields,52
1,12,Material,source,SurfaceMap.CollectYields,2
1,12,Fame,source,SurfaceMap.CollectYields,11
1,12,DP,source,DistrictCatalog.Collect,126
1,12,DP,source,EraSystem.TickTurn,720
1,12,DP,sink,MinionRoster.TryForge,-190
1,12,DP,sink,MinionRoster.TryEvolveIndividual,-550
1,12,DP,sink,DungeonFeatureManager.TryPlaceTrap,-150
1,12,DP,sink,MinionRoster.TrySummon,-230
1,12,DP,source,AdventurerAI.ReapEmotion,260
1,12,DP,source,AdventurerAI.GrantReturnReward,180
1,12,Fame,source,AdventurerAI.GrantReturnReward,20
1,12,Fame,source,LureEconomy.OnHeroEscaped,50
1,12,DP,sink,CommandSystem.TryUse,-1800
1,12,DP,source,AdventurerAI.TakeDamage,1339
1,12,Material,source,AdventurerAI.TakeDamage,65
1,12,DP,source,Nemesis.OnSlain,1134
1,12,Material,source,Nemesis.OnSlain,10
1,12,DP,stock,end,1114
1,12,Material,stock,end,409
1,12,Fame,stock,end,1218
1,13,DP,source,SurfaceMap.CollectYields,39
1,13,Material,source,SurfaceMap.CollectYields,2
1,13,Fame,source,SurfaceMap.CollectYields,9
1,13,DP,source,DistrictCatalog.Collect,126
1,13,DP,sink,MinionRoster.TryForge,-380
1,13,DP,sink,MinionRoster.TryEvolveIndividual,-550
1,13,DP,sink,DungeonFeatureManager.TryPlaceTrap,-150
1,13,DP,sink,MinionRoster.TrySummon,-195
1,13,DP,source,AdventurerAI.ReapEmotion,203
1,13,DP,source,AdventurerAI.TakeDamage,3013
1,13,Material,source,AdventurerAI.TakeDamage,104
1,13,DP,sink,CommandSystem.TryUse,-1800
1,13,DP,source,Nemesis.OnSlain,583
1,13,Material,source,Nemesis.OnSlain,5
1,13,Fame,source,AdventurerAI.GrantReturnReward,20
1,13,Fame,source,LureEconomy.OnHeroEscaped,50
1,13,DP,source,AdventurerAI.GrantReturnReward,269
1,13,DP,stock,end,2272
1,13,Material,stock,end,520
1,13,Fame,stock,end,1297
1,14,DP,source,SurfaceMap.CollectYields,60
1,14,Material,source,SurfaceMap.CollectYields,3
1,14,Fame,source,SurfaceMap.CollectYields,14
1,14,DP,source,DistrictCatalog.Collect,140
1,14,DP,source,EraSystem.TickTurn,300
1,14,DP,sink,MinionRoster.TryForge,-380
1,14,DP,sink,DungeonFloorManager.TryAddFloor,-2000
1,14,DP,sink,DungeonFeatureManager.TryPlaceTrap,-150
1,14,DP,sink,MinionRoster.TrySummon,-230
1,14,DP,source,AdventurerAI.ReapEmotion,466
1,14,DP,source,AdventurerAI.TakeDamage,5764
1,14,Material,source,AdventurerAI.TakeDamage,195
1,14,DP,sink,CommandSystem.TryUse,-2450
1,14,DP,source,AdventurerAI.GrantReturnReward,1461
1,14,Fame,source,AdventurerAI.GrantReturnReward,90
1,14,Fame,source,LureEconomy.OnHeroEscaped,225
1,14,DP,stock,end,5253
1,14,Material,stock,end,718
1,14,Fame,stock,end,1626
1,15,DP,source,SurfaceMap.CollectYields,80
1,15,Material,source,SurfaceMap.CollectYields,4
1,15,Fame,source,SurfaceMap.CollectYields,18
1,15,DP,source,DistrictCatalog.Collect,140
1,15,DP,sink,MinionRoster.TryForge,-3236
1,15,DP,sink,DungeonFloorManager.TryExpandFloor,-1200
1,15,DP,sink,MinionRoster.TryEvolveIndividual,-625
1,15,DP,sink,DungeonFeatureManager.TryPlaceTrap,-150
1,15,DP,sink,MinionRoster.TrySummon,-243
1,15,DP,source,AdventurerAI.ReapEmotion,656
1,15,DP,source,AdventurerAI.TakeDamage,1854
1,15,Material,source,AdventurerAI.TakeDamage,43
1,15,DP,sink,CommandSystem.TryUse,-1800
1,15,DP,source,AdventurerAI.GrantReturnReward,694
1,15,Fame,source,AdventurerAI.GrantReturnReward,20
1,15,Fame,source,LureEconomy.OnHeroEscaped,50
1,15,DP,stock,end,1423
1,15,Material,stock,end,765
1,15,Fame,stock,end,1714
1,16,DP,source,SurfaceMap.CollectYields,83
1,16,Material,source,SurfaceMap.CollectYields,4
1,16,Fame,source,SurfaceMap.CollectYields,19
1,16,DP,source,DistrictCatalog.Collect,140
1,16,DP,source,WaveRoster.ResolveTrial,2100
1,16,DP,sink,MinionRoster.TryForge,-1196
1,16,DP,sink,DungeonFloorManager.TryExpandFloor,-1500
1,16,DP,sink,MinionRoster.TryEvolveIndividual,-550
1,16,DP,sink,DungeonFeatureManager.TryPlaceTrap,-300
1,16,DP,sink,MinionRoster.TrySummon,-194
1,16,DP,source,AdventurerAI.ReapEmotion,284
1,16,DP,source,AdventurerAI.GrantReturnReward,645
1,16,Fame,source,AdventurerAI.GrantReturnReward,20
1,16,Fame,source,LureEconomy.OnHeroEscaped,50
1,16,DP,source,AdventurerAI.TakeDamage,2285
1,16,Material,source,AdventurerAI.TakeDamage,58
1,16,DP,sink,CommandSystem.TryUse,-2300
1,16,DP,source,Nemesis.OnSlain,1880
1,16,Material,source,Nemesis.OnSlain,15
1,16,DP,stock,end,2800
1,16,Material,stock,end,842
1,16,Fame,stock,end,1803
1,17,DP,source,SurfaceMap.CollectYields,83
1,17,Material,source,SurfaceMap.CollectYields,4
1,17,Fame,source,SurfaceMap.CollectYields,19
1,17,DP,source,DistrictCatalog.Collect,140
1,17,DP,source,EraSystem.TickTurn,720
1,17,DP,sink,MinionRoster.TryForge,-285
1,17,DP,sink,DungeonFloorManager.TryExpandFloor,-3000
1,17,DP,sink,MinionRoster.TryEvolveIndividual,-75
1,17,DP,sink,DungeonFeatureManager.TryPlaceTrap,-150
1,17,DP,sink,MinionRoster.TrySummon,-228
1,17,DP,source,AdventurerAI.ReapEmotion,236
1,17,DP,source,AdventurerAI.TakeDamage,2447
1,17,Material,source,AdventurerAI.TakeDamage,90
1,17,DP,sink,CommandSystem.TryUse,-2650
1,17,DP,source,AdventurerAI.GrantReturnReward,286
1,17,Fame,source,AdventurerAI.GrantReturnReward,30
1,17,Fame,source,LureEconomy.OnHeroEscaped,75
1,17,DP,source,Nemesis.OnSlain,1264
1,17,Material,source,Nemesis.OnSlain,10
1,17,DP,stock,end,1588
1,17,Material,stock,end,946
1,17,Fame,stock,end,1927
1,18,DP,source,SurfaceMap.CollectYields,83
1,18,Material,source,SurfaceMap.CollectYields,4
1,18,Fame,source,SurfaceMap.CollectYields,19
1,18,DP,source,DistrictCatalog.Collect,168
1,18,DP,sink,MinionRoster.TryForge,-1101
1,18,DP,sink,MinionRoster.TryEvolveIndividual,-325
1,18,DP,sink,DungeonFeatureManager.TryPlaceTrap,-150
1,18,DP,sink,MinionRoster.TrySummon,-256
1,18,DP,source,AdventurerAI.ReapEmotion,394
1,18,DP,source,AdventurerAI.TakeDamage,1643
1,18,Material,source,AdventurerAI.TakeDamage,41
1,18,DP,sink,CommandSystem.TryUse,-1800
1,18,DP,source,AdventurerAI.GrantReturnReward,344
1,18,Fame,source,AdventurerAI.GrantReturnReward,10
1,18,Fame,source,LureEconomy.OnHeroEscaped,25
1,18,DP,source,Nemesis.OnSlain,1264
1,18,Material,source,Nemesis.OnSlain,10
1,18,DP,stock,end,1852
1,18,Material,stock,end,1001
1,18,Fame,stock,end,1981
1,19,DP,source,SurfaceMap.CollectYields,136
1,19,Material,source,SurfaceMap.CollectYields,5
1,19,Fame,source,SurfaceMap.CollectYields,28
1,19,DP,source,DistrictCatalog.Collect,168
1,19,DP,sink,MinionRoster.TryForge,-1210
1,19,DP,sink,MinionRoster.TryEvolveIndividual,-550
1,19,DP,sink,DungeonFeatureManager.TryPlaceTrap,-150
1,19,DP,sink,MinionRoster.TrySummon,-235
1,19,DP,source,AdventurerAI.ReapEmotion,140
1,19,DP,source,AdventurerAI.GrantReturnReward,1501
1,19,Fame,source,AdventurerAI.GrantReturnReward,60
1,19,Fame,source,LureEconomy.OnHeroEscaped,150
1,19,DP,sink,CommandSystem.TryUse,-2650
1,19,DP,source,AdventurerAI.TakeDamage,2516
1,19,Material,source,AdventurerAI.TakeDamage,120
1,19,DP,source,Nemesis.OnSlain,2234
1,19,Material,source,Nemesis.OnSlain,17
1,19,DP,stock,end,3752
1,19,Material,stock,end,1143
1,19,Fame,stock,end,2219
1,20,DP,source,SurfaceMap.CollectYields,136
1,20,Material,source,SurfaceMap.CollectYields,5
1,20,Fame,source,SurfaceMap.CollectYields,28
1,20,DP,source,DistrictCatalog.Collect,168
1,20,DP,source,EraSystem.TickTurn,300
1,20,DP,sink,MinionRoster.TryForge,-1196
1,20,DP,sink,DungeonFloorManager.TryExpandFloor,-2500
1,20,DP,sink,MinionRoster.TryEvolveIndividual,-75
1,20,DP,sink,DungeonFeatureManager.TryPlaceTrap,-300
1,20,DP,sink,MinionRoster.TrySummon,-285
1,20,DP,source,AdventurerAI.ReapEmotion,176
1,20,DP,source,AdventurerAI.TakeDamage,4276
1,20,Material,source,AdventurerAI.TakeDamage,149
1,20,DP,sink,CommandSystem.TryUse,-3950
1,20,DP,source,AdventurerAI.GrantReturnReward,3111
1,20,Fame,source,AdventurerAI.GrantReturnReward,60
1,20,Fame,source,LureEconomy.OnHeroEscaped,150
1,20,DP,stock,end,3613
1,20,Material,stock,end,1297
1,20,Fame,stock,end,2457
1,21,DP,source,SurfaceMap.CollectYields,139
1,21,Material,source,SurfaceMap.CollectYields,5
1,21,Fame,source,SurfaceMap.CollectYields,29
1,21,DP,source,DistrictCatalog.Collect,182
1,21,DP,sink,MinionRoster.TryForge,-3454
1,21,DP,sink,DungeonFeatureManager.TryPlaceTrap,-300
1,21,DP,sink,MinionRoster.TrySummon,-180
1,21,DP,source,AdventurerAI.ReapEmotion,96
1,21,DP,source,AdventurerAI.TakeDamage,3694
1,21,Material,source,AdventurerAI.TakeDamage,99
1,21,DP,sink,CommandSystem.TryUse,-2150
1,21,DP,source,Nemesis.OnSlain,680
1,21,Material,source,Nemesis.OnSlain,5
1,21,DP,source,AdventurerAI.GrantReturnReward,1366
1,21,Fame,source,AdventurerAI.GrantReturnReward,50
1,21,Fame,source,LureEconomy.OnHeroEscaped,125
1,21,DP,stock,end,3686
1,21,Material,stock,end,1406
1,21,Fame,stock,end,2661
1,22,DP,source,SurfaceMap.CollectYields,166
1,22,Material,source,SurfaceMap.CollectYields,6
1,22,Fame,source,SurfaceMap.CollectYields,34
1,22,DP,source,DistrictCatalog.Collect,154
1,22,DP,sink,MinionRoster.TryForge,-2978
1,22,DP,sink,MinionRoster.TryEvolveIndividual,-325
1,22,DP,sink,DungeonFeatureManager.TryPlaceTrap,-450
1,22,DP,sink,MinionRoster.TrySummon,-252
1,22,DP,source,AdventurerAI.ReapEmotion,435
1,22,DP,source,AdventurerAI.TakeDamage,3281
1,22,Material,source,AdventurerAI.TakeDamage,168
1,22,DP,sink,CommandSystem.TryUse,-3800
1,22,Fame,source,AdventurerAI.GrantReturnReward,110
1,22,Fame,source,LureEconomy.OnHeroEscaped,275
1,22,DP,source,AdventurerAI.GrantReturnReward,2919
1,22,DP,source,Nemesis.OnSlain,2373
1,22,Material,source,Nemesis.OnSlain,17
1,22,DP,stock,end,5209
1,22,Material,stock,end,1597
1,22,Fame,stock,end,3080
1,23,DP,source,SurfaceMap.CollectYields,126
1,23,Material,source,SurfaceMap.CollectYields,6
1,23,Fame,source,SurfaceMap.CollectYields,28
1,23,DP,source,DistrictCatalog.Collect,154
1,23,DP,sink,MinionRoster.TryForge,-168
1,23,DP,sink,DungeonFloorManager.TryAddFloor,-5000
1,23,DP,sink,DungeonFeatureManager.TryPlaceTrap,-150
1,23,DP,sink,MinionRoster.TrySummon,-158
1,23,DP,source,AdventurerAI.ReapEmotion,99
1,23,DP,source,AdventurerAI.GrantReturnReward,2567
1,23,Fame,source,AdventurerAI.GrantReturnReward,90
1,23,Fame,source,LureEconomy.OnHeroEscaped,225
1,23,DP,sink,CommandSystem.TryUse,-2450
1,23,DP,source,AdventurerAI.TakeDamage,5154
1,23,Material,source,AdventurerAI.TakeDamage,147
1,23,DP,source,Nemesis.OnSlain,1134
1,23,Material,source,Nemesis.OnSlain,5
1,23,DP,stock,end,6517
1,23,Material,stock,end,1755
1,23,Fame,stock,end,3423
1,24,DP,source,SurfaceMap.CollectYields,126
1,24,Material,source,SurfaceMap.CollectYields,6
1,24,Fame,source,SurfaceMap.CollectYields,28
1,24,DP,source,DistrictCatalog.Collect,28
1,24,DP,source,EraSystem.TickTurn,3840
1,24,DP,sink,MinionRoster.TryForge,-168
1,24,DP,sink,DungeonFloorManager.TryExpandFloor,-1200
1,24,DP,sink,MinionEvolution.TryEvolve,-4900
1,24,DP,sink,MinionRoster.TryEvolveIndividual,-3850
1,24,DP,sink,DungeonFeatureManager.TryPlaceTrap,-150
1,24,DP,sink,MinionRoster.TrySummon,-227
1,24,DP,source,AdventurerAI.ReapEmotion,108
1,24,DP,source,AdventurerAI.TakeDamage,8055
1,24,Material,source,AdventurerAI.TakeDamage,203
1,24,DP,sink,CommandSystem.TryUse,-5600
1,24,DP,source,AdventurerAI.GrantReturnReward,6045
1,24,Fame,source,AdventurerAI.GrantReturnReward,170
1,24,Fame,source,LureEconomy.OnHeroEscaped,425
1,24,DP,source,Nemesis.OnSlain,2333
1,24,Material,source,Nemesis.OnSlain,15
1,24,DP,stock,end,10957
1,24,Material,stock,end,1979
1,24,Fame,stock,end,4046
1,25,DP,source,SurfaceMap.CollectYields,129
1,25,Material,source,SurfaceMap.CollectYields,6
1,25,Fame,source,SurfaceMap.CollectYields,29
1,25,DP,source,DistrictCatalog.Collect,28
1,25,DP,source,EraSystem.TickTurn,6528
1,25,DP,sink,MinionRoster.TryForge,-168
1,25,DP,sink,DungeonFloorManager.TryAddFloor,-12500
1,25,DP,sink,DungeonFloorManager.TryExpandFloor,-4200
1,25,DP,sink,MinionRoster.TryEvolveIndividual,-350
1,25,DP,sink,DungeonFeatureManager.TryPlaceTrap,-150
1,25,DP,sink,MinionRoster.TrySummon,-260
1,25,DP,source,AdventurerAI.ReapEmotion,665
1,25,DP,sink,CommandSystem.TryUse,-4250
1,25,DP,source,AdventurerAI.TakeDamage,8144
1,25,Material,source,AdventurerAI.TakeDamage,107
1,25,DP,source,AdventurerAI.GrantReturnReward,8254
1,25,Fame,source,AdventurerAI.GrantReturnReward,230
1,25,Fame,source,LureEconomy.OnHeroEscaped,575
1,25,DP,source,Nemesis.OnSlain,2829
1,25,Material,source,Nemesis.OnSlain,18
1,25,DP,stock,end,15656
1,25,Material,stock,end,2110
1,25,Fame,stock,end,4880
1,26,DP,source,SurfaceMap.CollectYields,149
1,26,Material,source,SurfaceMap.CollectYields,7
1,26,Fame,source,SurfaceMap.CollectYields,33
1,26,DP,source,DistrictCatalog.Collect,28
1,26,DP,source,EraSystem.TickTurn,6528
1,26,DP,sink,MinionRoster.TryForge,-2952
1,26,DP,sink,DungeonFloorManager.TryExpandFloor,-10000
1,26,DP,sink,MinionRoster.TryEvolveIndividual,-8850
1,26,DP,sink,DungeonFeatureManager.TryPlaceTrap,-300
1,26,DP,sink,MinionRoster.TrySummon,-231
1,26,DP,source,AdventurerAI.ReapEmotion,536
1,26,DP,sink,CommandSystem.TryUse,-4450
1,26,Fame,source,AdventurerAI.GrantReturnReward,260
1,26,Fame,source,LureEconomy.OnHeroEscaped,650
1,26,DP,source,AdventurerAI.TakeDamage,10036
1,26,Material,source,AdventurerAI.TakeDamage,182
1,26,DP,source,AdventurerAI.GrantReturnReward,11003
1,26,DP,source,Nemesis.OnSlain,2251
1,26,Material,source,Nemesis.OnSlain,15
1,26,DP,stock,end,19404
1,26,Material,stock,end,2314
1,26,Fame,stock,end,5823
1,27,DP,source,SurfaceMap.CollectYields,149
1,27,Material,source,SurfaceMap.CollectYields,7
1,27,Fame,source,SurfaceMap.CollectYields,33
1,27,DP,source,DistrictCatalog.Collect,28
1,27,DP,source,EraSystem.TickTurn,3840
1,27,DP,sink,MinionRoster.TryForge,-13296
1,27,DP,sink,MinionRoster.TryEvolveIndividual,-1775
1,27,DP,sink,DungeonFeatureManager.TryPlaceTrap,-3750
1,27,DP,sink,MinionRoster.TrySummon,-4590
1,27,DP,source,AdventurerAI.ReapEmotion,559
1,27,DP,source,AdventurerAI.GrantReturnReward,9595
1,27,Fame,source,AdventurerAI.GrantReturnReward,270
1,27,Fame,source,LureEconomy.OnHeroEscaped,675
1,27,DP,sink,CommandSystem.TryUse,-5950
1,27,DP,source,AdventurerAI.TakeDamage,14097
1,27,Material,source,AdventurerAI.TakeDamage,283
1,27,DP,source,Nemesis.OnSlain,761
1,27,Material,source,Nemesis.OnSlain,5
1,27,DP,stock,end,19072
1,27,Material,stock,end,2609
1,27,Fame,stock,end,6801
1,28,DP,source,SurfaceMap.CollectYields,149
1,28,Material,source,SurfaceMap.CollectYields,7
1,28,Fame,source,SurfaceMap.CollectYields,33
1,28,DP,source,DistrictCatalog.Collect,28
1,28,DP,source,EraSystem.TickTurn,3840
1,28,DP,sink,MinionRoster.TryForge,-10032
1,28,DP,sink,MinionRoster.TryEvolveIndividual,-500
1,28,DP,sink,DungeonFeatureManager.TryPlaceTrap,-2250
1,28,DP,sink,MinionRoster.TrySummon,-10279
1,28,DP,source,AdventurerAI.ReapEmotion,99
1,28,DP,source,AdventurerAI.TakeDamage,27255
1,28,Material,source,AdventurerAI.TakeDamage,209
1,28,DP,sink,CommandSystem.TryUse,-5600
1,28,DP,source,AdventurerAI.GrantReturnReward,8648
1,28,Fame,source,AdventurerAI.GrantReturnReward,170
1,28,Fame,source,LureEconomy.OnHeroEscaped,425
1,28,DP,source,Nemesis.OnSlain,2328
1,28,Material,source,Nemesis.OnSlain,12
1,28,DP,stock,end,32758
1,28,Material,stock,end,2837
1,28,Fame,stock,end,7429
1,29,DP,source,SurfaceMap.CollectYields,172
1,29,Material,source,SurfaceMap.CollectYields,8
1,29,Fame,source,SurfaceMap.CollectYields,38
1,29,DP,source,DistrictCatalog.Collect,28
1,29,DP,source,EraSystem.TickTurn,6528
1,29,Material,source,EraSystem.TickTurn,32
1,29,DP,sink,MinionRoster.TryForge,-2592
1,29,DP,sink,DungeonFloorManager.TryAddFloor,-31250
1,29,DP,sink,DungeonFloorManager.TryExpandFloor,-5200
1,29,DP,sink,DungeonFeatureManager.TryPlaceTrap,-150
1,29,DP,sink,MinionRoster.TrySummon,-276
1,29,DP,source,AdventurerAI.ReapEmotion,288
1,29,DP,source,AdventurerAI.GrantReturnReward,5288
1,29,Fame,source,AdventurerAI.GrantReturnReward,190
1,29,Fame,source,LureEconomy.OnHeroEscaped,475
1,29,DP,sink,CommandSystem.TryUse,-5600
1,29,DP,source,AdventurerAI.TakeDamage,30250
1,29,Material,source,AdventurerAI.TakeDamage,286
1,29,DP,source,Nemesis.OnSlain,2334
1,29,Material,source,Nemesis.OnSlain,18
1,29,DP,stock,end,32578
1,29,Material,stock,end,3181
1,29,Fame,stock,end,8132
1,30,DP,source,SurfaceMap.CollectYields,172
1,30,Material,source,SurfaceMap.CollectYields,9
1,30,Fame,source,SurfaceMap.CollectYields,38
1,30,DP,source,DistrictCatalog.Collect,28
1,30,DP,source,EraSystem.TickTurn,3840
1,30,Material,source,EraSystem.TickTurn,37
1,30,Fame,source,EraSystem.TickTurn,80
1,30,DP,sink,MinionRoster.TryForge,-11844
1,30,DP,sink,MinionRoster.TryEvolveIndividual,-325
1,30,DP,sink,DungeonFeatureManager.TryPlaceTrap,-3750
1,30,DP,sink,MinionRoster.TrySummon,-20427
1,30,DP,source,AdventurerAI.ReapEmotion,476
1,30,DP,sink,CommandSystem.TryUse,-5600
1,30,DP,source,AdventurerAI.GrantReturnReward,14663
1,30,Fame,source,AdventurerAI.GrantReturnReward,310
1,30,Fame,source,LureEconomy.OnHeroEscaped,775
1,30,DP,source,AdventurerAI.TakeDamage,25146
1,30,Material,source,AdventurerAI.TakeDamage,191
1,30,DP,stock,end,34957
1,30,Material,stock,end,3418
1,30,Fame,stock,end,9335
1,31,DP,source,SurfaceMap.CollectYields,172
1,31,Material,source,SurfaceMap.CollectYields,9
1,31,Fame,source,SurfaceMap.CollectYields,38
1,31,DP,source,DistrictCatalog.Collect,28
1,31,DP,source,EraSystem.TickTurn,6528
1,31,Fame,source,EraSystem.TickTurn,192
1,31,DP,sink,MinionRoster.TryForge,-8028
1,31,DP,sink,MinionRoster.TryEvolveIndividual,-500
1,31,DP,sink,DungeonFeatureManager.TryPlaceTrap,-3750
1,31,DP,sink,MinionRoster.TrySummon,-29127
1,31,DP,source,AdventurerAI.ReapEmotion,178
1,31,DP,sink,CommandSystem.TryUse,-5600
1,31,Fame,source,AdventurerAI.GrantReturnReward,200
1,31,Fame,source,LureEconomy.OnHeroEscaped,500
1,31,DP,source,AdventurerAI.TakeDamage,31776
1,31,Material,source,AdventurerAI.TakeDamage,292
1,31,DP,source,AdventurerAI.GrantReturnReward,7225
1,31,DP,source,Nemesis.OnSlain,1620
1,31,Material,source,Nemesis.OnSlain,12
1,31,DP,stock,end,35479
1,31,Material,stock,end,3731
1,31,Fame,stock,end,10265
1,32,DP,source,SurfaceMap.CollectYields,172
1,32,Material,source,SurfaceMap.CollectYields,9
1,32,Fame,source,SurfaceMap.CollectYields,38
1,32,DP,source,DistrictCatalog.Collect,28
1,32,DP,sink,MinionRoster.TryForge,-15516
1,32,Material,sink,MinionRoster.TryForge,-12
1,32,DP,sink,DungeonFeatureManager.TryPlaceTrap,-2700
1,32,DP,sink,MinionRoster.TrySummon,-17455
1,32,DP,source,AdventurerAI.ReapEmotion,185
1,32,DP,source,AdventurerAI.GrantReturnReward,8332
1,32,Fame,source,AdventurerAI.GrantReturnReward,240
1,32,Fame,source,LureEconomy.OnHeroEscaped,600
1,32,DP,sink,CommandSystem.TryUse,-5600
1,32,DP,source,AdventurerAI.TakeDamage,29918
1,32,Material,source,AdventurerAI.TakeDamage,266
1,32,DP,source,Nemesis.OnSlain,2244
1,32,Material,source,Nemesis.OnSlain,16
1,32,DP,stock,end,35087
1,32,Material,stock,end,4010
1,32,Fame,stock,end,11143
1,33,DP,source,SurfaceMap.CollectYields,172
1,33,Material,source,SurfaceMap.CollectYields,9
1,33,Fame,source,SurfaceMap.CollectYields,38
1,33,DP,source,DistrictCatalog.Collect,28
1,33,DP,sink,MinionRoster.TryForge,-23940
1,33,Material,sink,MinionRoster.TryForge,-84
1,33,DP,sink,DungeonFeatureManager.TryPlaceTrap,-3600
1,33,DP,sink,MinionRoster.TrySummon,-7747
1,33,DP,source,AdventurerAI.ReapEmotion,428
1,33,DP,sink,CommandSystem.TryUse,-4450
1,33,DP,source,AdventurerAI.GrantReturnReward,6885
1,33,Fame,source,AdventurerAI.GrantReturnReward,250
1,33,Fame,source,LureEconomy.OnHeroEscaped,625
1,33,DP,source,AdventurerAI.TakeDamage,28988
1,33,Material,source,AdventurerAI.TakeDamage,228
1,33,DP,source,Nemesis.OnSlain,2511
1,33,Material,source,Nemesis.OnSlain,18
1,33,DP,stock,end,34362
1,33,Material,stock,end,4181
1,33,Fame,stock,end,12056
1,34,DP,source,SurfaceMap.CollectYields,172
1,34,Material,source,SurfaceMap.CollectYields,9
1,34,Fame,source,SurfaceMap.CollectYields,38
1,34,DP,source,DistrictCatalog.Collect,28
1,34,DP,sink,MinionRoster.TryForge,-23940
1,34,Material,sink,MinionRoster.TryForge,-84
1,34,DP,sink,DungeonFeatureManager.TryPlaceTrap,-600
1,34,DP,sink,MinionRoster.TrySummon,-10020
1,34,DP,source,AdventurerAI.ReapEmotion,114
1,34,DP,source,AdventurerAI.TakeDamage,31724
1,34,Material,source,AdventurerAI.TakeDamage,285
1,34,DP,sink,CommandSystem.TryUse,-4450
1,34,DP,source,AdventurerAI.GrantReturnReward,9021
1,34,Fame,source,AdventurerAI.GrantReturnReward,210
1,34,Fame,source,LureEconomy.OnHeroEscaped,525
1,34,DP,source,Nemesis.OnSlain,1750
1,34,Material,source,Nemesis.OnSlain,12
1,34,DP,stock,end,38161
1,34,Material,stock,end,4403
1,34,Fame,stock,end,12829
1,35,DP,source,SurfaceMap.CollectYields,149
1,35,Material,source,SurfaceMap.CollectYields,8
1,35,Fame,source,SurfaceMap.CollectYields,33
1,35,DP,source,DistrictCatalog.Collect,28
1,35,DP,sink,MinionRoster.TryForge,-25500
1,35,Material,sink,MinionRoster.TryForge,-108
1,35,DP,sink,MinionRoster.TrySummon,-12827
1,35,DP,source,AdventurerAI.ReapEmotion,578
1,35,DP,sink,CommandSystem.TryUse,-5600
1,35,DP,source,AdventurerAI.GrantReturnReward,10316
1,35,Fame,source,AdventurerAI.GrantReturnReward,220
1,35,Fame,source,LureEconomy.OnHeroEscaped,550
1,35,DP,source,AdventurerAI.TakeDamage,39517
1,35,Material,source,AdventurerAI.TakeDamage,245
1,35,DP,source,Nemesis.OnSlain,859
1,35,Material,source,Nemesis.OnSlain,6
1,35,DP,stock,end,45681
1,35,Material,stock,end,4554
1,35,Fame,stock,end,13632
1,36,DP,source,SurfaceMap.CollectYields,149
1,36,Material,source,SurfaceMap.CollectYields,8
1,36,Fame,source,SurfaceMap.CollectYields,33
1,36,DP,source,DistrictCatalog.Collect,28
1,36,DP,source,EraSystem.TickTurn,1920
1,36,Material,source,EraSystem.TickTurn,37
1,36,DP,sink,MinionRoster.TryForge,-40320
1,36,Material,sink,MinionRoster.TryForge,-336
1,36,DP,sink,MinionRoster.TrySummon,-7444
1,36,DP,source,AdventurerAI.ReapEmotion,197
1,36,DP,source,AdventurerAI.GrantReturnReward,6121
1,36,Fame,source,AdventurerAI.GrantReturnReward,250
1,36,Fame,source,LureEconomy.OnHeroEscaped,625
1,36,DP,sink,CommandSystem.TryUse,-5600
1,36,DP,source,AdventurerAI.TakeDamage,36351
1,36,Material,source,AdventurerAI.TakeDamage,403
1,36,DP,stock,end,37083
1,36,Material,stock,end,4666
1,36,Fame,stock,end,14540
1,37,DP,source,SurfaceMap.CollectYields,149
1,37,Material,source,SurfaceMap.CollectYields,8
1,37,Fame,source,SurfaceMap.CollectYields,33
1,37,DP,source,DistrictCatalog.Collect,28
1,37,DP,sink,MinionRoster.TryForge,-35520
1,37,Material,sink,MinionRoster.TryForge,-296
1,37,DP,sink,MinionRoster.TrySummon,-1736
1,37,DP,source,AdventurerAI.ReapEmotion,365
1,37,DP,sink,CommandSystem.TryUse,-5600
1,37,DP,source,AdventurerAI.TakeDamage,21603
1,37,Material,source,AdventurerAI.TakeDamage,162
1,37,DP,source,AdventurerAI.GrantReturnReward,4677
1,37,Fame,source,AdventurerAI.GrantReturnReward,90
1,37,Fame,source,LureEconomy.OnHeroEscaped,225
1,37,DP,source,Nemesis.OnSlain,3299
1,37,Material,source,Nemesis.OnSlain,22
1,37,DP,stock,end,24348
1,37,Material,stock,end,4562
1,37,Fame,stock,end,14888
1,38,DP,source,SurfaceMap.CollectYields,215
1,38,Material,source,SurfaceMap.CollectYields,12
1,38,Fame,source,SurfaceMap.CollectYields,38
1,38,DP,source,DistrictCatalog.Collect,28
1,38,DP,sink,MinionRoster.TryForge,-23040
1,38,Material,sink,MinionRoster.TryForge,-192
1,38,DP,sink,MinionRoster.TrySummon,-1514
1,38,DP,source,AdventurerAI.ReapEmotion,298
1,38,DP,source,AdventurerAI.GrantReturnReward,12825
1,38,Fame,source,AdventurerAI.GrantReturnReward,380
1,38,Fame,source,LureEconomy.OnHeroEscaped,950
1,38,DP,sink,CommandSystem.TryUse,-5600
1,38,DP,source,AdventurerAI.TakeDamage,35626
1,38,Material,source,AdventurerAI.TakeDamage,291
1,38,DP,source,Nemesis.OnSlain,5502
1,38,Material,source,Nemesis.OnSlain,25
1,38,DP,stock,end,48688
1,38,Material,stock,end,4698
1,38,Fame,stock,end,16256
1,39,DP,source,SurfaceMap.CollectYields,215
1,39,Material,source,SurfaceMap.CollectYields,12
1,39,Fame,source,SurfaceMap.CollectYields,38
1,39,DP,source,DistrictCatalog.Collect,28
1,39,DP,sink,MinionRoster.TryForge,-46680
1,39,Material,sink,MinionRoster.TryForge,-474
1,39,DP,sink,MinionRoster.TrySummon,-2224
1,39,DP,source,IncidentSystem.Apply,600
1,39,DP,sink,CommandSystem.TryUse,-5950
1,39,DP,source,AdventurerAI.ReapEmotion,223
1,39,DP,source,AdventurerAI.GrantReturnReward,6735
1,39,Fame,source,AdventurerAI.GrantReturnReward,150
1,39,Fame,source,LureEconomy.OnHeroEscaped,375
1,39,DP,source,AdventurerAI.TakeDamage,42863
1,39,Material,source,AdventurerAI.TakeDamage,236
1,39,DP,source,Nemesis.OnSlain,3110
1,39,Material,source,Nemesis.OnSlain,18
1,39,DP,stock,end,47608
1,39,Material,stock,end,4490
1,39,Fame,stock,end,16819
1,40,DP,source,SurfaceMap.CollectYields,215
1,40,Material,source,SurfaceMap.CollectYields,12
1,40,Fame,source,SurfaceMap.CollectYields,38
1,40,DP,source,DistrictCatalog.Collect,28
1,40,DP,sink,MinionRoster.TryForge,-45240
1,40,Material,sink,MinionRoster.TryForge,-522
1,40,DP,sink,MinionRoster.TrySummon,-2604
1,40,DP,source,AdventurerAI.ReapEmotion,944
1,40,DP,sink,CommandSystem.TryUse,-5600
1,40,DP,source,AdventurerAI.GrantReturnReward,13006
1,40,Fame,source,AdventurerAI.GrantReturnReward,250
1,40,Fame,source,LureEconomy.OnHeroEscaped,625
1,40,DP,source,AdventurerAI.TakeDamage,48655
1,40,Material,source,AdventurerAI.TakeDamage,288
1,40,DP,source,Nemesis.OnSlain,2670
1,40,Material,source,Nemesis.OnSlain,16
1,40,DP,stock,end,59682
1,40,Material,stock,end,4284
1,40,Fame,stock,end,17732
1,41,DP,source,SurfaceMap.CollectYields,215
1,41,Material,source,SurfaceMap.CollectYields,12
1,41,Fame,source,SurfaceMap.CollectYields,38
1,41,DP,source,DistrictCatalog.Collect,28
1,41,DP,source,EraSystem.TickTurn,1920
1,41,DP,sink,MinionRoster.TryForge,-59280
1,41,Material,sink,MinionRoster.TryForge,-684
1,41,DP,sink,MinionRoster.TrySummon,-2527
1,41,DP,source,AdventurerAI.ReapEmotion,430
1,41,DP,source,AdventurerAI.GrantReturnReward,8177
1,41,Fame,source,AdventurerAI.GrantReturnReward,240
1,41,Fame,source,LureEconomy.OnHeroEscaped,600
1,41,DP,sink,CommandSystem.TryUse,-5600
1,41,DP,source,AdventurerAI.TakeDamage,38775
1,41,Material,source,AdventurerAI.TakeDamage,286
1,41,DP,source,Nemesis.OnSlain,2820
1,41,Material,source,Nemesis.OnSlain,18
1,41,DP,stock,end,44640
1,41,Material,stock,end,3916
1,41,Fame,stock,end,18610
1,42,DP,source,SurfaceMap.CollectYields,232
1,42,Material,source,SurfaceMap.CollectYields,10
1,42,Fame,source,SurfaceMap.CollectYields,41
1,42,DP,source,DistrictCatalog.Collect,28
1,42,DP,sink,MinionRoster.TryForge,-42120
1,42,Material,sink,MinionRoster.TryForge,-486
1,42,DP,sink,MinionRoster.TrySummon,-2776
1,42,DP,source,AdventurerAI.ReapEmotion,184
1,42,DP,source,AdventurerAI.GrantReturnReward,18847
1,42,Fame,source,AdventurerAI.GrantReturnReward,610
1,42,Fame,source,LureEconomy.OnHeroEscaped,1525
1,42,DP,sink,CommandSystem.TryUse,-5600
1,42,DP,source,AdventurerAI.TakeDamage,53193
1,42,Material,source,AdventurerAI.TakeDamage,352
1,42,DP,source,Nemesis.OnSlain,3544
1,42,Material,source,Nemesis.OnSlain,20
1,42,DP,stock,end,70172
1,42,Material,stock,end,3812
1,42,Fame,stock,end,20786
1,43,DP,source,SurfaceMap.CollectYields,232
1,43,Material,source,SurfaceMap.CollectYields,10
1,43,Fame,source,SurfaceMap.CollectYields,41
1,43,DP,source,DistrictCatalog.Collect,28
1,43,DP,sink,MinionRoster.TryForge,-67320
1,43,Material,sink,MinionRoster.TryForge,-850
1,43,DP,sink,MinionRoster.TrySummon,-3077
1,43,DP,source,AdventurerAI.ReapEmotion,127
1,43,DP,source,AdventurerAI.GrantReturnReward,14021
1,43,Fame,source,AdventurerAI.GrantReturnReward,240
1,43,Fame,source,LureEconomy.OnHeroEscaped,600
1,43,DP,sink,CommandSystem.TryUse,-5600
1,43,DP,source,AdventurerAI.TakeDamage,39243
1,43,Material,source,AdventurerAI.TakeDamage,183
1,43,DP,source,Nemesis.OnSlain,2317
1,43,Material,source,Nemesis.OnSlain,12
1,43,DP,stock,end,50143
1,43,Material,stock,end,3167
1,43,Fame,stock,end,21667
1,44,DP,source,SurfaceMap.CollectYields,232
1,44,Material,source,SurfaceMap.CollectYields,10
1,44,Fame,source,SurfaceMap.CollectYields,41
1,44,DP,source,DistrictCatalog.Collect,28
1,44,DP,sink,MinionRoster.TryForge,-48000
1,44,Material,sink,MinionRoster.TryForge,-640
1,44,DP,sink,MinionRoster.TrySummon,-2397
1,44,DP,source,AdventurerAI.ReapEmotion,396
1,44,DP,sink,CommandSystem.TryUse,-5600
1,44,DP,source,AdventurerAI.TakeDamage,44185
1,44,Material,source,AdventurerAI.TakeDamage,345
1,44,DP,source,AdventurerAI.GrantReturnReward,6805
1,44,Fame,source,AdventurerAI.GrantReturnReward,160
1,44,Fame,source,LureEconomy.OnHeroEscaped,400
1,44,DP,source,Nemesis.OnSlain,2916
1,44,Material,source,Nemesis.OnSlain,18
1,44,DP,stock,end,48708
1,44,Material,stock,end,2900
1,44,Fame,stock,end,22268
1,45,DP,source,SurfaceMap.CollectYields,270
1,45,Material,source,SurfaceMap.CollectYields,12
1,45,Fame,source,SurfaceMap.CollectYields,47
1,45,DP,source,DistrictCatalog.Collect,28
1,45,DP,sink,MinionRoster.TryForge,-45600
1,45,Material,sink,MinionRoster.TryForge,-608
1,45,DP,sink,MinionRoster.TrySummon,-3384
1,45,DP,source,AdventurerAI.ReapEmotion,480
1,45,DP,sink,CommandSystem.TryUse,-5950
1,45,DP,source,AdventurerAI.GrantReturnReward,9891
1,45,Fame,source,AdventurerAI.GrantReturnReward,250
1,45,Fame,source,LureEconomy.OnHeroEscaped,625
1,45,DP,source,AdventurerAI.TakeDamage,58407
1,45,Material,source,AdventurerAI.TakeDamage,298
1,45,DP,source,Nemesis.OnSlain,988
1,45,Material,source,Nemesis.OnSlain,6
1,45,DP,stock,end,63838
1,45,Material,stock,end,2608
1,45,Fame,stock,end,23190
1,46,DP,source,SurfaceMap.CollectYields,221
1,46,Material,source,SurfaceMap.CollectYields,12
1,46,Fame,source,SurfaceMap.CollectYields,39
1,46,DP,source,DistrictCatalog.Collect,28
1,46,DP,sink,MinionRoster.TryForge,-4800
1,46,Material,sink,MinionRoster.TryForge,-64
1,46,DP,sink,MinionEvolution.TryEvolve,-9050
1,46,DP,sink,MinionRoster.TryEvolveIndividual,-49450
1,46,DP,sink,MinionRoster.TrySummon,-783
1,46,DP,source,AdventurerAI.ReapEmotion,800
1,46,DP,sink,CommandSystem.TryUse,-5600
1,46,DP,source,AdventurerAI.TakeDamage,51307
1,46,Material,source,AdventurerAI.TakeDamage,514
1,46,DP,source,AdventurerAI.GrantReturnReward,12772
1,46,Fame,source,AdventurerAI.GrantReturnReward,190
1,46,Fame,source,LureEconomy.OnHeroEscaped,475
1,46,DP,source,Nemesis.OnSlain,3062
1,46,Material,source,Nemesis.OnSlain,18
1,46,DP,stock,end,62345
1,46,Material,stock,end,3088
1,46,Fame,stock,end,23894
1,47,DP,source,SurfaceMap.CollectYields,221
1,47,Material,source,SurfaceMap.CollectYields,12
1,47,Fame,source,SurfaceMap.CollectYields,39
1,47,DP,source,DistrictCatalog.Collect,28
1,47,DP,source,EraSystem.TickTurn,9720
1,47,DP,sink,MinionRoster.TryForge,-67200
1,47,Material,sink,MinionRoster.TryForge,-896
1,47,DP,sink,MinionRoster.TryEvolveIndividual,-2550
1,47,DP,sink,MinionRoster.TrySummon,-2552
1,47,DP,source,AdventurerAI.ReapEmotion,506
1,47,DP,sink,CommandSystem.TryUse,-5600
1,47,DP,source,AdventurerAI.GrantReturnReward,20237
1,47,Fame,source,AdventurerAI.GrantReturnReward,400
1,47,Fame,source,LureEconomy.OnHeroEscaped,1000
1,47,DP,source,AdventurerAI.TakeDamage,31442
1,47,Material,source,AdventurerAI.TakeDamage,159
1,47,DP,stock,end,46597
1,47,Material,stock,end,2363
1,47,Fame,stock,end,25333
1,48,DP,source,SurfaceMap.CollectYields,221
1,48,Material,source,SurfaceMap.CollectYields,12
1,48,Fame,source,SurfaceMap.CollectYields,39
1,48,DP,source,DistrictCatalog.Collect,28
1,48,DP,source,EraSystem.TickTurn,9720
1,48,DP,sink,MinionRoster.TryForge,-4800
1,48,Material,sink,MinionRoster.TryForge,-64
1,48,DP,sink,MinionEvolution.TryEvolve,-14200
1,48,DP,sink,MinionRoster.TryEvolveIndividual,-37000
1,48,DP,sink,MinionRoster.TrySummon,-540
1,48,DP,source,AdventurerAI.ReapEmotion,277
1,48,DP,source,AdventurerAI.TakeDamage,52778
1,48,Material,source,AdventurerAI.TakeDamage,408
1,48,DP,sink,CommandSystem.TryUse,-5600
1,48,DP,source,AdventurerAI.GrantReturnReward,3062
1,48,Fame,source,AdventurerAI.GrantReturnReward,170
1,48,Fame,source,LureEconomy.OnHeroEscaped,425
1,48,DP,source,Nemesis.OnSlain,3742
1,48,Material,source,Nemesis.OnSlain,18
1,48,DP,stock,end,54285
1,48,Material,stock,end,2737
1,48,Fame,stock,end,25967
1,49,DP,source,SurfaceMap.CollectYields,221
1,49,Material,source,SurfaceMap.CollectYields,12
1,49,Fame,source,SurfaceMap.CollectYields,39
1,49,DP,source,DistrictCatalog.Collect,28
1,49,DP,source,EraSystem.TickTurn,9720
1,49,DP,sink,MinionRoster.TryForge,-4800
1,49,Material,sink,MinionRoster.TryForge,-64
1,49,DP,sink,MinionEvolution.TryEvolve,-19050
1,49,DP,sink,MinionRoster.TryEvolveIndividual,-39800
1,49,DP,sink,MinionRoster.TrySummon,-604
1,49,DP,source,AdventurerAI.ReapEmotion,244
1,49,DP,source,AdventurerAI.TakeDamage,64938
1,49,Material,source,AdventurerAI.TakeDamage,414
1,49,DP,sink,CommandSystem.TryUse,-4100
1,49,Fame,source,AdventurerAI.GrantReturnReward,80
1,49,Fame,source,LureEconomy.OnHeroEscaped,200
1,49,DP,source,AdventurerAI.GrantReturnReward,1982
1,49,DP,source,Nemesis.OnSlain,3302
1,49,Material,source,Nemesis.OnSlain,18
1,49,DP,stock,end,66366
1,49,Material,stock,end,3117
1,49,Fame,stock,end,26286
1,50,DP,source,SurfaceMap.CollectYields,221
1,50,Material,source,SurfaceMap.CollectYields,12
1,50,Fame,source,SurfaceMap.CollectYields,39
1,50,DP,source,DistrictCatalog.Collect,28
1,50,DP,source,EraSystem.TickTurn,9720
1,50,DP,sink,MinionRoster.TryForge,-21600
1,50,Material,sink,MinionRoster.TryForge,-288
1,50,DP,sink,MinionRoster.TryEvolveIndividual,-51000
1,50,DP,sink,MinionRoster.TrySummon,-3698
1,50,DP,source,AdventurerAI.ReapEmotion,1057
1,50,DP,sink,CommandSystem.TryUse,-6250
1,50,DP,source,AdventurerAI.TakeDamage,87821
1,50,Material,source,AdventurerAI.TakeDamage,641
1,50,DP,source,AdventurerAI.GrantReturnReward,2422
1,50,Fame,source,AdventurerAI.GrantReturnReward,70
1,50,Fame,source,LureEconomy.OnHeroEscaped,175
1,50,DP,source,Nemesis.OnSlain,3159
1,50,Material,source,Nemesis.OnSlain,18
1,50,DP,stock,end,88246
1,50,Material,stock,end,3500
1,50,Fame,stock,end,26570
1,51,DP,source,SurfaceMap.CollectYields,221
1,51,Material,source,SurfaceMap.CollectYields,12
1,51,Fame,source,SurfaceMap.CollectYields,39
1,51,DP,source,DistrictCatalog.Collect,28
1,51,Material,source,DistrictCatalog.Collect,8
1,51,DP,source,EraSystem.TickTurn,16524
1,51,Material,source,EraSystem.TickTurn,62
1,51,DP,sink,MinionRoster.TryForge,-4800
1,51,Material,sink,MinionRoster.TryForge,-64
1,51,DP,sink,DungeonFloorManager.TryAddFloor,-78125
1,51,DP,sink,DungeonFloorManager.TryExpandFloor,-5200
1,51,DP,sink,MinionRoster.TryEvolveIndividual,-16500
1,51,DP,sink,DungeonFeatureManager.TryPlaceTrap,-150
1,51,DP,sink,MinionRoster.TrySummon,-233
1,51,DP,source,AdventurerAI.ReapEmotion,274
1,51,DP,source,AdventurerAI.TakeDamage,56372
1,51,Material,source,AdventurerAI.TakeDamage,414
1,51,DP,sink,CommandSystem.TryUse,-5600
1,51,DP,source,AdventurerAI.GrantReturnReward,7226
1,51,Fame,source,AdventurerAI.GrantReturnReward,280
1,51,Fame,source,LureEconomy.OnHeroEscaped,700
1,51,DP,source,Nemesis.OnSlain,2138
1,51,Material,source,Nemesis.OnSlain,12
1,51,DP,stock,end,60421
1,51,Material,stock,end,3944
1,51,Fame,stock,end,27589
1,52,DP,source,SurfaceMap.CollectYields,221
1,52,Material,source,SurfaceMap.CollectYields,12
1,52,Fame,source,SurfaceMap.CollectYields,39
1,52,DP,source,DistrictCatalog.Collect,28
1,52,Material,source,DistrictCatalog.Collect,8
1,52,DP,source,EraSystem.TickTurn,9720
1,52,Material,source,EraSystem.TickTurn,62
1,52,DP,sink,MinionRoster.TryForge,-28800
1,52,Material,sink,MinionRoster.TryForge,-384
1,52,DP,sink,MinionRoster.TryEvolveIndividual,-38150
1,52,DP,sink,DungeonFeatureManager.TryPlaceTrap,-3150
1,52,DP,sink,MinionRoster.TrySummon,-287
1,52,DP,source,AdventurerAI.ReapEmotion,239
1,52,DP,source,AdventurerAI.GrantReturnReward,16886
1,52,Fame,source,AdventurerAI.GrantReturnReward,390
1,52,Fame,source,LureEconomy.OnHeroEscaped,975
1,52,DP,sink,CommandSystem.TryUse,-5600
1,52,DP,source,AdventurerAI.TakeDamage,124835
1,52,Material,source,AdventurerAI.TakeDamage,1208
1,52,DP,source,Nemesis.OnSlain,2203
1,52,Material,source,Nemesis.OnSlain,12
1,52,DP,stock,end,138566
1,52,Material,stock,end,4862
1,52,Fame,stock,end,28993
1,53,DP,source,SurfaceMap.CollectYields,219
1,53,Material,source,SurfaceMap.CollectYields,10
1,53,Fame,source,SurfaceMap.CollectYields,41
1,53,DP,source,DistrictCatalog.Collect,28
1,53,Material,source,DistrictCatalog.Collect,9
1,53,DP,source,EraSystem.TickTurn,9720
1,53,Material,source,EraSystem.TickTurn,62
1,53,Fame,source,EraSystem.TickTurn,135
1,53,DP,sink,MinionRoster.TryForge,-113760
1,53,Material,sink,MinionRoster.TryForge,-1614
1,53,DP,sink,DungeonFeatureManager.TryPlaceTrap,-1500
1,53,DP,sink,MinionRoster.TrySummon,-33227
1,53,DP,source,AdventurerAI.ReapEmotion,125
1,53,DP,source,AdventurerAI.GrantReturnReward,11073
1,53,Fame,source,AdventurerAI.GrantReturnReward,340
1,53,Fame,source,LureEconomy.OnHeroEscaped,850
1,53,DP,sink,CommandSystem.TryUse,-5600
1,53,DP,source,AdventurerAI.TakeDamage,71880
1,53,Material,source,AdventurerAI.TakeDamage,630
1,53,DP,source,Nemesis.OnSlain,6837
1,53,Material,source,Nemesis.OnSlain,29
1,53,DP,stock,end,84361
1,53,Material,stock,end,3988
1,53,Fame,stock,end,30359
1,54,DP,source,SurfaceMap.CollectYields,270
1,54,Material,source,SurfaceMap.CollectYields,12
1,54,Fame,source,SurfaceMap.CollectYields,47
1,54,DP,source,DistrictCatalog.Collect,28
1,54,Material,source,DistrictCatalog.Collect,9
1,54,DP,source,EraSystem.TickTurn,9720
1,54,DP,sink,MinionRoster.TryForge,-89280
1,54,Material,sink,MinionRoster.TryForge,-1302
1,54,DP,sink,MinionRoster.TrySummon,-5099
1,54,DP,source,AdventurerAI.ReapEmotion,201
1,54,DP,source,AdventurerAI.TakeDamage,89460
1,54,Material,source,AdventurerAI.TakeDamage,864
1,54,DP,sink,CommandSystem.TryUse,-5600
1,54,DP,source,AdventurerAI.GrantReturnReward,5106
1,54,Fame,source,AdventurerAI.GrantReturnReward,150
1,54,Fame,source,LureEconomy.OnHeroEscaped,375
1,54,DP,source,Nemesis.OnSlain,2591
1,54,Material,source,Nemesis.OnSlain,14
1,54,DP,stock,end,91758
1,54,Material,stock,end,3585
1,54,Fame,stock,end,30931
1,55,DP,source,SurfaceMap.CollectYields,270
1,55,Material,source,SurfaceMap.CollectYields,12
1,55,Fame,source,SurfaceMap.CollectYields,47
1,55,DP,source,DistrictCatalog.Collect,28
1,55,Material,source,DistrictCatalog.Collect,9
1,55,DP,source,EraSystem.TickTurn,11664
1,55,DP,sink,MinionRoster.TryForge,-100800
1,55,Material,sink,MinionRoster.TryForge,-1470
1,55,DP,sink,MinionRoster.TrySummon,-2889
1,55,DP,source,AdventurerAI.ReapEmotion,692
1,55,DP,source,AdventurerAI.TakeDamage,107342
1,55,Material,source,AdventurerAI.TakeDamage,964
1,55,DP,sink,CommandSystem.TryUse,-4450
1,55,Fame,source,AdventurerAI.GrantReturnReward,200
1,55,Fame,source,LureEconomy.OnHeroEscaped,500
1,55,DP,source,AdventurerAI.GrantReturnReward,11984
1,55,DP,stock,end,115599
1,55,Material,stock,end,3100
1,55,Fame,stock,end,31678
1,56,DP,source,SurfaceMap.CollectYields,270
1,56,Material,source,SurfaceMap.CollectYields,12
1,56,Fame,source,SurfaceMap.CollectYields,47
1,56,DP,source,DistrictCatalog.Collect,28
1,56,Material,source,DistrictCatalog.Collect,8
1,56,DP,sink,MinionRoster.TryForge,-111600
1,56,Material,sink,MinionRoster.TryForge,-1635
1,56,DP,sink,MinionRoster.TrySummon,-4285
1,56,DP,source,AdventurerAI.ReapEmotion,591
1,56,DP,source,AdventurerAI.TakeDamage,90436
1,56,Material,source,AdventurerAI.TakeDamage,726
1,56,DP,sink,CommandSystem.TryUse,-3600
1,56,DP,source,AdventurerAI.GrantReturnReward,12906
1,56,Fame,source,AdventurerAI.GrantReturnReward,390
1,56,Fame,source,LureEconomy.OnHeroEscaped,975
1,56,DP,source,Nemesis.OnSlain,1134
1,56,Material,source,Nemesis.OnSlain,6
1,56,DP,stock,end,101479
1,56,Material,stock,end,2217
1,56,Fame,stock,end,33090
1,57,DP,source,SurfaceMap.CollectYields,221
1,57,Material,source,SurfaceMap.CollectYields,12
1,57,Fame,source,SurfaceMap.CollectYields,39
1,57,DP,source,DistrictCatalog.Collect,28
1,57,Material,source,DistrictCatalog.Collect,8
1,57,DP,sink,MinionRoster.TryForge,-97200
1,57,Material,sink,MinionRoster.TryForge,-1485
1,57,DP,sink,MinionRoster.TrySummon,-4525
1,57,DP,source,AdventurerAI.ReapEmotion,405
1,57,DP,source,AdventurerAI.TakeDamage,102840
1,57,Material,source,AdventurerAI.TakeDamage,902
1,57,DP,sink,CommandSystem.TryUse,-5600
1,57,DP,source,AdventurerAI.GrantReturnReward,2951
1,57,Fame,source,AdventurerAI.GrantReturnReward,190
1,57,Fame,source,LureEconomy.OnHeroEscaped,475
1,57,DP,source,Nemesis.OnSlain,4692
1,57,Material,source,Nemesis.OnSlain,24
1,57,DP,stock,end,105291
1,57,Material,stock,end,1678
1,57,Fame,stock,end,33794
1,58,DP,source,SurfaceMap.CollectYields,224
1,58,Material,source,SurfaceMap.CollectYields,12
1,58,Fame,source,SurfaceMap.CollectYields,39
1,58,DP,source,DistrictCatalog.Collect,28
1,58,Material,source,DistrictCatalog.Collect,8
1,58,DP,sink,MinionRoster.TryForge,-100800
1,58,Material,sink,MinionRoster.TryForge,-1540
1,58,DP,sink,MinionRoster.TrySummon,-4714
1,58,DP,source,AdventurerAI.ReapEmotion,143
1,58,DP,source,AdventurerAI.TakeDamage,100977
1,58,Material,source,AdventurerAI.TakeDamage,1299
1,58,DP,sink,CommandSystem.TryUse,-5600
1,58,DP,source,AdventurerAI.GrantReturnReward,11744
1,58,Fame,source,AdventurerAI.GrantReturnReward,270
1,58,Fame,source,LureEconomy.OnHeroEscaped,675
1,58,DP,source,Nemesis.OnSlain,2700
1,58,Material,source,Nemesis.OnSlain,14
1,58,DP,stock,end,109993
1,58,Material,stock,end,1471
1,58,Fame,stock,end,34778
1,59,DP,source,SurfaceMap.CollectYields,224
1,59,Material,source,SurfaceMap.CollectYields,12
1,59,Fame,source,SurfaceMap.CollectYields,39
1,59,DP,source,DistrictCatalog.Collect,28
1,59,Material,source,DistrictCatalog.Collect,8
1,59,DP,sink,MinionRoster.TryForge,-97200
1,59,Material,sink,MinionRoster.TryForge,-1485
1,59,DP,sink,MinionRoster.TrySummon,-13002
1,59,DP,source,AdventurerAI.ReapEmotion,343
1,59,DP,sink,CommandSystem.TryUse,-4450
1,59,DP,source,AdventurerAI.GrantReturnReward,10994
1,59,Fame,source,AdventurerAI.GrantReturnReward,250
1,59,Fame,source,LureEconomy.OnHeroEscaped,625
1,59,DP,source,AdventurerAI.TakeDamage,109323
1,59,Material,source,AdventurerAI.TakeDamage,1097
1,59,DP,source,Nemesis.OnSlain,1166
1,59,Material,source,Nemesis.OnSlain,6
1,59,DP,stock,end,117419
1,59,Material,stock,end,1109
1,59,Fame,stock,end,35692
1,60,DP,source,SurfaceMap.CollectYields,224
1,60,Material,source,SurfaceMap.CollectYields,12
1,60,Fame,source,SurfaceMap.CollectYields,39
1,60,DP,source,DistrictCatalog.Collect,28
1,60,Material,source,DistrictCatalog.Collect,8
1,60,DP,sink,MinionRoster.TryForge,-72000
1,60,Material,sink,MinionRoster.TryForge,-1100
1,60,DP,sink,MinionRoster.TrySummon,-45585
1,60,DP,source,AdventurerAI.ReapEmotion,539
1,60,DP,source,AdventurerAI.TakeDamage,73504
1,60,Material,source,AdventurerAI.TakeDamage,404
1,60,DP,sink,CommandSystem.TryUse,-5600
1,60,DP,source,Nemesis.OnSlain,4457
1,60,Material,source,Nemesis.OnSlain,22
1,60,DP,source,AdventurerAI.GrantReturnReward,2423
1,60,Fame,source,AdventurerAI.GrantReturnReward,40
1,60,Fame,source,LureEconomy.OnHeroEscaped,100
1,60,DP,stock,end,75409
1,60,Material,stock,end,455
1,60,Fame,stock,end,35871
1,61,DP,source,SurfaceMap.CollectYields,224
1,61,Material,source,SurfaceMap.CollectYields,12
1,61,Fame,source,SurfaceMap.CollectYields,39
1,61,DP,source,DistrictCatalog.Collect,28
1,61,Material,source,DistrictCatalog.Collect,8
1,61,DP,sink,MinionRoster.TryForge,-28800
1,61,Material,sink,MinionRoster.TryForge,-440
1,61,DP,sink,MinionRoster.TrySummon,-46311
1,61,DP,sink,CommandSystem.TryUse,-5600
1,61,DP,source,AdventurerAI.ReapEmotion,228
1,61,DP,source,AdventurerAI.TakeDamage,94462
1,61,Material,source,AdventurerAI.TakeDamage,741
1,61,DP,source,AdventurerAI.GrantReturnReward,19374
1,61,Fame,source,AdventurerAI.GrantReturnReward,350
1,61,Fame,source,LureEconomy.OnHeroEscaped,875
1,61,DP,source,Nemesis.OnSlain,3182
1,61,Material,source,Nemesis.OnSlain,16
1,61,DP,stock,end,112196
1,61,Material,stock,end,792
1,61,Fame,stock,end,37135
1,62,DP,source,SurfaceMap.CollectYields,224
1,62,Material,source,SurfaceMap.CollectYields,12
1,62,Fame,source,SurfaceMap.CollectYields,39
1,62,DP,source,DistrictCatalog.Collect,28
1,62,Material,source,DistrictCatalog.Collect,8
1,62,DP,sink,MinionRoster.TryForge,-50400
1,62,Material,sink,MinionRoster.TryForge,-770
1,62,DP,sink,MinionRoster.TrySummon,-61874
1,62,DP,source,AdventurerAI.ReapEmotion,158
1,62,DP,source,AdventurerAI.TakeDamage,106106
1,62,Material,source,AdventurerAI.TakeDamage,1266
1,62,DP,sink,CommandSystem.TryUse,-5600
1,62,DP,source,AdventurerAI.GrantReturnReward,10460
1,62,Fame,source,AdventurerAI.GrantReturnReward,270
1,62,Fame,source,LureEconomy.OnHeroEscaped,675
1,62,DP,source,Nemesis.OnSlain,1215
1,62,Material,source,Nemesis.OnSlain,6
1,62,DP,stock,end,112513
1,62,Material,stock,end,1314
1,62,Fame,stock,end,38119
1,63,DP,source,SurfaceMap.CollectYields,195
1,63,Material,source,SurfaceMap.CollectYields,10
1,63,Fame,source,SurfaceMap.CollectYields,34
1,63,DP,source,DistrictCatalog.Collect,28
1,63,Material,source,DistrictCatalog.Collect,9
1,63,DP,sink,MinionRoster.TryForge,-81360
1,63,Material,sink,MinionRoster.TryForge,-1315
1,63,DP,sink,MinionRoster.TrySummon,-31376
1,63,DP,source,AdventurerAI.ReapEmotion,546
1,63,DP,sink,CommandSystem.TryUse,-5600
1,63,DP,source,AdventurerAI.TakeDamage,96233
1,63,Material,source,AdventurerAI.TakeDamage,743
1,63,DP,source,AdventurerAI.GrantReturnReward,10712
1,63,Fame,source,AdventurerAI.GrantReturnReward,310
1,63,Fame,source,LureEconomy.OnHeroEscaped,775
1,63,DP,source,Nemesis.OnSlain,2949
1,63,Material,source,Nemesis.OnSlain,14
1,63,DP,stock,end,104840
1,63,Material,stock,end,775
1,63,Fame,stock,end,39238
1,64,DP,source,SurfaceMap.CollectYields,238
1,64,Material,source,SurfaceMap.CollectYields,10
1,64,Fame,source,SurfaceMap.CollectYields,41
1,64,DP,source,DistrictCatalog.Collect,28
1,64,Material,source,DistrictCatalog.Collect,9
1,64,DP,sink,MinionRoster.TryForge,-47520
1,64,Material,sink,MinionRoster.TryForge,-770
1,64,DP,sink,MinionRoster.TrySummon,-57571
1,64,DP,source,AdventurerAI.ReapEmotion,464
1,64,DP,sink,CommandSystem.TryUse,-3800
1,64,DP,source,AdventurerAI.GrantReturnReward,10508
1,64,Fame,source,AdventurerAI.GrantReturnReward,280
1,64,Fame,source,LureEconomy.OnHeroEscaped,700
1,64,DP,source,AdventurerAI.TakeDamage,37096
1,64,Material,source,AdventurerAI.TakeDamage,327
1,64,DP,stock,end,44283
1,64,Material,stock,end,351
1,64,Fame,stock,end,40259
1,65,DP,source,SurfaceMap.CollectYields,238
1,65,Material,source,SurfaceMap.CollectYields,10
1,65,Fame,source,SurfaceMap.CollectYields,41
1,65,DP,source,DistrictCatalog.Collect,28
1,65,Material,source,DistrictCatalog.Collect,9
1,65,DP,sink,MinionRoster.TryForge,-21600
1,65,Material,sink,MinionRoster.TryForge,-350
1,65,DP,sink,MinionRoster.TrySummon,-21916
1,65,DP,sink,CommandSystem.TryUse,-6050
1,65,DP,source,AdventurerAI.ReapEmotion,880
1,65,DP,source,AdventurerAI.TakeDamage,124631
1,65,Material,source,AdventurerAI.TakeDamage,862
1,65,DP,source,AdventurerAI.GrantReturnReward,22670
1,65,Fame,source,AdventurerAI.GrantReturnReward,320
1,65,Fame,source,LureEconomy.OnHeroEscaped,800
1,65,DP,source,Nemesis.OnSlain,4493
1,65,Material,source,Nemesis.OnSlain,20
1,65,DP,stock,end,147657
1,65,Material,stock,end,902
1,65,Fame,stock,end,41420
1,66,DP,source,SurfaceMap.CollectYields,272
1,66,Material,source,SurfaceMap.CollectYields,12
1,66,Fame,source,SurfaceMap.CollectYields,47
1,66,DP,source,DistrictCatalog.Collect,28
1,66,Material,source,DistrictCatalog.Collect,9
1,66,DP,sink,MinionRoster.TryForge,-56160
1,66,Material,sink,MinionRoster.TryForge,-910
1,66,DP,sink,MinionRoster.TrySummon,-91782
1,66,DP,source,AdventurerAI.ReapEmotion,643
1,66,DP,sink,CommandSystem.TryUse,-5600
1,66,DP,source,AdventurerAI.TakeDamage,119164
1,66,Material,source,AdventurerAI.TakeDamage,1010
1,66,DP,source,AdventurerAI.GrantReturnReward,16890
1,66,Fame,source,AdventurerAI.GrantReturnReward,290
1,66,Fame,source,LureEconomy.OnHeroEscaped,725
1,66,DP,source,Nemesis.OnSlain,6126
1,66,Material,source,Nemesis.OnSlain,28
1,66,DP,stock,end,137238
1,66,Material,stock,end,1051
1,66,Fame,stock,end,42482
1,67,DP,source,SurfaceMap.CollectYields,272
1,67,Material,source,SurfaceMap.CollectYields,12
1,67,Fame,source,SurfaceMap.CollectYields,47
1,67,DP,source,DistrictCatalog.Collect,28
1,67,Material,source,DistrictCatalog.Collect,8
1,67,DP,sink,MinionRoster.TryForge,-64800
1,67,Material,sink,MinionRoster.TryForge,-1050
1,67,DP,sink,MinionRoster.TrySummon,-72626
1,67,DP,source,AdventurerAI.ReapEmotion,219
1,67,DP,sink,CommandSystem.TryUse,-5600
1,67,DP,source,AdventurerAI.TakeDamage,104567
1,67,Material,source,AdventurerAI.TakeDamage,1038
1,67,DP,source,AdventurerAI.GrantReturnReward,14295
1,67,Fame,source,AdventurerAI.GrantReturnReward,350
1,67,Fame,source,LureEconomy.OnHeroEscaped,875
1,67,DP,source,Nemesis.OnSlain,2560
1,67,Material,source,Nemesis.OnSlain,12
1,67,DP,stock,end,116153
1,67,Material,stock,end,1071
1,67,Fame,stock,end,43754
2,1,DP,sink,DungeonFeatureManager.TryPlaceTrap,-150
2,1,DP,source,AdventurerAI.ReapEmotion,100
2,1,DP,source,AdventurerAI.TakeDamage,168
2,1,Material,source,AdventurerAI.TakeDamage,10
2,1,DP,source,AdventurerAI.GrantReturnReward,602
2,1,Fame,source,AdventurerAI.GrantReturnReward,20
2,1,Fame,source,LureEconomy.OnHeroEscaped,50
2,1,DP,sink,CommandSystem.TryUse,-650
2,1,DP,stock,end,270
2,1,Material,stock,end,10
2,1,Fame,stock,end,70
2,2,DP,source,SurfaceMap.CollectYields,18
2,2,Material,source,SurfaceMap.CollectYields,1
2,2,Fame,source,SurfaceMap.CollectYields,4
2,2,DP,source,EraSystem.TickTurn,600
2,2,Fame,source,EraSystem.TickTurn,25
2,2,DP,sink,MinionRoster.TryForge,-236
2,2,DP,sink,MinionEvolution.TryEvolve,-325
2,2,DP,sink,DungeonFeatureManager.TryPlaceTrap,-150
2,2,DP,sink,MinionRoster.TrySummon,-162
2,2,DP,source,AdventurerAI.ReapEmotion,163
2,2,Fame,source,AdventurerAI.GrantReturnReward,40
2,2,Fame,source,LureEconomy.OnHeroEscaped,100
2,2,DP,source,AdventurerAI.TakeDamage,72
2,2,Material,source,AdventurerAI.TakeDamage,4
2,2,DP,source,AdventurerAI.GrantReturnReward,762
2,2,DP,sink,CommandSystem.TryUse,-650
2,2,DP,stock,end,362
2,2,Material,stock,end,15
2,2,Fame,stock,end,239
2,3,DP,source,SurfaceMap.CollectYields,18
2,3,Material,source,SurfaceMap.CollectYields,1
2,3,Fame,source,SurfaceMap.CollectYields,4
2,3,DP,source,EraSystem.TickTurn,600
2,3,Material,source,EraSystem.TickTurn,10
2,3,Fame,source,EraSystem.TickTurn,25
2,3,DP,sink,MinionRoster.TryForge,-236
2,3,DP,sink,DungeonFloorManager.TryExpandFloor,-400
2,3,DP,sink,DungeonFeatureManager.TryPlaceTrap,-150
2,3,DP,sink,MinionRoster.TrySummon,-181
2,3,DP,source,AdventurerAI.ReapEmotion,74
2,3,Fame,source,AdventurerAI.GrantReturnReward,10
2,3,Fame,source,LureEconomy.OnHeroEscaped,25
2,3,DP,source,AdventurerAI.TakeDamage,330
2,3,Material,source,AdventurerAI.TakeDamage,8
2,3,DP,sink,CommandSystem.TryUse,-300
2,3,DP,stock,end,117
2,3,Material,stock,end,34
2,3,Fame,stock,end,303
2,4,DP,source,SurfaceMap.CollectYields,18
2,4,Material,source,SurfaceMap.CollectYields,1
2,4,Fame,source,SurfaceMap.CollectYields,4
2,4,DP,source,EraSystem.TickTurn,600
2,4,DP,sink,MinionRoster.TryForge,-236
2,4,DP,sink,MinionEvolution.TryEvolve,-75
2,4,DP,sink,DungeonFeatureManager.TryPlaceTrap,-300
2,4,DP,sink,MinionRoster.TrySummon,-117
2,4,DP,source,IncidentSystem.Apply,600
2,4,DP,sink,CommandSystem.TryUse,-1150
2,4,DP,source,AdventurerAI.ReapEmotion,122
2,4,DP,source,AdventurerAI.TakeDamage,360
2,4,Material,source,AdventurerAI.TakeDamage,18
2,4,Fame,source,AdventurerAI.GrantReturnReward,20
2,4,Fame,source,LureEconomy.OnHeroEscaped,50
2,4,DP,source,AdventurerAI.GrantReturnReward,402
2,4,DP,source,Nemesis.OnSlain,454
2,4,Material,source,Nemesis.OnSlain,5
2,4,DP,stock,end,795
2,4,Material,stock,end,58
2,4,Fame,stock,end,377
2,5,DP,source,SurfaceMap.CollectYields,18
2,5,Material,source,SurfaceMap.CollectYields,1
2,5,Fame,source,SurfaceMap.CollectYields,4
2,5,DP,source,EraSystem.TickTurn,600
2,5,DP,sink,MinionRoster.TryForge,-212
2,5,DP,sink,DungeonFloorManager.TryAddFloor,-800
2,5,DP,sink,DungeonFeatureManager.TryPlaceTrap,-300
2,5,DP,sink,MinionRoster.TrySummon,-84
2,5,DP,source,AdventurerAI.ReapEmotion,122
2,5,DP,source,AdventurerAI.GrantReturnReward,2990
2,5,Fame,source,AdventurerAI.GrantReturnReward,40
2,5,Fame,source,LureEconomy.OnHeroEscaped,100
2,5,DP,sink,CommandSystem.TryUse,-2950
2,5,DP,source,AdventurerAI.TakeDamage,734
2,5,Material,source,AdventurerAI.TakeDamage,42
2,5,DP,source,Nemesis.OnSlain,940
2,5,Material,source,Nemesis.OnSlain,10
2,5,DP,stock,end,1853
2,5,Material,stock,end,111
2,5,Fame,stock,end,521
2,6,DP,source,SurfaceMap.CollectYields,39
2,6,Material,source,SurfaceMap.CollectYields,2
2,6,Fame,source,SurfaceMap.CollectYields,9
2,6,DP,source,EraSystem.TickTurn,600
2,6,DP,sink,MinionRoster.TryForge,-212
2,6,DP,sink,DungeonFloorManager.TryExpandFloor,-1200
2,6,DP,sink,MinionEvolution.TryEvolve,-750
2,6,DP,sink,DungeonFeatureManager.TryPlaceTrap,-150
2,6,DP,sink,MinionRoster.TrySummon,-180
2,6,DP,source,AdventurerAI.ReapEmotion,227
2,6,DP,source,AdventurerAI.GrantReturnReward,321
2,6,Fame,source,AdventurerAI.GrantReturnReward,20
2,6,Fame,source,LureEconomy.OnHeroEscaped,50
2,6,DP,source,AdventurerAI.TakeDamage,582
2,6,Material,source,AdventurerAI.TakeDamage,37
2,6,DP,sink,CommandSystem.TryUse,-1800
2,6,DP,source,Nemesis.OnSlain,972
2,6,Material,source,Nemesis.OnSlain,10
2,6,DP,stock,end,302
2,6,Material,stock,end,160
2,6,Fame,stock,end,600
2,7,DP,source,SurfaceMap.CollectYields,39
2,7,Material,source,SurfaceMap.CollectYields,2
2,7,Fame,source,SurfaceMap.CollectYields,9
2,7,DP,source,EraSystem.TickTurn,600
2,7,DP,sink,MinionRoster.TryForge,-212
2,7,DP,sink,MinionEvolution.TryEvolve,-200
2,7,DP,sink,MinionRoster.TryEvolveIndividual,-175
2,7,DP,sink,DungeonFeatureManager.TryPlaceTrap,-150
2,7,DP,sink,MinionRoster.TrySummon,-202
2,7,DP,source,AdventurerAI.ReapEmotion,108
2,7,DP,source,AdventurerAI.GrantReturnReward,948
2,7,Fame,source,AdventurerAI.GrantReturnReward,40
2,7,Fame,source,LureEconomy.OnHeroEscaped,100
2,7,DP,sink,CommandSystem.TryUse,-1150
2,7,DP,source,AdventurerAI.TakeDamage,589
2,7,Material,source,AdventurerAI.TakeDamage,36
2,7,DP,source,Nemesis.OnSlain,1004
2,7,Material,source,Nemesis.OnSlain,10
2,7,DP,stock,end,1501
2,7,Material,stock,end,208
2,7,Fame,stock,end,749
2,8,DP,source,SurfaceMap.CollectYields,39
2,8,Material,source,SurfaceMap.CollectYields,2
2,8,Fame,source,SurfaceMap.CollectYields,9
2,8,DP,source,EraSystem.TickTurn,1020
2,8,Material,source,EraSystem.TickTurn,10
2,8,DP,sink,MinionRoster.TryForge,-212
2,8,DP,sink,DungeonFloorManager.TryAddFloor,-2000
2,8,DP,sink,DungeonFeatureManager.TryPlaceTrap,-150
2,8,DP,sink,MinionRoster.TrySummon,-185
2,8,DP,source,AdventurerAI.ReapEmotion,237
2,8,DP,source,AdventurerAI.GrantReturnReward,334
2,8,Fame,source,AdventurerAI.GrantReturnReward,20
2,8,Fame,source,LureEconomy.OnHeroEscaped,50
2,8,DP,sink,CommandSystem.TryUse,-1450
2,8,DP,source,AdventurerAI.TakeDamage,923
2,8,Material,source,AdventurerAI.TakeDamage,108
2,8,DP,source,Nemesis.OnSlain,1004
2,8,Material,source,Nemesis.OnSlain,10
2,8,DP,stock,end,1061
2,8,Material,stock,end,338
2,8,Fame,stock,end,828
2,9,DP,source,SurfaceMap.CollectYields,45
2,9,Material,source,SurfaceMap.CollectYields,2
2,9,Fame,source,SurfaceMap.CollectYields,11
2,9,DP,source,EraSystem.TickTurn,600
2,9,Fame,source,EraSystem.TickTurn,25
2,9,DP,sink,MinionRoster.TryForge,-190
2,9,DP,sink,DungeonFloorManager.TryExpandFloor,-1200
2,9,DP,sink,DungeonFeatureManager.TryPlaceTrap,-150
2,9,DP,sink,MinionRoster.TrySummon,-162
2,9,DP,source,AdventurerAI.ReapEmotion,131
2,9,DP,source,AdventurerAI.TakeDamage,1381
2,9,Material,source,AdventurerAI.TakeDamage,75
2,9,DP,sink,CommandSystem.TryUse,-1800
2,9,DP,source,AdventurerAI.GrantReturnReward,601
2,9,Fame,source,AdventurerAI.GrantReturnReward,20
2,9,Fame,source,LureEconomy.OnHeroEscaped,50
2,9,DP,source,Nemesis.OnSlain,1554
2,9,Material,source,Nemesis.OnSlain,15
2,9,DP,stock,end,1871
2,9,Material,stock,end,430
2,9,Fame,stock,end,934
2,10,DP,source,SurfaceMap.CollectYields,78
2,10,Material,source,SurfaceMap.CollectYields,3
2,10,Fame,source,SurfaceMap.CollectYields,16
2,10,DP,source,EraSystem.TickTurn,1020
2,10,DP,sink,MinionRoster.TryForge,-190
2,10,DP,sink,DungeonFloorManager.TryExpandFloor,-2300
2,10,DP,sink,MinionRoster.TryEvolveIndividual,-75
2,10,DP,sink,DungeonFeatureManager.TryPlaceTrap,-150
2,10,DP,sink,MinionRoster.TrySummon,-236
2,10,DP,source,AdventurerAI.ReapEmotion,156
2,10,DP,source,AdventurerAI.GrantReturnReward,751
2,10,Fame,source,AdventurerAI.GrantReturnReward,30
2,10,Fame,source,LureEconomy.OnHeroEscaped,75
2,10,DP,sink,CommandSystem.TryUse,-1800
2,10,DP,source,AdventurerAI.TakeDamage,918
2,10,Material,source,AdventurerAI.TakeDamage,39
2,10,DP,source,Nemesis.OnSlain,1070
2,10,Material,source,Nemesis.OnSlain,10
2,10,DP,stock,end,1113
2,10,Material,stock,end,482
2,10,Fame,stock,end,1055
2,11,DP,source,SurfaceMap.CollectYields,78
2,11,Material,source,SurfaceMap.CollectYields,3
2,11,Fame,source,SurfaceMap.CollectYields,16
2,11,DP,sink,MinionRoster.TryForge,-285
2,11,DP,sink,MinionEvolution.TryEvolve,-500
2,11,DP,sink,DungeonFeatureManager.TryPlaceTrap,-150
2,11,DP,sink,MinionRoster.TrySummon,-255
2,11,DP,source,AdventurerAI.ReapEmotion,199
2,11,DP,source,AdventurerAI.TakeDamage,520
2,11,Material,source,AdventurerAI.TakeDamage,39
2,11,DP,sink,CommandSystem.TryUse,-1450
2,11,DP,source,AdventurerAI.GrantReturnReward,2342
2,11,Fame,source,AdventurerAI.GrantReturnReward,90
2,11,Fame,source,LureEconomy.OnHeroEscaped,225
2,11,DP,source,Nemesis.OnSlain,1102
2,11,Material,source,Nemesis.OnSlain,10
2,11,DP,stock,end,2714
2,11,Material,stock,end,534
2,11,Fame,stock,end,1386
2,12,DP,source,SurfaceMap.CollectYields,52
2,12,Material,source,SurfaceMap.CollectYields,2
2,12,Fame,source,SurfaceMap.CollectYields,11
2,12,DP,source,DistrictCatalog.Collect,84
2,12,DP,source,EraSystem.TickTurn,300
2,12,DP,sink,MinionRoster.TryForge,-190
2,12,DP,sink,DungeonFloorManager.TryExpandFloor,-1500
2,12,DP,sink,MinionEvolution.TryEvolve,-800
2,12,DP,sink,MinionRoster.TryEvolveIndividual,-225
2,12,DP,sink,DungeonFeatureManager.TryPlaceTrap,-150
2,12,DP,sink,MinionRoster.TrySummon,-263
2,12,DP,source,AdventurerAI.ReapEmotion,138
2,12,DP,source,AdventurerAI.GrantReturnReward,2507
2,12,Fame,source,AdventurerAI.GrantReturnReward,60
2,12,Fame,source,LureEconomy.OnHeroEscaped,150
2,12,DP,sink,CommandSystem.TryUse,-2800
2,12,DP,source,AdventurerAI.TakeDamage,943
2,12,Material,source,AdventurerAI.TakeDamage,32
2,12,DP,stock,end,810
2,12,Material,stock,end,568
2,12,Fame,stock,end,1607
2,13,DP,source,SurfaceMap.CollectYields,39
2,13,Material,source,SurfaceMap.CollectYields,2
2,13,Fame,source,SurfaceMap.CollectYields,9
2,13,DP,source,DistrictCatalog.Collect,98
2,13,DP,sink,MinionRoster.TryForge,-190
2,13,DP,sink,MinionRoster.TryEvolveIndividual,-325
2,13,DP,sink,DungeonFeatureManager.TryPlaceTrap,-150
2,13,DP,sink,MinionRoster.TrySummon,-271
2,13,DP,source,AdventurerAI.ReapEmotion,94
2,13,DP,source,AdventurerAI.TakeDamage,1698
2,13,Material,source,AdventurerAI.TakeDamage,54
2,13,DP,source,AdventurerAI.GrantReturnReward,1163
2,13,Fame,source,AdventurerAI.GrantReturnReward,40
2,13,Fame,source,LureEconomy.OnHeroEscaped,100
2,13,DP,sink,CommandSystem.TryUse,-1800
2,13,DP,source,Nemesis.OnSlain,1134
2,13,Material,source,Nemesis.OnSlain,10
2,13,DP,stock,end,2300
2,13,Material,stock,end,634
2,13,Fame,stock,end,1756
2,14,DP,source,SurfaceMap.CollectYields,59
2,14,Material,source,SurfaceMap.CollectYields,3
2,14,Fame,source,SurfaceMap.CollectYields,13
2,14,DP,source,DistrictCatalog.Collect,98
2,14,DP,sink,MinionRoster.TryForge,-285
2,14,DP,sink,DungeonFloorManager.TryExpandFloor,-1500
2,14,DP,sink,MinionRoster.TryEvolveIndividual,-325
2,14,DP,sink,DungeonFeatureManager.TryPlaceTrap,-150
2,14,DP,sink,MinionRoster.TrySummon,-189
2,14,DP,source,AdventurerAI.ReapEmotion,243
2,14,Fame,source,AdventurerAI.GrantReturnReward,60
2,14,Fame,source,LureEconomy.OnHeroEscaped,150
2,14,DP,source,AdventurerAI.TakeDamage,2526
2,14,Material,source,AdventurerAI.TakeDamage,73
2,14,DP,sink,CommandSystem.TryUse,-2300
2,14,DP,source,AdventurerAI.GrantReturnReward,1870
2,14,DP,source,Nemesis.OnSlain,1749
2,14,Material,source,Nemesis.OnSlain,15
2,14,DP,stock,end,4096
2,14,Material,stock,end,725
2,14,Fame,stock,end,1979
2,15,DP,source,SurfaceMap.CollectYields,82
2,15,Material,source,SurfaceMap.CollectYields,4
2,15,Fame,source,SurfaceMap.CollectYields,18
2,15,DP,source,DistrictCatalog.Collect,98
2,15,DP,sink,MinionRoster.TryForge,-1590
2,15,DP,sink,MinionRoster.TryEvolveIndividual,-2200
2,15,DP,sink,DungeonFeatureManager.TryPlaceTrap,-300
2,15,DP,sink,MinionRoster.TrySummon,-167
2,15,DP,source,AdventurerAI.ReapEmotion,167
2,15,DP,source,AdventurerAI.TakeDamage,2796
2,15,Material,source,AdventurerAI.TakeDamage,170
2,15,DP,sink,CommandSystem.TryUse,-4450
2,15,DP,source,AdventurerAI.GrantReturnReward,4420
2,15,Fame,source,AdventurerAI.GrantReturnReward,120
2,15,Fame,source,LureEconomy.OnHeroEscaped,300
2,15,DP,source,Nemesis.OnSlain,1198
2,15,Material,source,Nemesis.OnSlain,10
2,15,DP,stock,end,4150
2,15,Material,stock,end,909
2,15,Fame,stock,end,2417
2,16,DP,source,SurfaceMap.CollectYields,82
2,16,Material,source,SurfaceMap.CollectYields,4
2,16,Fame,source,SurfaceMap.CollectYields,18
2,16,DP,source,DistrictCatalog.Collect,98
2,16,DP,sink,MinionRoster.TryForge,-3862
2,16,DP,sink,DungeonFeatureManager.TryPlaceTrap,-300
2,16,DP,sink,MinionRoster.TrySummon,-162
2,16,DP,source,AdventurerAI.ReapEmotion,284
2,16,DP,source,AdventurerAI.TakeDamage,2129
2,16,Material,source,AdventurerAI.TakeDamage,221
2,16,DP,sink,CommandSystem.TryUse,-5100
2,16,DP,source,AdventurerAI.GrantReturnReward,4367
2,16,Fame,source,AdventurerAI.GrantReturnReward,60
2,16,Fame,source,LureEconomy.OnHeroEscaped,150
2,16,DP,source,Nemesis.OnSlain,1848
2,16,Material,source,Nemesis.OnSlain,15
2,16,DP,stock,end,3534
2,16,Material,stock,end,1149
2,16,Fame,stock,end,2645
2,17,DP,source,SurfaceMap.CollectYields,82
2,17,Material,source,SurfaceMap.CollectYields,4
2,17,Fame,source,SurfaceMap.CollectYields,18
2,17,DP,source,DistrictCatalog.Collect,98
2,17,DP,source,EraSystem.TickTurn,720
2,17,DP,sink,MinionRoster.TryForge,-1196
2,17,DP,sink,DungeonFloorManager.TryExpandFloor,-2500
2,17,DP,sink,MinionRoster.TryEvolveIndividual,-325
2,17,DP,sink,DungeonFeatureManager.TryPlaceTrap,-150
2,17,DP,sink,MinionRoster.TrySummon,-256
2,17,DP,source,AdventurerAI.ReapEmotion,153
2,17,DP,source,AdventurerAI.TakeDamage,2669
2,17,Material,source,AdventurerAI.TakeDamage,97
2,17,DP,sink,CommandSystem.TryUse,-2300
2,17,DP,source,AdventurerAI.GrantReturnReward,1663
2,17,Fame,source,AdventurerAI.GrantReturnReward,40
2,17,Fame,source,LureEconomy.OnHeroEscaped,100
2,17,DP,source,Nemesis.OnSlain,2141
2,17,Material,source,Nemesis.OnSlain,17
2,17,DP,stock,end,4333
2,17,Material,stock,end,1267
2,17,Fame,stock,end,2803
2,18,DP,source,SurfaceMap.CollectYields,59
2,18,Material,source,SurfaceMap.CollectYields,3
2,18,Fame,source,SurfaceMap.CollectYields,13
2,18,DP,source,DistrictCatalog.Collect,98
2,18,DP,sink,MinionRoster.TryForge,-1006
2,18,DP,sink,DungeonFloorManager.TryExpandFloor,-2500
2,18,DP,sink,MinionRoster.TryEvolveIndividual,-550
2,18,DP,sink,DungeonFeatureManager.TryPlaceTrap,-150
2,18,DP,sink,MinionRoster.TrySummon,-272
2,18,DP,source,AdventurerAI.ReapEmotion,157
2,18,DP,source,AdventurerAI.TakeDamage,1323
2,18,Material,source,AdventurerAI.TakeDamage,49
2,18,DP,sink,CommandSystem.TryUse,-2950
2,18,DP,source,AdventurerAI.GrantReturnReward,4734
2,18,Fame,source,AdventurerAI.GrantReturnReward,150
2,18,Fame,source,LureEconomy.OnHeroEscaped,375
2,18,DP,source,Nemesis.OnSlain,1264
2,18,Material,source,Nemesis.OnSlain,10
2,18,DP,stock,end,4540
2,18,Material,stock,end,1329
2,18,Fame,stock,end,3341
2,19,DP,source,SurfaceMap.CollectYields,59
2,19,Material,source,SurfaceMap.CollectYields,3
2,19,Fame,source,SurfaceMap.CollectYields,13
2,19,DP,source,DistrictCatalog.Collect,98
2,19,DP,source,EraSystem.TickTurn,300
2,19,DP,sink,MinionRoster.TryForge,-4366
2,19,DP,sink,DungeonFeatureManager.TryPlaceTrap,-450
2,19,DP,sink,MinionRoster.TrySummon,-181
2,19,DP,source,AdventurerAI.ReapEmotion,148
2,19,DP,source,AdventurerAI.TakeDamage,5710
2,19,Material,source,AdventurerAI.TakeDamage,138
2,19,DP,sink,CommandSystem.TryUse,-5600
2,19,DP,source,AdventurerAI.GrantReturnReward,2585
2,19,Fame,source,AdventurerAI.GrantReturnReward,80
2,19,Fame,source,LureEconomy.OnHeroEscaped,200
2,19,DP,source,Nemesis.OnSlain,1312
2,19,Material,source,Nemesis.OnSlain,10
2,19,DP,stock,end,4155
2,19,Material,stock,end,1480
2,19,Fame,stock,end,3634
2,20,DP,source,SurfaceMap.CollectYields,59
2,20,Material,source,SurfaceMap.CollectYields,3
2,20,Fame,source,SurfaceMap.CollectYields,13
2,20,DP,source,DistrictCatalog.Collect,112
2,20,DP,sink,MinionRoster.TryForge,-979
2,20,DP,sink,DungeonFloorManager.TryExpandFloor,-2500
2,20,DP,sink,DungeonFeatureManager.TryPlaceTrap,-600
2,20,DP,sink,MinionRoster.TrySummon,-228
2,20,DP,source,AdventurerAI.ReapEmotion,192
2,20,DP,source,AdventurerAI.TakeDamage,5799
2,20,Material,source,AdventurerAI.TakeDamage,176
2,20,DP,sink,CommandSystem.TryUse,-2450
2,20,DP,source,Nemesis.OnSlain,1582
2,20,Material,source,Nemesis.OnSlain,12
2,20,Fame,source,AdventurerAI.GrantReturnReward,40
2,20,Fame,source,LureEconomy.OnHeroEscaped,100
2,20,DP,source,AdventurerAI.GrantReturnReward,203
2,20,DP,stock,end,5345
2,20,Material,stock,end,1671
2,20,Fame,stock,end,3787
2,21,DP,source,SurfaceMap.CollectYields,103
2,21,Material,source,SurfaceMap.CollectYields,5
2,21,Fame,source,SurfaceMap.CollectYields,23
2,21,DP,source,DistrictCatalog.Collect,112
2,21,DP,sink,MinionRoster.TryForge,-190
2,21,DP,sink,DungeonFloorManager.TryAddFloor,-5000
2,21,DP,sink,DungeonFeatureManager.TryPlaceTrap,-150
2,21,DP,sink,MinionRoster.TrySummon,-197
2,21,DP,source,AdventurerAI.ReapEmotion,160
2,21,DP,source,AdventurerAI.TakeDamage,7741
2,21,Material,source,AdventurerAI.TakeDamage,301
2,21,DP,sink,CommandSystem.TryUse,-5100
2,21,DP,source,AdventurerAI.GrantReturnReward,2437
2,21,Fame,source,AdventurerAI.GrantReturnReward,70
2,21,Fame,source,LureEconomy.OnHeroEscaped,175
2,21,DP,source,Nemesis.OnSlain,1360
2,21,Material,source,Nemesis.OnSlain,10
2,21,DP,stock,end,6621
2,21,Material,stock,end,1987
2,21,Fame,stock,end,4055
2,22,DP,source,SurfaceMap.CollectYields,123
2,22,Material,source,SurfaceMap.CollectYields,6
2,22,Fame,source,SurfaceMap.CollectYields,27
2,22,DP,source,DistrictCatalog.Collect,126
2,22,DP,sink,MinionRoster.TryForge,-4816
2,22,DP,sink,DungeonFloorManager.TryExpandFloor,-1200
2,22,DP,sink,MinionRoster.TryEvolveIndividual,-325
2,22,DP,sink,DungeonFeatureManager.TryPlaceTrap,-300
2,22,DP,sink,MinionRoster.TrySummon,-213
2,22,DP,source,AdventurerAI.ReapEmotion,174
2,22,DP,source,AdventurerAI.GrantReturnReward,4449
2,22,Fame,source,AdventurerAI.GrantReturnReward,110
2,22,Fame,source,LureEconomy.OnHeroEscaped,275
2,22,DP,sink,CommandSystem.TryUse,-5600
2,22,DP,source,AdventurerAI.TakeDamage,5052
2,22,Material,source,AdventurerAI.TakeDamage,120
2,22,DP,source,Nemesis.OnSlain,1656
2,22,Material,source,Nemesis.OnSlain,12
2,22,DP,stock,end,5747
2,22,Material,stock,end,2125
2,22,Fame,stock,end,4467
2,23,DP,source,SurfaceMap.CollectYields,162
2,23,Material,source,SurfaceMap.CollectYields,6
2,23,Fame,source,SurfaceMap.CollectYields,33
2,23,DP,source,DistrictCatalog.Collect,126
2,23,DP,sink,MinionRoster.TryForge,-5232
2,23,DP,sink,DungeonFeatureManager.TryPlaceTrap,-600
2,23,DP,sink,MinionRoster.TrySummon,-189
2,23,DP,source,AdventurerAI.ReapEmotion,229
2,23,DP,source,AdventurerAI.GrantReturnReward,9153
2,23,Fame,source,AdventurerAI.GrantReturnReward,210
2,23,Fame,source,LureEconomy.OnHeroEscaped,525
2,23,DP,sink,CommandSystem.TryUse,-5600
2,23,DP,source,Nemesis.OnSlain,1539
2,23,Material,source,Nemesis.OnSlain,10
2,23,DP,source,AdventurerAI.TakeDamage,4188
2,23,Material,source,AdventurerAI.TakeDamage,137
2,23,DP,stock,end,9523
2,23,Material,stock,end,2278
2,23,Fame,stock,end,5235
2,24,DP,source,SurfaceMap.CollectYields,164
2,24,Material,source,SurfaceMap.CollectYields,6
2,24,Fame,source,SurfaceMap.CollectYields,33
2,24,DP,source,DistrictCatalog.Collect,140
2,24,DP,sink,MinionRoster.TryForge,-168
2,24,DP,sink,MinionEvolution.TryEvolve,-4900
2,24,DP,sink,MinionRoster.TryEvolveIndividual,-4425
2,24,DP,sink,DungeonFeatureManager.TryPlaceTrap,-150
2,24,DP,sink,MinionRoster.TrySummon,-162
2,24,DP,source,AdventurerAI.ReapEmotion,172
2,24,DP,source,AdventurerAI.TakeDamage,10151
2,24,Material,source,AdventurerAI.TakeDamage,300
2,24,DP,sink,CommandSystem.TryUse,-5600
2,24,DP,source,AdventurerAI.GrantReturnReward,4262
2,24,Fame,source,AdventurerAI.GrantReturnReward,90
2,24,Fame,source,LureEconomy.OnHeroEscaped,225
2,24,DP,source,Nemesis.OnSlain,1000
2,24,Material,source,Nemesis.OnSlain,7
2,24,DP,stock,end,10007
2,24,Material,stock,end,2591
2,24,Fame,stock,end,5583
2,25,DP,source,SurfaceMap.CollectYields,180
2,25,Material,source,SurfaceMap.CollectYields,7
2,25,Fame,source,SurfaceMap.CollectYields,39
2,25,DP,source,DistrictCatalog.Collect,28
2,25,DP,source,EraSystem.TickTurn,3840
2,25,DP,sink,MinionRoster.TryForge,-168
2,25,DP,sink,DungeonFloorManager.TryAddFloor,-12500
2,25,DP,sink,DungeonFloorManager.TryExpandFloor,-400
2,25,DP,sink,MinionRoster.TryEvolveIndividual,-675
2,25,DP,sink,DungeonFeatureManager.TryPlaceTrap,-150
2,25,DP,sink,MinionRoster.TrySummon,-158
2,25,DP,source,AdventurerAI.ReapEmotion,280
2,25,DP,source,AdventurerAI.GrantReturnReward,10486
2,25,Fame,source,AdventurerAI.GrantReturnReward,360
2,25,Fame,source,LureEconomy.OnHeroEscaped,900
2,25,DP,sink,CommandSystem.TryUse,-4900
2,25,DP,source,AdventurerAI.TakeDamage,1759
2,25,Material,source,AdventurerAI.TakeDamage,283
2,25,DP,stock,end,7629
2,25,Material,stock,end,2881
2,25,Fame,stock,end,6882
2,26,DP,source,SurfaceMap.CollectYields,180
2,26,Material,source,SurfaceMap.CollectYields,7
2,26,Fame,source,SurfaceMap.CollectYields,39
2,26,DP,source,DistrictCatalog.Collect,28
2,26,DP,source,EraSystem.TickTurn,6528
2,26,DP,sink,MinionRoster.TryForge,-252
2,26,DP,sink,DungeonFloorManager.TryExpandFloor,-6300
2,26,DP,sink,MinionRoster.TryEvolveIndividual,-7375
2,26,DP,sink,DungeonFeatureManager.TryPlaceTrap,-150
2,26,DP,sink,MinionRoster.TrySummon,-264
2,26,DP,source,AdventurerAI.ReapEmotion,160
2,26,DP,source,AdventurerAI.TakeDamage,5132
2,26,Material,source,AdventurerAI.TakeDamage,49
2,26,DP,sink,CommandSystem.TryUse,-6050
2,26,DP,source,AdventurerAI.GrantReturnReward,16974
2,26,Fame,source,AdventurerAI.GrantReturnReward,360
2,26,Fame,source,LureEconomy.OnHeroEscaped,900
2,26,DP,stock,end,16240
2,26,Material,stock,end,2937
2,26,Fame,stock,end,8181
2,27,DP,source,SurfaceMap.CollectYields,157
2,27,Material,source,SurfaceMap.CollectYields,7
2,27,Fame,source,SurfaceMap.CollectYields,32
2,27,DP,source,DistrictCatalog.Collect,28
2,27,DP,source,EraSystem.TickTurn,6528
2,27,DP,sink,MinionRoster.TryForge,-10980
2,27,DP,sink,DungeonFloorManager.TryExpandFloor,-2500
2,27,DP,sink,MinionRoster.TryEvolveIndividual,-2100
2,27,DP,sink,DungeonFeatureManager.TryPlaceTrap,-3600
2,27,DP,sink,MinionRoster.TrySummon,-3760
2,27,DP,source,AdventurerAI.ReapEmotion,158
2,27,DP,source,AdventurerAI.GrantReturnReward,12086
2,27,Fame,source,AdventurerAI.GrantReturnReward,230
2,27,Fame,source,LureEconomy.OnHeroEscaped,575
2,27,DP,sink,CommandSystem.TryUse,-5600
2,27,DP,source,AdventurerAI.TakeDamage,17593
2,27,Material,source,AdventurerAI.TakeDamage,580
2,27,DP,stock,end,24250
2,27,Material,stock,end,3524
2,27,Fame,stock,end,9018
2,28,DP,source,SurfaceMap.CollectYields,182
2,28,Material,source,SurfaceMap.CollectYields,8
2,28,Fame,source,SurfaceMap.CollectYields,37
2,28,DP,source,DistrictCatalog.Collect,28
2,28,DP,source,EraSystem.TickTurn,3840
2,28,DP,sink,MinionRoster.TryForge,-12720
2,28,DP,sink,MinionRoster.TryEvolveIndividual,-500
2,28,Material,sink,MinionRoster.TryForge,-16
2,28,DP,sink,DungeonFeatureManager.TryPlaceTrap,-3600
2,28,DP,sink,MinionRoster.TrySummon,-11459
2,28,DP,source,AdventurerAI.ReapEmotion,224
2,28,DP,source,AdventurerAI.TakeDamage,19838
2,28,Material,source,AdventurerAI.TakeDamage,314
2,28,DP,sink,CommandSystem.TryUse,-6050
2,28,DP,source,AdventurerAI.GrantReturnReward,12471
2,28,Fame,source,AdventurerAI.GrantReturnReward,260
2,28,Fame,source,LureEconomy.OnHeroEscaped,650
2,28,DP,stock,end,26504
2,28,Material,stock,end,3830
2,28,Fame,stock,end,9965
2,29,DP,source,SurfaceMap.CollectYields,182
2,29,Material,source,SurfaceMap.CollectYields,8
2,29,Fame,source,SurfaceMap.CollectYields,37
2,29,DP,source,DistrictCatalog.Collect,28
2,29,DP,source,EraSystem.TickTurn,3840
2,29,DP,sink,MinionRoster.TryForge,-5952
2,29,DP,sink,MinionRoster.TryEvolveIndividual,-325
2,29,DP,sink,DungeonFeatureManager.TryPlaceTrap,-3600
2,29,DP,sink,MinionRoster.TrySummon,-20646
2,29,DP,source,AdventurerAI.ReapEmotion,166
2,29,DP,source,AdventurerAI.TakeDamage,23330
2,29,Material,source,AdventurerAI.TakeDamage,874
2,29,DP,sink,CommandSystem.TryUse,-6050
2,29,DP,source,AdventurerAI.GrantReturnReward,13488
2,29,Fame,source,AdventurerAI.GrantReturnReward,240
2,29,Fame,source,LureEconomy.OnHeroEscaped,600
2,29,DP,source,Nemesis.OnSlain,1476
2,29,Material,source,Nemesis.OnSlain,9
2,29,DP,stock,end,32441
2,29,Material,stock,end,4721
2,29,Fame,stock,end,10842
2,30,DP,source,SurfaceMap.CollectYields,182
2,30,Material,source,SurfaceMap.CollectYields,8
2,30,Fame,source,SurfaceMap.CollectYields,37
2,30,DP,source,DistrictCatalog.Collect,28
2,30,DP,source,EraSystem.TickTurn,6528
2,30,Material,source,EraSystem.TickTurn,32
2,30,DP,sink,MinionRoster.TryForge,-1764
2,30,DP,sink,DungeonFloorManager.TryAddFloor,-31250
2,30,DP,sink,DungeonFloorManager.TryExpandFloor,-5200
2,30,DP,sink,MinionRoster.TryEvolveIndividual,-575
2,30,DP,sink,DungeonFeatureManager.TryPlaceTrap,-150
2,30,DP,sink,MinionRoster.TrySummon,-207
2,30,DP,source,AdventurerAI.ReapEmotion,250
2,30,DP,source,AdventurerAI.GrantReturnReward,17907
2,30,Fame,source,AdventurerAI.GrantReturnReward,470
2,30,Fame,source,LureEconomy.OnHeroEscaped,1175
2,30,DP,sink,CommandSystem.TryUse,-3400
2,30,DP,source,AdventurerAI.TakeDamage,8567
2,30,Material,source,AdventurerAI.TakeDamage,316
2,30,DP,stock,end,23357
2,30,Material,stock,end,5077
2,30,Fame,stock,end,12524
2,31,DP,source,SurfaceMap.CollectYields,182
2,31,Material,source,SurfaceMap.CollectYields,9
2,31,Fame,source,SurfaceMap.CollectYields,37
2,31,DP,source,DistrictCatalog.Collect,28
2,31,DP,source,EraSystem.TickTurn,3840
2,31,Material,source,EraSystem.TickTurn,37
2,31,Fame,source,EraSystem.TickTurn,80
2,31,DP,sink,MinionRoster.TryForge,-7164
2,31,DP,sink,MinionRoster.TryEvolveIndividual,-650
2,31,DP,sink,DungeonFeatureManager.TryPlaceTrap,-3600
2,31,DP,sink,MinionRoster.TrySummon,-15968
2,31,DP,source,AdventurerAI.ReapEmotion,182
2,31,DP,source,AdventurerAI.TakeDamage,25476
2,31,Material,source,AdventurerAI.TakeDamage,554
2,31,DP,sink,CommandSystem.TryUse,-5600
2,31,DP,source,AdventurerAI.GrantReturnReward,14921
2,31,Fame,source,AdventurerAI.GrantReturnReward,260
2,31,Fame,source,LureEconomy.OnHeroEscaped,650
2,31,DP,source,Nemesis.OnSlain,810
2,31,Material,source,Nemesis.OnSlain,6
2,31,DP,stock,end,35814
2,31,Material,stock,end,5683
2,31,Fame,stock,end,13551
2,32,DP,source,SurfaceMap.CollectYields,182
2,32,Material,source,SurfaceMap.CollectYields,9
2,32,Fame,source,SurfaceMap.CollectYields,37
2,32,DP,source,DistrictCatalog.Collect,28
2,32,DP,source,EraSystem.TickTurn,6528
2,32,Fame,source,EraSystem.TickTurn,192
2,32,DP,sink,MinionRoster.TryForge,-11664
2,32,DP,sink,DungeonFeatureManager.TryPlaceTrap,-3600
2,32,DP,sink,MinionRoster.TrySummon,-27260
2,32,DP,source,AdventurerAI.ReapEmotion,182
2,32,DP,source,AdventurerAI.TakeDamage,39323
2,32,Material,source,AdventurerAI.TakeDamage,1288
2,32,DP,sink,CommandSystem.TryUse,-5200
2,32,DP,source,AdventurerAI.GrantReturnReward,9866
2,32,Fame,source,AdventurerAI.GrantReturnReward,160
2,32,Fame,source,LureEconomy.OnHeroEscaped,400
2,32,DP,source,Nemesis.OnSlain,7149
2,32,Material,source,Nemesis.OnSlain,32
2,32,DP,stock,end,51348
2,32,Material,stock,end,7012
2,32,Fame,stock,end,14340
2,33,DP,source,SurfaceMap.CollectYields,160
2,33,Material,source,SurfaceMap.CollectYields,8
2,33,Fame,source,SurfaceMap.CollectYields,33
2,33,DP,source,DistrictCatalog.Collect,28
2,33,DP,sink,MinionRoster.TryForge,-19026
2,33,Material,sink,MinionRoster.TryForge,-42
2,33,DP,sink,DungeonFeatureManager.TryPlaceTrap,-3600
2,33,DP,sink,MinionRoster.TrySummon,-28902
2,33,DP,source,AdventurerAI.ReapEmotion,271
2,33,DP,source,AdventurerAI.TakeDamage,38347
2,33,Material,source,AdventurerAI.TakeDamage,963
2,33,DP,sink,CommandSystem.TryUse,-4450
2,33,DP,source,AdventurerAI.GrantReturnReward,15956
2,33,Fame,source,AdventurerAI.GrantReturnReward,190
2,33,Fame,source,LureEconomy.OnHeroEscaped,475
2,33,DP,source,Nemesis.OnSlain,5742
2,33,Material,source,Nemesis.OnSlain,30
2,33,DP,stock,end,55874
2,33,Material,stock,end,7971
2,33,Fame,stock,end,15038
2,34,DP,source,SurfaceMap.CollectYields,160
2,34,Material,source,SurfaceMap.CollectYields,8
2,34,Fame,source,SurfaceMap.CollectYields,33
2,34,DP,source,DistrictCatalog.Collect,28
2,34,DP,sink,MinionRoster.TryForge,-23940
2,34,Material,sink,MinionRoster.TryForge,-84
2,34,DP,sink,DungeonFeatureManager.TryPlaceTrap,-2100
2,34,DP,sink,MinionRoster.TrySummon,-29999
2,34,DP,source,AdventurerAI.ReapEmotion,155
2,34,DP,source,AdventurerAI.GrantReturnReward,20900
2,34,Fame,source,AdventurerAI.GrantReturnReward,260
2,34,Fame,source,LureEconomy.OnHeroEscaped,650
2,34,DP,sink,CommandSystem.TryUse,-5100
2,34,DP,source,AdventurerAI.TakeDamage,29794
2,34,Material,source,AdventurerAI.TakeDamage,965
2,34,DP,source,Nemesis.OnSlain,842
2,34,Material,source,Nemesis.OnSlain,6
2,34,DP,stock,end,46614
2,34,Material,stock,end,8866
2,34,Fame,stock,end,15981
2,35,DP,source,SurfaceMap.CollectYields,135
2,35,Material,source,SurfaceMap.CollectYields,7
2,35,Fame,source,SurfaceMap.CollectYields,28
2,35,DP,source,DistrictCatalog.Collect,28
2,35,DP,sink,MinionRoster.TryForge,-23940
2,35,Material,sink,MinionRoster.TryForge,-84
2,35,DP,sink,MinionRoster.TrySummon,-22818
2,35,DP,source,AdventurerAI.ReapEmotion,296
2,35,DP,sink,CommandSystem.TryUse,-5650
2,35,DP,source,AdventurerAI.GrantReturnReward,15169
2,35,Fame,source,AdventurerAI.GrantReturnReward,180
2,35,Fame,source,LureEconomy.OnHeroEscaped,450
2,35,DP,source,AdventurerAI.TakeDamage,59404
2,35,Material,source,AdventurerAI.TakeDamage,722
2,35,DP,source,Nemesis.OnSlain,1718
2,35,Material,source,Nemesis.OnSlain,12
2,35,DP,stock,end,70956
2,35,Material,stock,end,9523
2,35,Fame,stock,end,16639
2,36,DP,source,SurfaceMap.CollectYields,135
2,36,Material,source,SurfaceMap.CollectYields,7
2,36,Fame,source,SurfaceMap.CollectYields,28
2,36,DP,source,DistrictCatalog.Collect,28
2,36,DP,sink,MinionRoster.TryForge,-34470
2,36,Material,sink,MinionRoster.TryForge,-246
2,36,DP,sink,MinionRoster.TrySummon,-36628
2,36,DP,source,AdventurerAI.ReapEmotion,186
2,36,DP,source,AdventurerAI.GrantReturnReward,25731
2,36,Fame,source,AdventurerAI.GrantReturnReward,260
2,36,Fame,source,LureEconomy.OnHeroEscaped,650
2,36,DP,sink,CommandSystem.TryUse,-4900
2,36,DP,source,AdventurerAI.TakeDamage,33075
2,36,Material,source,AdventurerAI.TakeDamage,667
2,36,DP,source,Nemesis.OnSlain,2058
2,36,Material,source,Nemesis.OnSlain,14
2,36,DP,stock,end,56171
2,36,Material,stock,end,9965
2,36,Fame,stock,end,17577
2,37,DP,source,SurfaceMap.CollectYields,138
2,37,Material,source,SurfaceMap.CollectYields,7
2,37,Fame,source,SurfaceMap.CollectYields,28
2,37,DP,source,DistrictCatalog.Collect,28
2,37,DP,source,EraSystem.TickTurn,1920
2,37,Material,source,EraSystem.TickTurn,37
2,37,DP,sink,MinionRoster.TryForge,-40320
2,37,Material,sink,MinionRoster.TryForge,-336
2,37,DP,sink,MinionRoster.TrySummon,-17902
2,37,DP,source,AdventurerAI.ReapEmotion,183
2,37,DP,source,AdventurerAI.TakeDamage,32146
2,37,Material,source,AdventurerAI.TakeDamage,870
2,37,DP,sink,CommandSystem.TryUse,-5600
2,37,DP,source,AdventurerAI.GrantReturnReward,25398
2,37,Fame,source,AdventurerAI.GrantReturnReward,230
2,37,Fame,source,LureEconomy.OnHeroEscaped,575
2,37,DP,source,Nemesis.OnSlain,891
2,37,Material,source,Nemesis.OnSlain,6
2,37,DP,stock,end,53053
2,37,Material,stock,end,10549
2,37,Fame,stock,end,18410
2,38,DP,source,SurfaceMap.CollectYields,138
2,38,Material,source,SurfaceMap.CollectYields,7
2,38,Fame,source,SurfaceMap.CollectYields,28
2,38,DP,source,DistrictCatalog.Collect,28
2,38,DP,sink,MinionRoster.TryForge,-40320
2,38,Material,sink,MinionRoster.TryForge,-336
2,38,DP,sink,MinionRoster.TrySummon,-12893
2,38,DP,source,AdventurerAI.ReapEmotion,196
2,38,DP,source,AdventurerAI.GrantReturnReward,19105
2,38,Fame,source,AdventurerAI.GrantReturnReward,230
2,38,Fame,source,LureEconomy.OnHeroEscaped,575
2,38,DP,sink,CommandSystem.TryUse,-4450
2,38,DP,source,AdventurerAI.TakeDamage,49150
2,38,Material,source,AdventurerAI.TakeDamage,1336
2,38,DP,source,Nemesis.OnSlain,891
2,38,Material,source,Nemesis.OnSlain,6
2,38,DP,stock,end,64898
2,38,Material,stock,end,11562
2,38,Fame,stock,end,19243
2,39,DP,source,SurfaceMap.CollectYields,138
2,39,Material,source,SurfaceMap.CollectYields,7
2,39,Fame,source,SurfaceMap.CollectYields,28
2,39,DP,source,DistrictCatalog.Collect,28
2,39,DP,sink,MinionRoster.TryForge,-55320
2,39,Material,sink,MinionRoster.TryForge,-586
2,39,DP,sink,MinionRoster.TrySummon,-9717
2,39,DP,source,AdventurerAI.ReapEmotion,176
2,39,DP,source,AdventurerAI.GrantReturnReward,9430
2,39,Fame,source,AdventurerAI.GrantReturnReward,160
2,39,Fame,source,LureEconomy.OnHeroEscaped,400
2,39,DP,sink,CommandSystem.TryUse,-6050
2,39,DP,source,AdventurerAI.TakeDamage,40531
2,39,Material,source,AdventurerAI.TakeDamage,989
2,39,DP,source,Nemesis.OnSlain,2151
2,39,Material,source,Nemesis.OnSlain,14
2,39,DP,stock,end,46265
2,39,Material,stock,end,11986
2,39,Fame,stock,end,19831
3,1,DP,sink,DungeonFeatureManager.TryPlaceTrap,-150
3,1,DP,source,AdventurerAI.ReapEmotion,200
3,1,DP,source,AdventurerAI.TakeDamage,159
3,1,Material,source,AdventurerAI.TakeDamage,6
3,1,DP,sink,CommandSystem.TryUse,-650
3,1,DP,source,AdventurerAI.GrantReturnReward,538
3,1,Fame,source,AdventurerAI.GrantReturnReward,20
3,1,Fame,source,LureEconomy.OnHeroEscaped,50
3,1,DP,stock,end,297
3,1,Material,stock,end,6
3,1,Fame,stock,end,70
3,2,DP,source,SurfaceMap.CollectYields,18
3,2,Material,source,SurfaceMap.CollectYields,1
3,2,Fame,source,SurfaceMap.CollectYields,4
3,2,DP,source,EraSystem.TickTurn,600
3,2,Fame,source,EraSystem.TickTurn,25
3,2,DP,sink,MinionRoster.TryForge,-236
3,2,DP,sink,MinionEvolution.TryEvolve,-325
3,2,DP,sink,DungeonFeatureManager.TryPlaceTrap,-300
3,2,DP,sink,MinionRoster.TrySummon,-54
3,2,DP,source,AdventurerAI.ReapEmotion,431
3,2,DP,sink,CommandSystem.TryUse,-650
3,2,DP,source,AdventurerAI.TakeDamage,138
3,2,Material,source,AdventurerAI.TakeDamage,6
3,2,Fame,source,AdventurerAI.GrantReturnReward,30
3,2,Fame,source,LureEconomy.OnHeroEscaped,75
3,2,DP,source,AdventurerAI.GrantReturnReward,527
3,2,DP,stock,end,446
3,2,Material,stock,end,13
3,2,Fame,stock,end,204
3,3,DP,source,SurfaceMap.CollectYields,18
3,3,Material,source,SurfaceMap.CollectYields,1
3,3,Fame,source,SurfaceMap.CollectYields,4
3,3,DP,source,EraSystem.TickTurn,600
3,3,Material,source,EraSystem.TickTurn,10
3,3,Fame,source,EraSystem.TickTurn,25
3,3,DP,sink,MinionRoster.TryForge,-236
3,3,DP,sink,DungeonFloorManager.TryExpandFloor,-400
3,3,DP,sink,MinionEvolution.TryEvolve,-75
3,3,DP,sink,DungeonFeatureManager.TryPlaceTrap,-300
3,3,DP,sink,MinionRoster.TrySummon,-40
3,3,DP,source,AdventurerAI.ReapEmotion,174
3,3,DP,source,AdventurerAI.TakeDamage,275
3,3,Material,source,AdventurerAI.TakeDamage,12
3,3,Fame,source,AdventurerAI.GrantReturnReward,20
3,3,Fame,source,LureEconomy.OnHeroEscaped,50
3,3,DP,sink,CommandSystem.TryUse,-650
3,3,DP,source,AdventurerAI.GrantReturnReward,282
3,3,DP,stock,end,94
3,3,Material,stock,end,36
3,3,Fame,stock,end,303
3,4,DP,source,SurfaceMap.CollectYields,18
3,4,Material,source,SurfaceMap.CollectYields,1
3,4,Fame,source,SurfaceMap.CollectYields,4
3,4,DP,source,EraSystem.TickTurn,600
3,4,DP,sink,MinionRoster.TryForge,-236
3,4,DP,sink,MinionRoster.TryEvolveIndividual,-175
3,4,DP,sink,DungeonFeatureManager.TryPlaceTrap,-150
3,4,DP,sink,MinionRoster.TrySummon,-141
3,4,DP,source,AdventurerAI.ReapEmotion,179
3,4,DP,source,AdventurerAI.TakeDamage,271
3,4,Material,source,AdventurerAI.TakeDamage,14
3,4,DP,source,AdventurerAI.GrantReturnReward,317
3,4,Fame,source,AdventurerAI.GrantReturnReward,30
3,4,Fame,source,LureEconomy.OnHeroEscaped,75
3,4,DP,sink,CommandSystem.TryUse,-1150
3,4,DP,source,Nemesis.OnSlain,454
3,4,Material,source,Nemesis.OnSlain,5
3,4,DP,stock,end,81
3,4,Material,stock,end,56
3,4,Fame,stock,end,412
3,5,DP,source,SurfaceMap.CollectYields,18
3,5,Material,source,SurfaceMap.CollectYields,1
3,5,Fame,source,SurfaceMap.CollectYields,4
3,5,DP,source,EraSystem.TickTurn,600
3,5,DP,sink,MinionRoster.TryForge,-212
3,5,DP,sink,MinionRoster.TryEvolveIndividual,-75
3,5,DP,sink,DungeonFeatureManager.TryPlaceTrap,-300
3,5,DP,sink,MinionRoster.TrySummon,-105
3,5,DP,source,AdventurerAI.ReapEmotion,179
3,5,DP,source,AdventurerAI.TakeDamage,521
3,5,Material,source,AdventurerAI.TakeDamage,20
3,5,DP,sink,CommandSystem.TryUse,-1150
3,5,DP,source,AdventurerAI.GrantReturnReward,629
3,5,Fame,source,AdventurerAI.GrantReturnReward,20
3,5,Fame,source,LureEconomy.OnHeroEscaped,50
3,5,DP,stock,end,186
3,5,Material,stock,end,77
3,5,Fame,stock,end,486
3,6,DP,source,SurfaceMap.CollectYields,38
3,6,Material,source,SurfaceMap.CollectYields,2
3,6,Fame,source,SurfaceMap.CollectYields,8
3,6,DP,source,EraSystem.TickTurn,600
3,6,Material,source,EraSystem.TickTurn,10
3,6,DP,sink,MinionRoster.TryForge,-212
3,6,DP,sink,MinionEvolution.TryEvolve,-225
3,6,DP,sink,DungeonFeatureManager.TryPlaceTrap,-300
3,6,DP,sink,MinionRoster.TrySummon,-70
3,6,DP,source,AdventurerAI.ReapEmotion,183
3,6,DP,source,AdventurerAI.TakeDamage,823
3,6,Material,source,AdventurerAI.TakeDamage,92
3,6,DP,sink,CommandSystem.TryUse,-1800
3,6,DP,source,Nemesis.OnSlain,1519
3,6,Material,source,Nemesis.OnSlain,14
3,6,DP,stock,end,742
3,6,Material,stock,end,195
3,6,Fame,stock,end,494
3,7,DP,source,SurfaceMap.CollectYields,38
3,7,Material,source,SurfaceMap.CollectYields,2
3,7,Fame,source,SurfaceMap.CollectYields,8
3,7,DP,source,EraSystem.TickTurn,1020
3,7,DP,sink,MinionRoster.TryForge,-212
3,7,DP,sink,DungeonFloorManager.TryAddFloor,-800
3,7,DP,sink,DungeonFloorManager.TryExpandFloor,-400
3,7,DP,sink,DungeonFeatureManager.TryPlaceTrap,-150
3,7,DP,sink,MinionRoster.TrySummon,-231
3,7,DP,source,AdventurerAI.ReapEmotion,197
3,7,DP,source,AdventurerAI.TakeDamage,657
3,7,Material,source,AdventurerAI.TakeDamage,29
3,7,DP,source,AdventurerAI.GrantReturnReward,324
3,7,Fame,source,AdventurerAI.GrantReturnReward,20
3,7,Fame,source,LureEconomy.OnHeroEscaped,50
3,7,DP,sink,CommandSystem.TryUse,-1150
3,7,DP,source,Nemesis.OnSlain,1004
3,7,Material,source,Nemesis.OnSlain,10
3,7,DP,stock,end,1039
3,7,Material,stock,end,236
3,7,Fame,stock,end,572
3,8,DP,source,SurfaceMap.CollectYields,38
3,8,Material,source,SurfaceMap.CollectYields,2
3,8,Fame,source,SurfaceMap.CollectYields,8
3,8,DP,source,EraSystem.TickTurn,600
3,8,DP,sink,MinionRoster.TryForge,-212
3,8,DP,sink,DungeonFloorManager.TryExpandFloor,-800
3,8,DP,sink,MinionEvolution.TryEvolve,-325
3,8,DP,sink,DungeonFeatureManager.TryPlaceTrap,-150
3,8,DP,sink,MinionRoster.TrySummon,-180
3,8,DP,source,AdventurerAI.ReapEmotion,114
3,8,DP,source,AdventurerAI.TakeDamage,917
3,8,Material,source,AdventurerAI.TakeDamage,40
3,8,DP,sink,CommandSystem.TryUse,-1450
3,8,DP,source,Nemesis.OnSlain,1004
3,8,Material,source,Nemesis.OnSlain,10
3,8,DP,source,AdventurerAI.GrantReturnReward,556
3,8,Fame,source,AdventurerAI.GrantReturnReward,10
3,8,Fame,source,LureEconomy.OnHeroEscaped,25
3,8,DP,stock,end,1151
3,8,Material,stock,end,288
3,8,Fame,stock,end,615
3,9,DP,source,SurfaceMap.CollectYields,67
3,9,Material,source,SurfaceMap.CollectYields,3
3,9,Fame,source,SurfaceMap.CollectYields,15
3,9,DP,source,EraSystem.TickTurn,600
3,9,Fame,source,EraSystem.TickTurn,25
3,9,DP,sink,MinionRoster.TryForge,-190
3,9,DP,sink,DungeonFloorManager.TryExpandFloor,-800
3,9,DP,sink,MinionEvolution.TryEvolve,-400
3,9,DP,sink,MinionRoster.TryEvolveIndividual,-75
3,9,DP,sink,DungeonFeatureManager.TryPlaceTrap,-150
3,9,DP,sink,MinionRoster.TrySummon,-202
3,9,DP,source,AdventurerAI.ReapEmotion,82
3,9,DP,source,AdventurerAI.TakeDamage,543
3,9,Material,source,AdventurerAI.TakeDamage,25
3,9,DP,source,AdventurerAI.GrantReturnReward,759
3,9,Fame,source,AdventurerAI.GrantReturnReward,50
3,9,Fame,source,LureEconomy.OnHeroEscaped,125
3,9,DP,sink,CommandSystem.TryUse,-1150
3,9,DP,source,Nemesis.OnSlain,1036
3,9,Material,source,Nemesis.OnSlain,10
3,9,DP,stock,end,1271
3,9,Material,stock,end,326
3,9,Fame,stock,end,830
3,10,DP,source,SurfaceMap.CollectYields,77
3,10,Material,source,SurfaceMap.CollectYields,3
3,10,Fame,source,SurfaceMap.CollectYields,15
3,10,DP,source,EraSystem.TickTurn,300
3,10,DP,sink,MinionRoster.TryForge,-190
3,10,DP,sink,MinionEvolution.TryEvolve,-750
3,10,DP,sink,MinionRoster.TryEvolveIndividual,-400
3,10,DP,sink,DungeonFeatureManager.TryPlaceTrap,-150
3,10,DP,sink,MinionRoster.TrySummon,-144
3,10,DP,source,AdventurerAI.ReapEmotion,148
3,10,DP,source,AdventurerAI.TakeDamage,1165
3,10,Material,source,AdventurerAI.TakeDamage,44
3,10,DP,sink,CommandSystem.TryUse,-1800
3,10,DP,source,AdventurerAI.GrantReturnReward,1046
3,10,Fame,source,AdventurerAI.GrantReturnReward,30
3,10,Fame,source,LureEconomy.OnHeroEscaped,75
3,10,DP,stock,end,573
3,10,Material,stock,end,373
3,10,Fame,stock,end,950
3,11,DP,source,SurfaceMap.CollectYields,77
3,11,Material,source,SurfaceMap.CollectYields,3
3,11,Fame,source,SurfaceMap.CollectYields,15
3,11,DP,source,EraSystem.TickTurn,720
3,11,DP,sink,MinionRoster.TryForge,-190
3,11,DP,sink,MinionEvolution.TryEvolve,-550
3,11,DP,sink,MinionRoster.TryEvolveIndividual,-250
3,11,DP,sink,DungeonFeatureManager.TryPlaceTrap,-150
3,11,DP,sink,MinionRoster.TrySummon,-216
3,11,DP,source,AdventurerAI.ReapEmotion,114
3,11,DP,source,AdventurerAI.TakeDamage,872
3,11,Material,source,AdventurerAI.TakeDamage,47
3,11,DP,source,AdventurerAI.GrantReturnReward,1499
3,11,Fame,source,AdventurerAI.GrantReturnReward,50
3,11,Fame,source,LureEconomy.OnHeroEscaped,125
3,11,DP,sink,CommandSystem.TryUse,-1800
3,11,DP,source,Nemesis.OnSlain,1102
3,11,Material,source,Nemesis.OnSlain,10
3,11,DP,stock,end,1801
3,11,Material,stock,end,433
3,11,Fame,stock,end,1140
3,12,DP,source,SurfaceMap.CollectYields,105
3,12,Material,source,SurfaceMap.CollectYields,4
3,12,Fame,source,SurfaceMap.CollectYields,21
3,12,DP,source,DistrictCatalog.Collect,140
3,12,DP,source,EraSystem.TickTurn,300
3,12,DP,sink,MinionRoster.TryForge,-190
3,12,DP,sink,DungeonFloorManager.TryExpandFloor,-1500
3,12,DP,sink,MinionRoster.TryEvolveIndividual,-325
3,12,DP,sink,DungeonFeatureManager.TryPlaceTrap,-150
3,12,DP,sink,MinionRoster.TrySummon,-158
3,12,DP,source,AdventurerAI.ReapEmotion,145
3,12,DP,source,AdventurerAI.TakeDamage,1212
3,12,Material,source,AdventurerAI.TakeDamage,67
3,12,Fame,source,AdventurerAI.GrantReturnReward,20
3,12,Fame,source,LureEconomy.OnHeroEscaped,50
3,12,DP,sink,CommandSystem.TryUse,-1800
3,12,DP,source,AdventurerAI.GrantReturnReward,290
3,12,DP,source,Nemesis.OnSlain,1150
3,12,Material,source,Nemesis.OnSlain,10
3,12,DP,stock,end,1020
3,12,Material,stock,end,514
3,12,Fame,stock,end,1231
3,13,DP,source,SurfaceMap.CollectYields,81
3,13,Material,source,SurfaceMap.CollectYields,4
3,13,Fame,source,SurfaceMap.CollectYields,17
3,13,DP,source,DistrictCatalog.Collect,140
3,13,DP,sink,MinionRoster.TryForge,-285
3,13,DP,sink,MinionRoster.TryEvolveIndividual,-550
3,13,DP,sink,DungeonFeatureManager.TryPlaceTrap,-150
3,13,DP,sink,MinionRoster.TrySummon,-255
3,13,DP,source,AdventurerAI.ReapEmotion,139
3,13,DP,source,AdventurerAI.TakeDamage,1697
3,13,Material,source,AdventurerAI.TakeDamage,62
3,13,DP,sink,CommandSystem.TryUse,-1800
3,13,Fame,source,AdventurerAI.GrantReturnReward,60
3,13,Fame,source,LureEconomy.OnHeroEscaped,150
3,13,DP,source,Nemesis.OnSlain,1701
3,13,Material,source,Nemesis.OnSlain,15
3,13,DP,source,AdventurerAI.GrantReturnReward,911
3,13,DP,stock,end,2649
3,13,Material,stock,end,595
3,13,Fame,stock,end,1458
3,14,DP,source,SurfaceMap.CollectYields,102
3,14,Material,source,SurfaceMap.CollectYields,5
3,14,Fame,source,SurfaceMap.CollectYields,22
3,14,DP,source,DistrictCatalog.Collect,140
3,14,DP,sink,MinionRoster.TryForge,-190
3,14,DP,sink,DungeonFloorManager.TryAddFloor,-2000
3,14,DP,sink,DungeonFloorManager.TryExpandFloor,-400
3,14,DP,sink,DungeonFeatureManager.TryPlaceTrap,-150
3,14,DP,sink,MinionRoster.TrySummon,-128
3,14,DP,source,AdventurerAI.ReapEmotion,137
3,14,DP,source,AdventurerAI.TakeDamage,1213
3,14,Material,source,AdventurerAI.TakeDamage,35
3,14,DP,sink,CommandSystem.TryUse,-1800
3,14,Fame,source,AdventurerAI.GrantReturnReward,40
3,14,Fame,source,LureEconomy.OnHeroEscaped,100
3,14,DP,source,AdventurerAI.GrantReturnReward,1001
3,14,DP,source,Nemesis.OnSlain,1166
3,14,Material,source,Nemesis.OnSlain,10
3,14,DP,stock,end,1740
3,14,Material,stock,end,645
3,14,Fame,stock,end,1620
3,15,DP,source,SurfaceMap.CollectYields,102
3,15,Material,source,SurfaceMap.CollectYields,5
3,15,Fame,source,SurfaceMap.CollectYields,22
3,15,DP,source,DistrictCatalog.Collect,140
3,15,DP,sink,MinionRoster.TryForge,-190
3,15,DP,sink,DungeonFloorManager.TryExpandFloor,-800
3,15,DP,sink,MinionRoster.TryEvolveIndividual,-625
3,15,DP,sink,DungeonFeatureManager.TryPlaceTrap,-150
3,15,DP,sink,MinionRoster.TrySummon,-216
3,15,DP,source,AdventurerAI.TakeDamage,2557
3,15,Material,source,AdventurerAI.TakeDamage,63
3,15,DP,source,AdventurerAI.ReapEmotion,307
3,15,DP,sink,CommandSystem.TryUse,-2150
3,15,Fame,source,AdventurerAI.GrantReturnReward,30
3,15,Fame,source,LureEconomy.OnHeroEscaped,75
3,15,DP,stock,end,715
3,15,Material,stock,end,713
3,15,Fame,stock,end,1747
3,16,DP,source,SurfaceMap.CollectYields,102
3,16,Material,source,SurfaceMap.CollectYields,5
3,16,Fame,source,SurfaceMap.CollectYields,22
3,16,DP,source,DistrictCatalog.Collect,154
3,16,DP,source,EraSystem.TickTurn,300
3,16,DP,source,WaveRoster.ResolveTrial,3000
3,16,DP,sink,MinionRoster.TryForge,-1657
3,16,DP,sink,DungeonFloorManager.TryExpandFloor,-1500
3,16,DP,sink,MinionRoster.TryEvolveIndividual,-575
3,16,DP,sink,DungeonFeatureManager.TryPlaceTrap,-300
3,16,DP,sink,MinionRoster.TrySummon,-236
3,16,DP,source,AdventurerAI.ReapEmotion,138
3,16,DP,source,AdventurerAI.TakeDamage,1442
3,16,Material,source,AdventurerAI.TakeDamage,38
3,16,DP,sink,CommandSystem.TryUse,-1800
3,16,DP,source,AdventurerAI.GrantReturnReward,261
3,16,Fame,source,AdventurerAI.GrantReturnReward,60
3,16,Fame,source,LureEconomy.OnHeroEscaped,150
3,16,DP,source,Nemesis.OnSlain,1848
3,16,Material,source,Nemesis.OnSlain,15
3,16,DP,stock,end,1892
3,16,Material,stock,end,771
3,16,Fame,stock,end,1979
3,17,DP,source,SurfaceMap.CollectYields,125
3,17,Material,source,SurfaceMap.CollectYields,6
3,17,Fame,source,SurfaceMap.CollectYields,27
3,17,DP,source,DistrictCatalog.Collect,154
3,17,DP,source,EraSystem.TickTurn,720
3,17,DP,sink,MinionRoster.TryForge,-802
3,17,DP,sink,DungeonFloorManager.TryExpandFloor,-1500
3,17,DP,sink,DungeonFeatureManager.TryPlaceTrap,-300
3,17,DP,sink,MinionRoster.TrySummon,-285
3,17,DP,source,AdventurerAI.ReapEmotion,146
3,17,DP,source,AdventurerAI.TakeDamage,2311
3,17,Material,source,AdventurerAI.TakeDamage,170
3,17,DP,sink,CommandSystem.TryUse,-3300
3,17,DP,source,AdventurerAI.GrantReturnReward,132
3,17,Fame,source,AdventurerAI.GrantReturnReward,10
3,17,Fame,source,LureEconomy.OnHeroEscaped,25
3,17,DP,source,Nemesis.OnSlain,1754
3,17,Material,source,Nemesis.OnSlain,14
3,17,DP,stock,end,1047
3,17,Material,stock,end,961
3,17,Fame,stock,end,2041
3,18,DP,source,SurfaceMap.CollectYields,125
3,18,Material,source,SurfaceMap.CollectYields,6
3,18,Fame,source,SurfaceMap.CollectYields,27
3,18,DP,source,DistrictCatalog.Collect,168
3,18,DP,sink,MinionRoster.TryForge,-802
3,18,DP,sink,DungeonFeatureManager.TryPlaceTrap,-300
3,18,DP,sink,MinionRoster.TrySummon,-228
3,18,DP,source,AdventurerAI.ReapEmotion,135
3,18,DP,source,AdventurerAI.TakeDamage,3092
3,18,Material,source,AdventurerAI.TakeDamage,104
3,18,DP,sink,CommandSystem.TryUse,-5100
3,18,DP,source,AdventurerAI.GrantReturnReward,3198
3,18,Fame,source,AdventurerAI.GrantReturnReward,90
3,18,Fame,source,LureEconomy.OnHeroEscaped,225
3,18,DP,source,Nemesis.OnSlain,1264
3,18,Material,source,Nemesis.OnSlain,10
3,18,DP,stock,end,2599
3,18,Material,stock,end,1081
3,18,Fame,stock,end,2383
3,19,DP,source,SurfaceMap.CollectYields,145
3,19,Material,source,SurfaceMap.CollectYields,7
3,19,Fame,source,SurfaceMap.CollectYields,31
3,19,DP,source,DistrictCatalog.Collect,168
3,19,DP,sink,MinionRoster.TryForge,-2026
3,19,DP,sink,MinionRoster.TryEvolveIndividual,-325
3,19,DP,sink,DungeonFeatureManager.TryPlaceTrap,-300
3,19,DP,sink,MinionRoster.TrySummon,-257
3,19,DP,source,AdventurerAI.ReapEmotion,153
3,19,DP,source,AdventurerAI.TakeDamage,2898
3,19,Material,source,AdventurerAI.TakeDamage,64
3,19,DP,sink,CommandSystem.TryUse,-2300
3,19,DP,source,AdventurerAI.GrantReturnReward,949
3,19,Fame,source,AdventurerAI.GrantReturnReward,40
3,19,Fame,source,LureEconomy.OnHeroEscaped,100
3,19,DP,source,Nemesis.OnSlain,2296
3,19,Material,source,Nemesis.OnSlain,17
3,19,DP,stock,end,4000
3,19,Material,stock,end,1169
3,19,Fame,stock,end,2554
3,20,DP,source,SurfaceMap.CollectYields,145
3,20,Material,source,SurfaceMap.CollectYields,7
3,20,Fame,source,SurfaceMap.CollectYields,31
3,20,DP,source,DistrictCatalog.Collect,168
3,20,DP,sink,MinionRoster.TryForge,-1414
3,20,DP,sink,DungeonFloorManager.TryExpandFloor,-2500
3,20,DP,sink,DungeonFeatureManager.TryPlaceTrap,-150
3,20,DP,sink,MinionRoster.TrySummon,-228
3,20,DP,source,AdventurerAI.ReapEmotion,409
3,20,DP,sink,CommandSystem.TryUse,-1800
3,20,DP,source,AdventurerAI.GrantReturnReward,663
3,20,Fame,source,AdventurerAI.GrantReturnReward,30
3,20,Fame,source,LureEconomy.OnHeroEscaped,75
3,20,DP,source,AdventurerAI.TakeDamage,4746
3,20,Material,source,AdventurerAI.TakeDamage,92
3,20,DP,source,Nemesis.OnSlain,2008
3,20,Material,source,Nemesis.OnSlain,15
3,20,DP,stock,end,6047
3,20,Material,stock,end,1283
3,20,Fame,stock,end,2690
3,21,DP,source,SurfaceMap.CollectYields,145
3,21,Material,source,SurfaceMap.CollectYields,7
3,21,Fame,source,SurfaceMap.CollectYields,31
3,21,DP,source,DistrictCatalog.Collect,182
3,21,DP,sink,MinionRoster.TryForge,-190
3,21,DP,sink,DungeonFloorManager.TryAddFloor,-5000
3,21,DP,sink,DungeonFloorManager.TryExpandFloor,-400
3,21,DP,sink,MinionRoster.TryEvolveIndividual,-325
3,21,DP,sink,DungeonFeatureManager.TryPlaceTrap,-300
3,21,DP,sink,MinionRoster.TrySummon,-150
3,21,DP,source,AdventurerAI.ReapEmotion,195
3,21,DP,source,AdventurerAI.GrantReturnReward,727
3,21,Fame,source,AdventurerAI.GrantReturnReward,40
3,21,Fame,source,LureEconomy.OnHeroEscaped,100
3,21,DP,sink,CommandSystem.TryUse,-2300
3,21,DP,source,AdventurerAI.TakeDamage,3388
3,21,Material,source,AdventurerAI.TakeDamage,63
3,21,DP,source,Nemesis.OnSlain,1360
3,21,Material,source,Nemesis.OnSlain,10
3,21,DP,stock,end,3379
3,21,Material,stock,end,1363
3,21,Fame,stock,end,2861
3,22,DP,source,SurfaceMap.CollectYields,166
3,22,Material,source,SurfaceMap.CollectYields,8
3,22,Fame,source,SurfaceMap.CollectYields,36
3,22,DP,source,DistrictCatalog.Collect,182
3,22,DP,sink,MinionRoster.TryForge,-2230
3,22,DP,sink,DungeonFloorManager.TryExpandFloor,-800
3,22,DP,sink,MinionRoster.TryEvolveIndividual,-250
3,22,DP,sink,DungeonFeatureManager.TryPlaceTrap,-150
3,22,DP,sink,MinionRoster.TrySummon,-292
3,22,DP,source,AdventurerAI.ReapEmotion,208
3,22,DP,source,AdventurerAI.TakeDamage,3526
3,22,Material,source,AdventurerAI.TakeDamage,71
3,22,DP,sink,CommandSystem.TryUse,-2150
3,22,Fame,source,AdventurerAI.GrantReturnReward,30
3,22,Fame,source,LureEconomy.OnHeroEscaped,75
3,22,DP,source,Nemesis.OnSlain,2139
3,22,Material,source,Nemesis.OnSlain,15
3,22,DP,source,AdventurerAI.GrantReturnReward,813
3,22,DP,stock,end,4541
3,22,Material,stock,end,1457
3,22,Fame,stock,end,3002
3,23,DP,source,SurfaceMap.CollectYields,166
3,23,Material,source,SurfaceMap.CollectYields,8
3,23,Fame,source,SurfaceMap.CollectYields,36
3,23,DP,source,DistrictCatalog.Collect,182
3,23,DP,sink,MinionRoster.TryForge,-2868
3,23,DP,sink,DungeonFloorManager.TryExpandFloor,-1500
3,23,DP,sink,DungeonFeatureManager.TryPlaceTrap,-300
3,23,DP,sink,MinionRoster.TrySummon,-201
3,23,DP,source,AdventurerAI.ReapEmotion,94
3,23,DP,source,AdventurerAI.TakeDamage,6418
3,23,Material,source,AdventurerAI.TakeDamage,136
3,23,DP,sink,CommandSystem.TryUse,-2450
3,23,Fame,source,AdventurerAI.GrantReturnReward,70
3,23,Fame,source,LureEconomy.OnHeroEscaped,175
3,23,DP,source,AdventurerAI.GrantReturnReward,1524
3,23,DP,source,Nemesis.OnSlain,2373
3,23,Material,source,Nemesis.OnSlain,17
3,23,DP,stock,end,7979
3,23,Material,stock,end,1618
3,23,Fame,stock,end,3283
3,24,DP,source,SurfaceMap.CollectYields,166
3,24,Material,source,SurfaceMap.CollectYields,8
3,24,Fame,source,SurfaceMap.CollectYields,36
3,24,DP,source,DistrictCatalog.Collect,210
3,24,DP,sink,MinionRoster.TryForge,-168
3,24,DP,sink,MinionEvolution.TryEvolve,-4900
3,24,DP,sink,MinionRoster.TryEvolveIndividual,-2800
3,24,DP,sink,DungeonFeatureManager.TryPlaceTrap,-300
3,24,DP,sink,MinionRoster.TrySummon,-158
3,24,DP,source,AdventurerAI.ReapEmotion,103
3,24,Fame,source,AdventurerAI.GrantReturnReward,110
3,24,Fame,source,LureEconomy.OnHeroEscaped,275
3,24,DP,source,AdventurerAI.GrantReturnReward,3747
3,24,DP,source,AdventurerAI.TakeDamage,4046
3,24,Material,source,AdventurerAI.TakeDamage,68
3,24,DP,sink,CommandSystem.TryUse,-5600
3,24,DP,source,Nemesis.OnSlain,2139
3,24,Material,source,Nemesis.OnSlain,15
3,24,DP,stock,end,4464
3,24,Material,stock,end,1709
3,24,Fame,stock,end,3704
3,25,DP,source,SurfaceMap.CollectYields,190
3,25,Material,source,SurfaceMap.CollectYields,8
3,25,Fame,source,SurfaceMap.CollectYields,44
3,25,DP,source,DistrictCatalog.Collect,28
3,25,DP,source,EraSystem.TickTurn,3840
3,25,DP,sink,MinionRoster.TryForge,-168
3,25,DP,sink,MinionRoster.TryEvolveIndividual,-8050
3,25,DP,sink,DungeonFeatureManager.TryPlaceTrap,-150
3,25,DP,sink,MinionRoster.TrySummon,-126
3,25,DP,source,AdventurerAI.ReapEmotion,546
3,25,DP,source,AdventurerAI.GrantReturnReward,4881
3,25,Fame,source,AdventurerAI.GrantReturnReward,170
3,25,Fame,source,LureEconomy.OnHeroEscaped,425
3,25,DP,sink,CommandSystem.TryUse,-2650
3,25,DP,source,AdventurerAI.TakeDamage,7961
3,25,Material,source,AdventurerAI.TakeDamage,119
3,25,DP,source,Nemesis.OnSlain,1458
3,25,Material,source,Nemesis.OnSlain,10
3,25,DP,stock,end,12224
3,25,Material,stock,end,1846
3,25,Fame,stock,end,4343
3,26,DP,source,SurfaceMap.CollectYields,190
3,26,Material,source,SurfaceMap.CollectYields,8
3,26,Fame,source,SurfaceMap.CollectYields,44
3,26,DP,source,DistrictCatalog.Collect,28
3,26,DP,source,EraSystem.TickTurn,6528
3,26,DP,sink,MinionRoster.TryForge,-168
3,26,DP,sink,DungeonFloorManager.TryAddFloor,-12500
3,26,DP,sink,DungeonFloorManager.TryExpandFloor,-5200
3,26,DP,sink,MinionRoster.TryEvolveIndividual,-750
3,26,DP,sink,DungeonFeatureManager.TryPlaceTrap,-150
3,26,DP,sink,MinionRoster.TrySummon,-198
3,26,DP,source,AdventurerAI.ReapEmotion,470
3,26,DP,sink,CommandSystem.TryUse,-2650
3,26,DP,source,AdventurerAI.TakeDamage,3972
3,26,Material,source,AdventurerAI.TakeDamage,50
3,26,DP,source,AdventurerAI.GrantReturnReward,2403
3,26,Fame,source,AdventurerAI.GrantReturnReward,60
3,26,Fame,source,LureEconomy.OnHeroEscaped,150
3,26,DP,source,Nemesis.OnSlain,2235
3,26,Material,source,Nemesis.OnSlain,15
3,26,DP,stock,end,6434
3,26,Material,stock,end,1919
3,26,Fame,stock,end,4597
3,27,DP,source,SurfaceMap.CollectYields,190
3,27,Material,source,SurfaceMap.CollectYields,8
3,27,Fame,source,SurfaceMap.CollectYields,44
3,27,DP,source,DistrictCatalog.Collect,28
3,27,DP,source,EraSystem.TickTurn,6528
3,27,DP,sink,MinionRoster.TryForge,-4188
3,27,DP,sink,DungeonFloorManager.TryExpandFloor,-7500
3,27,DP,sink,MinionRoster.TryEvolveIndividual,-825
3,27,DP,sink,DungeonFeatureManager.TryPlaceTrap,-450
3,27,DP,sink,MinionRoster.TrySummon,-198
3,27,DP,source,AdventurerAI.ReapEmotion,226
3,27,DP,source,AdventurerAI.GrantReturnReward,4893
3,27,Fame,source,AdventurerAI.GrantReturnReward,110
3,27,Fame,source,LureEconomy.OnHeroEscaped,275
3,27,DP,sink,CommandSystem.TryUse,-5600
3,27,DP,source,AdventurerAI.TakeDamage,12190
3,27,Material,source,AdventurerAI.TakeDamage,163
3,27,DP,source,Nemesis.OnSlain,2562
3,27,Material,source,Nemesis.OnSlain,17
3,27,DP,stock,end,14290
3,27,Material,stock,end,2107
3,27,Fame,stock,end,5026
3,28,DP,source,SurfaceMap.CollectYields,190
3,28,Material,source,SurfaceMap.CollectYields,8
3,28,Fame,source,SurfaceMap.CollectYields,44
3,28,DP,source,DistrictCatalog.Collect,28
3,28,DP,source,EraSystem.TickTurn,3840
3,28,DP,sink,MinionRoster.TryForge,-13296
3,28,DP,sink,MinionRoster.TryEvolveIndividual,-1125
3,28,DP,sink,DungeonFeatureManager.TryPlaceTrap,-3600
3,28,DP,sink,MinionRoster.TrySummon,-310
3,28,DP,source,AdventurerAI.ReapEmotion,110
3,28,DP,source,AdventurerAI.TakeDamage,11746
3,28,Material,source,AdventurerAI.TakeDamage,159
3,28,DP,sink,CommandSystem.TryUse,-5100
3,28,DP,source,AdventurerAI.GrantReturnReward,4338
3,28,Fame,source,AdventurerAI.GrantReturnReward,100
3,28,Fame,source,LureEconomy.OnHeroEscaped,250
3,28,DP,source,Nemesis.OnSlain,2333
3,28,Material,source,Nemesis.OnSlain,15
3,28,DP,stock,end,13444
3,28,Material,stock,end,2289
3,28,Fame,stock,end,5420
3,29,DP,source,SurfaceMap.CollectYields,167
3,29,Material,source,SurfaceMap.CollectYields,8
3,29,Fame,source,SurfaceMap.CollectYields,37
3,29,DP,source,DistrictCatalog.Collect,28
3,29,DP,source,EraSystem.TickTurn,6528
3,29,DP,sink,MinionRoster.TryForge,-16806
3,29,DP,sink,MinionRoster.TryEvolveIndividual,-375
3,29,Material,sink,MinionRoster.TryForge,-30
3,29,DP,sink,DungeonFeatureManager.TryPlaceTrap,-2700
3,29,DP,sink,MinionRoster.TrySummon,-276
3,29,DP,source,IncidentSystem.Apply,600
3,29,DP,sink,CommandSystem.TryUse,-5600
3,29,DP,source,AdventurerAI.ReapEmotion,212
3,29,DP,source,AdventurerAI.TakeDamage,13034
3,29,Material,source,AdventurerAI.TakeDamage,149
3,29,Fame,source,AdventurerAI.GrantReturnReward,120
3,29,Fame,source,LureEconomy.OnHeroEscaped,300
3,29,DP,source,AdventurerAI.GrantReturnReward,3432
3,29,DP,source,Nemesis.OnSlain,2334
3,29,Material,source,Nemesis.OnSlain,18
3,29,DP,stock,end,14022
3,29,Material,stock,end,2434
3,29,Fame,stock,end,5877
3,30,DP,source,SurfaceMap.CollectYields,167
3,30,Material,source,SurfaceMap.CollectYields,9
3,30,Fame,source,SurfaceMap.CollectYields,37
3,30,DP,source,DistrictCatalog.Collect,28
3,30,DP,source,EraSystem.TickTurn,3840
3,30,Material,source,EraSystem.TickTurn,74
3,30,DP,sink,MinionRoster.TryForge,-16590
3,30,DP,sink,MinionRoster.TryEvolveIndividual,-325
3,30,Material,sink,MinionRoster.TryForge,-54
3,30,DP,sink,DungeonFeatureManager.TryPlaceTrap,-900
3,30,DP,sink,MinionRoster.TrySummon,-242
3,30,DP,source,AdventurerAI.ReapEmotion,759
3,30,DP,sink,CommandSystem.TryUse,-5950
3,30,DP,source,AdventurerAI.TakeDamage,20478
3,30,Material,source,AdventurerAI.TakeDamage,206
3,30,DP,source,AdventurerAI.GrantReturnReward,5067
3,30,Fame,source,AdventurerAI.GrantReturnReward,170
3,30,Fame,source,LureEconomy.OnHeroEscaped,425
3,30,DP,source,Nemesis.OnSlain,1604
3,30,Material,source,Nemesis.OnSlain,12
3,30,DP,stock,end,21958
3,30,Material,stock,end,2681
3,30,Fame,stock,end,6509
3,31,DP,source,SurfaceMap.CollectYields,167
3,31,Material,source,SurfaceMap.CollectYields,9
3,31,Fame,source,SurfaceMap.CollectYields,37
3,31,DP,source,DistrictCatalog.Collect,28
3,31,DP,source,EraSystem.TickTurn,3840
3,31,Fame,source,EraSystem.TickTurn,80
3,31,DP,source,WaveRoster.ResolveTrial,6000
3,31,DP,sink,MinionRoster.TryForge,-168
3,31,DP,sink,DungeonFloorManager.TryAddFloor,-31250
3,31,DP,sink,DungeonFeatureManager.TryPlaceTrap,-300
3,31,DP,sink,MinionRoster.TrySummon,-249
3,31,DP,source,AdventurerAI.ReapEmotion,247
3,31,DP,source,AdventurerAI.TakeDamage,19480
3,31,Material,source,AdventurerAI.TakeDamage,229
3,31,DP,sink,CommandSystem.TryUse,-5600
3,31,DP,source,AdventurerAI.GrantReturnReward,2419
3,31,Fame,source,AdventurerAI.GrantReturnReward,80
3,31,Fame,source,LureEconomy.OnHeroEscaped,200
3,31,DP,source,Nemesis.OnSlain,2430
3,31,Material,source,Nemesis.OnSlain,18
3,31,DP,stock,end,19002
3,31,Material,stock,end,2937
3,31,Fame,stock,end,6906
3,32,DP,source,SurfaceMap.CollectYields,167
3,32,Material,source,SurfaceMap.CollectYields,9
3,32,Fame,source,SurfaceMap.CollectYields,37
3,32,DP,source,DistrictCatalog.Collect,28
3,32,DP,source,EraSystem.TickTurn,6528
3,32,Fame,source,EraSystem.TickTurn,192
3,32,DP,sink,MinionRoster.TryForge,-18192
3,32,DP,sink,DungeonFloorManager.TryExpandFloor,-5200
3,32,DP,sink,MinionRoster.TryEvolveIndividual,-1250
3,32,Material,sink,MinionRoster.TryForge,-56
3,32,DP,sink,DungeonFeatureManager.TryPlaceTrap,-900
3,32,DP,sink,MinionRoster.TrySummon,-180
3,32,DP,source,AdventurerAI.ReapEmotion,293
3,32,DP,source,AdventurerAI.TakeDamage,18552
3,32,Material,source,AdventurerAI.TakeDamage,204
3,32,DP,sink,CommandSystem.TryUse,-5450
3,32,DP,source,AdventurerAI.GrantReturnReward,8233
3,32,Fame,source,AdventurerAI.GrantReturnReward,140
3,32,Fame,source,LureEconomy.OnHeroEscaped,350
3,32,DP,source,Nemesis.OnSlain,2774
3,32,Material,source,Nemesis.OnSlain,20
3,32,DP,stock,end,24405
3,32,Material,stock,end,3114
3,32,Fame,stock,end,7625
3,33,DP,source,SurfaceMap.CollectYields,166
3,33,Material,source,SurfaceMap.CollectYields,9
3,33,Fame,source,SurfaceMap.CollectYields,36
3,33,DP,source,DistrictCatalog.Collect,28
3,33,DP,sink,MinionRoster.TryForge,-22680
3,33,DP,sink,MinionRoster.TryEvolveIndividual,-250
3,33,Material,sink,MinionRoster.TryForge,-168
3,33,DP,sink,DungeonFeatureManager.TryPlaceTrap,-1500
3,33,DP,sink,MinionRoster.TrySummon,-150
3,33,DP,source,AdventurerAI.ReapEmotion,106
3,33,DP,source,AdventurerAI.GrantReturnReward,3256
3,33,Fame,source,AdventurerAI.GrantReturnReward,140
3,33,Fame,source,LureEconomy.OnHeroEscaped,350
3,33,DP,sink,CommandSystem.TryUse,-5600
3,33,DP,source,AdventurerAI.TakeDamage,22661
3,33,Material,source,AdventurerAI.TakeDamage,164
3,33,DP,source,Nemesis.OnSlain,2511
3,33,Material,source,Nemesis.OnSlain,18
3,33,DP,stock,end,22953
3,33,Material,stock,end,3137
3,33,Fame,stock,end,8151
3,34,DP,source,SurfaceMap.CollectYields,143
3,34,Material,source,SurfaceMap.CollectYields,8
3,34,Fame,source,SurfaceMap.CollectYields,31
3,34,DP,source,DistrictCatalog.Collect,28
3,34,DP,source,EraSystem.TickTurn,1920
3,34,Material,source,EraSystem.TickTurn,37
3,34,DP,sink,MinionRoster.TryForge,-23460
3,34,DP,sink,MinionRoster.TryEvolveIndividual,-625
3,34,Material,sink,MinionRoster.TryForge,-180
3,34,DP,sink,DungeonFeatureManager.TryPlaceTrap,-750
3,34,DP,sink,MinionRoster.TrySummon,-188
3,34,DP,source,AdventurerAI.ReapEmotion,206
3,34,DP,source,AdventurerAI.TakeDamage,23037
3,34,Material,source,AdventurerAI.TakeDamage,255
3,34,DP,sink,CommandSystem.TryUse,-5750
3,34,DP,source,AdventurerAI.GrantReturnReward,4508
3,34,Fame,source,AdventurerAI.GrantReturnReward,140
3,34,Fame,source,LureEconomy.OnHeroEscaped,350
3,34,DP,source,Nemesis.OnSlain,2526
3,34,Material,source,Nemesis.OnSlain,18
3,34,DP,stock,end,24548
3,34,Material,stock,end,3275
3,34,Fame,stock,end,8672
3,35,DP,source,SurfaceMap.CollectYields,143
3,35,Material,source,SurfaceMap.CollectYields,8
3,35,Fame,source,SurfaceMap.CollectYields,31
3,35,DP,source,DistrictCatalog.Collect,28
3,35,DP,sink,MinionRoster.TryForge,-22500
3,35,DP,sink,MinionRoster.TryEvolveIndividual,-625
3,35,Material,sink,MinionRoster.TryForge,-172
3,35,DP,sink,DungeonFeatureManager.TryPlaceTrap,-1350
3,35,DP,sink,MinionRoster.TrySummon,-225
3,35,DP,source,AdventurerAI.ReapEmotion,262
3,35,DP,source,AdventurerAI.TakeDamage,35537
3,35,Material,source,AdventurerAI.TakeDamage,217
3,35,DP,sink,CommandSystem.TryUse,-5100
3,35,Fame,source,AdventurerAI.GrantReturnReward,160
3,35,Fame,source,LureEconomy.OnHeroEscaped,400
3,35,DP,source,AdventurerAI.GrantReturnReward,8648
3,35,DP,source,Nemesis.OnSlain,1718
3,35,Material,source,Nemesis.OnSlain,12
3,35,DP,stock,end,41084
3,35,Material,stock,end,3340
3,35,Fame,stock,end,9263
3,36,DP,source,SurfaceMap.CollectYields,143
3,36,Material,source,SurfaceMap.CollectYields,8
3,36,Fame,source,SurfaceMap.CollectYields,31
3,36,DP,source,DistrictCatalog.Collect,28
3,36,DP,sink,MinionRoster.TryForge,-38940
3,36,DP,sink,MinionRoster.TryEvolveIndividual,-750
3,36,Material,sink,MinionRoster.TryForge,-374
3,36,DP,sink,DungeonFeatureManager.TryPlaceTrap,-1350
3,36,DP,sink,MinionRoster.TrySummon,-188
3,36,DP,source,AdventurerAI.ReapEmotion,163
3,36,DP,source,AdventurerAI.TakeDamage,37025
3,36,Material,source,AdventurerAI.TakeDamage,234
3,36,DP,sink,CommandSystem.TryUse,-2950
3,36,DP,source,AdventurerAI.GrantReturnReward,2577
3,36,Fame,source,AdventurerAI.GrantReturnReward,120
3,36,Fame,source,LureEconomy.OnHeroEscaped,300
3,36,DP,source,Nemesis.OnSlain,1750
3,36,Material,source,Nemesis.OnSlain,12
3,36,DP,stock,end,38592
3,36,Material,stock,end,3220
3,36,Fame,stock,end,9714
3,37,DP,source,SurfaceMap.CollectYields,166
3,37,Material,source,SurfaceMap.CollectYields,9
3,37,Fame,source,SurfaceMap.CollectYields,36
3,37,DP,source,DistrictCatalog.Collect,28
3,37,DP,sink,MinionRoster.TryForge,-37020
3,37,DP,sink,MinionRoster.TryEvolveIndividual,-250
3,37,Material,sink,MinionRoster.TryForge,-398
3,37,DP,sink,DungeonFeatureManager.TryPlaceTrap,-1350
3,37,DP,sink,MinionRoster.TrySummon,-156
3,37,DP,source,AdventurerAI.ReapEmotion,281
3,37,DP,source,AdventurerAI.TakeDamage,26336
3,37,Material,source,AdventurerAI.TakeDamage,157
3,37,DP,sink,CommandSystem.TryUse,-5600
3,37,DP,source,AdventurerAI.GrantReturnReward,2639
3,37,Fame,source,AdventurerAI.GrantReturnReward,80
3,37,Fame,source,LureEconomy.OnHeroEscaped,200
3,37,DP,source,Nemesis.OnSlain,2986
3,37,Material,source,Nemesis.OnSlain,20
3,37,DP,stock,end,26652
3,37,Material,stock,end,3008
3,37,Fame,stock,end,10030
3,38,DP,source,SurfaceMap.CollectYields,208
3,38,Material,source,SurfaceMap.CollectYields,12
3,38,Fame,source,SurfaceMap.CollectYields,36
3,38,DP,source,DistrictCatalog.Collect,28
3,38,DP,sink,MinionRoster.TryForge,-24540
3,38,DP,sink,MinionRoster.TryEvolveIndividual,-625
3,38,Material,sink,MinionRoster.TryForge,-254
3,38,DP,sink,DungeonFeatureManager.TryPlaceTrap,-1500
3,38,DP,sink,MinionRoster.TrySummon,-202
3,38,DP,source,AdventurerAI.ReapEmotion,239
3,38,DP,source,AdventurerAI.TakeDamage,23357
3,38,Material,source,AdventurerAI.TakeDamage,128
3,38,DP,sink,CommandSystem.TryUse,-5750
3,38,DP,source,AdventurerAI.GrantReturnReward,7769
3,38,Fame,source,AdventurerAI.GrantReturnReward,280
3,38,Fame,source,LureEconomy.OnHeroEscaped,700
3,38,DP,source,Nemesis.OnSlain,2115
3,38,Material,source,Nemesis.OnSlain,14
3,38,DP,stock,end,27751
3,38,Material,stock,end,2908
3,38,Fame,stock,end,11046
3,39,DP,source,SurfaceMap.CollectYields,208
3,39,Material,source,SurfaceMap.CollectYields,12
3,39,Fame,source,SurfaceMap.CollectYields,36
3,39,DP,source,DistrictCatalog.Collect,28
3,39,DP,sink,MinionRoster.TryForge,-24540
3,39,DP,sink,MinionRoster.TryEvolveIndividual,-625
3,39,Material,sink,MinionRoster.TryForge,-254
3,39,DP,sink,DungeonFeatureManager.TryPlaceTrap,-2550
3,39,DP,sink,MinionRoster.TrySummon,-243
3,39,DP,source,AdventurerAI.ReapEmotion,118
3,39,DP,source,AdventurerAI.TakeDamage,28517
3,39,Material,source,AdventurerAI.TakeDamage,152
3,39,DP,sink,CommandSystem.TryUse,-5950
3,39,DP,source,AdventurerAI.GrantReturnReward,3943
3,39,Fame,source,AdventurerAI.GrantReturnReward,200
3,39,Fame,source,LureEconomy.OnHeroEscaped,500
3,39,DP,source,Nemesis.OnSlain,2721
3,39,Material,source,Nemesis.OnSlain,18
3,39,DP,stock,end,29378
3,39,Material,stock,end,2836
3,39,Fame,stock,end,11782
3,40,DP,source,SurfaceMap.CollectYields,208
3,40,Material,source,SurfaceMap.CollectYields,12
3,40,Fame,source,SurfaceMap.CollectYields,36
3,40,DP,source,DistrictCatalog.Collect,28
3,40,DP,sink,MinionRoster.TryForge,-26100
3,40,DP,sink,MinionRoster.TryEvolveIndividual,-750
3,40,Material,sink,MinionRoster.TryForge,-272
3,40,DP,sink,DungeonFeatureManager.TryPlaceTrap,-600
3,40,DP,sink,MinionRoster.TrySummon,-2130
3,40,DP,source,AdventurerAI.ReapEmotion,629
3,40,DP,sink,CommandSystem.TryUse,-2450
3,40,Fame,source,AdventurerAI.GrantReturnReward,190
3,40,Fame,source,LureEconomy.OnHeroEscaped,475
3,40,DP,source,AdventurerAI.TakeDamage,39481
3,40,Material,source,AdventurerAI.TakeDamage,259
3,40,DP,source,AdventurerAI.GrantReturnReward,7785
3,40,DP,stock,end,45479
3,40,Material,stock,end,2835
3,40,Fame,stock,end,12483
3,41,DP,source,SurfaceMap.CollectYields,208
3,41,Material,source,SurfaceMap.CollectYields,12
3,41,Fame,source,SurfaceMap.CollectYields,36
3,41,DP,source,DistrictCatalog.Collect,28
3,41,DP,source,EraSystem.TickTurn,1920
3,41,DP,sink,MinionRoster.TryForge,-31500
3,41,DP,sink,MinionRoster.TryEvolveIndividual,-75
3,41,Material,sink,MinionRoster.TryForge,-276
3,41,DP,sink,MinionRoster.TrySummon,-16053
3,41,DP,source,AdventurerAI.ReapEmotion,179
3,41,DP,source,AdventurerAI.TakeDamage,37154
3,41,Material,source,AdventurerAI.TakeDamage,181
3,41,DP,sink,CommandSystem.TryUse,-2650
3,41,DP,source,AdventurerAI.GrantReturnReward,3278
3,41,Fame,source,AdventurerAI.GrantReturnReward,140
3,41,Fame,source,LureEconomy.OnHeroEscaped,350
3,41,DP,source,Nemesis.OnSlain,2852
3,41,Material,source,Nemesis.OnSlain,18
3,41,DP,stock,end,40820
3,41,Material,stock,end,2770
3,41,Fame,stock,end,13009
3,42,DP,source,SurfaceMap.CollectYields,210
3,42,Material,source,SurfaceMap.CollectYields,12
3,42,Fame,source,SurfaceMap.CollectYields,36
3,42,DP,source,DistrictCatalog.Collect,28
3,42,DP,sink,MinionRoster.TryForge,-5736
3,42,DP,sink,MinionRoster.TryEvolveIndividual,-675
3,42,DP,sink,MinionRoster.TrySummon,-34291
3,42,DP,sink,CommandSystem.TryUse,-2650
3,42,DP,source,AdventurerAI.ReapEmotion,368
3,42,Fame,source,AdventurerAI.GrantReturnReward,320
3,42,Fame,source,LureEconomy.OnHeroEscaped,800
3,42,DP,source,AdventurerAI.TakeDamage,29177
3,42,Material,source,AdventurerAI.TakeDamage,154
3,42,DP,source,AdventurerAI.GrantReturnReward,15758
3,42,DP,source,Nemesis.OnSlain,1944
3,42,Material,source,Nemesis.OnSlain,12
3,42,DP,stock,end,44953
3,42,Material,stock,end,2948
3,42,Fame,stock,end,14165
3,43,DP,source,SurfaceMap.CollectYields,210
3,43,Material,source,SurfaceMap.CollectYields,12
3,43,Fame,source,SurfaceMap.CollectYields,36
3,43,DP,source,DistrictCatalog.Collect,28
3,43,DP,sink,MinionRoster.TryForge,-11304
3,43,DP,sink,MinionRoster.TrySummon,-33879
3,43,DP,source,AdventurerAI.ReapEmotion,238
3,43,DP,source,AdventurerAI.TakeDamage,33048
3,43,Material,source,AdventurerAI.TakeDamage,160
3,43,DP,sink,CommandSystem.TryUse,-5600
3,43,Fame,source,AdventurerAI.GrantReturnReward,190
3,43,Fame,source,LureEconomy.OnHeroEscaped,475
3,43,DP,source,AdventurerAI.GrantReturnReward,6325
3,43,DP,source,Nemesis.OnSlain,2868
3,43,Material,source,Nemesis.OnSlain,18
3,43,DP,stock,end,36887
3,43,Material,stock,end,3138
3,43,Fame,stock,end,14866
3,44,DP,source,SurfaceMap.CollectYields,210
3,44,Material,source,SurfaceMap.CollectYields,12
3,44,Fame,source,SurfaceMap.CollectYields,36
3,44,DP,source,DistrictCatalog.Collect,28
3,44,DP,sink,MinionRoster.TryForge,-21600
3,44,Material,sink,MinionRoster.TryForge,-64
3,44,DP,sink,MinionRoster.TrySummon,-15499
3,44,DP,source,AdventurerAI.ReapEmotion,310
3,44,DP,sink,CommandSystem.TryUse,-5600
3,44,DP,source,AdventurerAI.GrantReturnReward,10958
3,44,Fame,source,AdventurerAI.GrantReturnReward,320
3,44,Fame,source,LureEconomy.OnHeroEscaped,800
3,44,DP,source,AdventurerAI.TakeDamage,23647
3,44,Material,source,AdventurerAI.TakeDamage,248
3,44,DP,source,Nemesis.OnSlain,1944
3,44,Material,source,Nemesis.OnSlain,12
3,44,DP,stock,end,31285
3,44,Material,stock,end,3346
3,44,Fame,stock,end,16022
3,45,DP,source,SurfaceMap.CollectYields,210
3,45,Material,source,SurfaceMap.CollectYields,12
3,45,Fame,source,SurfaceMap.CollectYields,36
3,45,DP,source,DistrictCatalog.Collect,28
3,45,DP,sink,MinionRoster.TryForge,-29940
3,45,Material,sink,MinionRoster.TryForge,-244
3,45,DP,sink,MinionRoster.TrySummon,-1562
3,45,DP,source,AdventurerAI.ReapEmotion,286
3,45,DP,sink,CommandSystem.TryUse,-4750
3,45,Fame,source,AdventurerAI.GrantReturnReward,190
3,45,Fame,source,LureEconomy.OnHeroEscaped,475
3,45,DP,source,AdventurerAI.GrantReturnReward,6072
3,45,DP,source,AdventurerAI.TakeDamage,53092
3,45,Material,source,AdventurerAI.TakeDamage,307
3,45,DP,source,Nemesis.OnSlain,1976
3,45,Material,source,Nemesis.OnSlain,12
3,45,DP,stock,end,56697
3,45,Material,stock,end,3433
3,45,Fame,stock,end,16723
3,46,DP,source,SurfaceMap.CollectYields,181
3,46,Material,source,SurfaceMap.CollectYields,10
3,46,Fame,source,SurfaceMap.CollectYields,31
3,46,DP,source,DistrictCatalog.Collect,28
3,46,DP,sink,MinionRoster.TryForge,-55320
3,46,Material,sink,MinionRoster.TryForge,-626
3,46,DP,sink,MinionRoster.TrySummon,-1544
3,46,DP,source,AdventurerAI.ReapEmotion,181
3,46,DP,source,AdventurerAI.GrantReturnReward,12634
3,46,Fame,source,AdventurerAI.GrantReturnReward,330
3,46,Fame,source,LureEconomy.OnHeroEscaped,825
3,46,DP,sink,CommandSystem.TryUse,-4450
3,46,DP,source,AdventurerAI.TakeDamage,22931
3,46,Material,source,AdventurerAI.TakeDamage,160
3,46,DP,stock,end,31338
3,46,Material,stock,end,2977
3,46,Fame,stock,end,17909
3,47,DP,source,SurfaceMap.CollectYields,181
3,47,Material,source,SurfaceMap.CollectYields,10
3,47,Fame,source,SurfaceMap.CollectYields,31
3,47,DP,source,DistrictCatalog.Collect,28
3,47,DP,sink,MinionRoster.TryForge,-28440
3,47,Material,sink,MinionRoster.TryForge,-354
3,47,DP,sink,MinionRoster.TrySummon,-3073
3,47,DP,source,AdventurerAI.ReapEmotion,357
3,47,DP,sink,CommandSystem.TryUse,-5600
3,47,DP,source,AdventurerAI.GrantReturnReward,11492
3,47,Fame,source,AdventurerAI.GrantReturnReward,370
3,47,Fame,source,LureEconomy.OnHeroEscaped,925
3,47,DP,source,AdventurerAI.TakeDamage,19737
3,47,Material,source,AdventurerAI.TakeDamage,78
3,47,DP,source,Nemesis.OnSlain,1021
3,47,Material,source,Nemesis.OnSlain,6
3,47,DP,stock,end,27041
3,47,Material,stock,end,2717
3,47,Fame,stock,end,19235
3,48,DP,source,SurfaceMap.CollectYields,181
3,48,Material,source,SurfaceMap.CollectYields,10
3,48,Fame,source,SurfaceMap.CollectYields,31
3,48,DP,source,DistrictCatalog.Collect,28
3,48,DP,source,EraSystem.TickTurn,9720
3,48,DP,sink,MinionRoster.TryForge,-4800
3,48,Material,sink,MinionRoster.TryForge,-64
3,48,DP,sink,MinionEvolution.TryEvolve,-9050
3,48,DP,sink,MinionRoster.TryEvolveIndividual,-22250
3,48,DP,sink,MinionRoster.TrySummon,-856
3,48,DP,source,AdventurerAI.ReapEmotion,349
3,48,DP,sink,CommandSystem.TryUse,-5600
3,48,DP,source,AdventurerAI.TakeDamage,19036
3,48,Material,source,AdventurerAI.TakeDamage,206
3,48,DP,source,AdventurerAI.GrantReturnReward,9716
3,48,Fame,source,AdventurerAI.GrantReturnReward,390
3,48,Fame,source,LureEconomy.OnHeroEscaped,975
3,48,DP,source,Nemesis.OnSlain,2774
3,48,Material,source,Nemesis.OnSlain,16
3,48,DP,stock,end,26289
3,48,Material,stock,end,2885
3,48,Fame,stock,end,20631
3,49,DP,source,SurfaceMap.CollectYields,258
3,49,Material,source,SurfaceMap.CollectYields,12
3,49,Fame,source,SurfaceMap.CollectYields,44
3,49,DP,source,DistrictCatalog.Collect,28
3,49,DP,source,EraSystem.TickTurn,9720
3,49,DP,sink,MinionRoster.TryForge,-4800
3,49,Material,sink,MinionRoster.TryForge,-64
3,49,DP,sink,MinionEvolution.TryEvolve,-14200
3,49,DP,sink,MinionRoster.TryEvolveIndividual,-16500
3,49,DP,sink,MinionRoster.TrySummon,-785
3,49,DP,source,AdventurerAI.ReapEmotion,402
3,49,DP,source,AdventurerAI.TakeDamage,40200
3,49,Material,source,AdventurerAI.TakeDamage,662
3,49,DP,sink,CommandSystem.TryUse,-5950
3,49,DP,source,AdventurerAI.GrantReturnReward,16413
3,49,Fame,source,AdventurerAI.GrantReturnReward,380
3,49,Fame,source,LureEconomy.OnHeroEscaped,950
3,49,DP,source,Nemesis.OnSlain,2445
3,49,Material,source,Nemesis.OnSlain,14
3,49,DP,stock,end,53520
3,49,Material,stock,end,3509
3,49,Fame,stock,end,22005
3,50,DP,source,SurfaceMap.CollectYields,258
3,50,Material,source,SurfaceMap.CollectYields,12
3,50,Fame,source,SurfaceMap.CollectYields,44
3,50,DP,source,DistrictCatalog.Collect,28
3,50,DP,source,EraSystem.TickTurn,9720
3,50,DP,sink,MinionRoster.TryForge,-4800
3,50,Material,sink,MinionRoster.TryForge,-64
3,50,DP,sink,MinionEvolution.TryEvolve,-19050
3,50,DP,sink,MinionRoster.TryEvolveIndividual,-39000
3,50,DP,sink,MinionRoster.TrySummon,-651
3,50,DP,source,AdventurerAI.ReapEmotion,349
3,50,DP,sink,CommandSystem.TryUse,-5200
3,50,DP,source,AdventurerAI.GrantReturnReward,23932
3,50,Fame,source,AdventurerAI.GrantReturnReward,510
3,50,Fame,source,LureEconomy.OnHeroEscaped,1275
3,50,DP,source,AdventurerAI.TakeDamage,85175
3,50,Material,source,AdventurerAI.TakeDamage,798
3,50,DP,source,Nemesis.OnSlain,2947
3,50,Material,source,Nemesis.OnSlain,16
3,50,DP,stock,end,107228
3,50,Material,stock,end,4271
3,50,Fame,stock,end,23834
3,51,DP,source,SurfaceMap.CollectYields,258
3,51,Material,source,SurfaceMap.CollectYields,12
3,51,Fame,source,SurfaceMap.CollectYields,44
3,51,DP,source,DistrictCatalog.Collect,28
3,51,DP,source,EraSystem.TickTurn,9720
3,51,DP,sink,MinionRoster.TryForge,-4800
3,51,Material,sink,MinionRoster.TryForge,-64
3,51,DP,sink,DungeonFloorManager.TryAddFloor,-78125
3,51,DP,sink,DungeonFloorManager.TryExpandFloor,-5200
3,51,DP,sink,MinionRoster.TryEvolveIndividual,-28250
3,51,DP,sink,DungeonFeatureManager.TryPlaceTrap,-600
3,51,DP,sink,MinionRoster.TrySummon,-233
3,51,DP,source,AdventurerAI.ReapEmotion,179
3,51,DP,source,AdventurerAI.GrantReturnReward,17773
3,51,Fame,source,AdventurerAI.GrantReturnReward,330
3,51,Fame,source,LureEconomy.OnHeroEscaped,825
3,51,DP,sink,CommandSystem.TryUse,-4800
3,51,DP,source,AdventurerAI.TakeDamage,41385
3,51,Material,source,AdventurerAI.TakeDamage,417
3,51,DP,source,Nemesis.OnSlain,2138
3,51,Material,source,Nemesis.OnSlain,12
3,51,DP,stock,end,56701
3,51,Material,stock,end,4648
3,51,Fame,stock,end,25033
3,52,DP,source,SurfaceMap.CollectYields,258
3,52,Material,source,SurfaceMap.CollectYields,12
3,52,Fame,source,SurfaceMap.CollectYields,44
3,52,DP,source,DistrictCatalog.Collect,28
3,52,DP,source,EraSystem.TickTurn,16524
3,52,DP,sink,MinionRoster.TryForge,-38400
3,52,Material,sink,MinionRoster.TryForge,-512
3,52,DP,sink,MinionRoster.TryEvolveIndividual,-32050
3,52,DP,sink,DungeonFeatureManager.TryPlaceTrap,-2850
3,52,DP,sink,MinionRoster.TrySummon,-186
3,52,DP,source,AdventurerAI.ReapEmotion,146
3,52,DP,source,AdventurerAI.GrantReturnReward,7170
3,52,Fame,source,AdventurerAI.GrantReturnReward,230
3,52,Fame,source,LureEconomy.OnHeroEscaped,575
3,52,DP,sink,CommandSystem.TryUse,-4750
3,52,DP,source,AdventurerAI.TakeDamage,60471
3,52,Material,source,AdventurerAI.TakeDamage,661
3,52,DP,source,Nemesis.OnSlain,2235
3,52,Material,source,Nemesis.OnSlain,12
3,52,DP,stock,end,65297
3,52,Material,stock,end,4821
3,52,Fame,stock,end,25882
3,53,DP,source,SurfaceMap.CollectYields,210
3,53,Material,source,SurfaceMap.CollectYields,12
3,53,Fame,source,SurfaceMap.CollectYields,36
3,53,DP,source,DistrictCatalog.Collect,28
3,53,Material,source,DistrictCatalog.Collect,6
3,53,DP,source,EraSystem.TickTurn,9720
3,53,Material,source,EraSystem.TickTurn,124
3,53,DP,sink,MinionRoster.TryForge,-26400
3,53,Material,sink,MinionRoster.TryForge,-352
3,53,DP,sink,MinionRoster.TryEvolveIndividual,-44950
3,53,DP,sink,DungeonFeatureManager.TryPlaceTrap,-1650
3,53,DP,sink,MinionRoster.TrySummon,-2208
3,53,DP,source,AdventurerAI.ReapEmotion,310
3,53,DP,sink,CommandSystem.TryUse,-5100
3,53,DP,source,AdventurerAI.TakeDamage,82021
3,53,Material,source,AdventurerAI.TakeDamage,1099
3,53,DP,source,AdventurerAI.GrantReturnReward,33830
3,53,Fame,source,AdventurerAI.GrantReturnReward,630
3,53,Fame,source,LureEconomy.OnHeroEscaped,1575
3,53,DP,source,Nemesis.OnSlain,1085
3,53,Material,source,Nemesis.OnSlain,6
3,53,DP,stock,end,112193
3,53,Material,stock,end,5716
3,53,Fame,stock,end,28123
3,54,DP,source,SurfaceMap.CollectYields,210
3,54,Material,source,SurfaceMap.CollectYields,12
3,54,Fame,source,SurfaceMap.CollectYields,36
3,54,DP,source,DistrictCatalog.Collect,28
3,54,Material,source,DistrictCatalog.Collect,6
3,54,DP,source,EraSystem.TickTurn,9720
3,54,Material,source,EraSystem.TickTurn,62
3,54,Fame,source,EraSystem.TickTurn,135
3,54,DP,sink,MinionRoster.TryForge,-72000
3,54,Material,sink,MinionRoster.TryForge,-960
3,54,DP,sink,MinionRoster.TryEvolveIndividual,-47100
3,54,DP,sink,MinionRoster.TrySummon,-3027
3,54,DP,source,AdventurerAI.ReapEmotion,398
3,54,DP,sink,CommandSystem.TryUse,-5600
3,54,DP,source,AdventurerAI.GrantReturnReward,13502
3,54,Fame,source,AdventurerAI.GrantReturnReward,450
3,54,Fame,source,LureEconomy.OnHeroEscaped,1125
3,54,DP,source,AdventurerAI.TakeDamage,52723
3,54,Material,source,AdventurerAI.TakeDamage,586
3,54,DP,source,Nemesis.OnSlain,3095
3,54,Material,source,Nemesis.OnSlain,16
3,54,DP,stock,end,64142
3,54,Material,stock,end,5438
3,54,Fame,stock,end,29869
4,1,DP,sink,DungeonFeatureManager.TryPlaceTrap,-150
4,1,DP,source,AdventurerAI.ReapEmotion,150
4,1,DP,source,AdventurerAI.GrantReturnReward,501
4,1,Fame,source,AdventurerAI.GrantReturnReward,20
4,1,Fame,source,LureEconomy.OnHeroEscaped,50
4,1,DP,sink,CommandSystem.TryUse,-650
4,1,DP,source,AdventurerAI.TakeDamage,166
4,1,Material,source,AdventurerAI.TakeDamage,6
4,1,DP,stock,end,217
4,1,Material,stock,end,6
4,1,Fame,stock,end,70
4,2,DP,source,SurfaceMap.CollectYields,18
4,2,Material,source,SurfaceMap.CollectYields,1
4,2,Fame,source,SurfaceMap.CollectYields,4
4,2,DP,source,EraSystem.TickTurn,600
4,2,Fame,source,EraSystem.TickTurn,25
4,2,DP,sink,MinionRoster.TryForge,-236
4,2,DP,sink,MinionEvolution.TryEvolve,-225
4,2,DP,sink,DungeonFeatureManager.TryPlaceTrap,-300
4,2,DP,sink,MinionRoster.TrySummon,-72
4,2,DP,source,AdventurerAI.TakeDamage,140
4,2,Material,source,AdventurerAI.TakeDamage,4
4,2,DP,source,AdventurerAI.ReapEmotion,100
4,2,DP,source,AdventurerAI.GrantReturnReward,423
4,2,Fame,source,AdventurerAI.GrantReturnReward,30
4,2,Fame,source,LureEconomy.OnHeroEscaped,75
4,2,DP,sink,CommandSystem.TryUse,-650
4,2,DP,stock,end,15
4,2,Material,stock,end,11
4,2,Fame,stock,end,204
4,3,DP,source,SurfaceMap.CollectYields,18
4,3,Material,source,SurfaceMap.CollectYields,1
4,3,Fame,source,SurfaceMap.CollectYields,4
4,3,DP,source,EraSystem.TickTurn,600
4,3,Material,source,EraSystem.TickTurn,10
4,3,Fame,source,EraSystem.TickTurn,25
4,3,DP,sink,MinionRoster.TryForge,-236
4,3,DP,sink,DungeonFeatureManager.TryPlaceTrap,-300
4,3,DP,sink,MinionRoster.TrySummon,-80
4,3,DP,source,AdventurerAI.ReapEmotion,229
4,3,DP,source,AdventurerAI.TakeDamage,326
4,3,Material,source,AdventurerAI.TakeDamage,8
4,3,DP,sink,CommandSystem.TryUse,-300
4,3,Fame,source,AdventurerAI.GrantReturnReward,10
4,3,Fame,source,LureEconomy.OnHeroEscaped,25
4,3,DP,stock,end,272
4,3,Material,stock,end,30
4,3,Fame,stock,end,268
4,4,DP,source,SurfaceMap.CollectYields,18
4,4,Material,source,SurfaceMap.CollectYields,1
4,4,Fame,source,SurfaceMap.CollectYields,4
4,4,DP,source,EraSystem.TickTurn,600
4,4,DP,sink,MinionRoster.TryForge,-236
4,4,DP,sink,MinionEvolution.TryEvolve,-175
4,4,DP,sink,MinionRoster.TryEvolveIndividual,-175
4,4,DP,sink,DungeonFeatureManager.TryPlaceTrap,-150
4,4,DP,sink,MinionRoster.TrySummon,-141
4,4,DP,source,AdventurerAI.ReapEmotion,124
4,4,Fame,source,AdventurerAI.GrantReturnReward,10
4,4,Fame,source,LureEconomy.OnHeroEscaped,25
4,4,DP,source,AdventurerAI.TakeDamage,429
4,4,Material,source,AdventurerAI.TakeDamage,16
4,4,DP,source,Nemesis.OnSlain,454
4,4,Material,source,Nemesis.OnSlain,5
4,4,DP,sink,CommandSystem.TryUse,-650
4,4,DP,stock,end,370
4,4,Material,stock,end,52
4,4,Fame,stock,end,307
4,5,DP,source,SurfaceMap.CollectYields,18
4,5,Material,source,SurfaceMap.CollectYields,1
4,5,Fame,source,SurfaceMap.CollectYields,4
4,5,DP,source,EraSystem.TickTurn,600
4,5,DP,sink,MinionRoster.TryForge,-212
4,5,DP,sink,DungeonFloorManager.TryExpandFloor,-400
4,5,DP,sink,DungeonFeatureManager.TryPlaceTrap,-300
4,5,DP,sink,MinionRoster.TrySummon,-63
4,5,DP,source,AdventurerAI.ReapEmotion,104
4,5,DP,source,AdventurerAI.TakeDamage,619
4,5,Material,source,AdventurerAI.TakeDamage,20
4,5,DP,sink,CommandSystem.TryUse,-1150
4,5,DP,source,AdventurerAI.GrantReturnReward,1110
4,5,Fame,source,AdventurerAI.GrantReturnReward,40
4,5,Fame,source,LureEconomy.OnHeroEscaped,100
4,5,DP,source,Nemesis.OnSlain,940
4,5,Material,source,Nemesis.OnSlain,10
4,5,DP,stock,end,1636
4,5,Material,stock,end,83
4,5,Fame,stock,end,451
4,6,DP,source,SurfaceMap.CollectYields,39
4,6,Material,source,SurfaceMap.CollectYields,2
4,6,Fame,source,SurfaceMap.CollectYields,9
4,6,DP,source,EraSystem.TickTurn,600
4,6,Material,source,EraSystem.TickTurn,10
4,6,DP,sink,MinionRoster.TryForge,-212
4,6,DP,sink,DungeonFloorManager.TryAddFloor,-800
4,6,DP,sink,DungeonFloorManager.TryExpandFloor,-400
4,6,DP,sink,MinionEvolution.TryEvolve,-550
4,6,DP,sink,DungeonFeatureManager.TryPlaceTrap,-150
4,6,DP,sink,MinionRoster.TrySummon,-157
4,6,DP,source,AdventurerAI.ReapEmotion,180
4,6,DP,source,AdventurerAI.GrantReturnReward,667
4,6,Fame,source,AdventurerAI.GrantReturnReward,30
4,6,Fame,source,LureEconomy.OnHeroEscaped,75
4,6,DP,sink,CommandSystem.TryUse,-1150
4,6,DP,source,AdventurerAI.TakeDamage,507
4,6,Material,source,AdventurerAI.TakeDamage,26
4,6,DP,source,Nemesis.OnSlain,972
4,6,Material,source,Nemesis.OnSlain,10
4,6,DP,stock,end,1182
4,6,Material,stock,end,131
4,6,Fame,stock,end,565
4,7,DP,source,SurfaceMap.CollectYields,39
4,7,Material,source,SurfaceMap.CollectYields,2
4,7,Fame,source,SurfaceMap.CollectYields,9
4,7,DP,source,EraSystem.TickTurn,600
4,7,DP,sink,MinionRoster.TryForge,-212
4,7,DP,sink,DungeonFloorManager.TryExpandFloor,-800
4,7,DP,sink,MinionEvolution.TryEvolve,-400
4,7,DP,sink,MinionRoster.TryEvolveIndividual,-75
4,7,DP,sink,DungeonFeatureManager.TryPlaceTrap,-150
4,7,DP,sink,MinionRoster.TrySummon,-180
4,7,DP,source,AdventurerAI.ReapEmotion,79
4,7,DP,source,AdventurerAI.TakeDamage,675
4,7,Material,source,AdventurerAI.TakeDamage,25
4,7,DP,source,AdventurerAI.GrantReturnReward,55
4,7,Fame,source,AdventurerAI.GrantReturnReward,20
4,7,Fame,source,LureEconomy.OnHeroEscaped,50
4,7,DP,sink,CommandSystem.TryUse,-1300
4,7,DP,source,Nemesis.OnSlain,1004
4,7,Material,source,Nemesis.OnSlain,10
4,7,DP,stock,end,517
4,7,Material,stock,end,168
4,7,Fame,stock,end,644
4,8,DP,source,SurfaceMap.CollectYields,39
4,8,Material,source,SurfaceMap.CollectYields,2
4,8,Fame,source,SurfaceMap.CollectYields,9
4,8,DP,source,EraSystem.TickTurn,1020
4,8,DP,sink,MinionRoster.TryForge,-212
4,8,DP,sink,DungeonFloorManager.TryExpandFloor,-800
4,8,DP,sink,MinionEvolution.TryEvolve,-250
4,8,DP,sink,DungeonFeatureManager.TryPlaceTrap,-150
4,8,DP,sink,MinionRoster.TrySummon,-161
4,8,DP,source,AdventurerAI.TakeDamage,831
4,8,Material,source,AdventurerAI.TakeDamage,33
4,8,DP,source,AdventurerAI.ReapEmotion,221
4,8,DP,sink,CommandSystem.TryUse,-1300
4,8,DP,source,AdventurerAI.GrantReturnReward,296
4,8,Fame,source,AdventurerAI.GrantReturnReward,10
4,8,Fame,source,LureEconomy.OnHeroEscaped,25
4,8,DP,source,Nemesis.OnSlain,502
4,8,Material,source,Nemesis.OnSlain,5
4,8,DP,stock,end,553
4,8,Material,stock,end,208
4,8,Fame,stock,end,688
4,9,DP,source,SurfaceMap.CollectYields,69
4,9,Material,source,SurfaceMap.CollectYields,3
4,9,Fame,source,SurfaceMap.CollectYields,17
4,9,DP,source,EraSystem.TickTurn,600
4,9,Fame,source,EraSystem.TickTurn,25
4,9,DP,sink,MinionRoster.TryForge,-190
4,9,DP,sink,MinionEvolution.TryEvolve,-500
4,9,DP,sink,MinionRoster.TryEvolveIndividual,-225
4,9,DP,sink,DungeonFeatureManager.TryPlaceTrap,-150
4,9,DP,sink,MinionRoster.TrySummon,-143
4,9,DP,source,AdventurerAI.ReapEmotion,174
4,9,Fame,source,AdventurerAI.GrantReturnReward,50
4,9,Fame,source,LureEconomy.OnHeroEscaped,125
4,9,DP,source,AdventurerAI.GrantReturnReward,438
4,9,DP,sink,CommandSystem.TryUse,-2150
4,9,DP,source,AdventurerAI.TakeDamage,690
4,9,Material,source,AdventurerAI.TakeDamage,159
4,9,DP,source,Nemesis.OnSlain,1036
4,9,Material,source,Nemesis.OnSlain,10
4,9,DP,stock,end,202
4,9,Material,stock,end,380
4,9,Fame,stock,end,905
4,10,DP,source,SurfaceMap.CollectYields,79
4,10,Material,source,SurfaceMap.CollectYields,3
4,10,Fame,source,SurfaceMap.CollectYields,17
4,10,DP,source,EraSystem.TickTurn,300
4,10,DP,sink,MinionRoster.TryForge,-190
4,10,DP,sink,MinionRoster.TryEvolveIndividual,-75
4,10,DP,sink,DungeonFeatureManager.TryPlaceTrap,-150
4,10,DP,sink,MinionRoster.TrySummon,-157
4,10,DP,source,AdventurerAI.ReapEmotion,134
4,10,DP,source,AdventurerAI.TakeDamage,1245
4,10,Material,source,AdventurerAI.TakeDamage,49
4,10,DP,sink,CommandSystem.TryUse,-1300
4,10,DP,source,Nemesis.OnSlain,1290
4,10,Material,source,Nemesis.OnSlain,12
4,10,DP,stock,end,1378
4,10,Material,stock,end,444
4,10,Fame,stock,end,922
4,11,DP,source,SurfaceMap.CollectYields,79
4,11,Material,source,SurfaceMap.CollectYields,3
4,11,Fame,source,SurfaceMap.CollectYields,17
4,11,DP,source,EraSystem.TickTurn,1020
4,11,DP,source,WaveRoster.ResolveTrial,1800
4,11,DP,sink,MinionRoster.TryForge,-190
4,11,DP,sink,DungeonFloorManager.TryAddFloor,-2000
4,11,DP,sink,DungeonFloorManager.TryExpandFloor,-1200
4,11,DP,sink,MinionEvolution.TryEvolve,-550
4,11,DP,sink,DungeonFeatureManager.TryPlaceTrap,-150
4,11,DP,sink,MinionRoster.TrySummon,-172
4,11,DP,source,AdventurerAI.ReapEmotion,129
4,11,DP,source,AdventurerAI.TakeDamage,445
4,11,Material,source,AdventurerAI.TakeDamage,15
4,11,DP,sink,CommandSystem.TryUse,-1150
4,11,DP,source,AdventurerAI.GrantReturnReward,1847
4,11,Fame,source,AdventurerAI.GrantReturnReward,80
4,11,Fame,source,LureEconomy.OnHeroEscaped,200
4,11,DP,source,Nemesis.OnSlain,551
4,11,Material,source,Nemesis.OnSlain,5
4,11,DP,stock,end,1837
4,11,Material,stock,end,467
4,11,Fame,stock,end,1219
4,12,DP,source,SurfaceMap.CollectYields,106
4,12,Material,source,SurfaceMap.CollectYields,4
4,12,Fame,source,SurfaceMap.CollectYields,22
4,12,DP,source,DistrictCatalog.Collect,98
4,12,DP,sink,MinionRoster.TryForge,-190
4,12,DP,sink,DungeonFloorManager.TryExpandFloor,-1500
4,12,DP,sink,DungeonFeatureManager.TryPlaceTrap,-150
4,12,DP,sink,MinionRoster.TrySummon,-189
4,12,DP,source,AdventurerAI.ReapEmotion,123
4,12,Fame,source,AdventurerAI.GrantReturnReward,90
4,12,Fame,source,LureEconomy.OnHeroEscaped,225
4,12,DP,source,AdventurerAI.GrantReturnReward,2229
4,12,DP,sink,CommandSystem.TryUse,-2300
4,12,DP,source,AdventurerAI.TakeDamage,1355
4,12,Material,source,AdventurerAI.TakeDamage,39
4,12,DP,source,Nemesis.OnSlain,1134
4,12,Material,source,Nemesis.OnSlain,10
4,12,DP,stock,end,2553
4,12,Material,stock,end,520
4,12,Fame,stock,end,1556
4,13,DP,source,SurfaceMap.CollectYields,83
4,13,Material,source,SurfaceMap.CollectYields,4
4,13,Fame,source,SurfaceMap.CollectYields,19
4,13,DP,source,DistrictCatalog.Collect,98
4,13,DP,sink,MinionRoster.TryForge,-964
4,13,DP,sink,MinionRoster.TryEvolveIndividual,-1275
4,13,DP,sink,DungeonFeatureManager.TryPlaceTrap,-300
4,13,DP,sink,MinionRoster.TrySummon,-177
4,13,DP,source,AdventurerAI.ReapEmotion,136
4,13,Fame,source,AdventurerAI.GrantReturnReward,130
4,13,Fame,source,LureEconomy.OnHeroEscaped,325
4,13,DP,source,AdventurerAI.GrantReturnReward,1530
4,13,DP,sink,CommandSystem.TryUse,-2300
4,13,DP,source,AdventurerAI.TakeDamage,1419
4,13,Material,source,AdventurerAI.TakeDamage,53
4,13,DP,source,Nemesis.OnSlain,816
4,13,Material,source,Nemesis.OnSlain,7
4,13,DP,stock,end,1619
4,13,Material,stock,end,584
4,13,Fame,stock,end,2030
4,14,DP,source,SurfaceMap.CollectYields,104
4,14,Material,source,SurfaceMap.CollectYields,5
4,14,Fame,source,SurfaceMap.CollectYields,24
4,14,DP,source,DistrictCatalog.Collect,98
4,14,DP,sink,MinionRoster.TryForge,-1414
4,14,DP,sink,DungeonFeatureManager.TryPlaceTrap,-150
4,14,DP,sink,MinionRoster.TrySummon,-255
4,14,DP,source,AdventurerAI.ReapEmotion,126
4,14,DP,source,AdventurerAI.TakeDamage,1306
4,14,Material,source,AdventurerAI.TakeDamage,31
4,14,DP,sink,CommandSystem.TryUse,-1750
4,14,Fame,source,AdventurerAI.GrantReturnReward,60
4,14,Fame,source,LureEconomy.OnHeroEscaped,150
4,14,DP,source,AdventurerAI.GrantReturnReward,1679
4,14,DP,stock,end,1363
4,14,Material,stock,end,620
4,14,Fame,stock,end,2264
4,15,DP,source,SurfaceMap.CollectYields,104
4,15,Material,source,SurfaceMap.CollectYields,5
4,15,Fame,source,SurfaceMap.CollectYields,24
4,15,DP,source,DistrictCatalog.Collect,98
4,15,DP,sink,MinionRoster.TryForge,-992
4,15,DP,sink,DungeonFeatureManager.TryPlaceTrap,-300
4,15,DP,sink,MinionRoster.TrySummon,-270
4,15,DP,source,AdventurerAI.ReapEmotion,246
4,15,DP,source,AdventurerAI.TakeDamage,2883
4,15,Material,source,AdventurerAI.TakeDamage,68
4,15,DP,sink,CommandSystem.TryUse,-2300
4,15,DP,source,AdventurerAI.GrantReturnReward,1133
4,15,Fame,source,AdventurerAI.GrantReturnReward,40
4,15,Fame,source,LureEconomy.OnHeroEscaped,100
4,15,DP,source,Nemesis.OnSlain,1435
4,15,Material,source,Nemesis.OnSlain,12
4,15,DP,stock,end,3400
4,15,Material,stock,end,705
4,15,Fame,stock,end,2428
4,16,DP,source,SurfaceMap.CollectYields,104
4,16,Material,source,SurfaceMap.CollectYields,5
4,16,Fame,source,SurfaceMap.CollectYields,24
4,16,DP,source,DistrictCatalog.Collect,112
4,16,DP,source,EraSystem.TickTurn,300
4,16,DP,sink,MinionRoster.TryForge,-394
4,16,DP,sink,DungeonFloorManager.TryExpandFloor,-3000
4,16,DP,sink,DungeonFeatureManager.TryPlaceTrap,-300
4,16,DP,sink,MinionRoster.TrySummon,-216
4,16,DP,source,AdventurerAI.ReapEmotion,145
4,16,Fame,source,AdventurerAI.GrantReturnReward,60
4,16,Fame,source,LureEconomy.OnHeroEscaped,150
4,16,DP,source,AdventurerAI.GrantReturnReward,1237
4,16,DP,source,AdventurerAI.TakeDamage,2153
4,16,Material,source,AdventurerAI.TakeDamage,45
4,16,DP,sink,CommandSystem.TryUse,-2300
4,16,DP,source,Nemesis.OnSlain,2330
4,16,Material,source,Nemesis.OnSlain,19
4,16,DP,stock,end,3571
4,16,Material,stock,end,774
4,16,Fame,stock,end,2662
4,17,DP,source,SurfaceMap.CollectYields,127
4,17,Material,source,SurfaceMap.CollectYields,6
4,17,Fame,source,SurfaceMap.CollectYields,29
4,17,DP,source,DistrictCatalog.Collect,112
4,17,DP,source,EraSystem.TickTurn,720
4,17,DP,sink,MinionRoster.TryForge,-1210
4,17,DP,sink,DungeonFloorManager.TryExpandFloor,-2500
4,17,DP,sink,MinionRoster.TryEvolveIndividual,-325
4,17,DP,sink,DungeonFeatureManager.TryPlaceTrap,-300
4,17,DP,sink,MinionRoster.TrySummon,-170
4,17,DP,source,AdventurerAI.ReapEmotion,97
4,17,DP,source,AdventurerAI.GrantReturnReward,5576
4,17,Fame,source,AdventurerAI.GrantReturnReward,150
4,17,Fame,source,LureEconomy.OnHeroEscaped,375
4,17,DP,sink,CommandSystem.TryUse,-4250
4,17,DP,source,AdventurerAI.TakeDamage,2689
4,17,Material,source,AdventurerAI.TakeDamage,54
4,17,DP,source,Nemesis.OnSlain,1862
4,17,Material,source,Nemesis.OnSlain,14
4,17,DP,stock,end,5999
4,17,Material,stock,end,848
4,17,Fame,stock,end,3216
4,18,DP,source,SurfaceMap.CollectYields,127
4,18,Material,source,SurfaceMap.CollectYields,6
4,18,Fame,source,SurfaceMap.CollectYields,29
4,18,DP,source,DistrictCatalog.Collect,112
4,18,DP,sink,MinionRoster.TryForge,-190
4,18,DP,sink,DungeonFloorManager.TryAddFloor,-5000
4,18,DP,sink,DungeonFloorManager.TryExpandFloor,-400
4,18,DP,sink,MinionRoster.TryEvolveIndividual,-325
4,18,DP,sink,DungeonFeatureManager.TryPlaceTrap,-150
4,18,DP,sink,MinionRoster.TrySummon,-170
4,18,DP,source,AdventurerAI.ReapEmotion,95
4,18,DP,source,AdventurerAI.TakeDamage,4118
4,18,Material,source,AdventurerAI.TakeDamage,101
4,18,DP,sink,CommandSystem.TryUse,-5600
4,18,DP,source,AdventurerAI.GrantReturnReward,4219
4,18,Fame,source,AdventurerAI.GrantReturnReward,220
4,18,Fame,source,LureEconomy.OnHeroEscaped,550
4,18,DP,source,Nemesis.OnSlain,632
4,18,Material,source,Nemesis.OnSlain,5
4,18,DP,stock,end,3467
4,18,Material,stock,end,960
4,18,Fame,stock,end,4015
4,19,DP,source,SurfaceMap.CollectYields,127
4,19,Material,source,SurfaceMap.CollectYields,6
4,19,Fame,source,SurfaceMap.CollectYields,29
4,19,DP,source,DistrictCatalog.Collect,126
4,19,DP,sink,MinionRoster.TryForge,-2814
4,19,DP,sink,MinionRoster.TryEvolveIndividual,-325
4,19,DP,sink,DungeonFeatureManager.TryPlaceTrap,-300
4,19,DP,sink,MinionRoster.TrySummon,-272
4,19,DP,source,AdventurerAI.ReapEmotion,101
4,19,DP,source,AdventurerAI.GrantReturnReward,3567
4,19,Fame,source,AdventurerAI.GrantReturnReward,120
4,19,Fame,source,LureEconomy.OnHeroEscaped,300
4,19,DP,sink,CommandSystem.TryUse,-5600
4,19,DP,source,AdventurerAI.TakeDamage,3887
4,19,Material,source,AdventurerAI.TakeDamage,50
4,19,DP,source,Nemesis.OnSlain,1566
4,19,Material,source,Nemesis.OnSlain,12
4,19,DP,stock,end,3530
4,19,Material,stock,end,1028
4,19,Fame,stock,end,4464
4,20,DP,source,SurfaceMap.CollectYields,147
4,20,Material,source,SurfaceMap.CollectYields,7
4,20,Fame,source,SurfaceMap.CollectYields,33
4,20,DP,source,DistrictCatalog.Collect,126
4,20,DP,sink,MinionRoster.TryForge,-2420
4,20,DP,sink,DungeonFloorManager.TryExpandFloor,-800
4,20,DP,sink,MinionRoster.TryEvolveIndividual,-75
4,20,DP,sink,DungeonFeatureManager.TryPlaceTrap,-300
4,20,DP,sink,MinionRoster.TrySummon,-204
4,20,DP,source,AdventurerAI.ReapEmotion,181
4,20,DP,source,AdventurerAI.GrantReturnReward,3964
4,20,Fame,source,AdventurerAI.GrantReturnReward,120
4,20,Fame,source,LureEconomy.OnHeroEscaped,300
4,20,DP,sink,CommandSystem.TryUse,-3100
4,20,DP,source,AdventurerAI.TakeDamage,7999
4,20,Material,source,AdventurerAI.TakeDamage,103
4,20,DP,source,Nemesis.OnSlain,2500
4,20,Material,source,Nemesis.OnSlain,19
4,20,DP,stock,end,11548
4,20,Material,stock,end,1157
4,20,Fame,stock,end,4917
4,21,DP,source,SurfaceMap.CollectYields,147
4,21,Material,source,SurfaceMap.CollectYields,7
4,21,Fame,source,SurfaceMap.CollectYields,33
4,21,DP,source,DistrictCatalog.Collect,140
4,21,DP,sink,MinionRoster.TryForge,-11278
4,21,DP,sink,DungeonFeatureManager.TryPlaceTrap,-300
4,21,DP,sink,MinionRoster.TrySummon,-240
4,21,DP,source,AdventurerAI.ReapEmotion,145
4,21,DP,source,AdventurerAI.TakeDamage,6262
4,21,Material,source,AdventurerAI.TakeDamage,205
4,21,DP,sink,CommandSystem.TryUse,-5100
4,21,DP,source,AdventurerAI.GrantReturnReward,5077
4,21,Fame,source,AdventurerAI.GrantReturnReward,150
4,21,Fame,source,LureEconomy.OnHeroEscaped,375
4,21,DP,source,Nemesis.OnSlain,1618
4,21,Material,source,Nemesis.OnSlain,12
4,21,DP,stock,end,8019
4,21,Material,stock,end,1381
4,21,Fame,stock,end,5475
4,22,DP,source,SurfaceMap.CollectYields,193
4,22,Material,source,SurfaceMap.CollectYields,7
4,22,Fame,source,SurfaceMap.CollectYields,40
4,22,DP,source,DistrictCatalog.Collect,154
4,22,DP,sink,MinionRoster.TryForge,-5932
4,22,DP,sink,DungeonFloorManager.TryExpandFloor,-1500
4,22,DP,sink,MinionRoster.TryEvolveIndividual,-325
4,22,DP,sink,DungeonFeatureManager.TryPlaceTrap,-450
4,22,DP,sink,MinionRoster.TrySummon,-158
4,22,DP,source,AdventurerAI.ReapEmotion,166
4,22,DP,source,AdventurerAI.GrantReturnReward,13131
4,22,Fame,source,AdventurerAI.GrantReturnReward,450
4,22,Fame,source,LureEconomy.OnHeroEscaped,1125
4,22,DP,sink,CommandSystem.TryUse,-4450
4,22,DP,source,Nemesis.OnSlain,1394
4,22,Material,source,Nemesis.OnSlain,10
4,22,DP,source,AdventurerAI.TakeDamage,1857
4,22,Material,source,AdventurerAI.TakeDamage,22
4,22,DP,stock,end,12099
4,22,Material,stock,end,1420
4,22,Fame,stock,end,7090
4,23,DP,source,SurfaceMap.CollectYields,223
4,23,Material,source,SurfaceMap.CollectYields,8
4,23,Fame,source,SurfaceMap.CollectYields,46
4,23,DP,source,DistrictCatalog.Collect,154
4,23,DP,sink,MinionRoster.TryForge,-11442
4,23,DP,sink,MinionRoster.TryEvolveIndividual,-250
4,23,Material,sink,MinionRoster.TryForge,-10
4,23,DP,sink,DungeonFeatureManager.TryPlaceTrap,-600
4,23,DP,sink,MinionRoster.TrySummon,-158
4,23,DP,source,AdventurerAI.ReapEmotion,161
4,23,DP,source,AdventurerAI.GrantReturnReward,9150
4,23,Fame,source,AdventurerAI.GrantReturnReward,240
4,23,Fame,source,LureEconomy.OnHeroEscaped,600
4,23,DP,sink,CommandSystem.TryUse,-4800
4,23,DP,source,Nemesis.OnSlain,2373
4,23,Material,source,Nemesis.OnSlain,17
4,23,DP,source,AdventurerAI.TakeDamage,5400
4,23,Material,source,AdventurerAI.TakeDamage,96
4,23,DP,stock,end,12310
4,23,Material,stock,end,1531
4,23,Fame,stock,end,7976
4,24,DP,source,SurfaceMap.CollectYields,223
4,24,Material,source,SurfaceMap.CollectYields,8
4,24,Fame,source,SurfaceMap.CollectYields,46
4,24,DP,source,DistrictCatalog.Collect,154
4,24,DP,sink,MinionRoster.TryForge,-11460
4,24,DP,sink,MinionRoster.TryEvolveIndividual,-250
4,24,Material,sink,MinionRoster.TryForge,-36
4,24,DP,sink,DungeonFeatureManager.TryPlaceTrap,-750
4,24,DP,sink,MinionRoster.TrySummon,-221
4,24,DP,source,IncidentSystem.Apply,600
4,24,DP,sink,CommandSystem.TryUse,-5450
4,24,DP,source,AdventurerAI.ReapEmotion,219
4,24,DP,source,AdventurerAI.TakeDamage,7300
4,24,Material,source,AdventurerAI.TakeDamage,82
4,24,Fame,source,AdventurerAI.GrantReturnReward,260
4,24,Fame,source,LureEconomy.OnHeroEscaped,650
4,24,DP,source,AdventurerAI.GrantReturnReward,12121
4,24,DP,source,Nemesis.OnSlain,2426
4,24,Material,source,Nemesis.OnSlain,17
4,24,DP,stock,end,17222
4,24,Material,stock,end,1602
4,24,Fame,stock,end,8932
4,25,DP,source,SurfaceMap.CollectYields,209
4,25,Material,source,SurfaceMap.CollectYields,8
4,25,Fame,source,SurfaceMap.CollectYields,46
4,25,DP,source,DistrictCatalog.Collect,28
4,25,DP,source,EraSystem.TickTurn,3840
4,25,DP,sink,MinionRoster.TryForge,-168
4,25,DP,sink,DungeonFloorManager.TryAddFloor,-12500
4,25,DP,sink,MinionEvolution.TryEvolve,-4900
4,25,DP,sink,MinionRoster.TryEvolveIndividual,-3425
4,25,DP,sink,DungeonFeatureManager.TryPlaceTrap,-150
4,25,DP,sink,MinionRoster.TrySummon,-126
4,25,DP,source,AdventurerAI.ReapEmotion,286
4,25,DP,sink,CommandSystem.TryUse,-4900
4,25,DP,source,AdventurerAI.GrantReturnReward,17065
4,25,Fame,source,AdventurerAI.GrantReturnReward,700
4,25,Fame,source,LureEconomy.OnHeroEscaped,1750
4,25,DP,stock,end,12481
4,25,Material,stock,end,1610
4,25,Fame,stock,end,11428
4,26,DP,source,SurfaceMap.CollectYields,183
4,26,Material,source,SurfaceMap.CollectYields,8
4,26,Fame,source,SurfaceMap.CollectYields,38
4,26,DP,source,DistrictCatalog.Collect,28
4,26,DP,source,EraSystem.TickTurn,3840
4,26,DP,sink,MinionRoster.TryForge,-5142
4,26,DP,sink,DungeonFloorManager.TryExpandFloor,-1200
4,26,DP,sink,MinionRoster.TryEvolveIndividual,-9025
4,26,Material,sink,MinionRoster.TryForge,-6
4,26,DP,sink,DungeonFeatureManager.TryPlaceTrap,-900
4,26,DP,sink,MinionRoster.TrySummon,-264
4,26,DP,source,AdventurerAI.ReapEmotion,113
4,26,DP,source,AdventurerAI.GrantReturnReward,15203
4,26,Fame,source,AdventurerAI.GrantReturnReward,360
4,26,Fame,source,LureEconomy.OnHeroEscaped,900
4,26,DP,sink,CommandSystem.TryUse,-4750
4,26,DP,source,AdventurerAI.TakeDamage,6783
4,26,Material,source,AdventurerAI.TakeDamage,331
4,26,DP,source,Nemesis.OnSlain,745
4,26,Material,source,Nemesis.OnSlain,5
4,26,DP,stock,end,18095
4,26,Material,stock,end,1948
4,26,Fame,stock,end,12726
4,27,DP,source,SurfaceMap.CollectYields,183
4,27,Material,source,SurfaceMap.CollectYields,8
4,27,Fame,source,SurfaceMap.CollectYields,38
4,27,DP,source,DistrictCatalog.Collect,28
4,27,DP,source,EraSystem.TickTurn,9216
4,27,DP,sink,MinionRoster.TryForge,-16020
4,27,DP,sink,DungeonFloorManager.TryExpandFloor,-9000
4,27,DP,sink,MinionRoster.TryEvolveIndividual,-1450
4,27,Material,sink,MinionRoster.TryForge,-52
4,27,DP,sink,DungeonFeatureManager.TryPlaceTrap,-900
4,27,DP,sink,MinionRoster.TrySummon,-132
4,27,DP,source,AdventurerAI.ReapEmotion,104
4,27,DP,source,AdventurerAI.GrantReturnReward,11422
4,27,Fame,source,AdventurerAI.GrantReturnReward,400
4,27,Fame,source,LureEconomy.OnHeroEscaped,1000
4,27,DP,sink,CommandSystem.TryUse,-4450
4,27,DP,source,AdventurerAI.TakeDamage,5250
4,27,Material,source,AdventurerAI.TakeDamage,68
4,27,DP,source,Nemesis.OnSlain,1040
4,27,Material,source,Nemesis.OnSlain,7
4,27,DP,stock,end,13386
4,27,Material,stock,end,1979
4,27,Fame,stock,end,14164
4,28,DP,source,SurfaceMap.CollectYields,183
4,28,Material,source,SurfaceMap.CollectYields,8
4,28,Fame,source,SurfaceMap.CollectYields,38
4,28,DP,source,DistrictCatalog.Collect,28
4,28,DP,source,EraSystem.TickTurn,3840
4,28,DP,sink,MinionRoster.TryForge,-12420
4,28,DP,sink,DungeonFloorManager.TryExpandFloor,-2500
4,28,DP,sink,MinionRoster.TryEvolveIndividual,-725
4,28,Material,sink,MinionRoster.TryForge,-44
4,28,DP,sink,DungeonFeatureManager.TryPlaceTrap,-1500
4,28,DP,sink,MinionRoster.TrySummon,-276
4,28,DP,source,AdventurerAI.ReapEmotion,313
4,28,DP,sink,CommandSystem.TryUse,-5600
4,28,DP,source,AdventurerAI.GrantReturnReward,9803
4,28,Fame,source,AdventurerAI.GrantReturnReward,400
4,28,Fame,source,LureEconomy.OnHeroEscaped,1000
4,28,DP,source,AdventurerAI.TakeDamage,10343
4,28,Material,source,AdventurerAI.TakeDamage,459
4,28,DP,source,Nemesis.OnSlain,761
4,28,Material,source,Nemesis.OnSlain,5
4,28,DP,stock,end,15636
4,28,Material,stock,end,2407
4,28,Fame,stock,end,15602
4,29,DP,source,SurfaceMap.CollectYields,183
4,29,Material,source,SurfaceMap.CollectYields,8
4,29,Fame,source,SurfaceMap.CollectYields,38
4,29,DP,source,DistrictCatalog.Collect,28
4,29,DP,source,EraSystem.TickTurn,3840
4,29,DP,sink,MinionRoster.TryForge,-17700
4,29,DP,sink,MinionRoster.TryEvolveIndividual,-700
4,29,Material,sink,MinionRoster.TryForge,-132
4,29,DP,sink,DungeonFeatureManager.TryPlaceTrap,-1050
4,29,DP,sink,MinionRoster.TrySummon,-207
4,29,DP,source,AdventurerAI.ReapEmotion,148
4,29,DP,source,AdventurerAI.GrantReturnReward,13073
4,29,Fame,source,AdventurerAI.GrantReturnReward,450
4,29,Fame,source,LureEconomy.OnHeroEscaped,1125
4,29,DP,sink,CommandSystem.TryUse,-5250
4,29,DP,source,AdventurerAI.TakeDamage,7646
4,29,Material,source,AdventurerAI.TakeDamage,366
4,29,DP,source,Nemesis.OnSlain,2254
4,29,Material,source,Nemesis.OnSlain,14
4,29,DP,stock,end,17901
4,29,Material,stock,end,2663
4,29,Fame,stock,end,17215
4,30,DP,source,SurfaceMap.CollectYields,183
4,30,Material,source,SurfaceMap.CollectYields,8
4,30,Fame,source,SurfaceMap.CollectYields,38
4,30,DP,source,DistrictCatalog.Collect,28
4,30,DP,source,EraSystem.TickTurn,6528
4,30,Material,source,EraSystem.TickTurn,32
4,30,DP,sink,MinionRoster.TryForge,-22500
4,30,DP,sink,MinionRoster.TryEvolveIndividual,-850
4,30,Material,sink,MinionRoster.TryForge,-172
4,30,DP,sink,DungeonFeatureManager.TryPlaceTrap,-1050
4,30,DP,sink,MinionRoster.TrySummon,-207
4,30,DP,source,AdventurerAI.ReapEmotion,194
4,30,DP,source,AdventurerAI.GrantReturnReward,8602
4,30,Fame,source,AdventurerAI.GrantReturnReward,320
4,30,Fame,source,LureEconomy.OnHeroEscaped,800
4,30,DP,sink,CommandSystem.TryUse,-3750
4,30,DP,stock,end,5079
4,30,Material,stock,end,2531
4,30,Fame,stock,end,18373
4,31,DP,source,SurfaceMap.CollectYields,183
4,31,Material,source,SurfaceMap.CollectYields,9
4,31,Fame,source,SurfaceMap.CollectYields,38
4,31,DP,source,DistrictCatalog.Collect,28
4,31,DP,source,EraSystem.TickTurn,3840
4,31,Material,source,EraSystem.TickTurn,74
4,31,DP,sink,MinionRoster.TryForge,-7140
4,31,DP,sink,MinionRoster.TryEvolveIndividual,-350
4,31,Material,sink,MinionRoster.TryForge,-44
4,31,DP,sink,DungeonFeatureManager.TryPlaceTrap,-1350
4,31,DP,sink,MinionRoster.TrySummon,-276
4,31,DP,source,AdventurerAI.ReapEmotion,214
4,31,DP,source,AdventurerAI.GrantReturnReward,14006
4,31,Fame,source,AdventurerAI.GrantReturnReward,480
4,31,Fame,source,LureEconomy.OnHeroEscaped,1200
4,31,DP,sink,CommandSystem.TryUse,-4900
4,31,DP,source,AdventurerAI.TakeDamage,6072
4,31,Material,source,AdventurerAI.TakeDamage,54
4,31,DP,stock,end,15406
4,31,Material,stock,end,2624
4,31,Fame,stock,end,20091
4,32,DP,source,SurfaceMap.CollectYields,183
4,32,Material,source,SurfaceMap.CollectYields,9
4,32,Fame,source,SurfaceMap.CollectYields,38
4,32,DP,source,DistrictCatalog.Collect,28
4,32,DP,source,EraSystem.TickTurn,6528
4,32,Fame,source,EraSystem.TickTurn,272
4,32,DP,sink,MinionRoster.TryForge,-20580
4,32,DP,sink,MinionRoster.TryEvolveIndividual,-325
4,32,Material,sink,MinionRoster.TryForge,-156
4,32,DP,sink,DungeonFeatureManager.TryPlaceTrap,-1050
4,32,DP,sink,MinionRoster.TrySummon,-180
4,32,DP,source,AdventurerAI.ReapEmotion,110
4,32,DP,source,AdventurerAI.GrantReturnReward,11731
4,32,Fame,source,AdventurerAI.GrantReturnReward,440
4,32,Fame,source,LureEconomy.OnHeroEscaped,1100
4,32,DP,sink,CommandSystem.TryUse,-4900
4,32,DP,source,AdventurerAI.TakeDamage,10171
4,32,Material,source,AdventurerAI.TakeDamage,343
4,32,DP,stock,end,17122
4,32,Material,stock,end,2820
4,32,Fame,stock,end,21941
4,33,DP,source,SurfaceMap.CollectYields,183
4,33,Material,source,SurfaceMap.CollectYields,9
4,33,Fame,source,SurfaceMap.CollectYields,38
4,33,DP,source,DistrictCatalog.Collect,28
4,33,DP,source,EraSystem.TickTurn,1920
4,33,DP,sink,MinionRoster.TryForge,-16740
4,33,DP,sink,MinionRoster.TryEvolveIndividual,-750
4,33,Material,sink,MinionRoster.TryForge,-124
4,33,DP,sink,DungeonFeatureManager.TryPlaceTrap,-1500
4,33,DP,sink,MinionRoster.TrySummon,-262
4,33,DP,source,AdventurerAI.ReapEmotion,243
4,33,DP,source,AdventurerAI.GrantReturnReward,12800
4,33,Fame,source,AdventurerAI.GrantReturnReward,340
4,33,Fame,source,LureEconomy.OnHeroEscaped,850
4,33,DP,sink,CommandSystem.TryUse,-5550
4,33,DP,source,AdventurerAI.TakeDamage,7568
4,33,Material,source,AdventurerAI.TakeDamage,399
4,33,DP,stock,end,15062
4,33,Material,stock,end,3104
4,33,Fame,stock,end,23169
4,34,DP,source,SurfaceMap.CollectYields,183
4,34,Material,source,SurfaceMap.CollectYields,9
4,34,Fame,source,SurfaceMap.CollectYields,38
4,34,DP,source,DistrictCatalog.Collect,28
4,34,DP,sink,MinionRoster.TryForge,-11820
4,34,DP,sink,MinionRoster.TryEvolveIndividual,-775
4,34,Material,sink,MinionRoster.TryForge,-98
4,34,DP,sink,DungeonFeatureManager.TryPlaceTrap,-2400
4,34,DP,sink,MinionRoster.TrySummon,-262
4,34,DP,source,AdventurerAI.ReapEmotion,306
4,34,DP,sink,CommandSystem.TryUse,-5200
4,34,DP,source,AdventurerAI.GrantReturnReward,12079
4,34,Fame,source,AdventurerAI.GrantReturnReward,430
4,34,Fame,source,LureEconomy.OnHeroEscaped,1075
4,34,DP,source,AdventurerAI.TakeDamage,13331
4,34,Material,source,AdventurerAI.TakeDamage,624
4,34,DP,stock,end,20532
4,34,Material,stock,end,3639
4,34,Fame,stock,end,24712
4,35,DP,source,SurfaceMap.CollectYields,183
4,35,Material,source,SurfaceMap.CollectYields,9
4,35,Fame,source,SurfaceMap.CollectYields,38
4,35,DP,source,DistrictCatalog.Collect,28
4,35,DP,sink,MinionRoster.TryForge,-18300
4,35,DP,sink,MinionRoster.TryEvolveIndividual,-375
4,35,Material,sink,MinionRoster.TryForge,-182
4,35,DP,sink,DungeonFeatureManager.TryPlaceTrap,-1800
4,35,DP,sink,MinionRoster.TrySummon,-262
4,35,DP,source,AdventurerAI.ReapEmotion,266
4,35,DP,source,AdventurerAI.GrantReturnReward,10269
4,35,Fame,source,AdventurerAI.GrantReturnReward,460
4,35,Fame,source,LureEconomy.OnHeroEscaped,1150
4,35,DP,sink,CommandSystem.TryUse,-5350
4,35,DP,source,AdventurerAI.TakeDamage,10657
4,35,Material,source,AdventurerAI.TakeDamage,461
4,35,DP,stock,end,15848
4,35,Material,stock,end,3927
4,35,Fame,stock,end,26360
4,36,DP,source,SurfaceMap.CollectYields,183
4,36,Material,source,SurfaceMap.CollectYields,9
4,36,Fame,source,SurfaceMap.CollectYields,38
4,36,DP,source,DistrictCatalog.Collect,28
4,36,DP,sink,MinionRoster.TryForge,-13620
4,36,DP,sink,MinionRoster.TryEvolveIndividual,-375
4,36,Material,sink,MinionRoster.TryForge,-128
4,36,DP,sink,DungeonFeatureManager.TryPlaceTrap,-1800
4,36,DP,sink,MinionRoster.TrySummon,-262
4,36,DP,source,AdventurerAI.ReapEmotion,128
4,36,DP,source,AdventurerAI.GrantReturnReward,26324
4,36,Fame,source,AdventurerAI.GrantReturnReward,420
4,36,Fame,source,LureEconomy.OnHeroEscaped,1050
4,36,DP,sink,CommandSystem.TryUse,-5550
4,36,DP,source,AdventurerAI.TakeDamage,13419
4,36,Material,source,AdventurerAI.TakeDamage,288
4,36,DP,stock,end,34323
4,36,Material,stock,end,4096
4,36,Fame,stock,end,27868
4,37,DP,source,SurfaceMap.CollectYields,183
4,37,Material,source,SurfaceMap.CollectYields,9
4,37,Fame,source,SurfaceMap.CollectYields,38
4,37,DP,source,DistrictCatalog.Collect,28
4,37,DP,sink,MinionRoster.TryForge,-864
4,37,DP,sink,DungeonFloorManager.TryAddFloor,-31250
4,37,DP,sink,DungeonFloorManager.TryExpandFloor,-1200
4,37,DP,sink,MinionRoster.TryEvolveIndividual,-375
4,37,DP,sink,DungeonFeatureManager.TryPlaceTrap,-600
4,37,DP,sink,MinionRoster.TrySummon,-234
4,37,DP,source,AdventurerAI.ReapEmotion,193
4,37,DP,source,AdventurerAI.GrantReturnReward,23097
4,37,Fame,source,AdventurerAI.GrantReturnReward,360
4,37,Fame,source,LureEconomy.OnHeroEscaped,900
4,37,DP,sink,CommandSystem.TryUse,-4450
4,37,DP,source,AdventurerAI.TakeDamage,21537
4,37,Material,source,AdventurerAI.TakeDamage,706
4,37,DP,stock,end,40388
4,37,Material,stock,end,4811
4,37,Fame,stock,end,29166
4,38,DP,source,SurfaceMap.CollectYields,183
4,38,Material,source,SurfaceMap.CollectYields,9
4,38,Fame,source,SurfaceMap.CollectYields,38
4,38,DP,source,DistrictCatalog.Collect,28
4,38,DP,sink,MinionRoster.TryForge,-37296
4,38,DP,sink,DungeonFloorManager.TryExpandFloor,-1500
4,38,DP,sink,MinionRoster.TryEvolveIndividual,-350
4,38,Material,sink,MinionRoster.TryForge,-382
4,38,DP,sink,DungeonFeatureManager.TryPlaceTrap,-1200
4,38,DP,sink,MinionRoster.TrySummon,-243
4,38,DP,source,AdventurerAI.ReapEmotion,183
4,38,DP,source,AdventurerAI.GrantReturnReward,18995
4,38,Fame,source,AdventurerAI.GrantReturnReward,210
4,38,Fame,source,LureEconomy.OnHeroEscaped,525
4,38,DP,sink,CommandSystem.TryUse,-4800
4,38,DP,source,AdventurerAI.TakeDamage,11709
4,38,Material,source,AdventurerAI.TakeDamage,432
4,38,DP,stock,end,26097
4,38,Material,stock,end,4870
4,38,Fame,stock,end,29939
4,39,DP,source,SurfaceMap.CollectYields,183
4,39,Material,source,SurfaceMap.CollectYields,9
4,39,Fame,source,SurfaceMap.CollectYields,38
4,39,DP,source,DistrictCatalog.Collect,28
4,39,DP,sink,MinionRoster.TryForge,-24540
4,39,DP,sink,MinionRoster.TryEvolveIndividual,-350
4,39,Material,sink,MinionRoster.TryForge,-254
4,39,DP,sink,DungeonFeatureManager.TryPlaceTrap,-1200
4,39,DP,sink,MinionRoster.TrySummon,-202
4,39,DP,source,AdventurerAI.ReapEmotion,198
4,39,DP,source,AdventurerAI.GrantReturnReward,37392
4,39,Fame,source,AdventurerAI.GrantReturnReward,430
4,39,Fame,source,LureEconomy.OnHeroEscaped,1075
4,39,DP,sink,CommandSystem.TryUse,-4450
4,39,DP,source,AdventurerAI.TakeDamage,28189
4,39,Material,source,AdventurerAI.TakeDamage,568
4,39,DP,stock,end,61345
4,39,Material,stock,end,5193
4,39,Fame,stock,end,31482
4,40,DP,source,SurfaceMap.CollectYields,183
4,40,Material,source,SurfaceMap.CollectYields,9
4,40,Fame,source,SurfaceMap.CollectYields,38
4,40,DP,source,DistrictCatalog.Collect,28
4,40,DP,sink,MinionRoster.TryForge,-42840
4,40,DP,sink,MinionRoster.TryEvolveIndividual,-325
4,40,Material,sink,MinionRoster.TryForge,-436
4,40,DP,sink,DungeonFeatureManager.TryPlaceTrap,-3600
4,40,DP,sink,MinionRoster.TrySummon,-14765
4,40,DP,source,AdventurerAI.ReapEmotion,283
4,40,DP,sink,CommandSystem.TryUse,-5200
4,40,DP,source,AdventurerAI.GrantReturnReward,17546
4,40,Fame,source,AdventurerAI.GrantReturnReward,250
4,40,Fame,source,LureEconomy.OnHeroEscaped,625
4,40,DP,source,AdventurerAI.TakeDamage,46771
4,40,Material,source,AdventurerAI.TakeDamage,1517
4,40,DP,source,Nemesis.OnSlain,8333
4,40,Material,source,Nemesis.OnSlain,34
4,40,DP,stock,end,67759
4,40,Material,stock,end,6317
4,40,Fame,stock,end,32395
4,41,DP,source,SurfaceMap.CollectYields,183
4,41,Material,source,SurfaceMap.CollectYields,9
4,41,Fame,source,SurfaceMap.CollectYields,38
4,41,DP,source,DistrictCatalog.Collect,28
4,41,DP,sink,MinionRoster.TryForge,-15168
4,41,DP,sink,DungeonFloorManager.TryExpandFloor,-2500
4,41,DP,sink,MinionRoster.TryEvolveIndividual,-1075
4,41,DP,sink,DungeonFeatureManager.TryPlaceTrap,-1200
4,41,DP,sink,MinionRoster.TrySummon,-47223
4,41,DP,sink,CommandSystem.TryUse,-5950
4,41,DP,source,AdventurerAI.ReapEmotion,442
4,41,DP,source,AdventurerAI.GrantReturnReward,18474
4,41,Fame,source,AdventurerAI.GrantReturnReward,290
4,41,Fame,source,LureEconomy.OnHeroEscaped,725
4,41,DP,source,AdventurerAI.TakeDamage,30348
4,41,Material,source,AdventurerAI.TakeDamage,4173
4,41,DP,source,Nemesis.OnSlain,4278
4,41,Material,source,Nemesis.OnSlain,17
4,41,DP,stock,end,48396
4,41,Material,stock,end,10516
4,41,Fame,stock,end,33448
4,42,DP,source,SurfaceMap.CollectYields,183
4,42,Material,source,SurfaceMap.CollectYields,9
4,42,Fame,source,SurfaceMap.CollectYields,38
4,42,DP,source,DistrictCatalog.Collect,28
4,42,DP,source,EraSystem.TickTurn,1920
4,42,DP,sink,MinionRoster.TryForge,-21132
4,42,Material,sink,MinionRoster.TryForge,-60
4,42,DP,sink,MinionRoster.TrySummon,-29360
4,42,DP,source,AdventurerAI.ReapEmotion,120
4,42,DP,source,AdventurerAI.GrantReturnReward,25258
4,42,Fame,source,AdventurerAI.GrantReturnReward,400
4,42,Fame,source,LureEconomy.OnHeroEscaped,1000
4,42,DP,sink,CommandSystem.TryUse,-5100
4,42,DP,source,AdventurerAI.TakeDamage,18543
4,42,Material,source,AdventurerAI.TakeDamage,705
4,42,DP,source,Nemesis.OnSlain,956
4,42,Material,source,Nemesis.OnSlain,6
4,42,DP,stock,end,39812
4,42,Material,stock,end,11176
4,42,Fame,stock,end,34886
4,43,DP,source,SurfaceMap.CollectYields,183
4,43,Material,source,SurfaceMap.CollectYields,9
4,43,Fame,source,SurfaceMap.CollectYields,38
4,43,DP,source,DistrictCatalog.Collect,28
4,43,DP,sink,MinionRoster.TryForge,-38100
4,43,Material,sink,MinionRoster.TryForge,-332
4,43,DP,sink,MinionRoster.TrySummon,-1915
4,43,DP,source,AdventurerAI.ReapEmotion,208
4,43,DP,source,AdventurerAI.GrantReturnReward,41342
4,43,Fame,source,AdventurerAI.GrantReturnReward,680
4,43,Fame,source,LureEconomy.OnHeroEscaped,1700
4,43,DP,sink,CommandSystem.TryUse,-4450
4,43,DP,source,AdventurerAI.TakeDamage,28998
4,43,Material,source,AdventurerAI.TakeDamage,908
4,43,DP,source,Nemesis.OnSlain,956
4,43,Material,source,Nemesis.OnSlain,6
4,43,DP,stock,end,67062
4,43,Material,stock,end,11767
4,43,Fame,stock,end,37304
4,44,DP,source,SurfaceMap.CollectYields,183
4,44,Material,source,SurfaceMap.CollectYields,9
4,44,Fame,source,SurfaceMap.CollectYields,38
4,44,DP,source,DistrictCatalog.Collect,28
4,44,DP,sink,MinionRoster.TryForge,-65520
4,44,Material,sink,MinionRoster.TryForge,-756
4,44,DP,sink,MinionRoster.TrySummon,-1745
4,44,DP,source,AdventurerAI.ReapEmotion,182
4,44,DP,source,AdventurerAI.GrantReturnReward,28372
4,44,Fame,source,AdventurerAI.GrantReturnReward,370
4,44,Fame,source,LureEconomy.OnHeroEscaped,925
4,44,DP,sink,CommandSystem.TryUse,-5200
4,44,DP,source,AdventurerAI.TakeDamage,26923
4,44,Material,source,AdventurerAI.TakeDamage,840
4,44,DP,source,Nemesis.OnSlain,2298
4,44,Material,source,Nemesis.OnSlain,14
4,44,DP,stock,end,52583
4,44,Material,stock,end,11874
4,44,Fame,stock,end,38637
4,45,DP,source,SurfaceMap.CollectYields,183
4,45,Material,source,SurfaceMap.CollectYields,9
4,45,Fame,source,SurfaceMap.CollectYields,38
4,45,DP,source,DistrictCatalog.Collect,28
4,45,DP,sink,MinionRoster.TryForge,-49200
4,45,Material,sink,MinionRoster.TryForge,-628
4,45,DP,sink,MinionRoster.TrySummon,-3591
4,45,DP,source,AdventurerAI.ReapEmotion,301
4,45,DP,sink,CommandSystem.TryUse,-5550
4,45,DP,source,AdventurerAI.GrantReturnReward,55492
4,45,Fame,source,AdventurerAI.GrantReturnReward,600
4,45,Fame,source,LureEconomy.OnHeroEscaped,1500
4,45,DP,source,AdventurerAI.TakeDamage,16038
4,45,Material,source,AdventurerAI.TakeDamage,115
4,45,DP,stock,end,66284
4,45,Material,stock,end,11370
4,45,Fame,stock,end,40775
4,46,DP,source,SurfaceMap.CollectYields,183
4,46,Material,source,SurfaceMap.CollectYields,9
4,46,Fame,source,SurfaceMap.CollectYields,38
4,46,DP,source,DistrictCatalog.Collect,28
4,46,DP,sink,MinionRoster.TryForge,-62400
4,46,Material,sink,MinionRoster.TryForge,-832
4,46,DP,sink,MinionRoster.TrySummon,-4076
4,46,DP,source,AdventurerAI.ReapEmotion,217
4,46,DP,source,AdventurerAI.GrantReturnReward,38389
4,46,Fame,source,AdventurerAI.GrantReturnReward,460
4,46,Fame,source,LureEconomy.OnHeroEscaped,1150
4,46,DP,sink,CommandSystem.TryUse,-6000
4,46,DP,source,AdventurerAI.TakeDamage,15551
4,46,Material,source,AdventurerAI.TakeDamage,499
4,46,DP,source,Nemesis.OnSlain,1004
4,46,Material,source,Nemesis.OnSlain,6
4,46,DP,stock,end,49180
4,46,Material,stock,end,11052
4,46,Fame,stock,end,42423
4,47,DP,source,SurfaceMap.CollectYields,183
4,47,Material,source,SurfaceMap.CollectYields,9
4,47,Fame,source,SurfaceMap.CollectYields,38
4,47,DP,source,DistrictCatalog.Collect,28
4,47,DP,sink,MinionRoster.TryForge,-45600
4,47,Material,sink,MinionRoster.TryForge,-608
4,47,DP,sink,MinionRoster.TrySummon,-3773
4,47,DP,source,AdventurerAI.ReapEmotion,213
4,47,DP,source,AdventurerAI.GrantReturnReward,26033
4,47,Fame,source,AdventurerAI.GrantReturnReward,250
4,47,Fame,source,LureEconomy.OnHeroEscaped,625
4,47,DP,sink,CommandSystem.TryUse,-5600
4,47,DP,source,AdventurerAI.TakeDamage,9534
4,47,Material,source,AdventurerAI.TakeDamage,674
4,47,DP,stock,end,30198
4,47,Material,stock,end,11127
4,47,Fame,stock,end,43336
4,48,DP,source,SurfaceMap.CollectYields,183
4,48,Material,source,SurfaceMap.CollectYields,9
4,48,Fame,source,SurfaceMap.CollectYields,38
4,48,DP,source,DistrictCatalog.Collect,28
4,48,DP,source,EraSystem.TickTurn,9720
4,48,DP,sink,MinionRoster.TryForge,-4800
4,48,Material,sink,MinionRoster.TryForge,-64
4,48,DP,sink,MinionEvolution.TryEvolve,-9050
4,48,DP,sink,MinionRoster.TryEvolveIndividual,-25800
4,48,DP,sink,MinionRoster.TrySummon,-464
4,48,DP,source,AdventurerAI.ReapEmotion,223
4,48,DP,source,AdventurerAI.GrantReturnReward,42929
4,48,Fame,source,AdventurerAI.GrantReturnReward,520
4,48,Fame,source,LureEconomy.OnHeroEscaped,1300
4,48,DP,sink,CommandSystem.TryUse,-4900
4,48,DP,source,Nemesis.OnSlain,1387
4,48,Material,source,Nemesis.OnSlain,8
4,48,DP,source,AdventurerAI.TakeDamage,10235
4,48,Material,source,AdventurerAI.TakeDamage,114
4,48,DP,stock,end,49889
4,48,Material,stock,end,11194
4,48,Fame,stock,end,45194
4,49,DP,source,SurfaceMap.CollectYields,183
4,49,Material,source,SurfaceMap.CollectYields,9
4,49,Fame,source,SurfaceMap.CollectYields,38
4,49,DP,source,DistrictCatalog.Collect,28
4,49,DP,source,EraSystem.TickTurn,9720
4,49,DP,sink,MinionRoster.TryForge,-4800
4,49,Material,sink,MinionRoster.TryForge,-64
4,49,DP,sink,MinionEvolution.TryEvolve,-14200
4,49,DP,sink,MinionRoster.TryEvolveIndividual,-40400
4,49,DP,sink,MinionRoster.TrySummon,-419
4,49,DP,source,AdventurerAI.ReapEmotion,448
4,49,DP,sink,CommandSystem.TryUse,-5200
4,49,DP,source,AdventurerAI.GrantReturnReward,42397
4,49,Fame,source,AdventurerAI.GrantReturnReward,540
4,49,Fame,source,LureEconomy.OnHeroEscaped,1350
4,49,DP,source,AdventurerAI.TakeDamage,12635
4,49,Material,source,AdventurerAI.TakeDamage,1230
4,49,DP,source,Nemesis.OnSlain,4278
4,49,Material,source,Nemesis.OnSlain,17
4,49,DP,stock,end,54559
4,49,Material,stock,end,12386
4,49,Fame,stock,end,47122
4,50,DP,source,SurfaceMap.CollectYields,183
4,50,Material,source,SurfaceMap.CollectYields,9
4,50,Fame,source,SurfaceMap.CollectYields,38
4,50,DP,source,DistrictCatalog.Collect,28
4,50,DP,source,EraSystem.TickTurn,9720
4,50,DP,sink,MinionRoster.TryForge,-4800
4,50,Material,sink,MinionRoster.TryForge,-64
4,50,DP,sink,MinionEvolution.TryEvolve,-19050
4,50,DP,sink,MinionRoster.TryEvolveIndividual,-39700
4,50,DP,sink,MinionRoster.TrySummon,-930
4,50,DP,source,AdventurerAI.ReapEmotion,329
4,50,DP,sink,CommandSystem.TryUse,-5200
4,50,DP,source,AdventurerAI.TakeDamage,45735
4,50,Material,source,AdventurerAI.TakeDamage,1056
4,50,DP,source,AdventurerAI.GrantReturnReward,24279
4,50,Fame,source,AdventurerAI.GrantReturnReward,360
4,50,Fame,source,LureEconomy.OnHeroEscaped,900
4,50,DP,source,Nemesis.OnSlain,1408
4,50,Material,source,Nemesis.OnSlain,8
4,50,DP,stock,end,66561
4,50,Material,stock,end,13395
4,50,Fame,stock,end,48420
4,51,DP,source,SurfaceMap.CollectYields,183
4,51,Material,source,SurfaceMap.CollectYields,9
4,51,Fame,source,SurfaceMap.CollectYields,38
4,51,DP,source,DistrictCatalog.Collect,28
4,51,DP,source,EraSystem.TickTurn,9720
4,51,DP,sink,MinionRoster.TryForge,-36000
4,51,Material,sink,MinionRoster.TryForge,-480
4,51,DP,sink,MinionRoster.TryEvolveIndividual,-38350
4,51,DP,sink,MinionRoster.TrySummon,-2139
4,51,DP,source,AdventurerAI.ReapEmotion,238
4,51,DP,source,AdventurerAI.TakeDamage,38203
4,51,Material,source,AdventurerAI.TakeDamage,742
4,51,DP,sink,CommandSystem.TryUse,-5600
4,51,DP,source,AdventurerAI.GrantReturnReward,16238
4,51,Fame,source,AdventurerAI.GrantReturnReward,370
4,51,Fame,source,LureEconomy.OnHeroEscaped,925
4,51,DP,stock,end,49082
4,51,Material,stock,end,13666
4,51,Fame,stock,end,49753
4,52,DP,source,SurfaceMap.CollectYields,261
4,52,Material,source,SurfaceMap.CollectYields,12
4,52,Fame,source,SurfaceMap.CollectYields,46
4,52,DP,source,DistrictCatalog.Collect,28
4,52,DP,source,EraSystem.TickTurn,16524
4,52,Material,source,EraSystem.TickTurn,62
4,52,DP,sink,MinionRoster.TryForge,-26400
4,52,Material,sink,MinionRoster.TryForge,-352
4,52,DP,sink,MinionRoster.TryEvolveIndividual,-36350
4,52,DP,sink,MinionRoster.TrySummon,-3116
4,52,DP,source,AdventurerAI.ReapEmotion,500
4,52,DP,sink,CommandSystem.TryUse,-5600
4,52,DP,source,AdventurerAI.TakeDamage,63946
4,52,Material,source,AdventurerAI.TakeDamage,117084
4,52,DP,source,AdventurerAI.GrantReturnReward,13104
4,52,Fame,source,AdventurerAI.GrantReturnReward,160
4,52,Fame,source,LureEconomy.OnHeroEscaped,400
4,52,DP,source,Nemesis.OnSlain,6811
4,52,Material,source,Nemesis.OnSlain,31
4,52,DP,stock,end,78790
4,52,Material,stock,end,130503
4,52,Fame,stock,end,50359
4,53,DP,source,SurfaceMap.CollectYields,261
4,53,Material,source,SurfaceMap.CollectYields,12
4,53,Fame,source,SurfaceMap.CollectYields,46
4,53,DP,source,DistrictCatalog.Collect,28
4,53,Material,source,DistrictCatalog.Collect,7
4,53,DP,source,EraSystem.TickTurn,9720
4,53,Material,source,EraSystem.TickTurn,124
4,53,DP,sink,MinionRoster.TryForge,-4800
4,53,Material,sink,MinionRoster.TryForge,-64
4,53,DP,sink,DungeonFloorManager.TryAddFloor,-78125
4,53,DP,sink,DungeonFloorManager.TryExpandFloor,-5200
4,53,DP,sink,DungeonFeatureManager.TryPlaceTrap,-450
4,53,DP,sink,MinionRoster.TrySummon,-192
4,53,DP,source,AdventurerAI.ReapEmotion,220
4,53,DP,source,AdventurerAI.TakeDamage,34569
4,53,Material,source,AdventurerAI.TakeDamage,1180
4,53,DP,sink,CommandSystem.TryUse,-4450
4,53,DP,source,AdventurerAI.GrantReturnReward,24202
4,53,Fame,source,AdventurerAI.GrantReturnReward,460
4,53,Fame,source,LureEconomy.OnHeroEscaped,1150
4,53,DP,stock,end,54573
4,53,Material,stock,end,131762
4,53,Fame,stock,end,52015
4,54,DP,source,SurfaceMap.CollectYields,265
4,54,Material,source,SurfaceMap.CollectYields,12
4,54,Fame,source,SurfaceMap.CollectYields,47
4,54,DP,source,DistrictCatalog.Collect,28
4,54,Material,source,DistrictCatalog.Collect,7
4,54,DP,source,EraSystem.TickTurn,9720
4,54,Fame,source,EraSystem.TickTurn,135
4,54,DP,sink,MinionRoster.TryForge,-12000
4,54,Material,sink,MinionRoster.TryForge,-160
4,54,DP,sink,MinionRoster.TryEvolveIndividual,-48450
4,54,DP,sink,DungeonFeatureManager.TryPlaceTrap,-3600
4,54,DP,sink,MinionRoster.TrySummon,-494
4,54,DP,source,AdventurerAI.ReapEmotion,241
4,54,DP,source,AdventurerAI.TakeDamage,44430
4,54,Material,source,AdventurerAI.TakeDamage,1334
4,54,DP,sink,CommandSystem.TryUse,-4450
4,54,DP,source,AdventurerAI.GrantReturnReward,26292
4,54,Fame,source,AdventurerAI.GrantReturnReward,450
4,54,Fame,source,LureEconomy.OnHeroEscaped,1125
4,54,DP,source,Nemesis.OnSlain,3306
4,54,Material,source,Nemesis.OnSlain,18
4,54,DP,stock,end,69861
4,54,Material,stock,end,132973
4,54,Fame,stock,end,53772
4,55,DP,source,SurfaceMap.CollectYields,265
4,55,Material,source,SurfaceMap.CollectYields,12
4,55,Fame,source,SurfaceMap.CollectYields,47
4,55,DP,source,DistrictCatalog.Collect,28
4,55,Material,source,DistrictCatalog.Collect,7
4,55,DP,source,EraSystem.TickTurn,9720
4,55,DP,sink,MinionRoster.TryForge,-74880
4,55,Material,sink,MinionRoster.TryForge,-1002
4,55,DP,sink,DungeonFeatureManager.TryPlaceTrap,-1050
4,55,DP,sink,MinionRoster.TrySummon,-3941
4,55,DP,source,AdventurerAI.ReapEmotion,307
4,55,DP,sink,CommandSystem.TryUse,-5650
4,55,DP,source,AdventurerAI.GrantReturnReward,45495
4,55,Fame,source,AdventurerAI.GrantReturnReward,380
4,55,Fame,source,LureEconomy.OnHeroEscaped,950
4,55,DP,source,AdventurerAI.TakeDamage,94658
4,55,Material,source,AdventurerAI.TakeDamage,1107
4,55,DP,source,Nemesis.OnSlain,10549
4,55,Material,source,Nemesis.OnSlain,44
4,55,DP,stock,end,145362
4,55,Material,stock,end,133141
4,55,Fame,stock,end,55149
4,56,DP,source,SurfaceMap.CollectYields,265
4,56,Material,source,SurfaceMap.CollectYields,12
4,56,Fame,source,SurfaceMap.CollectYields,47
4,56,DP,source,DistrictCatalog.Collect,28
4,56,Material,source,DistrictCatalog.Collect,7
4,56,DP,source,EraSystem.TickTurn,11664
4,56,DP,sink,MinionRoster.TryForge,-120960
4,56,Material,sink,MinionRoster.TryForge,-1764
4,56,DP,sink,MinionRoster.TrySummon,-36343
4,56,DP,source,AdventurerAI.ReapEmotion,213
4,56,DP,source,AdventurerAI.GrantReturnReward,32273
4,56,Fame,source,AdventurerAI.GrantReturnReward,620
4,56,Fame,source,LureEconomy.OnHeroEscaped,1550
4,56,DP,sink,CommandSystem.TryUse,-4900
4,56,DP,source,AdventurerAI.TakeDamage,24103
4,56,Material,source,AdventurerAI.TakeDamage,583
4,56,DP,stock,end,51705
4,56,Material,stock,end,131979
4,56,Fame,stock,end,57366
4,57,DP,source,SurfaceMap.CollectYields,265
4,57,Material,source,SurfaceMap.CollectYields,12
4,57,Fame,source,SurfaceMap.CollectYields,47
4,57,DP,source,DistrictCatalog.Collect,28
4,57,Material,source,DistrictCatalog.Collect,7
4,57,DP,sink,MinionRoster.TryForge,-48960
4,57,Material,sink,MinionRoster.TryForge,-714
4,57,DP,sink,MinionRoster.TrySummon,-3001
4,57,DP,source,AdventurerAI.ReapEmotion,200
4,57,DP,source,AdventurerAI.GrantReturnReward,38104
4,57,Fame,source,AdventurerAI.GrantReturnReward,500
4,57,Fame,source,LureEconomy.OnHeroEscaped,1250
4,57,DP,sink,CommandSystem.TryUse,-4800
4,57,DP,source,AdventurerAI.TakeDamage,43333
4,57,Material,source,AdventurerAI.TakeDamage,636
4,57,DP,source,Nemesis.OnSlain,3482
4,57,Material,source,Nemesis.OnSlain,18
4,57,DP,stock,end,80356
4,57,Material,stock,end,131938
4,57,Fame,stock,end,59163
4,58,DP,source,SurfaceMap.CollectYields,265
4,58,Material,source,SurfaceMap.CollectYields,12
4,58,Fame,source,SurfaceMap.CollectYields,47
4,58,DP,source,DistrictCatalog.Collect,28
4,58,Material,source,DistrictCatalog.Collect,6
4,58,DP,sink,MinionRoster.TryForge,-77760
4,58,Material,sink,MinionRoster.TryForge,-1134
4,58,DP,sink,MinionRoster.TrySummon,-2889
4,58,DP,source,AdventurerAI.ReapEmotion,231
4,58,DP,source,AdventurerAI.TakeDamage,43710
4,58,Material,source,AdventurerAI.TakeDamage,540
4,58,DP,sink,CommandSystem.TryUse,-5100
4,58,Fame,source,AdventurerAI.GrantReturnReward,500
4,58,Fame,source,LureEconomy.OnHeroEscaped,1250
4,58,DP,source,AdventurerAI.GrantReturnReward,28747
4,58,DP,source,Nemesis.OnSlain,4650
4,58,Material,source,Nemesis.OnSlain,24
4,58,DP,stock,end,72238
4,58,Material,stock,end,131386
4,58,Fame,stock,end,60960
4,59,DP,source,SurfaceMap.CollectYields,232
4,59,Material,source,SurfaceMap.CollectYields,12
4,59,Fame,source,SurfaceMap.CollectYields,39
4,59,DP,source,DistrictCatalog.Collect,28
4,59,Material,source,DistrictCatalog.Collect,6
4,59,DP,sink,MinionRoster.TryForge,-69120
4,59,Material,sink,MinionRoster.TryForge,-1008
4,59,DP,sink,MinionRoster.TrySummon,-3362
4,59,DP,source,AdventurerAI.ReapEmotion,381
4,59,DP,sink,CommandSystem.TryUse,-5100
4,59,DP,source,AdventurerAI.GrantReturnReward,29259
4,59,Fame,source,AdventurerAI.GrantReturnReward,470
4,59,Fame,source,LureEconomy.OnHeroEscaped,1175
4,59,DP,source,AdventurerAI.TakeDamage,47659
4,59,Material,source,AdventurerAI.TakeDamage,1109
4,59,DP,source,Nemesis.OnSlain,2332
4,59,Material,source,Nemesis.OnSlain,12
4,59,DP,stock,end,74547
4,59,Material,stock,end,131517
4,59,Fame,stock,end,62644
4,60,DP,source,SurfaceMap.CollectYields,232
4,60,Material,source,SurfaceMap.CollectYields,12
4,60,Fame,source,SurfaceMap.CollectYields,39
4,60,DP,source,DistrictCatalog.Collect,28
4,60,Material,source,DistrictCatalog.Collect,6
4,60,DP,sink,MinionRoster.TryForge,-70560
4,60,Material,sink,MinionRoster.TryForge,-1044
4,60,DP,sink,MinionRoster.TrySummon,-4247
4,60,DP,source,AdventurerAI.ReapEmotion,359
4,60,DP,sink,CommandSystem.TryUse,-5200
4,60,DP,source,AdventurerAI.GrantReturnReward,35174
4,60,Fame,source,AdventurerAI.GrantReturnReward,400
4,60,Fame,source,LureEconomy.OnHeroEscaped,1000
4,60,DP,source,AdventurerAI.TakeDamage,77989
4,60,Material,source,AdventurerAI.TakeDamage,634
4,60,DP,source,Nemesis.OnSlain,3549
4,60,Material,source,Nemesis.OnSlain,18
4,60,DP,stock,end,111871
4,60,Material,stock,end,131143
4,60,Fame,stock,end,64083
4,61,DP,source,SurfaceMap.CollectYields,232
4,61,Material,source,SurfaceMap.CollectYields,12
4,61,Fame,source,SurfaceMap.CollectYields,39
4,61,DP,source,DistrictCatalog.Collect,28
4,61,Material,source,DistrictCatalog.Collect,6
4,61,DP,sink,MinionRoster.TryForge,-108000
4,61,Material,sink,MinionRoster.TryForge,-1650
4,61,DP,sink,MinionRoster.TrySummon,-4117
4,61,DP,source,AdventurerAI.ReapEmotion,137
4,61,DP,source,AdventurerAI.GrantReturnReward,38668
4,61,Fame,source,AdventurerAI.GrantReturnReward,590
4,61,Fame,source,LureEconomy.OnHeroEscaped,1475
4,61,DP,sink,CommandSystem.TryUse,-4900
4,61,DP,source,AdventurerAI.TakeDamage,48823
4,61,Material,source,AdventurerAI.TakeDamage,672
4,61,DP,stock,end,82742
4,61,Material,stock,end,130183
4,61,Fame,stock,end,66187
4,62,DP,source,SurfaceMap.CollectYields,232
4,62,Material,source,SurfaceMap.CollectYields,12
4,62,Fame,source,SurfaceMap.CollectYields,39
4,62,DP,source,DistrictCatalog.Collect,28
4,62,Material,source,DistrictCatalog.Collect,6
4,62,DP,sink,MinionRoster.TryForge,-79200
4,62,Material,sink,MinionRoster.TryForge,-1210
4,62,DP,sink,MinionRoster.TrySummon,-3773
4,62,DP,source,AdventurerAI.ReapEmotion,245
4,62,DP,source,AdventurerAI.GrantReturnReward,44710
4,62,Fame,source,AdventurerAI.GrantReturnReward,540
4,62,Fame,source,LureEconomy.OnHeroEscaped,1350
4,62,DP,sink,CommandSystem.TryUse,-4450
4,62,DP,source,AdventurerAI.TakeDamage,40417
4,62,Material,source,AdventurerAI.TakeDamage,907
4,62,DP,source,Nemesis.OnSlain,2430
4,62,Material,source,Nemesis.OnSlain,12
4,62,DP,stock,end,83381
4,62,Material,stock,end,129910
4,62,Fame,stock,end,68116
4,63,DP,source,SurfaceMap.CollectYields,232
4,63,Material,source,SurfaceMap.CollectYields,12
4,63,Fame,source,SurfaceMap.CollectYields,39
4,63,DP,source,DistrictCatalog.Collect,28
4,63,Material,source,DistrictCatalog.Collect,6
4,63,DP,sink,MinionRoster.TryForge,-79200
4,63,Material,sink,MinionRoster.TryForge,-1210
4,63,DP,sink,MinionRoster.TrySummon,-4435
4,63,DP,source,AdventurerAI.ReapEmotion,258
4,63,DP,source,AdventurerAI.GrantReturnReward,28890
4,63,Fame,source,AdventurerAI.GrantReturnReward,530
4,63,Fame,source,LureEconomy.OnHeroEscaped,1325
4,63,DP,sink,CommandSystem.TryUse,-4450
4,63,DP,source,AdventurerAI.TakeDamage,44573
4,63,Material,source,AdventurerAI.TakeDamage,1277
4,63,DP,stock,end,69277
4,63,Material,stock,end,129995
4,63,Fame,stock,end,70010
4,64,DP,source,SurfaceMap.CollectYields,232
4,64,Material,source,SurfaceMap.CollectYields,12
4,64,Fame,source,SurfaceMap.CollectYields,39
4,64,DP,source,DistrictCatalog.Collect,28
4,64,Material,source,DistrictCatalog.Collect,6
4,64,DP,sink,MinionRoster.TryForge,-64800
4,64,Material,sink,MinionRoster.TryForge,-990
4,64,DP,sink,MinionRoster.TrySummon,-4713
4,64,DP,source,AdventurerAI.ReapEmotion,220
4,64,DP,source,AdventurerAI.GrantReturnReward,54198
4,64,Fame,source,AdventurerAI.GrantReturnReward,750
4,64,Fame,source,LureEconomy.OnHeroEscaped,1875
4,64,DP,sink,CommandSystem.TryUse,-5550
4,64,DP,source,AdventurerAI.TakeDamage,12416
4,64,Material,source,AdventurerAI.TakeDamage,83
4,64,DP,source,Nemesis.OnSlain,4114
4,64,Material,source,Nemesis.OnSlain,20
4,64,DP,stock,end,65422
4,64,Material,stock,end,129126
4,64,Fame,stock,end,72674
4,65,DP,source,SurfaceMap.CollectYields,232
4,65,Material,source,SurfaceMap.CollectYields,12
4,65,Fame,source,SurfaceMap.CollectYields,39
4,65,DP,source,DistrictCatalog.Collect,28
4,65,Material,source,DistrictCatalog.Collect,6
4,65,DP,sink,MinionRoster.TryForge,-61200
4,65,Material,sink,MinionRoster.TryForge,-935
4,65,DP,sink,MinionRoster.TrySummon,-4437
4,65,DP,source,AdventurerAI.ReapEmotion,362
4,65,DP,sink,CommandSystem.TryUse,-5200
4,65,DP,source,AdventurerAI.GrantReturnReward,37056
4,65,Fame,source,AdventurerAI.GrantReturnReward,280
4,65,Fame,source,LureEconomy.OnHeroEscaped,700
4,65,DP,source,AdventurerAI.TakeDamage,38947
4,65,Material,source,AdventurerAI.TakeDamage,231
4,65,DP,source,Nemesis.OnSlain,7229
4,65,Material,source,Nemesis.OnSlain,33
4,65,DP,stock,end,78439
4,65,Material,stock,end,128473
4,65,Fame,stock,end,73693
4,66,DP,source,SurfaceMap.CollectYields,232
4,66,Material,source,SurfaceMap.CollectYields,12
4,66,Fame,source,SurfaceMap.CollectYields,39
4,66,DP,source,DistrictCatalog.Collect,28
4,66,Material,source,DistrictCatalog.Collect,6
4,66,DP,sink,MinionRoster.TryForge,-72720
4,66,Material,sink,MinionRoster.TryForge,-1135
4,66,DP,sink,MinionRoster.TrySummon,-5920
4,66,DP,source,AdventurerAI.ReapEmotion,202
4,66,DP,source,AdventurerAI.GrantReturnReward,73038
4,66,Fame,source,AdventurerAI.GrantReturnReward,630
4,66,Fame,source,LureEconomy.OnHeroEscaped,1575
4,66,DP,sink,CommandSystem.TryUse,-5100
4,66,DP,source,AdventurerAI.TakeDamage,30426
4,66,Material,source,AdventurerAI.TakeDamage,675
4,66,DP,source,Nemesis.OnSlain,1264
4,66,Material,source,Nemesis.OnSlain,6
4,66,DP,stock,end,99889
4,66,Material,stock,end,128037
4,66,Fame,stock,end,75937
4,67,DP,source,SurfaceMap.CollectYields,232
4,67,Material,source,SurfaceMap.CollectYields,12
4,67,Fame,source,SurfaceMap.CollectYields,39
4,67,DP,source,DistrictCatalog.Collect,28
4,67,Material,source,DistrictCatalog.Collect,6
4,67,DP,sink,MinionRoster.TryForge,-95040
4,67,Material,sink,MinionRoster.TryForge,-1540
4,67,DP,sink,MinionRoster.TrySummon,-5069
4,67,DP,source,AdventurerAI.ReapEmotion,264
4,67,DP,sink,CommandSystem.TryUse,-5200
4,67,DP,source,AdventurerAI.GrantReturnReward,89774
4,67,Fame,source,AdventurerAI.GrantReturnReward,730
4,67,Fame,source,LureEconomy.OnHeroEscaped,1825
4,67,DP,source,AdventurerAI.TakeDamage,38455
4,67,Material,source,AdventurerAI.TakeDamage,175
4,67,DP,source,Nemesis.OnSlain,2560
4,67,Material,source,Nemesis.OnSlain,12
4,67,DP,stock,end,125893
4,67,Material,stock,end,126702
4,67,Fame,stock,end,78531
4,68,DP,source,SurfaceMap.CollectYields,232
4,68,Material,source,SurfaceMap.CollectYields,12
4,68,Fame,source,SurfaceMap.CollectYields,39
4,68,DP,source,DistrictCatalog.Collect,28
4,68,Material,source,DistrictCatalog.Collect,6
4,68,DP,sink,MinionRoster.TryForge,-120960
4,68,Material,sink,MinionRoster.TryForge,-1960
4,68,DP,sink,MinionRoster.TrySummon,-5151
4,68,DP,source,AdventurerAI.ReapEmotion,309
4,68,DP,sink,CommandSystem.TryUse,-5600
4,68,DP,source,AdventurerAI.GrantReturnReward,92279
4,68,Fame,source,AdventurerAI.GrantReturnReward,610
4,68,Fame,source,LureEconomy.OnHeroEscaped,1525
4,68,DP,source,AdventurerAI.TakeDamage,30675
4,68,Material,source,AdventurerAI.TakeDamage,590
4,68,DP,stock,end,117705
4,68,Material,stock,end,125350
4,68,Fame,stock,end,80705
5,1,DP,sink,DungeonFeatureManager.TryPlaceTrap,-150
5,1,DP,source,AdventurerAI.ReapEmotion,100
5,1,DP,source,AdventurerAI.TakeDamage,217
5,1,Material,source,AdventurerAI.TakeDamage,20
5,1,DP,sink,CommandSystem.TryUse,-650
5,1,DP,source,AdventurerAI.GrantReturnReward,351
5,1,Fame,source,AdventurerAI.GrantReturnReward,10
5,1,Fame,source,LureEconomy.OnHeroEscaped,25
5,1,DP,stock,end,68
5,1,Material,stock,end,20
5,1,Fame,stock,end,35
5,2,DP,source,SurfaceMap.CollectYields,18
5,2,Material,source,SurfaceMap.CollectYields,1
5,2,Fame,source,SurfaceMap.CollectYields,4
5,2,DP,source,EraSystem.TickTurn,600
5,2,Fame,source,EraSystem.TickTurn,25
5,2,DP,sink,MinionRoster.TryForge,-236
5,2,DP,sink,MinionEvolution.TryEvolve,-150
5,2,DP,sink,DungeonFeatureManager.TryPlaceTrap,-150
5,2,DP,sink,MinionRoster.TrySummon,-148
5,2,DP,source,AdventurerAI.TakeDamage,264
5,2,Material,source,AdventurerAI.TakeDamage,20
5,2,DP,source,AdventurerAI.ReapEmotion,155
5,2,DP,sink,CommandSystem.TryUse,-650
5,2,DP,source,AdventurerAI.GrantReturnReward,326
5,2,Fame,source,AdventurerAI.GrantReturnReward,10
5,2,Fame,source,LureEconomy.OnHeroEscaped,25
5,2,DP,stock,end,97
5,2,Material,stock,end,41
5,2,Fame,stock,end,99
5,3,DP,source,SurfaceMap.CollectYields,18
5,3,Material,source,SurfaceMap.CollectYields,1
5,3,Fame,source,SurfaceMap.CollectYields,4
5,3,DP,source,EraSystem.TickTurn,600
5,3,Material,source,EraSystem.TickTurn,10
5,3,DP,sink,MinionRoster.TryForge,-236
5,3,DP,sink,MinionEvolution.TryEvolve,-175
5,3,DP,sink,DungeonFeatureManager.TryPlaceTrap,-150
5,3,DP,sink,MinionRoster.TrySummon,-136
5,3,DP,source,AdventurerAI.TakeDamage,282
5,3,Material,source,AdventurerAI.TakeDamage,8
5,3,DP,source,AdventurerAI.ReapEmotion,126
5,3,DP,source,AdventurerAI.GrantReturnReward,312
5,3,Fame,source,AdventurerAI.GrantReturnReward,10
5,3,Fame,source,LureEconomy.OnHeroEscaped,25
5,3,DP,sink,CommandSystem.TryUse,-650
5,3,DP,stock,end,88
5,3,Material,stock,end,60
5,3,Fame,stock,end,138
5,4,DP,source,SurfaceMap.CollectYields,18
5,4,Material,source,SurfaceMap.CollectYields,1
5,4,Fame,source,SurfaceMap.CollectYields,4
5,4,DP,source,EraSystem.TickTurn,600
5,4,DP,sink,MinionRoster.TryForge,-236
5,4,DP,sink,MinionEvolution.TryEvolve,-75
5,4,DP,sink,DungeonFeatureManager.TryPlaceTrap,-300
5,4,DP,sink,MinionRoster.TrySummon,-78
5,4,DP,source,AdventurerAI.ReapEmotion,113
5,4,DP,source,AdventurerAI.TakeDamage,479
5,4,Material,source,AdventurerAI.TakeDamage,18
5,4,Fame,source,AdventurerAI.GrantReturnReward,40
5,4,Fame,source,LureEconomy.OnHeroEscaped,100
5,4,DP,source,AdventurerAI.GrantReturnReward,618
5,4,DP,sink,CommandSystem.TryUse,-1150
5,4,DP,stock,end,77
5,4,Material,stock,end,79
5,4,Fame,stock,end,282
5,5,DP,source,SurfaceMap.CollectYields,18
5,5,Material,source,SurfaceMap.CollectYields,1
5,5,Fame,source,SurfaceMap.CollectYields,4
5,5,DP,source,EraSystem.TickTurn,600
5,5,DP,sink,MinionRoster.TryForge,-212
5,5,DP,sink,MinionRoster.TryEvolveIndividual,-175
5,5,DP,sink,DungeonFeatureManager.TryPlaceTrap,-150
5,5,DP,sink,MinionRoster.TrySummon,-156
5,5,DP,source,AdventurerAI.TakeDamage,851
5,5,Material,source,AdventurerAI.TakeDamage,32
5,5,DP,source,AdventurerAI.ReapEmotion,288
5,5,DP,sink,CommandSystem.TryUse,-1300
5,5,DP,source,Nemesis.OnSlain,470
5,5,Material,source,Nemesis.OnSlain,5
5,5,DP,stock,end,311
5,5,Material,stock,end,117
5,5,Fame,stock,end,286
5,6,DP,source,SurfaceMap.CollectYields,38
5,6,Material,source,SurfaceMap.CollectYields,2
5,6,Fame,source,SurfaceMap.CollectYields,8
5,6,DP,source,EraSystem.TickTurn,600
5,6,Material,source,EraSystem.TickTurn,10
5,6,DP,sink,MinionRoster.TryForge,-212
5,6,DP,sink,DungeonFloorManager.TryExpandFloor,-400
5,6,DP,sink,DungeonFeatureManager.TryPlaceTrap,-150
5,6,DP,sink,MinionRoster.TrySummon,-180
5,6,DP,source,AdventurerAI.ReapEmotion,126
5,6,Fame,source,AdventurerAI.GrantReturnReward,10
5,6,Fame,source,LureEconomy.OnHeroEscaped,25
5,6,DP,source,AdventurerAI.TakeDamage,629
5,6,Material,source,AdventurerAI.TakeDamage,33
5,6,DP,sink,CommandSystem.TryUse,-650
5,6,DP,source,Nemesis.OnSlain,972
5,6,Material,source,Nemesis.OnSlain,10
5,6,DP,stock,end,1084
5,6,Material,stock,end,172
5,6,Fame,stock,end,329
5,7,DP,source,SurfaceMap.CollectYields,38
5,7,Material,source,SurfaceMap.CollectYields,2
5,7,Fame,source,SurfaceMap.CollectYields,8
5,7,DP,source,EraSystem.TickTurn,1020
5,7,Fame,source,EraSystem.TickTurn,25
5,7,DP,sink,MinionRoster.TryForge,-212
5,7,DP,sink,DungeonFloorManager.TryAddFloor,-800
5,7,DP,sink,DungeonFloorManager.TryExpandFloor,-400
5,7,DP,sink,MinionEvolution.TryEvolve,-425
5,7,DP,sink,DungeonFeatureManager.TryPlaceTrap,-150
5,7,DP,sink,MinionRoster.TrySummon,-135
5,7,DP,source,AdventurerAI.TakeDamage,492
5,7,Material,source,AdventurerAI.TakeDamage,53
5,7,DP,source,AdventurerAI.ReapEmotion,134
5,7,DP,sink,CommandSystem.TryUse,-1800
5,7,DP,source,AdventurerAI.GrantReturnReward,654
5,7,Fame,source,AdventurerAI.GrantReturnReward,30
5,7,Fame,source,LureEconomy.OnHeroEscaped,75
5,7,DP,source,Nemesis.OnSlain,1004
5,7,Material,source,Nemesis.OnSlain,10
5,7,DP,stock,end,504
5,7,Material,stock,end,237
5,7,Fame,stock,end,467
5,8,DP,source,SurfaceMap.CollectYields,38
5,8,Material,source,SurfaceMap.CollectYields,2
5,8,Fame,source,SurfaceMap.CollectYields,8
5,8,DP,source,EraSystem.TickTurn,600
5,8,DP,sink,MinionRoster.TryForge,-212
5,8,DP,sink,MinionEvolution.TryEvolve,-525
5,8,DP,sink,DungeonFeatureManager.TryPlaceTrap,-150
5,8,DP,sink,MinionRoster.TrySummon,-237
5,8,DP,source,AdventurerAI.TakeDamage,800
5,8,Material,source,AdventurerAI.TakeDamage,29
5,8,DP,source,AdventurerAI.ReapEmotion,128
5,8,DP,sink,CommandSystem.TryUse,-1300
5,8,DP,source,AdventurerAI.GrantReturnReward,604
5,8,Fame,source,AdventurerAI.GrantReturnReward,10
5,8,Fame,source,LureEconomy.OnHeroEscaped,25
5,8,DP,source,Nemesis.OnSlain,502
5,8,Material,source,Nemesis.OnSlain,5
5,8,DP,stock,end,752
5,8,Material,stock,end,273
5,8,Fame,stock,end,510
5,9,DP,source,SurfaceMap.CollectYields,68
5,9,Material,source,SurfaceMap.CollectYields,3
5,9,Fame,source,SurfaceMap.CollectYields,16
5,9,DP,source,EraSystem.TickTurn,600
5,9,Fame,source,EraSystem.TickTurn,25
5,9,DP,sink,MinionRoster.TryForge,-190
5,9,DP,sink,DungeonFloorManager.TryExpandFloor,-800
5,9,DP,sink,MinionRoster.TryEvolveIndividual,-75
5,9,DP,sink,DungeonFeatureManager.TryPlaceTrap,-150
5,9,DP,sink,MinionRoster.TrySummon,-202
5,9,DP,source,IncidentSystem.Apply,600
5,9,DP,sink,CommandSystem.TryUse,-2300
5,9,DP,source,AdventurerAI.ReapEmotion,132
5,9,DP,source,AdventurerAI.TakeDamage,701
5,9,Material,source,AdventurerAI.TakeDamage,29
5,9,DP,source,AdventurerAI.GrantReturnReward,651
5,9,Fame,source,AdventurerAI.GrantReturnReward,30
5,9,Fame,source,LureEconomy.OnHeroEscaped,75
5,9,DP,source,Nemesis.OnSlain,518
5,9,Material,source,Nemesis.OnSlain,5
5,9,DP,stock,end,305
5,9,Material,stock,end,310
5,9,Fame,stock,end,656
5,10,DP,source,SurfaceMap.CollectYields,78
5,10,Material,source,SurfaceMap.CollectYields,3
5,10,Fame,source,SurfaceMap.CollectYields,16
5,10,DP,source,EraSystem.TickTurn,1020
5,10,DP,sink,MinionRoster.TryForge,-190
5,10,DP,sink,DungeonFloorManager.TryExpandFloor,-800
5,10,DP,sink,DungeonFeatureManager.TryPlaceTrap,-150
5,10,DP,sink,MinionRoster.TrySummon,-260
5,10,DP,source,AdventurerAI.ReapEmotion,134
5,10,DP,source,AdventurerAI.TakeDamage,1316
5,10,Material,source,AdventurerAI.TakeDamage,97
5,10,DP,source,AdventurerAI.GrantReturnReward,401
5,10,Fame,source,AdventurerAI.GrantReturnReward,20
5,10,Fame,source,LureEconomy.OnHeroEscaped,50
5,10,DP,sink,CommandSystem.TryUse,-1800
5,10,DP,source,Nemesis.OnSlain,535
5,10,Material,source,Nemesis.OnSlain,5
5,10,DP,stock,end,589
5,10,Material,stock,end,415
5,10,Fame,stock,end,742
5,11,DP,source,SurfaceMap.CollectYields,78
5,11,Material,source,SurfaceMap.CollectYields,3
5,11,Fame,source,SurfaceMap.CollectYields,16
5,11,DP,source,WaveRoster.ResolveTrial,2100
5,11,DP,sink,MinionRoster.TryForge,-190
5,11,DP,sink,DungeonFloorManager.TryAddFloor,-2000
5,11,DP,sink,MinionEvolution.TryEvolve,-250
5,11,DP,sink,DungeonFeatureManager.TryPlaceTrap,-150
5,11,DP,sink,MinionRoster.TrySummon,-158
5,11,DP,source,AdventurerAI.ReapEmotion,395
5,11,DP,source,AdventurerAI.TakeDamage,1041
5,11,Material,source,AdventurerAI.TakeDamage,47
5,11,DP,sink,CommandSystem.TryUse,-1300
5,11,Fame,source,AdventurerAI.GrantReturnReward,20
5,11,Fame,source,LureEconomy.OnHeroEscaped,50
5,11,DP,source,AdventurerAI.GrantReturnReward,143
5,11,DP,stock,end,298
5,11,Material,stock,end,465
5,11,Fame,stock,end,828
5,12,DP,source,SurfaceMap.CollectYields,106
5,12,Material,source,SurfaceMap.CollectYields,4
5,12,Fame,source,SurfaceMap.CollectYields,22
5,12,DP,source,DistrictCatalog.Collect,112
5,12,DP,sink,MinionRoster.TryForge,-95
5,12,DP,sink,MinionRoster.TryEvolveIndividual,-75
5,12,DP,sink,DungeonFeatureManager.TryPlaceTrap,-150
5,12,DP,sink,MinionRoster.TrySummon,-195
5,12,DP,source,AdventurerAI.ReapEmotion,358
5,12,DP,source,AdventurerAI.TakeDamage,1449
5,12,Material,source,AdventurerAI.TakeDamage,58
5,12,DP,sink,CommandSystem.TryUse,-2150
5,12,DP,source,AdventurerAI.GrantReturnReward,1970
5,12,Fame,source,AdventurerAI.GrantReturnReward,60
5,12,Fame,source,LureEconomy.OnHeroEscaped,150
5,12,DP,source,Nemesis.OnSlain,1134
5,12,Material,source,Nemesis.OnSlain,10
5,12,DP,stock,end,2762
5,12,Material,stock,end,537
5,12,Fame,stock,end,1060
5,13,DP,source,SurfaceMap.CollectYields,79
5,13,Material,source,SurfaceMap.CollectYields,4
5,13,Fame,source,SurfaceMap.CollectYields,17
5,13,DP,source,DistrictCatalog.Collect,126
5,13,DP,source,EraSystem.TickTurn,300
5,13,DP,sink,MinionRoster.TryForge,-380
5,13,DP,sink,DungeonFloorManager.TryExpandFloor,-1200
5,13,DP,sink,MinionEvolution.TryEvolve,-1050
5,13,DP,sink,MinionRoster.TryEvolveIndividual,-225
5,13,DP,sink,DungeonFeatureManager.TryPlaceTrap,-150
5,13,DP,sink,MinionRoster.TrySummon,-258
5,13,DP,source,AdventurerAI.ReapEmotion,85
5,13,DP,source,AdventurerAI.TakeDamage,1403
5,13,Material,source,AdventurerAI.TakeDamage,57
5,13,DP,source,AdventurerAI.GrantReturnReward,2879
5,13,Fame,source,AdventurerAI.GrantReturnReward,90
5,13,Fame,source,LureEconomy.OnHeroEscaped,225
5,13,DP,sink,CommandSystem.TryUse,-2300
5,13,DP,source,Nemesis.OnSlain,1383
5,13,Material,source,Nemesis.OnSlain,12
5,13,DP,stock,end,3454
5,13,Material,stock,end,610
5,13,Fame,stock,end,1392
5,14,DP,source,SurfaceMap.CollectYields,100
5,14,Material,source,SurfaceMap.CollectYields,5
5,14,Fame,source,SurfaceMap.CollectYields,22
5,14,DP,source,DistrictCatalog.Collect,126
5,14,DP,sink,MinionRoster.TryForge,-190
5,14,DP,sink,MinionRoster.TryEvolveIndividual,-3075
5,14,DP,sink,DungeonFeatureManager.TryPlaceTrap,-150
5,14,DP,sink,MinionRoster.TrySummon,-255
5,14,DP,source,AdventurerAI.ReapEmotion,322
5,14,DP,sink,CommandSystem.TryUse,-2300
5,14,Fame,source,AdventurerAI.GrantReturnReward,80
5,14,Fame,source,LureEconomy.OnHeroEscaped,200
5,14,DP,source,AdventurerAI.GrantReturnReward,1397
5,14,DP,source,AdventurerAI.TakeDamage,1250
5,14,Material,source,AdventurerAI.TakeDamage,95
5,14,DP,source,Nemesis.OnSlain,1166
5,14,Material,source,Nemesis.OnSlain,10
5,14,DP,stock,end,1845
5,14,Material,stock,end,720
5,14,Fame,stock,end,1694
5,15,DP,source,SurfaceMap.CollectYields,100
5,15,Material,source,SurfaceMap.CollectYields,5
5,15,Fame,source,SurfaceMap.CollectYields,22
5,15,DP,source,DistrictCatalog.Collect,126
5,15,DP,sink,MinionRoster.TryForge,-1671
5,15,DP,sink,DungeonFeatureManager.TryPlaceTrap,-150
5,15,DP,sink,MinionRoster.TrySummon,-243
5,15,DP,source,AdventurerAI.ReapEmotion,155
5,15,DP,source,AdventurerAI.GrantReturnReward,2297
5,15,Fame,source,AdventurerAI.GrantReturnReward,50
5,15,Fame,source,LureEconomy.OnHeroEscaped,125
5,15,DP,sink,CommandSystem.TryUse,-4750
5,15,DP,source,AdventurerAI.TakeDamage,2052
5,15,Material,source,AdventurerAI.TakeDamage,58
5,15,DP,source,Nemesis.OnSlain,1198
5,15,Material,source,Nemesis.OnSlain,10
5,15,DP,stock,end,959
5,15,Material,stock,end,793
5,15,Fame,stock,end,1891
5,16,DP,source,SurfaceMap.CollectYields,100
5,16,Material,source,SurfaceMap.CollectYields,5
5,16,Fame,source,SurfaceMap.CollectYields,22
5,16,DP,source,DistrictCatalog.Collect,140
5,16,DP,source,EraSystem.TickTurn,300
5,16,DP,sink,MinionRoster.TryForge,-394
5,16,DP,sink,MinionRoster.TryEvolveIndividual,-550
5,16,DP,sink,DungeonFeatureManager.TryPlaceTrap,-300
5,16,DP,sink,MinionRoster.TrySummon,-243
5,16,DP,source,AdventurerAI.ReapEmotion,434
5,16,DP,sink,CommandSystem.TryUse,-1800
5,16,DP,source,AdventurerAI.GrantReturnReward,313
5,16,Fame,source,AdventurerAI.GrantReturnReward,20
5,16,Fame,source,LureEconomy.OnHeroEscaped,50
5,16,DP,source,AdventurerAI.TakeDamage,1381
5,16,Material,source,AdventurerAI.TakeDamage,43
5,16,DP,source,Nemesis.OnSlain,1232
5,16,Material,source,Nemesis.OnSlain,10
5,16,DP,stock,end,1572
5,16,Material,stock,end,851
5,16,Fame,stock,end,1983
5,17,DP,source,SurfaceMap.CollectYields,121
5,17,Material,source,SurfaceMap.CollectYields,6
5,17,Fame,source,SurfaceMap.CollectYields,27
5,17,DP,source,DistrictCatalog.Collect,140
5,17,DP,source,EraSystem.TickTurn,720
5,17,DP,sink,MinionRoster.TryForge,-190
5,17,DP,sink,DungeonFloorManager.TryExpandFloor,-1500
5,17,DP,sink,MinionRoster.TryEvolveIndividual,-550
5,17,DP,sink,DungeonFeatureManager.TryPlaceTrap,-150
5,17,DP,sink,MinionRoster.TrySummon,-142
5,17,DP,source,AdventurerAI.ReapEmotion,101
5,17,DP,source,AdventurerAI.TakeDamage,1958
5,17,Material,source,AdventurerAI.TakeDamage,94
5,17,DP,sink,CommandSystem.TryUse,-2150
5,17,DP,source,AdventurerAI.GrantReturnReward,1889
5,17,Fame,source,AdventurerAI.GrantReturnReward,50
5,17,Fame,source,LureEconomy.OnHeroEscaped,125
5,17,DP,source,Nemesis.OnSlain,632
5,17,Material,source,Nemesis.OnSlain,5
5,17,DP,stock,end,2451
5,17,Material,stock,end,956
5,17,Fame,stock,end,2185
5,18,DP,source,SurfaceMap.CollectYields,121
5,18,Material,source,SurfaceMap.CollectYields,6
5,18,Fame,source,SurfaceMap.CollectYields,27
5,18,DP,source,DistrictCatalog.Collect,140
5,18,DP,sink,MinionRoster.TryForge,-394
5,18,DP,sink,DungeonFloorManager.TryExpandFloor,-1500
5,18,DP,sink,MinionRoster.TryEvolveIndividual,-250
5,18,DP,sink,DungeonFeatureManager.TryPlaceTrap,-300
5,18,DP,sink,MinionRoster.TrySummon,-256
5,18,DP,source,AdventurerAI.ReapEmotion,165
5,18,DP,source,AdventurerAI.GrantReturnReward,3601
5,18,Fame,source,AdventurerAI.GrantReturnReward,110
5,18,Fame,source,LureEconomy.OnHeroEscaped,275
5,18,DP,sink,CommandSystem.TryUse,-2150
5,18,DP,source,AdventurerAI.TakeDamage,1298
5,18,Material,source,AdventurerAI.TakeDamage,69
5,18,DP,stock,end,2926
5,18,Material,stock,end,1031
5,18,Fame,stock,end,2597
5,19,DP,source,SurfaceMap.CollectYields,121
5,19,Material,source,SurfaceMap.CollectYields,6
5,19,Fame,source,SurfaceMap.CollectYields,27
5,19,DP,source,DistrictCatalog.Collect,140
5,19,DP,sink,MinionRoster.TryForge,-598
5,19,DP,sink,DungeonFloorManager.TryExpandFloor,-1500
5,19,DP,sink,MinionRoster.TryEvolveIndividual,-550
5,19,DP,sink,DungeonFeatureManager.TryPlaceTrap,-300
5,19,DP,sink,MinionRoster.TrySummon,-228
5,19,DP,source,AdventurerAI.ReapEmotion,210
5,19,DP,source,AdventurerAI.GrantReturnReward,2981
5,19,Fame,source,AdventurerAI.GrantReturnReward,100
5,19,Fame,source,LureEconomy.OnHeroEscaped,250
5,19,DP,sink,CommandSystem.TryUse,-4750
5,19,DP,source,AdventurerAI.TakeDamage,2739
5,19,Material,source,AdventurerAI.TakeDamage,94
5,19,DP,source,Nemesis.OnSlain,1566
5,19,Material,source,Nemesis.OnSlain,12
5,19,DP,stock,end,2757
5,19,Material,stock,end,1143
5,19,Fame,stock,end,2974
5,20,DP,source,SurfaceMap.CollectYields,142
5,20,Material,source,SurfaceMap.CollectYields,7
5,20,Fame,source,SurfaceMap.CollectYields,32
5,20,DP,source,DistrictCatalog.Collect,140
5,20,DP,sink,MinionRoster.TryForge,-2230
5,20,DP,sink,MinionRoster.TryEvolveIndividual,-325
5,20,DP,sink,DungeonFeatureManager.TryPlaceTrap,-300
5,20,DP,sink,MinionRoster.TrySummon,-181
5,20,DP,source,AdventurerAI.ReapEmotion,675
5,20,DP,source,AdventurerAI.TakeDamage,3038
5,20,Material,source,AdventurerAI.TakeDamage,77
5,20,DP,sink,CommandSystem.TryUse,-5600
5,20,DP,source,AdventurerAI.GrantReturnReward,5716
5,20,Fame,source,AdventurerAI.GrantReturnReward,130
5,20,Fame,source,LureEconomy.OnHeroEscaped,325
5,20,DP,source,Nemesis.OnSlain,1602
5,20,Material,source,Nemesis.OnSlain,12
5,20,DP,stock,end,5434
5,20,Material,stock,end,1239
5,20,Fame,stock,end,3461
5,21,DP,source,SurfaceMap.CollectYields,142
5,21,Material,source,SurfaceMap.CollectYields,7
5,21,Fame,source,SurfaceMap.CollectYields,32
5,21,DP,source,DistrictCatalog.Collect,168
5,21,DP,sink,MinionRoster.TryForge,-190
5,21,DP,sink,DungeonFloorManager.TryAddFloor,-5000
5,21,DP,sink,DungeonFeatureManager.TryPlaceTrap,-300
5,21,DP,sink,MinionRoster.TrySummon,-240
5,21,DP,source,AdventurerAI.ReapEmotion,178
5,21,DP,source,AdventurerAI.TakeDamage,2996
5,21,Material,source,AdventurerAI.TakeDamage,36
5,21,DP,sink,CommandSystem.TryUse,-5600
5,21,DP,source,AdventurerAI.GrantReturnReward,5687
5,21,Fame,source,AdventurerAI.GrantReturnReward,120
5,21,Fame,source,LureEconomy.OnHeroEscaped,300
5,21,DP,stock,end,3275
5,21,Material,stock,end,1282
5,21,Fame,stock,end,3913
5,22,DP,source,SurfaceMap.CollectYields,187
5,22,Material,source,SurfaceMap.CollectYields,7
5,22,Fame,source,SurfaceMap.CollectYields,39
5,22,DP,source,DistrictCatalog.Collect,182
5,22,DP,sink,MinionRoster.TryForge,-2434
5,22,DP,sink,DungeonFloorManager.TryExpandFloor,-400
5,22,DP,sink,MinionRoster.TryEvolveIndividual,-325
5,22,DP,sink,DungeonFeatureManager.TryPlaceTrap,-300
5,22,DP,sink,MinionRoster.TrySummon,-158
5,22,DP,source,AdventurerAI.ReapEmotion,192
5,22,DP,source,AdventurerAI.TakeDamage,6435
5,22,Material,source,AdventurerAI.TakeDamage,158
5,22,DP,sink,CommandSystem.TryUse,-2950
5,22,DP,source,AdventurerAI.GrantReturnReward,2485
5,22,Fame,source,AdventurerAI.GrantReturnReward,50
5,22,Fame,source,LureEconomy.OnHeroEscaped,125
5,22,DP,source,Nemesis.OnSlain,1394
5,22,Material,source,Nemesis.OnSlain,10
5,22,DP,stock,end,7583
5,22,Material,stock,end,1457
5,22,Fame,stock,end,4127
5,23,DP,source,SurfaceMap.CollectYields,161
5,23,Material,source,SurfaceMap.CollectYields,6
5,23,Fame,source,SurfaceMap.CollectYields,34
5,23,DP,source,DistrictCatalog.Collect,182
5,23,DP,sink,MinionRoster.TryForge,-6324
5,23,DP,sink,DungeonFloorManager.TryExpandFloor,-800
5,23,DP,sink,MinionRoster.TryEvolveIndividual,-250
5,23,DP,sink,DungeonFeatureManager.TryPlaceTrap,-300
5,23,DP,sink,MinionRoster.TrySummon,-252
5,23,DP,source,AdventurerAI.ReapEmotion,462
5,23,DP,source,AdventurerAI.TakeDamage,5847
5,23,Material,source,AdventurerAI.TakeDamage,86
5,23,DP,sink,CommandSystem.TryUse,-5100
5,23,DP,source,AdventurerAI.GrantReturnReward,7531
5,23,Fame,source,AdventurerAI.GrantReturnReward,120
5,23,Fame,source,LureEconomy.OnHeroEscaped,300
5,23,DP,source,Nemesis.OnSlain,979
5,23,Material,source,Nemesis.OnSlain,7
5,23,DP,stock,end,9719
5,23,Material,stock,end,1556
5,23,Fame,stock,end,4581
5,24,DP,source,SurfaceMap.CollectYields,161
5,24,Material,source,SurfaceMap.CollectYields,6
5,24,Fame,source,SurfaceMap.CollectYields,34
5,24,DP,source,DistrictCatalog.Collect,182
5,24,DP,sink,MinionRoster.TryForge,-168
5,24,DP,sink,MinionEvolution.TryEvolve,-4900
5,24,DP,sink,MinionRoster.TryEvolveIndividual,-4600
5,24,DP,sink,DungeonFeatureManager.TryPlaceTrap,-150
5,24,DP,sink,MinionRoster.TrySummon,-227
5,24,DP,source,AdventurerAI.ReapEmotion,142
5,24,DP,source,AdventurerAI.GrantReturnReward,12155
5,24,Fame,source,AdventurerAI.GrantReturnReward,250
5,24,Fame,source,LureEconomy.OnHeroEscaped,625
5,24,DP,sink,CommandSystem.TryUse,-4900
5,24,DP,source,AdventurerAI.TakeDamage,8869
5,24,Material,source,AdventurerAI.TakeDamage,116
5,24,DP,source,Nemesis.OnSlain,2091
5,24,Material,source,Nemesis.OnSlain,14
5,24,DP,stock,end,18374
5,24,Material,stock,end,1692
5,24,Fame,stock,end,5490
5,25,DP,source,SurfaceMap.CollectYields,178
5,25,Material,source,SurfaceMap.CollectYields,7
5,25,Fame,source,SurfaceMap.CollectYields,40
5,25,DP,source,DistrictCatalog.Collect,28
5,25,DP,source,EraSystem.TickTurn,3840
5,25,DP,sink,MinionRoster.TryForge,-528
5,25,DP,sink,DungeonFloorManager.TryAddFloor,-12500
5,25,DP,sink,DungeonFloorManager.TryExpandFloor,-400
5,25,DP,sink,MinionRoster.TryEvolveIndividual,-8550
5,25,DP,sink,DungeonFeatureManager.TryPlaceTrap,-150
5,25,DP,sink,MinionRoster.TrySummon,-284
5,25,DP,source,AdventurerAI.ReapEmotion,694
5,25,DP,sink,CommandSystem.TryUse,-4900
5,25,DP,source,AdventurerAI.TakeDamage,714
5,25,Material,source,AdventurerAI.TakeDamage,6
5,25,DP,source,AdventurerAI.GrantReturnReward,17570
5,25,Fame,source,AdventurerAI.GrantReturnReward,430
5,25,Fame,source,LureEconomy.OnHeroEscaped,1075
5,25,DP,stock,end,14086
5,25,Material,stock,end,1705
5,25,Fame,stock,end,7035
5,26,DP,source,SurfaceMap.CollectYields,177
5,26,Material,source,SurfaceMap.CollectYields,8
5,26,Fame,source,SurfaceMap.CollectYields,37
5,26,DP,source,DistrictCatalog.Collect,28
5,26,DP,source,EraSystem.TickTurn,6528
5,26,DP,sink,MinionRoster.TryForge,-12984
5,26,DP,sink,DungeonFloorManager.TryExpandFloor,-6300
5,26,DP,sink,MinionRoster.TryEvolveIndividual,-875
5,26,DP,sink,DungeonFeatureManager.TryPlaceTrap,-450
5,26,DP,sink,MinionRoster.TrySummon,-198
5,26,DP,source,AdventurerAI.ReapEmotion,524
5,26,DP,sink,CommandSystem.TryUse,-2950
5,26,DP,source,AdventurerAI.GrantReturnReward,10692
5,26,Fame,source,AdventurerAI.GrantReturnReward,170
5,26,Fame,source,LureEconomy.OnHeroEscaped,425
5,26,DP,source,AdventurerAI.TakeDamage,14652
5,26,Material,source,AdventurerAI.TakeDamage,136
5,26,DP,source,Nemesis.OnSlain,1490
5,26,Material,source,Nemesis.OnSlain,10
5,26,DP,stock,end,24420
5,26,Material,stock,end,1859
5,26,Fame,stock,end,7667
5,27,DP,source,SurfaceMap.CollectYields,177
5,27,Material,source,SurfaceMap.CollectYields,8
5,27,Fame,source,SurfaceMap.CollectYields,37
5,27,DP,source,DistrictCatalog.Collect,28
5,27,DP,source,EraSystem.TickTurn,6528
5,27,DP,sink,MinionRoster.TryForge,-17976
5,27,DP,sink,DungeonFloorManager.TryExpandFloor,-10000
5,27,DP,sink,MinionRoster.TryEvolveIndividual,-350
5,27,Material,sink,MinionRoster.TryForge,-40
5,27,DP,sink,DungeonFeatureManager.TryPlaceTrap,-2550
5,27,DP,sink,MinionRoster.TrySummon,-264
5,27,DP,source,AdventurerAI.ReapEmotion,158
5,27,DP,source,AdventurerAI.GrantReturnReward,14087
5,27,Fame,source,AdventurerAI.GrantReturnReward,440
5,27,Fame,source,LureEconomy.OnHeroEscaped,1100
5,27,DP,sink,CommandSystem.TryUse,-3600
5,27,DP,source,AdventurerAI.TakeDamage,2964
5,27,Material,source,AdventurerAI.TakeDamage,104
5,27,DP,stock,end,13622
5,27,Material,stock,end,1931
5,27,Fame,stock,end,9244
5,28,DP,source,SurfaceMap.CollectYields,177
5,28,Material,source,SurfaceMap.CollectYields,8
5,28,Fame,source,SurfaceMap.CollectYields,37
5,28,DP,source,DistrictCatalog.Collect,28
5,28,DP,source,EraSystem.TickTurn,3840
5,28,DP,sink,MinionRoster.TryForge,-16590
5,28,DP,sink,MinionRoster.TryEvolveIndividual,-325
5,28,Material,sink,MinionRoster.TryForge,-54
5,28,DP,sink,DungeonFeatureManager.TryPlaceTrap,-600
5,28,DP,sink,MinionRoster.TrySummon,-138
5,28,DP,source,AdventurerAI.ReapEmotion,251
5,28,DP,source,AdventurerAI.TakeDamage,9016
5,28,Material,source,AdventurerAI.TakeDamage,180
5,28,DP,sink,CommandSystem.TryUse,-4550
5,28,Fame,source,AdventurerAI.GrantReturnReward,420
5,28,Fame,source,LureEconomy.OnHeroEscaped,1050
5,28,DP,source,AdventurerAI.GrantReturnReward,13182
5,28,DP,stock,end,17913
5,28,Material,stock,end,2065
5,28,Fame,stock,end,10751
5,29,DP,source,SurfaceMap.CollectYields,180
5,29,Material,source,SurfaceMap.CollectYields,8
5,29,Fame,source,SurfaceMap.CollectYields,37
5,29,DP,source,DistrictCatalog.Collect,28
5,29,DP,source,EraSystem.TickTurn,3840
5,29,DP,sink,MinionRoster.TryForge,-19530
5,29,DP,sink,MinionRoster.TryEvolveIndividual,-725
5,29,Material,sink,MinionRoster.TryForge,-106
5,29,DP,sink,DungeonFeatureManager.TryPlaceTrap,-1500
5,29,DP,sink,MinionRoster.TrySummon,-206
5,29,DP,source,AdventurerAI.ReapEmotion,389
5,29,DP,sink,CommandSystem.TryUse,-4900
5,29,DP,source,AdventurerAI.TakeDamage,10931
5,29,Material,source,AdventurerAI.TakeDamage,104
5,29,DP,source,AdventurerAI.GrantReturnReward,9787
5,29,Fame,source,AdventurerAI.GrantReturnReward,380
5,29,Fame,source,LureEconomy.OnHeroEscaped,950
5,29,DP,stock,end,16207
5,29,Material,stock,end,2071
5,29,Fame,stock,end,12118
5,30,DP,source,SurfaceMap.CollectYields,180
5,30,Material,source,SurfaceMap.CollectYields,8
5,30,Fame,source,SurfaceMap.CollectYields,37
5,30,DP,source,DistrictCatalog.Collect,28
5,30,DP,source,EraSystem.TickTurn,6528
5,30,Material,source,EraSystem.TickTurn,32
5,30,DP,sink,MinionRoster.TryForge,-21000
5,30,DP,sink,MinionRoster.TryEvolveIndividual,-700
5,30,Material,sink,MinionRoster.TryForge,-144
5,30,DP,sink,DungeonFeatureManager.TryPlaceTrap,-1050
5,30,DP,sink,MinionRoster.TrySummon,-172
5,30,DP,source,AdventurerAI.ReapEmotion,463
5,30,DP,sink,CommandSystem.TryUse,-4050
5,30,DP,source,AdventurerAI.GrantReturnReward,13554
5,30,Fame,source,AdventurerAI.GrantReturnReward,290
5,30,Fame,source,LureEconomy.OnHeroEscaped,725
5,30,DP,source,AdventurerAI.TakeDamage,900
5,30,Material,source,AdventurerAI.TakeDamage,5
5,30,DP,stock,end,10888
5,30,Material,stock,end,1972
5,30,Fame,stock,end,13170
5,31,DP,source,SurfaceMap.CollectYields,180
5,31,Material,source,SurfaceMap.CollectYields,9
5,31,Fame,source,SurfaceMap.CollectYields,37
5,31,DP,source,DistrictCatalog.Collect,28
5,31,DP,source,EraSystem.TickTurn,3840
5,31,Material,source,EraSystem.TickTurn,74
5,31,DP,sink,MinionRoster.TryForge,-12900
5,31,DP,sink,MinionRoster.TryEvolveIndividual,-950
5,31,Material,sink,MinionRoster.TryForge,-92
5,31,DP,sink,DungeonFeatureManager.TryPlaceTrap,-900
5,31,DP,sink,MinionRoster.TrySummon,-172
5,31,DP,source,AdventurerAI.ReapEmotion,112
5,31,DP,source,AdventurerAI.GrantReturnReward,13864
5,31,Fame,source,AdventurerAI.GrantReturnReward,430
5,31,Fame,source,LureEconomy.OnHeroEscaped,1075
5,31,DP,sink,CommandSystem.TryUse,-4900
5,31,DP,source,AdventurerAI.TakeDamage,10138
5,31,Material,source,AdventurerAI.TakeDamage,333
5,31,DP,stock,end,19228
5,31,Material,stock,end,2296
5,31,Fame,stock,end,14712
5,32,DP,source,SurfaceMap.CollectYields,180
5,32,Material,source,SurfaceMap.CollectYields,9
5,32,Fame,source,SurfaceMap.CollectYields,37
5,32,DP,source,DistrictCatalog.Collect,28
5,32,DP,source,EraSystem.TickTurn,6528
5,32,Fame,source,EraSystem.TickTurn,272
5,32,DP,sink,MinionRoster.TryForge,-23460
5,32,DP,sink,MinionRoster.TryEvolveIndividual,-650
5,32,Material,sink,MinionRoster.TryForge,-180
5,32,DP,sink,DungeonFeatureManager.TryPlaceTrap,-1650
5,32,DP,sink,MinionRoster.TrySummon,-180
5,32,DP,source,AdventurerAI.ReapEmotion,256
5,32,DP,source,AdventurerAI.GrantReturnReward,13921
5,32,Fame,source,AdventurerAI.GrantReturnReward,290
5,32,Fame,source,LureEconomy.OnHeroEscaped,725
5,32,DP,sink,CommandSystem.TryUse,-4550
5,32,DP,source,AdventurerAI.TakeDamage,21401
5,32,Material,source,AdventurerAI.TakeDamage,281
5,32,DP,stock,end,31052
5,32,Material,stock,end,2406
5,32,Fame,stock,end,16036
5,33,DP,source,SurfaceMap.CollectYields,180
5,33,Material,source,SurfaceMap.CollectYields,9
5,33,Fame,source,SurfaceMap.CollectYields,37
5,33,DP,source,DistrictCatalog.Collect,28
5,33,DP,source,EraSystem.TickTurn,1920
5,33,DP,sink,MinionRoster.TryForge,-168
5,33,DP,sink,DungeonFloorManager.TryAddFloor,-31250
5,33,DP,sink,DungeonFloorManager.TryExpandFloor,-1200
5,33,DP,sink,MinionRoster.TryEvolveIndividual,-250
5,33,DP,sink,DungeonFeatureManager.TryPlaceTrap,-150
5,33,DP,sink,MinionRoster.TrySummon,-150
5,33,DP,source,AdventurerAI.ReapEmotion,529
5,33,DP,sink,CommandSystem.TryUse,-4100
5,33,DP,source,AdventurerAI.GrantReturnReward,15904
5,33,Fame,source,AdventurerAI.GrantReturnReward,190
5,33,Fame,source,LureEconomy.OnHeroEscaped,475
5,33,DP,source,AdventurerAI.TakeDamage,9351
5,33,Material,source,AdventurerAI.TakeDamage,259
5,33,DP,stock,end,21696
5,33,Material,stock,end,2674
5,33,Fame,stock,end,16738
5,34,DP,source,SurfaceMap.CollectYields,180
5,34,Material,source,SurfaceMap.CollectYields,9
5,34,Fame,source,SurfaceMap.CollectYields,37
5,34,DP,source,DistrictCatalog.Collect,28
5,34,DP,sink,MinionRoster.TryForge,-17952
5,34,DP,sink,DungeonFloorManager.TryExpandFloor,-1500
5,34,DP,sink,MinionRoster.TryEvolveIndividual,-1025
5,34,Material,sink,MinionRoster.TryForge,-120
5,34,DP,sink,DungeonFeatureManager.TryPlaceTrap,-1200
5,34,DP,sink,MinionRoster.TrySummon,-225
5,34,DP,source,AdventurerAI.ReapEmotion,162
5,34,DP,source,AdventurerAI.GrantReturnReward,19388
5,34,Fame,source,AdventurerAI.GrantReturnReward,320
5,34,Fame,source,LureEconomy.OnHeroEscaped,800
5,34,DP,sink,CommandSystem.TryUse,-4100
5,34,DP,source,AdventurerAI.TakeDamage,20639
5,34,Material,source,AdventurerAI.TakeDamage,381
5,34,DP,stock,end,36091
5,34,Material,stock,end,2944
5,34,Fame,stock,end,17895
5,35,DP,source,SurfaceMap.CollectYields,180
5,35,Material,source,SurfaceMap.CollectYields,9
5,35,Fame,source,SurfaceMap.CollectYields,37
5,35,DP,source,DistrictCatalog.Collect,28
5,35,DP,sink,MinionRoster.TryForge,-33660
5,35,DP,sink,MinionRoster.TryEvolveIndividual,-725
5,35,Material,sink,MinionRoster.TryForge,-350
5,35,DP,sink,DungeonFeatureManager.TryPlaceTrap,-1650
5,35,DP,sink,MinionRoster.TrySummon,-262
5,35,DP,source,AdventurerAI.ReapEmotion,222
5,35,DP,source,AdventurerAI.GrantReturnReward,35205
5,35,Fame,source,AdventurerAI.GrantReturnReward,530
5,35,Fame,source,LureEconomy.OnHeroEscaped,1325
5,35,DP,sink,CommandSystem.TryUse,-5000
5,35,DP,source,AdventurerAI.TakeDamage,14851
5,35,Material,source,AdventurerAI.TakeDamage,220
5,35,DP,stock,end,45280
5,35,Material,stock,end,2823
5,35,Fame,stock,end,19787
5,36,DP,source,SurfaceMap.CollectYields,180
5,36,Material,source,SurfaceMap.CollectYields,9
5,36,Fame,source,SurfaceMap.CollectYields,37
5,36,DP,source,DistrictCatalog.Collect,28
5,36,DP,sink,MinionRoster.TryForge,-40140
5,36,DP,sink,DungeonFloorManager.TryExpandFloor,-2500
5,36,DP,sink,MinionRoster.TryEvolveIndividual,-375
5,36,Material,sink,MinionRoster.TryForge,-434
5,36,DP,sink,DungeonFeatureManager.TryPlaceTrap,-2250
5,36,DP,sink,MinionRoster.TrySummon,-188
5,36,DP,source,AdventurerAI.ReapEmotion,373
5,36,DP,sink,CommandSystem.TryUse,-4100
5,36,DP,source,AdventurerAI.GrantReturnReward,20550
5,36,Fame,source,AdventurerAI.GrantReturnReward,330
5,36,Fame,source,LureEconomy.OnHeroEscaped,825
5,36,DP,source,AdventurerAI.TakeDamage,24079
5,36,Material,source,AdventurerAI.TakeDamage,535
5,36,DP,stock,end,40937
5,36,Material,stock,end,2933
5,36,Fame,stock,end,20979
5,37,DP,source,SurfaceMap.CollectYields,158
5,37,Material,source,SurfaceMap.CollectYields,8
5,37,Fame,source,SurfaceMap.CollectYields,33
5,37,DP,source,DistrictCatalog.Collect,28
5,37,DP,sink,MinionRoster.TryForge,-38580
5,37,DP,sink,MinionRoster.TryEvolveIndividual,-250
5,37,Material,sink,MinionRoster.TryForge,-416
5,37,DP,sink,DungeonFeatureManager.TryPlaceTrap,-2100
5,37,DP,sink,MinionRoster.TrySummon,-156
5,37,DP,source,AdventurerAI.ReapEmotion,171
5,37,DP,source,AdventurerAI.GrantReturnReward,35019
5,37,Fame,source,AdventurerAI.GrantReturnReward,340
5,37,Fame,source,LureEconomy.OnHeroEscaped,850
5,37,DP,sink,CommandSystem.TryUse,-3800
5,37,DP,source,AdventurerAI.TakeDamage,23767
5,37,Material,source,AdventurerAI.TakeDamage,501
5,37,DP,stock,end,55194
5,37,Material,stock,end,3026
5,37,Fame,stock,end,22202
5,38,DP,source,SurfaceMap.CollectYields,158
5,38,Material,source,SurfaceMap.CollectYields,8
5,38,Fame,source,SurfaceMap.CollectYields,33
5,38,DP,source,DistrictCatalog.Collect,28
5,38,DP,sink,MinionRoster.TryForge,-50580
5,38,DP,sink,MinionRoster.TryEvolveIndividual,-625
5,38,Material,sink,MinionRoster.TryForge,-576
5,38,DP,sink,DungeonFeatureManager.TryPlaceTrap,-3600
5,38,DP,sink,MinionRoster.TrySummon,-567
5,38,DP,source,AdventurerAI.ReapEmotion,245
5,38,DP,source,AdventurerAI.GrantReturnReward,14718
5,38,Fame,source,AdventurerAI.GrantReturnReward,170
5,38,Fame,source,LureEconomy.OnHeroEscaped,425
5,38,DP,sink,CommandSystem.TryUse,-3800
5,38,DP,source,AdventurerAI.TakeDamage,13642
5,38,Material,source,AdventurerAI.TakeDamage,271
5,38,DP,stock,end,24813
5,38,Material,stock,end,2729
5,38,Fame,stock,end,22830
5,39,DP,source,SurfaceMap.CollectYields,158
5,39,Material,source,SurfaceMap.CollectYields,8
5,39,Fame,source,SurfaceMap.CollectYields,33
5,39,DP,source,DistrictCatalog.Collect,28
5,39,DP,sink,MinionRoster.TryForge,-21780
5,39,DP,sink,MinionRoster.TryEvolveIndividual,-375
5,39,Material,sink,MinionRoster.TryForge,-248
5,39,DP,sink,DungeonFeatureManager.TryPlaceTrap,-2550
5,39,DP,sink,MinionRoster.TrySummon,-284
5,39,DP,source,AdventurerAI.ReapEmotion,191
5,39,DP,source,AdventurerAI.GrantReturnReward,25204
5,39,Fame,source,AdventurerAI.GrantReturnReward,380
5,39,Fame,source,LureEconomy.OnHeroEscaped,950
5,39,DP,sink,CommandSystem.TryUse,-4250
5,39,DP,source,AdventurerAI.TakeDamage,34446
5,39,Material,source,AdventurerAI.TakeDamage,706
5,39,DP,stock,end,55601
5,39,Material,stock,end,3195
5,39,Fame,stock,end,24193
5,40,DP,source,SurfaceMap.CollectYields,180
5,40,Material,source,SurfaceMap.CollectYields,9
5,40,Fame,source,SurfaceMap.CollectYields,37
5,40,DP,source,DistrictCatalog.Collect,28
5,40,DP,sink,MinionRoster.TryForge,-53160
5,40,DP,sink,MinionRoster.TryEvolveIndividual,-450
5,40,Material,sink,MinionRoster.TryForge,-624
5,40,DP,sink,DungeonFeatureManager.TryPlaceTrap,-1950
5,40,DP,sink,MinionRoster.TrySummon,-243
5,40,DP,source,AdventurerAI.ReapEmotion,553
5,40,DP,sink,CommandSystem.TryUse,-3400
5,40,DP,source,AdventurerAI.GrantReturnReward,24189
5,40,Fame,source,AdventurerAI.GrantReturnReward,250
5,40,Fame,source,LureEconomy.OnHeroEscaped,625
5,40,DP,source,AdventurerAI.TakeDamage,42658
5,40,Material,source,AdventurerAI.TakeDamage,717
5,40,DP,stock,end,64006
5,40,Material,stock,end,3297
5,40,Fame,stock,end,25105
5,41,DP,source,SurfaceMap.CollectYields,180
5,41,Material,source,SurfaceMap.CollectYields,9
5,41,Fame,source,SurfaceMap.CollectYields,37
5,41,DP,source,DistrictCatalog.Collect,28
5,41,DP,source,EraSystem.TickTurn,1920
5,41,DP,sink,MinionRoster.TryForge,-62580
5,41,DP,sink,MinionRoster.TryEvolveIndividual,-650
5,41,Material,sink,MinionRoster.TryForge,-792
5,41,DP,sink,DungeonFeatureManager.TryPlaceTrap,-600
5,41,DP,sink,MinionRoster.TrySummon,-2265
5,41,DP,source,AdventurerAI.ReapEmotion,183
5,41,DP,source,AdventurerAI.GrantReturnReward,21275
5,41,Fame,source,AdventurerAI.GrantReturnReward,330
5,41,Fame,source,LureEconomy.OnHeroEscaped,825
5,41,DP,sink,CommandSystem.TryUse,-4100
5,41,DP,source,AdventurerAI.TakeDamage,27418
5,41,Material,source,AdventurerAI.TakeDamage,11206
5,41,DP,source,Nemesis.OnSlain,4278
5,41,Material,source,Nemesis.OnSlain,17
5,41,DP,stock,end,49093
5,41,Material,stock,end,13737
5,41,Fame,stock,end,26297
5,42,DP,source,SurfaceMap.CollectYields,180
5,42,Material,source,SurfaceMap.CollectYields,9
5,42,Fame,source,SurfaceMap.CollectYields,37
5,42,DP,source,DistrictCatalog.Collect,28
5,42,DP,sink,MinionRoster.TryForge,-45960
5,42,DP,sink,MinionRoster.TryEvolveIndividual,-650
5,42,Material,sink,MinionRoster.TryForge,-528
5,42,DP,sink,MinionRoster.TrySummon,-2654
5,42,DP,source,AdventurerAI.ReapEmotion,174
5,42,DP,source,AdventurerAI.GrantReturnReward,27048
5,42,Fame,source,AdventurerAI.GrantReturnReward,270
5,42,Fame,source,LureEconomy.OnHeroEscaped,675
5,42,DP,sink,CommandSystem.TryUse,-4100
5,42,DP,source,AdventurerAI.TakeDamage,35688
5,42,Material,source,AdventurerAI.TakeDamage,6022
5,42,DP,source,Nemesis.OnSlain,4278
5,42,Material,source,Nemesis.OnSlain,17
5,42,DP,stock,end,63125
5,42,Material,stock,end,19257
5,42,Fame,stock,end,27279
5,43,DP,source,SurfaceMap.CollectYields,180
5,43,Material,source,SurfaceMap.CollectYields,9
5,43,Fame,source,SurfaceMap.CollectYields,37
5,43,DP,source,DistrictCatalog.Collect,28
5,43,DP,sink,MinionRoster.TryForge,-36540
5,43,DP,sink,MinionRoster.TryEvolveIndividual,-225
5,43,Material,sink,MinionRoster.TryForge,-360
5,43,DP,sink,MinionRoster.TrySummon,-26561
5,43,DP,source,AdventurerAI.ReapEmotion,122
5,43,DP,source,AdventurerAI.GrantReturnReward,22312
5,43,Fame,source,AdventurerAI.GrantReturnReward,290
5,43,Fame,source,LureEconomy.OnHeroEscaped,725
5,43,DP,sink,CommandSystem.TryUse,-3950
5,43,DP,source,AdventurerAI.TakeDamage,22714
5,43,Material,source,AdventurerAI.TakeDamage,436
5,43,DP,stock,end,41205
5,43,Material,stock,end,19342
5,43,Fame,stock,end,28331
5,44,DP,source,SurfaceMap.CollectYields,180
5,44,Material,source,SurfaceMap.CollectYields,9
5,44,Fame,source,SurfaceMap.CollectYields,37
5,44,DP,source,DistrictCatalog.Collect,28
5,44,DP,sink,MinionRoster.TryForge,-5064
5,44,DP,sink,MinionRoster.TryEvolveIndividual,-375
5,44,DP,sink,MinionRoster.TrySummon,-35974
5,44,DP,source,AdventurerAI.ReapEmotion,130
5,44,DP,source,AdventurerAI.GrantReturnReward,28761
5,44,Fame,source,AdventurerAI.GrantReturnReward,340
5,44,Fame,source,LureEconomy.OnHeroEscaped,850
5,44,DP,sink,CommandSystem.TryUse,-3800
5,44,DP,source,AdventurerAI.TakeDamage,28233
5,44,Material,source,AdventurerAI.TakeDamage,768
5,44,DP,source,Nemesis.OnSlain,972
5,44,Material,source,Nemesis.OnSlain,6
5,44,DP,stock,end,54296
5,44,Material,stock,end,20125
5,44,Fame,stock,end,29558
5,45,DP,source,SurfaceMap.CollectYields,225
5,45,Material,source,SurfaceMap.CollectYields,12
5,45,Fame,source,SurfaceMap.CollectYields,37
5,45,DP,source,DistrictCatalog.Collect,28
5,45,DP,sink,MinionRoster.TryForge,-13956
5,45,Material,sink,MinionRoster.TryForge,-12
5,45,DP,sink,MinionRoster.TrySummon,-40569
5,45,DP,source,AdventurerAI.ReapEmotion,415
5,45,DP,sink,CommandSystem.TryUse,-4050
5,45,DP,source,AdventurerAI.GrantReturnReward,20678
5,45,Fame,source,AdventurerAI.GrantReturnReward,230
5,45,Fame,source,LureEconomy.OnHeroEscaped,575
5,45,DP,source,AdventurerAI.TakeDamage,54147
5,45,Material,source,AdventurerAI.TakeDamage,713
5,45,DP,stock,end,71214
5,45,Material,stock,end,20838
5,45,Fame,stock,end,30400
5,46,DP,source,SurfaceMap.CollectYields,225
5,46,Material,source,SurfaceMap.CollectYields,12
5,46,Fame,source,SurfaceMap.CollectYields,37
5,46,DP,source,DistrictCatalog.Collect,28
5,46,DP,sink,MinionRoster.TryForge,-32520
5,46,Material,sink,MinionRoster.TryForge,-216
5,46,DP,sink,MinionRoster.TrySummon,-38925
5,46,DP,source,AdventurerAI.ReapEmotion,133
5,46,DP,source,AdventurerAI.GrantReturnReward,32597
5,46,Fame,source,AdventurerAI.GrantReturnReward,370
5,46,Fame,source,LureEconomy.OnHeroEscaped,925
5,46,DP,sink,CommandSystem.TryUse,-3800
5,46,DP,source,AdventurerAI.TakeDamage,40359
5,46,Material,source,AdventurerAI.TakeDamage,846
5,46,DP,stock,end,69311
5,46,Material,stock,end,21480
5,46,Fame,stock,end,31732
5,47,DP,source,SurfaceMap.CollectYields,226
5,47,Material,source,SurfaceMap.CollectYields,12
5,47,Fame,source,SurfaceMap.CollectYields,38
5,47,DP,source,DistrictCatalog.Collect,28
5,47,DP,sink,MinionRoster.TryForge,-6960
5,47,Material,sink,MinionRoster.TryForge,-68
5,47,DP,sink,MinionEvolution.TryEvolve,-9050
5,47,DP,sink,MinionRoster.TryEvolveIndividual,-50800
5,47,DP,sink,MinionRoster.TrySummon,-2752
5,47,DP,source,AdventurerAI.ReapEmotion,183
5,47,DP,source,AdventurerAI.GrantReturnReward,31889
5,47,Fame,source,AdventurerAI.GrantReturnReward,380
5,47,Fame,source,LureEconomy.OnHeroEscaped,950
5,47,DP,sink,CommandSystem.TryUse,-3800
5,47,DP,source,AdventurerAI.TakeDamage,24899
5,47,Material,source,AdventurerAI.TakeDamage,83555
5,47,DP,source,Nemesis.OnSlain,4278
5,47,Material,source,Nemesis.OnSlain,17
5,47,DP,stock,end,57452
5,47,Material,stock,end,104996
5,47,Fame,stock,end,33100
5,48,DP,source,SurfaceMap.CollectYields,221
5,48,Material,source,SurfaceMap.CollectYields,12
5,48,Fame,source,SurfaceMap.CollectYields,37
5,48,DP,source,DistrictCatalog.Collect,28
5,48,DP,source,EraSystem.TickTurn,9720
5,48,DP,sink,MinionRoster.TryForge,-63840
5,48,Material,sink,MinionRoster.TryForge,-784
5,48,DP,sink,MinionRoster.TrySummon,-3563
5,48,DP,source,AdventurerAI.ReapEmotion,188
5,48,DP,source,AdventurerAI.GrantReturnReward,18281
5,48,Fame,source,AdventurerAI.GrantReturnReward,350
5,48,Fame,source,LureEconomy.OnHeroEscaped,875
5,48,DP,sink,CommandSystem.TryUse,-3800
5,48,DP,source,AdventurerAI.TakeDamage,70499
5,48,Material,source,AdventurerAI.TakeDamage,1200
5,48,DP,source,Nemesis.OnSlain,1387
5,48,Material,source,Nemesis.OnSlain,8
5,48,DP,stock,end,86573
5,48,Material,stock,end,105432
5,48,Fame,stock,end,34362
5,49,DP,source,SurfaceMap.CollectYields,221
5,49,Material,source,SurfaceMap.CollectYields,12
5,49,Fame,source,SurfaceMap.CollectYields,37
5,49,DP,source,DistrictCatalog.Collect,28
5,49,DP,source,EraSystem.TickTurn,9720
5,49,DP,sink,MinionRoster.TryForge,-4800
5,49,Material,sink,MinionRoster.TryForge,-64
5,49,DP,sink,DungeonFloorManager.TryAddFloor,-78125
5,49,DP,sink,DungeonFloorManager.TryExpandFloor,-400
5,49,DP,sink,MinionEvolution.TryEvolve,-11750
5,49,DP,sink,MinionRoster.TryEvolveIndividual,-1150
5,49,DP,sink,DungeonFeatureManager.TryPlaceTrap,-150
5,49,DP,sink,MinionRoster.TrySummon,-144
5,49,DP,source,AdventurerAI.ReapEmotion,289
5,49,DP,sink,CommandSystem.TryUse,-3800
5,49,DP,source,AdventurerAI.TakeDamage,36767
5,49,Material,source,AdventurerAI.TakeDamage,35374
5,49,DP,source,AdventurerAI.GrantReturnReward,12146
5,49,Fame,source,AdventurerAI.GrantReturnReward,290
5,49,Fame,source,LureEconomy.OnHeroEscaped,725
5,49,DP,source,Nemesis.OnSlain,8556
5,49,Material,source,Nemesis.OnSlain,34
5,49,DP,stock,end,53981
5,49,Material,stock,end,140788
5,49,Fame,stock,end,35414
5,50,DP,source,SurfaceMap.CollectYields,254
5,50,Material,source,SurfaceMap.CollectYields,12
5,50,Fame,source,SurfaceMap.CollectYields,45
5,50,DP,source,DistrictCatalog.Collect,28
5,50,DP,source,EraSystem.TickTurn,9720
5,50,DP,sink,MinionRoster.TryForge,-4800
5,50,Material,sink,MinionRoster.TryForge,-64
5,50,DP,sink,MinionEvolution.TryEvolve,-21500
5,50,DP,sink,MinionRoster.TryEvolveIndividual,-36650
5,50,DP,sink,DungeonFeatureManager.TryPlaceTrap,-750
5,50,DP,sink,MinionRoster.TrySummon,-279
5,50,DP,source,AdventurerAI.ReapEmotion,401
5,50,DP,sink,CommandSystem.TryUse,-3800
5,50,DP,source,AdventurerAI.TakeDamage,60065
5,50,Material,source,AdventurerAI.TakeDamage,679
5,50,DP,source,AdventurerAI.GrantReturnReward,13195
5,50,Fame,source,AdventurerAI.GrantReturnReward,210
5,50,Fame,source,LureEconomy.OnHeroEscaped,525
5,50,DP,source,Nemesis.OnSlain,1053
5,50,Material,source,Nemesis.OnSlain,6
5,50,DP,stock,end,70918
5,50,Material,stock,end,141421
5,50,Fame,stock,end,36194
5,51,DP,source,SurfaceMap.CollectYields,258
5,51,Material,source,SurfaceMap.CollectYields,12
5,51,Fame,source,SurfaceMap.CollectYields,46
5,51,DP,source,DistrictCatalog.Collect,28
5,51,DP,source,EraSystem.TickTurn,9720
5,51,DP,sink,MinionRoster.TryForge,-4800
5,51,Material,sink,MinionRoster.TryForge,-64
5,51,DP,sink,DungeonFloorManager.TryExpandFloor,-4800
5,51,DP,sink,MinionRoster.TryEvolveIndividual,-70800
5,51,DP,sink,DungeonFeatureManager.TryPlaceTrap,-300
5,51,DP,sink,MinionRoster.TrySummon,-186
5,51,DP,source,AdventurerAI.ReapEmotion,174
5,51,DP,source,AdventurerAI.GrantReturnReward,17422
5,51,Fame,source,AdventurerAI.GrantReturnReward,310
5,51,Fame,source,LureEconomy.OnHeroEscaped,775
5,51,DP,sink,CommandSystem.TryUse,-3800
5,51,DP,source,AdventurerAI.TakeDamage,40524
5,51,Material,source,AdventurerAI.TakeDamage,442
5,51,DP,source,Nemesis.OnSlain,2138
5,51,Material,source,Nemesis.OnSlain,12
5,51,DP,stock,end,56496
5,51,Material,stock,end,141823
5,51,Fame,stock,end,37325
5,52,DP,source,SurfaceMap.CollectYields,258
5,52,Material,source,SurfaceMap.CollectYields,12
5,52,Fame,source,SurfaceMap.CollectYields,46
5,52,DP,source,DistrictCatalog.Collect,28
5,52,DP,source,EraSystem.TickTurn,16524
5,52,DP,sink,MinionRoster.TryForge,-21600
5,52,Material,sink,MinionRoster.TryForge,-288
5,52,DP,sink,MinionRoster.TryEvolveIndividual,-49400
5,52,DP,sink,DungeonFeatureManager.TryPlaceTrap,-2100
5,52,DP,sink,MinionRoster.TrySummon,-192
5,52,DP,source,AdventurerAI.ReapEmotion,218
5,52,DP,source,AdventurerAI.TakeDamage,64641
5,52,Material,source,AdventurerAI.TakeDamage,116875
5,52,DP,sink,CommandSystem.TryUse,-4100
5,52,DP,source,AdventurerAI.GrantReturnReward,9432
5,52,Fame,source,AdventurerAI.GrantReturnReward,220
5,52,Fame,source,LureEconomy.OnHeroEscaped,550
5,52,DP,source,Nemesis.OnSlain,9620
5,52,Material,source,Nemesis.OnSlain,42
5,52,DP,stock,end,79825
5,52,Material,stock,end,258464
5,52,Fame,stock,end,38141
5,53,DP,source,SurfaceMap.CollectYields,258
5,53,Material,source,SurfaceMap.CollectYields,12
5,53,Fame,source,SurfaceMap.CollectYields,46
5,53,DP,source,DistrictCatalog.Collect,28
5,53,Material,source,DistrictCatalog.Collect,7
5,53,DP,source,EraSystem.TickTurn,9720
5,53,Material,source,EraSystem.TickTurn,124
5,53,DP,sink,MinionRoster.TryForge,-64800
5,53,Material,sink,MinionRoster.TryForge,-864
5,53,DP,sink,MinionRoster.TryEvolveIndividual,-23000
5,53,DP,sink,DungeonFeatureManager.TryPlaceTrap,-1650
5,53,DP,sink,MinionRoster.TrySummon,-336
5,53,DP,source,AdventurerAI.ReapEmotion,210
5,53,DP,source,AdventurerAI.TakeDamage,60228
5,53,Material,source,AdventurerAI.TakeDamage,688
5,53,DP,sink,CommandSystem.TryUse,-3800
5,53,DP,source,AdventurerAI.GrantReturnReward,17418
5,53,Fame,source,AdventurerAI.GrantReturnReward,420
5,53,Fame,source,LureEconomy.OnHeroEscaped,1050
5,53,DP,source,Nemesis.OnSlain,3255
5,53,Material,source,Nemesis.OnSlain,18
5,53,DP,stock,end,77356
5,53,Material,stock,end,258449
5,53,Fame,stock,end,39657
5,54,DP,source,SurfaceMap.CollectYields,226
5,54,Material,source,SurfaceMap.CollectYields,12
5,54,Fame,source,SurfaceMap.CollectYields,38
5,54,DP,source,DistrictCatalog.Collect,28
5,54,Material,source,DistrictCatalog.Collect,7
5,54,DP,source,EraSystem.TickTurn,9720
5,54,Material,source,EraSystem.TickTurn,62
5,54,Fame,source,EraSystem.TickTurn,135
5,54,DP,sink,MinionRoster.TryForge,-83520
5,54,Material,sink,MinionRoster.TryForge,-1200
5,54,DP,sink,MinionRoster.TrySummon,-3804
5,54,DP,source,AdventurerAI.ReapEmotion,244
5,54,DP,source,AdventurerAI.GrantReturnReward,17417
5,54,Fame,source,AdventurerAI.GrantReturnReward,350
5,54,Fame,source,LureEconomy.OnHeroEscaped,875
5,54,DP,sink,CommandSystem.TryUse,-3800
5,54,DP,source,AdventurerAI.TakeDamage,51796
5,54,Material,source,AdventurerAI.TakeDamage,1064
5,54,DP,source,Nemesis.OnSlain,2204
5,54,Material,source,Nemesis.OnSlain,12
5,54,DP,stock,end,67867
5,54,Material,stock,end,258406
5,54,Fame,stock,end,41055
5,55,DP,source,SurfaceMap.CollectYields,258
5,55,Material,source,SurfaceMap.CollectYields,12
5,55,Fame,source,SurfaceMap.CollectYields,46
5,55,DP,source,DistrictCatalog.Collect,28
5,55,Material,source,DistrictCatalog.Collect,8
5,55,DP,source,EraSystem.TickTurn,9720
5,55,DP,sink,MinionRoster.TryForge,-74880
5,55,Material,sink,MinionRoster.TryForge,-1092
5,55,DP,sink,MinionRoster.TrySummon,-2970
5,55,DP,source,AdventurerAI.ReapEmotion,640
5,55,DP,sink,CommandSystem.TryUse,-4250
5,55,DP,source,AdventurerAI.TakeDamage,106082
5,55,Material,source,AdventurerAI.TakeDamage,1164
5,55,DP,source,AdventurerAI.GrantReturnReward,42530
5,55,Fame,source,AdventurerAI.GrantReturnReward,550
5,55,Fame,source,LureEconomy.OnHeroEscaped,1375
5,55,DP,source,Nemesis.OnSlain,2236
5,55,Material,source,Nemesis.OnSlain,12
5,55,DP,stock,end,147261
5,55,Material,stock,end,258510
5,55,Fame,stock,end,43026
5,56,DP,source,SurfaceMap.CollectYields,254
5,56,Material,source,SurfaceMap.CollectYields,12
5,56,Fame,source,SurfaceMap.CollectYields,45
5,56,DP,source,DistrictCatalog.Collect,28
5,56,Material,source,DistrictCatalog.Collect,8
5,56,DP,source,EraSystem.TickTurn,11664
5,56,DP,sink,MinionRoster.TryForge,-120960
5,56,Material,sink,MinionRoster.TryForge,-1764
5,56,DP,sink,MinionRoster.TrySummon,-38198
5,56,DP,source,AdventurerAI.ReapEmotion,142
5,56,DP,source,AdventurerAI.TakeDamage,58979
5,56,Material,source,AdventurerAI.TakeDamage,617
5,56,DP,sink,CommandSystem.TryUse,-4100
5,56,DP,source,AdventurerAI.GrantReturnReward,24816
5,56,Fame,source,AdventurerAI.GrantReturnReward,320
5,56,Fame,source,LureEconomy.OnHeroEscaped,800
5,56,DP,source,Nemesis.OnSlain,2888
5,56,Material,source,Nemesis.OnSlain,14
5,56,DP,stock,end,82774
5,56,Material,stock,end,257397
5,56,Fame,stock,end,44191
5,57,DP,source,SurfaceMap.CollectYields,254
5,57,Material,source,SurfaceMap.CollectYields,12
5,57,Fame,source,SurfaceMap.CollectYields,45
5,57,DP,source,DistrictCatalog.Collect,28
5,57,Material,source,DistrictCatalog.Collect,8
5,57,DP,sink,MinionRoster.TryForge,-80640
5,57,Material,sink,MinionRoster.TryForge,-1176
5,57,DP,sink,MinionRoster.TrySummon,-2376
5,57,DP,source,AdventurerAI.ReapEmotion,202
5,57,DP,source,AdventurerAI.TakeDamage,59461
5,57,Material,source,AdventurerAI.TakeDamage,1041
5,57,DP,sink,CommandSystem.TryUse,-3800
5,57,DP,source,AdventurerAI.GrantReturnReward,33868
5,57,Fame,source,AdventurerAI.GrantReturnReward,500
5,57,Fame,source,LureEconomy.OnHeroEscaped,1250
5,57,DP,source,Nemesis.OnSlain,2680
5,57,Material,source,Nemesis.OnSlain,14
5,57,DP,stock,end,92451
5,57,Material,stock,end,257296
5,57,Fame,stock,end,45986
5,58,DP,source,SurfaceMap.CollectYields,254
5,58,Material,source,SurfaceMap.CollectYields,12
5,58,Fame,source,SurfaceMap.CollectYields,45
5,58,DP,source,DistrictCatalog.Collect,28
5,58,Material,source,DistrictCatalog.Collect,7
5,58,DP,sink,MinionRoster.TryForge,-87840
5,58,Material,sink,MinionRoster.TryForge,-1326
5,58,DP,sink,MinionRoster.TrySummon,-4856
5,58,DP,source,AdventurerAI.ReapEmotion,227
5,58,DP,source,AdventurerAI.GrantReturnReward,18543
5,58,Fame,source,AdventurerAI.GrantReturnReward,340
5,58,Fame,source,LureEconomy.OnHeroEscaped,850
5,58,DP,sink,CommandSystem.TryUse,-3800
5,58,DP,source,AdventurerAI.TakeDamage,64062
5,58,Material,source,AdventurerAI.TakeDamage,1045
5,58,DP,source,Nemesis.OnSlain,3850
5,58,Material,source,Nemesis.OnSlain,20
5,58,DP,stock,end,82919
5,58,Material,stock,end,257054
5,58,Fame,stock,end,47221
5,59,DP,source,SurfaceMap.CollectYields,221
5,59,Material,source,SurfaceMap.CollectYields,12
5,59,Fame,source,SurfaceMap.CollectYields,37
5,59,DP,source,DistrictCatalog.Collect,28
5,59,Material,source,DistrictCatalog.Collect,7
5,59,DP,sink,MinionRoster.TryForge,-79200
5,59,Material,sink,MinionRoster.TryForge,-1210
5,59,DP,sink,MinionRoster.TrySummon,-3942
5,59,DP,source,AdventurerAI.ReapEmotion,291
5,59,DP,sink,CommandSystem.TryUse,-4100
5,59,DP,source,AdventurerAI.TakeDamage,75009
5,59,Material,source,AdventurerAI.TakeDamage,1149
5,59,DP,source,AdventurerAI.GrantReturnReward,10434
5,59,Fame,source,AdventurerAI.GrantReturnReward,230
5,59,Fame,source,LureEconomy.OnHeroEscaped,575
5,59,DP,source,Nemesis.OnSlain,3903
5,59,Material,source,Nemesis.OnSlain,20
5,59,DP,stock,end,85563
5,59,Material,stock,end,257032
5,59,Fame,stock,end,48063
5,60,DP,source,SurfaceMap.CollectYields,221
5,60,Material,source,SurfaceMap.CollectYields,12
5,60,Fame,source,SurfaceMap.CollectYields,37
5,60,DP,source,DistrictCatalog.Collect,28
5,60,Material,source,DistrictCatalog.Collect,7
5,60,DP,sink,MinionRoster.TryForge,-82800
5,60,Material,sink,MinionRoster.TryForge,-1265
5,60,DP,sink,MinionRoster.TrySummon,-3000
5,60,DP,source,AdventurerAI.ReapEmotion,703
5,60,DP,sink,CommandSystem.TryUse,-3400
5,60,DP,source,AdventurerAI.GrantReturnReward,33612
5,60,Fame,source,AdventurerAI.GrantReturnReward,390
5,60,Fame,source,LureEconomy.OnHeroEscaped,975
5,60,DP,source,AdventurerAI.TakeDamage,78998
5,60,Material,source,AdventurerAI.TakeDamage,713
5,60,DP,source,Nemesis.OnSlain,3549
5,60,Material,source,Nemesis.OnSlain,18
5,60,DP,stock,end,113474
5,60,Material,stock,end,256517
5,60,Fame,stock,end,49465
5,61,DP,source,SurfaceMap.CollectYields,221
5,61,Material,source,SurfaceMap.CollectYields,12
5,61,Fame,source,SurfaceMap.CollectYields,37
5,61,DP,source,DistrictCatalog.Collect,28
5,61,Material,source,DistrictCatalog.Collect,7
5,61,DP,sink,MinionRoster.TryForge,-108000
5,61,Material,sink,MinionRoster.TryForge,-1650
5,61,DP,sink,MinionRoster.TrySummon,-5705
5,61,DP,source,AdventurerAI.ReapEmotion,237
5,61,DP,source,AdventurerAI.GrantReturnReward,27064
5,61,Fame,source,AdventurerAI.GrantReturnReward,410
5,61,Fame,source,LureEconomy.OnHeroEscaped,1025
5,61,DP,sink,CommandSystem.TryUse,-3800
5,61,DP,source,Nemesis.OnSlain,3597
5,61,Material,source,Nemesis.OnSlain,18
5,61,DP,source,AdventurerAI.TakeDamage,57234
5,61,Material,source,AdventurerAI.TakeDamage,1332
5,61,DP,stock,end,84350
5,61,Material,stock,end,256236
5,61,Fame,stock,end,50937
5,62,DP,source,SurfaceMap.CollectYields,221
5,62,Material,source,SurfaceMap.CollectYields,12
5,62,Fame,source,SurfaceMap.CollectYields,37
5,62,DP,source,DistrictCatalog.Collect,28
5,62,Material,source,DistrictCatalog.Collect,7
5,62,DP,sink,MinionRoster.TryForge,-79200
5,62,Material,sink,MinionRoster.TryForge,-1210
5,62,DP,sink,MinionRoster.TrySummon,-5392
5,62,DP,source,AdventurerAI.ReapEmotion,482
5,62,DP,sink,CommandSystem.TryUse,-3800
5,62,DP,source,AdventurerAI.GrantReturnReward,34429
5,62,Fame,source,AdventurerAI.GrantReturnReward,430
5,62,Fame,source,LureEconomy.OnHeroEscaped,1075
5,62,DP,source,AdventurerAI.TakeDamage,55258
5,62,Material,source,AdventurerAI.TakeDamage,1080
5,62,DP,source,Nemesis.OnSlain,3645
5,62,Material,source,Nemesis.OnSlain,18
5,62,DP,stock,end,90021
5,62,Material,stock,end,256143
5,62,Fame,stock,end,52479
5,63,DP,source,SurfaceMap.CollectYields,221
5,63,Material,source,SurfaceMap.CollectYields,12
5,63,Fame,source,SurfaceMap.CollectYields,37
5,63,DP,source,DistrictCatalog.Collect,28
5,63,Material,source,DistrictCatalog.Collect,7
5,63,DP,sink,MinionRoster.TryForge,-85680
5,63,Material,sink,MinionRoster.TryForge,-1345
5,63,DP,sink,MinionRoster.TrySummon,-4580
5,63,DP,source,AdventurerAI.ReapEmotion,216
5,63,DP,source,AdventurerAI.GrantReturnReward,46766
5,63,Fame,source,AdventurerAI.GrantReturnReward,740
5,63,Fame,source,LureEconomy.OnHeroEscaped,1850
5,63,DP,sink,CommandSystem.TryUse,-3800
5,63,DP,source,AdventurerAI.TakeDamage,79704
5,63,Material,source,AdventurerAI.TakeDamage,1511
5,63,DP,source,Nemesis.OnSlain,1215
5,63,Material,source,Nemesis.OnSlain,6
5,63,DP,stock,end,124111
5,63,Material,stock,end,256334
5,63,Fame,stock,end,55106
5,64,DP,source,SurfaceMap.CollectYields,221
5,64,Material,source,SurfaceMap.CollectYields,12
5,64,Fame,source,SurfaceMap.CollectYields,37
5,64,DP,source,DistrictCatalog.Collect,28
5,64,Material,source,DistrictCatalog.Collect,7
5,64,DP,sink,MinionRoster.TryForge,-120960
5,64,Material,sink,MinionRoster.TryForge,-1960
5,64,DP,sink,MinionRoster.TrySummon,-3348
5,64,DP,source,AdventurerAI.ReapEmotion,251
5,64,DP,sink,CommandSystem.TryUse,-3800
5,64,DP,source,AdventurerAI.GrantReturnReward,63223
5,64,Fame,source,AdventurerAI.GrantReturnReward,570
5,64,Fame,source,LureEconomy.OnHeroEscaped,1425
5,64,DP,source,AdventurerAI.TakeDamage,48346
5,64,Material,source,AdventurerAI.TakeDamage,1183
5,64,DP,source,Nemesis.OnSlain,1231
5,64,Material,source,Nemesis.OnSlain,6
5,64,DP,stock,end,109303
5,64,Material,stock,end,255582
5,64,Fame,stock,end,57138
5,65,DP,source,SurfaceMap.CollectYields,198
5,65,Material,source,SurfaceMap.CollectYields,10
5,65,Fame,source,SurfaceMap.CollectYields,33
5,65,DP,source,DistrictCatalog.Collect,28
5,65,Material,source,DistrictCatalog.Collect,7
5,65,DP,sink,MinionRoster.TryForge,-103680
5,65,Material,sink,MinionRoster.TryForge,-1680
5,65,DP,sink,MinionRoster.TrySummon,-5810
5,65,DP,source,AdventurerAI.ReapEmotion,738
5,65,DP,sink,CommandSystem.TryUse,-3750
5,65,DP,source,AdventurerAI.GrantReturnReward,54940
5,65,Fame,source,AdventurerAI.GrantReturnReward,470
5,65,Fame,source,LureEconomy.OnHeroEscaped,1175
5,65,DP,source,AdventurerAI.TakeDamage,85443
5,65,Material,source,AdventurerAI.TakeDamage,1237
5,65,DP,source,Nemesis.OnSlain,1897
5,65,Material,source,Nemesis.OnSlain,8
5,65,DP,stock,end,139307
5,65,Material,stock,end,255164
5,65,Fame,stock,end,58816
5,66,DP,source,SurfaceMap.CollectYields,198
5,66,Material,source,SurfaceMap.CollectYields,10
5,66,Fame,source,SurfaceMap.CollectYields,33
5,66,DP,source,DistrictCatalog.Collect,28
5,66,Material,source,DistrictCatalog.Collect,7
5,66,DP,sink,MinionRoster.TryForge,-133920
5,66,Material,sink,MinionRoster.TryForge,-2170
5,66,DP,sink,MinionRoster.TrySummon,-5555
5,66,DP,source,AdventurerAI.ReapEmotion,253
5,66,DP,sink,CommandSystem.TryUse,-3400
5,66,DP,source,AdventurerAI.GrantReturnReward,41481
5,66,Fame,source,AdventurerAI.GrantReturnReward,760
5,66,Fame,source,LureEconomy.OnHeroEscaped,1900
5,66,DP,source,AdventurerAI.TakeDamage,20082
5,66,Material,source,AdventurerAI.TakeDamage,745
5,66,DP,source,Nemesis.OnSlain,1264
5,66,Material,source,Nemesis.OnSlain,6
5,66,DP,stock,end,59738
5,66,Material,stock,end,253762
5,66,Fame,stock,end,61509
5,67,DP,source,SurfaceMap.CollectYields,198
5,67,Material,source,SurfaceMap.CollectYields,10
5,67,Fame,source,SurfaceMap.CollectYields,33
5,67,DP,source,DistrictCatalog.Collect,28
5,67,Material,source,DistrictCatalog.Collect,7
5,67,DP,sink,MinionRoster.TryForge,-56160
5,67,Material,sink,MinionRoster.TryForge,-910
5,67,DP,sink,MinionRoster.TrySummon,-3777
5,67,DP,source,AdventurerAI.ReapEmotion,214
5,67,DP,source,AdventurerAI.TakeDamage,85962
5,67,Material,source,AdventurerAI.TakeDamage,1287
5,67,DP,source,AdventurerAI.GrantReturnReward,118035
5,67,Fame,source,AdventurerAI.GrantReturnReward,1030
5,67,Fame,source,LureEconomy.OnHeroEscaped,2575
5,67,DP,sink,CommandSystem.TryUse,-3800
5,67,DP,stock,end,200438
5,67,Material,stock,end,254156
5,67,Fame,stock,end,65147
5,68,DP,source,SurfaceMap.CollectYields,225
5,68,Material,source,SurfaceMap.CollectYields,12
5,68,Fame,source,SurfaceMap.CollectYields,37
5,68,DP,source,DistrictCatalog.Collect,28
5,68,Material,source,DistrictCatalog.Collect,7
5,68,DP,sink,MinionRoster.TryForge,-196260
5,68,Material,sink,MinionRoster.TryForge,-3320
5,68,DP,sink,MinionRoster.TrySummon,-4420
5,68,DP,source,AdventurerAI.ReapEmotion,238
5,68,DP,source,AdventurerAI.TakeDamage,64133
5,68,Material,source,AdventurerAI.TakeDamage,1200
5,68,DP,sink,CommandSystem.TryUse,-3800
5,68,DP,source,AdventurerAI.GrantReturnReward,68944
5,68,Fame,source,AdventurerAI.GrantReturnReward,620
5,68,Fame,source,LureEconomy.OnHeroEscaped,1550
5,68,DP,source,Nemesis.OnSlain,5774
5,68,Material,source,Nemesis.OnSlain,26
5,68,DP,stock,end,135300
5,68,Material,stock,end,252081
5,68,Fame,stock,end,67354
6,1,DP,sink,DungeonFeatureManager.TryPlaceTrap,-150
6,1,DP,source,AdventurerAI.ReapEmotion,251
6,1,DP,sink,CommandSystem.TryUse,-650
6,1,Fame,source,AdventurerAI.GrantReturnReward,30
6,1,Fame,source,LureEconomy.OnHeroEscaped,75
6,1,DP,source,AdventurerAI.TakeDamage,112
6,1,Material,source,AdventurerAI.TakeDamage,6
6,1,DP,source,AdventurerAI.GrantReturnReward,602
6,1,DP,stock,end,365
6,1,Material,stock,end,6
6,1,Fame,stock,end,105
6,2,DP,source,SurfaceMap.CollectYields,18
6,2,Material,source,SurfaceMap.CollectYields,1
6,2,Fame,source,SurfaceMap.CollectYields,4
6,2,DP,source,EraSystem.TickTurn,600
6,2,Fame,source,EraSystem.TickTurn,25
6,2,DP,sink,MinionRoster.TryForge,-236
6,2,DP,sink,MinionEvolution.TryEvolve,-400
6,2,DP,sink,DungeonFeatureManager.TryPlaceTrap,-150
6,2,DP,sink,MinionRoster.TrySummon,-196
6,2,DP,source,AdventurerAI.ReapEmotion,112
6,2,DP,source,AdventurerAI.TakeDamage,226
6,2,Material,source,AdventurerAI.TakeDamage,47
6,2,DP,source,AdventurerAI.GrantReturnReward,1010
6,2,Fame,source,AdventurerAI.GrantReturnReward,20
6,2,Fame,source,LureEconomy.OnHeroEscaped,50
6,2,DP,sink,CommandSystem.TryUse,-1150
6,2,DP,stock,end,199
6,2,Material,stock,end,54
6,2,Fame,stock,end,204
6,3,DP,source,SurfaceMap.CollectYields,18
6,3,Material,source,SurfaceMap.CollectYields,1
6,3,Fame,source,SurfaceMap.CollectYields,4
6,3,DP,source,EraSystem.TickTurn,600
6,3,Material,source,EraSystem.TickTurn,10
6,3,DP,sink,MinionRoster.TryForge,-236
6,3,DP,sink,MinionEvolution.TryEvolve,-225
6,3,DP,sink,DungeonFeatureManager.TryPlaceTrap,-300
6,3,DP,sink,MinionRoster.TrySummon,-39
6,3,DP,source,AdventurerAI.ReapEmotion,286
6,3,Fame,source,AdventurerAI.GrantReturnReward,30
6,3,Fame,source,LureEconomy.OnHeroEscaped,75
6,3,DP,sink,CommandSystem.TryUse,-1150
6,3,DP,source,AdventurerAI.TakeDamage,176
6,3,Material,source,AdventurerAI.TakeDamage,15
6,3,DP,source,AdventurerAI.GrantReturnReward,291
6,3,DP,source,Nemesis.OnSlain,437
6,3,Material,source,Nemesis.OnSlain,5
6,3,DP,stock,end,57
6,3,Material,stock,end,85
6,3,Fame,stock,end,313
6,4,DP,source,SurfaceMap.CollectYields,18
6,4,Material,source,SurfaceMap.CollectYields,1
6,4,Fame,source,SurfaceMap.CollectYields,4
6,4,DP,source,EraSystem.TickTurn,600
6,4,Material,source,EraSystem.TickTurn,10
6,4,DP,sink,MinionRoster.TryForge,-236
6,4,DP,sink,MinionRoster.TryEvolveIndividual,-75
6,4,DP,sink,DungeonFeatureManager.TryPlaceTrap,-300
6,4,DP,sink,MinionRoster.TrySummon,-60
6,4,DP,source,AdventurerAI.ReapEmotion,242
6,4,Fame,source,AdventurerAI.GrantReturnReward,20
6,4,Fame,source,LureEconomy.OnHeroEscaped,50
6,4,DP,source,AdventurerAI.TakeDamage,344
6,4,Material,source,AdventurerAI.TakeDamage,45
6,4,DP,sink,CommandSystem.TryUse,-1150
6,4,DP,source,Nemesis.OnSlain,454
6,4,Material,source,Nemesis.OnSlain,5
6,4,DP,source,AdventurerAI.GrantReturnReward,285
6,4,DP,stock,end,179
6,4,Material,stock,end,146
6,4,Fame,stock,end,387
6,5,DP,source,SurfaceMap.CollectYields,18
6,5,Material,source,SurfaceMap.CollectYields,1
6,5,Fame,source,SurfaceMap.CollectYields,4
6,5,DP,source,EraSystem.TickTurn,600
6,5,DP,sink,MinionRoster.TryForge,-212
6,5,DP,sink,MinionEvolution.TryEvolve,-200
6,5,DP,sink,DungeonFeatureManager.TryPlaceTrap,-150
6,5,DP,sink,MinionRoster.TrySummon,-216
6,5,DP,source,AdventurerAI.ReapEmotion,180
6,5,DP,source,AdventurerAI.GrantReturnReward,275
6,5,Fame,source,AdventurerAI.GrantReturnReward,30
6,5,Fame,source,LureEconomy.OnHeroEscaped,75
6,5,DP,sink,CommandSystem.TryUse,-650
6,5,DP,source,AdventurerAI.TakeDamage,386
6,5,Material,source,AdventurerAI.TakeDamage,19
6,5,DP,source,Nemesis.OnSlain,470
6,5,Material,source,Nemesis.OnSlain,5
6,5,DP,stock,end,680
6,5,Material,stock,end,171
6,5,Fame,stock,end,496
6,6,DP,source,SurfaceMap.CollectYields,39
6,6,Material,source,SurfaceMap.CollectYields,2
6,6,Fame,source,SurfaceMap.CollectYields,9
6,6,DP,source,EraSystem.TickTurn,600
6,6,Fame,source,EraSystem.TickTurn,25
6,6,DP,sink,MinionRoster.TryForge,-212
6,6,DP,sink,DungeonFloorManager.TryAddFloor,-800
6,6,DP,sink,DungeonFeatureManager.TryPlaceTrap,-150
6,6,DP,sink,MinionRoster.TrySummon,-135
6,6,DP,source,AdventurerAI.ReapEmotion,299
6,6,DP,source,AdventurerAI.TakeDamage,594
6,6,Material,source,AdventurerAI.TakeDamage,26
6,6,DP,sink,CommandSystem.TryUse,-1150
6,6,Fame,source,AdventurerAI.GrantReturnReward,20
6,6,Fame,source,LureEconomy.OnHeroEscaped,50
6,6,DP,source,AdventurerAI.GrantReturnReward,290
6,6,DP,source,Nemesis.OnSlain,486
6,6,Material,source,Nemesis.OnSlain,5
6,6,DP,stock,end,541
6,6,Material,stock,end,204
6,6,Fame,stock,end,600
6,7,DP,source,SurfaceMap.CollectYields,39
6,7,Material,source,SurfaceMap.CollectYields,2
6,7,Fame,source,SurfaceMap.CollectYields,9
6,7,DP,source,EraSystem.TickTurn,1020
6,7,DP,sink,MinionRoster.TryForge,-212
6,7,DP,sink,DungeonFloorManager.TryExpandFloor,-800
6,7,DP,sink,MinionEvolution.TryEvolve,-200
6,7,DP,sink,MinionRoster.TryEvolveIndividual,-75
6,7,DP,sink,DungeonFeatureManager.TryPlaceTrap,-150
6,7,DP,sink,MinionRoster.TrySummon,-158
6,7,DP,source,AdventurerAI.TakeDamage,562
6,7,Material,source,AdventurerAI.TakeDamage,12
6,7,DP,sink,CommandSystem.TryUse,-650
6,7,DP,source,AdventurerAI.ReapEmotion,59
6,7,Fame,source,AdventurerAI.GrantReturnReward,20
6,7,Fame,source,LureEconomy.OnHeroEscaped,50
6,7,DP,source,AdventurerAI.GrantReturnReward,59
6,7,DP,stock,end,35
6,7,Material,stock,end,218
6,7,Fame,stock,end,679
6,8,DP,source,SurfaceMap.CollectYields,39
6,8,Material,source,SurfaceMap.CollectYields,2
6,8,Fame,source,SurfaceMap.CollectYields,9
6,8,DP,source,EraSystem.TickTurn,600
6,8,DP,sink,MinionRoster.TryForge,-212
6,8,DP,sink,MinionRoster.TryEvolveIndividual,-150
6,8,DP,sink,DungeonFeatureManager.TryPlaceTrap,-150
6,8,DP,sink,MinionRoster.TrySummon,-162
6,8,DP,source,AdventurerAI.ReapEmotion,193
6,8,DP,source,AdventurerAI.TakeDamage,587
6,8,Material,source,AdventurerAI.TakeDamage,29
6,8,DP,source,AdventurerAI.GrantReturnReward,1234
6,8,Fame,source,AdventurerAI.GrantReturnReward,50
6,8,Fame,source,LureEconomy.OnHeroEscaped,125
6,8,DP,sink,CommandSystem.TryUse,-1600
6,8,DP,source,Nemesis.OnSlain,502
6,8,Material,source,Nemesis.OnSlain,5
6,8,DP,stock,end,916
6,8,Material,stock,end,254
6,8,Fame,stock,end,863
6,9,DP,source,SurfaceMap.CollectYields,45
6,9,Material,source,SurfaceMap.CollectYields,2
6,9,Fame,source,SurfaceMap.CollectYields,11
6,9,DP,source,EraSystem.TickTurn,600
6,9,Fame,source,EraSystem.TickTurn,25
6,9,DP,sink,MinionRoster.TryForge,-190
6,9,DP,sink,DungeonFloorManager.TryExpandFloor,-800
6,9,DP,sink,MinionEvolution.TryEvolve,-250
6,9,DP,sink,DungeonFeatureManager.TryPlaceTrap,-150
6,9,DP,sink,MinionRoster.TrySummon,-167
6,9,DP,source,AdventurerAI.ReapEmotion,138
6,9,DP,source,AdventurerAI.TakeDamage,401
6,9,Material,source,AdventurerAI.TakeDamage,12
6,9,DP,sink,CommandSystem.TryUse,-650
6,9,Fame,source,AdventurerAI.GrantReturnReward,60
6,9,Fame,source,LureEconomy.OnHeroEscaped,150
6,9,DP,source,AdventurerAI.GrantReturnReward,504
6,9,DP,stock,end,397
6,9,Material,stock,end,268
6,9,Fame,stock,end,1109
6,10,DP,source,SurfaceMap.CollectYields,79
6,10,Material,source,SurfaceMap.CollectYields,3
6,10,Fame,source,SurfaceMap.CollectYields,17
6,10,DP,sink,MinionRoster.TryForge,-95
6,10,DP,sink,DungeonFeatureManager.TryPlaceTrap,-150
6,10,DP,sink,MinionRoster.TrySummon,-229
6,10,DP,source,AdventurerAI.ReapEmotion,187
6,10,DP,source,AdventurerAI.TakeDamage,1441
6,10,Material,source,AdventurerAI.TakeDamage,33
6,10,DP,sink,CommandSystem.TryUse,-2150
6,10,DP,source,AdventurerAI.GrantReturnReward,729
6,10,Fame,source,AdventurerAI.GrantReturnReward,30
6,10,Fame,source,LureEconomy.OnHeroEscaped,75
6,10,DP,source,Nemesis.OnSlain,535
6,10,Material,source,Nemesis.OnSlain,5
6,10,DP,stock,end,744
6,10,Material,stock,end,309
6,10,Fame,stock,end,1231
6,11,DP,source,SurfaceMap.CollectYields,52
6,11,Material,source,SurfaceMap.CollectYields,2
6,11,Fame,source,SurfaceMap.CollectYields,11
6,11,DP,source,EraSystem.TickTurn,300
6,11,DP,source,WaveRoster.ResolveTrial,2100
6,11,DP,sink,MinionRoster.TryForge,-190
6,11,DP,sink,DungeonFloorManager.TryAddFloor,-2000
6,11,DP,sink,DungeonFloorManager.TryExpandFloor,-400
6,11,DP,sink,MinionEvolution.TryEvolve,-250
6,11,DP,sink,DungeonFeatureManager.TryPlaceTrap,-150
6,11,DP,sink,MinionRoster.TrySummon,-204
6,11,DP,source,AdventurerAI.ReapEmotion,134
6,11,DP,source,AdventurerAI.TakeDamage,1488
6,11,Material,source,AdventurerAI.TakeDamage,69
6,11,DP,sink,CommandSystem.TryUse,-1800
6,11,DP,source,AdventurerAI.GrantReturnReward,371
6,11,Fame,source,AdventurerAI.GrantReturnReward,20
6,11,Fame,source,LureEconomy.OnHeroEscaped,50
6,11,DP,source,Nemesis.OnSlain,2009
6,11,Material,source,Nemesis.OnSlain,16
6,11,DP,stock,end,2204
6,11,Material,stock,end,396
6,11,Fame,stock,end,1312
6,12,DP,source,SurfaceMap.CollectYields,52
6,12,Material,source,SurfaceMap.CollectYields,2
6,12,Fame,source,SurfaceMap.CollectYields,11
6,12,DP,source,DistrictCatalog.Collect,98
6,12,DP,source,EraSystem.TickTurn,1020
6,12,DP,sink,MinionRoster.TryForge,-190
6,12,DP,sink,DungeonFloorManager.TryExpandFloor,-1600
6,12,DP,sink,MinionEvolution.TryEvolve,-1125
6,12,DP,sink,MinionRoster.TryEvolveIndividual,-150
6,12,DP,sink,DungeonFeatureManager.TryPlaceTrap,-150
6,12,DP,sink,MinionRoster.TrySummon,-154
6,12,DP,source,AdventurerAI.TakeDamage,1517
6,12,Material,source,AdventurerAI.TakeDamage,57
6,12,DP,source,AdventurerAI.ReapEmotion,127
6,12,DP,sink,CommandSystem.TryUse,-1800
6,12,DP,source,AdventurerAI.GrantReturnReward,485
6,12,Fame,source,AdventurerAI.GrantReturnReward,30
6,12,Fame,source,LureEconomy.OnHeroEscaped,75
6,12,DP,source,Nemesis.OnSlain,567
6,12,Material,source,Nemesis.OnSlain,5
6,12,DP,stock,end,901
6,12,Material,stock,end,460
6,12,Fame,stock,end,1428
6,13,DP,source,SurfaceMap.CollectYields,60
6,13,Material,source,SurfaceMap.CollectYields,3
6,13,Fame,source,SurfaceMap.CollectYields,14
6,13,DP,source,DistrictCatalog.Collect,98
6,13,DP,sink,MinionRoster.TryForge,-190
6,13,DP,sink,MinionRoster.TryEvolveIndividual,-550
6,13,DP,sink,DungeonFeatureManager.TryPlaceTrap,-150
6,13,DP,sink,MinionRoster.TrySummon,-167
6,13,DP,source,AdventurerAI.ReapEmotion,127
6,13,DP,source,AdventurerAI.TakeDamage,1467
6,13,Material,source,AdventurerAI.TakeDamage,35
6,13,DP,sink,CommandSystem.TryUse,-2300
6,13,Fame,source,AdventurerAI.GrantReturnReward,50
6,13,Fame,source,LureEconomy.OnHeroEscaped,125
6,13,DP,source,AdventurerAI.GrantReturnReward,620
6,13,DP,source,Nemesis.OnSlain,1134
6,13,Material,source,Nemesis.OnSlain,10
6,13,DP,stock,end,1050
6,13,Material,stock,end,508
6,13,Fame,stock,end,1617
6,14,DP,source,SurfaceMap.CollectYields,81
6,14,Material,source,SurfaceMap.CollectYields,4
6,14,Fame,source,SurfaceMap.CollectYields,19
6,14,DP,source,DistrictCatalog.Collect,98
6,14,DP,sink,MinionRoster.TryForge,-190
6,14,DP,sink,MinionRoster.TryEvolveIndividual,-725
6,14,DP,sink,DungeonFeatureManager.TryPlaceTrap,-150
6,14,DP,sink,MinionRoster.TrySummon,-154
6,14,DP,source,AdventurerAI.ReapEmotion,140
6,14,DP,source,AdventurerAI.TakeDamage,3867
6,14,Material,source,AdventurerAI.TakeDamage,88
6,14,DP,sink,CommandSystem.TryUse,-5600
6,14,Fame,source,AdventurerAI.GrantReturnReward,70
6,14,Fame,source,LureEconomy.OnHeroEscaped,175
6,14,DP,source,AdventurerAI.GrantReturnReward,1113
6,14,DP,source,Nemesis.OnSlain,1166
6,14,Material,source,Nemesis.OnSlain,10
6,14,DP,stock,end,696
6,14,Material,stock,end,610
6,14,Fame,stock,end,1881
6,15,DP,source,SurfaceMap.CollectYields,81
6,15,Material,source,SurfaceMap.CollectYields,4
6,15,Fame,source,SurfaceMap.CollectYields,19
6,15,DP,source,DistrictCatalog.Collect,98
6,15,DP,sink,MinionRoster.TryForge,-190
6,15,DP,sink,MinionRoster.TryEvolveIndividual,-325
6,15,DP,sink,DungeonFeatureManager.TryPlaceTrap,-150
6,15,DP,sink,MinionRoster.TrySummon,-207
6,15,DP,source,AdventurerAI.ReapEmotion,152
6,15,DP,source,AdventurerAI.TakeDamage,2569
6,15,Material,source,AdventurerAI.TakeDamage,49
6,15,DP,sink,CommandSystem.TryUse,-1800
6,15,Fame,source,AdventurerAI.GrantReturnReward,20
6,15,Fame,source,LureEconomy.OnHeroEscaped,50
6,15,DP,source,AdventurerAI.GrantReturnReward,153
6,15,DP,source,Nemesis.OnSlain,599
6,15,Material,source,Nemesis.OnSlain,5
6,15,DP,stock,end,1676
6,15,Material,stock,end,668
6,15,Fame,stock,end,1970
6,16,DP,source,SurfaceMap.CollectYields,101
6,16,Material,source,SurfaceMap.CollectYields,5
6,16,Fame,source,SurfaceMap.CollectYields,23
6,16,DP,source,DistrictCatalog.Collect,98
6,16,DP,source,WaveRoster.ResolveTrial,2400
6,16,DP,sink,MinionRoster.TryForge,-1235
6,16,DP,sink,DungeonFloorManager.TryExpandFloor,-1500
6,16,DP,sink,MinionRoster.TryEvolveIndividual,-1175
6,16,DP,sink,DungeonFeatureManager.TryPlaceTrap,-150
6,16,DP,sink,MinionRoster.TrySummon,-213
6,16,DP,source,AdventurerAI.ReapEmotion,138
6,16,DP,source,AdventurerAI.TakeDamage,1921
6,16,Material,source,AdventurerAI.TakeDamage,48
6,16,DP,sink,CommandSystem.TryUse,-2150
6,16,DP,source,AdventurerAI.GrantReturnReward,1679
6,16,Fame,source,AdventurerAI.GrantReturnReward,60
6,16,Fame,source,LureEconomy.OnHeroEscaped,150
6,16,DP,stock,end,1590
6,16,Material,stock,end,721
6,16,Fame,stock,end,2203
6,17,DP,source,SurfaceMap.CollectYields,101
6,17,Material,source,SurfaceMap.CollectYields,5
6,17,Fame,source,SurfaceMap.CollectYields,23
6,17,DP,source,DistrictCatalog.Collect,98
6,17,DP,source,EraSystem.TickTurn,720
6,17,DP,sink,MinionRoster.TryForge,-584
6,17,DP,sink,DungeonFloorManager.TryExpandFloor,-1500
6,17,DP,sink,DungeonFeatureManager.TryPlaceTrap,-150
6,17,DP,sink,MinionRoster.TrySummon,-264
6,17,DP,source,AdventurerAI.ReapEmotion,203
6,17,DP,source,AdventurerAI.TakeDamage,2825
6,17,Material,source,AdventurerAI.TakeDamage,69
6,17,DP,sink,CommandSystem.TryUse,-1800
6,17,DP,source,AdventurerAI.GrantReturnReward,1564
6,17,Fame,source,AdventurerAI.GrantReturnReward,50
6,17,Fame,source,LureEconomy.OnHeroEscaped,125
6,17,DP,source,Nemesis.OnSlain,2141
6,17,Material,source,Nemesis.OnSlain,17
6,17,DP,stock,end,4944
6,17,Material,stock,end,812
6,17,Fame,stock,end,2401
6,18,DP,source,SurfaceMap.CollectYields,80
6,18,Material,source,SurfaceMap.CollectYields,4
6,18,Fame,source,SurfaceMap.CollectYields,18
6,18,DP,source,DistrictCatalog.Collect,98
6,18,DP,source,EraSystem.TickTurn,300
6,18,DP,sink,MinionRoster.TryForge,-3454
6,18,DP,sink,DungeonFloorManager.TryExpandFloor,-1500
6,18,DP,sink,DungeonFeatureManager.TryPlaceTrap,-300
6,18,DP,sink,MinionRoster.TrySummon,-142
6,18,DP,source,AdventurerAI.ReapEmotion,148
6,18,DP,source,AdventurerAI.TakeDamage,3284
6,18,Material,source,AdventurerAI.TakeDamage,81
6,18,DP,sink,CommandSystem.TryUse,-1800
6,18,DP,source,Nemesis.OnSlain,898
6,18,Material,source,Nemesis.OnSlain,7
6,18,DP,source,AdventurerAI.GrantReturnReward,1241
6,18,Fame,source,AdventurerAI.GrantReturnReward,50
6,18,Fame,source,LureEconomy.OnHeroEscaped,125
6,18,DP,stock,end,3797
6,18,Material,stock,end,904
6,18,Fame,stock,end,2594
6,19,DP,source,SurfaceMap.CollectYields,60
6,19,Material,source,SurfaceMap.CollectYields,3
6,19,Fame,source,SurfaceMap.CollectYields,14
6,19,DP,source,DistrictCatalog.Collect,126
6,19,DP,sink,MinionRoster.TryForge,-802
6,19,DP,sink,DungeonFloorManager.TryExpandFloor,-2500
6,19,DP,sink,MinionRoster.TryEvolveIndividual,-250
6,19,DP,sink,DungeonFeatureManager.TryPlaceTrap,-150
6,19,DP,sink,MinionRoster.TrySummon,-272
6,19,DP,source,AdventurerAI.ReapEmotion,142
6,19,DP,source,AdventurerAI.TakeDamage,4376
6,19,Material,source,AdventurerAI.TakeDamage,70
6,19,DP,sink,CommandSystem.TryUse,-2300
6,19,Fame,source,AdventurerAI.GrantReturnReward,20
6,19,Fame,source,LureEconomy.OnHeroEscaped,50
6,19,DP,source,Nemesis.OnSlain,1944
6,19,Material,source,Nemesis.OnSlain,15
6,19,DP,source,AdventurerAI.GrantReturnReward,293
6,19,DP,stock,end,4464
6,19,Material,stock,end,992
6,19,Fame,stock,end,2678
6,20,DP,source,SurfaceMap.CollectYields,79
6,20,Material,source,SurfaceMap.CollectYields,3
6,20,Fame,source,SurfaceMap.CollectYields,17
6,20,DP,source,DistrictCatalog.Collect,126
6,20,DP,sink,MinionRoster.TryForge,-4270
6,20,DP,sink,DungeonFeatureManager.TryPlaceTrap,-150
6,20,DP,sink,MinionRoster.TrySummon,-235
6,20,DP,source,AdventurerAI.TakeDamage,2894
6,20,Material,source,AdventurerAI.TakeDamage,44
6,20,DP,source,AdventurerAI.ReapEmotion,150
6,20,DP,source,AdventurerAI.GrantReturnReward,373
6,20,Fame,source,AdventurerAI.GrantReturnReward,20
6,20,Fame,source,LureEconomy.OnHeroEscaped,50
6,20,DP,sink,CommandSystem.TryUse,-2300
6,20,DP,source,Nemesis.OnSlain,1304
6,20,Material,source,Nemesis.OnSlain,9
6,20,DP,stock,end,2435
6,20,Material,stock,end,1048
6,20,Fame,stock,end,2765
6,21,DP,source,SurfaceMap.CollectYields,107
6,21,Material,source,SurfaceMap.CollectYields,4
6,21,Fame,source,SurfaceMap.CollectYields,23
6,21,DP,source,DistrictCatalog.Collect,126
6,21,DP,source,WaveRoster.ResolveTrial,1800
6,21,DP,sink,MinionRoster.TryForge,-3781
6,21,DP,sink,DungeonFeatureManager.TryPlaceTrap,-450
6,21,DP,sink,MinionRoster.TrySummon,-233
6,21,DP,source,AdventurerAI.ReapEmotion,160
6,21,DP,source,AdventurerAI.TakeDamage,7709
6,21,Material,source,AdventurerAI.TakeDamage,139
6,21,DP,sink,CommandSystem.TryUse,-2950
6,21,DP,source,AdventurerAI.GrantReturnReward,2292
6,21,Fame,source,AdventurerAI.GrantReturnReward,60
6,21,Fame,source,LureEconomy.OnHeroEscaped,150
6,21,DP,source,Nemesis.OnSlain,2040
6,21,Material,source,Nemesis.OnSlain,15
6,21,DP,stock,end,9255
6,21,Material,stock,end,1206
6,21,Fame,stock,end,2998
6,22,DP,source,SurfaceMap.CollectYields,160
6,22,Material,source,SurfaceMap.CollectYields,6
6,22,Fame,source,SurfaceMap.CollectYields,33
6,22,DP,source,DistrictCatalog.Collect,140
6,22,DP,sink,MinionRoster.TryForge,-2720
6,22,DP,sink,DungeonFloorManager.TryAddFloor,-5000
6,22,DP,sink,DungeonFloorManager.TryExpandFloor,-1200
6,22,DP,sink,MinionRoster.TryEvolveIndividual,-75
6,22,DP,sink,DungeonFeatureManager.TryPlaceTrap,-300
6,22,DP,sink,MinionRoster.TrySummon,-260
6,22,DP,source,AdventurerAI.ReapEmotion,272
6,22,DP,source,AdventurerAI.TakeDamage,5084
6,22,Material,source,AdventurerAI.TakeDamage,107
6,22,DP,sink,CommandSystem.TryUse,-2950
6,22,Fame,source,AdventurerAI.GrantReturnReward,30
6,22,Fame,source,LureEconomy.OnHeroEscaped,75
6,22,DP,source,Nemesis.OnSlain,1394
6,22,Material,source,Nemesis.OnSlain,10
6,22,DP,source,AdventurerAI.GrantReturnReward,1221
6,22,DP,stock,end,5021
6,22,Material,stock,end,1329
6,22,Fame,stock,end,3136
6,23,DP,source,SurfaceMap.CollectYields,186
6,23,Material,source,SurfaceMap.CollectYields,7
6,23,Fame,source,SurfaceMap.CollectYields,38
6,23,DP,source,DistrictCatalog.Collect,126
6,23,DP,sink,MinionRoster.TryForge,-3216
6,23,DP,sink,DungeonFloorManager.TryExpandFloor,-1500
6,23,DP,sink,DungeonFeatureManager.TryPlaceTrap,-450
6,23,DP,sink,MinionRoster.TrySummon,-158
6,23,DP,source,AdventurerAI.ReapEmotion,147
6,23,DP,source,AdventurerAI.TakeDamage,5278
6,23,Material,source,AdventurerAI.TakeDamage,92
6,23,DP,sink,CommandSystem.TryUse,-5100
6,23,Fame,source,AdventurerAI.GrantReturnReward,70
6,23,Fame,source,LureEconomy.OnHeroEscaped,175
6,23,DP,source,Nemesis.OnSlain,2091
6,23,Material,source,Nemesis.OnSlain,15
6,23,DP,source,AdventurerAI.GrantReturnReward,2100
6,23,DP,stock,end,4525
6,23,Material,stock,end,1443
6,23,Fame,stock,end,3419
6,24,DP,source,SurfaceMap.CollectYields,141
6,24,Material,source,SurfaceMap.CollectYields,7
6,24,Fame,source,SurfaceMap.CollectYields,31
6,24,DP,source,DistrictCatalog.Collect,126
6,24,DP,sink,MinionRoster.TryForge,-168
6,24,DP,sink,MinionEvolution.TryEvolve,-4250
6,24,DP,sink,DungeonFeatureManager.TryPlaceTrap,-150
6,24,DP,sink,MinionRoster.TrySummon,-219
6,24,DP,source,AdventurerAI.ReapEmotion,287
6,24,DP,source,AdventurerAI.TakeDamage,5194
6,24,Material,source,AdventurerAI.TakeDamage,91
6,24,DP,sink,CommandSystem.TryUse,-5600
6,24,DP,source,AdventurerAI.GrantReturnReward,4376
6,24,Fame,source,AdventurerAI.GrantReturnReward,110
6,24,Fame,source,LureEconomy.OnHeroEscaped,275
6,24,DP,source,Nemesis.OnSlain,1426
6,24,Material,source,Nemesis.OnSlain,10
6,24,DP,stock,end,5688
6,24,Material,stock,end,1551
6,24,Fame,stock,end,3835
6,25,DP,source,SurfaceMap.CollectYields,141
6,25,Material,source,SurfaceMap.CollectYields,7
6,25,Fame,source,SurfaceMap.CollectYields,31
6,25,DP,source,DistrictCatalog.Collect,28
6,25,DP,source,EraSystem.TickTurn,3840
6,25,DP,sink,MinionRoster.TryForge,-168
6,25,DP,sink,MinionEvolution.TryEvolve,-650
6,25,DP,sink,MinionRoster.TryEvolveIndividual,-8550
6,25,DP,sink,DungeonFeatureManager.TryPlaceTrap,-150
6,25,DP,sink,MinionRoster.TrySummon,-158
6,25,DP,source,AdventurerAI.ReapEmotion,155
6,25,DP,source,AdventurerAI.GrantReturnReward,3702
6,25,Fame,source,AdventurerAI.GrantReturnReward,130
6,25,Fame,source,LureEconomy.OnHeroEscaped,325
6,25,DP,sink,CommandSystem.TryUse,-5600
6,25,DP,source,AdventurerAI.TakeDamage,9367
6,25,Material,source,AdventurerAI.TakeDamage,77
6,25,DP,source,Nemesis.OnSlain,1490
6,25,Material,source,Nemesis.OnSlain,10
6,25,DP,stock,end,9135
6,25,Material,stock,end,1645
6,25,Fame,stock,end,4321
6,26,DP,source,SurfaceMap.CollectYields,141
6,26,Material,source,SurfaceMap.CollectYields,7
6,26,Fame,source,SurfaceMap.CollectYields,31
6,26,DP,source,DistrictCatalog.Collect,28
6,26,DP,source,EraSystem.TickTurn,6528
6,26,DP,sink,MinionRoster.TryForge,-168
6,26,DP,sink,DungeonFloorManager.TryAddFloor,-12500
6,26,DP,sink,DungeonFloorManager.TryExpandFloor,-2700
6,26,DP,sink,DungeonFeatureManager.TryPlaceTrap,-300
6,26,DP,sink,MinionRoster.TrySummon,-132
6,26,DP,source,AdventurerAI.ReapEmotion,140
6,26,DP,source,AdventurerAI.TakeDamage,10290
6,26,Material,source,AdventurerAI.TakeDamage,416
6,26,DP,sink,CommandSystem.TryUse,-6250
6,26,DP,source,AdventurerAI.GrantReturnReward,3230
6,26,Fame,source,AdventurerAI.GrantReturnReward,80
6,26,Fame,source,LureEconomy.OnHeroEscaped,200
6,26,DP,stock,end,7442
6,26,Material,stock,end,2068
6,26,Fame,stock,end,4632
6,27,DP,source,SurfaceMap.CollectYields,161
6,27,Material,source,SurfaceMap.CollectYields,8
6,27,Fame,source,SurfaceMap.CollectYields,35
6,27,DP,source,DistrictCatalog.Collect,28
6,27,DP,source,EraSystem.TickTurn,6528
6,27,DP,sink,MinionRoster.TryForge,-168
6,27,DP,sink,DungeonFloorManager.TryExpandFloor,-10000
6,27,DP,sink,MinionRoster.TryEvolveIndividual,-3650
6,27,DP,sink,DungeonFeatureManager.TryPlaceTrap,-150
6,27,DP,sink,MinionRoster.TrySummon,-170
6,27,DP,source,AdventurerAI.ReapEmotion,309
6,27,DP,source,AdventurerAI.TakeDamage,14087
6,27,Material,source,AdventurerAI.TakeDamage,182
6,27,DP,sink,CommandSystem.TryUse,-5600
6,27,Fame,source,AdventurerAI.GrantReturnReward,90
6,27,Fame,source,LureEconomy.OnHeroEscaped,225
6,27,DP,source,AdventurerAI.GrantReturnReward,2514
6,27,DP,source,Nemesis.OnSlain,2562
6,27,Material,source,Nemesis.OnSlain,17
6,27,DP,stock,end,13893
6,27,Material,stock,end,2275
6,27,Fame,stock,end,4982
6,28,DP,source,SurfaceMap.CollectYields,161
6,28,Material,source,SurfaceMap.CollectYields,8
6,28,Fame,source,SurfaceMap.CollectYields,35
6,28,DP,source,DistrictCatalog.Collect,28
6,28,DP,source,EraSystem.TickTurn,3840
6,28,DP,sink,MinionRoster.TryForge,-12048
6,28,DP,sink,MinionRoster.TryEvolveIndividual,-1125
6,28,DP,sink,DungeonFeatureManager.TryPlaceTrap,-3600
6,28,DP,sink,MinionRoster.TrySummon,-1148
6,28,DP,source,AdventurerAI.ReapEmotion,116
6,28,DP,source,AdventurerAI.TakeDamage,15953
6,28,Material,source,AdventurerAI.TakeDamage,497
6,28,DP,sink,CommandSystem.TryUse,-4450
6,28,DP,source,AdventurerAI.GrantReturnReward,4565
6,28,Fame,source,AdventurerAI.GrantReturnReward,170
6,28,Fame,source,LureEconomy.OnHeroEscaped,425
6,28,DP,source,Nemesis.OnSlain,2122
6,28,Material,source,Nemesis.OnSlain,14
6,28,DP,stock,end,18307
6,28,Material,stock,end,2794
6,28,Fame,stock,end,5612
6,29,DP,source,SurfaceMap.CollectYields,161
6,29,Material,source,SurfaceMap.CollectYields,8
6,29,Fame,source,SurfaceMap.CollectYields,35
6,29,DP,source,DistrictCatalog.Collect,28
6,29,DP,source,EraSystem.TickTurn,3840
6,29,DP,sink,MinionRoster.TryForge,-14118
6,29,DP,sink,MinionRoster.TryEvolveIndividual,-1400
6,29,Material,sink,MinionRoster.TryForge,-14
6,29,DP,sink,DungeonFeatureManager.TryPlaceTrap,-3600
6,29,DP,sink,MinionRoster.TrySummon,-3214
6,29,DP,source,AdventurerAI.ReapEmotion,478
6,29,DP,sink,CommandSystem.TryUse,-2950
6,29,DP,source,AdventurerAI.TakeDamage,22231
6,29,Material,source,AdventurerAI.TakeDamage,202
6,29,DP,source,AdventurerAI.GrantReturnReward,4333
6,29,Fame,source,AdventurerAI.GrantReturnReward,80
6,29,Fame,source,LureEconomy.OnHeroEscaped,200
6,29,DP,source,Nemesis.OnSlain,2334
6,29,Material,source,Nemesis.OnSlain,15
6,29,DP,stock,end,26430
6,29,Material,stock,end,3005
6,29,Fame,stock,end,5927
6,30,DP,source,SurfaceMap.CollectYields,161
6,30,Material,source,SurfaceMap.CollectYields,8
6,30,Fame,source,SurfaceMap.CollectYields,35
6,30,DP,source,DistrictCatalog.Collect,28
6,30,DP,source,EraSystem.TickTurn,6528
6,30,Material,source,EraSystem.TickTurn,32
6,30,DP,sink,MinionRoster.TryForge,-336
6,30,DP,sink,DungeonFloorManager.TryAddFloor,-31250
6,30,DP,sink,DungeonFloorManager.TryExpandFloor,-1200
6,30,DP,sink,DungeonFeatureManager.TryPlaceTrap,-150
6,30,DP,sink,MinionRoster.TrySummon,-207
6,30,DP,source,AdventurerAI.ReapEmotion,515
6,30,DP,sink,CommandSystem.TryUse,-5600
6,30,DP,source,AdventurerAI.TakeDamage,15505
6,30,Material,source,AdventurerAI.TakeDamage,370
6,30,DP,source,AdventurerAI.GrantReturnReward,14459
6,30,Fame,source,AdventurerAI.GrantReturnReward,280
6,30,Fame,source,LureEconomy.OnHeroEscaped,700
6,30,DP,source,Nemesis.OnSlain,1620
6,30,Material,source,Nemesis.OnSlain,12
6,30,DP,stock,end,26503
6,30,Material,stock,end,3427
6,30,Fame,stock,end,6942
6,31,DP,source,SurfaceMap.CollectYields,164
6,31,Material,source,SurfaceMap.CollectYields,9
6,31,Fame,source,SurfaceMap.CollectYields,36
6,31,DP,source,DistrictCatalog.Collect,28
6,31,DP,source,EraSystem.TickTurn,3840
6,31,Material,source,EraSystem.TickTurn,37
6,31,Fame,source,EraSystem.TickTurn,80
6,31,DP,sink,MinionRoster.TryForge,-17004
6,31,DP,sink,DungeonFloorManager.TryExpandFloor,-4000
6,31,DP,sink,MinionRoster.TryEvolveIndividual,-725
6,31,Material,sink,MinionRoster.TryForge,-44
6,31,DP,sink,DungeonFeatureManager.TryPlaceTrap,-3750
6,31,DP,sink,MinionRoster.TrySummon,-5029
6,31,DP,source,AdventurerAI.ReapEmotion,186
6,31,DP,source,AdventurerAI.GrantReturnReward,9395
6,31,Fame,source,AdventurerAI.GrantReturnReward,260
6,31,Fame,source,LureEconomy.OnHeroEscaped,650
6,31,DP,sink,CommandSystem.TryUse,-4750
6,31,DP,source,AdventurerAI.TakeDamage,20885
6,31,Material,source,AdventurerAI.TakeDamage,396
6,31,DP,source,Nemesis.OnSlain,2430
6,31,Material,source,Nemesis.OnSlain,18
6,31,DP,stock,end,28173
6,31,Material,stock,end,3843
6,31,Fame,stock,end,7968
6,32,DP,source,SurfaceMap.CollectYields,164
6,32,Material,source,SurfaceMap.CollectYields,9
6,32,Fame,source,SurfaceMap.CollectYields,36
6,32,DP,source,DistrictCatalog.Collect,28
6,32,DP,source,EraSystem.TickTurn,6528
6,32,Fame,source,EraSystem.TickTurn,192
6,32,DP,sink,MinionRoster.TryForge,-12840
6,32,DP,sink,MinionRoster.TryEvolveIndividual,-325
6,32,Material,sink,MinionRoster.TryForge,-24
6,32,DP,sink,DungeonFeatureManager.TryPlaceTrap,-3600
6,32,DP,sink,MinionRoster.TrySummon,-17884
6,32,DP,source,AdventurerAI.ReapEmotion,155
6,32,DP,sink,CommandSystem.TryUse,-5600
6,32,DP,source,AdventurerAI.TakeDamage,27664
6,32,Material,source,AdventurerAI.TakeDamage,469
6,32,DP,source,AdventurerAI.GrantReturnReward,9778
6,32,Fame,source,AdventurerAI.GrantReturnReward,180
6,32,Fame,source,LureEconomy.OnHeroEscaped,450
6,32,DP,source,Nemesis.OnSlain,1701
6,32,Material,source,Nemesis.OnSlain,12
6,32,DP,stock,end,33942
6,32,Material,stock,end,4309
6,32,Fame,stock,end,8826
6,33,DP,source,SurfaceMap.CollectYields,164
6,33,Material,source,SurfaceMap.CollectYields,9
6,33,Fame,source,SurfaceMap.CollectYields,36
6,33,DP,source,DistrictCatalog.Collect,28
6,33,DP,sink,MinionRoster.TryForge,-5256
6,33,DP,sink,MinionRoster.TryEvolveIndividual,-1150
6,33,DP,sink,DungeonFeatureManager.TryPlaceTrap,-2700
6,33,DP,sink,MinionRoster.TrySummon,-24993
6,33,DP,source,AdventurerAI.ReapEmotion,239
6,33,DP,source,AdventurerAI.GrantReturnReward,7341
6,33,Fame,source,AdventurerAI.GrantReturnReward,190
6,33,Fame,source,LureEconomy.OnHeroEscaped,475
6,33,DP,sink,CommandSystem.TryUse,-5100
6,33,DP,source,AdventurerAI.TakeDamage,30318
6,33,Material,source,AdventurerAI.TakeDamage,553
6,33,DP,source,Nemesis.OnSlain,2494
6,33,Material,source,Nemesis.OnSlain,18
6,33,DP,stock,end,35327
6,33,Material,stock,end,4889
6,33,Fame,stock,end,9527
6,34,DP,source,SurfaceMap.CollectYields,164
6,34,Material,source,SurfaceMap.CollectYields,9
6,34,Fame,source,SurfaceMap.CollectYields,36
6,34,DP,source,DistrictCatalog.Collect,28
6,34,DP,sink,MinionRoster.TryForge,-7464
6,34,DP,sink,DungeonFeatureManager.TryPlaceTrap,-2400
6,34,DP,sink,MinionRoster.TrySummon,-25651
6,34,DP,source,AdventurerAI.ReapEmotion,162
6,34,DP,source,AdventurerAI.TakeDamage,39040
6,34,Material,source,AdventurerAI.TakeDamage,728
6,34,DP,sink,CommandSystem.TryUse,-5600
6,34,DP,source,AdventurerAI.GrantReturnReward,5711
6,34,Fame,source,AdventurerAI.GrantReturnReward,90
6,34,Fame,source,LureEconomy.OnHeroEscaped,225
6,34,DP,source,Nemesis.OnSlain,1684
6,34,Material,source,Nemesis.OnSlain,12
6,34,DP,stock,end,41001
6,34,Material,stock,end,5638
6,34,Fame,stock,end,9878
6,35,DP,source,SurfaceMap.CollectYields,146
6,35,Material,source,SurfaceMap.CollectYields,8
6,35,Fame,source,SurfaceMap.CollectYields,32
6,35,DP,source,DistrictCatalog.Collect,28
6,35,DP,sink,MinionRoster.TryForge,-16920
6,35,Material,sink,MinionRoster.TryForge,-24
6,35,DP,sink,MinionRoster.TrySummon,-24233
6,35,DP,source,AdventurerAI.ReapEmotion,472
6,35,DP,sink,CommandSystem.TryUse,-5400
6,35,DP,source,AdventurerAI.TakeDamage,30194
6,35,Material,source,AdventurerAI.TakeDamage,450
6,35,DP,source,AdventurerAI.GrantReturnReward,14702
6,35,Fame,source,AdventurerAI.GrantReturnReward,270
6,35,Fame,source,LureEconomy.OnHeroEscaped,675
6,35,DP,source,Nemesis.OnSlain,1718
6,35,Material,source,Nemesis.OnSlain,12
6,35,DP,stock,end,41708
6,35,Material,stock,end,6084
6,35,Fame,stock,end,10855
6,36,DP,source,SurfaceMap.CollectYields,125
6,36,Material,source,SurfaceMap.CollectYields,7
6,36,Fame,source,SurfaceMap.CollectYields,27
6,36,DP,source,DistrictCatalog.Collect,28
6,36,DP,sink,MinionRoster.TryForge,-23940
6,36,Material,sink,MinionRoster.TryForge,-84
6,36,DP,sink,MinionRoster.TrySummon,-17916
6,36,DP,source,AdventurerAI.ReapEmotion,337
6,36,DP,source,AdventurerAI.GrantReturnReward,11580
6,36,Fame,source,AdventurerAI.GrantReturnReward,190
6,36,Fame,source,LureEconomy.OnHeroEscaped,475
6,36,DP,sink,CommandSystem.TryUse,-5600
6,36,DP,source,AdventurerAI.TakeDamage,35170
6,36,Material,source,AdventurerAI.TakeDamage,608
6,36,DP,source,Nemesis.OnSlain,1750
6,36,Material,source,Nemesis.OnSlain,12
6,36,DP,stock,end,43242
6,36,Material,stock,end,6627
6,36,Fame,stock,end,11547
6,37,DP,source,SurfaceMap.CollectYields,105
6,37,Material,source,SurfaceMap.CollectYields,6
6,37,Fame,source,SurfaceMap.CollectYields,23
6,37,DP,source,DistrictCatalog.Collect,28
6,37,DP,sink,MinionRoster.TryForge,-27450
6,37,Material,sink,MinionRoster.TryForge,-138
6,37,DP,sink,MinionRoster.TrySummon,-15904
6,37,DP,source,AdventurerAI.ReapEmotion,206
6,37,DP,source,AdventurerAI.GrantReturnReward,17301
6,37,Fame,source,AdventurerAI.GrantReturnReward,370
6,37,Fame,source,LureEconomy.OnHeroEscaped,925
6,37,DP,sink,CommandSystem.TryUse,-4450
6,37,DP,source,AdventurerAI.TakeDamage,31171
6,37,Material,source,AdventurerAI.TakeDamage,413
6,37,DP,stock,end,44249
6,37,Material,stock,end,6908
6,37,Fame,stock,end,12865
6,38,DP,source,SurfaceMap.CollectYields,105
6,38,Material,source,SurfaceMap.CollectYields,6
6,38,Fame,source,SurfaceMap.CollectYields,23
6,38,DP,source,DistrictCatalog.Collect,28
6,38,DP,source,EraSystem.TickTurn,1920
6,38,Material,source,EraSystem.TickTurn,37
6,38,DP,sink,MinionRoster.TryForge,-40320
6,38,Material,sink,MinionRoster.TryForge,-336
6,38,DP,sink,MinionRoster.TrySummon,-5971
6,38,DP,source,AdventurerAI.ReapEmotion,444
6,38,DP,sink,CommandSystem.TryUse,-5600
6,38,DP,source,AdventurerAI.GrantReturnReward,8507
6,38,Fame,source,AdventurerAI.GrantReturnReward,260
6,38,Fame,source,LureEconomy.OnHeroEscaped,650
6,38,DP,source,AdventurerAI.TakeDamage,27197
6,38,Material,source,AdventurerAI.TakeDamage,420
6,38,DP,source,Nemesis.OnSlain,2754
6,38,Material,source,Nemesis.OnSlain,18
6,38,DP,stock,end,33313
6,38,Material,stock,end,7053
6,38,Fame,stock,end,13798
6,39,DP,source,SurfaceMap.CollectYields,158
6,39,Material,source,SurfaceMap.CollectYields,9
6,39,Fame,source,SurfaceMap.CollectYields,28
6,39,DP,source,DistrictCatalog.Collect,28
6,39,DP,sink,MinionRoster.TryForge,-31680
6,39,Material,sink,MinionRoster.TryForge,-264
6,39,DP,sink,MinionRoster.TrySummon,-1809
6,39,DP,source,IncidentSystem.Apply,600
6,39,DP,sink,CommandSystem.TryUse,-5900
6,39,DP,source,AdventurerAI.ReapEmotion,452
6,39,DP,source,AdventurerAI.GrantReturnReward,12645
6,39,Fame,source,AdventurerAI.GrantReturnReward,250
6,39,Fame,source,LureEconomy.OnHeroEscaped,625
6,39,DP,source,AdventurerAI.TakeDamage,41313
6,39,Material,source,AdventurerAI.TakeDamage,776
6,39,DP,source,Nemesis.OnSlain,2550
6,39,Material,source,Nemesis.OnSlain,16
6,39,DP,stock,end,51670
6,39,Material,stock,end,7590
6,39,Fame,stock,end,14701
6,40,DP,source,SurfaceMap.CollectYields,208
6,40,Material,source,SurfaceMap.CollectYields,12
6,40,Fame,source,SurfaceMap.CollectYields,36
6,40,DP,source,DistrictCatalog.Collect,28
6,40,DP,sink,MinionRoster.TryForge,-40320
6,40,Material,sink,MinionRoster.TryForge,-336
6,40,DP,sink,MinionRoster.TrySummon,-11553
6,40,DP,source,AdventurerAI.ReapEmotion,915
6,40,DP,sink,CommandSystem.TryUse,-5850
6,40,DP,source,AdventurerAI.TakeDamage,40975
6,40,Material,source,AdventurerAI.TakeDamage,251
6,40,DP,source,AdventurerAI.GrantReturnReward,10995
6,40,Fame,source,AdventurerAI.GrantReturnReward,310
6,40,Fame,source,LureEconomy.OnHeroEscaped,775
6,40,DP,source,Nemesis.OnSlain,923
6,40,Material,source,Nemesis.OnSlain,6
6,40,DP,stock,end,47991
6,40,Material,stock,end,7523
6,40,Fame,stock,end,15822
6,41,DP,source,SurfaceMap.CollectYields,208
6,41,Material,source,SurfaceMap.CollectYields,12
6,41,Fame,source,SurfaceMap.CollectYields,36
6,41,DP,source,DistrictCatalog.Collect,28
6,41,DP,source,EraSystem.TickTurn,1920
6,41,DP,sink,MinionRoster.TryForge,-48720
6,41,Material,sink,MinionRoster.TryForge,-556
6,41,DP,sink,MinionRoster.TrySummon,-1406
6,41,DP,source,AdventurerAI.ReapEmotion,294
6,41,DP,sink,CommandSystem.TryUse,-5250
6,41,DP,source,AdventurerAI.TakeDamage,37151
6,41,Material,source,AdventurerAI.TakeDamage,255
6,41,DP,source,AdventurerAI.GrantReturnReward,27488
6,41,Fame,source,AdventurerAI.GrantReturnReward,530
6,41,Fame,source,LureEconomy.OnHeroEscaped,1325
6,41,DP,source,Nemesis.OnSlain,940
6,41,Material,source,Nemesis.OnSlain,6
6,41,DP,stock,end,60644
6,41,Material,stock,end,7240
6,41,Fame,stock,end,17713
6,42,DP,source,SurfaceMap.CollectYields,208
6,42,Material,source,SurfaceMap.CollectYields,12
6,42,Fame,source,SurfaceMap.CollectYields,36
6,42,DP,source,DistrictCatalog.Collect,28
6,42,DP,sink,MinionRoster.TryForge,-59280
6,42,Material,sink,MinionRoster.TryForge,-684
6,42,DP,sink,MinionRoster.TrySummon,-1578
6,42,DP,source,AdventurerAI.ReapEmotion,733
6,42,DP,sink,CommandSystem.TryUse,-5950
6,42,DP,source,AdventurerAI.TakeDamage,25423
6,42,Material,source,AdventurerAI.TakeDamage,226
6,42,DP,source,AdventurerAI.GrantReturnReward,19060
6,42,Fame,source,AdventurerAI.GrantReturnReward,320
6,42,Fame,source,LureEconomy.OnHeroEscaped,800
6,42,DP,source,Nemesis.OnSlain,3542
6,42,Material,source,Nemesis.OnSlain,22
6,42,DP,stock,end,42830
6,42,Material,stock,end,6816
6,42,Fame,stock,end,18869
6,43,DP,source,SurfaceMap.CollectYields,208
6,43,Material,source,SurfaceMap.CollectYields,12
6,43,Fame,source,SurfaceMap.CollectYields,36
6,43,DP,source,DistrictCatalog.Collect,28
6,43,DP,sink,MinionRoster.TryForge,-40560
6,43,Material,sink,MinionRoster.TryForge,-468
6,43,DP,sink,MinionRoster.TrySummon,-2506
6,43,DP,source,AdventurerAI.ReapEmotion,323
6,43,DP,sink,CommandSystem.TryUse,-5600
6,43,DP,source,AdventurerAI.GrantReturnReward,9779
6,43,Fame,source,AdventurerAI.GrantReturnReward,220
6,43,Fame,source,LureEconomy.OnHeroEscaped,550
6,43,DP,source,AdventurerAI.TakeDamage,32815
6,43,Material,source,AdventurerAI.TakeDamage,1191134
6,43,DP,source,Nemesis.OnSlain,6540
6,43,Material,source,Nemesis.OnSlain,31
6,43,DP,stock,end,43857
6,43,Material,stock,end,1197525
6,43,Fame,stock,end,19675
6,44,DP,source,SurfaceMap.CollectYields,212
6,44,Material,source,SurfaceMap.CollectYields,12
6,44,Fame,source,SurfaceMap.CollectYields,38
6,44,DP,source,DistrictCatalog.Collect,28
6,44,DP,sink,MinionRoster.TryForge,-42120
6,44,Material,sink,MinionRoster.TryForge,-486
6,44,DP,sink,MinionRoster.TrySummon,-1976
6,44,DP,source,AdventurerAI.ReapEmotion,564
6,44,DP,sink,CommandSystem.TryUse,-5600
6,44,DP,source,AdventurerAI.TakeDamage,22776
6,44,Material,source,AdventurerAI.TakeDamage,445
6,44,DP,source,AdventurerAI.GrantReturnReward,14797
6,44,Fame,source,AdventurerAI.GrantReturnReward,350
6,44,Fame,source,LureEconomy.OnHeroEscaped,875
6,44,DP,source,Nemesis.OnSlain,3353
6,44,Material,source,Nemesis.OnSlain,18
6,44,DP,stock,end,35891
6,44,Material,stock,end,1197514
6,44,Fame,stock,end,20938
6,45,DP,source,SurfaceMap.CollectYields,261
6,45,Material,source,SurfaceMap.CollectYields,12
6,45,Fame,source,SurfaceMap.CollectYields,46
6,45,DP,source,DistrictCatalog.Collect,28
6,45,DP,sink,MinionRoster.TryForge,-32520
6,45,Material,sink,MinionRoster.TryForge,-414
6,45,DP,sink,MinionRoster.TrySummon,-3636
6,45,DP,source,AdventurerAI.ReapEmotion,582
6,45,DP,sink,CommandSystem.TryUse,-5650
6,45,Fame,source,AdventurerAI.GrantReturnReward,200
6,45,Fame,source,LureEconomy.OnHeroEscaped,500
6,45,DP,source,AdventurerAI.TakeDamage,55427
6,45,Material,source,AdventurerAI.TakeDamage,765
6,45,DP,source,AdventurerAI.GrantReturnReward,6297
6,45,DP,source,Nemesis.OnSlain,1976
6,45,Material,source,Nemesis.OnSlain,12
6,45,DP,stock,end,58656
6,45,Material,stock,end,1197889
6,45,Fame,stock,end,21684
6,46,DP,source,SurfaceMap.CollectYields,261
6,46,Material,source,SurfaceMap.CollectYields,12
6,46,Fame,source,SurfaceMap.CollectYields,46
6,46,DP,source,DistrictCatalog.Collect,28
6,46,DP,sink,MinionRoster.TryForge,-55200
6,46,Material,sink,MinionRoster.TryForge,-736
6,46,DP,sink,MinionRoster.TrySummon,-3733
6,46,DP,source,AdventurerAI.ReapEmotion,366
6,46,DP,sink,CommandSystem.TryUse,-5600
6,46,DP,source,AdventurerAI.TakeDamage,26312
6,46,Material,source,AdventurerAI.TakeDamage,331
6,46,Fame,source,AdventurerAI.GrantReturnReward,330
6,46,Fame,source,LureEconomy.OnHeroEscaped,825
6,46,DP,source,AdventurerAI.GrantReturnReward,11534
6,46,DP,source,Nemesis.OnSlain,2057
6,46,Material,source,Nemesis.OnSlain,12
6,46,DP,stock,end,34681
6,46,Material,stock,end,1197508
6,46,Fame,stock,end,22885
6,47,DP,source,SurfaceMap.CollectYields,261
6,47,Material,source,SurfaceMap.CollectYields,12
6,47,Fame,source,SurfaceMap.CollectYields,46
6,47,DP,source,DistrictCatalog.Collect,28
6,47,DP,sink,MinionRoster.TryForge,-4800
6,47,Material,sink,MinionRoster.TryForge,-64
6,47,DP,sink,MinionEvolution.TryEvolve,-9050
6,47,DP,sink,MinionRoster.TryEvolveIndividual,-20200
6,47,DP,sink,MinionRoster.TrySummon,-919
6,47,DP,source,AdventurerAI.ReapEmotion,267
6,47,DP,source,AdventurerAI.TakeDamage,33346
6,47,Material,source,AdventurerAI.TakeDamage,243
6,47,DP,sink,CommandSystem.TryUse,-5600
6,47,DP,source,AdventurerAI.GrantReturnReward,9557
6,47,Fame,source,AdventurerAI.GrantReturnReward,230
6,47,Fame,source,LureEconomy.OnHeroEscaped,575
6,47,DP,source,Nemesis.OnSlain,1367
6,47,Material,source,Nemesis.OnSlain,8
6,47,DP,stock,end,38938
6,47,Material,stock,end,1197707
6,47,Fame,stock,end,23736
6,48,DP,source,SurfaceMap.CollectYields,261
6,48,Material,source,SurfaceMap.CollectYields,12
6,48,Fame,source,SurfaceMap.CollectYields,46
6,48,DP,source,DistrictCatalog.Collect,28
6,48,DP,source,EraSystem.TickTurn,9720
6,48,DP,sink,MinionRoster.TryForge,-14400
6,48,Material,sink,MinionRoster.TryForge,-192
6,48,DP,sink,MinionRoster.TryEvolveIndividual,-30500
6,48,DP,sink,MinionRoster.TrySummon,-4005
6,48,DP,source,AdventurerAI.ReapEmotion,275
6,48,DP,source,AdventurerAI.TakeDamage,43097
6,48,Material,source,AdventurerAI.TakeDamage,499
6,48,DP,sink,CommandSystem.TryUse,-5950
6,48,DP,source,AdventurerAI.GrantReturnReward,2590
6,48,Fame,source,AdventurerAI.GrantReturnReward,110
6,48,Fame,source,LureEconomy.OnHeroEscaped,275
6,48,DP,source,Nemesis.OnSlain,3724
6,48,Material,source,Nemesis.OnSlain,20
6,48,DP,stock,end,43778
6,48,Material,stock,end,1198046
6,48,Fame,stock,end,24167
6,49,DP,source,SurfaceMap.CollectYields,229
6,49,Material,source,SurfaceMap.CollectYields,12
6,49,Fame,source,SurfaceMap.CollectYields,38
6,49,DP,source,DistrictCatalog.Collect,28
6,49,DP,source,EraSystem.TickTurn,9720
6,49,DP,sink,MinionRoster.TryForge,-4800
6,49,Material,sink,MinionRoster.TryForge,-64
6,49,DP,sink,MinionEvolution.TryEvolve,-14200
6,49,DP,sink,MinionRoster.TryEvolveIndividual,-34150
6,49,DP,sink,MinionRoster.TrySummon,-575
6,49,DP,source,AdventurerAI.ReapEmotion,234
6,49,DP,source,AdventurerAI.TakeDamage,46198
6,49,Material,source,AdventurerAI.TakeDamage,254
6,49,DP,sink,CommandSystem.TryUse,-5950
6,49,DP,source,AdventurerAI.GrantReturnReward,3768
6,49,Fame,source,AdventurerAI.GrantReturnReward,70
6,49,Fame,source,LureEconomy.OnHeroEscaped,175
6,49,DP,source,Nemesis.OnSlain,3853
6,49,Material,source,Nemesis.OnSlain,22
6,49,DP,stock,end,48133
6,49,Material,stock,end,1198270
6,49,Fame,stock,end,24450
6,50,DP,source,SurfaceMap.CollectYields,229
6,50,Material,source,SurfaceMap.CollectYields,12
6,50,Fame,source,SurfaceMap.CollectYields,38
6,50,DP,source,DistrictCatalog.Collect,28
6,50,DP,source,EraSystem.TickTurn,9720
6,50,DP,sink,MinionRoster.TryForge,-4800
6,50,Material,sink,MinionRoster.TryForge,-64
6,50,DP,sink,MinionEvolution.TryEvolve,-19050
6,50,DP,sink,MinionRoster.TryEvolveIndividual,-33350
6,50,DP,sink,MinionRoster.TrySummon,-891
6,50,DP,source,AdventurerAI.ReapEmotion,800
6,50,DP,sink,CommandSystem.TryUse,-6050
6,50,DP,source,AdventurerAI.TakeDamage,80198
6,50,Material,source,AdventurerAI.TakeDamage,785
6,50,DP,source,AdventurerAI.GrantReturnReward,3085
6,50,Fame,source,AdventurerAI.GrantReturnReward,60
6,50,Fame,source,LureEconomy.OnHeroEscaped,150
6,50,DP,source,Nemesis.OnSlain,3159
6,50,Material,source,Nemesis.OnSlain,18
6,50,DP,stock,end,81211
6,50,Material,stock,end,1199021
6,50,Fame,stock,end,24698
6,51,DP,source,SurfaceMap.CollectYields,229
6,51,Material,source,SurfaceMap.CollectYields,12
6,51,Fame,source,SurfaceMap.CollectYields,38
6,51,DP,source,DistrictCatalog.Collect,28
6,51,DP,source,EraSystem.TickTurn,9720
6,51,DP,sink,MinionRoster.TryForge,-4800
6,51,Material,sink,MinionRoster.TryForge,-64
6,51,DP,sink,DungeonFloorManager.TryAddFloor,-78125
6,51,DP,sink,DungeonFloorManager.TryExpandFloor,-5200
6,51,DP,sink,MinionRoster.TryEvolveIndividual,-2700
6,51,DP,sink,DungeonFeatureManager.TryPlaceTrap,-150
6,51,DP,sink,MinionRoster.TrySummon,-192
6,51,DP,source,AdventurerAI.ReapEmotion,283
6,51,DP,sink,CommandSystem.TryUse,-5600
6,51,DP,source,AdventurerAI.TakeDamage,59930
6,51,Material,source,AdventurerAI.TakeDamage,1009
6,51,DP,source,AdventurerAI.GrantReturnReward,3360
6,51,Fame,source,AdventurerAI.GrantReturnReward,120
6,51,Fame,source,LureEconomy.OnHeroEscaped,300
6,51,DP,source,Nemesis.OnSlain,2138
6,51,Material,source,Nemesis.OnSlain,12
6,51,DP,stock,end,60132
6,51,Material,stock,end,1199990
6,51,Fame,stock,end,25156
6,52,DP,source,SurfaceMap.CollectYields,221
6,52,Material,source,SurfaceMap.CollectYields,12
6,52,Fame,source,SurfaceMap.CollectYields,35
6,52,DP,source,DistrictCatalog.Collect,28
6,52,DP,source,EraSystem.TickTurn,16524
6,52,DP,sink,MinionRoster.TryForge,-19200
6,52,Material,sink,MinionRoster.TryForge,-256
6,52,DP,sink,MinionRoster.TryEvolveIndividual,-54500
6,52,DP,sink,DungeonFeatureManager.TryPlaceTrap,-3000
6,52,DP,sink,MinionRoster.TrySummon,-197
6,52,DP,source,AdventurerAI.ReapEmotion,362
6,52,DP,sink,CommandSystem.TryUse,-5600
6,52,DP,source,AdventurerAI.TakeDamage,57256
6,52,Material,source,AdventurerAI.TakeDamage,731
6,52,DP,source,AdventurerAI.GrantReturnReward,4429
6,52,Fame,source,AdventurerAI.GrantReturnReward,160
6,52,Fame,source,LureEconomy.OnHeroEscaped,400
6,52,DP,source,Nemesis.OnSlain,2170
6,52,Material,source,Nemesis.OnSlain,12
6,52,DP,stock,end,58625
6,52,Material,stock,end,1200489
6,52,Fame,stock,end,25751
6,53,DP,source,SurfaceMap.CollectYields,221
6,53,Material,source,SurfaceMap.CollectYields,12
6,53,Fame,source,SurfaceMap.CollectYields,35
6,53,DP,source,DistrictCatalog.Collect,28
6,53,Material,source,DistrictCatalog.Collect,5
6,53,DP,source,EraSystem.TickTurn,9720
6,53,Material,source,EraSystem.TickTurn,124
6,53,DP,sink,MinionRoster.TryForge,-9600
6,53,Material,sink,MinionRoster.TryForge,-128
6,53,DP,sink,MinionRoster.TryEvolveIndividual,-55700
6,53,DP,sink,DungeonFeatureManager.TryPlaceTrap,-1800
6,53,DP,sink,MinionRoster.TrySummon,-1440
6,53,DP,source,AdventurerAI.ReapEmotion,265
6,53,DP,sink,CommandSystem.TryUse,-6050
6,53,DP,source,AdventurerAI.TakeDamage,87878
6,53,Material,source,AdventurerAI.TakeDamage,1194
6,53,DP,source,AdventurerAI.GrantReturnReward,13775
6,53,Fame,source,AdventurerAI.GrantReturnReward,540
6,53,Fame,source,LureEconomy.OnHeroEscaped,1350
6,53,DP,source,Nemesis.OnSlain,2554
6,53,Material,source,Nemesis.OnSlain,14
6,53,DP,stock,end,98476
6,53,Material,stock,end,1201710
6,53,Fame,stock,end,27676
6,54,DP,source,SurfaceMap.CollectYields,195
6,54,Material,source,SurfaceMap.CollectYields,10
6,54,Fame,source,SurfaceMap.CollectYields,31
6,54,DP,source,DistrictCatalog.Collect,28
6,54,Material,source,DistrictCatalog.Collect,5
6,54,DP,source,EraSystem.TickTurn,9720
6,54,Material,source,EraSystem.TickTurn,62
6,54,Fame,source,EraSystem.TickTurn,135
6,54,DP,sink,MinionRoster.TryForge,-100800
6,54,Material,sink,MinionRoster.TryForge,-1344
6,54,DP,sink,MinionRoster.TrySummon,-7574
6,54,DP,source,AdventurerAI.ReapEmotion,282
6,54,DP,source,AdventurerAI.TakeDamage,58716
6,54,Material,source,AdventurerAI.TakeDamage,446
6,54,DP,sink,CommandSystem.TryUse,-5600
6,54,Fame,source,AdventurerAI.GrantReturnReward,190
6,54,Fame,source,LureEconomy.OnHeroEscaped,475
6,54,DP,source,AdventurerAI.GrantReturnReward,5827
6,54,DP,source,Nemesis.OnSlain,3775
6,54,Material,source,Nemesis.OnSlain,20
6,54,DP,stock,end,63045
6,54,Material,stock,end,1200909
6,54,Fame,stock,end,28507
6,55,DP,source,SurfaceMap.CollectYields,192
6,55,Material,source,SurfaceMap.CollectYields,9
6,55,Fame,source,SurfaceMap.CollectYields,33
6,55,DP,source,DistrictCatalog.Collect,28
6,55,Material,source,DistrictCatalog.Collect,5
6,55,DP,source,EraSystem.TickTurn,9720
6,55,DP,sink,MinionRoster.TryForge,-70080
6,55,Material,sink,MinionRoster.TryForge,-938
6,55,DP,sink,MinionRoster.TrySummon,-2859
6,55,DP,source,AdventurerAI.ReapEmotion,640
6,55,DP,sink,CommandSystem.TryUse,-6400
6,55,DP,source,AdventurerAI.TakeDamage,87175
6,55,Material,source,AdventurerAI.TakeDamage,583
6,55,DP,source,AdventurerAI.GrantReturnReward,8147
6,55,Fame,source,AdventurerAI.GrantReturnReward,200
6,55,Fame,source,LureEconomy.OnHeroEscaped,500
6,55,DP,source,Nemesis.OnSlain,3199
6,55,Material,source,Nemesis.OnSlain,14
6,55,DP,stock,end,92807
6,55,Material,stock,end,1200582
6,55,Fame,stock,end,29240
6,56,DP,source,SurfaceMap.CollectYields,192
6,56,Material,source,SurfaceMap.CollectYields,9
6,56,Fame,source,SurfaceMap.CollectYields,33
6,56,DP,source,DistrictCatalog.Collect,28
6,56,Material,source,DistrictCatalog.Collect,5
6,56,DP,source,EraSystem.TickTurn,11664
6,56,DP,sink,MinionRoster.TryForge,-100800
6,56,Material,sink,MinionRoster.TryForge,-1470
6,56,DP,sink,MinionRoster.TrySummon,-3888
6,56,DP,source,AdventurerAI.ReapEmotion,459
6,56,DP,source,AdventurerAI.GrantReturnReward,5611
6,56,Fame,source,AdventurerAI.GrantReturnReward,330
6,56,Fame,source,LureEconomy.OnHeroEscaped,825
6,56,DP,sink,CommandSystem.TryUse,-6500
6,56,DP,source,AdventurerAI.TakeDamage,65968
6,56,Material,source,AdventurerAI.TakeDamage,855
6,56,DP,source,Nemesis.OnSlain,2317
6,56,Material,source,Nemesis.OnSlain,12
6,56,DP,stock,end,67858
6,56,Material,stock,end,1199993
6,56,Fame,stock,end,30428
6,57,DP,source,SurfaceMap.CollectYields,222
6,57,Material,source,SurfaceMap.CollectYields,10
6,57,Fame,source,SurfaceMap.CollectYields,38
6,57,DP,source,DistrictCatalog.Collect,28
6,57,Material,source,DistrictCatalog.Collect,5
6,57,DP,sink,MinionRoster.TryForge,-63360
6,57,Material,sink,MinionRoster.TryForge,-924
6,57,DP,sink,MinionRoster.TrySummon,-4746
6,57,DP,source,AdventurerAI.ReapEmotion,197
6,57,DP,source,AdventurerAI.TakeDamage,84724
6,57,Material,source,AdventurerAI.TakeDamage,1073
6,57,DP,sink,CommandSystem.TryUse,-6050
6,57,DP,source,AdventurerAI.GrantReturnReward,6896
6,57,Fame,source,AdventurerAI.GrantReturnReward,270
6,57,Fame,source,LureEconomy.OnHeroEscaped,675
6,57,DP,source,Nemesis.OnSlain,2680
6,57,Material,source,Nemesis.OnSlain,14
6,57,DP,stock,end,88449
6,57,Material,stock,end,1200171
6,57,Fame,stock,end,31411
6,58,DP,source,SurfaceMap.CollectYields,222
6,58,Material,source,SurfaceMap.CollectYields,10
6,58,Fame,source,SurfaceMap.CollectYields,38
6,58,DP,source,DistrictCatalog.Collect,28
6,58,Material,source,DistrictCatalog.Collect,5
6,58,DP,sink,MinionRoster.TryForge,-86400
6,58,Material,sink,MinionRoster.TryForge,-1260
6,58,DP,sink,MinionRoster.TrySummon,-2277
6,58,DP,source,AdventurerAI.ReapEmotion,446
6,58,DP,sink,CommandSystem.TryUse,-5600
6,58,DP,source,AdventurerAI.TakeDamage,40081
6,58,Material,source,AdventurerAI.TakeDamage,390
6,58,DP,source,AdventurerAI.GrantReturnReward,2934
6,58,Fame,source,AdventurerAI.GrantReturnReward,60
6,58,Fame,source,LureEconomy.OnHeroEscaped,150
6,58,DP,source,Nemesis.OnSlain,3850
6,58,Material,source,Nemesis.OnSlain,20
6,58,DP,stock,end,41733
6,58,Material,stock,end,1199336
6,58,Fame,stock,end,31659
6,59,DP,source,SurfaceMap.CollectYields,195
6,59,Material,source,SurfaceMap.CollectYields,10
6,59,Fame,source,SurfaceMap.CollectYields,31
6,59,DP,source,DistrictCatalog.Collect,28
6,59,Material,source,DistrictCatalog.Collect,5
6,59,DP,sink,MinionRoster.TryForge,-37440
6,59,Material,sink,MinionRoster.TryForge,-546
6,59,DP,sink,MinionRoster.TrySummon,-4512
6,59,DP,source,AdventurerAI.ReapEmotion,458
6,59,DP,source,AdventurerAI.TakeDamage,69115
6,59,Material,source,AdventurerAI.TakeDamage,1147
6,59,DP,sink,CommandSystem.TryUse,-6050
6,59,DP,source,AdventurerAI.GrantReturnReward,7061
6,59,Fame,source,AdventurerAI.GrantReturnReward,250
6,59,Fame,source,LureEconomy.OnHeroEscaped,625
6,59,DP,stock,end,70588
6,59,Material,stock,end,1199952
6,59,Fame,stock,end,32565
6,60,DP,source,SurfaceMap.CollectYields,199
6,60,Material,source,SurfaceMap.CollectYields,10
6,60,Fame,source,SurfaceMap.CollectYields,32
6,60,DP,source,DistrictCatalog.Collect,28
6,60,Material,source,DistrictCatalog.Collect,5
6,60,DP,sink,MinionRoster.TryForge,-66240
6,60,Material,sink,MinionRoster.TryForge,-966
6,60,DP,sink,MinionRoster.TrySummon,-4571
6,60,DP,source,AdventurerAI.ReapEmotion,902
6,60,DP,sink,CommandSystem.TryUse,-6500
6,60,DP,source,AdventurerAI.TakeDamage,117876
6,60,Material,source,AdventurerAI.TakeDamage,662
6,60,DP,source,AdventurerAI.GrantReturnReward,9417
6,60,Fame,source,AdventurerAI.GrantReturnReward,200
6,60,Fame,source,LureEconomy.OnHeroEscaped,500
6,60,DP,source,Nemesis.OnSlain,3581
6,60,Material,source,Nemesis.OnSlain,18
6,60,DP,stock,end,125280
6,60,Material,stock,end,1199681
6,60,Fame,stock,end,33297
6,61,DP,source,SurfaceMap.CollectYields,226
6,61,Material,source,SurfaceMap.CollectYields,12
6,61,Fame,source,SurfaceMap.CollectYields,36
6,61,DP,source,DistrictCatalog.Collect,28
6,61,Material,source,DistrictCatalog.Collect,5
6,61,DP,sink,MinionRoster.TryForge,-119520
6,61,Material,sink,MinionRoster.TryForge,-1818
6,61,DP,sink,MinionRoster.TrySummon,-6006
6,61,DP,source,AdventurerAI.ReapEmotion,622
6,61,DP,sink,CommandSystem.TryUse,-6000
6,61,DP,source,AdventurerAI.GrantReturnReward,16630
6,61,Fame,source,AdventurerAI.GrantReturnReward,810
6,61,Fame,source,LureEconomy.OnHeroEscaped,2025
6,61,DP,source,AdventurerAI.TakeDamage,69283
6,61,Material,source,AdventurerAI.TakeDamage,860
6,61,DP,source,Nemesis.OnSlain,4875
6,61,Material,source,Nemesis.OnSlain,24
6,61,DP,stock,end,85418
6,61,Material,stock,end,1198764
6,61,Fame,stock,end,36168
6,62,DP,source,SurfaceMap.CollectYields,226
6,62,Material,source,SurfaceMap.CollectYields,12
6,62,Fame,source,SurfaceMap.CollectYields,36
6,62,DP,source,DistrictCatalog.Collect,28
6,62,Material,source,DistrictCatalog.Collect,5
6,62,DP,sink,MinionRoster.TryForge,-82800
6,62,Material,sink,MinionRoster.TryForge,-1265
6,62,DP,sink,MinionRoster.TrySummon,-2838
6,62,DP,source,AdventurerAI.ReapEmotion,524
6,62,DP,sink,CommandSystem.TryUse,-6050
6,62,DP,source,AdventurerAI.GrantReturnReward,10118
6,62,Fame,source,AdventurerAI.GrantReturnReward,340
6,62,Fame,source,LureEconomy.OnHeroEscaped,850
6,62,DP,source,AdventurerAI.TakeDamage,67518
6,62,Material,source,AdventurerAI.TakeDamage,855
6,62,DP,source,Nemesis.OnSlain,2430
6,62,Material,source,Nemesis.OnSlain,12
6,62,DP,stock,end,74574
6,62,Material,stock,end,1198383
6,62,Fame,stock,end,37394
6,63,DP,source,SurfaceMap.CollectYields,226
6,63,Material,source,SurfaceMap.CollectYields,12
6,63,Fame,source,SurfaceMap.CollectYields,36
6,63,DP,source,DistrictCatalog.Collect,28
6,63,Material,source,DistrictCatalog.Collect,5
6,63,DP,sink,MinionRoster.TryForge,-72000
6,63,Material,sink,MinionRoster.TryForge,-1100
6,63,DP,sink,MinionRoster.TrySummon,-2812
6,63,DP,source,AdventurerAI.ReapEmotion,303
6,63,DP,source,AdventurerAI.TakeDamage,61569
6,63,Material,source,AdventurerAI.TakeDamage,392
6,63,DP,sink,CommandSystem.TryUse,-5600
6,63,DP,source,AdventurerAI.GrantReturnReward,11584
6,63,Fame,source,AdventurerAI.GrantReturnReward,310
6,63,Fame,source,LureEconomy.OnHeroEscaped,775
6,63,DP,source,Nemesis.OnSlain,2430
6,63,Material,source,Nemesis.OnSlain,12
6,63,DP,stock,end,70302
6,63,Material,stock,end,1197704
6,63,Fame,stock,end,38515
6,64,DP,source,SurfaceMap.CollectYields,226
6,64,Material,source,SurfaceMap.CollectYields,12
6,64,Fame,source,SurfaceMap.CollectYields,36
6,64,DP,source,DistrictCatalog.Collect,28
6,64,Material,source,DistrictCatalog.Collect,5
6,64,DP,sink,MinionRoster.TryForge,-64800
6,64,Material,sink,MinionRoster.TryForge,-990
6,64,DP,sink,MinionRoster.TrySummon,-5751
6,64,DP,source,AdventurerAI.ReapEmotion,524
6,64,DP,sink,CommandSystem.TryUse,-5600
6,64,DP,source,AdventurerAI.TakeDamage,59794
6,64,Material,source,AdventurerAI.TakeDamage,536
6,64,DP,source,AdventurerAI.GrantReturnReward,11059
6,64,Fame,source,AdventurerAI.GrantReturnReward,360
6,64,Fame,source,LureEconomy.OnHeroEscaped,900
6,64,DP,source,Nemesis.OnSlain,4220
6,64,Material,source,Nemesis.OnSlain,20
6,64,DP,stock,end,70002
6,64,Material,stock,end,1197287
6,64,Fame,stock,end,39811
6,65,DP,source,SurfaceMap.CollectYields,221
6,65,Material,source,SurfaceMap.CollectYields,12
6,65,Fame,source,SurfaceMap.CollectYields,35
6,65,DP,source,DistrictCatalog.Collect,28
6,65,Material,source,DistrictCatalog.Collect,5
6,65,DP,sink,MinionRoster.TryForge,-64800
6,65,Material,sink,MinionRoster.TryForge,-990
6,65,DP,sink,MinionRoster.TrySummon,-5448
6,65,DP,source,AdventurerAI.ReapEmotion,960
6,65,DP,sink,CommandSystem.TryUse,-4900
6,65,DP,source,AdventurerAI.TakeDamage,113597
6,65,Material,source,AdventurerAI.TakeDamage,1023
6,65,DP,source,AdventurerAI.GrantReturnReward,10313
6,65,Fame,source,AdventurerAI.GrantReturnReward,170
6,65,Fame,source,LureEconomy.OnHeroEscaped,425
6,65,DP,source,Nemesis.OnSlain,4211
6,65,Material,source,Nemesis.OnSlain,20
6,65,DP,stock,end,124184
6,65,Material,stock,end,1197357
6,65,Fame,stock,end,40441
6,66,DP,source,SurfaceMap.CollectYields,221
6,66,Material,source,SurfaceMap.CollectYields,12
6,66,Fame,source,SurfaceMap.CollectYields,35
6,66,DP,source,DistrictCatalog.Collect,28
6,66,Material,source,DistrictCatalog.Collect,5
6,66,DP,sink,MinionRoster.TryForge,-120240
6,66,Material,sink,MinionRoster.TryForge,-1885
6,66,DP,sink,MinionRoster.TrySummon,-4188
6,66,DP,source,AdventurerAI.ReapEmotion,384
6,66,DP,source,AdventurerAI.TakeDamage,69631
6,66,Material,source,AdventurerAI.TakeDamage,869
6,66,DP,sink,CommandSystem.TryUse,-6050
6,66,DP,source,AdventurerAI.GrantReturnReward,8986
6,66,Fame,source,AdventurerAI.GrantReturnReward,280
6,66,Fame,source,LureEconomy.OnHeroEscaped,700
6,66,DP,source,Nemesis.OnSlain,3920
6,66,Material,source,Nemesis.OnSlain,18
6,66,DP,stock,end,76876
6,66,Material,stock,end,1196376
6,66,Fame,stock,end,41456
6,67,DP,source,SurfaceMap.CollectYields,254
6,67,Material,source,SurfaceMap.CollectYields,12
6,67,Fame,source,SurfaceMap.CollectYields,43
6,67,DP,source,DistrictCatalog.Collect,28
6,67,Material,source,DistrictCatalog.Collect,5
6,67,DP,sink,MinionRoster.TryForge,-73440
6,67,Material,sink,MinionRoster.TryForge,-1190
6,67,DP,sink,MinionRoster.TrySummon,-3663
6,67,DP,source,AdventurerAI.ReapEmotion,143
6,67,DP,source,AdventurerAI.TakeDamage,41141
6,67,Material,source,AdventurerAI.TakeDamage,222
6,67,DP,sink,CommandSystem.TryUse,-4750
6,67,DP,source,Nemesis.OnSlain,3905
6,67,Material,source,Nemesis.OnSlain,18
6,67,DP,source,AdventurerAI.GrantReturnReward,6770
6,67,Fame,source,AdventurerAI.GrantReturnReward,120
6,67,Fame,source,LureEconomy.OnHeroEscaped,300
6,67,DP,stock,end,47264
6,67,Material,stock,end,1195443
6,67,Fame,stock,end,41919
6,68,DP,source,SurfaceMap.CollectYields,254
6,68,Material,source,SurfaceMap.CollectYields,12
6,68,Fame,source,SurfaceMap.CollectYields,43
6,68,DP,source,DistrictCatalog.Collect,28
6,68,Material,source,DistrictCatalog.Collect,5
6,68,DP,sink,MinionRoster.TryForge,-43200
6,68,Material,sink,MinionRoster.TryForge,-700
6,68,DP,sink,MinionRoster.TrySummon,-4313
6,68,DP,source,AdventurerAI.ReapEmotion,163
6,68,DP,source,AdventurerAI.TakeDamage,78559
6,68,Material,source,AdventurerAI.TakeDamage,832
6,68,DP,sink,CommandSystem.TryUse,-4900
6,68,DP,source,AdventurerAI.GrantReturnReward,14848
6,68,Fame,source,AdventurerAI.GrantReturnReward,290
6,68,Fame,source,LureEconomy.OnHeroEscaped,725
6,68,DP,source,Nemesis.OnSlain,1280
6,68,Material,source,Nemesis.OnSlain,6
6,68,DP,stock,end,89983
6,68,Material,stock,end,1195598
6,68,Fame,stock,end,42977
7,1,DP,sink,DungeonFeatureManager.TryPlaceTrap,-150
7,1,DP,source,AdventurerAI.ReapEmotion,100
7,1,DP,source,AdventurerAI.TakeDamage,165
7,1,Material,source,AdventurerAI.TakeDamage,10
7,1,DP,sink,CommandSystem.TryUse,-650
7,1,DP,source,AdventurerAI.GrantReturnReward,497
7,1,Fame,source,AdventurerAI.GrantReturnReward,20
7,1,Fame,source,LureEconomy.OnHeroEscaped,50
7,1,DP,stock,end,162
7,1,Material,stock,end,10
7,1,Fame,stock,end,70
7,2,DP,source,SurfaceMap.CollectYields,18
7,2,Material,source,SurfaceMap.CollectYields,1
7,2,Fame,source,SurfaceMap.CollectYields,4
7,2,DP,source,EraSystem.TickTurn,600
7,2,Fame,source,EraSystem.TickTurn,25
7,2,DP,sink,MinionRoster.TryForge,-236
7,2,DP,sink,MinionEvolution.TryEvolve,-225
7,2,DP,sink,DungeonFeatureManager.TryPlaceTrap,-150
7,2,DP,sink,MinionRoster.TrySummon,-162
7,2,DP,source,AdventurerAI.ReapEmotion,111
7,2,Fame,source,AdventurerAI.GrantReturnReward,20
7,2,Fame,source,LureEconomy.OnHeroEscaped,50
7,2,DP,source,AdventurerAI.TakeDamage,218
7,2,Material,source,AdventurerAI.TakeDamage,8
7,2,DP,source,AdventurerAI.GrantReturnReward,343
7,2,DP,sink,CommandSystem.TryUse,-650
7,2,DP,stock,end,29
7,2,Material,stock,end,19
7,2,Fame,stock,end,169
7,3,DP,source,SurfaceMap.CollectYields,18
7,3,Material,source,SurfaceMap.CollectYields,1
7,3,Fame,source,SurfaceMap.CollectYields,4
7,3,DP,source,EraSystem.TickTurn,600
7,3,Material,source,EraSystem.TickTurn,10
7,3,Fame,source,EraSystem.TickTurn,25
7,3,DP,sink,MinionRoster.TryForge,-236
7,3,DP,sink,DungeonFeatureManager.TryPlaceTrap,-300
7,3,DP,sink,MinionRoster.TrySummon,-98
7,3,DP,source,AdventurerAI.ReapEmotion,109
7,3,DP,source,AdventurerAI.TakeDamage,308
7,3,Material,source,AdventurerAI.TakeDamage,12
7,3,DP,sink,CommandSystem.TryUse,-300
7,3,DP,source,AdventurerAI.GrantReturnReward,54
7,3,Fame,source,AdventurerAI.GrantReturnReward,10
7,3,Fame,source,LureEconomy.OnHeroEscaped,25
7,3,DP,stock,end,184
7,3,Material,stock,end,42
7,3,Fame,stock,end,233
7,4,DP,source,SurfaceMap.CollectYields,18
7,4,Material,source,SurfaceMap.CollectYields,1
7,4,Fame,source,SurfaceMap.CollectYields,4
7,4,DP,source,EraSystem.TickTurn,600
7,4,DP,sink,MinionRoster.TryForge,-236
7,4,DP,sink,MinionEvolution.TryEvolve,-175
7,4,DP,sink,DungeonFeatureManager.TryPlaceTrap,-300
7,4,DP,sink,MinionRoster.TrySummon,-78
7,4,DP,source,AdventurerAI.ReapEmotion,121
7,4,DP,source,AdventurerAI.TakeDamage,334
7,4,Material,source,AdventurerAI.TakeDamage,18
7,4,DP,source,AdventurerAI.GrantReturnReward,367
7,4,Fame,source,AdventurerAI.GrantReturnReward,20
7,4,Fame,source,LureEconomy.OnHeroEscaped,50
7,4,DP,sink,CommandSystem.TryUse,-1150
7,4,DP,source,Nemesis.OnSlain,454
7,4,Material,source,Nemesis.OnSlain,5
7,4,DP,stock,end,139
7,4,Material,stock,end,66
7,4,Fame,stock,end,307
7,5,DP,source,SurfaceMap.CollectYields,18
7,5,Material,source,SurfaceMap.CollectYields,1
7,5,Fame,source,SurfaceMap.CollectYields,4
7,5,DP,source,EraSystem.TickTurn,600
7,5,Material,source,EraSystem.TickTurn,10
7,5,DP,sink,MinionRoster.TryForge,-212
7,5,DP,sink,MinionEvolution.TryEvolve,-225
7,5,DP,sink,DungeonFeatureManager.TryPlaceTrap,-150
7,5,DP,sink,MinionRoster.TrySummon,-168
7,5,DP,source,AdventurerAI.TakeDamage,503
7,5,Material,source,AdventurerAI.TakeDamage,14
7,5,DP,source,AdventurerAI.ReapEmotion,114
7,5,DP,sink,CommandSystem.TryUse,-650
7,5,DP,source,AdventurerAI.GrantReturnReward,370
7,5,Fame,source,AdventurerAI.GrantReturnReward,10
7,5,Fame,source,LureEconomy.OnHeroEscaped,25
7,5,DP,stock,end,339
7,5,Material,stock,end,91
7,5,Fame,stock,end,346
7,6,DP,source,SurfaceMap.CollectYields,39
7,6,Material,source,SurfaceMap.CollectYields,2
7,6,Fame,source,SurfaceMap.CollectYields,9
7,6,DP,source,EraSystem.TickTurn,600
7,6,DP,sink,MinionRoster.TryForge,-212
7,6,DP,sink,DungeonFloorManager.TryExpandFloor,-400
7,6,DP,sink,DungeonFeatureManager.TryPlaceTrap,-300
7,6,DP,sink,MinionRoster.TrySummon,-45
7,6,DP,source,AdventurerAI.ReapEmotion,252
7,6,DP,source,AdventurerAI.TakeDamage,570
7,6,Material,source,AdventurerAI.TakeDamage,20
7,6,Fame,source,AdventurerAI.GrantReturnReward,20
7,6,Fame,source,LureEconomy.OnHeroEscaped,50
7,6,DP,sink,CommandSystem.TryUse,-650
7,6,DP,source,AdventurerAI.GrantReturnReward,232
7,6,DP,source,Nemesis.OnSlain,486
7,6,Material,source,Nemesis.OnSlain,5
7,6,DP,stock,end,911
7,6,Material,stock,end,118
7,6,Fame,stock,end,425
7,7,DP,source,SurfaceMap.CollectYields,39
7,7,Material,source,SurfaceMap.CollectYields,2
7,7,Fame,source,SurfaceMap.CollectYields,9
7,7,DP,source,EraSystem.TickTurn,1020
7,7,DP,sink,MinionRoster.TryForge,-212
7,7,DP,sink,DungeonFloorManager.TryAddFloor,-800
7,7,DP,sink,DungeonFloorManager.TryExpandFloor,-400
7,7,DP,sink,MinionEvolution.TryEvolve,-200
7,7,DP,sink,DungeonFeatureManager.TryPlaceTrap,-300
7,7,DP,sink,MinionRoster.TrySummon,-46
7,7,DP,source,AdventurerAI.ReapEmotion,387
7,7,DP,source,AdventurerAI.TakeDamage,753
7,7,Material,source,AdventurerAI.TakeDamage,52
7,7,DP,sink,CommandSystem.TryUse,-650
7,7,DP,source,AdventurerAI.GrantReturnReward,52
7,7,Fame,source,AdventurerAI.GrantReturnReward,10
7,7,Fame,source,LureEconomy.OnHeroEscaped,25
7,7,DP,source,Nemesis.OnSlain,1033
7,7,Material,source,Nemesis.OnSlain,9
7,7,DP,stock,end,1587
7,7,Material,stock,end,181
7,7,Fame,stock,end,469
7,8,DP,source,SurfaceMap.CollectYields,39
7,8,Material,source,SurfaceMap.CollectYields,2
7,8,Fame,source,SurfaceMap.CollectYields,9
7,8,DP,source,EraSystem.TickTurn,600
7,8,DP,sink,MinionRoster.TryForge,-212
7,8,DP,sink,DungeonFloorManager.TryExpandFloor,-1600
7,8,DP,sink,DungeonFeatureManager.TryPlaceTrap,-150
7,8,DP,sink,MinionRoster.TrySummon,-257
7,8,DP,source,AdventurerAI.TakeDamage,740
7,8,Material,source,AdventurerAI.TakeDamage,19
7,8,DP,sink,CommandSystem.TryUse,-1150
7,8,DP,source,AdventurerAI.ReapEmotion,126
7,8,Fame,source,AdventurerAI.GrantReturnReward,30
7,8,Fame,source,LureEconomy.OnHeroEscaped,75
7,8,DP,source,AdventurerAI.GrantReturnReward,474
7,8,DP,source,Nemesis.OnSlain,734
7,8,Material,source,Nemesis.OnSlain,7
7,8,DP,stock,end,931
7,8,Material,stock,end,209
7,8,Fame,stock,end,583
7,9,DP,source,SurfaceMap.CollectYields,68
7,9,Material,source,SurfaceMap.CollectYields,3
7,9,Fame,source,SurfaceMap.CollectYields,16
7,9,DP,source,EraSystem.TickTurn,600
7,9,Fame,source,EraSystem.TickTurn,25
7,9,DP,sink,MinionRoster.TryForge,-212
7,9,DP,sink,MinionEvolution.TryEvolve,-1025
7,9,DP,sink,DungeonFeatureManager.TryPlaceTrap,-150
7,9,DP,sink,MinionRoster.TrySummon,-209
7,9,DP,source,AdventurerAI.ReapEmotion,111
7,9,DP,source,AdventurerAI.TakeDamage,877
7,9,Material,source,AdventurerAI.TakeDamage,22
7,9,DP,sink,CommandSystem.TryUse,-950
7,9,DP,source,AdventurerAI.GrantReturnReward,243
7,9,Fame,source,AdventurerAI.GrantReturnReward,20
7,9,Fame,source,LureEconomy.OnHeroEscaped,50
7,9,DP,stock,end,284
7,9,Material,stock,end,234
7,9,Fame,stock,end,694
7,10,DP,source,SurfaceMap.CollectYields,78
7,10,Material,source,SurfaceMap.CollectYields,3
7,10,Fame,source,SurfaceMap.CollectYields,16
7,10,DP,sink,DungeonFeatureManager.TryPlaceTrap,-150
7,10,DP,sink,MinionRoster.TrySummon,-198
7,10,DP,source,AdventurerAI.ReapEmotion,284
7,10,DP,source,AdventurerAI.TakeDamage,974
7,10,Material,source,AdventurerAI.TakeDamage,41
7,10,DP,sink,CommandSystem.TryUse,-2300
7,10,Fame,source,AdventurerAI.GrantReturnReward,30
7,10,Fame,source,LureEconomy.OnHeroEscaped,75
7,10,DP,source,AdventurerAI.GrantReturnReward,674
7,10,DP,source,Nemesis.OnSlain,1070
7,10,Material,source,Nemesis.OnSlain,10
7,10,DP,stock,end,716
7,10,Material,stock,end,288
7,10,Fame,stock,end,815
7,11,DP,source,SurfaceMap.CollectYields,78
7,11,Material,source,SurfaceMap.CollectYields,3
7,11,Fame,source,SurfaceMap.CollectYields,16
7,11,DP,source,EraSystem.TickTurn,720
7,11,DP,source,WaveRoster.ResolveTrial,1800
7,11,DP,sink,MinionRoster.TryForge,-212
7,11,DP,sink,DungeonFloorManager.TryAddFloor,-2000
7,11,DP,sink,DungeonFloorManager.TryExpandFloor,-400
7,11,DP,sink,MinionEvolution.TryEvolve,-250
7,11,DP,sink,MinionRoster.TryEvolveIndividual,-150
7,11,DP,sink,DungeonFeatureManager.TryPlaceTrap,-150
7,11,DP,sink,MinionRoster.TrySummon,-131
7,11,DP,source,AdventurerAI.ReapEmotion,120
7,11,DP,source,AdventurerAI.TakeDamage,1072
7,11,Material,source,AdventurerAI.TakeDamage,38
7,11,DP,sink,CommandSystem.TryUse,-1800
7,11,DP,source,AdventurerAI.GrantReturnReward,439
7,11,Fame,source,AdventurerAI.GrantReturnReward,20
7,11,Fame,source,LureEconomy.OnHeroEscaped,50
7,11,DP,source,Nemesis.OnSlain,1102
7,11,Material,source,Nemesis.OnSlain,10
7,11,DP,stock,end,954
7,11,Material,stock,end,339
7,11,Fame,stock,end,901
7,12,DP,source,SurfaceMap.CollectYields,105
7,12,Material,source,SurfaceMap.CollectYields,4
7,12,Fame,source,SurfaceMap.CollectYields,21
7,12,DP,source,DistrictCatalog.Collect,112
7,12,DP,sink,MinionRoster.TryForge,-190
7,12,DP,sink,MinionEvolution.TryEvolve,-550
7,12,DP,sink,DungeonFeatureManager.TryPlaceTrap,-150
7,12,DP,sink,MinionRoster.TrySummon,-281
7,12,DP,source,AdventurerAI.ReapEmotion,201
7,12,DP,source,AdventurerAI.TakeDamage,1303
7,12,Material,source,AdventurerAI.TakeDamage,98
7,12,DP,sink,CommandSystem.TryUse,-1800
7,12,DP,source,AdventurerAI.GrantReturnReward,418
7,12,Fame,source,AdventurerAI.GrantReturnReward,10
7,12,Fame,source,LureEconomy.OnHeroEscaped,25
7,12,DP,source,Nemesis.OnSlain,1134
7,12,Material,source,Nemesis.OnSlain,10
7,12,DP,stock,end,1256
7,12,Material,stock,end,451
7,12,Fame,stock,end,957
7,13,DP,source,SurfaceMap.CollectYields,82
7,13,Material,source,SurfaceMap.CollectYields,4
7,13,Fame,source,SurfaceMap.CollectYields,18
7,13,DP,source,DistrictCatalog.Collect,126
7,13,DP,source,EraSystem.TickTurn,300
7,13,DP,sink,MinionRoster.TryForge,-190
7,13,DP,sink,DungeonFloorManager.TryExpandFloor,-800
7,13,DP,sink,MinionRoster.TryEvolveIndividual,-450
7,13,DP,sink,DungeonFeatureManager.TryPlaceTrap,-150
7,13,DP,sink,MinionRoster.TrySummon,-158
7,13,DP,source,AdventurerAI.TakeDamage,1282
7,13,Material,source,AdventurerAI.TakeDamage,61
7,13,DP,sink,CommandSystem.TryUse,-1800
7,13,DP,source,AdventurerAI.ReapEmotion,87
7,13,DP,source,AdventurerAI.GrantReturnReward,207
7,13,Fame,source,AdventurerAI.GrantReturnReward,10
7,13,Fame,source,LureEconomy.OnHeroEscaped,25
7,13,DP,source,Nemesis.OnSlain,1134
7,13,Material,source,Nemesis.OnSlain,10
7,13,DP,stock,end,926
7,13,Material,stock,end,526
7,13,Fame,stock,end,1010
7,14,DP,source,SurfaceMap.CollectYields,102
7,14,Material,source,SurfaceMap.CollectYields,5
7,14,Fame,source,SurfaceMap.CollectYields,22
7,14,DP,source,DistrictCatalog.Collect,126
7,14,DP,sink,MinionRoster.TryForge,-190
7,14,DP,sink,MinionRoster.TryEvolveIndividual,-625
7,14,DP,sink,DungeonFeatureManager.TryPlaceTrap,-150
7,14,DP,sink,MinionRoster.TrySummon,-178
7,14,DP,source,AdventurerAI.ReapEmotion,129
7,14,DP,source,AdventurerAI.TakeDamage,1327
7,14,Material,source,AdventurerAI.TakeDamage,56
7,14,DP,sink,CommandSystem.TryUse,-1750
7,14,Fame,source,AdventurerAI.GrantReturnReward,80
7,14,Fame,source,LureEconomy.OnHeroEscaped,200
7,14,DP,source,AdventurerAI.GrantReturnReward,785
7,14,DP,stock,end,502
7,14,Material,stock,end,587
7,14,Fame,stock,end,1312
7,15,DP,source,SurfaceMap.CollectYields,82
7,15,Material,source,SurfaceMap.CollectYields,4
7,15,Fame,source,SurfaceMap.CollectYields,18
7,15,DP,source,DistrictCatalog.Collect,126
7,15,DP,sink,MinionRoster.TryForge,-190
7,15,DP,sink,MinionRoster.TryEvolveIndividual,-200
7,15,DP,sink,DungeonFeatureManager.TryPlaceTrap,-150
7,15,DP,sink,MinionRoster.TrySummon,-166
7,15,DP,source,AdventurerAI.ReapEmotion,105
7,15,DP,source,AdventurerAI.TakeDamage,1551
7,15,Material,source,AdventurerAI.TakeDamage,52
7,15,DP,sink,CommandSystem.TryUse,-2450
7,15,DP,source,AdventurerAI.GrantReturnReward,2117
7,15,Fame,source,AdventurerAI.GrantReturnReward,30
7,15,Fame,source,LureEconomy.OnHeroEscaped,75
7,15,DP,stock,end,1327
7,15,Material,stock,end,643
7,15,Fame,stock,end,1435
7,16,DP,source,SurfaceMap.CollectYields,82
7,16,Material,source,SurfaceMap.CollectYields,4
7,16,Fame,source,SurfaceMap.CollectYields,18
7,16,DP,source,DistrictCatalog.Collect,140
7,16,DP,source,EraSystem.TickTurn,300
7,16,DP,source,WaveRoster.ResolveTrial,2100
7,16,DP,sink,MinionRoster.TryForge,-190
7,16,DP,sink,DungeonFloorManager.TryExpandFloor,-3000
7,16,DP,sink,MinionRoster.TryEvolveIndividual,-425
7,16,DP,sink,DungeonFeatureManager.TryPlaceTrap,-150
7,16,DP,sink,MinionRoster.TrySummon,-172
7,16,DP,source,AdventurerAI.ReapEmotion,140
7,16,DP,source,AdventurerAI.TakeDamage,959
7,16,Material,source,AdventurerAI.TakeDamage,49
7,16,DP,sink,CommandSystem.TryUse,-1300
7,16,DP,source,AdventurerAI.GrantReturnReward,256
7,16,Fame,source,AdventurerAI.GrantReturnReward,20
7,16,Fame,source,LureEconomy.OnHeroEscaped,50
7,16,DP,source,Nemesis.OnSlain,857
7,16,Material,source,Nemesis.OnSlain,7
7,16,DP,stock,end,924
7,16,Material,stock,end,703
7,16,Fame,stock,end,1523
7,17,DP,source,SurfaceMap.CollectYields,126
7,17,Material,source,SurfaceMap.CollectYields,6
7,17,Fame,source,SurfaceMap.CollectYields,28
7,17,DP,source,DistrictCatalog.Collect,140
7,17,DP,source,EraSystem.TickTurn,720
7,17,DP,sink,MinionRoster.TryForge,-190
7,17,DP,sink,MinionRoster.TryEvolveIndividual,-1400
7,17,DP,sink,DungeonFeatureManager.TryPlaceTrap,-150
7,17,DP,sink,MinionRoster.TrySummon,-147
7,17,DP,source,AdventurerAI.ReapEmotion,135
7,17,DP,source,AdventurerAI.TakeDamage,3761
7,17,Material,source,AdventurerAI.TakeDamage,114
7,17,DP,sink,CommandSystem.TryUse,-2450
7,17,DP,source,AdventurerAI.GrantReturnReward,1755
7,17,Fame,source,AdventurerAI.GrantReturnReward,50
7,17,Fame,source,LureEconomy.OnHeroEscaped,125
7,17,DP,source,Nemesis.OnSlain,1264
7,17,Material,source,Nemesis.OnSlain,10
7,17,DP,stock,end,4488
7,17,Material,stock,end,833
7,17,Fame,stock,end,1726
7,18,DP,source,SurfaceMap.CollectYields,126
7,18,Material,source,SurfaceMap.CollectYields,6
7,18,Fame,source,SurfaceMap.CollectYields,28
7,18,DP,source,DistrictCatalog.Collect,140
7,18,DP,source,EraSystem.TickTurn,300
7,18,DP,sink,MinionRoster.TryForge,-2554
7,18,DP,sink,DungeonFloorManager.TryExpandFloor,-1500
7,18,DP,sink,MinionRoster.TryEvolveIndividual,-575
7,18,DP,sink,DungeonFeatureManager.TryPlaceTrap,-150
7,18,DP,sink,MinionRoster.TrySummon,-256
7,18,DP,source,AdventurerAI.ReapEmotion,278
7,18,DP,source,AdventurerAI.TakeDamage,2333
7,18,Material,source,AdventurerAI.TakeDamage,60
7,18,DP,sink,CommandSystem.TryUse,-2300
7,18,DP,source,AdventurerAI.GrantReturnReward,1221
7,18,Fame,source,AdventurerAI.GrantReturnReward,30
7,18,Fame,source,LureEconomy.OnHeroEscaped,75
7,18,DP,source,Nemesis.OnSlain,632
7,18,Material,source,Nemesis.OnSlain,5
7,18,DP,stock,end,2183
7,18,Material,stock,end,904
7,18,Fame,stock,end,1859
7,19,DP,source,SurfaceMap.CollectYields,146
7,19,Material,source,SurfaceMap.CollectYields,7
7,19,Fame,source,SurfaceMap.CollectYields,32
7,19,DP,source,DistrictCatalog.Collect,140
7,19,DP,sink,MinionRoster.TryForge,-1414
7,19,DP,sink,MinionRoster.TryEvolveIndividual,-550
7,19,DP,sink,DungeonFeatureManager.TryPlaceTrap,-300
7,19,DP,sink,MinionRoster.TrySummon,-205
7,19,DP,source,IncidentSystem.Apply,600
7,19,DP,sink,CommandSystem.TryUse,-2650
7,19,DP,source,AdventurerAI.ReapEmotion,318
7,19,Fame,source,AdventurerAI.GrantReturnReward,70
7,19,Fame,source,LureEconomy.OnHeroEscaped,175
7,19,DP,source,AdventurerAI.TakeDamage,4105
7,19,Material,source,AdventurerAI.TakeDamage,111
7,19,DP,source,AdventurerAI.GrantReturnReward,3041
7,19,DP,source,Nemesis.OnSlain,648
7,19,Material,source,Nemesis.OnSlain,5
7,19,DP,stock,end,6062
7,19,Material,stock,end,1027
7,19,Fame,stock,end,2136
7,20,DP,source,SurfaceMap.CollectYields,146
7,20,Material,source,SurfaceMap.CollectYields,7
7,20,Fame,source,SurfaceMap.CollectYields,32
7,20,DP,source,DistrictCatalog.Collect,140
7,20,DP,sink,MinionRoster.TryForge,-394
7,20,DP,sink,DungeonFloorManager.TryAddFloor,-5000
7,20,DP,sink,DungeonFloorManager.TryExpandFloor,-400
7,20,DP,sink,DungeonFeatureManager.TryPlaceTrap,-300
7,20,DP,sink,MinionRoster.TrySummon,-249
7,20,DP,source,AdventurerAI.ReapEmotion,904
7,20,DP,source,AdventurerAI.TakeDamage,3093
7,20,Material,source,AdventurerAI.TakeDamage,63
7,20,DP,sink,CommandSystem.TryUse,-2450
7,20,DP,source,AdventurerAI.GrantReturnReward,2808
7,20,Fame,source,AdventurerAI.GrantReturnReward,110
7,20,Fame,source,LureEconomy.OnHeroEscaped,275
7,20,DP,source,Nemesis.OnSlain,1304
7,20,Material,source,Nemesis.OnSlain,9
7,20,DP,stock,end,5664
7,20,Material,stock,end,1106
7,20,Fame,stock,end,2553
7,21,DP,source,SurfaceMap.CollectYields,146
7,21,Material,source,SurfaceMap.CollectYields,7
7,21,Fame,source,SurfaceMap.CollectYields,32
7,21,DP,source,DistrictCatalog.Collect,154
7,21,DP,sink,MinionRoster.TryForge,-4678
7,21,DP,sink,DungeonFloorManager.TryExpandFloor,-800
7,21,DP,sink,DungeonFeatureManager.TryPlaceTrap,-300
7,21,DP,sink,MinionRoster.TrySummon,-180
7,21,DP,source,AdventurerAI.ReapEmotion,214
7,21,DP,source,AdventurerAI.TakeDamage,3694
7,21,Material,source,AdventurerAI.TakeDamage,847
7,21,DP,sink,CommandSystem.TryUse,-2150
7,21,DP,source,AdventurerAI.GrantReturnReward,2825
7,21,Fame,source,AdventurerAI.GrantReturnReward,70
7,21,Fame,source,LureEconomy.OnHeroEscaped,175
7,21,DP,source,Nemesis.OnSlain,2008
7,21,Material,source,Nemesis.OnSlain,14
7,21,DP,stock,end,6597
7,21,Material,stock,end,1974
7,21,Fame,stock,end,2830
7,22,DP,source,SurfaceMap.CollectYields,167
7,22,Material,source,SurfaceMap.CollectYields,8
7,22,Fame,source,SurfaceMap.CollectYields,37
7,22,DP,source,DistrictCatalog.Collect,154
7,22,DP,sink,MinionRoster.TryForge,-5780
7,22,DP,sink,MinionRoster.TryEvolveIndividual,-325
7,22,DP,sink,DungeonFeatureManager.TryPlaceTrap,-600
7,22,DP,sink,MinionRoster.TrySummon,-207
7,22,DP,source,AdventurerAI.ReapEmotion,148
7,22,DP,source,AdventurerAI.TakeDamage,4495
7,22,Material,source,AdventurerAI.TakeDamage,88
7,22,DP,sink,CommandSystem.TryUse,-1800
7,22,DP,source,AdventurerAI.GrantReturnReward,1400
7,22,Fame,source,AdventurerAI.GrantReturnReward,40
7,22,Fame,source,LureEconomy.OnHeroEscaped,100
7,22,DP,source,Nemesis.OnSlain,697
7,22,Material,source,Nemesis.OnSlain,5
7,22,DP,stock,end,4946
7,22,Material,stock,end,2075
7,22,Fame,stock,end,3007
7,23,DP,source,SurfaceMap.CollectYields,167
7,23,Material,source,SurfaceMap.CollectYields,8
7,23,Fame,source,SurfaceMap.CollectYields,37
7,23,DP,source,DistrictCatalog.Collect,154
7,23,DP,sink,MinionRoster.TryForge,-3216
7,23,DP,sink,DungeonFloorManager.TryExpandFloor,-1500
7,23,DP,sink,DungeonFeatureManager.TryPlaceTrap,-300
7,23,DP,sink,MinionRoster.TrySummon,-234
7,23,DP,source,AdventurerAI.ReapEmotion,149
7,23,DP,source,AdventurerAI.TakeDamage,2395
7,23,Material,source,AdventurerAI.TakeDamage,100
7,23,DP,sink,CommandSystem.TryUse,-5600
7,23,Fame,source,AdventurerAI.GrantReturnReward,170
7,23,Fame,source,LureEconomy.OnHeroEscaped,425
7,23,DP,source,AdventurerAI.GrantReturnReward,7009
7,23,DP,stock,end,3970
7,23,Material,stock,end,2183
7,23,Fame,stock,end,3639
7,24,DP,source,SurfaceMap.CollectYields,167
7,24,Material,source,SurfaceMap.CollectYields,8
7,24,Fame,source,SurfaceMap.CollectYields,37
7,24,DP,source,DistrictCatalog.Collect,182
7,24,DP,sink,MinionRoster.TryForge,-168
7,24,DP,sink,MinionEvolution.TryEvolve,-3750
7,24,DP,sink,DungeonFeatureManager.TryPlaceTrap,-150
7,24,DP,sink,MinionRoster.TrySummon,-241
7,24,DP,source,AdventurerAI.ReapEmotion,823
7,24,DP,source,AdventurerAI.TakeDamage,6472
7,24,Material,source,AdventurerAI.TakeDamage,124
7,24,DP,sink,CommandSystem.TryUse,-2950
7,24,Fame,source,AdventurerAI.GrantReturnReward,150
7,24,Fame,source,LureEconomy.OnHeroEscaped,375
7,24,DP,source,AdventurerAI.GrantReturnReward,6388
7,24,DP,stock,end,10743
7,24,Material,stock,end,2315
7,24,Fame,stock,end,4201
7,25,DP,source,SurfaceMap.CollectYields,191
7,25,Material,source,SurfaceMap.CollectYields,8
7,25,Fame,source,SurfaceMap.CollectYields,45
7,25,DP,source,DistrictCatalog.Collect,28
7,25,DP,source,EraSystem.TickTurn,3840
7,25,DP,sink,MinionRoster.TryForge,-168
7,25,DP,sink,DungeonFloorManager.TryAddFloor,-12500
7,25,DP,sink,DungeonFloorManager.TryExpandFloor,-400
7,25,DP,sink,MinionEvolution.TryEvolve,-1150
7,25,DP,sink,MinionRoster.TryEvolveIndividual,-250
7,25,DP,sink,DungeonFeatureManager.TryPlaceTrap,-150
7,25,DP,sink,MinionRoster.TrySummon,-158
7,25,DP,source,AdventurerAI.ReapEmotion,905
7,25,DP,sink,CommandSystem.TryUse,-5600
7,25,DP,source,AdventurerAI.TakeDamage,4564
7,25,Material,source,AdventurerAI.TakeDamage,37
7,25,DP,source,AdventurerAI.GrantReturnReward,5316
7,25,Fame,source,AdventurerAI.GrantReturnReward,110
7,25,Fame,source,LureEconomy.OnHeroEscaped,275
7,25,DP,stock,end,5211
7,25,Material,stock,end,2360
7,25,Fame,stock,end,4631
7,26,DP,source,SurfaceMap.CollectYields,192
7,26,Material,source,SurfaceMap.CollectYields,8
7,26,Fame,source,SurfaceMap.CollectYields,46
7,26,DP,source,DistrictCatalog.Collect,28
7,26,DP,source,EraSystem.TickTurn,6528
7,26,DP,sink,MinionRoster.TryForge,-168
7,26,DP,sink,DungeonFloorManager.TryExpandFloor,-4800
7,26,DP,sink,MinionRoster.TryEvolveIndividual,-6675
7,26,DP,sink,DungeonFeatureManager.TryPlaceTrap,-150
7,26,DP,sink,MinionRoster.TrySummon,-165
7,26,DP,source,AdventurerAI.ReapEmotion,285
7,26,DP,source,AdventurerAI.GrantReturnReward,15727
7,26,Fame,source,AdventurerAI.GrantReturnReward,360
7,26,Fame,source,LureEconomy.OnHeroEscaped,900
7,26,DP,sink,CommandSystem.TryUse,-4750
7,26,DP,source,AdventurerAI.TakeDamage,3571
7,26,Material,source,AdventurerAI.TakeDamage,53
7,26,DP,source,Nemesis.OnSlain,1020
7,26,Material,source,Nemesis.OnSlain,7
7,26,DP,stock,end,15854
7,26,Material,stock,end,2428
7,26,Fame,stock,end,5937
7,27,DP,source,SurfaceMap.CollectYields,192
7,27,Material,source,SurfaceMap.CollectYields,8
7,27,Fame,source,SurfaceMap.CollectYields,46
7,27,DP,source,DistrictCatalog.Collect,28
7,27,DP,source,EraSystem.TickTurn,6528
7,27,DP,sink,MinionRoster.TryForge,-6168
7,27,DP,sink,DungeonFloorManager.TryExpandFloor,-10000
7,27,DP,sink,MinionRoster.TryEvolveIndividual,-5900
7,27,DP,sink,DungeonFeatureManager.TryPlaceTrap,-300
7,27,DP,sink,MinionRoster.TrySummon,-231
7,27,DP,source,AdventurerAI.ReapEmotion,153
7,27,DP,source,AdventurerAI.GrantReturnReward,11179
7,27,Fame,source,AdventurerAI.GrantReturnReward,350
7,27,Fame,source,LureEconomy.OnHeroEscaped,875
7,27,DP,sink,CommandSystem.TryUse,-5950
7,27,DP,source,AdventurerAI.TakeDamage,9674
7,27,Material,source,AdventurerAI.TakeDamage,166
7,27,DP,source,Nemesis.OnSlain,1427
7,27,Material,source,Nemesis.OnSlain,9
7,27,DP,stock,end,16486
7,27,Material,stock,end,2611
7,27,Fame,stock,end,7208
7,28,DP,source,SurfaceMap.CollectYields,192
7,28,Material,source,SurfaceMap.CollectYields,8
7,28,Fame,source,SurfaceMap.CollectYields,46
7,28,DP,source,DistrictCatalog.Collect,28
7,28,DP,source,EraSystem.TickTurn,3840
7,28,DP,sink,MinionRoster.TryForge,-13296
7,28,DP,sink,MinionRoster.TryEvolveIndividual,-1450
7,28,DP,sink,DungeonFeatureManager.TryPlaceTrap,-3600
7,28,DP,sink,MinionRoster.TrySummon,-2188
7,28,DP,source,AdventurerAI.ReapEmotion,109
7,28,DP,source,AdventurerAI.TakeDamage,5861
7,28,Material,source,AdventurerAI.TakeDamage,62
7,28,DP,sink,CommandSystem.TryUse,-5550
7,28,DP,source,AdventurerAI.GrantReturnReward,13714
7,28,Fame,source,AdventurerAI.GrantReturnReward,490
7,28,Fame,source,LureEconomy.OnHeroEscaped,1225
7,28,DP,stock,end,14146
7,28,Material,stock,end,2681
7,28,Fame,stock,end,8969
7,29,DP,source,SurfaceMap.CollectYields,168
7,29,Material,source,SurfaceMap.CollectYields,8
7,29,Fame,source,SurfaceMap.CollectYields,38
7,29,DP,source,DistrictCatalog.Collect,28
7,29,DP,source,EraSystem.TickTurn,3840
7,29,DP,sink,MinionRoster.TryForge,-15876
7,29,DP,sink,MinionRoster.TryEvolveIndividual,-225
7,29,Material,sink,MinionRoster.TryForge,-36
7,29,DP,sink,DungeonFeatureManager.TryPlaceTrap,-1800
7,29,DP,sink,MinionRoster.TrySummon,-276
7,29,DP,source,AdventurerAI.ReapEmotion,101
7,29,DP,source,AdventurerAI.TakeDamage,21016
7,29,Material,source,AdventurerAI.TakeDamage,212
7,29,DP,sink,CommandSystem.TryUse,-6050
7,29,DP,source,AdventurerAI.GrantReturnReward,11098
7,29,Fame,source,AdventurerAI.GrantReturnReward,280
7,29,Fame,source,LureEconomy.OnHeroEscaped,700
7,29,DP,stock,end,26170
7,29,Material,stock,end,2865
7,29,Fame,stock,end,9987
7,30,DP,source,SurfaceMap.CollectYields,168
7,30,Material,source,SurfaceMap.CollectYields,8
7,30,Fame,source,SurfaceMap.CollectYields,38
7,30,DP,source,DistrictCatalog.Collect,28
7,30,DP,source,EraSystem.TickTurn,6528
7,30,Material,source,EraSystem.TickTurn,32
7,30,DP,sink,MinionRoster.TryForge,-168
7,30,DP,sink,DungeonFloorManager.TryAddFloor,-31250
7,30,DP,sink,DungeonFloorManager.TryExpandFloor,-400
7,30,DP,sink,MinionRoster.TryEvolveIndividual,-700
7,30,DP,sink,DungeonFeatureManager.TryPlaceTrap,-150
7,30,DP,sink,MinionRoster.TrySummon,-207
7,30,DP,source,AdventurerAI.ReapEmotion,246
7,30,DP,source,AdventurerAI.GrantReturnReward,17795
7,30,Fame,source,AdventurerAI.GrantReturnReward,650
7,30,Fame,source,LureEconomy.OnHeroEscaped,1625
7,30,DP,sink,CommandSystem.TryUse,-4900
7,30,DP,source,AdventurerAI.TakeDamage,3154
7,30,Material,source,AdventurerAI.TakeDamage,179
7,30,DP,stock,end,16314
7,30,Material,stock,end,3084
7,30,Fame,stock,end,12300
7,31,DP,source,SurfaceMap.CollectYields,168
7,31,Material,source,SurfaceMap.CollectYields,9
7,31,Fame,source,SurfaceMap.CollectYields,38
7,31,DP,source,DistrictCatalog.Collect,28
7,31,DP,source,EraSystem.TickTurn,3840
7,31,Material,source,EraSystem.TickTurn,37
7,31,Fame,source,EraSystem.TickTurn,80
7,31,DP,sink,MinionRoster.TryForge,-13632
7,31,DP,sink,DungeonFloorManager.TryExpandFloor,-4800
7,31,DP,sink,MinionRoster.TryEvolveIndividual,-850
7,31,Material,sink,MinionRoster.TryForge,-40
7,31,DP,sink,DungeonFeatureManager.TryPlaceTrap,-900
7,31,DP,sink,MinionRoster.TrySummon,-138
7,31,DP,source,AdventurerAI.ReapEmotion,112
7,31,DP,source,AdventurerAI.TakeDamage,13283
7,31,Material,source,AdventurerAI.TakeDamage,285
7,31,DP,sink,CommandSystem.TryUse,-6050
7,31,DP,source,AdventurerAI.GrantReturnReward,18570
7,31,Fame,source,AdventurerAI.GrantReturnReward,420
7,31,Fame,source,LureEconomy.OnHeroEscaped,1050
7,31,DP,stock,end,25945
7,31,Material,stock,end,3375
7,31,Fame,stock,end,13888
7,32,DP,source,SurfaceMap.CollectYields,168
7,32,Material,source,SurfaceMap.CollectYields,9
7,32,Fame,source,SurfaceMap.CollectYields,38
7,32,DP,source,DistrictCatalog.Collect,28
7,32,DP,source,EraSystem.TickTurn,6528
7,32,Fame,source,EraSystem.TickTurn,192
7,32,DP,sink,MinionRoster.TryForge,-21720
7,32,DP,sink,MinionRoster.TryEvolveIndividual,-225
7,32,Material,sink,MinionRoster.TryForge,-72
7,32,DP,sink,DungeonFeatureManager.TryPlaceTrap,-3600
7,32,DP,sink,MinionRoster.TrySummon,-7097
7,32,DP,source,AdventurerAI.ReapEmotion,169
7,32,DP,source,AdventurerAI.GrantReturnReward,16894
7,32,Fame,source,AdventurerAI.GrantReturnReward,450
7,32,Fame,source,LureEconomy.OnHeroEscaped,1125
7,32,DP,source,AdventurerAI.TakeDamage,24537
7,32,Material,source,AdventurerAI.TakeDamage,386
7,32,DP,sink,CommandSystem.TryUse,-4900
7,32,DP,stock,end,36727
7,32,Material,stock,end,3698
7,32,Fame,stock,end,15693
7,33,DP,source,SurfaceMap.CollectYields,168
7,33,Material,source,SurfaceMap.CollectYields,9
7,33,Fame,source,SurfaceMap.CollectYields,38
7,33,DP,source,DistrictCatalog.Collect,28
7,33,DP,sink,MinionRoster.TryForge,-8400
7,33,DP,sink,MinionRoster.TryEvolveIndividual,-1025
7,33,DP,sink,DungeonFeatureManager.TryPlaceTrap,-3600
7,33,DP,sink,MinionRoster.TrySummon,-23865
7,33,DP,source,AdventurerAI.ReapEmotion,164
7,33,DP,source,AdventurerAI.TakeDamage,16864
7,33,Material,source,AdventurerAI.TakeDamage,423
7,33,DP,sink,CommandSystem.TryUse,-6050
7,33,DP,source,AdventurerAI.GrantReturnReward,8906
7,33,Fame,source,AdventurerAI.GrantReturnReward,150
7,33,Fame,source,LureEconomy.OnHeroEscaped,375
7,33,DP,stock,end,19917
7,33,Material,stock,end,4130
7,33,Fame,stock,end,16256
7,34,DP,source,SurfaceMap.CollectYields,168
7,34,Material,source,SurfaceMap.CollectYields,9
7,34,Fame,source,SurfaceMap.CollectYields,38
7,34,DP,source,DistrictCatalog.Collect,28
7,34,DP,sink,MinionRoster.TryForge,-4680
7,34,DP,sink,MinionRoster.TryEvolveIndividual,-175
7,34,DP,sink,DungeonFeatureManager.TryPlaceTrap,-3600
7,34,DP,sink,MinionRoster.TrySummon,-11657
7,34,DP,source,AdventurerAI.ReapEmotion,156
7,34,DP,source,AdventurerAI.GrantReturnReward,14405
7,34,Fame,source,AdventurerAI.GrantReturnReward,300
7,34,Fame,source,LureEconomy.OnHeroEscaped,750
7,34,DP,sink,CommandSystem.TryUse,-4900
7,34,DP,source,AdventurerAI.TakeDamage,33719
7,34,Material,source,AdventurerAI.TakeDamage,441
7,34,DP,stock,end,43381
7,34,Material,stock,end,4580
7,34,Fame,stock,end,17344
7,35,DP,source,SurfaceMap.CollectYields,168
7,35,Material,source,SurfaceMap.CollectYields,9
7,35,Fame,source,SurfaceMap.CollectYields,38
7,35,DP,source,DistrictCatalog.Collect,28
7,35,DP,sink,MinionRoster.TryForge,-9672
7,35,DP,sink,MinionRoster.TryEvolveIndividual,-375
7,35,DP,sink,DungeonFeatureManager.TryPlaceTrap,-3600
7,35,DP,sink,MinionRoster.TrySummon,-29921
7,35,DP,source,AdventurerAI.ReapEmotion,386
7,35,DP,sink,CommandSystem.TryUse,-5200
7,35,DP,source,AdventurerAI.GrantReturnReward,15774
7,35,Fame,source,AdventurerAI.GrantReturnReward,350
7,35,Fame,source,LureEconomy.OnHeroEscaped,875
7,35,DP,source,AdventurerAI.TakeDamage,30775
7,35,Material,source,AdventurerAI.TakeDamage,558
7,35,DP,stock,end,41744
7,35,Material,stock,end,5147
7,35,Fame,stock,end,18607
7,36,DP,source,SurfaceMap.CollectYields,168
7,36,Material,source,SurfaceMap.CollectYields,9
7,36,Fame,source,SurfaceMap.CollectYields,38
7,36,DP,source,DistrictCatalog.Collect,28
7,36,DP,sink,MinionRoster.TryForge,-19728
7,36,Material,sink,MinionRoster.TryForge,-48
7,36,DP,sink,DungeonFeatureManager.TryPlaceTrap,-3000
7,36,DP,sink,MinionRoster.TrySummon,-19206
7,36,DP,source,AdventurerAI.ReapEmotion,283
7,36,DP,source,AdventurerAI.TakeDamage,42089
7,36,Material,source,AdventurerAI.TakeDamage,1332
7,36,DP,sink,CommandSystem.TryUse,-5700
7,36,DP,source,AdventurerAI.GrantReturnReward,15024
7,36,Fame,source,AdventurerAI.GrantReturnReward,240
7,36,Fame,source,LureEconomy.OnHeroEscaped,600
7,36,DP,source,Nemesis.OnSlain,8556
7,36,Material,source,Nemesis.OnSlain,34
7,36,DP,stock,end,60258
7,36,Material,stock,end,6474
7,36,Fame,stock,end,19485
7,37,DP,source,SurfaceMap.CollectYields,168
7,37,Material,source,SurfaceMap.CollectYields,9
7,37,Fame,source,SurfaceMap.CollectYields,38
7,37,DP,source,DistrictCatalog.Collect,28
7,37,DP,sink,MinionRoster.TryForge,-28620
7,37,Material,sink,MinionRoster.TryForge,-156
7,37,DP,sink,MinionRoster.TrySummon,-31797
7,37,DP,source,AdventurerAI.ReapEmotion,195
7,37,DP,source,AdventurerAI.GrantReturnReward,21065
7,37,Fame,source,AdventurerAI.GrantReturnReward,310
7,37,Fame,source,LureEconomy.OnHeroEscaped,775
7,37,DP,sink,CommandSystem.TryUse,-5200
7,37,DP,source,AdventurerAI.TakeDamage,33662
7,37,Material,source,AdventurerAI.TakeDamage,527
7,37,DP,source,Nemesis.OnSlain,2937
7,37,Material,source,Nemesis.OnSlain,15
7,37,DP,stock,end,52696
7,37,Material,stock,end,6869
7,37,Fame,stock,end,20608
7,38,DP,source,SurfaceMap.CollectYields,170
7,38,Material,source,SurfaceMap.CollectYields,9
7,38,Fame,source,SurfaceMap.CollectYields,38
7,38,DP,source,DistrictCatalog.Collect,28
7,38,DP,source,EraSystem.TickTurn,1920
7,38,Material,source,EraSystem.TickTurn,37
7,38,DP,sink,MinionRoster.TryForge,-40320
7,38,Material,sink,MinionRoster.TryForge,-336
7,38,DP,sink,MinionRoster.TrySummon,-14480
7,38,DP,source,AdventurerAI.ReapEmotion,130
7,38,DP,source,AdventurerAI.TakeDamage,41547
7,38,Material,source,AdventurerAI.TakeDamage,668
7,38,DP,sink,CommandSystem.TryUse,-4750
7,38,DP,source,AdventurerAI.GrantReturnReward,9923
7,38,Fame,source,AdventurerAI.GrantReturnReward,240
7,38,Fame,source,LureEconomy.OnHeroEscaped,600
7,38,DP,source,Nemesis.OnSlain,1782
7,38,Material,source,Nemesis.OnSlain,12
7,38,DP,stock,end,48646
7,38,Material,stock,end,7259
7,38,Fame,stock,end,21486
7,39,DP,source,SurfaceMap.CollectYields,170
7,39,Material,source,SurfaceMap.CollectYields,9
7,39,Fame,source,SurfaceMap.CollectYields,38
7,39,DP,source,DistrictCatalog.Collect,28
7,39,DP,sink,MinionRoster.TryForge,-40320
7,39,Material,sink,MinionRoster.TryForge,-336
7,39,DP,sink,MinionRoster.TrySummon,-8496
7,39,DP,source,AdventurerAI.ReapEmotion,188
7,39,DP,source,AdventurerAI.GrantReturnReward,10797
7,39,Fame,source,AdventurerAI.GrantReturnReward,230
7,39,Fame,source,LureEconomy.OnHeroEscaped,575
7,39,DP,sink,CommandSystem.TryUse,-5600
7,39,DP,source,AdventurerAI.TakeDamage,41459
7,39,Material,source,AdventurerAI.TakeDamage,653
7,39,DP,source,Nemesis.OnSlain,907
7,39,Material,source,Nemesis.OnSlain,6
7,39,DP,stock,end,47779
7,39,Material,stock,end,7591
7,39,Fame,stock,end,22329
7,40,DP,source,SurfaceMap.CollectYields,170
7,40,Material,source,SurfaceMap.CollectYields,9
7,40,Fame,source,SurfaceMap.CollectYields,38
7,40,DP,source,DistrictCatalog.Collect,28
7,40,DP,sink,MinionRoster.TryForge,-46320
7,40,Material,sink,MinionRoster.TryForge,-436
7,40,DP,sink,MinionRoster.TrySummon,-1627
7,40,DP,source,AdventurerAI.ReapEmotion,444
7,40,DP,sink,CommandSystem.TryUse,-5650
7,40,DP,source,AdventurerAI.GrantReturnReward,24735
7,40,Fame,source,AdventurerAI.GrantReturnReward,300
7,40,Fame,source,LureEconomy.OnHeroEscaped,750
7,40,DP,source,AdventurerAI.TakeDamage,49285
7,40,Material,source,AdventurerAI.TakeDamage,870
7,40,DP,source,Nemesis.OnSlain,6124
7,40,Material,source,Nemesis.OnSlain,29
7,40,DP,stock,end,74968
7,40,Material,stock,end,8063
7,40,Fame,stock,end,23417
7,41,DP,source,SurfaceMap.CollectYields,170
7,41,Material,source,SurfaceMap.CollectYields,9
7,41,Fame,source,SurfaceMap.CollectYields,38
7,41,DP,source,DistrictCatalog.Collect,28
7,41,DP,source,EraSystem.TickTurn,1920
7,41,DP,sink,MinionRoster.TryForge,-65520
7,41,Material,sink,MinionRoster.TryForge,-756
7,41,DP,sink,MinionRoster.TrySummon,-11553
7,41,DP,source,AdventurerAI.ReapEmotion,228
7,41,DP,source,AdventurerAI.GrantReturnReward,31573
7,41,Fame,source,AdventurerAI.GrantReturnReward,560
7,41,Fame,source,LureEconomy.OnHeroEscaped,1400
7,41,DP,sink,CommandSystem.TryUse,-5700
7,41,DP,source,AdventurerAI.TakeDamage,58583
7,41,Material,source,AdventurerAI.TakeDamage,6908
7,41,DP,source,Nemesis.OnSlain,8556
7,41,Material,source,Nemesis.OnSlain,34
7,41,DP,stock,end,93253
7,41,Material,stock,end,14258
7,41,Fame,stock,end,25415
7,42,DP,source,SurfaceMap.CollectYields,212
7,42,Material,source,SurfaceMap.CollectYields,12
7,42,Fame,source,SurfaceMap.CollectYields,38
7,42,DP,source,DistrictCatalog.Collect,28
7,42,DP,sink,MinionRoster.TryForge,-65520
7,42,Material,sink,MinionRoster.TryForge,-756
7,42,DP,sink,MinionRoster.TrySummon,-27967
7,42,DP,source,AdventurerAI.ReapEmotion,125
7,42,DP,source,AdventurerAI.GrantReturnReward,20985
7,42,Fame,source,AdventurerAI.GrantReturnReward,380
7,42,Fame,source,LureEconomy.OnHeroEscaped,950
7,42,DP,sink,CommandSystem.TryUse,-4750
7,42,DP,source,AdventurerAI.TakeDamage,31178
7,42,Material,source,AdventurerAI.TakeDamage,343
7,42,DP,source,Nemesis.OnSlain,1912
7,42,Material,source,Nemesis.OnSlain,12
7,42,DP,stock,end,49456
7,42,Material,stock,end,13869
7,42,Fame,stock,end,26783
7,43,DP,source,SurfaceMap.CollectYields,212
7,43,Material,source,SurfaceMap.CollectYields,12
7,43,Fame,source,SurfaceMap.CollectYields,38
7,43,DP,source,DistrictCatalog.Collect,28
7,43,DP,sink,MinionRoster.TryForge,-46800
7,43,Material,sink,MinionRoster.TryForge,-540
7,43,DP,sink,MinionRoster.TrySummon,-2881
7,43,DP,source,AdventurerAI.ReapEmotion,129
7,43,DP,source,AdventurerAI.GrantReturnReward,16210
7,43,Fame,source,AdventurerAI.GrantReturnReward,360
7,43,Fame,source,LureEconomy.OnHeroEscaped,900
7,43,DP,sink,CommandSystem.TryUse,-6050
7,43,DP,source,AdventurerAI.TakeDamage,50595
7,43,Material,source,AdventurerAI.TakeDamage,1185
7,43,DP,source,Nemesis.OnSlain,956
7,43,Material,source,Nemesis.OnSlain,6
7,43,DP,stock,end,61855
7,43,Material,stock,end,14532
7,43,Fame,stock,end,28081
7,44,DP,source,SurfaceMap.CollectYields,212
7,44,Material,source,SurfaceMap.CollectYields,12
7,44,Fame,source,SurfaceMap.CollectYields,38
7,44,DP,source,DistrictCatalog.Collect,28
7,44,DP,sink,MinionRoster.TryForge,-59040
7,44,Material,sink,MinionRoster.TryForge,-776
7,44,DP,sink,MinionRoster.TrySummon,-3027
7,44,DP,source,AdventurerAI.ReapEmotion,197
7,44,DP,source,AdventurerAI.GrantReturnReward,22390
7,44,Fame,source,AdventurerAI.GrantReturnReward,380
7,44,Fame,source,LureEconomy.OnHeroEscaped,950
7,44,DP,sink,CommandSystem.TryUse,-5200
7,44,DP,source,AdventurerAI.TakeDamage,39379
7,44,Material,source,AdventurerAI.TakeDamage,997
7,44,DP,source,Nemesis.OnSlain,1326
7,44,Material,source,Nemesis.OnSlain,8
7,44,DP,stock,end,58120
7,44,Material,stock,end,14773
7,44,Fame,stock,end,29449
7,45,DP,source,SurfaceMap.CollectYields,188
7,45,Material,source,SurfaceMap.CollectYields,10
7,45,Fame,source,SurfaceMap.CollectYields,34
7,45,DP,source,DistrictCatalog.Collect,28
7,45,DP,sink,MinionRoster.TryForge,-55200
7,45,Material,sink,MinionRoster.TryForge,-736
7,45,DP,sink,MinionRoster.TrySummon,-3127
7,45,DP,source,AdventurerAI.ReapEmotion,276
7,45,DP,source,AdventurerAI.GrantReturnReward,34803
7,45,Fame,source,AdventurerAI.GrantReturnReward,380
7,45,Fame,source,LureEconomy.OnHeroEscaped,950
7,45,DP,sink,CommandSystem.TryUse,-5350
7,45,DP,source,AdventurerAI.TakeDamage,55256
7,45,Material,source,AdventurerAI.TakeDamage,839
7,45,DP,source,Nemesis.OnSlain,988
7,45,Material,source,Nemesis.OnSlain,6
7,45,DP,stock,end,85982
7,45,Material,stock,end,14892
7,45,Fame,stock,end,30813
7,46,DP,source,SurfaceMap.CollectYields,188
7,46,Material,source,SurfaceMap.CollectYields,10
7,46,Fame,source,SurfaceMap.CollectYields,34
7,46,DP,source,DistrictCatalog.Collect,28
7,46,DP,sink,MinionRoster.TryForge,-84000
7,46,Material,sink,MinionRoster.TryForge,-1120
7,46,DP,sink,MinionRoster.TrySummon,-1629
7,46,DP,sink,CommandSystem.TryUse,-6000
7,46,DP,source,AdventurerAI.ReapEmotion,282
7,46,DP,source,AdventurerAI.GrantReturnReward,24737
7,46,Fame,source,AdventurerAI.GrantReturnReward,510
7,46,Fame,source,LureEconomy.OnHeroEscaped,1275
7,46,DP,source,AdventurerAI.TakeDamage,24557
7,46,Material,source,AdventurerAI.TakeDamage,422
7,46,DP,source,Nemesis.OnSlain,3452
7,46,Material,source,Nemesis.OnSlain,19
7,46,DP,stock,end,47597
7,46,Material,stock,end,14223
7,46,Fame,stock,end,32632
7,47,DP,source,SurfaceMap.CollectYields,212
7,47,Material,source,SurfaceMap.CollectYields,12
7,47,Fame,source,SurfaceMap.CollectYields,38
7,47,DP,source,DistrictCatalog.Collect,28
7,47,DP,sink,MinionRoster.TryForge,-4800
7,47,Material,sink,MinionRoster.TryForge,-64
7,47,DP,sink,MinionEvolution.TryEvolve,-9050
7,47,DP,sink,MinionRoster.TryEvolveIndividual,-33450
7,47,DP,sink,CommandSystem.TryUse,-5850
7,47,DP,source,AdventurerAI.ReapEmotion,257
7,47,DP,source,AdventurerAI.GrantReturnReward,24815
7,47,Fame,source,AdventurerAI.GrantReturnReward,350
7,47,Fame,source,LureEconomy.OnHeroEscaped,875
7,47,DP,source,AdventurerAI.TakeDamage,57921
7,47,Material,source,AdventurerAI.TakeDamage,595
7,47,DP,source,Nemesis.OnSlain,2388
7,47,Material,source,Nemesis.OnSlain,14
7,47,DP,stock,end,80068
7,47,Material,stock,end,14780
7,47,Fame,stock,end,33895
7,48,DP,source,SurfaceMap.CollectYields,212
7,48,Material,source,SurfaceMap.CollectYields,12
7,48,Fame,source,SurfaceMap.CollectYields,38
7,48,DP,source,DistrictCatalog.Collect,28
7,48,DP,source,EraSystem.TickTurn,9720
7,48,DP,sink,MinionRoster.TryForge,-69600
7,48,Material,sink,MinionRoster.TryForge,-928
7,48,DP,sink,MinionRoster.TryEvolveIndividual,-16650
7,48,DP,sink,MinionRoster.TrySummon,-3771
7,48,DP,source,AdventurerAI.ReapEmotion,208
7,48,DP,source,AdventurerAI.TakeDamage,56217
7,48,Material,source,AdventurerAI.TakeDamage,705
7,48,DP,sink,CommandSystem.TryUse,-5650
7,48,Fame,source,AdventurerAI.GrantReturnReward,180
7,48,Fame,source,LureEconomy.OnHeroEscaped,450
7,48,DP,source,AdventurerAI.GrantReturnReward,6839
7,48,DP,source,Nemesis.OnSlain,2042
7,48,Material,source,Nemesis.OnSlain,12
7,48,DP,stock,end,59663
7,48,Material,stock,end,14581
7,48,Fame,stock,end,34563
7,49,DP,source,SurfaceMap.CollectYields,212
7,49,Material,source,SurfaceMap.CollectYields,12
7,49,Fame,source,SurfaceMap.CollectYields,38
7,49,DP,source,DistrictCatalog.Collect,28
7,49,DP,source,EraSystem.TickTurn,9720
7,49,DP,sink,MinionRoster.TryForge,-4800
7,49,Material,sink,MinionRoster.TryForge,-64
7,49,DP,sink,MinionEvolution.TryEvolve,-14200
7,49,DP,sink,MinionRoster.TryEvolveIndividual,-49750
7,49,DP,sink,MinionRoster.TrySummon,-837
7,49,DP,source,AdventurerAI.ReapEmotion,184
7,49,DP,source,AdventurerAI.TakeDamage,88137
7,49,Material,source,AdventurerAI.TakeDamage,1253
7,49,DP,sink,CommandSystem.TryUse,-6050
7,49,DP,source,AdventurerAI.GrantReturnReward,13448
7,49,Fame,source,AdventurerAI.GrantReturnReward,440
7,49,Fame,source,LureEconomy.OnHeroEscaped,1100
7,49,DP,source,Nemesis.OnSlain,3944
7,49,Material,source,Nemesis.OnSlain,22
7,49,DP,stock,end,99699
7,49,Material,stock,end,15804
7,49,Fame,stock,end,36141
7,50,DP,source,SurfaceMap.CollectYields,212
7,50,Material,source,SurfaceMap.CollectYields,12
7,50,Fame,source,SurfaceMap.CollectYields,38
7,50,DP,source,DistrictCatalog.Collect,28
7,50,DP,source,EraSystem.TickTurn,9720
7,50,DP,sink,MinionRoster.TryForge,-4800
7,50,Material,sink,MinionRoster.TryForge,-64
7,50,DP,sink,DungeonFloorManager.TryAddFloor,-78125
7,50,DP,sink,DungeonFloorManager.TryExpandFloor,-5200
7,50,DP,sink,MinionEvolution.TryEvolve,-19050
7,50,DP,sink,MinionRoster.TryEvolveIndividual,-1550
7,50,DP,sink,DungeonFeatureManager.TryPlaceTrap,-750
7,50,DP,sink,MinionRoster.TrySummon,-144
7,50,DP,source,AdventurerAI.ReapEmotion,509
7,50,DP,sink,CommandSystem.TryUse,-4900
7,50,Fame,source,AdventurerAI.GrantReturnReward,510
7,50,Fame,source,LureEconomy.OnHeroEscaped,1275
7,50,DP,source,AdventurerAI.TakeDamage,36964
7,50,Material,source,AdventurerAI.TakeDamage,929
7,50,DP,source,AdventurerAI.GrantReturnReward,15127
7,50,DP,source,Nemesis.OnSlain,3333
7,50,Material,source,Nemesis.OnSlain,15
7,50,DP,stock,end,51073
7,50,Material,stock,end,16696
7,50,Fame,stock,end,37964
7,51,DP,source,SurfaceMap.CollectYields,262
7,51,Material,source,SurfaceMap.CollectYields,12
7,51,Fame,source,SurfaceMap.CollectYields,45
7,51,DP,source,DistrictCatalog.Collect,28
7,51,DP,source,EraSystem.TickTurn,9720
7,51,DP,sink,MinionRoster.TryForge,-4800
7,51,Material,sink,MinionRoster.TryForge,-64
7,51,DP,sink,MinionRoster.TryEvolveIndividual,-55450
7,51,DP,sink,DungeonFeatureManager.TryPlaceTrap,-600
7,51,DP,sink,MinionRoster.TrySummon,-233
7,51,DP,source,AdventurerAI.ReapEmotion,227
7,51,Fame,source,AdventurerAI.GrantReturnReward,440
7,51,Fame,source,LureEconomy.OnHeroEscaped,1100
7,51,DP,source,AdventurerAI.GrantReturnReward,11956
7,51,DP,sink,CommandSystem.TryUse,-5200
7,51,DP,source,AdventurerAI.TakeDamage,68511
7,51,Material,source,AdventurerAI.TakeDamage,1873
7,51,DP,stock,end,75494
7,51,Material,stock,end,18517
7,51,Fame,stock,end,39549
7,52,DP,source,SurfaceMap.CollectYields,262
7,52,Material,source,SurfaceMap.CollectYields,12
7,52,Fame,source,SurfaceMap.CollectYields,45
7,52,DP,source,DistrictCatalog.Collect,28
7,52,DP,source,EraSystem.TickTurn,16524
7,52,DP,sink,MinionRoster.TryForge,-52320
7,52,Material,sink,MinionRoster.TryForge,-730
7,52,DP,sink,MinionRoster.TryEvolveIndividual,-36950
7,52,DP,sink,DungeonFeatureManager.TryPlaceTrap,-2850
7,52,DP,sink,MinionRoster.TrySummon,-148
7,52,DP,source,AdventurerAI.ReapEmotion,218
7,52,DP,source,AdventurerAI.TakeDamage,75402
7,52,Material,source,AdventurerAI.TakeDamage,659
7,52,DP,sink,CommandSystem.TryUse,-6050
7,52,Fame,source,AdventurerAI.GrantReturnReward,300
7,52,Fame,source,LureEconomy.OnHeroEscaped,750
7,52,DP,source,AdventurerAI.GrantReturnReward,5248
7,52,DP,source,Nemesis.OnSlain,2533
7,52,Material,source,Nemesis.OnSlain,14
7,52,DP,stock,end,77391
7,52,Material,stock,end,18472
7,52,Fame,stock,end,40644
7,53,DP,source,SurfaceMap.CollectYields,262
7,53,Material,source,SurfaceMap.CollectYields,12
7,53,Fame,source,SurfaceMap.CollectYields,45
7,53,DP,source,DistrictCatalog.Collect,28
7,53,Material,source,DistrictCatalog.Collect,5
7,53,DP,source,EraSystem.TickTurn,9720
7,53,Material,source,EraSystem.TickTurn,124
7,53,DP,sink,MinionRoster.TryForge,-48960
7,53,Material,sink,MinionRoster.TryForge,-714
7,53,DP,sink,MinionRoster.TryEvolveIndividual,-36050
7,53,DP,sink,DungeonFeatureManager.TryPlaceTrap,-900
7,53,DP,sink,MinionRoster.TrySummon,-1440
7,53,DP,source,AdventurerAI.ReapEmotion,214
7,53,DP,source,AdventurerAI.TakeDamage,128590
7,53,Material,source,AdventurerAI.TakeDamage,1562
7,53,DP,sink,CommandSystem.TryUse,-6050
7,53,DP,source,AdventurerAI.GrantReturnReward,29939
7,53,Fame,source,AdventurerAI.GrantReturnReward,560
7,53,Fame,source,LureEconomy.OnHeroEscaped,1400
7,53,DP,source,Nemesis.OnSlain,4468
7,53,Material,source,Nemesis.OnSlain,24
7,53,DP,stock,end,157212
7,53,Material,stock,end,19485
7,53,Fame,stock,end,42649
7,54,DP,source,SurfaceMap.CollectYields,262
7,54,Material,source,SurfaceMap.CollectYields,12
7,54,Fame,source,SurfaceMap.CollectYields,45
7,54,DP,source,DistrictCatalog.Collect,28
7,54,Material,source,DistrictCatalog.Collect,5
7,54,DP,source,EraSystem.TickTurn,9720
7,54,Material,source,EraSystem.TickTurn,62
7,54,Fame,source,EraSystem.TickTurn,135
7,54,DP,sink,MinionRoster.TryForge,-120960
7,54,Material,sink,MinionRoster.TryForge,-1764
7,54,DP,sink,MinionRoster.TrySummon,-46233
7,54,DP,source,AdventurerAI.ReapEmotion,414
7,54,DP,sink,CommandSystem.TryUse,-6050
7,54,DP,source,AdventurerAI.TakeDamage,94476
7,54,Material,source,AdventurerAI.TakeDamage,1117
7,54,DP,source,AdventurerAI.GrantReturnReward,10302
7,54,Fame,source,AdventurerAI.GrantReturnReward,260
7,54,Fame,source,LureEconomy.OnHeroEscaped,650
7,54,DP,source,Nemesis.OnSlain,2673
7,54,Material,source,Nemesis.OnSlain,14
7,54,DP,stock,end,101844
7,54,Material,stock,end,18931
7,54,Fame,stock,end,43739
7,55,DP,source,SurfaceMap.CollectYields,245
7,55,Material,source,SurfaceMap.CollectYields,12
7,55,Fame,source,SurfaceMap.CollectYields,46
7,55,DP,source,DistrictCatalog.Collect,28
7,55,Material,source,DistrictCatalog.Collect,5
7,55,DP,source,EraSystem.TickTurn,9720
7,55,DP,sink,MinionRoster.TryForge,-109440
7,55,Material,sink,MinionRoster.TryForge,-1596
7,55,DP,sink,MinionRoster.TrySummon,-2376
7,55,DP,source,AdventurerAI.ReapEmotion,349
7,55,DP,sink,CommandSystem.TryUse,-6050
7,55,DP,source,AdventurerAI.TakeDamage,82069
7,55,Material,source,AdventurerAI.TakeDamage,604
7,55,DP,source,AdventurerAI.GrantReturnReward,24278
7,55,Fame,source,AdventurerAI.GrantReturnReward,490
7,55,Fame,source,LureEconomy.OnHeroEscaped,1225
7,55,DP,source,Nemesis.OnSlain,1118
7,55,Material,source,Nemesis.OnSlain,6
7,55,DP,stock,end,101785
7,55,Material,stock,end,17962
7,55,Fame,stock,end,45500
7,56,DP,source,SurfaceMap.CollectYields,264
7,56,Material,source,SurfaceMap.CollectYields,12
7,56,Fame,source,SurfaceMap.CollectYields,46
7,56,DP,source,DistrictCatalog.Collect,28
7,56,Material,source,DistrictCatalog.Collect,5
7,56,DP,source,EraSystem.TickTurn,11664
7,56,DP,sink,MinionRoster.TryForge,-110160
7,56,Material,sink,MinionRoster.TryForge,-1639
7,56,DP,sink,MinionRoster.TrySummon,-3558
7,56,DP,source,AdventurerAI.ReapEmotion,186
7,56,DP,source,AdventurerAI.TakeDamage,79302
7,56,Material,source,AdventurerAI.TakeDamage,1245
7,56,DP,sink,CommandSystem.TryUse,-6400
7,56,DP,source,AdventurerAI.GrantReturnReward,25031
7,56,Fame,source,AdventurerAI.GrantReturnReward,580
7,56,Fame,source,LureEconomy.OnHeroEscaped,1450
7,56,DP,stock,end,98142
7,56,Material,stock,end,17585
7,56,Fame,stock,end,47576
7,57,DP,source,SurfaceMap.CollectYields,264
7,57,Material,source,SurfaceMap.CollectYields,12
7,57,Fame,source,SurfaceMap.CollectYields,46
7,57,DP,source,DistrictCatalog.Collect,28
7,57,Material,source,DistrictCatalog.Collect,5
7,57,DP,sink,MinionRoster.TryForge,-93600
7,57,Material,sink,MinionRoster.TryForge,-1430
7,57,DP,sink,MinionRoster.TrySummon,-4830
7,57,DP,source,AdventurerAI.ReapEmotion,434
7,57,DP,sink,CommandSystem.TryUse,-6000
7,57,DP,source,AdventurerAI.GrantReturnReward,9504
7,57,Fame,source,AdventurerAI.GrantReturnReward,280
7,57,Fame,source,LureEconomy.OnHeroEscaped,700
7,57,DP,source,AdventurerAI.TakeDamage,35481
7,57,Material,source,AdventurerAI.TakeDamage,581
7,57,DP,source,Nemesis.OnSlain,1150
7,57,Material,source,Nemesis.OnSlain,6
7,57,DP,stock,end,40573
7,57,Material,stock,end,16759
7,57,Fame,stock,end,48602
7,58,DP,source,SurfaceMap.CollectYields,264
7,58,Material,source,SurfaceMap.CollectYields,12
7,58,Fame,source,SurfaceMap.CollectYields,46
7,58,DP,source,DistrictCatalog.Collect,28
7,58,Material,source,DistrictCatalog.Collect,5
7,58,DP,sink,MinionRoster.TryForge,-36000
7,58,Material,sink,MinionRoster.TryForge,-550
7,58,DP,sink,MinionRoster.TrySummon,-4826
7,58,DP,source,AdventurerAI.ReapEmotion,194
7,58,DP,source,AdventurerAI.GrantReturnReward,13901
7,58,Fame,source,AdventurerAI.GrantReturnReward,360
7,58,Fame,source,LureEconomy.OnHeroEscaped,900
7,58,DP,sink,CommandSystem.TryUse,-6050
7,58,DP,source,AdventurerAI.TakeDamage,99769
7,58,Material,source,AdventurerAI.TakeDamage,1283
7,58,DP,source,Nemesis.OnSlain,3141
7,58,Material,source,Nemesis.OnSlain,16
7,58,DP,stock,end,110994
7,58,Material,stock,end,17525
7,58,Fame,stock,end,49908
7,59,DP,source,SurfaceMap.CollectYields,215
7,59,Material,source,SurfaceMap.CollectYields,12
7,59,Fame,source,SurfaceMap.CollectYields,38
7,59,DP,source,DistrictCatalog.Collect,28
7,59,Material,source,DistrictCatalog.Collect,5
7,59,DP,sink,MinionRoster.TryForge,-108000
7,59,Material,sink,MinionRoster.TryForge,-1650
7,59,DP,sink,MinionRoster.TrySummon,-3193
7,59,DP,source,AdventurerAI.ReapEmotion,259
7,59,DP,sink,CommandSystem.TryUse,-6400
7,59,DP,source,AdventurerAI.TakeDamage,90175
7,59,Material,source,AdventurerAI.TakeDamage,815
7,59,DP,source,AdventurerAI.GrantReturnReward,21174
7,59,Fame,source,AdventurerAI.GrantReturnReward,370
7,59,Fame,source,LureEconomy.OnHeroEscaped,925
7,59,DP,source,Nemesis.OnSlain,5298
7,59,Material,source,Nemesis.OnSlain,26
7,59,DP,stock,end,110550
7,59,Material,stock,end,16733
7,59,Fame,stock,end,51241
8,1,DP,sink,DungeonFeatureManager.TryPlaceTrap,-150
8,1,DP,source,AdventurerAI.ReapEmotion,100
8,1,DP,source,AdventurerAI.TakeDamage,55
8,1,Material,source,AdventurerAI.TakeDamage,4
8,1,DP,source,AdventurerAI.GrantReturnReward,846
8,1,Fame,source,AdventurerAI.GrantReturnReward,40
8,1,Fame,source,LureEconomy.OnHeroEscaped,100
8,1,DP,sink,CommandSystem.TryUse,-650
8,1,DP,stock,end,401
8,1,Material,stock,end,4
8,1,Fame,stock,end,140
8,2,DP,source,SurfaceMap.CollectYields,18
8,2,Material,source,SurfaceMap.CollectYields,1
8,2,Fame,source,SurfaceMap.CollectYields,4
8,2,DP,source,EraSystem.TickTurn,600
8,2,Fame,source,EraSystem.TickTurn,25
8,2,DP,sink,MinionRoster.TryForge,-236
8,2,DP,sink,MinionEvolution.TryEvolve,-400
8,2,DP,sink,DungeonFeatureManager.TryPlaceTrap,-300
8,2,DP,sink,MinionRoster.TrySummon,-78
8,2,DP,source,AdventurerAI.ReapEmotion,121
8,2,DP,source,AdventurerAI.GrantReturnReward,1094
8,2,Fame,source,AdventurerAI.GrantReturnReward,50
8,2,Fame,source,LureEconomy.OnHeroEscaped,125
8,2,DP,sink,CommandSystem.TryUse,-1150
8,2,DP,stock,end,70
8,2,Material,stock,end,5
8,2,Fame,stock,end,344
8,3,DP,source,SurfaceMap.CollectYields,18
8,3,Material,source,SurfaceMap.CollectYields,1
8,3,Fame,source,SurfaceMap.CollectYields,4
8,3,DP,source,EraSystem.TickTurn,600
8,3,Material,source,EraSystem.TickTurn,10
8,3,Fame,source,EraSystem.TickTurn,25
8,3,DP,sink,MinionRoster.TryForge,-236
8,3,DP,sink,MinionRoster.TryEvolveIndividual,-150
8,3,DP,sink,DungeonFeatureManager.TryPlaceTrap,-150
8,3,DP,sink,MinionRoster.TrySummon,-136
8,3,DP,source,AdventurerAI.ReapEmotion,178
8,3,Fame,source,AdventurerAI.GrantReturnReward,10
8,3,Fame,source,LureEconomy.OnHeroEscaped,25
8,3,DP,source,AdventurerAI.TakeDamage,353
8,3,Material,source,AdventurerAI.TakeDamage,27
8,3,DP,source,Nemesis.OnSlain,437
8,3,Material,source,Nemesis.OnSlain,5
8,3,DP,sink,CommandSystem.TryUse,-650
8,3,DP,stock,end,334
8,3,Material,stock,end,48
8,3,Fame,stock,end,408
8,4,DP,source,SurfaceMap.CollectYields,18
8,4,Material,source,SurfaceMap.CollectYields,1
8,4,Fame,source,SurfaceMap.CollectYields,4
8,4,DP,source,EraSystem.TickTurn,600
8,4,DP,sink,MinionRoster.TryForge,-236
8,4,DP,sink,DungeonFloorManager.TryExpandFloor,-400
8,4,DP,sink,DungeonFeatureManager.TryPlaceTrap,-150
8,4,DP,sink,MinionRoster.TrySummon,-156
8,4,DP,source,AdventurerAI.ReapEmotion,124
8,4,DP,source,AdventurerAI.TakeDamage,726
8,4,Material,source,AdventurerAI.TakeDamage,32
8,4,Fame,source,AdventurerAI.GrantReturnReward,20
8,4,Fame,source,LureEconomy.OnHeroEscaped,50
8,4,DP,sink,CommandSystem.TryUse,-950
8,4,DP,source,Nemesis.OnSlain,908
8,4,Material,source,Nemesis.OnSlain,10
8,4,DP,source,AdventurerAI.GrantReturnReward,218
8,4,DP,stock,end,1036
8,4,Material,stock,end,91
8,4,Fame,stock,end,482
8,5,DP,source,SurfaceMap.CollectYields,18
8,5,Material,source,SurfaceMap.CollectYields,1
8,5,Fame,source,SurfaceMap.CollectYields,4
8,5,DP,source,EraSystem.TickTurn,600
8,5,Material,source,EraSystem.TickTurn,10
8,5,DP,sink,MinionRoster.TryForge,-212
8,5,DP,sink,DungeonFloorManager.TryAddFloor,-800
8,5,DP,sink,MinionEvolution.TryEvolve,-225
8,5,DP,sink,DungeonFeatureManager.TryPlaceTrap,-300
8,5,DP,sink,MinionRoster.TrySummon,-105
8,5,DP,source,AdventurerAI.ReapEmotion,215
8,5,DP,source,AdventurerAI.TakeDamage,407
8,5,Material,source,AdventurerAI.TakeDamage,28
8,5,DP,sink,CommandSystem.TryUse,-650
8,5,Fame,source,AdventurerAI.GrantReturnReward,30
8,5,Fame,source,LureEconomy.OnHeroEscaped,75
8,5,DP,source,Nemesis.OnSlain,470
8,5,Material,source,Nemesis.OnSlain,5
8,5,DP,stock,end,454
8,5,Material,stock,end,135
8,5,Fame,stock,end,591
8,6,DP,source,SurfaceMap.CollectYields,39
8,6,Material,source,SurfaceMap.CollectYields,2
8,6,Fame,source,SurfaceMap.CollectYields,9
8,6,DP,source,EraSystem.TickTurn,600
8,6,DP,sink,MinionRoster.TryForge,-318
8,6,DP,sink,DungeonFloorManager.TryExpandFloor,-400
8,6,DP,sink,DungeonFeatureManager.TryPlaceTrap,-300
8,6,DP,sink,MinionRoster.TrySummon,-68
8,6,DP,source,AdventurerAI.ReapEmotion,118
8,6,DP,source,AdventurerAI.TakeDamage,590
8,6,Material,source,AdventurerAI.TakeDamage,18
8,6,Fame,source,AdventurerAI.GrantReturnReward,20
8,6,Fame,source,LureEconomy.OnHeroEscaped,50
8,6,DP,source,Nemesis.OnSlain,972
8,6,Material,source,Nemesis.OnSlain,10
8,6,DP,sink,CommandSystem.TryUse,-1150
8,6,DP,stock,end,537
8,6,Material,stock,end,165
8,6,Fame,stock,end,670
8,7,DP,source,SurfaceMap.CollectYields,39
8,7,Material,source,SurfaceMap.CollectYields,2
8,7,Fame,source,SurfaceMap.CollectYields,9
8,7,DP,source,EraSystem.TickTurn,600
8,7,DP,sink,MinionRoster.TryForge,-212
8,7,DP,sink,MinionEvolution.TryEvolve,-525
8,7,DP,sink,DungeonFeatureManager.TryPlaceTrap,-150
8,7,DP,sink,MinionRoster.TrySummon,-279
8,7,DP,source,AdventurerAI.ReapEmotion,78
8,7,DP,source,AdventurerAI.TakeDamage,713
8,7,Material,source,AdventurerAI.TakeDamage,34
8,7,DP,sink,CommandSystem.TryUse,-1150
8,7,DP,source,AdventurerAI.GrantReturnReward,496
8,7,Fame,source,AdventurerAI.GrantReturnReward,20
8,7,Fame,source,LureEconomy.OnHeroEscaped,50
8,7,DP,stock,end,147
8,7,Material,stock,end,201
8,7,Fame,stock,end,749
8,8,DP,source,SurfaceMap.CollectYields,39
8,8,Material,source,SurfaceMap.CollectYields,2
8,8,Fame,source,SurfaceMap.CollectYields,9
8,8,DP,source,EraSystem.TickTurn,1020
8,8,DP,sink,MinionRoster.TryForge,-190
8,8,DP,sink,MinionEvolution.TryEvolve,-700
8,8,DP,sink,DungeonFeatureManager.TryPlaceTrap,-150
8,8,DP,sink,MinionRoster.TrySummon,-162
8,8,DP,source,AdventurerAI.ReapEmotion,124
8,8,DP,source,AdventurerAI.TakeDamage,1328
8,8,Material,source,AdventurerAI.TakeDamage,43
8,8,DP,sink,CommandSystem.TryUse,-1300
8,8,Fame,source,AdventurerAI.GrantReturnReward,40
8,8,Fame,source,LureEconomy.OnHeroEscaped,100
8,8,DP,source,AdventurerAI.GrantReturnReward,67
8,8,DP,source,Nemesis.OnSlain,1506
8,8,Material,source,Nemesis.OnSlain,15
8,8,DP,stock,end,1729
8,8,Material,stock,end,261
8,8,Fame,stock,end,898
8,9,DP,source,SurfaceMap.CollectYields,69
8,9,Material,source,SurfaceMap.CollectYields,3
8,9,Fame,source,SurfaceMap.CollectYields,17
8,9,DP,source,EraSystem.TickTurn,600
8,9,Fame,source,EraSystem.TickTurn,25
8,9,DP,sink,MinionRoster.TryForge,-190
8,9,DP,sink,DungeonFloorManager.TryExpandFloor,-1600
8,9,DP,sink,MinionEvolution.TryEvolve,-250
8,9,DP,sink,DungeonFeatureManager.TryPlaceTrap,-150
8,9,DP,sink,MinionRoster.TrySummon,-202
8,9,DP,source,AdventurerAI.ReapEmotion,124
8,9,DP,source,AdventurerAI.GrantReturnReward,1179
8,9,Fame,source,AdventurerAI.GrantReturnReward,50
8,9,Fame,source,LureEconomy.OnHeroEscaped,125
8,9,DP,sink,CommandSystem.TryUse,-1500
8,9,DP,source,AdventurerAI.TakeDamage,655
8,9,Material,source,AdventurerAI.TakeDamage,26
8,9,DP,source,Nemesis.OnSlain,1510
8,9,Material,source,Nemesis.OnSlain,14
8,9,DP,stock,end,1974
8,9,Material,stock,end,304
8,9,Fame,stock,end,1115
8,10,DP,source,SurfaceMap.CollectYields,79
8,10,Material,source,SurfaceMap.CollectYields,3
8,10,Fame,source,SurfaceMap.CollectYields,17
8,10,DP,source,EraSystem.TickTurn,600
8,10,DP,sink,MinionRoster.TryForge,-190
8,10,DP,sink,DungeonFloorManager.TryAddFloor,-2000
8,10,DP,sink,MinionRoster.TryEvolveIndividual,-150
8,10,DP,sink,DungeonFeatureManager.TryPlaceTrap,-150
8,10,DP,sink,MinionRoster.TrySummon,-153
8,10,DP,source,AdventurerAI.ReapEmotion,128
8,10,DP,source,AdventurerAI.GrantReturnReward,741
8,10,Fame,source,AdventurerAI.GrantReturnReward,20
8,10,Fame,source,LureEconomy.OnHeroEscaped,50
8,10,DP,sink,CommandSystem.TryUse,-2300
8,10,DP,source,AdventurerAI.TakeDamage,1248
8,10,Material,source,AdventurerAI.TakeDamage,68
8,10,DP,source,Nemesis.OnSlain,1070
8,10,Material,source,Nemesis.OnSlain,10
8,10,DP,stock,end,897
8,10,Material,stock,end,385
8,10,Fame,stock,end,1202
8,11,DP,source,SurfaceMap.CollectYields,79
8,11,Material,source,SurfaceMap.CollectYields,3
8,11,Fame,source,SurfaceMap.CollectYields,17
8,11,DP,source,EraSystem.TickTurn,720
8,11,DP,sink,MinionRoster.TryForge,-190
8,11,DP,sink,DungeonFloorManager.TryExpandFloor,-1200
8,11,DP,sink,DungeonFeatureManager.TryPlaceTrap,-150
8,11,DP,sink,MinionRoster.TrySummon,-131
8,11,DP,source,AdventurerAI.ReapEmotion,83
8,11,DP,source,AdventurerAI.TakeDamage,1038
8,11,Material,source,AdventurerAI.TakeDamage,73
8,11,DP,source,AdventurerAI.GrantReturnReward,1479
8,11,Fame,source,AdventurerAI.GrantReturnReward,60
8,11,Fame,source,LureEconomy.OnHeroEscaped,150
8,11,DP,sink,CommandSystem.TryUse,-1800
8,11,DP,source,Nemesis.OnSlain,551
8,11,Material,source,Nemesis.OnSlain,5
8,11,DP,stock,end,1376
8,11,Material,stock,end,466
8,11,Fame,stock,end,1429
8,12,DP,source,SurfaceMap.CollectYields,79
8,12,Material,source,SurfaceMap.CollectYields,3
8,12,Fame,source,SurfaceMap.CollectYields,17
8,12,DP,source,DistrictCatalog.Collect,98
8,12,DP,sink,MinionRoster.TryForge,-190
8,12,DP,sink,MinionEvolution.TryEvolve,-550
8,12,DP,sink,MinionRoster.TryEvolveIndividual,-475
8,12,DP,sink,DungeonFeatureManager.TryPlaceTrap,-150
8,12,DP,sink,MinionRoster.TrySummon,-167
8,12,DP,source,AdventurerAI.ReapEmotion,127
8,12,DP,source,AdventurerAI.GrantReturnReward,3204
8,12,Fame,source,AdventurerAI.GrantReturnReward,110
8,12,Fame,source,LureEconomy.OnHeroEscaped,275
8,12,DP,sink,CommandSystem.TryUse,-4750
8,12,DP,source,AdventurerAI.TakeDamage,1299
8,12,Material,source,AdventurerAI.TakeDamage,57
8,12,DP,source,Nemesis.OnSlain,1134
8,12,Material,source,Nemesis.OnSlain,10
8,12,DP,stock,end,1035
8,12,Material,stock,end,536
8,12,Fame,stock,end,1831
8,13,DP,source,SurfaceMap.CollectYields,80
8,13,Material,source,SurfaceMap.CollectYields,4
8,13,Fame,source,SurfaceMap.CollectYields,18
8,13,DP,source,DistrictCatalog.Collect,98
8,13,DP,sink,MinionRoster.TryForge,-190
8,13,DP,sink,MinionRoster.TryEvolveIndividual,-700
8,13,DP,sink,DungeonFeatureManager.TryPlaceTrap,-150
8,13,DP,sink,MinionRoster.TrySummon,-172
8,13,DP,source,AdventurerAI.ReapEmotion,243
8,13,DP,source,AdventurerAI.TakeDamage,720
8,13,Material,source,AdventurerAI.TakeDamage,52
8,13,DP,sink,CommandSystem.TryUse,-2400
8,13,Fame,source,AdventurerAI.GrantReturnReward,40
8,13,Fame,source,LureEconomy.OnHeroEscaped,100
8,13,DP,source,AdventurerAI.GrantReturnReward,1934
8,13,DP,source,Nemesis.OnSlain,616
8,13,Material,source,Nemesis.OnSlain,5
8,13,DP,stock,end,1114
8,13,Material,stock,end,597
8,13,Fame,stock,end,1989
8,14,DP,source,SurfaceMap.CollectYields,80
8,14,Material,source,SurfaceMap.CollectYields,4
8,14,Fame,source,SurfaceMap.CollectYields,18
8,14,DP,source,DistrictCatalog.Collect,98
8,14,DP,sink,MinionRoster.TryForge,-380
8,14,DP,sink,MinionRoster.TryEvolveIndividual,-550
8,14,DP,sink,DungeonFeatureManager.TryPlaceTrap,-150
8,14,DP,sink,MinionRoster.TrySummon,-210
8,14,DP,source,IncidentSystem.Apply,600
8,14,DP,sink,CommandSystem.TryUse,-2300
8,14,DP,source,AdventurerAI.ReapEmotion,203
8,14,DP,source,AdventurerAI.TakeDamage,1711
8,14,Material,source,AdventurerAI.TakeDamage,41
8,14,DP,source,AdventurerAI.GrantReturnReward,1259
8,14,Fame,source,AdventurerAI.GrantReturnReward,60
8,14,Fame,source,LureEconomy.OnHeroEscaped,150
8,14,DP,source,Nemesis.OnSlain,1419
8,14,Material,source,Nemesis.OnSlain,12
8,14,DP,stock,end,2894
8,14,Material,stock,end,654
8,14,Fame,stock,end,2217
8,15,DP,source,SurfaceMap.CollectYields,101
8,15,Material,source,SurfaceMap.CollectYields,5
8,15,Fame,source,SurfaceMap.CollectYields,23
8,15,DP,source,DistrictCatalog.Collect,98
8,15,DP,sink,MinionRoster.TryForge,-1087
8,15,DP,sink,DungeonFloorManager.TryExpandFloor,-1500
8,15,DP,sink,DungeonFeatureManager.TryPlaceTrap,-300
8,15,DP,sink,MinionRoster.TrySummon,-188
8,15,DP,source,AdventurerAI.ReapEmotion,150
8,15,DP,source,AdventurerAI.TakeDamage,3001
8,15,Material,source,AdventurerAI.TakeDamage,61
8,15,DP,sink,CommandSystem.TryUse,-1800
8,15,DP,source,AdventurerAI.GrantReturnReward,713
8,15,Fame,source,AdventurerAI.GrantReturnReward,50
8,15,Fame,source,LureEconomy.OnHeroEscaped,125
8,15,DP,source,Nemesis.OnSlain,1198
8,15,Material,source,Nemesis.OnSlain,10
8,15,DP,stock,end,3280
8,15,Material,stock,end,730
8,15,Fame,stock,end,2415
8,16,DP,source,SurfaceMap.CollectYields,101
8,16,Material,source,SurfaceMap.CollectYields,5
8,16,Fame,source,SurfaceMap.CollectYields,23
8,16,DP,source,DistrictCatalog.Collect,98
8,16,DP,source,EraSystem.TickTurn,300
8,16,DP,sink,MinionRoster.TryForge,-1822
8,16,DP,sink,DungeonFloorManager.TryExpandFloor,-1500
8,16,DP,sink,DungeonFeatureManager.TryPlaceTrap,-300
8,16,DP,sink,MinionRoster.TrySummon,-135
8,16,DP,source,AdventurerAI.ReapEmotion,131
8,16,DP,source,AdventurerAI.TakeDamage,2716
8,16,Material,source,AdventurerAI.TakeDamage,67
8,16,DP,sink,CommandSystem.TryUse,-2450
8,16,DP,source,AdventurerAI.GrantReturnReward,609
8,16,Fame,source,AdventurerAI.GrantReturnReward,30
8,16,Fame,source,LureEconomy.OnHeroEscaped,75
8,16,DP,source,Nemesis.OnSlain,1232
8,16,Material,source,Nemesis.OnSlain,10
8,16,DP,stock,end,2260
8,16,Material,stock,end,812
8,16,Fame,stock,end,2543
8,17,DP,source,SurfaceMap.CollectYields,83
8,17,Material,source,SurfaceMap.CollectYields,4
8,17,Fame,source,SurfaceMap.CollectYields,19
8,17,DP,source,DistrictCatalog.Collect,98
8,17,DP,source,EraSystem.TickTurn,720
8,17,DP,sink,MinionRoster.TryForge,-1006
8,17,DP,sink,DungeonFloorManager.TryExpandFloor,-1500
8,17,DP,sink,MinionRoster.TryEvolveIndividual,-250
8,17,DP,sink,DungeonFeatureManager.TryPlaceTrap,-150
8,17,DP,sink,MinionRoster.TrySummon,-242
8,17,DP,source,AdventurerAI.ReapEmotion,127
8,17,DP,source,AdventurerAI.TakeDamage,3949
8,17,Material,source,AdventurerAI.TakeDamage,111
8,17,DP,source,AdventurerAI.GrantReturnReward,2855
8,17,Fame,source,AdventurerAI.GrantReturnReward,100
8,17,Fame,source,LureEconomy.OnHeroEscaped,250
8,17,DP,sink,CommandSystem.TryUse,-3300
8,17,DP,source,Nemesis.OnSlain,2059
8,17,Material,source,Nemesis.OnSlain,14
8,17,DP,stock,end,5703
8,17,Material,stock,end,941
8,17,Fame,stock,end,2912
8,18,DP,source,SurfaceMap.CollectYields,83
8,18,Material,source,SurfaceMap.CollectYields,4
8,18,Fame,source,SurfaceMap.CollectYields,19
8,18,DP,source,DistrictCatalog.Collect,112
8,18,DP,sink,MinionRoster.TryForge,-190
8,18,DP,sink,DungeonFloorManager.TryAddFloor,-5000
8,18,DP,sink,DungeonFloorManager.TryExpandFloor,-400
8,18,DP,sink,DungeonFeatureManager.TryPlaceTrap,-150
8,18,DP,sink,MinionRoster.TrySummon,-142
8,18,DP,source,AdventurerAI.ReapEmotion,145
8,18,DP,source,AdventurerAI.TakeDamage,2345
8,18,Material,source,AdventurerAI.TakeDamage,49
8,18,DP,source,AdventurerAI.GrantReturnReward,2575
8,18,Fame,source,AdventurerAI.GrantReturnReward,110
8,18,Fame,source,LureEconomy.OnHeroEscaped,275
8,18,DP,sink,CommandSystem.TryUse,-2650
8,18,DP,source,Nemesis.OnSlain,898
8,18,Material,source,Nemesis.OnSlain,7
8,18,DP,stock,end,3329
8,18,Material,stock,end,1001
8,18,Fame,stock,end,3316
8,19,DP,source,SurfaceMap.CollectYields,104
8,19,Material,source,SurfaceMap.CollectYields,5
8,19,Fame,source,SurfaceMap.CollectYields,24
8,19,DP,source,DistrictCatalog.Collect,112
8,19,DP,sink,MinionRoster.TryForge,-2026
8,19,DP,sink,DungeonFloorManager.TryExpandFloor,-800
8,19,DP,sink,MinionRoster.TryEvolveIndividual,-250
8,19,DP,sink,DungeonFeatureManager.TryPlaceTrap,-300
8,19,DP,sink,MinionRoster.TrySummon,-142
8,19,DP,source,AdventurerAI.ReapEmotion,236
8,19,DP,source,AdventurerAI.TakeDamage,2321
8,19,Material,source,AdventurerAI.TakeDamage,40
8,19,DP,sink,CommandSystem.TryUse,-2950
8,19,DP,source,AdventurerAI.GrantReturnReward,3280
8,19,Fame,source,AdventurerAI.GrantReturnReward,140
8,19,Fame,source,LureEconomy.OnHeroEscaped,350
8,19,DP,source,Nemesis.OnSlain,1566
8,19,Material,source,Nemesis.OnSlain,12
8,19,DP,stock,end,4480
8,19,Material,stock,end,1058
8,19,Fame,stock,end,3830
8,20,DP,source,SurfaceMap.CollectYields,104
8,20,Material,source,SurfaceMap.CollectYields,5
8,20,Fame,source,SurfaceMap.CollectYields,24
8,20,DP,source,DistrictCatalog.Collect,126
8,20,DP,sink,MinionRoster.TryForge,-3848
8,20,DP,sink,MinionRoster.TryEvolveIndividual,-325
8,20,DP,sink,DungeonFeatureManager.TryPlaceTrap,-300
8,20,DP,sink,MinionRoster.TrySummon,-228
8,20,DP,source,AdventurerAI.ReapEmotion,182
8,20,DP,source,AdventurerAI.GrantReturnReward,3815
8,20,Fame,source,AdventurerAI.GrantReturnReward,320
8,20,Fame,source,LureEconomy.OnHeroEscaped,800
8,20,DP,sink,CommandSystem.TryUse,-4400
8,20,DP,source,AdventurerAI.TakeDamage,942
8,20,Material,source,AdventurerAI.TakeDamage,14
8,20,DP,stock,end,548
8,20,Material,stock,end,1077
8,20,Fame,stock,end,4974
8,21,DP,source,SurfaceMap.CollectYields,137
8,21,Material,source,SurfaceMap.CollectYields,5
8,21,Fame,source,SurfaceMap.CollectYields,29
8,21,DP,source,DistrictCatalog.Collect,140
8,21,DP,sink,MinionRoster.TryForge,-190
8,21,DP,sink,MinionRoster.TryEvolveIndividual,-325
8,21,DP,sink,DungeonFeatureManager.TryPlaceTrap,-150
8,21,DP,sink,MinionRoster.TrySummon,-150
8,21,DP,source,AdventurerAI.ReapEmotion,106
8,21,DP,source,AdventurerAI.GrantReturnReward,526
8,21,Fame,source,AdventurerAI.GrantReturnReward,20
8,21,Fame,source,LureEconomy.OnHeroEscaped,50
8,21,DP,sink,CommandSystem.TryUse,-1800
8,21,DP,source,AdventurerAI.TakeDamage,10334
8,21,Material,source,AdventurerAI.TakeDamage,100
8,21,DP,source,Nemesis.OnSlain,2298
8,21,Material,source,Nemesis.OnSlain,17
8,21,DP,stock,end,11474
8,21,Material,stock,end,1199
8,21,Fame,stock,end,5073
8,22,DP,source,SurfaceMap.CollectYields,167
8,22,Material,source,SurfaceMap.CollectYields,6
8,22,Fame,source,SurfaceMap.CollectYields,35
8,22,DP,source,DistrictCatalog.Collect,140
8,22,DP,sink,MinionRoster.TryForge,-9265
8,22,DP,sink,DungeonFloorManager.TryExpandFloor,-1500
8,22,DP,sink,MinionRoster.TryEvolveIndividual,-250
8,22,DP,sink,DungeonFeatureManager.TryPlaceTrap,-600
8,22,DP,sink,MinionRoster.TrySummon,-158
8,22,DP,source,AdventurerAI.ReapEmotion,142
8,22,Fame,source,AdventurerAI.GrantReturnReward,200
8,22,Fame,source,LureEconomy.OnHeroEscaped,500
8,22,DP,source,AdventurerAI.TakeDamage,5167
8,22,Material,source,AdventurerAI.TakeDamage,79
8,22,DP,sink,CommandSystem.TryUse,-5600
8,22,DP,source,AdventurerAI.GrantReturnReward,8192
8,22,DP,source,Nemesis.OnSlain,2287
8,22,Material,source,Nemesis.OnSlain,16
8,22,DP,stock,end,10196
8,22,Material,stock,end,1300
8,22,Fame,stock,end,5808
8,23,DP,source,SurfaceMap.CollectYields,194
8,23,Material,source,SurfaceMap.CollectYields,7
8,23,Fame,source,SurfaceMap.CollectYields,41
8,23,DP,source,DistrictCatalog.Collect,140
8,23,DP,sink,MinionRoster.TryForge,-9600
8,23,DP,sink,MinionRoster.TryEvolveIndividual,-250
8,23,DP,sink,DungeonFeatureManager.TryPlaceTrap,-450
8,23,DP,sink,MinionRoster.TrySummon,-226
8,23,DP,source,AdventurerAI.ReapEmotion,199
8,23,DP,source,AdventurerAI.TakeDamage,10867
8,23,Material,source,AdventurerAI.TakeDamage,84
8,23,DP,sink,CommandSystem.TryUse,-5100
8,23,DP,source,AdventurerAI.GrantReturnReward,8290
8,23,Fame,source,AdventurerAI.GrantReturnReward,180
8,23,Fame,source,LureEconomy.OnHeroEscaped,450
8,23,DP,source,Nemesis.OnSlain,1394
8,23,Material,source,Nemesis.OnSlain,10
8,23,DP,stock,end,15654
8,23,Material,stock,end,1401
8,23,Fame,stock,end,6479
8,24,DP,source,SurfaceMap.CollectYields,194
8,24,Material,source,SurfaceMap.CollectYields,7
8,24,Fame,source,SurfaceMap.CollectYields,41
8,24,DP,source,DistrictCatalog.Collect,126
8,24,DP,sink,MinionRoster.TryForge,-168
8,24,DP,sink,DungeonFloorManager.TryAddFloor,-12500
8,24,DP,sink,MinionEvolution.TryEvolve,-2925
8,24,DP,sink,DungeonFeatureManager.TryPlaceTrap,-150
8,24,DP,sink,MinionRoster.TrySummon,-221
8,24,DP,source,AdventurerAI.ReapEmotion,190
8,24,DP,source,AdventurerAI.TakeDamage,8927
8,24,Material,source,AdventurerAI.TakeDamage,138
8,24,DP,sink,CommandSystem.TryUse,-5950
8,24,DP,source,AdventurerAI.GrantReturnReward,12897
8,24,Fame,source,AdventurerAI.GrantReturnReward,230
8,24,Fame,source,LureEconomy.OnHeroEscaped,575
8,24,DP,source,Nemesis.OnSlain,2091
8,24,Material,source,Nemesis.OnSlain,14
8,24,DP,stock,end,18165
8,24,Material,stock,end,1560
8,24,Fame,stock,end,7325
8,25,DP,source,SurfaceMap.CollectYields,159
8,25,Material,source,SurfaceMap.CollectYields,7
8,25,Fame,source,SurfaceMap.CollectYields,34
8,25,DP,source,DistrictCatalog.Collect,28
8,25,DP,source,EraSystem.TickTurn,3840
8,25,DP,sink,MinionRoster.TryForge,-6588
8,25,DP,sink,DungeonFloorManager.TryExpandFloor,-1200
8,25,DP,sink,MinionEvolution.TryEvolve,-1975
8,25,DP,sink,MinionRoster.TryEvolveIndividual,-11350
8,25,Material,sink,MinionRoster.TryForge,-4
8,25,DP,sink,DungeonFeatureManager.TryPlaceTrap,-900
8,25,DP,sink,MinionRoster.TrySummon,-158
8,25,DP,source,AdventurerAI.ReapEmotion,282
8,25,DP,sink,CommandSystem.TryUse,-5200
8,25,DP,source,AdventurerAI.GrantReturnReward,11576
8,25,Fame,source,AdventurerAI.GrantReturnReward,380
8,25,Fame,source,LureEconomy.OnHeroEscaped,950
8,25,DP,source,AdventurerAI.TakeDamage,1402
8,25,Material,source,AdventurerAI.TakeDamage,8
8,25,DP,stock,end,8081
8,25,Material,stock,end,1571
8,25,Fame,stock,end,8689
8,26,DP,source,SurfaceMap.CollectYields,184
8,26,Material,source,SurfaceMap.CollectYields,8
8,26,Fame,source,SurfaceMap.CollectYields,39
8,26,DP,source,DistrictCatalog.Collect,28
8,26,DP,source,EraSystem.TickTurn,6528
8,26,DP,sink,MinionRoster.TryForge,-6330
8,26,DP,sink,DungeonFloorManager.TryExpandFloor,-6500
8,26,DP,sink,MinionRoster.TryEvolveIndividual,-1000
8,26,Material,sink,MinionRoster.TryForge,-18
8,26,DP,sink,DungeonFeatureManager.TryPlaceTrap,-750
8,26,DP,sink,MinionRoster.TrySummon,-231
8,26,DP,source,AdventurerAI.ReapEmotion,563
8,26,DP,source,AdventurerAI.GrantReturnReward,14940
8,26,Fame,source,AdventurerAI.GrantReturnReward,370
8,26,Fame,source,LureEconomy.OnHeroEscaped,925
8,26,DP,sink,CommandSystem.TryUse,-5600
8,26,DP,source,AdventurerAI.TakeDamage,5759
8,26,Material,source,AdventurerAI.TakeDamage,193
8,26,DP,source,Nemesis.OnSlain,1490
8,26,Material,source,Nemesis.OnSlain,10
8,26,DP,stock,end,17162
8,26,Material,stock,end,1764
8,26,Fame,stock,end,10023
8,27,DP,source,SurfaceMap.CollectYields,184
8,27,Material,source,SurfaceMap.CollectYields,8
8,27,Fame,source,SurfaceMap.CollectYields,39
8,27,DP,source,DistrictCatalog.Collect,28
8,27,DP,source,EraSystem.TickTurn,6528
8,27,DP,sink,MinionRoster.TryForge,-14880
8,27,DP,sink,DungeonFloorManager.TryExpandFloor,-7500
8,27,DP,sink,MinionRoster.TryEvolveIndividual,-775
8,27,Material,sink,MinionRoster.TryForge,-48
8,27,DP,sink,DungeonFeatureManager.TryPlaceTrap,-450
8,27,DP,sink,MinionRoster.TrySummon,-297
8,27,DP,source,AdventurerAI.ReapEmotion,304
8,27,DP,sink,CommandSystem.TryUse,-5100
8,27,DP,source,AdventurerAI.GrantReturnReward,15111
8,27,Fame,source,AdventurerAI.GrantReturnReward,450
8,27,Fame,source,LureEconomy.OnHeroEscaped,1125
8,27,DP,source,AdventurerAI.TakeDamage,3113
8,27,Material,source,AdventurerAI.TakeDamage,30
8,27,DP,source,Nemesis.OnSlain,1427
8,27,Material,source,Nemesis.OnSlain,9
8,27,DP,stock,end,14855
8,27,Material,stock,end,1763
8,27,Fame,stock,end,11637
8,28,DP,source,SurfaceMap.CollectYields,184
8,28,Material,source,SurfaceMap.CollectYields,8
8,28,Fame,source,SurfaceMap.CollectYields,39
8,28,DP,source,DistrictCatalog.Collect,28
8,28,DP,source,EraSystem.TickTurn,3840
8,28,DP,sink,MinionRoster.TryForge,-17730
8,28,DP,sink,MinionRoster.TryEvolveIndividual,-375
8,28,Material,sink,MinionRoster.TryForge,-58
8,28,DP,sink,DungeonFeatureManager.TryPlaceTrap,-600
8,28,DP,sink,MinionRoster.TrySummon,-172
8,28,DP,source,AdventurerAI.ReapEmotion,270
8,28,DP,sink,CommandSystem.TryUse,-4750
8,28,DP,source,AdventurerAI.GrantReturnReward,18042
8,28,Fame,source,AdventurerAI.GrantReturnReward,470
8,28,Fame,source,LureEconomy.OnHeroEscaped,1175
8,28,DP,source,AdventurerAI.TakeDamage,5667
8,28,Material,source,AdventurerAI.TakeDamage,59
8,28,DP,source,Nemesis.OnSlain,761
8,28,Material,source,Nemesis.OnSlain,5
8,28,DP,stock,end,20020
8,28,Material,stock,end,1777
8,28,Fame,stock,end,13321
8,29,DP,source,SurfaceMap.CollectYields,184
8,29,Material,source,SurfaceMap.CollectYields,8
8,29,Fame,source,SurfaceMap.CollectYields,39
8,29,DP,source,DistrictCatalog.Collect,28
8,29,DP,source,EraSystem.TickTurn,3840
8,29,DP,sink,MinionRoster.TryForge,-22500
8,29,DP,sink,MinionRoster.TryEvolveIndividual,-250
8,29,Material,sink,MinionRoster.TryForge,-172
8,29,DP,sink,DungeonFeatureManager.TryPlaceTrap,-1050
8,29,DP,sink,MinionRoster.TrySummon,-242
8,29,DP,source,AdventurerAI.ReapEmotion,243
8,29,Fame,source,AdventurerAI.GrantReturnReward,510
8,29,Fame,source,LureEconomy.OnHeroEscaped,1275
8,29,DP,source,AdventurerAI.GrantReturnReward,15792
8,29,DP,sink,CommandSystem.TryUse,-4900
8,29,DP,source,AdventurerAI.TakeDamage,2428
8,29,Material,source,AdventurerAI.TakeDamage,428
8,29,DP,stock,end,13593
8,29,Material,stock,end,2041
8,29,Fame,stock,end,15145
8,30,DP,source,SurfaceMap.CollectYields,184
8,30,Material,source,SurfaceMap.CollectYields,8
8,30,Fame,source,SurfaceMap.CollectYields,39
8,30,DP,source,DistrictCatalog.Collect,28
8,30,DP,source,EraSystem.TickTurn,6528
8,30,Material,source,EraSystem.TickTurn,32
8,30,DP,sink,MinionRoster.TryForge,-17700
8,30,DP,sink,MinionRoster.TryEvolveIndividual,-775
8,30,Material,sink,MinionRoster.TryForge,-132
8,30,DP,sink,DungeonFeatureManager.TryPlaceTrap,-1650
8,30,DP,sink,MinionRoster.TrySummon,-207
8,30,DP,source,AdventurerAI.ReapEmotion,196
8,30,DP,source,AdventurerAI.GrantReturnReward,23368
8,30,Fame,source,AdventurerAI.GrantReturnReward,500
8,30,Fame,source,LureEconomy.OnHeroEscaped,1250
8,30,DP,sink,CommandSystem.TryUse,-5700
8,30,DP,source,AdventurerAI.TakeDamage,4188
8,30,Material,source,AdventurerAI.TakeDamage,34
8,30,DP,stock,end,22053
8,30,Material,stock,end,1983
8,30,Fame,stock,end,16934
8,31,DP,source,SurfaceMap.CollectYields,184
8,31,Material,source,SurfaceMap.CollectYields,9
8,31,Fame,source,SurfaceMap.CollectYields,39
8,31,DP,source,DistrictCatalog.Collect,28
8,31,DP,source,EraSystem.TickTurn,3840
8,31,Material,source,EraSystem.TickTurn,74
8,31,DP,sink,MinionRoster.TryForge,-24420
8,31,DP,sink,MinionRoster.TryEvolveIndividual,-350
8,31,Material,sink,MinionRoster.TryForge,-188
8,31,DP,sink,DungeonFeatureManager.TryPlaceTrap,-1050
8,31,DP,sink,MinionRoster.TrySummon,-276
8,31,DP,source,AdventurerAI.ReapEmotion,210
8,31,DP,source,AdventurerAI.GrantReturnReward,19855
8,31,Fame,source,AdventurerAI.GrantReturnReward,450
8,31,Fame,source,LureEconomy.OnHeroEscaped,1125
8,31,DP,sink,CommandSystem.TryUse,-4900
8,31,DP,source,AdventurerAI.TakeDamage,8440
8,31,Material,source,AdventurerAI.TakeDamage,548
8,31,DP,stock,end,23614
8,31,Material,stock,end,2426
8,31,Fame,stock,end,18548
8,32,DP,source,SurfaceMap.CollectYields,184
8,32,Material,source,SurfaceMap.CollectYields,9
8,32,Fame,source,SurfaceMap.CollectYields,39
8,32,DP,source,DistrictCatalog.Collect,28
8,32,DP,source,EraSystem.TickTurn,6528
8,32,Fame,source,EraSystem.TickTurn,272
8,32,DP,sink,MinionRoster.TryForge,-27900
8,32,DP,sink,MinionRoster.TryEvolveIndividual,-325
8,32,Material,sink,MinionRoster.TryForge,-262
8,32,DP,sink,DungeonFeatureManager.TryPlaceTrap,-1950
8,32,DP,sink,MinionRoster.TrySummon,-144
8,32,DP,source,AdventurerAI.ReapEmotion,290
8,32,DP,sink,CommandSystem.TryUse,-5950
8,32,DP,source,AdventurerAI.TakeDamage,22106
8,32,Material,source,AdventurerAI.TakeDamage,712
8,32,DP,source,AdventurerAI.GrantReturnReward,10619
8,32,Fame,source,AdventurerAI.GrantReturnReward,280
8,32,Fame,source,LureEconomy.OnHeroEscaped,700
8,32,DP,source,Nemesis.OnSlain,2647
8,32,Material,source,Nemesis.OnSlain,18
8,32,DP,stock,end,29747
8,32,Material,stock,end,2903
8,32,Fame,stock,end,19839
8,33,DP,source,SurfaceMap.CollectYields,184
8,33,Material,source,SurfaceMap.CollectYields,9
8,33,Fame,source,SurfaceMap.CollectYields,39
8,33,DP,source,DistrictCatalog.Collect,28
8,33,DP,source,EraSystem.TickTurn,1920
8,33,DP,sink,MinionRoster.TryForge,-168
8,33,DP,sink,DungeonFloorManager.TryAddFloor,-31250
8,33,DP,sink,DungeonFeatureManager.TryPlaceTrap,-300
8,33,DP,sink,MinionRoster.TrySummon,-154
8,33,DP,source,AdventurerAI.ReapEmotion,118
8,33,DP,source,AdventurerAI.TakeDamage,24328
8,33,Material,source,AdventurerAI.TakeDamage,1001
8,33,DP,sink,CommandSystem.TryUse,-5600
8,33,DP,source,AdventurerAI.GrantReturnReward,18625
8,33,Fame,source,AdventurerAI.GrantReturnReward,640
8,33,Fame,source,LureEconomy.OnHeroEscaped,1600
8,33,DP,source,Nemesis.OnSlain,4092
8,33,Material,source,Nemesis.OnSlain,17
8,33,DP,stock,end,41570
8,33,Material,stock,end,3930
8,33,Fame,stock,end,22118
8,34,DP,source,SurfaceMap.CollectYields,161
8,34,Material,source,SurfaceMap.CollectYields,8
8,34,Fame,source,SurfaceMap.CollectYields,34
8,34,DP,source,DistrictCatalog.Collect,28
8,34,DP,sink,MinionRoster.TryForge,-37992
8,34,DP,sink,DungeonFloorManager.TryExpandFloor,-1200
8,34,DP,sink,MinionRoster.TryEvolveIndividual,-950
8,34,Material,sink,MinionRoster.TryForge,-382
8,34,DP,sink,DungeonFeatureManager.TryPlaceTrap,-1350
8,34,DP,sink,MinionRoster.TrySummon,-262
8,34,DP,source,AdventurerAI.ReapEmotion,125
8,34,DP,source,AdventurerAI.GrantReturnReward,16600
8,34,Fame,source,AdventurerAI.GrantReturnReward,320
8,34,Fame,source,LureEconomy.OnHeroEscaped,800
8,34,DP,sink,CommandSystem.TryUse,-5600
8,34,DP,source,AdventurerAI.TakeDamage,21426
8,34,Material,source,AdventurerAI.TakeDamage,696
8,34,DP,source,Nemesis.OnSlain,3746
8,34,Material,source,Nemesis.OnSlain,21
8,34,DP,stock,end,36302
8,34,Material,stock,end,4273
8,34,Fame,stock,end,23272
8,35,DP,source,SurfaceMap.CollectYields,161
8,35,Material,source,SurfaceMap.CollectYields,8
8,35,Fame,source,SurfaceMap.CollectYields,34
8,35,DP,source,DistrictCatalog.Collect,28
8,35,DP,sink,MinionRoster.TryForge,-32340
8,35,DP,sink,DungeonFloorManager.TryExpandFloor,-1500
8,35,DP,sink,MinionRoster.TryEvolveIndividual,-1125
8,35,Material,sink,MinionRoster.TryForge,-344
8,35,DP,sink,DungeonFeatureManager.TryPlaceTrap,-1350
8,35,DP,sink,MinionRoster.TrySummon,-150
8,35,DP,source,AdventurerAI.ReapEmotion,369
8,35,DP,sink,CommandSystem.TryUse,-6050
8,35,DP,source,AdventurerAI.GrantReturnReward,21419
8,35,Fame,source,AdventurerAI.GrantReturnReward,360
8,35,Fame,source,LureEconomy.OnHeroEscaped,900
8,35,DP,source,AdventurerAI.TakeDamage,25133
8,35,Material,source,AdventurerAI.TakeDamage,571
8,35,DP,stock,end,40897
8,35,Material,stock,end,4508
8,35,Fame,stock,end,24566
8,36,DP,source,SurfaceMap.CollectYields,161
8,36,Material,source,SurfaceMap.CollectYields,8
8,36,Fame,source,SurfaceMap.CollectYields,34
8,36,DP,source,DistrictCatalog.Collect,28
8,36,DP,sink,MinionRoster.TryForge,-38580
8,36,DP,sink,MinionRoster.TryEvolveIndividual,-225
8,36,Material,sink,MinionRoster.TryForge,-416
8,36,DP,sink,DungeonFeatureManager.TryPlaceTrap,-2100
8,36,DP,sink,MinionRoster.TrySummon,-150
8,36,DP,source,AdventurerAI.ReapEmotion,113
8,36,DP,source,AdventurerAI.GrantReturnReward,13934
8,36,Fame,source,AdventurerAI.GrantReturnReward,320
8,36,Fame,source,LureEconomy.OnHeroEscaped,800
8,36,DP,sink,CommandSystem.TryUse,-5600
8,36,DP,source,AdventurerAI.TakeDamage,21762
8,36,Material,source,AdventurerAI.TakeDamage,604
8,36,DP,source,Nemesis.OnSlain,875
8,36,Material,source,Nemesis.OnSlain,6
8,36,DP,stock,end,31115
8,36,Material,stock,end,4710
8,36,Fame,stock,end,25720
8,37,DP,source,SurfaceMap.CollectYields,184
8,37,Material,source,SurfaceMap.CollectYields,9
8,37,Fame,source,SurfaceMap.CollectYields,39
8,37,DP,source,DistrictCatalog.Collect,28
8,37,DP,sink,MinionRoster.TryForge,-26100
8,37,DP,sink,DungeonFloorManager.TryExpandFloor,-2500
8,37,DP,sink,MinionRoster.TryEvolveIndividual,-600
8,37,Material,sink,MinionRoster.TryForge,-272
8,37,DP,sink,DungeonFeatureManager.TryPlaceTrap,-1950
8,37,DP,sink,MinionRoster.TrySummon,-156
8,37,DP,source,AdventurerAI.ReapEmotion,150
8,37,DP,source,AdventurerAI.GrantReturnReward,17237
8,37,Fame,source,AdventurerAI.GrantReturnReward,280
8,37,Fame,source,LureEconomy.OnHeroEscaped,700
8,37,DP,sink,CommandSystem.TryUse,-4750
8,37,DP,source,AdventurerAI.TakeDamage,14410
8,37,Material,source,AdventurerAI.TakeDamage,257
8,37,DP,source,Nemesis.OnSlain,1204
8,37,Material,source,Nemesis.OnSlain,8
8,37,DP,stock,end,28272
8,37,Material,stock,end,4712
8,37,Fame,stock,end,26739
8,38,DP,source,SurfaceMap.CollectYields,184
8,38,Material,source,SurfaceMap.CollectYields,9
8,38,Fame,source,SurfaceMap.CollectYields,39
8,38,DP,source,DistrictCatalog.Collect,28
8,38,DP,sink,MinionRoster.TryForge,-24180
8,38,DP,sink,MinionRoster.TryEvolveIndividual,-600
8,38,Material,sink,MinionRoster.TryForge,-280
8,38,DP,sink,DungeonFeatureManager.TryPlaceTrap,-3450
8,38,DP,sink,MinionRoster.TrySummon,-243
8,38,DP,source,AdventurerAI.ReapEmotion,320
8,38,DP,sink,CommandSystem.TryUse,-5600
8,38,DP,source,AdventurerAI.GrantReturnReward,13602
8,38,Fame,source,AdventurerAI.GrantReturnReward,360
8,38,Fame,source,LureEconomy.OnHeroEscaped,900
8,38,DP,source,AdventurerAI.TakeDamage,22398
8,38,Material,source,AdventurerAI.TakeDamage,572
8,38,DP,source,Nemesis.OnSlain,3763
8,38,Material,source,Nemesis.OnSlain,24
8,38,DP,stock,end,34494
8,38,Material,stock,end,5037
8,38,Fame,stock,end,28038
8,39,DP,source,SurfaceMap.CollectYields,183
8,39,Material,source,SurfaceMap.CollectYields,9
8,39,Fame,source,SurfaceMap.CollectYields,38
8,39,DP,source,DistrictCatalog.Collect,28
8,39,DP,sink,MinionRoster.TryForge,-31380
8,39,DP,sink,MinionRoster.TryEvolveIndividual,-725
8,39,Material,sink,MinionRoster.TryForge,-376
8,39,DP,sink,DungeonFeatureManager.TryPlaceTrap,-2400
8,39,DP,sink,MinionRoster.TrySummon,-162
8,39,DP,source,AdventurerAI.ReapEmotion,268
8,39,DP,sink,CommandSystem.TryUse,-4750
8,39,DP,source,AdventurerAI.GrantReturnReward,17072
8,39,Fame,source,AdventurerAI.GrantReturnReward,350
8,39,Fame,source,LureEconomy.OnHeroEscaped,875
8,39,DP,source,AdventurerAI.TakeDamage,25668
8,39,Material,source,AdventurerAI.TakeDamage,972
8,39,DP,source,Nemesis.OnSlain,907
8,39,Material,source,Nemesis.OnSlain,6
8,39,DP,stock,end,39203
8,39,Material,stock,end,5648
8,39,Fame,stock,end,29301
8,40,DP,source,SurfaceMap.CollectYields,183
8,40,Material,source,SurfaceMap.CollectYields,9
8,40,Fame,source,SurfaceMap.CollectYields,38
8,40,DP,source,DistrictCatalog.Collect,28
8,40,DP,sink,MinionRoster.TryForge,-36180
8,40,DP,sink,MinionRoster.TryEvolveIndividual,-225
8,40,Material,sink,MinionRoster.TryForge,-440
8,40,DP,sink,DungeonFeatureManager.TryPlaceTrap,-2850
8,40,DP,sink,MinionRoster.TrySummon,-122
8,40,DP,source,AdventurerAI.ReapEmotion,354
8,40,DP,sink,CommandSystem.TryUse,-5600
8,40,DP,source,AdventurerAI.GrantReturnReward,29922
8,40,Fame,source,AdventurerAI.GrantReturnReward,350
8,40,Fame,source,LureEconomy.OnHeroEscaped,875
8,40,DP,source,AdventurerAI.TakeDamage,29754
8,40,Material,source,AdventurerAI.TakeDamage,320
8,40,DP,source,Nemesis.OnSlain,3127
8,40,Material,source,Nemesis.OnSlain,18
8,40,DP,stock,end,57594
8,40,Material,stock,end,5555
8,40,Fame,stock,end,30564
8,41,DP,source,SurfaceMap.CollectYields,160
8,41,Material,source,SurfaceMap.CollectYields,8
8,41,Fame,source,SurfaceMap.CollectYields,33
8,41,DP,source,DistrictCatalog.Collect,28
8,41,DP,source,EraSystem.TickTurn,1920
8,41,DP,sink,MinionRoster.TryForge,-55380
8,41,DP,sink,MinionRoster.TryEvolveIndividual,-550
8,41,Material,sink,MinionRoster.TryForge,-696
8,41,DP,sink,DungeonFeatureManager.TryPlaceTrap,-150
8,41,DP,sink,MinionRoster.TrySummon,-3615
8,41,DP,source,AdventurerAI.ReapEmotion,117
8,41,DP,source,AdventurerAI.GrantReturnReward,18247
8,41,Fame,source,AdventurerAI.GrantReturnReward,290
8,41,Fame,source,LureEconomy.OnHeroEscaped,725
8,41,DP,sink,CommandSystem.TryUse,-4450
8,41,DP,source,AdventurerAI.TakeDamage,33276
8,41,Material,source,AdventurerAI.TakeDamage,1232
8,41,DP,source,Nemesis.OnSlain,940
8,41,Material,source,Nemesis.OnSlain,6
8,41,DP,stock,end,48137
8,41,Material,stock,end,6105
8,41,Fame,stock,end,31612
8,42,DP,source,SurfaceMap.CollectYields,160
8,42,Material,source,SurfaceMap.CollectYields,8
8,42,Fame,source,SurfaceMap.CollectYields,33
8,42,DP,source,DistrictCatalog.Collect,28
8,42,DP,sink,MinionRoster.TryForge,-21420
8,42,DP,sink,MinionRoster.TryEvolveIndividual,-975
8,42,Material,sink,MinionRoster.TryForge,-116
8,42,DP,sink,MinionRoster.TrySummon,-25518
8,42,DP,sink,CommandSystem.TryUse,-6250
8,42,DP,source,AdventurerAI.ReapEmotion,697
8,42,DP,source,AdventurerAI.GrantReturnReward,16051
8,42,Fame,source,AdventurerAI.GrantReturnReward,310
8,42,Fame,source,LureEconomy.OnHeroEscaped,775
8,42,DP,source,AdventurerAI.TakeDamage,28552
8,42,Material,source,AdventurerAI.TakeDamage,816
8,42,DP,source,Nemesis.OnSlain,2868
8,42,Material,source,Nemesis.OnSlain,18
8,42,DP,stock,end,42330
8,42,Material,stock,end,6831
8,42,Fame,stock,end,32730
8,43,DP,source,SurfaceMap.CollectYields,160
8,43,Material,source,SurfaceMap.CollectYields,8
8,43,Fame,source,SurfaceMap.CollectYields,33
8,43,DP,source,DistrictCatalog.Collect,28
8,43,DP,sink,MinionRoster.TryForge,-6120
8,43,DP,sink,MinionRoster.TrySummon,-36388
8,43,DP,source,AdventurerAI.ReapEmotion,393
8,43,DP,sink,CommandSystem.TryUse,-5200
8,43,DP,source,AdventurerAI.GrantReturnReward,33435
8,43,Fame,source,AdventurerAI.GrantReturnReward,520
8,43,Fame,source,LureEconomy.OnHeroEscaped,1300
8,43,DP,source,AdventurerAI.TakeDamage,46205
8,43,Material,source,AdventurerAI.TakeDamage,1257
8,43,DP,source,Nemesis.OnSlain,4278
8,43,Material,source,Nemesis.OnSlain,17
8,43,DP,stock,end,79121
8,43,Material,stock,end,8113
8,43,Fame,stock,end,34583
8,44,DP,source,SurfaceMap.CollectYields,183
8,44,Material,source,SurfaceMap.CollectYields,9
8,44,Fame,source,SurfaceMap.CollectYields,38
8,44,DP,source,DistrictCatalog.Collect,28
8,44,DP,sink,MinionRoster.TryForge,-18030
8,44,Material,sink,MinionRoster.TryForge,-26
8,44,DP,sink,MinionRoster.TrySummon,-60175
8,44,DP,sink,CommandSystem.TryUse,-5400
8,44,DP,source,AdventurerAI.ReapEmotion,313
8,44,DP,source,AdventurerAI.GrantReturnReward,23510
8,44,Fame,source,AdventurerAI.GrantReturnReward,420
8,44,Fame,source,LureEconomy.OnHeroEscaped,1050
8,44,DP,source,AdventurerAI.TakeDamage,30542
8,44,Material,source,AdventurerAI.TakeDamage,367
8,44,DP,source,Nemesis.OnSlain,972
8,44,Material,source,Nemesis.OnSlain,6
8,44,DP,stock,end,51064
8,44,Material,stock,end,8469
8,44,Fame,stock,end,36091
8,45,DP,source,SurfaceMap.CollectYields,183
8,45,Material,source,SurfaceMap.CollectYields,9
8,45,Fame,source,SurfaceMap.CollectYields,38
8,45,DP,source,DistrictCatalog.Collect,28
8,45,DP,sink,MinionRoster.TryForge,-33690
8,45,Material,sink,MinionRoster.TryForge,-234
8,45,DP,sink,MinionRoster.TrySummon,-17560
8,45,DP,source,AdventurerAI.ReapEmotion,563
8,45,DP,sink,CommandSystem.TryUse,-5700
8,45,Fame,source,AdventurerAI.GrantReturnReward,240
8,45,Fame,source,LureEconomy.OnHeroEscaped,600
8,45,DP,source,AdventurerAI.TakeDamage,46357
8,45,Material,source,AdventurerAI.TakeDamage,6116
8,45,DP,source,AdventurerAI.GrantReturnReward,20301
8,45,DP,source,Nemesis.OnSlain,6939
8,45,Material,source,Nemesis.OnSlain,31
8,45,DP,stock,end,68485
8,45,Material,stock,end,14391
8,45,Fame,stock,end,36969
8,46,DP,source,SurfaceMap.CollectYields,183
8,46,Material,source,SurfaceMap.CollectYields,9
8,46,Fame,source,SurfaceMap.CollectYields,38
8,46,DP,source,DistrictCatalog.Collect,28
8,46,DP,sink,MinionRoster.TryForge,-63360
8,46,Material,sink,MinionRoster.TryForge,-720
8,46,DP,sink,MinionRoster.TrySummon,-5312
8,46,DP,source,AdventurerAI.ReapEmotion,422
8,46,DP,sink,CommandSystem.TryUse,-5050
8,46,DP,source,AdventurerAI.GrantReturnReward,21026
8,46,Fame,source,AdventurerAI.GrantReturnReward,290
8,46,Fame,source,LureEconomy.OnHeroEscaped,725
8,46,DP,source,AdventurerAI.TakeDamage,33123
8,46,Material,source,AdventurerAI.TakeDamage,652
8,46,DP,source,Nemesis.OnSlain,1346
8,46,Material,source,Nemesis.OnSlain,8
8,46,DP,stock,end,50891
8,46,Material,stock,end,14340
8,46,Fame,stock,end,38022
8,47,DP,source,SurfaceMap.CollectYields,229
8,47,Material,source,SurfaceMap.CollectYields,12
8,47,Fame,source,SurfaceMap.CollectYields,38
8,47,DP,source,DistrictCatalog.Collect,28
8,47,DP,sink,MinionRoster.TryForge,-4800
8,47,Material,sink,MinionRoster.TryForge,-64
8,47,DP,sink,MinionEvolution.TryEvolve,-9050
8,47,DP,sink,MinionRoster.TryEvolveIndividual,-36450
8,47,DP,sink,MinionRoster.TrySummon,-831
8,47,DP,source,AdventurerAI.ReapEmotion,120
8,47,DP,source,AdventurerAI.GrantReturnReward,19389
8,47,Fame,source,AdventurerAI.GrantReturnReward,360
8,47,Fame,source,LureEconomy.OnHeroEscaped,900
8,47,DP,sink,CommandSystem.TryUse,-6050
8,47,DP,source,Nemesis.OnSlain,3063
8,47,Material,source,Nemesis.OnSlain,18
8,47,DP,source,AdventurerAI.TakeDamage,26179
8,47,Material,source,AdventurerAI.TakeDamage,711
8,47,DP,stock,end,42718
8,47,Material,stock,end,15017
8,47,Fame,stock,end,39320
8,48,DP,source,SurfaceMap.CollectYields,229
8,48,Material,source,SurfaceMap.CollectYields,12
8,48,Fame,source,SurfaceMap.CollectYields,38
8,48,DP,source,DistrictCatalog.Collect,28
8,48,DP,source,EraSystem.TickTurn,9720
8,48,DP,sink,MinionRoster.TryForge,-36000
8,48,Material,sink,MinionRoster.TryForge,-480
8,48,DP,sink,MinionRoster.TryEvolveIndividual,-12750
8,48,DP,sink,MinionRoster.TrySummon,-3913
8,48,DP,source,AdventurerAI.ReapEmotion,278
8,48,DP,sink,CommandSystem.TryUse,-5600
8,48,DP,source,AdventurerAI.GrantReturnReward,4909
8,48,Fame,source,AdventurerAI.GrantReturnReward,100
8,48,Fame,source,LureEconomy.OnHeroEscaped,250
8,48,DP,source,Nemesis.OnSlain,4253
8,48,Material,source,Nemesis.OnSlain,24
8,48,DP,source,AdventurerAI.TakeDamage,21379
8,48,Material,source,AdventurerAI.TakeDamage,522
8,48,DP,stock,end,25251
8,48,Material,stock,end,15095
8,48,Fame,stock,end,39708
8,49,DP,source,SurfaceMap.CollectYields,261
8,49,Material,source,SurfaceMap.CollectYields,12
8,49,Fame,source,SurfaceMap.CollectYields,46
8,49,DP,source,DistrictCatalog.Collect,28
8,49,DP,source,EraSystem.TickTurn,9720
8,49,DP,sink,MinionRoster.TryForge,-31200
8,49,Material,sink,MinionRoster.TryForge,-416
8,49,DP,sink,MinionRoster.TrySummon,-4047
8,49,DP,source,IncidentSystem.Apply,600
8,49,DP,sink,CommandSystem.TryUse,-5950
8,49,DP,source,AdventurerAI.ReapEmotion,145
8,49,DP,source,AdventurerAI.TakeDamage,44559
8,49,Material,source,AdventurerAI.TakeDamage,959
8,49,DP,source,AdventurerAI.GrantReturnReward,7693
8,49,Fame,source,AdventurerAI.GrantReturnReward,150
8,49,Fame,source,LureEconomy.OnHeroEscaped,375
8,49,DP,source,Nemesis.OnSlain,1037
8,49,Material,source,Nemesis.OnSlain,6
8,49,DP,stock,end,48097
8,49,Material,stock,end,15656
8,49,Fame,stock,end,40279
8,50,DP,source,SurfaceMap.CollectYields,261
8,50,Material,source,SurfaceMap.CollectYields,12
8,50,Fame,source,SurfaceMap.CollectYields,46
8,50,DP,source,DistrictCatalog.Collect,28
8,50,DP,source,EraSystem.TickTurn,9720
8,50,DP,sink,MinionRoster.TryForge,-4800
8,50,Material,sink,MinionRoster.TryForge,-64
8,50,DP,sink,MinionEvolution.TryEvolve,-14200
8,50,DP,sink,MinionRoster.TryEvolveIndividual,-37700
8,50,DP,sink,MinionRoster.TrySummon,-1395
8,50,DP,source,AdventurerAI.ReapEmotion,752
8,50,DP,sink,CommandSystem.TryUse,-6050
8,50,DP,source,AdventurerAI.TakeDamage,67270
8,50,Material,source,AdventurerAI.TakeDamage,848
8,50,DP,source,Nemesis.OnSlain,3159
8,50,Material,source,Nemesis.OnSlain,18
8,50,DP,source,AdventurerAI.GrantReturnReward,8470
8,50,Fame,source,AdventurerAI.GrantReturnReward,170
8,50,Fame,source,LureEconomy.OnHeroEscaped,425
8,50,DP,stock,end,73612
8,50,Material,stock,end,16470
8,50,Fame,stock,end,40920
8,51,DP,source,SurfaceMap.CollectYields,229
8,51,Material,source,SurfaceMap.CollectYields,10
8,51,Fame,source,SurfaceMap.CollectYields,40
8,51,DP,source,DistrictCatalog.Collect,28
8,51,DP,source,EraSystem.TickTurn,9720
8,51,DP,sink,MinionRoster.TryForge,-4800
8,51,Material,sink,MinionRoster.TryForge,-64
8,51,DP,sink,DungeonFloorManager.TryAddFloor,-78125
8,51,DP,sink,DungeonFeatureManager.TryPlaceTrap,-450
8,51,DP,sink,MinionRoster.TrySummon,-192
8,51,DP,source,AdventurerAI.ReapEmotion,524
8,51,DP,sink,CommandSystem.TryUse,-5600
8,51,DP,source,AdventurerAI.TakeDamage,47698
8,51,Material,source,AdventurerAI.TakeDamage,1019
8,51,DP,source,AdventurerAI.GrantReturnReward,11215
8,51,Fame,source,AdventurerAI.GrantReturnReward,250
8,51,Fame,source,LureEconomy.OnHeroEscaped,625
8,51,DP,source,Nemesis.OnSlain,3974
8,51,Material,source,Nemesis.OnSlain,22
8,51,DP,stock,end,57833
8,51,Material,stock,end,17457
8,51,Fame,stock,end,41835
8,52,DP,source,SurfaceMap.CollectYields,229
8,52,Material,source,SurfaceMap.CollectYields,10
8,52,Fame,source,SurfaceMap.CollectYields,40
8,52,DP,source,DistrictCatalog.Collect,28
8,52,DP,source,EraSystem.TickTurn,16524
8,52,DP,sink,MinionRoster.TryForge,-4800
8,52,Material,sink,MinionRoster.TryForge,-64
8,52,DP,sink,DungeonFloorManager.TryExpandFloor,-5200
8,52,DP,sink,MinionEvolution.TryEvolve,-19050
8,52,DP,sink,MinionRoster.TryEvolveIndividual,-44400
8,52,DP,sink,DungeonFeatureManager.TryPlaceTrap,-900
8,52,DP,sink,MinionRoster.TrySummon,-233
8,52,DP,source,AdventurerAI.ReapEmotion,279
8,52,DP,sink,CommandSystem.TryUse,-5600
8,52,DP,source,AdventurerAI.TakeDamage,49571
8,52,Material,source,AdventurerAI.TakeDamage,864
8,52,DP,source,Nemesis.OnSlain,1085
8,52,Material,source,Nemesis.OnSlain,6
8,52,DP,source,AdventurerAI.GrantReturnReward,8583
8,52,Fame,source,AdventurerAI.GrantReturnReward,230
8,52,Fame,source,LureEconomy.OnHeroEscaped,575
8,52,DP,stock,end,53949
8,52,Material,stock,end,18273
8,52,Fame,stock,end,42680
8,53,DP,source,SurfaceMap.CollectYields,200
8,53,Material,source,SurfaceMap.CollectYields,10
8,53,Fame,source,SurfaceMap.CollectYields,33
8,53,DP,source,DistrictCatalog.Collect,28
8,53,Material,source,DistrictCatalog.Collect,6
8,53,DP,source,EraSystem.TickTurn,9720
8,53,Material,source,EraSystem.TickTurn,124
8,53,DP,sink,MinionRoster.TryForge,-16800
8,53,Material,sink,MinionRoster.TryForge,-224
8,53,DP,sink,MinionRoster.TryEvolveIndividual,-45000
8,53,DP,sink,DungeonFeatureManager.TryPlaceTrap,-1800
8,53,DP,sink,MinionRoster.TrySummon,-288
8,53,DP,source,AdventurerAI.ReapEmotion,257
8,53,DP,source,AdventurerAI.TakeDamage,78957
8,53,Material,source,AdventurerAI.TakeDamage,1114
8,53,DP,sink,CommandSystem.TryUse,-5600
8,53,DP,source,AdventurerAI.GrantReturnReward,23194
8,53,Fame,source,AdventurerAI.GrantReturnReward,590
8,53,Fame,source,LureEconomy.OnHeroEscaped,1475
8,53,DP,source,Nemesis.OnSlain,2170
8,53,Material,source,Nemesis.OnSlain,12
8,53,DP,stock,end,98987
8,53,Material,stock,end,19315
8,53,Fame,stock,end,44778
8,54,DP,source,SurfaceMap.CollectYields,229
8,54,Material,source,SurfaceMap.CollectYields,12
8,54,Fame,source,SurfaceMap.CollectYields,38
8,54,DP,source,DistrictCatalog.Collect,28
8,54,Material,source,DistrictCatalog.Collect,6
8,54,DP,source,EraSystem.TickTurn,9720
8,54,Material,source,EraSystem.TickTurn,62
8,54,Fame,source,EraSystem.TickTurn,135
8,54,DP,sink,MinionRoster.TryForge,-55200
8,54,Material,sink,MinionRoster.TryForge,-736
8,54,DP,sink,MinionRoster.TryEvolveIndividual,-51650
8,54,DP,sink,DungeonFeatureManager.TryPlaceTrap,-1800
8,54,DP,sink,MinionRoster.TrySummon,-297
8,54,DP,source,AdventurerAI.ReapEmotion,376
8,54,DP,sink,CommandSystem.TryUse,-5550
8,54,DP,source,AdventurerAI.TakeDamage,77221
8,54,Material,source,AdventurerAI.TakeDamage,1644
8,54,DP,source,AdventurerAI.GrantReturnReward,11805
8,54,Fame,source,AdventurerAI.GrantReturnReward,280
8,54,Fame,source,LureEconomy.OnHeroEscaped,700
8,54,DP,source,Nemesis.OnSlain,4080
8,54,Material,source,Nemesis.OnSlain,22
8,54,DP,stock,end,87949
8,54,Material,stock,end,20325
8,54,Fame,stock,end,45931
8,55,DP,source,SurfaceMap.CollectYields,261
8,55,Material,source,SurfaceMap.CollectYields,12
8,55,Fame,source,SurfaceMap.CollectYields,46
8,55,DP,source,DistrictCatalog.Collect,28
8,55,Material,source,DistrictCatalog.Collect,7
8,55,DP,source,EraSystem.TickTurn,9720
8,55,DP,sink,MinionRoster.TryForge,-95040
8,55,Material,sink,MinionRoster.TryForge,-1350
8,55,DP,sink,MinionRoster.TrySummon,-2889
8,55,DP,source,AdventurerAI.ReapEmotion,430
8,55,DP,sink,CommandSystem.TryUse,-5600
8,55,DP,source,AdventurerAI.TakeDamage,73570
8,55,Material,source,AdventurerAI.TakeDamage,633
8,55,DP,source,AdventurerAI.GrantReturnReward,13912
8,55,Fame,source,AdventurerAI.GrantReturnReward,230
8,55,Fame,source,LureEconomy.OnHeroEscaped,575
8,55,DP,source,Nemesis.OnSlain,1118
8,55,Material,source,Nemesis.OnSlain,6
8,55,DP,stock,end,83459
8,55,Material,stock,end,19633
8,55,Fame,stock,end,46782
8,56,DP,source,SurfaceMap.CollectYields,261
8,56,Material,source,SurfaceMap.CollectYields,12
8,56,Fame,source,SurfaceMap.CollectYields,46
8,56,DP,source,DistrictCatalog.Collect,28
8,56,Material,source,DistrictCatalog.Collect,7
8,56,DP,source,EraSystem.TickTurn,11664
8,56,DP,sink,MinionRoster.TryForge,-92160
8,56,Material,sink,MinionRoster.TryForge,-1344
8,56,DP,sink,MinionRoster.TrySummon,-3218
8,56,DP,source,AdventurerAI.ReapEmotion,288
8,56,DP,source,AdventurerAI.TakeDamage,68502
8,56,Material,source,AdventurerAI.TakeDamage,1446
8,56,DP,sink,CommandSystem.TryUse,-5600
8,56,DP,source,AdventurerAI.GrantReturnReward,13301
8,56,Fame,source,AdventurerAI.GrantReturnReward,260
8,56,Fame,source,LureEconomy.OnHeroEscaped,650
8,56,DP,source,Nemesis.OnSlain,3450
8,56,Material,source,Nemesis.OnSlain,18
8,56,DP,stock,end,79975
8,56,Material,stock,end,19772
8,56,Fame,stock,end,47738
8,57,DP,source,SurfaceMap.CollectYields,261
8,57,Material,source,SurfaceMap.CollectYields,12
8,57,Fame,source,SurfaceMap.CollectYields,46
8,57,DP,source,DistrictCatalog.Collect,28
8,57,Material,source,DistrictCatalog.Collect,7
8,57,DP,sink,MinionRoster.TryForge,-77760
8,57,Material,sink,MinionRoster.TryForge,-1134
8,57,DP,sink,MinionRoster.TrySummon,-2475
8,57,DP,source,AdventurerAI.ReapEmotion,199
8,57,DP,source,AdventurerAI.TakeDamage,38118
8,57,Material,source,AdventurerAI.TakeDamage,782
8,57,DP,sink,CommandSystem.TryUse,-5600
8,57,DP,source,AdventurerAI.GrantReturnReward,7232
8,57,Fame,source,AdventurerAI.GrantReturnReward,130
8,57,Fame,source,LureEconomy.OnHeroEscaped,325
8,57,DP,source,Nemesis.OnSlain,2680
8,57,Material,source,Nemesis.OnSlain,14
8,57,DP,stock,end,42658
8,57,Material,stock,end,19453
8,57,Fame,stock,end,48239
8,58,DP,source,SurfaceMap.CollectYields,261
8,58,Material,source,SurfaceMap.CollectYields,12
8,58,Fame,source,SurfaceMap.CollectYields,46
8,58,DP,source,DistrictCatalog.Collect,28
8,58,Material,source,DistrictCatalog.Collect,6
8,58,DP,sink,MinionRoster.TryForge,-40320
8,58,Material,sink,MinionRoster.TryForge,-588
8,58,DP,sink,MinionRoster.TrySummon,-2600
8,58,DP,source,AdventurerAI.ReapEmotion,212
8,58,Fame,source,AdventurerAI.GrantReturnReward,230
8,58,Fame,source,LureEconomy.OnHeroEscaped,575
8,58,DP,source,AdventurerAI.TakeDamage,78651
8,58,Material,source,AdventurerAI.TakeDamage,1617
8,58,DP,sink,CommandSystem.TryUse,-5600
8,58,DP,source,Nemesis.OnSlain,4147
8,58,Material,source,Nemesis.OnSlain,18
8,58,DP,source,AdventurerAI.GrantReturnReward,13060
8,58,DP,stock,end,90497
8,58,Material,stock,end,20518
8,58,Fame,stock,end,49090
8,59,DP,source,SurfaceMap.CollectYields,229
8,59,Material,source,SurfaceMap.CollectYields,12
8,59,Fame,source,SurfaceMap.CollectYields,38
8,59,DP,source,DistrictCatalog.Collect,28
8,59,Material,source,DistrictCatalog.Collect,6
8,59,DP,sink,MinionRoster.TryForge,-86400
8,59,Material,sink,MinionRoster.TryForge,-1260
8,59,DP,sink,MinionRoster.TrySummon,-4313
8,59,DP,source,AdventurerAI.ReapEmotion,406
8,59,DP,sink,CommandSystem.TryUse,-5100
8,59,DP,source,AdventurerAI.TakeDamage,78198
8,59,Material,source,AdventurerAI.TakeDamage,1468
8,59,DP,source,AdventurerAI.GrantReturnReward,10324
8,59,Fame,source,AdventurerAI.GrantReturnReward,270
8,59,Fame,source,LureEconomy.OnHeroEscaped,675
8,59,DP,source,Nemesis.OnSlain,1199
8,59,Material,source,Nemesis.OnSlain,6
8,59,DP,stock,end,85068
8,59,Material,stock,end,20750
8,59,Fame,stock,end,50073
8,60,DP,source,SurfaceMap.CollectYields,229
8,60,Material,source,SurfaceMap.CollectYields,12
8,60,Fame,source,SurfaceMap.CollectYields,38
8,60,DP,source,DistrictCatalog.Collect,28
8,60,Material,source,DistrictCatalog.Collect,6
8,60,DP,sink,MinionRoster.TryForge,-81360
8,60,Material,sink,MinionRoster.TryForge,-1239
8,60,DP,sink,MinionRoster.TrySummon,-3949
8,60,DP,source,AdventurerAI.ReapEmotion,640
8,60,DP,sink,CommandSystem.TryUse,-5600
8,60,DP,source,AdventurerAI.TakeDamage,104906
8,60,Material,source,AdventurerAI.TakeDamage,808
8,60,DP,source,Nemesis.OnSlain,3549
8,60,Material,source,Nemesis.OnSlain,18
8,60,DP,source,AdventurerAI.GrantReturnReward,12040
8,60,Fame,source,AdventurerAI.GrantReturnReward,150
8,60,Fame,source,LureEconomy.OnHeroEscaped,375
8,60,DP,stock,end,115551
8,60,Material,stock,end,20355
8,60,Fame,stock,end,50636
8,61,DP,source,SurfaceMap.CollectYields,229
8,61,Material,source,SurfaceMap.CollectYields,12
8,61,Fame,source,SurfaceMap.CollectYields,38
8,61,DP,source,DistrictCatalog.Collect,28
8,61,Material,source,DistrictCatalog.Collect,6
8,61,DP,sink,MinionRoster.TryForge,-111600
8,61,Material,sink,MinionRoster.TryForge,-1705
8,61,DP,sink,MinionRoster.TrySummon,-4193
8,61,DP,source,AdventurerAI.ReapEmotion,429
8,61,DP,sink,CommandSystem.TryUse,-5600
8,61,DP,source,AdventurerAI.TakeDamage,80757
8,61,Material,source,AdventurerAI.TakeDamage,647
8,61,DP,source,AdventurerAI.GrantReturnReward,5749
8,61,Fame,source,AdventurerAI.GrantReturnReward,100
8,61,Fame,source,LureEconomy.OnHeroEscaped,250
8,61,DP,source,Nemesis.OnSlain,6993
8,61,Material,source,Nemesis.OnSlain,29
8,61,DP,stock,end,88343
8,61,Material,stock,end,19344
8,61,Fame,stock,end,51024
8,62,DP,source,SurfaceMap.CollectYields,200
8,62,Material,source,SurfaceMap.CollectYields,10
8,62,Fame,source,SurfaceMap.CollectYields,33
8,62,DP,source,DistrictCatalog.Collect,28
8,62,Material,source,DistrictCatalog.Collect,6
8,62,DP,sink,MinionRoster.TryForge,-82800
8,62,Material,sink,MinionRoster.TryForge,-1265
8,62,DP,sink,MinionRoster.TrySummon,-5724
8,62,DP,source,AdventurerAI.ReapEmotion,202
8,62,DP,source,AdventurerAI.GrantReturnReward,12088
8,62,Fame,source,AdventurerAI.GrantReturnReward,260
8,62,Fame,source,LureEconomy.OnHeroEscaped,650
8,62,DP,sink,CommandSystem.TryUse,-5600
8,62,DP,source,AdventurerAI.TakeDamage,80451
8,62,Material,source,AdventurerAI.TakeDamage,2060
8,62,DP,source,Nemesis.OnSlain,2430
8,62,Material,source,Nemesis.OnSlain,12
8,62,DP,stock,end,89618
8,62,Material,stock,end,20167
8,62,Fame,stock,end,51967
8,63,DP,source,SurfaceMap.CollectYields,200
8,63,Material,source,SurfaceMap.CollectYields,10
8,63,Fame,source,SurfaceMap.CollectYields,33
8,63,DP,source,DistrictCatalog.Collect,28
8,63,Material,source,DistrictCatalog.Collect,6
8,63,DP,sink,MinionRoster.TryForge,-86400
8,63,Material,sink,MinionRoster.TryForge,-1320
8,63,DP,sink,MinionRoster.TrySummon,-3406
8,63,DP,source,AdventurerAI.ReapEmotion,289
8,63,DP,sink,CommandSystem.TryUse,-5600
8,63,Fame,source,AdventurerAI.GrantReturnReward,310
8,63,Fame,source,LureEconomy.OnHeroEscaped,775
8,63,DP,source,AdventurerAI.TakeDamage,68578
8,63,Material,source,AdventurerAI.TakeDamage,1039
8,63,DP,source,AdventurerAI.GrantReturnReward,16441
8,63,DP,source,Nemesis.OnSlain,4018
8,63,Material,source,Nemesis.OnSlain,18
8,63,DP,stock,end,83766
8,63,Material,stock,end,19920
8,63,Fame,stock,end,53085
8,64,DP,source,SurfaceMap.CollectYields,200
8,64,Material,source,SurfaceMap.CollectYields,10
8,64,Fame,source,SurfaceMap.CollectYields,33
8,64,DP,source,DistrictCatalog.Collect,28
8,64,Material,source,DistrictCatalog.Collect,6
8,64,DP,sink,MinionRoster.TryForge,-79200
8,64,Material,sink,MinionRoster.TryForge,-1210
8,64,DP,sink,MinionRoster.TrySummon,-4784
8,64,DP,source,AdventurerAI.ReapEmotion,267
8,64,DP,source,AdventurerAI.TakeDamage,62417
8,64,Material,source,AdventurerAI.TakeDamage,1137
8,64,DP,sink,CommandSystem.TryUse,-5750
8,64,DP,source,AdventurerAI.GrantReturnReward,16977
8,64,Fame,source,AdventurerAI.GrantReturnReward,360
8,64,Fame,source,LureEconomy.OnHeroEscaped,900
8,64,DP,source,Nemesis.OnSlain,1312
8,64,Material,source,Nemesis.OnSlain,6
8,64,DP,stock,end,75233
8,64,Material,stock,end,19869
8,64,Fame,stock,end,54378
8,65,DP,source,SurfaceMap.CollectYields,229
8,65,Material,source,SurfaceMap.CollectYields,12
8,65,Fame,source,SurfaceMap.CollectYields,38
8,65,DP,source,DistrictCatalog.Collect,28
8,65,Material,source,DistrictCatalog.Collect,6
8,65,DP,sink,MinionRoster.TryForge,-68400
8,65,Material,sink,MinionRoster.TryForge,-1085
8,65,DP,sink,MinionRoster.TrySummon,-7060
8,65,DP,source,AdventurerAI.ReapEmotion,640
8,65,DP,sink,CommandSystem.TryUse,-5600
8,65,DP,source,AdventurerAI.TakeDamage,120471
8,65,Material,source,AdventurerAI.TakeDamage,1203
8,65,DP,source,AdventurerAI.GrantReturnReward,13261
8,65,Fame,source,AdventurerAI.GrantReturnReward,210
8,65,Fame,source,LureEconomy.OnHeroEscaped,525
8,65,DP,source,Nemesis.OnSlain,1247
8,65,Material,source,Nemesis.OnSlain,6
8,65,DP,stock,end,130049
8,65,Material,stock,end,20011
8,65,Fame,stock,end,55151
8,66,DP,source,SurfaceMap.CollectYields,229
8,66,Material,source,SurfaceMap.CollectYields,12
8,66,Fame,source,SurfaceMap.CollectYields,38
8,66,DP,source,DistrictCatalog.Collect,28
8,66,Material,source,DistrictCatalog.Collect,6
8,66,DP,sink,MinionRoster.TryForge,-125280
8,66,Material,sink,MinionRoster.TryForge,-2030
8,66,DP,sink,MinionRoster.TrySummon,-4999
8,66,DP,source,AdventurerAI.ReapEmotion,261
8,66,DP,source,AdventurerAI.GrantReturnReward,19227
8,66,Fame,source,AdventurerAI.GrantReturnReward,580
8,66,Fame,source,LureEconomy.OnHeroEscaped,1450
8,66,DP,sink,CommandSystem.TryUse,-5600
8,66,DP,source,AdventurerAI.TakeDamage,57923
8,66,Material,source,AdventurerAI.TakeDamage,1317
8,66,DP,source,Nemesis.OnSlain,3039
8,66,Material,source,Nemesis.OnSlain,14
8,66,DP,stock,end,74877
8,66,Material,stock,end,19330
8,66,Fame,stock,end,57219
8,67,DP,source,SurfaceMap.CollectYields,229
8,67,Material,source,SurfaceMap.CollectYields,12
8,67,Fame,source,SurfaceMap.CollectYields,38
8,67,DP,source,DistrictCatalog.Collect,28
8,67,Material,source,DistrictCatalog.Collect,6
8,67,DP,sink,MinionRoster.TryForge,-69120
8,67,Material,sink,MinionRoster.TryForge,-1120
8,67,DP,sink,MinionRoster.TrySummon,-5979
8,67,DP,source,AdventurerAI.ReapEmotion,170
8,67,DP,source,AdventurerAI.GrantReturnReward,22138
8,67,Fame,source,AdventurerAI.GrantReturnReward,380
8,67,Fame,source,LureEconomy.OnHeroEscaped,950
8,67,DP,sink,CommandSystem.TryUse,-5600
8,67,DP,source,AdventurerAI.TakeDamage,77029
8,67,Material,source,AdventurerAI.TakeDamage,2671
8,67,DP,source,Nemesis.OnSlain,1280
8,67,Material,source,Nemesis.OnSlain,6
8,67,DP,stock,end,95052
8,67,Material,stock,end,20905
8,67,Fame,stock,end,58587
8,68,DP,source,SurfaceMap.CollectYields,200
8,68,Material,source,SurfaceMap.CollectYields,10
8,68,Fame,source,SurfaceMap.CollectYields,33
8,68,DP,source,DistrictCatalog.Collect,28
8,68,Material,source,DistrictCatalog.Collect,6
8,68,DP,sink,MinionRoster.TryForge,-90720
8,68,Material,sink,MinionRoster.TryForge,-1470
8,68,DP,sink,MinionRoster.TrySummon,-4504
8,68,DP,source,AdventurerAI.ReapEmotion,360
8,68,DP,sink,CommandSystem.TryUse,-5600
8,68,DP,source,AdventurerAI.GrantReturnReward,25050
8,68,Fame,source,AdventurerAI.GrantReturnReward,420
8,68,Fame,source,LureEconomy.OnHeroEscaped,1050
8,68,DP,source,AdventurerAI.TakeDamage,78902
8,68,Material,source,AdventurerAI.TakeDamage,2097
8,68,DP,source,Nemesis.OnSlain,2560
8,68,Material,source,Nemesis.OnSlain,12
8,68,DP,stock,end,101328
8,68,Material,stock,end,21560
8,68,Fame,stock,end,60090
