run,turn,resource,kind,key,amount
1,1,DP,sink,DungeonFeatureManager.TryPlaceTrap,-150
1,1,DP,source,AdventurerAI.ReapEmotion,98
1,1,DP,source,AdventurerAI.TakeDamage,436
1,1,Material,source,AdventurerAI.TakeDamage,26
1,1,DP,sink,CommandSystem.TryUse,-650
1,1,DP,source,AdventurerAI.GrantReturnReward,396
1,1,Fame,source,AdventurerAI.GrantReturnReward,20
1,1,Fame,source,LureEconomy.OnHeroEscaped,50
1,1,DP,stock,end,330
1,1,Material,stock,end,26
1,1,Fame,stock,end,70
1,2,DP,source,SurfaceMap.CollectYields,18
1,2,Material,source,SurfaceMap.CollectYields,1
1,2,Fame,source,SurfaceMap.CollectYields,4
1,2,DP,source,EraSystem.TickTurn,600
1,2,DP,sink,MinionRoster.TryForge,-236
1,2,DP,sink,DungeonFloorManager.TryExpandFloor,-400
1,2,DP,sink,DungeonFeatureManager.TryPlaceTrap,-150
1,2,DP,sink,MinionRoster.TrySummon,-162
1,2,DP,source,AdventurerAI.ReapEmotion,102
1,2,DP,source,AdventurerAI.TakeDamage,493
1,2,Material,source,AdventurerAI.TakeDamage,20
1,2,DP,sink,CommandSystem.TryUse,-1000
1,2,DP,source,AdventurerAI.GrantReturnReward,699
1,2,Fame,source,AdventurerAI.GrantReturnReward,30
1,2,Fame,source,LureEconomy.OnHeroEscaped,75
1,2,DP,stock,end,294
1,2,Material,stock,end,47
1,2,Fame,stock,end,179
1,3,DP,source,SurfaceMap.CollectYields,18
1,3,Material,source,SurfaceMap.CollectYields,1
1,3,Fame,source,SurfaceMap.CollectYields,4
1,3,DP,source,EraSystem.TickTurn,600
1,3,Material,source,EraSystem.TickTurn,10
1,3,DP,sink,MinionRoster.TryForge,-236
1,3,DP,sink,MinionEvolution.TryEvolve,-325
1,3,DP,sink,DungeonFeatureManager.TryPlaceTrap,-300
1,3,DP,sink,MinionRoster.TrySummon,-39
1,3,DP,source,AdventurerAI.ReapEmotion,118
1,3,DP,source,AdventurerAI.TakeDamage,657
1,3,Material,source,AdventurerAI.TakeDamage,31
1,3,Fame,source,AdventurerAI.GrantReturnReward,20
1,3,Fame,source,LureEconomy.OnHeroEscaped,50
1,3,DP,sink,CommandSystem.TryUse,-1150
1,3,DP,source,AdventurerAI.GrantReturnReward,108
1,3,DP,source,Nemesis.OnSlain,437
1,3,Material,source,Nemesis.OnSlain,5
1,3,DP,stock,end,182
1,3,Material,stock,end,94
1,3,Fame,stock,end,253
1,4,DP,source,SurfaceMap.CollectYields,18
1,4,Material,source,SurfaceMap.CollectYields,1
1,4,Fame,source,SurfaceMap.CollectYields,4
1,4,DP,source,EraSystem.TickTurn,600
1,4,Material,source,EraSystem.TickTurn,10
1,4,DP,sink,MinionRoster.TryForge,-236
1,4,DP,sink,MinionEvolution.TryEvolve,-225
1,4,DP,sink,DungeonFeatureManager.TryPlaceTrap,-300
1,4,DP,sink,MinionRoster.TrySummon,-20
1,4,DP,source,AdventurerAI.ReapEmotion,120
1,4,DP,source,AdventurerAI.TakeDamage,788
1,4,Material,source,AdventurerAI.TakeDamage,35
1,4,Fame,source,AdventurerAI.GrantReturnReward,30
1,4,Fame,source,LureEconomy.OnHeroEscaped,75
1,4,DP,source,AdventurerAI.GrantReturnReward,319
1,4,DP,sink,CommandSystem.TryUse,-950
1,4,DP,source,Nemesis.OnSlain,454
1,4,Material,source,Nemesis.OnSlain,5
1,4,DP,stock,end,750
1,4,Material,stock,end,145
1,4,Fame,stock,end,362
1,5,DP,source,SurfaceMap.CollectYields,18
1,5,Material,source,SurfaceMap.CollectYields,1
1,5,Fame,source,SurfaceMap.CollectYields,4
1,5,DP,source,EraSystem.TickTurn,600
1,5,DP,sink,MinionRoster.TryForge,-236
1,5,DP,sink,DungeonFloorManager.TryAddFloor,-800
1,5,DP,sink,DungeonFeatureManager.TryPlaceTrap,-150
1,5,DP,sink,MinionRoster.TrySummon,-168
1,5,DP,source,AdventurerAI.ReapEmotion,186
1,5,DP,source,AdventurerAI.TakeDamage,1118
1,5,Material,source,AdventurerAI.TakeDamage,25
1,5,DP,sink,CommandSystem.TryUse,-2250
1,5,DP,source,AdventurerAI.GrantReturnReward,727
1,5,Fame,source,AdventurerAI.GrantReturnReward,50
1,5,Fame,source,LureEconomy.OnHeroEscaped,125
1,5,DP,source,Nemesis.OnSlain,470
1,5,Material,source,Nemesis.OnSlain,5
1,5,DP,stock,end,265
1,5,Material,stock,end,176
1,5,Fame,stock,end,541
1,6,DP,source,SurfaceMap.CollectYields,38
1,6,Material,source,SurfaceMap.CollectYields,2
1,6,Fame,source,SurfaceMap.CollectYields,8
1,6,DP,source,EraSystem.TickTurn,600
1,6,DP,sink,MinionRoster.TryForge,-212
1,6,DP,sink,MinionEvolution.TryEvolve,-325
1,6,DP,sink,DungeonFeatureManager.TryPlaceTrap,-150
1,6,DP,sink,MinionRoster.TrySummon,-209
1,6,DP,source,AdventurerAI.ReapEmotion,184
1,6,DP,source,AdventurerAI.TakeDamage,999
1,6,Material,source,AdventurerAI.TakeDamage,42
1,6,DP,sink,CommandSystem.TryUse,-2750
1,6,DP,source,AdventurerAI.GrantReturnReward,1138
1,6,Fame,source,AdventurerAI.GrantReturnReward,60
1,6,Fame,source,LureEconomy.OnHeroEscaped,150
1,6,DP,source,Nemesis.OnSlain,972
1,6,Material,source,Nemesis.OnSlain,10
1,6,DP,stock,end,550
1,6,Material,stock,end,230
1,6,Fame,stock,end,759
1,7,DP,source,SurfaceMap.CollectYields,38
1,7,Material,source,SurfaceMap.CollectYields,2
1,7,Fame,source,SurfaceMap.CollectYields,8
1,7,DP,source,EraSystem.TickTurn,1020
1,7,DP,sink,MinionRoster.TryForge,-212
1,7,DP,sink,DungeonFloorManager.TryExpandFloor,-400
1,7,DP,sink,MinionEvolution.TryEvolve,-475
1,7,DP,sink,MinionRoster.TryEvolveIndividual,-175
1,7,DP,sink,DungeonFeatureManager.TryPlaceTrap,-150
1,7,DP,sink,MinionRoster.TrySummon,-185
1,7,DP,source,AdventurerAI.ReapEmotion,189
1,7,DP,source,AdventurerAI.TakeDamage,872
1,7,Material,source,AdventurerAI.TakeDamage,21
1,7,DP,sink,CommandSystem.TryUse,-1750
1,7,Fame,source,AdventurerAI.GrantReturnReward,80
1,7,Fame,source,LureEconomy.OnHeroEscaped,200
1,7,DP,source,AdventurerAI.GrantReturnReward,1151
1,7,DP,stock,end,473
1,7,Material,stock,end,253
1,7,Fame,stock,end,1047
1,8,DP,source,SurfaceMap.CollectYields,38
1,8,Material,source,SurfaceMap.CollectYields,2
1,8,Fame,source,SurfaceMap.CollectYields,8
1,8,DP,source,EraSystem.TickTurn,1020
1,8,Fame,source,EraSystem.TickTurn,25
1,8,DP,sink,MinionRoster.TryForge,-212
1,8,DP,sink,DungeonFloorManager.TryExpandFloor,-800
1,8,DP,sink,MinionRoster.TryEvolveIndividual,-200
1,8,DP,sink,DungeonFeatureManager.TryPlaceTrap,-150
1,8,DP,sink,MinionRoster.TrySummon,-162
1,8,DP,source,AdventurerAI.ReapEmotion,258
1,8,Fame,source,AdventurerAI.GrantReturnReward,140
1,8,Fame,source,LureEconomy.OnHeroEscaped,350
1,8,DP,source,AdventurerAI.TakeDamage,933
1,8,Material,source,AdventurerAI.TakeDamage,33
1,8,DP,sink,CommandSystem.TryUse,-1600
1,8,DP,source,AdventurerAI.GrantReturnReward,1772
1,8,DP,source,Nemesis.OnSlain,502
1,8,Material,source,Nemesis.OnSlain,5
1,8,DP,stock,end,1872
1,8,Material,stock,end,293
1,8,Fame,stock,end,1570
1,9,DP,source,SurfaceMap.CollectYields,44
1,9,Material,source,SurfaceMap.CollectYields,2
1,9,Fame,source,SurfaceMap.CollectYields,10
1,9,DP,source,EraSystem.TickTurn,600
1,9,Fame,source,EraSystem.TickTurn,50
1,9,DP,sink,MinionRoster.TryForge,-190
1,9,DP,sink,DungeonFloorManager.TryAddFloor,-2000
1,9,DP,sink,DungeonFeatureManager.TryPlaceTrap,-150
1,9,DP,sink,MinionRoster.TrySummon,-167
1,9,DP,source,IncidentSystem.Apply,600
1,9,DP,sink,CommandSystem.TryUse,-2550
1,9,DP,source,AdventurerAI.ReapEmotion,138
1,9,Fame,source,AdventurerAI.GrantReturnReward,200
1,9,Fame,source,LureEconomy.OnHeroEscaped,500
1,9,DP,source,AdventurerAI.GrantReturnReward,2520
1,9,DP,source,AdventurerAI.TakeDamage,167
1,9,Material,source,AdventurerAI.TakeDamage,14
1,9,DP,stock,end,884
1,9,Material,stock,end,309
1,9,Fame,stock,end,2330
1,10,DP,source,SurfaceMap.CollectYields,78
1,10,Material,source,SurfaceMap.CollectYields,3
1,10,Fame,source,SurfaceMap.CollectYields,16
1,10,DP,source,EraSystem.TickTurn,600
1,10,DP,sink,MinionRoster.TryForge,-190
1,10,DP,sink,DungeonFloorManager.TryExpandFloor,-400
1,10,DP,sink,MinionEvolution.TryEvolve,-500
1,10,DP,sink,MinionRoster.TryEvolveIndividual,-75
1,10,DP,sink,DungeonFeatureManager.TryPlaceTrap,-150
1,10,DP,sink,MinionRoster.TrySummon,-240
1,10,DP,source,AdventurerAI.ReapEmotion,148
1,10,DP,source,AdventurerAI.TakeDamage,1337
1,10,Material,source,AdventurerAI.TakeDamage,151
1,10,DP,sink,CommandSystem.TryUse,-4900
1,10,DP,source,AdventurerAI.GrantReturnReward,5195
1,10,Fame,source,AdventurerAI.GrantReturnReward,370
1,10,Fame,source,LureEconomy.OnHeroEscaped,925
1,10,DP,stock,end,1787
1,10,Material,stock,end,463
1,10,Fame,stock,end,3641
1,11,DP,source,SurfaceMap.CollectYields,78
1,11,Material,source,SurfaceMap.CollectYields,3
1,11,Fame,source,SurfaceMap.CollectYields,16
1,11,DP,sink,MinionRoster.TryForge,-190
1,11,DP,sink,DungeonFloorManager.TryExpandFloor,-800
1,11,DP,sink,MinionEvolution.TryEvolve,-250
1,11,DP,sink,MinionRoster.TryEvolveIndividual,-325
1,11,DP,sink,DungeonFeatureManager.TryPlaceTrap,-150
1,11,DP,sink,MinionRoster.TrySummon,-128
1,11,DP,source,AdventurerAI.ReapEmotion,192
1,11,DP,source,AdventurerAI.GrantReturnReward,5145
1,11,Fame,source,AdventurerAI.GrantReturnReward,200
1,11,Fame,source,LureEconomy.OnHeroEscaped,500
1,11,DP,sink,CommandSystem.TryUse,-5550
1,11,DP,source,AdventurerAI.TakeDamage,1945
1,11,Material,source,AdventurerAI.TakeDamage,121
1,11,DP,stock,end,1754
1,11,Material,stock,end,587
1,11,Fame,stock,end,4357
1,12,DP,source,SurfaceMap.CollectYields,78
1,12,Material,source,SurfaceMap.CollectYields,3
1,12,Fame,source,SurfaceMap.CollectYields,16
1,12,DP,source,DistrictCatalog.Collect,98
1,12,DP,sink,MinionRoster.TryForge,-190
1,12,DP,sink,MinionEvolution.TryEvolve,-550
1,12,DP,sink,MinionRoster.TryEvolveIndividual,-875
1,12,DP,sink,DungeonFeatureManager.TryPlaceTrap,-150
1,12,DP,sink,MinionRoster.TrySummon,-153
1,12,DP,source,AdventurerAI.ReapEmotion,134
1,12,DP,source,AdventurerAI.TakeDamage,2056
1,12,Material,source,AdventurerAI.TakeDamage,69
1,12,DP,sink,CommandSystem.TryUse,-4900
1,12,DP,source,AdventurerAI.GrantReturnReward,4448
1,12,Fame,source,AdventurerAI.GrantReturnReward,230
1,12,Fame,source,LureEconomy.OnHeroEscaped,575
1,12,DP,stock,end,1750
1,12,Material,stock,end,659
1,12,Fame,stock,end,5178
1,13,DP,source,SurfaceMap.CollectYields,59
1,13,Material,source,SurfaceMap.CollectYields,3
1,13,Fame,source,SurfaceMap.CollectYields,13
1,13,DP,source,DistrictCatalog.Collect,98
1,13,DP,sink,MinionRoster.TryForge,-380
1,13,DP,sink,DungeonFloorManager.TryExpandFloor,-800
1,13,DP,sink,MinionRoster.TryEvolveIndividual,-250
1,13,DP,sink,DungeonFeatureManager.TryPlaceTrap,-300
1,13,DP,sink,MinionRoster.TrySummon,-158
1,13,DP,source,AdventurerAI.ReapEmotion,216
1,13,DP,source,AdventurerAI.GrantReturnReward,6093
1,13,Fame,source,AdventurerAI.GrantReturnReward,250
1,13,Fame,source,LureEconomy.OnHeroEscaped,625
1,13,DP,sink,CommandSystem.TryUse,-4900
1,13,DP,source,AdventurerAI.TakeDamage,2415
1,13,Material,source,AdventurerAI.TakeDamage,61
1,13,DP,stock,end,3843
1,13,Material,stock,end,723
1,13,Fame,stock,end,6066
1,14,DP,source,SurfaceMap.CollectYields,59
1,14,Material,source,SurfaceMap.CollectYields,3
1,14,Fame,source,SurfaceMap.CollectYields,13
1,14,DP,source,DistrictCatalog.Collect,112
1,14,DP,source,EraSystem.TickTurn,300
1,14,DP,sink,MinionRoster.TryForge,-3862
1,14,DP,sink,DungeonFeatureManager.TryPlaceTrap,-300
1,14,DP,sink,MinionRoster.TrySummon,-128
1,14,DP,source,AdventurerAI.ReapEmotion,146
1,14,DP,source,AdventurerAI.TakeDamage,3654
1,14,Material,source,AdventurerAI.TakeDamage,94
1,14,DP,sink,CommandSystem.TryUse,-6000
1,14,DP,source,AdventurerAI.GrantReturnReward,4821
1,14,Fame,source,AdventurerAI.GrantReturnReward,250
1,14,Fame,source,LureEconomy.OnHeroEscaped,625
1,14,DP,stock,end,2645
1,14,Material,stock,end,820
1,14,Fame,stock,end,6954
1,15,DP,source,SurfaceMap.CollectYields,80
1,15,Material,source,SurfaceMap.CollectYields,4
1,15,Fame,source,SurfaceMap.CollectYields,18
1,15,DP,source,DistrictCatalog.Collect,112
1,15,DP,sink,MinionRoster.TryForge,-2026
1,15,DP,sink,MinionRoster.TryEvolveIndividual,-250
1,15,DP,sink,DungeonFeatureManager.TryPlaceTrap,-300
1,15,DP,sink,MinionRoster.TrySummon,-258
1,15,DP,source,AdventurerAI.ReapEmotion,158
1,15,DP,source,AdventurerAI.TakeDamage,5507
1,15,Material,source,AdventurerAI.TakeDamage,79
1,15,DP,sink,CommandSystem.TryUse,-6950
1,15,Fame,source,AdventurerAI.GrantReturnReward,90
1,15,Fame,source,LureEconomy.OnHeroEscaped,225
1,15,DP,source,AdventurerAI.GrantReturnReward,2940
1,15,DP,stock,end,1658
1,15,Material,stock,end,903
1,15,Fame,stock,end,7287
1,16,DP,source,SurfaceMap.CollectYields,82
1,16,Material,source,SurfaceMap.CollectYields,4
1,16,Fame,source,SurfaceMap.CollectYields,18
1,16,DP,source,DistrictCatalog.Collect,112
1,16,DP,source,WaveRoster.ResolveTrial,1200
1,16,DP,sink,MinionRoster.TryForge,-992
1,16,DP,sink,DungeonFloorManager.TryExpandFloor,-1500
1,16,DP,sink,DungeonFeatureManager.TryPlaceTrap,-300
1,16,DP,sink,MinionRoster.TrySummon,-243
1,16,DP,source,AdventurerAI.ReapEmotion,171
1,16,DP,source,AdventurerAI.TakeDamage,5947
1,16,Material,source,AdventurerAI.TakeDamage,101
1,16,DP,sink,CommandSystem.TryUse,-6850
1,16,DP,source,AdventurerAI.GrantReturnReward,7140
1,16,Fame,source,AdventurerAI.GrantReturnReward,250
1,16,Fame,source,LureEconomy.OnHeroEscaped,625
1,16,DP,stock,end,6425
1,16,Material,stock,end,1008
1,16,Fame,stock,end,8180
1,17,DP,source,SurfaceMap.CollectYields,82
1,17,Material,source,SurfaceMap.CollectYields,4
1,17,Fame,source,SurfaceMap.CollectYields,18
1,17,DP,source,DistrictCatalog.Collect,112
1,17,DP,source,EraSystem.TickTurn,720
1,17,DP,sink,MinionRoster.TryForge,-190
1,17,DP,sink,DungeonFloorManager.TryAddFloor,-5000
1,17,DP,sink,DungeonFloorManager.TryExpandFloor,-1200
1,17,DP,sink,MinionRoster.TryEvolveIndividual,-550
1,17,DP,sink,DungeonFeatureManager.TryPlaceTrap,-150
1,17,DP,sink,MinionRoster.TrySummon,-235
1,17,DP,source,AdventurerAI.ReapEmotion,381
1,17,DP,sink,CommandSystem.TryUse,-5550
1,17,DP,source,AdventurerAI.GrantReturnReward,10775
1,17,Fame,source,AdventurerAI.GrantReturnReward,300
1,17,Fame,source,LureEconomy.OnHeroEscaped,750
1,17,DP,source,AdventurerAI.TakeDamage,4434
1,17,Material,source,AdventurerAI.TakeDamage,31
1,17,DP,stock,end,10054
1,17,Material,stock,end,1043
1,17,Fame,stock,end,9248
1,18,DP,source,SurfaceMap.CollectYields,82
1,18,Material,source,SurfaceMap.CollectYields,4
1,18,Fame,source,SurfaceMap.CollectYields,18
1,18,DP,source,DistrictCatalog.Collect,126
1,18,DP,sink,MinionRoster.TryForge,-7918
1,18,DP,sink,DungeonFloorManager.TryExpandFloor,-1500
1,18,DP,sink,DungeonFeatureManager.TryPlaceTrap,-600
1,18,DP,sink,MinionRoster.TrySummon,-242
1,18,DP,source,AdventurerAI.ReapEmotion,450
1,18,DP,source,AdventurerAI.TakeDamage,9265
1,18,Material,source,AdventurerAI.TakeDamage,208
1,18,DP,sink,CommandSystem.TryUse,-6050
1,18,DP,source,AdventurerAI.GrantReturnReward,12318
1,18,Fame,source,AdventurerAI.GrantReturnReward,220
1,18,Fame,source,LureEconomy.OnHeroEscaped,550
1,18,DP,stock,end,15985
1,18,Material,stock,end,1255
1,18,Fame,stock,end,10036
1,19,DP,source,SurfaceMap.CollectYields,108
1,19,Material,source,SurfaceMap.CollectYields,4
1,19,Fame,source,SurfaceMap.CollectYields,22
1,19,DP,source,DistrictCatalog.Collect,140
1,19,DP,sink,MinionRoster.TryForge,-15556
1,19,Material,sink,MinionRoster.TryForge,-18
1,19,DP,sink,DungeonFeatureManager.TryPlaceTrap,-450
1,19,DP,sink,MinionRoster.TrySummon,-218
1,19,DP,source,IncidentSystem.Apply,600
1,19,DP,sink,CommandSystem.TryUse,-6050
1,19,DP,source,AdventurerAI.ReapEmotion,417
1,19,DP,source,AdventurerAI.TakeDamage,7262
1,19,Material,source,AdventurerAI.TakeDamage,117
1,19,DP,source,AdventurerAI.GrantReturnReward,11478
1,19,Fame,source,AdventurerAI.GrantReturnReward,290
1,19,Fame,source,LureEconomy.OnHeroEscaped,725
1,19,DP,stock,end,13716
1,19,Material,stock,end,1358
1,19,Fame,stock,end,11073
1,20,DP,source,SurfaceMap.CollectYields,138
1,20,Material,source,SurfaceMap.CollectYields,5
1,20,Fame,source,SurfaceMap.CollectYields,28
1,20,DP,source,DistrictCatalog.Collect,140
1,20,DP,sink,MinionRoster.TryForge,-11696
1,20,DP,sink,DungeonFloorManager.TryExpandFloor,-1500
1,20,Material,sink,MinionRoster.TryForge,-32
1,20,DP,sink,DungeonFeatureManager.TryPlaceTrap,-600
1,20,DP,sink,MinionRoster.TrySummon,-181
1,20,DP,source,AdventurerAI.ReapEmotion,608
1,20,DP,sink,CommandSystem.TryUse,-6200
1,20,DP,source,AdventurerAI.TakeDamage,4453
1,20,Material,source,AdventurerAI.TakeDamage,34
1,20,DP,source,AdventurerAI.GrantReturnReward,9141
1,20,Fame,source,AdventurerAI.GrantReturnReward,190
1,20,Fame,source,LureEconomy.OnHeroEscaped,475
1,20,DP,stock,end,8019
1,20,Material,stock,end,1365
1,20,Fame,stock,end,11766
1,21,DP,source,SurfaceMap.CollectYields,138
1,21,Material,source,SurfaceMap.CollectYields,5
1,21,Fame,source,SurfaceMap.CollectYields,28
1,21,DP,source,DistrictCatalog.Collect,140
1,21,DP,source,WaveRoster.ResolveTrial,1800
1,21,DP,sink,MinionRoster.TryForge,-9112
1,21,Material,sink,MinionRoster.TryForge,-24
1,21,DP,sink,DungeonFeatureManager.TryPlaceTrap,-750
1,21,DP,sink,MinionRoster.TrySummon,-227
1,21,DP,source,AdventurerAI.ReapEmotion,368
1,21,DP,source,AdventurerAI.GrantReturnReward,11999
1,21,Fame,source,AdventurerAI.GrantReturnReward,300
1,21,Fame,source,LureEconomy.OnHeroEscaped,750
1,21,DP,sink,CommandSystem.TryUse,-6050
1,21,DP,source,AdventurerAI.TakeDamage,10315
1,21,Material,source,AdventurerAI.TakeDamage,99
1,21,DP,stock,end,16640
1,21,Material,stock,end,1445
1,21,Fame,stock,end,12844
1,22,DP,source,SurfaceMap.CollectYields,138
1,22,Material,source,SurfaceMap.CollectYields,5
1,22,Fame,source,SurfaceMap.CollectYields,28
1,22,DP,source,DistrictCatalog.Collect,126
1,22,DP,sink,MinionRoster.TryForge,-14178
1,22,DP,sink,DungeonFloorManager.TryExpandFloor,-1500
1,22,DP,sink,MinionRoster.TryEvolveIndividual,-75
1,22,Material,sink,MinionRoster.TryForge,-54
1,22,DP,sink,DungeonFeatureManager.TryPlaceTrap,-900
1,22,DP,sink,MinionRoster.TrySummon,-248
1,22,DP,source,AdventurerAI.ReapEmotion,372
1,22,DP,source,AdventurerAI.TakeDamage,11352
1,22,Material,source,AdventurerAI.TakeDamage,370
1,22,DP,sink,CommandSystem.TryUse,-6050
1,22,DP,source,AdventurerAI.GrantReturnReward,10027
1,22,Fame,source,AdventurerAI.GrantReturnReward,320
1,22,Fame,source,LureEconomy.OnHeroEscaped,800
1,22,DP,stock,end,15704
1,22,Material,stock,end,1766
1,22,Fame,stock,end,13992
1,23,DP,source,SurfaceMap.CollectYields,105
1,23,Material,source,SurfaceMap.CollectYields,5
1,23,Fame,source,SurfaceMap.CollectYields,23
1,23,DP,source,DistrictCatalog.Collect,126
1,23,DP,sink,MinionRoster.TryForge,-14820
1,23,Material,sink,MinionRoster.TryForge,-108
1,23,DP,sink,DungeonFeatureManager.TryPlaceTrap,-900
1,23,DP,sink,MinionRoster.TrySummon,-213
1,23,DP,source,AdventurerAI.ReapEmotion,387
1,23,DP,sink,CommandSystem.TryUse,-6050
1,23,DP,source,AdventurerAI.TakeDamage,12512
1,23,Material,source,AdventurerAI.TakeDamage,78
1,23,DP,source,AdventurerAI.GrantReturnReward,17250
1,23,Fame,source,AdventurerAI.GrantReturnReward,330
1,23,Fame,source,LureEconomy.OnHeroEscaped,825
1,23,DP,stock,end,24101
1,23,Material,stock,end,1741
1,23,Fame,stock,end,15170
1,24,DP,source,SurfaceMap.CollectYields,105
1,24,Material,source,SurfaceMap.CollectYields,5
1,24,Fame,source,SurfaceMap.CollectYields,23
1,24,DP,source,DistrictCatalog.Collect,140
1,24,DP,sink,MinionRoster.TryForge,-168
1,24,DP,sink,DungeonFloorManager.TryAddFloor,-12500
1,24,DP,sink,MinionEvolution.TryEvolve,-4900
1,24,DP,sink,MinionRoster.TryEvolveIndividual,-6450
1,24,DP,sink,DungeonFeatureManager.TryPlaceTrap,-150
1,24,DP,sink,MinionRoster.TrySummon,-158
1,24,DP,source,AdventurerAI.ReapEmotion,434
1,24,DP,sink,CommandSystem.TryUse,-5600
1,24,DP,source,AdventurerAI.TakeDamage,21091
1,24,Material,source,AdventurerAI.TakeDamage,176
1,24,DP,source,AdventurerAI.GrantReturnReward,13642
1,24,Fame,source,AdventurerAI.GrantReturnReward,200
1,24,Fame,source,LureEconomy.OnHeroEscaped,500
1,24,DP,stock,end,29587
1,24,Material,stock,end,1922
1,24,Fame,stock,end,15893
1,25,DP,source,SurfaceMap.CollectYields,126
1,25,Material,source,SurfaceMap.CollectYields,6
1,25,Fame,source,SurfaceMap.CollectYields,28
1,25,DP,source,DistrictCatalog.Collect,28
1,25,DP,source,EraSystem.TickTurn,3840
1,25,DP,sink,MinionRoster.TryForge,-168
1,25,DP,sink,DungeonFloorManager.TryAddFloor,-31250
1,25,DP,sink,MinionRoster.TryEvolveIndividual,-1850
1,25,DP,sink,DungeonFeatureManager.TryPlaceTrap,-150
1,25,DP,sink,MinionRoster.TrySummon,-158
1,25,DP,source,AdventurerAI.ReapEmotion,434
1,25,DP,sink,CommandSystem.TryUse,-5100
1,25,DP,source,AdventurerAI.TakeDamage,17963
1,25,Material,source,AdventurerAI.TakeDamage,222
1,25,DP,source,AdventurerAI.GrantReturnReward,18019
1,25,Fame,source,AdventurerAI.GrantReturnReward,360
1,25,Fame,source,LureEconomy.OnHeroEscaped,900
1,25,DP,stock,end,31321
1,25,Material,stock,end,2150
1,25,Fame,stock,end,17181
1,26,DP,source,SurfaceMap.CollectYields,126
1,26,Material,source,SurfaceMap.CollectYields,6
1,26,Fame,source,SurfaceMap.CollectYields,28
1,26,DP,source,DistrictCatalog.Collect,28
1,26,DP,source,EraSystem.TickTurn,6528
1,26,DP,source,WaveRoster.ResolveTrial,3000
1,26,DP,sink,MinionRoster.TryForge,-27804
1,26,DP,sink,DungeonFloorManager.TryExpandFloor,-2400
1,26,DP,sink,MinionRoster.TryEvolveIndividual,-3100
1,26,Material,sink,MinionRoster.TryForge,-188
1,26,DP,sink,DungeonFeatureManager.TryPlaceTrap,-3600
1,26,DP,sink,MinionRoster.TrySummon,-4088
1,26,DP,source,AdventurerAI.ReapEmotion,261
1,26,DP,source,AdventurerAI.TakeDamage,28265
1,26,Material,source,AdventurerAI.TakeDamage,767
1,26,DP,sink,CommandSystem.TryUse,-4450
1,26,DP,source,AdventurerAI.GrantReturnReward,17102
1,26,Fame,source,AdventurerAI.GrantReturnReward,290
1,26,Fame,source,LureEconomy.OnHeroEscaped,725
1,26,DP,stock,end,41189
1,26,Material,stock,end,2735
1,26,Fame,stock,end,18224
1,27,DP,source,SurfaceMap.CollectYields,126
1,27,Material,source,SurfaceMap.CollectYields,6
1,27,Fame,source,SurfaceMap.CollectYields,28
1,27,DP,source,DistrictCatalog.Collect,28
1,27,DP,source,EraSystem.TickTurn,6528
1,27,DP,sink,MinionRoster.TryForge,-16716
1,27,DP,sink,DungeonFloorManager.TryExpandFloor,-10500
1,27,DP,sink,MinionRoster.TryEvolveIndividual,-1050
1,27,Material,sink,MinionRoster.TryForge,-36
1,27,DP,sink,DungeonFeatureManager.TryPlaceTrap,-4350
1,27,DP,sink,MinionRoster.TrySummon,-14976
1,27,DP,source,AdventurerAI.ReapEmotion,276
1,27,DP,sink,CommandSystem.TryUse,-5100
1,27,DP,source,AdventurerAI.TakeDamage,17453
1,27,Material,source,AdventurerAI.TakeDamage,158
1,27,DP,source,AdventurerAI.GrantReturnReward,15209
1,27,Fame,source,AdventurerAI.GrantReturnReward,460
1,27,Fame,source,LureEconomy.OnHeroEscaped,1150
1,27,DP,stock,end,28117
1,27,Material,stock,end,2863
1,27,Fame,stock,end,19862
1,28,DP,source,SurfaceMap.CollectYields,126
1,28,Material,source,SurfaceMap.CollectYields,6
1,28,Fame,source,SurfaceMap.CollectYields,28
1,28,DP,source,DistrictCatalog.Collect,28
1,28,DP,source,EraSystem.TickTurn,3840
1,28,DP,sink,MinionRoster.TryForge,-11304
1,28,DP,sink,DungeonFloorManager.TryExpandFloor,-7500
1,28,DP,sink,DungeonFeatureManager.TryPlaceTrap,-3750
1,28,DP,sink,MinionRoster.TrySummon,-9549
1,28,DP,source,AdventurerAI.ReapEmotion,109
1,28,DP,source,AdventurerAI.TakeDamage,18382
1,28,Material,source,AdventurerAI.TakeDamage,377
1,28,DP,sink,CommandSystem.TryUse,-5100
1,28,DP,source,AdventurerAI.GrantReturnReward,16601
1,28,Fame,source,AdventurerAI.GrantReturnReward,560
1,28,Fame,source,LureEconomy.OnHeroEscaped,1400
1,28,DP,stock,end,30000
1,28,Material,stock,end,3246
1,28,Fame,stock,end,21850
1,29,DP,source,SurfaceMap.CollectYields,126
1,29,Material,source,SurfaceMap.CollectYields,6
1,29,Fame,source,SurfaceMap.CollectYields,28
1,29,DP,source,DistrictCatalog.Collect,28
1,29,DP,source,EraSystem.TickTurn,3840
1,29,DP,sink,MinionRoster.TryForge,-8400
1,29,DP,sink,MinionRoster.TryEvolveIndividual,-650
1,29,DP,sink,DungeonFeatureManager.TryPlaceTrap,-2700
1,29,DP,sink,MinionRoster.TrySummon,-22220
1,29,DP,source,AdventurerAI.ReapEmotion,261
1,29,DP,source,AdventurerAI.TakeDamage,16085
1,29,Material,source,AdventurerAI.TakeDamage,111
1,29,DP,sink,CommandSystem.TryUse,-5600
1,29,DP,source,AdventurerAI.GrantReturnReward,9253
1,29,Fame,source,AdventurerAI.GrantReturnReward,240
1,29,Fame,source,LureEconomy.OnHeroEscaped,600
1,29,DP,stock,end,20023
1,29,Material,stock,end,3363
1,29,Fame,stock,end,22718
1,30,DP,source,SurfaceMap.CollectYields,126
1,30,Material,source,SurfaceMap.CollectYields,6
1,30,Fame,source,SurfaceMap.CollectYields,28
1,30,DP,source,DistrictCatalog.Collect,28
1,30,DP,source,EraSystem.TickTurn,6528
1,30,Material,source,EraSystem.TickTurn,32
1,30,DP,sink,MinionRoster.TryForge,-5448
1,30,DP,sink,DungeonFeatureManager.TryPlaceTrap,-2850
1,30,DP,sink,MinionRoster.TrySummon,-18396
1,30,DP,source,AdventurerAI.ReapEmotion,205
1,30,DP,source,AdventurerAI.TakeDamage,26773
1,30,Material,source,AdventurerAI.TakeDamage,746
1,30,DP,sink,CommandSystem.TryUse,-6050
1,30,DP,source,AdventurerAI.GrantReturnReward,15322
1,30,Fame,source,AdventurerAI.GrantReturnReward,580
1,30,Fame,source,LureEconomy.OnHeroEscaped,1450
1,30,DP,stock,end,36261
1,30,Material,stock,end,4147
1,30,Fame,stock,end,24776
1,31,DP,source,SurfaceMap.CollectYields,149
1,31,Material,source,SurfaceMap.CollectYields,8
1,31,Fame,source,SurfaceMap.CollectYields,33
1,31,DP,source,DistrictCatalog.Collect,28
1,31,DP,source,EraSystem.TickTurn,3840
1,31,Material,source,EraSystem.TickTurn,74
1,31,DP,sink,MinionRoster.TryForge,-15792
1,31,Material,sink,MinionRoster.TryForge,-24
1,31,DP,sink,DungeonFeatureManager.TryPlaceTrap,-2850
1,31,DP,sink,MinionRoster.TrySummon,-21614
1,31,DP,source,AdventurerAI.ReapEmotion,473
1,31,DP,sink,CommandSystem.TryUse,-6050
1,31,DP,source,AdventurerAI.TakeDamage,46500
1,31,Material,source,AdventurerAI.TakeDamage,135882
1,31,DP,source,AdventurerAI.GrantReturnReward,15655
1,31,Fame,source,AdventurerAI.GrantReturnReward,400
1,31,Fame,source,LureEconomy.OnHeroEscaped,1000
1,31,DP,source,Nemesis.OnSlain,8556
1,31,Material,source,Nemesis.OnSlain,34
1,31,DP,stock,end,65156
1,31,Material,stock,end,140121
1,31,Fame,stock,end,26209
1,32,DP,source,SurfaceMap.CollectYields,149
1,32,Material,source,SurfaceMap.CollectYields,8
1,32,Fame,source,SurfaceMap.CollectYields,33
1,32,DP,source,DistrictCatalog.Collect,28
1,32,DP,source,EraSystem.TickTurn,6528
1,32,Fame,source,EraSystem.TickTurn,272
1,32,DP,sink,MinionRoster.TryForge,-23940
1,32,Material,sink,MinionRoster.TryForge,-84
1,32,DP,sink,MinionRoster.TrySummon,-47888
1,32,DP,source,AdventurerAI.ReapEmotion,118
1,32,DP,source,AdventurerAI.GrantReturnReward,17448
1,32,Fame,source,AdventurerAI.GrantReturnReward,600
1,32,Fame,source,LureEconomy.OnHeroEscaped,1500
1,32,DP,sink,CommandSystem.TryUse,-5200
1,32,DP,source,AdventurerAI.TakeDamage,37137
1,32,Material,source,AdventurerAI.TakeDamage,4016
1,32,DP,source,Nemesis.OnSlain,4278
1,32,Material,source,Nemesis.OnSlain,17
1,32,DP,stock,end,53814
1,32,Material,stock,end,144078
1,32,Fame,stock,end,28614
1,33,DP,source,SurfaceMap.CollectYields,149
1,33,Material,source,SurfaceMap.CollectYields,8
1,33,Fame,source,SurfaceMap.CollectYields,33
1,33,DP,source,DistrictCatalog.Collect,28
1,33,DP,source,EraSystem.TickTurn,1920
1,33,DP,sink,MinionRoster.TryForge,-37200
1,33,Material,sink,MinionRoster.TryForge,-288
1,33,DP,sink,MinionRoster.TrySummon,-18696
1,33,DP,source,AdventurerAI.ReapEmotion,290
1,33,DP,sink,CommandSystem.TryUse,-4450
1,33,DP,source,AdventurerAI.TakeDamage,12402
1,33,Material,source,AdventurerAI.TakeDamage,286
1,33,DP,source,AdventurerAI.GrantReturnReward,12221
1,33,Fame,source,AdventurerAI.GrantReturnReward,880
1,33,Fame,source,LureEconomy.OnHeroEscaped,2200
1,33,DP,source,Nemesis.OnSlain,826
1,33,Material,source,Nemesis.OnSlain,6
1,33,DP,stock,end,21304
1,33,Material,stock,end,144090
1,33,Fame,stock,end,31727
1,34,DP,source,SurfaceMap.CollectYields,149
1,34,Material,source,SurfaceMap.CollectYields,8
1,34,Fame,source,SurfaceMap.CollectYields,33
1,34,DP,source,DistrictCatalog.Collect,28
1,34,DP,sink,MinionRoster.TryForge,-20160
1,34,Material,sink,MinionRoster.TryForge,-168
1,34,DP,sink,MinionRoster.TrySummon,-1292
1,34,DP,source,AdventurerAI.ReapEmotion,155
1,34,DP,source,AdventurerAI.TakeDamage,41523
1,34,Material,source,AdventurerAI.TakeDamage,53991
1,34,DP,sink,CommandSystem.TryUse,-4900
1,34,DP,source,AdventurerAI.GrantReturnReward,14786
1,34,Fame,source,AdventurerAI.GrantReturnReward,600
1,34,Fame,source,LureEconomy.OnHeroEscaped,1500
1,34,DP,source,Nemesis.OnSlain,9398
1,34,Material,source,Nemesis.OnSlain,40
1,34,DP,stock,end,60991
1,34,Material,stock,end,197961
1,34,Fame,stock,end,33860
1,35,DP,source,SurfaceMap.CollectYields,149
1,35,Material,source,SurfaceMap.CollectYields,8
1,35,Fame,source,SurfaceMap.CollectYields,33
1,35,DP,source,DistrictCatalog.Collect,28
1,35,DP,sink,MinionRoster.TryForge,-46320
1,35,Material,sink,MinionRoster.TryForge,-436
1,35,DP,sink,MinionRoster.TrySummon,-14845
1,35,DP,source,AdventurerAI.ReapEmotion,145
1,35,DP,source,AdventurerAI.GrantReturnReward,15451
1,35,Fame,source,AdventurerAI.GrantReturnReward,650
1,35,Fame,source,LureEconomy.OnHeroEscaped,1625
1,35,DP,sink,CommandSystem.TryUse,-4900
1,35,DP,source,AdventurerAI.TakeDamage,39324
1,35,Material,source,AdventurerAI.TakeDamage,88922
1,35,DP,source,Nemesis.OnSlain,4278
1,35,Material,source,Nemesis.OnSlain,17
1,35,DP,stock,end,54301
1,35,Material,stock,end,286472
1,35,Fame,stock,end,36168
1,36,DP,source,SurfaceMap.CollectYields,207
1,36,Material,source,SurfaceMap.CollectYields,9
1,36,Fame,source,SurfaceMap.CollectYields,45
1,36,DP,source,DistrictCatalog.Collect,28
1,36,DP,sink,MinionRoster.TryForge,-53040
1,36,Material,sink,MinionRoster.TryForge,-612
1,36,DP,sink,MinionRoster.TrySummon,-1473
1,36,DP,source,AdventurerAI.ReapEmotion,152
1,36,Fame,source,AdventurerAI.GrantReturnReward,720
1,36,Fame,source,LureEconomy.OnHeroEscaped,1800
1,36,DP,source,AdventurerAI.TakeDamage,29535
1,36,Material,source,AdventurerAI.TakeDamage,687
1,36,DP,sink,CommandSystem.TryUse,-4600
1,36,DP,source,AdventurerAI.GrantReturnReward,12669
1,36,DP,source,Nemesis.OnSlain,2641
1,36,Material,source,Nemesis.OnSlain,18
1,36,DP,stock,end,40420
1,36,Material,stock,end,286574
1,36,Fame,stock,end,38733
1,37,DP,source,SurfaceMap.CollectYields,207
1,37,Material,source,SurfaceMap.CollectYields,9
1,37,Fame,source,SurfaceMap.CollectYields,45
1,37,DP,source,DistrictCatalog.Collect,28
1,37,DP,sink,MinionRoster.TryForge,-39000
1,37,Material,sink,MinionRoster.TryForge,-450
1,37,DP,sink,MinionRoster.TrySummon,-1649
1,37,DP,source,AdventurerAI.ReapEmotion,122
1,37,DP,source,AdventurerAI.GrantReturnReward,12382
1,37,Fame,source,AdventurerAI.GrantReturnReward,280
1,37,Fame,source,LureEconomy.OnHeroEscaped,700
1,37,DP,sink,CommandSystem.TryUse,-4450
1,37,DP,source,AdventurerAI.TakeDamage,28453
1,37,Material,source,AdventurerAI.TakeDamage,543
1,37,DP,source,Nemesis.OnSlain,2828
1,37,Material,source,Nemesis.OnSlain,18
1,37,DP,stock,end,39341
1,37,Material,stock,end,286694
1,37,Fame,stock,end,39758
1,38,DP,source,SurfaceMap.CollectYields,259
1,38,Material,source,SurfaceMap.CollectYields,12
1,38,Fame,source,SurfaceMap.CollectYields,45
1,38,DP,source,DistrictCatalog.Collect,28
1,38,DP,sink,MinionRoster.TryForge,-37440
1,38,Material,sink,MinionRoster.TryForge,-432
1,38,DP,sink,MinionRoster.TrySummon,-2181
1,38,DP,source,AdventurerAI.ReapEmotion,200
1,38,DP,source,AdventurerAI.GrantReturnReward,23859
1,38,Fame,source,AdventurerAI.GrantReturnReward,760
1,38,Fame,source,LureEconomy.OnHeroEscaped,1900
1,38,DP,sink,CommandSystem.TryUse,-4250
1,38,DP,source,AdventurerAI.TakeDamage,27956
1,38,Material,source,AdventurerAI.TakeDamage,189
1,38,DP,source,Nemesis.OnSlain,2948
1,38,Material,source,Nemesis.OnSlain,18
1,38,DP,stock,end,50720
1,38,Material,stock,end,286481
1,38,Fame,stock,end,42463
1,39,DP,source,SurfaceMap.CollectYields,259
1,39,Material,source,SurfaceMap.CollectYields,12
1,39,Fame,source,SurfaceMap.CollectYields,45
1,39,DP,source,DistrictCatalog.Collect,28
1,39,DP,sink,MinionRoster.TryForge,-48360
1,39,Material,sink,MinionRoster.TryForge,-558
1,39,DP,sink,MinionRoster.TrySummon,-2608
1,39,DP,source,AdventurerAI.ReapEmotion,123
1,39,DP,source,AdventurerAI.TakeDamage,32570
1,39,Material,source,AdventurerAI.TakeDamage,226
1,39,DP,sink,CommandSystem.TryUse,-4900
1,39,DP,source,AdventurerAI.GrantReturnReward,11776
1,39,Fame,source,AdventurerAI.GrantReturnReward,690
1,39,Fame,source,LureEconomy.OnHeroEscaped,1725
1,39,DP,source,Nemesis.OnSlain,1814
1,39,Material,source,Nemesis.OnSlain,12
1,39,DP,stock,end,41422
1,39,Material,stock,end,286173
1,39,Fame,stock,end,44923
1,40,DP,source,SurfaceMap.CollectYields,211
1,40,Material,source,SurfaceMap.CollectYields,12
1,40,Fame,source,SurfaceMap.CollectYields,37
1,40,DP,source,DistrictCatalog.Collect,28
1,40,DP,sink,MinionRoster.TryForge,-37440
1,40,Material,sink,MinionRoster.TryForge,-488
1,40,DP,sink,MinionRoster.TrySummon,-4193
1,40,DP,source,AdventurerAI.ReapEmotion,224
1,40,Fame,source,AdventurerAI.GrantReturnReward,620
1,40,Fame,source,LureEconomy.OnHeroEscaped,1550
1,40,DP,source,AdventurerAI.TakeDamage,44187
1,40,Material,source,AdventurerAI.TakeDamage,695
1,40,DP,sink,CommandSystem.TryUse,-4900
1,40,DP,source,AdventurerAI.GrantReturnReward,19362
1,40,DP,source,Nemesis.OnSlain,923
1,40,Material,source,Nemesis.OnSlain,6
1,40,DP,stock,end,59824
1,40,Material,stock,end,286398
1,40,Fame,stock,end,47130
1,41,DP,source,SurfaceMap.CollectYields,211
1,41,Material,source,SurfaceMap.CollectYields,12
1,41,Fame,source,SurfaceMap.CollectYields,37
1,41,DP,source,DistrictCatalog.Collect,28
1,41,DP,source,EraSystem.TickTurn,1920
1,41,DP,sink,MinionRoster.TryForge,-60000
1,41,Material,sink,MinionRoster.TryForge,-800
1,41,DP,sink,MinionRoster.TrySummon,-1973
1,41,DP,source,AdventurerAI.ReapEmotion,133
1,41,DP,source,AdventurerAI.TakeDamage,21876
1,41,Material,source,AdventurerAI.TakeDamage,302
1,41,DP,sink,CommandSystem.TryUse,-4250
1,41,Fame,source,AdventurerAI.GrantReturnReward,360
1,41,Fame,source,LureEconomy.OnHeroEscaped,900
1,41,DP,source,AdventurerAI.GrantReturnReward,14138
1,41,DP,source,Nemesis.OnSlain,2307
1,41,Material,source,Nemesis.OnSlain,14
1,41,DP,stock,end,34214
1,41,Material,stock,end,285926
1,41,Fame,stock,end,48427
1,42,DP,source,SurfaceMap.CollectYields,211
1,42,Material,source,SurfaceMap.CollectYields,12
1,42,Fame,source,SurfaceMap.CollectYields,37
1,42,DP,source,DistrictCatalog.Collect,28
1,42,DP,sink,MinionRoster.TryForge,-31200
1,42,Material,sink,MinionRoster.TryForge,-416
1,42,DP,sink,MinionRoster.TrySummon,-3239
1,42,DP,source,AdventurerAI.ReapEmotion,119
1,42,DP,source,AdventurerAI.TakeDamage,42248
1,42,Material,source,AdventurerAI.TakeDamage,650
1,42,DP,sink,CommandSystem.TryUse,-4250
1,42,DP,source,AdventurerAI.GrantReturnReward,21474
1,42,Fame,source,AdventurerAI.GrantReturnReward,710
1,42,Fame,source,LureEconomy.OnHeroEscaped,1775
1,42,DP,source,Nemesis.OnSlain,2241
1,42,Material,source,Nemesis.OnSlain,14
1,42,DP,stock,end,61846
1,42,Material,stock,end,286186
1,42,Fame,stock,end,50949
1,43,DP,source,SurfaceMap.CollectYields,211
1,43,Material,source,SurfaceMap.CollectYields,12
1,43,Fame,source,SurfaceMap.CollectYields,37
1,43,DP,source,DistrictCatalog.Collect,28
1,43,DP,sink,MinionRoster.TryForge,-60000
1,43,Material,sink,MinionRoster.TryForge,-800
1,43,DP,sink,MinionRoster.TrySummon,-2073
1,43,DP,source,AdventurerAI.ReapEmotion,124
1,43,DP,source,AdventurerAI.TakeDamage,33071
1,43,Material,source,AdventurerAI.TakeDamage,637
1,43,DP,sink,CommandSystem.TryUse,-4900
1,43,DP,source,AdventurerAI.GrantReturnReward,27213
1,43,Fame,source,AdventurerAI.GrantReturnReward,760
1,43,Fame,source,LureEconomy.OnHeroEscaped,1900
1,43,DP,source,Nemesis.OnSlain,1912
1,43,Material,source,Nemesis.OnSlain,12
1,43,DP,stock,end,57432
1,43,Material,stock,end,286047
1,43,Fame,stock,end,53646
1,44,DP,source,SurfaceMap.CollectYields,211
1,44,Material,source,SurfaceMap.CollectYields,12
1,44,Fame,source,SurfaceMap.CollectYields,37
1,44,DP,source,DistrictCatalog.Collect,28
1,44,DP,sink,MinionRoster.TryForge,-55200
1,44,Material,sink,MinionRoster.TryForge,-736
1,44,DP,sink,MinionRoster.TrySummon,-1889
1,44,DP,sink,CommandSystem.TryUse,-4900
1,44,DP,source,AdventurerAI.ReapEmotion,214
1,44,DP,source,AdventurerAI.TakeDamage,41695
1,44,Material,source,AdventurerAI.TakeDamage,714
1,44,DP,source,AdventurerAI.GrantReturnReward,20490
1,44,Fame,source,AdventurerAI.GrantReturnReward,730
1,44,Fame,source,LureEconomy.OnHeroEscaped,1825
1,44,DP,source,Nemesis.OnSlain,1944
1,44,Material,source,Nemesis.OnSlain,12
1,44,DP,stock,end,60025
1,44,Material,stock,end,286049
1,44,Fame,stock,end,56238
1,45,DP,source,SurfaceMap.CollectYields,211
1,45,Material,source,SurfaceMap.CollectYields,12
1,45,Fame,source,SurfaceMap.CollectYields,37
1,45,DP,source,DistrictCatalog.Collect,28
1,45,DP,sink,MinionRoster.TryForge,-57600
1,45,Material,sink,MinionRoster.TryForge,-768
1,45,DP,sink,MinionRoster.TrySummon,-2662
1,45,DP,source,AdventurerAI.ReapEmotion,281
1,45,Fame,source,AdventurerAI.GrantReturnReward,620
1,45,Fame,source,LureEconomy.OnHeroEscaped,1550
1,45,DP,source,AdventurerAI.TakeDamage,53507
1,45,Material,source,AdventurerAI.TakeDamage,608
1,45,DP,sink,CommandSystem.TryUse,-4550
1,45,DP,source,AdventurerAI.GrantReturnReward,21661
1,45,DP,source,Nemesis.OnSlain,3772
1,45,Material,source,Nemesis.OnSlain,22
1,45,DP,stock,end,74673
1,45,Material,stock,end,285923
1,45,Fame,stock,end,58445
1,46,DP,source,SurfaceMap.CollectYields,211
1,46,Material,source,SurfaceMap.CollectYields,12
1,46,Fame,source,SurfaceMap.CollectYields,37
1,46,DP,source,DistrictCatalog.Collect,28
1,46,DP,source,WaveRoster.ResolveTrial,3900
1,46,DP,sink,MinionRoster.TryForge,-12000
1,46,Material,sink,MinionRoster.TryForge,-160
1,46,DP,sink,MinionRoster.TrySummon,-65904
1,46,DP,sink,CommandSystem.TryUse,-4900
1,46,DP,source,AdventurerAI.ReapEmotion,312
1,46,DP,source,AdventurerAI.GrantReturnReward,22550
1,46,Fame,source,AdventurerAI.GrantReturnReward,860
1,46,Fame,source,LureEconomy.OnHeroEscaped,2150
1,46,DP,source,AdventurerAI.TakeDamage,27509
1,46,Material,source,AdventurerAI.TakeDamage,303
1,46,DP,source,Nemesis.OnSlain,1004
1,46,Material,source,Nemesis.OnSlain,6
1,46,DP,stock,end,47383
1,46,Material,stock,end,286084
1,46,Fame,stock,end,61492
1,47,DP,source,SurfaceMap.CollectYields,211
1,47,Material,source,SurfaceMap.CollectYields,12
1,47,Fame,source,SurfaceMap.CollectYields,37
1,47,DP,source,DistrictCatalog.Collect,28
1,47,DP,sink,MinionEvolution.TryEvolve,-9050
1,47,DP,sink,MinionRoster.TryEvolveIndividual,-37750
1,47,DP,sink,MinionRoster.TrySummon,-783
1,47,DP,source,AdventurerAI.ReapEmotion,122
1,47,DP,source,AdventurerAI.TakeDamage,38834
1,47,Material,source,AdventurerAI.TakeDamage,539
1,47,DP,sink,CommandSystem.TryUse,-4900
1,47,DP,source,AdventurerAI.GrantReturnReward,22721
1,47,Fame,source,AdventurerAI.GrantReturnReward,740
1,47,Fame,source,LureEconomy.OnHeroEscaped,1850
1,47,DP,source,Nemesis.OnSlain,3063
1,47,Material,source,Nemesis.OnSlain,18
1,47,DP,stock,end,59879
1,47,Material,stock,end,286653
1,47,Fame,stock,end,64119
1,48,DP,source,SurfaceMap.CollectYields,211
1,48,Material,source,SurfaceMap.CollectYields,12
1,48,Fame,source,SurfaceMap.CollectYields,37
1,48,DP,source,DistrictCatalog.Collect,28
1,48,DP,source,EraSystem.TickTurn,9720
1,48,DP,sink,MinionRoster.TryForge,-51840
1,48,Material,sink,MinionRoster.TryForge,-756
1,48,DP,sink,MinionRoster.TryEvolveIndividual,-13450
1,48,DP,sink,MinionRoster.TrySummon,-4524
1,48,DP,source,AdventurerAI.ReapEmotion,120
1,48,DP,source,AdventurerAI.TakeDamage,37947
1,48,Material,source,AdventurerAI.TakeDamage,794
1,48,DP,sink,CommandSystem.TryUse,-4550
1,48,DP,source,AdventurerAI.GrantReturnReward,15901
1,48,Fame,source,AdventurerAI.GrantReturnReward,780
1,48,Fame,source,LureEconomy.OnHeroEscaped,1950
1,48,DP,source,Nemesis.OnSlain,5675
1,48,Material,source,Nemesis.OnSlain,29
1,48,DP,stock,end,55117
1,48,Material,stock,end,286732
1,48,Fame,stock,end,66886
1,49,DP,source,SurfaceMap.CollectYields,211
1,49,Material,source,SurfaceMap.CollectYields,12
1,49,Fame,source,SurfaceMap.CollectYields,37
1,49,DP,source,DistrictCatalog.Collect,28
1,49,DP,source,EraSystem.TickTurn,9720
1,49,DP,sink,MinionRoster.TryForge,-5760
1,49,Material,sink,MinionRoster.TryForge,-84
1,49,DP,sink,MinionEvolution.TryEvolve,-14200
1,49,DP,sink,MinionRoster.TryEvolveIndividual,-44150
1,49,DP,sink,MinionRoster.TrySummon,-930
1,49,DP,source,AdventurerAI.ReapEmotion,223
1,49,DP,source,AdventurerAI.TakeDamage,28288
1,49,Material,source,AdventurerAI.TakeDamage,605
1,49,DP,sink,CommandSystem.TryUse,-4550
1,49,Fame,source,AdventurerAI.GrantReturnReward,400
1,49,Fame,source,LureEconomy.OnHeroEscaped,1000
1,49,DP,source,AdventurerAI.GrantReturnReward,12014
1,49,DP,source,Nemesis.OnSlain,3111
1,49,Material,source,Nemesis.OnSlain,18
1,49,DP,stock,end,39122
1,49,Material,stock,end,287283
1,49,Fame,stock,end,68323
1,50,DP,source,SurfaceMap.CollectYields,211
1,50,Material,source,SurfaceMap.CollectYields,12
1,50,Fame,source,SurfaceMap.CollectYields,37
1,50,DP,source,DistrictCatalog.Collect,28
1,50,DP,source,EraSystem.TickTurn,9720
1,50,DP,sink,MinionRoster.TryForge,-5760
1,50,Material,sink,MinionRoster.TryForge,-84
1,50,DP,sink,MinionEvolution.TryEvolve,-19050
1,50,DP,sink,MinionRoster.TryEvolveIndividual,-23900
1,50,DP,sink,MinionRoster.TrySummon,-345
1,50,DP,source,AdventurerAI.ReapEmotion,247
1,50,DP,source,AdventurerAI.TakeDamage,73003
1,50,Material,source,AdventurerAI.TakeDamage,1281
1,50,DP,sink,CommandSystem.TryUse,-4550
1,50,DP,source,AdventurerAI.GrantReturnReward,16215
1,50,Fame,source,AdventurerAI.GrantReturnReward,730
1,50,Fame,source,LureEconomy.OnHeroEscaped,1825
1,50,DP,source,Nemesis.OnSlain,1053
1,50,Material,source,Nemesis.OnSlain,6
1,50,DP,stock,end,85994
1,50,Material,stock,end,288498
1,50,Fame,stock,end,70915
1,51,DP,source,SurfaceMap.CollectYields,211
1,51,Material,source,SurfaceMap.CollectYields,12
1,51,Fame,source,SurfaceMap.CollectYields,37
1,51,DP,source,DistrictCatalog.Collect,28
1,51,DP,source,EraSystem.TickTurn,9720
1,51,DP,sink,MinionRoster.TryForge,-5760
1,51,Material,sink,MinionRoster.TryForge,-84
1,51,DP,sink,DungeonFloorManager.TryAddFloor,-78125
1,51,DP,sink,DungeonFloorManager.TryExpandFloor,-5200
1,51,DP,sink,MinionRoster.TryEvolveIndividual,-6350
1,51,DP,sink,DungeonFeatureManager.TryPlaceTrap,-300
1,51,DP,sink,MinionRoster.TrySummon,-192
1,51,DP,source,AdventurerAI.ReapEmotion,210
1,51,DP,source,AdventurerAI.TakeDamage,56846
1,51,Material,source,AdventurerAI.TakeDamage,408
1,51,DP,sink,CommandSystem.TryUse,-3700
1,51,DP,source,AdventurerAI.GrantReturnReward,17841
1,51,Fame,source,AdventurerAI.GrantReturnReward,840
1,51,Fame,source,LureEconomy.OnHeroEscaped,2100
1,51,DP,stock,end,71223
1,51,Material,stock,end,288834
1,51,Fame,stock,end,73892
1,52,DP,source,SurfaceMap.CollectYields,211
1,52,Material,source,SurfaceMap.CollectYields,12
1,52,Fame,source,SurfaceMap.CollectYields,37
1,52,DP,source,DistrictCatalog.Collect,28
1,52,DP,source,EraSystem.TickTurn,16524
1,52,DP,sink,MinionRoster.TryForge,-23040
1,52,Material,sink,MinionRoster.TryForge,-336
1,52,DP,sink,MinionRoster.TryEvolveIndividual,-62450
1,52,DP,sink,DungeonFeatureManager.TryPlaceTrap,-2250
1,52,DP,sink,MinionRoster.TrySummon,-239
1,52,DP,source,AdventurerAI.ReapEmotion,332
1,52,DP,sink,CommandSystem.TryUse,-4050
1,52,DP,source,AdventurerAI.TakeDamage,93948
1,52,Material,source,AdventurerAI.TakeDamage,1832
1,52,Fame,source,AdventurerAI.GrantReturnReward,820
1,52,Fame,source,LureEconomy.OnHeroEscaped,2050
1,52,DP,source,AdventurerAI.GrantReturnReward,24524
1,52,DP,stock,end,114761
1,52,Material,stock,end,290342
1,52,Fame,stock,end,76799
1,53,DP,source,SurfaceMap.CollectYields,211
1,53,Material,source,SurfaceMap.CollectYields,12
1,53,Fame,source,SurfaceMap.CollectYields,37
1,53,DP,source,DistrictCatalog.Collect,28
1,53,Material,source,DistrictCatalog.Collect,10
1,53,DP,source,EraSystem.TickTurn,9720
1,53,Material,source,EraSystem.TickTurn,124
1,53,DP,sink,MinionRoster.TryForge,-77760
1,53,Material,sink,MinionRoster.TryForge,-1134
1,53,DP,sink,MinionRoster.TryEvolveIndividual,-44450
1,53,DP,sink,DungeonFeatureManager.TryPlaceTrap,-2250
1,53,DP,sink,MinionRoster.TrySummon,-255
1,53,DP,source,AdventurerAI.ReapEmotion,384
1,53,DP,sink,CommandSystem.TryUse,-3700
1,53,DP,source,AdventurerAI.TakeDamage,104774
1,53,Material,source,AdventurerAI.TakeDamage,1634
1,53,DP,source,AdventurerAI.GrantReturnReward,24463
1,53,Fame,source,AdventurerAI.GrantReturnReward,860
1,53,Fame,source,LureEconomy.OnHeroEscaped,2150
1,53,DP,source,Nemesis.OnSlain,5430
1,53,Material,source,Nemesis.OnSlain,28
1,53,DP,stock,end,131356
1,53,Material,stock,end,291016
1,53,Fame,stock,end,79846
1,54,DP,source,SurfaceMap.CollectYields,211
1,54,Material,source,SurfaceMap.CollectYields,12
1,54,Fame,source,SurfaceMap.CollectYields,37
1,54,DP,source,DistrictCatalog.Collect,28
1,54,Material,source,DistrictCatalog.Collect,10
1,54,DP,source,EraSystem.TickTurn,9720
1,54,Material,source,EraSystem.TickTurn,62
1,54,Fame,source,EraSystem.TickTurn,135
1,54,DP,sink,MinionRoster.TryForge,-120960
1,54,Material,sink,MinionRoster.TryForge,-1764
1,54,DP,sink,DungeonFeatureManager.TryPlaceTrap,-150
1,54,DP,sink,MinionRoster.TrySummon,-20175
1,54,DP,source,AdventurerAI.ReapEmotion,141
1,54,DP,source,AdventurerAI.TakeDamage,97120
1,54,Material,source,AdventurerAI.TakeDamage,682
1,54,DP,sink,CommandSystem.TryUse,-4900
1,54,DP,source,AdventurerAI.GrantReturnReward,21548
1,54,Fame,source,AdventurerAI.GrantReturnReward,810
1,54,Fame,source,LureEconomy.OnHeroEscaped,2025
1,54,DP,source,Nemesis.OnSlain,4427
1,54,Material,source,Nemesis.OnSlain,24
1,54,DP,stock,end,118366
1,54,Material,stock,end,290042
1,54,Fame,stock,end,82853
1,55,DP,source,SurfaceMap.CollectYields,241
1,55,Material,source,SurfaceMap.CollectYields,12
1,55,Fame,source,SurfaceMap.CollectYields,45
1,55,DP,source,DistrictCatalog.Collect,28
1,55,Material,source,DistrictCatalog.Collect,13
1,55,DP,source,EraSystem.TickTurn,9720
1,55,DP,sink,MinionRoster.TryForge,-124560
1,55,Material,sink,MinionRoster.TryForge,-1849
1,55,DP,sink,MinionRoster.TrySummon,-3778
1,55,DP,source,AdventurerAI.ReapEmotion,300
1,55,DP,sink,CommandSystem.TryUse,-4250
1,55,Fame,source,AdventurerAI.GrantReturnReward,980
1,55,Fame,source,LureEconomy.OnHeroEscaped,2450
1,55,DP,source,AdventurerAI.TakeDamage,104481
1,55,Material,source,AdventurerAI.TakeDamage,1114
1,55,DP,source,AdventurerAI.GrantReturnReward,18402
1,55,DP,source,Nemesis.OnSlain,3354
1,55,Material,source,Nemesis.OnSlain,18
1,55,DP,stock,end,122304
1,55,Material,stock,end,289350
1,55,Fame,stock,end,86328
1,56,DP,source,SurfaceMap.CollectYields,259
1,56,Material,source,SurfaceMap.CollectYields,12
1,56,Fame,source,SurfaceMap.CollectYields,45
1,56,DP,source,DistrictCatalog.Collect,28
1,56,Material,source,DistrictCatalog.Collect,13
1,56,DP,source,EraSystem.TickTurn,11664
1,56,DP,sink,MinionRoster.TryForge,-129600
1,56,Material,sink,MinionRoster.TryForge,-1980
1,56,DP,sink,MinionRoster.TrySummon,-4655
1,56,DP,source,AdventurerAI.ReapEmotion,359
1,56,DP,sink,CommandSystem.TryUse,-4250
1,56,DP,source,AdventurerAI.GrantReturnReward,29324
1,56,Fame,source,AdventurerAI.GrantReturnReward,1030
1,56,Fame,source,LureEconomy.OnHeroEscaped,2575
1,56,DP,source,AdventurerAI.TakeDamage,90322
1,56,Material,source,AdventurerAI.TakeDamage,1127
1,56,DP,source,Nemesis.OnSlain,2268
1,56,Material,source,Nemesis.OnSlain,12
1,56,DP,stock,end,118023
1,56,Material,stock,end,288534
1,56,Fame,stock,end,89978
1,57,DP,source,SurfaceMap.CollectYields,259
1,57,Material,source,SurfaceMap.CollectYields,12
1,57,Fame,source,SurfaceMap.CollectYields,45
1,57,DP,source,DistrictCatalog.Collect,28
1,57,Material,source,DistrictCatalog.Collect,13
1,57,DP,sink,MinionRoster.TryForge,-115200
1,57,Material,sink,MinionRoster.TryForge,-1760
1,57,DP,sink,MinionRoster.TrySummon,-3075
1,57,DP,source,AdventurerAI.ReapEmotion,221
1,57,DP,source,AdventurerAI.GrantReturnReward,19017
1,57,Fame,source,AdventurerAI.GrantReturnReward,520
1,57,Fame,source,LureEconomy.OnHeroEscaped,1300
1,57,DP,sink,CommandSystem.TryUse,-4550
1,57,DP,source,AdventurerAI.TakeDamage,52275
1,57,Material,source,AdventurerAI.TakeDamage,370
1,57,DP,source,Nemesis.OnSlain,3450
1,57,Material,source,Nemesis.OnSlain,18
1,57,DP,stock,end,70448
1,57,Material,stock,end,287187
1,57,Fame,stock,end,91843
1,58,DP,source,SurfaceMap.CollectYields,259
1,58,Material,source,SurfaceMap.CollectYields,12
1,58,Fame,source,SurfaceMap.CollectYields,45
1,58,DP,source,DistrictCatalog.Collect,28
1,58,Material,source,DistrictCatalog.Collect,10
1,58,DP,sink,MinionRoster.TryForge,-64800
1,58,Material,sink,MinionRoster.TryForge,-990
1,58,DP,sink,MinionRoster.TrySummon,-5898
1,58,DP,source,AdventurerAI.ReapEmotion,351
1,58,DP,sink,CommandSystem.TryUse,-4250
1,58,Fame,source,AdventurerAI.GrantReturnReward,1150
1,58,Fame,source,LureEconomy.OnHeroEscaped,2875
1,58,DP,source,AdventurerAI.TakeDamage,78257
1,58,Material,source,AdventurerAI.TakeDamage,958
1,58,DP,source,AdventurerAI.GrantReturnReward,24555
1,58,DP,source,Nemesis.OnSlain,2381
1,58,Material,source,Nemesis.OnSlain,12
1,58,DP,stock,end,101331
1,58,Material,stock,end,287189
1,58,Fame,stock,end,95913
1,59,DP,source,SurfaceMap.CollectYields,211
1,59,Material,source,SurfaceMap.CollectYields,12
1,59,Fame,source,SurfaceMap.CollectYields,37
1,59,DP,source,DistrictCatalog.Collect,28
1,59,Material,source,DistrictCatalog.Collect,13
1,59,DP,sink,MinionRoster.TryForge,-97200
1,59,Material,sink,MinionRoster.TryForge,-1485
1,59,DP,sink,MinionRoster.TrySummon,-4319
1,59,DP,source,AdventurerAI.ReapEmotion,316
1,59,DP,sink,CommandSystem.TryUse,-4550
1,59,DP,source,AdventurerAI.TakeDamage,71276
1,59,Material,source,AdventurerAI.TakeDamage,838
1,59,DP,source,AdventurerAI.GrantReturnReward,29182
1,59,Fame,source,AdventurerAI.GrantReturnReward,1200
1,59,Fame,source,LureEconomy.OnHeroEscaped,3000
1,59,DP,source,Nemesis.OnSlain,3498
1,59,Material,source,Nemesis.OnSlain,18
1,59,DP,stock,end,99773
1,59,Material,stock,end,286585
1,59,Fame,stock,end,100150
1,60,DP,source,SurfaceMap.CollectYields,259
1,60,Material,source,SurfaceMap.CollectYields,12
1,60,Fame,source,SurfaceMap.CollectYields,45
1,60,DP,source,DistrictCatalog.Collect,28
1,60,Material,source,DistrictCatalog.Collect,13
1,60,DP,sink,MinionRoster.TryForge,-93600
1,60,Material,sink,MinionRoster.TryForge,-1510
1,60,DP,sink,MinionRoster.TrySummon,-6418
1,60,DP,source,AdventurerAI.ReapEmotion,270
1,60,DP,sink,CommandSystem.TryUse,-4550
1,60,DP,source,AdventurerAI.TakeDamage,100721
1,60,Material,source,AdventurerAI.TakeDamage,963
1,60,DP,source,AdventurerAI.GrantReturnReward,29405
1,60,Fame,source,AdventurerAI.GrantReturnReward,1050
1,60,Fame,source,LureEconomy.OnHeroEscaped,2625
1,60,DP,source,Nemesis.OnSlain,2091
1,60,Material,source,Nemesis.OnSlain,10
1,60,DP,stock,end,127979
1,60,Material,stock,end,286073
1,60,Fame,stock,end,103870
1,61,DP,source,SurfaceMap.CollectYields,259
1,61,Material,source,SurfaceMap.CollectYields,12
1,61,Fame,source,SurfaceMap.CollectYields,45
1,61,DP,source,DistrictCatalog.Collect,28
1,61,Material,source,DistrictCatalog.Collect,13
1,61,DP,sink,MinionRoster.TryForge,-120960
1,61,Material,sink,MinionRoster.TryForge,-1960
1,61,DP,sink,MinionRoster.TrySummon,-7280
1,61,DP,source,AdventurerAI.ReapEmotion,369
1,61,DP,sink,CommandSystem.TryUse,-4250
1,61,DP,source,AdventurerAI.TakeDamage,83812
1,61,Material,source,AdventurerAI.TakeDamage,1181
1,61,DP,source,AdventurerAI.GrantReturnReward,41132
1,61,Fame,source,AdventurerAI.GrantReturnReward,1140
1,61,Fame,source,LureEconomy.OnHeroEscaped,2850
1,61,DP,source,Nemesis.OnSlain,3597
1,61,Material,source,Nemesis.OnSlain,18
1,61,DP,stock,end,124686
1,61,Material,stock,end,285337
1,61,Fame,stock,end,107905
1,62,DP,source,SurfaceMap.CollectYields,259
1,62,Material,source,SurfaceMap.CollectYields,12
1,62,Fame,source,SurfaceMap.CollectYields,45
1,62,DP,source,DistrictCatalog.Collect,28
1,62,Material,source,DistrictCatalog.Collect,13
1,62,DP,sink,MinionRoster.TryForge,-120960
1,62,Material,sink,MinionRoster.TryForge,-1960
1,62,DP,sink,MinionRoster.TrySummon,-4010
1,62,DP,source,AdventurerAI.ReapEmotion,336
1,62,DP,sink,CommandSystem.TryUse,-3700
1,62,DP,source,AdventurerAI.TakeDamage,95433
1,62,Material,source,AdventurerAI.TakeDamage,581
1,62,DP,source,AdventurerAI.GrantReturnReward,46605
1,62,Fame,source,AdventurerAI.GrantReturnReward,1050
1,62,Fame,source,LureEconomy.OnHeroEscaped,2625
1,62,DP,source,Nemesis.OnSlain,4439
1,62,Material,source,Nemesis.OnSlain,22
1,62,DP,stock,end,143116
1,62,Material,stock,end,284005
1,62,Fame,stock,end,111625
1,63,DP,source,SurfaceMap.CollectYields,259
1,63,Material,source,SurfaceMap.CollectYields,12
1,63,Fame,source,SurfaceMap.CollectYields,45
1,63,DP,source,DistrictCatalog.Collect,28
1,63,Material,source,DistrictCatalog.Collect,10
1,63,DP,sink,MinionRoster.TryForge,-138240
1,63,Material,sink,MinionRoster.TryForge,-2240
1,63,DP,sink,MinionRoster.TrySummon,-5129
1,63,DP,source,AdventurerAI.ReapEmotion,149
1,63,DP,source,AdventurerAI.TakeDamage,97274
1,63,Material,source,AdventurerAI.TakeDamage,1182
1,63,DP,sink,CommandSystem.TryUse,-4250
1,63,DP,source,AdventurerAI.GrantReturnReward,33211
1,63,Fame,source,AdventurerAI.GrantReturnReward,1200
1,63,Fame,source,LureEconomy.OnHeroEscaped,3000
1,63,DP,source,Nemesis.OnSlain,3677
1,63,Material,source,Nemesis.OnSlain,18
1,63,DP,stock,end,130095
1,63,Material,stock,end,282987
1,63,Fame,stock,end,115870
1,64,DP,source,SurfaceMap.CollectYields,211
1,64,Material,source,SurfaceMap.CollectYields,12
1,64,Fame,source,SurfaceMap.CollectYields,37
1,64,DP,source,DistrictCatalog.Collect,28
1,64,Material,source,DistrictCatalog.Collect,10
1,64,DP,sink,MinionRoster.TryForge,-122100
1,64,Material,sink,MinionRoster.TryForge,-2030
1,64,DP,sink,MinionRoster.TrySummon,-8183
1,64,DP,source,AdventurerAI.ReapEmotion,344
1,64,DP,sink,CommandSystem.TryUse,-4550
1,64,DP,source,AdventurerAI.TakeDamage,85455
1,64,Material,source,AdventurerAI.TakeDamage,585
1,64,DP,source,AdventurerAI.GrantReturnReward,38936
1,64,Fame,source,AdventurerAI.GrantReturnReward,1170
1,64,Fame,source,LureEconomy.OnHeroEscaped,2925
1,64,DP,source,Nemesis.OnSlain,3693
1,64,Material,source,Nemesis.OnSlain,18
1,64,DP,stock,end,123929
1,64,Material,stock,end,281582
1,64,Fame,stock,end,120002
1,65,DP,source,SurfaceMap.CollectYields,211
1,65,Material,source,SurfaceMap.CollectYields,12
1,65,Fame,source,SurfaceMap.CollectYields,37
1,65,DP,source,DistrictCatalog.Collect,28
1,65,Material,source,DistrictCatalog.Collect,10
1,65,DP,sink,MinionRoster.TryForge,-117300
1,65,Material,sink,MinionRoster.TryForge,-2070
1,65,DP,sink,MinionRoster.TrySummon,-6821
1,65,DP,source,AdventurerAI.ReapEmotion,509
1,65,DP,sink,CommandSystem.TryUse,-4250
1,65,DP,source,AdventurerAI.GrantReturnReward,29852
1,65,Fame,source,AdventurerAI.GrantReturnReward,990
1,65,Fame,source,LureEconomy.OnHeroEscaped,2475
1,65,DP,source,AdventurerAI.TakeDamage,141260
1,65,Material,source,AdventurerAI.TakeDamage,1811
1,65,DP,source,Nemesis.OnSlain,2494
1,65,Material,source,Nemesis.OnSlain,12
1,65,DP,stock,end,169912
1,65,Material,stock,end,281357
1,65,Fame,stock,end,123504
1,66,DP,source,SurfaceMap.CollectYields,211
1,66,Material,source,SurfaceMap.CollectYields,12
1,66,Fame,source,SurfaceMap.CollectYields,37
1,66,DP,source,DistrictCatalog.Collect,28
1,66,Material,source,DistrictCatalog.Collect,10
1,66,DP,sink,MinionRoster.TryForge,-163200
1,66,Material,sink,MinionRoster.TryForge,-2880
1,66,DP,sink,MinionRoster.TrySummon,-6951
1,66,DP,source,AdventurerAI.ReapEmotion,400
1,66,DP,sink,CommandSystem.TryUse,-4700
1,66,DP,source,AdventurerAI.TakeDamage,62121
1,66,Material,source,AdventurerAI.TakeDamage,412
1,66,Fame,source,AdventurerAI.GrantReturnReward,1380
1,66,Fame,source,LureEconomy.OnHeroEscaped,3450
1,66,DP,source,AdventurerAI.GrantReturnReward,44058
1,66,DP,source,Nemesis.OnSlain,2528
1,66,Material,source,Nemesis.OnSlain,12
1,66,DP,stock,end,104407
1,66,Material,stock,end,278923
1,66,Fame,stock,end,128371
1,67,DP,source,SurfaceMap.CollectYields,211
1,67,Material,source,SurfaceMap.CollectYields,12
1,67,Fame,source,SurfaceMap.CollectYields,37
1,67,DP,source,DistrictCatalog.Collect,28
1,67,Material,source,DistrictCatalog.Collect,10
1,67,DP,sink,MinionRoster.TryForge,-96900
1,67,Material,sink,MinionRoster.TryForge,-1710
1,67,DP,sink,MinionRoster.TrySummon,-7707
1,67,DP,source,AdventurerAI.ReapEmotion,292
1,67,DP,sink,CommandSystem.TryUse,-4250
1,67,DP,source,AdventurerAI.TakeDamage,110198
1,67,Material,source,AdventurerAI.TakeDamage,1190
1,67,DP,source,AdventurerAI.GrantReturnReward,55109
1,67,Fame,source,AdventurerAI.GrantReturnReward,2200
1,67,Fame,source,LureEconomy.OnHeroEscaped,5500
1,67,DP,source,Nemesis.OnSlain,4274
1,67,Material,source,Nemesis.OnSlain,20
1,67,DP,stock,end,165662
1,67,Material,stock,end,278445
1,67,Fame,stock,end,136108
1,68,DP,source,SurfaceMap.CollectYields,211
1,68,Material,source,SurfaceMap.CollectYields,12
1,68,Fame,source,SurfaceMap.CollectYields,37
1,68,DP,source,DistrictCatalog.Collect,28
1,68,Material,source,DistrictCatalog.Collect,10
1,68,DP,sink,MinionRoster.TryForge,-158100
1,68,Material,sink,MinionRoster.TryForge,-2790
1,68,DP,sink,MinionRoster.TrySummon,-7769
1,68,DP,source,AdventurerAI.ReapEmotion,385
1,68,DP,sink,CommandSystem.TryUse,-3400
1,68,Fame,source,AdventurerAI.GrantReturnReward,1360
1,68,Fame,source,LureEconomy.OnHeroEscaped,3400
1,68,DP,source,AdventurerAI.GrantReturnReward,44444
1,68,DP,source,AdventurerAI.TakeDamage,78348
1,68,Material,source,AdventurerAI.TakeDamage,927
1,68,DP,source,Nemesis.OnSlain,2560
1,68,Material,source,Nemesis.OnSlain,12
1,68,DP,stock,end,122369
1,68,Material,stock,end,276616
1,68,Fame,stock,end,140905
2,1,DP,sink,DungeonFeatureManager.TryPlaceTrap,-150
2,1,DP,source,AdventurerAI.ReapEmotion,200
2,1,DP,source,AdventurerAI.TakeDamage,326
2,1,Material,source,AdventurerAI.TakeDamage,14
2,1,DP,sink,CommandSystem.TryUse,-650
2,1,DP,source,AdventurerAI.GrantReturnReward,593
2,1,Fame,source,AdventurerAI.GrantReturnReward,40
2,1,Fame,source,LureEconomy.OnHeroEscaped,100
2,1,DP,stock,end,519
2,1,Material,stock,end,14
2,1,Fame,stock,end,140
2,2,DP,source,SurfaceMap.CollectYields,18
2,2,Material,source,SurfaceMap.CollectYields,1
2,2,Fame,source,SurfaceMap.CollectYields,4
2,2,DP,source,EraSystem.TickTurn,600
2,2,Fame,source,EraSystem.TickTurn,25
2,2,DP,sink,MinionRoster.TryForge,-236
2,2,DP,sink,MinionEvolution.TryEvolve,-550
2,2,DP,sink,DungeonFeatureManager.TryPlaceTrap,-300
2,2,DP,sink,MinionRoster.TrySummon,-39
2,2,DP,source,AdventurerAI.ReapEmotion,176
2,2,DP,source,AdventurerAI.TakeDamage,472
2,2,Material,source,AdventurerAI.TakeDamage,18
2,2,Fame,source,AdventurerAI.GrantReturnReward,40
2,2,Fame,source,LureEconomy.OnHeroEscaped,100
2,2,DP,source,AdventurerAI.GrantReturnReward,578
2,2,DP,sink,CommandSystem.TryUse,-1150
2,2,DP,stock,end,88
2,2,Material,stock,end,33
2,2,Fame,stock,end,309
2,3,DP,source,SurfaceMap.CollectYields,18
2,3,Material,source,SurfaceMap.CollectYields,1
2,3,Fame,source,SurfaceMap.CollectYields,4
2,3,DP,source,EraSystem.TickTurn,600
2,3,DP,sink,MinionRoster.TryForge,-236
2,3,DP,sink,MinionEvolution.TryEvolve,-75
2,3,DP,sink,DungeonFeatureManager.TryPlaceTrap,-300
2,3,DP,sink,MinionRoster.TrySummon,-78
2,3,DP,source,AdventurerAI.ReapEmotion,120
2,3,DP,source,AdventurerAI.TakeDamage,521
2,3,Material,source,AdventurerAI.TakeDamage,27
2,3,DP,sink,CommandSystem.TryUse,-1400
2,3,Fame,source,AdventurerAI.GrantReturnReward,40
2,3,Fame,source,LureEconomy.OnHeroEscaped,100
2,3,DP,source,Nemesis.OnSlain,874
2,3,Material,source,Nemesis.OnSlain,10
2,3,DP,source,AdventurerAI.GrantReturnReward,411
2,3,DP,stock,end,543
2,3,Material,stock,end,71
2,3,Fame,stock,end,453
2,4,DP,source,SurfaceMap.CollectYields,18
2,4,Material,source,SurfaceMap.CollectYields,1
2,4,Fame,source,SurfaceMap.CollectYields,4
2,4,DP,source,EraSystem.TickTurn,600
2,4,Material,source,EraSystem.TickTurn,10
2,4,DP,sink,MinionRoster.TryForge,-236
2,4,DP,sink,DungeonFloorManager.TryExpandFloor,-400
2,4,DP,sink,MinionEvolution.TryEvolve,-200
2,4,DP,sink,DungeonFeatureManager.TryPlaceTrap,-300
2,4,DP,sink,MinionRoster.TrySummon,-20
2,4,DP,source,AdventurerAI.ReapEmotion,114
2,4,DP,source,AdventurerAI.TakeDamage,408
2,4,Material,source,AdventurerAI.TakeDamage,14
2,4,Fame,source,AdventurerAI.GrantReturnReward,80
2,4,Fame,source,LureEconomy.OnHeroEscaped,200
2,4,DP,source,AdventurerAI.GrantReturnReward,751
2,4,DP,sink,CommandSystem.TryUse,-1150
2,4,DP,source,Nemesis.OnSlain,908
2,4,Material,source,Nemesis.OnSlain,10
2,4,DP,stock,end,1036
2,4,Material,stock,end,106
2,4,Fame,stock,end,737
2,5,DP,source,SurfaceMap.CollectYields,18
2,5,Material,source,SurfaceMap.CollectYields,1
2,5,Fame,source,SurfaceMap.CollectYields,4
2,5,DP,source,EraSystem.TickTurn,600
2,5,Material,source,EraSystem.TickTurn,10
2,5,DP,sink,MinionRoster.TryForge,-236
2,5,DP,sink,DungeonFloorManager.TryAddFloor,-800
2,5,DP,sink,MinionEvolution.TryEvolve,-200
2,5,DP,sink,MinionRoster.TryEvolveIndividual,-75
2,5,DP,sink,DungeonFeatureManager.TryPlaceTrap,-300
2,5,DP,sink,MinionRoster.TrySummon,-43
2,5,DP,source,AdventurerAI.TakeDamage,887
2,5,Material,source,AdventurerAI.TakeDamage,20
2,5,Fame,source,AdventurerAI.GrantReturnReward,70
2,5,Fame,source,LureEconomy.OnHeroEscaped,175
2,5,DP,source,AdventurerAI.ReapEmotion,79
2,5,DP,source,AdventurerAI.GrantReturnReward,193
2,5,DP,sink,CommandSystem.TryUse,-950
2,5,DP,stock,end,209
2,5,Material,stock,end,137
2,5,Fame,stock,end,986
2,6,DP,source,SurfaceMap.CollectYields,39
2,6,Material,source,SurfaceMap.CollectYields,2
2,6,Fame,source,SurfaceMap.CollectYields,9
2,6,DP,source,EraSystem.TickTurn,600
2,6,DP,sink,MinionRoster.TryForge,-212
2,6,DP,sink,MinionEvolution.TryEvolve,-325
2,6,DP,sink,DungeonFeatureManager.TryPlaceTrap,-150
2,6,DP,sink,MinionRoster.TrySummon,-158
2,6,DP,source,AdventurerAI.ReapEmotion,121
2,6,DP,source,AdventurerAI.TakeDamage,1655
2,6,Material,source,AdventurerAI.TakeDamage,39
2,6,DP,sink,CommandSystem.TryUse,-1800
2,6,Fame,source,AdventurerAI.GrantReturnReward,20
2,6,Fame,source,LureEconomy.OnHeroEscaped,50
2,6,DP,source,Nemesis.OnSlain,1458
2,6,Material,source,Nemesis.OnSlain,15
2,6,DP,stock,end,1437
2,6,Material,stock,end,193
2,6,Fame,stock,end,1065
2,7,DP,source,SurfaceMap.CollectYields,39
2,7,Material,source,SurfaceMap.CollectYields,2
2,7,Fame,source,SurfaceMap.CollectYields,9
2,7,DP,source,EraSystem.TickTurn,1020
2,7,DP,sink,MinionRoster.TryForge,-212
2,7,DP,sink,DungeonFloorManager.TryExpandFloor,-1200
2,7,DP,sink,MinionEvolution.TryEvolve,-750
2,7,DP,sink,DungeonFeatureManager.TryPlaceTrap,-150
2,7,DP,sink,MinionRoster.TrySummon,-180
2,7,DP,source,AdventurerAI.ReapEmotion,258
2,7,DP,source,AdventurerAI.TakeDamage,1661
2,7,Material,source,AdventurerAI.TakeDamage,40
2,7,DP,sink,CommandSystem.TryUse,-1800
2,7,DP,source,AdventurerAI.GrantReturnReward,580
2,7,Fame,source,AdventurerAI.GrantReturnReward,30
2,7,Fame,source,LureEconomy.OnHeroEscaped,75
2,7,DP,source,Nemesis.OnSlain,1946
2,7,Material,source,Nemesis.OnSlain,19
2,7,DP,stock,end,2649
2,7,Material,stock,end,254
2,7,Fame,stock,end,1179
2,8,DP,source,SurfaceMap.CollectYields,39
2,8,Material,source,SurfaceMap.CollectYields,2
2,8,Fame,source,SurfaceMap.CollectYields,9
2,8,DP,source,EraSystem.TickTurn,1020
2,8,Fame,source,EraSystem.TickTurn,25
2,8,DP,sink,MinionRoster.TryForge,-212
2,8,DP,sink,DungeonFloorManager.TryAddFloor,-2000
2,8,DP,sink,DungeonFloorManager.TryExpandFloor,-400
2,8,DP,sink,MinionEvolution.TryEvolve,-550
2,8,DP,sink,MinionRoster.TryEvolveIndividual,-175
2,8,DP,sink,DungeonFeatureManager.TryPlaceTrap,-150
2,8,DP,sink,MinionRoster.TrySummon,-209
2,8,DP,source,AdventurerAI.ReapEmotion,167
2,8,DP,source,AdventurerAI.TakeDamage,3243
2,8,Material,source,AdventurerAI.TakeDamage,104
2,8,DP,sink,CommandSystem.TryUse,-2650
2,8,DP,source,AdventurerAI.GrantReturnReward,1379
2,8,Fame,source,AdventurerAI.GrantReturnReward,50
2,8,Fame,source,LureEconomy.OnHeroEscaped,125
2,8,DP,source,Nemesis.OnSlain,1506
2,8,Material,source,Nemesis.OnSlain,15
2,8,DP,stock,end,3657
2,8,Material,stock,end,375
2,8,Fame,stock,end,1388
2,9,DP,source,SurfaceMap.CollectYields,45
2,9,Material,source,SurfaceMap.CollectYields,2
2,9,Fame,source,SurfaceMap.CollectYields,11
2,9,DP,source,EraSystem.TickTurn,600
2,9,Fame,source,EraSystem.TickTurn,25
2,9,DP,sink,MinionRoster.TryForge,-190
2,9,DP,sink,DungeonFloorManager.TryExpandFloor,-3100
2,9,DP,sink,MinionRoster.TryEvolveIndividual,-625
2,9,DP,sink,DungeonFeatureManager.TryPlaceTrap,-150
2,9,DP,sink,MinionRoster.TrySummon,-225
2,9,DP,source,AdventurerAI.ReapEmotion,82
2,9,DP,source,AdventurerAI.TakeDamage,2261
2,9,Material,source,AdventurerAI.TakeDamage,62
2,9,DP,source,AdventurerAI.GrantReturnReward,619
2,9,Fame,source,AdventurerAI.GrantReturnReward,40
2,9,Fame,source,LureEconomy.OnHeroEscaped,100
2,9,DP,sink,CommandSystem.TryUse,-1800
2,9,DP,source,Nemesis.OnSlain,1554
2,9,Material,source,Nemesis.OnSlain,15
2,9,DP,stock,end,2728
2,9,Material,stock,end,454
2,9,Fame,stock,end,1564
2,10,DP,source,SurfaceMap.CollectYields,79
2,10,Material,source,SurfaceMap.CollectYields,3
2,10,Fame,source,SurfaceMap.CollectYields,17
2,10,DP,source,EraSystem.TickTurn,600
2,10,DP,sink,MinionRoster.TryForge,-992
2,10,DP,sink,DungeonFloorManager.TryExpandFloor,-1500
2,10,DP,sink,MinionRoster.TryEvolveIndividual,-325
2,10,DP,sink,DungeonFeatureManager.TryPlaceTrap,-300
2,10,DP,sink,MinionRoster.TrySummon,-271
2,10,DP,source,AdventurerAI.ReapEmotion,295
2,10,DP,sink,CommandSystem.TryUse,-2650
2,10,DP,source,AdventurerAI.GrantReturnReward,1446
2,10,Fame,source,AdventurerAI.GrantReturnReward,50
2,10,Fame,source,LureEconomy.OnHeroEscaped,125
2,10,DP,source,AdventurerAI.TakeDamage,2229
2,10,Material,source,AdventurerAI.TakeDamage,62
2,10,DP,source,Nemesis.OnSlain,1070
2,10,Material,source,Nemesis.OnSlain,10
2,10,DP,stock,end,2409
2,10,Material,stock,end,529
2,10,Fame,stock,end,1756
2,11,DP,source,SurfaceMap.CollectYields,79
2,11,Material,source,SurfaceMap.CollectYields,3
2,11,Fame,source,SurfaceMap.CollectYields,17
2,11,DP,source,EraSystem.TickTurn,300
2,11,DP,sink,MinionRoster.TryForge,-788
2,11,DP,sink,DungeonFloorManager.TryExpandFloor,-1500
2,11,DP,sink,MinionRoster.TryEvolveIndividual,-75
2,11,DP,sink,DungeonFeatureManager.TryPlaceTrap,-150
2,11,DP,sink,MinionRoster.TrySummon,-271
2,11,DP,source,AdventurerAI.ReapEmotion,289
2,11,DP,source,AdventurerAI.TakeDamage,3095
2,11,Material,source,AdventurerAI.TakeDamage,78
2,11,DP,sink,CommandSystem.TryUse,-1800
2,11,DP,source,Nemesis.OnSlain,1653
2,11,Material,source,Nemesis.OnSlain,15
2,11,DP,source,AdventurerAI.GrantReturnReward,220
2,11,Fame,source,AdventurerAI.GrantReturnReward,20
2,11,Fame,source,LureEconomy.OnHeroEscaped,50
2,11,DP,stock,end,3461
2,11,Material,stock,end,625
2,11,Fame,stock,end,1843
2,12,DP,source,SurfaceMap.CollectYields,79
2,12,Material,source,SurfaceMap.CollectYields,3
2,12,Fame,source,SurfaceMap.CollectYields,17
2,12,DP,source,DistrictCatalog.Collect,112
2,12,DP,sink,MinionRoster.TryForge,-3250
2,12,DP,sink,DungeonFeatureManager.TryPlaceTrap,-150
2,12,DP,sink,MinionRoster.TrySummon,-251
2,12,DP,source,AdventurerAI.ReapEmotion,90
2,12,DP,source,AdventurerAI.TakeDamage,3562
2,12,Material,source,AdventurerAI.TakeDamage,94
2,12,DP,sink,CommandSystem.TryUse,-2800
2,12,DP,source,AdventurerAI.GrantReturnReward,1890
2,12,Fame,source,AdventurerAI.GrantReturnReward,110
2,12,Fame,source,LureEconomy.OnHeroEscaped,275
2,12,DP,source,Nemesis.OnSlain,567
2,12,Material,source,Nemesis.OnSlain,5
2,12,DP,stock,end,3310
2,12,Material,stock,end,727
2,12,Fame,stock,end,2245
2,13,DP,source,SurfaceMap.CollectYields,81
2,13,Material,source,SurfaceMap.CollectYields,4
2,13,Fame,source,SurfaceMap.CollectYields,19
2,13,DP,source,DistrictCatalog.Collect,112
2,13,DP,sink,MinionRoster.TryForge,-598
2,13,DP,sink,DungeonFloorManager.TryExpandFloor,-2500
2,13,DP,sink,DungeonFeatureManager.TryPlaceTrap,-150
2,13,DP,sink,MinionRoster.TrySummon,-255
2,13,DP,source,AdventurerAI.ReapEmotion,93
2,13,DP,source,AdventurerAI.TakeDamage,4002
2,13,Material,source,AdventurerAI.TakeDamage,81
2,13,DP,source,AdventurerAI.GrantReturnReward,86
2,13,Fame,source,AdventurerAI.GrantReturnReward,30
2,13,Fame,source,LureEconomy.OnHeroEscaped,75
2,13,DP,sink,CommandSystem.TryUse,-1800
2,13,DP,source,Nemesis.OnSlain,567
2,13,Material,source,Nemesis.OnSlain,5
2,13,DP,stock,end,2948
2,13,Material,stock,end,817
2,13,Fame,stock,end,2369
2,14,DP,source,SurfaceMap.CollectYields,83
2,14,Material,source,SurfaceMap.CollectYields,4
2,14,Fame,source,SurfaceMap.CollectYields,19
2,14,DP,source,DistrictCatalog.Collect,112
2,14,DP,sink,MinionRoster.TryForge,-2584
2,14,DP,sink,DungeonFeatureManager.TryPlaceTrap,-300
2,14,DP,sink,MinionRoster.TrySummon,-258
2,14,DP,source,AdventurerAI.TakeDamage,3933
2,14,Material,source,AdventurerAI.TakeDamage,122
2,14,DP,sink,CommandSystem.TryUse,-1800
2,14,Fame,source,AdventurerAI.GrantReturnReward,20
2,14,Fame,source,LureEconomy.OnHeroEscaped,50
2,14,DP,source,AdventurerAI.ReapEmotion,135
2,14,DP,source,Nemesis.OnSlain,2600
2,14,Material,source,Nemesis.OnSlain,21
2,14,DP,stock,end,4869
2,14,Material,stock,end,964
2,14,Fame,stock,end,2458
2,15,DP,source,SurfaceMap.CollectYields,83
2,15,Material,source,SurfaceMap.CollectYields,4
2,15,Fame,source,SurfaceMap.CollectYields,19
2,15,DP,source,DistrictCatalog.Collect,126
2,15,DP,sink,MinionRoster.TryForge,-1958
2,15,DP,sink,DungeonFloorManager.TryExpandFloor,-2500
2,15,DP,sink,DungeonFeatureManager.TryPlaceTrap,-450
2,15,DP,sink,MinionRoster.TrySummon,-162
2,15,DP,source,AdventurerAI.ReapEmotion,126
2,15,DP,source,AdventurerAI.TakeDamage,4059
2,15,Material,source,AdventurerAI.TakeDamage,86
2,15,DP,sink,CommandSystem.TryUse,-1800
2,15,DP,source,Nemesis.OnSlain,1215
2,15,Material,source,Nemesis.OnSlain,10
2,15,DP,stock,end,3608
2,15,Material,stock,end,1064
2,15,Fame,stock,end,2477
2,16,DP,source,SurfaceMap.CollectYields,83
2,16,Material,source,SurfaceMap.CollectYields,4
2,16,Fame,source,SurfaceMap.CollectYields,19
2,16,DP,source,DistrictCatalog.Collect,126
2,16,DP,source,WaveRoster.ResolveTrial,1800
2,16,DP,sink,MinionRoster.TryForge,-190
2,16,DP,sink,DungeonFloorManager.TryAddFloor,-5000
2,16,DP,sink,DungeonFeatureManager.TryPlaceTrap,-150
2,16,DP,sink,MinionRoster.TrySummon,-270
2,16,DP,source,AdventurerAI.TakeDamage,4321
2,16,Material,source,AdventurerAI.TakeDamage,107
2,16,DP,sink,CommandSystem.TryUse,-2450
2,16,DP,source,AdventurerAI.ReapEmotion,93
2,16,DP,source,Nemesis.OnSlain,1848
2,16,Material,source,Nemesis.OnSlain,15
2,16,DP,stock,end,3819
2,16,Material,stock,end,1190
2,16,Fame,stock,end,2496
2,17,DP,source,SurfaceMap.CollectYields,83
2,17,Material,source,SurfaceMap.CollectYields,4
2,17,Fame,source,SurfaceMap.CollectYields,19
2,17,DP,source,DistrictCatalog.Collect,126
2,17,DP,source,EraSystem.TickTurn,720
2,17,DP,sink,MinionRoster.TryForge,-1387
2,17,DP,sink,DungeonFloorManager.TryExpandFloor,-2700
2,17,DP,sink,DungeonFeatureManager.TryPlaceTrap,-450
2,17,DP,sink,MinionRoster.TrySummon,-204
2,17,DP,source,AdventurerAI.TakeDamage,3986
2,17,Material,source,AdventurerAI.TakeDamage,95
2,17,DP,sink,CommandSystem.TryUse,-2450
2,17,DP,source,AdventurerAI.ReapEmotion,118
2,17,DP,source,AdventurerAI.GrantReturnReward,188
2,17,Fame,source,AdventurerAI.GrantReturnReward,20
2,17,Fame,source,LureEconomy.OnHeroEscaped,50
2,17,DP,source,Nemesis.OnSlain,1928
2,17,Material,source,Nemesis.OnSlain,15
2,17,DP,stock,end,3777
2,17,Material,stock,end,1304
2,17,Fame,stock,end,2585
2,18,DP,source,SurfaceMap.CollectYields,83
2,18,Material,source,SurfaceMap.CollectYields,4
2,18,Fame,source,SurfaceMap.CollectYields,19
2,18,DP,source,DistrictCatalog.Collect,126
2,18,DP,source,EraSystem.TickTurn,300
2,18,DP,sink,MinionRoster.TryForge,-1196
2,18,DP,sink,DungeonFloorManager.TryExpandFloor,-2500
2,18,DP,sink,MinionRoster.TryEvolveIndividual,-75
2,18,DP,sink,DungeonFeatureManager.TryPlaceTrap,-300
2,18,DP,sink,MinionRoster.TrySummon,-212
2,18,DP,source,AdventurerAI.TakeDamage,5349
2,18,Material,source,AdventurerAI.TakeDamage,120
2,18,DP,sink,CommandSystem.TryUse,-2450
2,18,DP,source,AdventurerAI.ReapEmotion,149
2,18,Fame,source,AdventurerAI.GrantReturnReward,20
2,18,Fame,source,LureEconomy.OnHeroEscaped,50
2,18,DP,stock,end,3051
2,18,Material,stock,end,1428
2,18,Fame,stock,end,2674
2,19,DP,source,SurfaceMap.CollectYields,101
2,19,Material,source,SurfaceMap.CollectYields,5
2,19,Fame,source,SurfaceMap.CollectYields,23
2,19,DP,source,DistrictCatalog.Collect,154
2,19,DP,sink,MinionRoster.TryForge,-2503
2,19,DP,sink,DungeonFeatureManager.TryPlaceTrap,-600
2,19,DP,sink,MinionRoster.TrySummon,-181
2,19,Fame,source,AdventurerAI.GrantReturnReward,30
2,19,Fame,source,LureEconomy.OnHeroEscaped,75
2,19,DP,source,AdventurerAI.TakeDamage,4982
2,19,Material,source,AdventurerAI.TakeDamage,116
2,19,DP,sink,CommandSystem.TryUse,-2450
2,19,DP,source,AdventurerAI.ReapEmotion,97
2,19,DP,source,Nemesis.OnSlain,1296
2,19,Material,source,Nemesis.OnSlain,10
2,19,DP,stock,end,3947
2,19,Material,stock,end,1559
2,19,Fame,stock,end,2802
2,20,DP,source,SurfaceMap.CollectYields,163
2,20,Material,source,SurfaceMap.CollectYields,6
2,20,Fame,source,SurfaceMap.CollectYields,34
2,20,DP,source,DistrictCatalog.Collect,154
2,20,DP,sink,MinionRoster.TryForge,-979
2,20,DP,sink,DungeonFloorManager.TryExpandFloor,-2500
2,20,DP,sink,DungeonFeatureManager.TryPlaceTrap,-600
2,20,DP,sink,MinionRoster.TrySummon,-170
2,20,DP,source,AdventurerAI.TakeDamage,5739
2,20,Material,source,AdventurerAI.TakeDamage,119
2,20,DP,sink,CommandSystem.TryUse,-1800
2,20,DP,source,AdventurerAI.ReapEmotion,598
2,20,DP,source,Nemesis.OnSlain,664
2,20,Material,source,Nemesis.OnSlain,5
2,20,DP,stock,end,5216
2,20,Material,stock,end,1689
2,20,Fame,stock,end,2836
2,21,DP,source,SurfaceMap.CollectYields,163
2,21,Material,source,SurfaceMap.CollectYields,6
2,21,Fame,source,SurfaceMap.CollectYields,34
2,21,DP,source,DistrictCatalog.Collect,154
2,21,DP,source,WaveRoster.ResolveTrial,2400
2,21,DP,sink,MinionRoster.TryForge,-6911
2,21,DP,sink,MinionRoster.TryEvolveIndividual,-325
2,21,DP,sink,DungeonFeatureManager.TryPlaceTrap,-450
2,21,DP,sink,MinionRoster.TrySummon,-240
2,21,DP,source,AdventurerAI.TakeDamage,5871
2,21,Material,source,AdventurerAI.TakeDamage,120
2,21,Fame,source,AdventurerAI.GrantReturnReward,20
2,21,Fame,source,LureEconomy.OnHeroEscaped,50
2,21,DP,source,AdventurerAI.ReapEmotion,130
2,21,DP,sink,CommandSystem.TryUse,-1800
2,21,DP,source,AdventurerAI.GrantReturnReward,33
2,21,DP,source,Nemesis.OnSlain,2040
2,21,Material,source,Nemesis.OnSlain,15
2,21,DP,stock,end,6281
2,21,Material,stock,end,1830
2,21,Fame,stock,end,2940
2,22,DP,source,SurfaceMap.CollectYields,163
2,22,Material,source,SurfaceMap.CollectYields,6
2,22,Fame,source,SurfaceMap.CollectYields,34
2,22,DP,source,DistrictCatalog.Collect,154
2,22,DP,sink,MinionRoster.TryForge,-5551
2,22,DP,sink,MinionRoster.TryEvolveIndividual,-325
2,22,DP,sink,DungeonFeatureManager.TryPlaceTrap,-450
2,22,DP,sink,MinionRoster.TrySummon,-267
2,22,DP,source,AdventurerAI.ReapEmotion,108
2,22,DP,source,AdventurerAI.TakeDamage,6232
2,22,Material,source,AdventurerAI.TakeDamage,172
2,22,DP,source,AdventurerAI.GrantReturnReward,34
2,22,Fame,source,AdventurerAI.GrantReturnReward,30
2,22,Fame,source,LureEconomy.OnHeroEscaped,75
2,22,DP,sink,CommandSystem.TryUse,-3300
2,22,DP,source,Nemesis.OnSlain,2123
2,22,Material,source,Nemesis.OnSlain,15
2,22,DP,stock,end,5202
2,22,Material,stock,end,2023
2,22,Fame,stock,end,3079
2,23,DP,source,SurfaceMap.CollectYields,163
2,23,Material,source,SurfaceMap.CollectYields,6
2,23,Fame,source,SurfaceMap.CollectYields,34
2,23,DP,source,DistrictCatalog.Collect,140
2,23,DP,sink,MinionRoster.TryForge,-4896
2,23,DP,sink,DungeonFeatureManager.TryPlaceTrap,-450
2,23,DP,sink,MinionRoster.TrySummon,-158
2,23,DP,source,AdventurerAI.TakeDamage,5927
2,23,Material,source,AdventurerAI.TakeDamage,114
2,23,Fame,source,AdventurerAI.GrantReturnReward,80
2,23,Fame,source,LureEconomy.OnHeroEscaped,200
2,23,DP,sink,CommandSystem.TryUse,-1800
2,23,DP,source,AdventurerAI.ReapEmotion,137
2,23,DP,stock,end,4265
2,23,Material,stock,end,2143
2,23,Fame,stock,end,3393
2,24,DP,source,SurfaceMap.CollectYields,144
2,24,Material,source,SurfaceMap.CollectYields,7
2,24,Fame,source,SurfaceMap.CollectYields,32
2,24,DP,source,DistrictCatalog.Collect,140
2,24,DP,sink,MinionRoster.TryForge,-168
2,24,DP,sink,MinionEvolution.TryEvolve,-3875
2,24,DP,sink,MinionRoster.TryEvolveIndividual,-200
2,24,DP,sink,DungeonFeatureManager.TryPlaceTrap,-150
2,24,DP,sink,MinionRoster.TrySummon,-126
2,24,DP,source,AdventurerAI.TakeDamage,8230
2,24,Material,source,AdventurerAI.TakeDamage,172
2,24,DP,sink,CommandSystem.TryUse,-2450
2,24,Fame,source,AdventurerAI.GrantReturnReward,60
2,24,Fame,source,LureEconomy.OnHeroEscaped,150
2,24,DP,source,AdventurerAI.ReapEmotion,134
2,24,DP,source,Nemesis.OnSlain,713
2,24,Material,source,Nemesis.OnSlain,5
2,24,DP,source,AdventurerAI.GrantReturnReward,75
2,24,DP,stock,end,6732
2,24,Material,stock,end,2327
2,24,Fame,stock,end,3635
2,25,DP,source,SurfaceMap.CollectYields,144
2,25,Material,source,SurfaceMap.CollectYields,7
2,25,Fame,source,SurfaceMap.CollectYields,32
2,25,DP,source,DistrictCatalog.Collect,28
2,25,DP,source,EraSystem.TickTurn,3840
2,25,DP,sink,MinionRoster.TryForge,-168
2,25,DP,sink,MinionEvolution.TryEvolve,-1025
2,25,DP,sink,MinionRoster.TryEvolveIndividual,-9250
2,25,DP,sink,DungeonFeatureManager.TryPlaceTrap,-150
2,25,DP,sink,MinionRoster.TrySummon,-130
2,25,DP,source,AdventurerAI.ReapEmotion,193
2,25,DP,source,AdventurerAI.TakeDamage,9954
2,25,Material,source,AdventurerAI.TakeDamage,278
2,25,DP,sink,CommandSystem.TryUse,-5450
2,25,Fame,source,AdventurerAI.GrantReturnReward,60
2,25,Fame,source,LureEconomy.OnHeroEscaped,150
2,25,DP,source,AdventurerAI.GrantReturnReward,1054
2,25,DP,source,Nemesis.OnSlain,1458
2,25,Material,source,Nemesis.OnSlain,10
2,25,DP,stock,end,7230
2,25,Material,stock,end,2622
2,25,Fame,stock,end,3877
2,26,DP,source,SurfaceMap.CollectYields,144
2,26,Material,source,SurfaceMap.CollectYields,7
2,26,Fame,source,SurfaceMap.CollectYields,32
2,26,DP,source,DistrictCatalog.Collect,28
2,26,DP,source,EraSystem.TickTurn,6528
2,26,DP,source,WaveRoster.ResolveTrial,3000
2,26,DP,sink,MinionRoster.TryForge,-168
2,26,DP,sink,DungeonFloorManager.TryAddFloor,-12500
2,26,DP,sink,DungeonFloorManager.TryExpandFloor,-2700
2,26,DP,sink,MinionRoster.TryEvolveIndividual,-1250
2,26,DP,sink,DungeonFeatureManager.TryPlaceTrap,-150
2,26,DP,sink,MinionRoster.TrySummon,-140
2,26,DP,source,AdventurerAI.TakeDamage,6319
2,26,Material,source,AdventurerAI.TakeDamage,93
2,26,DP,sink,CommandSystem.TryUse,-2150
2,26,Fame,source,AdventurerAI.GrantReturnReward,40
2,26,Fame,source,LureEconomy.OnHeroEscaped,100
2,26,DP,source,AdventurerAI.ReapEmotion,147
2,26,DP,source,AdventurerAI.GrantReturnReward,109
2,26,DP,source,Nemesis.OnSlain,2543
2,26,Material,source,Nemesis.OnSlain,17
2,26,DP,stock,end,6990
2,26,Material,stock,end,2739
2,26,Fame,stock,end,4049
2,27,DP,source,SurfaceMap.CollectYields,144
2,27,Material,source,SurfaceMap.CollectYields,7
2,27,Fame,source,SurfaceMap.CollectYields,32
2,27,DP,source,DistrictCatalog.Collect,28
2,27,DP,source,EraSystem.TickTurn,6528
2,27,DP,sink,MinionRoster.TryForge,-9018
2,27,DP,sink,DungeonFloorManager.TryExpandFloor,-2500
2,27,DP,sink,MinionRoster.TryEvolveIndividual,-1150
2,27,Material,sink,MinionRoster.TryForge,-10
2,27,DP,sink,DungeonFeatureManager.TryPlaceTrap,-750
2,27,DP,sink,MinionRoster.TrySummon,-264
2,27,DP,source,AdventurerAI.TakeDamage,13042
2,27,Material,source,AdventurerAI.TakeDamage,309
2,27,Fame,source,AdventurerAI.GrantReturnReward,120
2,27,Fame,source,LureEconomy.OnHeroEscaped,300
2,27,DP,sink,CommandSystem.TryUse,-5100
2,27,DP,source,AdventurerAI.ReapEmotion,139
2,27,DP,source,AdventurerAI.GrantReturnReward,1684
2,27,DP,source,Nemesis.OnSlain,1522
2,27,Material,source,Nemesis.OnSlain,10
2,27,DP,stock,end,11295
2,27,Material,stock,end,3055
2,27,Fame,stock,end,4501
2,28,DP,source,SurfaceMap.CollectYields,164
2,28,Material,source,SurfaceMap.CollectYields,8
2,28,Fame,source,SurfaceMap.CollectYields,36
2,28,DP,source,DistrictCatalog.Collect,28
2,28,DP,source,EraSystem.TickTurn,3840
2,28,DP,sink,MinionRoster.TryForge,-12600
2,28,DP,sink,MinionRoster.TryEvolveIndividual,-1750
2,28,Material,sink,MinionRoster.TryForge,-40
2,28,DP,sink,DungeonFeatureManager.TryPlaceTrap,-750
2,28,DP,sink,MinionRoster.TrySummon,-207
2,28,DP,source,AdventurerAI.TakeDamage,16308
2,28,Material,source,AdventurerAI.TakeDamage,359
2,28,DP,sink,CommandSystem.TryUse,-5100
2,28,Fame,source,AdventurerAI.GrantReturnReward,140
2,28,Fame,source,LureEconomy.OnHeroEscaped,350
2,28,DP,source,AdventurerAI.ReapEmotion,197
2,28,DP,source,AdventurerAI.GrantReturnReward,2139
2,28,DP,source,Nemesis.OnSlain,1522
2,28,Material,source,Nemesis.OnSlain,12
2,28,DP,stock,end,15086
2,28,Material,stock,end,3394
2,28,Fame,stock,end,5027
2,29,DP,source,SurfaceMap.CollectYields,164
2,29,Material,source,SurfaceMap.CollectYields,9
2,29,Fame,source,SurfaceMap.CollectYields,36
2,29,DP,source,DistrictCatalog.Collect,28
2,29,DP,source,EraSystem.TickTurn,3840
2,29,DP,sink,MinionRoster.TryForge,-17160
2,29,DP,sink,MinionRoster.TryEvolveIndividual,-850
2,29,Material,sink,MinionRoster.TryForge,-56
2,29,DP,sink,DungeonFeatureManager.TryPlaceTrap,-900
2,29,DP,sink,MinionRoster.TrySummon,-207
2,29,DP,source,AdventurerAI.ReapEmotion,109
2,29,DP,source,AdventurerAI.TakeDamage,21728
2,29,Material,source,AdventurerAI.TakeDamage,259
2,29,DP,sink,CommandSystem.TryUse,-3300
2,29,DP,source,AdventurerAI.GrantReturnReward,2854
2,29,Fame,source,AdventurerAI.GrantReturnReward,40
2,29,Fame,source,LureEconomy.OnHeroEscaped,100
2,29,DP,source,Nemesis.OnSlain,2719
2,29,Material,source,Nemesis.OnSlain,20
2,29,DP,stock,end,24111
2,29,Material,stock,end,3626
2,29,Fame,stock,end,5203
2,30,DP,source,SurfaceMap.CollectYields,164
2,30,Material,source,SurfaceMap.CollectYields,9
2,30,Fame,source,SurfaceMap.CollectYields,36
2,30,DP,source,DistrictCatalog.Collect,28
2,30,DP,source,EraSystem.TickTurn,6528
2,30,Material,source,EraSystem.TickTurn,37
2,30,DP,sink,MinionRoster.TryForge,-23790
2,30,DP,sink,MinionRoster.TryEvolveIndividual,-425
2,30,Material,sink,MinionRoster.TryForge,-126
2,30,DP,sink,DungeonFeatureManager.TryPlaceTrap,-3600
2,30,DP,sink,MinionRoster.TrySummon,-2994
2,30,Fame,source,AdventurerAI.GrantReturnReward,190
2,30,Fame,source,LureEconomy.OnHeroEscaped,475
2,30,DP,source,AdventurerAI.ReapEmotion,204
2,30,DP,source,AdventurerAI.TakeDamage,20293
2,30,Material,source,AdventurerAI.TakeDamage,483
2,30,DP,sink,CommandSystem.TryUse,-5450
2,30,DP,source,AdventurerAI.GrantReturnReward,3933
2,30,DP,source,Nemesis.OnSlain,1588
2,30,Material,source,Nemesis.OnSlain,12
2,30,DP,stock,end,20590
2,30,Material,stock,end,4041
2,30,Fame,stock,end,5904
2,31,DP,source,SurfaceMap.CollectYields,164
2,31,Material,source,SurfaceMap.CollectYields,9
2,31,Fame,source,SurfaceMap.CollectYields,36
2,31,DP,source,DistrictCatalog.Collect,28
2,31,DP,source,EraSystem.TickTurn,3840
2,31,Material,source,EraSystem.TickTurn,74
2,31,DP,source,WaveRoster.ResolveTrial,3300
2,31,DP,sink,MinionRoster.TryForge,-18960
2,31,DP,sink,MinionRoster.TryEvolveIndividual,-525
2,31,Material,sink,MinionRoster.TryForge,-96
2,31,DP,sink,DungeonFeatureManager.TryPlaceTrap,-3450
2,31,DP,sink,MinionRoster.TrySummon,-4983
2,31,DP,source,AdventurerAI.ReapEmotion,208
2,31,Fame,source,AdventurerAI.GrantReturnReward,170
2,31,Fame,source,LureEconomy.OnHeroEscaped,425
2,31,DP,source,AdventurerAI.TakeDamage,25168
2,31,Material,source,AdventurerAI.TakeDamage,255
2,31,DP,sink,CommandSystem.TryUse,-5600
2,31,DP,source,AdventurerAI.GrantReturnReward,3288
2,31,DP,source,Nemesis.OnSlain,2446
2,31,Material,source,Nemesis.OnSlain,18
2,31,DP,stock,end,25514
2,31,Material,stock,end,4301
2,31,Fame,stock,end,6535
2,32,DP,source,SurfaceMap.CollectYields,180
2,32,Material,source,SurfaceMap.CollectYields,10
2,32,Fame,source,SurfaceMap.CollectYields,32
2,32,DP,source,DistrictCatalog.Collect,28
2,32,DP,source,EraSystem.TickTurn,6528
2,32,Fame,source,EraSystem.TickTurn,272
2,32,DP,sink,MinionRoster.TryForge,-168
2,32,DP,sink,DungeonFloorManager.TryAddFloor,-31250
2,32,DP,sink,DungeonFloorManager.TryExpandFloor,-400
2,32,DP,sink,DungeonFeatureManager.TryPlaceTrap,-150
2,32,DP,sink,MinionRoster.TrySummon,-252
2,32,DP,source,AdventurerAI.TakeDamage,30913
2,32,Material,source,AdventurerAI.TakeDamage,514
2,32,DP,source,AdventurerAI.ReapEmotion,179
2,32,DP,source,AdventurerAI.GrantReturnReward,7376
2,32,Fame,source,AdventurerAI.GrantReturnReward,270
2,32,Fame,source,LureEconomy.OnHeroEscaped,675
2,32,DP,sink,CommandSystem.TryUse,-5950
2,32,DP,source,Nemesis.OnSlain,1652
2,32,Material,source,Nemesis.OnSlain,12
2,32,DP,stock,end,34200
2,32,Material,stock,end,4837
2,32,Fame,stock,end,7784
2,33,DP,source,SurfaceMap.CollectYields,180
2,33,Material,source,SurfaceMap.CollectYields,10
2,33,Fame,source,SurfaceMap.CollectYields,32
2,33,DP,source,DistrictCatalog.Collect,28
2,33,DP,source,EraSystem.TickTurn,1920
2,33,DP,sink,MinionRoster.TryForge,-11592
2,33,DP,sink,DungeonFloorManager.TryExpandFloor,-4800
2,33,DP,sink,MinionRoster.TryEvolveIndividual,-1400
2,33,Material,sink,MinionRoster.TryForge,-16
2,33,DP,sink,DungeonFeatureManager.TryPlaceTrap,-3600
2,33,DP,sink,MinionRoster.TrySummon,-14923
2,33,DP,source,AdventurerAI.TakeDamage,19425
2,33,Material,source,AdventurerAI.TakeDamage,255
2,33,DP,sink,CommandSystem.TryUse,-5450
2,33,Fame,source,AdventurerAI.GrantReturnReward,90
2,33,Fame,source,LureEconomy.OnHeroEscaped,225
2,33,DP,source,AdventurerAI.ReapEmotion,125
2,33,DP,source,AdventurerAI.GrantReturnReward,572
2,33,DP,source,Nemesis.OnSlain,1652
2,33,Material,source,Nemesis.OnSlain,12
2,33,DP,stock,end,16337
2,33,Material,stock,end,5098
2,33,Fame,stock,end,8131
2,34,DP,source,SurfaceMap.CollectYields,180
2,34,Material,source,SurfaceMap.CollectYields,10
2,34,Fame,source,SurfaceMap.CollectYields,32
2,34,DP,source,DistrictCatalog.Collect,28
2,34,DP,sink,MinionRoster.TryForge,-5448
2,34,DP,sink,MinionRoster.TryEvolveIndividual,-375
2,34,DP,sink,DungeonFeatureManager.TryPlaceTrap,-2850
2,34,DP,sink,MinionRoster.TrySummon,-7848
2,34,DP,source,AdventurerAI.TakeDamage,54328
2,34,Material,source,AdventurerAI.TakeDamage,530
2,34,DP,source,AdventurerAI.ReapEmotion,157
2,34,DP,sink,CommandSystem.TryUse,-5450
2,34,DP,source,AdventurerAI.GrantReturnReward,10299
2,34,Fame,source,AdventurerAI.GrantReturnReward,240
2,34,Fame,source,LureEconomy.OnHeroEscaped,600
2,34,DP,source,Nemesis.OnSlain,1717
2,34,Material,source,Nemesis.OnSlain,12
2,34,DP,stock,end,61075
2,34,Material,stock,end,5650
2,34,Fame,stock,end,9003
2,35,DP,source,SurfaceMap.CollectYields,209
2,35,Material,source,SurfaceMap.CollectYields,12
2,35,Fame,source,SurfaceMap.CollectYields,37
2,35,DP,source,DistrictCatalog.Collect,28
2,35,DP,sink,MinionRoster.TryForge,-19572
2,35,DP,sink,DungeonFeatureManager.TryPlaceTrap,-1800
2,35,DP,sink,MinionRoster.TrySummon,-38790
2,35,Material,sink,MinionRoster.TryForge,-12
2,35,DP,sink,CommandSystem.TryUse,-6250
2,35,DP,source,AdventurerAI.ReapEmotion,131
2,35,DP,source,AdventurerAI.TakeDamage,52451
2,35,Material,source,AdventurerAI.TakeDamage,626
2,35,DP,source,AdventurerAI.GrantReturnReward,12239
2,35,Fame,source,AdventurerAI.GrantReturnReward,340
2,35,Fame,source,LureEconomy.OnHeroEscaped,850
2,35,DP,source,Nemesis.OnSlain,2913
2,35,Material,source,Nemesis.OnSlain,20
2,35,DP,stock,end,62634
2,35,Material,stock,end,6296
2,35,Fame,stock,end,10230
2,36,DP,source,SurfaceMap.CollectYields,209
2,36,Material,source,SurfaceMap.CollectYields,12
2,36,Fame,source,SurfaceMap.CollectYields,37
2,36,DP,source,DistrictCatalog.Collect,28
2,36,DP,sink,MinionRoster.TryForge,-27060
2,36,Material,sink,MinionRoster.TryForge,-132
2,36,DP,sink,MinionRoster.TrySummon,-35774
2,36,DP,source,AdventurerAI.ReapEmotion,211
2,36,DP,source,AdventurerAI.GrantReturnReward,8338
2,36,Fame,source,AdventurerAI.GrantReturnReward,410
2,36,Fame,source,LureEconomy.OnHeroEscaped,1025
2,36,DP,source,AdventurerAI.TakeDamage,43746
2,36,Material,source,AdventurerAI.TakeDamage,320
2,36,DP,sink,CommandSystem.TryUse,-6050
2,36,DP,source,Nemesis.OnSlain,3137
2,36,Material,source,Nemesis.OnSlain,20
2,36,DP,stock,end,49419
2,36,Material,stock,end,6516
2,36,Fame,stock,end,11702
2,37,DP,source,SurfaceMap.CollectYields,209
2,37,Material,source,SurfaceMap.CollectYields,12
2,37,Fame,source,SurfaceMap.CollectYields,37
2,37,DP,source,DistrictCatalog.Collect,28
2,37,DP,sink,MinionRoster.TryForge,-40320
2,37,Material,sink,MinionRoster.TryForge,-336
2,37,DP,sink,MinionRoster.TrySummon,-9320
2,37,DP,source,AdventurerAI.TakeDamage,47579
2,37,Material,source,AdventurerAI.TakeDamage,330
2,37,DP,source,AdventurerAI.ReapEmotion,117
2,37,DP,sink,CommandSystem.TryUse,-5950
2,37,DP,source,AdventurerAI.GrantReturnReward,9037
2,37,Fame,source,AdventurerAI.GrantReturnReward,280
2,37,Fame,source,LureEconomy.OnHeroEscaped,700
2,37,DP,stock,end,50799
2,37,Material,stock,end,6522
2,37,Fame,stock,end,12719
2,38,DP,source,SurfaceMap.CollectYields,209
2,38,Material,source,SurfaceMap.CollectYields,12
2,38,Fame,source,SurfaceMap.CollectYields,37
2,38,DP,source,DistrictCatalog.Collect,28
2,38,DP,sink,MinionRoster.TryForge,-40320
2,38,Material,sink,MinionRoster.TryForge,-336
2,38,DP,sink,MinionRoster.TrySummon,-10705
2,38,Fame,source,AdventurerAI.GrantReturnReward,300
2,38,Fame,source,LureEconomy.OnHeroEscaped,750
2,38,DP,source,AdventurerAI.ReapEmotion,166
2,38,DP,source,AdventurerAI.GrantReturnReward,4757
2,38,DP,sink,CommandSystem.TryUse,-4450
2,38,DP,source,AdventurerAI.TakeDamage,18927
2,38,Material,source,AdventurerAI.TakeDamage,178
2,38,DP,source,Nemesis.OnSlain,891
2,38,Material,source,Nemesis.OnSlain,6
2,38,DP,stock,end,20302
2,38,Material,stock,end,6382
2,38,Fame,stock,end,13806
2,39,DP,source,SurfaceMap.CollectYields,210
2,39,Material,source,SurfaceMap.CollectYields,12
2,39,Fame,source,SurfaceMap.CollectYields,38
2,39,DP,source,DistrictCatalog.Collect,28
2,39,Material,source,DistrictCatalog.Collect,7
2,39,DP,sink,MinionRoster.TryForge,-19080
2,39,Material,sink,MinionRoster.TryForge,-174
2,39,DP,sink,MinionRoster.TrySummon,-1444
2,39,DP,source,AdventurerAI.TakeDamage,61328
2,39,Material,source,AdventurerAI.TakeDamage,995
2,39,DP,source,AdventurerAI.ReapEmotion,113
2,39,DP,sink,CommandSystem.TryUse,-5950
2,39,DP,source,AdventurerAI.GrantReturnReward,8077
2,39,Fame,source,AdventurerAI.GrantReturnReward,220
2,39,Fame,source,LureEconomy.OnHeroEscaped,550
2,39,DP,source,Nemesis.OnSlain,1880
2,39,Material,source,Nemesis.OnSlain,12
2,39,DP,stock,end,65464
2,39,Material,stock,end,7234
2,39,Fame,stock,end,14614
2,40,DP,source,SurfaceMap.CollectYields,210
2,40,Material,source,SurfaceMap.CollectYields,12
2,40,Fame,source,SurfaceMap.CollectYields,38
2,40,DP,source,DistrictCatalog.Collect,28
2,40,Material,source,DistrictCatalog.Collect,7
2,40,DP,sink,MinionRoster.TryForge,-63960
2,40,Material,sink,MinionRoster.TryForge,-738
2,40,DP,sink,MinionRoster.TrySummon,-1718
2,40,DP,source,AdventurerAI.ReapEmotion,275
2,40,DP,source,AdventurerAI.TakeDamage,72558
2,40,Material,source,AdventurerAI.TakeDamage,494
2,40,DP,sink,CommandSystem.TryUse,-5200
2,40,DP,source,AdventurerAI.GrantReturnReward,11191
2,40,Fame,source,AdventurerAI.GrantReturnReward,250
2,40,Fame,source,LureEconomy.OnHeroEscaped,625
2,40,DP,source,Nemesis.OnSlain,2167
2,40,Material,source,Nemesis.OnSlain,14
2,40,DP,stock,end,81015
2,40,Material,stock,end,7023
2,40,Fame,stock,end,15527
2,41,DP,source,SurfaceMap.CollectYields,240
2,41,Material,source,SurfaceMap.CollectYields,12
2,41,Fame,source,SurfaceMap.CollectYields,46
2,41,DP,source,DistrictCatalog.Collect,28
2,41,Material,source,DistrictCatalog.Collect,8
2,41,DP,source,EraSystem.TickTurn,1920
2,41,DP,sink,MinionRoster.TryForge,-65520
2,41,Material,sink,MinionRoster.TryForge,-756
2,41,DP,sink,MinionRoster.TrySummon,-17649
2,41,DP,source,AdventurerAI.TakeDamage,43039
2,41,Material,source,AdventurerAI.TakeDamage,835
2,41,DP,source,AdventurerAI.ReapEmotion,118
2,41,DP,sink,CommandSystem.TryUse,-5950
2,41,DP,source,AdventurerAI.GrantReturnReward,14175
2,41,Fame,source,AdventurerAI.GrantReturnReward,430
2,41,Fame,source,LureEconomy.OnHeroEscaped,1075
2,41,DP,source,Nemesis.OnSlain,940
2,41,Material,source,Nemesis.OnSlain,6
2,41,DP,stock,end,52356
2,41,Material,stock,end,7128
2,41,Fame,stock,end,17078
2,42,DP,source,SurfaceMap.CollectYields,258
2,42,Material,source,SurfaceMap.CollectYields,12
2,42,Fame,source,SurfaceMap.CollectYields,46
2,42,DP,source,DistrictCatalog.Collect,28
2,42,Material,source,DistrictCatalog.Collect,8
2,42,DP,sink,MinionRoster.TryForge,-49920
2,42,Material,sink,MinionRoster.TryForge,-576
2,42,DP,sink,MinionRoster.TrySummon,-2694
2,42,DP,source,AdventurerAI.ReapEmotion,116
2,42,DP,source,AdventurerAI.TakeDamage,44559
2,42,Material,source,AdventurerAI.TakeDamage,790
2,42,DP,sink,CommandSystem.TryUse,-6050
2,42,DP,source,AdventurerAI.GrantReturnReward,5958
2,42,Fame,source,AdventurerAI.GrantReturnReward,470
2,42,Fame,source,LureEconomy.OnHeroEscaped,1175
2,42,DP,source,Nemesis.OnSlain,3659
2,42,Material,source,Nemesis.OnSlain,22
2,42,DP,stock,end,48270
2,42,Material,stock,end,7384
2,42,Fame,stock,end,18769
2,43,DP,source,SurfaceMap.CollectYields,262
2,43,Material,source,SurfaceMap.CollectYields,12
2,43,Fame,source,SurfaceMap.CollectYields,47
2,43,DP,source,DistrictCatalog.Collect,28
2,43,Material,source,DistrictCatalog.Collect,8
2,43,DP,sink,MinionRoster.TryForge,-44400
2,43,Material,sink,MinionRoster.TryForge,-564
2,43,DP,sink,MinionRoster.TrySummon,-4155
2,43,DP,source,AdventurerAI.ReapEmotion,135
2,43,Fame,source,AdventurerAI.GrantReturnReward,440
2,43,Fame,source,LureEconomy.OnHeroEscaped,1100
2,43,DP,source,AdventurerAI.GrantReturnReward,18320
2,43,DP,source,AdventurerAI.TakeDamage,48448
2,43,Material,source,AdventurerAI.TakeDamage,560
2,43,DP,sink,CommandSystem.TryUse,-6050
2,43,DP,source,Nemesis.OnSlain,3299
2,43,Material,source,Nemesis.OnSlain,20
2,43,DP,stock,end,64157
2,43,Material,stock,end,7420
2,43,Fame,stock,end,20356
2,44,DP,source,SurfaceMap.CollectYields,262
2,44,Material,source,SurfaceMap.CollectYields,12
2,44,Fame,source,SurfaceMap.CollectYields,47
2,44,DP,source,DistrictCatalog.Collect,28
2,44,Material,source,DistrictCatalog.Collect,7
2,44,DP,sink,MinionRoster.TryForge,-62400
2,44,Material,sink,MinionRoster.TryForge,-832
2,44,DP,sink,MinionRoster.TrySummon,-2020
2,44,DP,source,IncidentSystem.Apply,600
2,44,DP,sink,CommandSystem.TryUse,-6050
2,44,DP,source,AdventurerAI.ReapEmotion,121
2,44,DP,source,AdventurerAI.TakeDamage,55083
2,44,Material,source,AdventurerAI.TakeDamage,724
2,44,DP,source,AdventurerAI.GrantReturnReward,11415
2,44,Fame,source,AdventurerAI.GrantReturnReward,370
2,44,Fame,source,LureEconomy.OnHeroEscaped,925
2,44,DP,source,Nemesis.OnSlain,2916
2,44,Material,source,Nemesis.OnSlain,18
2,44,DP,stock,end,64112
2,44,Material,stock,end,7349
2,44,Fame,stock,end,21698
2,45,DP,source,SurfaceMap.CollectYields,214
2,45,Material,source,SurfaceMap.CollectYields,12
2,45,Fame,source,SurfaceMap.CollectYields,39
2,45,DP,source,DistrictCatalog.Collect,28
2,45,Material,source,DistrictCatalog.Collect,8
2,45,DP,sink,MinionRoster.TryForge,-62400
2,45,Material,sink,MinionRoster.TryForge,-832
2,45,DP,sink,MinionRoster.TrySummon,-1951
2,45,DP,source,AdventurerAI.ReapEmotion,165
2,45,DP,source,AdventurerAI.TakeDamage,28140
2,45,Material,source,AdventurerAI.TakeDamage,168
2,45,DP,sink,CommandSystem.TryUse,-5600
2,45,DP,source,Nemesis.OnSlain,2997
2,45,Material,source,Nemesis.OnSlain,18
2,45,DP,source,AdventurerAI.GrantReturnReward,8960
2,45,Fame,source,AdventurerAI.GrantReturnReward,260
2,45,Fame,source,LureEconomy.OnHeroEscaped,650
2,45,DP,stock,end,34665
2,45,Material,stock,end,6723
2,45,Fame,stock,end,22647
2,46,DP,source,SurfaceMap.CollectYields,262
2,46,Material,source,SurfaceMap.CollectYields,12
2,46,Fame,source,SurfaceMap.CollectYields,47
2,46,DP,source,DistrictCatalog.Collect,28
2,46,Material,source,DistrictCatalog.Collect,8
2,46,DP,sink,MinionRoster.TryForge,-31200
2,46,Material,sink,MinionRoster.TryForge,-416
2,46,DP,sink,MinionRoster.TrySummon,-3720
2,46,DP,source,AdventurerAI.ReapEmotion,136
2,46,DP,source,AdventurerAI.TakeDamage,59675
2,46,Material,source,AdventurerAI.TakeDamage,729
2,46,DP,sink,CommandSystem.TryUse,-5200
2,46,DP,source,AdventurerAI.GrantReturnReward,12477
2,46,Fame,source,AdventurerAI.GrantReturnReward,380
2,46,Fame,source,LureEconomy.OnHeroEscaped,950
2,46,DP,source,Nemesis.OnSlain,2008
2,46,Material,source,Nemesis.OnSlain,12
2,46,DP,stock,end,69131
2,46,Material,stock,end,7068
2,46,Fame,stock,end,24024
2,47,DP,source,SurfaceMap.CollectYields,258
2,47,Material,source,SurfaceMap.CollectYields,12
2,47,Fame,source,SurfaceMap.CollectYields,46
2,47,DP,source,DistrictCatalog.Collect,28
2,47,Material,source,DistrictCatalog.Collect,8
2,47,DP,sink,MinionRoster.TryForge,-7200
2,47,Material,sink,MinionRoster.TryForge,-96
2,47,DP,sink,MinionEvolution.TryEvolve,-9050
2,47,DP,sink,MinionRoster.TryEvolveIndividual,-50250
2,47,DP,sink,MinionRoster.TrySummon,-2912
2,47,DP,source,AdventurerAI.ReapEmotion,128
2,47,DP,source,AdventurerAI.GrantReturnReward,19175
2,47,Fame,source,AdventurerAI.GrantReturnReward,490
2,47,Fame,source,LureEconomy.OnHeroEscaped,1225
2,47,DP,source,AdventurerAI.TakeDamage,51184
2,47,Material,source,AdventurerAI.TakeDamage,959
2,47,DP,sink,CommandSystem.TryUse,-4900
2,47,DP,source,Nemesis.OnSlain,3111
2,47,Material,source,Nemesis.OnSlain,18
2,47,DP,stock,end,68703
2,47,Material,stock,end,7969
2,47,Fame,stock,end,25785
2,48,DP,source,SurfaceMap.CollectYields,195
2,48,Material,source,SurfaceMap.CollectYields,9
2,48,Fame,source,SurfaceMap.CollectYields,35
2,48,DP,source,DistrictCatalog.Collect,28
2,48,Material,source,DistrictCatalog.Collect,1
2,48,DP,source,EraSystem.TickTurn,9720
2,48,DP,sink,MinionRoster.TryForge,-74400
2,48,Material,sink,MinionRoster.TryForge,-992
2,48,DP,sink,MinionRoster.TrySummon,-4225
2,48,DP,source,AdventurerAI.ReapEmotion,325
2,48,DP,sink,CommandSystem.TryUse,-5550
2,48,DP,source,AdventurerAI.GrantReturnReward,21288
2,48,Fame,source,AdventurerAI.GrantReturnReward,420
2,48,Fame,source,LureEconomy.OnHeroEscaped,1050
2,48,DP,source,AdventurerAI.TakeDamage,60971
2,48,Material,source,AdventurerAI.TakeDamage,828
2,48,DP,source,Nemesis.OnSlain,3111
2,48,Material,source,Nemesis.OnSlain,18
2,48,DP,stock,end,80166
2,48,Material,stock,end,7833
2,48,Fame,stock,end,27290
2,49,DP,source,SurfaceMap.CollectYields,195
2,49,Material,source,SurfaceMap.CollectYields,9
2,49,Fame,source,SurfaceMap.CollectYields,35
2,49,DP,source,DistrictCatalog.Collect,28
2,49,Material,source,DistrictCatalog.Collect,1
2,49,DP,source,EraSystem.TickTurn,9720
2,49,DP,sink,MinionRoster.TryForge,-4800
2,49,Material,sink,MinionRoster.TryForge,-64
2,49,DP,sink,DungeonFloorManager.TryAddFloor,-78125
2,49,DP,sink,MinionEvolution.TryEvolve,-5950
2,49,DP,sink,DungeonFeatureManager.TryPlaceTrap,-1050
2,49,DP,sink,MinionRoster.TrySummon,-140
2,49,DP,source,AdventurerAI.ReapEmotion,135
2,49,DP,source,AdventurerAI.TakeDamage,65888
2,49,Material,source,AdventurerAI.TakeDamage,835
2,49,DP,sink,CommandSystem.TryUse,-5550
2,49,DP,source,AdventurerAI.GrantReturnReward,16998
2,49,Fame,source,AdventurerAI.GrantReturnReward,440
2,49,Fame,source,LureEconomy.OnHeroEscaped,1100
2,49,DP,source,Nemesis.OnSlain,3111
2,49,Material,source,Nemesis.OnSlain,18
2,49,DP,stock,end,80626
2,49,Material,stock,end,8632
2,49,Fame,stock,end,28865
2,50,DP,source,SurfaceMap.CollectYields,171
2,50,Material,source,SurfaceMap.CollectYields,9
2,50,Fame,source,SurfaceMap.CollectYields,29
2,50,DP,source,DistrictCatalog.Collect,28
2,50,Material,source,DistrictCatalog.Collect,1
2,50,DP,source,EraSystem.TickTurn,9720
2,50,DP,sink,MinionRoster.TryForge,-4800
2,50,Material,sink,MinionRoster.TryForge,-64
2,50,DP,sink,DungeonFloorManager.TryExpandFloor,-5200
2,50,DP,sink,MinionEvolution.TryEvolve,-27300
2,50,DP,sink,MinionRoster.TryEvolveIndividual,-52350
2,50,DP,sink,DungeonFeatureManager.TryPlaceTrap,-600
2,50,DP,sink,MinionRoster.TrySummon,-279
2,50,DP,source,AdventurerAI.ReapEmotion,156
2,50,DP,source,AdventurerAI.TakeDamage,91125
2,50,Material,source,AdventurerAI.TakeDamage,1166
2,50,DP,sink,CommandSystem.TryUse,-4850
2,50,DP,source,AdventurerAI.GrantReturnReward,15990
2,50,Fame,source,AdventurerAI.GrantReturnReward,440
2,50,Fame,source,LureEconomy.OnHeroEscaped,1100
2,50,DP,source,Nemesis.OnSlain,2106
2,50,Material,source,Nemesis.OnSlain,12
2,50,DP,stock,end,104543
2,50,Material,stock,end,9756
2,50,Fame,stock,end,30434
2,51,DP,source,SurfaceMap.CollectYields,226
2,51,Material,source,SurfaceMap.CollectYields,12
2,51,Fame,source,SurfaceMap.CollectYields,38
2,51,DP,source,DistrictCatalog.Collect,28
2,51,Material,source,DistrictCatalog.Collect,1
2,51,DP,source,EraSystem.TickTurn,9720
2,51,DP,sink,MinionRoster.TryForge,-16800
2,51,Material,sink,MinionRoster.TryForge,-224
2,51,DP,sink,MinionRoster.TryEvolveIndividual,-94900
2,51,DP,sink,DungeonFeatureManager.TryPlaceTrap,-2550
2,51,DP,sink,MinionRoster.TrySummon,-233
2,51,DP,source,AdventurerAI.ReapEmotion,257
2,51,DP,source,AdventurerAI.TakeDamage,134841
2,51,Material,source,AdventurerAI.TakeDamage,1455
2,51,DP,sink,CommandSystem.TryUse,-6050
2,51,DP,source,AdventurerAI.GrantReturnReward,17545
2,51,Fame,source,AdventurerAI.GrantReturnReward,680
2,51,Fame,source,LureEconomy.OnHeroEscaped,1700
2,51,DP,source,Nemesis.OnSlain,3207
2,51,Material,source,Nemesis.OnSlain,18
2,51,DP,stock,end,149834
2,51,Material,stock,end,11018
2,51,Fame,stock,end,32852
2,52,DP,source,SurfaceMap.CollectYields,226
2,52,Material,source,SurfaceMap.CollectYields,12
2,52,Fame,source,SurfaceMap.CollectYields,38
2,52,DP,source,DistrictCatalog.Collect,28
2,52,Material,source,DistrictCatalog.Collect,1
2,52,DP,source,EraSystem.TickTurn,16524
2,52,DP,sink,MinionRoster.TryForge,-118080
2,52,Material,sink,MinionRoster.TryForge,-1704
2,52,DP,sink,MinionRoster.TryEvolveIndividual,-32800
2,52,DP,sink,DungeonFeatureManager.TryPlaceTrap,-450
2,52,DP,sink,MinionRoster.TrySummon,-15277
2,52,DP,source,AdventurerAI.ReapEmotion,147
2,52,DP,source,AdventurerAI.GrantReturnReward,13241
2,52,Fame,source,AdventurerAI.GrantReturnReward,480
2,52,Fame,source,LureEconomy.OnHeroEscaped,1200
2,52,DP,sink,CommandSystem.TryUse,-5700
2,52,DP,source,AdventurerAI.TakeDamage,87672
2,52,Material,source,AdventurerAI.TakeDamage,754
2,52,DP,source,Nemesis.OnSlain,3651
2,52,Material,source,Nemesis.OnSlain,20
2,52,DP,stock,end,99016
2,52,Material,stock,end,10101
2,52,Fame,stock,end,34570
2,53,DP,source,SurfaceMap.CollectYields,226
2,53,Material,source,SurfaceMap.CollectYields,12
2,53,Fame,source,SurfaceMap.CollectYields,38
2,53,DP,source,DistrictCatalog.Collect,28
2,53,Material,source,DistrictCatalog.Collect,1
2,53,DP,source,EraSystem.TickTurn,9720
2,53,Material,source,EraSystem.TickTurn,124
2,53,DP,sink,MinionRoster.TryForge,-106560
2,53,Material,sink,MinionRoster.TryForge,-1554
2,53,DP,sink,MinionRoster.TrySummon,-2400
2,53,DP,source,AdventurerAI.ReapEmotion,148
2,53,DP,source,AdventurerAI.TakeDamage,82726
2,53,Material,source,AdventurerAI.TakeDamage,1378
2,53,DP,sink,CommandSystem.TryUse,-6050
2,53,DP,source,AdventurerAI.GrantReturnReward,19713
2,53,Fame,source,AdventurerAI.GrantReturnReward,600
2,53,Fame,source,LureEconomy.OnHeroEscaped,1500
2,53,DP,source,Nemesis.OnSlain,2170
2,53,Material,source,Nemesis.OnSlain,12
2,53,DP,stock,end,98737
2,53,Material,stock,end,10074
2,53,Fame,stock,end,36708
2,54,DP,source,SurfaceMap.CollectYields,226
2,54,Material,source,SurfaceMap.CollectYields,12
2,54,Fame,source,SurfaceMap.CollectYields,38
2,54,DP,source,DistrictCatalog.Collect,28
2,54,Material,source,DistrictCatalog.Collect,1
2,54,DP,source,EraSystem.TickTurn,9720
2,54,Material,source,EraSystem.TickTurn,62
2,54,Fame,source,EraSystem.TickTurn,135
2,54,DP,sink,MinionRoster.TryForge,-103680
2,54,Material,sink,MinionRoster.TryForge,-1512
2,54,DP,sink,MinionRoster.TrySummon,-5017
2,54,DP,source,AdventurerAI.TakeDamage,49746
2,54,Material,source,AdventurerAI.TakeDamage,712
2,54,DP,source,AdventurerAI.ReapEmotion,202
2,54,DP,sink,CommandSystem.TryUse,-5600
2,54,DP,source,AdventurerAI.GrantReturnReward,12830
2,54,Fame,source,AdventurerAI.GrantReturnReward,280
2,54,Fame,source,LureEconomy.OnHeroEscaped,700
2,54,DP,source,Nemesis.OnSlain,2204
2,54,Material,source,Nemesis.OnSlain,12
2,54,DP,stock,end,59396
2,54,Material,stock,end,9361
2,54,Fame,stock,end,37861
2,55,DP,source,SurfaceMap.CollectYields,226
2,55,Material,source,SurfaceMap.CollectYields,12
2,55,Fame,source,SurfaceMap.CollectYields,38
2,55,DP,source,DistrictCatalog.Collect,28
2,55,Material,source,DistrictCatalog.Collect,1
2,55,DP,source,EraSystem.TickTurn,9720
2,55,DP,sink,MinionRoster.TryForge,-65520
2,55,Material,sink,MinionRoster.TryForge,-963
2,55,DP,sink,MinionRoster.TrySummon,-3837
2,55,DP,source,AdventurerAI.ReapEmotion,286
2,55,DP,source,AdventurerAI.GrantReturnReward,19311
2,55,Fame,source,AdventurerAI.GrantReturnReward,480
2,55,Fame,source,LureEconomy.OnHeroEscaped,1200
2,55,DP,sink,CommandSystem.TryUse,-6050
2,55,DP,source,AdventurerAI.TakeDamage,116016
2,55,Material,source,AdventurerAI.TakeDamage,991
2,55,DP,source,Nemesis.OnSlain,2648
2,55,Material,source,Nemesis.OnSlain,14
2,55,DP,stock,end,132224
2,55,Material,stock,end,9416
2,55,Fame,stock,end,39579
2,56,DP,source,SurfaceMap.CollectYields,226
2,56,Material,source,SurfaceMap.CollectYields,12
2,56,Fame,source,SurfaceMap.CollectYields,38
2,56,DP,source,DistrictCatalog.Collect,28
2,56,Material,source,DistrictCatalog.Collect,1
2,56,DP,source,EraSystem.TickTurn,11664
2,56,DP,sink,MinionRoster.TryForge,-140400
2,56,Material,sink,MinionRoster.TryForge,-2145
2,56,DP,sink,MinionRoster.TrySummon,-3719
2,56,DP,source,AdventurerAI.TakeDamage,105856
2,56,Material,source,AdventurerAI.TakeDamage,1907
2,56,DP,source,AdventurerAI.ReapEmotion,157
2,56,DP,sink,CommandSystem.TryUse,-6050
2,56,Fame,source,AdventurerAI.GrantReturnReward,680
2,56,Fame,source,LureEconomy.OnHeroEscaped,1700
2,56,DP,source,AdventurerAI.GrantReturnReward,27467
2,56,DP,source,Nemesis.OnSlain,2268
2,56,Material,source,Nemesis.OnSlain,12
2,56,DP,stock,end,129721
2,56,Material,stock,end,9203
2,56,Fame,stock,end,41997
2,57,DP,source,SurfaceMap.CollectYields,226
2,57,Material,source,SurfaceMap.CollectYields,12
2,57,Fame,source,SurfaceMap.CollectYields,38
2,57,DP,source,DistrictCatalog.Collect,28
2,57,Material,source,DistrictCatalog.Collect,1
2,57,DP,sink,MinionRoster.TryForge,-126000
2,57,Material,sink,MinionRoster.TryForge,-1925
2,57,DP,sink,MinionRoster.TrySummon,-3953
2,57,DP,source,AdventurerAI.ReapEmotion,202
2,57,DP,source,AdventurerAI.GrantReturnReward,27790
2,57,Fame,source,AdventurerAI.GrantReturnReward,700
2,57,Fame,source,LureEconomy.OnHeroEscaped,1750
2,57,DP,sink,CommandSystem.TryUse,-6050
2,57,DP,source,AdventurerAI.TakeDamage,98762
2,57,Material,source,AdventurerAI.TakeDamage,1837
2,57,DP,source,Nemesis.OnSlain,2300
2,57,Material,source,Nemesis.OnSlain,12
2,57,DP,stock,end,123026
2,57,Material,stock,end,9140
2,57,Fame,stock,end,44485
2,58,DP,source,SurfaceMap.CollectYields,226
2,58,Material,source,SurfaceMap.CollectYields,12
2,58,Fame,source,SurfaceMap.CollectYields,38
2,58,DP,source,DistrictCatalog.Collect,28
2,58,Material,source,DistrictCatalog.Collect,1
2,58,DP,sink,MinionRoster.TryForge,-118800
2,58,Material,sink,MinionRoster.TryForge,-1815
2,58,DP,sink,MinionRoster.TrySummon,-4452
2,58,DP,source,AdventurerAI.ReapEmotion,156
2,58,DP,source,AdventurerAI.GrantReturnReward,30207
2,58,Fame,source,AdventurerAI.GrantReturnReward,700
2,58,Fame,source,LureEconomy.OnHeroEscaped,1750
2,58,DP,sink,CommandSystem.TryUse,-5200
2,58,DP,source,AdventurerAI.TakeDamage,105834
2,58,Material,source,AdventurerAI.TakeDamage,1532
2,58,DP,source,Nemesis.OnSlain,3499
2,58,Material,source,Nemesis.OnSlain,18
2,58,DP,stock,end,134524
2,58,Material,stock,end,8888
2,58,Fame,stock,end,46973
2,59,DP,source,SurfaceMap.CollectYields,226
2,59,Material,source,SurfaceMap.CollectYields,12
2,59,Fame,source,SurfaceMap.CollectYields,38
2,59,DP,source,DistrictCatalog.Collect,28
2,59,Material,source,DistrictCatalog.Collect,1
2,59,DP,sink,MinionRoster.TryForge,-129600
2,59,Material,sink,MinionRoster.TryForge,-2040
2,59,DP,sink,MinionRoster.TrySummon,-5138
2,59,DP,source,AdventurerAI.ReapEmotion,185
2,59,DP,source,AdventurerAI.TakeDamage,114681
2,59,Material,source,AdventurerAI.TakeDamage,1619
2,59,DP,sink,CommandSystem.TryUse,-5200
2,59,DP,source,AdventurerAI.GrantReturnReward,24877
2,59,Fame,source,AdventurerAI.GrantReturnReward,640
2,59,Fame,source,LureEconomy.OnHeroEscaped,1600
2,59,DP,source,Nemesis.OnSlain,3297
2,59,Material,source,Nemesis.OnSlain,16
2,59,DP,stock,end,137880
2,59,Material,stock,end,8496
2,59,Fame,stock,end,49251
2,60,DP,source,SurfaceMap.CollectYields,226
2,60,Material,source,SurfaceMap.CollectYields,12
2,60,Fame,source,SurfaceMap.CollectYields,38
2,60,DP,source,DistrictCatalog.Collect,28
2,60,Material,source,DistrictCatalog.Collect,1
2,60,DP,sink,MinionRoster.TryForge,-133920
2,60,Material,sink,MinionRoster.TryForge,-2170
2,60,DP,sink,MinionRoster.TrySummon,-4179
2,60,DP,source,AdventurerAI.ReapEmotion,284
2,60,DP,sink,CommandSystem.TryUse,-6500
2,60,DP,source,AdventurerAI.TakeDamage,134808
2,60,Material,source,AdventurerAI.TakeDamage,1534
2,60,DP,source,AdventurerAI.GrantReturnReward,50581
2,60,Fame,source,AdventurerAI.GrantReturnReward,1400
2,60,Fame,source,LureEconomy.OnHeroEscaped,3500
2,60,DP,stock,end,179208
2,60,Material,stock,end,7873
2,60,Fame,stock,end,54189
2,61,DP,source,SurfaceMap.CollectYields,226
2,61,Material,source,SurfaceMap.CollectYields,12
2,61,Fame,source,SurfaceMap.CollectYields,38
2,61,DP,source,DistrictCatalog.Collect,28
2,61,Material,source,DistrictCatalog.Collect,1
2,61,DP,sink,MinionRoster.TryForge,-172800
2,61,Material,sink,MinionRoster.TryForge,-2800
2,61,DP,sink,MinionRoster.TrySummon,-6619
2,61,DP,source,AdventurerAI.ReapEmotion,151
2,61,DP,source,AdventurerAI.GrantReturnReward,21701
2,61,Fame,source,AdventurerAI.GrantReturnReward,840
2,61,Fame,source,LureEconomy.OnHeroEscaped,2100
2,61,DP,sink,CommandSystem.TryUse,-6500
2,61,DP,source,AdventurerAI.TakeDamage,81502
2,61,Material,source,AdventurerAI.TakeDamage,1077
2,61,DP,source,Nemesis.OnSlain,4037
2,61,Material,source,Nemesis.OnSlain,20
2,61,DP,stock,end,100934
2,61,Material,stock,end,6183
2,61,Fame,stock,end,57167
2,62,DP,source,SurfaceMap.CollectYields,226
2,62,Material,source,SurfaceMap.CollectYields,12
2,62,Fame,source,SurfaceMap.CollectYields,38
2,62,DP,source,DistrictCatalog.Collect,28
2,62,Material,source,DistrictCatalog.Collect,1
2,62,DP,sink,MinionRoster.TryForge,-95040
2,62,Material,sink,MinionRoster.TryForge,-1540
2,62,DP,sink,MinionRoster.TrySummon,-6127
2,62,DP,source,AdventurerAI.ReapEmotion,224
2,62,DP,source,AdventurerAI.GrantReturnReward,30682
2,62,Fame,source,AdventurerAI.GrantReturnReward,680
2,62,Fame,source,LureEconomy.OnHeroEscaped,1700
2,62,DP,sink,CommandSystem.TryUse,-5550
2,62,DP,source,AdventurerAI.TakeDamage,110441
2,62,Material,source,AdventurerAI.TakeDamage,1050
2,62,DP,stock,end,135818
2,62,Material,stock,end,5706
2,62,Fame,stock,end,59585
2,63,DP,source,SurfaceMap.CollectYields,258
2,63,Material,source,SurfaceMap.CollectYields,12
2,63,Fame,source,SurfaceMap.CollectYields,46
2,63,DP,source,DistrictCatalog.Collect,28
2,63,Material,source,DistrictCatalog.Collect,1
2,63,DP,sink,MinionRoster.TryForge,-132300
2,63,Material,sink,MinionRoster.TryForge,-2210
2,63,DP,sink,MinionRoster.TrySummon,-3773
2,63,DP,source,AdventurerAI.ReapEmotion,149
2,63,DP,source,AdventurerAI.TakeDamage,107514
2,63,Material,source,AdventurerAI.TakeDamage,802
2,63,DP,sink,CommandSystem.TryUse,-5200
2,63,DP,source,AdventurerAI.GrantReturnReward,27116
2,63,Fame,source,AdventurerAI.GrantReturnReward,660
2,63,Fame,source,LureEconomy.OnHeroEscaped,1650
2,63,DP,source,Nemesis.OnSlain,3694
2,63,Material,source,Nemesis.OnSlain,18
2,63,DP,stock,end,133304
2,63,Material,stock,end,4329
2,63,Fame,stock,end,61941
2,64,DP,source,SurfaceMap.CollectYields,195
2,64,Material,source,SurfaceMap.CollectYields,9
2,64,Fame,source,SurfaceMap.CollectYields,35
2,64,DP,source,DistrictCatalog.Collect,28
2,64,Material,source,DistrictCatalog.Collect,1
2,64,DP,sink,MinionRoster.TryForge,-127500
2,64,Material,sink,MinionRoster.TryForge,-2250
2,64,DP,sink,MinionRoster.TrySummon,-6026
2,64,DP,source,AdventurerAI.TakeDamage,104993
2,64,Material,source,AdventurerAI.TakeDamage,1379
2,64,DP,source,AdventurerAI.ReapEmotion,150
2,64,DP,sink,CommandSystem.TryUse,-6050
2,64,Fame,source,AdventurerAI.GrantReturnReward,700
2,64,Fame,source,LureEconomy.OnHeroEscaped,1750
2,64,DP,source,AdventurerAI.GrantReturnReward,29520
2,64,DP,stock,end,128614
2,64,Material,stock,end,3468
2,64,Fame,stock,end,64426
