run,turn,resource,kind,key,amount
1,1,DP,sink,DungeonFeatureManager.TryPlaceTrap,-150
1,1,DP,sink,MinionRoster.TrySummon,-46
1,1,DP,source,AdventurerAI.ReapEmotion,150
1,1,DP,source,AdventurerAI.TakeDamage,164
1,1,Material,source,AdventurerAI.TakeDamage,10
1,1,DP,source,AdventurerAI.GrantReturnReward,552
1,1,Fame,source,AdventurerAI.GrantReturnReward,20
1,1,Fame,source,LureEconomy.OnHeroEscaped,50
1,1,DP,sink,CommandSystem.TryUse,-650
1,1,DP,stock,end,220
1,1,Material,stock,end,10
1,1,Fame,stock,end,70
1,2,DP,source,SurfaceMap.CollectYields,18
1,2,Material,source,SurfaceMap.CollectYields,1
1,2,Fame,source,SurfaceMap.CollectYields,4
1,2,DP,source,EraSystem.TickTurn,600
1,2,Fame,source,EraSystem.TickTurn,25
1,2,DP,sink,MinionRoster.TryForge,-236
1,2,DP,sink,MinionEvolution.TryEvolve,-225
1,2,DP,sink,DungeonFeatureManager.TryPlaceTrap,-300
1,2,DP,sink,MinionRoster.TrySummon,-72
1,2,DP,source,AdventurerAI.ReapEmotion,118
1,2,DP,source,AdventurerAI.TakeDamage,285
1,2,Material,source,AdventurerAI.TakeDamage,25
1,2,Fame,source,AdventurerAI.GrantReturnReward,10
1,2,Fame,source,LureEconomy.OnHeroEscaped,25
1,2,DP,sink,CommandSystem.TryUse,-300
1,2,DP,stock,end,108
1,2,Material,stock,end,36
1,2,Fame,stock,end,134
1,3,DP,source,SurfaceMap.CollectYields,18
1,3,Material,source,SurfaceMap.CollectYields,1
1,3,Fame,source,SurfaceMap.CollectYields,4
1,3,DP,source,EraSystem.TickTurn,600
1,3,Material,source,EraSystem.TickTurn,20
1,3,DP,sink,MinionRoster.TryForge,-236
1,3,DP,sink,MinionEvolution.TryEvolve,-175
1,3,DP,sink,DungeonFeatureManager.TryPlaceTrap,-150
1,3,DP,sink,MinionRoster.TrySummon,-156
1,3,DP,source,AdventurerAI.ReapEmotion,107
1,3,DP,source,AdventurerAI.TakeDamage,300
1,3,Material,source,AdventurerAI.TakeDamage,10
1,3,Fame,source,AdventurerAI.GrantReturnReward,10
1,3,Fame,source,LureEconomy.OnHeroEscaped,25
1,3,DP,sink,CommandSystem.TryUse,-300
1,3,DP,stock,end,116
1,3,Material,stock,end,67
1,3,Fame,stock,end,173
1,4,DP,source,SurfaceMap.CollectYields,18
1,4,Material,source,SurfaceMap.CollectYields,1
1,4,Fame,source,SurfaceMap.CollectYields,4
1,4,DP,source,EraSystem.TickTurn,600
1,4,DP,sink,MinionRoster.TryForge,-236
1,4,DP,sink,MinionRoster.TryEvolveIndividual,-175
1,4,DP,sink,DungeonFeatureManager.TryPlaceTrap,-150
1,4,DP,sink,MinionRoster.TrySummon,-161
1,4,DP,source,AdventurerAI.ReapEmotion,120
1,4,DP,source,AdventurerAI.GrantReturnReward,112
1,4,Fame,source,AdventurerAI.GrantReturnReward,20
1,4,Fame,source,LureEconomy.OnHeroEscaped,50
1,4,DP,source,AdventurerAI.TakeDamage,330
1,4,Material,source,AdventurerAI.TakeDamage,25
1,4,DP,sink,CommandSystem.TryUse,-650
1,4,DP,source,Nemesis.OnSlain,454
1,4,Material,source,Nemesis.OnSlain,5
1,4,DP,stock,end,378
1,4,Material,stock,end,98
1,4,Fame,stock,end,247
1,5,DP,source,SurfaceMap.CollectYields,18
1,5,Material,source,SurfaceMap.CollectYields,1
1,5,Fame,source,SurfaceMap.CollectYields,4
1,5,DP,source,EraSystem.TickTurn,600
1,5,DP,sink,MinionRoster.TryForge,-212
1,5,DP,sink,DungeonFloorManager.TryExpandFloor,-400
1,5,DP,sink,DungeonFeatureManager.TryPlaceTrap,-300
1,5,DP,sink,MinionRoster.TrySummon,-65
1,5,DP,source,AdventurerAI.TakeDamage,503
1,5,Material,source,AdventurerAI.TakeDamage,16
1,5,DP,source,AdventurerAI.ReapEmotion,83
1,5,DP,sink,CommandSystem.TryUse,-300
1,5,DP,source,AdventurerAI.GrantReturnReward,51
1,5,Fame,source,AdventurerAI.GrantReturnReward,10
1,5,Fame,source,LureEconomy.OnHeroEscaped,25
1,5,DP,source,Nemesis.OnSlain,470
1,5,Material,source,Nemesis.OnSlain,5
1,5,DP,stock,end,826
1,5,Material,stock,end,120
1,5,Fame,stock,end,286
1,6,DP,source,SurfaceMap.CollectYields,39
1,6,Material,source,SurfaceMap.CollectYields,2
1,6,Fame,source,SurfaceMap.CollectYields,9
1,6,DP,source,EraSystem.TickTurn,600
1,6,Fame,source,EraSystem.TickTurn,25
1,6,DP,source,WaveRoster.ResolveTrial,1200
1,6,DP,sink,MinionRoster.TryForge,-212
1,6,DP,sink,DungeonFloorManager.TryAddFloor,-800
1,6,DP,sink,DungeonFloorManager.TryExpandFloor,-1200
1,6,DP,sink,MinionRoster.TryEvolveIndividual,-150
1,6,DP,sink,DungeonFeatureManager.TryPlaceTrap,-150
1,6,DP,sink,MinionRoster.TrySummon,-139
1,6,DP,source,AdventurerAI.ReapEmotion,189
1,6,DP,source,AdventurerAI.TakeDamage,403
1,6,Material,source,AdventurerAI.TakeDamage,16
1,6,DP,source,AdventurerAI.GrantReturnReward,942
1,6,Fame,source,AdventurerAI.GrantReturnReward,40
1,6,Fame,source,LureEconomy.OnHeroEscaped,100
1,6,DP,sink,CommandSystem.TryUse,-1150
1,6,DP,source,Nemesis.OnSlain,972
1,6,Material,source,Nemesis.OnSlain,10
1,6,DP,stock,end,1370
1,6,Material,stock,end,148
1,6,Fame,stock,end,460
1,7,DP,source,SurfaceMap.CollectYields,39
1,7,Material,source,SurfaceMap.CollectYields,2
1,7,Fame,source,SurfaceMap.CollectYields,9
1,7,DP,source,EraSystem.TickTurn,600
1,7,DP,sink,MinionRoster.TryForge,-318
1,7,DP,sink,DungeonFloorManager.TryExpandFloor,-800
1,7,DP,sink,MinionEvolution.TryEvolve,-550
1,7,DP,sink,DungeonFeatureManager.TryPlaceTrap,-150
1,7,DP,sink,MinionRoster.TrySummon,-191
1,7,DP,source,AdventurerAI.ReapEmotion,247
1,7,DP,source,AdventurerAI.TakeDamage,319
1,7,Material,source,AdventurerAI.TakeDamage,28
1,7,DP,sink,CommandSystem.TryUse,-1150
1,7,DP,source,AdventurerAI.GrantReturnReward,1576
1,7,Fame,source,AdventurerAI.GrantReturnReward,60
1,7,Fame,source,LureEconomy.OnHeroEscaped,150
1,7,DP,source,Nemesis.OnSlain,502
1,7,Material,source,Nemesis.OnSlain,5
1,7,DP,stock,end,1494
1,7,Material,stock,end,183
1,7,Fame,stock,end,679
1,8,DP,source,SurfaceMap.CollectYields,39
1,8,Material,source,SurfaceMap.CollectYields,2
1,8,Fame,source,SurfaceMap.CollectYields,9
1,8,DP,source,EraSystem.TickTurn,600
1,8,DP,sink,MinionRoster.TryForge,-212
1,8,DP,sink,DungeonFloorManager.TryExpandFloor,-1500
1,8,DP,sink,DungeonFeatureManager.TryPlaceTrap,-150
1,8,DP,sink,MinionRoster.TrySummon,-254
1,8,DP,source,AdventurerAI.TakeDamage,932
1,8,Material,source,AdventurerAI.TakeDamage,49
1,8,Fame,source,AdventurerAI.GrantReturnReward,20
1,8,Fame,source,LureEconomy.OnHeroEscaped,50
1,8,DP,source,AdventurerAI.ReapEmotion,81
1,8,DP,sink,CommandSystem.TryUse,-1300
1,8,DP,source,AdventurerAI.GrantReturnReward,181
1,8,DP,source,Nemesis.OnSlain,502
1,8,Material,source,Nemesis.OnSlain,5
1,8,DP,stock,end,413
1,8,Material,stock,end,239
1,8,Fame,stock,end,758
1,9,DP,source,SurfaceMap.CollectYields,45
1,9,Material,source,SurfaceMap.CollectYields,2
1,9,Fame,source,SurfaceMap.CollectYields,11
1,9,DP,source,EraSystem.TickTurn,1020
1,9,DP,sink,MinionRoster.TryForge,-190
1,9,DP,sink,MinionEvolution.TryEvolve,-900
1,9,DP,sink,DungeonFeatureManager.TryPlaceTrap,-150
1,9,DP,sink,MinionRoster.TrySummon,-225
1,9,DP,source,AdventurerAI.TakeDamage,967
1,9,Material,source,AdventurerAI.TakeDamage,49
1,9,Fame,source,AdventurerAI.GrantReturnReward,20
1,9,Fame,source,LureEconomy.OnHeroEscaped,50
1,9,DP,source,AdventurerAI.ReapEmotion,85
1,9,DP,sink,CommandSystem.TryUse,-1450
1,9,DP,source,Nemesis.OnSlain,518
1,9,Material,source,Nemesis.OnSlain,5
1,9,DP,stock,end,133
1,9,Material,stock,end,295
1,9,Fame,stock,end,839
1,10,DP,source,SurfaceMap.CollectYields,52
1,10,Material,source,SurfaceMap.CollectYields,2
1,10,Fame,source,SurfaceMap.CollectYields,11
1,10,DP,source,EraSystem.TickTurn,300
1,10,Fame,source,EraSystem.TickTurn,25
1,10,DP,sink,MinionRoster.TryForge,-95
1,10,DP,sink,DungeonFeatureManager.TryPlaceTrap,-150
1,10,DP,sink,MinionRoster.TrySummon,-240
1,10,DP,source,AdventurerAI.TakeDamage,1584
1,10,Material,source,AdventurerAI.TakeDamage,46
1,10,DP,sink,CommandSystem.TryUse,-1800
1,10,DP,source,AdventurerAI.ReapEmotion,88
1,10,DP,source,Nemesis.OnSlain,1070
1,10,Material,source,Nemesis.OnSlain,10
1,10,DP,stock,end,942
1,10,Material,stock,end,353
1,10,Fame,stock,end,875
1,11,DP,source,SurfaceMap.CollectYields,52
1,11,Material,source,SurfaceMap.CollectYields,2
1,11,Fame,source,SurfaceMap.CollectYields,11
1,11,DP,source,EraSystem.TickTurn,720
1,11,DP,source,WaveRoster.ResolveTrial,2100
1,11,DP,sink,MinionRoster.TryForge,-190
1,11,DP,sink,DungeonFloorManager.TryAddFloor,-2000
1,11,DP,sink,DungeonFloorManager.TryExpandFloor,-1200
1,11,DP,sink,DungeonFeatureManager.TryPlaceTrap,-150
1,11,DP,sink,MinionRoster.TrySummon,-263
1,11,DP,source,AdventurerAI.TakeDamage,1034
1,11,Material,source,AdventurerAI.TakeDamage,32
1,11,DP,sink,CommandSystem.TryUse,-1450
1,11,Fame,source,AdventurerAI.GrantReturnReward,20
1,11,Fame,source,LureEconomy.OnHeroEscaped,50
1,11,DP,source,AdventurerAI.ReapEmotion,142
1,11,DP,source,Nemesis.OnSlain,1102
1,11,Material,source,Nemesis.OnSlain,10
1,11,DP,source,AdventurerAI.GrantReturnReward,204
1,11,DP,stock,end,1043
1,11,Material,stock,end,397
1,11,Fame,stock,end,956
1,12,DP,source,SurfaceMap.CollectYields,52
1,12,Material,source,SurfaceMap.CollectYields,2
1,12,Fame,source,SurfaceMap.CollectYields,11
1,12,DP,source,DistrictCatalog.Collect,70
1,12,DP,sink,MinionRoster.TryForge,-190
1,12,DP,sink,MinionEvolution.TryEvolve,-250
1,12,DP,sink,MinionRoster.TryEvolveIndividual,-400
1,12,DP,sink,DungeonFeatureManager.TryPlaceTrap,-150
1,12,DP,sink,MinionRoster.TrySummon,-162
1,12,DP,source,AdventurerAI.TakeDamage,1228
1,12,Material,source,AdventurerAI.TakeDamage,38
1,12,Fame,source,AdventurerAI.GrantReturnReward,10
1,12,Fame,source,LureEconomy.OnHeroEscaped,25
1,12,DP,source,AdventurerAI.ReapEmotion,89
1,12,DP,sink,CommandSystem.TryUse,-1300
1,12,DP,stock,end,30
1,12,Material,stock,end,437
1,12,Fame,stock,end,1002
1,13,DP,source,SurfaceMap.CollectYields,39
1,13,Material,source,SurfaceMap.CollectYields,2
1,13,Fame,source,SurfaceMap.CollectYields,9
1,13,DP,source,DistrictCatalog.Collect,70
1,13,DP,sink,MinionRoster.TrySummon,-128
1,13,DP,source,AdventurerAI.TakeDamage,1754
1,13,Material,source,AdventurerAI.TakeDamage,50
1,13,DP,sink,CommandSystem.TryUse,-1800
1,13,Fame,source,AdventurerAI.GrantReturnReward,20
1,13,Fame,source,LureEconomy.OnHeroEscaped,50
1,13,DP,source,AdventurerAI.ReapEmotion,215
1,13,DP,source,Nemesis.OnSlain,1134
1,13,Material,source,Nemesis.OnSlain,10
1,13,DP,stock,end,1314
1,13,Material,stock,end,499
1,13,Fame,stock,end,1081
1,14,DP,source,SurfaceMap.CollectYields,59
1,14,Material,source,SurfaceMap.CollectYields,3
1,14,Fame,source,SurfaceMap.CollectYields,13
1,14,DP,source,DistrictCatalog.Collect,70
1,14,DP,sink,MinionRoster.TryForge,-190
1,14,DP,sink,MinionEvolution.TryEvolve,-550
1,14,DP,sink,MinionRoster.TryEvolveIndividual,-325
1,14,DP,sink,DungeonFeatureManager.TryPlaceTrap,-150
1,14,DP,sink,MinionRoster.TrySummon,-216
1,14,DP,source,IncidentSystem.Apply,600
1,14,DP,sink,CommandSystem.TryUse,-2300
1,14,DP,source,AdventurerAI.TakeDamage,1496
1,14,Material,source,AdventurerAI.TakeDamage,44
1,14,DP,source,AdventurerAI.ReapEmotion,120
1,14,DP,source,Nemesis.OnSlain,583
1,14,Material,source,Nemesis.OnSlain,5
1,14,DP,stock,end,511
1,14,Material,stock,end,551
1,14,Fame,stock,end,1094
1,15,DP,source,SurfaceMap.CollectYields,62
1,15,Material,source,SurfaceMap.CollectYields,3
1,15,Fame,source,SurfaceMap.CollectYields,14
1,15,DP,source,DistrictCatalog.Collect,70
1,15,DP,sink,MinionRoster.TryForge,-285
1,15,DP,sink,DungeonFeatureManager.TryPlaceTrap,-150
1,15,DP,sink,MinionRoster.TrySummon,-201
1,15,DP,source,AdventurerAI.ReapEmotion,105
1,15,DP,source,AdventurerAI.TakeDamage,1983
1,15,Material,source,AdventurerAI.TakeDamage,55
1,15,DP,sink,CommandSystem.TryUse,-1800
1,15,DP,source,Nemesis.OnSlain,616
1,15,Material,source,Nemesis.OnSlain,5
1,15,DP,source,AdventurerAI.GrantReturnReward,553
1,15,Fame,source,AdventurerAI.GrantReturnReward,20
1,15,Fame,source,LureEconomy.OnHeroEscaped,50
1,15,DP,stock,end,1464
1,15,Material,stock,end,614
1,15,Fame,stock,end,1178
1,16,DP,source,SurfaceMap.CollectYields,83
1,16,Material,source,SurfaceMap.CollectYields,4
1,16,Fame,source,SurfaceMap.CollectYields,19
1,16,DP,source,DistrictCatalog.Collect,70
1,16,DP,source,WaveRoster.ResolveTrial,2700
1,16,DP,sink,MinionRoster.TryForge,-190
1,16,DP,sink,DungeonFloorManager.TryExpandFloor,-1500
1,16,DP,sink,MinionRoster.TryEvolveIndividual,-2200
1,16,DP,sink,DungeonFeatureManager.TryPlaceTrap,-150
1,16,DP,sink,MinionRoster.TrySummon,-270
1,16,DP,source,AdventurerAI.TakeDamage,2935
1,16,Material,source,AdventurerAI.TakeDamage,112
1,16,DP,sink,CommandSystem.TryUse,-2450
1,16,Fame,source,AdventurerAI.GrantReturnReward,70
1,16,Fame,source,LureEconomy.OnHeroEscaped,175
1,16,DP,source,AdventurerAI.ReapEmotion,443
1,16,DP,source,AdventurerAI.GrantReturnReward,423
1,16,DP,stock,end,1358
1,16,Material,stock,end,730
1,16,Fame,stock,end,1442
2,1,DP,sink,DungeonFeatureManager.TryPlaceTrap,-150
2,1,DP,sink,MinionRoster.TrySummon,-46
2,1,DP,source,AdventurerAI.ReapEmotion,100
2,1,DP,source,AdventurerAI.TakeDamage,159
2,1,Material,source,AdventurerAI.TakeDamage,6
2,1,DP,source,AdventurerAI.GrantReturnReward,602
2,1,Fame,source,AdventurerAI.GrantReturnReward,20
2,1,Fame,source,LureEconomy.OnHeroEscaped,50
2,1,DP,sink,CommandSystem.TryUse,-300
2,1,DP,stock,end,565
2,1,Material,stock,end,6
2,1,Fame,stock,end,70
2,2,DP,source,SurfaceMap.CollectYields,18
2,2,Material,source,SurfaceMap.CollectYields,1
2,2,Fame,source,SurfaceMap.CollectYields,4
2,2,DP,source,EraSystem.TickTurn,600
2,2,Fame,source,EraSystem.TickTurn,25
2,2,DP,sink,MinionRoster.TryForge,-236
2,2,DP,sink,MinionEvolution.TryEvolve,-625
2,2,DP,sink,DungeonFeatureManager.TryPlaceTrap,-150
2,2,DP,sink,MinionRoster.TrySummon,-162
2,2,DP,source,AdventurerAI.ReapEmotion,113
2,2,Fame,source,AdventurerAI.GrantReturnReward,10
2,2,Fame,source,LureEconomy.OnHeroEscaped,25
2,2,DP,source,AdventurerAI.TakeDamage,285
2,2,Material,source,AdventurerAI.TakeDamage,14
2,2,DP,sink,CommandSystem.TryUse,-300
2,2,DP,stock,end,108
2,2,Material,stock,end,21
2,2,Fame,stock,end,134
2,3,DP,source,SurfaceMap.CollectYields,18
2,3,Material,source,SurfaceMap.CollectYields,1
2,3,Fame,source,SurfaceMap.CollectYields,4
2,3,DP,source,EraSystem.TickTurn,600
2,3,Material,source,EraSystem.TickTurn,10
2,3,DP,sink,MinionRoster.TryForge,-236
2,3,DP,sink,MinionRoster.TryEvolveIndividual,-175
2,3,DP,sink,DungeonFeatureManager.TryPlaceTrap,-150
2,3,DP,sink,MinionRoster.TrySummon,-156
2,3,DP,source,AdventurerAI.TakeDamage,220
2,3,Material,source,AdventurerAI.TakeDamage,6
2,3,Fame,source,AdventurerAI.GrantReturnReward,20
2,3,Fame,source,LureEconomy.OnHeroEscaped,50
2,3,DP,source,AdventurerAI.ReapEmotion,120
2,3,DP,sink,CommandSystem.TryUse,-300
2,3,DP,stock,end,49
2,3,Material,stock,end,38
2,3,Fame,stock,end,208
2,4,DP,source,SurfaceMap.CollectYields,18
2,4,Material,source,SurfaceMap.CollectYields,1
2,4,Fame,source,SurfaceMap.CollectYields,4
2,4,DP,source,EraSystem.TickTurn,600
2,4,DP,sink,MinionRoster.TryForge,-236
2,4,DP,sink,DungeonFeatureManager.TryPlaceTrap,-300
2,4,DP,sink,MinionRoster.TrySummon,-117
2,4,DP,source,AdventurerAI.ReapEmotion,126
2,4,DP,source,AdventurerAI.TakeDamage,336
2,4,Material,source,AdventurerAI.TakeDamage,14
2,4,Fame,source,AdventurerAI.GrantReturnReward,20
2,4,Fame,source,LureEconomy.OnHeroEscaped,50
2,4,DP,source,Nemesis.OnSlain,454
2,4,Material,source,Nemesis.OnSlain,5
2,4,DP,sink,CommandSystem.TryUse,-1150
2,4,DP,source,AdventurerAI.GrantReturnReward,240
2,4,DP,stock,end,20
2,4,Material,stock,end,58
2,4,Fame,stock,end,282
2,5,DP,source,SurfaceMap.CollectYields,18
2,5,Material,source,SurfaceMap.CollectYields,1
2,5,Fame,source,SurfaceMap.CollectYields,4
2,5,DP,source,EraSystem.TickTurn,600
2,5,DP,sink,MinionRoster.TryForge,-212
2,5,DP,sink,DungeonFeatureManager.TryPlaceTrap,-300
2,5,DP,sink,MinionRoster.TrySummon,-126
2,5,DP,source,AdventurerAI.TakeDamage,605
2,5,Material,source,AdventurerAI.TakeDamage,18
2,5,DP,source,AdventurerAI.ReapEmotion,84
2,5,DP,sink,CommandSystem.TryUse,-650
2,5,DP,source,Nemesis.OnSlain,470
2,5,Material,source,Nemesis.OnSlain,5
2,5,DP,stock,end,509
2,5,Material,stock,end,82
2,5,Fame,stock,end,286
2,6,DP,source,SurfaceMap.CollectYields,38
2,6,Material,source,SurfaceMap.CollectYields,2
2,6,Fame,source,SurfaceMap.CollectYields,8
2,6,DP,source,EraSystem.TickTurn,600
2,6,Material,source,EraSystem.TickTurn,10
2,6,Fame,source,EraSystem.TickTurn,25
2,6,DP,source,WaveRoster.ResolveTrial,1200
2,6,DP,sink,MinionRoster.TryForge,-212
2,6,DP,sink,DungeonFloorManager.TryAddFloor,-800
2,6,DP,sink,DungeonFloorManager.TryExpandFloor,-800
2,6,DP,sink,MinionEvolution.TryEvolve,-200
2,6,DP,sink,DungeonFeatureManager.TryPlaceTrap,-150
2,6,DP,sink,MinionRoster.TrySummon,-185
2,6,DP,source,AdventurerAI.ReapEmotion,119
2,6,DP,source,AdventurerAI.TakeDamage,992
2,6,Material,source,AdventurerAI.TakeDamage,27
2,6,Fame,source,AdventurerAI.GrantReturnReward,30
2,6,Fame,source,LureEconomy.OnHeroEscaped,75
2,6,DP,sink,CommandSystem.TryUse,-1300
2,6,DP,source,AdventurerAI.GrantReturnReward,316
2,6,DP,source,Nemesis.OnSlain,972
2,6,Material,source,Nemesis.OnSlain,10
2,6,DP,stock,end,1099
2,6,Material,stock,end,131
2,6,Fame,stock,end,424
2,7,DP,source,SurfaceMap.CollectYields,38
2,7,Material,source,SurfaceMap.CollectYields,2
2,7,Fame,source,SurfaceMap.CollectYields,8
2,7,DP,source,EraSystem.TickTurn,600
2,7,DP,sink,MinionRoster.TryForge,-212
2,7,DP,sink,DungeonFloorManager.TryExpandFloor,-800
2,7,DP,sink,MinionEvolution.TryEvolve,-325
2,7,DP,sink,MinionRoster.TryEvolveIndividual,-75
2,7,DP,sink,DungeonFeatureManager.TryPlaceTrap,-150
2,7,DP,sink,MinionRoster.TrySummon,-162
2,7,DP,source,AdventurerAI.TakeDamage,694
2,7,Material,source,AdventurerAI.TakeDamage,25
2,7,DP,source,AdventurerAI.ReapEmotion,78
2,7,DP,sink,CommandSystem.TryUse,-950
2,7,DP,source,Nemesis.OnSlain,502
2,7,Material,source,Nemesis.OnSlain,5
2,7,DP,source,AdventurerAI.GrantReturnReward,284
2,7,Fame,source,AdventurerAI.GrantReturnReward,10
2,7,Fame,source,LureEconomy.OnHeroEscaped,25
2,7,DP,stock,end,621
2,7,Material,stock,end,163
2,7,Fame,stock,end,467
2,8,DP,source,SurfaceMap.CollectYields,38
2,8,Material,source,SurfaceMap.CollectYields,2
2,8,Fame,source,SurfaceMap.CollectYields,8
2,8,DP,source,EraSystem.TickTurn,1020
2,8,DP,sink,MinionRoster.TryForge,-212
2,8,DP,sink,DungeonFloorManager.TryExpandFloor,-800
2,8,DP,sink,MinionEvolution.TryEvolve,-200
2,8,DP,sink,MinionRoster.TryEvolveIndividual,-150
2,8,DP,sink,DungeonFeatureManager.TryPlaceTrap,-150
2,8,DP,sink,MinionRoster.TrySummon,-167
2,8,DP,source,AdventurerAI.TakeDamage,732
2,8,Material,source,AdventurerAI.TakeDamage,26
2,8,DP,sink,CommandSystem.TryUse,-1800
2,8,DP,source,AdventurerAI.ReapEmotion,254
2,8,DP,source,AdventurerAI.GrantReturnReward,248
2,8,Fame,source,AdventurerAI.GrantReturnReward,20
2,8,Fame,source,LureEconomy.OnHeroEscaped,50
2,8,DP,source,Nemesis.OnSlain,1004
2,8,Material,source,Nemesis.OnSlain,10
2,8,DP,stock,end,438
2,8,Material,stock,end,201
2,8,Fame,stock,end,545
2,9,DP,source,SurfaceMap.CollectYields,68
2,9,Material,source,SurfaceMap.CollectYields,3
2,9,Fame,source,SurfaceMap.CollectYields,16
2,9,DP,source,EraSystem.TickTurn,600
2,9,Fame,source,EraSystem.TickTurn,25
2,9,DP,sink,MinionRoster.TryForge,-190
2,9,DP,sink,MinionEvolution.TryEvolve,-500
2,9,DP,sink,DungeonFeatureManager.TryPlaceTrap,-150
2,9,DP,sink,MinionRoster.TrySummon,-247
2,9,DP,source,AdventurerAI.TakeDamage,653
2,9,Material,source,AdventurerAI.TakeDamage,21
2,9,Fame,source,AdventurerAI.GrantReturnReward,40
2,9,Fame,source,LureEconomy.OnHeroEscaped,100
2,9,DP,source,AdventurerAI.ReapEmotion,87
2,9,DP,source,AdventurerAI.GrantReturnReward,574
2,9,DP,sink,CommandSystem.TryUse,-1150
2,9,DP,stock,end,183
2,9,Material,stock,end,225
2,9,Fame,stock,end,726
2,10,DP,source,SurfaceMap.CollectYields,78
2,10,Material,source,SurfaceMap.CollectYields,3
2,10,Fame,source,SurfaceMap.CollectYields,16
2,10,DP,source,EraSystem.TickTurn,1020
2,10,DP,sink,MinionRoster.TryForge,-190
2,10,DP,sink,MinionEvolution.TryEvolve,-250
2,10,DP,sink,MinionRoster.TryEvolveIndividual,-525
2,10,DP,sink,DungeonFeatureManager.TryPlaceTrap,-150
2,10,DP,sink,MinionRoster.TrySummon,-153
2,10,DP,source,AdventurerAI.TakeDamage,956
2,10,Material,source,AdventurerAI.TakeDamage,37
2,10,DP,sink,CommandSystem.TryUse,-1450
2,10,DP,source,AdventurerAI.ReapEmotion,192
2,10,DP,source,AdventurerAI.GrantReturnReward,515
2,10,Fame,source,AdventurerAI.GrantReturnReward,20
2,10,Fame,source,LureEconomy.OnHeroEscaped,50
2,10,DP,source,Nemesis.OnSlain,535
2,10,Material,source,Nemesis.OnSlain,5
2,10,DP,stock,end,761
2,10,Material,stock,end,270
2,10,Fame,stock,end,812
2,11,DP,source,SurfaceMap.CollectYields,78
2,11,Material,source,SurfaceMap.CollectYields,3
2,11,Fame,source,SurfaceMap.CollectYields,16
2,11,DP,source,WaveRoster.ResolveTrial,1800
2,11,DP,sink,MinionRoster.TryForge,-190
2,11,DP,sink,DungeonFloorManager.TryAddFloor,-2000
2,11,DP,sink,MinionRoster.TryEvolveIndividual,-75
2,11,DP,sink,DungeonFeatureManager.TryPlaceTrap,-150
2,11,DP,sink,MinionRoster.TrySummon,-210
2,11,DP,source,AdventurerAI.TakeDamage,641
2,11,Material,source,AdventurerAI.TakeDamage,21
2,11,DP,sink,CommandSystem.TryUse,-1150
2,11,DP,source,AdventurerAI.ReapEmotion,87
2,11,DP,source,AdventurerAI.GrantReturnReward,1453
2,11,Fame,source,AdventurerAI.GrantReturnReward,60
2,11,Fame,source,LureEconomy.OnHeroEscaped,150
2,11,DP,stock,end,1045
2,11,Material,stock,end,294
2,11,Fame,stock,end,1038
2,12,DP,source,SurfaceMap.CollectYields,78
2,12,Material,source,SurfaceMap.CollectYields,3
2,12,Fame,source,SurfaceMap.CollectYields,16
2,12,DP,source,DistrictCatalog.Collect,112
2,12,DP,sink,MinionRoster.TryForge,-190
2,12,DP,sink,DungeonFloorManager.TryExpandFloor,-400
2,12,DP,sink,MinionRoster.TryEvolveIndividual,-325
2,12,DP,sink,DungeonFeatureManager.TryPlaceTrap,-150
2,12,DP,sink,MinionRoster.TrySummon,-167
2,12,DP,source,AdventurerAI.TakeDamage,1741
2,12,Material,source,AdventurerAI.TakeDamage,54
2,12,DP,sink,CommandSystem.TryUse,-1450
2,12,Fame,source,AdventurerAI.GrantReturnReward,40
2,12,Fame,source,LureEconomy.OnHeroEscaped,100
2,12,DP,source,AdventurerAI.ReapEmotion,89
2,12,DP,source,AdventurerAI.GrantReturnReward,973
2,12,DP,source,Nemesis.OnSlain,567
2,12,Material,source,Nemesis.OnSlain,5
2,12,DP,stock,end,1923
2,12,Material,stock,end,356
2,12,Fame,stock,end,1194
2,13,DP,source,SurfaceMap.CollectYields,82
2,13,Material,source,SurfaceMap.CollectYields,4
2,13,Fame,source,SurfaceMap.CollectYields,18
2,13,DP,source,DistrictCatalog.Collect,112
2,13,DP,source,EraSystem.TickTurn,300
2,13,DP,sink,MinionRoster.TryForge,-380
2,13,DP,sink,DungeonFloorManager.TryExpandFloor,-800
2,13,DP,sink,MinionEvolution.TryEvolve,-550
2,13,DP,sink,MinionRoster.TryEvolveIndividual,-325
2,13,DP,sink,DungeonFeatureManager.TryPlaceTrap,-150
2,13,DP,sink,MinionRoster.TrySummon,-210
2,13,DP,source,AdventurerAI.TakeDamage,1153
2,13,Material,source,AdventurerAI.TakeDamage,41
2,13,DP,source,AdventurerAI.ReapEmotion,91
2,13,DP,sink,CommandSystem.TryUse,-1600
2,13,DP,source,AdventurerAI.GrantReturnReward,472
2,13,Fame,source,AdventurerAI.GrantReturnReward,50
2,13,Fame,source,LureEconomy.OnHeroEscaped,125
2,13,DP,source,Nemesis.OnSlain,1156
2,13,Material,source,Nemesis.OnSlain,9
2,13,DP,stock,end,1274
2,13,Material,stock,end,410
2,13,Fame,stock,end,1387
2,14,DP,source,SurfaceMap.CollectYields,82
2,14,Material,source,SurfaceMap.CollectYields,4
2,14,Fame,source,SurfaceMap.CollectYields,18
2,14,DP,source,DistrictCatalog.Collect,126
2,14,DP,sink,MinionRoster.TryForge,-964
2,14,DP,sink,DungeonFeatureManager.TryPlaceTrap,-300
2,14,DP,sink,MinionRoster.TrySummon,-216
2,14,DP,source,AdventurerAI.TakeDamage,2508
2,14,Material,source,AdventurerAI.TakeDamage,86
2,14,Fame,source,AdventurerAI.GrantReturnReward,160
2,14,Fame,source,LureEconomy.OnHeroEscaped,400
2,14,DP,source,AdventurerAI.ReapEmotion,242
2,14,DP,source,AdventurerAI.GrantReturnReward,2218
2,14,DP,sink,CommandSystem.TryUse,-2300
2,14,DP,source,Nemesis.OnSlain,2017
2,14,Material,source,Nemesis.OnSlain,16
2,14,DP,stock,end,4687
2,14,Material,stock,end,516
2,14,Fame,stock,end,1965
2,15,DP,source,SurfaceMap.CollectYields,103
2,15,Material,source,SurfaceMap.CollectYields,5
2,15,Fame,source,SurfaceMap.CollectYields,23
2,15,DP,source,DistrictCatalog.Collect,126
2,15,DP,sink,MinionRoster.TryForge,-2828
2,15,DP,sink,DungeonFloorManager.TryExpandFloor,-1500
2,15,DP,sink,DungeonFeatureManager.TryPlaceTrap,-300
2,15,DP,sink,MinionRoster.TrySummon,-278
2,15,DP,source,AdventurerAI.ReapEmotion,190
2,15,DP,source,AdventurerAI.TakeDamage,5162
2,15,Material,source,AdventurerAI.TakeDamage,111
2,15,DP,sink,CommandSystem.TryUse,-2300
2,15,DP,source,AdventurerAI.GrantReturnReward,359
2,15,Fame,source,AdventurerAI.GrantReturnReward,10
2,15,Fame,source,LureEconomy.OnHeroEscaped,25
2,15,DP,source,Nemesis.OnSlain,2897
2,15,Material,source,Nemesis.OnSlain,21
2,15,DP,stock,end,6318
2,15,Material,stock,end,653
2,15,Fame,stock,end,2023
2,16,DP,source,SurfaceMap.CollectYields,103
2,16,Material,source,SurfaceMap.CollectYields,5
2,16,Fame,source,SurfaceMap.CollectYields,23
2,16,DP,source,DistrictCatalog.Collect,126
2,16,DP,source,WaveRoster.ResolveTrial,3300
2,16,DP,sink,MinionRoster.TryForge,-3250
2,16,DP,sink,DungeonFloorManager.TryAddFloor,-5000
2,16,DP,sink,DungeonFloorManager.TryExpandFloor,-1200
2,16,DP,sink,DungeonFeatureManager.TryPlaceTrap,-150
2,16,DP,sink,MinionRoster.TrySummon,-243
2,16,DP,source,AdventurerAI.ReapEmotion,460
2,16,DP,source,AdventurerAI.TakeDamage,1919
2,16,Material,source,AdventurerAI.TakeDamage,39
2,16,DP,sink,CommandSystem.TryUse,-2450
2,16,DP,source,AdventurerAI.GrantReturnReward,1570
2,16,Fame,source,AdventurerAI.GrantReturnReward,80
2,16,Fame,source,LureEconomy.OnHeroEscaped,200
2,16,DP,source,Nemesis.OnSlain,1473
2,16,Material,source,Nemesis.OnSlain,12
2,16,DP,stock,end,2976
2,16,Material,stock,end,709
2,16,Fame,stock,end,2326
3,1,DP,sink,DungeonFeatureManager.TryPlaceTrap,-150
3,1,DP,sink,MinionRoster.TrySummon,-46
3,1,DP,source,AdventurerAI.TakeDamage,163
3,1,Material,source,AdventurerAI.TakeDamage,6
3,1,DP,source,AdventurerAI.ReapEmotion,200
3,1,DP,sink,CommandSystem.TryUse,-300
3,1,DP,source,AdventurerAI.GrantReturnReward,401
3,1,Fame,source,AdventurerAI.GrantReturnReward,20
3,1,Fame,source,LureEconomy.OnHeroEscaped,50
3,1,DP,stock,end,468
3,1,Material,stock,end,6
3,1,Fame,stock,end,70
3,2,DP,source,SurfaceMap.CollectYields,18
3,2,Material,source,SurfaceMap.CollectYields,1
3,2,Fame,source,SurfaceMap.CollectYields,4
3,2,DP,source,EraSystem.TickTurn,600
3,2,Fame,source,EraSystem.TickTurn,25
3,2,DP,sink,MinionRoster.TryForge,-236
3,2,DP,sink,MinionEvolution.TryEvolve,-550
3,2,DP,sink,DungeonFeatureManager.TryPlaceTrap,-150
3,2,DP,sink,MinionRoster.TrySummon,-144
3,2,DP,source,AdventurerAI.ReapEmotion,118
3,2,DP,source,AdventurerAI.TakeDamage,284
3,2,Material,source,AdventurerAI.TakeDamage,12
3,2,DP,source,AdventurerAI.GrantReturnReward,411
3,2,Fame,source,AdventurerAI.GrantReturnReward,10
3,2,Fame,source,LureEconomy.OnHeroEscaped,25
3,2,DP,sink,CommandSystem.TryUse,-650
3,2,DP,stock,end,169
3,2,Material,stock,end,19
3,2,Fame,stock,end,134
3,3,DP,source,SurfaceMap.CollectYields,18
3,3,Material,source,SurfaceMap.CollectYields,1
3,3,Fame,source,SurfaceMap.CollectYields,4
3,3,DP,source,EraSystem.TickTurn,600
3,3,Material,source,EraSystem.TickTurn,10
3,3,Fame,source,EraSystem.TickTurn,25
3,3,DP,sink,MinionRoster.TryForge,-236
3,3,DP,sink,MinionEvolution.TryEvolve,-75
3,3,DP,sink,MinionRoster.TryEvolveIndividual,-175
3,3,DP,sink,DungeonFeatureManager.TryPlaceTrap,-150
3,3,DP,sink,MinionRoster.TrySummon,-141
3,3,DP,source,AdventurerAI.TakeDamage,308
3,3,Material,source,AdventurerAI.TakeDamage,29
3,3,DP,source,AdventurerAI.ReapEmotion,57
3,3,Fame,source,AdventurerAI.GrantReturnReward,10
3,3,Fame,source,LureEconomy.OnHeroEscaped,25
3,3,DP,source,Nemesis.OnSlain,437
3,3,Material,source,Nemesis.OnSlain,5
3,3,DP,sink,CommandSystem.TryUse,-650
3,3,DP,stock,end,162
3,3,Material,stock,end,64
3,3,Fame,stock,end,198
3,4,DP,source,SurfaceMap.CollectYields,18
3,4,Material,source,SurfaceMap.CollectYields,1
3,4,Fame,source,SurfaceMap.CollectYields,4
3,4,DP,source,EraSystem.TickTurn,600
3,4,DP,sink,MinionRoster.TryForge,-236
3,4,DP,sink,MinionEvolution.TryEvolve,-200
3,4,DP,sink,DungeonFeatureManager.TryPlaceTrap,-150
3,4,DP,sink,MinionRoster.TrySummon,-176
3,4,DP,source,AdventurerAI.ReapEmotion,113
3,4,Fame,source,AdventurerAI.GrantReturnReward,10
3,4,Fame,source,LureEconomy.OnHeroEscaped,25
3,4,DP,source,AdventurerAI.TakeDamage,399
3,4,Material,source,AdventurerAI.TakeDamage,16
3,4,DP,sink,CommandSystem.TryUse,-300
3,4,DP,stock,end,230
3,4,Material,stock,end,81
3,4,Fame,stock,end,237
3,5,DP,source,SurfaceMap.CollectYields,18
3,5,Material,source,SurfaceMap.CollectYields,1
3,5,Fame,source,SurfaceMap.CollectYields,4
3,5,DP,source,EraSystem.TickTurn,600
3,5,Material,source,EraSystem.TickTurn,10
3,5,DP,sink,MinionRoster.TryForge,-212
3,5,DP,sink,MinionEvolution.TryEvolve,-325
3,5,DP,sink,DungeonFeatureManager.TryPlaceTrap,-150
3,5,DP,sink,MinionRoster.TrySummon,-156
3,5,DP,source,AdventurerAI.TakeDamage,586
3,5,Material,source,AdventurerAI.TakeDamage,20
3,5,DP,source,AdventurerAI.ReapEmotion,143
3,5,DP,sink,CommandSystem.TryUse,-950
3,5,DP,source,Nemesis.OnSlain,470
3,5,Material,source,Nemesis.OnSlain,5
3,5,DP,stock,end,254
3,5,Material,stock,end,117
3,5,Fame,stock,end,241
3,6,DP,source,SurfaceMap.CollectYields,39
3,6,Material,source,SurfaceMap.CollectYields,2
3,6,Fame,source,SurfaceMap.CollectYields,9
3,6,DP,source,EraSystem.TickTurn,600
3,6,DP,source,WaveRoster.ResolveTrial,1200
3,6,DP,sink,MinionRoster.TryForge,-212
3,6,DP,sink,DungeonFloorManager.TryAddFloor,-800
3,6,DP,sink,DungeonFloorManager.TryExpandFloor,-400
3,6,DP,sink,MinionEvolution.TryEvolve,-200
3,6,DP,sink,MinionRoster.TryEvolveIndividual,-175
3,6,DP,sink,DungeonFeatureManager.TryPlaceTrap,-150
3,6,DP,sink,MinionRoster.TrySummon,-135
3,6,DP,source,AdventurerAI.ReapEmotion,311
3,6,DP,sink,CommandSystem.TryUse,-1800
3,6,DP,source,AdventurerAI.GrantReturnReward,1945
3,6,Fame,source,AdventurerAI.GrantReturnReward,70
3,6,Fame,source,LureEconomy.OnHeroEscaped,175
3,6,DP,source,AdventurerAI.TakeDamage,527
3,6,Material,source,AdventurerAI.TakeDamage,25
3,6,DP,source,Nemesis.OnSlain,486
3,6,Material,source,Nemesis.OnSlain,5
3,6,DP,stock,end,1490
3,6,Material,stock,end,149
3,6,Fame,stock,end,495
3,7,DP,source,SurfaceMap.CollectYields,39
3,7,Material,source,SurfaceMap.CollectYields,2
3,7,Fame,source,SurfaceMap.CollectYields,9
3,7,DP,source,EraSystem.TickTurn,600
3,7,DP,sink,MinionRoster.TryForge,-318
3,7,DP,sink,DungeonFloorManager.TryExpandFloor,-1200
3,7,DP,sink,MinionEvolution.TryEvolve,-250
3,7,DP,sink,DungeonFeatureManager.TryPlaceTrap,-300
3,7,DP,sink,MinionRoster.TrySummon,-45
3,7,DP,source,AdventurerAI.ReapEmotion,201
3,7,DP,source,AdventurerAI.TakeDamage,472
3,7,Material,source,AdventurerAI.TakeDamage,20
3,7,DP,sink,CommandSystem.TryUse,-650
3,7,DP,source,AdventurerAI.GrantReturnReward,443
3,7,Fame,source,AdventurerAI.GrantReturnReward,30
3,7,Fame,source,LureEconomy.OnHeroEscaped,75
3,7,DP,stock,end,482
3,7,Material,stock,end,171
3,7,Fame,stock,end,609
3,8,DP,source,SurfaceMap.CollectYields,39
3,8,Material,source,SurfaceMap.CollectYields,2
3,8,Fame,source,SurfaceMap.CollectYields,9
3,8,DP,source,EraSystem.TickTurn,1020
3,8,DP,sink,MinionRoster.TryForge,-212
3,8,DP,sink,DungeonFloorManager.TryExpandFloor,-800
3,8,DP,sink,MinionRoster.TryEvolveIndividual,-200
3,8,DP,sink,DungeonFeatureManager.TryPlaceTrap,-150
3,8,DP,sink,MinionRoster.TrySummon,-177
3,8,DP,source,AdventurerAI.ReapEmotion,402
3,8,Fame,source,AdventurerAI.GrantReturnReward,20
3,8,Fame,source,LureEconomy.OnHeroEscaped,50
3,8,DP,sink,CommandSystem.TryUse,-1150
3,8,DP,source,AdventurerAI.TakeDamage,960
3,8,Material,source,AdventurerAI.TakeDamage,56
3,8,DP,source,AdventurerAI.GrantReturnReward,401
3,8,DP,source,Nemesis.OnSlain,1004
3,8,Material,source,Nemesis.OnSlain,10
3,8,DP,stock,end,1619
3,8,Material,stock,end,239
3,8,Fame,stock,end,688
3,9,DP,source,SurfaceMap.CollectYields,45
3,9,Material,source,SurfaceMap.CollectYields,2
3,9,Fame,source,SurfaceMap.CollectYields,11
3,9,DP,source,EraSystem.TickTurn,600
3,9,Fame,source,EraSystem.TickTurn,25
3,9,DP,sink,MinionRoster.TryForge,-190
3,9,DP,sink,DungeonFloorManager.TryExpandFloor,-1500
3,9,DP,sink,MinionEvolution.TryEvolve,-250
3,9,DP,sink,DungeonFeatureManager.TryPlaceTrap,-150
3,9,DP,sink,MinionRoster.TrySummon,-161
3,9,DP,source,AdventurerAI.ReapEmotion,115
3,9,DP,source,AdventurerAI.TakeDamage,985
3,9,Material,source,AdventurerAI.TakeDamage,66
3,9,DP,sink,CommandSystem.TryUse,-1800
3,9,DP,source,AdventurerAI.GrantReturnReward,416
3,9,Fame,source,AdventurerAI.GrantReturnReward,20
3,9,Fame,source,LureEconomy.OnHeroEscaped,50
3,9,DP,source,Nemesis.OnSlain,1036
3,9,Material,source,Nemesis.OnSlain,10
3,9,DP,stock,end,765
3,9,Material,stock,end,317
3,9,Fame,stock,end,794
3,10,DP,source,SurfaceMap.CollectYields,78
3,10,Material,source,SurfaceMap.CollectYields,3
3,10,Fame,source,SurfaceMap.CollectYields,16
3,10,DP,source,EraSystem.TickTurn,1020
3,10,DP,sink,MinionRoster.TryForge,-285
3,10,DP,sink,MinionEvolution.TryEvolve,-800
3,10,DP,sink,MinionRoster.TryEvolveIndividual,-400
3,10,DP,sink,DungeonFeatureManager.TryPlaceTrap,-150
3,10,DP,sink,MinionRoster.TrySummon,-222
3,10,DP,source,AdventurerAI.ReapEmotion,295
3,10,DP,sink,CommandSystem.TryUse,-1800
3,10,DP,source,AdventurerAI.TakeDamage,997
3,10,Material,source,AdventurerAI.TakeDamage,29
3,10,DP,source,AdventurerAI.GrantReturnReward,312
3,10,Fame,source,AdventurerAI.GrantReturnReward,30
3,10,Fame,source,LureEconomy.OnHeroEscaped,75
3,10,DP,source,Nemesis.OnSlain,535
3,10,Material,source,Nemesis.OnSlain,5
3,10,DP,stock,end,345
3,10,Material,stock,end,354
3,10,Fame,stock,end,915
3,11,DP,source,SurfaceMap.CollectYields,78
3,11,Material,source,SurfaceMap.CollectYields,3
3,11,Fame,source,SurfaceMap.CollectYields,16
3,11,DP,sink,DungeonFeatureManager.TryPlaceTrap,-150
3,11,DP,sink,MinionRoster.TrySummon,-255
3,11,DP,source,AdventurerAI.ReapEmotion,305
3,11,DP,source,AdventurerAI.TakeDamage,755
3,11,Material,source,AdventurerAI.TakeDamage,20
3,11,DP,sink,CommandSystem.TryUse,-1800
3,11,DP,source,AdventurerAI.GrantReturnReward,1687
3,11,Fame,source,AdventurerAI.GrantReturnReward,60
3,11,Fame,source,LureEconomy.OnHeroEscaped,150
3,11,DP,source,Nemesis.OnSlain,551
3,11,Material,source,Nemesis.OnSlain,5
3,11,DP,stock,end,1516
3,11,Material,stock,end,382
3,11,Fame,stock,end,1141
3,12,DP,source,SurfaceMap.CollectYields,78
3,12,Material,source,SurfaceMap.CollectYields,3
3,12,Fame,source,SurfaceMap.CollectYields,16
3,12,DP,source,DistrictCatalog.Collect,126
3,12,DP,sink,MinionRoster.TryForge,-1168
3,12,DP,sink,DungeonFeatureManager.TryPlaceTrap,-300
3,12,DP,sink,MinionRoster.TrySummon,-243
3,12,DP,source,AdventurerAI.ReapEmotion,134
3,12,Fame,source,AdventurerAI.GrantReturnReward,80
3,12,Fame,source,LureEconomy.OnHeroEscaped,200
3,12,DP,source,AdventurerAI.GrantReturnReward,1320
3,12,DP,sink,CommandSystem.TryUse,-1950
3,12,DP,source,AdventurerAI.TakeDamage,618
3,12,Material,source,AdventurerAI.TakeDamage,22
3,12,DP,source,Nemesis.OnSlain,796
3,12,Material,source,Nemesis.OnSlain,7
3,12,DP,stock,end,927
3,12,Material,stock,end,414
3,12,Fame,stock,end,1437
3,13,DP,source,SurfaceMap.CollectYields,59
3,13,Material,source,SurfaceMap.CollectYields,3
3,13,Fame,source,SurfaceMap.CollectYields,13
3,13,DP,source,DistrictCatalog.Collect,140
3,13,DP,sink,MinionRoster.TryForge,-598
3,13,DP,sink,DungeonFeatureManager.TryPlaceTrap,-300
3,13,DP,sink,MinionRoster.TrySummon,-210
3,13,DP,source,AdventurerAI.ReapEmotion,120
3,13,DP,source,AdventurerAI.TakeDamage,1460
3,13,Material,source,AdventurerAI.TakeDamage,61
3,13,DP,sink,CommandSystem.TryUse,-1800
3,13,Fame,source,AdventurerAI.GrantReturnReward,30
3,13,Fame,source,LureEconomy.OnHeroEscaped,75
3,13,DP,source,AdventurerAI.GrantReturnReward,684
3,13,DP,source,Nemesis.OnSlain,1383
3,13,Material,source,Nemesis.OnSlain,12
3,13,DP,stock,end,1865
3,13,Material,stock,end,490
3,13,Fame,stock,end,1555
3,14,DP,source,SurfaceMap.CollectYields,79
3,14,Material,source,SurfaceMap.CollectYields,4
3,14,Fame,source,SurfaceMap.CollectYields,17
3,14,DP,source,DistrictCatalog.Collect,140
3,14,DP,source,EraSystem.TickTurn,300
3,14,DP,sink,MinionRoster.TryForge,-394
3,14,DP,sink,DungeonFloorManager.TryExpandFloor,-1500
3,14,DP,sink,DungeonFeatureManager.TryPlaceTrap,-300
3,14,DP,sink,MinionRoster.TrySummon,-188
3,14,DP,source,AdventurerAI.ReapEmotion,131
3,14,DP,source,AdventurerAI.TakeDamage,1933
3,14,Material,source,AdventurerAI.TakeDamage,67
3,14,DP,sink,CommandSystem.TryUse,-1800
3,14,Fame,source,AdventurerAI.GrantReturnReward,70
3,14,Fame,source,LureEconomy.OnHeroEscaped,175
3,14,DP,source,AdventurerAI.GrantReturnReward,1399
3,14,DP,source,Nemesis.OnSlain,1644
3,14,Material,source,Nemesis.OnSlain,12
3,14,DP,stock,end,3309
3,14,Material,stock,end,573
3,14,Fame,stock,end,1817
3,15,DP,source,SurfaceMap.CollectYields,58
3,15,Material,source,SurfaceMap.CollectYields,3
3,15,Fame,source,SurfaceMap.CollectYields,12
3,15,DP,source,DistrictCatalog.Collect,140
3,15,DP,sink,MinionRoster.TryForge,-570
3,15,DP,sink,DungeonFloorManager.TryAddFloor,-2000
3,15,DP,sink,DungeonFloorManager.TryExpandFloor,-400
3,15,DP,sink,MinionRoster.TryEvolveIndividual,-75
3,15,DP,sink,DungeonFeatureManager.TryPlaceTrap,-300
3,15,DP,sink,MinionRoster.TrySummon,-162
3,15,DP,source,AdventurerAI.ReapEmotion,313
3,15,DP,sink,CommandSystem.TryUse,-2300
3,15,DP,source,AdventurerAI.GrantReturnReward,763
3,15,Fame,source,AdventurerAI.GrantReturnReward,40
3,15,Fame,source,LureEconomy.OnHeroEscaped,100
3,15,DP,source,AdventurerAI.TakeDamage,2568
3,15,Material,source,AdventurerAI.TakeDamage,74
3,15,DP,source,Nemesis.OnSlain,599
3,15,Material,source,Nemesis.OnSlain,5
3,15,DP,stock,end,1943
3,15,Material,stock,end,655
3,15,Fame,stock,end,1969
3,16,DP,source,SurfaceMap.CollectYields,58
3,16,Material,source,SurfaceMap.CollectYields,3
3,16,Fame,source,SurfaceMap.CollectYields,12
3,16,DP,source,DistrictCatalog.Collect,140
3,16,DP,sink,MinionRoster.TryForge,-584
3,16,DP,sink,DungeonFloorManager.TryExpandFloor,-800
3,16,DP,sink,MinionRoster.TryEvolveIndividual,-325
3,16,DP,sink,DungeonFeatureManager.TryPlaceTrap,-150
3,16,DP,sink,MinionRoster.TrySummon,-270
3,16,DP,source,AdventurerAI.ReapEmotion,324
3,16,DP,source,AdventurerAI.TakeDamage,2308
3,16,Material,source,AdventurerAI.TakeDamage,89
3,16,DP,sink,CommandSystem.TryUse,-2300
3,16,DP,source,Nemesis.OnSlain,2089
3,16,Material,source,Nemesis.OnSlain,17
3,16,DP,source,AdventurerAI.GrantReturnReward,539
3,16,Fame,source,AdventurerAI.GrantReturnReward,20
3,16,Fame,source,LureEconomy.OnHeroEscaped,50
3,16,DP,stock,end,2972
3,16,Material,stock,end,764
3,16,Fame,stock,end,2051
4,1,DP,sink,DungeonFeatureManager.TryPlaceTrap,-150
4,1,DP,sink,MinionRoster.TrySummon,-46
4,1,DP,source,AdventurerAI.ReapEmotion,149
4,1,DP,source,AdventurerAI.TakeDamage,104
4,1,Material,source,AdventurerAI.TakeDamage,6
4,1,DP,source,AdventurerAI.GrantReturnReward,597
4,1,Fame,source,AdventurerAI.GrantReturnReward,30
4,1,Fame,source,LureEconomy.OnHeroEscaped,75
4,1,DP,sink,CommandSystem.TryUse,-300
4,1,DP,stock,end,554
4,1,Material,stock,end,6
4,1,Fame,stock,end,105
4,2,DP,source,SurfaceMap.CollectYields,18
4,2,Material,source,SurfaceMap.CollectYields,1
4,2,Fame,source,SurfaceMap.CollectYields,4
4,2,DP,source,EraSystem.TickTurn,600
4,2,Fame,source,EraSystem.TickTurn,25
4,2,DP,sink,MinionRoster.TryForge,-236
4,2,DP,sink,MinionEvolution.TryEvolve,-625
4,2,DP,sink,DungeonFeatureManager.TryPlaceTrap,-150
4,2,DP,sink,MinionRoster.TrySummon,-156
4,2,DP,source,AdventurerAI.ReapEmotion,114
4,2,DP,source,AdventurerAI.TakeDamage,215
4,2,Material,source,AdventurerAI.TakeDamage,12
4,2,DP,sink,CommandSystem.TryUse,-300
4,2,DP,source,AdventurerAI.GrantReturnReward,228
4,2,Fame,source,AdventurerAI.GrantReturnReward,20
4,2,Fame,source,LureEconomy.OnHeroEscaped,50
4,2,DP,stock,end,262
4,2,Material,stock,end,19
4,2,Fame,stock,end,204
4,3,DP,source,SurfaceMap.CollectYields,18
4,3,Material,source,SurfaceMap.CollectYields,1
4,3,Fame,source,SurfaceMap.CollectYields,4
4,3,DP,source,EraSystem.TickTurn,600
4,3,Material,source,EraSystem.TickTurn,10
4,3,DP,sink,MinionRoster.TryForge,-236
4,3,DP,sink,MinionEvolution.TryEvolve,-325
4,3,DP,sink,DungeonFeatureManager.TryPlaceTrap,-150
4,3,DP,sink,MinionRoster.TrySummon,-161
4,3,DP,source,AdventurerAI.ReapEmotion,120
4,3,Fame,source,AdventurerAI.GrantReturnReward,30
4,3,Fame,source,LureEconomy.OnHeroEscaped,75
4,3,DP,source,AdventurerAI.TakeDamage,162
4,3,Material,source,AdventurerAI.TakeDamage,8
4,3,DP,source,AdventurerAI.GrantReturnReward,417
4,3,DP,sink,CommandSystem.TryUse,-650
4,3,DP,stock,end,57
4,3,Material,stock,end,38
4,3,Fame,stock,end,313
4,4,DP,source,SurfaceMap.CollectYields,18
4,4,Material,source,SurfaceMap.CollectYields,1
4,4,Fame,source,SurfaceMap.CollectYields,4
4,4,DP,source,EraSystem.TickTurn,600
4,4,Fame,source,EraSystem.TickTurn,25
4,4,DP,sink,MinionRoster.TryForge,-236
4,4,DP,sink,DungeonFeatureManager.TryPlaceTrap,-300
4,4,DP,sink,MinionRoster.TrySummon,-136
4,4,DP,source,AdventurerAI.ReapEmotion,120
4,4,Fame,source,AdventurerAI.GrantReturnReward,20
4,4,Fame,source,LureEconomy.OnHeroEscaped,50
4,4,DP,source,AdventurerAI.GrantReturnReward,50
4,4,DP,source,Nemesis.OnSlain,454
4,4,Material,source,Nemesis.OnSlain,5
4,4,DP,source,AdventurerAI.TakeDamage,355
4,4,Material,source,AdventurerAI.TakeDamage,14
4,4,DP,sink,CommandSystem.TryUse,-650
4,4,DP,stock,end,332
4,4,Material,stock,end,58
4,4,Fame,stock,end,412
4,5,DP,source,SurfaceMap.CollectYields,18
4,5,Material,source,SurfaceMap.CollectYields,1
4,5,Fame,source,SurfaceMap.CollectYields,4
4,5,DP,source,EraSystem.TickTurn,600
4,5,DP,sink,MinionRoster.TryForge,-212
4,5,DP,sink,DungeonFloorManager.TryExpandFloor,-400
4,5,DP,sink,DungeonFeatureManager.TryPlaceTrap,-150
4,5,DP,sink,MinionRoster.TrySummon,-178
4,5,DP,source,AdventurerAI.ReapEmotion,138
4,5,DP,source,AdventurerAI.TakeDamage,656
4,5,Material,source,AdventurerAI.TakeDamage,20
4,5,DP,sink,CommandSystem.TryUse,-950
4,5,DP,source,Nemesis.OnSlain,470
4,5,Material,source,Nemesis.OnSlain,5
4,5,DP,stock,end,324
4,5,Material,stock,end,84
4,5,Fame,stock,end,416
4,6,DP,source,SurfaceMap.CollectYields,39
4,6,Material,source,SurfaceMap.CollectYields,2
4,6,Fame,source,SurfaceMap.CollectYields,9
4,6,DP,source,EraSystem.TickTurn,600
4,6,Material,source,EraSystem.TickTurn,10
4,6,DP,source,WaveRoster.ResolveTrial,1200
4,6,DP,sink,MinionRoster.TryForge,-212
4,6,DP,sink,DungeonFloorManager.TryAddFloor,-800
4,6,DP,sink,DungeonFloorManager.TryExpandFloor,-400
4,6,DP,sink,MinionEvolution.TryEvolve,-400
4,6,DP,sink,DungeonFeatureManager.TryPlaceTrap,-300
4,6,DP,sink,MinionRoster.TrySummon,-45
4,6,DP,source,AdventurerAI.ReapEmotion,146
4,6,DP,source,AdventurerAI.TakeDamage,512
4,6,Material,source,AdventurerAI.TakeDamage,44
4,6,DP,sink,CommandSystem.TryUse,-1150
4,6,DP,source,AdventurerAI.GrantReturnReward,753
4,6,Fame,source,AdventurerAI.GrantReturnReward,30
4,6,Fame,source,LureEconomy.OnHeroEscaped,75
4,6,DP,source,Nemesis.OnSlain,972
4,6,Material,source,Nemesis.OnSlain,10
4,6,DP,stock,end,1239
4,6,Material,stock,end,150
4,6,Fame,stock,end,530
4,7,DP,source,SurfaceMap.CollectYields,39
4,7,Material,source,SurfaceMap.CollectYields,2
4,7,Fame,source,SurfaceMap.CollectYields,9
4,7,DP,source,EraSystem.TickTurn,1020
4,7,DP,sink,MinionRoster.TryForge,-212
4,7,DP,sink,DungeonFloorManager.TryExpandFloor,-1600
4,7,DP,sink,MinionRoster.TryEvolveIndividual,-175
4,7,DP,sink,DungeonFeatureManager.TryPlaceTrap,-150
4,7,DP,sink,MinionRoster.TrySummon,-157
4,7,DP,source,AdventurerAI.ReapEmotion,305
4,7,DP,sink,CommandSystem.TryUse,-1450
4,7,Fame,source,AdventurerAI.GrantReturnReward,60
4,7,Fame,source,LureEconomy.OnHeroEscaped,150
4,7,DP,source,AdventurerAI.TakeDamage,339
4,7,Material,source,AdventurerAI.TakeDamage,11
4,7,DP,source,AdventurerAI.GrantReturnReward,1206
4,7,DP,source,Nemesis.OnSlain,1004
4,7,Material,source,Nemesis.OnSlain,10
4,7,DP,stock,end,1408
4,7,Material,stock,end,173
4,7,Fame,stock,end,749
4,8,DP,source,SurfaceMap.CollectYields,39
4,8,Material,source,SurfaceMap.CollectYields,2
4,8,Fame,source,SurfaceMap.CollectYields,9
4,8,DP,source,EraSystem.TickTurn,600
4,8,DP,sink,MinionRoster.TryForge,-212
4,8,DP,sink,DungeonFloorManager.TryExpandFloor,-1500
4,8,DP,sink,DungeonFeatureManager.TryPlaceTrap,-150
4,8,DP,sink,MinionRoster.TrySummon,-180
4,8,DP,source,AdventurerAI.TakeDamage,600
4,8,Material,source,AdventurerAI.TakeDamage,39
4,8,Fame,source,AdventurerAI.GrantReturnReward,50
4,8,Fame,source,LureEconomy.OnHeroEscaped,125
4,8,DP,source,AdventurerAI.ReapEmotion,113
4,8,DP,source,AdventurerAI.GrantReturnReward,890
4,8,DP,sink,CommandSystem.TryUse,-1150
4,8,DP,stock,end,458
4,8,Material,stock,end,214
4,8,Fame,stock,end,933
4,9,DP,source,SurfaceMap.CollectYields,45
4,9,Material,source,SurfaceMap.CollectYields,2
4,9,Fame,source,SurfaceMap.CollectYields,11
4,9,DP,source,EraSystem.TickTurn,600
4,9,Fame,source,EraSystem.TickTurn,25
4,9,DP,sink,MinionRoster.TryForge,-190
4,9,DP,sink,MinionEvolution.TryEvolve,-500
4,9,DP,sink,MinionRoster.TryEvolveIndividual,-75
4,9,DP,sink,DungeonFeatureManager.TryPlaceTrap,-150
4,9,DP,sink,MinionRoster.TrySummon,-185
4,9,DP,source,AdventurerAI.TakeDamage,528
4,9,Material,source,AdventurerAI.TakeDamage,25
4,9,Fame,source,AdventurerAI.GrantReturnReward,70
4,9,Fame,source,LureEconomy.OnHeroEscaped,175
4,9,DP,source,AdventurerAI.ReapEmotion,271
4,9,DP,sink,CommandSystem.TryUse,-1450
4,9,DP,source,AdventurerAI.GrantReturnReward,1598
4,9,DP,source,Nemesis.OnSlain,1036
4,9,Material,source,Nemesis.OnSlain,10
4,9,DP,stock,end,1986
4,9,Material,stock,end,251
4,9,Fame,stock,end,1214
4,10,DP,source,SurfaceMap.CollectYields,79
4,10,Material,source,SurfaceMap.CollectYields,3
4,10,Fame,source,SurfaceMap.CollectYields,17
4,10,DP,source,EraSystem.TickTurn,300
4,10,DP,sink,MinionRoster.TryForge,-190
4,10,DP,sink,DungeonFloorManager.TryExpandFloor,-1500
4,10,DP,sink,MinionEvolution.TryEvolve,-250
4,10,DP,sink,DungeonFeatureManager.TryPlaceTrap,-150
4,10,DP,sink,MinionRoster.TrySummon,-264
4,10,DP,source,AdventurerAI.ReapEmotion,127
4,10,DP,source,AdventurerAI.TakeDamage,999
4,10,Material,source,AdventurerAI.TakeDamage,30
4,10,DP,sink,CommandSystem.TryUse,-2550
4,10,DP,source,AdventurerAI.GrantReturnReward,1647
4,10,Fame,source,AdventurerAI.GrantReturnReward,120
4,10,Fame,source,LureEconomy.OnHeroEscaped,300
4,10,DP,stock,end,234
4,10,Material,stock,end,284
4,10,Fame,stock,end,1651
4,11,DP,source,SurfaceMap.CollectYields,79
4,11,Material,source,SurfaceMap.CollectYields,3
4,11,Fame,source,SurfaceMap.CollectYields,17
4,11,DP,source,EraSystem.TickTurn,300
4,11,DP,sink,MinionRoster.TryForge,-190
4,11,DP,sink,MinionRoster.TryEvolveIndividual,-75
4,11,DP,sink,DungeonFeatureManager.TryPlaceTrap,-150
4,11,DP,sink,MinionRoster.TrySummon,-189
4,11,DP,source,AdventurerAI.TakeDamage,2028
4,11,Material,source,AdventurerAI.TakeDamage,184
4,11,DP,source,AdventurerAI.ReapEmotion,90
4,11,DP,sink,CommandSystem.TryUse,-4550
4,11,DP,source,AdventurerAI.GrantReturnReward,2117
4,11,Fame,source,AdventurerAI.GrantReturnReward,90
4,11,Fame,source,LureEconomy.OnHeroEscaped,225
4,11,DP,source,Nemesis.OnSlain,551
4,11,Material,source,Nemesis.OnSlain,5
4,11,DP,stock,end,245
4,11,Material,stock,end,476
4,11,Fame,stock,end,1983
4,12,DP,source,SurfaceMap.CollectYields,79
4,12,Material,source,SurfaceMap.CollectYields,3
4,12,Fame,source,SurfaceMap.CollectYields,17
4,12,DP,source,DistrictCatalog.Collect,84
4,12,DP,source,EraSystem.TickTurn,720
4,12,DP,sink,MinionRoster.TryForge,-190
4,12,DP,sink,MinionEvolution.TryEvolve,-550
4,12,DP,sink,DungeonFeatureManager.TryPlaceTrap,-150
4,12,DP,sink,MinionRoster.TrySummon,-230
4,12,DP,source,AdventurerAI.TakeDamage,1203
4,12,Material,source,AdventurerAI.TakeDamage,37
4,12,DP,sink,CommandSystem.TryUse,-4750
4,12,Fame,source,AdventurerAI.GrantReturnReward,90
4,12,Fame,source,LureEconomy.OnHeroEscaped,225
4,12,DP,source,AdventurerAI.ReapEmotion,90
4,12,DP,source,AdventurerAI.GrantReturnReward,3493
4,12,DP,source,Nemesis.OnSlain,796
4,12,Material,source,Nemesis.OnSlain,7
4,12,DP,stock,end,840
4,12,Material,stock,end,523
4,12,Fame,stock,end,2315
4,13,DP,source,SurfaceMap.CollectYields,60
4,13,Material,source,SurfaceMap.CollectYields,3
4,13,Fame,source,SurfaceMap.CollectYields,14
4,13,DP,source,DistrictCatalog.Collect,98
4,13,DP,sink,MinionRoster.TryForge,-190
4,13,DP,sink,MinionRoster.TryEvolveIndividual,-500
4,13,DP,sink,DungeonFeatureManager.TryPlaceTrap,-150
4,13,DP,sink,MinionRoster.TrySummon,-158
4,13,DP,source,AdventurerAI.ReapEmotion,143
4,13,DP,source,AdventurerAI.GrantReturnReward,4041
4,13,Fame,source,AdventurerAI.GrantReturnReward,240
4,13,Fame,source,LureEconomy.OnHeroEscaped,600
4,13,DP,sink,CommandSystem.TryUse,-3700
4,13,DP,source,AdventurerAI.TakeDamage,513
4,13,Material,source,AdventurerAI.TakeDamage,129
4,13,DP,stock,end,997
4,13,Material,stock,end,655
4,13,Fame,stock,end,3169
4,14,DP,source,SurfaceMap.CollectYields,81
4,14,Material,source,SurfaceMap.CollectYields,4
4,14,Fame,source,SurfaceMap.CollectYields,19
4,14,DP,source,DistrictCatalog.Collect,98
4,14,DP,sink,MinionRoster.TryForge,-190
4,14,DP,sink,MinionRoster.TryEvolveIndividual,-650
4,14,DP,sink,DungeonFeatureManager.TryPlaceTrap,-150
4,14,DP,sink,MinionRoster.TrySummon,-162
4,14,DP,source,AdventurerAI.TakeDamage,3556
4,14,Material,source,AdventurerAI.TakeDamage,120
4,14,DP,source,AdventurerAI.ReapEmotion,161
4,14,DP,sink,CommandSystem.TryUse,-2300
4,14,Fame,source,AdventurerAI.GrantReturnReward,50
4,14,Fame,source,LureEconomy.OnHeroEscaped,125
4,14,DP,source,AdventurerAI.GrantReturnReward,1108
4,14,DP,source,Nemesis.OnSlain,1764
4,14,Material,source,Nemesis.OnSlain,14
4,14,DP,stock,end,4313
4,14,Material,stock,end,793
4,14,Fame,stock,end,3363
4,15,DP,source,SurfaceMap.CollectYields,81
4,15,Material,source,SurfaceMap.CollectYields,4
4,15,Fame,source,SurfaceMap.CollectYields,17
4,15,DP,source,DistrictCatalog.Collect,98
4,15,DP,sink,MinionRoster.TryForge,-665
4,15,DP,sink,DungeonFloorManager.TryAddFloor,-2000
4,15,DP,sink,DungeonFloorManager.TryExpandFloor,-1200
4,15,DP,sink,MinionRoster.TryEvolveIndividual,-200
4,15,DP,sink,DungeonFeatureManager.TryPlaceTrap,-150
4,15,DP,sink,MinionRoster.TrySummon,-270
4,15,DP,source,AdventurerAI.ReapEmotion,166
4,15,DP,source,AdventurerAI.TakeDamage,4598
4,15,Material,source,AdventurerAI.TakeDamage,73
4,15,DP,sink,CommandSystem.TryUse,-6050
4,15,DP,source,AdventurerAI.GrantReturnReward,1851
4,15,Fame,source,AdventurerAI.GrantReturnReward,70
4,15,Fame,source,LureEconomy.OnHeroEscaped,175
4,15,DP,source,Nemesis.OnSlain,1205
4,15,Material,source,Nemesis.OnSlain,9
4,15,DP,stock,end,1777
4,15,Material,stock,end,879
4,15,Fame,stock,end,3625
4,16,DP,source,SurfaceMap.CollectYields,81
4,16,Material,source,SurfaceMap.CollectYields,4
4,16,Fame,source,SurfaceMap.CollectYields,17
4,16,DP,source,DistrictCatalog.Collect,98
4,16,DP,sink,MinionRoster.TryForge,-1481
4,16,DP,sink,DungeonFeatureManager.TryPlaceTrap,-300
4,16,DP,sink,MinionRoster.TrySummon,-162
4,16,DP,source,AdventurerAI.ReapEmotion,93
4,16,DP,source,AdventurerAI.TakeDamage,3816
4,16,Material,source,AdventurerAI.TakeDamage,49
4,16,DP,sink,CommandSystem.TryUse,-5600
4,16,DP,source,AdventurerAI.GrantReturnReward,3068
4,16,Fame,source,AdventurerAI.GrantReturnReward,140
4,16,Fame,source,LureEconomy.OnHeroEscaped,350
4,16,DP,source,Nemesis.OnSlain,1232
4,16,Material,source,Nemesis.OnSlain,10
4,16,DP,stock,end,2622
4,16,Material,stock,end,942
4,16,Fame,stock,end,4132
5,1,DP,sink,DungeonFeatureManager.TryPlaceTrap,-150
5,1,DP,sink,MinionRoster.TrySummon,-46
5,1,DP,source,AdventurerAI.ReapEmotion,150
5,1,DP,source,AdventurerAI.TakeDamage,110
5,1,Material,source,AdventurerAI.TakeDamage,4
5,1,DP,source,AdventurerAI.GrantReturnReward,601
5,1,Fame,source,AdventurerAI.GrantReturnReward,30
5,1,Fame,source,LureEconomy.OnHeroEscaped,75
5,1,DP,sink,CommandSystem.TryUse,-650
5,1,DP,stock,end,215
5,1,Material,stock,end,4
5,1,Fame,stock,end,105
5,2,DP,source,SurfaceMap.CollectYields,18
5,2,Material,source,SurfaceMap.CollectYields,1
5,2,Fame,source,SurfaceMap.CollectYields,4
5,2,DP,source,EraSystem.TickTurn,600
5,2,Fame,source,EraSystem.TickTurn,25
5,2,DP,sink,MinionRoster.TryForge,-236
5,2,DP,sink,MinionEvolution.TryEvolve,-225
5,2,DP,sink,DungeonFeatureManager.TryPlaceTrap,-300
5,2,DP,sink,MinionRoster.TrySummon,-62
5,2,DP,source,AdventurerAI.ReapEmotion,103
5,2,Fame,source,AdventurerAI.GrantReturnReward,10
5,2,Fame,source,LureEconomy.OnHeroEscaped,25
5,2,DP,source,AdventurerAI.TakeDamage,290
5,2,Material,source,AdventurerAI.TakeDamage,12
5,2,DP,sink,CommandSystem.TryUse,-300
5,2,DP,stock,end,103
5,2,Material,stock,end,17
5,2,Fame,stock,end,169
5,3,DP,source,SurfaceMap.CollectYields,18
5,3,Material,source,SurfaceMap.CollectYields,1
5,3,Fame,source,SurfaceMap.CollectYields,4
5,3,DP,source,EraSystem.TickTurn,600
5,3,Material,source,EraSystem.TickTurn,10
5,3,Fame,source,EraSystem.TickTurn,25
5,3,DP,sink,MinionRoster.TryForge,-236
5,3,DP,sink,MinionEvolution.TryEvolve,-175
5,3,DP,sink,DungeonFeatureManager.TryPlaceTrap,-150
5,3,DP,sink,MinionRoster.TrySummon,-156
5,3,DP,source,AdventurerAI.TakeDamage,166
5,3,Material,source,AdventurerAI.TakeDamage,4
5,3,DP,source,AdventurerAI.ReapEmotion,173
5,3,Fame,source,AdventurerAI.GrantReturnReward,30
5,3,Fame,source,LureEconomy.OnHeroEscaped,75
5,3,DP,source,AdventurerAI.GrantReturnReward,363
5,3,DP,sink,CommandSystem.TryUse,-650
5,3,DP,stock,end,56
5,3,Material,stock,end,32
5,3,Fame,stock,end,303
5,4,DP,source,SurfaceMap.CollectYields,18
5,4,Material,source,SurfaceMap.CollectYields,1
5,4,Fame,source,SurfaceMap.CollectYields,4
5,4,DP,source,EraSystem.TickTurn,600
5,4,DP,sink,MinionRoster.TryForge,-236
5,4,DP,sink,DungeonFeatureManager.TryPlaceTrap,-300
5,4,DP,sink,MinionRoster.TrySummon,-136
5,4,DP,source,AdventurerAI.ReapEmotion,239
5,4,Fame,source,AdventurerAI.GrantReturnReward,50
5,4,Fame,source,LureEconomy.OnHeroEscaped,125
5,4,DP,source,AdventurerAI.GrantReturnReward,633
5,4,DP,sink,CommandSystem.TryUse,-1600
5,4,DP,source,AdventurerAI.TakeDamage,480
5,4,Material,source,AdventurerAI.TakeDamage,12
5,4,DP,source,Nemesis.OnSlain,454
5,4,Material,source,Nemesis.OnSlain,5
5,4,DP,stock,end,208
5,4,Material,stock,end,50
5,4,Fame,stock,end,482
5,5,DP,source,SurfaceMap.CollectYields,18
5,5,Material,source,SurfaceMap.CollectYields,1
5,5,Fame,source,SurfaceMap.CollectYields,4
5,5,DP,source,EraSystem.TickTurn,600
5,5,DP,sink,MinionRoster.TryForge,-212
5,5,DP,sink,MinionEvolution.TryEvolve,-225
5,5,DP,sink,DungeonFeatureManager.TryPlaceTrap,-300
5,5,DP,sink,MinionRoster.TrySummon,-84
5,5,DP,source,AdventurerAI.TakeDamage,587
5,5,Material,source,AdventurerAI.TakeDamage,14
5,5,DP,source,AdventurerAI.ReapEmotion,191
5,5,DP,sink,CommandSystem.TryUse,-950
5,5,DP,source,Nemesis.OnSlain,470
5,5,Material,source,Nemesis.OnSlain,5
5,5,DP,source,AdventurerAI.GrantReturnReward,390
5,5,Fame,source,AdventurerAI.GrantReturnReward,10
5,5,Fame,source,LureEconomy.OnHeroEscaped,25
5,5,DP,stock,end,693
5,5,Material,stock,end,70
5,5,Fame,stock,end,521
5,6,DP,source,SurfaceMap.CollectYields,38
5,6,Material,source,SurfaceMap.CollectYields,2
5,6,Fame,source,SurfaceMap.CollectYields,8
5,6,DP,source,EraSystem.TickTurn,600
5,6,Material,source,EraSystem.TickTurn,10
5,6,DP,source,WaveRoster.ResolveTrial,1200
5,6,DP,sink,MinionRoster.TryForge,-212
5,6,DP,sink,DungeonFloorManager.TryAddFloor,-800
5,6,DP,sink,DungeonFloorManager.TryExpandFloor,-800
5,6,DP,sink,MinionEvolution.TryEvolve,-325
5,6,DP,sink,DungeonFeatureManager.TryPlaceTrap,-300
5,6,DP,sink,MinionRoster.TrySummon,-93
5,6,DP,source,AdventurerAI.ReapEmotion,370
5,6,DP,sink,CommandSystem.TryUse,-1600
5,6,DP,source,AdventurerAI.GrantReturnReward,1187
5,6,Fame,source,AdventurerAI.GrantReturnReward,60
5,6,Fame,source,LureEconomy.OnHeroEscaped,150
5,6,DP,source,Nemesis.OnSlain,972
5,6,Material,source,Nemesis.OnSlain,10
5,6,DP,source,AdventurerAI.TakeDamage,252
5,6,Material,source,AdventurerAI.TakeDamage,7
5,6,DP,stock,end,1182
5,6,Material,stock,end,99
5,6,Fame,stock,end,739
5,7,DP,source,SurfaceMap.CollectYields,38
5,7,Material,source,SurfaceMap.CollectYields,2
5,7,Fame,source,SurfaceMap.CollectYields,8
5,7,DP,source,EraSystem.TickTurn,1020
5,7,DP,sink,MinionRoster.TryForge,-212
5,7,DP,sink,DungeonFloorManager.TryExpandFloor,-1600
5,7,DP,sink,DungeonFeatureManager.TryPlaceTrap,-300
5,7,DP,sink,MinionRoster.TrySummon,-112
5,7,DP,source,AdventurerAI.ReapEmotion,117
5,7,Fame,source,AdventurerAI.GrantReturnReward,60
5,7,Fame,source,LureEconomy.OnHeroEscaped,150
5,7,DP,source,AdventurerAI.TakeDamage,395
5,7,Material,source,AdventurerAI.TakeDamage,26
5,7,DP,source,AdventurerAI.GrantReturnReward,912
5,7,DP,sink,CommandSystem.TryUse,-1150
5,7,DP,source,Nemesis.OnSlain,1004
5,7,Material,source,Nemesis.OnSlain,10
5,7,DP,stock,end,1294
5,7,Material,stock,end,137
5,7,Fame,stock,end,957
5,8,DP,source,SurfaceMap.CollectYields,38
5,8,Material,source,SurfaceMap.CollectYields,2
5,8,Fame,source,SurfaceMap.CollectYields,8
5,8,DP,source,EraSystem.TickTurn,600
5,8,DP,sink,MinionRoster.TryForge,-212
5,8,DP,sink,MinionEvolution.TryEvolve,-1150
5,8,DP,sink,MinionRoster.TryEvolveIndividual,-175
5,8,DP,sink,DungeonFeatureManager.TryPlaceTrap,-300
5,8,DP,sink,MinionRoster.TrySummon,-95
5,8,DP,source,AdventurerAI.TakeDamage,1449
5,8,Material,source,AdventurerAI.TakeDamage,65
5,8,DP,source,AdventurerAI.ReapEmotion,123
5,8,DP,sink,CommandSystem.TryUse,-1800
5,8,DP,source,Nemesis.OnSlain,1004
5,8,Material,source,Nemesis.OnSlain,10
5,8,DP,stock,end,776
5,8,Material,stock,end,214
5,8,Fame,stock,end,965
5,9,DP,source,SurfaceMap.CollectYields,44
5,9,Material,source,SurfaceMap.CollectYields,2
5,9,Fame,source,SurfaceMap.CollectYields,10
5,9,DP,source,EraSystem.TickTurn,600
5,9,Fame,source,EraSystem.TickTurn,25
5,9,DP,sink,MinionRoster.TryForge,-212
5,9,DP,sink,MinionEvolution.TryEvolve,-550
5,9,DP,sink,MinionRoster.TryEvolveIndividual,-350
5,9,DP,sink,DungeonFeatureManager.TryPlaceTrap,-150
5,9,DP,sink,MinionRoster.TrySummon,-157
5,9,DP,source,AdventurerAI.ReapEmotion,206
5,9,DP,source,AdventurerAI.TakeDamage,2645
5,9,Material,source,AdventurerAI.TakeDamage,70
5,9,DP,sink,CommandSystem.TryUse,-1800
5,9,DP,source,AdventurerAI.GrantReturnReward,390
5,9,Fame,source,AdventurerAI.GrantReturnReward,30
5,9,Fame,source,LureEconomy.OnHeroEscaped,75
5,9,DP,source,Nemesis.OnSlain,1036
5,9,Material,source,Nemesis.OnSlain,10
5,9,DP,stock,end,2478
5,9,Material,stock,end,296
5,9,Fame,stock,end,1105
5,10,DP,source,SurfaceMap.CollectYields,78
5,10,Material,source,SurfaceMap.CollectYields,3
5,10,Fame,source,SurfaceMap.CollectYields,16
5,10,DP,source,EraSystem.TickTurn,600
5,10,DP,sink,MinionRoster.TryForge,-212
5,10,DP,sink,DungeonFloorManager.TryAddFloor,-2000
5,10,DP,sink,DungeonFloorManager.TryExpandFloor,-400
5,10,DP,sink,MinionRoster.TryEvolveIndividual,-225
5,10,DP,sink,DungeonFeatureManager.TryPlaceTrap,-150
5,10,DP,sink,MinionRoster.TrySummon,-148
5,10,DP,source,AdventurerAI.ReapEmotion,156
5,10,DP,source,AdventurerAI.TakeDamage,1341
5,10,Material,source,AdventurerAI.TakeDamage,40
5,10,DP,sink,CommandSystem.TryUse,-1800
5,10,DP,source,AdventurerAI.GrantReturnReward,301
5,10,Fame,source,AdventurerAI.GrantReturnReward,10
5,10,Fame,source,LureEconomy.OnHeroEscaped,25
5,10,DP,source,Nemesis.OnSlain,1070
5,10,Material,source,Nemesis.OnSlain,10
5,10,DP,stock,end,1089
5,10,Material,stock,end,349
5,10,Fame,stock,end,1156
5,11,DP,source,SurfaceMap.CollectYields,78
5,11,Material,source,SurfaceMap.CollectYields,3
5,11,Fame,source,SurfaceMap.CollectYields,16
5,11,DP,source,EraSystem.TickTurn,720
5,11,DP,sink,MinionRoster.TryForge,-212
5,11,DP,sink,DungeonFloorManager.TryExpandFloor,-800
5,11,DP,sink,MinionRoster.TryEvolveIndividual,-550
5,11,DP,sink,DungeonFeatureManager.TryPlaceTrap,-150
5,11,DP,sink,MinionRoster.TrySummon,-162
5,11,DP,source,AdventurerAI.ReapEmotion,206
5,11,Fame,source,AdventurerAI.GrantReturnReward,10
5,11,Fame,source,LureEconomy.OnHeroEscaped,25
5,11,DP,source,AdventurerAI.TakeDamage,1320
5,11,Material,source,AdventurerAI.TakeDamage,86
5,11,DP,sink,CommandSystem.TryUse,-1300
5,11,DP,source,Nemesis.OnSlain,1118
5,11,Material,source,Nemesis.OnSlain,10
5,11,DP,stock,end,1357
5,11,Material,stock,end,448
5,11,Fame,stock,end,1207
5,12,DP,source,SurfaceMap.CollectYields,78
5,12,Material,source,SurfaceMap.CollectYields,3
5,12,Fame,source,SurfaceMap.CollectYields,16
5,12,DP,source,DistrictCatalog.Collect,98
5,12,DP,sink,MinionRoster.TryForge,-570
5,12,DP,sink,MinionRoster.TryEvolveIndividual,-550
5,12,DP,sink,DungeonFeatureManager.TryPlaceTrap,-150
5,12,DP,sink,MinionRoster.TrySummon,-263
5,12,DP,source,AdventurerAI.ReapEmotion,322
5,12,DP,source,AdventurerAI.TakeDamage,1317
5,12,Material,source,AdventurerAI.TakeDamage,40
5,12,DP,sink,CommandSystem.TryUse,-1800
5,12,DP,source,AdventurerAI.GrantReturnReward,274
5,12,Fame,source,AdventurerAI.GrantReturnReward,10
5,12,Fame,source,LureEconomy.OnHeroEscaped,25
5,12,DP,source,Nemesis.OnSlain,1134
5,12,Material,source,Nemesis.OnSlain,10
5,12,DP,stock,end,1247
5,12,Material,stock,end,501
5,12,Fame,stock,end,1258
5,13,DP,source,SurfaceMap.CollectYields,79
5,13,Material,source,SurfaceMap.CollectYields,4
5,13,Fame,source,SurfaceMap.CollectYields,17
5,13,DP,source,DistrictCatalog.Collect,98
5,13,DP,sink,MinionRoster.TryForge,-992
5,13,DP,sink,DungeonFeatureManager.TryPlaceTrap,-150
5,13,DP,sink,MinionRoster.TrySummon,-271
5,13,DP,source,AdventurerAI.ReapEmotion,132
5,13,DP,source,AdventurerAI.TakeDamage,1099
5,13,Material,source,AdventurerAI.TakeDamage,33
5,13,DP,sink,CommandSystem.TryUse,-1800
5,13,DP,source,AdventurerAI.GrantReturnReward,969
5,13,Fame,source,AdventurerAI.GrantReturnReward,30
5,13,Fame,source,LureEconomy.OnHeroEscaped,75
5,13,DP,source,Nemesis.OnSlain,567
5,13,Material,source,Nemesis.OnSlain,5
5,13,DP,stock,end,978
5,13,Material,stock,end,543
5,13,Fame,stock,end,1380
5,14,DP,source,SurfaceMap.CollectYields,80
5,14,Material,source,SurfaceMap.CollectYields,4
5,14,Fame,source,SurfaceMap.CollectYields,18
5,14,DP,source,DistrictCatalog.Collect,98
5,14,DP,sink,MinionRoster.TryForge,-598
5,14,DP,sink,DungeonFeatureManager.TryPlaceTrap,-300
5,14,DP,sink,MinionRoster.TrySummon,-258
5,14,DP,source,AdventurerAI.ReapEmotion,152
5,14,DP,source,AdventurerAI.TakeDamage,798
5,14,Material,source,AdventurerAI.TakeDamage,42
5,14,DP,sink,CommandSystem.TryUse,-650
5,14,DP,source,AdventurerAI.GrantReturnReward,508
5,14,Fame,source,AdventurerAI.GrantReturnReward,10
5,14,Fame,source,LureEconomy.OnHeroEscaped,25
5,14,DP,stock,end,808
5,14,Material,stock,end,589
5,14,Fame,stock,end,1433
5,15,DP,source,SurfaceMap.CollectYields,80
5,15,Material,source,SurfaceMap.CollectYields,4
5,15,Fame,source,SurfaceMap.CollectYields,18
5,15,DP,source,DistrictCatalog.Collect,98
5,15,DP,sink,MinionRoster.TryForge,-584
5,15,DP,sink,DungeonFeatureManager.TryPlaceTrap,-150
5,15,DP,sink,MinionRoster.TrySummon,-243
5,15,DP,source,AdventurerAI.ReapEmotion,608
5,15,DP,source,AdventurerAI.TakeDamage,2061
5,15,Material,source,AdventurerAI.TakeDamage,92
5,15,DP,sink,CommandSystem.TryUse,-2300
5,15,Fame,source,AdventurerAI.GrantReturnReward,30
5,15,Fame,source,LureEconomy.OnHeroEscaped,75
5,15,DP,source,AdventurerAI.GrantReturnReward,780
5,15,DP,source,Nemesis.OnSlain,1797
5,15,Material,source,Nemesis.OnSlain,15
5,15,DP,stock,end,2955
5,15,Material,stock,end,700
5,15,Fame,stock,end,1556
5,16,DP,source,SurfaceMap.CollectYields,101
5,16,Material,source,SurfaceMap.CollectYields,5
5,16,Fame,source,SurfaceMap.CollectYields,23
5,16,DP,source,DistrictCatalog.Collect,98
5,16,DP,sink,MinionRoster.TryForge,-598
5,16,DP,sink,DungeonFloorManager.TryExpandFloor,-1500
5,16,DP,sink,MinionRoster.TryEvolveIndividual,-550
5,16,DP,sink,DungeonFeatureManager.TryPlaceTrap,-300
5,16,DP,sink,MinionRoster.TrySummon,-204
5,16,DP,source,AdventurerAI.ReapEmotion,244
5,16,DP,source,AdventurerAI.TakeDamage,1605
5,16,Material,source,AdventurerAI.TakeDamage,44
5,16,DP,sink,CommandSystem.TryUse,-1800
5,16,DP,source,AdventurerAI.GrantReturnReward,646
5,16,Fame,source,AdventurerAI.GrantReturnReward,10
5,16,Fame,source,LureEconomy.OnHeroEscaped,25
5,16,DP,stock,end,697
5,16,Material,stock,end,749
5,16,Fame,stock,end,1614
6,1,DP,sink,DungeonFeatureManager.TryPlaceTrap,-150
6,1,DP,sink,MinionRoster.TrySummon,-46
6,1,DP,source,AdventurerAI.ReapEmotion,150
6,1,DP,source,AdventurerAI.TakeDamage,168
6,1,Material,source,AdventurerAI.TakeDamage,12
6,1,DP,source,AdventurerAI.GrantReturnReward,502
6,1,Fame,source,AdventurerAI.GrantReturnReward,20
6,1,Fame,source,LureEconomy.OnHeroEscaped,50
6,1,DP,sink,CommandSystem.TryUse,-650
6,1,DP,stock,end,174
6,1,Material,stock,end,12
6,1,Fame,stock,end,70
6,2,DP,source,SurfaceMap.CollectYields,18
6,2,Material,source,SurfaceMap.CollectYields,1
6,2,Fame,source,SurfaceMap.CollectYields,4
6,2,DP,source,EraSystem.TickTurn,600
6,2,Fame,source,EraSystem.TickTurn,25
6,2,DP,sink,MinionRoster.TryForge,-236
6,2,DP,sink,MinionEvolution.TryEvolve,-225
6,2,DP,sink,DungeonFeatureManager.TryPlaceTrap,-150
6,2,DP,sink,MinionRoster.TrySummon,-180
6,2,DP,source,AdventurerAI.ReapEmotion,105
6,2,Fame,source,AdventurerAI.GrantReturnReward,40
6,2,Fame,source,LureEconomy.OnHeroEscaped,100
6,2,DP,source,AdventurerAI.TakeDamage,72
6,2,Material,source,AdventurerAI.TakeDamage,2
6,2,DP,source,AdventurerAI.GrantReturnReward,571
6,2,DP,sink,CommandSystem.TryUse,-300
6,2,DP,stock,end,449
6,2,Material,stock,end,15
6,2,Fame,stock,end,239
6,3,DP,source,SurfaceMap.CollectYields,18
6,3,Material,source,SurfaceMap.CollectYields,1
6,3,Fame,source,SurfaceMap.CollectYields,4
6,3,DP,source,EraSystem.TickTurn,600
6,3,Material,source,EraSystem.TickTurn,10
6,3,Fame,source,EraSystem.TickTurn,25
6,3,DP,sink,MinionRoster.TryForge,-236
6,3,DP,sink,DungeonFloorManager.TryExpandFloor,-400
6,3,DP,sink,MinionRoster.TryEvolveIndividual,-75
6,3,DP,sink,DungeonFeatureManager.TryPlaceTrap,-300
6,3,DP,sink,MinionRoster.TrySummon,-39
6,3,DP,source,AdventurerAI.ReapEmotion,158
6,3,DP,source,AdventurerAI.TakeDamage,328
6,3,Material,source,AdventurerAI.TakeDamage,21
6,3,DP,sink,CommandSystem.TryUse,-650
6,3,DP,source,AdventurerAI.GrantReturnReward,359
6,3,Fame,source,AdventurerAI.GrantReturnReward,10
6,3,Fame,source,LureEconomy.OnHeroEscaped,25
6,3,DP,stock,end,212
6,3,Material,stock,end,47
6,3,Fame,stock,end,303
6,4,DP,source,SurfaceMap.CollectYields,18
6,4,Material,source,SurfaceMap.CollectYields,1
6,4,Fame,source,SurfaceMap.CollectYields,4
6,4,DP,source,EraSystem.TickTurn,600
6,4,DP,sink,MinionRoster.TryForge,-236
6,4,DP,sink,MinionEvolution.TryEvolve,-175
6,4,DP,sink,DungeonFeatureManager.TryPlaceTrap,-300
6,4,DP,sink,MinionRoster.TrySummon,-117
6,4,DP,source,IncidentSystem.Apply,600
6,4,DP,sink,CommandSystem.TryUse,-1150
6,4,DP,source,AdventurerAI.ReapEmotion,123
6,4,DP,source,AdventurerAI.TakeDamage,517
6,4,Material,source,AdventurerAI.TakeDamage,22
6,4,DP,source,Nemesis.OnSlain,454
6,4,Material,source,Nemesis.OnSlain,5
6,4,DP,stock,end,546
6,4,Material,stock,end,75
6,4,Fame,stock,end,307
6,5,DP,source,SurfaceMap.CollectYields,18
6,5,Material,source,SurfaceMap.CollectYields,1
6,5,Fame,source,SurfaceMap.CollectYields,4
6,5,DP,source,EraSystem.TickTurn,600
6,5,DP,sink,MinionRoster.TryForge,-212
6,5,DP,sink,MinionEvolution.TryEvolve,-550
6,5,DP,sink,DungeonFeatureManager.TryPlaceTrap,-300
6,5,DP,sink,MinionRoster.TrySummon,-84
6,5,DP,source,AdventurerAI.ReapEmotion,243
6,5,DP,source,AdventurerAI.TakeDamage,883
6,5,Material,source,AdventurerAI.TakeDamage,35
6,5,DP,sink,CommandSystem.TryUse,-2250
6,5,DP,source,AdventurerAI.GrantReturnReward,260
6,5,Fame,source,AdventurerAI.GrantReturnReward,10
6,5,Fame,source,LureEconomy.OnHeroEscaped,25
6,5,DP,source,Nemesis.OnSlain,940
6,5,Material,source,Nemesis.OnSlain,10
6,5,DP,stock,end,94
6,5,Material,stock,end,121
6,5,Fame,stock,end,346
6,6,DP,source,SurfaceMap.CollectYields,39
6,6,Material,source,SurfaceMap.CollectYields,2
6,6,Fame,source,SurfaceMap.CollectYields,9
6,6,DP,source,EraSystem.TickTurn,600
6,6,Material,source,EraSystem.TickTurn,10
6,6,DP,source,WaveRoster.ResolveTrial,1800
6,6,DP,sink,MinionRoster.TryForge,-212
6,6,DP,sink,DungeonFloorManager.TryAddFloor,-800
6,6,DP,sink,DungeonFloorManager.TryExpandFloor,-1200
6,6,DP,sink,DungeonFeatureManager.TryPlaceTrap,-150
6,6,DP,sink,MinionRoster.TrySummon,-158
6,6,DP,source,AdventurerAI.TakeDamage,77
6,6,Material,source,AdventurerAI.TakeDamage,2
6,6,Fame,source,AdventurerAI.GrantReturnReward,70
6,6,Fame,source,LureEconomy.OnHeroEscaped,175
6,6,DP,source,AdventurerAI.ReapEmotion,132
6,6,DP,source,AdventurerAI.GrantReturnReward,1397
6,6,DP,sink,CommandSystem.TryUse,-650
6,6,DP,stock,end,969
6,6,Material,stock,end,135
6,6,Fame,stock,end,600
6,7,DP,source,SurfaceMap.CollectYields,39
6,7,Material,source,SurfaceMap.CollectYields,2
6,7,Fame,source,SurfaceMap.CollectYields,9
6,7,DP,source,EraSystem.TickTurn,600
6,7,DP,sink,MinionRoster.TryForge,-212
6,7,DP,sink,DungeonFloorManager.TryExpandFloor,-800
6,7,DP,sink,MinionEvolution.TryEvolve,-200
6,7,DP,sink,DungeonFeatureManager.TryPlaceTrap,-300
6,7,DP,sink,MinionRoster.TrySummon,-93
6,7,DP,source,AdventurerAI.TakeDamage,623
6,7,Material,source,AdventurerAI.TakeDamage,24
6,7,Fame,source,AdventurerAI.GrantReturnReward,30
6,7,Fame,source,LureEconomy.OnHeroEscaped,75
6,7,DP,source,AdventurerAI.ReapEmotion,104
6,7,DP,sink,CommandSystem.TryUse,-1150
6,7,DP,source,AdventurerAI.GrantReturnReward,561
6,7,DP,stock,end,141
6,7,Material,stock,end,161
6,7,Fame,stock,end,714
6,8,DP,source,SurfaceMap.CollectYields,39
6,8,Material,source,SurfaceMap.CollectYields,2
6,8,Fame,source,SurfaceMap.CollectYields,9
6,8,DP,source,EraSystem.TickTurn,1020
6,8,DP,sink,MinionRoster.TryForge,-212
6,8,DP,sink,MinionEvolution.TryEvolve,-450
6,8,DP,sink,MinionRoster.TryEvolveIndividual,-175
6,8,DP,sink,DungeonFeatureManager.TryPlaceTrap,-150
6,8,DP,sink,MinionRoster.TrySummon,-209
6,8,DP,source,AdventurerAI.TakeDamage,506
6,8,Material,source,AdventurerAI.TakeDamage,49
6,8,Fame,source,AdventurerAI.GrantReturnReward,70
6,8,Fame,source,LureEconomy.OnHeroEscaped,175
6,8,DP,source,AdventurerAI.ReapEmotion,203
6,8,DP,sink,CommandSystem.TryUse,-1150
6,8,DP,source,AdventurerAI.GrantReturnReward,1119
6,8,DP,source,Nemesis.OnSlain,734
6,8,Material,source,Nemesis.OnSlain,7
6,8,DP,stock,end,1416
6,8,Material,stock,end,219
6,8,Fame,stock,end,968
6,9,DP,source,SurfaceMap.CollectYields,45
6,9,Material,source,SurfaceMap.CollectYields,2
6,9,Fame,source,SurfaceMap.CollectYields,11
6,9,DP,source,EraSystem.TickTurn,600
6,9,Fame,source,EraSystem.TickTurn,25
6,9,DP,sink,MinionRoster.TryForge,-190
6,9,DP,sink,DungeonFloorManager.TryExpandFloor,-1500
6,9,DP,sink,DungeonFeatureManager.TryPlaceTrap,-150
6,9,DP,sink,MinionRoster.TrySummon,-215
6,9,DP,source,AdventurerAI.ReapEmotion,104
6,9,DP,source,AdventurerAI.TakeDamage,1138
6,9,Material,source,AdventurerAI.TakeDamage,42
6,9,DP,sink,CommandSystem.TryUse,-1800
6,9,DP,source,AdventurerAI.GrantReturnReward,525
6,9,Fame,source,AdventurerAI.GrantReturnReward,30
6,9,Fame,source,LureEconomy.OnHeroEscaped,75
6,9,DP,source,Nemesis.OnSlain,755
6,9,Material,source,Nemesis.OnSlain,7
6,9,DP,stock,end,728
6,9,Material,stock,end,270
6,9,Fame,stock,end,1109
6,10,DP,source,SurfaceMap.CollectYields,79
6,10,Material,source,SurfaceMap.CollectYields,3
6,10,Fame,source,SurfaceMap.CollectYields,17
6,10,DP,source,EraSystem.TickTurn,300
6,10,DP,sink,MinionRoster.TryForge,-190
6,10,DP,sink,MinionEvolution.TryEvolve,-500
6,10,DP,sink,DungeonFeatureManager.TryPlaceTrap,-150
6,10,DP,sink,MinionRoster.TrySummon,-264
6,10,DP,source,AdventurerAI.ReapEmotion,239
6,10,DP,source,AdventurerAI.TakeDamage,729
6,10,Material,source,AdventurerAI.TakeDamage,22
6,10,DP,sink,CommandSystem.TryUse,-1900
6,10,DP,source,AdventurerAI.GrantReturnReward,1727
6,10,Fame,source,AdventurerAI.GrantReturnReward,140
6,10,Fame,source,LureEconomy.OnHeroEscaped,350
6,10,DP,stock,end,798
6,10,Material,stock,end,295
6,10,Fame,stock,end,1616
6,11,DP,source,SurfaceMap.CollectYields,79
6,11,Material,source,SurfaceMap.CollectYields,3
6,11,Fame,source,SurfaceMap.CollectYields,17
6,11,DP,sink,MinionRoster.TryForge,-190
6,11,DP,sink,MinionRoster.TryEvolveIndividual,-375
6,11,DP,sink,DungeonFeatureManager.TryPlaceTrap,-150
6,11,DP,sink,MinionRoster.TrySummon,-158
6,11,DP,source,AdventurerAI.ReapEmotion,168
6,11,DP,source,AdventurerAI.TakeDamage,955
6,11,Material,source,AdventurerAI.TakeDamage,42
6,11,DP,sink,CommandSystem.TryUse,-2450
6,11,DP,source,AdventurerAI.GrantReturnReward,1801
6,11,Fame,source,AdventurerAI.GrantReturnReward,100
6,11,Fame,source,LureEconomy.OnHeroEscaped,250
6,11,DP,source,Nemesis.OnSlain,551
6,11,Material,source,Nemesis.OnSlain,5
6,11,DP,stock,end,1029
6,11,Material,stock,end,345
6,11,Fame,stock,end,1983
6,12,DP,source,SurfaceMap.CollectYields,79
6,12,Material,source,SurfaceMap.CollectYields,3
6,12,Fame,source,SurfaceMap.CollectYields,17
6,12,DP,source,DistrictCatalog.Collect,98
6,12,DP,source,EraSystem.TickTurn,720
6,12,DP,sink,MinionRoster.TryForge,-190
6,12,DP,sink,MinionEvolution.TryEvolve,-550
6,12,DP,sink,MinionRoster.TryEvolveIndividual,-850
6,12,DP,sink,DungeonFeatureManager.TryPlaceTrap,-150
6,12,DP,sink,MinionRoster.TrySummon,-162
6,12,DP,source,AdventurerAI.TakeDamage,1381
6,12,Material,source,AdventurerAI.TakeDamage,34
6,12,DP,sink,CommandSystem.TryUse,-4750
6,12,Fame,source,AdventurerAI.GrantReturnReward,70
6,12,Fame,source,LureEconomy.OnHeroEscaped,175
6,12,DP,source,AdventurerAI.ReapEmotion,124
6,12,DP,source,AdventurerAI.GrantReturnReward,3808
6,12,DP,source,Nemesis.OnSlain,796
6,12,Material,source,Nemesis.OnSlain,7
6,12,DP,stock,end,1383
6,12,Material,stock,end,389
6,12,Fame,stock,end,2245
6,13,DP,source,SurfaceMap.CollectYields,80
6,13,Material,source,SurfaceMap.CollectYields,4
6,13,Fame,source,SurfaceMap.CollectYields,18
6,13,DP,source,DistrictCatalog.Collect,98
6,13,DP,sink,MinionRoster.TryForge,-380
6,13,DP,sink,MinionRoster.TryEvolveIndividual,-775
6,13,DP,sink,DungeonFeatureManager.TryPlaceTrap,-150
6,13,DP,sink,MinionRoster.TrySummon,-255
6,13,DP,source,AdventurerAI.ReapEmotion,151
6,13,DP,source,AdventurerAI.TakeDamage,1747
6,13,Material,source,AdventurerAI.TakeDamage,185
6,13,DP,sink,CommandSystem.TryUse,-5000
6,13,DP,source,AdventurerAI.GrantReturnReward,3900
6,13,Fame,source,AdventurerAI.GrantReturnReward,170
6,13,Fame,source,LureEconomy.OnHeroEscaped,425
6,13,DP,stock,end,799
6,13,Material,stock,end,578
6,13,Fame,stock,end,2858
6,14,DP,source,SurfaceMap.CollectYields,80
6,14,Material,source,SurfaceMap.CollectYields,4
6,14,Fame,source,SurfaceMap.CollectYields,18
6,14,DP,source,DistrictCatalog.Collect,98
6,14,DP,sink,MinionRoster.TryForge,-570
6,14,DP,sink,DungeonFeatureManager.TryPlaceTrap,-150
6,14,DP,sink,MinionRoster.TrySummon,-255
6,14,DP,source,AdventurerAI.ReapEmotion,169
6,14,DP,source,AdventurerAI.TakeDamage,1401
6,14,Material,source,AdventurerAI.TakeDamage,103
6,14,DP,sink,CommandSystem.TryUse,-2600
6,14,Fame,source,AdventurerAI.GrantReturnReward,120
6,14,Fame,source,LureEconomy.OnHeroEscaped,300
6,14,DP,source,AdventurerAI.GrantReturnReward,1528
6,14,DP,source,Nemesis.OnSlain,583
6,14,Material,source,Nemesis.OnSlain,5
6,14,DP,stock,end,1083
6,14,Material,stock,end,690
6,14,Fame,stock,end,3296
6,15,DP,source,SurfaceMap.CollectYields,80
6,15,Material,source,SurfaceMap.CollectYields,4
6,15,Fame,source,SurfaceMap.CollectYields,18
6,15,DP,source,DistrictCatalog.Collect,98
6,15,DP,sink,MinionRoster.TryForge,-285
6,15,DP,sink,MinionRoster.TryEvolveIndividual,-550
6,15,DP,sink,DungeonFeatureManager.TryPlaceTrap,-150
6,15,DP,sink,MinionRoster.TrySummon,-258
6,15,DP,source,AdventurerAI.ReapEmotion,186
6,15,DP,source,AdventurerAI.TakeDamage,4386
6,15,Material,source,AdventurerAI.TakeDamage,49
6,15,DP,sink,CommandSystem.TryUse,-2250
6,15,DP,source,Nemesis.OnSlain,2017
6,15,Material,source,Nemesis.OnSlain,16
6,15,DP,source,AdventurerAI.GrantReturnReward,1871
6,15,Fame,source,AdventurerAI.GrantReturnReward,60
6,15,Fame,source,LureEconomy.OnHeroEscaped,150
6,15,DP,stock,end,6228
6,15,Material,stock,end,759
6,15,Fame,stock,end,3524
6,16,DP,source,SurfaceMap.CollectYields,80
6,16,Material,source,SurfaceMap.CollectYields,4
6,16,Fame,source,SurfaceMap.CollectYields,18
6,16,DP,source,DistrictCatalog.Collect,98
6,16,DP,source,EraSystem.TickTurn,300
6,16,DP,sink,MinionRoster.TryForge,-2923
6,16,DP,sink,DungeonFloorManager.TryAddFloor,-2000
6,16,DP,sink,DungeonFloorManager.TryExpandFloor,-1200
6,16,DP,sink,DungeonFeatureManager.TryPlaceTrap,-300
6,16,DP,sink,MinionRoster.TrySummon,-278
6,16,DP,source,AdventurerAI.ReapEmotion,154
6,16,Fame,source,AdventurerAI.GrantReturnReward,130
6,16,Fame,source,LureEconomy.OnHeroEscaped,325
6,16,DP,source,AdventurerAI.GrantReturnReward,3710
6,16,DP,sink,CommandSystem.TryUse,-4450
6,16,DP,source,AdventurerAI.TakeDamage,2182
6,16,Material,source,AdventurerAI.TakeDamage,28
6,16,DP,source,Nemesis.OnSlain,616
6,16,Material,source,Nemesis.OnSlain,5
6,16,DP,stock,end,2217
6,16,Material,stock,end,796
6,16,Fame,stock,end,3997
7,1,DP,sink,DungeonFeatureManager.TryPlaceTrap,-150
7,1,DP,sink,MinionRoster.TrySummon,-46
7,1,DP,source,AdventurerAI.ReapEmotion,98
7,1,DP,source,AdventurerAI.TakeDamage,165
7,1,Material,source,AdventurerAI.TakeDamage,10
7,1,DP,source,AdventurerAI.GrantReturnReward,447
7,1,Fame,source,AdventurerAI.GrantReturnReward,20
7,1,Fame,source,LureEconomy.OnHeroEscaped,50
7,1,DP,sink,CommandSystem.TryUse,-650
7,1,DP,stock,end,64
7,1,Material,stock,end,10
7,1,Fame,stock,end,70
7,2,DP,source,SurfaceMap.CollectYields,18
7,2,Material,source,SurfaceMap.CollectYields,1
7,2,Fame,source,SurfaceMap.CollectYields,4
7,2,DP,source,EraSystem.TickTurn,600
7,2,Fame,source,EraSystem.TickTurn,25
7,2,DP,sink,MinionRoster.TryForge,-236
7,2,DP,sink,MinionEvolution.TryEvolve,-75
7,2,DP,sink,DungeonFeatureManager.TryPlaceTrap,-300
7,2,DP,sink,MinionRoster.TrySummon,-57
7,2,DP,source,AdventurerAI.ReapEmotion,107
7,2,DP,source,AdventurerAI.TakeDamage,277
7,2,Material,source,AdventurerAI.TakeDamage,12
7,2,DP,sink,CommandSystem.TryUse,-300
7,2,DP,source,AdventurerAI.GrantReturnReward,349
7,2,Fame,source,AdventurerAI.GrantReturnReward,10
7,2,Fame,source,LureEconomy.OnHeroEscaped,25
7,2,DP,stock,end,447
7,2,Material,stock,end,23
7,2,Fame,stock,end,134
7,3,DP,source,SurfaceMap.CollectYields,18
7,3,Material,source,SurfaceMap.CollectYields,1
7,3,Fame,source,SurfaceMap.CollectYields,4
7,3,DP,source,EraSystem.TickTurn,600
7,3,Material,source,EraSystem.TickTurn,10
7,3,Fame,source,EraSystem.TickTurn,25
7,3,DP,sink,MinionRoster.TryForge,-236
7,3,DP,sink,DungeonFloorManager.TryExpandFloor,-400
7,3,DP,sink,DungeonFeatureManager.TryPlaceTrap,-300
7,3,DP,sink,MinionRoster.TrySummon,-118
7,3,DP,source,AdventurerAI.ReapEmotion,222
7,3,DP,source,AdventurerAI.TakeDamage,381
7,3,Material,source,AdventurerAI.TakeDamage,40
7,3,DP,sink,CommandSystem.TryUse,-600
7,3,DP,stock,end,14
7,3,Material,stock,end,74
7,3,Fame,stock,end,163
7,4,DP,source,SurfaceMap.CollectYields,18
7,4,Material,source,SurfaceMap.CollectYields,1
7,4,Fame,source,SurfaceMap.CollectYields,4
7,4,DP,source,EraSystem.TickTurn,600
7,4,DP,sink,MinionRoster.TryForge,-236
7,4,DP,sink,MinionRoster.TryEvolveIndividual,-75
7,4,DP,sink,DungeonFeatureManager.TryPlaceTrap,-150
7,4,DP,sink,MinionRoster.TrySummon,-156
7,4,DP,source,AdventurerAI.ReapEmotion,111
7,4,DP,source,AdventurerAI.TakeDamage,726
7,4,Material,source,AdventurerAI.TakeDamage,54
7,4,DP,source,AdventurerAI.GrantReturnReward,573
7,4,Fame,source,AdventurerAI.GrantReturnReward,10
7,4,Fame,source,LureEconomy.OnHeroEscaped,25
7,4,DP,sink,CommandSystem.TryUse,-1450
7,4,DP,source,Nemesis.OnSlain,454
7,4,Material,source,Nemesis.OnSlain,5
7,4,DP,stock,end,429
7,4,Material,stock,end,134
7,4,Fame,stock,end,202
7,5,DP,source,SurfaceMap.CollectYields,18
7,5,Material,source,SurfaceMap.CollectYields,1
7,5,Fame,source,SurfaceMap.CollectYields,4
7,5,DP,source,EraSystem.TickTurn,600
7,5,DP,sink,MinionRoster.TryForge,-212
7,5,DP,sink,MinionEvolution.TryEvolve,-525
7,5,DP,sink,DungeonFeatureManager.TryPlaceTrap,-150
7,5,DP,sink,MinionRoster.TrySummon,-147
7,5,DP,source,AdventurerAI.ReapEmotion,429
7,5,DP,source,AdventurerAI.TakeDamage,473
7,5,Material,source,AdventurerAI.TakeDamage,18
7,5,DP,sink,CommandSystem.TryUse,-1150
7,5,DP,source,AdventurerAI.GrantReturnReward,760
7,5,Fame,source,AdventurerAI.GrantReturnReward,10
7,5,Fame,source,LureEconomy.OnHeroEscaped,25
7,5,DP,stock,end,525
7,5,Material,stock,end,153
7,5,Fame,stock,end,241
7,6,DP,source,SurfaceMap.CollectYields,39
7,6,Material,source,SurfaceMap.CollectYields,2
7,6,Fame,source,SurfaceMap.CollectYields,9
7,6,DP,source,EraSystem.TickTurn,600
7,6,DP,source,WaveRoster.ResolveTrial,1200
7,6,DP,sink,MinionRoster.TryForge,-212
7,6,DP,sink,DungeonFloorManager.TryAddFloor,-800
7,6,DP,sink,DungeonFloorManager.TryExpandFloor,-400
7,6,DP,sink,MinionEvolution.TryEvolve,-550
7,6,DP,sink,DungeonFeatureManager.TryPlaceTrap,-300
7,6,DP,sink,MinionRoster.TrySummon,-90
7,6,DP,source,AdventurerAI.ReapEmotion,254
7,6,DP,source,AdventurerAI.TakeDamage,436
7,6,Material,source,AdventurerAI.TakeDamage,15
7,6,DP,sink,CommandSystem.TryUse,-1300
7,6,DP,source,AdventurerAI.GrantReturnReward,877
7,6,Fame,source,AdventurerAI.GrantReturnReward,30
7,6,Fame,source,LureEconomy.OnHeroEscaped,75
7,6,DP,stock,end,279
7,6,Material,stock,end,170
7,6,Fame,stock,end,355
7,7,DP,source,SurfaceMap.CollectYields,39
7,7,Material,source,SurfaceMap.CollectYields,2
7,7,Fame,source,SurfaceMap.CollectYields,9
7,7,DP,source,EraSystem.TickTurn,600
7,7,DP,sink,MinionRoster.TryForge,-190
7,7,DP,sink,MinionEvolution.TryEvolve,-200
7,7,DP,sink,MinionRoster.TryEvolveIndividual,-175
7,7,DP,sink,DungeonFeatureManager.TryPlaceTrap,-150
7,7,DP,sink,MinionRoster.TrySummon,-202
7,7,DP,source,AdventurerAI.ReapEmotion,126
7,7,DP,source,AdventurerAI.GrantReturnReward,307
7,7,Fame,source,AdventurerAI.GrantReturnReward,20
7,7,Fame,source,LureEconomy.OnHeroEscaped,50
7,7,DP,sink,CommandSystem.TryUse,-1450
7,7,DP,source,AdventurerAI.TakeDamage,764
7,7,Material,source,AdventurerAI.TakeDamage,58
7,7,DP,source,Nemesis.OnSlain,502
7,7,Material,source,Nemesis.OnSlain,5
7,7,DP,stock,end,250
7,7,Material,stock,end,235
7,7,Fame,stock,end,434
7,8,DP,source,SurfaceMap.CollectYields,39
7,8,Material,source,SurfaceMap.CollectYields,2
7,8,Fame,source,SurfaceMap.CollectYields,9
7,8,DP,source,EraSystem.TickTurn,1020
7,8,Material,source,EraSystem.TickTurn,10
7,8,DP,sink,MinionRoster.TryForge,-190
7,8,DP,sink,DungeonFloorManager.TryExpandFloor,-800
7,8,DP,sink,DungeonFeatureManager.TryPlaceTrap,-150
7,8,DP,sink,MinionRoster.TrySummon,-167
7,8,DP,source,AdventurerAI.TakeDamage,955
7,8,Material,source,AdventurerAI.TakeDamage,50
7,8,DP,source,AdventurerAI.ReapEmotion,279
7,8,DP,sink,CommandSystem.TryUse,-1800
7,8,DP,source,AdventurerAI.GrantReturnReward,610
7,8,Fame,source,AdventurerAI.GrantReturnReward,10
7,8,Fame,source,LureEconomy.OnHeroEscaped,25
7,8,DP,source,Nemesis.OnSlain,1004
7,8,Material,source,Nemesis.OnSlain,10
7,8,DP,stock,end,1050
7,8,Material,stock,end,307
7,8,Fame,stock,end,478
7,9,DP,source,SurfaceMap.CollectYields,45
7,9,Material,source,SurfaceMap.CollectYields,2
7,9,Fame,source,SurfaceMap.CollectYields,11
7,9,DP,source,EraSystem.TickTurn,600
7,9,Fame,source,EraSystem.TickTurn,25
7,9,DP,sink,MinionRoster.TryForge,-190
7,9,DP,sink,DungeonFloorManager.TryExpandFloor,-800
7,9,DP,sink,MinionEvolution.TryEvolve,-250
7,9,DP,sink,MinionRoster.TryEvolveIndividual,-150
7,9,DP,sink,DungeonFeatureManager.TryPlaceTrap,-150
7,9,DP,sink,MinionRoster.TrySummon,-139
7,9,DP,source,IncidentSystem.Apply,600
7,9,DP,sink,CommandSystem.TryUse,-2650
7,9,DP,source,AdventurerAI.ReapEmotion,193
7,9,DP,source,AdventurerAI.TakeDamage,838
7,9,Material,source,AdventurerAI.TakeDamage,44
7,9,DP,source,AdventurerAI.GrantReturnReward,367
7,9,Fame,source,AdventurerAI.GrantReturnReward,20
7,9,Fame,source,LureEconomy.OnHeroEscaped,50
7,9,DP,source,Nemesis.OnSlain,1036
7,9,Material,source,Nemesis.OnSlain,10
7,9,DP,stock,end,400
7,9,Material,stock,end,363
7,9,Fame,stock,end,584
7,10,DP,source,SurfaceMap.CollectYields,79
7,10,Material,source,SurfaceMap.CollectYields,3
7,10,Fame,source,SurfaceMap.CollectYields,17
7,10,DP,source,EraSystem.TickTurn,1020
7,10,DP,sink,MinionRoster.TryForge,-190
7,10,DP,sink,MinionEvolution.TryEvolve,-500
7,10,DP,sink,MinionRoster.TryEvolveIndividual,-425
7,10,DP,sink,DungeonFeatureManager.TryPlaceTrap,-150
7,10,DP,sink,MinionRoster.TrySummon,-222
7,10,DP,source,AdventurerAI.ReapEmotion,157
7,10,DP,source,AdventurerAI.GrantReturnReward,1283
7,10,Fame,source,AdventurerAI.GrantReturnReward,50
7,10,Fame,source,LureEconomy.OnHeroEscaped,125
7,10,DP,sink,CommandSystem.TryUse,-2250
7,10,DP,source,AdventurerAI.TakeDamage,1165
7,10,Material,source,AdventurerAI.TakeDamage,33
7,10,DP,stock,end,367
7,10,Material,stock,end,399
7,10,Fame,stock,end,776
7,11,DP,source,SurfaceMap.CollectYields,79
7,11,Material,source,SurfaceMap.CollectYields,3
7,11,Fame,source,SurfaceMap.CollectYields,17
7,11,DP,source,WaveRoster.ResolveTrial,2400
7,11,DP,sink,MinionRoster.TryForge,-190
7,11,DP,sink,DungeonFloorManager.TryAddFloor,-2000
7,11,DP,sink,MinionRoster.TryEvolveIndividual,-325
7,11,DP,sink,DungeonFeatureManager.TryPlaceTrap,-150
7,11,DP,sink,MinionRoster.TrySummon,-162
7,11,DP,source,AdventurerAI.ReapEmotion,81
7,11,DP,source,AdventurerAI.TakeDamage,876
7,11,Material,source,AdventurerAI.TakeDamage,51
7,11,DP,source,AdventurerAI.GrantReturnReward,1299
7,11,Fame,source,AdventurerAI.GrantReturnReward,60
7,11,Fame,source,LureEconomy.OnHeroEscaped,150
7,11,DP,sink,CommandSystem.TryUse,-2300
7,11,DP,source,Nemesis.OnSlain,551
7,11,Material,source,Nemesis.OnSlain,5
7,11,DP,stock,end,526
7,11,Material,stock,end,458
7,11,Fame,stock,end,1003
7,12,DP,source,SurfaceMap.CollectYields,79
7,12,Material,source,SurfaceMap.CollectYields,3
7,12,Fame,source,SurfaceMap.CollectYields,17
7,12,DP,source,DistrictCatalog.Collect,98
7,12,DP,sink,MinionRoster.TryForge,-285
7,12,DP,sink,DungeonFeatureManager.TryPlaceTrap,-150
7,12,DP,sink,MinionRoster.TrySummon,-263
7,12,DP,source,AdventurerAI.ReapEmotion,86
7,12,DP,source,AdventurerAI.GrantReturnReward,557
7,12,Fame,source,AdventurerAI.GrantReturnReward,70
7,12,Fame,source,LureEconomy.OnHeroEscaped,175
7,12,DP,sink,CommandSystem.TryUse,-300
7,12,DP,stock,end,348
7,12,Material,stock,end,461
7,12,Fame,stock,end,1265
7,13,DP,source,SurfaceMap.CollectYields,60
7,13,Material,source,SurfaceMap.CollectYields,3
7,13,Fame,source,SurfaceMap.CollectYields,14
7,13,DP,source,DistrictCatalog.Collect,112
7,13,DP,sink,MinionRoster.TryForge,-95
7,13,DP,sink,DungeonFeatureManager.TryPlaceTrap,-150
7,13,DP,sink,MinionRoster.TrySummon,-271
7,13,DP,source,AdventurerAI.ReapEmotion,165
7,13,DP,source,AdventurerAI.GrantReturnReward,2468
7,13,Fame,source,AdventurerAI.GrantReturnReward,100
7,13,Fame,source,LureEconomy.OnHeroEscaped,250
7,13,DP,sink,CommandSystem.TryUse,-2750
7,13,DP,source,AdventurerAI.TakeDamage,565
7,13,Material,source,AdventurerAI.TakeDamage,143
7,13,DP,stock,end,452
7,13,Material,stock,end,607
7,13,Fame,stock,end,1629
7,14,DP,source,SurfaceMap.CollectYields,60
7,14,Material,source,SurfaceMap.CollectYields,3
7,14,Fame,source,SurfaceMap.CollectYields,14
7,14,DP,source,DistrictCatalog.Collect,112
7,14,DP,sink,MinionRoster.TryForge,-190
7,14,DP,sink,DungeonFeatureManager.TryPlaceTrap,-150
7,14,DP,sink,MinionRoster.TrySummon,-279
7,14,DP,source,AdventurerAI.ReapEmotion,91
7,14,DP,source,AdventurerAI.TakeDamage,2553
7,14,Material,source,AdventurerAI.TakeDamage,198
7,14,DP,source,AdventurerAI.GrantReturnReward,1598
7,14,Fame,source,AdventurerAI.GrantReturnReward,80
7,14,Fame,source,LureEconomy.OnHeroEscaped,200
7,14,DP,sink,CommandSystem.TryUse,-4400
7,14,DP,source,Nemesis.OnSlain,1166
7,14,Material,source,Nemesis.OnSlain,10
7,14,DP,stock,end,1013
7,14,Material,stock,end,818
7,14,Fame,stock,end,1923
7,15,DP,source,SurfaceMap.CollectYields,60
7,15,Material,source,SurfaceMap.CollectYields,3
7,15,Fame,source,SurfaceMap.CollectYields,14
7,15,DP,source,DistrictCatalog.Collect,112
7,15,DP,sink,MinionRoster.TryForge,-190
7,15,DP,sink,DungeonFloorManager.TryExpandFloor,-400
7,15,DP,sink,MinionRoster.TryEvolveIndividual,-225
7,15,DP,sink,DungeonFeatureManager.TryPlaceTrap,-150
7,15,DP,sink,MinionRoster.TrySummon,-216
7,15,DP,source,AdventurerAI.ReapEmotion,119
7,15,DP,source,AdventurerAI.GrantReturnReward,1185
7,15,Fame,source,AdventurerAI.GrantReturnReward,30
7,15,Fame,source,LureEconomy.OnHeroEscaped,75
7,15,DP,source,AdventurerAI.TakeDamage,4385
7,15,Material,source,AdventurerAI.TakeDamage,109
7,15,DP,sink,CommandSystem.TryUse,-5550
7,15,DP,source,Nemesis.OnSlain,2271
7,15,Material,source,Nemesis.OnSlain,19
7,15,DP,stock,end,2414
7,15,Material,stock,end,949
7,15,Fame,stock,end,2042
7,16,DP,source,SurfaceMap.CollectYields,80
7,16,Material,source,SurfaceMap.CollectYields,4
7,16,Fame,source,SurfaceMap.CollectYields,18
7,16,DP,source,DistrictCatalog.Collect,112
7,16,DP,source,EraSystem.TickTurn,300
7,16,DP,sink,MinionRoster.TryForge,-285
7,16,DP,sink,DungeonFloorManager.TryExpandFloor,-800
7,16,DP,sink,MinionEvolution.TryEvolve,-550
7,16,DP,sink,MinionRoster.TryEvolveIndividual,-875
7,16,DP,sink,DungeonFeatureManager.TryPlaceTrap,-150
7,16,DP,sink,MinionRoster.TrySummon,-243
7,16,DP,source,AdventurerAI.ReapEmotion,303
7,16,DP,sink,CommandSystem.TryUse,-2300
7,16,Fame,source,AdventurerAI.GrantReturnReward,70
7,16,Fame,source,LureEconomy.OnHeroEscaped,175
7,16,DP,source,AdventurerAI.GrantReturnReward,1032
7,16,DP,source,AdventurerAI.TakeDamage,2284
7,16,Material,source,AdventurerAI.TakeDamage,65
7,16,DP,source,Nemesis.OnSlain,1848
7,16,Material,source,Nemesis.OnSlain,15
7,16,DP,stock,end,3170
7,16,Material,stock,end,1033
7,16,Fame,stock,end,2305
8,1,DP,sink,DungeonFeatureManager.TryPlaceTrap,-150
8,1,DP,sink,MinionRoster.TrySummon,-46
8,1,DP,source,AdventurerAI.ReapEmotion,200
8,1,DP,source,AdventurerAI.TakeDamage,108
8,1,Material,source,AdventurerAI.TakeDamage,4
8,1,DP,source,AdventurerAI.GrantReturnReward,588
8,1,Fame,source,AdventurerAI.GrantReturnReward,30
8,1,Fame,source,LureEconomy.OnHeroEscaped,75
8,1,DP,sink,CommandSystem.TryUse,-650
8,1,DP,stock,end,250
8,1,Material,stock,end,4
8,1,Fame,stock,end,105
8,2,DP,source,SurfaceMap.CollectYields,18
8,2,Material,source,SurfaceMap.CollectYields,1
8,2,Fame,source,SurfaceMap.CollectYields,4
8,2,DP,source,EraSystem.TickTurn,600
8,2,Fame,source,EraSystem.TickTurn,25
8,2,DP,sink,MinionRoster.TryForge,-236
8,2,DP,sink,MinionEvolution.TryEvolve,-325
8,2,DP,sink,DungeonFeatureManager.TryPlaceTrap,-150
8,2,DP,sink,MinionRoster.TrySummon,-156
8,2,DP,source,AdventurerAI.ReapEmotion,120
8,2,DP,source,AdventurerAI.TakeDamage,302
8,2,Material,source,AdventurerAI.TakeDamage,10
8,2,DP,source,AdventurerAI.GrantReturnReward,240
8,2,Fame,source,AdventurerAI.GrantReturnReward,10
8,2,Fame,source,LureEconomy.OnHeroEscaped,25
8,2,DP,sink,CommandSystem.TryUse,-300
8,2,DP,stock,end,363
8,2,Material,stock,end,15
8,2,Fame,stock,end,169
8,3,DP,source,SurfaceMap.CollectYields,18
8,3,Material,source,SurfaceMap.CollectYields,1
8,3,Fame,source,SurfaceMap.CollectYields,4
8,3,DP,source,EraSystem.TickTurn,600
8,3,Material,source,EraSystem.TickTurn,10
8,3,Fame,source,EraSystem.TickTurn,25
8,3,DP,sink,MinionRoster.TryForge,-236
8,3,DP,sink,DungeonFloorManager.TryExpandFloor,-400
8,3,DP,sink,DungeonFeatureManager.TryPlaceTrap,-150
8,3,DP,sink,MinionRoster.TrySummon,-176
8,3,Fame,source,AdventurerAI.GrantReturnReward,20
8,3,Fame,source,LureEconomy.OnHeroEscaped,50
8,3,DP,source,AdventurerAI.ReapEmotion,111
8,3,DP,source,Nemesis.OnSlain,437
8,3,Material,source,Nemesis.OnSlain,5
8,3,DP,source,AdventurerAI.TakeDamage,240
8,3,Material,source,AdventurerAI.TakeDamage,28
8,3,DP,sink,CommandSystem.TryUse,-1150
8,3,DP,source,AdventurerAI.GrantReturnReward,417
8,3,DP,stock,end,74
8,3,Material,stock,end,59
8,3,Fame,stock,end,268
8,4,DP,source,SurfaceMap.CollectYields,18
8,4,Material,source,SurfaceMap.CollectYields,1
8,4,Fame,source,SurfaceMap.CollectYields,4
8,4,DP,source,EraSystem.TickTurn,600
8,4,Material,source,EraSystem.TickTurn,10
8,4,DP,sink,MinionRoster.TryForge,-236
8,4,DP,sink,MinionEvolution.TryEvolve,-75
8,4,DP,sink,DungeonFeatureManager.TryPlaceTrap,-300
8,4,DP,sink,MinionRoster.TrySummon,-78
8,4,DP,source,AdventurerAI.TakeDamage,331
8,4,Material,source,AdventurerAI.TakeDamage,25
8,4,DP,source,AdventurerAI.ReapEmotion,77
8,4,Fame,source,AdventurerAI.GrantReturnReward,20
8,4,Fame,source,LureEconomy.OnHeroEscaped,50
8,4,DP,sink,CommandSystem.TryUse,-650
8,4,DP,source,AdventurerAI.GrantReturnReward,435
8,4,DP,stock,end,196
8,4,Material,stock,end,95
8,4,Fame,stock,end,342
8,5,DP,source,SurfaceMap.CollectYields,18
8,5,Material,source,SurfaceMap.CollectYields,1
8,5,Fame,source,SurfaceMap.CollectYields,4
8,5,DP,source,EraSystem.TickTurn,600
8,5,DP,sink,MinionRoster.TryForge,-212
8,5,DP,sink,MinionEvolution.TryEvolve,-225
8,5,DP,sink,DungeonFeatureManager.TryPlaceTrap,-300
8,5,DP,sink,MinionRoster.TrySummon,-67
8,5,DP,source,AdventurerAI.ReapEmotion,91
8,5,DP,source,AdventurerAI.TakeDamage,536
8,5,Material,source,AdventurerAI.TakeDamage,14
8,5,DP,sink,CommandSystem.TryUse,-950
8,5,DP,source,Nemesis.OnSlain,470
8,5,Material,source,Nemesis.OnSlain,5
8,5,DP,source,AdventurerAI.GrantReturnReward,204
8,5,Fame,source,AdventurerAI.GrantReturnReward,10
8,5,Fame,source,LureEconomy.OnHeroEscaped,25
8,5,DP,stock,end,361
8,5,Material,stock,end,115
8,5,Fame,stock,end,381
8,6,DP,source,SurfaceMap.CollectYields,39
8,6,Material,source,SurfaceMap.CollectYields,2
8,6,Fame,source,SurfaceMap.CollectYields,9
8,6,DP,source,EraSystem.TickTurn,600
8,6,DP,source,WaveRoster.ResolveTrial,1200
8,6,DP,sink,MinionRoster.TryForge,-212
8,6,DP,sink,DungeonFloorManager.TryAddFloor,-800
8,6,DP,sink,DungeonFloorManager.TryExpandFloor,-400
8,6,DP,sink,MinionEvolution.TryEvolve,-325
8,6,DP,sink,MinionRoster.TryEvolveIndividual,-150
8,6,DP,sink,DungeonFeatureManager.TryPlaceTrap,-150
8,6,DP,sink,MinionRoster.TrySummon,-158
8,6,DP,source,AdventurerAI.TakeDamage,492
8,6,Material,source,AdventurerAI.TakeDamage,29
8,6,DP,source,AdventurerAI.ReapEmotion,111
8,6,Fame,source,AdventurerAI.GrantReturnReward,30
8,6,Fame,source,LureEconomy.OnHeroEscaped,75
8,6,DP,source,AdventurerAI.GrantReturnReward,120
8,6,DP,sink,CommandSystem.TryUse,-650
8,6,DP,source,Nemesis.OnSlain,486
8,6,Material,source,Nemesis.OnSlain,5
8,6,DP,stock,end,564
8,6,Material,stock,end,151
8,6,Fame,stock,end,495
8,7,DP,source,SurfaceMap.CollectYields,39
8,7,Material,source,SurfaceMap.CollectYields,2
8,7,Fame,source,SurfaceMap.CollectYields,9
8,7,DP,source,EraSystem.TickTurn,600
8,7,DP,sink,MinionRoster.TryForge,-212
8,7,DP,sink,MinionEvolution.TryEvolve,-650
8,7,DP,sink,DungeonFeatureManager.TryPlaceTrap,-150
8,7,DP,sink,MinionRoster.TrySummon,-185
8,7,DP,source,AdventurerAI.ReapEmotion,85
8,7,DP,source,AdventurerAI.GrantReturnReward,692
8,7,Fame,source,AdventurerAI.GrantReturnReward,20
8,7,Fame,source,LureEconomy.OnHeroEscaped,50
8,7,DP,sink,CommandSystem.TryUse,-1450
8,7,DP,source,AdventurerAI.TakeDamage,767
8,7,Material,source,AdventurerAI.TakeDamage,23
8,7,DP,source,Nemesis.OnSlain,502
8,7,Material,source,Nemesis.OnSlain,5
8,7,DP,stock,end,602
8,7,Material,stock,end,181
8,7,Fame,stock,end,574
8,8,DP,source,SurfaceMap.CollectYields,39
8,8,Material,source,SurfaceMap.CollectYields,2
8,8,Fame,source,SurfaceMap.CollectYields,9
8,8,DP,source,EraSystem.TickTurn,1020
8,8,DP,sink,MinionRoster.TryForge,-212
8,8,DP,sink,DungeonFloorManager.TryExpandFloor,-800
8,8,DP,sink,MinionEvolution.TryEvolve,-250
8,8,DP,sink,DungeonFeatureManager.TryPlaceTrap,-150
8,8,DP,sink,MinionRoster.TrySummon,-247
8,8,DP,source,AdventurerAI.ReapEmotion,126
8,8,Fame,source,AdventurerAI.GrantReturnReward,40
8,8,Fame,source,LureEconomy.OnHeroEscaped,100
8,8,DP,source,AdventurerAI.TakeDamage,701
8,8,Material,source,AdventurerAI.TakeDamage,23
8,8,DP,source,AdventurerAI.GrantReturnReward,422
8,8,DP,sink,CommandSystem.TryUse,-1150
8,8,DP,source,Nemesis.OnSlain,1037
8,8,Material,source,Nemesis.OnSlain,10
8,8,DP,stock,end,1138
8,8,Material,stock,end,216
8,8,Fame,stock,end,723
8,9,DP,source,SurfaceMap.CollectYields,68
8,9,Material,source,SurfaceMap.CollectYields,3
8,9,Fame,source,SurfaceMap.CollectYields,16
8,9,DP,source,EraSystem.TickTurn,600
8,9,Fame,source,EraSystem.TickTurn,25
8,9,DP,sink,MinionRoster.TryForge,-190
8,9,DP,sink,DungeonFloorManager.TryExpandFloor,-800
8,9,DP,sink,MinionEvolution.TryEvolve,-250
8,9,DP,sink,MinionRoster.TryEvolveIndividual,-250
8,9,DP,sink,DungeonFeatureManager.TryPlaceTrap,-150
8,9,DP,sink,MinionRoster.TrySummon,-161
8,9,DP,source,AdventurerAI.ReapEmotion,124
8,9,DP,source,AdventurerAI.TakeDamage,749
8,9,Material,source,AdventurerAI.TakeDamage,37
8,9,DP,sink,CommandSystem.TryUse,-1000
8,9,DP,source,AdventurerAI.GrantReturnReward,638
8,9,Fame,source,AdventurerAI.GrantReturnReward,30
8,9,Fame,source,LureEconomy.OnHeroEscaped,75
8,9,DP,source,Nemesis.OnSlain,518
8,9,Material,source,Nemesis.OnSlain,5
8,9,DP,stock,end,1034
8,9,Material,stock,end,261
8,9,Fame,stock,end,869
8,10,DP,source,SurfaceMap.CollectYields,78
8,10,Material,source,SurfaceMap.CollectYields,3
8,10,Fame,source,SurfaceMap.CollectYields,16
8,10,DP,source,EraSystem.TickTurn,300
8,10,DP,sink,MinionRoster.TryForge,-190
8,10,DP,sink,MinionEvolution.TryEvolve,-550
8,10,DP,sink,MinionRoster.TryEvolveIndividual,-325
8,10,DP,sink,DungeonFeatureManager.TryPlaceTrap,-150
8,10,DP,sink,MinionRoster.TrySummon,-192
8,10,DP,source,AdventurerAI.ReapEmotion,151
8,10,DP,source,AdventurerAI.TakeDamage,1115
8,10,Material,source,AdventurerAI.TakeDamage,46
8,10,DP,sink,CommandSystem.TryUse,-1650
8,10,DP,source,AdventurerAI.GrantReturnReward,475
8,10,Fame,source,AdventurerAI.GrantReturnReward,20
8,10,Fame,source,LureEconomy.OnHeroEscaped,50
8,10,DP,source,Nemesis.OnSlain,535
8,10,Material,source,Nemesis.OnSlain,5
8,10,DP,stock,end,631
8,10,Material,stock,end,315
8,10,Fame,stock,end,955
8,11,DP,source,SurfaceMap.CollectYields,78
8,11,Material,source,SurfaceMap.CollectYields,3
8,11,Fame,source,SurfaceMap.CollectYields,16
8,11,DP,source,EraSystem.TickTurn,720
8,11,DP,source,WaveRoster.ResolveTrial,1800
8,11,DP,sink,MinionRoster.TryForge,-190
8,11,DP,sink,DungeonFloorManager.TryAddFloor,-2000
8,11,DP,sink,DungeonFloorManager.TryExpandFloor,-400
8,11,DP,sink,MinionRoster.TryEvolveIndividual,-300
8,11,DP,sink,DungeonFeatureManager.TryPlaceTrap,-150
8,11,DP,sink,MinionRoster.TrySummon,-189
8,11,DP,source,AdventurerAI.ReapEmotion,134
8,11,DP,source,AdventurerAI.TakeDamage,734
8,11,Material,source,AdventurerAI.TakeDamage,28
8,11,DP,source,AdventurerAI.GrantReturnReward,3254
8,11,Fame,source,AdventurerAI.GrantReturnReward,70
8,11,Fame,source,LureEconomy.OnHeroEscaped,175
8,11,DP,sink,CommandSystem.TryUse,-4100
8,11,DP,source,Nemesis.OnSlain,551
8,11,Material,source,Nemesis.OnSlain,5
8,11,DP,stock,end,573
8,11,Material,stock,end,351
8,11,Fame,stock,end,1216
8,12,DP,source,SurfaceMap.CollectYields,78
8,12,Material,source,SurfaceMap.CollectYields,3
8,12,Fame,source,SurfaceMap.CollectYields,16
8,12,DP,source,DistrictCatalog.Collect,112
8,12,DP,sink,MinionRoster.TryForge,-190
8,12,DP,sink,MinionRoster.TryEvolveIndividual,-175
8,12,DP,sink,DungeonFeatureManager.TryPlaceTrap,-150
8,12,DP,sink,MinionRoster.TrySummon,-243
8,12,DP,source,AdventurerAI.TakeDamage,1013
8,12,Material,source,AdventurerAI.TakeDamage,28
8,12,DP,source,AdventurerAI.ReapEmotion,135
8,12,DP,source,AdventurerAI.GrantReturnReward,2176
8,12,Fame,source,AdventurerAI.GrantReturnReward,110
8,12,Fame,source,LureEconomy.OnHeroEscaped,275
8,12,DP,sink,CommandSystem.TryUse,-2600
8,12,DP,stock,end,729
8,12,Material,stock,end,382
8,12,Fame,stock,end,1617
8,13,DP,source,SurfaceMap.CollectYields,83
8,13,Material,source,SurfaceMap.CollectYields,4
8,13,Fame,source,SurfaceMap.CollectYields,19
8,13,DP,source,DistrictCatalog.Collect,126
8,13,DP,sink,MinionRoster.TryForge,-190
8,13,DP,sink,MinionRoster.TryEvolveIndividual,-325
8,13,DP,sink,DungeonFeatureManager.TryPlaceTrap,-150
8,13,DP,sink,MinionRoster.TrySummon,-263
8,13,DP,source,AdventurerAI.TakeDamage,923
8,13,Material,source,AdventurerAI.TakeDamage,22
8,13,DP,source,AdventurerAI.ReapEmotion,136
8,13,DP,sink,CommandSystem.TryUse,-2300
8,13,DP,source,AdventurerAI.GrantReturnReward,2007
8,13,Fame,source,AdventurerAI.GrantReturnReward,70
8,13,Fame,source,LureEconomy.OnHeroEscaped,175
8,13,DP,stock,end,776
8,13,Material,stock,end,408
8,13,Fame,stock,end,1881
8,14,DP,source,SurfaceMap.CollectYields,103
8,14,Material,source,SurfaceMap.CollectYields,5
8,14,Fame,source,SurfaceMap.CollectYields,23
8,14,DP,source,DistrictCatalog.Collect,126
8,14,DP,sink,MinionRoster.TryForge,-570
8,14,DP,sink,DungeonFeatureManager.TryPlaceTrap,-150
8,14,DP,sink,MinionRoster.TrySummon,-271
8,14,DP,source,IncidentSystem.Apply,600
8,14,DP,sink,CommandSystem.TryUse,-2650
8,14,DP,source,AdventurerAI.ReapEmotion,138
8,14,DP,source,AdventurerAI.TakeDamage,1978
8,14,Material,source,AdventurerAI.TakeDamage,50
8,14,DP,source,AdventurerAI.GrantReturnReward,420
8,14,Fame,source,AdventurerAI.GrantReturnReward,40
8,14,Fame,source,LureEconomy.OnHeroEscaped,100
8,14,DP,source,Nemesis.OnSlain,836
8,14,Material,source,Nemesis.OnSlain,7
8,14,DP,stock,end,1336
8,14,Material,stock,end,470
8,14,Fame,stock,end,2044
8,15,DP,source,SurfaceMap.CollectYields,103
8,15,Material,source,SurfaceMap.CollectYields,5
8,15,Fame,source,SurfaceMap.CollectYields,23
8,15,DP,source,DistrictCatalog.Collect,126
8,15,DP,sink,MinionRoster.TryForge,-380
8,15,DP,sink,DungeonFloorManager.TryExpandFloor,-800
8,15,DP,sink,DungeonFeatureManager.TryPlaceTrap,-150
8,15,DP,sink,MinionRoster.TrySummon,-222
8,15,DP,source,AdventurerAI.ReapEmotion,431
8,15,DP,sink,CommandSystem.TryUse,-5450
8,15,DP,source,AdventurerAI.TakeDamage,4589
8,15,Material,source,AdventurerAI.TakeDamage,164
8,15,DP,source,AdventurerAI.GrantReturnReward,4113
8,15,Fame,source,AdventurerAI.GrantReturnReward,130
8,15,Fame,source,LureEconomy.OnHeroEscaped,325
8,15,DP,source,Nemesis.OnSlain,1977
8,15,Material,source,Nemesis.OnSlain,14
8,15,DP,stock,end,5673
8,15,Material,stock,end,653
8,15,Fame,stock,end,2522
8,16,DP,source,SurfaceMap.CollectYields,82
8,16,Material,source,SurfaceMap.CollectYields,4
8,16,Fame,source,SurfaceMap.CollectYields,18
8,16,DP,source,DistrictCatalog.Collect,140
8,16,DP,source,EraSystem.TickTurn,300
8,16,DP,sink,MinionRoster.TryForge,-380
8,16,DP,sink,DungeonFloorManager.TryAddFloor,-5000
8,16,DP,sink,DungeonFloorManager.TryExpandFloor,-400
8,16,DP,sink,DungeonFeatureManager.TryPlaceTrap,-150
8,16,DP,sink,MinionRoster.TrySummon,-250
8,16,DP,source,AdventurerAI.ReapEmotion,410
8,16,DP,source,AdventurerAI.GrantReturnReward,2197
8,16,Fame,source,AdventurerAI.GrantReturnReward,60
8,16,Fame,source,LureEconomy.OnHeroEscaped,150
8,16,DP,sink,CommandSystem.TryUse,-2450
8,16,DP,source,AdventurerAI.TakeDamage,2955
8,16,Material,source,AdventurerAI.TakeDamage,49
8,16,DP,source,Nemesis.OnSlain,616
8,16,Material,source,Nemesis.OnSlain,5
8,16,DP,stock,end,3743
8,16,Material,stock,end,711
8,16,Fame,stock,end,2750
9,1,DP,sink,DungeonFeatureManager.TryPlaceTrap,-150
9,1,DP,sink,MinionRoster.TrySummon,-46
9,1,DP,source,AdventurerAI.ReapEmotion,146
9,1,DP,source,AdventurerAI.GrantReturnReward,641
9,1,Fame,source,AdventurerAI.GrantReturnReward,30
9,1,Fame,source,LureEconomy.OnHeroEscaped,75
9,1,DP,sink,CommandSystem.TryUse,-650
9,1,DP,source,AdventurerAI.TakeDamage,113
9,1,Material,source,AdventurerAI.TakeDamage,4
9,1,DP,stock,end,254
9,1,Material,stock,end,4
9,1,Fame,stock,end,105
9,2,DP,source,SurfaceMap.CollectYields,18
9,2,Material,source,SurfaceMap.CollectYields,1
9,2,Fame,source,SurfaceMap.CollectYields,4
9,2,DP,source,EraSystem.TickTurn,600
9,2,Fame,source,EraSystem.TickTurn,25
9,2,DP,sink,MinionRoster.TryForge,-236
9,2,DP,sink,MinionEvolution.TryEvolve,-325
9,2,DP,sink,DungeonFeatureManager.TryPlaceTrap,-150
9,2,DP,sink,MinionRoster.TrySummon,-156
9,2,DP,source,AdventurerAI.TakeDamage,141
9,2,Material,source,AdventurerAI.TakeDamage,4
9,2,DP,source,AdventurerAI.ReapEmotion,176
9,2,DP,sink,CommandSystem.TryUse,-300
9,2,DP,source,AdventurerAI.GrantReturnReward,450
9,2,Fame,source,AdventurerAI.GrantReturnReward,30
9,2,Fame,source,LureEconomy.OnHeroEscaped,75
9,2,DP,stock,end,472
9,2,Material,stock,end,9
9,2,Fame,stock,end,239
9,3,DP,source,SurfaceMap.CollectYields,18
9,3,Material,source,SurfaceMap.CollectYields,1
9,3,Fame,source,SurfaceMap.CollectYields,4
9,3,DP,source,EraSystem.TickTurn,600
9,3,Material,source,EraSystem.TickTurn,10
9,3,Fame,source,EraSystem.TickTurn,25
9,3,DP,sink,MinionRoster.TryForge,-236
9,3,DP,sink,DungeonFloorManager.TryExpandFloor,-400
9,3,DP,sink,MinionEvolution.TryEvolve,-75
9,3,DP,sink,DungeonFeatureManager.TryPlaceTrap,-300
9,3,DP,sink,MinionRoster.TrySummon,-78
9,3,DP,source,AdventurerAI.ReapEmotion,160
9,3,DP,source,AdventurerAI.TakeDamage,408
9,3,Material,source,AdventurerAI.TakeDamage,29
9,3,DP,sink,CommandSystem.TryUse,-650
9,3,DP,source,Nemesis.OnSlain,437
9,3,Material,source,Nemesis.OnSlain,5
9,3,DP,stock,end,356
9,3,Material,stock,end,54
9,3,Fame,stock,end,268
9,4,DP,source,SurfaceMap.CollectYields,18
9,4,Material,source,SurfaceMap.CollectYields,1
9,4,Fame,source,SurfaceMap.CollectYields,4
9,4,DP,source,EraSystem.TickTurn,600
9,4,Material,source,EraSystem.TickTurn,10
9,4,DP,sink,MinionRoster.TryForge,-236
9,4,DP,sink,MinionEvolution.TryEvolve,-425
9,4,DP,sink,DungeonFeatureManager.TryPlaceTrap,-150
9,4,DP,sink,MinionRoster.TrySummon,-161
9,4,DP,source,AdventurerAI.ReapEmotion,126
9,4,DP,source,AdventurerAI.TakeDamage,689
9,4,Material,source,AdventurerAI.TakeDamage,35
9,4,DP,sink,CommandSystem.TryUse,-1800
9,4,DP,source,AdventurerAI.GrantReturnReward,526
9,4,Fame,source,AdventurerAI.GrantReturnReward,20
9,4,Fame,source,LureEconomy.OnHeroEscaped,50
9,4,DP,source,Nemesis.OnSlain,908
9,4,Material,source,Nemesis.OnSlain,10
9,4,DP,stock,end,451
9,4,Material,stock,end,110
9,4,Fame,stock,end,342
9,5,DP,source,SurfaceMap.CollectYields,18
9,5,Material,source,SurfaceMap.CollectYields,1
9,5,Fame,source,SurfaceMap.CollectYields,4
9,5,DP,source,EraSystem.TickTurn,600
9,5,DP,sink,MinionRoster.TryForge,-212
9,5,DP,sink,MinionEvolution.TryEvolve,-525
9,5,DP,sink,DungeonFeatureManager.TryPlaceTrap,-300
9,5,DP,sink,MinionRoster.TrySummon,-22
9,5,DP,source,AdventurerAI.ReapEmotion,114
9,5,DP,source,AdventurerAI.TakeDamage,505
9,5,Material,source,AdventurerAI.TakeDamage,37
9,5,DP,sink,CommandSystem.TryUse,-1150
9,5,DP,source,AdventurerAI.GrantReturnReward,266
9,5,Fame,source,AdventurerAI.GrantReturnReward,10
9,5,Fame,source,LureEconomy.OnHeroEscaped,25
9,5,DP,source,Nemesis.OnSlain,470
9,5,Material,source,Nemesis.OnSlain,5
9,5,DP,stock,end,215
9,5,Material,stock,end,153
9,5,Fame,stock,end,381
9,6,DP,source,SurfaceMap.CollectYields,38
9,6,Material,source,SurfaceMap.CollectYields,2
9,6,Fame,source,SurfaceMap.CollectYields,8
9,6,DP,source,EraSystem.TickTurn,600
9,6,DP,source,WaveRoster.ResolveTrial,1200
9,6,DP,sink,MinionRoster.TryForge,-212
9,6,DP,sink,DungeonFloorManager.TryAddFloor,-800
9,6,DP,sink,DungeonFloorManager.TryExpandFloor,-400
9,6,DP,sink,MinionEvolution.TryEvolve,-250
9,6,DP,sink,MinionRoster.TryEvolveIndividual,-75
9,6,DP,sink,DungeonFeatureManager.TryPlaceTrap,-150
9,6,DP,sink,MinionRoster.TrySummon,-158
9,6,DP,source,AdventurerAI.ReapEmotion,166
9,6,DP,source,AdventurerAI.TakeDamage,627
9,6,Material,source,AdventurerAI.TakeDamage,37
9,6,DP,sink,CommandSystem.TryUse,-1300
9,6,DP,source,AdventurerAI.GrantReturnReward,156
9,6,Fame,source,AdventurerAI.GrantReturnReward,10
9,6,Fame,source,LureEconomy.OnHeroEscaped,25
9,6,DP,source,Nemesis.OnSlain,486
9,6,Material,source,Nemesis.OnSlain,5
9,6,DP,stock,end,143
9,6,Material,stock,end,197
9,6,Fame,stock,end,424
9,7,DP,source,SurfaceMap.CollectYields,38
9,7,Material,source,SurfaceMap.CollectYields,2
9,7,Fame,source,SurfaceMap.CollectYields,8
9,7,DP,source,EraSystem.TickTurn,600
9,7,DP,sink,MinionRoster.TryForge,-190
9,7,DP,sink,MinionEvolution.TryEvolve,-250
9,7,DP,sink,DungeonFeatureManager.TryPlaceTrap,-150
9,7,DP,sink,MinionRoster.TrySummon,-191
9,7,DP,source,AdventurerAI.ReapEmotion,189
9,7,DP,source,AdventurerAI.TakeDamage,523
9,7,Material,source,AdventurerAI.TakeDamage,33
9,7,DP,sink,CommandSystem.TryUse,-1150
9,7,DP,source,AdventurerAI.GrantReturnReward,563
9,7,Fame,source,AdventurerAI.GrantReturnReward,30
9,7,Fame,source,LureEconomy.OnHeroEscaped,75
9,7,DP,stock,end,125
9,7,Material,stock,end,232
9,7,Fame,stock,end,537
9,8,DP,source,SurfaceMap.CollectYields,38
9,8,Material,source,SurfaceMap.CollectYields,2
9,8,Fame,source,SurfaceMap.CollectYields,8
9,8,DP,source,EraSystem.TickTurn,1020
9,8,DP,sink,MinionRoster.TryForge,-190
9,8,DP,sink,MinionEvolution.TryEvolve,-250
9,8,DP,sink,MinionRoster.TryEvolveIndividual,-425
9,8,DP,sink,DungeonFeatureManager.TryPlaceTrap,-150
9,8,DP,sink,MinionRoster.TrySummon,-157
9,8,DP,source,AdventurerAI.ReapEmotion,206
9,8,DP,source,AdventurerAI.TakeDamage,1016
9,8,Material,source,AdventurerAI.TakeDamage,48
9,8,DP,sink,CommandSystem.TryUse,-650
9,8,DP,source,Nemesis.OnSlain,502
9,8,Material,source,Nemesis.OnSlain,5
9,8,DP,stock,end,1085
9,8,Material,stock,end,287
9,8,Fame,stock,end,545
9,9,DP,source,SurfaceMap.CollectYields,68
9,9,Material,source,SurfaceMap.CollectYields,3
9,9,Fame,source,SurfaceMap.CollectYields,16
9,9,DP,source,EraSystem.TickTurn,600
9,9,Fame,source,EraSystem.TickTurn,25
9,9,DP,sink,MinionRoster.TryForge,-190
9,9,DP,sink,DungeonFloorManager.TryExpandFloor,-800
9,9,DP,sink,MinionRoster.TryEvolveIndividual,-400
9,9,DP,sink,DungeonFeatureManager.TryPlaceTrap,-150
9,9,DP,sink,MinionRoster.TrySummon,-202
9,9,DP,source,AdventurerAI.ReapEmotion,217
9,9,DP,source,AdventurerAI.GrantReturnReward,1990
9,9,Fame,source,AdventurerAI.GrantReturnReward,70
9,9,Fame,source,LureEconomy.OnHeroEscaped,175
9,9,DP,sink,CommandSystem.TryUse,-1800
9,9,DP,source,AdventurerAI.TakeDamage,373
9,9,Material,source,AdventurerAI.TakeDamage,27
9,9,DP,source,Nemesis.OnSlain,755
9,9,Material,source,Nemesis.OnSlain,7
9,9,DP,stock,end,1546
9,9,Material,stock,end,324
9,9,Fame,stock,end,831
9,10,DP,source,SurfaceMap.CollectYields,78
9,10,Material,source,SurfaceMap.CollectYields,3
9,10,Fame,source,SurfaceMap.CollectYields,16
9,10,DP,source,EraSystem.TickTurn,300
9,10,DP,sink,MinionRoster.TryForge,-190
9,10,DP,sink,DungeonFloorManager.TryExpandFloor,-800
9,10,DP,sink,MinionEvolution.TryEvolve,-550
9,10,DP,sink,MinionRoster.TryEvolveIndividual,-75
9,10,DP,sink,DungeonFeatureManager.TryPlaceTrap,-150
9,10,DP,sink,MinionRoster.TrySummon,-148
9,10,DP,source,AdventurerAI.TakeDamage,788
9,10,Material,source,AdventurerAI.TakeDamage,25
9,10,DP,source,AdventurerAI.ReapEmotion,148
9,10,DP,sink,CommandSystem.TryUse,-1150
9,10,DP,source,AdventurerAI.GrantReturnReward,684
9,10,Fame,source,AdventurerAI.GrantReturnReward,40
9,10,Fame,source,LureEconomy.OnHeroEscaped,100
9,10,DP,stock,end,481
9,10,Material,stock,end,352
9,10,Fame,stock,end,987
9,11,DP,source,SurfaceMap.CollectYields,51
9,11,Material,source,SurfaceMap.CollectYields,2
9,11,Fame,source,SurfaceMap.CollectYields,10
9,11,DP,source,EraSystem.TickTurn,720
9,11,DP,sink,MinionRoster.TryForge,-285
9,11,DP,sink,MinionRoster.TryEvolveIndividual,-550
9,11,DP,sink,DungeonFeatureManager.TryPlaceTrap,-150
9,11,DP,sink,MinionRoster.TrySummon,-255
9,11,DP,source,AdventurerAI.ReapEmotion,132
9,11,DP,source,AdventurerAI.GrantReturnReward,5849
9,11,Fame,source,AdventurerAI.GrantReturnReward,70
9,11,Fame,source,LureEconomy.OnHeroEscaped,175
9,11,DP,sink,CommandSystem.TryUse,-4100
9,11,DP,source,AdventurerAI.TakeDamage,742
9,11,Material,source,AdventurerAI.TakeDamage,36
9,11,DP,source,Nemesis.OnSlain,1102
9,11,Material,source,Nemesis.OnSlain,10
9,11,DP,stock,end,3737
9,11,Material,stock,end,400
9,11,Fame,stock,end,1242
9,12,DP,source,SurfaceMap.CollectYields,78
9,12,Material,source,SurfaceMap.CollectYields,3
9,12,Fame,source,SurfaceMap.CollectYields,16
9,12,DP,source,DistrictCatalog.Collect,112
9,12,DP,source,EraSystem.TickTurn,300
9,12,DP,sink,MinionRoster.TryForge,-285
9,12,DP,sink,DungeonFloorManager.TryAddFloor,-2000
9,12,DP,sink,DungeonFloorManager.TryExpandFloor,-1200
9,12,DP,sink,MinionRoster.TryEvolveIndividual,-325
9,12,DP,sink,DungeonFeatureManager.TryPlaceTrap,-150
9,12,DP,sink,MinionRoster.TrySummon,-263
9,12,DP,source,AdventurerAI.TakeDamage,881
9,12,Material,source,AdventurerAI.TakeDamage,32
9,12,Fame,source,AdventurerAI.GrantReturnReward,70
9,12,Fame,source,LureEconomy.OnHeroEscaped,175
9,12,DP,source,AdventurerAI.ReapEmotion,237
9,12,DP,sink,CommandSystem.TryUse,-1500
9,12,DP,source,AdventurerAI.GrantReturnReward,1504
9,12,DP,source,Nemesis.OnSlain,567
9,12,Material,source,Nemesis.OnSlain,5
9,12,DP,stock,end,1693
9,12,Material,stock,end,440
9,12,Fame,stock,end,1503
9,13,DP,source,SurfaceMap.CollectYields,59
9,13,Material,source,SurfaceMap.CollectYields,3
9,13,Fame,source,SurfaceMap.CollectYields,13
9,13,DP,source,DistrictCatalog.Collect,112
9,13,DP,sink,MinionRoster.TryForge,-1358
9,13,DP,sink,DungeonFeatureManager.TryPlaceTrap,-300
9,13,DP,sink,MinionRoster.TrySummon,-204
9,13,DP,source,AdventurerAI.ReapEmotion,407
9,13,DP,source,AdventurerAI.TakeDamage,2262
9,13,Material,source,AdventurerAI.TakeDamage,246
9,13,DP,sink,CommandSystem.TryUse,-2650
9,13,DP,source,AdventurerAI.GrantReturnReward,2025
9,13,Fame,source,AdventurerAI.GrantReturnReward,60
9,13,Fame,source,LureEconomy.OnHeroEscaped,150
9,13,DP,source,Nemesis.OnSlain,1134
9,13,Material,source,Nemesis.OnSlain,10
9,13,DP,stock,end,3180
9,13,Material,stock,end,699
9,13,Fame,stock,end,1726
9,14,DP,source,SurfaceMap.CollectYields,80
9,14,Material,source,SurfaceMap.CollectYields,4
9,14,Fame,source,SurfaceMap.CollectYields,18
9,14,DP,source,DistrictCatalog.Collect,126
9,14,DP,sink,MinionRoster.TryForge,-1006
9,14,DP,sink,DungeonFloorManager.TryExpandFloor,-1500
9,14,DP,sink,MinionRoster.TryEvolveIndividual,-325
9,14,DP,sink,DungeonFeatureManager.TryPlaceTrap,-300
9,14,DP,sink,MinionRoster.TrySummon,-255
9,14,DP,source,AdventurerAI.ReapEmotion,199
9,14,Fame,source,AdventurerAI.GrantReturnReward,100
9,14,Fame,source,LureEconomy.OnHeroEscaped,250
9,14,DP,source,AdventurerAI.GrantReturnReward,1067
9,14,DP,sink,CommandSystem.TryUse,-1150
9,14,DP,source,AdventurerAI.TakeDamage,1039
9,14,Material,source,AdventurerAI.TakeDamage,24
9,14,DP,source,Nemesis.OnSlain,583
9,14,Material,source,Nemesis.OnSlain,5
9,14,DP,stock,end,1738
9,14,Material,stock,end,732
9,14,Fame,stock,end,2094
9,15,DP,source,SurfaceMap.CollectYields,100
9,15,Material,source,SurfaceMap.CollectYields,5
9,15,Fame,source,SurfaceMap.CollectYields,22
9,15,DP,source,DistrictCatalog.Collect,126
9,15,DP,sink,MinionRoster.TryForge,-1400
9,15,DP,sink,DungeonFeatureManager.TryPlaceTrap,-300
9,15,DP,sink,MinionRoster.TrySummon,-258
9,15,DP,source,AdventurerAI.ReapEmotion,196
9,15,DP,source,AdventurerAI.TakeDamage,2929
9,15,Material,source,AdventurerAI.TakeDamage,70
9,15,DP,sink,CommandSystem.TryUse,-2300
9,15,DP,source,AdventurerAI.GrantReturnReward,839
9,15,Fame,source,AdventurerAI.GrantReturnReward,50
9,15,Fame,source,LureEconomy.OnHeroEscaped,125
9,15,DP,source,Nemesis.OnSlain,1797
9,15,Material,source,Nemesis.OnSlain,15
9,15,DP,stock,end,3467
9,15,Material,stock,end,822
9,15,Fame,stock,end,2291
9,16,DP,source,SurfaceMap.CollectYields,100
9,16,Material,source,SurfaceMap.CollectYields,5
9,16,Fame,source,SurfaceMap.CollectYields,22
9,16,DP,source,DistrictCatalog.Collect,126
9,16,DP,source,EraSystem.TickTurn,300
9,16,DP,sink,MinionRoster.TryForge,-2026
9,16,DP,sink,DungeonFloorManager.TryExpandFloor,-1500
9,16,DP,sink,DungeonFeatureManager.TryPlaceTrap,-300
9,16,DP,sink,MinionRoster.TrySummon,-162
9,16,DP,source,AdventurerAI.ReapEmotion,193
9,16,DP,source,AdventurerAI.TakeDamage,3062
9,16,Material,source,AdventurerAI.TakeDamage,95
9,16,DP,sink,CommandSystem.TryUse,-2600
9,16,DP,source,AdventurerAI.GrantReturnReward,504
9,16,Fame,source,AdventurerAI.GrantReturnReward,30
9,16,Fame,source,LureEconomy.OnHeroEscaped,75
9,16,DP,source,Nemesis.OnSlain,2462
9,16,Material,source,Nemesis.OnSlain,19
9,16,DP,stock,end,3626
9,16,Material,stock,end,941
9,16,Fame,stock,end,2418
10,1,DP,sink,DungeonFeatureManager.TryPlaceTrap,-150
10,1,DP,sink,MinionRoster.TrySummon,-46
10,1,DP,source,AdventurerAI.ReapEmotion,200
10,1,DP,source,AdventurerAI.TakeDamage,166
10,1,Material,source,AdventurerAI.TakeDamage,6
10,1,DP,sink,CommandSystem.TryUse,-650
10,1,DP,source,AdventurerAI.GrantReturnReward,295
10,1,Fame,source,AdventurerAI.GrantReturnReward,20
10,1,Fame,source,LureEconomy.OnHeroEscaped,50
10,1,DP,stock,end,15
10,1,Material,stock,end,6
10,1,Fame,stock,end,70
10,2,DP,source,SurfaceMap.CollectYields,18
10,2,Material,source,SurfaceMap.CollectYields,1
10,2,Fame,source,SurfaceMap.CollectYields,4
10,2,DP,source,EraSystem.TickTurn,600
10,2,Fame,source,EraSystem.TickTurn,25
10,2,DP,sink,MinionRoster.TryForge,-236
10,2,DP,sink,MinionEvolution.TryEvolve,-75
10,2,DP,sink,DungeonFeatureManager.TryPlaceTrap,-150
10,2,DP,sink,MinionRoster.TrySummon,-162
10,2,DP,source,AdventurerAI.ReapEmotion,114
10,2,Fame,source,AdventurerAI.GrantReturnReward,20
10,2,Fame,source,LureEconomy.OnHeroEscaped,50
10,2,DP,source,AdventurerAI.GrantReturnReward,54
10,2,DP,source,AdventurerAI.TakeDamage,210
10,2,Material,source,AdventurerAI.TakeDamage,8
10,2,DP,sink,CommandSystem.TryUse,-300
10,2,DP,stock,end,88
10,2,Material,stock,end,15
10,2,Fame,stock,end,169
10,3,DP,source,SurfaceMap.CollectYields,18
10,3,Material,source,SurfaceMap.CollectYields,1
10,3,Fame,source,SurfaceMap.CollectYields,4
10,3,DP,source,EraSystem.TickTurn,600
10,3,Material,source,EraSystem.TickTurn,10
10,3,Fame,source,EraSystem.TickTurn,25
10,3,DP,sink,MinionRoster.TryForge,-236
10,3,DP,sink,MinionEvolution.TryEvolve,-150
10,3,DP,sink,DungeonFeatureManager.TryPlaceTrap,-150
10,3,DP,sink,MinionRoster.TrySummon,-156
10,3,DP,source,AdventurerAI.ReapEmotion,116
10,3,DP,source,AdventurerAI.TakeDamage,154
10,3,Material,source,AdventurerAI.TakeDamage,8
10,3,DP,source,AdventurerAI.GrantReturnReward,864
10,3,Fame,source,AdventurerAI.GrantReturnReward,30
10,3,Fame,source,LureEconomy.OnHeroEscaped,75
10,3,DP,sink,CommandSystem.TryUse,-650
10,3,DP,stock,end,498
10,3,Material,stock,end,34
10,3,Fame,stock,end,303
10,4,DP,source,SurfaceMap.CollectYields,18
10,4,Material,source,SurfaceMap.CollectYields,1
10,4,Fame,source,SurfaceMap.CollectYields,4
10,4,DP,source,EraSystem.TickTurn,600
10,4,DP,sink,MinionRoster.TryForge,-236
10,4,DP,sink,DungeonFloorManager.TryExpandFloor,-400
10,4,DP,sink,MinionEvolution.TryEvolve,-175
10,4,DP,sink,DungeonFeatureManager.TryPlaceTrap,-150
10,4,DP,sink,MinionRoster.TrySummon,-136
10,4,DP,source,AdventurerAI.TakeDamage,351
10,4,Material,source,AdventurerAI.TakeDamage,14
10,4,Fame,source,AdventurerAI.GrantReturnReward,20
10,4,Fame,source,LureEconomy.OnHeroEscaped,50
10,4,DP,source,AdventurerAI.ReapEmotion,60
10,4,DP,sink,CommandSystem.TryUse,-650
10,4,DP,source,Nemesis.OnSlain,454
10,4,Material,source,Nemesis.OnSlain,5
10,4,DP,stock,end,234
10,4,Material,stock,end,54
10,4,Fame,stock,end,377
10,5,DP,source,SurfaceMap.CollectYields,18
10,5,Material,source,SurfaceMap.CollectYields,1
10,5,Fame,source,SurfaceMap.CollectYields,4
10,5,DP,source,EraSystem.TickTurn,600
10,5,DP,sink,MinionRoster.TryForge,-212
10,5,DP,sink,MinionEvolution.TryEvolve,-225
10,5,DP,sink,DungeonFeatureManager.TryPlaceTrap,-300
10,5,DP,sink,MinionRoster.TrySummon,-105
10,5,DP,source,AdventurerAI.TakeDamage,553
10,5,Material,source,AdventurerAI.TakeDamage,18
10,5,DP,source,AdventurerAI.ReapEmotion,203
10,5,DP,sink,CommandSystem.TryUse,-650
10,5,DP,source,AdventurerAI.GrantReturnReward,203
10,5,Fame,source,AdventurerAI.GrantReturnReward,10
10,5,Fame,source,LureEconomy.OnHeroEscaped,25
10,5,DP,source,Nemesis.OnSlain,470
10,5,Material,source,Nemesis.OnSlain,5
10,5,DP,stock,end,789
10,5,Material,stock,end,78
10,5,Fame,stock,end,416
10,6,DP,source,SurfaceMap.CollectYields,39
10,6,Material,source,SurfaceMap.CollectYields,2
10,6,Fame,source,SurfaceMap.CollectYields,9
10,6,DP,source,EraSystem.TickTurn,600
10,6,Material,source,EraSystem.TickTurn,10
10,6,DP,source,WaveRoster.ResolveTrial,1200
10,6,DP,sink,MinionRoster.TryForge,-212
10,6,DP,sink,DungeonFloorManager.TryAddFloor,-800
10,6,DP,sink,DungeonFloorManager.TryExpandFloor,-1200
10,6,DP,sink,DungeonFeatureManager.TryPlaceTrap,-300
10,6,DP,sink,MinionRoster.TrySummon,-116
10,6,DP,source,AdventurerAI.ReapEmotion,123
10,6,DP,source,AdventurerAI.TakeDamage,653
10,6,Material,source,AdventurerAI.TakeDamage,73
10,6,DP,sink,CommandSystem.TryUse,-1300
10,6,DP,source,AdventurerAI.GrantReturnReward,438
10,6,Fame,source,AdventurerAI.GrantReturnReward,10
10,6,Fame,source,LureEconomy.OnHeroEscaped,25
10,6,DP,source,Nemesis.OnSlain,486
10,6,Material,source,Nemesis.OnSlain,5
10,6,DP,stock,end,400
10,6,Material,stock,end,168
10,6,Fame,stock,end,460
10,7,DP,source,SurfaceMap.CollectYields,39
10,7,Material,source,SurfaceMap.CollectYields,2
10,7,Fame,source,SurfaceMap.CollectYields,9
10,7,DP,source,EraSystem.TickTurn,600
10,7,DP,sink,MinionRoster.TryForge,-212
10,7,DP,sink,MinionEvolution.TryEvolve,-525
10,7,DP,sink,DungeonFeatureManager.TryPlaceTrap,-150
10,7,DP,sink,MinionRoster.TrySummon,-135
10,7,DP,source,AdventurerAI.ReapEmotion,125
10,7,DP,source,AdventurerAI.TakeDamage,728
10,7,Material,source,AdventurerAI.TakeDamage,40
10,7,DP,sink,CommandSystem.TryUse,-1800
10,7,Fame,source,AdventurerAI.GrantReturnReward,20
10,7,Fame,source,LureEconomy.OnHeroEscaped,50
10,7,DP,source,Nemesis.OnSlain,1004
10,7,Material,source,Nemesis.OnSlain,10
10,7,DP,source,AdventurerAI.GrantReturnReward,421
10,7,DP,stock,end,495
10,7,Material,stock,end,220
10,7,Fame,stock,end,539
10,8,DP,source,SurfaceMap.CollectYields,39
10,8,Material,source,SurfaceMap.CollectYields,2
10,8,Fame,source,SurfaceMap.CollectYields,9
10,8,DP,source,EraSystem.TickTurn,1020
10,8,DP,sink,MinionRoster.TryForge,-212
10,8,DP,sink,DungeonFloorManager.TryExpandFloor,-800
10,8,DP,sink,MinionEvolution.TryEvolve,-200
10,8,DP,sink,DungeonFeatureManager.TryPlaceTrap,-150
10,8,DP,sink,MinionRoster.TrySummon,-185
10,8,DP,source,AdventurerAI.TakeDamage,334
10,8,Material,source,AdventurerAI.TakeDamage,23
10,8,DP,source,AdventurerAI.ReapEmotion,124
10,8,DP,source,AdventurerAI.GrantReturnReward,1124
10,8,Fame,source,AdventurerAI.GrantReturnReward,70
10,8,Fame,source,LureEconomy.OnHeroEscaped,175
10,8,DP,sink,CommandSystem.TryUse,-1150
10,8,DP,source,Nemesis.OnSlain,734
10,8,Material,source,Nemesis.OnSlain,7
10,8,DP,stock,end,1173
10,8,Material,stock,end,252
10,8,Fame,stock,end,793
10,9,DP,source,SurfaceMap.CollectYields,45
10,9,Material,source,SurfaceMap.CollectYields,2
10,9,Fame,source,SurfaceMap.CollectYields,11
10,9,DP,source,EraSystem.TickTurn,600
10,9,Fame,source,EraSystem.TickTurn,25
10,9,DP,sink,MinionRoster.TryForge,-190
10,9,DP,sink,MinionEvolution.TryEvolve,-1300
10,9,DP,sink,DungeonFeatureManager.TryPlaceTrap,-150
10,9,DP,sink,MinionRoster.TrySummon,-162
10,9,DP,source,AdventurerAI.ReapEmotion,131
10,9,Fame,source,AdventurerAI.GrantReturnReward,30
10,9,Fame,source,LureEconomy.OnHeroEscaped,75
10,9,DP,source,AdventurerAI.TakeDamage,979
10,9,Material,source,AdventurerAI.TakeDamage,48
10,9,DP,sink,CommandSystem.TryUse,-650
10,9,DP,source,AdventurerAI.GrantReturnReward,116
10,9,DP,source,Nemesis.OnSlain,1036
10,9,Material,source,Nemesis.OnSlain,10
10,9,DP,stock,end,1628
10,9,Material,stock,end,312
10,9,Fame,stock,end,934
10,10,DP,source,SurfaceMap.CollectYields,79
10,10,Material,source,SurfaceMap.CollectYields,3
10,10,Fame,source,SurfaceMap.CollectYields,17
10,10,DP,source,EraSystem.TickTurn,600
10,10,DP,sink,MinionRoster.TryForge,-285
10,10,DP,sink,DungeonFloorManager.TryExpandFloor,-1500
10,10,DP,sink,MinionRoster.TryEvolveIndividual,-175
10,10,DP,sink,DungeonFeatureManager.TryPlaceTrap,-150
10,10,DP,sink,MinionRoster.TrySummon,-192
10,10,DP,source,AdventurerAI.ReapEmotion,148
10,10,DP,source,AdventurerAI.GrantReturnReward,558
10,10,Fame,source,AdventurerAI.GrantReturnReward,20
10,10,Fame,source,LureEconomy.OnHeroEscaped,50
10,10,DP,sink,CommandSystem.TryUse,-2300
10,10,DP,source,AdventurerAI.TakeDamage,1644
10,10,Material,source,AdventurerAI.TakeDamage,64
10,10,DP,source,Nemesis.OnSlain,1290
10,10,Material,source,Nemesis.OnSlain,12
10,10,DP,stock,end,1345
10,10,Material,stock,end,391
10,10,Fame,stock,end,1021
10,11,DP,source,SurfaceMap.CollectYields,79
10,11,Material,source,SurfaceMap.CollectYields,3
10,11,Fame,source,SurfaceMap.CollectYields,17
10,11,DP,source,EraSystem.TickTurn,720
10,11,DP,source,WaveRoster.ResolveTrial,2100
10,11,DP,sink,MinionRoster.TryForge,-190
10,11,DP,sink,DungeonFloorManager.TryAddFloor,-2000
10,11,DP,sink,DungeonFloorManager.TryExpandFloor,-1200
10,11,DP,sink,MinionRoster.TryEvolveIndividual,-500
10,11,DP,sink,DungeonFeatureManager.TryPlaceTrap,-150
10,11,DP,sink,MinionRoster.TrySummon,-204
10,11,DP,source,AdventurerAI.ReapEmotion,206
10,11,DP,source,AdventurerAI.TakeDamage,263
10,11,Material,source,AdventurerAI.TakeDamage,15
10,11,DP,sink,CommandSystem.TryUse,-1150
10,11,DP,source,AdventurerAI.GrantReturnReward,1537
10,11,Fame,source,AdventurerAI.GrantReturnReward,50
10,11,Fame,source,LureEconomy.OnHeroEscaped,125
10,11,DP,source,Nemesis.OnSlain,551
10,11,Material,source,Nemesis.OnSlain,5
10,11,DP,stock,end,1407
10,11,Material,stock,end,414
10,11,Fame,stock,end,1213
10,12,DP,source,SurfaceMap.CollectYields,79
10,12,Material,source,SurfaceMap.CollectYields,3
10,12,Fame,source,SurfaceMap.CollectYields,17
10,12,DP,source,DistrictCatalog.Collect,84
10,12,DP,sink,MinionRoster.TryForge,-190
10,12,DP,sink,MinionRoster.TryEvolveIndividual,-1050
10,12,DP,sink,DungeonFeatureManager.TryPlaceTrap,-150
10,12,DP,sink,MinionRoster.TrySummon,-158
10,12,DP,source,AdventurerAI.ReapEmotion,136
10,12,DP,source,AdventurerAI.TakeDamage,499
10,12,Material,source,AdventurerAI.TakeDamage,29
10,12,DP,source,AdventurerAI.GrantReturnReward,2513
10,12,Fame,source,AdventurerAI.GrantReturnReward,100
10,12,Fame,source,LureEconomy.OnHeroEscaped,250
10,12,DP,sink,CommandSystem.TryUse,-1150
10,12,DP,source,Nemesis.OnSlain,567
10,12,Material,source,Nemesis.OnSlain,5
10,12,DP,stock,end,2587
10,12,Material,stock,end,451
10,12,Fame,stock,end,1580
10,13,DP,source,SurfaceMap.CollectYields,60
10,13,Material,source,SurfaceMap.CollectYields,3
10,13,Fame,source,SurfaceMap.CollectYields,14
10,13,DP,source,DistrictCatalog.Collect,98
10,13,DP,sink,MinionRoster.TryForge,-475
10,13,DP,sink,DungeonFloorManager.TryExpandFloor,-1500
10,13,DP,sink,MinionRoster.TryEvolveIndividual,-325
10,13,DP,sink,DungeonFeatureManager.TryPlaceTrap,-150
10,13,DP,sink,MinionRoster.TrySummon,-271
10,13,DP,source,AdventurerAI.ReapEmotion,135
10,13,DP,source,AdventurerAI.GrantReturnReward,2026
10,13,Fame,source,AdventurerAI.GrantReturnReward,80
10,13,Fame,source,LureEconomy.OnHeroEscaped,200
10,13,DP,sink,CommandSystem.TryUse,-2950
10,13,DP,source,AdventurerAI.TakeDamage,1002
10,13,Material,source,AdventurerAI.TakeDamage,41
10,13,DP,source,Nemesis.OnSlain,567
10,13,Material,source,Nemesis.OnSlain,5
10,13,DP,stock,end,804
10,13,Material,stock,end,500
10,13,Fame,stock,end,1874
10,14,DP,source,SurfaceMap.CollectYields,80
10,14,Material,source,SurfaceMap.CollectYields,4
10,14,Fame,source,SurfaceMap.CollectYields,18
10,14,DP,source,DistrictCatalog.Collect,98
10,14,DP,sink,MinionRoster.TryForge,-394
10,14,DP,sink,DungeonFeatureManager.TryPlaceTrap,-300
10,14,DP,sink,MinionRoster.TrySummon,-279
10,14,DP,source,AdventurerAI.ReapEmotion,129
10,14,DP,source,AdventurerAI.GrantReturnReward,1841
10,14,Fame,source,AdventurerAI.GrantReturnReward,50
10,14,Fame,source,LureEconomy.OnHeroEscaped,125
10,14,DP,sink,CommandSystem.TryUse,-1800
10,14,DP,source,AdventurerAI.TakeDamage,706
10,14,Material,source,AdventurerAI.TakeDamage,15
10,14,DP,source,Nemesis.OnSlain,583
10,14,Material,source,Nemesis.OnSlain,5
10,14,DP,stock,end,1468
10,14,Material,stock,end,524
10,14,Fame,stock,end,2067
10,15,DP,source,SurfaceMap.CollectYields,80
10,15,Material,source,SurfaceMap.CollectYields,4
10,15,Fame,source,SurfaceMap.CollectYields,18
10,15,DP,source,DistrictCatalog.Collect,98
10,15,DP,sink,MinionRoster.TryForge,-1196
10,15,DP,sink,DungeonFeatureManager.TryPlaceTrap,-300
10,15,DP,sink,MinionRoster.TrySummon,-135
10,15,DP,source,AdventurerAI.ReapEmotion,161
10,15,DP,source,AdventurerAI.TakeDamage,3531
10,15,Material,source,AdventurerAI.TakeDamage,124
10,15,DP,sink,CommandSystem.TryUse,-2300
10,15,DP,source,AdventurerAI.GrantReturnReward,724
10,15,Fame,source,AdventurerAI.GrantReturnReward,30
10,15,Fame,source,LureEconomy.OnHeroEscaped,75
10,15,DP,source,Nemesis.OnSlain,2034
10,15,Material,source,Nemesis.OnSlain,17
10,15,DP,stock,end,4165
10,15,Material,stock,end,669
10,15,Fame,stock,end,2190
10,16,DP,source,SurfaceMap.CollectYields,80
10,16,Material,source,SurfaceMap.CollectYields,4
10,16,Fame,source,SurfaceMap.CollectYields,18
10,16,DP,source,DistrictCatalog.Collect,98
10,16,DP,source,WaveRoster.ResolveTrial,2400
10,16,DP,sink,MinionRoster.TryForge,-190
10,16,DP,sink,DungeonFloorManager.TryAddFloor,-5000
10,16,DP,sink,DungeonFloorManager.TryExpandFloor,-1200
10,16,DP,sink,DungeonFeatureManager.TryPlaceTrap,-150
10,16,DP,sink,MinionRoster.TrySummon,-199
10,16,DP,source,AdventurerAI.ReapEmotion,231
10,16,DP,source,AdventurerAI.TakeDamage,1140
10,16,Material,source,AdventurerAI.TakeDamage,63
10,16,DP,sink,CommandSystem.TryUse,-4400
10,16,Fame,source,AdventurerAI.GrantReturnReward,130
10,16,Fame,source,LureEconomy.OnHeroEscaped,325
10,16,DP,source,AdventurerAI.GrantReturnReward,3599
10,16,DP,source,Nemesis.OnSlain,1846
10,16,Material,source,Nemesis.OnSlain,14
10,16,DP,stock,end,2420
10,16,Material,stock,end,750
10,16,Fame,stock,end,2663
11,1,DP,sink,DungeonFeatureManager.TryPlaceTrap,-150
11,1,DP,sink,MinionRoster.TrySummon,-46
11,1,DP,source,AdventurerAI.ReapEmotion,200
11,1,DP,source,AdventurerAI.TakeDamage,111
11,1,Material,source,AdventurerAI.TakeDamage,13
11,1,DP,source,AdventurerAI.GrantReturnReward,602
11,1,Fame,source,AdventurerAI.GrantReturnReward,30
11,1,Fame,source,LureEconomy.OnHeroEscaped,75
11,1,DP,sink,CommandSystem.TryUse,-650
11,1,DP,stock,end,267
11,1,Material,stock,end,13
11,1,Fame,stock,end,105
11,2,DP,source,SurfaceMap.CollectYields,18
11,2,Material,source,SurfaceMap.CollectYields,1
11,2,Fame,source,SurfaceMap.CollectYields,4
11,2,DP,source,EraSystem.TickTurn,600
11,2,Fame,source,EraSystem.TickTurn,25
11,2,DP,sink,MinionRoster.TryForge,-236
11,2,DP,sink,MinionEvolution.TryEvolve,-325
11,2,DP,sink,DungeonFeatureManager.TryPlaceTrap,-150
11,2,DP,sink,MinionRoster.TrySummon,-156
11,2,DP,source,AdventurerAI.ReapEmotion,114
11,2,DP,source,AdventurerAI.GrantReturnReward,57
11,2,Fame,source,AdventurerAI.GrantReturnReward,10
11,2,Fame,source,LureEconomy.OnHeroEscaped,25
11,2,DP,source,AdventurerAI.TakeDamage,299
11,2,Material,source,AdventurerAI.TakeDamage,16
11,2,DP,sink,CommandSystem.TryUse,-300
11,2,DP,stock,end,188
11,2,Material,stock,end,30
11,2,Fame,stock,end,169
11,3,DP,source,SurfaceMap.CollectYields,18
11,3,Material,source,SurfaceMap.CollectYields,1
11,3,Fame,source,SurfaceMap.CollectYields,4
11,3,DP,source,EraSystem.TickTurn,600
11,3,Material,source,EraSystem.TickTurn,20
11,3,DP,sink,MinionRoster.TryForge,-236
11,3,DP,sink,MinionEvolution.TryEvolve,-225
11,3,DP,sink,DungeonFeatureManager.TryPlaceTrap,-150
11,3,DP,sink,MinionRoster.TrySummon,-176
11,3,DP,source,AdventurerAI.ReapEmotion,241
11,3,Fame,source,AdventurerAI.GrantReturnReward,30
11,3,Fame,source,LureEconomy.OnHeroEscaped,75
11,3,DP,source,AdventurerAI.GrantReturnReward,51
11,3,DP,sink,CommandSystem.TryUse,-650
11,3,DP,source,AdventurerAI.TakeDamage,171
11,3,Material,source,AdventurerAI.TakeDamage,15
11,3,DP,source,Nemesis.OnSlain,437
11,3,Material,source,Nemesis.OnSlain,5
11,3,DP,stock,end,269
11,3,Material,stock,end,71
11,3,Fame,stock,end,278
11,4,DP,source,SurfaceMap.CollectYields,18
11,4,Material,source,SurfaceMap.CollectYields,1
11,4,Fame,source,SurfaceMap.CollectYields,4
11,4,DP,source,EraSystem.TickTurn,600
11,4,DP,sink,MinionRoster.TryForge,-236
11,4,DP,sink,MinionEvolution.TryEvolve,-325
11,4,DP,sink,DungeonFeatureManager.TryPlaceTrap,-150
11,4,DP,sink,MinionRoster.TrySummon,-176
11,4,DP,source,IncidentSystem.Apply,600
11,4,DP,sink,CommandSystem.TryUse,-1500
11,4,DP,source,AdventurerAI.ReapEmotion,119
11,4,DP,source,AdventurerAI.TakeDamage,489
11,4,Material,source,AdventurerAI.TakeDamage,33
11,4,DP,source,Nemesis.OnSlain,454
11,4,Material,source,Nemesis.OnSlain,5
11,4,DP,stock,end,162
11,4,Material,stock,end,110
11,4,Fame,stock,end,282
11,5,DP,source,SurfaceMap.CollectYields,18
11,5,Material,source,SurfaceMap.CollectYields,1
11,5,Fame,source,SurfaceMap.CollectYields,4
11,5,DP,source,EraSystem.TickTurn,600
11,5,Fame,source,EraSystem.TickTurn,25
11,5,DP,sink,MinionRoster.TryForge,-212
11,5,DP,sink,MinionEvolution.TryEvolve,-75
11,5,DP,sink,MinionRoster.TryEvolveIndividual,-175
11,5,DP,sink,DungeonFeatureManager.TryPlaceTrap,-150
11,5,DP,sink,MinionRoster.TrySummon,-151
11,5,DP,source,AdventurerAI.ReapEmotion,108
11,5,DP,source,AdventurerAI.TakeDamage,823
11,5,Material,source,AdventurerAI.TakeDamage,28
11,5,DP,sink,CommandSystem.TryUse,-1450
11,5,DP,source,Nemesis.OnSlain,940
11,5,Material,source,Nemesis.OnSlain,10
11,5,Fame,source,AdventurerAI.GrantReturnReward,10
11,5,Fame,source,LureEconomy.OnHeroEscaped,25
11,5,DP,stock,end,438
11,5,Material,stock,end,149
11,5,Fame,stock,end,346
11,6,DP,source,SurfaceMap.CollectYields,39
11,6,Material,source,SurfaceMap.CollectYields,2
11,6,Fame,source,SurfaceMap.CollectYields,9
11,6,DP,source,EraSystem.TickTurn,600
11,6,DP,source,WaveRoster.ResolveTrial,1800
11,6,DP,sink,MinionRoster.TryForge,-212
11,6,DP,sink,DungeonFloorManager.TryAddFloor,-800
11,6,DP,sink,DungeonFloorManager.TryExpandFloor,-800
11,6,DP,sink,MinionEvolution.TryEvolve,-650
11,6,DP,sink,DungeonFeatureManager.TryPlaceTrap,-300
11,6,DP,sink,MinionRoster.TrySummon,-112
11,6,DP,source,AdventurerAI.TakeDamage,634
11,6,Material,source,AdventurerAI.TakeDamage,24
11,6,DP,source,AdventurerAI.ReapEmotion,113
11,6,DP,sink,CommandSystem.TryUse,-1150
11,6,DP,source,AdventurerAI.GrantReturnReward,217
11,6,Fame,source,AdventurerAI.GrantReturnReward,10
11,6,Fame,source,LureEconomy.OnHeroEscaped,25
11,6,DP,source,Nemesis.OnSlain,972
11,6,Material,source,Nemesis.OnSlain,10
11,6,DP,stock,end,789
11,6,Material,stock,end,185
11,6,Fame,stock,end,390
11,7,DP,source,SurfaceMap.CollectYields,39
11,7,Material,source,SurfaceMap.CollectYields,2
11,7,Fame,source,SurfaceMap.CollectYields,9
11,7,DP,source,EraSystem.TickTurn,600
11,7,DP,sink,MinionRoster.TryForge,-212
11,7,DP,sink,DungeonFloorManager.TryExpandFloor,-800
11,7,DP,sink,DungeonFeatureManager.TryPlaceTrap,-150
11,7,DP,sink,MinionRoster.TrySummon,-247
11,7,DP,source,AdventurerAI.TakeDamage,422
11,7,Material,source,AdventurerAI.TakeDamage,10
11,7,DP,source,AdventurerAI.ReapEmotion,81
11,7,DP,sink,CommandSystem.TryUse,-1150
11,7,DP,source,AdventurerAI.GrantReturnReward,795
11,7,Fame,source,AdventurerAI.GrantReturnReward,40
11,7,Fame,source,LureEconomy.OnHeroEscaped,100
11,7,DP,source,Nemesis.OnSlain,502
11,7,Material,source,Nemesis.OnSlain,5
11,7,DP,stock,end,669
11,7,Material,stock,end,202
11,7,Fame,stock,end,539
11,8,DP,source,SurfaceMap.CollectYields,39
11,8,Material,source,SurfaceMap.CollectYields,2
11,8,Fame,source,SurfaceMap.CollectYields,9
11,8,DP,source,EraSystem.TickTurn,1020
11,8,DP,sink,MinionRoster.TryForge,-212
11,8,DP,sink,DungeonFloorManager.TryExpandFloor,-800
11,8,DP,sink,MinionEvolution.TryEvolve,-250
11,8,DP,sink,MinionRoster.TryEvolveIndividual,-150
11,8,DP,sink,DungeonFeatureManager.TryPlaceTrap,-150
11,8,DP,sink,MinionRoster.TrySummon,-162
11,8,DP,source,AdventurerAI.TakeDamage,587
11,8,Material,source,AdventurerAI.TakeDamage,44
11,8,Fame,source,AdventurerAI.GrantReturnReward,40
11,8,Fame,source,LureEconomy.OnHeroEscaped,100
11,8,DP,source,AdventurerAI.ReapEmotion,87
11,8,DP,sink,CommandSystem.TryUse,-1150
11,8,DP,source,AdventurerAI.GrantReturnReward,900
11,8,DP,stock,end,428
11,8,Material,stock,end,248
11,8,Fame,stock,end,688
11,9,DP,source,SurfaceMap.CollectYields,45
11,9,Material,source,SurfaceMap.CollectYields,2
11,9,Fame,source,SurfaceMap.CollectYields,11
11,9,DP,source,EraSystem.TickTurn,600
11,9,Fame,source,EraSystem.TickTurn,25
11,9,DP,sink,MinionRoster.TryForge,-190
11,9,DP,sink,MinionEvolution.TryEvolve,-250
11,9,DP,sink,MinionRoster.TryEvolveIndividual,-325
11,9,DP,sink,DungeonFeatureManager.TryPlaceTrap,-150
11,9,DP,sink,MinionRoster.TrySummon,-143
11,9,DP,source,AdventurerAI.TakeDamage,209
11,9,Material,source,AdventurerAI.TakeDamage,12
11,9,Fame,source,AdventurerAI.GrantReturnReward,40
11,9,Fame,source,LureEconomy.OnHeroEscaped,100
11,9,DP,source,AdventurerAI.ReapEmotion,80
11,9,DP,source,Nemesis.OnSlain,518
11,9,Material,source,Nemesis.OnSlain,5
11,9,DP,sink,CommandSystem.TryUse,-650
11,9,DP,source,AdventurerAI.GrantReturnReward,350
11,9,DP,stock,end,522
11,9,Material,stock,end,267
11,9,Fame,stock,end,864
11,10,DP,source,SurfaceMap.CollectYields,79
11,10,Material,source,SurfaceMap.CollectYields,3
11,10,Fame,source,SurfaceMap.CollectYields,17
11,10,DP,sink,MinionRoster.TryForge,-190
11,10,DP,sink,MinionRoster.TryEvolveIndividual,-75
11,10,DP,sink,DungeonFeatureManager.TryPlaceTrap,-150
11,10,DP,sink,MinionRoster.TrySummon,-178
11,10,DP,source,AdventurerAI.TakeDamage,821
11,10,Material,source,AdventurerAI.TakeDamage,23
11,10,DP,sink,CommandSystem.TryUse,-1300
11,10,DP,source,AdventurerAI.ReapEmotion,251
11,10,DP,source,AdventurerAI.GrantReturnReward,1037
11,10,Fame,source,AdventurerAI.GrantReturnReward,40
11,10,Fame,source,LureEconomy.OnHeroEscaped,100
11,10,DP,stock,end,817
11,10,Material,stock,end,293
11,10,Fame,stock,end,1021
11,11,DP,source,SurfaceMap.CollectYields,79
11,11,Material,source,SurfaceMap.CollectYields,3
11,11,Fame,source,SurfaceMap.CollectYields,17
11,11,DP,source,EraSystem.TickTurn,1020
11,11,DP,source,WaveRoster.ResolveTrial,1800
11,11,DP,sink,MinionRoster.TryForge,-190
11,11,DP,sink,DungeonFloorManager.TryAddFloor,-2000
11,11,DP,sink,DungeonFloorManager.TryExpandFloor,-1200
11,11,DP,sink,DungeonFeatureManager.TryPlaceTrap,-150
11,11,DP,sink,MinionRoster.TrySummon,-167
11,11,DP,source,AdventurerAI.TakeDamage,940
11,11,Material,source,AdventurerAI.TakeDamage,37
11,11,DP,sink,CommandSystem.TryUse,-2300
11,11,DP,source,AdventurerAI.ReapEmotion,89
11,11,Fame,source,AdventurerAI.GrantReturnReward,40
11,11,Fame,source,LureEconomy.OnHeroEscaped,100
11,11,DP,source,AdventurerAI.GrantReturnReward,947
11,11,DP,source,Nemesis.OnSlain,551
11,11,Material,source,Nemesis.OnSlain,5
11,11,DP,stock,end,236
11,11,Material,stock,end,338
11,11,Fame,stock,end,1178
11,12,DP,source,SurfaceMap.CollectYields,79
11,12,Material,source,SurfaceMap.CollectYields,3
11,12,Fame,source,SurfaceMap.CollectYields,17
11,12,DP,source,DistrictCatalog.Collect,98
11,12,DP,sink,MinionRoster.TryEvolveIndividual,-75
11,12,DP,sink,DungeonFeatureManager.TryPlaceTrap,-150
11,12,DP,sink,MinionRoster.TrySummon,-172
11,12,DP,source,AdventurerAI.TakeDamage,1125
11,12,Material,source,AdventurerAI.TakeDamage,27
11,12,DP,source,AdventurerAI.ReapEmotion,86
11,12,DP,sink,CommandSystem.TryUse,-2450
11,12,DP,source,AdventurerAI.GrantReturnReward,2462
11,12,Fame,source,AdventurerAI.GrantReturnReward,100
11,12,Fame,source,LureEconomy.OnHeroEscaped,250
11,12,DP,stock,end,1239
11,12,Material,stock,end,368
11,12,Fame,stock,end,1545
11,13,DP,source,SurfaceMap.CollectYields,60
11,13,Material,source,SurfaceMap.CollectYields,3
11,13,Fame,source,SurfaceMap.CollectYields,14
11,13,DP,source,DistrictCatalog.Collect,112
11,13,DP,sink,MinionRoster.TryForge,-190
11,13,DP,sink,MinionEvolution.TryEvolve,-550
11,13,DP,sink,MinionRoster.TryEvolveIndividual,-250
11,13,DP,sink,DungeonFeatureManager.TryPlaceTrap,-150
11,13,DP,sink,MinionRoster.TrySummon,-271
11,13,DP,source,AdventurerAI.TakeDamage,1495
11,13,Material,source,AdventurerAI.TakeDamage,36
11,13,DP,sink,CommandSystem.TryUse,-2300
11,13,Fame,source,AdventurerAI.GrantReturnReward,40
11,13,Fame,source,LureEconomy.OnHeroEscaped,100
11,13,DP,source,AdventurerAI.ReapEmotion,140
11,13,DP,source,AdventurerAI.GrantReturnReward,942
11,13,DP,source,Nemesis.OnSlain,567
11,13,Material,source,Nemesis.OnSlain,5
11,13,DP,stock,end,844
11,13,Material,stock,end,412
11,13,Fame,stock,end,1699
11,14,DP,source,SurfaceMap.CollectYields,81
11,14,Material,source,SurfaceMap.CollectYields,4
11,14,Fame,source,SurfaceMap.CollectYields,19
11,14,DP,source,DistrictCatalog.Collect,112
11,14,DP,sink,MinionRoster.TryForge,-665
11,14,DP,sink,DungeonFeatureManager.TryPlaceTrap,-150
11,14,DP,sink,MinionRoster.TrySummon,-204
11,14,DP,source,AdventurerAI.TakeDamage,1033
11,14,Material,source,AdventurerAI.TakeDamage,29
11,14,DP,sink,CommandSystem.TryUse,-1150
11,14,DP,source,AdventurerAI.ReapEmotion,109
11,14,Fame,source,AdventurerAI.GrantReturnReward,20
11,14,Fame,source,LureEconomy.OnHeroEscaped,50
11,14,DP,source,AdventurerAI.GrantReturnReward,704
11,14,DP,source,Nemesis.OnSlain,1181
11,14,Material,source,Nemesis.OnSlain,9
11,14,DP,stock,end,1895
11,14,Material,stock,end,454
11,14,Fame,stock,end,1788
11,15,DP,source,SurfaceMap.CollectYields,82
11,15,Material,source,SurfaceMap.CollectYields,4
11,15,Fame,source,SurfaceMap.CollectYields,18
11,15,DP,source,DistrictCatalog.Collect,112
11,15,DP,source,EraSystem.TickTurn,300
11,15,DP,sink,MinionRoster.TryForge,-190
11,15,DP,sink,DungeonFloorManager.TryExpandFloor,-1500
11,15,DP,sink,MinionRoster.TryEvolveIndividual,-325
11,15,DP,sink,DungeonFeatureManager.TryPlaceTrap,-150
11,15,DP,sink,MinionRoster.TrySummon,-216
11,15,DP,source,AdventurerAI.ReapEmotion,163
11,15,DP,source,AdventurerAI.GrantReturnReward,2322
11,15,Fame,source,AdventurerAI.GrantReturnReward,60
11,15,Fame,source,LureEconomy.OnHeroEscaped,150
11,15,DP,sink,CommandSystem.TryUse,-2300
11,15,DP,source,AdventurerAI.TakeDamage,2382
11,15,Material,source,AdventurerAI.TakeDamage,85
11,15,DP,source,Nemesis.OnSlain,2041
11,15,Material,source,Nemesis.OnSlain,16
11,15,DP,stock,end,4616
11,15,Material,stock,end,559
11,15,Fame,stock,end,2016
11,16,DP,source,SurfaceMap.CollectYields,82
11,16,Material,source,SurfaceMap.CollectYields,4
11,16,Fame,source,SurfaceMap.CollectYields,18
11,16,DP,source,DistrictCatalog.Collect,126
11,16,DP,sink,MinionRoster.TryForge,-1861
11,16,DP,sink,DungeonFloorManager.TryExpandFloor,-1500
11,16,DP,sink,MinionRoster.TryEvolveIndividual,-950
11,16,DP,sink,DungeonFeatureManager.TryPlaceTrap,-300
11,16,DP,sink,MinionRoster.TrySummon,-207
11,16,DP,source,AdventurerAI.ReapEmotion,224
11,16,DP,source,AdventurerAI.GrantReturnReward,2717
11,16,Fame,source,AdventurerAI.GrantReturnReward,140
11,16,Fame,source,LureEconomy.OnHeroEscaped,350
11,16,DP,sink,CommandSystem.TryUse,-1150
11,16,DP,source,AdventurerAI.TakeDamage,710
11,16,Material,source,AdventurerAI.TakeDamage,10
11,16,DP,source,Nemesis.OnSlain,616
11,16,Material,source,Nemesis.OnSlain,5
11,16,DP,stock,end,3123
11,16,Material,stock,end,578
11,16,Fame,stock,end,2524
12,1,DP,sink,DungeonFeatureManager.TryPlaceTrap,-150
12,1,DP,sink,MinionRoster.TrySummon,-46
12,1,DP,source,AdventurerAI.ReapEmotion,200
12,1,DP,source,AdventurerAI.TakeDamage,223
12,1,Material,source,AdventurerAI.TakeDamage,8
12,1,DP,source,AdventurerAI.GrantReturnReward,201
12,1,Fame,source,AdventurerAI.GrantReturnReward,10
12,1,Fame,source,LureEconomy.OnHeroEscaped,25
12,1,DP,sink,CommandSystem.TryUse,-300
12,1,DP,stock,end,328
12,1,Material,stock,end,8
12,1,Fame,stock,end,35
12,2,DP,source,SurfaceMap.CollectYields,18
12,2,Material,source,SurfaceMap.CollectYields,1
12,2,Fame,source,SurfaceMap.CollectYields,4
12,2,DP,source,EraSystem.TickTurn,600
12,2,Fame,source,EraSystem.TickTurn,25
12,2,DP,sink,MinionRoster.TryForge,-236
12,2,DP,sink,MinionEvolution.TryEvolve,-400
12,2,DP,sink,DungeonFeatureManager.TryPlaceTrap,-150
12,2,DP,sink,MinionRoster.TrySummon,-148
12,2,DP,source,AdventurerAI.ReapEmotion,223
12,2,Fame,source,AdventurerAI.GrantReturnReward,30
12,2,Fame,source,LureEconomy.OnHeroEscaped,75
12,2,DP,source,AdventurerAI.TakeDamage,137
12,2,Material,source,AdventurerAI.TakeDamage,10
12,2,DP,sink,CommandSystem.TryUse,-300
12,2,DP,source,AdventurerAI.GrantReturnReward,163
12,2,DP,stock,end,235
12,2,Material,stock,end,19
12,2,Fame,stock,end,169
12,3,DP,source,SurfaceMap.CollectYields,18
12,3,Material,source,SurfaceMap.CollectYields,1
12,3,Fame,source,SurfaceMap.CollectYields,4
12,3,DP,source,EraSystem.TickTurn,600
12,3,Material,source,EraSystem.TickTurn,10
12,3,Fame,source,EraSystem.TickTurn,25
12,3,DP,sink,MinionRoster.TryForge,-236
12,3,DP,sink,MinionEvolution.TryEvolve,-225
12,3,DP,sink,DungeonFeatureManager.TryPlaceTrap,-300
12,3,DP,sink,MinionRoster.TrySummon,-78
12,3,DP,source,AdventurerAI.ReapEmotion,232
12,3,Fame,source,AdventurerAI.GrantReturnReward,20
12,3,Fame,source,LureEconomy.OnHeroEscaped,50
12,3,DP,source,AdventurerAI.TakeDamage,239
12,3,Material,source,AdventurerAI.TakeDamage,19
12,3,DP,sink,CommandSystem.TryUse,-300
12,3,DP,source,AdventurerAI.GrantReturnReward,114
12,3,DP,stock,end,299
12,3,Material,stock,end,49
12,3,Fame,stock,end,268
12,4,DP,source,SurfaceMap.CollectYields,18
12,4,Material,source,SurfaceMap.CollectYields,1
12,4,Fame,source,SurfaceMap.CollectYields,4
12,4,DP,source,EraSystem.TickTurn,600
12,4,DP,sink,MinionRoster.TryForge,-236
12,4,DP,sink,MinionEvolution.TryEvolve,-325
12,4,DP,sink,DungeonFeatureManager.TryPlaceTrap,-300
12,4,DP,sink,MinionRoster.TrySummon,-39
12,4,DP,source,AdventurerAI.ReapEmotion,175
12,4,Fame,source,AdventurerAI.GrantReturnReward,30
12,4,Fame,source,LureEconomy.OnHeroEscaped,75
12,4,DP,source,AdventurerAI.GrantReturnReward,471
12,4,DP,sink,CommandSystem.TryUse,-1150
12,4,DP,source,AdventurerAI.TakeDamage,270
12,4,Material,source,AdventurerAI.TakeDamage,8
12,4,DP,source,Nemesis.OnSlain,454
12,4,Material,source,Nemesis.OnSlain,5
12,4,DP,stock,end,237
12,4,Material,stock,end,63
12,4,Fame,stock,end,377
12,5,DP,source,SurfaceMap.CollectYields,18
12,5,Material,source,SurfaceMap.CollectYields,1
12,5,Fame,source,SurfaceMap.CollectYields,4
12,5,DP,source,EraSystem.TickTurn,600
12,5,DP,sink,MinionRoster.TryForge,-318
12,5,DP,sink,MinionEvolution.TryEvolve,-200
12,5,DP,sink,DungeonFeatureManager.TryPlaceTrap,-150
12,5,DP,sink,MinionRoster.TrySummon,-168
12,5,DP,source,AdventurerAI.TakeDamage,554
12,5,Material,source,AdventurerAI.TakeDamage,12
12,5,DP,source,AdventurerAI.ReapEmotion,142
12,5,DP,sink,CommandSystem.TryUse,-650
12,5,DP,source,AdventurerAI.GrantReturnReward,240
12,5,Fame,source,AdventurerAI.GrantReturnReward,10
12,5,Fame,source,LureEconomy.OnHeroEscaped,25
12,5,DP,source,Nemesis.OnSlain,470
12,5,Material,source,Nemesis.OnSlain,5
12,5,DP,stock,end,775
12,5,Material,stock,end,81
12,5,Fame,stock,end,416
12,6,DP,source,SurfaceMap.CollectYields,39
12,6,Material,source,SurfaceMap.CollectYields,2
12,6,Fame,source,SurfaceMap.CollectYields,9
12,6,DP,source,EraSystem.TickTurn,600
12,6,Material,source,EraSystem.TickTurn,10
12,6,DP,source,WaveRoster.ResolveTrial,1200
12,6,DP,sink,MinionRoster.TryForge,-212
12,6,DP,sink,DungeonFloorManager.TryAddFloor,-800
12,6,DP,sink,DungeonFloorManager.TryExpandFloor,-800
12,6,DP,sink,MinionEvolution.TryEvolve,-450
12,6,DP,sink,DungeonFeatureManager.TryPlaceTrap,-300
12,6,DP,sink,MinionRoster.TrySummon,-46
12,6,DP,source,AdventurerAI.ReapEmotion,123
12,6,DP,source,AdventurerAI.TakeDamage,740
12,6,Material,source,AdventurerAI.TakeDamage,29
12,6,DP,source,AdventurerAI.GrantReturnReward,173
12,6,Fame,source,AdventurerAI.GrantReturnReward,10
12,6,Fame,source,LureEconomy.OnHeroEscaped,25
12,6,DP,sink,CommandSystem.TryUse,-1300
12,6,DP,source,Nemesis.OnSlain,972
12,6,Material,source,Nemesis.OnSlain,10
12,6,DP,stock,end,714
12,6,Material,stock,end,132
12,6,Fame,stock,end,460
12,7,DP,source,SurfaceMap.CollectYields,39
12,7,Material,source,SurfaceMap.CollectYields,2
12,7,Fame,source,SurfaceMap.CollectYields,9
12,7,DP,source,EraSystem.TickTurn,600
12,7,DP,sink,MinionRoster.TryForge,-212
12,7,DP,sink,DungeonFloorManager.TryExpandFloor,-800
12,7,DP,sink,DungeonFeatureManager.TryPlaceTrap,-150
12,7,DP,sink,MinionRoster.TrySummon,-185
12,7,DP,source,AdventurerAI.TakeDamage,789
12,7,Material,source,AdventurerAI.TakeDamage,63
12,7,DP,source,AdventurerAI.ReapEmotion,82
12,7,DP,sink,CommandSystem.TryUse,-1800
12,7,DP,source,AdventurerAI.GrantReturnReward,278
12,7,Fame,source,AdventurerAI.GrantReturnReward,10
12,7,Fame,source,LureEconomy.OnHeroEscaped,25
12,7,DP,source,Nemesis.OnSlain,1004
12,7,Material,source,Nemesis.OnSlain,10
12,7,DP,stock,end,359
12,7,Material,stock,end,207
12,7,Fame,stock,end,504
12,8,DP,source,SurfaceMap.CollectYields,39
12,8,Material,source,SurfaceMap.CollectYields,2
12,8,Fame,source,SurfaceMap.CollectYields,9
12,8,DP,source,EraSystem.TickTurn,1020
12,8,DP,sink,MinionRoster.TryForge,-212
12,8,DP,sink,DungeonFloorManager.TryExpandFloor,-800
12,8,DP,sink,DungeonFeatureManager.TryPlaceTrap,-150
12,8,DP,sink,MinionRoster.TrySummon,-247
12,8,DP,source,AdventurerAI.TakeDamage,620
12,8,Material,source,AdventurerAI.TakeDamage,28
12,8,DP,sink,CommandSystem.TryUse,-1450
12,8,DP,source,AdventurerAI.ReapEmotion,225
12,8,DP,source,AdventurerAI.GrantReturnReward,769
12,8,Fame,source,AdventurerAI.GrantReturnReward,30
12,8,Fame,source,LureEconomy.OnHeroEscaped,75
12,8,DP,source,Nemesis.OnSlain,502
12,8,Material,source,Nemesis.OnSlain,5
12,8,DP,stock,end,675
12,8,Material,stock,end,242
12,8,Fame,stock,end,618
12,9,DP,source,SurfaceMap.CollectYields,69
12,9,Material,source,SurfaceMap.CollectYields,3
12,9,Fame,source,SurfaceMap.CollectYields,17
12,9,DP,source,EraSystem.TickTurn,600
12,9,Fame,source,EraSystem.TickTurn,25
12,9,DP,sink,MinionRoster.TryForge,-190
12,9,DP,sink,MinionEvolution.TryEvolve,-500
12,9,DP,sink,MinionRoster.TryEvolveIndividual,-350
12,9,DP,sink,DungeonFeatureManager.TryPlaceTrap,-150
12,9,DP,sink,MinionRoster.TrySummon,-135
12,9,DP,source,AdventurerAI.TakeDamage,849
12,9,Material,source,AdventurerAI.TakeDamage,42
12,9,Fame,source,AdventurerAI.GrantReturnReward,30
12,9,Fame,source,LureEconomy.OnHeroEscaped,75
12,9,DP,source,AdventurerAI.ReapEmotion,243
12,9,DP,sink,CommandSystem.TryUse,-2300
12,9,DP,source,Nemesis.OnSlain,1036
12,9,Material,source,Nemesis.OnSlain,10
12,9,DP,source,AdventurerAI.GrantReturnReward,167
12,9,DP,stock,end,14
12,9,Material,stock,end,297
12,9,Fame,stock,end,765
12,10,DP,source,SurfaceMap.CollectYields,79
12,10,Material,source,SurfaceMap.CollectYields,3
12,10,Fame,source,SurfaceMap.CollectYields,17
12,10,DP,source,EraSystem.TickTurn,300
12,10,DP,sink,MinionRoster.TryEvolveIndividual,-75
12,10,DP,sink,DungeonFeatureManager.TryPlaceTrap,-150
12,10,DP,sink,MinionRoster.TrySummon,-148
12,10,DP,source,AdventurerAI.TakeDamage,1051
12,10,Material,source,AdventurerAI.TakeDamage,50
12,10,DP,sink,CommandSystem.TryUse,-2300
12,10,DP,source,AdventurerAI.ReapEmotion,289
12,10,DP,source,AdventurerAI.GrantReturnReward,362
12,10,Fame,source,AdventurerAI.GrantReturnReward,20
12,10,Fame,source,LureEconomy.OnHeroEscaped,50
12,10,DP,source,Nemesis.OnSlain,1290
12,10,Material,source,Nemesis.OnSlain,12
12,10,DP,stock,end,712
12,10,Material,stock,end,362
12,10,Fame,stock,end,852
12,11,DP,source,SurfaceMap.CollectYields,79
12,11,Material,source,SurfaceMap.CollectYields,3
12,11,Fame,source,SurfaceMap.CollectYields,17
12,11,DP,source,EraSystem.TickTurn,720
12,11,DP,sink,MinionRoster.TryForge,-190
12,11,DP,sink,MinionEvolution.TryEvolve,-550
12,11,DP,sink,MinionRoster.TryEvolveIndividual,-425
12,11,DP,sink,DungeonFeatureManager.TryPlaceTrap,-150
12,11,DP,sink,MinionRoster.TrySummon,-189
12,11,DP,source,AdventurerAI.TakeDamage,896
12,11,Material,source,AdventurerAI.TakeDamage,34
12,11,Fame,source,AdventurerAI.GrantReturnReward,30
12,11,Fame,source,LureEconomy.OnHeroEscaped,75
12,11,DP,source,AdventurerAI.ReapEmotion,201
12,11,DP,sink,CommandSystem.TryUse,-2300
12,11,DP,source,AdventurerAI.GrantReturnReward,896
12,11,DP,source,Nemesis.OnSlain,1102
12,11,Material,source,Nemesis.OnSlain,10
12,11,DP,stock,end,802
12,11,Material,stock,end,409
12,11,Fame,stock,end,974
12,12,DP,source,SurfaceMap.CollectYields,106
12,12,Material,source,SurfaceMap.CollectYields,4
12,12,Fame,source,SurfaceMap.CollectYields,22
12,12,DP,source,DistrictCatalog.Collect,98
12,12,DP,sink,MinionRoster.TryForge,-285
12,12,DP,sink,MinionRoster.TryEvolveIndividual,-325
12,12,DP,sink,DungeonFeatureManager.TryPlaceTrap,-150
12,12,DP,sink,MinionRoster.TrySummon,-236
12,12,DP,source,AdventurerAI.TakeDamage,1509
12,12,Material,source,AdventurerAI.TakeDamage,60
12,12,DP,sink,CommandSystem.TryUse,-2550
12,12,Fame,source,AdventurerAI.GrantReturnReward,30
12,12,Fame,source,LureEconomy.OnHeroEscaped,75
12,12,DP,source,AdventurerAI.ReapEmotion,148
12,12,DP,source,AdventurerAI.GrantReturnReward,1513
12,12,DP,source,Nemesis.OnSlain,1750
12,12,Material,source,Nemesis.OnSlain,15
12,12,DP,stock,end,2380
12,12,Material,stock,end,488
12,12,Fame,stock,end,1101
12,13,DP,source,SurfaceMap.CollectYields,83
12,13,Material,source,SurfaceMap.CollectYields,4
12,13,Fame,source,SurfaceMap.CollectYields,19
12,13,DP,source,DistrictCatalog.Collect,98
12,13,DP,source,EraSystem.TickTurn,300
12,13,DP,sink,MinionRoster.TryForge,-285
12,13,DP,sink,DungeonFloorManager.TryAddFloor,-2000
12,13,DP,sink,MinionRoster.TryEvolveIndividual,-200
12,13,DP,sink,DungeonFeatureManager.TryPlaceTrap,-150
12,13,DP,sink,MinionRoster.TrySummon,-216
12,13,DP,source,AdventurerAI.TakeDamage,672
12,13,Material,source,AdventurerAI.TakeDamage,24
12,13,Fame,source,AdventurerAI.GrantReturnReward,50
12,13,Fame,source,LureEconomy.OnHeroEscaped,125
12,13,DP,source,AdventurerAI.ReapEmotion,143
12,13,DP,sink,CommandSystem.TryUse,-1450
12,13,DP,source,AdventurerAI.GrantReturnReward,1053
12,13,DP,stock,end,428
12,13,Material,stock,end,516
12,13,Fame,stock,end,1295
12,14,DP,source,SurfaceMap.CollectYields,103
12,14,Material,source,SurfaceMap.CollectYields,5
12,14,Fame,source,SurfaceMap.CollectYields,23
12,14,DP,source,DistrictCatalog.Collect,98
12,14,DP,sink,MinionRoster.TryForge,-190
12,14,DP,sink,DungeonFeatureManager.TryPlaceTrap,-150
12,14,DP,sink,MinionRoster.TrySummon,-289
12,14,DP,source,AdventurerAI.TakeDamage,871
12,14,Material,source,AdventurerAI.TakeDamage,272
12,14,DP,sink,CommandSystem.TryUse,-3750
12,14,Fame,source,AdventurerAI.GrantReturnReward,60
12,14,Fame,source,LureEconomy.OnHeroEscaped,150
12,14,DP,source,AdventurerAI.ReapEmotion,87
12,14,DP,source,AdventurerAI.GrantReturnReward,2133
12,14,DP,source,Nemesis.OnSlain,1166
12,14,Material,source,Nemesis.OnSlain,10
12,14,DP,stock,end,507
12,14,Material,stock,end,803
12,14,Fame,stock,end,1528
12,15,DP,source,SurfaceMap.CollectYields,103
12,15,Material,source,SurfaceMap.CollectYields,5
12,15,Fame,source,SurfaceMap.CollectYields,23
12,15,DP,source,DistrictCatalog.Collect,98
12,15,DP,sink,MinionRoster.TryForge,-285
12,15,DP,sink,MinionRoster.TryEvolveIndividual,-75
12,15,DP,sink,DungeonFeatureManager.TryPlaceTrap,-150
12,15,DP,sink,MinionRoster.TrySummon,-172
12,15,DP,source,AdventurerAI.ReapEmotion,111
12,15,DP,source,AdventurerAI.TakeDamage,1820
12,15,Material,source,AdventurerAI.TakeDamage,87
12,15,DP,sink,CommandSystem.TryUse,-1300
12,15,DP,source,Nemesis.OnSlain,599
12,15,Material,source,Nemesis.OnSlain,5
12,15,DP,stock,end,1256
12,15,Material,stock,end,900
12,15,Fame,stock,end,1551
12,16,DP,source,SurfaceMap.CollectYields,103
12,16,Material,source,SurfaceMap.CollectYields,5
12,16,Fame,source,SurfaceMap.CollectYields,23
12,16,DP,source,DistrictCatalog.Collect,112
12,16,DP,source,EraSystem.TickTurn,300
12,16,DP,source,WaveRoster.ResolveTrial,1800
12,16,DP,sink,MinionRoster.TryForge,-950
12,16,DP,sink,DungeonFloorManager.TryExpandFloor,-1200
12,16,DP,sink,MinionRoster.TryEvolveIndividual,-875
12,16,DP,sink,DungeonFeatureManager.TryPlaceTrap,-300
12,16,DP,sink,MinionRoster.TrySummon,-243
12,16,DP,source,AdventurerAI.TakeDamage,881
12,16,Material,source,AdventurerAI.TakeDamage,35
12,16,DP,source,AdventurerAI.ReapEmotion,190
12,16,DP,sink,CommandSystem.TryUse,-1800
12,16,DP,source,AdventurerAI.GrantReturnReward,612
12,16,Fame,source,AdventurerAI.GrantReturnReward,70
12,16,Fame,source,LureEconomy.OnHeroEscaped,175
12,16,DP,source,Nemesis.OnSlain,1232
12,16,Material,source,Nemesis.OnSlain,10
12,16,DP,stock,end,1118
12,16,Material,stock,end,950
12,16,Fame,stock,end,1819
13,1,DP,sink,DungeonFeatureManager.TryPlaceTrap,-150
13,1,DP,sink,MinionRoster.TrySummon,-46
13,1,DP,source,AdventurerAI.ReapEmotion,200
13,1,DP,source,AdventurerAI.TakeDamage,168
13,1,Material,source,AdventurerAI.TakeDamage,6
13,1,DP,source,AdventurerAI.GrantReturnReward,401
13,1,Fame,source,AdventurerAI.GrantReturnReward,20
13,1,Fame,source,LureEconomy.OnHeroEscaped,50
13,1,DP,sink,CommandSystem.TryUse,-650
13,1,DP,stock,end,123
13,1,Material,stock,end,6
13,1,Fame,stock,end,70
13,2,DP,source,SurfaceMap.CollectYields,18
13,2,Material,source,SurfaceMap.CollectYields,1
13,2,Fame,source,SurfaceMap.CollectYields,4
13,2,DP,source,EraSystem.TickTurn,600
13,2,Fame,source,EraSystem.TickTurn,25
13,2,DP,sink,MinionRoster.TryForge,-236
13,2,DP,sink,MinionEvolution.TryEvolve,-150
13,2,DP,sink,DungeonFeatureManager.TryPlaceTrap,-300
13,2,DP,sink,MinionRoster.TrySummon,-54
13,2,DP,source,AdventurerAI.TakeDamage,275
13,2,Material,source,AdventurerAI.TakeDamage,8
13,2,DP,source,AdventurerAI.ReapEmotion,206
13,2,DP,sink,CommandSystem.TryUse,-300
13,2,Fame,source,AdventurerAI.GrantReturnReward,10
13,2,Fame,source,LureEconomy.OnHeroEscaped,25
13,2,DP,stock,end,182
13,2,Material,stock,end,15
13,2,Fame,stock,end,134
13,3,DP,source,SurfaceMap.CollectYields,18
13,3,Material,source,SurfaceMap.CollectYields,1
13,3,Fame,source,SurfaceMap.CollectYields,4
13,3,DP,source,EraSystem.TickTurn,600
13,3,Material,source,EraSystem.TickTurn,10
13,3,DP,sink,MinionRoster.TryForge,-236
13,3,DP,sink,MinionEvolution.TryEvolve,-250
13,3,DP,sink,DungeonFeatureManager.TryPlaceTrap,-150
13,3,DP,sink,MinionRoster.TrySummon,-156
13,3,DP,source,AdventurerAI.ReapEmotion,104
13,3,DP,source,AdventurerAI.TakeDamage,147
13,3,Material,source,AdventurerAI.TakeDamage,8
13,3,Fame,source,AdventurerAI.GrantReturnReward,30
13,3,Fame,source,LureEconomy.OnHeroEscaped,75
13,3,DP,source,AdventurerAI.GrantReturnReward,398
13,3,DP,sink,CommandSystem.TryUse,-650
13,3,DP,stock,end,7
13,3,Material,stock,end,34
13,3,Fame,stock,end,243
13,4,DP,source,SurfaceMap.CollectYields,18
13,4,Material,source,SurfaceMap.CollectYields,1
13,4,Fame,source,SurfaceMap.CollectYields,4
13,4,DP,source,EraSystem.TickTurn,600
13,4,Fame,source,EraSystem.TickTurn,25
13,4,DP,sink,MinionRoster.TryForge,-236
13,4,DP,sink,MinionRoster.TryEvolveIndividual,-75
13,4,DP,sink,DungeonFeatureManager.TryPlaceTrap,-150
13,4,DP,sink,MinionRoster.TrySummon,-161
13,4,DP,source,AdventurerAI.ReapEmotion,119
13,4,Fame,source,AdventurerAI.GrantReturnReward,40
13,4,Fame,source,LureEconomy.OnHeroEscaped,100
13,4,DP,source,AdventurerAI.TakeDamage,181
13,4,Material,source,AdventurerAI.TakeDamage,8
13,4,DP,source,AdventurerAI.GrantReturnReward,373
13,4,DP,sink,CommandSystem.TryUse,-650
13,4,DP,source,Nemesis.OnSlain,454
13,4,Material,source,Nemesis.OnSlain,5
13,4,DP,stock,end,480
13,4,Material,stock,end,48
13,4,Fame,stock,end,412
13,5,DP,source,SurfaceMap.CollectYields,18
13,5,Material,source,SurfaceMap.CollectYields,1
13,5,Fame,source,SurfaceMap.CollectYields,4
13,5,DP,source,EraSystem.TickTurn,600
13,5,DP,sink,MinionRoster.TryForge,-212
13,5,DP,sink,DungeonFloorManager.TryExpandFloor,-400
13,5,DP,sink,MinionRoster.TryEvolveIndividual,-175
13,5,DP,sink,DungeonFeatureManager.TryPlaceTrap,-150
13,5,DP,sink,MinionRoster.TrySummon,-151
13,5,DP,source,AdventurerAI.TakeDamage,927
13,5,Material,source,AdventurerAI.TakeDamage,44
13,5,DP,source,AdventurerAI.ReapEmotion,263
13,5,DP,sink,CommandSystem.TryUse,-2300
13,5,DP,source,AdventurerAI.GrantReturnReward,420
13,5,Fame,source,AdventurerAI.GrantReturnReward,10
13,5,Fame,source,LureEconomy.OnHeroEscaped,25
13,5,DP,source,Nemesis.OnSlain,940
13,5,Material,source,Nemesis.OnSlain,10
13,5,DP,stock,end,260
13,5,Material,stock,end,103
13,5,Fame,stock,end,451
13,6,DP,source,SurfaceMap.CollectYields,39
13,6,Material,source,SurfaceMap.CollectYields,2
13,6,Fame,source,SurfaceMap.CollectYields,9
13,6,DP,source,EraSystem.TickTurn,600
13,6,Material,source,EraSystem.TickTurn,10
13,6,DP,source,WaveRoster.ResolveTrial,1800
13,6,DP,sink,MinionRoster.TryForge,-212
13,6,DP,sink,DungeonFloorManager.TryAddFloor,-800
13,6,DP,sink,DungeonFloorManager.TryExpandFloor,-1200
13,6,DP,sink,MinionRoster.TryEvolveIndividual,-175
13,6,DP,sink,DungeonFeatureManager.TryPlaceTrap,-150
13,6,DP,sink,MinionRoster.TrySummon,-157
13,6,DP,source,AdventurerAI.ReapEmotion,129
13,6,DP,source,AdventurerAI.TakeDamage,546
13,6,Material,source,AdventurerAI.TakeDamage,20
13,6,DP,source,AdventurerAI.GrantReturnReward,121
13,6,Fame,source,AdventurerAI.GrantReturnReward,30
13,6,Fame,source,LureEconomy.OnHeroEscaped,75
13,6,DP,sink,CommandSystem.TryUse,-1300
13,6,DP,source,Nemesis.OnSlain,972
13,6,Material,source,Nemesis.OnSlain,10
13,6,DP,stock,end,473
13,6,Material,stock,end,145
13,6,Fame,stock,end,565
13,7,DP,source,SurfaceMap.CollectYields,39
13,7,Material,source,SurfaceMap.CollectYields,2
13,7,Fame,source,SurfaceMap.CollectYields,9
13,7,DP,source,EraSystem.TickTurn,600
13,7,DP,sink,MinionRoster.TryForge,-212
13,7,DP,sink,MinionEvolution.TryEvolve,-550
13,7,DP,sink,DungeonFeatureManager.TryPlaceTrap,-300
13,7,DP,sink,MinionRoster.TrySummon,-46
13,7,DP,source,AdventurerAI.ReapEmotion,114
13,7,DP,source,AdventurerAI.TakeDamage,584
13,7,Material,source,AdventurerAI.TakeDamage,20
13,7,DP,sink,CommandSystem.TryUse,-1150
13,7,DP,source,Nemesis.OnSlain,502
13,7,Material,source,Nemesis.OnSlain,5
13,7,DP,source,AdventurerAI.GrantReturnReward,704
13,7,Fame,source,AdventurerAI.GrantReturnReward,30
13,7,Fame,source,LureEconomy.OnHeroEscaped,75
13,7,DP,stock,end,758
13,7,Material,stock,end,172
13,7,Fame,stock,end,679
13,8,DP,source,SurfaceMap.CollectYields,39
13,8,Material,source,SurfaceMap.CollectYields,2
13,8,Fame,source,SurfaceMap.CollectYields,9
13,8,DP,source,EraSystem.TickTurn,1020
13,8,DP,sink,MinionRoster.TryForge,-212
13,8,DP,sink,DungeonFloorManager.TryExpandFloor,-800
13,8,DP,sink,MinionEvolution.TryEvolve,-400
13,8,DP,sink,MinionRoster.TryEvolveIndividual,-75
13,8,DP,sink,DungeonFeatureManager.TryPlaceTrap,-150
13,8,DP,sink,MinionRoster.TrySummon,-180
13,8,DP,source,AdventurerAI.TakeDamage,668
13,8,Material,source,AdventurerAI.TakeDamage,28
13,8,Fame,source,AdventurerAI.GrantReturnReward,40
13,8,Fame,source,LureEconomy.OnHeroEscaped,100
13,8,DP,source,AdventurerAI.ReapEmotion,218
13,8,DP,sink,CommandSystem.TryUse,-1150
13,8,DP,source,AdventurerAI.GrantReturnReward,736
13,8,DP,source,Nemesis.OnSlain,502
13,8,Material,source,Nemesis.OnSlain,5
13,8,DP,stock,end,974
13,8,Material,stock,end,207
13,8,Fame,stock,end,828
13,9,DP,source,SurfaceMap.CollectYields,45
13,9,Material,source,SurfaceMap.CollectYields,2
13,9,Fame,source,SurfaceMap.CollectYields,11
13,9,DP,source,EraSystem.TickTurn,600
13,9,Fame,source,EraSystem.TickTurn,25
13,9,DP,sink,MinionRoster.TryForge,-285
13,9,DP,sink,MinionEvolution.TryEvolve,-750
13,9,DP,sink,MinionRoster.TryEvolveIndividual,-200
13,9,DP,sink,DungeonFeatureManager.TryPlaceTrap,-150
13,9,DP,sink,MinionRoster.TrySummon,-225
13,9,DP,source,AdventurerAI.TakeDamage,547
13,9,Material,source,AdventurerAI.TakeDamage,18
13,9,DP,sink,CommandSystem.TryUse,-1150
13,9,DP,source,AdventurerAI.ReapEmotion,173
13,9,DP,source,AdventurerAI.GrantReturnReward,563
13,9,Fame,source,AdventurerAI.GrantReturnReward,60
13,9,Fame,source,LureEconomy.OnHeroEscaped,150
13,9,DP,stock,end,142
13,9,Material,stock,end,227
13,9,Fame,stock,end,1074
13,10,DP,source,SurfaceMap.CollectYields,52
13,10,Material,source,SurfaceMap.CollectYields,2
13,10,Fame,source,SurfaceMap.CollectYields,11
13,10,DP,source,EraSystem.TickTurn,300
13,10,DP,sink,MinionRoster.TryForge,-95
13,10,DP,sink,DungeonFeatureManager.TryPlaceTrap,-150
13,10,DP,sink,MinionRoster.TrySummon,-247
13,10,DP,source,AdventurerAI.ReapEmotion,93
13,10,DP,source,AdventurerAI.GrantReturnReward,1072
13,10,Fame,source,AdventurerAI.GrantReturnReward,30
13,10,Fame,source,LureEconomy.OnHeroEscaped,75
13,10,DP,sink,CommandSystem.TryUse,-2750
13,10,DP,source,AdventurerAI.TakeDamage,1387
13,10,Material,source,AdventurerAI.TakeDamage,40
13,10,DP,source,Nemesis.OnSlain,755
13,10,Material,source,Nemesis.OnSlain,7
13,10,DP,stock,end,559
13,10,Material,stock,end,276
13,10,Fame,stock,end,1190
13,11,DP,source,SurfaceMap.CollectYields,52
13,11,Material,source,SurfaceMap.CollectYields,2
13,11,Fame,source,SurfaceMap.CollectYields,11
13,11,DP,source,EraSystem.TickTurn,720
13,11,DP,source,WaveRoster.ResolveTrial,1800
13,11,DP,sink,MinionRoster.TryForge,-190
13,11,DP,sink,DungeonFloorManager.TryAddFloor,-2000
13,11,DP,sink,DungeonFloorManager.TryExpandFloor,-400
13,11,DP,sink,MinionRoster.TryEvolveIndividual,-200
13,11,DP,sink,DungeonFeatureManager.TryPlaceTrap,-150
13,11,DP,sink,MinionRoster.TrySummon,-184
13,11,DP,source,AdventurerAI.ReapEmotion,162
13,11,DP,source,AdventurerAI.TakeDamage,1126
13,11,Material,source,AdventurerAI.TakeDamage,33
13,11,DP,sink,CommandSystem.TryUse,-2600
13,11,DP,source,AdventurerAI.GrantReturnReward,1769
13,11,Fame,source,AdventurerAI.GrantReturnReward,60
13,11,Fame,source,LureEconomy.OnHeroEscaped,150
13,11,DP,source,Nemesis.OnSlain,1326
13,11,Material,source,Nemesis.OnSlain,12
13,11,DP,stock,end,1790
13,11,Material,stock,end,323
13,11,Fame,stock,end,1411
13,12,DP,source,SurfaceMap.CollectYields,79
13,12,Material,source,SurfaceMap.CollectYields,3
13,12,Fame,source,SurfaceMap.CollectYields,17
13,12,DP,source,DistrictCatalog.Collect,98
13,12,DP,sink,MinionRoster.TryForge,-190
13,12,DP,sink,DungeonFloorManager.TryExpandFloor,-800
13,12,DP,sink,MinionEvolution.TryEvolve,-550
13,12,DP,sink,MinionRoster.TryEvolveIndividual,-75
13,12,DP,sink,DungeonFeatureManager.TryPlaceTrap,-150
13,12,DP,sink,MinionRoster.TrySummon,-195
13,12,DP,source,AdventurerAI.ReapEmotion,175
13,12,DP,source,AdventurerAI.TakeDamage,1533
13,12,Material,source,AdventurerAI.TakeDamage,39
13,12,DP,sink,CommandSystem.TryUse,-5100
13,12,DP,source,AdventurerAI.GrantReturnReward,2758
13,12,Fame,source,AdventurerAI.GrantReturnReward,80
13,12,Fame,source,LureEconomy.OnHeroEscaped,200
13,12,DP,source,Nemesis.OnSlain,1134
13,12,Material,source,Nemesis.OnSlain,10
13,12,DP,stock,end,507
13,12,Material,stock,end,375
13,12,Fame,stock,end,1708
13,13,DP,source,SurfaceMap.CollectYields,62
13,13,Material,source,SurfaceMap.CollectYields,3
13,13,Fame,source,SurfaceMap.CollectYields,14
13,13,DP,source,DistrictCatalog.Collect,98
13,13,DP,sink,MinionRoster.TryForge,-285
13,13,DP,sink,DungeonFeatureManager.TryPlaceTrap,-150
13,13,DP,sink,MinionRoster.TrySummon,-230
13,13,DP,source,AdventurerAI.ReapEmotion,91
13,13,DP,source,AdventurerAI.TakeDamage,1203
13,13,Material,source,AdventurerAI.TakeDamage,28
13,13,DP,sink,CommandSystem.TryUse,-1800
13,13,Fame,source,AdventurerAI.GrantReturnReward,60
13,13,Fame,source,LureEconomy.OnHeroEscaped,150
13,13,DP,source,AdventurerAI.GrantReturnReward,757
13,13,DP,source,Nemesis.OnSlain,567
13,13,Material,source,Nemesis.OnSlain,5
13,13,DP,stock,end,820
13,13,Material,stock,end,411
13,13,Fame,stock,end,1932
13,14,DP,source,SurfaceMap.CollectYields,62
13,14,Material,source,SurfaceMap.CollectYields,3
13,14,Fame,source,SurfaceMap.CollectYields,14
13,14,DP,source,DistrictCatalog.Collect,98
13,14,DP,sink,MinionRoster.TryForge,-285
13,14,DP,sink,MinionRoster.TryEvolveIndividual,-325
13,14,DP,sink,DungeonFeatureManager.TryPlaceTrap,-150
13,14,DP,sink,MinionRoster.TrySummon,-210
13,14,DP,source,AdventurerAI.ReapEmotion,116
13,14,DP,source,AdventurerAI.TakeDamage,1314
13,14,Material,source,AdventurerAI.TakeDamage,65
13,14,Fame,source,AdventurerAI.GrantReturnReward,100
13,14,Fame,source,LureEconomy.OnHeroEscaped,250
13,14,DP,sink,CommandSystem.TryUse,-2300
13,14,DP,source,AdventurerAI.GrantReturnReward,2743
13,14,DP,source,Nemesis.OnSlain,1166
13,14,Material,source,Nemesis.OnSlain,10
13,14,DP,stock,end,3049
13,14,Material,stock,end,489
13,14,Fame,stock,end,2296
13,15,DP,source,SurfaceMap.CollectYields,83
13,15,Material,source,SurfaceMap.CollectYields,4
13,15,Fame,source,SurfaceMap.CollectYields,19
13,15,DP,source,DistrictCatalog.Collect,98
13,15,DP,source,EraSystem.TickTurn,300
13,15,DP,sink,MinionRoster.TryForge,-475
13,15,DP,sink,DungeonFloorManager.TryExpandFloor,-1500
13,15,DP,sink,MinionRoster.TryEvolveIndividual,-1200
13,15,DP,sink,DungeonFeatureManager.TryPlaceTrap,-150
13,15,DP,sink,MinionRoster.TrySummon,-199
13,15,DP,source,AdventurerAI.ReapEmotion,166
13,15,DP,source,AdventurerAI.GrantReturnReward,1156
13,15,Fame,source,AdventurerAI.GrantReturnReward,40
13,15,Fame,source,LureEconomy.OnHeroEscaped,100
13,15,DP,sink,CommandSystem.TryUse,-1800
13,15,DP,source,AdventurerAI.TakeDamage,4930
13,15,Material,source,AdventurerAI.TakeDamage,100
13,15,DP,source,Nemesis.OnSlain,2034
13,15,Material,source,Nemesis.OnSlain,17
13,15,DP,stock,end,6492
13,15,Material,stock,end,610
13,15,Fame,stock,end,2455
13,16,DP,source,SurfaceMap.CollectYields,104
13,16,Material,source,SurfaceMap.CollectYields,5
13,16,Fame,source,SurfaceMap.CollectYields,24
13,16,DP,source,DistrictCatalog.Collect,98
13,16,DP,sink,MinionRoster.TryForge,-190
13,16,DP,sink,DungeonFloorManager.TryAddFloor,-5000
13,16,DP,sink,DungeonFloorManager.TryExpandFloor,-1200
13,16,DP,sink,DungeonFeatureManager.TryPlaceTrap,-150
13,16,DP,sink,MinionRoster.TrySummon,-135
13,16,DP,source,AdventurerAI.ReapEmotion,217
13,16,DP,source,AdventurerAI.TakeDamage,1882
13,16,Material,source,AdventurerAI.TakeDamage,54
13,16,DP,sink,CommandSystem.TryUse,-4400
13,16,DP,source,AdventurerAI.GrantReturnReward,3102
13,16,Fame,source,AdventurerAI.GrantReturnReward,70
13,16,Fame,source,LureEconomy.OnHeroEscaped,175
13,16,DP,stock,end,820
13,16,Material,stock,end,669
13,16,Fame,stock,end,2724
14,1,DP,sink,DungeonFeatureManager.TryPlaceTrap,-150
14,1,DP,sink,MinionRoster.TrySummon,-46
14,1,DP,source,AdventurerAI.ReapEmotion,98
14,1,DP,source,AdventurerAI.TakeDamage,223
14,1,Material,source,AdventurerAI.TakeDamage,8
14,1,DP,source,AdventurerAI.GrantReturnReward,146
14,1,Fame,source,AdventurerAI.GrantReturnReward,10
14,1,Fame,source,LureEconomy.OnHeroEscaped,25
14,1,DP,sink,CommandSystem.TryUse,-300
14,1,DP,stock,end,171
14,1,Material,stock,end,8
14,1,Fame,stock,end,35
14,2,DP,source,SurfaceMap.CollectYields,18
14,2,Material,source,SurfaceMap.CollectYields,1
14,2,Fame,source,SurfaceMap.CollectYields,4
14,2,DP,source,EraSystem.TickTurn,600
14,2,Fame,source,EraSystem.TickTurn,25
14,2,DP,sink,MinionRoster.TryForge,-236
14,2,DP,sink,MinionEvolution.TryEvolve,-225
14,2,DP,sink,DungeonFeatureManager.TryPlaceTrap,-150
14,2,DP,sink,MinionRoster.TrySummon,-164
14,2,DP,source,AdventurerAI.ReapEmotion,54
14,2,Fame,source,AdventurerAI.GrantReturnReward,10
14,2,Fame,source,LureEconomy.OnHeroEscaped,25
14,2,DP,source,AdventurerAI.TakeDamage,262
14,2,Material,source,AdventurerAI.TakeDamage,8
14,2,DP,sink,CommandSystem.TryUse,-300
14,2,DP,stock,end,30
14,2,Material,stock,end,17
14,2,Fame,stock,end,99
14,3,DP,source,SurfaceMap.CollectYields,18
14,3,Material,source,SurfaceMap.CollectYields,1
14,3,Fame,source,SurfaceMap.CollectYields,4
14,3,DP,source,EraSystem.TickTurn,600
14,3,Material,source,EraSystem.TickTurn,10
14,3,Fame,source,EraSystem.TickTurn,25
14,3,DP,sink,MinionRoster.TryForge,-236
14,3,DP,sink,MinionRoster.TryEvolveIndividual,-75
14,3,DP,sink,DungeonFeatureManager.TryPlaceTrap,-150
14,3,DP,sink,MinionRoster.TrySummon,-181
14,3,DP,source,AdventurerAI.ReapEmotion,122
14,3,DP,source,AdventurerAI.GrantReturnReward,560
14,3,Fame,source,AdventurerAI.GrantReturnReward,30
14,3,Fame,source,LureEconomy.OnHeroEscaped,75
14,3,DP,source,AdventurerAI.TakeDamage,146
14,3,Material,source,AdventurerAI.TakeDamage,4
14,3,DP,sink,CommandSystem.TryUse,-650
14,3,DP,stock,end,184
14,3,Material,stock,end,32
14,3,Fame,stock,end,233
14,4,DP,source,SurfaceMap.CollectYields,18
14,4,Material,source,SurfaceMap.CollectYields,1
14,4,Fame,source,SurfaceMap.CollectYields,4
14,4,DP,source,EraSystem.TickTurn,600
14,4,DP,sink,MinionRoster.TryForge,-236
14,4,DP,sink,MinionEvolution.TryEvolve,-175
14,4,DP,sink,DungeonFeatureManager.TryPlaceTrap,-300
14,4,DP,sink,MinionRoster.TrySummon,-78
14,4,DP,source,AdventurerAI.ReapEmotion,117
14,4,Fame,source,AdventurerAI.GrantReturnReward,20
14,4,Fame,source,LureEconomy.OnHeroEscaped,50
14,4,DP,source,AdventurerAI.TakeDamage,337
14,4,Material,source,AdventurerAI.TakeDamage,8
14,4,DP,sink,CommandSystem.TryUse,-300
14,4,DP,source,AdventurerAI.GrantReturnReward,56
14,4,DP,stock,end,223
14,4,Material,stock,end,41
14,4,Fame,stock,end,307
14,5,DP,source,SurfaceMap.CollectYields,18
14,5,Material,source,SurfaceMap.CollectYields,1
14,5,Fame,source,SurfaceMap.CollectYields,4
14,5,DP,source,EraSystem.TickTurn,600
14,5,DP,sink,MinionRoster.TryForge,-212
14,5,DP,sink,MinionEvolution.TryEvolve,-225
14,5,DP,sink,DungeonFeatureManager.TryPlaceTrap,-300
14,5,DP,sink,MinionRoster.TrySummon,-87
14,5,DP,source,AdventurerAI.ReapEmotion,127
14,5,DP,source,AdventurerAI.TakeDamage,647
14,5,Material,source,AdventurerAI.TakeDamage,31
14,5,DP,sink,CommandSystem.TryUse,-950
14,5,DP,source,Nemesis.OnSlain,470
14,5,Material,source,Nemesis.OnSlain,5
14,5,DP,stock,end,311
14,5,Material,stock,end,78
14,5,Fame,stock,end,311
14,6,DP,source,SurfaceMap.CollectYields,38
14,6,Material,source,SurfaceMap.CollectYields,2
14,6,Fame,source,SurfaceMap.CollectYields,8
14,6,DP,source,EraSystem.TickTurn,600
14,6,Material,source,EraSystem.TickTurn,10
14,6,DP,source,WaveRoster.ResolveTrial,1200
14,6,DP,sink,MinionRoster.TryForge,-212
14,6,DP,sink,DungeonFloorManager.TryAddFloor,-800
14,6,DP,sink,DungeonFloorManager.TryExpandFloor,-800
14,6,DP,sink,DungeonFeatureManager.TryPlaceTrap,-150
14,6,DP,sink,MinionRoster.TrySummon,-180
14,6,DP,source,AdventurerAI.ReapEmotion,175
14,6,DP,source,AdventurerAI.GrantReturnReward,1757
14,6,Fame,source,AdventurerAI.GrantReturnReward,70
14,6,Fame,source,LureEconomy.OnHeroEscaped,175
14,6,DP,sink,CommandSystem.TryUse,-1800
14,6,DP,source,Nemesis.OnSlain,1180
14,6,Material,source,Nemesis.OnSlain,12
14,6,DP,source,AdventurerAI.TakeDamage,671
14,6,Material,source,AdventurerAI.TakeDamage,63
14,6,DP,stock,end,1990
14,6,Material,stock,end,165
14,6,Fame,stock,end,564
14,7,DP,source,SurfaceMap.CollectYields,38
14,7,Material,source,SurfaceMap.CollectYields,2
14,7,Fame,source,SurfaceMap.CollectYields,8
14,7,DP,source,EraSystem.TickTurn,600
14,7,DP,sink,MinionRoster.TryForge,-212
14,7,DP,sink,DungeonFloorManager.TryAddFloor,-2000
14,7,DP,sink,DungeonFeatureManager.TryPlaceTrap,-150
14,7,DP,sink,MinionRoster.TrySummon,-260
14,7,DP,source,AdventurerAI.ReapEmotion,189
14,7,DP,source,AdventurerAI.TakeDamage,468
14,7,Material,source,AdventurerAI.TakeDamage,37
14,7,DP,sink,CommandSystem.TryUse,-1150
14,7,Fame,source,AdventurerAI.GrantReturnReward,50
14,7,Fame,source,LureEconomy.OnHeroEscaped,125
14,7,DP,source,AdventurerAI.GrantReturnReward,1076
14,7,DP,source,Nemesis.OnSlain,502
14,7,Material,source,Nemesis.OnSlain,5
14,7,DP,stock,end,1091
14,7,Material,stock,end,209
14,7,Fame,stock,end,747
14,8,DP,source,SurfaceMap.CollectYields,38
14,8,Material,source,SurfaceMap.CollectYields,2
14,8,Fame,source,SurfaceMap.CollectYields,8
14,8,DP,source,EraSystem.TickTurn,1020
14,8,DP,sink,MinionRoster.TryForge,-212
14,8,DP,sink,DungeonFloorManager.TryExpandFloor,-1200
14,8,DP,sink,MinionEvolution.TryEvolve,-325
14,8,DP,sink,DungeonFeatureManager.TryPlaceTrap,-150
14,8,DP,sink,MinionRoster.TrySummon,-243
14,8,DP,source,AdventurerAI.ReapEmotion,135
14,8,DP,source,AdventurerAI.GrantReturnReward,3070
14,8,Fame,source,AdventurerAI.GrantReturnReward,80
14,8,Fame,source,LureEconomy.OnHeroEscaped,200
14,8,DP,sink,CommandSystem.TryUse,-3600
14,8,DP,source,Nemesis.OnSlain,1004
14,8,Material,source,Nemesis.OnSlain,10
14,8,DP,source,AdventurerAI.TakeDamage,318
14,8,Material,source,AdventurerAI.TakeDamage,16
14,8,DP,stock,end,946
14,8,Material,stock,end,237
14,8,Fame,stock,end,1035
14,9,DP,source,SurfaceMap.CollectYields,44
14,9,Material,source,SurfaceMap.CollectYields,2
14,9,Fame,source,SurfaceMap.CollectYields,10
14,9,DP,source,EraSystem.TickTurn,600
14,9,Fame,source,EraSystem.TickTurn,25
14,9,DP,sink,MinionRoster.TryForge,-190
14,9,DP,sink,DungeonFloorManager.TryExpandFloor,-800
14,9,DP,sink,MinionEvolution.TryEvolve,-200
14,9,DP,sink,MinionRoster.TryEvolveIndividual,-75
14,9,DP,sink,DungeonFeatureManager.TryPlaceTrap,-150
14,9,DP,sink,MinionRoster.TrySummon,-158
14,9,DP,source,IncidentSystem.Apply,600
14,9,DP,sink,CommandSystem.TryUse,-3250
14,9,DP,source,AdventurerAI.ReapEmotion,134
14,9,DP,source,AdventurerAI.TakeDamage,395
14,9,Material,source,AdventurerAI.TakeDamage,14
14,9,DP,source,AdventurerAI.GrantReturnReward,2682
14,9,Fame,source,AdventurerAI.GrantReturnReward,100
14,9,Fame,source,LureEconomy.OnHeroEscaped,250
14,9,DP,stock,end,578
14,9,Material,stock,end,253
14,9,Fame,stock,end,1420
14,10,DP,source,SurfaceMap.CollectYields,77
14,10,Material,source,SurfaceMap.CollectYields,3
14,10,Fame,source,SurfaceMap.CollectYields,15
14,10,DP,source,EraSystem.TickTurn,300
14,10,DP,sink,MinionRoster.TryForge,-190
14,10,DP,sink,MinionEvolution.TryEvolve,-450
14,10,DP,sink,DungeonFeatureManager.TryPlaceTrap,-150
14,10,DP,sink,MinionRoster.TrySummon,-144
14,10,DP,source,AdventurerAI.ReapEmotion,207
14,10,DP,source,AdventurerAI.GrantReturnReward,5271
14,10,Fame,source,AdventurerAI.GrantReturnReward,260
14,10,Fame,source,LureEconomy.OnHeroEscaped,650
14,10,DP,sink,CommandSystem.TryUse,-4900
14,10,DP,source,AdventurerAI.TakeDamage,185
14,10,Material,source,AdventurerAI.TakeDamage,6
14,10,DP,stock,end,784
14,10,Material,stock,end,262
14,10,Fame,stock,end,2345
14,11,DP,source,SurfaceMap.CollectYields,77
14,11,Material,source,SurfaceMap.CollectYields,3
14,11,Fame,source,SurfaceMap.CollectYields,15
14,11,DP,sink,MinionRoster.TryForge,-190
14,11,DP,sink,MinionEvolution.TryEvolve,-250
14,11,DP,sink,DungeonFeatureManager.TryPlaceTrap,-150
14,11,DP,sink,MinionRoster.TrySummon,-258
14,11,DP,source,AdventurerAI.ReapEmotion,179
14,11,DP,source,AdventurerAI.TakeDamage,780
14,11,Material,source,AdventurerAI.TakeDamage,62
14,11,DP,source,AdventurerAI.GrantReturnReward,4010
14,11,Fame,source,AdventurerAI.GrantReturnReward,130
14,11,Fame,source,LureEconomy.OnHeroEscaped,325
14,11,DP,sink,CommandSystem.TryUse,-4400
14,11,DP,source,Nemesis.OnSlain,551
14,11,Material,source,Nemesis.OnSlain,5
14,11,DP,stock,end,1133
14,11,Material,stock,end,332
14,11,Fame,stock,end,2815
14,12,DP,source,SurfaceMap.CollectYields,77
14,12,Material,source,SurfaceMap.CollectYields,3
14,12,Fame,source,SurfaceMap.CollectYields,15
14,12,DP,source,DistrictCatalog.Collect,98
14,12,DP,sink,MinionRoster.TryForge,-190
14,12,DP,sink,DungeonFloorManager.TryExpandFloor,-800
14,12,DP,sink,DungeonFeatureManager.TryPlaceTrap,-150
14,12,DP,sink,MinionRoster.TrySummon,-158
14,12,DP,source,AdventurerAI.ReapEmotion,251
14,12,DP,source,AdventurerAI.GrantReturnReward,3257
14,12,Fame,source,AdventurerAI.GrantReturnReward,110
14,12,Fame,source,LureEconomy.OnHeroEscaped,275
14,12,DP,sink,CommandSystem.TryUse,-4800
14,12,DP,source,AdventurerAI.TakeDamage,1762
14,12,Material,source,AdventurerAI.TakeDamage,137
14,12,DP,source,Nemesis.OnSlain,1701
14,12,Material,source,Nemesis.OnSlain,15
14,12,DP,stock,end,2181
14,12,Material,stock,end,487
14,12,Fame,stock,end,3215
14,13,DP,source,SurfaceMap.CollectYields,58
14,13,Material,source,SurfaceMap.CollectYields,3
14,13,Fame,source,SurfaceMap.CollectYields,12
14,13,DP,source,DistrictCatalog.Collect,112
14,13,DP,source,EraSystem.TickTurn,300
14,13,DP,sink,MinionRoster.TryForge,-190
14,13,DP,sink,MinionEvolution.TryEvolve,-800
14,13,DP,sink,MinionRoster.TryEvolveIndividual,-1350
14,13,DP,sink,DungeonFeatureManager.TryPlaceTrap,-150
14,13,DP,sink,MinionRoster.TrySummon,-154
14,13,DP,source,AdventurerAI.ReapEmotion,295
14,13,DP,source,AdventurerAI.TakeDamage,2691
14,13,Material,source,AdventurerAI.TakeDamage,82
14,13,DP,sink,CommandSystem.TryUse,-2300
14,13,DP,source,AdventurerAI.GrantReturnReward,2610
14,13,Fame,source,AdventurerAI.GrantReturnReward,70
14,13,Fame,source,LureEconomy.OnHeroEscaped,175
14,13,DP,stock,end,3303
14,13,Material,stock,end,572
14,13,Fame,stock,end,3472
14,14,DP,source,SurfaceMap.CollectYields,78
14,14,Material,source,SurfaceMap.CollectYields,4
14,14,Fame,source,SurfaceMap.CollectYields,16
14,14,DP,source,DistrictCatalog.Collect,112
14,14,DP,source,EraSystem.TickTurn,720
14,14,DP,sink,MinionRoster.TryForge,-190
14,14,DP,sink,DungeonFloorManager.TryExpandFloor,-3000
14,14,DP,sink,MinionRoster.TryEvolveIndividual,-625
14,14,DP,sink,DungeonFeatureManager.TryPlaceTrap,-150
14,14,DP,sink,MinionRoster.TrySummon,-236
14,14,DP,source,AdventurerAI.ReapEmotion,174
14,14,DP,source,AdventurerAI.TakeDamage,3923
14,14,Material,source,AdventurerAI.TakeDamage,97
14,14,DP,source,AdventurerAI.GrantReturnReward,3120
14,14,Fame,source,AdventurerAI.GrantReturnReward,110
14,14,Fame,source,LureEconomy.OnHeroEscaped,275
14,14,DP,sink,CommandSystem.TryUse,-2650
14,14,DP,source,Nemesis.OnSlain,1749
14,14,Material,source,Nemesis.OnSlain,15
14,14,DP,stock,end,6328
14,14,Material,stock,end,688
14,14,Fame,stock,end,3873
14,15,DP,source,SurfaceMap.CollectYields,78
14,15,Material,source,SurfaceMap.CollectYields,4
14,15,Fame,source,SurfaceMap.CollectYields,16
14,15,DP,source,DistrictCatalog.Collect,112
14,15,DP,sink,MinionRoster.TryForge,-190
14,15,DP,sink,DungeonFloorManager.TryAddFloor,-5000
14,15,DP,sink,DungeonFloorManager.TryExpandFloor,-400
14,15,DP,sink,MinionRoster.TryEvolveIndividual,-600
14,15,DP,sink,DungeonFeatureManager.TryPlaceTrap,-150
14,15,DP,sink,MinionRoster.TrySummon,-172
14,15,DP,source,AdventurerAI.ReapEmotion,333
14,15,DP,sink,CommandSystem.TryUse,-3850
14,15,DP,source,AdventurerAI.TakeDamage,6448
14,15,Material,source,AdventurerAI.TakeDamage,52
14,15,DP,source,AdventurerAI.GrantReturnReward,4152
14,15,Fame,source,AdventurerAI.GrantReturnReward,150
14,15,Fame,source,LureEconomy.OnHeroEscaped,375
14,15,DP,stock,end,7089
14,15,Material,stock,end,744
14,15,Fame,stock,end,4414
14,16,DP,source,SurfaceMap.CollectYields,78
14,16,Material,source,SurfaceMap.CollectYields,4
14,16,Fame,source,SurfaceMap.CollectYields,16
14,16,DP,source,DistrictCatalog.Collect,126
14,16,DP,sink,MinionRoster.TryForge,-4566
14,16,DP,sink,MinionRoster.TryEvolveIndividual,-2225
14,16,DP,sink,DungeonFeatureManager.TryPlaceTrap,-300
14,16,DP,sink,MinionRoster.TrySummon,-177
14,16,DP,source,AdventurerAI.ReapEmotion,126
14,16,DP,source,AdventurerAI.TakeDamage,3275
14,16,Material,source,AdventurerAI.TakeDamage,38
14,16,DP,sink,CommandSystem.TryUse,-5100
14,16,DP,source,AdventurerAI.GrantReturnReward,5458
14,16,Fame,source,AdventurerAI.GrantReturnReward,150
14,16,Fame,source,LureEconomy.OnHeroEscaped,375
14,16,DP,source,Nemesis.OnSlain,1848
14,16,Material,source,Nemesis.OnSlain,15
14,16,DP,stock,end,5632
14,16,Material,stock,end,801
14,16,Fame,stock,end,4955
15,1,DP,sink,DungeonFeatureManager.TryPlaceTrap,-150
15,1,DP,sink,MinionRoster.TrySummon,-46
15,1,DP,source,AdventurerAI.ReapEmotion,150
15,1,DP,source,AdventurerAI.TakeDamage,218
15,1,Material,source,AdventurerAI.TakeDamage,20
15,1,DP,sink,CommandSystem.TryUse,-300
15,1,DP,source,AdventurerAI.GrantReturnReward,251
15,1,Fame,source,AdventurerAI.GrantReturnReward,10
15,1,Fame,source,LureEconomy.OnHeroEscaped,25
15,1,DP,stock,end,323
15,1,Material,stock,end,20
15,1,Fame,stock,end,35
15,2,DP,source,SurfaceMap.CollectYields,18
15,2,Material,source,SurfaceMap.CollectYields,1
15,2,Fame,source,SurfaceMap.CollectYields,4
15,2,DP,source,EraSystem.TickTurn,600
15,2,Fame,source,EraSystem.TickTurn,25
15,2,DP,sink,MinionRoster.TryForge,-236
15,2,DP,sink,MinionEvolution.TryEvolve,-400
15,2,DP,sink,DungeonFeatureManager.TryPlaceTrap,-150
15,2,DP,sink,MinionRoster.TrySummon,-148
15,2,DP,source,AdventurerAI.ReapEmotion,108
15,2,DP,source,AdventurerAI.TakeDamage,261
15,2,Material,source,AdventurerAI.TakeDamage,16
15,2,DP,source,AdventurerAI.GrantReturnReward,54
15,2,Fame,source,AdventurerAI.GrantReturnReward,10
15,2,Fame,source,LureEconomy.OnHeroEscaped,25
15,2,DP,sink,CommandSystem.TryUse,-300
15,2,DP,stock,end,130
15,2,Material,stock,end,37
15,2,Fame,stock,end,99
15,3,DP,source,SurfaceMap.CollectYields,18
15,3,Material,source,SurfaceMap.CollectYields,1
15,3,Fame,source,SurfaceMap.CollectYields,4
15,3,DP,source,EraSystem.TickTurn,600
15,3,Material,source,EraSystem.TickTurn,20
15,3,DP,sink,MinionRoster.TryForge,-236
15,3,DP,sink,MinionEvolution.TryEvolve,-200
15,3,DP,sink,DungeonFeatureManager.TryPlaceTrap,-150
15,3,DP,sink,MinionRoster.TrySummon,-156
15,3,DP,source,AdventurerAI.ReapEmotion,112
15,3,DP,source,AdventurerAI.TakeDamage,247
15,3,Material,source,AdventurerAI.TakeDamage,10
15,3,DP,sink,CommandSystem.TryUse,-300
15,3,DP,source,AdventurerAI.GrantReturnReward,672
15,3,Fame,source,AdventurerAI.GrantReturnReward,20
15,3,Fame,source,LureEconomy.OnHeroEscaped,50
15,3,DP,stock,end,737
15,3,Material,stock,end,68
15,3,Fame,stock,end,173
15,4,DP,source,SurfaceMap.CollectYields,18
15,4,Material,source,SurfaceMap.CollectYields,1
15,4,Fame,source,SurfaceMap.CollectYields,4
15,4,DP,source,EraSystem.TickTurn,600
15,4,DP,sink,MinionRoster.TryForge,-236
15,4,DP,sink,DungeonFloorManager.TryAddFloor,-800
15,4,DP,sink,DungeonFeatureManager.TryPlaceTrap,-150
15,4,DP,sink,MinionRoster.TrySummon,-161
15,4,DP,source,AdventurerAI.ReapEmotion,114
15,4,DP,source,AdventurerAI.TakeDamage,291
15,4,Material,source,AdventurerAI.TakeDamage,8
15,4,DP,sink,CommandSystem.TryUse,-650
15,4,DP,source,AdventurerAI.GrantReturnReward,635
15,4,Fame,source,AdventurerAI.GrantReturnReward,30
15,4,Fame,source,LureEconomy.OnHeroEscaped,75
15,4,DP,stock,end,398
15,4,Material,stock,end,77
15,4,Fame,stock,end,282
15,5,DP,source,SurfaceMap.CollectYields,18
15,5,Material,source,SurfaceMap.CollectYields,1
15,5,Fame,source,SurfaceMap.CollectYields,4
15,5,DP,source,EraSystem.TickTurn,600
15,5,DP,sink,MinionRoster.TryForge,-212
15,5,DP,sink,DungeonFloorManager.TryExpandFloor,-400
15,5,DP,sink,DungeonFeatureManager.TryPlaceTrap,-300
15,5,DP,sink,MinionRoster.TrySummon,-84
15,5,DP,source,AdventurerAI.ReapEmotion,118
15,5,DP,source,AdventurerAI.GrantReturnReward,726
15,5,Fame,source,AdventurerAI.GrantReturnReward,20
15,5,Fame,source,LureEconomy.OnHeroEscaped,50
15,5,DP,sink,CommandSystem.TryUse,-1150
15,5,DP,source,AdventurerAI.TakeDamage,545
15,5,Material,source,AdventurerAI.TakeDamage,42
15,5,DP,source,Nemesis.OnSlain,470
15,5,Material,source,Nemesis.OnSlain,5
15,5,DP,stock,end,729
15,5,Material,stock,end,125
15,5,Fame,stock,end,356
15,6,DP,source,SurfaceMap.CollectYields,38
15,6,Material,source,SurfaceMap.CollectYields,2
15,6,Fame,source,SurfaceMap.CollectYields,8
15,6,DP,source,EraSystem.TickTurn,600
15,6,Fame,source,EraSystem.TickTurn,25
15,6,DP,source,WaveRoster.ResolveTrial,1200
15,6,DP,sink,MinionRoster.TryForge,-212
15,6,DP,sink,DungeonFloorManager.TryAddFloor,-2000
15,6,DP,sink,DungeonFeatureManager.TryPlaceTrap,-300
15,6,DP,sink,MinionRoster.TrySummon,-45
15,6,DP,source,AdventurerAI.ReapEmotion,267
15,6,DP,source,AdventurerAI.TakeDamage,537
15,6,Material,source,AdventurerAI.TakeDamage,60
15,6,DP,sink,CommandSystem.TryUse,-1150
15,6,DP,source,AdventurerAI.GrantReturnReward,1135
15,6,Fame,source,AdventurerAI.GrantReturnReward,40
15,6,Fame,source,LureEconomy.OnHeroEscaped,100
15,6,DP,source,Nemesis.OnSlain,1180
15,6,Material,source,Nemesis.OnSlain,12
15,6,DP,stock,end,1979
15,6,Material,stock,end,199
15,6,Fame,stock,end,529
15,7,DP,source,SurfaceMap.CollectYields,38
15,7,Material,source,SurfaceMap.CollectYields,2
15,7,Fame,source,SurfaceMap.CollectYields,8
15,7,DP,source,EraSystem.TickTurn,1020
15,7,DP,sink,MinionRoster.TryForge,-212
15,7,DP,sink,DungeonFloorManager.TryExpandFloor,-2400
15,7,DP,sink,DungeonFeatureManager.TryPlaceTrap,-150
15,7,DP,sink,MinionRoster.TrySummon,-261
15,7,DP,source,AdventurerAI.ReapEmotion,122
15,7,DP,source,AdventurerAI.TakeDamage,466
15,7,Material,source,AdventurerAI.TakeDamage,45
15,7,DP,source,AdventurerAI.GrantReturnReward,986
15,7,Fame,source,AdventurerAI.GrantReturnReward,40
15,7,Fame,source,LureEconomy.OnHeroEscaped,100
15,7,DP,sink,CommandSystem.TryUse,-1150
15,7,DP,source,Nemesis.OnSlain,502
15,7,Material,source,Nemesis.OnSlain,5
15,7,DP,stock,end,940
15,7,Material,stock,end,251
15,7,Fame,stock,end,677
15,8,DP,source,SurfaceMap.CollectYields,38
15,8,Material,source,SurfaceMap.CollectYields,2
15,8,Fame,source,SurfaceMap.CollectYields,8
15,8,DP,source,EraSystem.TickTurn,600
15,8,DP,sink,MinionRoster.TryForge,-212
15,8,DP,sink,DungeonFloorManager.TryExpandFloor,-800
15,8,DP,sink,MinionEvolution.TryEvolve,-225
15,8,DP,sink,DungeonFeatureManager.TryPlaceTrap,-150
15,8,DP,sink,MinionRoster.TrySummon,-191
15,8,DP,source,AdventurerAI.ReapEmotion,234
15,8,DP,source,AdventurerAI.TakeDamage,312
15,8,Material,source,AdventurerAI.TakeDamage,15
15,8,DP,sink,CommandSystem.TryUse,-1800
15,8,DP,source,AdventurerAI.GrantReturnReward,2180
15,8,Fame,source,AdventurerAI.GrantReturnReward,80
15,8,Fame,source,LureEconomy.OnHeroEscaped,200
15,8,DP,stock,end,926
15,8,Material,stock,end,268
15,8,Fame,stock,end,965
15,9,DP,source,SurfaceMap.CollectYields,44
15,9,Material,source,SurfaceMap.CollectYields,2
15,9,Fame,source,SurfaceMap.CollectYields,10
15,9,DP,source,EraSystem.TickTurn,300
15,9,Fame,source,EraSystem.TickTurn,25
15,9,DP,sink,MinionRoster.TryForge,-190
15,9,DP,sink,MinionEvolution.TryEvolve,-775
15,9,DP,sink,DungeonFeatureManager.TryPlaceTrap,-150
15,9,DP,sink,MinionRoster.TrySummon,-135
15,9,DP,source,AdventurerAI.ReapEmotion,291
15,9,DP,sink,CommandSystem.TryUse,-3900
15,9,DP,source,AdventurerAI.TakeDamage,990
15,9,Material,source,AdventurerAI.TakeDamage,56
15,9,DP,source,AdventurerAI.GrantReturnReward,2369
15,9,Fame,source,AdventurerAI.GrantReturnReward,70
15,9,Fame,source,LureEconomy.OnHeroEscaped,175
15,9,DP,source,Nemesis.OnSlain,1036
15,9,Material,source,Nemesis.OnSlain,10
15,9,DP,stock,end,806
15,9,Material,stock,end,336
15,9,Fame,stock,end,1245
15,10,DP,source,SurfaceMap.CollectYields,78
15,10,Material,source,SurfaceMap.CollectYields,3
15,10,Fame,source,SurfaceMap.CollectYields,16
15,10,DP,source,EraSystem.TickTurn,300
15,10,DP,sink,MinionRoster.TryForge,-190
15,10,DP,sink,MinionEvolution.TryEvolve,-500
15,10,DP,sink,MinionRoster.TryEvolveIndividual,-175
15,10,DP,sink,DungeonFeatureManager.TryPlaceTrap,-150
15,10,DP,sink,MinionRoster.TrySummon,-148
15,10,DP,source,AdventurerAI.ReapEmotion,418
15,10,DP,source,AdventurerAI.TakeDamage,832
15,10,Material,source,AdventurerAI.TakeDamage,26
15,10,DP,sink,CommandSystem.TryUse,-1800
15,10,DP,source,AdventurerAI.GrantReturnReward,1159
15,10,Fame,source,AdventurerAI.GrantReturnReward,40
15,10,Fame,source,LureEconomy.OnHeroEscaped,100
15,10,DP,source,Nemesis.OnSlain,535
15,10,Material,source,Nemesis.OnSlain,5
15,10,DP,stock,end,1165
15,10,Material,stock,end,370
15,10,Fame,stock,end,1401
15,11,DP,source,SurfaceMap.CollectYields,78
15,11,Material,source,SurfaceMap.CollectYields,3
15,11,Fame,source,SurfaceMap.CollectYields,16
15,11,DP,sink,MinionRoster.TryForge,-190
15,11,DP,sink,MinionEvolution.TryEvolve,-550
15,11,DP,sink,MinionRoster.TryEvolveIndividual,-175
15,11,DP,sink,DungeonFeatureManager.TryPlaceTrap,-150
15,11,DP,sink,MinionRoster.TrySummon,-162
15,11,DP,source,AdventurerAI.ReapEmotion,187
15,11,Fame,source,AdventurerAI.GrantReturnReward,100
15,11,Fame,source,LureEconomy.OnHeroEscaped,250
15,11,DP,source,AdventurerAI.GrantReturnReward,2848
15,11,DP,sink,CommandSystem.TryUse,-1450
15,11,DP,source,AdventurerAI.TakeDamage,741
15,11,Material,source,AdventurerAI.TakeDamage,22
15,11,DP,source,Nemesis.OnSlain,551
15,11,Material,source,Nemesis.OnSlain,5
15,11,DP,stock,end,2893
15,11,Material,stock,end,400
15,11,Fame,stock,end,1767
15,12,DP,source,SurfaceMap.CollectYields,51
15,12,Material,source,SurfaceMap.CollectYields,2
15,12,Fame,source,SurfaceMap.CollectYields,10
15,12,DP,source,DistrictCatalog.Collect,98
15,12,DP,source,EraSystem.TickTurn,600
15,12,DP,sink,MinionRoster.TryForge,-285
15,12,DP,sink,DungeonFloorManager.TryExpandFloor,-3000
15,12,DP,sink,DungeonFeatureManager.TryPlaceTrap,-150
15,12,DP,sink,MinionRoster.TrySummon,-204
15,12,DP,source,AdventurerAI.ReapEmotion,336
15,12,DP,source,AdventurerAI.TakeDamage,1416
15,12,Material,source,AdventurerAI.TakeDamage,49
15,12,DP,sink,CommandSystem.TryUse,-2950
15,12,DP,source,AdventurerAI.GrantReturnReward,1531
15,12,Fame,source,AdventurerAI.GrantReturnReward,60
15,12,Fame,source,LureEconomy.OnHeroEscaped,150
15,12,DP,source,Nemesis.OnSlain,567
15,12,Material,source,Nemesis.OnSlain,5
15,12,DP,stock,end,903
15,12,Material,stock,end,456
15,12,Fame,stock,end,1987
15,13,DP,source,SurfaceMap.CollectYields,38
15,13,Material,source,SurfaceMap.CollectYields,2
15,13,Fame,source,SurfaceMap.CollectYields,8
15,13,DP,source,DistrictCatalog.Collect,98
15,13,DP,source,EraSystem.TickTurn,720
15,13,DP,sink,MinionRoster.TryForge,-190
15,13,DP,sink,MinionRoster.TryEvolveIndividual,-1200
15,13,DP,sink,DungeonFeatureManager.TryPlaceTrap,-150
15,13,DP,sink,MinionRoster.TrySummon,-210
15,13,DP,source,AdventurerAI.TakeDamage,2438
15,13,Material,source,AdventurerAI.TakeDamage,55
15,13,DP,sink,CommandSystem.TryUse,-2950
15,13,DP,source,AdventurerAI.ReapEmotion,210
15,13,DP,source,AdventurerAI.GrantReturnReward,2483
15,13,Fame,source,AdventurerAI.GrantReturnReward,50
15,13,Fame,source,LureEconomy.OnHeroEscaped,125
15,13,DP,source,Nemesis.OnSlain,1134
15,13,Material,source,Nemesis.OnSlain,10
15,13,DP,stock,end,3324
15,13,Material,stock,end,523
15,13,Fame,stock,end,2170
15,14,DP,source,SurfaceMap.CollectYields,38
15,14,Material,source,SurfaceMap.CollectYields,2
15,14,Fame,source,SurfaceMap.CollectYields,8
15,14,DP,source,DistrictCatalog.Collect,112
15,14,DP,sink,MinionRoster.TryForge,-380
15,14,DP,sink,DungeonFloorManager.TryExpandFloor,-1500
15,14,DP,sink,MinionRoster.TryEvolveIndividual,-1175
15,14,DP,sink,DungeonFeatureManager.TryPlaceTrap,-150
15,14,DP,sink,MinionRoster.TrySummon,-255
15,14,DP,source,IncidentSystem.Apply,600
15,14,DP,sink,CommandSystem.TryUse,-2950
15,14,DP,source,AdventurerAI.ReapEmotion,124
15,14,DP,source,AdventurerAI.TakeDamage,2299
15,14,Material,source,AdventurerAI.TakeDamage,51
15,14,DP,source,AdventurerAI.GrantReturnReward,720
15,14,Fame,source,AdventurerAI.GrantReturnReward,30
15,14,Fame,source,LureEconomy.OnHeroEscaped,75
15,14,DP,source,Nemesis.OnSlain,583
15,14,Material,source,Nemesis.OnSlain,5
15,14,DP,stock,end,1390
15,14,Material,stock,end,581
15,14,Fame,stock,end,2283
15,15,DP,source,SurfaceMap.CollectYields,80
15,15,Material,source,SurfaceMap.CollectYields,4
15,15,Fame,source,SurfaceMap.CollectYields,18
15,15,DP,source,DistrictCatalog.Collect,112
15,15,DP,sink,MinionRoster.TryForge,-285
15,15,DP,sink,MinionRoster.TryEvolveIndividual,-875
15,15,DP,sink,DungeonFeatureManager.TryPlaceTrap,-150
15,15,DP,sink,MinionRoster.TrySummon,-270
15,15,DP,source,AdventurerAI.ReapEmotion,507
15,15,DP,source,AdventurerAI.TakeDamage,5323
15,15,Material,source,AdventurerAI.TakeDamage,94
15,15,DP,sink,CommandSystem.TryUse,-5950
15,15,DP,source,AdventurerAI.GrantReturnReward,2632
15,15,Fame,source,AdventurerAI.GrantReturnReward,80
15,15,Fame,source,LureEconomy.OnHeroEscaped,200
15,15,DP,source,Nemesis.OnSlain,1198
15,15,Material,source,Nemesis.OnSlain,10
15,15,DP,stock,end,3712
15,15,Material,stock,end,689
15,15,Fame,stock,end,2581
15,16,DP,source,SurfaceMap.CollectYields,82
15,16,Material,source,SurfaceMap.CollectYields,4
15,16,Fame,source,SurfaceMap.CollectYields,18
15,16,DP,source,DistrictCatalog.Collect,112
15,16,DP,sink,MinionRoster.TryForge,-3018
15,16,DP,sink,MinionRoster.TryEvolveIndividual,-325
15,16,DP,sink,DungeonFeatureManager.TryPlaceTrap,-300
15,16,DP,sink,MinionRoster.TrySummon,-250
15,16,DP,source,AdventurerAI.ReapEmotion,99
15,16,Fame,source,AdventurerAI.GrantReturnReward,70
15,16,Fame,source,LureEconomy.OnHeroEscaped,175
15,16,DP,source,AdventurerAI.TakeDamage,2753
15,16,Material,source,AdventurerAI.TakeDamage,42
15,16,DP,sink,CommandSystem.TryUse,-2450
15,16,DP,source,AdventurerAI.GrantReturnReward,1342
15,16,DP,source,Nemesis.OnSlain,616
15,16,Material,source,Nemesis.OnSlain,5
15,16,DP,stock,end,2373
15,16,Material,stock,end,740
15,16,Fame,stock,end,2844
16,1,DP,sink,DungeonFeatureManager.TryPlaceTrap,-150
16,1,DP,sink,MinionRoster.TrySummon,-46
16,1,DP,source,AdventurerAI.ReapEmotion,100
16,1,DP,source,AdventurerAI.TakeDamage,221
16,1,Material,source,AdventurerAI.TakeDamage,14
16,1,DP,source,AdventurerAI.GrantReturnReward,341
16,1,Fame,source,AdventurerAI.GrantReturnReward,10
16,1,Fame,source,LureEconomy.OnHeroEscaped,25
16,1,DP,sink,CommandSystem.TryUse,-650
16,1,DP,stock,end,16
16,1,Material,stock,end,14
16,1,Fame,stock,end,35
16,2,DP,source,SurfaceMap.CollectYields,18
16,2,Material,source,SurfaceMap.CollectYields,1
16,2,Fame,source,SurfaceMap.CollectYields,4
16,2,DP,source,EraSystem.TickTurn,600
16,2,Fame,source,EraSystem.TickTurn,25
16,2,DP,sink,MinionRoster.TryForge,-236
16,2,DP,sink,MinionEvolution.TryEvolve,-75
16,2,DP,sink,DungeonFeatureManager.TryPlaceTrap,-150
16,2,DP,sink,MinionRoster.TrySummon,-164
16,2,DP,source,AdventurerAI.ReapEmotion,111
16,2,DP,source,AdventurerAI.TakeDamage,197
16,2,Material,source,AdventurerAI.TakeDamage,10
16,2,DP,source,AdventurerAI.GrantReturnReward,614
16,2,Fame,source,AdventurerAI.GrantReturnReward,20
16,2,Fame,source,LureEconomy.OnHeroEscaped,50
16,2,DP,sink,CommandSystem.TryUse,-650
16,2,DP,stock,end,281
16,2,Material,stock,end,25
16,2,Fame,stock,end,134
16,3,DP,source,SurfaceMap.CollectYields,18
16,3,Material,source,SurfaceMap.CollectYields,1
16,3,Fame,source,SurfaceMap.CollectYields,4
16,3,DP,source,EraSystem.TickTurn,600
16,3,Material,source,EraSystem.TickTurn,10
16,3,Fame,source,EraSystem.TickTurn,25
16,3,DP,sink,MinionRoster.TryForge,-236
16,3,DP,sink,MinionEvolution.TryEvolve,-325
16,3,DP,sink,DungeonFeatureManager.TryPlaceTrap,-150
16,3,DP,sink,MinionRoster.TrySummon,-181
16,3,Fame,source,AdventurerAI.GrantReturnReward,20
16,3,Fame,source,LureEconomy.OnHeroEscaped,50
16,3,DP,source,AdventurerAI.ReapEmotion,121
16,3,DP,source,AdventurerAI.TakeDamage,239
16,3,Material,source,AdventurerAI.TakeDamage,8
16,3,DP,source,AdventurerAI.GrantReturnReward,111
16,3,DP,sink,CommandSystem.TryUse,-300
16,3,DP,stock,end,178
16,3,Material,stock,end,44
16,3,Fame,stock,end,233
16,4,DP,source,SurfaceMap.CollectYields,18
16,4,Material,source,SurfaceMap.CollectYields,1
16,4,Fame,source,SurfaceMap.CollectYields,4
16,4,DP,source,EraSystem.TickTurn,600
16,4,DP,sink,MinionRoster.TryForge,-236
16,4,DP,sink,MinionEvolution.TryEvolve,-225
16,4,DP,sink,DungeonFeatureManager.TryPlaceTrap,-150
16,4,DP,sink,MinionRoster.TrySummon,-176
16,4,DP,source,AdventurerAI.ReapEmotion,229
16,4,DP,source,AdventurerAI.TakeDamage,344
16,4,Material,source,AdventurerAI.TakeDamage,25
16,4,DP,sink,CommandSystem.TryUse,-650
16,4,DP,source,AdventurerAI.GrantReturnReward,549
16,4,Fame,source,AdventurerAI.GrantReturnReward,20
16,4,Fame,source,LureEconomy.OnHeroEscaped,50
16,4,DP,source,Nemesis.OnSlain,454
16,4,Material,source,Nemesis.OnSlain,5
16,4,DP,stock,end,935
16,4,Material,stock,end,75
16,4,Fame,stock,end,307
16,5,DP,source,SurfaceMap.CollectYields,18
16,5,Material,source,SurfaceMap.CollectYields,1
16,5,Fame,source,SurfaceMap.CollectYields,4
16,5,DP,source,EraSystem.TickTurn,600
16,5,DP,sink,MinionRoster.TryForge,-212
16,5,DP,sink,DungeonFloorManager.TryAddFloor,-800
16,5,DP,sink,MinionEvolution.TryEvolve,-200
16,5,DP,sink,DungeonFeatureManager.TryPlaceTrap,-150
16,5,DP,sink,MinionRoster.TrySummon,-190
16,5,DP,source,AdventurerAI.TakeDamage,583
16,5,Material,source,AdventurerAI.TakeDamage,33
16,5,DP,source,AdventurerAI.ReapEmotion,120
16,5,DP,sink,CommandSystem.TryUse,-650
16,5,DP,source,AdventurerAI.GrantReturnReward,359
16,5,Fame,source,AdventurerAI.GrantReturnReward,10
16,5,Fame,source,LureEconomy.OnHeroEscaped,25
16,5,DP,source,Nemesis.OnSlain,470
16,5,Material,source,Nemesis.OnSlain,5
16,5,DP,stock,end,883
16,5,Material,stock,end,114
16,5,Fame,stock,end,346
16,6,DP,source,SurfaceMap.CollectYields,39
16,6,Material,source,SurfaceMap.CollectYields,2
16,6,Fame,source,SurfaceMap.CollectYields,9
16,6,DP,source,EraSystem.TickTurn,600
16,6,DP,source,WaveRoster.ResolveTrial,1200
16,6,DP,sink,MinionRoster.TryForge,-212
16,6,DP,sink,DungeonFloorManager.TryAddFloor,-2000
16,6,DP,sink,MinionEvolution.TryEvolve,-200
16,6,DP,sink,DungeonFeatureManager.TryPlaceTrap,-150
16,6,DP,sink,MinionRoster.TrySummon,-158
16,6,DP,source,AdventurerAI.ReapEmotion,173
16,6,DP,source,AdventurerAI.TakeDamage,258
16,6,Material,source,AdventurerAI.TakeDamage,12
16,6,DP,source,AdventurerAI.GrantReturnReward,1386
16,6,Fame,source,AdventurerAI.GrantReturnReward,50
16,6,Fame,source,LureEconomy.OnHeroEscaped,125
16,6,DP,sink,CommandSystem.TryUse,-1800
16,6,DP,stock,end,19
16,6,Material,stock,end,128
16,6,Fame,stock,end,530
16,7,DP,source,SurfaceMap.CollectYields,39
16,7,Material,source,SurfaceMap.CollectYields,2
16,7,Fame,source,SurfaceMap.CollectYields,9
16,7,DP,source,EraSystem.TickTurn,1020
16,7,Material,source,EraSystem.TickTurn,10
16,7,DP,sink,MinionRoster.TryForge,-212
16,7,DP,sink,DungeonFloorManager.TryExpandFloor,-400
16,7,DP,sink,MinionRoster.TryEvolveIndividual,-150
16,7,DP,sink,DungeonFeatureManager.TryPlaceTrap,-150
16,7,DP,sink,MinionRoster.TrySummon,-162
16,7,DP,source,AdventurerAI.TakeDamage,284
16,7,Material,source,AdventurerAI.TakeDamage,6
16,7,DP,source,AdventurerAI.ReapEmotion,89
16,7,DP,sink,CommandSystem.TryUse,-1450
16,7,DP,source,AdventurerAI.GrantReturnReward,1105
16,7,Fame,source,AdventurerAI.GrantReturnReward,50
16,7,Fame,source,LureEconomy.OnHeroEscaped,125
16,7,DP,stock,end,32
16,7,Material,stock,end,146
16,7,Fame,stock,end,714
16,8,DP,source,SurfaceMap.CollectYields,39
16,8,Material,source,SurfaceMap.CollectYields,2
16,8,Fame,source,SurfaceMap.CollectYields,9
16,8,DP,source,EraSystem.TickTurn,600
16,8,DP,sink,MinionRoster.TryForge,-212
16,8,DP,sink,MinionRoster.TryEvolveIndividual,-150
16,8,DP,sink,DungeonFeatureManager.TryPlaceTrap,-150
16,8,DP,sink,MinionRoster.TrySummon,-143
16,8,DP,source,AdventurerAI.TakeDamage,412
16,8,Material,source,AdventurerAI.TakeDamage,12
16,8,DP,sink,CommandSystem.TryUse,-950
16,8,DP,source,AdventurerAI.ReapEmotion,128
16,8,DP,source,AdventurerAI.GrantReturnReward,570
16,8,Fame,source,AdventurerAI.GrantReturnReward,50
16,8,Fame,source,LureEconomy.OnHeroEscaped,125
16,8,DP,stock,end,176
16,8,Material,stock,end,160
16,8,Fame,stock,end,898
16,9,DP,source,SurfaceMap.CollectYields,68
16,9,Material,source,SurfaceMap.CollectYields,3
16,9,Fame,source,SurfaceMap.CollectYields,16
16,9,DP,source,EraSystem.TickTurn,600
16,9,Fame,source,EraSystem.TickTurn,25
16,9,DP,sink,MinionRoster.TryForge,-190
16,9,DP,sink,MinionEvolution.TryEvolve,-325
16,9,DP,sink,DungeonFeatureManager.TryPlaceTrap,-150
16,9,DP,sink,MinionRoster.TrySummon,-167
16,9,DP,source,IncidentSystem.Apply,600
16,9,DP,sink,CommandSystem.TryUse,-1800
16,9,DP,source,AdventurerAI.TakeDamage,756
16,9,Material,source,AdventurerAI.TakeDamage,18
16,9,Fame,source,AdventurerAI.GrantReturnReward,40
16,9,Fame,source,LureEconomy.OnHeroEscaped,100
16,9,DP,source,AdventurerAI.ReapEmotion,123
16,9,DP,source,AdventurerAI.GrantReturnReward,556
16,9,DP,stock,end,247
16,9,Material,stock,end,181
16,9,Fame,stock,end,1079
16,10,DP,source,SurfaceMap.CollectYields,78
16,10,Material,source,SurfaceMap.CollectYields,3
16,10,Fame,source,SurfaceMap.CollectYields,16
16,10,DP,sink,DungeonFeatureManager.TryPlaceTrap,-150
16,10,DP,sink,MinionRoster.TrySummon,-157
16,10,DP,source,AdventurerAI.TakeDamage,1458
16,10,Material,source,AdventurerAI.TakeDamage,30
16,10,DP,sink,CommandSystem.TryUse,-2450
16,10,DP,source,AdventurerAI.ReapEmotion,203
16,10,Fame,source,AdventurerAI.GrantReturnReward,40
16,10,Fame,source,LureEconomy.OnHeroEscaped,100
16,10,DP,source,AdventurerAI.GrantReturnReward,795
16,10,DP,stock,end,24
16,10,Material,stock,end,214
16,10,Fame,stock,end,1235
16,11,DP,source,SurfaceMap.CollectYields,78
16,11,Material,source,SurfaceMap.CollectYields,3
16,11,Fame,source,SurfaceMap.CollectYields,16
16,11,DP,source,EraSystem.TickTurn,300
16,11,DP,source,WaveRoster.ResolveTrial,2100
16,11,DP,sink,MinionRoster.TryForge,-190
16,11,DP,sink,DungeonFloorManager.TryExpandFloor,-1600
16,11,DP,sink,MinionEvolution.TryEvolve,-250
16,11,DP,sink,MinionRoster.TryEvolveIndividual,-150
16,11,DP,sink,DungeonFeatureManager.TryPlaceTrap,-150
16,11,DP,sink,MinionRoster.TrySummon,-154
16,11,DP,source,AdventurerAI.TakeDamage,867
16,11,Material,source,AdventurerAI.TakeDamage,137
16,11,Fame,source,AdventurerAI.GrantReturnReward,70
16,11,Fame,source,LureEconomy.OnHeroEscaped,175
16,11,DP,source,AdventurerAI.ReapEmotion,200
16,11,DP,sink,CommandSystem.TryUse,-1600
16,11,DP,source,AdventurerAI.GrantReturnReward,1037
16,11,DP,source,Nemesis.OnSlain,2264
16,11,Material,source,Nemesis.OnSlain,18
16,11,DP,stock,end,2776
16,11,Material,stock,end,372
16,11,Fame,stock,end,1496
16,12,DP,source,SurfaceMap.CollectYields,106
16,12,Material,source,SurfaceMap.CollectYields,4
16,12,Fame,source,SurfaceMap.CollectYields,22
16,12,DP,source,DistrictCatalog.Collect,112
16,12,DP,source,EraSystem.TickTurn,1020
16,12,DP,sink,MinionRoster.TryForge,-190
16,12,DP,sink,DungeonFloorManager.TryExpandFloor,-1600
16,12,DP,sink,MinionEvolution.TryEvolve,-1050
16,12,DP,sink,MinionRoster.TryEvolveIndividual,-825
16,12,DP,sink,DungeonFeatureManager.TryPlaceTrap,-150
16,12,DP,sink,MinionRoster.TrySummon,-195
16,12,DP,source,AdventurerAI.TakeDamage,314
16,12,Material,source,AdventurerAI.TakeDamage,6
16,12,DP,sink,CommandSystem.TryUse,-2250
16,12,Fame,source,AdventurerAI.GrantReturnReward,120
16,12,Fame,source,LureEconomy.OnHeroEscaped,300
16,12,DP,source,AdventurerAI.ReapEmotion,88
16,12,DP,source,AdventurerAI.GrantReturnReward,3126
16,12,DP,stock,end,1282
16,12,Material,stock,end,382
16,12,Fame,stock,end,1938
16,13,DP,source,SurfaceMap.CollectYields,82
16,13,Material,source,SurfaceMap.CollectYields,4
16,13,Fame,source,SurfaceMap.CollectYields,18
16,13,DP,source,DistrictCatalog.Collect,126
16,13,DP,sink,MinionRoster.TryForge,-190
16,13,DP,sink,MinionRoster.TryEvolveIndividual,-950
16,13,DP,sink,DungeonFeatureManager.TryPlaceTrap,-150
16,13,DP,sink,MinionRoster.TrySummon,-198
16,13,DP,source,AdventurerAI.TakeDamage,1145
16,13,Material,source,AdventurerAI.TakeDamage,24
16,13,DP,source,AdventurerAI.ReapEmotion,91
16,13,DP,sink,CommandSystem.TryUse,-2250
16,13,DP,source,AdventurerAI.GrantReturnReward,1118
16,13,Fame,source,AdventurerAI.GrantReturnReward,80
16,13,Fame,source,LureEconomy.OnHeroEscaped,200
16,13,DP,stock,end,106
16,13,Material,stock,end,410
16,13,Fame,stock,end,2236
16,14,DP,source,SurfaceMap.CollectYields,103
16,14,Material,source,SurfaceMap.CollectYields,5
16,14,Fame,source,SurfaceMap.CollectYields,23
16,14,DP,source,DistrictCatalog.Collect,126
16,14,DP,sink,DungeonFeatureManager.TryPlaceTrap,-150
16,14,DP,sink,MinionRoster.TrySummon,-177
16,14,DP,source,AdventurerAI.TakeDamage,1248
16,14,Material,source,AdventurerAI.TakeDamage,33
16,14,DP,sink,CommandSystem.TryUse,-2250
16,14,Fame,source,AdventurerAI.GrantReturnReward,120
16,14,Fame,source,LureEconomy.OnHeroEscaped,300
16,14,DP,source,AdventurerAI.ReapEmotion,91
16,14,DP,source,AdventurerAI.GrantReturnReward,1447
16,14,DP,source,Nemesis.OnSlain,583
16,14,Material,source,Nemesis.OnSlain,5
16,14,DP,stock,end,1127
16,14,Material,stock,end,453
16,14,Fame,stock,end,2679
16,15,DP,source,SurfaceMap.CollectYields,103
16,15,Material,source,SurfaceMap.CollectYields,5
16,15,Fame,source,SurfaceMap.CollectYields,23
16,15,DP,source,DistrictCatalog.Collect,126
16,15,DP,sink,MinionRoster.TryForge,-855
16,15,DP,sink,MinionRoster.TryEvolveIndividual,-75
16,15,DP,sink,DungeonFeatureManager.TryPlaceTrap,-150
16,15,DP,sink,MinionRoster.TrySummon,-270
16,15,DP,source,AdventurerAI.ReapEmotion,161
16,15,DP,source,AdventurerAI.TakeDamage,1427
16,15,Material,source,AdventurerAI.TakeDamage,17
16,15,DP,sink,CommandSystem.TryUse,-3700
16,15,DP,source,AdventurerAI.GrantReturnReward,3745
16,15,Fame,source,AdventurerAI.GrantReturnReward,140
16,15,Fame,source,LureEconomy.OnHeroEscaped,350
16,15,DP,stock,end,1639
16,15,Material,stock,end,475
16,15,Fame,stock,end,3192
16,16,DP,source,SurfaceMap.CollectYields,80
16,16,Material,source,SurfaceMap.CollectYields,4
16,16,Fame,source,SurfaceMap.CollectYields,18
16,16,DP,source,DistrictCatalog.Collect,140
16,16,DP,source,EraSystem.TickTurn,300
16,16,DP,sink,MinionRoster.TryForge,-285
16,16,DP,sink,DungeonFloorManager.TryExpandFloor,-1500
16,16,DP,sink,DungeonFeatureManager.TryPlaceTrap,-150
16,16,DP,sink,MinionRoster.TrySummon,-222
16,16,DP,source,AdventurerAI.TakeDamage,3497
16,16,Material,source,AdventurerAI.TakeDamage,39
16,16,DP,source,AdventurerAI.ReapEmotion,302
16,16,DP,sink,CommandSystem.TryUse,-3400
16,16,Fame,source,AdventurerAI.GrantReturnReward,80
16,16,Fame,source,LureEconomy.OnHeroEscaped,200
16,16,DP,source,AdventurerAI.GrantReturnReward,1241
16,16,DP,stock,end,1642
16,16,Material,stock,end,518
16,16,Fame,stock,end,3490
