run,turn,resource,kind,key,amount
1,1,DP,sink,DungeonFeatureManager.TryPlaceTrap,-150
1,1,DP,source,AdventurerAI.ReapEmotion,200
1,1,DP,source,AdventurerAI.TakeDamage,107
1,1,Material,source,AdventurerAI.TakeDamage,4
1,1,DP,sink,CommandSystem.TryUse,-650
1,1,DP,source,AdventurerAI.GrantReturnReward,752
1,1,Fame,source,AdventurerAI.GrantReturnReward,30
1,1,Fame,source,LureEconomy.OnHeroEscaped,75
1,1,DP,stock,end,459
1,1,Material,stock,end,4
1,1,Fame,stock,end,105
1,2,DP,source,SurfaceMap.CollectYields,18
1,2,Material,source,SurfaceMap.CollectYields,1
1,2,Fame,source,SurfaceMap.CollectYields,4
1,2,DP,source,EraSystem.TickTurn,600
1,2,Fame,source,EraSystem.TickTurn,25
1,2,DP,sink,MinionRoster.TryForge,-236
1,2,DP,sink,MinionEvolution.TryEvolve,-400
1,2,DP,sink,DungeonFeatureManager.TryPlaceTrap,-300
1,2,DP,sink,MinionRoster.TrySummon,-136
1,2,DP,source,AdventurerAI.ReapEmotion,114
1,2,DP,source,AdventurerAI.TakeDamage,145
1,2,Material,source,AdventurerAI.TakeDamage,10
1,2,DP,source,AdventurerAI.GrantReturnReward,634
1,2,Fame,source,AdventurerAI.GrantReturnReward,30
1,2,Fame,source,LureEconomy.OnHeroEscaped,75
1,2,DP,sink,CommandSystem.TryUse,-650
1,2,DP,stock,end,248
1,2,Material,stock,end,15
1,2,Fame,stock,end,239
1,3,DP,source,SurfaceMap.CollectYields,18
1,3,Material,source,SurfaceMap.CollectYields,1
1,3,Fame,source,SurfaceMap.CollectYields,4
1,3,DP,source,EraSystem.TickTurn,600
1,3,Material,source,EraSystem.TickTurn,10
1,3,DP,sink,MinionRoster.TryForge,-236
1,3,DP,sink,MinionEvolution.TryEvolve,-225
1,3,DP,sink,DungeonFeatureManager.TryPlaceTrap,-300
1,3,DP,sink,MinionRoster.TrySummon,-98
1,3,DP,source,AdventurerAI.ReapEmotion,107
1,3,DP,source,AdventurerAI.TakeDamage,406
1,3,Material,source,AdventurerAI.TakeDamage,29
1,3,DP,sink,CommandSystem.TryUse,-650
1,3,DP,source,Nemesis.OnSlain,437
1,3,Material,source,Nemesis.OnSlain,5
1,3,DP,stock,end,307
1,3,Material,stock,end,60
1,3,Fame,stock,end,243
1,4,DP,source,SurfaceMap.CollectYields,18
1,4,Material,source,SurfaceMap.CollectYields,1
1,4,Fame,source,SurfaceMap.CollectYields,4
1,4,DP,source,EraSystem.TickTurn,600
1,4,DP,sink,MinionRoster.TryForge,-236
1,4,DP,sink,MinionEvolution.TryEvolve,-325
1,4,DP,sink,DungeonFeatureManager.TryPlaceTrap,-300
1,4,DP,sink,MinionRoster.TrySummon,-60
1,4,DP,source,AdventurerAI.TakeDamage,407
1,4,Material,source,AdventurerAI.TakeDamage,21
1,4,DP,source,AdventurerAI.ReapEmotion,222
1,4,DP,sink,CommandSystem.TryUse,-650
1,4,DP,source,AdventurerAI.GrantReturnReward,116
1,4,Fame,source,AdventurerAI.GrantReturnReward,10
1,4,Fame,source,LureEconomy.OnHeroEscaped,25
1,4,DP,source,Nemesis.OnSlain,454
1,4,Material,source,Nemesis.OnSlain,5
1,4,DP,stock,end,553
1,4,Material,stock,end,87
1,4,Fame,stock,end,282
1,5,DP,source,SurfaceMap.CollectYields,18
1,5,Material,source,SurfaceMap.CollectYields,1
1,5,Fame,source,SurfaceMap.CollectYields,4
1,5,DP,source,EraSystem.TickTurn,600
1,5,DP,sink,MinionRoster.TryForge,-212
1,5,DP,sink,DungeonFloorManager.TryExpandFloor,-400
1,5,DP,sink,MinionEvolution.TryEvolve,-200
1,5,DP,sink,DungeonFeatureManager.TryPlaceTrap,-300
1,5,DP,sink,MinionRoster.TrySummon,-42
1,5,DP,source,AdventurerAI.TakeDamage,492
1,5,Material,source,AdventurerAI.TakeDamage,12
1,5,Fame,source,AdventurerAI.GrantReturnReward,10
1,5,Fame,source,LureEconomy.OnHeroEscaped,25
1,5,DP,sink,CommandSystem.TryUse,-650
1,5,DP,source,Nemesis.OnSlain,470
1,5,Material,source,Nemesis.OnSlain,5
1,5,DP,stock,end,329
1,5,Material,stock,end,105
1,5,Fame,stock,end,321
1,6,DP,source,SurfaceMap.CollectYields,38
1,6,Material,source,SurfaceMap.CollectYields,2
1,6,Fame,source,SurfaceMap.CollectYields,8
1,6,DP,source,EraSystem.TickTurn,600
1,6,Material,source,EraSystem.TickTurn,10
1,6,Fame,source,EraSystem.TickTurn,25
1,6,DP,sink,MinionRoster.TryForge,-212
1,6,DP,sink,MinionEvolution.TryEvolve,-450
1,6,DP,sink,DungeonFeatureManager.TryPlaceTrap,-150
1,6,DP,sink,MinionRoster.TrySummon,-135
1,6,DP,source,AdventurerAI.TakeDamage,419
1,6,Material,source,AdventurerAI.TakeDamage,10
1,6,Fame,source,AdventurerAI.GrantReturnReward,30
1,6,Fame,source,LureEconomy.OnHeroEscaped,75
1,6,DP,sink,CommandSystem.TryUse,-300
1,6,DP,stock,end,139
1,6,Material,stock,end,127
1,6,Fame,stock,end,459
1,7,DP,source,SurfaceMap.CollectYields,38
1,7,Material,source,SurfaceMap.CollectYields,2
1,7,Fame,source,SurfaceMap.CollectYields,8
1,7,DP,source,EraSystem.TickTurn,1020
1,7,DP,sink,MinionRoster.TryForge,-212
1,7,DP,sink,MinionEvolution.TryEvolve,-500
1,7,DP,sink,MinionRoster.TryEvolveIndividual,-175
1,7,DP,sink,DungeonFeatureManager.TryPlaceTrap,-150
1,7,DP,sink,MinionRoster.TrySummon,-139
1,7,DP,source,AdventurerAI.TakeDamage,661
1,7,Material,source,AdventurerAI.TakeDamage,18
1,7,Fame,source,AdventurerAI.GrantReturnReward,10
1,7,Fame,source,LureEconomy.OnHeroEscaped,25
1,7,DP,sink,CommandSystem.TryUse,-950
1,7,DP,source,Nemesis.OnSlain,1004
1,7,Material,source,Nemesis.OnSlain,10
1,7,DP,stock,end,736
1,7,Material,stock,end,157
1,7,Fame,stock,end,502
1,8,DP,source,SurfaceMap.CollectYields,38
1,8,Material,source,SurfaceMap.CollectYields,2
1,8,Fame,source,SurfaceMap.CollectYields,8
1,8,DP,source,EraSystem.TickTurn,600
1,8,DP,sink,MinionRoster.TryForge,-212
1,8,DP,sink,DungeonFloorManager.TryAddFloor,-800
1,8,DP,sink,DungeonFeatureManager.TryPlaceTrap,-150
1,8,DP,sink,MinionRoster.TrySummon,-202
1,8,DP,source,AdventurerAI.TakeDamage,814
1,8,Material,source,AdventurerAI.TakeDamage,62
1,8,DP,sink,CommandSystem.TryUse,-950
1,8,DP,source,AdventurerAI.ReapEmotion,65
1,8,DP,source,Nemesis.OnSlain,1468
1,8,Material,source,Nemesis.OnSlain,14
1,8,DP,stock,end,1407
1,8,Material,stock,end,235
1,8,Fame,stock,end,510
1,9,DP,source,SurfaceMap.CollectYields,44
1,9,Material,source,SurfaceMap.CollectYields,2
1,9,Fame,source,SurfaceMap.CollectYields,10
1,9,DP,source,EraSystem.TickTurn,600
1,9,Fame,source,EraSystem.TickTurn,25
1,9,DP,sink,MinionRoster.TryForge,-190
1,9,DP,sink,DungeonFloorManager.TryExpandFloor,-1200
1,9,DP,sink,MinionRoster.TryEvolveIndividual,-325
1,9,DP,sink,DungeonFeatureManager.TryPlaceTrap,-150
1,9,DP,sink,MinionRoster.TrySummon,-180
1,9,DP,source,IncidentSystem.Apply,600
1,9,DP,sink,CommandSystem.TryUse,-1800
1,9,DP,source,AdventurerAI.ReapEmotion,214
1,9,DP,source,AdventurerAI.TakeDamage,787
1,9,Material,source,AdventurerAI.TakeDamage,33
1,9,DP,source,Nemesis.OnSlain,1036
1,9,Material,source,Nemesis.OnSlain,10
1,9,DP,stock,end,843
1,9,Material,stock,end,280
1,9,Fame,stock,end,545
1,10,DP,source,SurfaceMap.CollectYields,78
1,10,Material,source,SurfaceMap.CollectYields,3
1,10,Fame,source,SurfaceMap.CollectYields,16
1,10,DP,source,EraSystem.TickTurn,720
1,10,DP,sink,MinionRoster.TryForge,-285
1,10,DP,sink,DungeonFloorManager.TryExpandFloor,-800
1,10,DP,sink,MinionRoster.TryEvolveIndividual,-175
1,10,DP,sink,DungeonFeatureManager.TryPlaceTrap,-150
1,10,DP,sink,MinionRoster.TrySummon,-222
1,10,DP,source,AdventurerAI.ReapEmotion,290
1,10,DP,source,AdventurerAI.GrantReturnReward,631
1,10,Fame,source,AdventurerAI.GrantReturnReward,80
1,10,Fame,source,LureEconomy.OnHeroEscaped,200
1,10,DP,sink,CommandSystem.TryUse,-650
1,10,DP,stock,end,280
1,10,Material,stock,end,283
1,10,Fame,stock,end,841
1,11,DP,source,SurfaceMap.CollectYields,78
1,11,Material,source,SurfaceMap.CollectYields,3
1,11,Fame,source,SurfaceMap.CollectYields,16
1,11,DP,sink,DungeonFeatureManager.TryPlaceTrap,-150
1,11,DP,sink,MinionRoster.TrySummon,-204
1,11,DP,source,AdventurerAI.ReapEmotion,227
1,11,DP,source,AdventurerAI.TakeDamage,1150
1,11,Material,source,AdventurerAI.TakeDamage,78
1,11,DP,sink,CommandSystem.TryUse,-1300
1,11,DP,source,AdventurerAI.GrantReturnReward,598
1,11,Fame,source,AdventurerAI.GrantReturnReward,10
1,11,Fame,source,LureEconomy.OnHeroEscaped,25
1,11,DP,stock,end,679
1,11,Material,stock,end,364
1,11,Fame,stock,end,892
1,12,DP,source,SurfaceMap.CollectYields,78
1,12,Material,source,SurfaceMap.CollectYields,3
1,12,Fame,source,SurfaceMap.CollectYields,16
1,12,DP,source,DistrictCatalog.Collect,140
1,12,DP,source,EraSystem.TickTurn,300
1,12,DP,sink,MinionRoster.TryForge,-285
1,12,DP,sink,MinionEvolution.TryEvolve,-550
1,12,DP,sink,DungeonFeatureManager.TryPlaceTrap,-150
1,12,DP,sink,MinionRoster.TrySummon,-210
1,12,DP,source,AdventurerAI.ReapEmotion,237
1,12,DP,source,AdventurerAI.TakeDamage,1418
1,12,Material,source,AdventurerAI.TakeDamage,56
1,12,DP,sink,CommandSystem.TryUse,-650
1,12,DP,source,AdventurerAI.GrantReturnReward,237
1,12,Fame,source,AdventurerAI.GrantReturnReward,10
1,12,Fame,source,LureEconomy.OnHeroEscaped,25
1,12,DP,source,Nemesis.OnSlain,1134
1,12,Material,source,Nemesis.OnSlain,10
1,12,DP,stock,end,2378
1,12,Material,stock,end,433
1,12,Fame,stock,end,943
1,13,DP,source,SurfaceMap.CollectYields,80
1,13,Material,source,SurfaceMap.CollectYields,4
1,13,Fame,source,SurfaceMap.CollectYields,18
1,13,DP,source,DistrictCatalog.Collect,140
1,13,DP,source,EraSystem.TickTurn,300
1,13,DP,sink,MinionRoster.TryForge,-190
1,13,DP,sink,DungeonFloorManager.TryAddFloor,-2000
1,13,DP,sink,DungeonFloorManager.TryExpandFloor,-400
1,13,DP,sink,DungeonFeatureManager.TryPlaceTrap,-150
1,13,DP,sink,MinionRoster.TrySummon,-154
1,13,DP,source,AdventurerAI.ReapEmotion,228
1,13,DP,source,AdventurerAI.TakeDamage,2344
1,13,Material,source,AdventurerAI.TakeDamage,90
1,13,DP,sink,CommandSystem.TryUse,-1800
1,13,DP,source,AdventurerAI.GrantReturnReward,1031
1,13,Fame,source,AdventurerAI.GrantReturnReward,50
1,13,Fame,source,LureEconomy.OnHeroEscaped,125
1,13,DP,source,Nemesis.OnSlain,1701
1,13,Material,source,Nemesis.OnSlain,15
1,13,DP,stock,end,3508
1,13,Material,stock,end,542
1,13,Fame,stock,end,1136
1,14,DP,source,SurfaceMap.CollectYields,80
1,14,Material,source,SurfaceMap.CollectYields,4
1,14,Fame,source,SurfaceMap.CollectYields,18
1,14,DP,source,DistrictCatalog.Collect,140
1,14,DP,sink,MinionRoster.TryForge,-1168
1,14,DP,sink,DungeonFloorManager.TryExpandFloor,-800
1,14,DP,sink,MinionRoster.TryEvolveIndividual,-1175
1,14,DP,sink,DungeonFeatureManager.TryPlaceTrap,-300
1,14,DP,sink,MinionRoster.TrySummon,-271
1,14,DP,source,AdventurerAI.ReapEmotion,273
1,14,DP,source,AdventurerAI.TakeDamage,1231
1,14,Material,source,AdventurerAI.TakeDamage,41
1,14,DP,sink,CommandSystem.TryUse,-1800
1,14,DP,source,AdventurerAI.GrantReturnReward,962
1,14,Fame,source,AdventurerAI.GrantReturnReward,30
1,14,Fame,source,LureEconomy.OnHeroEscaped,75
1,14,DP,source,Nemesis.OnSlain,1166
1,14,Material,source,Nemesis.OnSlain,10
1,14,DP,stock,end,1846
1,14,Material,stock,end,597
1,14,Fame,stock,end,1259
1,15,DP,source,SurfaceMap.CollectYields,80
1,15,Material,source,SurfaceMap.CollectYields,4
1,15,Fame,source,SurfaceMap.CollectYields,18
1,15,DP,source,DistrictCatalog.Collect,140
1,15,DP,sink,MinionRoster.TryForge,-190
1,15,DP,sink,DungeonFloorManager.TryExpandFloor,-1500
1,15,DP,sink,DungeonFeatureManager.TryPlaceTrap,-150
1,15,DP,sink,MinionRoster.TrySummon,-216
1,15,DP,source,AdventurerAI.ReapEmotion,267
1,15,DP,source,AdventurerAI.TakeDamage,1424
1,15,Material,source,AdventurerAI.TakeDamage,36
1,15,DP,sink,CommandSystem.TryUse,-1800
1,15,Fame,source,AdventurerAI.GrantReturnReward,20
1,15,Fame,source,LureEconomy.OnHeroEscaped,50
1,15,DP,source,AdventurerAI.GrantReturnReward,266
1,15,DP,source,Nemesis.OnSlain,599
1,15,Material,source,Nemesis.OnSlain,5
1,15,DP,stock,end,766
1,15,Material,stock,end,642
1,15,Fame,stock,end,1347
1,16,DP,source,SurfaceMap.CollectYields,80
1,16,Material,source,SurfaceMap.CollectYields,4
1,16,Fame,source,SurfaceMap.CollectYields,18
1,16,DP,source,DistrictCatalog.Collect,140
1,16,DP,source,WaveRoster.ResolveTrial,2400
1,16,DP,sink,MinionRoster.TryForge,-2624
1,16,DP,sink,MinionRoster.TryEvolveIndividual,-325
1,16,DP,sink,DungeonFeatureManager.TryPlaceTrap,-150
1,16,DP,sink,MinionRoster.TrySummon,-270
1,16,DP,source,AdventurerAI.ReapEmotion,224
1,16,DP,source,AdventurerAI.TakeDamage,1280
1,16,Material,source,AdventurerAI.TakeDamage,45
1,16,DP,sink,CommandSystem.TryUse,-2300
1,16,Fame,source,AdventurerAI.GrantReturnReward,40
1,16,Fame,source,LureEconomy.OnHeroEscaped,100
1,16,DP,source,AdventurerAI.GrantReturnReward,813
1,16,DP,source,Nemesis.OnSlain,1232
1,16,Material,source,Nemesis.OnSlain,10
1,16,DP,stock,end,1266
1,16,Material,stock,end,701
1,16,Fame,stock,end,1505
1,17,DP,source,SurfaceMap.CollectYields,101
1,17,Material,source,SurfaceMap.CollectYields,5
1,17,Fame,source,SurfaceMap.CollectYields,23
1,17,DP,source,DistrictCatalog.Collect,140
1,17,DP,source,EraSystem.TickTurn,720
1,17,DP,sink,MinionRoster.TryForge,-190
1,17,DP,sink,DungeonFloorManager.TryExpandFloor,-1500
1,17,DP,sink,DungeonFeatureManager.TryPlaceTrap,-300
1,17,DP,sink,MinionRoster.TrySummon,-228
1,17,DP,source,AdventurerAI.ReapEmotion,317
1,17,DP,sink,CommandSystem.TryUse,-1800
1,17,DP,source,AdventurerAI.GrantReturnReward,1393
1,17,Fame,source,AdventurerAI.GrantReturnReward,50
1,17,Fame,source,LureEconomy.OnHeroEscaped,125
1,17,DP,source,AdventurerAI.TakeDamage,1400
1,17,Material,source,AdventurerAI.TakeDamage,58
1,17,DP,source,Nemesis.OnSlain,1264
1,17,Material,source,Nemesis.OnSlain,10
1,17,DP,stock,end,2583
1,17,Material,stock,end,774
1,17,Fame,stock,end,1703
1,18,DP,source,SurfaceMap.CollectYields,101
1,18,Material,source,SurfaceMap.CollectYields,5
1,18,Fame,source,SurfaceMap.CollectYields,23
1,18,DP,source,DistrictCatalog.Collect,140
1,18,DP,source,EraSystem.TickTurn,300
1,18,DP,sink,MinionRoster.TryForge,-802
1,18,DP,sink,DungeonFloorManager.TryExpandFloor,-1500
1,18,DP,sink,MinionRoster.TryEvolveIndividual,-325
1,18,DP,sink,DungeonFeatureManager.TryPlaceTrap,-300
1,18,DP,sink,MinionRoster.TrySummon,-181
1,18,DP,source,AdventurerAI.ReapEmotion,154
1,18,DP,source,AdventurerAI.TakeDamage,1985
1,18,Material,source,AdventurerAI.TakeDamage,86
1,18,DP,sink,CommandSystem.TryUse,-2300
1,18,Fame,source,AdventurerAI.GrantReturnReward,30
1,18,Fame,source,LureEconomy.OnHeroEscaped,75
1,18,DP,source,AdventurerAI.GrantReturnReward,480
1,18,DP,source,Nemesis.OnSlain,1911
1,18,Material,source,Nemesis.OnSlain,14
1,18,DP,stock,end,2246
1,18,Material,stock,end,879
1,18,Fame,stock,end,1831
1,19,DP,source,SurfaceMap.CollectYields,101
1,19,Material,source,SurfaceMap.CollectYields,5
1,19,Fame,source,SurfaceMap.CollectYields,23
1,19,DP,source,DistrictCatalog.Collect,168
1,19,DP,sink,MinionRoster.TryForge,-2026
1,19,DP,sink,DungeonFeatureManager.TryPlaceTrap,-300
1,19,DP,sink,MinionRoster.TrySummon,-187
1,19,DP,source,AdventurerAI.ReapEmotion,160
1,19,DP,source,AdventurerAI.TakeDamage,2488
1,19,Material,source,AdventurerAI.TakeDamage,79
1,19,DP,sink,CommandSystem.TryUse,-1800
1,19,DP,source,Nemesis.OnSlain,1960
1,19,Material,source,Nemesis.OnSlain,15
1,19,DP,source,AdventurerAI.GrantReturnReward,758
1,19,Fame,source,AdventurerAI.GrantReturnReward,20
1,19,Fame,source,LureEconomy.OnHeroEscaped,50
1,19,DP,stock,end,3568
1,19,Material,stock,end,978
1,19,Fame,stock,end,1924
1,20,DP,source,SurfaceMap.CollectYields,133
1,20,Material,source,SurfaceMap.CollectYields,5
1,20,Fame,source,SurfaceMap.CollectYields,28
1,20,DP,source,DistrictCatalog.Collect,182
1,20,DP,sink,MinionRoster.TryForge,-802
1,20,DP,sink,DungeonFloorManager.TryExpandFloor,-2500
1,20,DP,sink,DungeonFeatureManager.TryPlaceTrap,-300
1,20,DP,sink,MinionRoster.TrySummon,-272
1,20,DP,source,AdventurerAI.ReapEmotion,164
1,20,DP,source,AdventurerAI.TakeDamage,3373
1,20,Material,source,AdventurerAI.TakeDamage,82
1,20,DP,source,AdventurerAI.GrantReturnReward,734
1,20,Fame,source,AdventurerAI.GrantReturnReward,20
1,20,Fame,source,LureEconomy.OnHeroEscaped,50
1,20,DP,sink,CommandSystem.TryUse,-2300
1,20,DP,source,Nemesis.OnSlain,1582
1,20,Material,source,Nemesis.OnSlain,12
1,20,DP,stock,end,3562
1,20,Material,stock,end,1077
1,20,Fame,stock,end,2022
1,21,DP,source,SurfaceMap.CollectYields,161
1,21,Material,source,SurfaceMap.CollectYields,6
1,21,Fame,source,SurfaceMap.CollectYields,34
1,21,DP,source,DistrictCatalog.Collect,182
1,21,DP,sink,MinionRoster.TryForge,-3454
1,21,DP,sink,DungeonFeatureManager.TryPlaceTrap,-300
1,21,DP,sink,MinionRoster.TrySummon,-150
1,21,DP,source,AdventurerAI.ReapEmotion,257
1,21,DP,source,AdventurerAI.TakeDamage,2437
1,21,Material,source,AdventurerAI.TakeDamage,76
1,21,DP,sink,CommandSystem.TryUse,-2300
1,21,DP,source,AdventurerAI.GrantReturnReward,2074
1,21,Fame,source,AdventurerAI.GrantReturnReward,40
1,21,Fame,source,LureEconomy.OnHeroEscaped,100
1,21,DP,source,Nemesis.OnSlain,680
1,21,Material,source,Nemesis.OnSlain,5
1,21,DP,stock,end,3149
1,21,Material,stock,end,1164
1,21,Fame,stock,end,2196
1,22,DP,source,SurfaceMap.CollectYields,161
1,22,Material,source,SurfaceMap.CollectYields,6
1,22,Fame,source,SurfaceMap.CollectYields,34
1,22,DP,source,DistrictCatalog.Collect,182
1,22,DP,sink,MinionRoster.TryForge,-190
1,22,DP,sink,DungeonFloorManager.TryExpandFloor,-2500
1,22,DP,sink,MinionRoster.TryEvolveIndividual,-250
1,22,DP,sink,DungeonFeatureManager.TryPlaceTrap,-300
1,22,DP,sink,MinionRoster.TrySummon,-252
1,22,DP,source,AdventurerAI.ReapEmotion,441
1,22,DP,source,AdventurerAI.TakeDamage,3964
1,22,Material,source,AdventurerAI.TakeDamage,94
1,22,DP,sink,CommandSystem.TryUse,-5600
1,22,DP,source,AdventurerAI.GrantReturnReward,4677
1,22,Fame,source,AdventurerAI.GrantReturnReward,130
1,22,Fame,source,LureEconomy.OnHeroEscaped,325
1,22,DP,source,Nemesis.OnSlain,1963
1,22,Material,source,Nemesis.OnSlain,12
1,22,DP,stock,end,5445
1,22,Material,stock,end,1276
1,22,Fame,stock,end,2685
1,23,DP,source,SurfaceMap.CollectYields,163
1,23,Material,source,SurfaceMap.CollectYields,6
1,23,Fame,source,SurfaceMap.CollectYields,34
1,23,DP,source,DistrictCatalog.Collect,154
1,23,DP,sink,MinionRoster.TryForge,-168
1,23,DP,sink,DungeonFloorManager.TryAddFloor,-5000
1,23,DP,sink,DungeonFeatureManager.TryPlaceTrap,-300
1,23,DP,sink,MinionRoster.TrySummon,-284
1,23,DP,source,AdventurerAI.ReapEmotion,592
1,23,DP,source,AdventurerAI.TakeDamage,3353
1,23,Material,source,AdventurerAI.TakeDamage,95
1,23,DP,source,AdventurerAI.GrantReturnReward,2159
1,23,Fame,source,AdventurerAI.GrantReturnReward,90
1,23,Fame,source,LureEconomy.OnHeroEscaped,225
1,23,DP,sink,CommandSystem.TryUse,-2950
1,23,DP,source,Nemesis.OnSlain,1426
1,23,Material,source,Nemesis.OnSlain,10
1,23,DP,stock,end,4590
1,23,Material,stock,end,1387
1,23,Fame,stock,end,3034
1,24,DP,source,SurfaceMap.CollectYields,124
1,24,Material,source,SurfaceMap.CollectYields,6
1,24,Fame,source,SurfaceMap.CollectYields,28
1,24,DP,source,DistrictCatalog.Collect,154
1,24,DP,sink,MinionRoster.TryForge,-168
1,24,DP,sink,DungeonFloorManager.TryExpandFloor,-400
1,24,DP,sink,MinionEvolution.TryEvolve,-3875
1,24,DP,sink,DungeonFeatureManager.TryPlaceTrap,-150
1,24,DP,sink,MinionRoster.TrySummon,-267
1,24,DP,source,AdventurerAI.ReapEmotion,136
1,24,DP,source,AdventurerAI.TakeDamage,3640
1,24,Material,source,AdventurerAI.TakeDamage,73
1,24,DP,source,AdventurerAI.GrantReturnReward,2748
1,24,Fame,source,AdventurerAI.GrantReturnReward,130
1,24,Fame,source,LureEconomy.OnHeroEscaped,325
1,24,DP,sink,CommandSystem.TryUse,-2950
1,24,DP,source,Nemesis.OnSlain,2139
1,24,Material,source,Nemesis.OnSlain,15
1,24,DP,stock,end,5721
1,24,Material,stock,end,1481
1,24,Fame,stock,end,3517
1,25,DP,source,SurfaceMap.CollectYields,124
1,25,Material,source,SurfaceMap.CollectYields,6
1,25,Fame,source,SurfaceMap.CollectYields,28
1,25,DP,source,DistrictCatalog.Collect,28
1,25,DP,source,EraSystem.TickTurn,3840
1,25,DP,sink,MinionRoster.TryForge,-168
1,25,DP,sink,DungeonFloorManager.TryExpandFloor,-800
1,25,DP,sink,MinionEvolution.TryEvolve,-1025
1,25,DP,sink,MinionRoster.TryEvolveIndividual,-7225
1,25,DP,sink,DungeonFeatureManager.TryPlaceTrap,-300
1,25,DP,sink,MinionRoster.TrySummon,-189
1,25,DP,source,AdventurerAI.ReapEmotion,997
1,25,DP,source,AdventurerAI.TakeDamage,5001
1,25,Material,source,AdventurerAI.TakeDamage,99
1,25,DP,sink,CommandSystem.TryUse,-2950
1,25,DP,source,AdventurerAI.GrantReturnReward,6156
1,25,Fame,source,AdventurerAI.GrantReturnReward,140
1,25,Fame,source,LureEconomy.OnHeroEscaped,350
1,25,DP,source,Nemesis.OnSlain,1458
1,25,Material,source,Nemesis.OnSlain,10
1,25,DP,stock,end,10668
1,25,Material,stock,end,1596
1,25,Fame,stock,end,4035
1,26,DP,source,SurfaceMap.CollectYields,145
1,26,Material,source,SurfaceMap.CollectYields,7
1,26,Fame,source,SurfaceMap.CollectYields,33
1,26,DP,source,DistrictCatalog.Collect,28
1,26,DP,source,EraSystem.TickTurn,6528
1,26,DP,sink,MinionRoster.TryForge,-168
1,26,DP,sink,DungeonFloorManager.TryAddFloor,-12500
1,26,DP,sink,DungeonFloorManager.TryExpandFloor,-4200
1,26,DP,sink,MinionRoster.TryEvolveIndividual,-200
1,26,DP,sink,DungeonFeatureManager.TryPlaceTrap,-150
1,26,DP,sink,MinionRoster.TrySummon,-132
1,26,DP,source,AdventurerAI.ReapEmotion,346
1,26,DP,sink,CommandSystem.TryUse,-6250
1,26,DP,source,AdventurerAI.GrantReturnReward,9983
1,26,Fame,source,AdventurerAI.GrantReturnReward,200
1,26,Fame,source,LureEconomy.OnHeroEscaped,500
1,26,DP,source,AdventurerAI.TakeDamage,4794
1,26,Material,source,AdventurerAI.TakeDamage,70
1,26,DP,stock,end,8892
1,26,Material,stock,end,1673
1,26,Fame,stock,end,4768
1,27,DP,source,SurfaceMap.CollectYields,145
1,27,Material,source,SurfaceMap.CollectYields,7
1,27,Fame,source,SurfaceMap.CollectYields,33
1,27,DP,source,DistrictCatalog.Collect,28
1,27,DP,source,EraSystem.TickTurn,6528
1,27,DP,sink,MinionRoster.TryForge,-2676
1,27,DP,sink,DungeonFloorManager.TryExpandFloor,-7500
1,27,DP,sink,MinionRoster.TryEvolveIndividual,-4850
1,27,DP,sink,DungeonFeatureManager.TryPlaceTrap,-300
1,27,DP,sink,MinionRoster.TrySummon,-264
1,27,DP,source,AdventurerAI.ReapEmotion,582
1,27,DP,sink,CommandSystem.TryUse,-5600
1,27,DP,source,AdventurerAI.GrantReturnReward,5769
1,27,Fame,source,AdventurerAI.GrantReturnReward,180
1,27,Fame,source,LureEconomy.OnHeroEscaped,450
1,27,DP,source,AdventurerAI.TakeDamage,10648
1,27,Material,source,AdventurerAI.TakeDamage,251
1,27,DP,stock,end,11402
1,27,Material,stock,end,1931
1,27,Fame,stock,end,5431
1,28,DP,source,SurfaceMap.CollectYields,145
1,28,Material,source,SurfaceMap.CollectYields,7
1,28,Fame,source,SurfaceMap.CollectYields,33
1,28,DP,source,DistrictCatalog.Collect,28
1,28,DP,source,EraSystem.TickTurn,3840
1,28,DP,sink,MinionRoster.TryForge,-12516
1,28,DP,sink,MinionRoster.TryEvolveIndividual,-2150
1,28,DP,sink,DungeonFeatureManager.TryPlaceTrap,-450
1,28,DP,sink,MinionRoster.TrySummon,-276
1,28,DP,source,AdventurerAI.ReapEmotion,590
1,28,DP,source,AdventurerAI.TakeDamage,10923
1,28,Material,source,AdventurerAI.TakeDamage,250
1,28,DP,sink,CommandSystem.TryUse,-5600
1,28,DP,source,AdventurerAI.GrantReturnReward,10524
1,28,Fame,source,AdventurerAI.GrantReturnReward,270
1,28,Fame,source,LureEconomy.OnHeroEscaped,675
1,28,DP,stock,end,16460
1,28,Material,stock,end,2188
1,28,Fame,stock,end,6409
1,29,DP,source,SurfaceMap.CollectYields,145
1,29,Material,source,SurfaceMap.CollectYields,7
1,29,Fame,source,SurfaceMap.CollectYields,33
1,29,DP,source,DistrictCatalog.Collect,28
1,29,DP,source,EraSystem.TickTurn,3840
1,29,DP,sink,MinionRoster.TryForge,-14466
1,29,DP,sink,MinionRoster.TryEvolveIndividual,-825
1,29,Material,sink,MinionRoster.TryForge,-10
1,29,DP,sink,DungeonFeatureManager.TryPlaceTrap,-3600
1,29,DP,sink,MinionRoster.TrySummon,-1573
1,29,DP,source,AdventurerAI.ReapEmotion,579
1,29,DP,source,AdventurerAI.GrantReturnReward,12407
1,29,Fame,source,AdventurerAI.GrantReturnReward,310
1,29,Fame,source,LureEconomy.OnHeroEscaped,775
1,29,DP,sink,CommandSystem.TryUse,-5600
1,29,DP,source,AdventurerAI.TakeDamage,12176
1,29,Material,source,AdventurerAI.TakeDamage,316
1,29,DP,stock,end,19571
1,29,Material,stock,end,2501
1,29,Fame,stock,end,7527
1,30,DP,source,SurfaceMap.CollectYields,166
1,30,Material,source,SurfaceMap.CollectYields,8
1,30,Fame,source,SurfaceMap.CollectYields,38
1,30,DP,source,DistrictCatalog.Collect,28
1,30,DP,source,EraSystem.TickTurn,6528
1,30,Material,source,EraSystem.TickTurn,32
1,30,DP,sink,MinionRoster.TryForge,-19500
1,30,DP,sink,MinionRoster.TryEvolveIndividual,-500
1,30,Material,sink,MinionRoster.TryForge,-60
1,30,DP,sink,DungeonFeatureManager.TryPlaceTrap,-3600
1,30,DP,sink,MinionRoster.TrySummon,-2680
1,30,DP,source,AdventurerAI.ReapEmotion,698
1,30,DP,source,AdventurerAI.TakeDamage,15409
1,30,Material,source,AdventurerAI.TakeDamage,266
1,30,DP,sink,CommandSystem.TryUse,-6400
1,30,Fame,source,AdventurerAI.GrantReturnReward,350
1,30,Fame,source,LureEconomy.OnHeroEscaped,875
1,30,DP,source,AdventurerAI.GrantReturnReward,13917
1,30,DP,stock,end,23637
1,30,Material,stock,end,2747
1,30,Fame,stock,end,8790
1,31,DP,source,SurfaceMap.CollectYields,166
1,31,Material,source,SurfaceMap.CollectYields,9
1,31,Fame,source,SurfaceMap.CollectYields,38
1,31,DP,source,DistrictCatalog.Collect,28
1,31,DP,source,EraSystem.TickTurn,3840
1,31,Material,source,EraSystem.TickTurn,37
1,31,Fame,source,EraSystem.TickTurn,80
1,31,DP,sink,MinionRoster.TryForge,-17280
1,31,Material,sink,MinionRoster.TryForge,-48
1,31,DP,sink,DungeonFeatureManager.TryPlaceTrap,-3600
1,31,DP,sink,MinionRoster.TrySummon,-6759
1,31,DP,source,AdventurerAI.ReapEmotion,843
1,31,DP,sink,CommandSystem.TryUse,-4100
1,31,DP,source,AdventurerAI.TakeDamage,28739
1,31,Material,source,AdventurerAI.TakeDamage,400
1,31,Fame,source,AdventurerAI.GrantReturnReward,170
1,31,Fame,source,LureEconomy.OnHeroEscaped,425
1,31,DP,source,AdventurerAI.GrantReturnReward,10337
1,31,DP,stock,end,35851
1,31,Material,stock,end,3145
1,31,Fame,stock,end,9503
1,32,DP,source,SurfaceMap.CollectYields,166
1,32,Material,source,SurfaceMap.CollectYields,9
1,32,Fame,source,SurfaceMap.CollectYields,38
1,32,DP,source,DistrictCatalog.Collect,28
1,32,DP,source,EraSystem.TickTurn,6528
1,32,Fame,source,EraSystem.TickTurn,192
1,32,DP,sink,MinionRoster.TryForge,-5376
1,32,DP,sink,DungeonFloorManager.TryAddFloor,-31250
1,32,DP,sink,DungeonFloorManager.TryExpandFloor,-5200
1,32,DP,sink,MinionRoster.TryEvolveIndividual,-75
1,32,DP,sink,DungeonFeatureManager.TryPlaceTrap,-450
1,32,DP,sink,MinionRoster.TrySummon,-216
1,32,DP,source,AdventurerAI.ReapEmotion,378
1,32,DP,source,AdventurerAI.TakeDamage,29754
1,32,Material,source,AdventurerAI.TakeDamage,350
1,32,DP,sink,CommandSystem.TryUse,-3800
1,32,DP,source,AdventurerAI.GrantReturnReward,6139
1,32,Fame,source,AdventurerAI.GrantReturnReward,120
1,32,Fame,source,LureEconomy.OnHeroEscaped,300
1,32,DP,source,Nemesis.OnSlain,3050
1,32,Material,source,Nemesis.OnSlain,20
1,32,DP,stock,end,35527
1,32,Material,stock,end,3524
1,32,Fame,stock,end,10153
1,33,DP,source,SurfaceMap.CollectYields,145
1,33,Material,source,SurfaceMap.CollectYields,8
1,33,Fame,source,SurfaceMap.CollectYields,33
1,33,DP,source,DistrictCatalog.Collect,28
1,33,DP,sink,MinionRoster.TryForge,-19614
1,33,DP,sink,MinionRoster.TryEvolveIndividual,-650
1,33,Material,sink,MinionRoster.TryForge,-54
1,33,DP,sink,DungeonFeatureManager.TryPlaceTrap,-3600
1,33,DP,sink,MinionRoster.TrySummon,-11799
1,33,DP,source,AdventurerAI.ReapEmotion,300
1,33,DP,source,AdventurerAI.TakeDamage,35187
1,33,Material,source,AdventurerAI.TakeDamage,290
1,33,DP,sink,CommandSystem.TryUse,-4450
1,33,DP,source,AdventurerAI.GrantReturnReward,13285
1,33,Fame,source,AdventurerAI.GrantReturnReward,160
1,33,Fame,source,LureEconomy.OnHeroEscaped,400
1,33,DP,stock,end,44359
1,33,Material,stock,end,3768
1,33,Fame,stock,end,10746
1,34,DP,source,SurfaceMap.CollectYields,145
1,34,Material,source,SurfaceMap.CollectYields,8
1,34,Fame,source,SurfaceMap.CollectYields,33
1,34,DP,source,DistrictCatalog.Collect,28
1,34,DP,sink,MinionRoster.TryForge,-7104
1,34,DP,sink,DungeonFeatureManager.TryPlaceTrap,-3750
1,34,DP,sink,MinionRoster.TrySummon,-33460
1,34,DP,source,AdventurerAI.ReapEmotion,637
1,34,DP,sink,CommandSystem.TryUse,-4450
1,34,DP,source,AdventurerAI.GrantReturnReward,12079
1,34,Fame,source,AdventurerAI.GrantReturnReward,160
1,34,Fame,source,LureEconomy.OnHeroEscaped,400
1,34,DP,source,AdventurerAI.TakeDamage,38551
1,34,Material,source,AdventurerAI.TakeDamage,420
1,34,DP,source,Nemesis.OnSlain,842
1,34,Material,source,Nemesis.OnSlain,6
1,34,DP,stock,end,47877
1,34,Material,stock,end,4202
1,34,Fame,stock,end,11339
1,35,DP,source,SurfaceMap.CollectYields,124
1,35,Material,source,SurfaceMap.CollectYields,7
1,35,Fame,source,SurfaceMap.CollectYields,28
1,35,DP,source,DistrictCatalog.Collect,28
1,35,DP,sink,MinionRoster.TryForge,-7776
1,35,DP,sink,DungeonFeatureManager.TryPlaceTrap,-3600
1,35,DP,sink,MinionRoster.TrySummon,-36625
1,35,DP,source,AdventurerAI.ReapEmotion,1312
1,35,DP,sink,CommandSystem.TryUse,-4900
1,35,DP,source,AdventurerAI.TakeDamage,43585
1,35,Material,source,AdventurerAI.TakeDamage,1161
1,35,DP,source,Nemesis.OnSlain,12164
1,35,Material,source,Nemesis.OnSlain,51
1,35,DP,source,AdventurerAI.GrantReturnReward,23131
1,35,Fame,source,AdventurerAI.GrantReturnReward,200
1,35,Fame,source,LureEconomy.OnHeroEscaped,500
1,35,DP,stock,end,75320
1,35,Material,stock,end,5421
1,35,Fame,stock,end,12067
1,36,DP,source,SurfaceMap.CollectYields,170
1,36,Material,source,SurfaceMap.CollectYields,9
1,36,Fame,source,SurfaceMap.CollectYields,38
1,36,DP,source,DistrictCatalog.Collect,28
1,36,DP,sink,MinionRoster.TryForge,-19260
1,36,Material,sink,MinionRoster.TryForge,-44
1,36,DP,sink,DungeonFeatureManager.TryPlaceTrap,-900
1,36,DP,sink,MinionRoster.TrySummon,-55336
1,36,DP,source,AdventurerAI.ReapEmotion,174
1,36,DP,source,AdventurerAI.GrantReturnReward,9657
1,36,Fame,source,AdventurerAI.GrantReturnReward,200
1,36,Fame,source,LureEconomy.OnHeroEscaped,500
1,36,DP,sink,CommandSystem.TryUse,-3800
1,36,DP,source,AdventurerAI.TakeDamage,41344
1,36,Material,source,AdventurerAI.TakeDamage,485
1,36,DP,source,Nemesis.OnSlain,2058
1,36,Material,source,Nemesis.OnSlain,14
1,36,DP,stock,end,49455
1,36,Material,stock,end,5885
1,36,Fame,stock,end,12805
1,37,DP,source,SurfaceMap.CollectYields,170
1,37,Material,source,SurfaceMap.CollectYields,9
1,37,Fame,source,SurfaceMap.CollectYields,38
1,37,DP,source,DistrictCatalog.Collect,28
1,37,DP,sink,MinionRoster.TryForge,-32520
1,37,Material,sink,MinionRoster.TryForge,-216
1,37,DP,sink,MinionRoster.TrySummon,-17132
1,37,DP,source,AdventurerAI.ReapEmotion,603
1,37,DP,sink,CommandSystem.TryUse,-2950
1,37,DP,source,AdventurerAI.TakeDamage,38557
1,37,Material,source,AdventurerAI.TakeDamage,474
1,37,Fame,source,AdventurerAI.GrantReturnReward,150
1,37,Fame,source,LureEconomy.OnHeroEscaped,375
1,37,DP,source,AdventurerAI.GrantReturnReward,4401
1,37,DP,source,Nemesis.OnSlain,6060
1,37,Material,source,Nemesis.OnSlain,29
1,37,DP,stock,end,46672
1,37,Material,stock,end,6181
1,37,Fame,stock,end,13368
1,38,DP,source,SurfaceMap.CollectYields,170
1,38,Material,source,SurfaceMap.CollectYields,9
1,38,Fame,source,SurfaceMap.CollectYields,38
1,38,DP,source,DistrictCatalog.Collect,28
1,38,DP,source,EraSystem.TickTurn,1920
1,38,Material,source,EraSystem.TickTurn,37
1,38,DP,sink,MinionRoster.TryForge,-40320
1,38,Material,sink,MinionRoster.TryForge,-336
1,38,DP,sink,MinionRoster.TrySummon,-8434
1,38,DP,source,AdventurerAI.ReapEmotion,501
1,38,DP,source,AdventurerAI.GrantReturnReward,9407
1,38,Fame,source,AdventurerAI.GrantReturnReward,190
1,38,Fame,source,LureEconomy.OnHeroEscaped,475
1,38,DP,sink,CommandSystem.TryUse,-3300
1,38,DP,source,AdventurerAI.TakeDamage,45802
1,38,Material,source,AdventurerAI.TakeDamage,450
1,38,DP,source,Nemesis.OnSlain,1863
1,38,Material,source,Nemesis.OnSlain,12
1,38,DP,stock,end,54309
1,38,Material,stock,end,6353
1,38,Fame,stock,end,14071
1,39,DP,source,SurfaceMap.CollectYields,212
1,39,Material,source,SurfaceMap.CollectYields,12
1,39,Fame,source,SurfaceMap.CollectYields,38
1,39,DP,source,DistrictCatalog.Collect,28
1,39,DP,sink,MinionRoster.TryForge,-40320
1,39,Material,sink,MinionRoster.TryForge,-336
1,39,DP,sink,MinionRoster.TrySummon,-14197
1,39,DP,source,AdventurerAI.ReapEmotion,488
1,39,DP,sink,CommandSystem.TryUse,-4150
1,39,DP,source,AdventurerAI.TakeDamage,43288
1,39,Material,source,AdventurerAI.TakeDamage,351
1,39,Fame,source,AdventurerAI.GrantReturnReward,260
1,39,Fame,source,LureEconomy.OnHeroEscaped,650
1,39,DP,source,AdventurerAI.GrantReturnReward,14497
1,39,DP,source,Nemesis.OnSlain,2721
1,39,Material,source,Nemesis.OnSlain,18
1,39,DP,stock,end,56876
1,39,Material,stock,end,6398
1,39,Fame,stock,end,15019
1,40,DP,source,SurfaceMap.CollectYields,212
1,40,Material,source,SurfaceMap.CollectYields,12
1,40,Fame,source,SurfaceMap.CollectYields,38
1,40,DP,source,DistrictCatalog.Collect,28
1,40,DP,sink,MinionRoster.TryForge,-52320
1,40,Material,sink,MinionRoster.TryForge,-536
1,40,DP,sink,MinionRoster.TrySummon,-4777
1,40,DP,source,AdventurerAI.ReapEmotion,1113
1,40,DP,sink,CommandSystem.TryUse,-3750
1,40,DP,source,AdventurerAI.TakeDamage,49014
1,40,Material,source,AdventurerAI.TakeDamage,315
1,40,DP,source,AdventurerAI.GrantReturnReward,11028
1,40,Fame,source,AdventurerAI.GrantReturnReward,160
1,40,Fame,source,LureEconomy.OnHeroEscaped,400
1,40,DP,source,Nemesis.OnSlain,3090
1,40,Material,source,Nemesis.OnSlain,20
1,40,DP,stock,end,60514
1,40,Material,stock,end,6209
1,40,Fame,stock,end,15617
1,41,DP,source,SurfaceMap.CollectYields,212
1,41,Material,source,SurfaceMap.CollectYields,12
1,41,Fame,source,SurfaceMap.CollectYields,38
1,41,DP,source,DistrictCatalog.Collect,28
1,41,DP,source,EraSystem.TickTurn,1920
1,41,DP,sink,MinionRoster.TryForge,-60840
1,41,Material,sink,MinionRoster.TryForge,-702
1,41,DP,sink,MinionRoster.TrySummon,-1827
1,41,DP,source,AdventurerAI.ReapEmotion,759
1,41,DP,sink,CommandSystem.TryUse,-2650
1,41,Fame,source,AdventurerAI.GrantReturnReward,200
1,41,Fame,source,LureEconomy.OnHeroEscaped,500
1,41,DP,source,AdventurerAI.GrantReturnReward,11642
1,41,DP,source,AdventurerAI.TakeDamage,37319
1,41,Material,source,AdventurerAI.TakeDamage,351
1,41,DP,source,Nemesis.OnSlain,1880
1,41,Material,source,Nemesis.OnSlain,12
1,41,DP,stock,end,48957
1,41,Material,stock,end,5882
1,41,Fame,stock,end,16355
1,42,DP,source,SurfaceMap.CollectYields,212
1,42,Material,source,SurfaceMap.CollectYields,12
1,42,Fame,source,SurfaceMap.CollectYields,38
1,42,DP,source,DistrictCatalog.Collect,28
1,42,DP,sink,MinionRoster.TryForge,-46800
1,42,Material,sink,MinionRoster.TryForge,-540
1,42,DP,sink,MinionRoster.TrySummon,-2364
1,42,DP,source,AdventurerAI.ReapEmotion,409
1,42,DP,sink,CommandSystem.TryUse,-2650
1,42,Fame,source,AdventurerAI.GrantReturnReward,180
1,42,Fame,source,LureEconomy.OnHeroEscaped,450
1,42,DP,source,AdventurerAI.GrantReturnReward,10721
1,42,DP,source,AdventurerAI.TakeDamage,43888
1,42,Material,source,AdventurerAI.TakeDamage,385
1,42,DP,source,Nemesis.OnSlain,3218
1,42,Material,source,Nemesis.OnSlain,20
1,42,DP,stock,end,55619
1,42,Material,stock,end,5759
1,42,Fame,stock,end,17023
1,43,DP,source,SurfaceMap.CollectYields,261
1,43,Material,source,SurfaceMap.CollectYields,12
1,43,Fame,source,SurfaceMap.CollectYields,46
1,43,DP,source,DistrictCatalog.Collect,28
1,43,DP,sink,MinionRoster.TryForge,-53040
1,43,Material,sink,MinionRoster.TryForge,-612
1,43,DP,sink,MinionRoster.TrySummon,-2833
1,43,DP,source,AdventurerAI.ReapEmotion,544
1,43,DP,sink,CommandSystem.TryUse,-5600
1,43,Fame,source,AdventurerAI.GrantReturnReward,250
1,43,Fame,source,LureEconomy.OnHeroEscaped,625
1,43,DP,source,AdventurerAI.GrantReturnReward,15178
1,43,DP,source,AdventurerAI.TakeDamage,38396
1,43,Material,source,AdventurerAI.TakeDamage,818
1,43,DP,source,Nemesis.OnSlain,1912
1,43,Material,source,Nemesis.OnSlain,12
1,43,DP,stock,end,50465
1,43,Material,stock,end,5989
1,43,Fame,stock,end,17944
1,44,DP,source,SurfaceMap.CollectYields,261
1,44,Material,source,SurfaceMap.CollectYields,12
1,44,Fame,source,SurfaceMap.CollectYields,46
1,44,DP,source,DistrictCatalog.Collect,28
1,44,DP,sink,MinionRoster.TryForge,-48600
1,44,Material,sink,MinionRoster.TryForge,-634
1,44,DP,sink,MinionRoster.TrySummon,-2114
1,44,DP,source,AdventurerAI.ReapEmotion,798
1,44,DP,source,AdventurerAI.GrantReturnReward,12009
1,44,Fame,source,AdventurerAI.GrantReturnReward,210
1,44,Fame,source,LureEconomy.OnHeroEscaped,525
1,44,DP,sink,CommandSystem.TryUse,-2650
1,44,DP,source,AdventurerAI.TakeDamage,42343
1,44,Material,source,AdventurerAI.TakeDamage,377
1,44,DP,source,Nemesis.OnSlain,2916
1,44,Material,source,Nemesis.OnSlain,18
1,44,DP,stock,end,55456
1,44,Material,stock,end,5762
1,44,Fame,stock,end,18725
1,45,DP,source,SurfaceMap.CollectYields,261
1,45,Material,source,SurfaceMap.CollectYields,12
1,45,Fame,source,SurfaceMap.CollectYields,46
1,45,DP,source,DistrictCatalog.Collect,28
1,45,DP,sink,MinionRoster.TryForge,-52800
1,45,Material,sink,MinionRoster.TryForge,-704
1,45,DP,sink,MinionRoster.TrySummon,-2931
1,45,DP,source,AdventurerAI.ReapEmotion,855
1,45,DP,sink,CommandSystem.TryUse,-3400
1,45,DP,source,AdventurerAI.TakeDamage,39055
1,45,Material,source,AdventurerAI.TakeDamage,292
1,45,DP,source,AdventurerAI.GrantReturnReward,27925
1,45,Fame,source,AdventurerAI.GrantReturnReward,300
1,45,Fame,source,LureEconomy.OnHeroEscaped,750
1,45,DP,source,Nemesis.OnSlain,1976
1,45,Material,source,Nemesis.OnSlain,12
1,45,DP,stock,end,66425
1,45,Material,stock,end,5374
1,45,Fame,stock,end,19821
1,46,DP,source,SurfaceMap.CollectYields,261
1,46,Material,source,SurfaceMap.CollectYields,12
1,46,Fame,source,SurfaceMap.CollectYields,46
1,46,DP,source,DistrictCatalog.Collect,28
1,46,DP,sink,MinionRoster.TryForge,-64800
1,46,Material,sink,MinionRoster.TryForge,-864
1,46,DP,sink,MinionRoster.TrySummon,-1891
1,46,DP,source,AdventurerAI.ReapEmotion,348
1,46,DP,sink,CommandSystem.TryUse,-4150
1,46,DP,source,AdventurerAI.GrantReturnReward,22456
1,46,Fame,source,AdventurerAI.GrantReturnReward,460
1,46,Fame,source,LureEconomy.OnHeroEscaped,1150
1,46,DP,source,AdventurerAI.TakeDamage,61940
1,46,Material,source,AdventurerAI.TakeDamage,1248
1,46,DP,source,Nemesis.OnSlain,2008
1,46,Material,source,Nemesis.OnSlain,12
1,46,DP,stock,end,82625
1,46,Material,stock,end,5782
1,46,Fame,stock,end,21477
1,47,DP,source,SurfaceMap.CollectYields,212
1,47,Material,source,SurfaceMap.CollectYields,12
1,47,Fame,source,SurfaceMap.CollectYields,38
1,47,DP,source,DistrictCatalog.Collect,28
1,47,DP,sink,MinionRoster.TryForge,-19200
1,47,Material,sink,MinionRoster.TryForge,-256
1,47,DP,sink,MinionEvolution.TryEvolve,-9050
1,47,DP,sink,MinionRoster.TryEvolveIndividual,-51900
1,47,DP,sink,MinionRoster.TrySummon,-2695
1,47,DP,source,AdventurerAI.ReapEmotion,379
1,47,DP,source,AdventurerAI.GrantReturnReward,20842
1,47,Fame,source,AdventurerAI.GrantReturnReward,260
1,47,Fame,source,LureEconomy.OnHeroEscaped,650
1,47,DP,sink,CommandSystem.TryUse,-5600
1,47,DP,source,AdventurerAI.TakeDamage,39211
1,47,Material,source,AdventurerAI.TakeDamage,774
1,47,DP,source,Nemesis.OnSlain,3490
1,47,Material,source,Nemesis.OnSlain,20
1,47,DP,stock,end,58342
1,47,Material,stock,end,6332
1,47,Fame,stock,end,22425
1,48,DP,source,SurfaceMap.CollectYields,216
1,48,Material,source,SurfaceMap.CollectYields,12
1,48,Fame,source,SurfaceMap.CollectYields,39
1,48,DP,source,DistrictCatalog.Collect,28
1,48,DP,source,EraSystem.TickTurn,9720
1,48,DP,sink,MinionRoster.TryForge,-64800
1,48,Material,sink,MinionRoster.TryForge,-864
1,48,DP,sink,MinionRoster.TrySummon,-3492
1,48,DP,source,AdventurerAI.ReapEmotion,284
1,48,Fame,source,AdventurerAI.GrantReturnReward,280
1,48,Fame,source,LureEconomy.OnHeroEscaped,700
1,48,DP,source,AdventurerAI.TakeDamage,41567
1,48,Material,source,AdventurerAI.TakeDamage,877
1,48,DP,sink,CommandSystem.TryUse,-5250
1,48,DP,source,AdventurerAI.GrantReturnReward,14479
1,48,DP,source,Nemesis.OnSlain,2469
1,48,Material,source,Nemesis.OnSlain,14
1,48,DP,stock,end,53563
1,48,Material,stock,end,6371
1,48,Fame,stock,end,23444
1,49,DP,source,SurfaceMap.CollectYields,216
1,49,Material,source,SurfaceMap.CollectYields,12
1,49,Fame,source,SurfaceMap.CollectYields,39
1,49,DP,source,DistrictCatalog.Collect,28
1,49,DP,source,EraSystem.TickTurn,9720
1,49,DP,sink,MinionRoster.TryForge,-4800
1,49,Material,sink,MinionRoster.TryForge,-64
1,49,DP,sink,MinionEvolution.TryEvolve,-14200
1,49,DP,sink,MinionRoster.TryEvolveIndividual,-43350
1,49,DP,sink,MinionRoster.TrySummon,-1151
1,49,DP,source,AdventurerAI.ReapEmotion,399
1,49,DP,source,AdventurerAI.TakeDamage,51835
1,49,Material,source,AdventurerAI.TakeDamage,897
1,49,DP,sink,CommandSystem.TryUse,-4450
1,49,DP,source,AdventurerAI.GrantReturnReward,3741
1,49,Fame,source,AdventurerAI.GrantReturnReward,170
1,49,Fame,source,LureEconomy.OnHeroEscaped,425
1,49,DP,source,Nemesis.OnSlain,2074
1,49,Material,source,Nemesis.OnSlain,12
1,49,DP,stock,end,53625
1,49,Material,stock,end,7228
1,49,Fame,stock,end,24078
1,50,DP,source,SurfaceMap.CollectYields,216
1,50,Material,source,SurfaceMap.CollectYields,12
1,50,Fame,source,SurfaceMap.CollectYields,39
1,50,DP,source,DistrictCatalog.Collect,28
1,50,DP,source,EraSystem.TickTurn,9720
1,50,DP,sink,MinionRoster.TryForge,-4800
1,50,Material,sink,MinionRoster.TryForge,-64
1,50,DP,sink,MinionEvolution.TryEvolve,-19050
1,50,DP,sink,MinionRoster.TryEvolveIndividual,-38550
1,50,DP,sink,MinionRoster.TrySummon,-1186
1,50,DP,source,AdventurerAI.ReapEmotion,279
1,50,DP,source,AdventurerAI.TakeDamage,81114
1,50,Material,source,AdventurerAI.TakeDamage,502
1,50,DP,sink,CommandSystem.TryUse,-3800
1,50,DP,source,AdventurerAI.GrantReturnReward,1305
1,50,Fame,source,AdventurerAI.GrantReturnReward,40
1,50,Fame,source,LureEconomy.OnHeroEscaped,100
1,50,DP,source,Nemesis.OnSlain,2106
1,50,Material,source,Nemesis.OnSlain,12
1,50,DP,stock,end,81007
1,50,Material,stock,end,7690
1,50,Fame,stock,end,24257
1,51,DP,source,SurfaceMap.CollectYields,216
1,51,Material,source,SurfaceMap.CollectYields,12
1,51,Fame,source,SurfaceMap.CollectYields,39
1,51,DP,source,DistrictCatalog.Collect,28
1,51,DP,source,EraSystem.TickTurn,9720
1,51,DP,source,WaveRoster.ResolveTrial,12000
1,51,DP,sink,MinionRoster.TryForge,-4800
1,51,Material,sink,MinionRoster.TryForge,-64
1,51,DP,sink,DungeonFloorManager.TryAddFloor,-78125
1,51,DP,sink,DungeonFloorManager.TryExpandFloor,-5200
1,51,DP,sink,MinionRoster.TryEvolveIndividual,-14200
1,51,DP,sink,DungeonFeatureManager.TryPlaceTrap,-450
1,51,DP,sink,MinionRoster.TrySummon,-192
1,51,DP,source,AdventurerAI.ReapEmotion,493
1,51,DP,source,AdventurerAI.TakeDamage,63576
1,51,Material,source,AdventurerAI.TakeDamage,1372
1,51,DP,sink,CommandSystem.TryUse,-4150
1,51,DP,source,AdventurerAI.GrantReturnReward,8548
1,51,Fame,source,AdventurerAI.GrantReturnReward,230
1,51,Fame,source,LureEconomy.OnHeroEscaped,575
1,51,DP,source,Nemesis.OnSlain,3566
1,51,Material,source,Nemesis.OnSlain,20
1,51,DP,stock,end,72037
1,51,Material,stock,end,9030
1,51,Fame,stock,end,25101
1,52,DP,source,SurfaceMap.CollectYields,216
1,52,Material,source,SurfaceMap.CollectYields,12
1,52,Fame,source,SurfaceMap.CollectYields,39
1,52,DP,source,DistrictCatalog.Collect,28
1,52,Material,source,DistrictCatalog.Collect,8
1,52,DP,source,EraSystem.TickTurn,16524
1,52,DP,sink,MinionRoster.TryForge,-43200
1,52,Material,sink,MinionRoster.TryForge,-576
1,52,DP,sink,MinionRoster.TryEvolveIndividual,-41850
1,52,DP,sink,DungeonFeatureManager.TryPlaceTrap,-3600
1,52,DP,sink,MinionRoster.TrySummon,-144
1,52,DP,source,AdventurerAI.ReapEmotion,489
1,52,DP,source,AdventurerAI.TakeDamage,68093
1,52,Material,source,AdventurerAI.TakeDamage,859
1,52,DP,sink,CommandSystem.TryUse,-5950
1,52,DP,source,AdventurerAI.GrantReturnReward,12927
1,52,Fame,source,AdventurerAI.GrantReturnReward,210
1,52,Fame,source,LureEconomy.OnHeroEscaped,525
1,52,DP,source,Nemesis.OnSlain,4089
1,52,Material,source,Nemesis.OnSlain,22
1,52,DP,stock,end,79659
1,52,Material,stock,end,9355
1,52,Fame,stock,end,25875
1,53,DP,source,SurfaceMap.CollectYields,188
1,53,Material,source,SurfaceMap.CollectYields,10
1,53,Fame,source,SurfaceMap.CollectYields,34
1,53,DP,source,DistrictCatalog.Collect,28
1,53,Material,source,DistrictCatalog.Collect,8
1,53,DP,source,EraSystem.TickTurn,9720
1,53,Material,source,EraSystem.TickTurn,124
1,53,DP,sink,MinionRoster.TryForge,-41760
1,53,Material,sink,MinionRoster.TryForge,-600
1,53,DP,sink,MinionRoster.TryEvolveIndividual,-44400
1,53,DP,sink,DungeonFeatureManager.TryPlaceTrap,-1050
1,53,DP,sink,MinionRoster.TrySummon,-2361
1,53,DP,source,AdventurerAI.ReapEmotion,352
1,53,DP,source,AdventurerAI.TakeDamage,80818
1,53,Material,source,AdventurerAI.TakeDamage,1470
1,53,DP,sink,CommandSystem.TryUse,-5100
1,53,DP,source,AdventurerAI.GrantReturnReward,5980
1,53,Fame,source,AdventurerAI.GrantReturnReward,200
1,53,Fame,source,LureEconomy.OnHeroEscaped,500
1,53,DP,source,Nemesis.OnSlain,3288
1,53,Material,source,Nemesis.OnSlain,18
1,53,DP,stock,end,85362
1,53,Material,stock,end,10385
1,53,Fame,stock,end,26609
1,54,DP,source,SurfaceMap.CollectYields,214
1,54,Material,source,SurfaceMap.CollectYields,10
1,54,Fame,source,SurfaceMap.CollectYields,41
1,54,DP,source,DistrictCatalog.Collect,28
1,54,Material,source,DistrictCatalog.Collect,9
1,54,DP,source,EraSystem.TickTurn,9720
1,54,Material,source,EraSystem.TickTurn,62
1,54,Fame,source,EraSystem.TickTurn,135
1,54,DP,sink,MinionRoster.TryForge,-92160
1,54,Material,sink,MinionRoster.TryForge,-1344
1,54,DP,sink,MinionRoster.TrySummon,-3164
1,54,DP,source,AdventurerAI.ReapEmotion,156
1,54,DP,source,AdventurerAI.GrantReturnReward,11187
1,54,Fame,source,AdventurerAI.GrantReturnReward,250
1,54,Fame,source,LureEconomy.OnHeroEscaped,625
1,54,DP,sink,CommandSystem.TryUse,-3800
1,54,DP,source,AdventurerAI.TakeDamage,77224
1,54,Material,source,AdventurerAI.TakeDamage,677
1,54,DP,source,Nemesis.OnSlain,2204
1,54,Material,source,Nemesis.OnSlain,12
1,54,DP,stock,end,86971
1,54,Material,stock,end,9811
1,54,Fame,stock,end,27660
1,55,DP,source,SurfaceMap.CollectYields,230
1,55,Material,source,SurfaceMap.CollectYields,10
1,55,Fame,source,SurfaceMap.CollectYields,41
1,55,DP,source,DistrictCatalog.Collect,28
1,55,Material,source,DistrictCatalog.Collect,9
1,55,DP,source,EraSystem.TickTurn,9720
1,55,DP,sink,MinionRoster.TryForge,-92160
1,55,Material,sink,MinionRoster.TryForge,-1344
1,55,DP,sink,MinionRoster.TrySummon,-4776
1,55,DP,source,AdventurerAI.ReapEmotion,995
1,55,DP,sink,CommandSystem.TryUse,-4900
1,55,DP,source,AdventurerAI.TakeDamage,157470
1,55,Material,source,AdventurerAI.TakeDamage,983
1,55,DP,source,AdventurerAI.GrantReturnReward,13582
1,55,Fame,source,AdventurerAI.GrantReturnReward,260
1,55,Fame,source,LureEconomy.OnHeroEscaped,650
1,55,DP,source,Nemesis.OnSlain,3435
1,55,Material,source,Nemesis.OnSlain,18
1,55,DP,stock,end,170595
1,55,Material,stock,end,9487
1,55,Fame,stock,end,28611
1,56,DP,source,SurfaceMap.CollectYields,265
1,56,Material,source,SurfaceMap.CollectYields,12
1,56,Fame,source,SurfaceMap.CollectYields,47
1,56,DP,source,DistrictCatalog.Collect,28
1,56,Material,source,DistrictCatalog.Collect,9
1,56,DP,source,EraSystem.TickTurn,11664
1,56,DP,sink,MinionRoster.TryForge,-120960
1,56,Material,sink,MinionRoster.TryForge,-1764
1,56,DP,sink,MinionRoster.TrySummon,-61558
1,56,DP,source,AdventurerAI.ReapEmotion,651
1,56,DP,source,AdventurerAI.TakeDamage,91230
1,56,Material,source,AdventurerAI.TakeDamage,870
1,56,DP,sink,CommandSystem.TryUse,-4900
1,56,DP,source,AdventurerAI.GrantReturnReward,11342
1,56,Fame,source,AdventurerAI.GrantReturnReward,280
1,56,Fame,source,LureEconomy.OnHeroEscaped,700
1,56,DP,source,Nemesis.OnSlain,2644
1,56,Material,source,Nemesis.OnSlain,14
1,56,DP,stock,end,101001
1,56,Material,stock,end,8628
1,56,Fame,stock,end,29638
1,57,DP,source,SurfaceMap.CollectYields,265
1,57,Material,source,SurfaceMap.CollectYields,12
1,57,Fame,source,SurfaceMap.CollectYields,47
1,57,DP,source,DistrictCatalog.Collect,28
1,57,Material,source,DistrictCatalog.Collect,8
1,57,DP,sink,MinionRoster.TryForge,-97200
1,57,Material,sink,MinionRoster.TryForge,-1465
1,57,DP,sink,MinionRoster.TrySummon,-4076
1,57,DP,source,AdventurerAI.ReapEmotion,292
1,57,DP,sink,CommandSystem.TryUse,-5600
1,57,DP,source,AdventurerAI.GrantReturnReward,9500
1,57,Fame,source,AdventurerAI.GrantReturnReward,240
1,57,Fame,source,LureEconomy.OnHeroEscaped,600
1,57,DP,source,AdventurerAI.TakeDamage,80791
1,57,Material,source,AdventurerAI.TakeDamage,1201
1,57,DP,source,Nemesis.OnSlain,3450
1,57,Material,source,Nemesis.OnSlain,18
1,57,DP,stock,end,88451
1,57,Material,stock,end,8402
1,57,Fame,stock,end,30525
1,58,DP,source,SurfaceMap.CollectYields,216
1,58,Material,source,SurfaceMap.CollectYields,12
1,58,Fame,source,SurfaceMap.CollectYields,39
1,58,DP,source,DistrictCatalog.Collect,28
1,58,Material,source,DistrictCatalog.Collect,8
1,58,DP,sink,MinionRoster.TryForge,-82800
1,58,Material,sink,MinionRoster.TryForge,-1265
1,58,DP,sink,MinionRoster.TrySummon,-5894
1,58,DP,source,AdventurerAI.ReapEmotion,394
1,58,DP,source,AdventurerAI.TakeDamage,138927
1,58,Material,source,AdventurerAI.TakeDamage,1404
1,58,DP,sink,CommandSystem.TryUse,-6050
1,58,DP,source,AdventurerAI.GrantReturnReward,19361
1,58,Fame,source,AdventurerAI.GrantReturnReward,420
1,58,Fame,source,LureEconomy.OnHeroEscaped,1050
1,58,DP,source,Nemesis.OnSlain,4223
1,58,Material,source,Nemesis.OnSlain,20
1,58,DP,stock,end,156856
1,58,Material,stock,end,8581
1,58,Fame,stock,end,32034
1,59,DP,source,SurfaceMap.CollectYields,216
1,59,Material,source,SurfaceMap.CollectYields,12
1,59,Fame,source,SurfaceMap.CollectYields,39
1,59,DP,source,DistrictCatalog.Collect,28
1,59,Material,source,DistrictCatalog.Collect,8
1,59,DP,sink,MinionRoster.TryForge,-151200
1,59,Material,sink,MinionRoster.TryForge,-2310
1,59,DP,sink,MinionRoster.TrySummon,-5892
1,59,DP,source,AdventurerAI.ReapEmotion,312
1,59,DP,source,AdventurerAI.TakeDamage,104624
1,59,Material,source,AdventurerAI.TakeDamage,705
1,59,DP,sink,CommandSystem.TryUse,-4550
1,59,DP,source,AdventurerAI.GrantReturnReward,3141
1,59,Fame,source,AdventurerAI.GrantReturnReward,90
1,59,Fame,source,LureEconomy.OnHeroEscaped,225
1,59,DP,source,Nemesis.OnSlain,3563
1,59,Material,source,Nemesis.OnSlain,18
1,59,DP,stock,end,107098
1,59,Material,stock,end,7014
1,59,Fame,stock,end,32388
1,60,DP,source,SurfaceMap.CollectYields,216
1,60,Material,source,SurfaceMap.CollectYields,12
1,60,Fame,source,SurfaceMap.CollectYields,39
1,60,DP,source,DistrictCatalog.Collect,28
1,60,Material,source,DistrictCatalog.Collect,8
1,60,DP,sink,MinionRoster.TryForge,-104400
1,60,Material,sink,MinionRoster.TryForge,-1595
1,60,DP,sink,MinionRoster.TrySummon,-2897
1,60,DP,source,AdventurerAI.ReapEmotion,829
1,60,DP,source,AdventurerAI.TakeDamage,131380
1,60,Material,source,AdventurerAI.TakeDamage,682
1,60,DP,sink,CommandSystem.TryUse,-4250
1,60,DP,source,AdventurerAI.GrantReturnReward,6887
1,60,Fame,source,AdventurerAI.GrantReturnReward,100
1,60,Fame,source,LureEconomy.OnHeroEscaped,250
1,60,DP,source,Nemesis.OnSlain,3565
1,60,Material,source,Nemesis.OnSlain,18
1,60,DP,stock,end,138456
1,60,Material,stock,end,6139
1,60,Fame,stock,end,32777
1,61,DP,source,SurfaceMap.CollectYields,216
1,61,Material,source,SurfaceMap.CollectYields,12
1,61,Fame,source,SurfaceMap.CollectYields,39
1,61,DP,source,DistrictCatalog.Collect,28
1,61,Material,source,DistrictCatalog.Collect,8
1,61,DP,sink,MinionRoster.TryForge,-131760
1,61,Material,sink,MinionRoster.TryForge,-2085
1,61,DP,sink,MinionRoster.TrySummon,-6938
1,61,DP,source,AdventurerAI.ReapEmotion,150
1,61,DP,source,AdventurerAI.TakeDamage,81084
1,61,Material,source,AdventurerAI.TakeDamage,907
1,61,DP,sink,CommandSystem.TryUse,-5600
1,61,DP,source,AdventurerAI.GrantReturnReward,15373
1,61,Fame,source,AdventurerAI.GrantReturnReward,310
1,61,Fame,source,LureEconomy.OnHeroEscaped,775
1,61,DP,source,Nemesis.OnSlain,2414
1,61,Material,source,Nemesis.OnSlain,12
1,61,DP,stock,end,93423
1,61,Material,stock,end,4993
1,61,Fame,stock,end,33901
1,62,DP,source,SurfaceMap.CollectYields,216
1,62,Material,source,SurfaceMap.CollectYields,12
1,62,Fame,source,SurfaceMap.CollectYields,39
1,62,DP,source,DistrictCatalog.Collect,28
1,62,Material,source,DistrictCatalog.Collect,8
1,62,DP,sink,MinionRoster.TryForge,-86400
1,62,Material,sink,MinionRoster.TryForge,-1400
1,62,DP,sink,MinionRoster.TrySummon,-7265
1,62,DP,source,AdventurerAI.ReapEmotion,612
1,62,DP,source,AdventurerAI.TakeDamage,109179
1,62,Material,source,AdventurerAI.TakeDamage,885
1,62,DP,sink,CommandSystem.TryUse,-5200
1,62,Fame,source,AdventurerAI.GrantReturnReward,170
1,62,Fame,source,LureEconomy.OnHeroEscaped,425
1,62,DP,source,AdventurerAI.GrantReturnReward,8672
1,62,DP,source,Nemesis.OnSlain,4139
1,62,Material,source,Nemesis.OnSlain,20
1,62,DP,stock,end,117404
1,62,Material,stock,end,4518
1,62,Fame,stock,end,34535
1,63,DP,source,SurfaceMap.CollectYields,216
1,63,Material,source,SurfaceMap.CollectYields,12
1,63,Fame,source,SurfaceMap.CollectYields,39
1,63,DP,source,DistrictCatalog.Collect,28
1,63,Material,source,DistrictCatalog.Collect,8
1,63,DP,sink,MinionRoster.TryForge,-112320
1,63,Material,sink,MinionRoster.TryForge,-1820
1,63,DP,sink,MinionRoster.TrySummon,-5293
1,63,DP,source,AdventurerAI.ReapEmotion,798
1,63,DP,source,AdventurerAI.TakeDamage,91884
1,63,Material,source,AdventurerAI.TakeDamage,732
1,63,DP,sink,CommandSystem.TryUse,-3950
1,63,DP,source,AdventurerAI.GrantReturnReward,12551
1,63,Fame,source,AdventurerAI.GrantReturnReward,300
1,63,Fame,source,LureEconomy.OnHeroEscaped,750
1,63,DP,source,Nemesis.OnSlain,1215
1,63,Material,source,Nemesis.OnSlain,6
1,63,DP,stock,end,102533
1,63,Material,stock,end,3456
1,63,Fame,stock,end,35624
1,64,DP,source,SurfaceMap.CollectYields,216
1,64,Material,source,SurfaceMap.CollectYields,12
1,64,Fame,source,SurfaceMap.CollectYields,39
1,64,DP,source,DistrictCatalog.Collect,28
1,64,Material,source,DistrictCatalog.Collect,8
1,64,DP,sink,MinionRoster.TryForge,-99360
1,64,Material,sink,MinionRoster.TryForge,-1610
1,64,DP,sink,MinionRoster.TrySummon,-3417
1,64,DP,source,AdventurerAI.ReapEmotion,573
1,64,DP,source,AdventurerAI.TakeDamage,111713
1,64,Material,source,AdventurerAI.TakeDamage,1493
1,64,DP,sink,CommandSystem.TryUse,-5600
1,64,DP,source,AdventurerAI.GrantReturnReward,3963
1,64,Fame,source,AdventurerAI.GrantReturnReward,150
1,64,Fame,source,LureEconomy.OnHeroEscaped,375
1,64,DP,source,Nemesis.OnSlain,3742
1,64,Material,source,Nemesis.OnSlain,18
1,64,DP,stock,end,114391
1,64,Material,stock,end,3377
1,64,Fame,stock,end,36188
1,65,DP,source,SurfaceMap.CollectYields,218
1,65,Material,source,SurfaceMap.CollectYields,12
1,65,Fame,source,SurfaceMap.CollectYields,38
1,65,DP,source,DistrictCatalog.Collect,28
1,65,Material,source,DistrictCatalog.Collect,9
1,65,DP,sink,MinionRoster.TryForge,-108000
1,65,Material,sink,MinionRoster.TryForge,-1750
1,65,DP,sink,MinionRoster.TrySummon,-6634
1,65,DP,source,AdventurerAI.ReapEmotion,995
1,65,DP,sink,CommandSystem.TryUse,-4250
1,65,DP,source,AdventurerAI.TakeDamage,141443
1,65,Material,source,AdventurerAI.TakeDamage,696
1,65,DP,source,AdventurerAI.GrantReturnReward,5548
1,65,Fame,source,AdventurerAI.GrantReturnReward,130
1,65,Fame,source,LureEconomy.OnHeroEscaped,325
1,65,DP,source,Nemesis.OnSlain,4682
1,65,Material,source,Nemesis.OnSlain,22
1,65,DP,stock,end,148421
1,65,Material,stock,end,2366
1,65,Fame,stock,end,36681
1,66,DP,source,SurfaceMap.CollectYields,266
1,66,Material,source,SurfaceMap.CollectYields,12
1,66,Fame,source,SurfaceMap.CollectYields,46
1,66,DP,source,DistrictCatalog.Collect,28
1,66,Material,source,DistrictCatalog.Collect,9
1,66,DP,sink,MinionRoster.TryForge,-140520
1,66,Material,sink,MinionRoster.TryForge,-2380
1,66,DP,sink,MinionRoster.TrySummon,-8150
1,66,DP,source,AdventurerAI.ReapEmotion,964
1,66,DP,source,AdventurerAI.TakeDamage,111141
1,66,Material,source,AdventurerAI.TakeDamage,616
1,66,DP,sink,CommandSystem.TryUse,-3800
1,66,Fame,source,AdventurerAI.GrantReturnReward,280
1,66,Fame,source,LureEconomy.OnHeroEscaped,700
1,66,DP,source,AdventurerAI.GrantReturnReward,11859
1,66,DP,source,Nemesis.OnSlain,2576
1,66,Material,source,Nemesis.OnSlain,12
1,66,DP,stock,end,122785
1,66,Material,stock,end,635
1,66,Fame,stock,end,37707
1,67,DP,source,SurfaceMap.CollectYields,266
1,67,Material,source,SurfaceMap.CollectYields,12
1,67,Fame,source,SurfaceMap.CollectYields,46
1,67,DP,source,DistrictCatalog.Collect,28
1,67,Material,source,DistrictCatalog.Collect,9
1,67,DP,sink,MinionRoster.TryForge,-35700
1,67,Material,sink,MinionRoster.TryForge,-630
1,67,DP,sink,MinionRoster.TrySummon,-87052
1,67,DP,sink,ProductionSystem.TryPurchase,-320
1,67,DP,source,AdventurerAI.ReapEmotion,680
1,67,DP,source,AdventurerAI.TakeDamage,91106
1,67,Material,source,AdventurerAI.TakeDamage,408
1,67,DP,sink,CommandSystem.TryUse,-4100
1,67,DP,source,AdventurerAI.GrantReturnReward,2125
1,67,Fame,source,AdventurerAI.GrantReturnReward,40
1,67,Fame,source,LureEconomy.OnHeroEscaped,100
1,67,DP,source,Nemesis.OnSlain,2625
1,67,Material,source,Nemesis.OnSlain,12
1,67,DP,stock,end,92443
1,67,Material,stock,end,446
1,67,Fame,stock,end,37893
1,68,DP,source,SurfaceMap.CollectYields,266
1,68,Material,source,SurfaceMap.CollectYields,12
1,68,Fame,source,SurfaceMap.CollectYields,46
1,68,DP,source,DistrictCatalog.Collect,28
1,68,Material,source,DistrictCatalog.Collect,9
1,68,DP,sink,MinionRoster.TryForge,-25500
1,68,Material,sink,MinionRoster.TryForge,-450
1,68,DP,sink,MinionRoster.TrySummon,-67123
1,68,DP,source,AdventurerAI.ReapEmotion,557
1,68,DP,source,AdventurerAI.TakeDamage,101645
1,68,Material,source,AdventurerAI.TakeDamage,592
1,68,DP,sink,CommandSystem.TryUse,-4100
1,68,DP,source,AdventurerAI.GrantReturnReward,12194
1,68,Fame,source,AdventurerAI.GrantReturnReward,290
1,68,Fame,source,LureEconomy.OnHeroEscaped,725
1,68,DP,source,Nemesis.OnSlain,4274
1,68,Material,source,Nemesis.OnSlain,20
1,68,DP,stock,end,114684
1,68,Material,stock,end,629
1,68,Fame,stock,end,38954
2,1,DP,sink,DungeonFeatureManager.TryPlaceTrap,-150
2,1,DP,source,AdventurerAI.ReapEmotion,100
2,1,DP,source,AdventurerAI.TakeDamage,219
2,1,Material,source,AdventurerAI.TakeDamage,14
2,1,DP,source,AdventurerAI.GrantReturnReward,150
2,1,Fame,source,AdventurerAI.GrantReturnReward,10
2,1,Fame,source,LureEconomy.OnHeroEscaped,25
2,1,DP,sink,CommandSystem.TryUse,-300
2,1,DP,stock,end,219
2,1,Material,stock,end,14
2,1,Fame,stock,end,35
2,2,DP,source,SurfaceMap.CollectYields,18
2,2,Material,source,SurfaceMap.CollectYields,1
2,2,Fame,source,SurfaceMap.CollectYields,4
2,2,DP,source,EraSystem.TickTurn,600
2,2,Fame,source,EraSystem.TickTurn,25
2,2,DP,sink,MinionRoster.TryForge,-236
2,2,DP,sink,MinionEvolution.TryEvolve,-225
2,2,DP,sink,DungeonFeatureManager.TryPlaceTrap,-300
2,2,DP,sink,MinionRoster.TrySummon,-66
2,2,DP,source,AdventurerAI.ReapEmotion,103
2,2,DP,source,AdventurerAI.TakeDamage,134
2,2,Material,source,AdventurerAI.TakeDamage,6
2,2,DP,source,AdventurerAI.GrantReturnReward,526
2,2,Fame,source,AdventurerAI.GrantReturnReward,30
2,2,Fame,source,LureEconomy.OnHeroEscaped,75
2,2,DP,sink,CommandSystem.TryUse,-650
2,2,DP,stock,end,123
2,2,Material,stock,end,21
2,2,Fame,stock,end,169
2,3,DP,source,SurfaceMap.CollectYields,18
2,3,Material,source,SurfaceMap.CollectYields,1
2,3,Fame,source,SurfaceMap.CollectYields,4
2,3,DP,source,EraSystem.TickTurn,600
2,3,Material,source,EraSystem.TickTurn,10
2,3,Fame,source,EraSystem.TickTurn,25
2,3,DP,sink,MinionRoster.TryForge,-236
2,3,DP,sink,MinionEvolution.TryEvolve,-175
2,3,DP,sink,DungeonFeatureManager.TryPlaceTrap,-150
2,3,DP,sink,MinionRoster.TrySummon,-176
2,3,DP,source,AdventurerAI.ReapEmotion,113
2,3,DP,source,AdventurerAI.TakeDamage,390
2,3,Material,source,AdventurerAI.TakeDamage,16
2,3,DP,sink,CommandSystem.TryUse,-300
2,3,DP,stock,end,207
2,3,Material,stock,end,48
2,3,Fame,stock,end,198
2,4,DP,source,SurfaceMap.CollectYields,18
2,4,Material,source,SurfaceMap.CollectYields,1
2,4,Fame,source,SurfaceMap.CollectYields,4
2,4,DP,source,EraSystem.TickTurn,600
2,4,DP,sink,MinionRoster.TryForge,-236
2,4,DP,sink,MinionEvolution.TryEvolve,-225
2,4,DP,sink,DungeonFeatureManager.TryPlaceTrap,-300
2,4,DP,sink,MinionRoster.TrySummon,-60
2,4,DP,source,AdventurerAI.ReapEmotion,124
2,4,DP,source,AdventurerAI.TakeDamage,605
2,4,Material,source,AdventurerAI.TakeDamage,29
2,4,Fame,source,AdventurerAI.GrantReturnReward,30
2,4,Fame,source,LureEconomy.OnHeroEscaped,75
2,4,DP,source,Nemesis.OnSlain,908
2,4,Material,source,Nemesis.OnSlain,10
2,4,DP,sink,CommandSystem.TryUse,-1300
2,4,DP,stock,end,341
2,4,Material,stock,end,88
2,4,Fame,stock,end,307
2,5,DP,source,SurfaceMap.CollectYields,18
2,5,Material,source,SurfaceMap.CollectYields,1
2,5,Fame,source,SurfaceMap.CollectYields,4
2,5,DP,source,EraSystem.TickTurn,600
2,5,Material,source,EraSystem.TickTurn,10
2,5,DP,sink,MinionRoster.TryForge,-212
2,5,DP,sink,DungeonFloorManager.TryExpandFloor,-400
2,5,DP,sink,DungeonFeatureManager.TryPlaceTrap,-150
2,5,DP,sink,MinionRoster.TrySummon,-195
2,5,DP,source,AdventurerAI.ReapEmotion,124
2,5,Fame,source,AdventurerAI.GrantReturnReward,10
2,5,Fame,source,LureEconomy.OnHeroEscaped,25
2,5,DP,source,AdventurerAI.TakeDamage,507
2,5,Material,source,AdventurerAI.TakeDamage,14
2,5,DP,sink,CommandSystem.TryUse,-300
2,5,DP,stock,end,333
2,5,Material,stock,end,113
2,5,Fame,stock,end,346
2,6,DP,source,SurfaceMap.CollectYields,38
2,6,Material,source,SurfaceMap.CollectYields,2
2,6,Fame,source,SurfaceMap.CollectYields,8
2,6,DP,source,EraSystem.TickTurn,600
2,6,DP,sink,MinionRoster.TryForge,-212
2,6,DP,sink,MinionEvolution.TryEvolve,-325
2,6,DP,sink,DungeonFeatureManager.TryPlaceTrap,-300
2,6,DP,sink,MinionRoster.TrySummon,-134
2,6,DP,source,AdventurerAI.TakeDamage,626
2,6,Material,source,AdventurerAI.TakeDamage,20
2,6,DP,source,AdventurerAI.ReapEmotion,163
2,6,DP,sink,CommandSystem.TryUse,-650
2,6,DP,source,AdventurerAI.GrantReturnReward,236
2,6,Fame,source,AdventurerAI.GrantReturnReward,10
2,6,Fame,source,LureEconomy.OnHeroEscaped,25
2,6,DP,source,Nemesis.OnSlain,972
2,6,Material,source,Nemesis.OnSlain,10
2,6,DP,stock,end,1347
2,6,Material,stock,end,145
2,6,Fame,stock,end,389
2,7,DP,source,SurfaceMap.CollectYields,38
2,7,Material,source,SurfaceMap.CollectYields,2
2,7,Fame,source,SurfaceMap.CollectYields,8
2,7,DP,source,EraSystem.TickTurn,1020
2,7,DP,sink,MinionRoster.TryForge,-212
2,7,DP,sink,DungeonFloorManager.TryAddFloor,-800
2,7,DP,sink,DungeonFloorManager.TryExpandFloor,-400
2,7,DP,sink,MinionEvolution.TryEvolve,-650
2,7,DP,sink,DungeonFeatureManager.TryPlaceTrap,-150
2,7,DP,sink,MinionRoster.TrySummon,-180
2,7,DP,source,AdventurerAI.ReapEmotion,379
2,7,DP,source,AdventurerAI.TakeDamage,529
2,7,Material,source,AdventurerAI.TakeDamage,18
2,7,DP,sink,CommandSystem.TryUse,-1800
2,7,DP,source,AdventurerAI.GrantReturnReward,704
2,7,Fame,source,AdventurerAI.GrantReturnReward,20
2,7,Fame,source,LureEconomy.OnHeroEscaped,50
2,7,DP,source,Nemesis.OnSlain,1004
2,7,Material,source,Nemesis.OnSlain,10
2,7,DP,stock,end,829
2,7,Material,stock,end,175
2,7,Fame,stock,end,467
2,8,DP,source,SurfaceMap.CollectYields,38
2,8,Material,source,SurfaceMap.CollectYields,2
2,8,Fame,source,SurfaceMap.CollectYields,8
2,8,DP,source,EraSystem.TickTurn,600
2,8,DP,sink,MinionRoster.TryForge,-212
2,8,DP,sink,DungeonFloorManager.TryExpandFloor,-800
2,8,DP,sink,MinionRoster.TryEvolveIndividual,-150
2,8,DP,sink,DungeonFeatureManager.TryPlaceTrap,-150
2,8,DP,sink,MinionRoster.TrySummon,-139
2,8,DP,source,AdventurerAI.ReapEmotion,206
2,8,Fame,source,AdventurerAI.GrantReturnReward,30
2,8,Fame,source,LureEconomy.OnHeroEscaped,75
2,8,DP,source,AdventurerAI.TakeDamage,727
2,8,Material,source,AdventurerAI.TakeDamage,24
2,8,DP,sink,CommandSystem.TryUse,-650
2,8,DP,source,AdventurerAI.GrantReturnReward,131
2,8,DP,stock,end,430
2,8,Material,stock,end,201
2,8,Fame,stock,end,580
2,9,DP,source,SurfaceMap.CollectYields,44
2,9,Material,source,SurfaceMap.CollectYields,2
2,9,Fame,source,SurfaceMap.CollectYields,10
2,9,DP,source,EraSystem.TickTurn,600
2,9,Fame,source,EraSystem.TickTurn,25
2,9,DP,sink,MinionRoster.TryForge,-190
2,9,DP,sink,MinionEvolution.TryEvolve,-500
2,9,DP,sink,MinionRoster.TryEvolveIndividual,-75
2,9,DP,sink,DungeonFeatureManager.TryPlaceTrap,-150
2,9,DP,sink,MinionRoster.TrySummon,-158
2,9,DP,source,AdventurerAI.ReapEmotion,227
2,9,DP,source,AdventurerAI.TakeDamage,650
2,9,Material,source,AdventurerAI.TakeDamage,23
2,9,DP,sink,CommandSystem.TryUse,-1300
2,9,DP,source,AdventurerAI.GrantReturnReward,613
2,9,Fame,source,AdventurerAI.GrantReturnReward,30
2,9,Fame,source,LureEconomy.OnHeroEscaped,75
2,9,DP,stock,end,191
2,9,Material,stock,end,226
2,9,Fame,stock,end,720
2,10,DP,source,SurfaceMap.CollectYields,77
2,10,Material,source,SurfaceMap.CollectYields,3
2,10,Fame,source,SurfaceMap.CollectYields,15
2,10,DP,source,EraSystem.TickTurn,1020
2,10,DP,sink,MinionRoster.TryForge,-190
2,10,DP,sink,MinionEvolution.TryEvolve,-550
2,10,DP,sink,MinionRoster.TryEvolveIndividual,-225
2,10,DP,sink,DungeonFeatureManager.TryPlaceTrap,-150
2,10,DP,sink,MinionRoster.TrySummon,-173
2,10,DP,source,AdventurerAI.ReapEmotion,313
2,10,DP,source,AdventurerAI.TakeDamage,1007
2,10,Material,source,AdventurerAI.TakeDamage,27
2,10,DP,sink,CommandSystem.TryUse,-1300
2,10,DP,source,AdventurerAI.GrantReturnReward,235
2,10,Fame,source,AdventurerAI.GrantReturnReward,10
2,10,Fame,source,LureEconomy.OnHeroEscaped,25
2,10,DP,stock,end,255
2,10,Material,stock,end,256
2,10,Fame,stock,end,770
2,11,DP,source,SurfaceMap.CollectYields,51
2,11,Material,source,SurfaceMap.CollectYields,2
2,11,Fame,source,SurfaceMap.CollectYields,10
2,11,DP,sink,DungeonFeatureManager.TryPlaceTrap,-150
2,11,DP,sink,MinionRoster.TrySummon,-131
2,11,DP,source,AdventurerAI.ReapEmotion,131
2,11,DP,source,AdventurerAI.GrantReturnReward,1033
2,11,Fame,source,AdventurerAI.GrantReturnReward,40
2,11,Fame,source,LureEconomy.OnHeroEscaped,100
2,11,DP,sink,CommandSystem.TryUse,-1450
2,11,DP,source,AdventurerAI.TakeDamage,892
2,11,Material,source,AdventurerAI.TakeDamage,58
2,11,DP,source,Nemesis.OnSlain,1326
2,11,Material,source,Nemesis.OnSlain,12
2,11,DP,stock,end,1957
2,11,Material,stock,end,328
2,11,Fame,stock,end,920
2,12,DP,source,SurfaceMap.CollectYields,51
2,12,Material,source,SurfaceMap.CollectYields,2
2,12,Fame,source,SurfaceMap.CollectYields,10
2,12,DP,source,DistrictCatalog.Collect,98
2,12,DP,source,EraSystem.TickTurn,300
2,12,DP,sink,MinionRoster.TryForge,-285
2,12,DP,sink,DungeonFloorManager.TryExpandFloor,-800
2,12,DP,sink,MinionRoster.TryEvolveIndividual,-975
2,12,DP,sink,DungeonFeatureManager.TryPlaceTrap,-150
2,12,DP,sink,MinionRoster.TrySummon,-195
2,12,DP,source,AdventurerAI.ReapEmotion,155
2,12,DP,source,AdventurerAI.GrantReturnReward,206
2,12,Fame,source,AdventurerAI.GrantReturnReward,10
2,12,Fame,source,LureEconomy.OnHeroEscaped,25
2,12,DP,sink,CommandSystem.TryUse,-1800
2,12,DP,source,AdventurerAI.TakeDamage,1142
2,12,Material,source,AdventurerAI.TakeDamage,36
2,12,DP,source,Nemesis.OnSlain,1377
2,12,Material,source,Nemesis.OnSlain,10
2,12,DP,stock,end,1081
2,12,Material,stock,end,376
2,12,Fame,stock,end,965
2,13,DP,source,SurfaceMap.CollectYields,38
2,13,Material,source,SurfaceMap.CollectYields,2
2,13,Fame,source,SurfaceMap.CollectYields,8
2,13,DP,source,DistrictCatalog.Collect,112
2,13,DP,sink,MinionRoster.TryForge,-285
2,13,DP,sink,MinionRoster.TryEvolveIndividual,-550
2,13,DP,sink,DungeonFeatureManager.TryPlaceTrap,-150
2,13,DP,sink,MinionRoster.TrySummon,-243
2,13,DP,source,AdventurerAI.ReapEmotion,167
2,13,DP,source,AdventurerAI.TakeDamage,1821
2,13,Material,source,AdventurerAI.TakeDamage,63
2,13,DP,source,AdventurerAI.GrantReturnReward,830
2,13,Fame,source,AdventurerAI.GrantReturnReward,20
2,13,Fame,source,LureEconomy.OnHeroEscaped,50
2,13,DP,sink,CommandSystem.TryUse,-1800
2,13,DP,source,Nemesis.OnSlain,1134
2,13,Material,source,Nemesis.OnSlain,10
2,13,DP,stock,end,2155
2,13,Material,stock,end,451
2,13,Fame,stock,end,1043
2,14,DP,source,SurfaceMap.CollectYields,79
2,14,Material,source,SurfaceMap.CollectYields,4
2,14,Fame,source,SurfaceMap.CollectYields,17
2,14,DP,source,DistrictCatalog.Collect,112
2,14,DP,sink,MinionRoster.TryForge,-190
2,14,DP,sink,DungeonFloorManager.TryExpandFloor,-1500
2,14,DP,sink,MinionRoster.TryEvolveIndividual,-325
2,14,DP,sink,DungeonFeatureManager.TryPlaceTrap,-150
2,14,DP,sink,MinionRoster.TrySummon,-162
2,14,DP,source,AdventurerAI.ReapEmotion,140
2,14,DP,source,AdventurerAI.TakeDamage,1255
2,14,Material,source,AdventurerAI.TakeDamage,49
2,14,DP,sink,CommandSystem.TryUse,-1800
2,14,DP,source,AdventurerAI.GrantReturnReward,1323
2,14,Fame,source,AdventurerAI.GrantReturnReward,40
2,14,Fame,source,LureEconomy.OnHeroEscaped,100
2,14,DP,stock,end,937
2,14,Material,stock,end,504
2,14,Fame,stock,end,1200
2,15,DP,source,SurfaceMap.CollectYields,79
2,15,Material,source,SurfaceMap.CollectYields,4
2,15,Fame,source,SurfaceMap.CollectYields,17
2,15,DP,source,DistrictCatalog.Collect,112
2,15,DP,sink,MinionRoster.TryForge,-475
2,15,DP,sink,MinionRoster.TryEvolveIndividual,-250
2,15,DP,sink,DungeonFeatureManager.TryPlaceTrap,-150
2,15,DP,sink,MinionRoster.TrySummon,-243
2,15,DP,source,AdventurerAI.ReapEmotion,160
2,15,DP,source,AdventurerAI.GrantReturnReward,601
2,15,Fame,source,AdventurerAI.GrantReturnReward,20
2,15,Fame,source,LureEconomy.OnHeroEscaped,50
2,15,DP,sink,CommandSystem.TryUse,-1800
2,15,DP,source,AdventurerAI.TakeDamage,1673
2,15,Material,source,AdventurerAI.TakeDamage,49
2,15,DP,stock,end,644
2,15,Material,stock,end,557
2,15,Fame,stock,end,1287
2,16,DP,source,SurfaceMap.CollectYields,79
2,16,Material,source,SurfaceMap.CollectYields,4
2,16,Fame,source,SurfaceMap.CollectYields,17
2,16,DP,source,DistrictCatalog.Collect,112
2,16,DP,source,WaveRoster.ResolveTrial,2400
2,16,DP,sink,MinionRoster.TryForge,-475
2,16,DP,sink,DungeonFloorManager.TryAddFloor,-2000
2,16,DP,sink,DungeonFloorManager.TryExpandFloor,-400
2,16,DP,sink,DungeonFeatureManager.TryPlaceTrap,-150
2,16,DP,sink,MinionRoster.TrySummon,-204
2,16,DP,source,AdventurerAI.ReapEmotion,155
2,16,DP,source,AdventurerAI.GrantReturnReward,2221
2,16,Fame,source,AdventurerAI.GrantReturnReward,80
2,16,Fame,source,LureEconomy.OnHeroEscaped,200
2,16,DP,sink,CommandSystem.TryUse,-2300
2,16,DP,source,AdventurerAI.TakeDamage,1220
2,16,Material,source,AdventurerAI.TakeDamage,65
2,16,DP,source,Nemesis.OnSlain,1232
2,16,Material,source,Nemesis.OnSlain,10
2,16,DP,stock,end,2534
2,16,Material,stock,end,636
2,16,Fame,stock,end,1584
2,17,DP,source,SurfaceMap.CollectYields,79
2,17,Material,source,SurfaceMap.CollectYields,4
2,17,Fame,source,SurfaceMap.CollectYields,17
2,17,DP,source,DistrictCatalog.Collect,112
2,17,DP,source,EraSystem.TickTurn,720
2,17,DP,sink,MinionRoster.TryForge,-190
2,17,DP,sink,DungeonFloorManager.TryExpandFloor,-2300
2,17,DP,sink,MinionRoster.TryEvolveIndividual,-625
2,17,DP,sink,DungeonFeatureManager.TryPlaceTrap,-150
2,17,DP,sink,MinionRoster.TrySummon,-170
2,17,DP,source,AdventurerAI.ReapEmotion,159
2,17,DP,source,AdventurerAI.TakeDamage,2293
2,17,Material,source,AdventurerAI.TakeDamage,75
2,17,DP,sink,CommandSystem.TryUse,-1800
2,17,DP,source,AdventurerAI.GrantReturnReward,1225
2,17,Fame,source,AdventurerAI.GrantReturnReward,40
2,17,Fame,source,LureEconomy.OnHeroEscaped,100
2,17,DP,source,Nemesis.OnSlain,1264
2,17,Material,source,Nemesis.OnSlain,10
2,17,DP,stock,end,3151
2,17,Material,stock,end,725
2,17,Fame,stock,end,1741
2,18,DP,source,SurfaceMap.CollectYields,81
2,18,Material,source,SurfaceMap.CollectYields,4
2,18,Fame,source,SurfaceMap.CollectYields,17
2,18,DP,source,DistrictCatalog.Collect,140
2,18,DP,sink,MinionRoster.TryForge,-2610
2,18,DP,sink,MinionRoster.TryEvolveIndividual,-325
2,18,DP,sink,DungeonFeatureManager.TryPlaceTrap,-150
2,18,DP,sink,MinionRoster.TrySummon,-285
2,18,DP,source,AdventurerAI.ReapEmotion,140
2,18,DP,source,AdventurerAI.TakeDamage,2369
2,18,Material,source,AdventurerAI.TakeDamage,60
2,18,DP,sink,CommandSystem.TryUse,-2300
2,18,DP,source,AdventurerAI.GrantReturnReward,1514
2,18,Fame,source,AdventurerAI.GrantReturnReward,60
2,18,Fame,source,LureEconomy.OnHeroEscaped,150
2,18,DP,source,Nemesis.OnSlain,632
2,18,Material,source,Nemesis.OnSlain,5
2,18,DP,stock,end,2357
2,18,Material,stock,end,794
2,18,Fame,stock,end,1968
2,19,DP,source,SurfaceMap.CollectYields,135
2,19,Material,source,SurfaceMap.CollectYields,5
2,19,Fame,source,SurfaceMap.CollectYields,27
2,19,DP,source,DistrictCatalog.Collect,140
2,19,DP,sink,MinionRoster.TryForge,-598
2,19,DP,sink,DungeonFloorManager.TryExpandFloor,-1500
2,19,DP,sink,DungeonFeatureManager.TryPlaceTrap,-300
2,19,DP,sink,MinionRoster.TrySummon,-228
2,19,DP,source,IncidentSystem.Apply,600
2,19,DP,sink,CommandSystem.TryUse,-2300
2,19,DP,source,AdventurerAI.ReapEmotion,131
2,19,DP,source,AdventurerAI.TakeDamage,3119
2,19,Material,source,AdventurerAI.TakeDamage,85
2,19,DP,source,AdventurerAI.GrantReturnReward,403
2,19,Fame,source,AdventurerAI.GrantReturnReward,30
2,19,Fame,source,LureEconomy.OnHeroEscaped,75
2,19,DP,source,Nemesis.OnSlain,2230
2,19,Material,source,Nemesis.OnSlain,17
2,19,DP,stock,end,4189
2,19,Material,stock,end,901
2,19,Fame,stock,end,2100
2,20,DP,source,SurfaceMap.CollectYields,135
2,20,Material,source,SurfaceMap.CollectYields,5
2,20,Fame,source,SurfaceMap.CollectYields,27
2,20,DP,source,DistrictCatalog.Collect,140
2,20,DP,sink,MinionRoster.TryForge,-3658
2,20,DP,sink,MinionRoster.TryEvolveIndividual,-325
2,20,DP,sink,DungeonFeatureManager.TryPlaceTrap,-300
2,20,DP,sink,MinionRoster.TrySummon,-170
2,20,DP,source,AdventurerAI.ReapEmotion,250
2,20,DP,source,AdventurerAI.TakeDamage,3837
2,20,Material,source,AdventurerAI.TakeDamage,87
2,20,DP,sink,CommandSystem.TryUse,-2450
2,20,DP,source,AdventurerAI.GrantReturnReward,666
2,20,Fame,source,AdventurerAI.GrantReturnReward,60
2,20,Fame,source,LureEconomy.OnHeroEscaped,150
2,20,DP,source,Nemesis.OnSlain,1344
2,20,Material,source,Nemesis.OnSlain,10
2,20,DP,stock,end,3658
2,20,Material,stock,end,1003
2,20,Fame,stock,end,2337
2,21,DP,source,SurfaceMap.CollectYields,135
2,21,Material,source,SurfaceMap.CollectYields,5
2,21,Fame,source,SurfaceMap.CollectYields,27
2,21,DP,source,DistrictCatalog.Collect,140
2,21,DP,sink,MinionRoster.TryForge,-3032
2,21,DP,sink,MinionRoster.TryEvolveIndividual,-325
2,21,DP,sink,DungeonFeatureManager.TryPlaceTrap,-300
2,21,DP,sink,MinionRoster.TrySummon,-270
2,21,DP,source,AdventurerAI.ReapEmotion,167
2,21,DP,source,AdventurerAI.GrantReturnReward,1221
2,21,Fame,source,AdventurerAI.GrantReturnReward,50
2,21,Fame,source,LureEconomy.OnHeroEscaped,125
2,21,DP,sink,CommandSystem.TryUse,-2150
2,21,DP,source,AdventurerAI.TakeDamage,3429
2,21,Material,source,AdventurerAI.TakeDamage,96
2,21,DP,source,Nemesis.OnSlain,680
2,21,Material,source,Nemesis.OnSlain,5
2,21,DP,stock,end,3353
2,21,Material,stock,end,1109
2,21,Fame,stock,end,2539
2,22,DP,source,SurfaceMap.CollectYields,135
2,22,Material,source,SurfaceMap.CollectYields,5
2,22,Fame,source,SurfaceMap.CollectYields,27
2,22,DP,source,DistrictCatalog.Collect,126
2,22,DP,sink,MinionRoster.TryForge,-190
2,22,DP,sink,DungeonFloorManager.TryExpandFloor,-2500
2,22,DP,sink,MinionRoster.TryEvolveIndividual,-550
2,22,DP,sink,DungeonFeatureManager.TryPlaceTrap,-150
2,22,DP,sink,MinionRoster.TrySummon,-213
2,22,DP,source,AdventurerAI.ReapEmotion,249
2,22,DP,source,AdventurerAI.TakeDamage,2734
2,22,Material,source,AdventurerAI.TakeDamage,51
2,22,DP,sink,CommandSystem.TryUse,-2450
2,22,DP,source,AdventurerAI.GrantReturnReward,2500
2,22,Fame,source,AdventurerAI.GrantReturnReward,90
2,22,Fame,source,LureEconomy.OnHeroEscaped,225
2,22,DP,stock,end,3044
2,22,Material,stock,end,1165
2,22,Fame,stock,end,2881
2,23,DP,source,SurfaceMap.CollectYields,102
2,23,Material,source,SurfaceMap.CollectYields,5
2,23,Fame,source,SurfaceMap.CollectYields,22
2,23,DP,source,DistrictCatalog.Collect,140
2,23,DP,sink,MinionRoster.TryForge,-2688
2,23,DP,sink,DungeonFeatureManager.TryPlaceTrap,-300
2,23,DP,sink,MinionRoster.TrySummon,-284
2,23,DP,source,AdventurerAI.ReapEmotion,442
2,23,DP,source,AdventurerAI.TakeDamage,2583
2,23,Material,source,AdventurerAI.TakeDamage,52
2,23,DP,sink,CommandSystem.TryUse,-6250
2,23,DP,source,AdventurerAI.GrantReturnReward,6519
2,23,Fame,source,AdventurerAI.GrantReturnReward,180
2,23,Fame,source,LureEconomy.OnHeroEscaped,450
2,23,DP,source,Nemesis.OnSlain,697
2,23,Material,source,Nemesis.OnSlain,5
2,23,DP,stock,end,4005
2,23,Material,stock,end,1227
2,23,Fame,stock,end,3533
2,24,DP,source,SurfaceMap.CollectYields,125
2,24,Material,source,SurfaceMap.CollectYields,6
2,24,Fame,source,SurfaceMap.CollectYields,27
2,24,DP,source,DistrictCatalog.Collect,140
2,24,DP,sink,MinionRoster.TryForge,-168
2,24,DP,sink,MinionEvolution.TryEvolve,-3750
2,24,DP,sink,DungeonFeatureManager.TryPlaceTrap,-150
2,24,DP,sink,MinionRoster.TrySummon,-189
2,24,DP,source,AdventurerAI.ReapEmotion,261
2,24,DP,source,AdventurerAI.GrantReturnReward,6870
2,24,Fame,source,AdventurerAI.GrantReturnReward,210
2,24,Fame,source,LureEconomy.OnHeroEscaped,525
2,24,DP,sink,CommandSystem.TryUse,-6050
2,24,DP,source,AdventurerAI.TakeDamage,3664
2,24,Material,source,AdventurerAI.TakeDamage,114
2,24,DP,source,Nemesis.OnSlain,1402
2,24,Material,source,Nemesis.OnSlain,9
2,24,DP,stock,end,6160
2,24,Material,stock,end,1356
2,24,Fame,stock,end,4295
2,25,DP,source,SurfaceMap.CollectYields,125
2,25,Material,source,SurfaceMap.CollectYields,6
2,25,Fame,source,SurfaceMap.CollectYields,27
2,25,DP,source,DistrictCatalog.Collect,28
2,25,DP,source,EraSystem.TickTurn,3840
2,25,DP,sink,MinionRoster.TryForge,-168
2,25,DP,sink,DungeonFloorManager.TryAddFloor,-5000
2,25,DP,sink,DungeonFloorManager.TryExpandFloor,-2700
2,25,DP,sink,MinionEvolution.TryEvolve,-1150
2,25,DP,sink,MinionRoster.TryEvolveIndividual,-800
2,25,DP,sink,DungeonFeatureManager.TryPlaceTrap,-150
2,25,DP,sink,MinionRoster.TrySummon,-162
2,25,DP,source,AdventurerAI.ReapEmotion,560
2,25,DP,sink,CommandSystem.TryUse,-5550
2,25,DP,source,AdventurerAI.GrantReturnReward,7418
2,25,Fame,source,AdventurerAI.GrantReturnReward,220
2,25,Fame,source,LureEconomy.OnHeroEscaped,550
2,25,DP,source,AdventurerAI.TakeDamage,7522
2,25,Material,source,AdventurerAI.TakeDamage,73
2,25,DP,source,Nemesis.OnSlain,1000
2,25,Material,source,Nemesis.OnSlain,7
2,25,DP,stock,end,10973
2,25,Material,stock,end,1442
2,25,Fame,stock,end,5092
2,26,DP,source,SurfaceMap.CollectYields,125
2,26,Material,source,SurfaceMap.CollectYields,6
2,26,Fame,source,SurfaceMap.CollectYields,27
2,26,DP,source,DistrictCatalog.Collect,28
2,26,DP,source,EraSystem.TickTurn,6528
2,26,DP,sink,MinionRoster.TryForge,-168
2,26,DP,sink,DungeonFloorManager.TryAddFloor,-12500
2,26,DP,sink,DungeonFloorManager.TryExpandFloor,-2700
2,26,DP,sink,MinionRoster.TryEvolveIndividual,-1975
2,26,DP,sink,DungeonFeatureManager.TryPlaceTrap,-150
2,26,DP,sink,MinionRoster.TrySummon,-132
2,26,DP,source,AdventurerAI.ReapEmotion,257
2,26,DP,source,AdventurerAI.GrantReturnReward,11506
2,26,Fame,source,AdventurerAI.GrantReturnReward,330
2,26,Fame,source,LureEconomy.OnHeroEscaped,825
2,26,DP,sink,CommandSystem.TryUse,-5100
2,26,DP,source,AdventurerAI.TakeDamage,4338
2,26,Material,source,AdventurerAI.TakeDamage,50
2,26,DP,source,Nemesis.OnSlain,745
2,26,Material,source,Nemesis.OnSlain,5
2,26,DP,stock,end,11775
2,26,Material,stock,end,1503
2,26,Fame,stock,end,6274
2,27,DP,source,SurfaceMap.CollectYields,125
2,27,Material,source,SurfaceMap.CollectYields,6
2,27,Fame,source,SurfaceMap.CollectYields,27
2,27,DP,source,DistrictCatalog.Collect,28
2,27,DP,source,EraSystem.TickTurn,6528
2,27,DP,sink,MinionRoster.TryForge,-168
2,27,DP,sink,DungeonFloorManager.TryExpandFloor,-7500
2,27,DP,sink,MinionRoster.TryEvolveIndividual,-10475
2,27,DP,sink,DungeonFeatureManager.TryPlaceTrap,-150
2,27,DP,sink,MinionRoster.TrySummon,-136
2,27,DP,source,AdventurerAI.ReapEmotion,297
2,27,DP,sink,CommandSystem.TryUse,-2950
2,27,DP,source,AdventurerAI.GrantReturnReward,9069
2,27,Fame,source,AdventurerAI.GrantReturnReward,240
2,27,Fame,source,LureEconomy.OnHeroEscaped,600
2,27,DP,source,AdventurerAI.TakeDamage,1811
2,27,Material,source,AdventurerAI.TakeDamage,20
2,27,DP,stock,end,8254
2,27,Material,stock,end,1529
2,27,Fame,stock,end,7141
2,28,DP,source,SurfaceMap.CollectYields,125
2,28,Material,source,SurfaceMap.CollectYields,6
2,28,Fame,source,SurfaceMap.CollectYields,27
2,28,DP,source,DistrictCatalog.Collect,28
2,28,DP,source,EraSystem.TickTurn,3840
2,28,DP,sink,MinionRoster.TryForge,-7200
2,28,DP,sink,DungeonFloorManager.TryExpandFloor,-2500
2,28,DP,sink,MinionRoster.TryEvolveIndividual,-1900
2,28,DP,sink,DungeonFeatureManager.TryPlaceTrap,-450
2,28,DP,sink,MinionRoster.TrySummon,-172
2,28,DP,source,AdventurerAI.ReapEmotion,168
2,28,DP,source,AdventurerAI.GrantReturnReward,17570
2,28,Fame,source,AdventurerAI.GrantReturnReward,480
2,28,Fame,source,LureEconomy.OnHeroEscaped,1200
2,28,DP,sink,CommandSystem.TryUse,-6400
2,28,DP,source,AdventurerAI.TakeDamage,4464
2,28,Material,source,AdventurerAI.TakeDamage,46
2,28,DP,stock,end,15827
2,28,Material,stock,end,1581
2,28,Fame,stock,end,8848
2,29,DP,source,SurfaceMap.CollectYields,84
2,29,Material,source,SurfaceMap.CollectYields,4
2,29,Fame,source,SurfaceMap.CollectYields,18
2,29,DP,source,DistrictCatalog.Collect,28
2,29,DP,source,EraSystem.TickTurn,3840
2,29,DP,sink,MinionRoster.TryForge,-13296
2,29,DP,sink,MinionRoster.TryEvolveIndividual,-1000
2,29,DP,sink,DungeonFeatureManager.TryPlaceTrap,-3600
2,29,DP,sink,MinionRoster.TrySummon,-1864
2,29,DP,source,AdventurerAI.ReapEmotion,266
2,29,DP,source,AdventurerAI.GrantReturnReward,18395
2,29,Fame,source,AdventurerAI.GrantReturnReward,390
2,29,Fame,source,LureEconomy.OnHeroEscaped,975
2,29,DP,sink,CommandSystem.TryUse,-5250
2,29,DP,source,AdventurerAI.TakeDamage,11138
2,29,Material,source,AdventurerAI.TakeDamage,190
2,29,DP,stock,end,24568
2,29,Material,stock,end,1775
2,29,Fame,stock,end,10231
2,30,DP,source,SurfaceMap.CollectYields,104
2,30,Material,source,SurfaceMap.CollectYields,5
2,30,Fame,source,SurfaceMap.CollectYields,22
2,30,DP,source,DistrictCatalog.Collect,28
2,30,DP,source,EraSystem.TickTurn,6528
2,30,Material,source,EraSystem.TickTurn,32
2,30,DP,sink,MinionRoster.TryForge,-13068
2,30,DP,sink,MinionRoster.TryEvolveIndividual,-1125
2,30,Material,sink,MinionRoster.TryForge,-12
2,30,DP,sink,DungeonFeatureManager.TryPlaceTrap,-3600
2,30,DP,sink,MinionRoster.TrySummon,-13404
2,30,DP,source,AdventurerAI.ReapEmotion,636
2,30,DP,sink,CommandSystem.TryUse,-3400
2,30,DP,source,AdventurerAI.GrantReturnReward,4951
2,30,Fame,source,AdventurerAI.GrantReturnReward,230
2,30,Fame,source,LureEconomy.OnHeroEscaped,575
2,30,DP,source,AdventurerAI.TakeDamage,5474
2,30,Material,source,AdventurerAI.TakeDamage,104
2,30,DP,stock,end,7692
2,30,Material,stock,end,1904
2,30,Fame,stock,end,11058
2,31,DP,source,SurfaceMap.CollectYields,104
2,31,Material,source,SurfaceMap.CollectYields,6
2,31,Fame,source,SurfaceMap.CollectYields,22
2,31,DP,source,DistrictCatalog.Collect,28
2,31,DP,source,EraSystem.TickTurn,3840
2,31,Material,source,EraSystem.TickTurn,37
2,31,Fame,source,EraSystem.TickTurn,80
2,31,DP,sink,MinionRoster.TryForge,-5256
2,31,DP,sink,MinionRoster.TryEvolveIndividual,-375
2,31,DP,sink,DungeonFeatureManager.TryPlaceTrap,-3600
2,31,DP,sink,MinionRoster.TrySummon,-2424
2,31,DP,source,AdventurerAI.ReapEmotion,160
2,31,DP,source,AdventurerAI.GrantReturnReward,20552
2,31,Fame,source,AdventurerAI.GrantReturnReward,440
2,31,Fame,source,LureEconomy.OnHeroEscaped,1100
2,31,DP,sink,CommandSystem.TryUse,-6050
2,31,DP,source,AdventurerAI.TakeDamage,18130
2,31,Material,source,AdventurerAI.TakeDamage,411
2,31,DP,stock,end,32801
2,31,Material,stock,end,2358
2,31,Fame,stock,end,12700
2,32,DP,source,SurfaceMap.CollectYields,145
2,32,Material,source,SurfaceMap.CollectYields,8
2,32,Fame,source,SurfaceMap.CollectYields,31
2,32,DP,source,DistrictCatalog.Collect,28
2,32,DP,source,EraSystem.TickTurn,6528
2,32,Fame,source,EraSystem.TickTurn,192
2,32,DP,sink,MinionRoster.TryForge,-1404
2,32,DP,sink,DungeonFloorManager.TryAddFloor,-31250
2,32,DP,sink,DungeonFloorManager.TryExpandFloor,-5200
2,32,DP,sink,MinionRoster.TryEvolveIndividual,-1175
2,32,DP,sink,DungeonFeatureManager.TryPlaceTrap,-300
2,32,DP,sink,MinionRoster.TrySummon,-144
2,32,DP,source,AdventurerAI.ReapEmotion,404
2,32,DP,sink,CommandSystem.TryUse,-5550
2,32,DP,source,AdventurerAI.GrantReturnReward,29858
2,32,Fame,source,AdventurerAI.GrantReturnReward,460
2,32,Fame,source,LureEconomy.OnHeroEscaped,1150
2,32,DP,source,AdventurerAI.TakeDamage,11115
2,32,Material,source,AdventurerAI.TakeDamage,126
2,32,DP,stock,end,35856
2,32,Material,stock,end,2492
2,32,Fame,stock,end,14533
2,33,DP,source,SurfaceMap.CollectYields,146
2,33,Material,source,SurfaceMap.CollectYields,8
2,33,Fame,source,SurfaceMap.CollectYields,32
2,33,DP,source,DistrictCatalog.Collect,28
2,33,DP,sink,MinionRoster.TryForge,-12204
2,33,DP,sink,MinionRoster.TryEvolveIndividual,-600
2,33,DP,sink,DungeonFeatureManager.TryPlaceTrap,-3600
2,33,DP,sink,MinionRoster.TrySummon,-19603
2,33,DP,source,AdventurerAI.ReapEmotion,118
2,33,DP,source,AdventurerAI.GrantReturnReward,23477
2,33,Fame,source,AdventurerAI.GrantReturnReward,360
2,33,Fame,source,LureEconomy.OnHeroEscaped,900
2,33,DP,sink,CommandSystem.TryUse,-4750
2,33,DP,source,AdventurerAI.TakeDamage,25405
2,33,Material,source,AdventurerAI.TakeDamage,648
2,33,DP,source,Nemesis.OnSlain,2131
2,33,Material,source,Nemesis.OnSlain,13
2,33,DP,stock,end,46404
2,33,Material,stock,end,3161
2,33,Fame,stock,end,15825
2,34,DP,source,SurfaceMap.CollectYields,146
2,34,Material,source,SurfaceMap.CollectYields,8
2,34,Fame,source,SurfaceMap.CollectYields,32
2,34,DP,source,DistrictCatalog.Collect,28
2,34,DP,sink,MinionRoster.TryForge,-5952
2,34,DP,sink,MinionRoster.TryEvolveIndividual,-1025
2,34,DP,sink,DungeonFeatureManager.TryPlaceTrap,-3600
2,34,DP,sink,MinionRoster.TrySummon,-35986
2,34,DP,source,IncidentSystem.Apply,600
2,34,DP,sink,CommandSystem.TryUse,-5100
2,34,DP,source,AdventurerAI.ReapEmotion,152
2,34,DP,source,AdventurerAI.GrantReturnReward,29290
2,34,Fame,source,AdventurerAI.GrantReturnReward,450
2,34,Fame,source,LureEconomy.OnHeroEscaped,1125
2,34,DP,source,AdventurerAI.TakeDamage,17344
2,34,Material,source,AdventurerAI.TakeDamage,299
2,34,DP,source,Nemesis.OnSlain,2131
2,34,Material,source,Nemesis.OnSlain,13
2,34,DP,stock,end,44432
2,34,Material,stock,end,3481
2,34,Fame,stock,end,17432
2,35,DP,source,SurfaceMap.CollectYields,167
2,35,Material,source,SurfaceMap.CollectYields,9
2,35,Fame,source,SurfaceMap.CollectYields,37
2,35,DP,source,DistrictCatalog.Collect,28
2,35,DP,sink,MinionRoster.TryForge,-19494
2,35,Material,sink,MinionRoster.TryForge,-46
2,35,DP,sink,DungeonFeatureManager.TryPlaceTrap,-3600
2,35,DP,sink,MinionRoster.TrySummon,-21496
2,35,DP,source,AdventurerAI.ReapEmotion,566
2,35,DP,sink,CommandSystem.TryUse,-5200
2,35,DP,source,AdventurerAI.GrantReturnReward,33083
2,35,Fame,source,AdventurerAI.GrantReturnReward,630
2,35,Fame,source,LureEconomy.OnHeroEscaped,1575
2,35,DP,source,AdventurerAI.TakeDamage,46257
2,35,Material,source,AdventurerAI.TakeDamage,1308
2,35,DP,stock,end,74743
2,35,Material,stock,end,4752
2,35,Fame,stock,end,19674
2,36,DP,source,SurfaceMap.CollectYields,166
2,36,Material,source,SurfaceMap.CollectYields,9
2,36,Fame,source,SurfaceMap.CollectYields,36
2,36,DP,source,DistrictCatalog.Collect,28
2,36,DP,sink,MinionRoster.TryForge,-23940
2,36,Material,sink,MinionRoster.TryForge,-84
2,36,DP,sink,DungeonFeatureManager.TryPlaceTrap,-2250
2,36,DP,sink,MinionRoster.TrySummon,-48709
2,36,DP,source,AdventurerAI.ReapEmotion,450
2,36,DP,sink,CommandSystem.TryUse,-5550
2,36,DP,source,AdventurerAI.GrantReturnReward,31906
2,36,Fame,source,AdventurerAI.GrantReturnReward,370
2,36,Fame,source,LureEconomy.OnHeroEscaped,925
2,36,DP,source,AdventurerAI.TakeDamage,28155
2,36,Material,source,AdventurerAI.TakeDamage,875
2,36,DP,source,Nemesis.OnSlain,4278
2,36,Material,source,Nemesis.OnSlain,17
2,36,DP,stock,end,59277
2,36,Material,stock,end,5569
2,36,Fame,stock,end,21005
2,37,DP,source,SurfaceMap.CollectYields,166
2,37,Material,source,SurfaceMap.CollectYields,9
2,37,Fame,source,SurfaceMap.CollectYields,36
2,37,DP,source,DistrictCatalog.Collect,28
2,37,DP,sink,MinionRoster.TryForge,-23940
2,37,Material,sink,MinionRoster.TryForge,-84
2,37,DP,sink,MinionRoster.TrySummon,-35519
2,37,DP,source,AdventurerAI.ReapEmotion,231
2,37,DP,source,AdventurerAI.GrantReturnReward,32317
2,37,Fame,source,AdventurerAI.GrantReturnReward,450
2,37,Fame,source,LureEconomy.OnHeroEscaped,1125
2,37,DP,sink,CommandSystem.TryUse,-4900
2,37,DP,source,AdventurerAI.TakeDamage,21147
2,37,Material,source,AdventurerAI.TakeDamage,852
2,37,DP,source,Nemesis.OnSlain,4278
2,37,Material,source,Nemesis.OnSlain,17
2,37,DP,stock,end,53085
2,37,Material,stock,end,6363
2,37,Fame,stock,end,22616
2,38,DP,source,SurfaceMap.CollectYields,166
2,38,Material,source,SurfaceMap.CollectYields,9
2,38,Fame,source,SurfaceMap.CollectYields,36
2,38,DP,source,DistrictCatalog.Collect,28
2,38,DP,sink,MinionRoster.TryForge,-34470
2,38,Material,sink,MinionRoster.TryForge,-246
2,38,DP,sink,MinionRoster.TrySummon,-18791
2,38,DP,source,AdventurerAI.ReapEmotion,456
2,38,DP,sink,CommandSystem.TryUse,-6050
2,38,DP,source,AdventurerAI.TakeDamage,34955
2,38,Material,source,AdventurerAI.TakeDamage,4312
2,38,DP,source,AdventurerAI.GrantReturnReward,14842
2,38,Fame,source,AdventurerAI.GrantReturnReward,210
2,38,Fame,source,LureEconomy.OnHeroEscaped,525
2,38,DP,source,Nemesis.OnSlain,4278
2,38,Material,source,Nemesis.OnSlain,17
2,38,DP,stock,end,48499
2,38,Material,stock,end,10455
2,38,Fame,stock,end,23387
2,39,DP,source,SurfaceMap.CollectYields,204
2,39,Material,source,SurfaceMap.CollectYields,9
2,39,Fame,source,SurfaceMap.CollectYields,44
2,39,DP,source,DistrictCatalog.Collect,28
2,39,DP,source,EraSystem.TickTurn,1920
2,39,Material,source,EraSystem.TickTurn,37
2,39,DP,sink,MinionRoster.TryForge,-40320
2,39,Material,sink,MinionRoster.TryForge,-336
2,39,DP,sink,MinionRoster.TrySummon,-10308
2,39,DP,source,AdventurerAI.ReapEmotion,261
2,39,Fame,source,AdventurerAI.GrantReturnReward,350
2,39,Fame,source,LureEconomy.OnHeroEscaped,875
2,39,DP,source,AdventurerAI.GrantReturnReward,23708
2,39,DP,sink,CommandSystem.TryUse,-4450
2,39,DP,source,AdventurerAI.TakeDamage,28592
2,39,Material,source,AdventurerAI.TakeDamage,507
2,39,DP,stock,end,48134
2,39,Material,stock,end,10672
2,39,Fame,stock,end,24656
2,40,DP,source,SurfaceMap.CollectYields,204
2,40,Material,source,SurfaceMap.CollectYields,9
2,40,Fame,source,SurfaceMap.CollectYields,44
2,40,DP,source,DistrictCatalog.Collect,28
2,40,DP,sink,MinionRoster.TryForge,-40320
2,40,Material,sink,MinionRoster.TryForge,-336
2,40,DP,sink,MinionRoster.TrySummon,-8006
2,40,DP,source,AdventurerAI.ReapEmotion,800
2,40,DP,sink,CommandSystem.TryUse,-5550
2,40,DP,source,AdventurerAI.GrantReturnReward,23239
2,40,Fame,source,AdventurerAI.GrantReturnReward,250
2,40,Fame,source,LureEconomy.OnHeroEscaped,625
2,40,DP,source,AdventurerAI.TakeDamage,46439
2,40,Material,source,AdventurerAI.TakeDamage,498
2,40,DP,source,Nemesis.OnSlain,2620
2,40,Material,source,Nemesis.OnSlain,16
2,40,DP,stock,end,67588
2,40,Material,stock,end,10859
2,40,Fame,stock,end,25575
2,41,DP,source,SurfaceMap.CollectYields,204
2,41,Material,source,SurfaceMap.CollectYields,9
2,41,Fame,source,SurfaceMap.CollectYields,44
2,41,DP,source,DistrictCatalog.Collect,28
2,41,DP,sink,MinionRoster.TryForge,-55320
2,41,Material,sink,MinionRoster.TryForge,-586
2,41,DP,sink,MinionRoster.TrySummon,-12488
2,41,DP,source,AdventurerAI.ReapEmotion,366
2,41,DP,sink,CommandSystem.TryUse,-5100
2,41,DP,source,AdventurerAI.GrantReturnReward,25825
2,41,Fame,source,AdventurerAI.GrantReturnReward,430
2,41,Fame,source,LureEconomy.OnHeroEscaped,1075
2,41,DP,source,AdventurerAI.TakeDamage,23305
2,41,Material,source,AdventurerAI.TakeDamage,590
2,41,DP,source,Nemesis.OnSlain,1265
2,41,Material,source,Nemesis.OnSlain,8
2,41,DP,stock,end,45673
2,41,Material,stock,end,10880
2,41,Fame,stock,end,27124
2,42,DP,source,SurfaceMap.CollectYields,204
2,42,Material,source,SurfaceMap.CollectYields,9
2,42,Fame,source,SurfaceMap.CollectYields,44
2,42,DP,source,DistrictCatalog.Collect,28
2,42,DP,source,EraSystem.TickTurn,1920
2,42,DP,sink,MinionRoster.TryForge,-45240
2,42,Material,sink,MinionRoster.TryForge,-522
2,42,DP,sink,MinionRoster.TrySummon,-2564
2,42,DP,source,AdventurerAI.ReapEmotion,130
2,42,DP,source,AdventurerAI.TakeDamage,36234
2,42,Material,source,AdventurerAI.TakeDamage,809
2,42,DP,sink,CommandSystem.TryUse,-4450
2,42,DP,source,AdventurerAI.GrantReturnReward,24825
2,42,Fame,source,AdventurerAI.GrantReturnReward,350
2,42,Fame,source,LureEconomy.OnHeroEscaped,875
2,42,DP,source,Nemesis.OnSlain,956
2,42,Material,source,Nemesis.OnSlain,6
2,42,DP,stock,end,57716
2,42,Material,stock,end,11182
2,42,Fame,stock,end,28393
2,43,DP,source,SurfaceMap.CollectYields,166
2,43,Material,source,SurfaceMap.CollectYields,9
2,43,Fame,source,SurfaceMap.CollectYields,36
2,43,DP,source,DistrictCatalog.Collect,28
2,43,DP,sink,MinionRoster.TryForge,-56160
2,43,Material,sink,MinionRoster.TryForge,-648
2,43,DP,sink,MinionRoster.TrySummon,-1746
2,43,DP,source,AdventurerAI.ReapEmotion,488
2,43,DP,sink,CommandSystem.TryUse,-5200
2,43,DP,source,AdventurerAI.GrantReturnReward,36610
2,43,Fame,source,AdventurerAI.GrantReturnReward,450
2,43,Fame,source,LureEconomy.OnHeroEscaped,1125
2,43,DP,source,AdventurerAI.TakeDamage,26977
2,43,Material,source,AdventurerAI.TakeDamage,730
2,43,DP,source,Nemesis.OnSlain,3135
2,43,Material,source,Nemesis.OnSlain,15
2,43,DP,stock,end,62014
2,43,Material,stock,end,11288
2,43,Fame,stock,end,30004
2,44,DP,source,SurfaceMap.CollectYields,208
2,44,Material,source,SurfaceMap.CollectYields,12
2,44,Fame,source,SurfaceMap.CollectYields,36
2,44,DP,source,DistrictCatalog.Collect,28
2,44,DP,sink,MinionRoster.TryForge,-59280
2,44,Material,sink,MinionRoster.TryForge,-684
2,44,DP,sink,MinionRoster.TrySummon,-2955
2,44,DP,source,AdventurerAI.ReapEmotion,218
2,44,DP,source,AdventurerAI.GrantReturnReward,28440
2,44,Fame,source,AdventurerAI.GrantReturnReward,260
2,44,Fame,source,LureEconomy.OnHeroEscaped,650
2,44,DP,sink,CommandSystem.TryUse,-5100
2,44,DP,source,AdventurerAI.TakeDamage,11904
2,44,Material,source,AdventurerAI.TakeDamage,457
2,44,DP,stock,end,35477
2,44,Material,stock,end,11073
2,44,Fame,stock,end,30950
2,45,DP,source,SurfaceMap.CollectYields,208
2,45,Material,source,SurfaceMap.CollectYields,12
2,45,Fame,source,SurfaceMap.CollectYields,36
2,45,DP,source,DistrictCatalog.Collect,28
2,45,DP,sink,MinionRoster.TryForge,-33600
2,45,Material,sink,MinionRoster.TryForge,-448
2,45,DP,sink,MinionRoster.TrySummon,-2084
2,45,DP,source,AdventurerAI.ReapEmotion,831
2,45,DP,sink,CommandSystem.TryUse,-6000
2,45,DP,source,AdventurerAI.GrantReturnReward,46425
2,45,Fame,source,AdventurerAI.GrantReturnReward,330
2,45,Fame,source,LureEconomy.OnHeroEscaped,825
2,45,DP,source,AdventurerAI.TakeDamage,44771
2,45,Material,source,AdventurerAI.TakeDamage,916
2,45,DP,stock,end,86056
2,45,Material,stock,end,11553
2,45,Fame,stock,end,32141
2,46,DP,source,SurfaceMap.CollectYields,181
2,46,Material,source,SurfaceMap.CollectYields,10
2,46,Fame,source,SurfaceMap.CollectYields,31
2,46,DP,source,DistrictCatalog.Collect,28
2,46,DP,sink,MinionRoster.TryForge,-84000
2,46,Material,sink,MinionRoster.TryForge,-1120
2,46,DP,sink,MinionRoster.TrySummon,-2226
2,46,DP,source,AdventurerAI.ReapEmotion,281
2,46,DP,sink,CommandSystem.TryUse,-4750
2,46,DP,source,AdventurerAI.GrantReturnReward,62516
2,46,Fame,source,AdventurerAI.GrantReturnReward,580
2,46,Fame,source,LureEconomy.OnHeroEscaped,1450
2,46,DP,source,AdventurerAI.TakeDamage,12691
2,46,Material,source,AdventurerAI.TakeDamage,243
2,46,DP,source,Nemesis.OnSlain,1820
2,46,Material,source,Nemesis.OnSlain,10
2,46,DP,stock,end,72597
2,46,Material,stock,end,10696
2,46,Fame,stock,end,34202
2,47,DP,source,SurfaceMap.CollectYields,156
2,47,Material,source,SurfaceMap.CollectYields,9
2,47,Fame,source,SurfaceMap.CollectYields,27
2,47,DP,source,DistrictCatalog.Collect,28
2,47,DP,sink,MinionRoster.TryForge,-9600
2,47,Material,sink,MinionRoster.TryForge,-128
2,47,DP,sink,MinionEvolution.TryEvolve,-9050
2,47,DP,sink,MinionRoster.TryEvolveIndividual,-50900
2,47,DP,sink,MinionRoster.TrySummon,-3194
2,47,DP,source,AdventurerAI.ReapEmotion,146
2,47,DP,source,AdventurerAI.GrantReturnReward,57665
2,47,Fame,source,AdventurerAI.GrantReturnReward,570
2,47,Fame,source,LureEconomy.OnHeroEscaped,1425
2,47,DP,sink,CommandSystem.TryUse,-5700
2,47,DP,source,AdventurerAI.TakeDamage,14894
2,47,Material,source,AdventurerAI.TakeDamage,25932
2,47,DP,source,Nemesis.OnSlain,6098
2,47,Material,source,Nemesis.OnSlain,27
2,47,DP,stock,end,73140
2,47,Material,stock,end,36536
2,47,Fame,stock,end,36224
2,48,DP,source,SurfaceMap.CollectYields,156
2,48,Material,source,SurfaceMap.CollectYields,9
2,48,Fame,source,SurfaceMap.CollectYields,27
2,48,DP,source,DistrictCatalog.Collect,28
2,48,DP,source,EraSystem.TickTurn,9720
2,48,DP,sink,MinionRoster.TryForge,-79200
2,48,Material,sink,MinionRoster.TryForge,-1056
2,48,DP,sink,MinionRoster.TrySummon,-3804
2,48,DP,source,AdventurerAI.ReapEmotion,275
2,48,DP,sink,CommandSystem.TryUse,-5600
2,48,DP,source,AdventurerAI.GrantReturnReward,8522
2,48,Fame,source,AdventurerAI.GrantReturnReward,170
2,48,Fame,source,LureEconomy.OnHeroEscaped,425
2,48,DP,source,AdventurerAI.TakeDamage,20306
2,48,Material,source,AdventurerAI.TakeDamage,173
2,48,DP,source,Nemesis.OnSlain,1845
2,48,Material,source,Nemesis.OnSlain,10
2,48,DP,stock,end,25388
2,48,Material,stock,end,35672
2,48,Fame,stock,end,36846
2,49,DP,source,SurfaceMap.CollectYields,182
2,49,Material,source,SurfaceMap.CollectYields,10
2,49,Fame,source,SurfaceMap.CollectYields,32
2,49,DP,source,DistrictCatalog.Collect,28
2,49,DP,source,EraSystem.TickTurn,9720
2,49,DP,sink,MinionRoster.TryForge,-4800
2,49,Material,sink,MinionRoster.TryForge,-64
2,49,DP,sink,MinionEvolution.TryEvolve,-14200
2,49,DP,sink,MinionRoster.TryEvolveIndividual,-15450
2,49,DP,sink,MinionRoster.TrySummon,-837
2,49,DP,source,IncidentSystem.Apply,600
2,49,DP,sink,CommandSystem.TryUse,-5100
2,49,DP,source,AdventurerAI.ReapEmotion,275
2,49,DP,source,AdventurerAI.GrantReturnReward,26307
2,49,Fame,source,AdventurerAI.GrantReturnReward,530
2,49,Fame,source,LureEconomy.OnHeroEscaped,1325
2,49,DP,source,AdventurerAI.TakeDamage,35264
2,49,Material,source,AdventurerAI.TakeDamage,899
2,49,DP,source,Nemesis.OnSlain,1037
2,49,Material,source,Nemesis.OnSlain,6
2,49,DP,stock,end,58414
2,49,Material,stock,end,36523
2,49,Fame,stock,end,38733
2,50,DP,source,SurfaceMap.CollectYields,208
2,50,Material,source,SurfaceMap.CollectYields,12
2,50,Fame,source,SurfaceMap.CollectYields,36
2,50,DP,source,DistrictCatalog.Collect,28
2,50,DP,source,EraSystem.TickTurn,9720
2,50,DP,sink,MinionRoster.TryForge,-4800
2,50,Material,sink,MinionRoster.TryForge,-64
2,50,DP,sink,MinionEvolution.TryEvolve,-19050
2,50,DP,sink,MinionRoster.TryEvolveIndividual,-43550
2,50,DP,sink,MinionRoster.TrySummon,-930
2,50,DP,source,AdventurerAI.ReapEmotion,405
2,50,DP,sink,CommandSystem.TryUse,-5650
2,50,DP,source,AdventurerAI.GrantReturnReward,20916
2,50,Fame,source,AdventurerAI.GrantReturnReward,250
2,50,Fame,source,LureEconomy.OnHeroEscaped,625
2,50,DP,source,AdventurerAI.TakeDamage,78360
2,50,Material,source,AdventurerAI.TakeDamage,2293
2,50,DP,source,Nemesis.OnSlain,5331
2,50,Material,source,Nemesis.OnSlain,23
2,50,DP,stock,end,99402
2,50,Material,stock,end,38787
2,50,Fame,stock,end,39644
2,51,DP,source,SurfaceMap.CollectYields,208
2,51,Material,source,SurfaceMap.CollectYields,12
2,51,Fame,source,SurfaceMap.CollectYields,36
2,51,DP,source,DistrictCatalog.Collect,28
2,51,DP,source,EraSystem.TickTurn,9720
2,51,DP,sink,MinionRoster.TryForge,-4800
2,51,Material,sink,MinionRoster.TryForge,-64
2,51,DP,sink,DungeonFloorManager.TryAddFloor,-78125
2,51,DP,sink,DungeonFloorManager.TryExpandFloor,-5200
2,51,DP,sink,MinionRoster.TryEvolveIndividual,-20900
2,51,DP,sink,DungeonFeatureManager.TryPlaceTrap,-150
2,51,DP,sink,MinionRoster.TrySummon,-144
2,51,DP,source,AdventurerAI.ReapEmotion,204
2,51,DP,source,AdventurerAI.GrantReturnReward,11647
2,51,Fame,source,AdventurerAI.GrantReturnReward,380
2,51,Fame,source,LureEconomy.OnHeroEscaped,950
2,51,DP,sink,CommandSystem.TryUse,-5550
2,51,DP,source,AdventurerAI.TakeDamage,7684
2,51,Material,source,AdventurerAI.TakeDamage,177
2,51,DP,source,Nemesis.OnSlain,5031
2,51,Material,source,Nemesis.OnSlain,27
2,51,DP,stock,end,19055
2,51,Material,stock,end,38939
2,51,Fame,stock,end,41010
2,52,DP,source,SurfaceMap.CollectYields,208
2,52,Material,source,SurfaceMap.CollectYields,12
2,52,Fame,source,SurfaceMap.CollectYields,36
2,52,DP,source,DistrictCatalog.Collect,28
2,52,DP,source,EraSystem.TickTurn,16524
2,52,DP,sink,MinionRoster.TryForge,-4800
2,52,Material,sink,MinionRoster.TryForge,-64
2,52,DP,sink,MinionRoster.TryEvolveIndividual,-30400
2,52,DP,sink,DungeonFeatureManager.TryPlaceTrap,-450
2,52,DP,sink,MinionRoster.TrySummon,-148
2,52,DP,source,AdventurerAI.ReapEmotion,516
2,52,DP,sink,CommandSystem.TryUse,-5550
2,52,DP,source,AdventurerAI.GrantReturnReward,37958
2,52,Fame,source,AdventurerAI.GrantReturnReward,560
2,52,Fame,source,LureEconomy.OnHeroEscaped,1400
2,52,DP,source,AdventurerAI.TakeDamage,44383
2,52,Material,source,AdventurerAI.TakeDamage,903
2,52,DP,source,Nemesis.OnSlain,1085
2,52,Material,source,Nemesis.OnSlain,6
2,52,DP,stock,end,78409
2,52,Material,stock,end,39796
2,52,Fame,stock,end,43006
2,53,DP,source,SurfaceMap.CollectYields,208
2,53,Material,source,SurfaceMap.CollectYields,12
2,53,Fame,source,SurfaceMap.CollectYields,36
2,53,DP,source,DistrictCatalog.Collect,28
2,53,Material,source,DistrictCatalog.Collect,10
2,53,DP,source,EraSystem.TickTurn,9720
2,53,Material,source,EraSystem.TickTurn,124
2,53,DP,sink,MinionRoster.TryForge,-38400
2,53,Material,sink,MinionRoster.TryForge,-512
2,53,DP,sink,MinionRoster.TryEvolveIndividual,-46100
2,53,DP,sink,DungeonFeatureManager.TryPlaceTrap,-3600
2,53,DP,sink,MinionRoster.TrySummon,-247
2,53,DP,source,AdventurerAI.ReapEmotion,395
2,53,DP,sink,CommandSystem.TryUse,-5100
2,53,DP,source,AdventurerAI.GrantReturnReward,30572
2,53,Fame,source,AdventurerAI.GrantReturnReward,510
2,53,Fame,source,LureEconomy.OnHeroEscaped,1275
2,53,DP,source,AdventurerAI.TakeDamage,61999
2,53,Material,source,AdventurerAI.TakeDamage,1722
2,53,DP,source,Nemesis.OnSlain,1102
2,53,Material,source,Nemesis.OnSlain,6
2,53,DP,stock,end,88986
2,53,Material,stock,end,41158
2,53,Fame,stock,end,44827
2,54,DP,source,SurfaceMap.CollectYields,208
2,54,Material,source,SurfaceMap.CollectYields,12
2,54,Fame,source,SurfaceMap.CollectYields,36
2,54,DP,source,DistrictCatalog.Collect,28
2,54,Material,source,DistrictCatalog.Collect,10
2,54,DP,source,EraSystem.TickTurn,9720
2,54,Material,source,EraSystem.TickTurn,62
2,54,Fame,source,EraSystem.TickTurn,135
2,54,DP,sink,MinionRoster.TryForge,-72000
2,54,Material,sink,MinionRoster.TryForge,-996
2,54,DP,sink,MinionRoster.TryEvolveIndividual,-24500
2,54,DP,sink,DungeonFeatureManager.TryPlaceTrap,-750
2,54,DP,sink,MinionRoster.TrySummon,-1681
2,54,DP,source,AdventurerAI.ReapEmotion,272
2,54,DP,source,AdventurerAI.TakeDamage,63689
2,54,Material,source,AdventurerAI.TakeDamage,1513
2,54,DP,sink,CommandSystem.TryUse,-5600
2,54,DP,source,AdventurerAI.GrantReturnReward,20606
2,54,Fame,source,AdventurerAI.GrantReturnReward,460
2,54,Fame,source,LureEconomy.OnHeroEscaped,1150
2,54,DP,source,Nemesis.OnSlain,1102
2,54,Material,source,Nemesis.OnSlain,6
2,54,DP,stock,end,80080
2,54,Material,stock,end,41765
2,54,Fame,stock,end,46608
2,55,DP,source,SurfaceMap.CollectYields,238
2,55,Material,source,SurfaceMap.CollectYields,12
2,55,Fame,source,SurfaceMap.CollectYields,44
2,55,DP,source,DistrictCatalog.Collect,28
2,55,Material,source,DistrictCatalog.Collect,12
2,55,DP,source,EraSystem.TickTurn,9720
2,55,DP,sink,MinionRoster.TryForge,-86400
2,55,Material,sink,MinionRoster.TryForge,-1260
2,55,DP,sink,MinionRoster.TrySummon,-3660
2,55,DP,source,AdventurerAI.ReapEmotion,763
2,55,DP,sink,CommandSystem.TryUse,-5550
2,55,DP,source,AdventurerAI.GrantReturnReward,16388
2,55,Fame,source,AdventurerAI.GrantReturnReward,180
2,55,Fame,source,LureEconomy.OnHeroEscaped,450
2,55,DP,source,AdventurerAI.TakeDamage,54482
2,55,Material,source,AdventurerAI.TakeDamage,768
2,55,DP,source,Nemesis.OnSlain,3039
2,55,Material,source,Nemesis.OnSlain,16
2,55,DP,stock,end,69128
2,55,Material,stock,end,41313
2,55,Fame,stock,end,47282
2,56,DP,source,SurfaceMap.CollectYields,255
2,56,Material,source,SurfaceMap.CollectYields,12
2,56,Fame,source,SurfaceMap.CollectYields,44
2,56,DP,source,DistrictCatalog.Collect,28
2,56,Material,source,DistrictCatalog.Collect,12
2,56,DP,source,EraSystem.TickTurn,11664
2,56,DP,sink,MinionRoster.TryForge,-77760
2,56,Material,sink,MinionRoster.TryForge,-1134
2,56,DP,sink,MinionRoster.TrySummon,-3273
2,56,DP,source,AdventurerAI.ReapEmotion,482
2,56,DP,sink,CommandSystem.TryUse,-5200
2,56,DP,source,AdventurerAI.GrantReturnReward,61854
2,56,Fame,source,AdventurerAI.GrantReturnReward,660
2,56,Fame,source,LureEconomy.OnHeroEscaped,1650
2,56,DP,source,AdventurerAI.TakeDamage,48398
2,56,Material,source,AdventurerAI.TakeDamage,1583
2,56,DP,source,Nemesis.OnSlain,5482
2,56,Material,source,Nemesis.OnSlain,25
2,56,DP,stock,end,111058
2,56,Material,stock,end,41811
2,56,Fame,stock,end,49636
2,57,DP,source,SurfaceMap.CollectYields,255
2,57,Material,source,SurfaceMap.CollectYields,12
2,57,Fame,source,SurfaceMap.CollectYields,44
2,57,DP,source,DistrictCatalog.Collect,28
2,57,Material,source,DistrictCatalog.Collect,12
2,57,DP,sink,MinionRoster.TryForge,-106560
2,57,Material,sink,MinionRoster.TryForge,-1554
2,57,DP,sink,MinionRoster.TrySummon,-4749
2,57,DP,source,AdventurerAI.ReapEmotion,333
2,57,DP,sink,CommandSystem.TryUse,-5200
2,57,DP,source,AdventurerAI.GrantReturnReward,69380
2,57,Fame,source,AdventurerAI.GrantReturnReward,660
2,57,Fame,source,LureEconomy.OnHeroEscaped,1650
2,57,DP,source,AdventurerAI.TakeDamage,49494
2,57,Material,source,AdventurerAI.TakeDamage,1305
2,57,DP,source,Nemesis.OnSlain,1530
2,57,Material,source,Nemesis.OnSlain,8
2,57,DP,stock,end,115569
2,57,Material,stock,end,41594
2,57,Fame,stock,end,51990
2,58,DP,source,SurfaceMap.CollectYields,255
2,58,Material,source,SurfaceMap.CollectYields,12
2,58,Fame,source,SurfaceMap.CollectYields,44
2,58,DP,source,DistrictCatalog.Collect,28
2,58,Material,source,DistrictCatalog.Collect,10
2,58,DP,sink,MinionRoster.TryForge,-112320
2,58,Material,sink,MinionRoster.TryForge,-1668
2,58,DP,sink,MinionRoster.TrySummon,-3510
2,58,DP,source,AdventurerAI.ReapEmotion,428
2,58,DP,sink,CommandSystem.TryUse,-5200
2,58,DP,source,AdventurerAI.GrantReturnReward,71324
2,58,Fame,source,AdventurerAI.GrantReturnReward,750
2,58,Fame,source,LureEconomy.OnHeroEscaped,1875
2,58,DP,source,Nemesis.OnSlain,2700
2,58,Material,source,Nemesis.OnSlain,14
2,58,DP,source,AdventurerAI.TakeDamage,40249
2,58,Material,source,AdventurerAI.TakeDamage,1035
2,58,DP,stock,end,109523
2,58,Material,stock,end,40997
2,58,Fame,stock,end,54659
2,59,DP,source,SurfaceMap.CollectYields,208
2,59,Material,source,SurfaceMap.CollectYields,12
2,59,Fame,source,SurfaceMap.CollectYields,36
2,59,DP,source,DistrictCatalog.Collect,28
2,59,Material,source,DistrictCatalog.Collect,10
2,59,DP,sink,MinionRoster.TryForge,-104400
2,59,Material,sink,MinionRoster.TryForge,-1595
2,59,DP,sink,MinionRoster.TrySummon,-5347
2,59,DP,source,AdventurerAI.ReapEmotion,188
2,59,DP,source,AdventurerAI.TakeDamage,67053
2,59,Material,source,AdventurerAI.TakeDamage,1898
2,59,DP,sink,CommandSystem.TryUse,-5550
2,59,DP,source,AdventurerAI.GrantReturnReward,38842
2,59,Fame,source,AdventurerAI.GrantReturnReward,530
2,59,Fame,source,LureEconomy.OnHeroEscaped,1325
2,59,DP,source,Nemesis.OnSlain,1166
2,59,Material,source,Nemesis.OnSlain,6
2,59,DP,stock,end,101711
2,59,Material,stock,end,41328
2,59,Fame,stock,end,56550
2,60,DP,source,SurfaceMap.CollectYields,208
2,60,Material,source,SurfaceMap.CollectYields,12
2,60,Fame,source,SurfaceMap.CollectYields,36
2,60,DP,source,DistrictCatalog.Collect,28
2,60,Material,source,DistrictCatalog.Collect,10
2,60,DP,sink,MinionRoster.TryForge,-97200
2,60,Material,sink,MinionRoster.TryForge,-1485
2,60,DP,sink,MinionRoster.TrySummon,-4731
2,60,DP,source,AdventurerAI.ReapEmotion,640
2,60,DP,sink,CommandSystem.TryUse,-5550
2,60,DP,source,AdventurerAI.GrantReturnReward,77459
2,60,Fame,source,AdventurerAI.GrantReturnReward,710
2,60,Fame,source,LureEconomy.OnHeroEscaped,1775
2,60,DP,source,AdventurerAI.TakeDamage,55330
2,60,Material,source,AdventurerAI.TakeDamage,1384
2,60,DP,stock,end,127895
2,60,Material,stock,end,41249
2,60,Fame,stock,end,59071
2,61,DP,source,SurfaceMap.CollectYields,208
2,61,Material,source,SurfaceMap.CollectYields,12
2,61,Fame,source,SurfaceMap.CollectYields,36
2,61,DP,source,DistrictCatalog.Collect,28
2,61,Material,source,DistrictCatalog.Collect,10
2,61,DP,sink,MinionRoster.TryForge,-122400
2,61,Material,sink,MinionRoster.TryForge,-1870
2,61,DP,sink,MinionRoster.TrySummon,-5729
2,61,DP,source,AdventurerAI.ReapEmotion,147
2,61,DP,source,AdventurerAI.GrantReturnReward,26490
2,61,Fame,source,AdventurerAI.GrantReturnReward,310
2,61,Fame,source,LureEconomy.OnHeroEscaped,775
2,61,DP,sink,CommandSystem.TryUse,-4450
2,61,DP,source,AdventurerAI.TakeDamage,35376
2,61,Material,source,AdventurerAI.TakeDamage,1388
2,61,DP,source,Nemesis.OnSlain,1199
2,61,Material,source,Nemesis.OnSlain,6
2,61,DP,stock,end,58764
2,61,Material,stock,end,40795
2,61,Fame,stock,end,60192
2,62,DP,source,SurfaceMap.CollectYields,208
2,62,Material,source,SurfaceMap.CollectYields,12
2,62,Fame,source,SurfaceMap.CollectYields,36
2,62,DP,source,DistrictCatalog.Collect,28
2,62,Material,source,DistrictCatalog.Collect,12
2,62,DP,sink,MinionRoster.TryForge,-54000
2,62,Material,sink,MinionRoster.TryForge,-825
2,62,DP,sink,MinionRoster.TrySummon,-4947
2,62,DP,source,AdventurerAI.ReapEmotion,301
2,62,DP,sink,CommandSystem.TryUse,-5200
2,62,DP,source,AdventurerAI.GrantReturnReward,71699
2,62,Fame,source,AdventurerAI.GrantReturnReward,680
2,62,Fame,source,LureEconomy.OnHeroEscaped,1700
2,62,DP,source,AdventurerAI.TakeDamage,65647
2,62,Material,source,AdventurerAI.TakeDamage,1420
2,62,DP,source,Nemesis.OnSlain,2116
2,62,Material,source,Nemesis.OnSlain,10
2,62,DP,stock,end,134616
2,62,Material,stock,end,41424
2,62,Fame,stock,end,62608
2,63,DP,source,SurfaceMap.CollectYields,222
2,63,Material,source,SurfaceMap.CollectYields,10
2,63,Fame,source,SurfaceMap.CollectYields,38
2,63,DP,source,DistrictCatalog.Collect,28
2,63,Material,source,DistrictCatalog.Collect,12
2,63,DP,sink,MinionRoster.TryForge,-130320
2,63,Material,sink,MinionRoster.TryForge,-2075
2,63,DP,sink,MinionRoster.TrySummon,-4511
2,63,DP,source,AdventurerAI.ReapEmotion,143
2,63,DP,source,AdventurerAI.TakeDamage,72408
2,63,Material,source,AdventurerAI.TakeDamage,1435
2,63,DP,sink,CommandSystem.TryUse,-5550
2,63,DP,source,AdventurerAI.GrantReturnReward,71121
2,63,Fame,source,AdventurerAI.GrantReturnReward,630
2,63,Fame,source,LureEconomy.OnHeroEscaped,1575
2,63,DP,source,Nemesis.OnSlain,1215
2,63,Material,source,Nemesis.OnSlain,6
2,63,DP,stock,end,139372
2,63,Material,stock,end,40812
2,63,Fame,stock,end,64851
2,64,DP,source,SurfaceMap.CollectYields,192
2,64,Material,source,SurfaceMap.CollectYields,9
2,64,Fame,source,SurfaceMap.CollectYields,33
2,64,DP,source,DistrictCatalog.Collect,28
2,64,Material,source,DistrictCatalog.Collect,12
2,64,DP,sink,MinionRoster.TryForge,-133920
2,64,Material,sink,MinionRoster.TryForge,-2170
2,64,DP,sink,MinionRoster.TrySummon,-5672
2,64,DP,source,AdventurerAI.ReapEmotion,357
2,64,DP,sink,CommandSystem.TryUse,-5200
2,64,DP,source,AdventurerAI.GrantReturnReward,68257
2,64,Fame,source,AdventurerAI.GrantReturnReward,790
2,64,Fame,source,LureEconomy.OnHeroEscaped,1975
2,64,DP,source,AdventurerAI.TakeDamage,50972
2,64,Material,source,AdventurerAI.TakeDamage,1282
2,64,DP,source,Nemesis.OnSlain,2165
2,64,Material,source,Nemesis.OnSlain,10
2,64,DP,stock,end,116551
2,64,Material,stock,end,39955
2,64,Fame,stock,end,67649
