run,turn,N,b,g,A,D,E,busy_sec,lambda,mu,rho,q_max,L,K,lord_hp_start,lord_hp_end,sigma_start,sigma_end,grave,burned,engaged_sec,mu_eng,rho_eng,eng_max,contact_sec,dt_mean,fatigue_end,adv_power,adv_power_max,def_power,def_count
1,1,5,2,8.8,5,2,3,36.416,0.268,0.055,4.886,5,8,1,1,1,1,1,0,0,24.2,0.083,3.247,4,5.267,0.017,0,43.639,10.709,112.869,6
1,2,5,2,8.6,5,3,2,47.599,0.274,0.063,4.351,4,8,3,1,1,1,1,0,0,34.616,0.087,3.164,4,1.073,0.017,0,71.832,15.694,168.464,8
1,3,5,2,8.4,5,3,2,34.95,0.28,0.086,3.266,4,8,4,1,1,1,1,0,0,28.233,0.106,2.639,4,1.313,0.017,0,114.135,29.594,162.092,8
1,4,6,2,8.2,6,2,4,35.383,0.337,0.057,5.969,5,8,5,1,1,1,1,0,0,31.033,0.064,5.235,5,0.342,0.017,0,162.407,33.9,186.374,8
1,5,7,3,8,7,4,3,50.049,0.395,0.08,4.939,4,18,7,1,1,1,1,0,0,49.083,0.081,4.844,4,0.905,0.017,0,199.282,47.857,190.876,8
1,6,8,3,7.8,8,3,5,46.733,0.452,0.064,7.047,7,65,2,1,1,1,1,0,0,32.9,0.091,4.961,5,3.467,0.017,0,263.425,60.054,199.565,8
1,7,10,4,7.6,10,5,5,39.7,0.556,0.126,4.415,7,65,5,1,1,1,1,0,0,17.817,0.281,1.981,6,0.343,0.017,0,426.277,105.252,355.289,9
1,8,11,4,7.4,11,6,5,185.099,0.613,0.032,18.923,10,86,6,1,1,1,1,0,0,61.549,0.097,6.292,7,3.514,0.017,0,585.304,155.254,394.542,9
1,9,12,4,7.2,12,9,3,183.916,0.671,0.049,13.712,11,86,7,1,1,1,1,0,0,33,0.273,2.46,5,9.393,0.017,0,705.778,112.368,425.985,9
1,10,24,7,7,24,19,5,100.457,0.868,0.189,4.589,17,86,8,1,1,1,1,0,0,39.85,0.477,1.82,8,1.467,0.017,0,1602.409,163.616,425.89,10
1,11,13,5,6.8,13,11,2,184.949,0.746,0.059,12.538,6,128,10,1,1,1,1,0,0,38.85,0.283,2.634,5,0.936,0.017,0,848.625,106.591,444.835,9
1,12,14,5,6.6,14,11,3,42.4,0.805,0.259,3.104,10,128,12,1,1,1,1,0,0,24.483,0.449,1.793,5,4.377,0.017,0,1019.864,154.985,508.745,10
1,13,14,5,6.4,14,8,6,29.333,0.824,0.273,3.023,13,143,4,1,1,1,1,0,0,21.85,0.366,2.251,8,1.509,0.017,0,890.957,128.319,544.023,9
1,14,21,7,6.2,21,15,6,53.466,1.14,0.281,4.064,13,143,6,1,1,1,1,0,0,34.05,0.441,2.588,7,4.334,0.017,0,1742.428,245.571,702.092,10
1,15,15,5,6,15,12,3,72.001,0.99,0.167,5.941,15,164,7,1,1,1,1,0,0,36.016,0.333,2.972,9,15.779,0.017,0,2735.175,304.131,707.091,9
1,16,17,6,5.8,17,7,10,51.749,1.01,0.135,7.466,15,164,9,1,1,1,1,0,0,34.266,0.204,4.944,7,6.654,0.017,0,2166.714,312.574,894.849,9
1,17,19,7,5.6,19,16,3,50.049,1.185,0.32,3.707,13,183,10,1,1,1,1,0,0,46.899,0.341,3.474,7,1.898,0.017,0,2869.279,311.748,939.533,9
1,18,26,7,5.4,26,19,9,78.536,1.073,0.242,4.435,12,209,5,1,1,1,1,0,0,39.7,0.479,2.242,10,6.594,0.017,0,3257.52,240.151,1031.729,10
1,19,35,7,5.2,35,22,15,192.064,1.106,0.115,9.659,21,235,7,1,1,1,1,0,0,43.7,0.503,2.198,8,7.469,0.017,0,5281.234,830.62,1148.778,11
1,20,24,7,5,24,14,10,66.25,1.109,0.211,5.246,20,247,8,1,1,1,1,0,0,44.183,0.317,3.499,7,3.525,0.017,0,9319.766,1919.632,1345.022,11
1,21,27,7,5,27,16,11,96.273,1.155,0.166,6.948,20,247,12,1,1,1,1,0,0,90.972,0.176,6.565,7,6.56,0.017,0,6719.562,826.752,1637.759,11
1,22,52,9,5,52,19,34,183.849,1.494,0.103,14.459,35,247,14,1,0.835,1,0.835,0,0,58.866,0.323,4.63,13,8.248,0.017,0,17100.61,1664.477,2047.442,12
1,23,31,7,5,31,18,13,187.648,1.053,0.096,10.98,23,273,17,0.835,1,0.835,1,0,0,70.401,0.256,4.119,9,6.046,0.017,0,16613.95,4124.703,2195.986,12
1,24,36,7,5,36,12,24,187.315,1.138,0.064,17.765,29,273,18,1,0.81,1,0.81,0,0,77.735,0.154,7.372,11,3.935,0.017,0,22811.92,5670.224,2183.755,12
1,25,44,8,5,44,3,41,189.631,1.455,0.016,91.943,43,296,21,0.81,0.127,0.81,0.127,0,1,45.599,0.066,22.109,20,14.196,0.017,1,77867.76,9052.114,2547.882,14
1,26,45,8,5,45,5,40,187.182,1.154,0.027,43.215,23,356,19,0.127,0.272,0.127,0.272,0,0,39.516,0.127,9.123,8,6.504,0.017,0.75,47458.82,15332.9,2847.307,12
1,27,37,7,5,37,16,21,130.496,1.023,0.123,8.34,14,418,23,0.272,0.545,0.272,0.545,0,0,64.549,0.248,4.125,9,2.846,0.017,0.5,71461.91,22796.58,3399.086,12
1,28,54,9,5,54,26,28,126.429,1.6,0.206,7.78,42,418,30,0.545,0.837,0.545,0.837,0,0,59.966,0.434,3.69,13,6.623,0.017,0.25,75241.8,26104.39,4436.683,14
1,29,54,9,5,54,27,28,185.099,1.669,0.146,11.444,49,418,54,0.837,1,0.837,1,0,0,67.983,0.397,4.203,40,4.185,0.017,0,132771.1,34678.76,4992.144,14
1,30,55,10,5,55,9,46,191.314,1.738,0.047,36.94,52,477,56,1,0.165,1,0.165,0,1,55.549,0.162,10.726,29,12.545,0.017,1,169007.9,43861.05,5468.659,15
1,31,31,7,5,31,5,28,121.128,1.053,0.041,25.515,18,501,79,0.165,0.33,0.165,0.33,0,0,76.168,0.066,16.045,8,11.993,0.017,0.75,116920,33021.3,6170.135,13
1,32,58,10,5,58,23,35,187.748,1.528,0.123,12.476,34,501,90,0.33,0.589,0.33,0.589,0,0,92.689,0.248,6.159,20,9.832,0.017,0.5,185286.1,83770.53,7383.919,16
1,33,70,12,5,70,31,40,186.415,2.074,0.166,12.472,65,501,99,0.589,0.832,0.589,0.832,0,0,69.817,0.444,4.671,23,18.424,0.017,0.25,207225.3,53272.43,8761.853,16
1,34,32,7,5,32,16,17,129.229,1.201,0.124,9.698,27,501,110,0.832,1,0.832,1,0,0,58.799,0.272,4.413,11,4.998,0.017,0,204772.5,86082.45,11355.26,14
1,35,59,10,5,59,15,45,107.008,1.864,0.14,13.299,54,501,119,1,0.796,1,0.796,0,0,65.916,0.228,8.192,39,13.081,0.017,0,374487.3,81490.04,10360.04,15
1,36,59,10,5,59,35,24,106.825,1.864,0.328,5.69,52,501,128,0.796,0.775,0.796,0.775,0,0,74.535,0.47,3.97,24,6.339,0.017,0,314856.3,86082.45,11277,15
1,37,59,10,5,59,34,27,152.79,1.824,0.223,8.196,55,501,136,0.775,0.871,0.775,0.871,0,0,76.035,0.447,4.079,25,14.788,0.017,0,257875,83770.53,12723.79,16
1,38,59,10,5,59,29,31,120.861,1.864,0.24,7.769,56,501,148,0.871,0.807,0.871,0.807,0,0,74.185,0.391,4.769,26,10.728,0.017,0,304224,83770.53,15155.65,16
1,39,32,7,5,32,24,9,101.007,1.217,0.238,5.121,23,501,159,0.807,0.847,0.807,0.847,0,0,69.9,0.343,3.544,12,6.571,0.017,0,236165.3,86082.45,17001.17,14
1,40,71,12,5,71,24,48,190.831,2.219,0.126,17.642,69,501,167,0.847,0.53,0.847,0.53,0,0,78.952,0.304,7.299,36,10.041,0.017,0,599658.7,94690.7,17793.69,16
1,41,59,10,5,59,34,25,184.532,1.824,0.184,9.899,49,501,175,0.53,0.805,0.53,0.805,0,0,77.685,0.438,4.167,24,10.711,0.017,0,354254.4,94690.7,18351.38,15
1,42,70,12,5,70,46,24,186.549,2.118,0.247,8.589,65,501,175,0.805,0.508,0.805,0.508,0,0,77.519,0.593,3.569,41,8.619,0.017,0,453816.4,92962.93,18746.98,16
1,43,58,10,5,58,38,21,186.282,1.833,0.204,8.984,50,501,175,0.508,0.87,0.508,0.87,0,0,85.787,0.443,4.137,21,14.357,0.017,0,264924.3,93771.45,18869.74,16
1,44,58,10,5,58,32,27,150.207,1.833,0.213,8.602,58,501,175,0.87,1,0.87,1,0,0,77.602,0.412,4.444,26,5.643,0.017,0,195477.4,6149.117,20557.62,16
1,45,58,10,5,58,39,19,106.792,1.833,0.365,5.018,56,501,175,1,0.786,1,0.786,0,0,69.867,0.558,3.283,33,8.958,0.017,0,446519.2,93083.19,22931.71,16
1,46,59,10,5,59,51,8,103.974,1.695,0.491,3.456,38,501,175,0.786,1,0.786,1,0,0,72.768,0.701,2.419,16,2.138,0.017,0,223232.4,6264.929,23466.29,16
1,47,58,10,5,58,39,20,103.974,1.833,0.375,4.886,56,501,175,1,0.873,1,0.873,0,0,73.084,0.534,3.434,24,12.997,0.017,0,322276.9,93475.92,19851.71,15
1,48,71,12,5,71,44,29,184.582,2.148,0.238,9.012,65,501,175,0.873,0.634,0.873,0.634,0,0,78.619,0.56,3.839,28,8.439,0.017,0,342794.1,29670.55,20232.94,15
1,49,63,11,5,63,50,14,116.444,1.947,0.429,4.535,54,501,175,0.634,0.979,0.634,0.979,0,0,60.916,0.821,2.373,23,8.686,0.017,0,299589.5,8586.554,16755.1,15
1,50,69,12,5,69,56,13,115.927,2.255,0.483,4.668,65,501,175,0.979,0.979,0.979,0.979,0,0,60.366,0.928,2.431,31,9.002,0.017,0,656122.1,44076.07,14579.49,14
1,51,69,12,5,69,53,16,115.56,2.18,0.459,4.753,57,584,176,0.979,1,0.979,1,0,0,71.551,0.741,2.943,17,8.434,0.017,0,397402.2,13919.73,14927.7,14
1,52,42,7,5,42,32,11,112.093,1.421,0.285,4.979,30,584,200,1,1,1,1,0,0,54.266,0.59,2.41,9,6.644,0.017,0,244639.9,14343.45,13834.45,14
1,53,90,15,5,90,68,24,105.308,2.813,0.646,4.356,72,584,209,1,0.899,1,0.899,0,0,61.483,1.106,2.543,51,5.675,0.017,0,561702.6,21777.87,15278.3,16
1,54,79,14,5,79,57,22,138.127,2.416,0.413,5.854,69,584,209,0.899,0.895,0.899,0.895,0,0,66.116,0.862,2.802,25,11.5,0.017,0,478969.1,22265.89,15459.92,16
1,55,44,8,5,44,33,11,101.741,1.472,0.324,4.537,38,584,209,0.895,0.438,0.895,0.438,0,0,71.284,0.463,3.179,25,8.23,0.017,0,468273.4,33921.54,16628.98,16
1,56,80,14,5,80,56,24,140.327,2.276,0.399,5.703,60,584,209,0.438,0.818,0.438,0.818,0,0,61.333,0.913,2.493,24,14.712,0.017,0,508614.3,11593.57,16441.54,16
1,57,81,14,5,81,54,31,99.09,2.531,0.545,4.645,70,584,209,0.818,1,0.818,1,0,0,61.483,0.878,2.882,21,7.422,0.017,0,576348.4,54642.82,16796.05,16
1,58,83,14,5,83,59,25,181.083,2.622,0.326,8.049,68,584,209,1,0.92,1,0.92,0,0,65.566,0.9,2.914,27,15.39,0.017,0,573799.8,16152.41,15680.05,16
1,59,82,14,5,82,55,31,184.682,2.743,0.298,9.209,71,584,209,0.92,0.934,0.92,0.934,0,0,76.252,0.721,3.802,23,16.675,0.017,0,615086.6,75221.58,15680.05,16
1,60,139,24,5,139,89,50,184.466,4.162,0.482,8.626,130,584,209,0.934,0.898,0.934,0.898,0,0,79.969,1.113,3.739,55,15.179,0.017,0,1509459,27235.98,15894.25,15
1,61,83,14,5,83,68,15,188.981,2.652,0.36,7.37,72,584,209,0.898,0.767,0.898,0.767,0,0,55.066,1.235,2.147,33,16.671,0.017,0,725292.5,83770.53,16520.08,15
1,62,94,16,5,94,69,26,188.481,3.037,0.366,8.296,91,584,209,0.767,0.764,0.767,0.764,0,0,76.002,0.908,3.345,30,21.595,0.017,0,723709.8,13598.9,16760.48,16
1,63,94,16,5,94,62,33,100.024,3.003,0.62,4.845,89,584,209,0.764,0.725,0.764,0.725,0,0,62.866,0.986,3.045,30,17.055,0.017,0,812077.4,35065.2,17345.09,17
1,64,82,14,5,82,56,27,121.662,2.563,0.46,5.567,71,584,209,0.725,0.679,0.725,0.679,0,0,58.033,0.965,2.656,39,10.304,0.017,0,714669.8,22673.91,18790.2,16
1,65,82,14,5,82,58,25,128.346,2.743,0.452,6.069,79,584,209,0.679,0.843,0.679,0.843,0,0,49.783,1.165,2.354,58,11.795,0.017,0,1075712,26946.41,17507.02,15
1,66,95,16,5,95,63,33,186.565,3.069,0.338,9.09,87,584,209,0.843,0.365,0.843,0.365,0,1,73.685,0.855,3.59,30,15.521,0.017,1,865122.6,34001.23,17806.8,16
1,67,83,14,5,83,40,45,105.992,2.249,0.377,5.96,42,584,209,0.365,0.658,0.365,0.658,0,0,66.416,0.602,3.735,13,2.752,0.017,0.75,700953.9,20436.46,18077.28,16
1,68,82,14,5,82,51,33,185.349,2.649,0.275,9.629,77,584,209,0.658,0.777,0.658,0.777,0,0,71.134,0.717,3.695,29,11.107,0.017,0.5,708398.4,20792.59,17450.95,17
2,1,5,2,8.8,5,3,2,38.933,0.268,0.077,3.482,4,11,1,1,1,1,1,0,0,17.967,0.167,1.607,2,6.696,0.017,0,43.911,10.17,112.869,6
2,2,5,2,8.6,5,4,1,46.033,0.274,0.087,3.156,3,11,3,1,0.952,1,0.952,0,0,29.2,0.137,2.002,3,0.093,0.017,0,121.163,27.46,180.765,8
2,3,5,2,8.4,5,4,1,69.467,0.28,0.058,4.869,3,11,5,0.952,1,0.952,1,0,0,67.667,0.059,4.743,3,1.046,0.017,0,93.917,27.299,173.418,8
2,4,10,4,8.2,10,7,3,39.833,0.521,0.176,2.966,6,11,6,1,1,1,1,0,0,35.1,0.199,2.614,5,1.14,0.017,0,210.376,38.736,185.77,8
2,5,10,4,8,10,9,1,34.866,0.532,0.258,2.062,8,26,1,1,1,1,1,0,0,34.65,0.26,2.05,8,0.433,0.017,0,310.688,54.237,176.651,7
2,6,8,3,7.8,8,3,5,49.583,0.452,0.061,7.477,5,67,2,1,0.967,1,0.967,0,0,31.55,0.095,4.758,5,3.525,0.017,0,367.375,76.021,202.847,8
2,7,9,3,7.6,9,7,2,59.983,0.531,0.117,4.55,9,84,4,0.967,1,0.967,1,0,0,42.116,0.166,3.195,8,2.328,0.017,0,320.413,61.424,284.671,10
2,8,18,6,7.4,18,5,13,185.499,0.965,0.027,35.807,15,84,5,1,0.427,1,0.427,0,0,42.416,0.118,8.188,8,3.794,0.017,0,765.684,85.655,302.542,10
2,9,12,4,7.2,12,8,4,183.499,0.671,0.044,15.391,8,84,6,0.427,0.794,0.427,0.794,0,0,44.416,0.18,3.726,8,1.118,0.017,0,453.324,54.32,349.589,9
2,10,12,4,7,12,10,2,183.183,0.686,0.055,12.573,11,84,7,0.794,0.433,0.794,0.433,0,1,42.966,0.233,2.949,11,1.337,0.017,1,1347.783,330.951,423.902,10
2,11,13,5,6.8,13,7,6,75.518,0.746,0.093,8.045,8,102,4,0.433,0.749,0.433,0.749,0,0,47.916,0.146,5.104,7,2.027,0.017,0.75,638.4,111.157,348.866,10
2,12,13,5,6.6,13,4,9,190.314,0.763,0.021,36.313,10,102,5,0.749,0.972,0.749,0.972,0,0,51.383,0.078,9.804,6,1.509,0.017,0.5,951.502,158.603,418.385,10
2,13,14,5,6.4,14,9,5,47.116,0.824,0.191,4.316,8,102,6,0.972,1,0.972,1,0,0,25.65,0.351,2.349,8,0.77,0.017,0.25,1367.918,310.193,421.891,9
2,14,20,7,6.2,20,17,3,44.1,1.18,0.385,3.061,14,102,8,1,1,1,1,0,0,33.283,0.511,2.31,11,0.629,0.017,0,2194.605,576.255,473.647,10
2,15,21,7,6,21,16,5,59.683,1.269,0.268,4.733,21,146,10,1,1,1,1,0,0,39.916,0.401,3.166,19,3.661,0.017,0,2815.965,298.753,981.16,10
2,16,17,6,5.8,17,6,11,74.935,1.01,0.08,12.613,17,227,11,1,1,1,1,0,0,31.866,0.188,5.364,15,1.947,0.017,0,2056.081,223.225,956.231,11
2,17,24,7,5.6,24,17,7,180.95,0.994,0.094,10.585,10,199,11,1,1,1,1,0,0,36.5,0.466,2.135,7,0.567,0.017,0,3418.305,682.213,1161.153,11
2,18,12,4,5.4,12,9,3,39.833,0.84,0.226,3.718,8,199,12,1,1,1,1,0,0,30.866,0.292,2.881,6,3.331,0.017,0,1950.142,571.855,1302.81,10
2,19,23,7,5.2,23,17,6,60.599,1.018,0.281,3.63,22,199,14,1,1,1,1,0,0,39.6,0.429,2.372,10,0.946,0.017,0,5969.958,2284.307,1451.605,10
2,20,24,7,5,24,13,11,91.155,1.228,0.143,8.608,23,218,15,1,1,1,1,0,0,29.3,0.444,2.767,18,0.644,0.017,0,8969.041,902.126,1841.933,11
2,21,26,7,5,26,19,7,76.502,1.129,0.248,4.545,13,218,19,1,1,1,1,0,0,51.783,0.367,3.076,8,1.044,0.017,0,6652.239,623.665,2293.502,12
2,22,27,7,5,27,20,7,178.367,1.262,0.112,11.252,21,248,20,1,1,1,1,0,0,48.366,0.414,3.051,17,0.996,0.017,0,7434.366,978.077,2471.698,12
2,23,48,8,5,48,22,26,184.233,1.587,0.119,13.288,37,248,23,1,1,1,1,0,0,53.199,0.414,3.837,31,3.884,0.017,0,15581.65,938.188,2758.806,13
2,24,37,7,5,37,20,17,192.097,1.156,0.104,11.106,32,248,24,1,1,1,1,0,0,74.952,0.267,4.333,14,12.397,0.017,0,17573.78,2197.128,2796.692,12
2,25,45,8,5,45,5,40,186.132,1.488,0.027,55.379,43,288,25,1,0.456,1,0.456,0,0,58.066,0.086,17.276,28,11.838,0.017,0,55784.62,3602.967,2997.532,13
2,26,78,13,5,78,12,66,186.965,2.055,0.064,32.023,61,350,8,0.456,0.618,0.456,0.618,0,0,52.183,0.23,8.938,29,11.557,0.017,0,67405.48,10661,4385.146,15
2,27,63,11,5,63,22,41,179.75,1.724,0.122,14.083,41,407,12,0.618,0.798,0.618,0.798,0,0,53.366,0.412,4.181,28,6.083,0.017,0,57862.73,9275.89,7544.812,14
2,28,68,12,5,68,18,50,194.997,2.058,0.092,22.289,53,407,17,0.798,0.55,0.798,0.55,0,0,48.399,0.372,5.532,35,6.471,0.017,0,85095.73,18223.9,8245.967,14
2,29,58,10,5,58,16,42,185.032,1.65,0.086,19.082,40,407,21,0.55,0.76,0.55,0.76,0,0,72.201,0.222,7.446,27,7.742,0.017,0,90831.32,18064.78,10661.39,14
2,30,59,10,5,59,7,52,188.881,1.864,0.037,50.301,55,407,26,0.76,0.147,0.76,0.147,0,1,63.949,0.109,17.03,35,12.513,0.017,1,190424.4,30724.76,12774.67,14
2,31,33,7,5,33,5,28,33.05,1.095,0.151,7.239,17,407,33,0.147,0.308,0.147,0.308,0,0,26.533,0.188,5.812,14,1.902,0.017,0.75,108618.9,30634.31,13664.95,12
2,32,60,10,5,60,26,34,188.748,1.69,0.138,12.27,40,407,43,0.308,0.581,0.308,0.581,0,0,70.267,0.37,4.568,28,10.28,0.017,0.5,202445.1,56503.66,14275.06,14
2,33,62,11,5,62,18,44,190.231,1.917,0.095,20.255,52,407,51,0.581,0.352,0.581,0.352,0,0,57.949,0.311,6.17,31,12.171,0.017,0.25,226759.4,50545.54,16404.06,14
2,34,66,11,5,66,26,40,191.131,1.841,0.136,13.534,50,407,56,0.352,0.61,0.352,0.61,0,0,76.652,0.339,5.428,36,8.84,0.017,0,319607.2,89639.05,21166.94,15
3,1,5,2,8.8,5,3,2,39.05,0.268,0.077,3.493,4,9,1,1,1,1,1,0,0,19.117,0.157,1.71,2,5.496,0.017,0,52.882,13.596,112.869,6
3,2,5,2,8.6,5,3,2,66.6,0.274,0.045,6.088,3,9,3,1,1,1,1,0,0,62.599,0.048,5.722,3,1.22,0.017,0,97.88,25.112,167.434,8
3,3,5,2,8.4,5,2,3,117.961,0.28,0.017,16.537,4,9,5,1,0.962,1,0.962,0,0,35.716,0.056,5.007,4,2.397,0.017,0,101.321,22.788,161.211,8
3,4,6,2,8.2,6,3,3,41.283,0.344,0.073,4.732,4,39,1,0.962,0.93,0.962,0.93,0,0,22.35,0.134,2.562,3,6.922,0.017,0,171.885,51.065,173.532,7
3,5,13,5,8,13,2,11,50.383,0.732,0.04,18.45,12,39,3,0.93,0.237,0.93,0.237,0,0,13.783,0.145,5.047,8,14.476,0.017,0,366.974,42.028,167.754,7
3,6,10,4,7.8,10,6,4,32.233,0.588,0.186,3.16,9,39,6,0.237,0.34,0.237,0.34,0,1,27.583,0.218,2.704,6,8.96,0.017,1,315.357,48.96,207.955,9
3,7,10,4,7.6,10,5,5,39.183,0.602,0.128,4.721,9,39,7,0.34,0.319,0.34,0.319,0,0,22.133,0.226,2.667,6,10.415,0.017,0.75,331.574,68.731,202.296,8
3,8,6,2,7.4,6,4,2,28.516,0.379,0.14,2.699,3,39,8,0.319,0.685,0.319,0.685,0,0,10.833,0.369,1.025,2,3.74,0.017,0.5,278.017,73.241,208.119,8
3,9,11,4,7.2,11,4,7,55.683,0.653,0.072,9.088,8,39,9,0.685,0.278,0.685,0.278,0,0,51.916,0.077,8.473,7,4.047,0.017,0.25,752.239,172.755,232.97,9
3,10,12,4,7,12,11,1,31.85,0.779,0.345,2.256,12,39,9,0.278,0.467,0.278,0.467,0,1,16.783,0.655,1.189,11,12.631,0.017,1.25,762.406,103.459,266.866,8
3,11,12,4,6.8,12,5,7,52.699,0.8,0.095,8.432,10,63,10,0.467,0.267,0.467,0.267,0,1,29.983,0.167,4.797,7,7.977,0.017,2.25,1390.064,397.866,239.259,8
3,12,19,7,6.6,19,10,9,65.033,0.993,0.154,6.458,9,110,2,0.267,0.577,0.267,0.577,0,0,42.516,0.235,4.222,7,5.069,0.017,2,1372.906,152.613,357.158,10
3,13,8,3,6.4,8,2,6,54.399,0.538,0.037,14.62,5,127,2,0.577,0.777,0.577,0.777,0,0,35.65,0.056,9.581,4,1.092,0.017,1.75,1545.078,915.626,388.754,10
3,14,16,6,6.2,16,11,5,50.983,0.926,0.216,4.291,8,127,4,0.777,1,0.777,1,0,0,24.3,0.453,2.045,6,0.57,0.017,1.5,1856.878,205.213,483.145,10
3,15,17,6,6,17,9,8,187.882,0.986,0.048,20.593,12,147,7,1,0.907,1,0.907,0,0,45.049,0.2,4.938,6,5.592,0.017,1.25,5796.111,2504.462,492.618,9
3,16,18,6,5.8,18,3,15,188.132,1.048,0.016,65.691,18,147,8,0.907,1,0.907,1,0,0,21.867,0.137,7.635,7,11.177,0.017,1,2650.553,553.595,525.339,9
3,17,20,7,5.6,20,7,13,189.548,1.185,0.037,32.077,19,164,9,1,0.802,1,0.802,0,0,37.65,0.186,6.371,6,22.454,0.017,0.75,10745.33,7678.473,560.936,9
3,18,22,7,5.4,22,12,10,190.231,1.026,0.063,16.272,22,183,10,0.802,1,0.802,1,0,0,37.85,0.317,3.238,11,19.706,0.017,0.5,7094.35,1760.169,602.406,9
3,19,24,7,5.2,24,2,22,181.117,1.191,0.011,107.862,23,221,13,1,1,1,1,0,0,35.566,0.056,21.181,10,9.583,0.017,0.25,14446.72,8814.88,800.671,10
3,20,26,7,5,26,1,25,189.498,1.33,0.005,252.019,26,221,17,1,0.698,1,0.698,0,0,27.1,0.037,36.041,17,9.346,0.017,0,22610.11,5485.85,1060.238,10
3,21,45,8,5,45,2,43,188.731,1.488,0.011,140.38,45,221,21,0.698,0.481,0.698,0.481,0,0,45.683,0.044,33.979,20,16.885,0.017,0,38697.91,20809.67,1156.768,11
3,22,30,7,5,30,2,28,189.481,1.222,0.011,115.774,30,221,23,0.481,0.608,0.481,0.608,0,0,35.433,0.056,21.65,21,15.683,0.017,0,26899.79,12562.99,1405.175,11
3,23,31,7,5,31,5,26,187.265,1.263,0.027,47.293,28,221,26,0.608,0.457,0.608,0.457,0,0,35.883,0.139,9.062,8,9.4,0.017,0,35732.16,15149.13,1546.762,10
3,24,42,7,5,42,4,38,188.931,1.421,0.021,67.134,40,221,28,0.457,0.595,0.457,0.595,0,0,45.999,0.087,16.345,19,9.654,0.017,0,50897.45,21568.07,1734.193,11
3,25,40,7,5,40,0,40,186.082,1.354,0,-1,40,244,30,0.595,0.19,0.595,0.19,0,0,45.583,0,-1,24,17.648,0.017,0,95081.48,22414.32,1793.28,11
3,26,44,8,5,44,8,36,187.465,1.252,0.043,29.333,32,327,16,0.19,0.363,0.19,0.363,0,0,54.633,0.146,8.549,12,4.967,0.017,0,77650.13,30758.81,2029.447,12
3,27,49,9,5,49,2,47,190.081,1.566,0.011,148.787,47,413,21,0.363,0.479,0.363,0.479,0,0,25.433,0.079,19.908,22,33.749,0.017,0,79304.67,22414.32,2458.316,11
3,28,54,9,5,54,1,53,186.932,1.397,0.005,261.175,35,413,25,0.479,0.544,0.479,0.544,0,0,51.749,0.019,72.303,21,12.553,0.017,0,102770.5,31607.7,2654.619,12
3,29,54,9,5,54,12,42,191.114,1.725,0.063,27.477,47,413,30,0.544,0.732,0.544,0.732,0,0,55.566,0.216,7.989,28,8.644,0.017,0,111312.9,23213.63,2871.86,11
3,30,55,10,5,55,7,48,190.414,1.738,0.037,47.271,55,413,39,0.732,0.151,0.732,0.151,0,1,60.283,0.116,14.965,28,11.678,0.017,1,273114.4,47218.64,3522.579,12
3,31,56,10,5,56,8,48,194.997,1.461,0.041,35.608,33,413,48,0.151,0.308,0.151,0.308,0,0,58.083,0.138,10.607,18,12.279,0.017,0.75,190900,46724.19,4087.256,12
3,32,90,15,5,90,19,71,193.38,2.639,0.098,26.863,88,413,53,0.308,0.492,0.308,0.492,0,0,65.95,0.288,9.161,39,14.917,0.017,0.5,247471.1,42361.01,4800.023,12
3,33,69,12,5,69,20,49,190.514,1.87,0.105,17.813,54,437,56,0.492,0.463,0.492,0.463,0,0,70.984,0.282,6.637,17,10.92,0.017,0.25,258592.5,59735.63,6923.8,13
3,34,57,10,5,57,10,47,189.715,1.801,0.053,34.167,56,451,66,0.463,0.633,0.463,0.633,0,0,44.05,0.227,7.933,31,23.32,0.017,0,232139.6,47218.64,10811.71,12
3,35,62,11,5,62,14,48,190.014,1.917,0.074,26.012,61,494,73,0.633,0.19,0.633,0.19,0,1,70.267,0.199,9.619,44,26.038,0.017,1,396758.6,61384.23,12539.5,13
3,36,59,10,5,59,9,50,193.464,1.555,0.047,33.42,30,494,88,0.19,0.351,0.19,0.351,0,0,83.87,0.107,14.488,12,13.14,0.017,0.75,253851,47218.64,14452.36,13
3,37,32,7,5,32,9,23,191.614,1.303,0.047,27.752,32,494,97,0.351,0.564,0.351,0.564,0,0,49.666,0.181,7.193,21,7.974,0.017,0.5,211137,61384.23,15453.95,13
3,38,59,10,5,59,32,27,191.914,1.864,0.167,11.18,59,494,114,0.564,0.881,0.564,0.881,0,0,71.167,0.45,4.146,40,20.088,0.017,0.25,293807.4,47218.64,18895.09,14
3,39,59,10,5,59,35,24,189.315,1.864,0.185,10.083,59,494,131,0.881,0.895,0.881,0.895,0,0,77.419,0.452,4.123,32,28.082,0.017,0,282439.8,61384.23,17859.04,13
3,40,63,11,5,63,21,42,191.714,1.969,0.11,17.973,63,494,141,0.895,0.233,0.895,0.233,0,1,62.249,0.337,5.836,31,18.461,0.017,1,510608.7,51940.5,19321.44,14
3,41,59,10,5,59,39,20,192.047,1.864,0.203,9.18,59,494,151,0.233,0.598,0.233,0.598,0,0,84.687,0.461,4.048,27,8.345,0.017,0.75,349039.3,67522.65,19177.58,13
3,42,59,10,5,59,39,20,190.764,1.864,0.204,9.118,59,494,173,0.598,0.962,0.598,0.962,0,0,81.32,0.48,3.887,38,25.051,0.017,0.5,314378.4,51940.5,28823.07,14
3,43,59,10,5,59,28,31,191.847,1.885,0.146,12.915,58,494,173,0.962,1,0.962,1,0,0,74.835,0.374,5.038,31,11.893,0.017,0.25,271912.6,47883.09,25949.16,13
3,44,59,10,5,59,33,26,189.498,1.885,0.174,10.824,59,494,173,1,1,1,1,0,0,70.017,0.471,3.999,17,19.748,0.017,0,220960,6887.625,31606.25,13
3,45,59,10,5,59,45,14,189.098,1.906,0.238,8.011,59,494,173,1,0.405,1,0.405,0,1,60.533,0.743,2.564,42,11.826,0.017,1,490015.5,32052.48,32664.26,14
3,46,70,12,5,70,41,29,189.048,2.288,0.217,10.548,69,494,173,0.405,0.739,0.405,0.739,0,0,77.969,0.526,4.35,49,9.833,0.017,0.75,259182.4,6918.911,30054.26,14
3,47,59,10,5,59,35,24,190.464,1.864,0.184,10.144,59,494,173,0.739,1,0.739,1,0,0,72.751,0.481,3.875,43,14.924,0.017,0.5,255026.6,8364.029,24405.36,12
3,48,72,12,5,72,47,25,189.231,2.179,0.248,8.771,71,494,173,1,1,1,1,0,0,46.716,1.006,2.165,44,10.879,0.017,0.25,378550.1,31137.21,26700.32,14
3,49,63,11,5,63,40,23,188.648,2.036,0.212,9.6,62,494,173,1,1,1,1,0,0,53.749,0.744,2.735,40,8.337,0.017,0,296586.7,12512.3,20600.83,13
3,50,67,12,5,67,51,16,188.531,2.19,0.271,8.094,67,494,173,1,0.74,1,0.74,0,0,62.049,0.822,2.664,56,14.137,0.017,0,622805.8,25140.9,21615.47,14
3,51,110,19,5,110,85,25,189.115,3.476,0.449,7.733,109,579,175,0.74,1,0.74,1,0,0,72.301,1.176,2.956,75,13.463,0.017,0,620328.9,21261.24,21539.14,14
3,52,76,13,5,76,44,32,184.749,2.401,0.238,10.083,69,579,192,1,1,1,1,0,0,58.283,0.755,3.181,30,19.495,0.017,0,459147.2,33080.33,20908.06,15
3,53,79,14,5,79,53,26,187.765,2.642,0.282,9.36,75,579,207,1,1,1,1,0,0,65.316,0.811,3.256,30,19.229,0.017,0,491022.8,33746.66,23503.67,15
3,54,80,14,5,80,48,32,184.332,2.614,0.26,10.04,73,579,207,1,1,1,1,0,0,57.799,0.83,3.148,33,13.153,0.017,0,517614.8,33746.66,24985.57,15
3,55,96,16,5,96,69,27,185.549,3.137,0.372,8.437,96,579,207,1,0.388,1,0.388,0,1,55.516,1.243,2.524,51,19.162,0.017,1,968632.5,53711.49,22063.02,15
3,56,139,24,5,139,75,64,183.499,3.298,0.409,8.069,97,579,207,0.388,0.703,0.388,0.703,0,0,83.32,0.9,3.664,33,15.522,0.017,0.75,898248.3,53711.49,25058.58,15
3,57,89,15,5,89,44,45,185.416,2.909,0.237,12.256,89,579,207,0.703,1,0.703,1,0,0,65.45,0.672,4.326,56,15.444,0.017,0.5,612216.8,75221.58,25035.32,14
3,58,90,15,5,90,53,37,187.482,2.875,0.283,10.172,82,579,207,1,1,1,1,0,0,75.135,0.705,4.076,34,14.101,0.017,0.25,649117.8,47421.61,26780.4,15
3,59,144,24,5,144,75,69,187.982,4.311,0.399,10.806,142,579,207,1,1,1,1,0,0,86.904,0.863,4.996,59,16.945,0.017,0,1005030,77326.66,31171.68,14
3,60,90,15,5,90,60,30,187.865,2.975,0.319,9.316,90,579,207,1,0.872,1,0.872,0,0,55.816,1.075,2.768,48,16.051,0.017,0,1163246,80957.67,25898.52,15
3,61,90,15,5,90,53,37,187.365,2.941,0.283,10.398,88,579,207,0.872,1,0.872,1,0,0,70.534,0.751,3.914,41,11.921,0.017,0,785975.2,86082.45,28580.43,15
3,62,90,15,5,90,54,36,186.965,2.975,0.289,10.301,90,579,207,1,1,1,1,0,0,55.899,0.966,3.08,60,14.528,0.017,0,719227.2,17117.03,29290.22,15
3,63,156,26,5,156,79,77,184.616,4.575,0.428,10.691,156,579,207,1,0.803,1,0.803,0,0,74.135,1.066,4.293,98,24.332,0.017,0,1379159,86082.45,29099.94,15
3,64,90,15,5,90,49,41,185.216,2.975,0.265,11.246,89,579,207,0.803,1,0.803,1,0,0,73.785,0.664,4.48,43,27.723,0.017,0,704365.5,19573.88,36494.64,15
3,65,90,15,5,90,63,27,187.215,2.975,0.337,8.841,90,579,207,1,0.648,1,0.648,0,0,62.016,1.016,2.929,55,11.84,0.017,0,1343697,81490.04,29955.61,15
3,66,96,16,5,96,66,30,183.049,3.137,0.361,8.701,95,579,207,0.648,0.891,0.648,0.891,0,0,71.501,0.923,3.399,44,10.745,0.017,0,836848.4,20002.86,31661.2,15
3,67,96,16,5,96,62,34,189.148,3.137,0.328,9.571,94,579,207,0.891,1,0.891,1,0,0,51.766,1.198,2.619,70,6.842,0.017,0,1161678,83770.53,26816.09,14
3,68,108,18,5,108,59,49,186.015,3.451,0.317,10.879,106,579,207,1,1,1,1,0,0,76.869,0.768,4.496,39,17.463,0.017,0,969152,30321.8,31574.54,15
4,1,5,2,8.8,5,3,2,44.949,0.268,0.067,4.021,3,8,1,1,1,1,1,0,0,18.917,0.159,1.692,2,5.277,0.017,0,44.449,10.17,112.869,6
4,2,5,2,8.6,5,5,0,34.033,0.274,0.147,1.867,4,8,4,1,0.985,1,0.985,0,0,30.833,0.162,1.691,4,1,0.017,0,91.009,25.825,160.227,7
4,3,5,2,8.4,5,3,2,37.166,0.28,0.081,3.474,3,8,5,0.985,1,0.985,1,0,0,30.333,0.099,2.835,3,0.717,0.017,0,95.08,25.825,162.092,8
4,4,6,2,8.2,6,3,3,44.749,0.337,0.067,5.033,4,8,7,1,1,1,1,0,0,38.8,0.077,4.364,4,0.906,0.017,0,131.69,29.299,171.673,8
4,5,11,4,8,11,11,0,30.066,0.575,0.366,1.571,7,8,8,1,1,1,1,0,0,27.95,0.394,1.461,7,1.989,0.017,0,332.041,72.553,178.668,8
4,6,13,5,7.8,13,5,8,31.583,0.749,0.158,4.733,10,37,5,1,1,1,1,0,0,31.416,0.159,4.708,8,0.224,0.017,0,456.823,67.364,176.083,7
4,7,9,3,7.6,9,4,5,28.25,0.554,0.142,3.912,8,120,7,1,1,1,1,0,0,17.783,0.225,2.462,6,1.291,0.017,0,267.336,63.887,238.821,8
4,8,11,4,7.4,11,11,0,21.583,0.613,0.51,1.204,6,59,8,1,1,1,1,0,0,16.233,0.678,0.905,6,0.885,0.017,0,643.45,151.714,269.753,9
4,9,10,4,7.2,10,7,3,34.1,0.582,0.205,2.835,6,79,4,1,1,1,1,0,0,18.667,0.375,1.552,5,1.026,0.017,0,585.834,154.532,265.592,9
4,10,7,3,7,7,1,6,52.799,0.445,0.019,23.491,7,105,4,1,0.74,1,0.74,0,0,28.866,0.035,12.843,4,7.886,0.017,0,567.887,180.184,284.061,9
4,11,13,5,6.8,13,1,12,51.249,0.776,0.02,39.776,11,105,4,0.74,0.692,0.74,0.692,0,0,35.483,0.028,27.539,5,8.954,0.017,0,1330.693,431.289,306.394,9
4,12,19,7,6.6,19,2,17,188.748,1.162,0.011,109.671,18,105,6,0.692,0.695,0.692,0.695,0,0,25.083,0.08,14.574,8,9.996,0.017,0,1839.677,387.244,496.985,11
4,13,15,5,6.4,15,3,12,47.099,0.94,0.064,14.765,11,105,7,0.695,0.748,0.695,0.748,0,0,35.85,0.084,11.238,5,7.773,0.017,0,3152.906,1491.843,554.211,11
4,14,17,6,6.2,17,7,10,47.049,0.964,0.149,6.48,12,105,8,0.748,1,0.748,1,0,0,30.083,0.233,4.143,10,1.416,0.017,0,2460.301,624.294,605.644,10
4,15,34,7,6,34,14,20,183.783,1.269,0.076,16.654,30,121,9,1,0.776,1,0.776,0,0,50.899,0.275,4.612,15,6.168,0.017,0,10774.04,3082.792,702.657,12
4,16,20,7,5.8,20,4,16,187.565,1.266,0.021,59.356,18,138,10,0.776,0.956,0.776,0.956,0,0,31.35,0.128,9.921,15,4.745,0.017,0,4579.124,547.946,736.765,11
4,17,21,7,5.6,21,7,14,83.17,1.178,0.084,13.991,13,192,5,0.956,1,0.956,1,0,0,59.116,0.118,9.945,7,3.789,0.017,0,14790.73,7219.975,880.691,11
4,18,22,7,5.4,22,12,10,185.582,1.026,0.065,15.874,14,192,10,1,0.88,1,0.88,0,0,40.933,0.293,3.501,6,6.425,0.017,0,7190.65,2258.334,1112.652,11
4,19,24,7,5.2,24,5,19,190.298,1.191,0.026,45.332,23,215,13,0.88,0.675,0.88,0.675,0,0,44.533,0.112,10.608,14,8.935,0.017,0,34944.91,17886.21,1126.968,12
4,20,26,7,5,26,3,23,182.483,1.33,0.016,80.897,24,215,16,0.675,0.717,0.675,0.717,0,0,42.333,0.071,18.767,13,11.274,0.017,0,23894.83,2711.66,1408.544,12
4,21,28,7,5,28,12,16,156.606,1.293,0.077,16.878,17,215,18,0.717,0.989,0.717,0.989,0,0,67.95,0.177,7.323,15,2.758,0.017,0,66114.95,22414.32,1613.629,12
4,22,30,7,5,30,6,24,191.281,1.222,0.031,38.958,30,215,21,0.989,0.712,0.989,0.712,0,0,69.95,0.086,14.247,13,10.276,0.017,0,76711.46,27462.04,2009.315,12
4,23,40,7,5,40,20,20,191.214,1.354,0.105,12.942,36,235,26,0.712,1,0.712,1,0,0,59.599,0.336,4.034,16,11.631,0.017,0,25994.72,2274.599,2336.049,12
4,24,39,7,5,39,16,23,186.065,1.32,0.086,15.348,26,235,28,1,0.798,1,0.798,0,0,53.566,0.299,4.419,11,10.485,0.017,0,105073.2,31276.71,2816.142,12
4,25,43,8,5,43,16,27,186.599,1.422,0.086,16.578,41,259,33,0.798,1,0.798,1,0,0,55.283,0.289,4.912,31,8.571,0.017,0,75239.01,5523.607,2618.753,15
4,26,48,8,5,48,25,23,187.098,1.587,0.134,11.875,42,297,55,1,1,1,1,0,0,65.583,0.381,4.163,19,13.554,0.017,0,115596.2,39986.45,3321.915,13
4,27,52,9,5,52,24,28,184.716,1.68,0.13,12.931,45,339,56,1,1,1,1,0,0,57.316,0.419,4.012,24,9.633,0.017,0,61070.63,9521.427,3566.584,14
4,28,90,15,5,90,37,53,185.199,2.018,0.2,10.101,65,414,34,1,0.86,1,0.86,0,0,86.437,0.428,4.714,37,9.197,0.017,0,124376,29138.62,4232.773,15
4,29,58,10,5,58,25,33,194.997,1.793,0.128,13.984,43,489,28,0.86,1,0.86,1,0,0,60.833,0.411,4.363,32,3.062,0.017,0,78799.43,16166,6262.004,15
4,30,60,10,5,60,12,48,190.798,1.896,0.063,30.142,55,489,40,1,0.639,1,0.639,0,0,71.151,0.169,11.24,37,5.02,0.017,0,177114.5,29138.62,6381.039,17
4,31,99,17,5,99,31,68,193.33,2.658,0.16,16.575,83,489,48,0.639,0.521,0.639,0.521,0,0,92.939,0.334,7.968,49,12.644,0.017,0,168241,21812.34,8127.737,17
4,32,63,11,5,63,27,36,187.648,1.757,0.144,12.213,43,489,60,0.521,0.738,0.521,0.738,0,0,81.286,0.332,5.291,23,4.696,0.017,0,124131.2,43530.09,9933.658,16
4,33,64,11,5,64,47,17,193.464,1.978,0.243,8.144,45,489,70,0.738,1,0.738,1,0,0,68.25,0.689,2.873,27,9.354,0.017,0,150481.8,34414.82,11032.36,15
4,34,79,14,5,79,45,34,192.68,2.293,0.234,9.819,63,489,87,1,1,1,1,0,0,88.938,0.506,4.532,51,4.663,0.017,0,115144.4,6736,14542.86,15
4,35,68,12,5,68,38,30,191.464,2.058,0.198,10.367,60,489,111,1,1,1,1,0,0,96.139,0.395,5.205,36,3.125,0.017,0,209107.7,15961.97,15084.26,16
4,36,68,12,5,68,33,35,191.481,2.058,0.172,11.939,55,489,126,1,1,1,1,0,0,78.836,0.419,4.915,34,8.177,0.017,0,160568.8,29138.62,15647.62,15
4,37,37,7,5,37,21,16,191.981,1.144,0.109,10.456,28,489,136,1,1,1,1,0,0,56.799,0.37,3.094,19,2.25,0.017,0,73492.44,4243.509,17007.54,15
4,38,67,12,5,67,27,40,187.865,1.925,0.144,13.396,53,489,136,1,1,1,1,0,0,94.056,0.287,6.707,28,9.944,0.017,0,198358.8,33484.68,17575.67,15
4,39,68,12,5,68,50,18,188.165,2.058,0.266,7.743,55,489,136,1,1,1,1,0,0,69.934,0.715,2.878,38,14.369,0.017,0,177419.5,9205.023,16356.04,15
4,40,68,12,5,68,36,32,188.282,2.058,0.191,10.761,63,489,136,1,1,1,1,0,0,84.22,0.427,4.813,40,7.458,0.017,0,345282.3,29138.62,18892.81,16
4,41,109,19,5,109,45,64,190.514,2.872,0.236,12.16,98,489,136,1,1,1,1,0,0,106.642,0.422,6.807,63,11.065,0.017,0,302648.8,6820.868,18917.39,15
4,42,68,12,5,68,33,35,189.515,2.058,0.174,11.816,59,489,136,1,1,1,1,0,0,83.253,0.396,5.191,34,11.553,0.017,0,232290.4,43530.09,18969.33,15
4,43,68,12,5,68,37,31,189.415,1.878,0.195,9.616,61,489,136,1,1,1,1,0,0,92.122,0.402,4.677,34,9.96,0.017,0,207423.8,11095.56,18969.34,15
4,44,73,13,5,73,34,39,188.098,2.163,0.181,11.966,63,489,136,1,1,1,1,0,0,75.368,0.451,4.795,47,6.375,0.017,0,249833.8,22414.32,21350.71,15
4,45,89,15,5,89,61,28,189.365,2.812,0.322,8.729,88,489,136,1,0.893,1,0.893,0,0,95.306,0.64,4.393,48,11.641,0.017,0,508919.7,16398.12,21430.4,16
4,46,73,13,5,73,24,49,191.048,2.186,0.126,17.398,70,489,136,0.893,1,0.893,1,0,0,68.417,0.351,6.231,43,12.879,0.017,0,260836.3,22414.32,19589.88,16
4,47,73,13,5,73,21,52,188.865,2.306,0.111,20.744,62,489,136,1,1,1,1,0,0,71.034,0.296,7.802,36,8.024,0.017,0,260810.2,6080.292,16645.74,16
4,48,74,13,5,74,59,15,190.614,1.95,0.31,6.3,41,489,136,1,1,1,1,0,0,58.633,1.006,1.938,20,16.742,0.017,0,320392.2,23198.13,16923.32,15
4,49,78,13,5,78,62,16,190.798,2.055,0.325,6.325,46,489,136,1,1,1,1,0,0,54.549,1.137,1.808,20,9.792,0.017,0,352354.8,8364.029,15497.13,15
4,50,83,14,5,83,61,22,188.232,2.434,0.324,7.511,62,489,136,1,1,1,1,0,0,58.133,1.049,2.32,21,4.003,0.017,0,629420.3,17879.38,12238.65,16
4,51,48,8,5,48,36,12,190.531,1.468,0.189,7.769,22,571,137,1,1,1,1,0,0,49.683,0.725,2.026,9,9.585,0.017,0,246174.7,9271.543,12324.97,15
4,52,93,16,5,93,66,27,189.864,2.646,0.348,7.611,68,571,139,1,1,1,1,0,0,66.116,0.998,2.65,29,13.727,0.017,0,484739.9,13352.79,12295.19,16
4,53,98,17,5,98,72,26,190.481,2.582,0.378,6.832,61,571,163,1,1,1,1,0,0,61.216,1.176,2.196,28,7.741,0.017,0,523529.6,15995.96,12549.01,15
4,54,106,18,5,106,67,39,187.848,3.046,0.357,8.54,78,571,170,1,1,1,1,0,0,75.535,0.887,3.434,45,9.325,0.017,0,570223.1,9395.663,12910.8,17
4,55,61,11,5,61,48,13,188.065,1.927,0.255,7.551,37,571,170,1,1,1,1,0,0,37.2,1.29,1.494,24,2.659,0.017,0,560060,23265.86,13133.84,16
4,56,119,20,5,119,77,42,189.581,3.136,0.406,7.72,83,571,170,1,1,1,1,0,0,64.966,1.185,2.646,33,12.701,0.017,0,688410.4,10225.5,11925.46,17
4,57,108,18,5,108,72,36,187.048,2.769,0.385,7.194,82,571,170,1,1,1,1,0,0,88.454,0.814,3.402,35,12.256,0.017,0,624842,13163.38,12237.76,16
4,58,176,30,5,176,93,83,189.481,4.638,0.491,9.449,145,571,170,1,1,1,1,0,0,85.904,1.083,4.284,51,14.71,0.017,0,1111007,18483.45,12610.14,17
4,59,110,19,5,110,75,35,186.165,3.099,0.403,7.691,77,571,170,1,1,1,1,0,0,70.401,1.065,2.909,32,9.053,0.017,0,672691.6,12246.43,12929.83,16
4,60,110,19,5,110,72,38,188.448,3.4,0.382,8.9,86,571,170,1,1,1,1,0,0,60.249,1.195,2.845,27,13.083,0.017,0,1106796,26118.05,12952.04,17
4,61,110,19,5,110,66,44,189.398,3.4,0.348,9.758,83,571,170,1,1,1,1,0,0,69.134,0.955,3.562,29,12.341,0.017,0,713461.9,12527.18,12929.83,16
4,62,110,19,5,110,83,27,188.865,3.129,0.439,7.121,76,571,170,1,1,1,1,0,0,69.117,1.201,2.606,34,9.097,0.017,0,805985.6,39301.72,13281.26,17
4,63,110,19,5,110,73,37,188.332,3.364,0.388,8.679,73,571,170,1,1,1,1,0,0,54.633,1.336,2.518,28,10.501,0.017,0,797964.2,27762.35,13544.13,16
4,64,116,20,5,116,83,33,176.234,1.901,0.471,4.036,38,571,170,1,1,1,1,0,0,49.433,1.679,1.132,32,4.339,0.017,0,772280.5,20271.47,17048.52,14
4,65,116,20,5,116,78,38,189.398,3.586,0.412,8.707,96,571,170,1,1,1,1,0,0,65.399,1.193,3.007,35,8.263,0.017,0,1286675,25140.9,13937.11,16
4,66,116,20,5,116,85,31,186.082,3.001,0.457,6.571,85,571,170,1,1,1,1,0,0,75.802,1.121,2.677,30,13.897,0.017,0,913555.9,16925.47,13970.69,16
4,67,128,22,5,128,86,42,185.116,3.832,0.465,8.249,93,571,170,1,1,1,1,0,0,67.317,1.278,3,34,8.534,0.017,0,1001184,18864.42,13970.7,16
4,68,116,20,5,116,73,43,185.832,3.625,0.393,9.228,89,571,170,1,1,1,1,0,0,69.184,1.055,3.436,30,8.874,0.017,0,992368.5,18751.49,14364.6,17
5,1,5,2,8.8,5,3,2,34.2,0.268,0.088,3.059,4,6,1,1,1,1,1,0,0,20.167,0.149,1.804,2,6.337,0.017,0,41.677,10.709,112.869,6
5,2,5,2,8.6,5,1,4,46.149,0.274,0.022,12.655,4,6,4,1,1,1,1,0,0,32.25,0.031,8.844,4,0.22,0.017,0,94.02,23.568,178.759,8
5,3,5,2,8.4,5,3,2,16.467,0.28,0.182,1.539,2,6,6,1,1,1,1,0,0,12.233,0.245,1.143,2,1.187,0.017,0,97.687,31.374,162.191,7
5,4,6,2,8.2,6,6,0,36.766,0.337,0.163,2.067,4,6,6,1,1,1,1,0,0,35.9,0.167,2.019,4,0.269,0.017,0,164.055,52.509,182.458,8
5,5,11,4,8,11,10,1,35.983,0.575,0.278,2.069,7,6,6,1,1,1,1,0,0,32.733,0.306,1.882,6,0.974,0.017,0,287.531,47.512,190.865,8
5,6,8,3,7.8,8,2,6,48.966,0.452,0.041,11.076,6,43,2,1,1,1,1,0,0,11,0.182,2.488,2,10.08,0.017,0,215.706,48.28,189.825,7
5,7,9,3,7.6,9,5,4,52.099,0.51,0.096,5.318,7,80,5,1,1,1,1,0,0,20.967,0.238,2.14,4,7.18,0.017,0,396.89,69.607,280.839,8
5,8,11,4,7.4,11,6,5,57.283,0.638,0.105,6.088,8,80,6,1,1,1,1,0,0,28.05,0.214,2.981,6,5.959,0.017,0,372.556,44.738,312.345,9
5,9,11,4,7.2,11,6,5,47.133,0.627,0.127,4.928,9,106,6,1,1,1,1,0,0,35.416,0.169,3.703,5,9.708,0.017,0,619.301,100.793,336.155,8
5,10,12,4,7,12,11,1,40.033,0.686,0.275,2.498,11,106,7,1,1,1,1,0,0,22.6,0.487,1.41,7,11.213,0.017,0,619.674,77.141,321.745,8
5,11,13,5,6.8,13,7,6,55.666,0.746,0.126,5.93,13,130,8,1,1,1,1,0,0,32.066,0.218,3.416,5,13.983,0.017,0,857.803,244.222,344.59,8
5,12,14,5,6.6,14,6,8,56.199,0.805,0.107,7.544,13,146,10,1,1,1,1,0,0,21.567,0.278,2.895,5,11.733,0.017,0,934.248,121.832,525.481,9
5,13,20,7,6.4,20,9,11,189.415,1.153,0.048,24.261,20,146,11,1,1,1,1,0,0,34.133,0.264,4.372,9,21.431,0.017,0,1889.09,160.401,660.029,10
5,14,16,6,6.2,16,7,9,44.316,0.951,0.158,6.023,16,146,13,1,1,1,1,0,0,30.616,0.229,4.161,7,11.453,0.017,0,1283.046,151.128,648.484,9
5,15,19,7,6,19,16,3,187.198,1.148,0.085,13.432,19,170,15,1,1,1,1,0,0,28.45,0.562,2.041,16,11.427,0.017,0,3637.556,528.46,774.122,9
5,16,18,6,5.8,18,6,12,56.449,1.136,0.106,10.684,18,170,17,1,1,1,1,0,0,31.833,0.188,6.025,11,10.855,0.017,0,2553.052,282.082,868.251,11
5,17,20,7,5.6,20,7,13,188.798,1.238,0.037,33.401,20,180,20,1,1,1,1,0,0,41.083,0.17,7.268,14,9.487,0.017,0,2467.004,245.268,1017.939,12
5,18,22,7,5.4,22,16,6,192.88,1.061,0.083,12.792,21,210,21,1,1,1,1,0,0,26.616,0.601,1.765,12,14.862,0.017,0,3854.201,285.338,1047.787,11
5,19,24,7,5.2,24,5,19,187.765,1.191,0.027,44.728,24,210,22,1,1,1,1,0,0,36.016,0.139,8.58,19,14.424,0.017,0,4689.505,421.141,1617.775,12
5,20,26,7,5,26,16,10,183.416,1.33,0.087,15.246,26,210,24,1,1,1,1,0,0,35.516,0.45,2.952,17,10.769,0.017,0,10201.67,1229.037,1549.188,13
5,21,28,7,5,28,11,17,189.864,1.359,0.058,23.461,27,231,28,1,1,1,1,0,0,48.933,0.225,6.046,17,21.869,0.017,0,7957.088,1149.916,1843.679,12
5,22,30,7,5,30,14,16,193.863,1.112,0.072,15.396,26,231,32,1,1,1,1,0,0,41.216,0.34,3.273,17,7.968,0.017,0,9981.628,751.28,2111.758,12
5,23,17,6,5,17,10,7,192.164,1.178,0.052,22.634,17,231,36,1,1,1,1,0,0,43.416,0.23,5.114,10,13.86,0.017,0,8800.849,2456.536,2450.232,12
5,24,35,7,5,35,12,23,186.182,1.426,0.064,22.12,34,231,38,1,1,1,1,0,0,54.316,0.221,6.453,15,22.72,0.017,0,16568.47,1279.389,2287.665,13
5,25,40,7,5,40,1,39,190.498,1.354,0.005,257.867,40,253,40,1,0.548,1,0.548,0,0,46.249,0.022,62.606,19,19.007,0.017,0,66113.82,5898.655,2807.523,13
5,26,44,8,5,44,6,38,192.63,1.455,0.031,46.699,44,290,40,0.548,0.703,0.548,0.703,0,0,53.166,0.113,12.889,32,12.649,0.017,0,30950.78,1944.614,2955.343,13
5,27,48,8,5,48,12,36,184.432,1.468,0.065,22.561,43,373,31,0.703,0.903,0.703,0.903,0,0,69.1,0.174,8.453,19,19.845,0.017,0,52122.43,12973.99,3567.261,14
5,28,29,7,5,29,15,14,184.932,1.089,0.081,13.424,27,418,39,0.903,1,0.903,1,0,0,58.983,0.254,4.282,9,4.825,0.017,0,24567.54,3167.417,4696.963,14
5,29,54,9,5,54,23,31,186.982,1.669,0.123,13.57,51,418,45,1,0.751,1,0.751,0,0,74.068,0.311,5.376,18,17.277,0.017,0,74561.95,22088.33,6312.174,14
5,30,55,10,5,55,15,40,188.815,1.738,0.079,21.874,55,418,69,0.751,0.782,0.751,0.782,0,0,63.633,0.236,7.372,51,7.257,0.017,0,139338.5,10947.81,6007.66,14
5,31,56,10,5,56,26,30,192.547,1.75,0.135,12.96,56,418,76,0.782,0.843,0.782,0.843,0,0,66.066,0.394,4.447,29,16.016,0.017,0,136823,55443.28,7378.696,14
5,32,56,10,5,56,28,28,192.714,1.769,0.145,12.178,52,462,79,0.843,0.893,0.843,0.893,0,0,85.987,0.326,5.434,34,11.533,0.017,0,100348.7,18163.35,9083.925,14
5,33,32,7,5,32,17,15,186.832,1.201,0.091,13.196,32,501,83,0.893,1,0.893,1,0,0,83.187,0.204,5.876,28,14.961,0.017,0,149580.7,70882.76,12091.12,16
5,34,59,10,5,59,24,35,190.931,1.824,0.126,14.509,58,501,90,1,1,1,1,0,0,101.191,0.237,7.69,23,20.973,0.017,0,159747.2,48647.1,13245.09,16
5,35,59,10,5,59,16,43,191.831,1.864,0.083,22.35,59,501,100,1,0.208,1,0.208,0,1,60.149,0.266,7.008,51,10.191,0.017,1,377312,79460.73,16941.73,15
5,36,94,16,5,94,36,58,190.948,2.075,0.189,11.006,61,501,111,0.208,0.374,0.208,0.374,0,0,108.926,0.331,6.279,24,16.663,0.017,0.75,284759.8,55140.59,19023.11,15
5,37,59,10,5,59,32,27,191.831,1.864,0.167,11.175,56,501,125,0.374,0.493,0.374,0.493,0,0,83.187,0.385,4.846,27,19.542,0.017,0.5,283287.5,79460.73,21748.86,14
5,38,59,10,5,59,29,30,190.864,1.864,0.152,12.269,55,501,141,0.493,0.629,0.493,0.629,0,0,80.536,0.36,5.177,21,18.329,0.017,0.25,254376.7,47037.01,22758.43,15
5,39,59,10,5,59,28,31,182.9,1.864,0.153,12.177,57,501,151,0.629,0.855,0.629,0.855,0,0,100.624,0.278,6.699,28,15.033,0.017,0,338512.2,56662.37,28938.91,16
5,40,59,10,5,59,43,16,188.132,1.864,0.229,8.156,58,501,159,0.855,0.392,0.855,0.392,0,1,69.884,0.615,3.03,31,16.757,0.017,1,472830.3,55140.59,30746.9,15
5,41,59,10,5,59,33,26,185.549,1.864,0.178,10.482,58,501,159,0.392,0.715,0.392,0.715,0,0,103.841,0.318,5.866,20,25.326,0.017,0.75,318947.3,79460.73,30826.95,15
5,42,58,10,5,58,30,28,189.531,1.833,0.158,11.578,55,501,159,0.715,0.899,0.715,0.899,0,0,82.737,0.363,5.054,25,22.968,0.017,0.5,285246.2,56662.37,30907.58,15
5,43,59,10,5,59,44,15,187.915,1.864,0.234,7.961,58,501,159,0.899,0.997,0.899,0.997,0,0,94.722,0.465,4.013,17,18.891,0.017,0.25,274737.3,77326.66,30873.42,14
5,44,58,10,5,58,41,17,189.048,1.833,0.217,8.45,55,501,159,0.997,0.921,0.997,0.921,0,0,88.388,0.464,3.951,26,16.666,0.017,0,330387,60815.55,40448.84,15
5,45,58,10,5,58,37,21,186.365,1.833,0.199,9.23,58,501,159,0.921,0.928,0.921,0.928,0,0,83.637,0.442,4.142,32,17.252,0.017,0,525386.1,84345.5,35207.77,15
5,46,59,10,5,59,30,29,190.448,1.864,0.158,11.834,55,501,159,0.928,0.831,0.928,0.831,0,0,100.724,0.298,6.259,27,30.393,0.017,0,343971.4,61384.23,36257.13,15
5,47,32,7,5,32,23,9,182.666,1.303,0.126,10.352,32,501,159,0.831,0.84,0.831,0.84,0,0,87.871,0.262,4.98,14,18.686,0.017,0,173253.8,33021.3,31079.62,15
5,48,60,10,5,60,48,12,187.565,1.896,0.256,7.408,60,501,159,0.84,0.851,0.84,0.851,0,0,58.583,0.819,2.314,23,24.623,0.017,0,322018,25027.1,35828.68,15
5,49,62,11,5,62,45,17,187.215,1.917,0.24,7.974,56,501,159,0.851,0.897,0.851,0.897,0,0,62.866,0.716,2.677,21,21.519,0.017,0,362906.6,35660.05,35815.84,14
6,1,5,2,8.8,5,3,2,32.983,0.268,0.091,2.95,4,9,1,1,1,1,1,0,0,28.316,0.106,2.533,2,5.09,0.017,0,46.375,13.741,112.869,6
6,2,5,2,8.6,5,2,3,59.816,0.274,0.033,8.201,4,9,3,1,1,1,1,0,0,28.033,0.071,3.844,4,1.36,0.017,0,65.418,18.127,168.464,8
6,3,5,2,8.4,5,2,3,54.766,0.28,0.037,7.678,4,91,4,1,1,1,1,0,0,29.916,0.067,4.194,4,0.727,0.017,0,96.324,25.527,162.092,8
6,4,6,2,8.2,6,1,5,49.966,0.337,0.02,16.858,4,91,6,1,1,1,1,0,0,35.966,0.028,12.135,4,0.386,0.017,0,147.757,40.125,191.019,9
6,5,7,3,8,7,4,3,58.916,0.411,0.068,6.053,6,104,2,1,1,1,1,0,0,28.216,0.142,2.899,3,4.917,0.017,0,227.399,60.871,186.824,8
6,6,13,5,7.8,13,8,5,57.066,0.669,0.14,4.772,8,104,3,1,1,1,1,0,0,32.716,0.245,2.736,7,2.144,0.017,0,545.195,200.377,209.03,9
6,7,9,3,7.6,9,5,4,45.566,0.51,0.11,4.651,6,46,3,1,1,1,1,0,0,35.366,0.141,3.61,4,2.056,0.017,0,415.059,68.951,219.958,9
6,8,11,4,7.4,11,8,3,51.549,0.613,0.155,3.952,7,87,3,1,1,1,1,0,0,32.366,0.247,2.482,5,0.549,0.017,0,528.766,77.363,221.031,9
6,9,12,4,7.2,12,5,7,69.917,0.671,0.072,9.383,8,87,4,1,1,1,1,0,0,33.216,0.151,4.458,6,0.253,0.017,0,680.408,162.619,240.269,9
6,10,12,4,7,12,9,3,23.35,0.686,0.385,1.781,5,87,5,1,1,1,1,0,0,23.316,0.386,1.778,4,0.247,0.017,0,716.692,121.248,246.929,9
6,11,13,5,6.8,13,5,8,43.566,0.746,0.115,6.497,5,170,7,1,1,1,1,0,0,22.133,0.226,3.301,5,0.54,0.017,0,1127.532,457.324,335.966,10
6,12,20,7,6.6,20,10,10,182.383,1.027,0.055,18.722,13,120,7,1,0.775,1,0.775,0,0,52.683,0.19,5.408,7,1.806,0.017,0,1684.356,173.094,386.624,10
6,13,15,5,6.4,15,5,10,63.149,0.865,0.079,10.93,11,139,2,0.775,1,0.775,1,0,0,25.883,0.193,4.48,6,2.251,0.017,0,2655.132,1306.383,419.013,10
6,14,17,6,6.2,17,6,11,181.883,1.046,0.033,31.713,14,139,2,1,1,1,1,0,0,24.15,0.248,4.211,7,6.366,0.017,0,1985.029,218.68,453.82,10
6,15,17,6,6,17,4,13,46.666,1.073,0.086,12.513,17,139,3,1,0.792,1,0.792,0,0,27.916,0.143,7.486,9,1.318,0.017,0,6767.393,2699.614,469.356,10
6,16,19,7,5.8,19,9,10,191.564,1.173,0.047,24.964,17,157,4,0.792,1,0.792,1,0,0,24.616,0.366,3.208,9,2.411,0.017,0,2916.579,357.949,491.422,10
6,17,21,7,5.6,21,7,14,187.648,1.292,0.037,34.643,12,157,5,1,0.677,1,0.677,0,0,33.65,0.208,6.212,8,5.898,0.017,0,14125.15,8730.484,522.77,10
6,18,12,4,5.4,12,7,5,187.098,0.84,0.037,22.456,9,157,6,0.677,1,0.677,1,0,0,20.267,0.345,2.432,7,0.988,0.017,0,2577.084,853.542,545.181,10
6,19,24,7,5.2,24,12,12,189.565,1.047,0.063,16.532,14,157,8,1,1,1,1,0,0,31.733,0.378,2.767,6,4.634,0.017,0,16467.98,6918.058,530.694,10
6,20,26,7,5,26,3,23,53.299,1.33,0.056,23.628,26,157,9,1,0.585,1,0.585,0,0,32.55,0.092,14.43,14,5.256,0.017,0,19755.88,2988.222,705.478,10
6,21,28,7,5,28,11,17,186.399,1.432,0.059,24.27,20,182,12,0.585,0.792,0.585,0.792,0,0,38.133,0.288,4.965,12,3.809,0.017,0,47492.51,21196.98,842.226,11
6,22,16,6,5,16,6,10,186.149,1.082,0.032,33.578,12,192,12,0.792,0.96,0.792,0.96,0,0,31.016,0.193,5.595,6,5.087,0.017,0,15074.7,6520.811,944.251,11
6,23,40,7,5,40,14,26,186.882,1.354,0.075,18.069,25,192,14,0.96,0.539,0.96,0.539,0,0,36.433,0.384,3.523,10,5.04,0.017,0,63496.4,22414.32,1042.294,11
6,24,36,7,5,36,11,25,185.582,1.219,0.059,20.565,32,192,15,0.539,0.762,0.539,0.762,0,0,42.816,0.257,4.745,13,3.626,0.017,0,32322,10661.2,1075.553,11
6,25,40,7,5,40,7,33,184.716,1.354,0.038,35.72,40,213,16,0.762,0.713,0.762,0.713,0,0,47.049,0.149,9.098,35,1.585,0.017,0,120310.9,22414.32,1047.234,11
6,26,43,8,5,43,14,29,185.149,1.422,0.076,18.799,37,264,19,0.713,0.944,0.713,0.944,0,0,57.983,0.241,5.887,18,3.801,0.017,0,52904.16,17728.12,1280.913,11
6,27,47,8,5,47,5,42,186.782,1.311,0.027,48.975,39,357,22,0.944,1,0.944,1,0,0,49.383,0.101,12.948,20,12.719,0.017,0,92091.7,22414.32,1853.736,13
6,28,52,9,5,52,24,28,187.948,1.436,0.128,11.249,39,421,27,1,1,1,1,0,0,56.716,0.423,3.395,17,11.266,0.017,0,81496.38,29514.1,2225.572,12
6,29,54,9,5,54,43,11,184.782,1.45,0.233,6.23,26,421,51,1,1,1,1,0,0,55.866,0.77,1.883,9,4.791,0.017,0,104849.3,22414.32,3119.667,12
6,30,55,10,5,55,26,29,188.015,1.738,0.138,12.566,39,483,53,1,1,1,1,0,0,51.816,0.502,3.463,16,4.91,0.017,0,232702.1,43530.09,3017.91,12
6,31,57,10,5,57,32,25,186.899,1.622,0.171,9.471,46,497,79,1,1,1,1,0,0,75.185,0.426,3.81,22,6.436,0.017,0,144835,48649.52,4114.597,14
6,32,58,10,5,58,43,15,186.599,1.587,0.23,6.886,48,497,103,1,1,1,1,0,0,70.817,0.607,2.613,32,4.494,0.017,0,144770.8,29138.62,34735.45,24
6,33,59,10,5,59,44,15,172.635,1.569,0.255,6.157,43,497,127,1,1,1,1,0,0,85.871,0.512,3.062,24,4.83,0.017,0,187942.7,56075.19,64004.41,28
6,34,71,12,5,71,58,13,177.351,1.961,0.327,5.997,61,497,151,1,1,1,1,0,0,82.32,0.705,2.784,21,7.945,0.017,0,161993.1,29138.62,68540.94,29
6,35,63,11,5,63,44,19,106.825,1.947,0.412,4.728,54,497,175,1,1,1,1,0,0,72.084,0.61,3.19,22,4.159,0.017,0,383644.5,67867.31,93451.9,33
6,36,59,10,5,59,51,8,78.569,1.599,0.649,2.463,19,497,188,1,1,1,1,0,0,49.483,1.031,1.551,15,0.594,0.017,0,154622.6,33484.68,106843.7,33
6,37,59,10,5,59,39,20,107.275,1.695,0.364,4.663,48,497,188,1,1,1,1,0,0,67.783,0.575,2.947,27,2.862,0.017,0,289501.3,64438.88,118047.7,33
6,38,59,10,5,59,43,16,103.808,1.662,0.414,4.012,45,497,188,1,1,1,1,0,0,69.234,0.621,2.676,20,6.369,0.017,0,155406.6,29138.62,158816.7,33
6,39,58,10,5,58,38,20,171.436,1.528,0.222,6.895,40,497,188,1,1,1,1,0,0,72.118,0.527,2.901,20,2.881,0.017,0,361477.5,86082.45,233238.5,33
6,40,58,10,5,58,43,15,69.9,1.833,0.615,2.979,46,497,188,1,1,1,1,0,0,60.983,0.705,2.599,27,0.82,0.017,0,332071,31965.63,203174.3,33
6,41,58,10,5,58,42,16,180.35,1.833,0.233,7.869,48,497,188,1,1,1,1,0,0,73.285,0.573,3.198,24,5.612,0.017,0,214225.7,48757.71,233549.4,33
6,42,59,10,5,59,41,18,190.464,1.695,0.215,7.876,49,497,188,1,1,1,1,0,0,85.921,0.477,3.553,22,2.735,0.017,0,207906.3,47883.09,305362.9,33
6,43,94,16,5,94,61,33,190.581,2.757,0.32,8.612,90,497,188,1,1,1,1,0,0,88.221,0.691,3.987,39,11.784,0.017,0,353491.5,48757.71,322699.2,34
6,44,59,10,5,59,38,21,191.381,1.864,0.199,9.389,45,497,188,1,1,1,1,0,0,74.985,0.507,3.679,29,10.212,0.017,0,198650.2,12214.36,381041.6,33
6,45,71,12,5,71,49,22,182.533,2.148,0.268,8.003,63,497,188,1,1,1,1,0,0,72.818,0.673,3.193,33,3.035,0.017,0,496738.9,72839,315185.7,34
6,46,58,10,5,58,29,29,189.481,1.701,0.153,11.113,41,497,188,1,1,1,1,0,0,60.183,0.482,3.53,23,12.277,0.017,0,232341.3,13060.14,366525.5,33
6,47,59,10,5,59,45,14,187.115,1.412,0.24,5.872,30,497,188,1,1,1,1,0,0,57.899,0.777,1.817,18,1.04,0.017,0,202559.2,8239.307,356498.7,33
6,48,60,10,5,60,49,11,179.984,1.414,0.272,5.194,38,497,188,1,1,1,1,0,0,48.533,1.01,1.401,26,7.207,0.017,0,280939.2,31566.09,339668.9,33
6,49,63,11,5,63,48,15,179.984,1.601,0.267,6.003,35,497,188,1,1,1,1,0,0,43.766,1.097,1.46,17,2.216,0.017,0,259198.4,9040.311,325422.9,33
6,50,70,12,5,70,60,10,179.984,2.118,0.333,6.353,35,497,188,1,1,1,1,0,0,67.883,0.884,2.396,16,1.972,0.017,0,642032.4,53639.49,329426.6,33
6,51,38,7,5,38,31,7,145.625,1.04,0.213,4.886,20,497,188,1,1,1,1,0,0,32.45,0.955,1.089,17,6.341,0.017,0,193235.7,10114.41,278710.3,33
6,52,74,13,5,74,59,15,189.548,1.597,0.311,5.129,48,497,188,1,1,1,1,0,0,49.216,1.199,1.332,35,5.06,0.017,0,352467.7,7586.274,248664.7,33
6,53,77,13,5,77,61,16,179.984,1.534,0.339,4.527,42,497,188,1,1,1,1,0,0,54.716,1.115,1.376,34,2.651,0.017,0,435810,17791.28,257022.1,33
6,54,78,13,5,78,66,12,179.984,2.055,0.367,5.605,45,497,188,1,1,1,1,0,0,38.8,1.701,1.208,33,3.549,0.017,0,415621.2,16527.02,214931.7,33
6,55,79,14,5,79,65,14,178.667,2.082,0.364,5.722,47,497,188,1,1,1,1,0,0,52.049,1.249,1.667,24,2.117,0.017,0,725666.1,19504.78,238979.2,33
6,56,97,17,5,97,78,19,179.984,1.855,0.433,4.28,62,497,188,1,1,1,1,0,0,65.666,1.188,1.561,35,6.321,0.017,0,592844.3,11155.09,239153.6,34
6,57,86,15,5,86,80,6,154.523,2.447,0.518,4.726,51,497,188,1,1,1,1,0,0,71.501,1.119,2.187,32,6.142,0.017,0,507445.1,11872.19,244310.3,34
6,58,86,15,5,86,62,24,179.984,1.775,0.344,5.153,56,497,188,1,1,1,1,0,0,53.766,1.153,1.539,40,6.951,0.017,0,537799.4,11872.19,255289.5,33
6,59,87,15,5,87,60,27,179.984,1.621,0.333,4.861,47,497,188,1,1,1,1,0,0,46.449,1.292,1.255,33,5.858,0.017,0,547159.9,12246.43,258650.2,33
6,60,91,16,5,91,72,19,179.984,2.563,0.4,6.408,62,497,188,1,1,1,1,0,0,46.983,1.532,1.673,23,2.668,0.017,0,1057874,23479.88,258674.8,34
6,61,87,15,5,87,72,15,187.965,1.966,0.383,5.133,57,537,207,1,1,1,1,0,0,70.451,1.022,1.924,32,5.593,0.017,0,607008.5,18314.73,258650.2,33
6,62,89,15,5,89,66,23,188.148,2.282,0.351,6.506,58,577,214,1,1,1,1,0,0,64.433,1.024,2.228,31,11.621,0.017,0,675539.4,25671.98,259198.2,36
6,63,90,15,5,90,78,12,190.098,2.695,0.41,6.567,76,577,214,1,1,1,1,0,0,75.202,1.037,2.598,44,13.912,0.017,0,660260.7,24894.4,259268,36
6,64,144,24,5,144,126,18,188.581,3.474,0.668,5.2,109,577,214,1,1,1,1,0,0,85.504,1.474,2.358,39,12.541,0.017,0,1117543,25446.05,239471.3,34
6,65,94,16,5,94,78,16,185.682,2.622,0.42,6.242,74,577,214,1,1,1,1,0,0,69.017,1.13,2.32,17,11.988,0.017,0,1180996,27235.98,254313.8,35
6,66,96,16,5,96,81,15,181.35,2.678,0.447,5.995,60,577,214,1,1,1,1,0,0,59.133,1.37,1.955,25,5.668,0.017,0,781992.9,14822,254311.2,34
6,67,108,18,5,108,78,30,188.581,2.606,0.414,6.3,83,577,214,1,1,1,1,0,0,69.267,1.126,2.314,42,8.473,0.017,0,936164.1,18751.49,254567.8,36
6,68,96,16,5,96,87,9,187.632,2.787,0.464,6.01,85,577,214,1,1,1,1,0,0,75.002,1.16,2.402,33,7.852,0.017,0,807907.4,15143.29,254748.4,36
7,1,5,2,8.8,5,2,3,35.666,0.268,0.056,4.785,4,7,1,1,1,1,1,0,0,20.917,0.096,2.806,3,5.89,0.017,0,52.744,13.221,112.869,6
7,2,5,2,8.6,5,4,1,47.683,0.274,0.084,3.269,4,7,3,1,0.964,1,0.964,0,0,43.466,0.092,2.98,4,0.553,0.017,0,80.448,27.751,180.303,8
7,3,5,2,8.4,5,4,1,33.033,0.28,0.121,2.315,4,17,1,0.964,1,0.964,1,0,0,29.833,0.134,2.091,3,1.053,0.017,0,95.526,22.065,163.512,7
7,4,6,2,8.2,6,6,0,29.55,0.337,0.203,1.662,4,17,2,1,1,1,1,0,0,20.667,0.29,1.162,4,0.603,0.017,0,117.83,29.609,174.88,7
7,5,10,4,8,10,10,0,39.116,0.532,0.256,2.083,7,17,4,1,0.856,1,0.856,0,0,35.816,0.279,1.907,6,2.738,0.017,0,285.707,84.64,183,7
7,6,8,3,7.8,8,6,2,37.35,0.461,0.161,2.87,5,35,6,0.856,1,0.856,1,0,0,16.033,0.374,1.232,2,7.785,0.017,0,197.724,36.321,191.887,7
7,7,9,3,7.6,9,7,2,37.633,0.554,0.186,2.978,7,35,8,1,1,1,1,0,0,25.883,0.27,2.048,4,3.283,0.017,0,260.9,48.577,293.886,9
7,8,10,4,7.4,10,5,5,39.266,0.58,0.127,4.553,6,35,9,1,1,1,1,0,0,21.733,0.23,2.52,3,2.87,0.017,0,412.488,67.751,303.505,8
7,9,16,6,7.2,16,6,10,185.749,0.83,0.032,25.687,15,88,2,1,0.956,1,0.956,0,0,38.55,0.156,5.331,10,22.692,0.017,0,755.257,83.58,337.56,9
7,10,12,4,7,12,10,2,57.316,0.686,0.174,3.934,12,108,2,0.956,0.841,0.956,0.841,0,0,29.066,0.344,1.995,9,14.265,0.017,0,763.139,147.592,337.844,8
7,11,13,5,6.8,13,7,6,53.366,0.746,0.131,5.685,13,108,3,0.841,1,0.841,1,0,0,39.483,0.177,4.206,5,4.224,0.017,0,698.12,76.587,360.921,9
7,12,18,6,6.6,18,4,14,185.082,0.979,0.022,45.306,18,116,4,1,0.734,1,0.734,0,0,33.866,0.118,8.29,10,9.882,0.017,0,1333.369,106.117,436.671,10
7,13,14,5,6.4,14,6,8,56.699,0.878,0.106,8.295,11,130,6,0.734,1,0.734,1,0,0,49.383,0.121,7.224,5,6.5,0.017,0,1206.562,167.754,935.387,10
7,14,26,7,6.2,26,10,16,186.582,1.123,0.054,20.955,21,130,7,1,1,1,1,0,0,37.35,0.268,4.195,9,12.872,0.017,0,3231.314,337.995,1255.228,12
7,15,17,6,6,17,13,4,46.399,1.073,0.28,3.828,15,154,8,1,1,1,1,0,0,28.633,0.454,2.362,12,14.163,0.017,0,2764.602,525.364,1126.245,9
7,16,18,6,5.8,18,6,12,185.399,1.12,0.032,34.618,18,154,10,1,1,1,1,0,0,31.216,0.192,5.829,8,21.986,0.017,0,2409.202,331.019,1358.234,11
7,17,19,7,5.6,19,7,12,185.182,1.206,0.038,31.914,18,172,10,1,1,1,1,0,0,48.899,0.143,8.427,9,7.618,0.017,0,2775.184,376.997,1798.713,11
7,18,22,7,5.4,22,12,10,187.482,1.061,0.064,16.578,22,188,12,1,1,1,1,0,0,31.233,0.384,2.762,11,14.646,0.017,0,3779.793,406.095,1947.04,11
7,19,24,7,5.2,24,19,5,55.249,1.191,0.344,3.463,20,188,15,1,1,1,1,0,0,27.216,0.698,1.706,10,2.47,0.017,0,5469.884,552.567,2539.07,9
7,20,25,7,5,25,11,14,75.285,1.279,0.146,8.752,25,231,17,1,0.727,1,0.727,0,0,38.533,0.285,4.48,20,17.335,0.017,0,11955.19,1579.899,2888.891,12
7,21,28,7,5,28,12,16,184.016,1.432,0.065,21.963,26,231,21,0.727,0.998,0.727,0.998,0,0,54.466,0.22,6.501,17,9.296,0.017,0,10442.74,1890.872,3416.393,12
7,22,30,7,5,30,16,14,186.165,1.222,0.086,14.218,25,248,23,0.998,1,0.998,1,0,0,49.466,0.323,3.778,13,9.348,0.017,0,13195.55,1968.448,4570.661,11
7,23,31,7,5,31,19,12,184.866,1.119,0.103,10.889,31,248,27,1,1,1,1,0,0,63.916,0.297,3.765,22,14.509,0.017,0,12237.43,927.399,4918.463,11
7,24,36,7,5,36,11,25,183.533,1.219,0.06,20.338,34,248,28,1,1,1,1,0,0,53.966,0.204,5.98,15,18.119,0.017,0,19045.07,2720.686,4527.425,11
7,25,40,7,5,40,2,38,186.815,1.354,0.011,126.441,39,257,30,1,0.708,1,0.708,0,0,48.549,0.041,32.859,32,10.965,0.017,0,55943.39,6634.06,5844.449,13
7,26,44,8,5,44,11,33,191.048,1.346,0.058,23.37,41,329,23,0.708,0.847,0.708,0.847,0,0,63.883,0.172,7.814,16,14.49,0.017,0,31011.18,2957.118,6762.065,13
7,27,49,9,5,49,17,32,89.005,1.583,0.191,8.289,46,407,16,0.847,1,0.847,1,0,0,35.466,0.479,3.303,36,1.673,0.017,0,39682.33,2306.266,8595.495,12
7,28,54,9,5,54,11,43,191.264,1.745,0.058,30.337,52,407,40,1,1,1,1,0,0,65.333,0.168,10.363,44,9.845,0.017,0,50161.84,6882.626,11592.94,14
7,29,54,9,5,54,28,26,191.048,1.745,0.147,11.905,52,407,64,1,1,1,1,0,0,89.738,0.312,5.592,41,9.492,0.017,0,50853.1,3816.039,13491.75,14
7,30,59,10,5,59,13,46,193.147,1.864,0.067,27.697,58,469,66,1,0.51,1,0.51,0,0,49.366,0.263,7.079,39,10.564,0.017,0,148314.2,16838.15,15459.02,16
7,31,31,7,5,31,15,16,114.66,1.195,0.131,9.132,31,487,71,0.51,0.804,0.51,0.804,0,0,54.683,0.274,4.355,26,6.403,0.017,0,56972.87,9055.599,17997.54,14
7,32,58,10,5,58,33,25,187.748,1.833,0.176,10.426,51,487,79,0.804,0.862,0.804,0.862,0,0,89.305,0.37,4.959,46,7.623,0.017,0,114685,41218.56,21676.52,15
7,33,59,10,5,59,25,34,192.764,1.864,0.13,14.374,52,487,87,0.862,0.842,0.862,0.842,0,0,99.357,0.252,7.409,33,8.209,0.017,0,116190.2,15239.86,25640.45,17
7,34,59,10,5,59,33,26,188.332,1.864,0.175,10.639,59,487,103,0.842,0.796,0.842,0.796,0,0,103.274,0.32,5.834,49,13.968,0.017,0,129164.7,45950.49,33600.04,15
7,35,59,10,5,59,10,49,190.281,1.864,0.053,35.471,58,487,114,0.796,0.326,0.796,0.326,0,0,78.019,0.128,14.544,46,16.607,0.017,0,275351.7,25355.36,32463.11,17
7,36,59,10,5,59,25,34,191.864,1.864,0.13,14.307,58,487,125,0.326,0.596,0.326,0.596,0,0,152.207,0.164,11.35,52,5.181,0.017,0,164114.2,31607.7,37028.84,14
7,37,59,10,5,59,38,21,121.762,1.864,0.312,5.973,55,487,139,0.596,0.914,0.596,0.914,0,0,65.466,0.58,3.212,48,2.858,0.017,0,228627.5,45950.49,41069.46,14
7,38,59,10,5,59,38,21,191.981,1.864,0.198,9.418,57,487,155,0.914,0.912,0.914,0.912,0,0,109.942,0.346,5.393,48,7.942,0.017,0,194679.2,47218.64,48065.31,14
7,39,59,10,5,59,37,22,194.68,1.864,0.19,9.808,59,487,168,0.912,0.608,0.912,0.608,0,0,106.608,0.347,5.371,52,9.103,0.017,0,245351.8,43530.09,54308.23,16
7,40,59,10,5,59,37,22,124.429,1.864,0.297,6.269,58,487,168,0.608,0.351,0.608,0.351,0,1,75.252,0.492,3.791,27,17.874,0.017,1,334722.6,31607.7,54594.32,15
7,41,59,10,5,59,40,19,190.931,1.864,0.21,8.898,59,487,168,0.351,0.722,0.351,0.722,0,0,91.072,0.439,4.244,52,11.061,0.017,0.75,172113.8,31607.7,54123.56,15
7,42,58,10,5,58,30,28,190.298,1.833,0.158,11.624,58,487,168,0.722,1,0.722,1,0,0,101.04,0.297,6.172,46,18.3,0.017,0.5,215338.1,30978.64,54272.89,17
7,43,59,10,5,59,27,32,163.654,1.864,0.165,11.299,57,487,168,1,1,1,1,0,0,95.556,0.283,6.597,45,7.321,0.017,0.25,171911.5,7012.608,54238.73,16
7,44,59,10,5,59,30,29,190.131,1.864,0.158,11.814,58,487,168,1,0.886,1,0.886,0,0,92.722,0.324,5.762,31,19.297,0.017,0,226796.7,31607.7,60130.36,15
7,45,101,17,5,101,31,70,190.464,3.089,0.163,18.977,100,487,168,0.886,0.385,0.886,0.385,0,0,108.075,0.287,10.768,83,10.082,0.017,0,470126.5,14265.33,64898.66,18
7,46,59,10,5,59,30,29,192.247,1.864,0.156,11.946,59,487,168,0.385,0.688,0.385,0.688,0,0,109.009,0.275,6.774,48,11.696,0.017,0,251085.1,31607.7,73873.73,18
7,47,59,10,5,59,25,34,183.916,1.864,0.136,13.714,58,487,168,0.688,0.867,0.688,0.867,0,0,102.024,0.245,7.608,33,14.768,0.017,0,203609.2,6261.478,62510.21,15
7,48,59,10,5,59,42,17,189.765,1.864,0.221,8.423,57,487,168,0.867,0.945,0.867,0.945,0,0,98.123,0.428,4.355,48,9.492,0.017,0,249601.4,31607.7,63020.19,15
7,49,62,11,5,62,43,19,187.582,1.917,0.229,8.361,57,487,168,0.945,1,0.945,1,0,0,93.039,0.462,4.147,41,9.259,0.017,0,231232.2,9877.987,55844.02,15
7,50,37,7,5,37,30,7,106.358,1.252,0.282,4.439,37,487,168,1,0.597,1,0.597,0,0,46.283,0.648,1.932,28,13.142,0.017,0,265764.5,14265.33,48723.79,16
7,51,69,12,5,69,46,23,187.082,2.088,0.246,8.491,65,487,168,0.597,0.963,0.597,0.963,0,0,86.771,0.53,3.938,26,20.185,0.017,0,297030,11526.02,43170.32,17
7,52,74,13,5,74,46,28,190.614,2.338,0.241,9.689,66,546,173,0.963,0.963,0.963,0.963,0,0,103.241,0.446,5.248,49,7.12,0.017,0,319331,8325.781,43189.71,16
7,53,78,13,5,78,46,32,187.982,2.385,0.245,9.748,71,567,196,0.963,0.998,0.963,0.998,0,0,124.429,0.37,6.452,33,15.361,0.017,0,365171.3,12247.25,44908.83,19
7,54,80,14,5,80,40,40,186.465,2.421,0.215,11.284,76,567,201,0.998,1,0.998,1,0,0,102.891,0.389,6.226,60,13.94,0.017,0,388872.4,8541.513,46937.5,19
7,55,136,23,5,136,55,81,191.281,4.115,0.288,14.311,135,567,201,1,0.262,1,0.262,0,1,124.129,0.443,9.287,89,10.527,0.017,1,864200.4,16253.98,48597.15,20
7,56,81,14,5,81,41,40,191.397,2.451,0.214,11.441,81,567,201,0.262,0.564,0.262,0.564,0,0,84.254,0.487,5.036,57,21.644,0.017,0.75,436571.6,19381.73,48722.41,18
7,57,82,14,5,82,36,46,189.981,2.591,0.189,13.673,82,567,201,0.564,0.809,0.564,0.809,0,0,85.787,0.42,6.174,54,26.59,0.017,0.5,465621.7,29821.13,49236.52,19
7,58,83,14,5,83,47,36,190.864,2.538,0.246,10.308,83,567,201,0.809,0.921,0.809,0.921,0,0,120.611,0.39,6.514,65,20.36,0.017,0.25,456239.8,19801.87,50413.28,19
7,59,83,14,5,83,41,42,191.431,2.409,0.214,11.249,80,567,201,0.921,0.878,0.921,0.878,0,0,102.557,0.4,6.027,58,11.774,0.017,0,468849.3,47107.87,51809.05,20
7,60,83,14,5,83,35,48,189.765,2.594,0.184,14.063,83,567,201,0.878,0.269,0.878,0.269,0,1,79.519,0.44,5.893,61,12.677,0.017,1,776519.6,20950.75,52817.58,19
7,61,83,14,5,83,40,43,188.082,2.434,0.213,11.445,83,567,201,0.269,0.561,0.269,0.561,0,0,95.473,0.419,5.81,60,15.563,0.017,0.75,529691.6,62684.65,52817.58,19
7,62,83,14,5,83,44,39,189.748,2.566,0.232,11.065,83,567,201,0.561,0.819,0.561,0.819,0,0,82.62,0.533,4.818,59,21.707,0.017,0.5,512047.2,64438.88,53162.67,18
7,63,83,14,5,83,40,43,191.864,2.566,0.208,12.307,83,567,201,0.819,0.843,0.819,0.843,0,0,107.942,0.371,6.924,62,23.425,0.017,0.25,506888.2,14407.55,53475.33,19
7,64,83,14,5,83,22,61,190.031,2.652,0.116,22.906,83,567,201,0.843,0.736,0.843,0.736,0,0,90.021,0.244,10.851,66,13.031,0.017,0,595434.1,66217.27,54592.28,19
7,65,87,15,5,87,28,59,188.315,2.811,0.149,18.906,87,567,201,0.736,0.615,0.736,0.615,0,0,113.443,0.247,11.389,71,17.703,0.017,0,880897.3,20950.75,56016.69,18
7,66,133,23,5,133,31,102,187.048,4.024,0.166,24.282,133,567,201,0.615,0.651,0.615,0.651,0,0,126.863,0.244,16.469,51,28.998,0.017,0,856066.6,66217.27,57133.64,18
7,67,83,14,5,83,18,65,184.999,2.566,0.097,26.37,83,567,201,0.651,0.775,0.651,0.775,0,0,110.376,0.163,15.733,73,14.339,0.017,0,522603.6,14424.22,57201.96,20
7,68,83,14,5,83,24,59,191.531,2.622,0.125,20.928,83,567,201,0.775,0.704,0.775,0.704,0,0,100.54,0.239,10.986,61,16.291,0.017,0,559435.1,20874.69,57595.98,19
8,1,5,2,8.8,5,4,1,28,0.268,0.143,1.878,3,8,1,1,1,1,1,0,0,20.283,0.197,1.361,2,3.243,0.017,0,42.158,10.17,112.869,6
8,2,5,2,8.6,5,3,2,28.566,0.274,0.105,2.611,4,8,3,1,1,1,1,0,0,21.35,0.141,1.952,3,2.553,0.017,0,76.743,25.118,159.198,7
8,3,5,2,8.4,5,1,4,62.199,0.28,0.016,17.439,4,8,4,1,1,1,1,0,0,30.316,0.033,8.5,4,1.9,0.017,0,86.532,20.775,161.211,8
8,4,6,2,8.2,6,4,2,48.483,0.337,0.083,4.089,4,8,5,1,1,1,1,0,0,44.866,0.089,3.784,4,0.583,0.017,0,142.481,32.461,170.594,8
8,5,7,3,8,7,5,2,33.366,0.395,0.15,2.634,5,16,2,1,1,1,1,0,0,26.216,0.191,2.07,5,0.812,0.017,0,244.877,64.273,177.448,8
8,6,8,3,7.8,8,3,5,51.766,0.452,0.058,7.806,7,61,4,1,1,1,1,0,0,37.75,0.079,5.693,5,0.356,0.017,0,299.554,59.813,572.085,9
8,7,9,3,7.6,9,8,1,69.75,0.51,0.115,4.45,7,89,5,1,1,1,1,0,0,34.333,0.233,2.19,4,0.974,0.017,0,289.792,44.645,645.497,8
8,8,11,4,7.4,11,7,4,55.616,0.613,0.126,4.873,7,89,6,1,1,1,1,0,0,36.85,0.19,3.229,6,2.118,0.017,0,477.434,103.752,714.385,9
8,9,18,6,7.2,18,14,4,71.768,0.901,0.195,4.618,15,89,7,1,1,1,1,0,0,26.9,0.52,1.731,6,7.56,0.017,0,912.226,175.014,746.252,9
8,10,11,4,7,11,9,2,20.35,0.642,0.442,1.452,8,104,2,1,1,1,1,0,0,20.233,0.445,1.443,5,0.245,0.017,0,889.191,273.061,892.761,9
8,11,12,4,6.8,12,7,5,20.783,0.702,0.337,2.086,10,188,3,1,1,1,1,0,0,19.95,0.351,2.002,8,0.276,0.017,0,667.056,104.996,817.035,9
8,12,13,5,6.6,13,10,3,47.666,0.763,0.21,3.638,8,125,5,1,1,1,1,0,0,17.3,0.578,1.32,5,2.243,0.017,0,641.663,119.265,1680.979,10
8,13,13,5,6.4,13,12,1,17.65,0.782,0.68,1.15,8,141,5,1,1,1,1,0,0,17.117,0.701,1.115,6,1.44,0.017,0,853.944,157.911,1872.066,10
8,14,19,7,6.2,19,19,0,33.1,1.036,0.574,1.805,10,141,6,1,1,1,1,0,0,16.333,1.163,0.891,7,0.285,0.017,0,1438.988,145.836,1873.166,10
8,15,14,5,6,14,13,1,27.883,0.88,0.466,1.887,12,165,7,1,1,1,1,0,0,17.717,0.734,1.199,10,0.305,0.017,0,1789.465,269.528,2085.098,10
8,16,17,6,5.8,17,13,4,68.617,1.01,0.189,5.331,11,165,9,1,1,1,1,0,0,28.233,0.46,2.193,7,1.616,0.017,0,1148.27,117.595,2237.963,10
8,17,18,6,5.6,18,13,5,56.933,1.072,0.228,4.697,13,165,11,1,1,1,1,0,0,28.45,0.457,2.347,6,2.149,0.017,0,2051.078,186.044,2419.806,10
8,18,19,7,5.4,19,14,5,188.215,1.135,0.074,15.265,8,189,13,1,1,1,1,0,0,25.116,0.557,2.037,8,0.139,0.017,0,1796.945,194.489,2975.767,10
8,19,22,7,5.2,22,17,5,59.199,0.99,0.287,3.446,14,189,15,1,1,1,1,0,0,28.133,0.604,1.638,11,0.382,0.017,0,2822.133,328.441,3805.133,10
8,20,37,7,5,37,27,10,164.487,1.132,0.164,6.893,19,189,17,1,1,1,1,0,0,72.968,0.37,3.058,7,3.959,0.017,0,9652.765,791.944,4150.222,10
8,21,24,7,5,24,16,8,59.283,1.109,0.27,4.107,17,230,19,1,1,1,1,0,0,38.266,0.418,2.651,12,2.57,0.017,0,3440.491,310.262,4566.508,11
8,22,36,7,5,36,21,15,75.768,1.046,0.277,3.772,20,245,20,1,1,1,1,0,0,45.599,0.461,2.27,8,3.578,0.017,0,7190.416,797.709,4834.126,11
8,23,31,7,5,31,23,8,80.103,1.053,0.287,3.668,17,245,24,1,1,1,1,0,0,38.65,0.595,1.77,16,6.651,0.017,0,8141.433,1773.781,5383.501,11
8,24,33,7,5,33,29,4,64.749,1.117,0.448,2.495,14,245,25,1,1,1,1,0,0,60.433,0.48,2.329,13,0.683,0.017,0,11978.69,2469.666,4972.482,11
8,25,38,7,5,38,12,26,183.199,1.201,0.066,18.33,30,264,26,1,0.665,1,0.665,0,0,45.299,0.265,4.532,25,2.722,0.017,0,29734.95,4300.441,5887.15,12
8,26,46,8,5,46,16,31,191.297,1.309,0.084,15.647,32,344,3,0.665,0.904,0.665,0.904,0,0,52.266,0.306,4.275,10,20.119,0.017,0,27221.32,8055.336,6259.512,12
8,27,55,10,5,55,19,36,194.997,1.682,0.097,17.262,42,412,5,0.904,0.861,0.904,0.861,0,0,55.449,0.343,4.909,19,12.393,0.017,0,43827.1,10883.5,8391.565,13
8,28,35,7,5,35,21,15,192.814,1.313,0.109,12.059,30,412,29,0.861,1,0.861,1,0,0,52.516,0.4,3.284,17,9.845,0.017,0,46326.42,19658.74,9502.048,11
8,29,63,11,5,63,28,36,192.697,1.947,0.145,13.403,57,412,53,1,0.85,1,0.85,0,0,73.134,0.383,5.087,33,12.518,0.017,0,76452.35,14018.15,11134.25,13
8,30,67,12,5,67,21,48,192.897,2.027,0.109,18.621,64,456,55,0.85,0.757,0.85,0.757,0,0,57.049,0.368,5.507,44,12.236,0.017,0,163611,33143.86,12052.08,14
8,31,66,11,5,66,35,32,191.331,2.04,0.183,11.153,60,495,78,0.757,0.879,0.757,0.879,0,0,93.489,0.374,5.45,17,19.003,0.017,0,112135.9,33755.48,15783.34,14
8,32,67,12,5,67,39,29,194.097,2.027,0.201,10.089,61,495,102,0.879,0.83,0.879,0.83,0,0,79.619,0.49,4.139,41,11.844,0.017,0,155431.9,64438.88,16772.56,14
8,33,37,7,5,37,24,13,131.145,1.144,0.183,6.25,32,495,126,0.83,0.825,0.83,0.825,0,0,52.649,0.456,2.509,22,10.881,0.017,0,117621.1,54548.64,17445.07,14
8,34,68,12,5,68,46,24,192.031,1.826,0.24,7.621,57,495,150,0.825,0.9,0.825,0.9,0,0,81.936,0.561,3.252,20,16.021,0.017,0,153049,44325.2,21759.95,13
8,35,68,12,5,68,59,10,189.381,2.058,0.312,6.604,61,495,163,0.9,0.447,0.9,0.447,0,1,81.47,0.724,2.841,42,9.062,0.017,1,280977.7,56075.19,20948.85,14
8,36,72,12,5,72,44,28,192.031,2.179,0.229,9.508,69,495,163,0.447,0.792,0.447,0.792,0,0,97.156,0.453,4.81,41,14.454,0.017,0.75,173384.1,43673.17,19678.32,13
8,37,85,15,5,85,68,18,116.927,2.545,0.582,4.376,73,495,163,0.792,0.953,0.792,0.953,0,0,63.349,1.073,2.371,34,4.313,0.017,0.5,201049.6,57622.76,27349.07,14
8,38,72,12,5,72,45,28,189.748,2.179,0.237,9.186,64,495,163,0.953,0.882,0.953,0.882,0,0,96.74,0.465,4.683,21,11.976,0.017,0.25,167438.9,36686.04,28647.3,13
8,39,72,12,5,72,44,28,190.964,2.179,0.23,9.455,71,495,163,0.882,0.9,0.882,0.9,0,0,101.757,0.432,5.038,33,19.718,0.017,0,149454,5409.565,32002.22,13
8,40,73,13,5,73,50,23,190.598,2.163,0.262,8.245,73,495,163,0.9,0.374,0.9,0.374,0,1,84.254,0.593,3.645,46,19.732,0.017,1,302317.3,15961.97,64704.57,14
8,41,73,13,5,73,45,28,190.314,2.163,0.236,9.148,58,495,163,0.374,0.721,0.374,0.721,0,0,89.121,0.505,4.284,27,19.614,0.017,0.75,150250.4,5552.564,40740.02,14
8,42,85,15,5,85,57,28,192.53,2.418,0.296,8.168,80,495,163,0.721,0.949,0.721,0.949,0,0,88.121,0.647,3.739,51,16.756,0.017,0.5,245278.8,14088.26,41720.25,14
8,43,73,13,5,73,48,25,188.548,2.163,0.255,8.496,73,495,163,0.949,1,0.949,1,0,0,98.44,0.488,4.436,38,15.979,0.017,0.25,206915.9,6698.652,43049.29,14
8,44,73,13,5,73,37,37,190.881,2.163,0.194,11.159,71,495,163,1,1,1,1,0,0,91.438,0.405,5.345,26,17.741,0.017,0,211407.1,7206.989,71564.6,13
8,45,117,20,5,117,59,59,191.631,3.54,0.308,11.498,117,495,163,1,0.302,1,0.302,0,1,78.719,0.75,4.723,81,14.985,0.017,1,543869.3,14820.33,58565.77,14
8,46,78,13,5,78,37,41,189.531,2.311,0.195,11.839,77,495,163,0.302,0.591,0.302,0.591,0,0,106.508,0.347,6.653,41,16.329,0.017,0.75,263175,10534.44,60307.1,15
8,47,78,13,5,78,43,35,192.431,2.311,0.223,10.343,76,495,163,0.591,0.848,0.591,0.848,0,0,84.837,0.507,4.56,46,12.891,0.017,0.5,286783.3,8112.792,51155.35,15
8,48,79,14,5,79,45,35,189.998,2.317,0.237,9.782,72,495,163,0.848,1,0.848,1,0,0,77.352,0.582,3.982,19,21.152,0.017,0.25,285207.4,16566.35,51091.8,13
8,49,46,8,5,46,41,8,191.547,1.521,0.214,7.104,37,495,163,1,1,1,1,0,0,50.183,0.817,1.861,11,7.113,0.017,0,179201.5,7902.544,42664.98,14
8,50,92,16,5,92,79,13,191.064,2.784,0.413,6.732,80,495,163,1,0.513,1,0.513,0,0,64.166,1.231,2.261,44,10.667,0.017,0,617160.1,26472.94,36493.85,14
8,51,91,16,5,91,62,31,190.531,2.538,0.325,7.801,79,571,169,0.513,0.886,0.513,0.886,0,0,80.936,0.766,3.314,26,29.422,0.017,0,375902,8072.915,33153.66,14
8,52,100,17,5,100,65,36,190.248,2.963,0.342,8.672,87,571,190,0.886,1,0.886,1,0,0,74.501,0.872,3.396,25,26.319,0.017,0,427844.7,8857.013,33523.46,15
8,53,104,18,5,104,81,25,188.515,3.147,0.43,7.324,96,571,197,1,1,1,1,0,0,76.202,1.063,2.96,54,16.462,0.017,0,497272.7,8641.524,35922.23,15
8,54,106,18,5,106,66,41,187.815,2.873,0.351,8.175,99,571,197,1,1,1,1,0,0,78.286,0.843,3.407,32,16.223,0.017,0,492267,13151.73,38611.87,15
8,55,107,18,5,107,89,19,191.114,3.308,0.466,7.103,104,571,197,1,1,1,1,0,0,72.168,1.233,2.682,76,13.716,0.017,0,744276.4,17753.61,37006.93,16
8,56,112,19,5,112,80,33,190.248,3.389,0.421,8.059,94,571,197,1,1,1,1,0,0,64.816,1.234,2.746,56,15.009,0.017,0,552974.2,11675.56,38361.12,16
8,57,63,11,5,63,48,16,190.564,1.947,0.252,7.732,53,571,197,1,1,1,1,0,0,50.699,0.947,2.057,31,12.825,0.017,0,305478.7,9205.161,39607.06,15
8,58,115,20,5,115,81,35,190.481,3.594,0.425,8.451,97,571,197,1,1,1,1,0,0,64.433,1.257,2.859,46,13.911,0.017,0,607716.1,9770.951,39755.43,15
8,59,116,20,5,116,82,34,189.964,3.586,0.432,8.307,106,571,197,1,1,1,1,0,0,69.95,1.172,3.059,24,19.284,0.017,0,636385.8,10205.36,36035.75,15
8,60,128,22,5,128,99,31,188.781,3.914,0.524,7.464,117,571,197,1,0.937,1,0.937,0,0,72.284,1.37,2.858,51,17.705,0.017,0,1012931,19640.23,36805.34,16
8,61,116,20,5,116,88,28,190.181,3.547,0.463,7.667,109,571,197,0.937,1,0.937,1,0,0,77.035,1.142,3.105,61,15.094,0.017,0,642946.9,12861.54,38137.9,16
8,62,128,22,5,128,87,41,192.347,3.873,0.452,8.563,121,571,197,1,1,1,1,0,0,73.951,1.176,3.292,68,21.495,0.017,0,737493.4,13166.95,39538.86,16
8,63,186,31,5,186,124,66,188.715,5.188,0.657,7.896,174,571,197,1,1,1,1,0,0,100.007,1.24,4.184,37,22.925,0.017,0,1141045,10439.31,39833.26,17
8,64,116,20,5,116,68,48,190.064,3.625,0.358,10.132,110,571,197,1,1,1,1,0,0,96.023,0.708,5.119,65,18.006,0.017,0,693664.9,11401.54,49679.71,16
8,65,116,20,5,116,84,34,190.114,3.625,0.442,8.204,109,571,197,1,0.707,1,0.707,0,0,70.684,1.188,3.05,72,13.176,0.017,0,1067015,20950.75,41267.23,16
8,66,116,20,5,116,77,41,189.248,3.625,0.407,8.909,106,571,197,0.707,1,0.707,1,0,0,76.619,1.005,3.607,58,15.149,0.017,0,723819.8,15720.35,42727.61,16
8,67,116,20,5,116,85,33,185.782,3.625,0.458,7.923,111,571,197,1,1,1,1,0,0,73.168,1.162,3.12,59,10.597,0.017,0,764715,11898.48,42945.96,16
9,1,5,2,8.8,5,4,1,28,0.268,0.143,1.878,3,10,1,1,1,1,1,0,0,20,0.2,1.342,2,3.708,0.017,0,45.853,13.221,112.869,6
9,2,5,2,8.6,5,4,1,50.516,0.274,0.079,3.463,4,10,3,1,1,1,1,0,0,47.733,0.084,3.272,4,1.503,0.017,0,76.346,17.632,167.434,8
9,3,5,2,8.4,5,3,2,30.533,0.28,0.098,2.854,4,10,5,1,1,1,1,0,0,29.316,0.102,2.74,4,1.647,0.017,0,84.64,25.836,161.211,8
9,4,6,2,8.2,6,4,2,44.716,0.337,0.089,3.772,5,10,7,1,1,1,1,0,0,35.216,0.114,2.97,5,0.75,0.017,0,154.553,31.583,170.594,8
9,5,7,3,8,7,6,1,35.266,0.395,0.17,2.32,5,20,4,1,1,1,1,0,0,30.35,0.198,1.997,5,0.238,0.017,0,247.901,74.213,177.448,8
9,6,8,3,7.8,8,2,6,70.551,0.452,0.028,15.959,5,41,5,1,1,1,1,0,0,30.983,0.065,7.008,4,2.838,0.017,0,305.606,68.196,184.916,8
9,7,9,3,7.6,9,5,4,44.166,0.531,0.113,4.69,7,81,2,1,1,1,1,0,0,17.667,0.283,1.876,4,0.431,0.017,0,317.53,48.302,259.46,8
9,8,6,2,7.4,6,4,2,32.066,0.371,0.125,2.972,5,81,3,1,1,1,1,0,0,9.567,0.418,0.887,2,2.96,0.017,0,393.886,208.316,283.25,8
9,9,11,4,7.2,11,9,2,30.383,0.627,0.296,2.118,8,81,4,1,1,1,1,0,0,17.1,0.526,1.192,5,2.541,0.017,0,460.274,77.429,303.098,8
9,10,14,5,7,14,13,1,20.9,0.816,0.622,1.312,13,81,5,1,1,1,1,0,0,10.183,1.277,0.639,13,1.538,0.017,0,758.403,110.03,331.839,8
9,11,12,4,6.8,12,8,4,60.133,0.702,0.133,5.28,11,146,8,1,1,1,1,0,0,17.133,0.467,1.504,7,0.661,0.017,0,559.746,75,398.715,10
9,12,13,5,6.6,13,8,5,41.65,0.763,0.192,3.973,10,146,9,1,1,1,1,0,0,29.4,0.272,2.805,7,7.165,0.017,0,773.071,95.33,436.994,10
9,13,19,7,6.4,19,13,6,57.116,1.014,0.228,4.456,14,146,10,1,1,1,1,0,0,28.466,0.457,2.221,9,0.63,0.017,0,1125.817,125.011,445.028,11
9,14,20,7,6.2,20,15,5,183.883,1.07,0.082,13.123,17,176,10,1,1,1,1,0,0,41.583,0.361,2.968,10,5.663,0.017,0,1455.789,206.017,574.132,11
9,15,16,6,6,16,13,3,183.416,0.96,0.071,13.545,15,176,11,1,1,1,1,0,0,50.049,0.26,3.696,10,8.101,0.017,0,2452.118,360.227,503.601,10
9,16,33,7,5.8,33,19,14,192.88,1.132,0.099,11.492,21,191,11,1,1,1,1,0,0,41.316,0.46,2.462,17,3.066,0.017,0,3436.019,377.412,567.797,11
9,17,25,7,5.6,25,13,14,75.952,1.021,0.171,5.966,15,207,7,1,1,1,1,0,0,37.066,0.351,2.911,9,2.938,0.017,0,2766.612,239.556,565.297,10
9,18,22,7,5.4,22,17,5,190.148,0.964,0.089,10.777,21,207,9,1,1,1,1,0,0,23.883,0.712,1.354,8,15.665,0.017,0,2738.693,254.077,652.786,10
9,19,23,7,5.2,23,9,14,193.68,1.034,0.046,22.246,23,216,10,1,1,1,1,0,0,38.15,0.236,4.382,13,4.667,0.017,0,5048.059,907.238,729.075,11
9,20,25,7,5,25,16,11,191.331,1.155,0.084,13.809,24,216,12,1,1,1,1,0,0,41.233,0.388,2.976,14,4.392,0.017,0,9268.766,958.242,777.331,11
9,21,42,7,5,42,11,31,188.698,1.327,0.058,22.764,39,259,15,1,1,1,1,0,0,55.999,0.196,6.756,12,8.71,0.017,0,10041.75,754.633,1498.696,13
9,22,30,7,5,30,18,12,190.864,1.126,0.094,11.937,29,259,39,1,1,1,1,0,0,46.549,0.387,2.911,18,4.56,0.017,0,10640.38,875.661,1903.212,12
9,23,31,7,5,31,18,13,189.548,1.163,0.095,12.249,31,259,40,1,1,1,1,0,0,55.483,0.324,3.586,13,6.088,0.017,0,13572.98,2284.854,2051.287,12
9,24,39,7,5,39,19,22,186.915,1.232,0.102,12.122,36,267,42,1,0.882,1,0.882,0,0,57.983,0.328,3.76,19,7.376,0.017,0,19914.85,2234.823,2217.553,13
9,25,48,8,5,48,13,35,100.424,1.587,0.129,12.258,47,338,43,0.882,0.312,0.882,0.312,0,0,45.149,0.288,5.511,23,6.775,0.017,0,61578.42,3586.95,2512.086,13
9,26,49,9,5,49,14,35,190.948,1.515,0.073,20.659,46,397,46,0.312,0.526,0.312,0.526,0,0,69.95,0.2,7.568,18,19.001,0.017,0,38917.57,5822.479,2809.557,13
9,27,63,11,5,63,31,33,191.664,1.947,0.162,12.041,62,397,55,0.526,0.823,0.526,0.823,0,0,81.703,0.379,5.133,28,10.326,0.017,0,49325.45,1750.272,4990.5,14
9,28,58,10,5,58,38,20,184.732,1.833,0.206,8.909,57,397,79,0.823,1,0.823,1,0,0,62.983,0.603,3.037,44,6.796,0.017,0,60971.79,9351.89,6222.167,13
9,29,58,10,5,58,32,27,187.632,1.793,0.171,10.513,55,482,81,1,1,1,1,0,0,69.117,0.463,3.873,37,10.152,0.017,0,57329,2777.563,8995.602,16
9,30,70,12,5,70,28,43,125.479,2.118,0.223,9.492,70,482,105,1,0.705,1,0.705,0,0,57.083,0.491,4.318,41,8.143,0.017,0,159258.4,18515.24,8917.67,15
9,31,62,11,5,62,33,29,194.78,1.917,0.169,11.312,62,482,131,0.705,1,0.705,1,0,0,86.671,0.381,5.034,46,10.625,0.017,0,70990.99,3151.018,9646.963,16
9,32,63,11,5,63,49,14,183.133,1.947,0.268,7.278,52,482,155,1,1,1,1,0,0,69.884,0.701,2.777,21,13.464,0.017,0,128139.1,31277.38,10352.88,16
9,33,63,11,5,63,44,19,188.465,1.947,0.233,8.342,46,482,179,1,1,1,1,0,0,65.066,0.676,2.88,30,6.6,0.017,0,79974.05,3132.942,12569.98,15
9,34,68,12,5,68,56,13,180.45,2.036,0.31,6.56,43,482,188,1,1,1,1,0,0,57.899,0.967,2.105,36,1.45,0.017,0,85047.45,2859.992,15671.63,14
9,35,67,12,5,67,53,15,188.515,2.027,0.281,7.211,67,482,188,1,1,1,1,0,0,74.618,0.71,2.854,40,10.565,0.017,0,217786.1,10110.81,17125.77,15
9,36,67,12,5,67,49,19,188.015,2.027,0.261,7.779,62,482,188,1,1,1,1,0,0,89.988,0.545,3.723,32,11.197,0.017,0,103595.9,4033.515,20749.89,16
9,37,67,12,5,67,46,21,192.397,2.027,0.239,8.479,66,482,188,1,1,1,1,0,0,79.269,0.58,3.493,35,11.006,0.017,0,125025.6,5501.124,22130.64,15
9,38,68,12,5,68,50,18,185.649,2.058,0.269,7.639,61,482,188,1,1,1,1,0,0,72.851,0.686,2.998,52,6.058,0.017,0,198961.1,62684.65,23971.22,15
9,39,68,12,5,68,56,13,192.497,2.058,0.291,7.073,59,482,188,1,1,1,1,0,0,72.484,0.773,2.663,30,10.246,0.017,0,138064.2,5048.586,28240.7,15
9,40,80,14,5,80,51,29,186.815,2.346,0.273,8.594,79,482,188,1,0.46,1,0.46,0,0,75.718,0.674,3.483,58,9.02,0.017,0,344863.7,14689.93,33447.22,16
9,41,68,12,5,68,45,24,184.416,2.058,0.244,8.432,67,482,188,0.46,0.825,0.46,0.825,0,0,88.788,0.507,4.06,41,9.963,0.017,0,167721,6261.478,34781.55,16
9,42,80,14,5,80,48,33,190.314,2.322,0.252,9.207,78,482,188,0.825,0.911,0.825,0.911,0,0,101.941,0.471,4.932,46,8.795,0.017,0,216734.7,6445.302,36726.5,17
9,43,68,12,5,68,48,21,190.481,2.058,0.252,8.165,64,482,188,0.911,1,0.911,1,0,0,95.989,0.5,4.115,39,11.025,0.017,0,196862.9,7012.608,40768.66,16
9,44,85,15,5,85,61,26,186.399,2.467,0.327,7.54,78,482,188,1,0.921,1,0.921,0,0,72.234,0.844,2.922,52,9.884,0.017,0,279414.8,16417.09,43463.82,15
9,45,73,13,5,73,37,36,190.748,2.186,0.194,11.268,73,482,188,0.921,0.802,0.921,0.802,0,0,80.869,0.458,4.777,60,9.592,0.017,0,414107.9,20950.75,48378.61,16
9,46,117,20,5,117,84,34,188.615,3.503,0.445,7.866,110,482,188,0.802,0.946,0.802,0.946,0,0,114.293,0.735,4.766,56,15.733,0.017,0,387596.8,7902.544,41052.72,17
9,47,73,13,5,73,45,28,191.031,2.186,0.236,9.278,73,526,208,0.946,1,0.946,1,0,0,88.821,0.507,4.314,44,11.998,0.017,0,291531.6,25401.01,41588.99,16
9,48,74,13,5,74,50,25,186.132,2.193,0.269,8.162,73,526,212,1,1,1,1,0,0,86.521,0.578,3.794,44,8.406,0.017,0,295721.1,7805.958,34660.06,16
9,49,43,8,5,43,28,15,189.315,1.422,0.148,9.611,31,558,192,1,1,1,1,0,0,46.616,0.601,2.367,24,6.488,0.017,0,238708.5,40978.79,41438.94,15
9,50,84,14,5,84,67,18,146.158,2.654,0.458,5.79,83,558,198,1,0.875,1,0.875,0,0,59.683,1.123,2.364,52,7.373,0.017,0,553458.3,20125.1,29891.81,18
9,51,89,15,5,89,79,10,185.999,2.693,0.425,6.34,77,558,198,0.875,1,0.875,1,0,0,73.134,1.08,2.493,56,7.398,0.017,0,355100.5,8010.891,30448.63,18
9,52,94,16,5,94,66,29,185.216,2.875,0.356,8.067,86,558,198,1,0.888,1,0.888,0,0,83.52,0.79,3.638,38,13.763,0.017,0,423018.9,16700.68,31404.79,19
9,53,110,19,5,110,80,33,187.265,3.438,0.427,8.047,101,558,198,0.888,0.934,0.888,0.934,0,0,73.501,1.088,3.158,51,15.737,0.017,0,531671.8,22416.9,32846.55,19
9,54,106,18,5,106,95,12,184.432,3.313,0.515,6.431,94,558,198,0.934,1,0.934,1,0,0,75.685,1.255,2.639,41,15.646,0.017,0,482575.5,13151.73,36138.45,19
9,55,58,10,5,58,42,17,114.41,1.833,0.367,4.992,55,558,198,1,0.513,1,0.513,0,0,44.183,0.951,1.928,38,6.489,0.017,0,508161.3,34594.28,33290.49,16
9,56,107,18,5,107,75,33,189.065,2.794,0.397,7.043,81,558,198,0.513,0.888,0.513,0.888,0,0,79.319,0.946,2.955,23,12.811,0.017,0,549037.1,9519.311,31139.41,18
9,57,108,18,5,108,72,38,189.381,3.303,0.38,8.687,97,558,198,0.888,1,0.888,1,0,0,83.603,0.861,3.835,64,7.787,0.017,0,570512.9,29821.13,31890.83,19
9,58,122,21,5,122,91,32,186.065,3.771,0.489,7.711,107,558,198,1,0.78,1,0.78,0,0,85.771,1.061,3.555,70,9.471,0.017,0,694049.4,36570.81,33100.63,18
9,59,110,19,5,110,91,21,187.315,3.476,0.486,7.154,99,558,198,0.78,1,0.78,1,0,0,86.171,1.056,3.291,39,13.808,0.017,0,630969.9,47107.87,39698.18,18
9,60,110,19,5,110,62,49,183.566,3.476,0.338,10.29,110,558,198,1,0.325,1,0.325,0,1,67.417,0.92,3.779,67,7.299,0.017,1,928898.4,20950.75,33667.43,19
9,61,110,19,5,110,52,58,186.165,2.466,0.279,8.83,51,558,198,0.325,0.615,0.325,0.615,0,0,66.75,0.779,3.166,22,8.7,0.017,0.75,600020.4,12861.54,33705.11,18
9,62,110,19,5,110,84,28,188.915,3.438,0.445,7.731,96,558,198,0.615,0.91,0.615,0.91,0,0,82.853,1.014,3.391,45,12.109,0.017,0.5,622399.1,14407.55,33736.88,19
9,63,110,19,5,110,79,32,189.165,3.476,0.418,8.322,97,558,198,0.91,0.887,0.91,0.887,0,0,84.103,0.939,3.7,25,19.351,0.017,0.25,685053.1,19149.54,35500.18,19
9,64,64,11,5,64,47,20,185.915,2.045,0.253,8.088,52,558,198,0.887,1,0.887,1,0,0,62.233,0.755,2.707,30,6.513,0.017,0,409940.1,16398.12,38021.31,19
9,65,116,20,5,116,74,42,186.449,3.625,0.397,9.134,114,558,198,1,0.766,1,0.766,0,0,69.834,1.06,3.421,66,13.805,0.017,0,1104594,52820.07,35759.63,18
9,66,128,22,5,128,94,36,185.632,3.914,0.506,7.73,108,558,198,0.766,0.909,0.766,0.909,0,0,81.32,1.156,3.386,58,8.2,0.017,0,836992.5,15386.81,33394.11,19
9,67,64,11,5,64,50,19,153.457,2,0.326,6.138,53,558,198,0.909,0.965,0.909,0.965,0,0,56.916,0.878,2.277,26,6.647,0.017,0,479047.5,62684.65,33364.73,18
10,1,5,2,8.8,5,4,1,30,0.268,0.133,2.013,3,11,1,1,1,1,1,0,0,21.15,0.189,1.419,2,5.073,0.017,0,40.311,10.17,112.869,6
10,2,5,2,8.6,5,3,2,50.066,0.274,0.06,4.576,3,11,3,1,1,1,1,0,0,29.966,0.1,2.739,3,1.943,0.017,0,94.8,31.175,186.995,8
10,3,5,2,8.4,5,3,2,40.25,0.28,0.075,3.762,3,11,7,1,1,1,1,0,0,40.016,0.075,3.74,3,0.357,0.017,0,90.503,23.363,223.891,10
10,4,6,2,8.2,6,6,0,21.683,0.337,0.277,1.219,2,11,8,1,1,1,1,0,0,19.083,0.314,1.073,2,0.872,0.017,0,141.477,29.312,248.204,9
10,5,7,3,8,7,7,0,28.066,0.395,0.249,1.583,5,27,1,1,0.952,1,0.952,0,0,24.2,0.289,1.365,5,1.643,0.017,0,273.84,148.369,262.296,9
10,6,8,3,7.8,8,6,2,16.433,0.452,0.365,1.239,3,47,2,0.952,1,0.952,1,0,0,15.133,0.396,1.141,3,0.558,0.017,0,206.725,41.644,280.3,9
10,7,9,3,7.6,9,3,6,48.583,0.531,0.062,8.599,8,58,3,1,1,1,1,0,0,25.783,0.116,4.563,7,7.3,0.017,0,315.187,53.689,427.361,11
10,8,10,4,7.4,10,10,0,41.116,0.58,0.243,2.384,9,58,5,1,1,1,1,0,0,28.566,0.35,1.656,8,7.806,0.017,0,322.167,46.547,472.677,11
10,9,10,4,7.2,10,7,3,37.866,0.593,0.185,3.21,8,80,5,1,1,1,1,0,0,19.633,0.357,1.665,5,7.7,0.017,0,417.456,82.103,539.686,10
10,10,11,4,7,11,10,1,32.8,0.669,0.305,2.193,11,80,6,1,1,1,1,0,0,10.967,0.912,0.733,9,17.882,0.017,0,604.167,78.385,520.282,10
10,11,12,4,6.8,12,10,2,56.949,0.748,0.176,4.258,11,125,7,1,1,1,1,0,0,45.716,0.219,3.418,5,9.902,0.017,0,554.785,92.376,554.782,11
10,12,13,5,6.6,13,5,8,50.883,0.795,0.098,8.091,11,125,8,1,1,1,1,0,0,40.183,0.124,6.39,5,6.06,0.017,0,657.693,82.014,586.374,10
10,13,13,5,6.4,13,9,4,43.566,0.815,0.207,3.945,11,125,10,1,1,1,1,0,0,20.383,0.442,1.846,8,6.649,0.017,0,1014.904,345.327,782.731,13
10,14,15,5,6.2,15,15,0,18.933,0.886,0.792,1.118,10,125,16,1,1,1,1,0,0,17.2,0.872,1.016,10,1.358,0.017,0,1476.787,632.23,2434.655,16
10,15,17,6,6,17,15,2,35.333,0.986,0.425,2.324,6,147,7,1,1,1,1,0,0,30.883,0.486,2.031,6,0.492,0.017,0,2281.099,439.056,2901.666,18
10,16,20,7,5.8,20,18,2,41.733,1.118,0.431,2.593,10,147,9,1,1,1,1,0,0,29.266,0.615,1.818,7,1.143,0.017,0,1617.534,156.877,4056.959,18
10,17,27,7,5.6,27,23,4,47.316,1.151,0.486,2.369,17,169,6,1,1,1,1,0,0,41.683,0.552,2.087,10,2.546,0.017,0,3239.831,1016.632,4578.354,20
10,18,19,7,5.4,19,16,3,37.783,1.135,0.423,2.681,8,191,7,1,1,1,1,0,0,23.033,0.695,1.635,7,0.671,0.017,0,1875.97,178.804,5131.877,20
10,19,20,7,5.2,20,14,7,44.616,1.199,0.314,3.82,18,191,9,1,1,1,1,0,0,28.533,0.491,2.443,12,4.42,0.017,0,2390.409,265.792,7500.279,20
10,20,21,7,5,21,19,2,62.583,1.263,0.304,4.159,11,214,8,1,1,1,1,0,0,40,0.475,2.658,7,0.767,0.017,0,4518.332,578.565,7226.866,20
10,21,32,7,5,32,31,1,63.266,1.074,0.49,2.193,15,253,11,1,1,1,1,0,0,59.866,0.518,2.075,12,1.297,0.017,0,4549.372,250.993,9010.441,23
10,22,24,7,5,24,21,3,31.3,1.075,0.671,1.602,9,253,14,1,1,1,1,0,0,30.733,0.683,1.573,8,0.724,0.017,0,4112.301,469.639,11111.94,23
10,23,35,7,5,35,32,4,84.354,1.135,0.379,2.992,14,277,17,1,1,1,1,0,0,80.353,0.398,2.85,12,1.334,0.017,0,5709.068,463.959,12838.24,26
10,24,29,7,5,29,28,1,54.733,1.009,0.512,1.973,17,277,19,1,1,1,1,0,0,44.066,0.635,1.588,14,0.596,0.017,0,4993.278,414.834,13670.48,25
10,25,35,7,5,35,29,7,68.05,1.135,0.426,2.664,21,277,22,1,1,1,1,0,0,67.85,0.427,2.656,18,0.691,0.017,0,17922.03,1919.962,15406.85,28
10,26,35,7,5,35,29,6,187.515,1.135,0.155,7.34,12,341,24,1,1,1,1,0,0,51.899,0.559,2.031,11,0.849,0.017,0,7180.146,510.548,17001.86,30
10,27,64,11,5,64,40,25,188.765,1.612,0.212,7.608,36,387,12,1,1,1,1,0,0,57.966,0.69,2.336,23,0.902,0.017,0,19725.32,3158.779,19535.65,32
10,28,46,8,5,46,41,5,72.584,1.259,0.565,2.228,21,408,16,1,1,1,1,0,0,69.467,0.59,2.132,12,3.17,0.017,0,17948.02,1915.291,29966.35,30
10,29,47,8,5,47,45,2,62.316,1.274,0.722,1.764,24,408,31,1,1,1,1,0,0,62.316,0.722,1.764,15,1.432,0.017,0,24815.11,6089.059,36976.03,32
10,30,48,8,5,48,34,14,103.274,1.452,0.329,4.412,35,408,36,1,1,1,1,0,0,48.149,0.706,2.057,33,1.132,0.017,0,49505.5,3027.772,52991.07,33
10,31,50,9,5,50,41,12,54.316,1.318,0.755,1.745,15,408,43,1,1,1,1,0,0,52.949,0.774,1.702,13,0.841,0.017,0,42099.88,7810.611,70656.59,32
10,32,51,9,5,51,45,6,63.783,1.241,0.706,1.76,15,408,48,1,1,1,1,0,0,52.399,0.859,1.446,13,0.285,0.017,0,42541.25,7145.495,85096.17,35
10,33,53,9,5,53,42,11,190.481,1.45,0.22,6.577,26,408,55,1,1,1,1,0,0,56.433,0.744,1.948,24,0.869,0.017,0,66068.63,15358.56,100261.7,34
10,34,54,9,5,54,42,12,188.198,1.477,0.223,6.62,32,408,64,1,1,1,1,0,0,64.633,0.65,2.274,23,2.373,0.017,0,55084.55,6037.877,117046.6,34
10,35,57,10,5,57,29,28,189.348,1.638,0.153,10.695,56,408,75,1,1,1,1,0,0,69.384,0.418,3.919,51,6.038,0.017,0,205990.8,40430.56,143811,38
10,36,69,12,5,69,42,27,192.63,1.852,0.218,8.496,50,446,87,1,1,1,1,0,0,69.884,0.601,3.082,33,3.189,0.017,0,116494.2,19958.53,159509.1,38
10,37,58,10,5,58,39,19,191.631,1.667,0.204,8.189,32,467,101,1,1,1,1,0,0,63.166,0.617,2.699,20,1.262,0.017,0,194997.9,46156.55,231536,42
10,38,58,10,5,58,36,22,191.064,1.528,0.188,8.111,34,467,118,1,1,1,1,0,0,54.399,0.662,2.309,24,6.313,0.017,0,101450.5,8385.306,272682.5,42
10,39,58,10,5,58,36,22,194.113,1.528,0.185,8.241,31,485,133,1,1,1,1,0,0,59.133,0.609,2.51,20,1.449,0.017,0,228663.6,61682.71,443718,43
10,40,106,18,5,106,53,53,185.666,2.846,0.285,9.969,106,485,150,1,1,1,1,0,0,98.14,0.54,5.269,90,8.334,0.017,0,387711.5,12589.21,440771.9,54
10,41,59,10,5,59,46,13,183.849,1.695,0.25,6.776,32,485,158,1,1,1,1,0,0,58.216,0.79,2.146,20,1.431,0.017,0,267216.9,63385.04,549218.4,44
10,42,71,12,5,71,33,38,188.598,1.924,0.175,10.997,52,485,158,1,1,1,1,0,0,69.15,0.477,4.032,30,1.978,0.017,0,216855.8,7296.35,559915.1,46
10,43,59,10,5,59,26,33,187.165,1.599,0.139,11.51,46,485,158,1,1,1,1,0,0,53.683,0.484,3.301,22,8.406,0.017,0,326417,79460.73,561266.9,44
10,44,59,10,5,59,37,22,189.248,1.513,0.196,7.738,35,485,158,1,1,1,1,0,0,58.366,0.634,2.386,29,0.934,0.017,0,196161.2,9137.034,598049.2,44
10,45,59,10,5,59,32,27,187.048,1.695,0.171,9.91,56,485,158,1,1,1,1,0,0,89.455,0.358,4.739,33,6.494,0.017,0,566259.9,103298.9,567294.6,50
10,46,59,10,5,59,32,27,187.515,1.679,0.171,9.836,46,485,158,1,1,1,1,0,0,66.033,0.485,3.464,25,12.932,0.017,0,220619.6,8884.808,595842.4,46
10,47,59,10,5,59,19,40,186.965,1.63,0.102,16.038,46,485,158,1,1,1,1,0,0,68.167,0.279,5.847,23,4.645,0.017,0,243149.5,31121.06,525827.5,46
10,48,60,10,5,60,29,32,187.532,1.707,0.155,11.038,46,485,158,1,1,1,1,0,0,64.516,0.45,3.798,37,1.359,0.017,0,271877.5,17450.13,528574.5,44
10,49,35,7,5,35,28,8,189.431,1.313,0.148,8.885,24,485,158,1,1,1,1,0,0,47.249,0.593,2.216,16,6.597,0.017,0,212690.4,50065.97,585977.8,42
10,50,66,11,5,66,47,19,184.049,1.976,0.255,7.738,64,485,158,1,1,1,1,0,0,71.167,0.66,2.992,34,4.801,0.017,0,517121.6,15800.91,483642,44
10,51,70,12,5,70,46,24,187.348,1.897,0.246,7.726,48,485,158,1,1,1,1,0,0,73.818,0.623,3.044,22,7.634,0.017,0,399945.5,75221.58,424492.3,46
10,52,74,13,5,74,39,36,189.015,1.95,0.206,9.451,56,485,158,1,1,1,1,0,0,67.883,0.575,3.394,38,6.749,0.017,0,406829,17097.25,399421.3,46
10,53,77,13,5,77,65,13,185.282,2.107,0.351,6.005,45,485,158,1,1,1,1,0,0,56.883,1.143,1.844,34,0.271,0.017,0,455091.3,36558.88,444637.7,44
10,54,78,13,5,78,42,37,187.165,2.094,0.224,9.331,61,485,158,1,1,1,1,0,0,78.586,0.534,3.918,48,9.928,0.017,0,454918.1,21201.36,461459.2,45
10,55,82,14,5,82,48,36,186.949,2.38,0.257,9.271,81,485,158,1,1,1,1,0,0,85.004,0.565,4.215,41,6.464,0.017,0,846813,38950.11,461402.9,51
10,56,47,8,5,47,21,26,186.599,1.437,0.113,12.772,35,525,177,1,1,1,1,0,0,56.666,0.371,3.878,21,5.888,0.017,0,294610.8,17498.45,465024,45
10,57,99,17,5,99,38,61,189.998,2.709,0.2,13.543,93,567,173,1,1,1,1,0,0,86.721,0.438,6.181,64,9.492,0.017,0,655905.1,18405.57,466938.3,52
10,58,90,15,5,90,45,46,189.131,2.535,0.238,10.655,70,567,173,1,1,1,1,0,0,78.986,0.57,4.45,54,0.888,0.017,0,625979.3,26852.29,477311,49
10,59,102,17,5,102,48,56,188.831,2.713,0.254,10.672,83,567,173,1,1,1,1,0,0,93.972,0.511,5.311,56,8.349,0.017,0,771367.3,40600.12,493328.9,55
10,60,93,16,5,93,43,50,188.498,2.594,0.228,11.372,92,567,173,1,1,1,1,0,0,86.587,0.497,5.224,43,5.27,0.017,0,1063502,41812.65,505380,55
10,61,102,17,5,102,48,55,186.782,2.791,0.257,10.86,92,567,173,1,1,1,1,0,0,94.239,0.509,5.479,52,6.141,0.017,0,832408.5,56935.76,506964.7,53
10,62,50,9,5,50,25,25,188.998,1.481,0.132,11.2,45,567,173,1,1,1,1,0,0,74.885,0.334,4.438,28,7.49,0.017,0,484227.9,70464.89,515466.3,48
10,63,90,15,5,90,39,51,186.899,2.844,0.209,13.627,82,567,173,1,1,1,1,0,0,83.953,0.465,6.121,45,3.599,0.017,0,812696.1,73948.1,516875.6,51
10,64,90,15,5,90,37,53,188.781,2.486,0.196,12.685,80,567,173,1,1,1,1,0,0,104.791,0.353,7.041,61,2.651,0.017,0,923136.3,87758.52,492872.5,53
10,65,90,15,5,90,29,61,187.948,2.56,0.154,16.594,89,567,173,1,1,1,1,0,0,102.041,0.284,9.009,66,3.307,0.017,0,1265435,29331.05,510385.8,55
10,66,154,26,5,154,46,108,188.332,3.624,0.244,14.835,142,567,173,1,1,1,1,0,0,133.861,0.344,10.545,112,8.813,0.017,0,1486492,90214.43,511093.3,56
10,67,96,16,5,96,37,59,186.665,2.553,0.198,12.881,92,567,173,1,1,1,1,0,0,110.726,0.334,7.641,52,7.541,0.017,0,994634.5,87758.52,511683,54
10,68,96,16,5,96,50,46,187.965,2.678,0.266,10.067,87,567,173,1,1,1,1,0,0,123.979,0.403,6.64,61,3.972,0.017,0,1071368,92704.19,517765.9,52
11,1,5,2,8.8,5,3,2,46.199,0.268,0.065,4.132,4,8,1,1,1,1,1,0,0,19.833,0.151,1.774,2,5.677,0.017,0,50.195,13.221,112.869,6
11,2,5,2,8.6,5,5,0,33.25,0.274,0.15,1.824,3,8,4,1,1,1,1,0,0,33.183,0.151,1.82,3,0.613,0.017,0,71.307,16.356,164.963,7
11,3,5,2,8.4,5,5,0,32.216,0.28,0.155,1.807,3,8,5,1,1,1,1,0,0,29.566,0.169,1.658,3,1.037,0.017,0,84.335,24.963,166.144,8
11,4,6,2,8.2,6,0,6,25.583,0.337,0,-1,4,8,7,1,1,1,1,0,0,23.916,0,-1,4,0.178,0.017,0,102.476,27.606,167.439,7
11,5,11,4,8,11,10,1,43.8,0.575,0.228,2.518,7,8,8,1,1,1,1,0,0,30.1,0.332,1.73,4,1.047,0.017,0,430.999,87.524,197.708,8
11,6,8,3,7.8,8,5,3,33.416,0.452,0.15,3.024,6,40,1,1,1,1,1,0,0,25.55,0.196,2.312,4,0.558,0.017,0,263.069,75.235,191.985,7
11,7,9,3,7.6,9,9,0,30.033,0.51,0.3,1.703,7,66,3,1,1,1,1,0,0,29.35,0.307,1.664,7,0.106,0.017,0,329.722,60.694,212.072,8
11,8,10,4,7.4,10,8,2,36.416,0.58,0.22,2.639,9,85,5,1,1,1,1,0,0,22.583,0.354,1.636,5,9.845,0.017,0,380.948,96.291,273.966,8
11,9,11,4,7.2,11,5,6,52.633,0.627,0.095,6.604,9,85,6,1,1,1,1,0,0,38.383,0.13,4.816,7,4.005,0.017,0,425.426,66.154,309.251,9
11,10,11,4,7,11,9,2,45.649,0.669,0.197,3.392,7,96,7,1,1,1,1,0,0,34,0.265,2.526,4,3.267,0.017,0,580.963,156.816,296.545,8
11,11,17,6,6.8,17,2,15,44.916,0.974,0.045,21.879,13,96,8,1,0.74,1,0.74,0,0,41.633,0.048,20.28,7,4.068,0.017,0,988.13,129.021,326.209,9
11,12,13,5,6.6,13,8,5,53.683,0.763,0.149,5.121,11,96,9,0.74,1,0.74,1,0,0,42,0.19,4.007,8,4.321,0.017,0,948.53,143.324,391.079,10
11,13,13,5,6.4,13,9,4,27.183,0.782,0.331,2.361,8,137,11,1,1,1,1,0,0,15.75,0.571,1.368,6,2.222,0.017,0,1453.784,519.605,453.095,9
11,14,21,7,6.2,21,17,4,56.899,1.103,0.299,3.693,8,137,13,1,1,1,1,0,0,20.05,0.848,1.301,8,0.45,0.017,0,1839.275,192.724,451.587,10
11,15,22,7,6,22,13,9,65.533,0.893,0.198,4.502,10,158,3,1,1,1,1,0,0,42.716,0.304,2.935,7,5.164,0.017,0,4643.755,679.8,535.324,10
11,16,17,6,5.8,17,13,4,63.233,1.01,0.206,4.912,10,166,4,1,1,1,1,0,0,29.066,0.447,2.258,4,3.123,0.017,0,2217.223,447.21,553.91,9
11,17,18,6,5.6,18,13,5,40.116,1.072,0.324,3.31,12,224,4,1,1,1,1,0,0,34.016,0.382,2.806,7,2.429,0.017,0,3478.636,1427.032,598.769,9
11,18,21,7,5.4,21,10,11,188.648,1.205,0.053,22.724,11,236,6,1,1,1,1,0,0,36.1,0.277,4.349,9,4.287,0.017,0,4493.151,1385.608,853.302,12
11,19,23,7,5.2,23,19,4,56.966,1.018,0.334,3.054,8,236,7,1,1,1,1,0,0,33.083,0.574,1.773,6,1.128,0.017,0,6250.672,2877.723,1017.271,12
11,20,24,7,5,24,14,10,193.547,1.109,0.072,15.325,17,236,9,1,0.876,1,0.876,0,0,55.133,0.254,4.366,13,5.548,0.017,0,15124.04,3438.724,1172.897,12
11,21,26,7,5,26,10,16,187.832,1.307,0.053,24.541,25,252,10,0.876,1,0.876,1,0,0,44.733,0.224,5.845,17,14.101,0.017,0,13746.02,8223.112,1294.281,12
11,22,29,7,5,29,4,25,189.115,1.165,0.021,55.101,22,252,12,1,1,1,1,0,0,33.766,0.118,9.838,14,5.21,0.017,0,18848.23,7742.333,1377.349,12
11,23,31,7,5,31,16,15,187.065,1.148,0.086,13.424,21,252,15,1,1,1,1,0,0,36.966,0.433,2.653,12,0.673,0.017,0,23797.25,11370.63,1730.869,12
11,24,67,12,5,67,6,61,187.832,2.027,0.032,63.464,67,252,16,1,0.558,1,0.558,0,0,59.799,0.1,20.205,37,9.03,0.017,0,61027.88,13256.58,1901.934,12
11,25,40,7,5,40,0,40,183.849,1.354,0,-1,40,270,18,0.558,0.1,0.558,0.1,0,1,37.866,0,-1,39,6.152,0.017,1,95277.49,24655.76,2097.692,14
11,26,44,8,5,44,2,42,193.197,1.139,0.01,110.018,21,336,12,0.1,0.218,0.1,0.218,0,0,42.066,0.048,23.955,11,9.155,0.017,0.75,66562.38,21081.45,2479.956,13
11,27,27,7,5,27,2,25,85.004,1.231,0.024,52.32,26,415,9,0.218,0.348,0.218,0.348,0,0,36.15,0.055,22.25,22,1.959,0.017,0.5,68245.34,24655.76,2704.256,13
11,28,54,9,5,54,7,47,188.215,1.436,0.037,38.616,36,415,11,0.348,0.5,0.348,0.5,0,0,66.383,0.105,13.62,15,16.096,0.017,0.25,105294.7,32052.48,3146.274,15
11,29,66,11,5,66,7,59,183.233,1.841,0.038,48.191,66,415,15,0.5,0.642,0.5,0.642,0,0,60.133,0.116,15.815,33,7.882,0.017,0,151375.7,52425.79,4483.169,13
11,30,55,10,5,55,3,52,188.465,1.738,0.016,109.17,54,415,21,0.642,0.609,0.642,0.609,0,0,71.851,0.042,41.62,24,11.599,0.017,0,206889.3,32052.48,4789.345,15
11,31,102,17,5,102,9,93,190.698,2.791,0.047,59.132,101,415,25,0.609,0.713,0.609,0.713,0,0,60.199,0.15,18.667,45,22.416,0.017,0,223916,85416.75,5296.796,15
11,32,56,10,5,56,13,43,192.164,1.609,0.068,23.787,54,415,31,0.713,0.635,0.713,0.635,0,0,76.852,0.169,9.513,28,11.168,0.017,0,165145.7,34088.66,6430.209,14
11,33,57,10,5,57,9,48,190.881,1.707,0.047,36.195,57,415,42,0.635,0.703,0.635,0.703,0,0,78.402,0.115,14.867,45,10.524,0.017,0,202510.6,61682.71,7035.526,15
11,34,69,12,5,69,17,52,194.197,2.003,0.088,22.88,67,415,49,0.703,0.329,0.703,0.329,0,0,78.886,0.216,9.294,24,11.3,0.017,0,223028.5,34966.35,9869.701,15
12,1,5,2,8.8,5,2,3,55.649,0.268,0.036,7.466,5,8,1,1,1,1,1,0,0,14.933,0.134,2.004,4,8.96,0.017,0,43.466,10.709,112.869,6
12,2,5,2,8.6,5,3,2,49.833,0.274,0.06,4.555,4,8,3,1,1,1,1,0,0,38.3,0.078,3.501,4,1.157,0.017,0,68.959,15.716,167.434,8
12,3,5,2,8.4,5,3,2,42.183,0.28,0.071,3.942,3,22,3,1,1,1,1,0,0,30.183,0.099,2.821,3,0.41,0.017,0,101.181,24.125,161.211,8
12,4,6,2,8.2,6,4,2,31.016,0.337,0.129,2.616,4,22,4,1,1,1,1,0,0,26.366,0.152,2.224,4,0.094,0.017,0,144.113,31.466,182.14,8
12,5,11,4,8,11,11,0,30.9,0.575,0.356,1.615,6,22,6,1,1,1,1,0,0,30.2,0.364,1.578,4,0.498,0.017,0,293.763,36.305,175.585,7
12,6,8,3,7.8,8,2,6,74.768,0.452,0.027,16.913,6,65,4,1,1,1,1,0,0,28.216,0.071,6.383,6,3.015,0.017,0,265.764,56.49,193.436,8
12,7,9,3,7.6,9,3,6,53.599,0.51,0.056,9.119,9,79,6,1,1,1,1,0,0,33.383,0.09,5.68,8,2.254,0.017,0,311.53,49.239,258.499,9
12,8,12,4,7.4,12,6,6,40.116,0.656,0.15,4.388,10,79,8,1,1,1,1,0,0,27.566,0.218,3.015,9,2.719,0.017,0,786.722,150.664,279.556,9
12,9,7,3,7.2,7,2,5,33.45,0.434,0.06,7.257,4,96,9,1,1,1,1,0,0,25.683,0.078,5.572,4,0.706,0.017,0,391.756,78.108,328.931,9
12,10,12,4,7,12,10,2,181.866,0.686,0.055,12.483,8,96,10,1,0.433,1,0.433,0,1,45.799,0.218,3.144,7,2.637,0.017,1,1301.77,299.504,299.005,9
12,11,13,5,6.8,13,5,8,65.016,0.746,0.077,9.697,10,120,11,0.433,0.687,0.433,0.687,0,0,21.833,0.229,3.256,9,2.086,0.017,0.75,769.87,88.112,318.236,9
12,12,15,5,6.6,15,11,4,68.85,0.846,0.16,5.294,9,139,7,0.687,1,0.687,1,0,0,37.15,0.296,2.857,5,7.825,0.017,0.5,898.617,110.449,453.678,10
12,13,15,5,6.4,15,5,10,64.933,0.865,0.077,11.238,12,171,7,1,1,1,1,0,0,43.083,0.116,7.457,6,6.848,0.017,0.25,1434.675,202.03,492.654,9
12,14,27,7,6.2,27,18,9,99.123,1.001,0.182,5.51,16,171,8,1,0.948,1,0.948,0,0,37.766,0.477,2.099,9,7.656,0.017,0,3257.394,284.352,606.539,10
12,15,26,7,6,26,14,12,78.319,1.153,0.179,6.45,26,193,9,0.948,0.79,0.948,0.79,0,0,34.833,0.402,2.869,10,12.463,0.017,0,6539.326,829.224,664.341,10
12,16,20,7,5.8,20,8,12,89.221,1.118,0.09,12.473,12,193,10,0.79,1,0.79,1,0,0,34.216,0.234,4.783,11,3.055,0.017,0,3680.735,807.926,783.643,10
12,17,21,7,5.6,21,11,10,66.5,1.178,0.165,7.119,16,211,5,1,1,1,1,0,0,39,0.282,4.175,6,11.926,0.017,0,5106.985,1753.466,807.754,9
12,18,28,7,5.4,28,6,22,189.831,1.225,0.032,38.77,28,234,7,1,0.996,1,0.996,0,0,36.3,0.165,7.414,16,12.506,0.017,0,8448.732,2299.227,944.781,10
12,19,13,5,5.2,13,2,11,184.133,0.913,0.011,84.089,13,251,9,0.996,1,0.996,1,0,0,20.683,0.097,9.446,5,25.82,0.017,0,3328.985,1333.836,1197.368,10
12,20,26,7,5,26,0,26,187.515,1.201,0,-1,26,251,10,1,0.696,1,0.696,0,0,10.467,0,-1,18,25.704,0.017,0,18992.52,3717.821,1341.828,10
12,21,28,7,5,28,10,18,188.865,1.293,0.053,24.426,27,251,12,0.696,0.938,0.696,0.938,0,0,33.833,0.296,4.376,18,19.306,0.017,0,14237.67,2045.702,1375.002,10
12,22,36,7,5,36,7,29,191.264,1.138,0.037,31.095,34,269,14,0.938,0.769,0.938,0.769,0,0,30.083,0.233,4.891,10,41.788,0.017,0,33569.13,12562.99,1626.217,10
12,23,31,7,5,31,8,23,189.281,1.163,0.042,27.522,31,269,17,0.769,0.972,0.769,0.972,0,0,31.7,0.252,4.609,17,18.376,0.017,0,25397.89,7789.148,1859.021,10
12,24,58,10,5,58,3,55,187.632,1.737,0.016,108.61,57,269,18,0.972,0.597,0.972,0.597,0,0,55.166,0.054,31.933,18,28.75,0.017,0,55628.98,21568.07,1899.619,11
12,25,44,8,5,44,1,43,190.064,1.455,0.005,276.46,44,303,20,0.597,0.109,0.597,0.109,0,1,43.433,0.023,63.176,23,21.761,0.017,1,84437.91,13426.7,2220.58,12
12,26,45,8,5,45,0,45,186.865,1.422,0,-1,45,336,20,0.109,0.209,0.109,0.209,0,0,23.483,0,-1,22,16.418,0.017,0.75,66186.38,30758.81,2244.5,12
12,27,49,9,5,49,5,44,191.381,1.566,0.026,59.922,48,387,23,0.209,0.35,0.209,0.35,0,0,39.15,0.128,12.258,36,23.304,0.017,0.5,69502.06,22796.58,2438.314,12
12,28,53,9,5,53,5,48,194.997,1.675,0.026,65.308,52,407,29,0.35,0.488,0.35,0.488,0,0,65.399,0.076,21.903,40,17.821,0.017,0.25,120517.5,31607.7,2845.735,12
12,29,64,11,5,64,27,37,191.131,1.978,0.141,14.005,64,407,42,0.488,0.756,0.488,0.756,0,0,64.233,0.42,4.707,29,30.44,0.017,0,69565.29,4821.368,3614.898,12
12,30,55,10,5,55,21,34,192.031,1.738,0.109,15.891,55,473,44,0.756,0.806,0.756,0.806,0,0,40.666,0.516,3.365,36,23.73,0.017,0,221219,31607.7,3592.537,11
12,31,57,10,5,57,27,30,189.198,1.801,0.143,12.62,56,492,71,0.806,1,0.806,1,0,0,69.35,0.389,4.626,48,20.799,0.017,0,86807.66,11489.32,5105.084,12
12,32,93,16,5,93,43,50,187.165,2.594,0.23,11.292,93,492,102,1,1,1,1,0,0,86.371,0.498,5.211,55,27.405,0.017,0,222829,45950.49,30399.87,22
12,33,59,10,5,59,34,25,192.747,1.864,0.176,10.568,58,492,129,1,1,1,1,0,0,72.151,0.471,3.956,28,23.376,0.017,0,68693.41,3484.048,50879.77,29
12,34,70,12,5,70,42,28,186.615,2.118,0.225,9.411,70,492,153,1,1,1,1,0,0,70.517,0.596,3.556,35,21.721,0.017,0,184843,47218.64,81187.4,32
12,35,59,10,5,59,38,21,189.931,1.864,0.2,9.317,59,492,177,1,0.67,1,0.67,0,0,58.666,0.648,2.878,44,18.606,0.017,0,214475.4,9295.907,100337.6,32
12,36,59,10,5,59,39,20,188.215,1.864,0.207,8.996,58,492,178,0.67,0.902,0.67,0.902,0,0,71.501,0.545,3.418,37,17.859,0.017,0,149877.3,47218.64,124522.4,32
12,37,58,10,5,58,36,22,190.231,1.833,0.189,9.684,57,492,178,0.902,1,0.902,1,0,0,64.166,0.561,3.266,29,23.369,0.017,0,117047.9,5950.905,148900.7,33
12,38,59,10,5,59,38,21,188.848,1.864,0.201,9.264,57,492,178,1,1,1,1,0,0,83.303,0.456,4.087,21,24.581,0.017,0,136556.7,6080.292,158758.3,33
12,39,59,10,5,59,33,26,189.715,1.864,0.174,10.717,58,492,178,1,0.912,1,0.912,0,0,85.804,0.385,4.847,31,18.502,0.017,0,161201.8,6668.705,186208.9,34
12,40,94,16,5,94,57,37,188.332,2.844,0.303,9.397,94,492,178,0.912,0.343,0.912,0.343,0,1,87.037,0.655,4.343,45,25.134,0.017,1,398986.3,18860.42,224645.7,34
12,41,71,12,5,71,39,32,193.764,2.148,0.201,10.673,69,492,178,0.343,0.662,0.343,0.662,0,0,87.588,0.445,4.825,33,16.648,0.017,0.75,236087.7,25099.46,262433.5,33
12,42,59,10,5,59,36,23,189.681,1.864,0.19,9.822,57,492,178,0.662,1,0.662,1,0,0,81.386,0.442,4.214,40,11.561,0.017,0.5,190698,6491.919,266244.2,33
12,43,71,12,5,71,38,33,192.947,2.148,0.197,10.908,71,492,178,1,0.857,1,0.857,0,0,69.284,0.548,3.917,60,27.817,0.017,0.25,298621.8,41100.75,270026.4,32
12,44,59,10,5,59,32,27,191.147,1.864,0.167,11.135,58,492,178,0.857,0.885,0.857,0.885,0,0,89.288,0.358,5.201,28,23.661,0.017,0,220854.3,9635.985,346925.4,33
12,45,94,16,5,94,42,52,189.315,2.875,0.222,12.957,94,492,178,0.885,0.279,0.885,0.279,0,1,65.666,0.64,4.494,46,19.957,0.017,1,559195,15390.97,369116.8,33
12,46,59,10,5,59,39,20,191.281,1.864,0.204,9.143,59,492,178,0.279,0.643,0.279,0.643,0,0,81.37,0.479,3.889,37,25.166,0.017,0.75,244038.4,14466.9,359151.1,32
12,47,59,10,5,59,35,24,192.031,1.864,0.182,10.228,59,492,178,0.643,0.916,0.643,0.916,0,0,77.319,0.453,4.118,42,17.219,0.017,0.5,274626.9,15459.74,303903.6,33
12,48,65,11,5,65,31,34,190.364,2.009,0.163,12.339,64,492,178,0.916,0.854,0.916,0.854,0,0,97.173,0.319,6.298,19,30.727,0.017,0.25,317581.7,31566.09,304408.7,33
12,49,37,7,5,37,24,13,192.664,1.252,0.125,10.052,37,492,178,0.854,1,0.854,1,0,0,58.366,0.411,3.045,31,7.004,0.017,0,206409.4,24808.09,253268.6,33
12,50,84,14,5,84,61,23,186.499,2.597,0.327,7.939,84,492,178,1,0.648,1,0.648,0,0,73.184,0.834,3.115,53,17.072,0.017,0,715717.9,27063.37,253372.3,34
12,51,76,13,5,76,54,22,191.081,2.324,0.283,8.224,73,567,182,0.648,0.744,0.648,0.744,0,0,87.454,0.617,3.764,39,13.806,0.017,0,416632.8,12655.96,253114.4,33
12,52,82,14,5,82,53,29,188.415,2.481,0.281,8.82,82,567,184,0.744,0.934,0.744,0.934,0,0,57.816,0.917,2.707,39,34.286,0.017,0,485961.3,43004.43,207366.2,32
12,53,85,15,5,85,63,22,191.997,2.716,0.328,8.276,84,567,208,0.934,1,0.934,1,0,0,76.535,0.823,3.299,46,24.161,0.017,0,513890,19105.71,207659.5,35
12,54,86,15,5,86,62,24,192.181,2.63,0.323,8.152,86,567,212,1,1,1,1,0,0,55.266,1.122,2.344,49,18.648,0.017,0,567780.2,68624.58,217510.5,35
13,1,5,2,8.8,5,2,3,43.95,0.268,0.046,5.897,4,8,1,1,1,1,1,0,0,15.167,0.132,2.035,1,11.567,0.017,0,47.093,12.252,112.869,6
13,2,5,2,8.6,5,2,3,57.716,0.274,0.035,7.914,3,8,4,1,1,1,1,0,0,51.933,0.039,7.121,3,2.28,0.017,0,105.898,34.68,180.303,8
13,3,5,2,8.4,5,5,0,39.633,0.28,0.126,2.222,3,8,6,1,1,1,1,0,0,39.333,0.127,2.206,3,0.873,0.017,0,142.679,37.283,163.512,7
13,4,6,2,8.2,6,5,1,24.316,0.337,0.206,1.641,3,8,7,1,1,1,1,0,0,12.8,0.391,0.864,3,2.011,0.017,0,118.74,26.704,181.081,7
13,5,7,3,8,7,6,1,51.983,0.395,0.115,3.42,3,8,8,1,1,1,1,0,0,50.049,0.12,3.293,3,1.126,0.017,0,261.46,85.027,207.955,8
13,6,8,3,7.8,8,5,3,38.45,0.48,0.13,3.695,7,49,2,1,1,1,1,0,0,23.966,0.209,2.303,5,6.979,0.017,0,224.894,54.306,208.48,7
13,7,9,3,7.6,9,3,6,24.5,0.51,0.122,4.168,6,74,3,1,1,1,1,0,0,8.233,0.364,1.401,3,0.33,0.017,0,250.853,37.563,296.783,8
13,8,10,4,7.4,10,5,5,45.349,0.58,0.11,5.258,8,89,3,1,1,1,1,0,0,33.766,0.148,3.915,4,6.15,0.017,0,392.562,70.39,318.447,8
13,9,11,4,7.2,11,4,7,49.933,0.653,0.08,8.149,10,89,4,1,1,1,1,0,0,37.083,0.108,6.052,6,9.77,0.017,0,483.312,78.748,340.86,9
13,10,12,4,7,12,11,1,39.85,0.729,0.276,2.643,11,89,5,1,0.723,1,0.723,0,0,24.1,0.456,1.598,9,12.775,0.017,0,632.304,112.501,343.442,8
13,11,21,7,6.8,21,10,11,61.666,1.157,0.162,7.135,20,109,6,0.723,0.885,0.723,0.885,0,0,34.183,0.293,3.955,15,7.951,0.017,0,1232.97,128.134,374.07,8
13,12,13,5,6.6,13,8,5,60.683,0.763,0.132,5.789,11,161,5,0.885,1,0.885,1,0,0,57.316,0.14,5.468,8,4.178,0.017,0,807.522,121.836,552.782,10
13,13,20,7,6.4,20,11,9,61.699,1.051,0.178,5.894,17,161,7,1,0.911,1,0.911,0,0,40.666,0.27,3.885,14,11.661,0.017,0,1175.622,162.533,567.436,9
13,14,17,6,6.2,17,12,5,47.449,0.964,0.253,3.812,11,161,8,0.911,1,0.911,1,0,0,40.2,0.299,3.23,6,1.812,0.017,0,1210.332,123.575,851.245,10
13,15,17,6,6,17,12,5,66.716,1.073,0.18,5.963,17,183,8,1,1,1,1,0,0,32.366,0.371,2.893,12,6.836,0.017,0,3761.831,1260.92,761.095,9
13,16,18,6,5.8,18,14,4,17.967,1.092,0.779,1.401,14,183,9,1,1,1,1,0,0,17.917,0.781,1.398,7,1.357,0.017,0,1696.839,218.574,963.196,9
13,17,19,7,5.6,19,12,7,192.464,1.109,0.062,17.786,14,204,6,1,1,1,1,0,0,37.683,0.318,3.482,12,5.589,0.017,0,4048.212,1936.502,1045.525,10
13,18,21,7,5.4,21,11,10,54.033,1.205,0.204,5.917,21,204,7,1,1,1,1,0,0,37.1,0.296,4.063,9,3.35,0.017,0,2821.706,306.682,1130.253,10
13,19,23,7,5.2,23,13,11,190.648,1.018,0.068,14.936,23,204,10,1,1,1,1,0,0,42.183,0.308,3.305,11,11.937,0.017,0,6581.476,3379.041,1444.668,10
13,20,38,7,5,38,23,16,186.732,1.201,0.123,9.748,37,227,12,1,0.957,1,0.957,0,0,34.716,0.663,1.812,22,15.956,0.017,0,13398.15,1376.548,1485.482,11
13,21,26,7,5,26,11,15,77.335,1.129,0.142,7.936,15,268,15,0.957,1,0.957,1,0,0,39.666,0.277,4.071,12,2.529,0.017,0,13353.1,7042.31,1850.355,12
13,22,29,7,5,29,16,13,186.865,1.089,0.086,12.717,19,268,18,1,1,1,1,0,0,49.933,0.32,3.398,13,9.324,0.017,0,10298.77,1786.341,2166.682,12
13,23,37,7,5,37,12,25,192.58,1.169,0.062,18.761,36,268,22,1,0.935,1,0.935,0,0,47.733,0.251,4.65,25,15.423,0.017,0,26299.89,13561.53,2310.529,12
13,24,36,7,5,36,6,30,189.981,1.138,0.032,36.035,32,268,23,0.935,0.703,0.935,0.703,0,0,45.066,0.133,8.548,24,6.526,0.017,0,22916.92,4991.795,2437.35,12
13,25,40,7,5,40,3,38,190.731,1.354,0.016,86.061,38,292,26,0.703,0.13,0.703,0.13,0,1,40.3,0.074,18.184,20,19.39,0.017,1,110658.9,31903.01,2526.281,12
13,26,45,8,5,45,2,44,187.215,1.232,0.011,115.303,34,333,29,0.13,0.248,0.13,0.248,0,0,45.133,0.044,27.797,9,8.676,0.017,0.75,40360.49,7569.223,2911.623,13
13,27,49,9,5,49,8,41,181.2,1.341,0.044,30.366,30,407,33,0.248,0.413,0.248,0.413,0,0,41.716,0.192,6.991,25,8.923,0.017,0.5,113497.2,51979.23,3864.546,13
13,28,54,9,5,54,14,41,188.198,1.617,0.074,21.734,50,407,39,0.413,0.617,0.413,0.617,0,0,56.766,0.247,6.556,28,10.989,0.017,0.25,60344.23,12157.46,4727.923,14
13,29,54,9,5,54,17,38,188.748,1.6,0.09,17.765,46,407,46,0.617,0.542,0.617,0.542,0,0,50.683,0.335,4.77,38,6.612,0.017,0,176691,56075.19,5461.985,14
13,30,30,7,5,30,3,28,189.398,1.222,0.016,77.148,30,407,54,0.542,0.636,0.542,0.636,0,0,42.183,0.071,17.183,22,21.54,0.017,0,126563,29663.01,6230.85,13
13,31,56,10,5,56,28,29,189.215,1.642,0.148,11.098,49,407,63,0.636,0.86,0.636,0.86,0,0,83.42,0.336,4.893,39,6.698,0.017,0,232294.2,81490.04,7025.345,14
13,32,60,10,5,60,26,34,189.864,1.835,0.137,13.399,55,489,70,0.86,0.858,0.86,0.858,0,0,88.504,0.294,6.246,39,15.16,0.017,0,164728.2,48573.62,8674.658,15
13,33,64,11,5,64,16,50,190.064,1.957,0.084,23.25,63,489,75,0.858,0.568,0.858,0.568,0,0,76.252,0.21,9.328,29,7.383,0.017,0,273634.8,86082.45,12131.78,16
13,34,64,11,5,64,44,20,190.731,1.978,0.231,8.576,56,489,89,0.568,0.943,0.568,0.943,0,0,80.569,0.546,3.623,26,7.068,0.017,0,210526.3,78920.8,15436.9,15
13,35,64,11,5,64,15,49,189.431,2,0.079,25.258,64,489,99,0.943,0.654,0.943,0.654,0,0,62.166,0.241,8.289,43,13.493,0.017,0,423618.9,86082.45,19566.75,16
13,36,64,11,5,64,18,46,189.398,1.978,0.095,20.817,62,489,115,0.654,0.808,0.654,0.808,0,0,56.666,0.318,6.228,48,11.267,0.017,0,203877.2,56075.19,21169.45,15
13,37,64,11,5,64,41,25,183.649,1.978,0.223,8.862,61,489,129,0.808,0.852,0.808,0.852,0,0,72.268,0.567,3.487,46,8.187,0.017,0,333276.6,86082.45,22428.24,16
13,38,64,11,5,64,39,27,188.698,1.978,0.207,9.572,62,489,143,0.852,0.728,0.852,0.728,0,0,70.634,0.552,3.583,48,8.379,0.017,0,290508.3,86082.45,27802.64,15
13,39,64,11,5,64,35,29,183.466,1.978,0.191,10.37,59,489,160,0.728,0.785,0.728,0.785,0,0,80.386,0.435,4.544,44,13.541,0.017,0,360922.3,86082.45,37731.7,16
13,40,64,11,5,64,42,22,183.099,2.045,0.229,8.914,64,489,183,0.785,0.392,0.785,0.392,0,0,56.449,0.744,2.748,56,8.658,0.017,0,474274.3,86082.45,34295.52,16
13,41,102,17,5,102,50,52,185.482,2.902,0.27,10.765,101,489,183,0.392,0.688,0.392,0.688,0,0,65.349,0.765,3.793,51,19.241,0.017,0,392629.1,86082.45,35342.91,16
13,42,68,12,5,68,48,20,187.765,2.058,0.256,8.049,62,489,183,0.688,1,0.688,1,0,0,89.171,0.538,3.822,31,13.485,0.017,0,176993.9,5381.933,35308.75,15
13,43,68,12,5,68,39,29,185.732,2.058,0.21,9.799,64,489,183,1,1,1,1,0,0,74.568,0.523,3.934,35,15.813,0.017,0,186752.5,6261.478,35389.75,15
13,44,80,14,5,80,48,33,187.365,2.322,0.256,9.065,70,489,183,1,0.822,1,0.822,0,0,77.619,0.618,3.755,44,11.506,0.017,0,315695.3,66217.27,37681.25,15
13,45,68,12,5,68,43,25,185.632,2.197,0.232,9.485,67,489,183,0.822,0.602,0.822,0.602,0,0,58.433,0.736,2.986,57,10.256,0.017,0,427739.3,86082.45,36945.51,16
13,46,68,12,5,68,47,21,185.499,2.058,0.253,8.121,62,489,183,0.602,0.956,0.602,0.956,0,0,92.022,0.511,4.028,41,17.795,0.017,0,231241.9,7404.006,42838.34,15
13,47,68,12,5,68,39,29,185.116,1.994,0.211,9.465,58,489,183,0.956,0.902,0.956,0.902,0,0,85.37,0.457,4.365,29,11.621,0.017,0,301609.8,86082.45,36485.23,15
13,48,70,12,5,70,30,41,186.782,2.118,0.161,13.187,66,489,183,0.902,0.828,0.902,0.828,0,0,64.516,0.465,4.555,25,27.322,0.017,0,246183.3,11091.13,37089.3,15
13,49,73,13,5,73,58,17,185.349,2.163,0.313,6.912,62,489,183,0.828,0.993,0.828,0.993,0,0,78.069,0.743,2.911,20,17.655,0.017,0,371627.3,86082.45,34279.41,15
13,50,82,14,5,82,61,21,185.682,2.711,0.329,8.251,81,489,183,0.993,0.954,0.993,0.954,0,0,56.233,1.085,2.499,63,12.668,0.017,0,570859.7,20950.75,31051.2,14
13,51,130,22,5,130,97,34,187.048,3.892,0.519,7.506,115,571,187,0.954,0.897,0.954,0.897,0,0,67.533,1.436,2.71,85,17.174,0.017,0,584307.6,8641.524,27845.74,14
13,52,94,16,5,94,72,22,187.282,2.757,0.384,7.17,86,571,211,0.897,1,0.897,1,0,0,61.499,1.171,2.355,24,19.507,0.017,0,403097.2,11952.88,27027.71,17
13,53,98,17,5,98,68,31,185.082,2.934,0.367,7.986,92,571,217,1,0.938,1,0.938,0,0,64.933,1.047,2.802,29,19.69,0.017,0,458773.1,12247.25,27406.04,16
13,54,99,17,5,99,73,27,188.115,2.874,0.388,7.405,85,571,217,0.938,0.931,0.938,0.931,0,0,73.018,1,2.874,54,15.58,0.017,0,467620.4,18554.91,35876.38,16
14,1,5,2,8.8,5,1,4,38.65,0.268,0.026,10.371,4,8,1,1,1,1,1,0,0,17.883,0.056,4.799,3,7.17,0.017,0,49.917,13.221,112.869,6
14,2,5,2,8.6,5,5,0,31.5,0.274,0.159,1.728,3,8,3,1,0.938,1,0.938,0,0,29.466,0.17,1.616,2,2.654,0.017,0,111.799,25.642,159.198,7
14,3,5,2,8.4,5,4,1,44.433,0.28,0.09,3.114,3,8,5,0.938,1,0.938,1,0,0,39.633,0.101,2.778,3,2,0.017,0,85.393,22.049,152.502,7
14,4,6,2,8.2,6,5,1,30.55,0.337,0.164,2.061,4,15,1,1,1,1,1,0,0,28.983,0.173,1.956,4,0.533,0.017,0,124.385,29.587,161.399,7
14,5,11,4,8,11,8,3,60.716,0.632,0.132,4.798,11,95,3,1,1,1,1,0,0,15.867,0.504,1.254,7,9.58,0.017,0,306.068,45.253,443.882,8
14,6,8,3,7.8,8,5,3,40.333,0.461,0.124,3.719,4,175,4,1,1,1,1,0,0,14.2,0.352,1.31,3,0.413,0.017,0,224.667,56.525,528.693,8
14,7,8,3,7.6,8,7,1,27.75,0.472,0.252,1.871,5,59,4,1,1,1,1,0,0,22.55,0.31,1.52,4,0.817,0.017,0,239.227,40.023,602.493,8
14,8,6,2,7.4,6,4,2,34.866,0.371,0.115,3.232,4,59,5,1,1,1,1,0,0,22.417,0.178,2.078,3,4.814,0.017,0,217.392,72.32,535.571,8
14,9,10,4,7.2,10,5,5,36.316,0.633,0.138,4.597,8,59,6,1,1,1,1,0,0,32.3,0.155,4.089,8,0.443,0.017,0,368.798,64.453,690.676,9
14,10,10,4,7,10,6,4,40.15,0.649,0.149,4.345,9,59,7,1,1,1,1,0,0,30.033,0.2,3.25,7,2.508,0.017,0,691.547,184.764,656.872,8
14,11,12,4,6.8,12,6,6,49.866,0.702,0.12,5.838,8,107,2,1,1,1,1,0,0,41.066,0.146,4.808,7,0.229,0.017,0,845.443,306.926,834.422,11
14,12,13,5,6.6,13,4,9,59.699,0.763,0.067,11.391,9,124,2,1,1,1,1,0,0,40.883,0.098,7.801,8,1.626,0.017,0,991.994,261.878,934.905,11
14,13,8,3,6.4,8,4,4,27.783,0.538,0.144,3.733,4,124,3,1,1,1,1,0,0,19.667,0.203,2.643,4,0.148,0.017,0,1118.68,437.104,1077.724,10
14,14,21,7,6.2,21,17,4,46.433,1.103,0.366,3.014,12,124,4,1,1,1,1,0,0,33.666,0.505,2.185,6,6.892,0.017,0,2275.796,505.606,1073.88,10
14,15,22,7,6,22,17,5,64.049,0.919,0.265,3.463,20,145,6,1,0.989,1,0.989,0,0,49.549,0.343,2.679,16,8.701,0.017,0,6019.553,1852.559,1214.753,10
14,16,18,6,5.8,18,13,5,42.716,1.048,0.304,3.442,14,165,9,0.989,1,0.989,1,0,0,34.65,0.375,2.792,7,2.849,0.017,0,1978.537,230.751,1354.816,10
14,17,40,7,5.6,40,24,16,92.522,1.088,0.259,4.196,25,186,10,1,0.87,1,0.87,0,0,45.149,0.532,2.048,7,14.365,0.017,0,7737.017,3006.601,1735.02,10
14,18,23,7,5.4,23,14,10,186.715,1.108,0.075,14.783,19,208,13,0.87,1,0.87,1,0,0,29.466,0.475,2.333,13,4.331,0.017,0,3274.851,252.883,1977.375,12
14,19,25,7,5.2,25,22,3,49.616,1.241,0.443,2.798,24,228,14,1,1,1,1,0,0,23.916,0.92,1.349,17,8.597,0.017,0,14104.62,9511.935,2513.508,11
14,20,42,7,5,42,29,14,87.421,1.421,0.332,4.285,41,247,16,1,1,1,1,0,0,68.784,0.422,3.371,25,12.753,0.017,0,13984.05,893.777,2441.659,12
14,21,29,7,5,29,13,16,89.671,1.182,0.145,8.154,27,247,20,1,1,1,1,0,0,38.583,0.337,3.508,20,9.072,0.017,0,17081.44,10467.16,3413.338,11
14,22,31,7,5,31,19,12,71.534,1.263,0.266,4.754,28,247,24,1,1,1,1,0,0,31.616,0.601,2.101,23,8.017,0.017,0,10125.35,954.941,3778.844,12
14,23,33,7,5,33,20,14,70.867,1.162,0.282,4.117,20,265,11,1,1,1,1,0,0,52.233,0.383,3.035,12,5.552,0.017,0,30627.04,20423.03,4191.063,12
14,24,38,7,5,38,14,24,186.582,1.201,0.075,16.001,29,265,12,1,1,1,1,0,0,53.116,0.264,4.555,16,6.675,0.017,0,15329.55,804.639,5195.875,12
14,25,42,7,5,42,4,39,163.837,1.421,0.024,58.217,41,289,14,1,0.679,1,0.679,0,0,60.949,0.066,21.657,31,4.33,0.017,0,72945.98,17880.85,4568.07,13
14,26,83,14,5,83,12,71,190.898,2.409,0.063,38.328,80,349,9,0.679,0.837,0.679,0.837,0,0,66.55,0.18,13.362,42,13.476,0.017,0,49683.98,1892.619,5194.013,13
14,27,66,11,5,66,15,52,188.515,2.04,0.08,25.641,58,404,14,0.837,0.727,0.837,0.727,0,0,75.268,0.199,10.238,21,4.485,0.017,0,77311.45,19693.88,6823.306,13
14,28,73,13,5,73,15,58,192.88,2.163,0.078,27.813,70,404,20,0.727,0.619,0.727,0.619,0,0,66.983,0.224,9.659,31,12.357,0.017,0,57480.46,1822.142,7568.376,13
14,29,113,19,5,113,18,96,188.531,3.092,0.095,32.382,104,404,26,0.619,0.701,0.619,0.701,0,0,73.901,0.244,12.693,82,10.284,0.017,0,152223.6,29138.62,11065.39,13
14,30,64,11,5,64,12,53,188.948,1.978,0.064,31.151,61,459,27,0.701,0.771,0.701,0.771,0,0,74.201,0.162,12.233,30,9.711,0.017,0,127559.9,6261.478,10662.73,13
14,31,66,11,5,66,17,49,194.43,2.04,0.087,23.334,63,487,34,0.771,0.649,0.771,0.649,0,0,68.934,0.247,8.273,51,4.239,0.017,0,132320.7,29138.62,12038.55,15
14,32,67,12,5,67,24,44,193.33,2.027,0.124,16.33,56,487,39,0.649,0.811,0.649,0.811,0,0,72.634,0.33,6.135,46,7.434,0.017,0,89551.17,7397.309,12508.23,14
14,33,68,12,5,68,46,24,138.794,1.843,0.331,5.56,40,487,47,0.811,0.967,0.811,0.967,0,0,79.619,0.578,3.19,24,1.142,0.017,0,125733.4,31927.09,14306.31,14
14,34,68,12,5,68,24,47,192.497,2.058,0.125,16.503,60,487,59,0.967,0.723,0.967,0.723,0,0,76.535,0.314,6.561,30,16.057,0.017,0,104475.9,8273.978,18603.56,15
14,35,73,13,5,73,24,49,191.397,2.281,0.125,18.193,73,487,76,0.723,0.731,0.723,0.731,0,0,77.152,0.311,7.334,48,7.081,0.017,0,331853.8,53118.79,20016.69,15
14,36,73,13,5,73,31,42,192.964,2.257,0.161,14.046,68,487,93,0.731,0.783,0.731,0.783,0,0,85.404,0.363,6.217,22,9.835,0.017,0,193046.9,33714.48,21260.46,15
14,37,73,13,5,73,35,38,189.648,2.163,0.185,11.72,62,487,104,0.783,0.871,0.783,0.871,0,0,77.619,0.451,4.797,53,4.823,0.017,0,232905.3,64438.88,22025.93,14
14,38,73,13,5,73,35,39,189.798,2.163,0.184,11.729,64,487,125,0.871,0.78,0.871,0.78,0,0,88.054,0.397,5.442,29,7.682,0.017,0,260708.1,54238.14,24060.32,14
14,39,117,20,5,117,47,70,191.864,3.396,0.245,13.864,115,487,149,0.78,0.601,0.78,0.601,0,0,101.241,0.464,7.316,86,11.265,0.017,0,363636.3,66217.27,30677.27,14
14,40,89,15,5,89,53,36,190.681,2.781,0.278,10.006,88,487,165,0.601,0.338,0.601,0.338,0,1,97.273,0.545,5.105,78,6.051,0.017,1,586133.8,81490.04,33637.33,15
14,41,85,15,5,85,49,36,188.248,2.199,0.26,8.449,63,487,165,0.338,0.642,0.338,0.642,0,0,86.187,0.569,3.868,52,7.74,0.017,0.75,337667.2,66217.27,33753.47,14
14,42,73,13,5,73,40,33,188.865,2.281,0.212,10.771,66,487,165,0.642,0.904,0.642,0.904,0,0,87.738,0.456,5.004,55,9.189,0.017,0.5,386067.7,83770.53,31276.71,14
14,43,117,20,5,117,63,56,187.632,3.656,0.336,10.889,114,487,165,0.904,0.6,0.904,0.6,0,0,90.605,0.695,5.258,99,8.249,0.017,0.25,371278.8,29138.62,31276.71,14
14,44,73,13,5,73,46,27,188.981,2.306,0.243,9.476,62,487,165,0.6,0.892,0.6,0.892,0,0,98.273,0.468,4.928,18,17.132,0.017,0,214677.8,6820.868,35457.54,13
14,45,85,15,5,85,53,32,186.449,2.746,0.284,9.662,84,487,165,0.892,0.476,0.892,0.476,0,0,68.317,0.776,3.54,76,6.734,0.017,0,426351.6,12663.68,34376.29,15
14,46,78,13,5,78,34,44,184.982,2.411,0.184,13.118,70,487,165,0.476,0.75,0.476,0.75,0,0,84.637,0.402,6.002,34,13.427,0.017,0,264157.9,7012.608,34763.06,15
14,47,78,13,5,78,42,37,187.365,2.464,0.224,10.994,71,487,165,0.75,0.799,0.75,0.799,0,0,87.904,0.478,5.158,17,21.546,0.017,0,300332.5,10811.01,29659.29,15
14,48,43,8,5,43,32,11,185.332,1.422,0.173,8.233,31,487,165,0.799,0.822,0.799,0.822,0,0,55.549,0.576,2.468,11,6.372,0.017,0,246991.9,86082.45,30369.5,14
14,49,82,14,5,82,65,18,186.149,2.591,0.349,7.42,68,487,165,0.822,0.938,0.822,0.938,0,0,80.803,0.804,3.221,23,14.775,0.017,0,347256.3,10147.77,31878.91,14
14,50,88,15,5,88,67,22,185.232,2.909,0.362,8.043,86,487,165,0.938,0.702,0.938,0.702,0,0,74.151,0.904,3.22,75,6.22,0.017,0,593584.7,20619.16,21806.27,14
14,51,92,16,5,92,58,34,187.248,2.939,0.31,9.489,84,566,166,0.702,0.919,0.702,0.919,0,0,87.754,0.661,4.447,42,9.438,0.017,0,426421.5,8641.524,22460.46,15
14,52,100,17,5,100,76,25,189.548,3.231,0.401,8.058,83,566,190,0.919,1,0.919,1,0,0,73.501,1.034,3.125,74,7.468,0.017,0,464051.1,12545.18,19506.15,15
14,53,116,20,5,116,82,34,187.082,3.625,0.438,8.27,104,566,199,1,1,1,1,0,0,76.435,1.073,3.379,53,14.902,0.017,0,583253.1,12247.25,19708.68,15
14,54,118,20,5,118,86,32,187.382,3.688,0.459,8.035,106,566,199,1,0.934,1,0.934,0,0,80.703,1.066,3.46,90,9.935,0.017,0,596098.2,9075.141,20806.51,16
14,55,107,18,5,107,81,26,188.298,3.419,0.43,7.947,106,566,199,0.934,0.403,0.934,0.403,0,1,62.316,1.3,2.63,99,10.95,0.017,1,791860.5,18685.04,21192.19,15
14,56,113,19,5,113,81,33,188.032,3.57,0.431,8.288,111,566,199,0.403,0.79,0.403,0.79,0,0,86.221,0.939,3.8,92,10.143,0.017,0.75,570844.7,11675.56,22280.53,16
14,57,184,31,5,184,104,80,188.798,5.235,0.551,9.503,179,566,199,0.79,1,0.79,1,0,0,88.004,1.182,4.43,144,8.872,0.017,0.5,972654.8,9745.353,21842.78,15
14,58,116,20,5,116,87,32,182.766,3.625,0.476,7.615,96,566,199,1,1,1,1,0,0,88.888,0.979,3.704,24,17.956,0.017,0.25,632921.6,11966.71,22077.26,15
14,59,116,20,5,116,78,38,184.782,3.625,0.422,8.588,104,566,199,1,1,1,1,0,0,87.454,0.892,4.064,38,24.121,0.017,0,623656.9,9745.353,28767.07,16
14,60,116,20,5,116,72,44,188.332,3.625,0.382,9.482,115,566,199,1,0.348,1,0.348,0,1,76.952,0.936,3.874,61,14.175,0.017,1,953270.4,20950.75,26617.7,15
14,61,128,22,5,128,61,67,187.432,3.914,0.325,12.028,127,566,199,0.348,0.639,0.348,0.639,0,0,90.688,0.673,5.82,109,16.436,0.017,0.75,726192.4,9893.492,23656.57,15
14,62,116,20,5,116,66,50,187.532,3.625,0.352,10.3,110,566,199,0.639,0.966,0.639,0.966,0,0,88.638,0.745,4.868,58,13.071,0.017,0.5,677134.8,15720.35,21570.42,15
14,63,116,20,5,116,77,39,186.415,3.625,0.413,8.776,112,566,199,0.966,1,0.966,1,0,0,77.802,0.99,3.663,62,13.21,0.017,0.25,678161.6,10439.31,21811.69,15
14,64,116,20,5,116,83,33,187.965,3.625,0.442,8.209,109,566,199,1,1,1,1,0,0,84.037,0.988,3.67,27,17.468,0.017,0,698519.3,15056.83,22911.61,15
14,65,122,21,5,122,83,39,187.132,3.771,0.444,8.503,118,566,199,1,0.372,1,0.372,0,1,72.801,1.14,3.308,69,12.265,0.017,1,1077957,20950.75,23061.84,15
14,66,76,13,5,76,41,38,83.653,2.252,0.49,4.595,37,566,199,0.372,0.688,0.372,0.688,0,0,40.933,1.002,2.248,33,2.512,0.017,0.75,534271.8,22868.44,24051.4,16
14,67,127,22,5,127,92,36,186.232,3.884,0.494,7.862,114,566,199,0.688,1,0.688,1,0,0,83.47,1.102,3.524,90,10.11,0.017,0.5,809355.4,11630.41,23436.77,15
14,68,116,20,5,116,60,58,186.315,3.625,0.322,11.257,112,566,199,1,1,1,1,0,0,81.986,0.732,4.953,83,9.999,0.017,0.25,740740.6,11095.56,23436.77,15
15,1,5,2,8.8,5,1,4,36.066,0.268,0.028,9.678,4,6,1,1,1,1,1,0,0,19.883,0.05,5.335,3,4.95,0.017,0,44.69,13.361,112.869,6
15,2,5,2,8.6,5,2,3,32.833,0.274,0.061,4.502,4,6,4,1,1,1,1,0,0,28.6,0.07,3.921,4,2.367,0.017,0,79.181,20.975,180.303,8
15,3,5,2,8.4,5,3,2,35,0.28,0.086,3.271,3,6,5,1,1,1,1,0,0,30.066,0.1,2.81,3,0.5,0.017,0,138.988,42.826,172.221,8
15,4,6,2,8.2,6,5,1,40.483,0.337,0.124,2.732,5,27,2,1,1,1,1,0,0,31.983,0.156,2.158,5,1.014,0.017,0,128.692,40.191,184.075,8
15,5,7,3,8,7,5,2,44.933,0.395,0.111,3.547,6,27,3,1,1,1,1,0,0,29.816,0.168,2.354,5,0.771,0.017,0,201.46,43.395,202.701,8
15,6,8,3,7.8,8,5,3,36.516,0.452,0.137,3.304,5,35,5,1,1,1,1,0,0,33.666,0.149,3.046,5,0.633,0.017,0,245.48,50.438,212.98,8
15,7,8,3,7.6,8,7,1,36,0.463,0.194,2.38,6,46,7,1,1,1,1,0,0,30.833,0.227,2.039,6,0.887,0.017,0,254.192,61.715,545.275,9
15,8,10,4,7.4,10,9,1,34.866,0.569,0.258,2.203,8,46,8,1,1,1,1,0,0,31.4,0.287,1.984,8,0.715,0.017,0,433.745,74.476,620.619,9
15,9,10,4,7.2,10,7,3,37.333,0.582,0.188,3.104,6,59,2,1,1,1,1,0,0,29.066,0.241,2.417,5,0.318,0.017,0,441.593,90.037,678.327,9
15,10,13,5,7,13,9,4,23.65,0.729,0.381,1.916,8,59,3,1,1,1,1,0,0,22.35,0.403,1.81,7,0.279,0.017,0,622.304,78.273,769.772,9
15,11,11,4,6.8,11,8,3,33.683,0.657,0.238,2.768,7,79,4,1,1,1,1,0,0,32.633,0.245,2.682,7,0.365,0.017,0,550.635,70.59,696.114,9
15,12,12,4,6.6,12,8,4,34.983,0.719,0.229,3.145,8,79,6,1,1,1,1,0,0,23.566,0.339,2.119,8,0.189,0.017,0,709.606,127.365,825.072,10
15,13,18,6,6.4,18,13,5,37.216,0.979,0.349,2.803,11,79,7,1,1,1,1,0,0,36.483,0.356,2.748,9,0.858,0.017,0,1273.396,135.647,907.654,10
15,14,13,5,6.2,13,12,1,22.233,0.801,0.54,1.484,8,127,6,1,1,1,1,0,0,22.167,0.541,1.479,8,0.023,0.017,0,883.831,153.988,985.452,10
15,15,18,6,6,18,17,1,30.866,1.136,0.551,2.062,16,127,7,1,1,1,1,0,0,21.25,0.8,1.42,8,2.033,0.017,0,2315.362,409.354,1068.834,10
15,16,15,5,5.8,15,8,7,57.316,0.93,0.14,6.661,13,155,6,1,1,1,1,0,0,19.7,0.406,2.29,8,7.224,0.017,0,1186.805,179.567,1181.286,9
15,17,16,6,5.6,16,12,4,51.133,0.995,0.235,4.239,15,176,7,1,1,1,1,0,0,20.767,0.578,1.722,7,4.404,0.017,0,1039.911,151.875,1244.48,9
15,18,25,7,5.4,25,16,9,109.059,1.094,0.147,7.458,24,197,9,1,1,1,1,0,0,35.6,0.449,2.434,10,11.97,0.017,0,2185.439,218.258,1352.805,10
15,19,26,7,5.2,26,18,8,51.233,1.1,0.351,3.131,20,197,10,1,1,1,1,0,0,39.016,0.461,2.385,8,7.975,0.017,0,2549.026,180.432,1529.996,9
15,20,21,7,5,21,12,9,57.833,1.263,0.207,6.085,21,212,5,1,1,1,1,0,0,44.816,0.268,4.715,12,15.858,0.017,0,4602.278,646.873,1651.877,9
15,21,23,7,5,23,14,9,70.817,1.062,0.198,5.374,22,231,8,1,1,1,1,0,0,26.783,0.523,2.032,10,1.102,0.017,0,4453.253,495.361,1838.252,10
15,22,25,7,5,25,19,6,190.531,1.155,0.1,11.58,24,231,10,1,1,1,1,0,0,29.05,0.654,1.766,11,8.173,0.017,0,5484.515,731.537,2310.285,10
15,23,27,7,5,27,6,21,181.383,1.247,0.033,37.701,27,231,11,1,1,1,1,0,0,24.316,0.247,5.054,18,9.467,0.017,0,5194.737,383.678,2371.815,11
15,24,51,9,5,51,13,38,191.297,1.511,0.068,22.237,44,255,11,1,1,1,1,0,0,39.3,0.331,4.568,31,10.929,0.017,0,14522.76,927.909,2300.072,11
15,25,49,9,5,49,0,49,190.581,1.583,0,-1,49,342,13,1,0.693,1,0.693,0,0,40.066,0,-1,35,9.476,0.017,0,42286.49,2893.434,2938.338,13
15,26,49,9,5,49,9,40,193.33,1.583,0.047,34.009,48,401,14,0.693,0.866,0.693,0.866,0,0,49.016,0.184,8.623,20,23.877,0.017,0,35927.16,4091.59,3169.451,13
15,27,54,9,5,54,29,25,188.565,1.651,0.154,10.738,46,417,37,0.866,1,0.866,1,0,0,64.316,0.451,3.662,13,10.555,0.017,0,50104.16,3252.195,3874.756,12
15,28,58,10,5,58,35,23,190.148,1.833,0.184,9.956,55,417,61,1,1,1,1,0,0,49.249,0.711,2.579,28,16.795,0.017,0,55052.04,10156.83,4812.729,11
15,29,58,10,5,58,53,5,79.669,1.813,0.665,2.725,51,479,63,1,1,1,1,0,0,45.233,1.172,1.547,34,1.569,0.017,0,55995.85,2386.965,5706.479,13
15,30,59,10,5,59,42,17,185.516,1.864,0.226,8.234,56,499,86,1,1,1,1,0,0,43.716,0.961,1.94,22,14.335,0.017,0,114416,7770.812,5770.168,12
15,31,62,11,5,62,39,23,187.532,1.917,0.208,9.216,61,499,110,1,1,1,1,0,0,49.333,0.791,2.424,32,10.638,0.017,0,65359.39,2329.157,6132.309,14
15,32,63,11,5,63,32,31,185.582,1.947,0.172,11.294,60,499,134,1,1,1,1,0,0,47.433,0.675,2.887,31,17.377,0.017,0,73980.88,7964.63,6149.875,13
15,33,64,11,5,64,40,24,191.931,1.978,0.208,9.493,62,499,158,1,1,1,1,0,0,46.733,0.856,2.311,43,8.41,0.017,0,81722.41,2680.036,7087.253,14
15,34,68,12,5,68,40,28,186.599,2.058,0.214,9.598,66,499,179,1,1,1,1,0,0,45.316,0.883,2.331,41,17.869,0.017,0,100718,5091.838,10113.94,13
15,35,68,12,5,68,45,23,184.382,2.058,0.244,8.43,67,499,179,1,1,1,1,0,0,52.533,0.857,2.402,27,13.767,0.017,0,222269.8,9974.035,9806.304,12
15,36,68,12,5,68,42,26,185.282,2.058,0.227,9.077,67,499,179,1,1,1,1,0,0,48.733,0.862,2.387,33,15.118,0.017,0,106750.3,4083.016,10856.42,12
15,37,109,19,5,109,61,48,193.98,3.101,0.314,9.861,107,499,179,1,1,1,1,0,0,91.572,0.666,4.655,34,20.6,0.017,0,204269.2,5901.744,11864.75,13
15,38,68,12,5,68,43,25,189.914,2.058,0.226,9.087,67,499,179,1,1,1,1,0,0,50.149,0.857,2.4,41,8.987,0.017,0,139149.9,9205.023,15182.78,14
15,39,68,12,5,68,36,32,184.199,2.058,0.195,10.528,56,499,179,1,1,1,1,0,0,55.433,0.649,3.168,26,9.646,0.017,0,150374,5552.564,17687.42,14
15,40,109,19,5,109,63,46,188.765,3.298,0.334,9.882,103,499,179,1,1,1,1,0,0,75.352,0.836,3.945,50,13.983,0.017,0,395649.9,11401.54,18708.3,15
15,41,68,12,5,68,44,24,188.265,2.058,0.234,8.804,64,499,179,1,1,1,1,0,0,60.516,0.727,2.83,35,9.576,0.017,0,164077.2,10475.19,22871.66,13
15,42,68,12,5,68,26,42,188.715,2.058,0.138,14.934,60,499,179,1,1,1,1,0,0,55.333,0.47,4.379,30,15.154,0.017,0,195058.7,9726.107,22504.39,14
15,43,68,12,5,68,35,33,192.314,2.102,0.182,11.55,68,499,179,1,1,1,1,0,0,36.883,0.949,2.215,39,11.563,0.017,0,188825,6820.868,22554.13,14
15,44,73,13,5,73,38,35,191.647,2.281,0.198,11.505,73,499,179,1,1,1,1,0,0,46.983,0.809,2.821,40,13.684,0.017,0,209781,14416.16,23471.47,14
15,45,42,7,5,42,26,16,58.033,1.421,0.448,3.172,42,499,179,1,1,1,1,0,0,37.233,0.698,2.035,38,7.608,0.017,0,239118,13187.01,25085.22,13
15,46,73,13,5,73,49,24,187.398,2.163,0.261,8.272,73,499,179,1,1,1,1,0,0,53.316,0.919,2.354,47,12.005,0.017,0,246125.6,6820.868,30213.86,14
15,47,85,15,5,85,57,28,190.564,2.519,0.299,8.42,72,499,179,1,1,1,1,0,0,47.966,1.188,2.119,45,5.239,0.017,0,357812.1,25401.01,25774.75,14
15,48,74,13,5,74,55,19,190.814,2.239,0.288,7.768,64,499,179,1,1,1,1,0,0,46.283,1.188,1.884,15,11.372,0.017,0,270564.3,11091.13,22226.4,13
15,49,78,13,5,78,65,13,189.665,2.385,0.343,6.96,69,499,179,1,1,1,1,0,0,38.3,1.697,1.406,28,11.285,0.017,0,356196.1,25934.22,23690.76,14
15,50,83,14,5,83,62,21,183.616,2.652,0.338,7.853,83,499,179,1,1,1,1,0,0,53.783,1.153,2.3,71,9.16,0.017,0,483923.2,17753.61,18369.09,15
15,51,86,15,5,86,59,27,185.682,2.548,0.318,8.019,75,586,186,1,1,1,1,0,0,50.249,1.174,2.17,28,11.404,0.017,0,362403.2,8641.524,18353.73,13
15,52,94,16,5,94,55,39,189.098,3.037,0.291,10.442,80,586,210,1,1,1,1,0,0,45.499,1.209,2.513,43,15.361,0.017,0,434192.5,14826.07,16896,14
15,53,157,27,5,157,113,44,189.615,4.557,0.596,7.647,151,586,213,1,0.942,1,0.942,0,0,81.086,1.394,3.27,107,14.83,0.017,0,732574.9,9075.141,18731.92,15
15,54,106,18,5,106,94,12,186.149,3.349,0.505,6.632,100,586,213,0.942,1,0.942,1,0,0,49.716,1.891,1.771,51,18.643,0.017,0,521318.7,12846.68,17492.6,14
15,55,107,18,5,107,87,20,188.431,3.419,0.462,7.404,107,586,213,1,1,1,1,0,0,52.299,1.664,2.055,49,10.777,0.017,0,731653.4,20950.75,20739.87,14
15,56,107,18,5,107,57,50,189.131,3.419,0.301,11.343,105,586,213,1,1,1,1,0,0,60.533,0.942,3.63,42,12.395,0.017,0,518476.3,9519.311,20908.18,14
15,57,108,18,5,108,81,27,182.883,3.268,0.443,7.378,104,586,213,1,1,1,1,0,0,62.666,1.293,2.528,56,14.282,0.017,0,527366.2,9745.353,21092.17,14
15,58,60,10,5,60,38,22,187.582,1.896,0.203,9.358,57,586,213,1,1,1,1,0,0,45.849,0.829,2.287,32,10.361,0.017,0,361077.1,28306.56,21272.17,14
15,59,110,19,5,110,55,55,188.798,3.438,0.291,11.8,106,586,213,1,1,1,1,0,0,75.002,0.733,4.688,38,23.534,0.017,0,564327.2,17904.28,23293.41,14
15,60,110,19,5,110,77,33,187.432,3.476,0.411,8.46,110,586,213,1,1,1,1,0,0,59.599,1.292,2.69,87,12.177,0.017,0,937389.9,27496.01,21512.22,16
15,61,110,19,5,110,62,48,187.448,3.476,0.331,10.508,103,586,213,1,1,1,1,0,0,51.183,1.211,2.869,33,22.377,0.017,0,587065.1,10849.66,22465.83,14
15,62,110,19,5,110,70,40,188.965,3.438,0.37,9.28,98,586,213,1,0.922,1,0.922,0,0,78.502,0.892,3.855,19,17.015,0.017,0,662165.2,32163.57,20818.51,16
15,63,110,19,5,110,84,26,55.049,3.364,1.526,2.205,101,586,213,0.922,1,0.922,1,0,0,44.25,1.898,1.772,79,1.777,0.017,0,820743.1,18771.4,20769.31,14
15,64,116,20,5,116,71,45,188.515,3.586,0.377,9.521,104,586,213,1,1,1,1,0,0,65.7,1.081,3.318,25,18.17,0.017,0,703454.4,16892.89,26144.64,15
15,65,116,20,5,116,83,33,186.999,3.625,0.444,8.167,116,586,213,1,1,1,1,0,0,59.599,1.393,2.603,96,12.461,0.017,0,1111829,26942.05,20938.29,15
15,66,116,20,5,116,60,56,186.982,3.625,0.321,11.297,115,586,213,1,1,1,1,0,0,55.383,1.083,3.346,35,17.157,0.017,0,704888.5,14104.56,21229.56,14
15,67,186,31,5,186,114,72,189.848,5.188,0.6,8.64,186,586,213,1,1,1,1,0,0,93.739,1.216,4.266,85,25.127,0.017,0,1213556,37113.23,21278.75,16
16,1,5,2,8.8,5,4,1,30.866,0.268,0.13,2.071,3,8,1,1,1,1,1,0,0,24.333,0.164,1.632,2,4.767,0.017,0,48.72,13.596,112.869,6
16,2,5,2,8.6,5,4,1,30.966,0.274,0.129,2.123,3,8,4,1,1,1,1,0,0,28.116,0.142,1.928,3,0.743,0.017,0,58.916,13.563,159.198,7
16,3,5,2,8.4,5,3,2,44.916,0.28,0.067,4.198,3,8,5,1,1,1,1,0,0,41.133,0.073,3.844,3,1.62,0.017,0,95.344,35.716,161.211,8
16,4,6,2,8.2,6,2,4,46.733,0.337,0.043,7.884,5,8,6,1,0.945,1,0.945,0,0,39.6,0.051,6.68,4,1.583,0.017,0,117.152,28.755,170.594,8
16,5,16,6,8,16,14,2,40.566,0.766,0.345,2.22,11,24,4,0.945,1,0.945,1,0,0,37.966,0.369,2.078,8,1.546,0.017,0,480.1,53.512,185.28,8
16,6,8,3,7.8,8,2,6,53.249,0.452,0.038,12.045,6,135,5,1,1,1,1,0,0,23.616,0.085,5.342,6,0.396,0.017,0,267.195,52.141,189.107,8
16,7,9,3,7.6,9,5,4,54.483,0.51,0.092,5.562,7,74,7,1,1,1,1,0,0,26.283,0.19,2.683,5,0.378,0.017,0,347.55,68.778,233.424,9
16,8,10,4,7.4,10,4,6,53.466,0.569,0.075,7.602,7,110,6,1,1,1,1,0,0,36.416,0.11,5.178,6,2.513,0.017,0,470.296,104.348,249.594,9
16,9,12,4,7.2,12,7,5,50.383,0.712,0.139,5.126,9,124,7,1,1,1,1,0,0,44.366,0.158,4.514,6,5.611,0.017,0,610.107,89.387,261.388,8
16,10,13,5,7,13,9,4,66.4,0.758,0.136,5.592,9,124,8,1,0.598,1,0.598,0,0,47.899,0.188,4.034,5,9.039,0.017,0,946.957,200.774,257.149,8
16,11,14,5,6.8,14,11,3,39.05,0.787,0.282,2.795,8,138,9,0.598,1,0.598,1,0,0,20.85,0.528,1.492,6,0.186,0.017,0,871.43,111.237,418.187,10
16,12,19,7,6.6,19,12,7,50.283,0.993,0.239,4.161,9,138,11,1,1,1,1,0,0,31.533,0.381,2.609,9,1.168,0.017,0,1090.037,98.782,411.665,10
16,13,14,5,6.4,14,10,4,39.65,0.824,0.252,3.268,8,138,12,1,1,1,1,0,0,21.333,0.469,1.759,7,0.089,0.017,0,1095.832,172.249,547.452,10
16,14,8,3,6.2,8,7,1,21.517,0.552,0.325,1.698,5,138,14,1,1,1,1,0,0,21.517,0.325,1.698,5,0.017,0.017,0,761.438,199.656,589.223,10
16,15,25,7,6,25,20,5,58.183,1.014,0.344,2.95,14,138,15,1,1,1,1,0,0,34.933,0.573,1.771,12,2.211,0.017,0,3837.884,368.812,633.95,10
16,16,16,6,5.8,16,11,5,31.383,0.971,0.351,2.769,10,163,16,1,1,1,1,0,0,19.7,0.558,1.738,6,0.26,0.017,0,1700.14,202.791,678.711,10
16,17,18,6,5.6,18,14,4,41.25,1.072,0.339,3.16,10,201,20,1,1,1,1,0,0,17.467,0.802,1.338,8,0.576,0.017,0,2576.598,349.956,845.133,11
16,18,18,6,5.4,18,14,4,65.283,1.099,0.214,5.123,7,224,20,1,1,1,1,0,0,22.217,0.63,1.743,6,1.245,0.017,0,3030.375,383.904,873.434,11
16,19,22,7,5.2,22,16,6,47.816,0.99,0.335,2.957,11,224,22,1,1,1,1,0,0,22.433,0.713,1.387,8,0.905,0.017,0,3903.96,383.26,1255.668,11
16,20,23,7,5,23,23,0,39.316,1.046,0.585,1.788,8,224,24,1,1,1,1,0,0,29.633,0.776,1.348,7,0.693,0.017,0,8650.134,785.025,1205.837,11
16,21,24,7,5,24,20,4,56.133,1.075,0.356,3.016,10,246,27,1,1,1,1,0,0,28.583,0.7,1.536,7,1.809,0.017,0,6189.532,625.855,1495.391,11
16,22,42,7,5,42,29,13,104.975,1.107,0.276,4.008,20,246,30,1,1,1,1,0,0,47.949,0.605,1.831,11,2.761,0.017,0,9575.534,459.927,1624.952,11
16,23,29,7,5,29,6,23,87.087,1.089,0.069,15.804,27,266,11,1,1,1,1,0,0,40.333,0.149,7.32,19,9.052,0.017,0,9349.9,2534.975,1951.749,12
16,24,32,7,5,32,6,26,189.598,1.201,0.032,37.944,32,266,12,1,1,1,1,0,0,51.983,0.115,10.403,9,18.275,0.017,0,10198.97,1356.951,2141.606,12
16,25,20,7,5,20,0,20,67.683,1.367,0,-1,20,266,14,1,0.662,1,0.662,0,0,31.833,0,-1,11,11.448,0.017,0,29211.55,6427.977,1990.341,10
16,26,42,7,5,42,3,39,192.231,1.327,0.016,85.032,41,322,9,0.662,0.79,0.662,0.79,0,0,57.016,0.053,25.221,19,25.71,0.017,0,31827.59,3611.297,2203.255,12
16,27,49,9,5,49,1,48,191.064,1.566,0.005,299.113,49,363,11,0.79,0.898,0.79,0.898,0,0,80.469,0.012,125.976,21,14.758,0.017,0,60664.55,17044.7,2523.961,13
16,28,53,9,5,53,8,45,191.714,1.712,0.042,41.038,53,406,15,0.898,0.724,0.898,0.724,0,0,82.553,0.097,17.671,26,20.46,0.017,0,64429.36,10347.5,2964.389,13
16,29,54,9,5,54,11,43,194.997,1.745,0.056,30.929,54,406,19,0.724,0.721,0.724,0.721,0,0,58.016,0.19,9.202,30,20.715,0.017,0,119394.6,34027.26,3934.023,13
16,30,59,10,5,59,16,43,185.216,1.864,0.086,21.579,59,406,26,0.721,0.668,0.721,0.668,0,0,59.633,0.268,6.948,33,12.337,0.017,0,174972.8,9862.157,4590.085,13
16,31,56,10,5,56,20,36,189.565,1.769,0.106,16.77,56,406,32,0.668,0.793,0.668,0.793,0,0,61.683,0.324,5.457,30,12.669,0.017,0,151235.5,34966.35,5434.805,13
16,32,56,10,5,56,12,44,192.614,1.769,0.062,28.4,55,428,33,0.793,0.979,0.793,0.979,0,0,56.049,0.214,8.264,42,12.618,0.017,0,110998.9,23319.28,5677.553,13
16,33,57,10,5,57,14,43,191.747,1.801,0.073,24.666,57,470,42,0.979,1,0.979,1,0,0,53.899,0.26,6.934,44,11.37,0.017,0,213745.6,38312.51,8142.346,15
16,34,68,12,5,68,18,50,193.997,2.058,0.093,22.175,68,485,46,1,0.734,1,0.734,0,0,63.616,0.283,7.272,29,16.654,0.017,0,290211.8,63742.55,14118.08,14
16,35,59,10,5,59,8,51,194.713,1.864,0.041,45.372,59,485,57,0.734,0.154,0.734,0.154,0,1,81.786,0.098,19.058,37,31.672,0.017,1,325783.7,39100.15,17504.83,15
16,36,59,10,5,59,9,50,185.016,1.864,0.049,38.322,59,485,67,0.154,0.315,0.154,0.315,0,0,37.783,0.238,7.826,23,12.278,0.017,0.75,327563.7,83770.53,17578.09,13
16,37,59,10,5,59,18,41,194.063,1.864,0.093,20.098,58,485,78,0.315,0.537,0.315,0.537,0,0,60.783,0.296,6.295,39,10.292,0.017,0.5,290041.5,70251.8,18156.49,14
16,38,59,10,5,59,21,38,193.097,1.864,0.109,17.141,59,485,94,0.537,0.714,0.537,0.714,0,0,75.768,0.277,6.726,29,21.479,0.017,0.25,375849.4,86082.45,19895.23,14
16,39,59,10,5,59,28,31,189.998,1.864,0.147,12.649,58,485,102,0.714,0.971,0.714,0.971,0,0,87.237,0.321,5.808,32,9.006,0.017,0,274677.6,83770.53,21211.71,14
16,40,59,10,5,59,15,44,185.482,1.864,0.081,23.051,59,485,114,0.971,0.202,0.971,0.202,0,1,64.999,0.231,8.078,38,11.182,0.017,1,604489.8,86082.45,34943.67,13
16,41,32,7,5,32,6,26,79.503,1.303,0.075,17.272,32,485,128,0.202,0.377,0.202,0.377,0,0,30.633,0.196,6.655,20,11.283,0.017,0.75,283065.5,86082.45,26626.44,13
16,42,59,10,5,59,28,31,192.53,1.864,0.145,12.818,59,485,143,0.377,0.667,0.377,0.667,0,0,93.372,0.3,6.216,28,11.39,0.017,0.5,426761.2,86082.45,26705.53,14
16,43,59,10,5,59,22,37,190.164,1.864,0.116,16.113,59,485,165,0.667,0.766,0.667,0.766,0,0,91.888,0.239,7.786,22,17.456,0.017,0.25,440057.2,86082.45,28159.71,14
16,44,59,10,5,59,30,29,191.247,1.864,0.157,11.884,59,485,167,0.766,0.841,0.766,0.841,0,0,85.921,0.349,5.339,36,13.036,0.017,0,420546.8,86082.45,26021.16,15
16,45,59,10,5,59,38,21,189.781,1.864,0.2,9.31,50,485,167,0.841,0.358,0.841,0.358,0,1,83.387,0.456,4.091,26,17.834,0.017,1,411308.9,17143.12,30769.61,15
16,46,94,16,5,94,36,58,192.464,2.814,0.187,15.046,94,485,167,0.358,0.611,0.358,0.611,0,0,94.556,0.381,7.392,38,20.973,0.017,0.75,569098.4,92704.19,30769.61,15
16,47,59,10,5,59,32,27,190.831,1.864,0.168,11.117,57,485,167,0.611,0.834,0.611,0.834,0,0,94.006,0.34,5.476,34,10.843,0.017,0.5,429021.7,87758.52,26487.51,14
16,48,60,10,5,60,35,25,186.999,1.896,0.187,10.129,58,485,167,0.834,1,0.834,1,0,0,79.186,0.442,4.289,29,10.76,0.017,0.25,346923.7,11072.51,27423.2,15
16,49,63,11,5,63,45,18,191.631,1.947,0.235,8.293,61,485,167,1,0.942,1,0.942,0,0,66.85,0.673,2.893,30,15.273,0.017,0,457002.5,90214.43,26699.41,14
16,50,79,14,5,79,51,28,187.998,2.524,0.271,9.304,79,485,167,0.942,0.358,0.942,0.358,0,1,58.566,0.871,2.898,47,13.429,0.017,1,798157.4,21540.22,23108.62,15
16,51,70,12,5,70,43,27,189.814,2.262,0.227,9.984,70,505,170,0.358,0.704,0.358,0.704,0,0,66.816,0.644,3.514,41,19.967,0.017,0.75,457407.3,17985.34,23652.21,15
16,52,74,13,5,74,51,23,188.115,2.239,0.271,8.259,67,571,182,0.704,0.954,0.704,0.954,0,0,86.237,0.591,3.786,39,17.054,0.017,0.5,518690.9,21754.24,21927.11,16
16,53,79,14,5,79,47,32,189.565,2.293,0.248,9.249,73,571,198,0.954,1,0.954,1,0,0,96.006,0.49,4.684,20,15.448,0.017,0.25,593123.3,27722.62,20743.64,17
16,54,128,22,5,128,80,48,191.098,3.914,0.419,9.35,124,571,198,1,0.914,1,0.914,0,0,106.092,0.754,5.191,82,15.729,0.017,0,959327.3,20358.49,23453.72,16
16,55,84,14,5,84,50,34,188.781,2.714,0.265,10.247,84,571,198,0.914,0.338,0.914,0.338,0,1,77.385,0.646,4.201,45,17.952,0.017,1,955351.6,26552.51,23780.97,17
16,56,81,14,5,81,45,36,189.831,2.559,0.237,10.796,81,571,198,0.338,0.66,0.338,0.66,0,0,85.704,0.525,4.874,55,15.944,0.017,0.75,612725.8,18392.13,24244.84,16
16,57,82,14,5,82,46,36,190.698,2.508,0.241,10.396,80,571,198,0.66,0.733,0.66,0.733,0,0,85.337,0.539,4.652,44,9.347,0.017,0.5,701244.8,44731.7,24858.08,16
16,58,133,23,5,133,75,58,190.681,4.024,0.393,10.231,133,571,198,0.733,0.673,0.733,0.673,0,0,88.804,0.845,4.765,59,23.2,0.017,0.25,1082703,27472.09,25313.22,16
16,59,83,14,5,83,41,42,188.498,2.776,0.218,12.762,83,571,198,0.673,0.971,0.673,0.971,0,0,87.054,0.471,5.894,42,13.681,0.017,0,692572.6,19742.19,27277.72,17
16,60,83,14,5,83,55,28,186.782,2.744,0.294,9.318,83,571,198,0.971,0.365,0.971,0.365,0,1,66.933,0.822,3.339,54,12.854,0.017,1,1162515,27557.89,26026.31,16
16,61,83,14,5,83,68,15,118.244,2.776,0.575,4.827,83,571,198,0.365,0.793,0.365,0.793,0,0,37.25,1.826,1.521,69,8.475,0.017,0.75,685690,21132.38,26147.57,14
16,62,83,14,5,83,42,41,190.214,2.566,0.221,11.62,83,571,198,0.793,1,0.793,1,0,0,79.136,0.531,4.834,42,12.617,0.017,0.5,749069.6,25339.34,27434.95,16
16,63,83,14,5,83,34,49,188.431,2.434,0.18,13.49,82,571,198,1,0.804,1,0.804,0,0,89.971,0.378,6.441,50,7.631,0.017,0.25,808923.4,33538.28,27400.79,15
16,64,90,15,5,90,47,43,187.748,2.908,0.25,11.616,90,571,198,0.804,0.69,0.804,0.69,0,0,87.071,0.54,5.387,58,16.553,0.017,0,887216.3,22585.25,32899.37,16
