run,turn,resource,kind,key,amount
1,1,DP,sink,DungeonFeatureManager.TryPlaceTrap,-150
1,1,DP,source,AdventurerAI.ReapEmotion,200
1,1,Fame,source,AdventurerAI.GrantReturnReward,30
1,1,Fame,source,LureEconomy.OnHeroEscaped,75
1,1,DP,source,AdventurerAI.TakeDamage,56
1,1,Material,source,AdventurerAI.TakeDamage,2
1,1,DP,sink,CommandSystem.TryUse,-300
1,1,DP,source,AdventurerAI.GrantReturnReward,351
1,1,DP,stock,end,357
1,1,Material,stock,end,2
1,1,Fame,stock,end,105
1,2,DP,source,SurfaceMap.CollectYields,18
1,2,Material,source,SurfaceMap.CollectYields,1
1,2,Fame,source,SurfaceMap.CollectYields,4
1,2,DP,source,EraSystem.TickTurn,600
1,2,Fame,source,EraSystem.TickTurn,25
1,2,DP,sink,DungeonFeatureManager.TryPlaceTrap,-900
1,2,DP,source,AdventurerAI.TakeDamage,284
1,2,Material,source,AdventurerAI.TakeDamage,10
1,2,DP,source,AdventurerAI.ReapEmotion,100
1,2,DP,sink,CommandSystem.TryUse,-650
1,2,DP,source,AdventurerAI.GrantReturnReward,352
1,2,Fame,source,AdventurerAI.GrantReturnReward,10
1,2,Fame,source,LureEconomy.OnHeroEscaped,25
1,2,DP,stock,end,161
1,2,Material,stock,end,13
1,2,Fame,stock,end,169
1,3,DP,source,SurfaceMap.CollectYields,18
1,3,Material,source,SurfaceMap.CollectYields,1
1,3,Fame,source,SurfaceMap.CollectYields,4
1,3,DP,source,EraSystem.TickTurn,600
1,3,Fame,source,EraSystem.TickTurn,25
1,3,DP,sink,DungeonFeatureManager.TryPlaceFeature,-250
1,3,DP,sink,DungeonFeatureManager.TryPlaceHabitat,-120
1,3,DP,sink,MinionRoster.TrySummon,-391
1,3,DP,source,AdventurerAI.ReapEmotion,322
1,3,DP,source,AdventurerAI.TakeDamage,483
1,3,Material,source,AdventurerAI.TakeDamage,24
1,3,DP,sink,CommandSystem.TryUse,-1150
1,3,DP,source,Nemesis.OnSlain,454
1,3,Material,source,Nemesis.OnSlain,5
1,3,DP,stock,end,127
1,3,Material,stock,end,43
1,3,Fame,stock,end,198
1,4,DP,source,SurfaceMap.CollectYields,18
1,4,Material,source,SurfaceMap.CollectYields,1
1,4,Fame,source,SurfaceMap.CollectYields,4
1,4,DP,source,EraSystem.TickTurn,600
1,4,DP,sink,DungeonFeatureManager.TryPlaceFeature,-250
1,4,DP,sink,DungeonFeatureManager.TryPlaceHabitat,-360
1,4,DP,sink,MinionRoster.TrySummon,-126
1,4,DP,source,AdventurerAI.ReapEmotion,236
1,4,DP,source,AdventurerAI.TakeDamage,550
1,4,Material,source,AdventurerAI.TakeDamage,24
1,4,DP,sink,CommandSystem.TryUse,-600
1,4,DP,stock,end,195
1,4,Material,stock,end,68
1,4,Fame,stock,end,202
1,5,DP,source,SurfaceMap.CollectYields,18
1,5,Material,source,SurfaceMap.CollectYields,1
1,5,Fame,source,SurfaceMap.CollectYields,4
1,5,DP,source,EraSystem.TickTurn,600
1,5,DP,sink,MinionRoster.TrySummon,-808
1,5,DP,source,AdventurerAI.TakeDamage,637
1,5,Material,source,AdventurerAI.TakeDamage,22
1,5,DP,source,AdventurerAI.ReapEmotion,106
1,5,DP,sink,CommandSystem.TryUse,-600
1,5,DP,stock,end,148
1,5,Material,stock,end,91
1,5,Fame,stock,end,206
1,6,DP,source,SurfaceMap.CollectYields,39
1,6,Material,source,SurfaceMap.CollectYields,2
1,6,Fame,source,SurfaceMap.CollectYields,9
1,6,DP,source,EraSystem.TickTurn,1020
1,6,DP,sink,MinionRoster.TrySummon,-1190
1,6,DP,source,AdventurerAI.ReapEmotion,129
1,6,DP,source,AdventurerAI.TakeDamage,740
1,6,Material,source,AdventurerAI.TakeDamage,26
1,6,DP,sink,CommandSystem.TryUse,-600
1,6,DP,stock,end,286
1,6,Material,stock,end,119
1,6,Fame,stock,end,215
1,7,DP,source,SurfaceMap.CollectYields,39
1,7,Material,source,SurfaceMap.CollectYields,2
1,7,Fame,source,SurfaceMap.CollectYields,9
1,7,DP,source,EraSystem.TickTurn,600
1,7,Material,source,EraSystem.TickTurn,10
1,7,DP,sink,MinionRoster.TrySummon,-920
1,7,DP,source,AdventurerAI.ReapEmotion,275
1,7,DP,source,AdventurerAI.TakeDamage,862
1,7,Material,source,AdventurerAI.TakeDamage,37
1,7,DP,sink,CommandSystem.TryUse,-950
1,7,DP,stock,end,192
1,7,Material,stock,end,168
1,7,Fame,stock,end,224
1,8,DP,source,SurfaceMap.CollectYields,38
1,8,Material,source,SurfaceMap.CollectYields,2
1,8,Fame,source,SurfaceMap.CollectYields,8
1,8,DP,source,EraSystem.TickTurn,300
1,8,DP,sink,MinionRoster.TrySummon,-516
1,8,DP,source,AdventurerAI.GrantReturnReward,63
1,8,Fame,source,AdventurerAI.GrantReturnReward,10
1,8,Fame,source,LureEconomy.OnHeroEscaped,25
1,8,DP,source,AdventurerAI.ReapEmotion,200
1,8,DP,source,AdventurerAI.TakeDamage,883
1,8,Material,source,AdventurerAI.TakeDamage,38
1,8,DP,sink,CommandSystem.TryUse,-950
1,8,DP,stock,end,210
1,8,Material,stock,end,208
1,8,Fame,stock,end,267
1,9,DP,source,SurfaceMap.CollectYields,68
1,9,Material,source,SurfaceMap.CollectYields,3
1,9,Fame,source,SurfaceMap.CollectYields,16
1,9,DP,source,EraSystem.TickTurn,1020
1,9,Fame,source,EraSystem.TickTurn,25
1,9,DP,sink,MinionRoster.TrySummon,-1278
1,9,DP,source,AdventurerAI.ReapEmotion,169
1,9,Fame,source,AdventurerAI.GrantReturnReward,10
1,9,Fame,source,LureEconomy.OnHeroEscaped,25
1,9,DP,source,AdventurerAI.TakeDamage,1069
1,9,Material,source,AdventurerAI.TakeDamage,39
1,9,DP,sink,CommandSystem.TryUse,-950
1,9,DP,stock,end,308
1,9,Material,stock,end,250
1,9,Fame,stock,end,343
1,10,DP,source,SurfaceMap.CollectYields,78
1,10,Material,source,SurfaceMap.CollectYields,3
1,10,Fame,source,SurfaceMap.CollectYields,16
1,10,DP,sink,MinionRoster.TrySummon,-384
1,10,DP,source,AdventurerAI.ReapEmotion,443
1,10,DP,source,AdventurerAI.TakeDamage,1734
1,10,Material,source,AdventurerAI.TakeDamage,63
1,10,DP,sink,CommandSystem.TryUse,-2250
1,10,Fame,source,AdventurerAI.GrantReturnReward,40
1,10,Fame,source,LureEconomy.OnHeroEscaped,100
1,10,DP,source,AdventurerAI.GrantReturnReward,567
1,10,DP,source,Nemesis.OnSlain,567
1,10,Material,source,Nemesis.OnSlain,5
1,10,DP,stock,end,1063
1,10,Material,stock,end,321
1,10,Fame,stock,end,499
1,11,DP,source,SurfaceMap.CollectYields,78
1,11,Material,source,SurfaceMap.CollectYields,3
1,11,Fame,source,SurfaceMap.CollectYields,16
1,11,DP,sink,MinionRoster.TrySummon,-1134
1,11,DP,source,AdventurerAI.ReapEmotion,160
1,11,DP,source,AdventurerAI.TakeDamage,1566
1,11,Material,source,AdventurerAI.TakeDamage,48
1,11,DP,sink,CommandSystem.TryUse,-1900
1,11,DP,source,Nemesis.OnSlain,599
1,11,Material,source,Nemesis.OnSlain,5
1,11,DP,stock,end,432
1,11,Material,stock,end,377
1,11,Fame,stock,end,515
1,12,DP,source,SurfaceMap.CollectYields,78
1,12,Material,source,SurfaceMap.CollectYields,3
1,12,Fame,source,SurfaceMap.CollectYields,16
1,12,DP,source,DistrictCatalog.Collect,140
1,12,DP,sink,MinionRoster.TrySummon,-626
1,12,DP,source,AdventurerAI.ReapEmotion,349
1,12,DP,source,AdventurerAI.TakeDamage,1559
1,12,Material,source,AdventurerAI.TakeDamage,54
1,12,DP,sink,CommandSystem.TryUse,-2750
1,12,DP,source,AdventurerAI.GrantReturnReward,599
1,12,Fame,source,AdventurerAI.GrantReturnReward,10
1,12,Fame,source,LureEconomy.OnHeroEscaped,25
1,12,DP,source,Nemesis.OnSlain,1232
1,12,Material,source,Nemesis.OnSlain,10
1,12,DP,stock,end,1013
1,12,Material,stock,end,444
1,12,Fame,stock,end,566
1,13,DP,source,SurfaceMap.CollectYields,59
1,13,Material,source,SurfaceMap.CollectYields,3
1,13,Fame,source,SurfaceMap.CollectYields,13
1,13,DP,source,DistrictCatalog.Collect,140
1,13,DP,sink,MinionRoster.TrySummon,-1194
1,13,DP,source,AdventurerAI.ReapEmotion,484
1,13,DP,sink,CommandSystem.TryUse,-2250
1,13,DP,source,AdventurerAI.TakeDamage,1410
1,13,Material,source,AdventurerAI.TakeDamage,49
1,13,DP,source,AdventurerAI.GrantReturnReward,1079
1,13,Fame,source,AdventurerAI.GrantReturnReward,30
1,13,Fame,source,LureEconomy.OnHeroEscaped,75
1,13,DP,stock,end,741
1,13,Material,stock,end,496
1,13,Fame,stock,end,684
1,14,DP,source,SurfaceMap.CollectYields,80
1,14,Material,source,SurfaceMap.CollectYields,4
1,14,Fame,source,SurfaceMap.CollectYields,18
1,14,DP,source,DistrictCatalog.Collect,140
1,14,DP,sink,MinionRoster.TrySummon,-938
1,14,DP,source,IncidentSystem.Apply,600
1,14,DP,sink,CommandSystem.TryUse,-3400
1,14,DP,source,AdventurerAI.ReapEmotion,290
1,14,DP,source,AdventurerAI.TakeDamage,3797
1,14,Material,source,AdventurerAI.TakeDamage,116
1,14,Fame,source,AdventurerAI.GrantReturnReward,20
1,14,Fame,source,LureEconomy.OnHeroEscaped,50
1,14,DP,source,AdventurerAI.GrantReturnReward,68
1,14,DP,source,Nemesis.OnSlain,664
1,14,Material,source,Nemesis.OnSlain,5
1,14,DP,stock,end,2042
1,14,Material,stock,end,621
1,14,Fame,stock,end,772
1,15,DP,source,SurfaceMap.CollectYields,80
1,15,Material,source,SurfaceMap.CollectYields,4
1,15,Fame,source,SurfaceMap.CollectYields,18
1,15,DP,source,DistrictCatalog.Collect,140
1,15,DP,source,EraSystem.TickTurn,300
1,15,DP,sink,MinionRoster.TrySummon,-2550
1,15,DP,source,AdventurerAI.ReapEmotion,155
1,15,DP,source,AdventurerAI.GrantReturnReward,729
1,15,Fame,source,AdventurerAI.GrantReturnReward,70
1,15,Fame,source,LureEconomy.OnHeroEscaped,175
1,15,DP,sink,CommandSystem.TryUse,-2750
1,15,DP,source,AdventurerAI.TakeDamage,2049
1,15,Material,source,AdventurerAI.TakeDamage,51
1,15,DP,source,Nemesis.OnSlain,1360
1,15,Material,source,Nemesis.OnSlain,10
1,15,DP,stock,end,1555
1,15,Material,stock,end,686
1,15,Fame,stock,end,1035
1,16,DP,source,SurfaceMap.CollectYields,80
1,16,Material,source,SurfaceMap.CollectYields,4
1,16,Fame,source,SurfaceMap.CollectYields,18
1,16,DP,source,DistrictCatalog.Collect,154
1,16,DP,source,EraSystem.TickTurn,300
1,16,DP,sink,MinionRoster.TrySummon,-2082
1,16,DP,source,AdventurerAI.ReapEmotion,157
1,16,DP,source,AdventurerAI.TakeDamage,1806
1,16,Material,source,AdventurerAI.TakeDamage,43
1,16,DP,sink,CommandSystem.TryUse,-2250
1,16,DP,source,AdventurerAI.GrantReturnReward,953
1,16,Fame,source,AdventurerAI.GrantReturnReward,140
1,16,Fame,source,LureEconomy.OnHeroEscaped,350
1,16,DP,source,Nemesis.OnSlain,713
1,16,Material,source,Nemesis.OnSlain,5
1,16,DP,stock,end,1386
1,16,Material,stock,end,738
1,16,Fame,stock,end,1543
1,17,DP,source,SurfaceMap.CollectYields,103
1,17,Material,source,SurfaceMap.CollectYields,5
1,17,Fame,source,SurfaceMap.CollectYields,23
1,17,DP,source,DistrictCatalog.Collect,154
1,17,DP,source,EraSystem.TickTurn,720
1,17,DP,sink,MinionRoster.TrySummon,-2343
1,17,DP,source,AdventurerAI.ReapEmotion,376
1,17,DP,source,AdventurerAI.GrantReturnReward,3999
1,17,Fame,source,AdventurerAI.GrantReturnReward,130
1,17,Fame,source,LureEconomy.OnHeroEscaped,325
1,17,DP,sink,CommandSystem.TryUse,-3400
1,17,DP,source,AdventurerAI.TakeDamage,6024
1,17,Material,source,AdventurerAI.TakeDamage,101
1,17,DP,source,Nemesis.OnSlain,2542
1,17,Material,source,Nemesis.OnSlain,17
1,17,DP,stock,end,9561
1,17,Material,stock,end,861
1,17,Fame,stock,end,2021
1,18,DP,source,SurfaceMap.CollectYields,123
1,18,Material,source,SurfaceMap.CollectYields,6
1,18,Fame,source,SurfaceMap.CollectYields,27
1,18,DP,source,DistrictCatalog.Collect,168
1,18,DP,sink,MinionRoster.TrySummon,-7440
1,18,DP,sink,CommandSystem.TryUse,-3200
1,18,Fame,source,AdventurerAI.GrantReturnReward,140
1,18,Fame,source,LureEconomy.OnHeroEscaped,350
1,18,DP,source,AdventurerAI.ReapEmotion,201
1,18,DP,source,AdventurerAI.GrantReturnReward,4022
1,18,DP,source,AdventurerAI.TakeDamage,2067
1,18,Material,source,AdventurerAI.TakeDamage,35
1,18,DP,source,Nemesis.OnSlain,1556
1,18,Material,source,Nemesis.OnSlain,10
1,18,DP,stock,end,7058
1,18,Material,stock,end,912
1,18,Fame,stock,end,2538
1,19,DP,source,SurfaceMap.CollectYields,144
1,19,Material,source,SurfaceMap.CollectYields,7
1,19,Fame,source,SurfaceMap.CollectYields,32
1,19,DP,source,DistrictCatalog.Collect,168
1,19,DP,sink,MinionRoster.TrySummon,-6480
1,19,DP,sink,CommandSystem.TryUse,-3200
1,19,DP,source,AdventurerAI.ReapEmotion,166
1,19,DP,source,AdventurerAI.TakeDamage,1887
1,19,Material,source,AdventurerAI.TakeDamage,25
1,19,Fame,source,AdventurerAI.GrantReturnReward,160
1,19,Fame,source,LureEconomy.OnHeroEscaped,400
1,19,DP,source,AdventurerAI.GrantReturnReward,3269
1,19,DP,stock,end,3012
1,19,Material,stock,end,944
1,19,Fame,stock,end,3130
1,20,DP,source,SurfaceMap.CollectYields,144
1,20,Material,source,SurfaceMap.CollectYields,7
1,20,Fame,source,SurfaceMap.CollectYields,32
1,20,DP,source,DistrictCatalog.Collect,168
1,20,DP,sink,MinionRoster.TrySummon,-3305
1,20,DP,source,AdventurerAI.ReapEmotion,180
1,20,DP,source,AdventurerAI.TakeDamage,6164
1,20,Material,source,AdventurerAI.TakeDamage,94
1,20,DP,sink,CommandSystem.TryUse,-2600
1,20,Fame,source,AdventurerAI.GrantReturnReward,60
1,20,Fame,source,LureEconomy.OnHeroEscaped,150
1,20,DP,source,AdventurerAI.GrantReturnReward,374
1,20,DP,source,Nemesis.OnSlain,2806
1,20,Material,source,Nemesis.OnSlain,17
1,20,DP,stock,end,6943
1,20,Material,stock,end,1062
1,20,Fame,stock,end,3372
1,21,DP,source,SurfaceMap.CollectYields,144
1,21,Material,source,SurfaceMap.CollectYields,7
1,21,Fame,source,SurfaceMap.CollectYields,32
1,21,DP,source,DistrictCatalog.Collect,210
1,21,DP,sink,MinionRoster.TrySummon,-6422
1,21,DP,sink,CommandSystem.TryUse,-3200
1,21,DP,source,AdventurerAI.ReapEmotion,317
1,21,DP,source,AdventurerAI.TakeDamage,3827
1,21,Material,source,AdventurerAI.TakeDamage,43
1,21,DP,source,AdventurerAI.GrantReturnReward,1865
1,21,Fame,source,AdventurerAI.GrantReturnReward,140
1,21,Fame,source,LureEconomy.OnHeroEscaped,350
1,21,DP,source,Nemesis.OnSlain,3426
1,21,Material,source,Nemesis.OnSlain,21
1,21,DP,stock,end,7110
1,21,Material,stock,end,1133
1,21,Fame,stock,end,3894
1,22,DP,source,SurfaceMap.CollectYields,215
1,22,Material,source,SurfaceMap.CollectYields,8
1,22,Fame,source,SurfaceMap.CollectYields,45
1,22,DP,source,DistrictCatalog.Collect,210
1,22,DP,sink,MinionRoster.TrySummon,-6422
1,22,DP,sink,CommandSystem.TryUse,-3200
1,22,Fame,source,AdventurerAI.GrantReturnReward,60
1,22,Fame,source,LureEconomy.OnHeroEscaped,150
1,22,DP,source,AdventurerAI.ReapEmotion,439
1,22,DP,source,AdventurerAI.TakeDamage,3268
1,22,Material,source,AdventurerAI.TakeDamage,37
1,22,DP,source,AdventurerAI.GrantReturnReward,764
1,22,DP,source,Nemesis.OnSlain,1750
1,22,Material,source,Nemesis.OnSlain,10
1,22,DP,stock,end,4134
1,22,Material,stock,end,1188
1,22,Fame,stock,end,4149
1,23,DP,source,SurfaceMap.CollectYields,215
1,23,Material,source,SurfaceMap.CollectYields,8
1,23,Fame,source,SurfaceMap.CollectYields,45
1,23,DP,source,DistrictCatalog.Collect,210
1,23,DP,sink,MinionRoster.TrySummon,-4524
1,23,DP,source,AdventurerAI.ReapEmotion,243
1,23,DP,source,AdventurerAI.TakeDamage,5908
1,23,Material,source,AdventurerAI.TakeDamage,46
1,23,DP,sink,CommandSystem.TryUse,-2750
1,23,DP,source,AdventurerAI.GrantReturnReward,1476
1,23,Fame,source,AdventurerAI.GrantReturnReward,110
1,23,Fame,source,LureEconomy.OnHeroEscaped,275
1,23,DP,source,Nemesis.OnSlain,2673
1,23,Material,source,Nemesis.OnSlain,15
1,23,DP,stock,end,7585
1,23,Material,stock,end,1257
1,23,Fame,stock,end,4579
1,24,DP,source,SurfaceMap.CollectYields,215
1,24,Material,source,SurfaceMap.CollectYields,8
1,24,Fame,source,SurfaceMap.CollectYields,45
1,24,DP,source,DistrictCatalog.Collect,210
1,24,DP,sink,MinionRoster.TrySummon,-6916
1,24,DP,sink,IncidentSystem.Apply,-800
1,24,DP,source,AdventurerAI.ReapEmotion,163
1,24,DP,sink,CommandSystem.TryUse,-3200
1,24,DP,source,AdventurerAI.GrantReturnReward,2707
1,24,Fame,source,AdventurerAI.GrantReturnReward,190
1,24,Fame,source,LureEconomy.OnHeroEscaped,475
1,24,DP,source,AdventurerAI.TakeDamage,3329
1,24,Material,source,AdventurerAI.TakeDamage,21
1,24,DP,stock,end,3293
1,24,Material,stock,end,1286
1,24,Fame,stock,end,5289
1,25,DP,source,SurfaceMap.CollectYields,152
1,25,Material,source,SurfaceMap.CollectYields,6
1,25,Fame,source,SurfaceMap.CollectYields,35
1,25,DP,source,DistrictCatalog.Collect,28
1,25,DP,source,EraSystem.TickTurn,3840
1,25,DP,sink,MinionRoster.TrySummon,-6188
1,25,DP,sink,CommandSystem.TryUse,-3200
1,25,Fame,source,AdventurerAI.GrantReturnReward,160
1,25,Fame,source,LureEconomy.OnHeroEscaped,400
1,25,DP,source,AdventurerAI.ReapEmotion,176
1,25,DP,source,AdventurerAI.TakeDamage,6328
1,25,Material,source,AdventurerAI.TakeDamage,43
1,25,DP,source,AdventurerAI.GrantReturnReward,360
1,25,DP,source,Nemesis.OnSlain,2836
1,25,Material,source,Nemesis.OnSlain,15
1,25,DP,stock,end,7625
1,25,Material,stock,end,1350
1,25,Fame,stock,end,5884
1,26,DP,source,SurfaceMap.CollectYields,132
1,26,Material,source,SurfaceMap.CollectYields,6
1,26,Fame,source,SurfaceMap.CollectYields,29
1,26,DP,source,DistrictCatalog.Collect,28
1,26,DP,source,EraSystem.TickTurn,6528
1,26,DP,sink,MinionRoster.TrySummon,-9072
1,26,DP,sink,CommandSystem.TryUse,-3200
1,26,Fame,source,AdventurerAI.GrantReturnReward,240
1,26,Fame,source,LureEconomy.OnHeroEscaped,600
1,26,DP,source,AdventurerAI.GrantReturnReward,6016
1,26,DP,source,AdventurerAI.ReapEmotion,243
1,26,DP,source,AdventurerAI.TakeDamage,2550
1,26,Material,source,AdventurerAI.TakeDamage,12
1,26,DP,stock,end,10850
1,26,Material,stock,end,1368
1,26,Fame,stock,end,6753
1,27,DP,source,SurfaceMap.CollectYields,155
1,27,Material,source,SurfaceMap.CollectYields,7
1,27,Fame,source,SurfaceMap.CollectYields,34
1,27,DP,source,DistrictCatalog.Collect,28
1,27,DP,source,EraSystem.TickTurn,3840
1,27,DP,sink,MinionRoster.TrySummon,-9408
1,27,DP,sink,CommandSystem.TryUse,-3200
1,27,Fame,source,AdventurerAI.GrantReturnReward,210
1,27,Fame,source,LureEconomy.OnHeroEscaped,525
1,27,DP,source,AdventurerAI.ReapEmotion,689
1,27,DP,source,AdventurerAI.GrantReturnReward,2930
1,27,DP,source,AdventurerAI.TakeDamage,14403
1,27,Material,source,AdventurerAI.TakeDamage,87
1,27,DP,source,Nemesis.OnSlain,2916
1,27,Material,source,Nemesis.OnSlain,18
1,27,DP,stock,end,23203
1,27,Material,stock,end,1480
1,27,Fame,stock,end,7522
2,1,DP,sink,DungeonFeatureManager.TryPlaceTrap,-150
2,1,DP,source,AdventurerAI.TakeDamage,167
2,1,Material,source,AdventurerAI.TakeDamage,6
2,1,DP,source,AdventurerAI.ReapEmotion,146
2,1,DP,source,AdventurerAI.GrantReturnReward,146
2,1,Fame,source,AdventurerAI.GrantReturnReward,10
2,1,Fame,source,LureEconomy.OnHeroEscaped,25
2,1,DP,sink,CommandSystem.TryUse,-300
2,1,DP,stock,end,209
2,1,Material,stock,end,6
2,1,Fame,stock,end,35
2,2,DP,source,SurfaceMap.CollectYields,18
2,2,Material,source,SurfaceMap.CollectYields,1
2,2,Fame,source,SurfaceMap.CollectYields,4
2,2,DP,source,EraSystem.TickTurn,600
2,2,Fame,source,EraSystem.TickTurn,25
2,2,DP,sink,DungeonFeatureManager.TryPlaceTrap,-750
2,2,DP,source,AdventurerAI.ReapEmotion,112
2,2,Fame,source,AdventurerAI.GrantReturnReward,10
2,2,Fame,source,LureEconomy.OnHeroEscaped,25
2,2,DP,source,AdventurerAI.TakeDamage,262
2,2,Material,source,AdventurerAI.TakeDamage,16
2,2,DP,sink,CommandSystem.TryUse,-300
2,2,DP,stock,end,151
2,2,Material,stock,end,23
2,2,Fame,stock,end,99
2,3,DP,source,SurfaceMap.CollectYields,18
2,3,Material,source,SurfaceMap.CollectYields,1
2,3,Fame,source,SurfaceMap.CollectYields,4
2,3,DP,source,EraSystem.TickTurn,600
2,3,DP,sink,DungeonFeatureManager.TryPlaceTrap,-150
2,3,DP,sink,DungeonFeatureManager.TryPlaceFeature,-250
2,3,DP,sink,DungeonFeatureManager.TryPlaceHabitat,-120
2,3,DP,sink,MinionRoster.TrySummon,-234
2,3,DP,source,AdventurerAI.ReapEmotion,168
2,3,DP,source,AdventurerAI.TakeDamage,418
2,3,Material,source,AdventurerAI.TakeDamage,24
2,3,DP,sink,CommandSystem.TryUse,-300
2,3,DP,stock,end,301
2,3,Material,stock,end,48
2,3,Fame,stock,end,103
2,4,DP,source,SurfaceMap.CollectYields,18
2,4,Material,source,SurfaceMap.CollectYields,1
2,4,Fame,source,SurfaceMap.CollectYields,4
2,4,DP,source,EraSystem.TickTurn,600
2,4,Material,source,EraSystem.TickTurn,10
2,4,DP,sink,DungeonFeatureManager.TryPlaceFeature,-250
2,4,DP,sink,DungeonFeatureManager.TryPlaceHabitat,-340
2,4,DP,sink,MinionRoster.TrySummon,-313
2,4,DP,source,AdventurerAI.TakeDamage,530
2,4,Material,source,AdventurerAI.TakeDamage,28
2,4,DP,source,AdventurerAI.ReapEmotion,116
2,4,DP,sink,CommandSystem.TryUse,-300
2,4,DP,source,Nemesis.OnSlain,437
2,4,Material,source,Nemesis.OnSlain,5
2,4,DP,stock,end,799
2,4,Material,stock,end,92
2,4,Fame,stock,end,107
2,5,DP,source,SurfaceMap.CollectYields,18
2,5,Material,source,SurfaceMap.CollectYields,1
2,5,Fame,source,SurfaceMap.CollectYields,4
2,5,DP,source,EraSystem.TickTurn,600
2,5,Fame,source,EraSystem.TickTurn,25
2,5,DP,sink,MinionRoster.TrySummon,-352
2,5,DP,sink,CommandSystem.TryUse,-1450
2,5,DP,source,AdventurerAI.TakeDamage,582
2,5,Material,source,AdventurerAI.TakeDamage,16
2,5,DP,stock,end,197
2,5,Material,stock,end,109
2,5,Fame,stock,end,136
2,6,DP,source,SurfaceMap.CollectYields,39
2,6,Material,source,SurfaceMap.CollectYields,2
2,6,Fame,source,SurfaceMap.CollectYields,9
2,6,DP,source,EraSystem.TickTurn,1020
2,6,DP,sink,MinionRoster.TrySummon,-189
2,6,DP,sink,CommandSystem.TryUse,-1900
2,6,DP,source,AdventurerAI.TakeDamage,614
2,6,Material,source,AdventurerAI.TakeDamage,26
2,6,DP,source,AdventurerAI.ReapEmotion,183
2,6,DP,source,AdventurerAI.GrantReturnReward,106
2,6,Fame,source,AdventurerAI.GrantReturnReward,10
2,6,Fame,source,LureEconomy.OnHeroEscaped,25
2,6,DP,stock,end,70
2,6,Material,stock,end,137
2,6,Fame,stock,end,180
2,7,DP,source,SurfaceMap.CollectYields,39
2,7,Material,source,SurfaceMap.CollectYields,2
2,7,Fame,source,SurfaceMap.CollectYields,9
2,7,DP,source,EraSystem.TickTurn,600
2,7,DP,sink,MinionRoster.TrySummon,-696
2,7,DP,source,AdventurerAI.ReapEmotion,123
2,7,DP,source,AdventurerAI.TakeDamage,828
2,7,Material,source,AdventurerAI.TakeDamage,32
2,7,DP,sink,CommandSystem.TryUse,-950
2,7,DP,stock,end,14
2,7,Material,stock,end,171
2,7,Fame,stock,end,189
2,8,DP,source,SurfaceMap.CollectYields,39
2,8,Material,source,SurfaceMap.CollectYields,2
2,8,Fame,source,SurfaceMap.CollectYields,9
2,8,DP,sink,MinionRoster.TrySummon,-45
2,8,DP,source,AdventurerAI.GrantReturnReward,61
2,8,Fame,source,AdventurerAI.GrantReturnReward,10
2,8,Fame,source,LureEconomy.OnHeroEscaped,25
2,8,DP,source,AdventurerAI.ReapEmotion,118
2,8,DP,source,AdventurerAI.TakeDamage,447
2,8,Material,source,AdventurerAI.TakeDamage,23
2,8,DP,sink,CommandSystem.TryUse,-650
2,8,DP,source,Nemesis.OnSlain,518
2,8,Material,source,Nemesis.OnSlain,5
2,8,DP,stock,end,502
2,8,Material,stock,end,201
2,8,Fame,stock,end,233
2,9,DP,source,SurfaceMap.CollectYields,68
2,9,Material,source,SurfaceMap.CollectYields,3
2,9,Fame,source,SurfaceMap.CollectYields,16
2,9,DP,source,EraSystem.TickTurn,1020
2,9,Fame,source,EraSystem.TickTurn,25
2,9,DP,sink,MinionRoster.TrySummon,-1584
2,9,DP,source,AdventurerAI.ReapEmotion,206
2,9,DP,source,AdventurerAI.TakeDamage,1061
2,9,Material,source,AdventurerAI.TakeDamage,50
2,9,DP,sink,CommandSystem.TryUse,-950
2,9,DP,stock,end,323
2,9,Material,stock,end,254
2,9,Fame,stock,end,274
2,10,DP,source,SurfaceMap.CollectYields,78
2,10,Material,source,SurfaceMap.CollectYields,3
2,10,Fame,source,SurfaceMap.CollectYields,16
2,10,DP,sink,MinionRoster.TrySummon,-384
2,10,DP,source,AdventurerAI.ReapEmotion,206
2,10,DP,source,AdventurerAI.TakeDamage,1002
2,10,Material,source,AdventurerAI.TakeDamage,43
2,10,DP,sink,CommandSystem.TryUse,-1750
2,10,Fame,source,AdventurerAI.GrantReturnReward,20
2,10,Fame,source,LureEconomy.OnHeroEscaped,50
2,10,DP,source,Nemesis.OnSlain,567
2,10,Material,source,Nemesis.OnSlain,5
2,10,DP,stock,end,42
2,10,Material,stock,end,305
2,10,Fame,stock,end,360
2,11,DP,source,SurfaceMap.CollectYields,78
2,11,Material,source,SurfaceMap.CollectYields,3
2,11,Fame,source,SurfaceMap.CollectYields,16
2,11,DP,sink,MinionRoster.TrySummon,-102
2,11,DP,source,AdventurerAI.ReapEmotion,197
2,11,DP,source,AdventurerAI.TakeDamage,1225
2,11,Material,source,AdventurerAI.TakeDamage,51
2,11,DP,sink,CommandSystem.TryUse,-1300
2,11,DP,source,AdventurerAI.GrantReturnReward,57
2,11,Fame,source,AdventurerAI.GrantReturnReward,10
2,11,Fame,source,LureEconomy.OnHeroEscaped,25
2,11,DP,stock,end,197
2,11,Material,stock,end,359
2,11,Fame,stock,end,411
2,12,DP,source,SurfaceMap.CollectYields,78
2,12,Material,source,SurfaceMap.CollectYields,3
2,12,Fame,source,SurfaceMap.CollectYields,16
2,12,DP,source,DistrictCatalog.Collect,112
2,12,DP,sink,MinionRoster.TrySummon,-378
2,12,DP,source,AdventurerAI.ReapEmotion,223
2,12,DP,source,AdventurerAI.TakeDamage,1284
2,12,Material,source,AdventurerAI.TakeDamage,49
2,12,DP,sink,CommandSystem.TryUse,-1400
2,12,DP,source,AdventurerAI.GrantReturnReward,136
2,12,Fame,source,AdventurerAI.GrantReturnReward,20
2,12,Fame,source,LureEconomy.OnHeroEscaped,50
2,12,DP,stock,end,252
2,12,Material,stock,end,411
2,12,Fame,stock,end,497
2,13,DP,source,SurfaceMap.CollectYields,59
2,13,Material,source,SurfaceMap.CollectYields,3
2,13,Fame,source,SurfaceMap.CollectYields,13
2,13,DP,source,DistrictCatalog.Collect,126
2,13,DP,sink,MinionRoster.TrySummon,-426
2,13,DP,source,AdventurerAI.ReapEmotion,154
2,13,DP,source,AdventurerAI.TakeDamage,1990
2,13,Material,source,AdventurerAI.TakeDamage,64
2,13,DP,source,AdventurerAI.GrantReturnReward,344
2,13,Fame,source,AdventurerAI.GrantReturnReward,30
2,13,Fame,source,LureEconomy.OnHeroEscaped,75
2,13,DP,sink,CommandSystem.TryUse,-1900
2,13,DP,stock,end,599
2,13,Material,stock,end,478
2,13,Fame,stock,end,615
2,14,DP,source,SurfaceMap.CollectYields,59
2,14,Material,source,SurfaceMap.CollectYields,3
2,14,Fame,source,SurfaceMap.CollectYields,13
2,14,DP,source,DistrictCatalog.Collect,126
2,14,DP,sink,MinionRoster.TrySummon,-768
2,14,DP,source,IncidentSystem.Apply,600
2,14,DP,sink,CommandSystem.TryUse,-2750
2,14,DP,source,AdventurerAI.ReapEmotion,208
2,14,DP,source,AdventurerAI.TakeDamage,1902
2,14,Material,source,AdventurerAI.TakeDamage,60
2,14,DP,source,Nemesis.OnSlain,898
2,14,Material,source,Nemesis.OnSlain,7
2,14,Fame,source,AdventurerAI.GrantReturnReward,10
2,14,Fame,source,LureEconomy.OnHeroEscaped,25
2,14,DP,stock,end,874
2,14,Material,stock,end,548
2,14,Fame,stock,end,663
2,15,DP,source,SurfaceMap.CollectYields,38
2,15,Material,source,SurfaceMap.CollectYields,2
2,15,Fame,source,SurfaceMap.CollectYields,8
2,15,DP,source,DistrictCatalog.Collect,126
2,15,DP,source,EraSystem.TickTurn,300
2,15,DP,sink,MinionRoster.TrySummon,-1320
2,15,DP,source,AdventurerAI.ReapEmotion,231
2,15,DP,source,AdventurerAI.TakeDamage,2725
2,15,Material,source,AdventurerAI.TakeDamage,84
2,15,DP,sink,CommandSystem.TryUse,-2250
2,15,DP,source,Nemesis.OnSlain,2278
2,15,Material,source,Nemesis.OnSlain,17
2,15,DP,stock,end,3002
2,15,Material,stock,end,651
2,15,Fame,stock,end,671
2,16,DP,source,SurfaceMap.CollectYields,61
2,16,Material,source,SurfaceMap.CollectYields,3
2,16,Fame,source,SurfaceMap.CollectYields,13
2,16,DP,source,DistrictCatalog.Collect,140
2,16,DP,source,EraSystem.TickTurn,600
2,16,DP,sink,MinionRoster.TrySummon,-3786
2,16,DP,source,AdventurerAI.ReapEmotion,194
2,16,DP,source,AdventurerAI.TakeDamage,2249
2,16,Material,source,AdventurerAI.TakeDamage,75
2,16,DP,source,AdventurerAI.GrantReturnReward,204
2,16,Fame,source,AdventurerAI.GrantReturnReward,70
2,16,Fame,source,LureEconomy.OnHeroEscaped,175
2,16,DP,sink,CommandSystem.TryUse,-2250
2,16,DP,source,Nemesis.OnSlain,1304
2,16,Material,source,Nemesis.OnSlain,9
2,16,DP,stock,end,1718
2,16,Material,stock,end,738
2,16,Fame,stock,end,929
2,17,DP,source,SurfaceMap.CollectYields,102
2,17,Material,source,SurfaceMap.CollectYields,5
2,17,Fame,source,SurfaceMap.CollectYields,22
2,17,DP,source,DistrictCatalog.Collect,140
2,17,DP,source,EraSystem.TickTurn,720
2,17,DP,sink,MinionRoster.TrySummon,-2650
2,17,DP,source,AdventurerAI.ReapEmotion,252
2,17,DP,source,AdventurerAI.TakeDamage,2276
2,17,Material,source,AdventurerAI.TakeDamage,57
2,17,DP,sink,CommandSystem.TryUse,-2250
2,17,Fame,source,AdventurerAI.GrantReturnReward,30
2,17,Fame,source,LureEconomy.OnHeroEscaped,75
2,17,DP,source,AdventurerAI.GrantReturnReward,306
2,17,DP,stock,end,614
2,17,Material,stock,end,800
2,17,Fame,stock,end,1056
2,18,DP,source,SurfaceMap.CollectYields,123
2,18,Material,source,SurfaceMap.CollectYields,6
2,18,Fame,source,SurfaceMap.CollectYields,27
2,18,DP,source,DistrictCatalog.Collect,140
2,18,DP,sink,MinionRoster.TrySummon,-858
2,18,DP,source,AdventurerAI.ReapEmotion,152
2,18,DP,source,AdventurerAI.TakeDamage,4207
2,18,Material,source,AdventurerAI.TakeDamage,108
2,18,DP,sink,CommandSystem.TryUse,-2600
2,18,DP,source,AdventurerAI.GrantReturnReward,830
2,18,Fame,source,AdventurerAI.GrantReturnReward,100
2,18,Fame,source,LureEconomy.OnHeroEscaped,250
2,18,DP,source,Nemesis.OnSlain,2235
2,18,Material,source,Nemesis.OnSlain,15
2,18,DP,stock,end,4843
2,18,Material,stock,end,929
2,18,Fame,stock,end,1433
2,19,DP,source,SurfaceMap.CollectYields,143
2,19,Material,source,SurfaceMap.CollectYields,7
2,19,Fame,source,SurfaceMap.CollectYields,31
2,19,DP,source,DistrictCatalog.Collect,140
2,19,DP,sink,MinionRoster.TrySummon,-4960
2,19,DP,source,AdventurerAI.ReapEmotion,164
2,19,DP,sink,CommandSystem.TryUse,-2750
2,19,DP,source,AdventurerAI.TakeDamage,2819
2,19,Material,source,AdventurerAI.TakeDamage,60
2,19,DP,source,AdventurerAI.GrantReturnReward,922
2,19,Fame,source,AdventurerAI.GrantReturnReward,50
2,19,Fame,source,LureEconomy.OnHeroEscaped,125
2,19,DP,source,Nemesis.OnSlain,778
2,19,Material,source,Nemesis.OnSlain,5
2,19,DP,stock,end,2099
2,19,Material,stock,end,1001
2,19,Fame,stock,end,1639
2,20,DP,source,SurfaceMap.CollectYields,143
2,20,Material,source,SurfaceMap.CollectYields,7
2,20,Fame,source,SurfaceMap.CollectYields,31
2,20,DP,source,DistrictCatalog.Collect,140
2,20,DP,sink,MinionRoster.TrySummon,-2376
2,20,DP,source,AdventurerAI.ReapEmotion,261
2,20,DP,source,AdventurerAI.TakeDamage,717
2,20,Material,source,AdventurerAI.TakeDamage,18
2,20,DP,sink,CommandSystem.TryUse,-1750
2,20,DP,source,AdventurerAI.GrantReturnReward,1959
2,20,Fame,source,AdventurerAI.GrantReturnReward,170
2,20,Fame,source,LureEconomy.OnHeroEscaped,425
2,20,DP,stock,end,1193
2,20,Material,stock,end,1026
2,20,Fame,stock,end,2265
2,21,DP,source,SurfaceMap.CollectYields,143
2,21,Material,source,SurfaceMap.CollectYields,7
2,21,Fame,source,SurfaceMap.CollectYields,31
2,21,DP,source,DistrictCatalog.Collect,182
2,21,DP,sink,MinionRoster.TrySummon,-1502
2,21,DP,source,AdventurerAI.ReapEmotion,303
2,21,DP,sink,CommandSystem.TryUse,-2750
2,21,DP,source,AdventurerAI.TakeDamage,4232
2,21,Material,source,AdventurerAI.TakeDamage,73
2,21,DP,source,AdventurerAI.GrantReturnReward,2161
2,21,Fame,source,AdventurerAI.GrantReturnReward,60
2,21,Fame,source,LureEconomy.OnHeroEscaped,150
2,21,DP,source,Nemesis.OnSlain,1928
2,21,Material,source,Nemesis.OnSlain,12
2,21,DP,stock,end,5890
2,21,Material,stock,end,1118
2,21,Fame,stock,end,2506
2,22,DP,source,SurfaceMap.CollectYields,216
2,22,Material,source,SurfaceMap.CollectYields,8
2,22,Fame,source,SurfaceMap.CollectYields,44
2,22,DP,source,DistrictCatalog.Collect,182
2,22,DP,sink,MinionRoster.TrySummon,-5408
2,22,DP,sink,CommandSystem.TryUse,-3200
2,22,DP,source,AdventurerAI.ReapEmotion,183
2,22,DP,source,AdventurerAI.GrantReturnReward,2239
2,22,Fame,source,AdventurerAI.GrantReturnReward,130
2,22,Fame,source,LureEconomy.OnHeroEscaped,325
2,22,DP,source,AdventurerAI.TakeDamage,2985
2,22,Material,source,AdventurerAI.TakeDamage,40
2,22,DP,source,Nemesis.OnSlain,2244
2,22,Material,source,Nemesis.OnSlain,14
2,22,DP,stock,end,5331
2,22,Material,stock,end,1180
2,22,Fame,stock,end,3005
2,23,DP,source,SurfaceMap.CollectYields,216
2,23,Material,source,SurfaceMap.CollectYields,8
2,23,Fame,source,SurfaceMap.CollectYields,44
2,23,DP,source,DistrictCatalog.Collect,182
2,23,DP,sink,MinionRoster.TrySummon,-5408
2,23,DP,sink,CommandSystem.TryUse,-2750
2,23,DP,source,AdventurerAI.ReapEmotion,201
2,23,DP,source,AdventurerAI.TakeDamage,5887
2,23,Material,source,AdventurerAI.TakeDamage,68
2,23,DP,source,AdventurerAI.GrantReturnReward,2057
2,23,Fame,source,AdventurerAI.GrantReturnReward,50
2,23,Fame,source,LureEconomy.OnHeroEscaped,125
2,23,DP,source,Nemesis.OnSlain,3300
2,23,Material,source,Nemesis.OnSlain,19
2,23,DP,stock,end,9016
2,23,Material,stock,end,1275
2,23,Fame,stock,end,3224
2,24,DP,source,SurfaceMap.CollectYields,216
2,24,Material,source,SurfaceMap.CollectYields,8
2,24,Fame,source,SurfaceMap.CollectYields,44
2,24,DP,source,DistrictCatalog.Collect,182
2,24,DP,sink,MinionRoster.TrySummon,-8424
2,24,DP,sink,IncidentSystem.Apply,-800
2,24,DP,source,AdventurerAI.ReapEmotion,213
2,24,DP,sink,CommandSystem.TryUse,-3200
2,24,DP,source,AdventurerAI.TakeDamage,4620
2,24,Material,source,AdventurerAI.TakeDamage,56
2,24,DP,source,AdventurerAI.GrantReturnReward,957
2,24,Fame,source,AdventurerAI.GrantReturnReward,100
2,24,Fame,source,LureEconomy.OnHeroEscaped,250
2,24,DP,source,Nemesis.OnSlain,3356
2,24,Material,source,Nemesis.OnSlain,19
2,24,DP,stock,end,6136
2,24,Material,stock,end,1358
2,24,Fame,stock,end,3618
2,25,DP,source,SurfaceMap.CollectYields,174
2,25,Material,source,SurfaceMap.CollectYields,7
2,25,Fame,source,SurfaceMap.CollectYields,38
2,25,DP,source,DistrictCatalog.Collect,28
2,25,DP,source,EraSystem.TickTurn,3840
2,25,DP,sink,MinionRoster.TrySummon,-8736
2,25,DP,sink,CommandSystem.TryUse,-3200
2,25,DP,source,AdventurerAI.TakeDamage,3747
2,25,Material,source,AdventurerAI.TakeDamage,36
2,25,Fame,source,AdventurerAI.GrantReturnReward,140
2,25,Fame,source,LureEconomy.OnHeroEscaped,350
2,25,DP,source,AdventurerAI.ReapEmotion,317
2,25,DP,source,AdventurerAI.GrantReturnReward,3445
2,25,DP,stock,end,5751
2,25,Material,stock,end,1401
2,25,Fame,stock,end,4146
2,26,DP,source,SurfaceMap.CollectYields,108
2,26,Material,source,SurfaceMap.CollectYields,5
2,26,Fame,source,SurfaceMap.CollectYields,22
2,26,DP,source,DistrictCatalog.Collect,28
2,26,DP,source,EraSystem.TickTurn,6528
2,26,DP,sink,MinionRoster.TrySummon,-8736
2,26,DP,sink,CommandSystem.TryUse,-3200
2,26,Fame,source,AdventurerAI.GrantReturnReward,130
2,26,Fame,source,LureEconomy.OnHeroEscaped,325
2,26,DP,source,AdventurerAI.ReapEmotion,289
2,26,DP,source,AdventurerAI.TakeDamage,5284
2,26,Material,source,AdventurerAI.TakeDamage,46
2,26,DP,source,AdventurerAI.GrantReturnReward,461
2,26,DP,source,Nemesis.OnSlain,2820
2,26,Material,source,Nemesis.OnSlain,15
2,26,DP,stock,end,9333
2,26,Material,stock,end,1467
2,26,Fame,stock,end,4623
2,27,DP,source,SurfaceMap.CollectYields,108
2,27,Material,source,SurfaceMap.CollectYields,5
2,27,Fame,source,SurfaceMap.CollectYields,22
2,27,DP,source,DistrictCatalog.Collect,28
2,27,DP,source,EraSystem.TickTurn,6528
2,27,DP,sink,MinionRoster.TrySummon,-9072
2,27,DP,sink,CommandSystem.TryUse,-3200
2,27,Fame,source,AdventurerAI.GrantReturnReward,190
2,27,Fame,source,LureEconomy.OnHeroEscaped,475
2,27,DP,source,AdventurerAI.ReapEmotion,273
2,27,DP,source,AdventurerAI.TakeDamage,3559
2,27,Material,source,AdventurerAI.TakeDamage,38
2,27,DP,source,AdventurerAI.GrantReturnReward,1522
2,27,DP,source,Nemesis.OnSlain,2530
2,27,Material,source,Nemesis.OnSlain,16
2,27,DP,stock,end,11609
2,27,Material,stock,end,1526
2,27,Fame,stock,end,5310
3,1,DP,sink,DungeonFeatureManager.TryPlaceTrap,-150
3,1,DP,source,AdventurerAI.ReapEmotion,100
3,1,Fame,source,AdventurerAI.GrantReturnReward,20
3,1,Fame,source,LureEconomy.OnHeroEscaped,50
3,1,DP,source,AdventurerAI.TakeDamage,109
3,1,Material,source,AdventurerAI.TakeDamage,4
3,1,DP,source,AdventurerAI.GrantReturnReward,201
3,1,DP,sink,CommandSystem.TryUse,-300
3,1,DP,stock,end,160
3,1,Material,stock,end,4
3,1,Fame,stock,end,70
3,2,DP,source,SurfaceMap.CollectYields,18
3,2,Material,source,SurfaceMap.CollectYields,1
3,2,Fame,source,SurfaceMap.CollectYields,4
3,2,DP,source,EraSystem.TickTurn,600
3,2,Fame,source,EraSystem.TickTurn,25
3,2,DP,sink,DungeonFeatureManager.TryPlaceTrap,-600
3,2,DP,source,AdventurerAI.ReapEmotion,349
3,2,Fame,source,AdventurerAI.GrantReturnReward,10
3,2,Fame,source,LureEconomy.OnHeroEscaped,25
3,2,DP,sink,CommandSystem.TryUse,-650
3,2,DP,source,AdventurerAI.TakeDamage,285
3,2,Material,source,AdventurerAI.TakeDamage,16
3,2,DP,stock,end,162
3,2,Material,stock,end,21
3,2,Fame,stock,end,134
3,3,DP,source,SurfaceMap.CollectYields,18
3,3,Material,source,SurfaceMap.CollectYields,1
3,3,Fame,source,SurfaceMap.CollectYields,4
3,3,DP,source,EraSystem.TickTurn,600
3,3,Fame,source,EraSystem.TickTurn,25
3,3,DP,sink,DungeonFeatureManager.TryPlaceTrap,-300
3,3,DP,sink,DungeonFeatureManager.TryPlaceFeature,-250
3,3,DP,sink,DungeonFeatureManager.TryPlaceHabitat,-120
3,3,DP,sink,MinionRoster.TrySummon,-98
3,3,DP,source,AdventurerAI.ReapEmotion,154
3,3,DP,source,AdventurerAI.TakeDamage,392
3,3,Material,source,AdventurerAI.TakeDamage,20
3,3,DP,source,AdventurerAI.GrantReturnReward,48
3,3,Fame,source,AdventurerAI.GrantReturnReward,10
3,3,Fame,source,LureEconomy.OnHeroEscaped,25
3,3,DP,sink,CommandSystem.TryUse,-650
3,3,DP,source,Nemesis.OnSlain,437
3,3,Material,source,Nemesis.OnSlain,5
3,3,DP,stock,end,393
3,3,Material,stock,end,47
3,3,Fame,stock,end,198
3,4,DP,source,SurfaceMap.CollectYields,18
3,4,Material,source,SurfaceMap.CollectYields,1
3,4,Fame,source,SurfaceMap.CollectYields,4
3,4,DP,source,EraSystem.TickTurn,600
3,4,DP,sink,DungeonFeatureManager.TryPlaceFeature,-250
3,4,DP,sink,DungeonFeatureManager.TryPlaceHabitat,-280
3,4,DP,sink,MinionRoster.TrySummon,-462
3,4,DP,source,AdventurerAI.ReapEmotion,109
3,4,Fame,source,AdventurerAI.GrantReturnReward,30
3,4,Fame,source,LureEconomy.OnHeroEscaped,75
3,4,DP,source,AdventurerAI.TakeDamage,332
3,4,Material,source,AdventurerAI.TakeDamage,12
3,4,DP,sink,CommandSystem.TryUse,-650
3,4,DP,source,Nemesis.OnSlain,470
3,4,Material,source,Nemesis.OnSlain,5
3,4,DP,stock,end,280
3,4,Material,stock,end,65
3,4,Fame,stock,end,307
3,5,DP,source,SurfaceMap.CollectYields,18
3,5,Material,source,SurfaceMap.CollectYields,1
3,5,Fame,source,SurfaceMap.CollectYields,4
3,5,DP,source,EraSystem.TickTurn,600
3,5,Material,source,EraSystem.TickTurn,10
3,5,DP,sink,MinionRoster.TrySummon,-898
3,5,DP,source,AdventurerAI.ReapEmotion,122
3,5,Fame,source,AdventurerAI.GrantReturnReward,30
3,5,Fame,source,LureEconomy.OnHeroEscaped,75
3,5,DP,source,AdventurerAI.TakeDamage,464
3,5,Material,source,AdventurerAI.TakeDamage,12
3,5,DP,sink,CommandSystem.TryUse,-1150
3,5,DP,source,AdventurerAI.GrantReturnReward,472
3,5,DP,source,Nemesis.OnSlain,502
3,5,Material,source,Nemesis.OnSlain,5
3,5,DP,stock,end,410
3,5,Material,stock,end,93
3,5,Fame,stock,end,416
3,6,DP,source,SurfaceMap.CollectYields,38
3,6,Material,source,SurfaceMap.CollectYields,2
3,6,Fame,source,SurfaceMap.CollectYields,8
3,6,DP,source,EraSystem.TickTurn,1020
3,6,DP,sink,MinionRoster.TrySummon,-1464
3,6,DP,source,AdventurerAI.ReapEmotion,243
3,6,DP,source,AdventurerAI.TakeDamage,782
3,6,Material,source,AdventurerAI.TakeDamage,26
3,6,DP,sink,CommandSystem.TryUse,-950
3,6,DP,source,AdventurerAI.GrantReturnReward,312
3,6,Fame,source,AdventurerAI.GrantReturnReward,10
3,6,Fame,source,LureEconomy.OnHeroEscaped,25
3,6,DP,source,Nemesis.OnSlain,1070
3,6,Material,source,Nemesis.OnSlain,10
3,6,DP,stock,end,1461
3,6,Material,stock,end,131
3,6,Fame,stock,end,459
3,7,DP,source,SurfaceMap.CollectYields,38
3,7,Material,source,SurfaceMap.CollectYields,2
3,7,Fame,source,SurfaceMap.CollectYields,8
3,7,DP,source,EraSystem.TickTurn,600
3,7,DP,sink,MinionRoster.TrySummon,-2096
3,7,DP,source,AdventurerAI.ReapEmotion,131
3,7,DP,source,AdventurerAI.TakeDamage,875
3,7,Material,source,AdventurerAI.TakeDamage,28
3,7,DP,sink,CommandSystem.TryUse,-950
3,7,DP,source,AdventurerAI.GrantReturnReward,145
3,7,Fame,source,AdventurerAI.GrantReturnReward,10
3,7,Fame,source,LureEconomy.OnHeroEscaped,25
3,7,DP,source,Nemesis.OnSlain,1102
3,7,Material,source,Nemesis.OnSlain,10
3,7,DP,stock,end,1306
3,7,Material,stock,end,171
3,7,Fame,stock,end,502
3,8,DP,source,SurfaceMap.CollectYields,38
3,8,Material,source,SurfaceMap.CollectYields,2
3,8,Fame,source,SurfaceMap.CollectYields,8
3,8,DP,source,EraSystem.TickTurn,300
3,8,DP,sink,MinionRoster.TrySummon,-1636
3,8,DP,source,AdventurerAI.ReapEmotion,402
3,8,DP,source,AdventurerAI.TakeDamage,1031
3,8,Material,source,AdventurerAI.TakeDamage,43
3,8,DP,sink,CommandSystem.TryUse,-950
3,8,DP,source,Nemesis.OnSlain,1134
3,8,Material,source,Nemesis.OnSlain,10
3,8,DP,stock,end,1625
3,8,Material,stock,end,226
3,8,Fame,stock,end,510
3,9,DP,source,SurfaceMap.CollectYields,44
3,9,Material,source,SurfaceMap.CollectYields,2
3,9,Fame,source,SurfaceMap.CollectYields,10
3,9,DP,source,EraSystem.TickTurn,300
3,9,Fame,source,EraSystem.TickTurn,25
3,9,DP,sink,MinionRoster.TrySummon,-1968
3,9,DP,source,AdventurerAI.ReapEmotion,148
3,9,DP,source,AdventurerAI.TakeDamage,481
3,9,Material,source,AdventurerAI.TakeDamage,17
3,9,DP,source,AdventurerAI.GrantReturnReward,1344
3,9,Fame,source,AdventurerAI.GrantReturnReward,70
3,9,Fame,source,LureEconomy.OnHeroEscaped,175
3,9,DP,sink,CommandSystem.TryUse,-1600
3,9,DP,stock,end,374
3,9,Material,stock,end,245
3,9,Fame,stock,end,790
3,10,DP,source,SurfaceMap.CollectYields,77
3,10,Material,source,SurfaceMap.CollectYields,3
3,10,Fame,source,SurfaceMap.CollectYields,15
3,10,DP,source,EraSystem.TickTurn,720
3,10,DP,sink,MinionRoster.TrySummon,-1166
3,10,DP,source,AdventurerAI.ReapEmotion,130
3,10,DP,source,AdventurerAI.TakeDamage,1860
3,10,Material,source,AdventurerAI.TakeDamage,58
3,10,DP,sink,CommandSystem.TryUse,-1900
3,10,DP,source,AdventurerAI.GrantReturnReward,1411
3,10,Fame,source,AdventurerAI.GrantReturnReward,50
3,10,Fame,source,LureEconomy.OnHeroEscaped,125
3,10,DP,stock,end,1506
3,10,Material,stock,end,306
3,10,Fame,stock,end,980
3,11,DP,source,SurfaceMap.CollectYields,51
3,11,Material,source,SurfaceMap.CollectYields,2
3,11,Fame,source,SurfaceMap.CollectYields,10
3,11,DP,sink,MinionRoster.TrySummon,-1536
3,11,DP,source,AdventurerAI.ReapEmotion,136
3,11,DP,source,AdventurerAI.TakeDamage,1482
3,11,Material,source,AdventurerAI.TakeDamage,37
3,11,DP,sink,CommandSystem.TryUse,-2250
3,11,DP,source,AdventurerAI.GrantReturnReward,951
3,11,Fame,source,AdventurerAI.GrantReturnReward,30
3,11,Fame,source,LureEconomy.OnHeroEscaped,75
3,11,DP,source,Nemesis.OnSlain,877
3,11,Material,source,Nemesis.OnSlain,7
3,11,DP,stock,end,1217
3,11,Material,stock,end,352
3,11,Fame,stock,end,1095
3,12,DP,source,SurfaceMap.CollectYields,51
3,12,Material,source,SurfaceMap.CollectYields,2
3,12,Fame,source,SurfaceMap.CollectYields,10
3,12,DP,source,DistrictCatalog.Collect,98
3,12,DP,sink,MinionRoster.TrySummon,-1366
3,12,DP,source,AdventurerAI.ReapEmotion,326
3,12,DP,source,AdventurerAI.TakeDamage,1767
3,12,Material,source,AdventurerAI.TakeDamage,48
3,12,DP,sink,CommandSystem.TryUse,-1800
3,12,DP,source,AdventurerAI.GrantReturnReward,121
3,12,Fame,source,AdventurerAI.GrantReturnReward,10
3,12,Fame,source,LureEconomy.OnHeroEscaped,25
3,12,DP,stock,end,414
3,12,Material,stock,end,402
3,12,Fame,stock,end,1140
3,13,DP,source,SurfaceMap.CollectYields,59
3,13,Material,source,SurfaceMap.CollectYields,3
3,13,Fame,source,SurfaceMap.CollectYields,13
3,13,DP,source,DistrictCatalog.Collect,98
3,13,DP,sink,MinionRoster.TrySummon,-570
3,13,DP,source,AdventurerAI.ReapEmotion,151
3,13,DP,source,AdventurerAI.TakeDamage,2950
3,13,Material,source,AdventurerAI.TakeDamage,66
3,13,DP,sink,CommandSystem.TryUse,-2250
3,13,DP,source,AdventurerAI.GrantReturnReward,594
3,13,Fame,source,AdventurerAI.GrantReturnReward,30
3,13,Fame,source,LureEconomy.OnHeroEscaped,75
3,13,DP,source,Nemesis.OnSlain,2639
3,13,Material,source,Nemesis.OnSlain,19
3,13,DP,stock,end,4085
3,13,Material,stock,end,490
3,13,Fame,stock,end,1258
3,14,DP,source,SurfaceMap.CollectYields,81
3,14,Material,source,SurfaceMap.CollectYields,4
3,14,Fame,source,SurfaceMap.CollectYields,17
3,14,DP,source,DistrictCatalog.Collect,98
3,14,DP,source,EraSystem.TickTurn,300
3,14,DP,sink,MinionRoster.TrySummon,-4544
3,14,DP,source,IncidentSystem.Apply,600
3,14,DP,sink,CommandSystem.TryUse,-2700
3,14,DP,source,AdventurerAI.ReapEmotion,159
3,14,DP,source,AdventurerAI.TakeDamage,2009
3,14,Material,source,AdventurerAI.TakeDamage,49
3,14,Fame,source,AdventurerAI.GrantReturnReward,40
3,14,Fame,source,LureEconomy.OnHeroEscaped,100
3,14,DP,source,AdventurerAI.GrantReturnReward,419
3,14,DP,source,Nemesis.OnSlain,2123
3,14,Material,source,Nemesis.OnSlain,15
3,14,DP,stock,end,2630
3,14,Material,stock,end,558
3,14,Fame,stock,end,1415
3,15,DP,source,SurfaceMap.CollectYields,81
3,15,Material,source,SurfaceMap.CollectYields,4
3,15,Fame,source,SurfaceMap.CollectYields,17
3,15,DP,source,DistrictCatalog.Collect,98
3,15,DP,sink,MinionRoster.TrySummon,-2808
3,15,DP,source,AdventurerAI.ReapEmotion,346
3,15,DP,source,AdventurerAI.TakeDamage,2915
3,15,Material,source,AdventurerAI.TakeDamage,87
3,15,DP,sink,CommandSystem.TryUse,-2250
3,15,DP,source,AdventurerAI.GrantReturnReward,461
3,15,Fame,source,AdventurerAI.GrantReturnReward,30
3,15,Fame,source,LureEconomy.OnHeroEscaped,75
3,15,DP,source,Nemesis.OnSlain,2187
3,15,Material,source,Nemesis.OnSlain,15
3,15,DP,stock,end,3660
3,15,Material,stock,end,664
3,15,Fame,stock,end,1537
3,16,DP,source,SurfaceMap.CollectYields,102
3,16,Material,source,SurfaceMap.CollectYields,5
3,16,Fame,source,SurfaceMap.CollectYields,22
3,16,DP,source,DistrictCatalog.Collect,98
3,16,DP,sink,MinionRoster.TrySummon,-3828
3,16,DP,source,AdventurerAI.ReapEmotion,151
3,16,DP,source,AdventurerAI.GrantReturnReward,1595
3,16,Fame,source,AdventurerAI.GrantReturnReward,80
3,16,Fame,source,LureEconomy.OnHeroEscaped,200
3,16,DP,sink,CommandSystem.TryUse,-2250
3,16,DP,source,AdventurerAI.TakeDamage,1748
3,16,Material,source,AdventurerAI.TakeDamage,48
3,16,DP,source,Nemesis.OnSlain,1490
3,16,Material,source,Nemesis.OnSlain,10
3,16,DP,stock,end,2766
3,16,Material,stock,end,727
3,16,Fame,stock,end,1839
3,17,DP,source,SurfaceMap.CollectYields,102
3,17,Material,source,SurfaceMap.CollectYields,5
3,17,Fame,source,SurfaceMap.CollectYields,22
3,17,DP,source,DistrictCatalog.Collect,98
3,17,DP,source,EraSystem.TickTurn,720
3,17,DP,sink,MinionRoster.TrySummon,-3686
3,17,DP,source,AdventurerAI.ReapEmotion,160
3,17,Fame,source,AdventurerAI.GrantReturnReward,110
3,17,Fame,source,LureEconomy.OnHeroEscaped,275
3,17,DP,source,AdventurerAI.GrantReturnReward,839
3,17,DP,sink,CommandSystem.TryUse,-2250
3,17,DP,source,AdventurerAI.TakeDamage,1801
3,17,Material,source,AdventurerAI.TakeDamage,36
3,17,DP,stock,end,550
3,17,Material,stock,end,768
3,17,Fame,stock,end,2246
3,18,DP,source,SurfaceMap.CollectYields,102
3,18,Material,source,SurfaceMap.CollectYields,5
3,18,Fame,source,SurfaceMap.CollectYields,22
3,18,DP,source,DistrictCatalog.Collect,126
3,18,DP,sink,MinionRoster.TrySummon,-758
3,18,DP,source,AdventurerAI.ReapEmotion,115
3,18,DP,source,AdventurerAI.TakeDamage,1767
3,18,Material,source,AdventurerAI.TakeDamage,31
3,18,DP,sink,CommandSystem.TryUse,-2750
3,18,DP,source,AdventurerAI.GrantReturnReward,708
3,18,Fame,source,AdventurerAI.GrantReturnReward,30
3,18,Fame,source,LureEconomy.OnHeroEscaped,75
3,18,DP,source,Nemesis.OnSlain,794
3,18,Material,source,Nemesis.OnSlain,5
3,18,DP,stock,end,654
3,18,Material,stock,end,809
3,18,Fame,stock,end,2373
3,19,DP,source,SurfaceMap.CollectYields,162
3,19,Material,source,SurfaceMap.CollectYields,6
3,19,Fame,source,SurfaceMap.CollectYields,33
3,19,DP,source,DistrictCatalog.Collect,126
3,19,DP,sink,MinionRoster.TrySummon,-930
3,19,DP,source,AdventurerAI.ReapEmotion,397
3,19,DP,sink,CommandSystem.TryUse,-2250
3,19,DP,source,AdventurerAI.TakeDamage,2370
3,19,Material,source,AdventurerAI.TakeDamage,39
3,19,DP,source,AdventurerAI.GrantReturnReward,2288
3,19,Fame,source,AdventurerAI.GrantReturnReward,110
3,19,Fame,source,LureEconomy.OnHeroEscaped,275
3,19,DP,source,Nemesis.OnSlain,1102
3,19,Material,source,Nemesis.OnSlain,7
3,19,DP,stock,end,3919
3,19,Material,stock,end,861
3,19,Fame,stock,end,2791
3,20,DP,source,SurfaceMap.CollectYields,162
3,20,Material,source,SurfaceMap.CollectYields,6
3,20,Fame,source,SurfaceMap.CollectYields,33
3,20,DP,source,DistrictCatalog.Collect,126
3,20,DP,sink,MinionRoster.TrySummon,-4206
3,20,DP,source,AdventurerAI.ReapEmotion,180
3,20,DP,source,AdventurerAI.TakeDamage,2309
3,20,Material,source,AdventurerAI.TakeDamage,31
3,20,DP,sink,CommandSystem.TryUse,-2250
3,20,DP,source,AdventurerAI.GrantReturnReward,1288
3,20,Fame,source,AdventurerAI.GrantReturnReward,130
3,20,Fame,source,LureEconomy.OnHeroEscaped,325
3,20,DP,stock,end,1528
3,20,Material,stock,end,898
3,20,Fame,stock,end,3279
3,21,DP,source,SurfaceMap.CollectYields,163
3,21,Material,source,SurfaceMap.CollectYields,6
3,21,Fame,source,SurfaceMap.CollectYields,34
3,21,DP,source,DistrictCatalog.Collect,126
3,21,DP,sink,MinionRoster.TrySummon,-1802
3,21,DP,source,AdventurerAI.ReapEmotion,337
3,21,DP,sink,CommandSystem.TryUse,-3200
3,21,DP,source,AdventurerAI.GrantReturnReward,2347
3,21,Fame,source,AdventurerAI.GrantReturnReward,150
3,21,Fame,source,LureEconomy.OnHeroEscaped,375
3,21,DP,source,AdventurerAI.TakeDamage,2598
3,21,Material,source,AdventurerAI.TakeDamage,26
3,21,DP,source,Nemesis.OnSlain,2001
3,21,Material,source,Nemesis.OnSlain,12
3,21,DP,stock,end,4098
3,21,Material,stock,end,942
3,21,Fame,stock,end,3838
3,22,DP,source,SurfaceMap.CollectYields,163
3,22,Material,source,SurfaceMap.CollectYields,6
3,22,Fame,source,SurfaceMap.CollectYields,34
3,22,DP,source,DistrictCatalog.Collect,126
3,22,DP,sink,MinionRoster.TrySummon,-4356
3,22,DP,source,AdventurerAI.TakeDamage,6076
3,22,Material,source,AdventurerAI.TakeDamage,58
3,22,DP,source,AdventurerAI.ReapEmotion,176
3,22,DP,sink,CommandSystem.TryUse,-2600
3,22,Fame,source,AdventurerAI.GrantReturnReward,60
3,22,Fame,source,LureEconomy.OnHeroEscaped,150
3,22,DP,source,AdventurerAI.GrantReturnReward,408
3,22,DP,stock,end,4091
3,22,Material,stock,end,1006
3,22,Fame,stock,end,4082
3,23,DP,source,SurfaceMap.CollectYields,144
3,23,Material,source,SurfaceMap.CollectYields,7
3,23,Fame,source,SurfaceMap.CollectYields,32
3,23,DP,source,DistrictCatalog.Collect,126
3,23,DP,sink,MinionRoster.TrySummon,-4329
3,23,DP,source,AdventurerAI.ReapEmotion,188
3,23,Fame,source,AdventurerAI.GrantReturnReward,200
3,23,Fame,source,LureEconomy.OnHeroEscaped,500
3,23,DP,source,AdventurerAI.TakeDamage,2052
3,23,Material,source,AdventurerAI.TakeDamage,21
3,23,DP,sink,CommandSystem.TryUse,-3200
3,23,DP,source,AdventurerAI.GrantReturnReward,1609
3,23,DP,source,Nemesis.OnSlain,1782
3,23,Material,source,Nemesis.OnSlain,10
3,23,DP,stock,end,2463
3,23,Material,stock,end,1044
3,23,Fame,stock,end,4814
3,24,DP,source,SurfaceMap.CollectYields,144
3,24,Material,source,SurfaceMap.CollectYields,7
3,24,Fame,source,SurfaceMap.CollectYields,32
3,24,DP,source,DistrictCatalog.Collect,126
3,24,DP,sink,MinionRoster.TrySummon,-2710
3,24,DP,source,AdventurerAI.ReapEmotion,119
3,24,DP,source,AdventurerAI.TakeDamage,9169
3,24,Material,source,AdventurerAI.TakeDamage,64
3,24,DP,sink,CommandSystem.TryUse,-2250
3,24,Fame,source,AdventurerAI.GrantReturnReward,80
3,24,Fame,source,LureEconomy.OnHeroEscaped,200
3,24,DP,source,AdventurerAI.GrantReturnReward,112
3,24,DP,source,Nemesis.OnSlain,4440
3,24,Material,source,Nemesis.OnSlain,23
3,24,DP,stock,end,11613
3,24,Material,stock,end,1138
3,24,Fame,stock,end,5126
3,25,DP,source,SurfaceMap.CollectYields,144
3,25,Material,source,SurfaceMap.CollectYields,7
3,25,Fame,source,SurfaceMap.CollectYields,32
3,25,DP,source,DistrictCatalog.Collect,28
3,25,DP,source,EraSystem.TickTurn,3840
3,25,DP,sink,MinionRoster.TrySummon,-8736
3,25,DP,sink,CommandSystem.TryUse,-3200
3,25,Fame,source,AdventurerAI.GrantReturnReward,140
3,25,Fame,source,LureEconomy.OnHeroEscaped,350
3,25,DP,source,AdventurerAI.ReapEmotion,178
3,25,DP,source,AdventurerAI.GrantReturnReward,1988
3,25,DP,source,AdventurerAI.TakeDamage,7175
3,25,Material,source,AdventurerAI.TakeDamage,58
3,25,DP,source,Nemesis.OnSlain,3328
3,25,Material,source,Nemesis.OnSlain,17
3,25,DP,stock,end,16358
3,25,Material,stock,end,1220
3,25,Fame,stock,end,5648
3,26,DP,source,SurfaceMap.CollectYields,144
3,26,Material,source,SurfaceMap.CollectYields,7
3,26,Fame,source,SurfaceMap.CollectYields,32
3,26,DP,source,DistrictCatalog.Collect,28
3,26,DP,source,EraSystem.TickTurn,6528
3,26,DP,sink,MinionRoster.TrySummon,-9072
3,26,DP,sink,CommandSystem.TryUse,-3200
3,26,Fame,source,AdventurerAI.GrantReturnReward,110
3,26,Fame,source,LureEconomy.OnHeroEscaped,275
3,26,DP,source,AdventurerAI.ReapEmotion,495
3,26,DP,source,AdventurerAI.GrantReturnReward,4204
3,26,DP,source,AdventurerAI.TakeDamage,9362
3,26,Material,source,AdventurerAI.TakeDamage,52
3,26,DP,source,Nemesis.OnSlain,2868
3,26,Material,source,Nemesis.OnSlain,15
3,26,DP,stock,end,27715
3,26,Material,stock,end,1294
3,26,Fame,stock,end,6065
3,27,DP,source,SurfaceMap.CollectYields,144
3,27,Material,source,SurfaceMap.CollectYields,7
3,27,Fame,source,SurfaceMap.CollectYields,32
3,27,DP,source,DistrictCatalog.Collect,28
3,27,DP,source,EraSystem.TickTurn,3840
3,27,DP,sink,MinionRoster.TrySummon,-9408
3,27,DP,sink,CommandSystem.TryUse,-3200
3,27,Fame,source,AdventurerAI.GrantReturnReward,170
3,27,Fame,source,LureEconomy.OnHeroEscaped,425
3,27,DP,source,AdventurerAI.ReapEmotion,295
3,27,DP,source,AdventurerAI.TakeDamage,6696
3,27,Material,source,AdventurerAI.TakeDamage,39
3,27,DP,source,AdventurerAI.GrantReturnReward,3474
3,27,DP,source,Nemesis.OnSlain,972
3,27,Material,source,Nemesis.OnSlain,6
3,27,DP,stock,end,30556
3,27,Material,stock,end,1346
3,27,Fame,stock,end,6692
3,28,DP,source,SurfaceMap.CollectYields,167
3,28,Material,source,SurfaceMap.CollectYields,9
3,28,Fame,source,SurfaceMap.CollectYields,37
3,28,DP,source,DistrictCatalog.Collect,28
3,28,DP,source,EraSystem.TickTurn,6528
3,28,Material,source,EraSystem.TickTurn,37
3,28,DP,sink,MinionRoster.TrySummon,-9408
3,28,DP,sink,CommandSystem.TryUse,-3200
3,28,Fame,source,AdventurerAI.GrantReturnReward,170
3,28,Fame,source,LureEconomy.OnHeroEscaped,425
3,28,DP,source,AdventurerAI.ReapEmotion,996
3,28,DP,source,AdventurerAI.TakeDamage,7912
3,28,Material,source,AdventurerAI.TakeDamage,44
3,28,DP,source,AdventurerAI.GrantReturnReward,3431
3,28,DP,source,Nemesis.OnSlain,1976
3,28,Material,source,Nemesis.OnSlain,12
3,28,DP,stock,end,38986
3,28,Material,stock,end,1448
3,28,Fame,stock,end,7324
4,1,DP,sink,DungeonFeatureManager.TryPlaceTrap,-150
4,1,DP,source,AdventurerAI.TakeDamage,108
4,1,Material,source,AdventurerAI.TakeDamage,4
4,1,DP,source,AdventurerAI.ReapEmotion,146
4,1,DP,source,AdventurerAI.GrantReturnReward,487
4,1,Fame,source,AdventurerAI.GrantReturnReward,20
4,1,Fame,source,LureEconomy.OnHeroEscaped,50
4,1,DP,sink,CommandSystem.TryUse,-650
4,1,DP,stock,end,141
4,1,Material,stock,end,4
4,1,Fame,stock,end,70
4,2,DP,source,SurfaceMap.CollectYields,18
4,2,Material,source,SurfaceMap.CollectYields,1
4,2,Fame,source,SurfaceMap.CollectYields,4
4,2,DP,source,EraSystem.TickTurn,600
4,2,Fame,source,EraSystem.TickTurn,25
4,2,DP,sink,DungeonFeatureManager.TryPlaceTrap,-600
4,2,DP,source,AdventurerAI.TakeDamage,277
4,2,Material,source,AdventurerAI.TakeDamage,23
4,2,DP,source,AdventurerAI.ReapEmotion,141
4,2,DP,sink,CommandSystem.TryUse,-650
4,2,DP,source,AdventurerAI.GrantReturnReward,192
4,2,Fame,source,AdventurerAI.GrantReturnReward,10
4,2,Fame,source,LureEconomy.OnHeroEscaped,25
4,2,DP,stock,end,119
4,2,Material,stock,end,28
4,2,Fame,stock,end,134
4,3,DP,source,SurfaceMap.CollectYields,18
4,3,Material,source,SurfaceMap.CollectYields,1
4,3,Fame,source,SurfaceMap.CollectYields,4
4,3,DP,source,EraSystem.TickTurn,600
4,3,Fame,source,EraSystem.TickTurn,25
4,3,DP,sink,DungeonFeatureManager.TryPlaceTrap,-300
4,3,DP,sink,DungeonFeatureManager.TryPlaceFeature,-250
4,3,DP,sink,MinionRoster.TrySummon,-176
4,3,DP,source,AdventurerAI.ReapEmotion,161
4,3,DP,source,AdventurerAI.TakeDamage,467
4,3,Material,source,AdventurerAI.TakeDamage,22
4,3,DP,sink,CommandSystem.TryUse,-300
4,3,DP,stock,end,339
4,3,Material,stock,end,51
4,3,Fame,stock,end,163
4,4,DP,source,SurfaceMap.CollectYields,18
4,4,Material,source,SurfaceMap.CollectYields,1
4,4,Fame,source,SurfaceMap.CollectYields,4
4,4,DP,source,EraSystem.TickTurn,600
4,4,Material,source,EraSystem.TickTurn,10
4,4,DP,sink,DungeonFeatureManager.TryPlaceFeature,-250
4,4,DP,sink,DungeonFeatureManager.TryPlaceHabitat,-500
4,4,DP,sink,MinionRoster.TrySummon,-196
4,4,DP,source,AdventurerAI.ReapEmotion,173
4,4,DP,source,AdventurerAI.TakeDamage,472
4,4,Material,source,AdventurerAI.TakeDamage,20
4,4,Fame,source,AdventurerAI.GrantReturnReward,10
4,4,Fame,source,LureEconomy.OnHeroEscaped,25
4,4,DP,sink,CommandSystem.TryUse,-300
4,4,DP,source,Nemesis.OnSlain,454
4,4,Material,source,Nemesis.OnSlain,5
4,4,DP,stock,end,810
4,4,Material,stock,end,87
4,4,Fame,stock,end,202
4,5,DP,source,SurfaceMap.CollectYields,18
4,5,Material,source,SurfaceMap.CollectYields,1
4,5,Fame,source,SurfaceMap.CollectYields,4
4,5,DP,source,EraSystem.TickTurn,600
4,5,DP,sink,MinionRoster.TrySummon,-1414
4,5,DP,source,AdventurerAI.TakeDamage,649
4,5,Material,source,AdventurerAI.TakeDamage,24
4,5,DP,source,AdventurerAI.ReapEmotion,180
4,5,DP,sink,CommandSystem.TryUse,-600
4,5,DP,stock,end,243
4,5,Material,stock,end,112
4,5,Fame,stock,end,206
4,6,DP,source,SurfaceMap.CollectYields,39
4,6,Material,source,SurfaceMap.CollectYields,2
4,6,Fame,source,SurfaceMap.CollectYields,9
4,6,DP,source,EraSystem.TickTurn,600
4,6,DP,sink,MinionRoster.TrySummon,-876
4,6,DP,source,AdventurerAI.TakeDamage,580
4,6,Material,source,AdventurerAI.TakeDamage,24
4,6,DP,source,AdventurerAI.ReapEmotion,189
4,6,DP,sink,CommandSystem.TryUse,-650
4,6,Fame,source,AdventurerAI.GrantReturnReward,20
4,6,Fame,source,LureEconomy.OnHeroEscaped,50
4,6,DP,source,AdventurerAI.GrantReturnReward,64
4,6,DP,stock,end,189
4,6,Material,stock,end,138
4,6,Fame,stock,end,285
4,7,DP,source,SurfaceMap.CollectYields,39
4,7,Material,source,SurfaceMap.CollectYields,2
4,7,Fame,source,SurfaceMap.CollectYields,9
4,7,DP,source,EraSystem.TickTurn,1020
4,7,DP,sink,MinionRoster.TrySummon,-1234
4,7,DP,source,AdventurerAI.ReapEmotion,226
4,7,Fame,source,AdventurerAI.GrantReturnReward,20
4,7,Fame,source,LureEconomy.OnHeroEscaped,50
4,7,DP,source,AdventurerAI.TakeDamage,766
4,7,Material,source,AdventurerAI.TakeDamage,18
4,7,DP,sink,CommandSystem.TryUse,-650
4,7,DP,stock,end,356
4,7,Material,stock,end,158
4,7,Fame,stock,end,364
4,8,DP,source,SurfaceMap.CollectYields,39
4,8,Material,source,SurfaceMap.CollectYields,2
4,8,Fame,source,SurfaceMap.CollectYields,9
4,8,DP,source,EraSystem.TickTurn,300
4,8,DP,sink,MinionRoster.TrySummon,-690
4,8,DP,source,AdventurerAI.ReapEmotion,193
4,8,DP,source,AdventurerAI.TakeDamage,1097
4,8,Material,source,AdventurerAI.TakeDamage,54
4,8,DP,sink,CommandSystem.TryUse,-950
4,8,DP,source,Nemesis.OnSlain,1306
4,8,Material,source,Nemesis.OnSlain,12
4,8,DP,stock,end,1651
4,8,Material,stock,end,226
4,8,Fame,stock,end,373
4,9,DP,source,SurfaceMap.CollectYields,69
4,9,Material,source,SurfaceMap.CollectYields,3
4,9,Fame,source,SurfaceMap.CollectYields,17
4,9,DP,source,EraSystem.TickTurn,1020
4,9,Fame,source,EraSystem.TickTurn,25
4,9,DP,sink,MinionRoster.TrySummon,-2734
4,9,DP,source,AdventurerAI.ReapEmotion,264
4,9,DP,source,AdventurerAI.TakeDamage,1111
4,9,Material,source,AdventurerAI.TakeDamage,54
4,9,DP,sink,CommandSystem.TryUse,-1450
4,9,DP,source,Nemesis.OnSlain,1134
4,9,Material,source,Nemesis.OnSlain,10
4,9,DP,stock,end,1065
4,9,Material,stock,end,293
4,9,Fame,stock,end,415
4,10,DP,source,SurfaceMap.CollectYields,79
4,10,Material,source,SurfaceMap.CollectYields,3
4,10,Fame,source,SurfaceMap.CollectYields,17
4,10,DP,sink,MinionRoster.TrySummon,-1124
4,10,DP,source,AdventurerAI.ReapEmotion,202
4,10,DP,source,AdventurerAI.GrantReturnReward,659
4,10,Fame,source,AdventurerAI.GrantReturnReward,110
4,10,Fame,source,LureEconomy.OnHeroEscaped,275
4,10,DP,sink,CommandSystem.TryUse,-1800
4,10,DP,source,AdventurerAI.TakeDamage,991
4,10,Material,source,AdventurerAI.TakeDamage,32
4,10,DP,stock,end,72
4,10,Material,stock,end,328
4,10,Fame,stock,end,817
4,11,DP,source,SurfaceMap.CollectYields,79
4,11,Material,source,SurfaceMap.CollectYields,3
4,11,Fame,source,SurfaceMap.CollectYields,17
4,11,DP,sink,MinionRoster.TrySummon,-142
4,11,DP,source,AdventurerAI.ReapEmotion,240
4,11,DP,source,AdventurerAI.TakeDamage,1443
4,11,Material,source,AdventurerAI.TakeDamage,50
4,11,DP,sink,CommandSystem.TryUse,-1750
4,11,Fame,source,AdventurerAI.GrantReturnReward,30
4,11,Fame,source,LureEconomy.OnHeroEscaped,75
4,11,DP,source,AdventurerAI.GrantReturnReward,288
4,11,DP,stock,end,230
4,11,Material,stock,end,381
4,11,Fame,stock,end,939
4,12,DP,source,SurfaceMap.CollectYields,106
4,12,Material,source,SurfaceMap.CollectYields,4
4,12,Fame,source,SurfaceMap.CollectYields,22
4,12,DP,source,DistrictCatalog.Collect,140
4,12,DP,sink,MinionRoster.TrySummon,-455
4,12,DP,source,AdventurerAI.ReapEmotion,98
4,12,DP,source,AdventurerAI.TakeDamage,1742
4,12,Material,source,AdventurerAI.TakeDamage,48
4,12,DP,sink,CommandSystem.TryUse,-1750
4,12,Fame,source,AdventurerAI.GrantReturnReward,90
4,12,Fame,source,LureEconomy.OnHeroEscaped,225
4,12,DP,source,AdventurerAI.GrantReturnReward,278
4,12,DP,stock,end,389
4,12,Material,stock,end,433
4,12,Fame,stock,end,1276
4,13,DP,source,SurfaceMap.CollectYields,59
4,13,Material,source,SurfaceMap.CollectYields,3
4,13,Fame,source,SurfaceMap.CollectYields,13
4,13,DP,source,DistrictCatalog.Collect,140
4,13,DP,sink,MinionRoster.TrySummon,-568
4,13,DP,source,AdventurerAI.ReapEmotion,243
4,13,DP,source,AdventurerAI.TakeDamage,1765
4,13,Material,source,AdventurerAI.TakeDamage,38
4,13,DP,sink,CommandSystem.TryUse,-2750
4,13,DP,source,AdventurerAI.GrantReturnReward,555
4,13,Fame,source,AdventurerAI.GrantReturnReward,70
4,13,Fame,source,LureEconomy.OnHeroEscaped,175
4,13,DP,source,Nemesis.OnSlain,697
4,13,Material,source,Nemesis.OnSlain,5
4,13,DP,stock,end,530
4,13,Material,stock,end,479
4,13,Fame,stock,end,1534
4,14,DP,source,SurfaceMap.CollectYields,59
4,14,Material,source,SurfaceMap.CollectYields,3
4,14,Fame,source,SurfaceMap.CollectYields,13
4,14,DP,source,DistrictCatalog.Collect,140
4,14,DP,sink,MinionRoster.TrySummon,-726
4,14,DP,source,AdventurerAI.ReapEmotion,252
4,14,DP,source,AdventurerAI.TakeDamage,1840
4,14,Material,source,AdventurerAI.TakeDamage,41
4,14,DP,sink,CommandSystem.TryUse,-1900
4,14,DP,source,AdventurerAI.GrantReturnReward,1043
4,14,Fame,source,AdventurerAI.GrantReturnReward,90
4,14,Fame,source,LureEconomy.OnHeroEscaped,225
4,14,DP,stock,end,1238
4,14,Material,stock,end,523
4,14,Fame,stock,end,1862
4,15,DP,source,SurfaceMap.CollectYields,79
4,15,Material,source,SurfaceMap.CollectYields,4
4,15,Fame,source,SurfaceMap.CollectYields,17
4,15,DP,source,DistrictCatalog.Collect,140
4,15,DP,sink,MinionRoster.TrySummon,-1452
4,15,DP,source,AdventurerAI.ReapEmotion,173
4,15,DP,source,AdventurerAI.TakeDamage,4184
4,15,Material,source,AdventurerAI.TakeDamage,70
4,15,DP,sink,CommandSystem.TryUse,-2250
4,15,DP,source,AdventurerAI.GrantReturnReward,1807
4,15,Fame,source,AdventurerAI.GrantReturnReward,100
4,15,Fame,source,LureEconomy.OnHeroEscaped,250
4,15,DP,source,Nemesis.OnSlain,4134
4,15,Material,source,Nemesis.OnSlain,27
4,15,DP,stock,end,8053
4,15,Material,stock,end,624
4,15,Fame,stock,end,2229
4,16,DP,source,SurfaceMap.CollectYields,79
4,16,Material,source,SurfaceMap.CollectYields,4
4,16,Fame,source,SurfaceMap.CollectYields,17
4,16,DP,source,DistrictCatalog.Collect,140
4,16,DP,source,EraSystem.TickTurn,600
4,16,DP,sink,MinionRoster.TrySummon,-7440
4,16,DP,sink,ProductionSystem.TryPurchase,-96
4,16,DP,sink,CommandSystem.TryUse,-3200
4,16,DP,source,AdventurerAI.ReapEmotion,320
4,16,Fame,source,AdventurerAI.GrantReturnReward,210
4,16,Fame,source,LureEconomy.OnHeroEscaped,525
4,16,DP,source,AdventurerAI.TakeDamage,1849
4,16,Material,source,AdventurerAI.TakeDamage,25
4,16,DP,source,AdventurerAI.GrantReturnReward,4590
4,16,DP,stock,end,4895
4,16,Material,stock,end,653
4,16,Fame,stock,end,2981
4,17,DP,source,SurfaceMap.CollectYields,101
4,17,Material,source,SurfaceMap.CollectYields,5
4,17,Fame,source,SurfaceMap.CollectYields,23
4,17,DP,source,DistrictCatalog.Collect,140
4,17,DP,source,EraSystem.TickTurn,720
4,17,DP,sink,MinionRoster.TrySummon,-4960
4,17,DP,sink,CommandSystem.TryUse,-3200
4,17,DP,source,AdventurerAI.ReapEmotion,502
4,17,Fame,source,AdventurerAI.GrantReturnReward,140
4,17,Fame,source,LureEconomy.OnHeroEscaped,350
4,17,DP,source,AdventurerAI.TakeDamage,3478
4,17,Material,source,AdventurerAI.TakeDamage,34
4,17,DP,source,AdventurerAI.GrantReturnReward,1148
4,17,DP,source,Nemesis.OnSlain,2382
4,17,Material,source,Nemesis.OnSlain,15
4,17,DP,stock,end,5206
4,17,Material,stock,end,707
4,17,Fame,stock,end,3494
4,18,DP,source,SurfaceMap.CollectYields,101
4,18,Material,source,SurfaceMap.CollectYields,5
4,18,Fame,source,SurfaceMap.CollectYields,23
4,18,DP,source,DistrictCatalog.Collect,154
4,18,DP,sink,MinionRoster.TrySummon,-5184
4,18,DP,source,AdventurerAI.ReapEmotion,314
4,18,DP,sink,CommandSystem.TryUse,-3200
4,18,DP,source,AdventurerAI.GrantReturnReward,2603
4,18,Fame,source,AdventurerAI.GrantReturnReward,220
4,18,Fame,source,LureEconomy.OnHeroEscaped,550
4,18,DP,source,AdventurerAI.TakeDamage,7814
4,18,Material,source,AdventurerAI.TakeDamage,71
4,18,DP,source,Nemesis.OnSlain,3983
4,18,Material,source,Nemesis.OnSlain,25
4,18,DP,stock,end,11791
4,18,Material,stock,end,808
4,18,Fame,stock,end,4287
4,19,DP,source,SurfaceMap.CollectYields,121
4,19,Material,source,SurfaceMap.CollectYields,6
4,19,Fame,source,SurfaceMap.CollectYields,27
4,19,DP,source,DistrictCatalog.Collect,154
4,19,DP,sink,MinionRoster.TrySummon,-8112
4,19,DP,source,IncidentSystem.Apply,600
4,19,DP,sink,CommandSystem.TryUse,-3200
4,19,Fame,source,AdventurerAI.GrantReturnReward,170
4,19,Fame,source,LureEconomy.OnHeroEscaped,425
4,19,DP,source,AdventurerAI.ReapEmotion,304
4,19,DP,source,AdventurerAI.GrantReturnReward,5486
4,19,DP,source,AdventurerAI.TakeDamage,4007
4,19,Material,source,AdventurerAI.TakeDamage,37
4,19,DP,source,Nemesis.OnSlain,2526
4,19,Material,source,Nemesis.OnSlain,15
4,19,DP,stock,end,13677
4,19,Material,stock,end,866
4,19,Fame,stock,end,4909
5,1,DP,sink,DungeonFeatureManager.TryPlaceTrap,-150
5,1,DP,source,AdventurerAI.TakeDamage,111
5,1,Material,source,AdventurerAI.TakeDamage,4
5,1,DP,source,AdventurerAI.ReapEmotion,146
5,1,DP,source,AdventurerAI.GrantReturnReward,547
5,1,Fame,source,AdventurerAI.GrantReturnReward,20
5,1,Fame,source,LureEconomy.OnHeroEscaped,50
5,1,DP,sink,CommandSystem.TryUse,-650
5,1,DP,stock,end,204
5,1,Material,stock,end,4
5,1,Fame,stock,end,70
5,2,DP,source,SurfaceMap.CollectYields,18
5,2,Material,source,SurfaceMap.CollectYields,1
5,2,Fame,source,SurfaceMap.CollectYields,4
5,2,DP,source,EraSystem.TickTurn,600
5,2,Fame,source,EraSystem.TickTurn,25
5,2,DP,sink,DungeonFeatureManager.TryPlaceTrap,-750
5,2,DP,source,AdventurerAI.ReapEmotion,118
5,2,DP,source,AdventurerAI.TakeDamage,213
5,2,Material,source,AdventurerAI.TakeDamage,12
5,2,DP,sink,CommandSystem.TryUse,-650
5,2,DP,source,AdventurerAI.GrantReturnReward,455
5,2,Fame,source,AdventurerAI.GrantReturnReward,20
5,2,Fame,source,LureEconomy.OnHeroEscaped,50
5,2,DP,stock,end,208
5,2,Material,stock,end,17
5,2,Fame,stock,end,169
5,3,DP,source,SurfaceMap.CollectYields,18
5,3,Material,source,SurfaceMap.CollectYields,1
5,3,Fame,source,SurfaceMap.CollectYields,4
5,3,DP,source,EraSystem.TickTurn,600
5,3,Fame,source,EraSystem.TickTurn,25
5,3,DP,sink,DungeonFeatureManager.TryPlaceTrap,-150
5,3,DP,sink,DungeonFeatureManager.TryPlaceFeature,-250
5,3,DP,sink,DungeonFeatureManager.TryPlaceHabitat,-120
5,3,DP,sink,MinionRoster.TrySummon,-294
5,3,DP,source,AdventurerAI.ReapEmotion,224
5,3,DP,source,AdventurerAI.TakeDamage,317
5,3,Material,source,AdventurerAI.TakeDamage,8
5,3,DP,sink,CommandSystem.TryUse,-650
5,3,DP,source,AdventurerAI.GrantReturnReward,510
5,3,Fame,source,AdventurerAI.GrantReturnReward,20
5,3,Fame,source,LureEconomy.OnHeroEscaped,50
5,3,DP,stock,end,413
5,3,Material,stock,end,26
5,3,Fame,stock,end,268
5,4,DP,source,SurfaceMap.CollectYields,18
5,4,Material,source,SurfaceMap.CollectYields,1
5,4,Fame,source,SurfaceMap.CollectYields,4
5,4,DP,source,EraSystem.TickTurn,600
5,4,DP,sink,DungeonFeatureManager.TryPlaceFeature,-250
5,4,DP,sink,DungeonFeatureManager.TryPlaceHabitat,-280
5,4,DP,sink,MinionRoster.TrySummon,-494
5,4,DP,source,AdventurerAI.ReapEmotion,184
5,4,DP,source,AdventurerAI.TakeDamage,525
5,4,Material,source,AdventurerAI.TakeDamage,23
5,4,DP,sink,CommandSystem.TryUse,-300
5,4,Fame,source,AdventurerAI.GrantReturnReward,10
5,4,Fame,source,LureEconomy.OnHeroEscaped,25
5,4,DP,stock,end,416
5,4,Material,stock,end,50
5,4,Fame,stock,end,307
5,5,DP,source,SurfaceMap.CollectYields,18
5,5,Material,source,SurfaceMap.CollectYields,1
5,5,Fame,source,SurfaceMap.CollectYields,4
5,5,DP,source,EraSystem.TickTurn,600
5,5,DP,sink,DungeonFeatureManager.TryPlaceFeature,-250
5,5,DP,sink,DungeonFeatureManager.TryPlaceHabitat,-160
5,5,DP,sink,MinionRoster.TrySummon,-606
5,5,DP,source,AdventurerAI.ReapEmotion,132
5,5,DP,source,AdventurerAI.TakeDamage,1162
5,5,Material,source,AdventurerAI.TakeDamage,36
5,5,DP,sink,CommandSystem.TryUse,-950
5,5,DP,stock,end,362
5,5,Material,stock,end,87
5,5,Fame,stock,end,311
5,6,DP,source,SurfaceMap.CollectYields,39
5,6,Material,source,SurfaceMap.CollectYields,2
5,6,Fame,source,SurfaceMap.CollectYields,9
5,6,DP,source,EraSystem.TickTurn,1020
5,6,DP,sink,MinionRoster.TrySummon,-1414
5,6,DP,source,AdventurerAI.GrantReturnReward,189
5,6,Fame,source,AdventurerAI.GrantReturnReward,20
5,6,Fame,source,LureEconomy.OnHeroEscaped,50
5,6,DP,source,AdventurerAI.ReapEmotion,126
5,6,DP,source,AdventurerAI.TakeDamage,713
5,6,Material,source,AdventurerAI.TakeDamage,14
5,6,DP,sink,CommandSystem.TryUse,-950
5,6,DP,source,Nemesis.OnSlain,518
5,6,Material,source,Nemesis.OnSlain,5
5,6,DP,stock,end,603
5,6,Material,stock,end,108
5,6,Fame,stock,end,390
5,7,DP,source,SurfaceMap.CollectYields,39
5,7,Material,source,SurfaceMap.CollectYields,2
5,7,Fame,source,SurfaceMap.CollectYields,9
5,7,DP,source,EraSystem.TickTurn,600
5,7,Material,source,EraSystem.TickTurn,10
5,7,DP,sink,MinionRoster.TrySummon,-1224
5,7,DP,source,AdventurerAI.ReapEmotion,201
5,7,DP,source,AdventurerAI.TakeDamage,824
5,7,Material,source,AdventurerAI.TakeDamage,16
5,7,DP,sink,CommandSystem.TryUse,-1300
5,7,DP,source,AdventurerAI.GrantReturnReward,263
5,7,Fame,source,AdventurerAI.GrantReturnReward,20
5,7,Fame,source,LureEconomy.OnHeroEscaped,50
5,7,DP,stock,end,6
5,7,Material,stock,end,136
5,7,Fame,stock,end,469
5,8,DP,source,SurfaceMap.CollectYields,39
5,8,Material,source,SurfaceMap.CollectYields,2
5,8,Fame,source,SurfaceMap.CollectYields,9
5,8,DP,sink,MinionRoster.TrySummon,-26
5,8,DP,source,AdventurerAI.ReapEmotion,214
5,8,DP,source,AdventurerAI.TakeDamage,981
5,8,Material,source,AdventurerAI.TakeDamage,28
5,8,DP,sink,CommandSystem.TryUse,-1900
5,8,DP,source,Nemesis.OnSlain,1134
5,8,Material,source,Nemesis.OnSlain,10
5,8,Fame,source,AdventurerAI.GrantReturnReward,20
5,8,Fame,source,LureEconomy.OnHeroEscaped,50
5,8,DP,stock,end,448
5,8,Material,stock,end,176
5,8,Fame,stock,end,548
5,9,DP,source,SurfaceMap.CollectYields,69
5,9,Material,source,SurfaceMap.CollectYields,3
5,9,Fame,source,SurfaceMap.CollectYields,17
5,9,DP,source,EraSystem.TickTurn,1020
5,9,Fame,source,EraSystem.TickTurn,25
5,9,DP,sink,MinionRoster.TrySummon,-1534
5,9,DP,source,AdventurerAI.ReapEmotion,254
5,9,DP,source,AdventurerAI.TakeDamage,1200
5,9,Material,source,AdventurerAI.TakeDamage,24
5,9,DP,sink,CommandSystem.TryUse,-1300
5,9,DP,source,AdventurerAI.GrantReturnReward,263
5,9,Fame,source,AdventurerAI.GrantReturnReward,10
5,9,Fame,source,LureEconomy.OnHeroEscaped,25
5,9,DP,stock,end,420
5,9,Material,stock,end,203
5,9,Fame,stock,end,625
5,10,DP,source,SurfaceMap.CollectYields,79
5,10,Material,source,SurfaceMap.CollectYields,3
5,10,Fame,source,SurfaceMap.CollectYields,17
5,10,DP,sink,MinionRoster.TrySummon,-486
5,10,DP,source,AdventurerAI.ReapEmotion,158
5,10,DP,source,AdventurerAI.TakeDamage,1518
5,10,Material,source,AdventurerAI.TakeDamage,45
5,10,DP,sink,CommandSystem.TryUse,-1450
5,10,DP,source,Nemesis.OnSlain,1232
5,10,Material,source,Nemesis.OnSlain,10
5,10,DP,stock,end,1471
5,10,Material,stock,end,261
5,10,Fame,stock,end,642
5,11,DP,source,SurfaceMap.CollectYields,79
5,11,Material,source,SurfaceMap.CollectYields,3
5,11,Fame,source,SurfaceMap.CollectYields,17
5,11,DP,sink,MinionRoster.TrySummon,-1536
5,11,DP,source,AdventurerAI.ReapEmotion,278
5,11,DP,source,AdventurerAI.GrantReturnReward,425
5,11,Fame,source,AdventurerAI.GrantReturnReward,30
5,11,Fame,source,LureEconomy.OnHeroEscaped,75
5,11,DP,sink,CommandSystem.TryUse,-1750
5,11,DP,source,AdventurerAI.TakeDamage,1168
5,11,Material,source,AdventurerAI.TakeDamage,33
5,11,DP,stock,end,135
5,11,Material,stock,end,297
5,11,Fame,stock,end,764
5,12,DP,source,SurfaceMap.CollectYields,107
5,12,Material,source,SurfaceMap.CollectYields,4
5,12,Fame,source,SurfaceMap.CollectYields,23
5,12,DP,source,DistrictCatalog.Collect,98
5,12,DP,sink,MinionRoster.TrySummon,-313
5,12,DP,source,AdventurerAI.ReapEmotion,210
5,12,DP,source,AdventurerAI.TakeDamage,1689
5,12,Material,source,AdventurerAI.TakeDamage,39
5,12,DP,sink,CommandSystem.TryUse,-2250
5,12,DP,source,AdventurerAI.GrantReturnReward,140
5,12,Fame,source,AdventurerAI.GrantReturnReward,20
5,12,Fame,source,LureEconomy.OnHeroEscaped,50
5,12,DP,source,Nemesis.OnSlain,648
5,12,Material,source,Nemesis.OnSlain,5
5,12,DP,stock,end,464
5,12,Material,stock,end,345
5,12,Fame,stock,end,857
5,13,DP,source,SurfaceMap.CollectYields,83
5,13,Material,source,SurfaceMap.CollectYields,4
5,13,Fame,source,SurfaceMap.CollectYields,19
5,13,DP,source,DistrictCatalog.Collect,98
5,13,DP,source,EraSystem.TickTurn,300
5,13,DP,sink,MinionRoster.TrySummon,-938
5,13,DP,source,AdventurerAI.ReapEmotion,236
5,13,DP,source,AdventurerAI.TakeDamage,1919
5,13,Material,source,AdventurerAI.TakeDamage,55
5,13,DP,sink,CommandSystem.TryUse,-1800
5,13,DP,source,AdventurerAI.GrantReturnReward,157
5,13,Fame,source,AdventurerAI.GrantReturnReward,10
5,13,Fame,source,LureEconomy.OnHeroEscaped,25
5,13,DP,stock,end,519
5,13,Material,stock,end,404
5,13,Fame,stock,end,911
5,14,DP,source,SurfaceMap.CollectYields,83
5,14,Material,source,SurfaceMap.CollectYields,4
5,14,Fame,source,SurfaceMap.CollectYields,19
5,14,DP,source,DistrictCatalog.Collect,98
5,14,DP,sink,MinionRoster.TrySummon,-690
5,14,DP,source,AdventurerAI.ReapEmotion,151
5,14,DP,source,AdventurerAI.TakeDamage,2557
5,14,Material,source,AdventurerAI.TakeDamage,82
5,14,DP,source,AdventurerAI.GrantReturnReward,443
5,14,Fame,source,AdventurerAI.GrantReturnReward,60
5,14,Fame,source,LureEconomy.OnHeroEscaped,150
5,14,DP,sink,CommandSystem.TryUse,-2250
5,14,DP,source,Nemesis.OnSlain,959
5,14,Material,source,Nemesis.OnSlain,7
5,14,DP,stock,end,1870
5,14,Material,stock,end,497
5,14,Fame,stock,end,1140
5,15,DP,source,SurfaceMap.CollectYields,83
5,15,Material,source,SurfaceMap.CollectYields,4
5,15,Fame,source,SurfaceMap.CollectYields,19
5,15,DP,source,DistrictCatalog.Collect,98
5,15,DP,source,EraSystem.TickTurn,300
5,15,DP,sink,MinionRoster.TrySummon,-2335
5,15,DP,source,AdventurerAI.ReapEmotion,391
5,15,DP,sink,CommandSystem.TryUse,-2250
5,15,DP,source,AdventurerAI.TakeDamage,2745
5,15,Material,source,AdventurerAI.TakeDamage,62
5,15,DP,source,AdventurerAI.GrantReturnReward,87
5,15,Fame,source,AdventurerAI.GrantReturnReward,10
5,15,Fame,source,LureEconomy.OnHeroEscaped,25
5,15,DP,stock,end,989
5,15,Material,stock,end,563
5,15,Fame,stock,end,1194
5,16,DP,source,SurfaceMap.CollectYields,83
5,16,Material,source,SurfaceMap.CollectYields,4
5,16,Fame,source,SurfaceMap.CollectYields,19
5,16,DP,source,DistrictCatalog.Collect,112
5,16,DP,source,EraSystem.TickTurn,300
5,16,DP,sink,MinionRoster.TrySummon,-1483
5,16,DP,source,AdventurerAI.ReapEmotion,189
5,16,DP,source,AdventurerAI.TakeDamage,2150
5,16,Material,source,AdventurerAI.TakeDamage,36
5,16,DP,sink,CommandSystem.TryUse,-3200
5,16,DP,source,AdventurerAI.GrantReturnReward,1273
5,16,Fame,source,AdventurerAI.GrantReturnReward,160
5,16,Fame,source,LureEconomy.OnHeroEscaped,400
5,16,DP,stock,end,413
5,16,Material,stock,end,603
5,16,Fame,stock,end,1773
5,17,DP,source,SurfaceMap.CollectYields,124
5,17,Material,source,SurfaceMap.CollectYields,6
5,17,Fame,source,SurfaceMap.CollectYields,28
5,17,DP,source,DistrictCatalog.Collect,112
5,17,DP,source,EraSystem.TickTurn,720
5,17,DP,sink,MinionRoster.TrySummon,-1344
5,17,DP,source,AdventurerAI.ReapEmotion,102
5,17,DP,source,AdventurerAI.TakeDamage,5019
5,17,Material,source,AdventurerAI.TakeDamage,72
5,17,DP,sink,CommandSystem.TryUse,-2250
5,17,Fame,source,AdventurerAI.GrantReturnReward,130
5,17,Fame,source,LureEconomy.OnHeroEscaped,325
5,17,DP,source,AdventurerAI.GrantReturnReward,1835
5,17,DP,source,Nemesis.OnSlain,761
5,17,Material,source,Nemesis.OnSlain,5
5,17,DP,stock,end,5492
5,17,Material,stock,end,686
5,17,Fame,stock,end,2256
5,18,DP,source,SurfaceMap.CollectYields,124
5,18,Material,source,SurfaceMap.CollectYields,6
5,18,Fame,source,SurfaceMap.CollectYields,28
5,18,DP,source,DistrictCatalog.Collect,126
5,18,DP,sink,MinionRoster.TrySummon,-4960
5,18,DP,sink,CommandSystem.TryUse,-3200
5,18,DP,source,AdventurerAI.ReapEmotion,168
5,18,DP,source,AdventurerAI.TakeDamage,1820
5,18,Material,source,AdventurerAI.TakeDamage,18
5,18,Fame,source,AdventurerAI.GrantReturnReward,170
5,18,Fame,source,LureEconomy.OnHeroEscaped,425
5,18,DP,source,AdventurerAI.GrantReturnReward,3505
5,18,DP,source,Nemesis.OnSlain,2916
5,18,Material,source,Nemesis.OnSlain,19
5,18,DP,stock,end,5991
5,18,Material,stock,end,729
5,18,Fame,stock,end,2879
5,19,DP,source,SurfaceMap.CollectYields,147
5,19,Material,source,SurfaceMap.CollectYields,7
5,19,Fame,source,SurfaceMap.CollectYields,33
5,19,DP,source,DistrictCatalog.Collect,126
5,19,DP,sink,MinionRoster.TrySummon,-5184
5,19,DP,sink,CommandSystem.TryUse,-3200
5,19,DP,source,AdventurerAI.ReapEmotion,257
5,19,DP,source,AdventurerAI.TakeDamage,1644
5,19,Material,source,AdventurerAI.TakeDamage,15
5,19,Fame,source,AdventurerAI.GrantReturnReward,190
5,19,Fame,source,LureEconomy.OnHeroEscaped,475
5,19,DP,source,AdventurerAI.GrantReturnReward,2018
5,19,DP,stock,end,1799
5,19,Material,stock,end,751
5,19,Fame,stock,end,3577
5,20,DP,source,SurfaceMap.CollectYields,147
5,20,Material,source,SurfaceMap.CollectYields,7
5,20,Fame,source,SurfaceMap.CollectYields,33
5,20,DP,source,DistrictCatalog.Collect,126
5,20,DP,sink,MinionRoster.TrySummon,-2066
5,20,DP,source,AdventurerAI.ReapEmotion,196
5,20,DP,source,AdventurerAI.TakeDamage,8270
5,20,Material,source,AdventurerAI.TakeDamage,60
5,20,DP,sink,CommandSystem.TryUse,-3400
5,20,DP,source,AdventurerAI.GrantReturnReward,5235
5,20,Fame,source,AdventurerAI.GrantReturnReward,150
5,20,Fame,source,LureEconomy.OnHeroEscaped,375
5,20,DP,source,Nemesis.OnSlain,2526
5,20,Material,source,Nemesis.OnSlain,15
5,20,DP,stock,end,12833
5,20,Material,stock,end,833
5,20,Fame,stock,end,4135
5,21,DP,source,SurfaceMap.CollectYields,147
5,21,Material,source,SurfaceMap.CollectYields,7
5,21,Fame,source,SurfaceMap.CollectYields,33
5,21,DP,source,DistrictCatalog.Collect,154
5,21,DP,sink,MinionRoster.TrySummon,-8112
5,21,DP,sink,CommandSystem.TryUse,-3200
5,21,DP,source,AdventurerAI.TakeDamage,2755
5,21,Material,source,AdventurerAI.TakeDamage,18
5,21,DP,source,AdventurerAI.GrantReturnReward,2170
5,21,Fame,source,AdventurerAI.GrantReturnReward,200
5,21,Fame,source,LureEconomy.OnHeroEscaped,500
5,21,DP,source,AdventurerAI.ReapEmotion,376
5,21,DP,stock,end,7123
5,21,Material,stock,end,858
5,21,Fame,stock,end,4868
5,22,DP,source,SurfaceMap.CollectYields,221
5,22,Material,source,SurfaceMap.CollectYields,8
5,22,Fame,source,SurfaceMap.CollectYields,46
5,22,DP,source,DistrictCatalog.Collect,154
5,22,DP,sink,MinionRoster.TrySummon,-6318
5,22,DP,sink,CommandSystem.TryUse,-3200
5,22,DP,source,AdventurerAI.ReapEmotion,252
5,22,DP,source,AdventurerAI.TakeDamage,3702
5,22,Material,source,AdventurerAI.TakeDamage,21
5,22,Fame,source,AdventurerAI.GrantReturnReward,210
5,22,Fame,source,LureEconomy.OnHeroEscaped,525
5,22,DP,source,AdventurerAI.GrantReturnReward,696
5,22,DP,stock,end,2630
5,22,Material,stock,end,887
5,22,Fame,stock,end,5649
5,23,DP,source,SurfaceMap.CollectYields,221
5,23,Material,source,SurfaceMap.CollectYields,8
5,23,Fame,source,SurfaceMap.CollectYields,46
5,23,DP,source,DistrictCatalog.Collect,154
5,23,DP,sink,MinionRoster.TrySummon,-2993
5,23,DP,source,AdventurerAI.ReapEmotion,122
5,23,DP,source,AdventurerAI.TakeDamage,12932
5,23,Material,source,AdventurerAI.TakeDamage,81
5,23,DP,sink,CommandSystem.TryUse,-2250
5,23,Fame,source,AdventurerAI.GrantReturnReward,80
5,23,Fame,source,LureEconomy.OnHeroEscaped,200
5,23,DP,source,AdventurerAI.GrantReturnReward,456
5,23,DP,source,Nemesis.OnSlain,3248
5,23,Material,source,Nemesis.OnSlain,18
5,23,DP,stock,end,14520
5,23,Material,stock,end,994
5,23,Fame,stock,end,5975
5,24,DP,source,SurfaceMap.CollectYields,193
5,24,Material,source,SurfaceMap.CollectYields,7
5,24,Fame,source,SurfaceMap.CollectYields,40
5,24,DP,source,DistrictCatalog.Collect,154
5,24,DP,sink,MinionRoster.TrySummon,-8736
5,24,DP,sink,CommandSystem.TryUse,-3200
5,24,Fame,source,AdventurerAI.GrantReturnReward,250
5,24,Fame,source,LureEconomy.OnHeroEscaped,625
5,24,DP,source,AdventurerAI.ReapEmotion,429
5,24,DP,source,AdventurerAI.GrantReturnReward,3074
5,24,DP,source,AdventurerAI.TakeDamage,3816
5,24,Material,source,AdventurerAI.TakeDamage,18
5,24,DP,stock,end,10250
5,24,Material,stock,end,1019
5,24,Fame,stock,end,6890
5,25,DP,source,SurfaceMap.CollectYields,181
5,25,Material,source,SurfaceMap.CollectYields,7
5,25,Fame,source,SurfaceMap.CollectYields,40
5,25,DP,source,DistrictCatalog.Collect,28
5,25,DP,source,EraSystem.TickTurn,3840
5,25,DP,sink,MinionRoster.TrySummon,-9072
5,25,DP,sink,CommandSystem.TryUse,-3200
5,25,Fame,source,AdventurerAI.GrantReturnReward,230
5,25,Fame,source,LureEconomy.OnHeroEscaped,575
5,25,DP,source,AdventurerAI.ReapEmotion,238
5,25,DP,source,AdventurerAI.GrantReturnReward,2802
5,25,DP,source,AdventurerAI.TakeDamage,6264
5,25,Material,source,AdventurerAI.TakeDamage,44
5,25,DP,source,Nemesis.OnSlain,3757
5,25,Material,source,Nemesis.OnSlain,19
5,25,DP,stock,end,15088
5,25,Material,stock,end,1089
5,25,Fame,stock,end,7735
5,26,DP,source,SurfaceMap.CollectYields,158
5,26,Material,source,SurfaceMap.CollectYields,7
5,26,Fame,source,SurfaceMap.CollectYields,33
5,26,DP,source,DistrictCatalog.Collect,28
5,26,DP,source,EraSystem.TickTurn,6528
5,26,DP,sink,MinionRoster.TrySummon,-9408
5,26,DP,sink,CommandSystem.TryUse,-3200
5,26,Fame,source,AdventurerAI.GrantReturnReward,140
5,26,Fame,source,LureEconomy.OnHeroEscaped,350
5,26,DP,source,AdventurerAI.ReapEmotion,437
5,26,DP,source,AdventurerAI.GrantReturnReward,1670
5,26,DP,source,AdventurerAI.TakeDamage,24037
5,26,Material,source,AdventurerAI.TakeDamage,124
5,26,DP,source,Nemesis.OnSlain,3444
5,26,Material,source,Nemesis.OnSlain,18
5,26,DP,stock,end,38782
5,26,Material,stock,end,1238
5,26,Fame,stock,end,8258
5,27,DP,source,SurfaceMap.CollectYields,181
5,27,Material,source,SurfaceMap.CollectYields,8
5,27,Fame,source,SurfaceMap.CollectYields,38
5,27,DP,source,DistrictCatalog.Collect,28
5,27,DP,source,EraSystem.TickTurn,6528
5,27,DP,sink,MinionRoster.TrySummon,-9408
5,27,DP,sink,CommandSystem.TryUse,-3200
5,27,Fame,source,AdventurerAI.GrantReturnReward,250
5,27,Fame,source,LureEconomy.OnHeroEscaped,625
5,27,DP,source,AdventurerAI.ReapEmotion,221
5,27,DP,source,AdventurerAI.GrantReturnReward,5566
5,27,DP,source,AdventurerAI.TakeDamage,12381
5,27,Material,source,AdventurerAI.TakeDamage,71
5,27,DP,source,Nemesis.OnSlain,2964
5,27,Material,source,Nemesis.OnSlain,18
5,27,DP,stock,end,54043
5,27,Material,stock,end,1335
5,27,Fame,stock,end,9171
5,28,DP,source,SurfaceMap.CollectYields,181
5,28,Material,source,SurfaceMap.CollectYields,9
5,28,Fame,source,SurfaceMap.CollectYields,38
5,28,DP,source,DistrictCatalog.Collect,28
5,28,DP,source,EraSystem.TickTurn,3840
5,28,Material,source,EraSystem.TickTurn,37
5,28,Fame,source,EraSystem.TickTurn,80
5,28,DP,sink,MinionRoster.TrySummon,-9408
5,28,DP,sink,CommandSystem.TryUse,-3200
5,28,Fame,source,AdventurerAI.GrantReturnReward,220
5,28,Fame,source,LureEconomy.OnHeroEscaped,550
5,28,DP,source,AdventurerAI.ReapEmotion,167
5,28,DP,source,AdventurerAI.TakeDamage,5510
5,28,Material,source,AdventurerAI.TakeDamage,27
5,28,DP,source,AdventurerAI.GrantReturnReward,2369
5,28,DP,source,Nemesis.OnSlain,2008
5,28,Material,source,Nemesis.OnSlain,12
5,28,DP,stock,end,55538
5,28,Material,stock,end,1420
5,28,Fame,stock,end,10059
5,29,DP,source,SurfaceMap.CollectYields,181
5,29,Material,source,SurfaceMap.CollectYields,9
5,29,Fame,source,SurfaceMap.CollectYields,38
5,29,DP,source,DistrictCatalog.Collect,28
5,29,DP,source,EraSystem.TickTurn,6528
5,29,Fame,source,EraSystem.TickTurn,192
5,29,DP,sink,MinionRoster.TrySummon,-9720
5,29,DP,sink,IncidentSystem.Apply,-800
5,29,DP,sink,CommandSystem.TryUse,-3200
5,29,Fame,source,AdventurerAI.GrantReturnReward,240
5,29,Fame,source,LureEconomy.OnHeroEscaped,600
5,29,DP,source,AdventurerAI.ReapEmotion,200
5,29,DP,source,AdventurerAI.GrantReturnReward,3062
5,29,DP,source,AdventurerAI.TakeDamage,4683
5,29,Material,source,AdventurerAI.TakeDamage,21
5,29,DP,source,Nemesis.OnSlain,1037
5,29,Material,source,Nemesis.OnSlain,6
5,29,DP,stock,end,57537
5,29,Material,stock,end,1456
5,29,Fame,stock,end,11129
6,1,DP,sink,DungeonFeatureManager.TryPlaceTrap,-150
6,1,Fame,source,AdventurerAI.GrantReturnReward,10
6,1,Fame,source,LureEconomy.OnHeroEscaped,25
6,1,DP,source,AdventurerAI.TakeDamage,165
6,1,Material,source,AdventurerAI.TakeDamage,6
6,1,DP,stock,end,215
6,1,Material,stock,end,6
6,1,Fame,stock,end,35
6,2,DP,source,SurfaceMap.CollectYields,18
6,2,Material,source,SurfaceMap.CollectYields,1
6,2,Fame,source,SurfaceMap.CollectYields,4
6,2,DP,source,EraSystem.TickTurn,600
6,2,Fame,source,EraSystem.TickTurn,25
6,2,DP,sink,DungeonFeatureManager.TryPlaceTrap,-750
6,2,DP,source,AdventurerAI.ReapEmotion,102
6,2,DP,source,AdventurerAI.TakeDamage,320
6,2,Material,source,AdventurerAI.TakeDamage,20
6,2,DP,sink,CommandSystem.TryUse,-300
6,2,DP,stock,end,205
6,2,Material,stock,end,27
6,2,Fame,stock,end,64
6,3,DP,source,SurfaceMap.CollectYields,18
6,3,Material,source,SurfaceMap.CollectYields,1
6,3,Fame,source,SurfaceMap.CollectYields,4
6,3,DP,source,EraSystem.TickTurn,600
6,3,DP,sink,DungeonFeatureManager.TryPlaceTrap,-150
6,3,DP,sink,DungeonFeatureManager.TryPlaceFeature,-250
6,3,DP,sink,DungeonFeatureManager.TryPlaceHabitat,-340
6,3,DP,source,AdventurerAI.TakeDamage,405
6,3,Material,source,AdventurerAI.TakeDamage,22
6,3,DP,source,AdventurerAI.ReapEmotion,108
6,3,DP,sink,CommandSystem.TryUse,-650
6,3,DP,source,Nemesis.OnSlain,405
6,3,Material,source,Nemesis.OnSlain,5
6,3,DP,stock,end,351
6,3,Material,stock,end,55
6,3,Fame,stock,end,68
6,4,DP,source,SurfaceMap.CollectYields,18
6,4,Material,source,SurfaceMap.CollectYields,1
6,4,Fame,source,SurfaceMap.CollectYields,4
6,4,DP,source,EraSystem.TickTurn,600
6,4,DP,sink,MinionRoster.TrySummon,-176
6,4,DP,sink,CommandSystem.TryUse,-1600
6,4,Fame,source,AdventurerAI.GrantReturnReward,70
6,4,Fame,source,LureEconomy.OnHeroEscaped,175
6,4,DP,source,AdventurerAI.TakeDamage,298
6,4,Material,source,AdventurerAI.TakeDamage,8
6,4,DP,source,AdventurerAI.ReapEmotion,72
6,4,DP,source,AdventurerAI.GrantReturnReward,570
6,4,DP,stock,end,133
6,4,Material,stock,end,64
6,4,Fame,stock,end,317
6,5,DP,source,SurfaceMap.CollectYields,18
6,5,Material,source,SurfaceMap.CollectYields,1
6,5,Fame,source,SurfaceMap.CollectYields,4
6,5,DP,source,EraSystem.TickTurn,600
6,5,Material,source,EraSystem.TickTurn,10
6,5,DP,sink,DungeonFeatureManager.TryPlaceFeature,-250
6,5,DP,sink,DungeonFeatureManager.TryPlaceHabitat,-160
6,5,DP,sink,MinionRoster.TrySummon,-336
6,5,DP,source,AdventurerAI.ReapEmotion,130
6,5,DP,source,AdventurerAI.TakeDamage,747
6,5,Material,source,AdventurerAI.TakeDamage,20
6,5,DP,sink,CommandSystem.TryUse,-300
6,5,DP,stock,end,582
6,5,Material,stock,end,95
6,5,Fame,stock,end,321
6,6,DP,source,SurfaceMap.CollectYields,39
6,6,Material,source,SurfaceMap.CollectYields,2
6,6,Fame,source,SurfaceMap.CollectYields,9
6,6,DP,source,EraSystem.TickTurn,1020
6,6,DP,sink,MinionRoster.TrySummon,-1638
6,6,DP,source,AdventurerAI.ReapEmotion,138
6,6,DP,source,AdventurerAI.TakeDamage,760
6,6,Material,source,AdventurerAI.TakeDamage,20
6,6,DP,sink,CommandSystem.TryUse,-1800
6,6,DP,source,AdventurerAI.GrantReturnReward,57
6,6,Fame,source,AdventurerAI.GrantReturnReward,10
6,6,Fame,source,LureEconomy.OnHeroEscaped,25
6,6,DP,source,Nemesis.OnSlain,1036
6,6,Material,source,Nemesis.OnSlain,10
6,6,DP,stock,end,194
6,6,Material,stock,end,127
6,6,Fame,stock,end,365
6,7,DP,source,SurfaceMap.CollectYields,39
6,7,Material,source,SurfaceMap.CollectYields,2
6,7,Fame,source,SurfaceMap.CollectYields,9
6,7,DP,source,EraSystem.TickTurn,600
6,7,Fame,source,EraSystem.TickTurn,25
6,7,DP,sink,MinionRoster.TrySummon,-816
6,7,DP,source,AdventurerAI.ReapEmotion,139
6,7,DP,source,AdventurerAI.TakeDamage,950
6,7,Material,source,AdventurerAI.TakeDamage,30
6,7,DP,sink,CommandSystem.TryUse,-950
6,7,DP,source,Nemesis.OnSlain,1070
6,7,Material,source,Nemesis.OnSlain,10
6,7,DP,stock,end,1226
6,7,Material,stock,end,169
6,7,Fame,stock,end,399
6,8,DP,source,SurfaceMap.CollectYields,39
6,8,Material,source,SurfaceMap.CollectYields,2
6,8,Fame,source,SurfaceMap.CollectYields,9
6,8,DP,source,EraSystem.TickTurn,300
6,8,DP,sink,MinionRoster.TrySummon,-1559
6,8,DP,source,AdventurerAI.ReapEmotion,141
6,8,DP,source,AdventurerAI.TakeDamage,853
6,8,Material,source,AdventurerAI.TakeDamage,37
6,8,DP,sink,CommandSystem.TryUse,-1800
6,8,Fame,source,AdventurerAI.GrantReturnReward,20
6,8,Fame,source,LureEconomy.OnHeroEscaped,50
6,8,DP,source,AdventurerAI.GrantReturnReward,58
6,8,DP,source,Nemesis.OnSlain,1102
6,8,Material,source,Nemesis.OnSlain,10
6,8,DP,stock,end,360
6,8,Material,stock,end,218
6,8,Fame,stock,end,478
6,9,DP,source,SurfaceMap.CollectYields,69
6,9,Material,source,SurfaceMap.CollectYields,3
6,9,Fame,source,SurfaceMap.CollectYields,17
6,9,DP,source,EraSystem.TickTurn,1020
6,9,Fame,source,EraSystem.TickTurn,25
6,9,DP,sink,MinionRoster.TrySummon,-1431
6,9,DP,source,IncidentSystem.Apply,600
6,9,DP,sink,CommandSystem.TryUse,-2250
6,9,DP,source,AdventurerAI.ReapEmotion,169
6,9,DP,source,AdventurerAI.TakeDamage,1017
6,9,Material,source,AdventurerAI.TakeDamage,33
6,9,DP,source,Nemesis.OnSlain,583
6,9,Material,source,Nemesis.OnSlain,5
6,9,Fame,source,AdventurerAI.GrantReturnReward,10
6,9,Fame,source,LureEconomy.OnHeroEscaped,25
6,9,DP,stock,end,137
6,9,Material,stock,end,259
6,9,Fame,stock,end,555
6,10,DP,source,SurfaceMap.CollectYields,52
6,10,Material,source,SurfaceMap.CollectYields,2
6,10,Fame,source,SurfaceMap.CollectYields,11
6,10,DP,sink,MinionRoster.TrySummon,-189
6,10,DP,source,AdventurerAI.ReapEmotion,128
6,10,DP,source,AdventurerAI.TakeDamage,1423
6,10,Material,source,AdventurerAI.TakeDamage,55
6,10,DP,sink,CommandSystem.TryUse,-2250
6,10,DP,source,AdventurerAI.GrantReturnReward,251
6,10,Fame,source,AdventurerAI.GrantReturnReward,20
6,10,Fame,source,LureEconomy.OnHeroEscaped,50
6,10,DP,source,Nemesis.OnSlain,599
6,10,Material,source,Nemesis.OnSlain,5
6,10,DP,stock,end,151
6,10,Material,stock,end,321
6,10,Fame,stock,end,636
6,11,DP,source,SurfaceMap.CollectYields,52
6,11,Material,source,SurfaceMap.CollectYields,2
6,11,Fame,source,SurfaceMap.CollectYields,11
6,11,DP,sink,MinionRoster.TrySummon,-199
6,11,DP,source,AdventurerAI.ReapEmotion,153
6,11,DP,source,AdventurerAI.TakeDamage,1244
6,11,Material,source,AdventurerAI.TakeDamage,40
6,11,DP,sink,CommandSystem.TryUse,-1800
6,11,DP,source,AdventurerAI.GrantReturnReward,258
6,11,Fame,source,AdventurerAI.GrantReturnReward,20
6,11,Fame,source,LureEconomy.OnHeroEscaped,50
6,11,DP,source,Nemesis.OnSlain,616
6,11,Material,source,Nemesis.OnSlain,5
6,11,DP,stock,end,475
6,11,Material,stock,end,368
6,11,Fame,stock,end,717
6,12,DP,source,SurfaceMap.CollectYields,79
6,12,Material,source,SurfaceMap.CollectYields,3
6,12,Fame,source,SurfaceMap.CollectYields,17
6,12,DP,source,DistrictCatalog.Collect,140
6,12,DP,sink,MinionRoster.TrySummon,-682
6,12,DP,source,AdventurerAI.ReapEmotion,138
6,12,DP,source,AdventurerAI.TakeDamage,981
6,12,Material,source,AdventurerAI.TakeDamage,31
6,12,DP,sink,CommandSystem.TryUse,-1900
6,12,DP,source,AdventurerAI.GrantReturnReward,868
6,12,Fame,source,AdventurerAI.GrantReturnReward,60
6,12,Fame,source,LureEconomy.OnHeroEscaped,150
6,12,DP,source,Nemesis.OnSlain,648
6,12,Material,source,Nemesis.OnSlain,5
6,12,DP,stock,end,747
6,12,Material,stock,end,407
6,12,Fame,stock,end,944
6,13,DP,source,SurfaceMap.CollectYields,62
6,13,Material,source,SurfaceMap.CollectYields,3
6,13,Fame,source,SurfaceMap.CollectYields,14
6,13,DP,source,DistrictCatalog.Collect,140
6,13,DP,sink,MinionRoster.TrySummon,-930
6,13,DP,source,AdventurerAI.ReapEmotion,148
6,13,DP,source,AdventurerAI.TakeDamage,1407
6,13,Material,source,AdventurerAI.TakeDamage,39
6,13,DP,sink,CommandSystem.TryUse,-2250
6,13,DP,source,AdventurerAI.GrantReturnReward,215
6,13,Fame,source,AdventurerAI.GrantReturnReward,20
6,13,Fame,source,LureEconomy.OnHeroEscaped,50
6,13,DP,source,Nemesis.OnSlain,1328
6,13,Material,source,Nemesis.OnSlain,10
6,13,DP,stock,end,867
6,13,Material,stock,end,459
6,13,Fame,stock,end,1028
6,14,DP,source,SurfaceMap.CollectYields,62
6,14,Material,source,SurfaceMap.CollectYields,3
6,14,Fame,source,SurfaceMap.CollectYields,14
6,14,DP,source,DistrictCatalog.Collect,140
6,14,DP,sink,MinionRoster.TrySummon,-1041
6,14,DP,source,AdventurerAI.ReapEmotion,226
6,14,DP,source,AdventurerAI.TakeDamage,1906
6,14,Material,source,AdventurerAI.TakeDamage,61
6,14,DP,sink,CommandSystem.TryUse,-2250
6,14,DP,source,AdventurerAI.GrantReturnReward,72
6,14,Fame,source,AdventurerAI.GrantReturnReward,20
6,14,Fame,source,LureEconomy.OnHeroEscaped,50
6,14,DP,source,Nemesis.OnSlain,2332
6,14,Material,source,Nemesis.OnSlain,17
6,14,DP,stock,end,2314
6,14,Material,stock,end,540
6,14,Fame,stock,end,1112
6,15,DP,source,SurfaceMap.CollectYields,62
6,15,Material,source,SurfaceMap.CollectYields,3
6,15,Fame,source,SurfaceMap.CollectYields,14
6,15,DP,source,DistrictCatalog.Collect,140
6,15,DP,source,EraSystem.TickTurn,300
6,15,DP,sink,MinionRoster.TrySummon,-2808
6,15,DP,source,AdventurerAI.ReapEmotion,326
6,15,DP,sink,CommandSystem.TryUse,-2250
6,15,DP,source,AdventurerAI.TakeDamage,1584
6,15,Material,source,AdventurerAI.TakeDamage,45
6,15,DP,source,AdventurerAI.GrantReturnReward,620
6,15,Fame,source,AdventurerAI.GrantReturnReward,50
6,15,Fame,source,LureEconomy.OnHeroEscaped,125
6,15,DP,source,Nemesis.OnSlain,2139
6,15,Material,source,Nemesis.OnSlain,15
6,15,DP,stock,end,2427
6,15,Material,stock,end,603
6,15,Fame,stock,end,1301
6,16,DP,source,SurfaceMap.CollectYields,106
6,16,Material,source,SurfaceMap.CollectYields,5
6,16,Fame,source,SurfaceMap.CollectYields,24
6,16,DP,source,DistrictCatalog.Collect,140
6,16,DP,sink,MinionRoster.TrySummon,-2650
6,16,DP,source,AdventurerAI.ReapEmotion,283
6,16,DP,source,AdventurerAI.TakeDamage,3132
6,16,Material,source,AdventurerAI.TakeDamage,76
6,16,DP,sink,CommandSystem.TryUse,-2250
6,16,DP,source,AdventurerAI.GrantReturnReward,819
6,16,Fame,source,AdventurerAI.GrantReturnReward,30
6,16,Fame,source,LureEconomy.OnHeroEscaped,75
6,16,DP,source,Nemesis.OnSlain,1458
6,16,Material,source,Nemesis.OnSlain,10
6,16,DP,stock,end,3465
6,16,Material,stock,end,694
6,16,Fame,stock,end,1430
6,17,DP,source,SurfaceMap.CollectYields,106
6,17,Material,source,SurfaceMap.CollectYields,5
6,17,Fame,source,SurfaceMap.CollectYields,24
6,17,DP,source,DistrictCatalog.Collect,140
6,17,DP,source,EraSystem.TickTurn,720
6,17,DP,sink,MinionRoster.TrySummon,-4422
6,17,DP,source,AdventurerAI.ReapEmotion,155
6,17,DP,source,AdventurerAI.TakeDamage,1316
6,17,Material,source,AdventurerAI.TakeDamage,34
6,17,DP,sink,CommandSystem.TryUse,-1900
6,17,DP,source,AdventurerAI.GrantReturnReward,1082
6,17,Fame,source,AdventurerAI.GrantReturnReward,100
6,17,Fame,source,LureEconomy.OnHeroEscaped,250
6,17,DP,stock,end,662
6,17,Material,stock,end,733
6,17,Fame,stock,end,1804
6,18,DP,source,SurfaceMap.CollectYields,106
6,18,Material,source,SurfaceMap.CollectYields,5
6,18,Fame,source,SurfaceMap.CollectYields,24
6,18,DP,source,DistrictCatalog.Collect,182
6,18,DP,sink,MinionRoster.TrySummon,-930
6,18,DP,source,AdventurerAI.ReapEmotion,160
6,18,DP,source,AdventurerAI.TakeDamage,1071
6,18,Material,source,AdventurerAI.TakeDamage,20
6,18,DP,sink,CommandSystem.TryUse,-2250
6,18,DP,source,AdventurerAI.GrantReturnReward,1508
6,18,Fame,source,AdventurerAI.GrantReturnReward,150
6,18,Fame,source,LureEconomy.OnHeroEscaped,375
6,18,DP,stock,end,509
6,18,Material,stock,end,758
6,18,Fame,stock,end,2353
6,19,DP,source,SurfaceMap.CollectYields,167
6,19,Material,source,SurfaceMap.CollectYields,6
6,19,Fame,source,SurfaceMap.CollectYields,35
6,19,DP,source,DistrictCatalog.Collect,182
6,19,DP,sink,MinionRoster.TrySummon,-826
6,19,DP,source,AdventurerAI.ReapEmotion,178
6,19,DP,source,AdventurerAI.TakeDamage,2510
6,19,Material,source,AdventurerAI.TakeDamage,37
6,19,DP,sink,CommandSystem.TryUse,-3200
6,19,DP,source,AdventurerAI.GrantReturnReward,2269
6,19,Fame,source,AdventurerAI.GrantReturnReward,110
6,19,Fame,source,LureEconomy.OnHeroEscaped,275
6,19,DP,source,Nemesis.OnSlain,2162
6,19,Material,source,Nemesis.OnSlain,14
6,19,DP,stock,end,3951
6,19,Material,stock,end,815
6,19,Fame,stock,end,2773
6,20,DP,source,SurfaceMap.CollectYields,169
6,20,Material,source,SurfaceMap.CollectYields,6
6,20,Fame,source,SurfaceMap.CollectYields,35
6,20,DP,source,DistrictCatalog.Collect,182
6,20,DP,sink,MinionRoster.TrySummon,-4282
6,20,DP,source,AdventurerAI.ReapEmotion,628
6,20,DP,sink,CommandSystem.TryUse,-3200
6,20,DP,source,AdventurerAI.GrantReturnReward,3831
6,20,Fame,source,AdventurerAI.GrantReturnReward,190
6,20,Fame,source,LureEconomy.OnHeroEscaped,475
6,20,DP,source,AdventurerAI.TakeDamage,1561
6,20,Material,source,AdventurerAI.TakeDamage,20
6,20,DP,stock,end,2840
6,20,Material,stock,end,841
6,20,Fame,stock,end,3473
6,21,DP,source,SurfaceMap.CollectYields,169
6,21,Material,source,SurfaceMap.CollectYields,6
6,21,Fame,source,SurfaceMap.CollectYields,35
6,21,DP,source,DistrictCatalog.Collect,182
6,21,DP,sink,MinionRoster.TrySummon,-3154
6,21,DP,source,AdventurerAI.ReapEmotion,204
6,21,DP,source,AdventurerAI.TakeDamage,9976
6,21,Material,source,AdventurerAI.TakeDamage,106
6,21,DP,sink,CommandSystem.TryUse,-2250
6,21,DP,source,AdventurerAI.GrantReturnReward,1753
6,21,Fame,source,AdventurerAI.GrantReturnReward,80
6,21,Fame,source,LureEconomy.OnHeroEscaped,200
6,21,DP,source,Nemesis.OnSlain,859
6,21,Material,source,Nemesis.OnSlain,5
6,21,DP,stock,end,10579
6,21,Material,stock,end,958
6,21,Fame,stock,end,3788
6,22,DP,source,SurfaceMap.CollectYields,169
6,22,Material,source,SurfaceMap.CollectYields,6
6,22,Fame,source,SurfaceMap.CollectYields,35
6,22,DP,source,DistrictCatalog.Collect,168
6,22,DP,sink,MinionRoster.TrySummon,-8112
6,22,DP,sink,CommandSystem.TryUse,-3200
6,22,Fame,source,AdventurerAI.GrantReturnReward,150
6,22,Fame,source,LureEconomy.OnHeroEscaped,375
6,22,DP,source,AdventurerAI.ReapEmotion,462
6,22,DP,source,AdventurerAI.GrantReturnReward,1172
6,22,DP,source,AdventurerAI.TakeDamage,3344
6,22,Material,source,AdventurerAI.TakeDamage,29
6,22,DP,stock,end,4582
6,22,Material,stock,end,993
6,22,Fame,stock,end,4348
6,23,DP,source,SurfaceMap.CollectYields,147
6,23,Material,source,SurfaceMap.CollectYields,7
6,23,Fame,source,SurfaceMap.CollectYields,33
6,23,DP,source,DistrictCatalog.Collect,168
6,23,DP,sink,MinionRoster.TrySummon,-4894
6,23,DP,source,AdventurerAI.ReapEmotion,349
6,23,DP,source,AdventurerAI.GrantReturnReward,3306
6,23,Fame,source,AdventurerAI.GrantReturnReward,160
6,23,Fame,source,LureEconomy.OnHeroEscaped,400
6,23,DP,sink,CommandSystem.TryUse,-3200
6,23,DP,source,AdventurerAI.TakeDamage,4451
6,23,Material,source,AdventurerAI.TakeDamage,38
6,23,DP,source,Nemesis.OnSlain,1798
6,23,Material,source,Nemesis.OnSlain,10
6,23,DP,stock,end,6707
6,23,Material,stock,end,1048
6,23,Fame,stock,end,4941
6,24,DP,source,SurfaceMap.CollectYields,147
6,24,Material,source,SurfaceMap.CollectYields,7
6,24,Fame,source,SurfaceMap.CollectYields,33
6,24,DP,source,DistrictCatalog.Collect,168
6,24,DP,sink,MinionRoster.TrySummon,-5824
6,24,DP,source,IncidentSystem.Apply,600
6,24,DP,sink,CommandSystem.TryUse,-3200
6,24,DP,source,AdventurerAI.TakeDamage,3863
6,24,Material,source,AdventurerAI.TakeDamage,24
6,24,Fame,source,AdventurerAI.GrantReturnReward,190
6,24,Fame,source,LureEconomy.OnHeroEscaped,475
6,24,DP,source,AdventurerAI.ReapEmotion,181
6,24,DP,source,AdventurerAI.GrantReturnReward,9389
6,24,DP,stock,end,12031
6,24,Material,stock,end,1079
6,24,Fame,stock,end,5639
6,25,DP,source,SurfaceMap.CollectYields,147
6,25,Material,source,SurfaceMap.CollectYields,7
6,25,Fame,source,SurfaceMap.CollectYields,33
6,25,DP,source,DistrictCatalog.Collect,28
6,25,DP,source,EraSystem.TickTurn,3840
6,25,DP,sink,MinionRoster.TrySummon,-8736
6,25,DP,sink,CommandSystem.TryUse,-3200
6,25,Fame,source,AdventurerAI.GrantReturnReward,190
6,25,Fame,source,LureEconomy.OnHeroEscaped,475
6,25,DP,source,AdventurerAI.ReapEmotion,294
6,25,DP,source,AdventurerAI.GrantReturnReward,4901
6,25,DP,source,AdventurerAI.TakeDamage,8242
6,25,Material,source,AdventurerAI.TakeDamage,41
6,25,DP,source,Nemesis.OnSlain,1880
6,25,Material,source,Nemesis.OnSlain,10
6,25,DP,stock,end,19427
6,25,Material,stock,end,1137
6,25,Fame,stock,end,6337
7,1,DP,sink,DungeonFeatureManager.TryPlaceTrap,-150
7,1,DP,source,AdventurerAI.ReapEmotion,200
7,1,DP,source,AdventurerAI.TakeDamage,164
7,1,Material,source,AdventurerAI.TakeDamage,8
7,1,DP,sink,CommandSystem.TryUse,-300
7,1,DP,source,AdventurerAI.GrantReturnReward,150
7,1,Fame,source,AdventurerAI.GrantReturnReward,10
7,1,Fame,source,LureEconomy.OnHeroEscaped,25
7,1,DP,stock,end,264
7,1,Material,stock,end,8
7,1,Fame,stock,end,35
7,2,DP,source,SurfaceMap.CollectYields,18
7,2,Material,source,SurfaceMap.CollectYields,1
7,2,Fame,source,SurfaceMap.CollectYields,4
7,2,DP,source,EraSystem.TickTurn,600
7,2,Fame,source,EraSystem.TickTurn,25
7,2,DP,sink,DungeonFeatureManager.TryPlaceTrap,-750
7,2,DP,source,AdventurerAI.ReapEmotion,113
7,2,DP,source,AdventurerAI.TakeDamage,266
7,2,Material,source,AdventurerAI.TakeDamage,23
7,2,DP,sink,CommandSystem.TryUse,-650
7,2,DP,source,AdventurerAI.GrantReturnReward,189
7,2,Fame,source,AdventurerAI.GrantReturnReward,10
7,2,Fame,source,LureEconomy.OnHeroEscaped,25
7,2,DP,stock,end,50
7,2,Material,stock,end,32
7,2,Fame,stock,end,99
7,3,DP,source,SurfaceMap.CollectYields,18
7,3,Material,source,SurfaceMap.CollectYields,1
7,3,Fame,source,SurfaceMap.CollectYields,4
7,3,DP,source,EraSystem.TickTurn,600
7,3,Fame,source,EraSystem.TickTurn,25
7,3,DP,sink,DungeonFeatureManager.TryPlaceTrap,-150
7,3,DP,sink,DungeonFeatureManager.TryPlaceFeature,-250
7,3,DP,sink,DungeonFeatureManager.TryPlaceHabitat,-180
7,3,DP,sink,MinionRoster.TrySummon,-78
7,3,DP,source,AdventurerAI.GrantReturnReward,480
7,3,Fame,source,AdventurerAI.GrantReturnReward,20
7,3,Fame,source,LureEconomy.OnHeroEscaped,50
7,3,DP,source,AdventurerAI.ReapEmotion,180
7,3,DP,source,AdventurerAI.TakeDamage,308
7,3,Material,source,AdventurerAI.TakeDamage,34
7,3,DP,sink,CommandSystem.TryUse,-1150
7,3,DP,source,Nemesis.OnSlain,421
7,3,Material,source,Nemesis.OnSlain,5
7,3,DP,stock,end,249
7,3,Material,stock,end,72
7,3,Fame,stock,end,198
7,4,DP,source,SurfaceMap.CollectYields,18
7,4,Material,source,SurfaceMap.CollectYields,1
7,4,Fame,source,SurfaceMap.CollectYields,4
7,4,DP,source,EraSystem.TickTurn,600
7,4,Material,source,EraSystem.TickTurn,10
7,4,DP,sink,DungeonFeatureManager.TryPlaceFeature,-250
7,4,DP,sink,DungeonFeatureManager.TryPlaceHabitat,-340
7,4,DP,sink,MinionRoster.TrySummon,-273
7,4,DP,source,AdventurerAI.ReapEmotion,119
7,4,Fame,source,AdventurerAI.GrantReturnReward,20
7,4,Fame,source,LureEconomy.OnHeroEscaped,50
7,4,DP,source,AdventurerAI.TakeDamage,416
7,4,Material,source,AdventurerAI.TakeDamage,20
7,4,DP,sink,CommandSystem.TryUse,-650
7,4,DP,source,AdventurerAI.GrantReturnReward,273
7,4,DP,source,Nemesis.OnSlain,470
7,4,Material,source,Nemesis.OnSlain,5
7,4,DP,stock,end,632
7,4,Material,stock,end,108
7,4,Fame,stock,end,272
7,5,DP,source,SurfaceMap.CollectYields,18
7,5,Material,source,SurfaceMap.CollectYields,1
7,5,Fame,source,SurfaceMap.CollectYields,4
7,5,DP,source,EraSystem.TickTurn,600
7,5,DP,sink,MinionRoster.TrySummon,-1234
7,5,DP,source,AdventurerAI.GrantReturnReward,912
7,5,Fame,source,AdventurerAI.GrantReturnReward,40
7,5,Fame,source,LureEconomy.OnHeroEscaped,100
7,5,DP,source,AdventurerAI.ReapEmotion,104
7,5,DP,sink,CommandSystem.TryUse,-1600
7,5,DP,source,AdventurerAI.TakeDamage,356
7,5,Material,source,AdventurerAI.TakeDamage,10
7,5,DP,source,Nemesis.OnSlain,486
7,5,Material,source,Nemesis.OnSlain,5
7,5,DP,stock,end,274
7,5,Material,stock,end,124
7,5,Fame,stock,end,416
7,6,DP,source,SurfaceMap.CollectYields,39
7,6,Material,source,SurfaceMap.CollectYields,2
7,6,Fame,source,SurfaceMap.CollectYields,9
7,6,DP,source,EraSystem.TickTurn,600
7,6,DP,sink,MinionRoster.TrySummon,-912
7,6,DP,source,AdventurerAI.ReapEmotion,130
7,6,DP,source,AdventurerAI.TakeDamage,776
7,6,Material,source,AdventurerAI.TakeDamage,39
7,6,Fame,source,AdventurerAI.GrantReturnReward,10
7,6,Fame,source,LureEconomy.OnHeroEscaped,25
7,6,DP,sink,CommandSystem.TryUse,-1300
7,6,DP,source,Nemesis.OnSlain,1070
7,6,Material,source,Nemesis.OnSlain,10
7,6,DP,stock,end,677
7,6,Material,stock,end,175
7,6,Fame,stock,end,460
7,7,DP,source,SurfaceMap.CollectYields,39
7,7,Material,source,SurfaceMap.CollectYields,2
7,7,Fame,source,SurfaceMap.CollectYields,9
7,7,DP,source,EraSystem.TickTurn,1020
7,7,DP,sink,MinionRoster.TrySummon,-1712
7,7,DP,source,AdventurerAI.ReapEmotion,202
7,7,DP,source,AdventurerAI.TakeDamage,759
7,7,Material,source,AdventurerAI.TakeDamage,37
7,7,DP,sink,CommandSystem.TryUse,-1900
7,7,DP,source,Nemesis.OnSlain,1102
7,7,Material,source,Nemesis.OnSlain,10
7,7,DP,source,AdventurerAI.GrantReturnReward,479
7,7,Fame,source,AdventurerAI.GrantReturnReward,20
7,7,Fame,source,LureEconomy.OnHeroEscaped,50
7,7,DP,stock,end,666
7,7,Material,stock,end,224
7,7,Fame,stock,end,539
7,8,DP,source,SurfaceMap.CollectYields,39
7,8,Material,source,SurfaceMap.CollectYields,2
7,8,Fame,source,SurfaceMap.CollectYields,9
7,8,DP,sink,MinionRoster.TrySummon,-690
7,8,DP,source,AdventurerAI.ReapEmotion,128
7,8,DP,source,AdventurerAI.TakeDamage,858
7,8,Material,source,AdventurerAI.TakeDamage,45
7,8,DP,sink,CommandSystem.TryUse,-1900
7,8,DP,source,AdventurerAI.GrantReturnReward,670
7,8,Fame,source,AdventurerAI.GrantReturnReward,20
7,8,Fame,source,LureEconomy.OnHeroEscaped,50
7,8,DP,source,Nemesis.OnSlain,1134
7,8,Material,source,Nemesis.OnSlain,10
7,8,DP,stock,end,905
7,8,Material,stock,end,281
7,8,Fame,stock,end,618
7,9,DP,source,SurfaceMap.CollectYields,69
7,9,Material,source,SurfaceMap.CollectYields,3
7,9,Fame,source,SurfaceMap.CollectYields,17
7,9,DP,source,EraSystem.TickTurn,300
7,9,Fame,source,EraSystem.TickTurn,25
7,9,DP,sink,MinionRoster.TrySummon,-1252
7,9,DP,source,AdventurerAI.ReapEmotion,213
7,9,DP,source,AdventurerAI.TakeDamage,917
7,9,Material,source,AdventurerAI.TakeDamage,55
7,9,DP,source,AdventurerAI.GrantReturnReward,723
7,9,Fame,source,AdventurerAI.GrantReturnReward,30
7,9,Fame,source,LureEconomy.OnHeroEscaped,75
7,9,DP,sink,CommandSystem.TryUse,-2250
7,9,DP,source,Nemesis.OnSlain,1198
7,9,Material,source,Nemesis.OnSlain,10
7,9,DP,stock,end,823
7,9,Material,stock,end,349
7,9,Fame,stock,end,765
7,10,DP,source,SurfaceMap.CollectYields,79
7,10,Material,source,SurfaceMap.CollectYields,3
7,10,Fame,source,SurfaceMap.CollectYields,17
7,10,DP,source,EraSystem.TickTurn,720
7,10,DP,sink,MinionRoster.TrySummon,-1622
7,10,DP,source,AdventurerAI.ReapEmotion,145
7,10,DP,source,AdventurerAI.GrantReturnReward,726
7,10,Fame,source,AdventurerAI.GrantReturnReward,30
7,10,Fame,source,LureEconomy.OnHeroEscaped,75
7,10,DP,source,AdventurerAI.TakeDamage,1034
7,10,Material,source,AdventurerAI.TakeDamage,38
7,10,DP,sink,CommandSystem.TryUse,-1800
7,10,DP,stock,end,105
7,10,Material,stock,end,390
7,10,Fame,stock,end,887
7,11,DP,source,SurfaceMap.CollectYields,79
7,11,Material,source,SurfaceMap.CollectYields,3
7,11,Fame,source,SurfaceMap.CollectYields,17
7,11,DP,sink,MinionRoster.TrySummon,-170
7,11,DP,source,AdventurerAI.ReapEmotion,154
7,11,DP,source,AdventurerAI.TakeDamage,883
7,11,Material,source,AdventurerAI.TakeDamage,32
7,11,DP,sink,CommandSystem.TryUse,-1900
7,11,DP,source,Nemesis.OnSlain,1296
7,11,Material,source,Nemesis.OnSlain,10
7,11,DP,source,AdventurerAI.GrantReturnReward,1079
7,11,Fame,source,AdventurerAI.GrantReturnReward,60
7,11,Fame,source,LureEconomy.OnHeroEscaped,150
7,11,DP,stock,end,1526
7,11,Material,stock,end,435
7,11,Fame,stock,end,1114
7,12,DP,source,SurfaceMap.CollectYields,107
7,12,Material,source,SurfaceMap.CollectYields,4
7,12,Fame,source,SurfaceMap.CollectYields,23
7,12,DP,source,DistrictCatalog.Collect,70
7,12,DP,sink,MinionRoster.TrySummon,-1680
7,12,DP,source,AdventurerAI.ReapEmotion,133
7,12,DP,source,AdventurerAI.TakeDamage,1585
7,12,Material,source,AdventurerAI.TakeDamage,59
7,12,DP,sink,CommandSystem.TryUse,-2300
7,12,DP,source,AdventurerAI.GrantReturnReward,793
7,12,Fame,source,AdventurerAI.GrantReturnReward,30
7,12,Fame,source,LureEconomy.OnHeroEscaped,75
7,12,DP,source,Nemesis.OnSlain,1328
7,12,Material,source,Nemesis.OnSlain,10
7,12,DP,stock,end,1562
7,12,Material,stock,end,508
7,12,Fame,stock,end,1242
7,13,DP,source,SurfaceMap.CollectYields,83
7,13,Material,source,SurfaceMap.CollectYields,4
7,13,Fame,source,SurfaceMap.CollectYields,19
7,13,DP,source,DistrictCatalog.Collect,70
7,13,DP,sink,MinionRoster.TrySummon,-1704
7,13,DP,source,AdventurerAI.ReapEmotion,142
7,13,DP,source,AdventurerAI.TakeDamage,1828
7,13,Material,source,AdventurerAI.TakeDamage,88
7,13,DP,sink,CommandSystem.TryUse,-2250
7,13,DP,source,AdventurerAI.GrantReturnReward,135
7,13,Fame,source,AdventurerAI.GrantReturnReward,20
7,13,Fame,source,LureEconomy.OnHeroEscaped,50
7,13,DP,source,Nemesis.OnSlain,2040
7,13,Material,source,Nemesis.OnSlain,15
7,13,DP,stock,end,1906
7,13,Material,stock,end,615
7,13,Fame,stock,end,1331
7,14,DP,source,SurfaceMap.CollectYields,83
7,14,Material,source,SurfaceMap.CollectYields,4
7,14,Fame,source,SurfaceMap.CollectYields,19
7,14,DP,source,DistrictCatalog.Collect,84
7,14,DP,source,EraSystem.TickTurn,600
7,14,DP,sink,MinionRoster.TrySummon,-2650
7,14,DP,source,AdventurerAI.ReapEmotion,212
7,14,DP,source,AdventurerAI.TakeDamage,720
7,14,Material,source,AdventurerAI.TakeDamage,15
7,14,DP,sink,CommandSystem.TryUse,-2250
7,14,DP,source,AdventurerAI.GrantReturnReward,1978
7,14,Fame,source,AdventurerAI.GrantReturnReward,100
7,14,Fame,source,LureEconomy.OnHeroEscaped,250
7,14,DP,stock,end,683
7,14,Material,stock,end,634
7,14,Fame,stock,end,1700
7,15,DP,source,SurfaceMap.CollectYields,104
7,15,Material,source,SurfaceMap.CollectYields,5
7,15,Fame,source,SurfaceMap.CollectYields,24
7,15,DP,source,DistrictCatalog.Collect,84
7,15,DP,sink,MinionRoster.TrySummon,-852
7,15,DP,source,AdventurerAI.ReapEmotion,332
7,15,DP,source,AdventurerAI.TakeDamage,1494
7,15,Material,source,AdventurerAI.TakeDamage,29
7,15,DP,sink,CommandSystem.TryUse,-2250
7,15,DP,source,AdventurerAI.GrantReturnReward,1102
7,15,Fame,source,AdventurerAI.GrantReturnReward,100
7,15,Fame,source,LureEconomy.OnHeroEscaped,250
7,15,DP,stock,end,697
7,15,Material,stock,end,668
7,15,Fame,stock,end,2074
7,16,DP,source,SurfaceMap.CollectYields,81
7,16,Material,source,SurfaceMap.CollectYields,4
7,16,Fame,source,SurfaceMap.CollectYields,19
7,16,DP,source,DistrictCatalog.Collect,84
7,16,DP,sink,MinionRoster.TrySummon,-861
7,16,DP,source,AdventurerAI.ReapEmotion,274
7,16,DP,source,AdventurerAI.TakeDamage,819
7,16,Material,source,AdventurerAI.TakeDamage,14
7,16,DP,sink,CommandSystem.TryUse,-2200
7,16,DP,source,AdventurerAI.GrantReturnReward,1326
7,16,Fame,source,AdventurerAI.GrantReturnReward,160
7,16,Fame,source,LureEconomy.OnHeroEscaped,400
7,16,DP,stock,end,220
7,16,Material,stock,end,686
7,16,Fame,stock,end,2653
7,17,DP,source,SurfaceMap.CollectYields,83
7,17,Material,source,SurfaceMap.CollectYields,4
7,17,Fame,source,SurfaceMap.CollectYields,19
7,17,DP,source,DistrictCatalog.Collect,84
7,17,DP,source,EraSystem.TickTurn,720
7,17,DP,sink,MinionRoster.TrySummon,-1102
7,17,DP,source,AdventurerAI.ReapEmotion,251
7,17,DP,source,AdventurerAI.TakeDamage,4122
7,17,Material,source,AdventurerAI.TakeDamage,76
7,17,DP,sink,CommandSystem.TryUse,-1900
7,17,DP,source,AdventurerAI.GrantReturnReward,997
7,17,Fame,source,AdventurerAI.GrantReturnReward,80
7,17,Fame,source,LureEconomy.OnHeroEscaped,200
7,17,DP,source,Nemesis.OnSlain,3183
7,17,Material,source,Nemesis.OnSlain,21
7,17,DP,stock,end,6658
7,17,Material,stock,end,787
7,17,Fame,stock,end,2952
7,18,DP,source,SurfaceMap.CollectYields,83
7,18,Material,source,SurfaceMap.CollectYields,4
7,18,Fame,source,SurfaceMap.CollectYields,19
7,18,DP,source,DistrictCatalog.Collect,84
7,18,DP,sink,MinionRoster.TrySummon,-5890
7,18,DP,sink,CommandSystem.TryUse,-3200
7,18,DP,source,AdventurerAI.ReapEmotion,331
7,18,DP,source,AdventurerAI.TakeDamage,1965
7,18,Material,source,AdventurerAI.TakeDamage,49
7,18,DP,source,AdventurerAI.GrantReturnReward,2696
7,18,Fame,source,AdventurerAI.GrantReturnReward,170
7,18,Fame,source,LureEconomy.OnHeroEscaped,425
7,18,DP,source,Nemesis.OnSlain,2902
7,18,Material,source,Nemesis.OnSlain,18
7,18,DP,stock,end,5629
7,18,Material,stock,end,858
7,18,Fame,stock,end,3566
7,19,DP,source,SurfaceMap.CollectYields,126
7,19,Material,source,SurfaceMap.CollectYields,6
7,19,Fame,source,SurfaceMap.CollectYields,28
7,19,DP,source,DistrictCatalog.Collect,84
7,19,DP,sink,MinionRoster.TrySummon,-5408
7,19,DP,source,IncidentSystem.Apply,600
7,19,DP,sink,CommandSystem.TryUse,-3200
7,19,DP,source,AdventurerAI.ReapEmotion,274
7,19,Fame,source,AdventurerAI.GrantReturnReward,220
7,19,Fame,source,LureEconomy.OnHeroEscaped,550
7,19,DP,source,AdventurerAI.GrantReturnReward,5632
7,19,DP,source,AdventurerAI.TakeDamage,3404
7,19,Material,source,AdventurerAI.TakeDamage,33
7,19,DP,source,Nemesis.OnSlain,2478
7,19,Material,source,Nemesis.OnSlain,15
7,19,DP,stock,end,9619
7,19,Material,stock,end,912
7,19,Fame,stock,end,4364
7,20,DP,source,SurfaceMap.CollectYields,126
7,20,Material,source,SurfaceMap.CollectYields,6
7,20,Fame,source,SurfaceMap.CollectYields,28
7,20,DP,source,DistrictCatalog.Collect,98
7,20,DP,sink,MinionRoster.TrySummon,-8112
7,20,DP,sink,CommandSystem.TryUse,-3200
7,20,Fame,source,AdventurerAI.GrantReturnReward,220
7,20,Fame,source,LureEconomy.OnHeroEscaped,550
7,20,DP,source,AdventurerAI.ReapEmotion,216
7,20,DP,source,AdventurerAI.GrantReturnReward,2917
7,20,DP,source,AdventurerAI.TakeDamage,3058
7,20,Material,source,AdventurerAI.TakeDamage,21
7,20,DP,source,Nemesis.OnSlain,1525
7,20,Material,source,Nemesis.OnSlain,9
7,20,DP,stock,end,6247
7,20,Material,stock,end,948
7,20,Fame,stock,end,5162
7,21,DP,source,SurfaceMap.CollectYields,169
7,21,Material,source,SurfaceMap.CollectYields,6
7,21,Fame,source,SurfaceMap.CollectYields,35
7,21,DP,source,DistrictCatalog.Collect,112
7,21,DP,sink,MinionRoster.TrySummon,-5616
7,21,DP,sink,CommandSystem.TryUse,-3200
7,21,DP,source,AdventurerAI.ReapEmotion,380
7,21,Fame,source,AdventurerAI.GrantReturnReward,230
7,21,Fame,source,LureEconomy.OnHeroEscaped,575
7,21,DP,source,AdventurerAI.GrantReturnReward,2995
7,21,DP,source,AdventurerAI.TakeDamage,2173
7,21,Material,source,AdventurerAI.TakeDamage,12
7,21,DP,stock,end,3260
7,21,Material,stock,end,966
7,21,Fame,stock,end,6002
7,22,DP,source,SurfaceMap.CollectYields,197
7,22,Material,source,SurfaceMap.CollectYields,7
7,22,Fame,source,SurfaceMap.CollectYields,41
7,22,DP,source,DistrictCatalog.Collect,112
7,22,DP,sink,MinionRoster.TrySummon,-3559
7,22,DP,source,AdventurerAI.ReapEmotion,181
7,22,DP,source,AdventurerAI.GrantReturnReward,2626
7,22,Fame,source,AdventurerAI.GrantReturnReward,230
7,22,Fame,source,LureEconomy.OnHeroEscaped,575
7,22,DP,sink,CommandSystem.TryUse,-3200
7,22,DP,source,AdventurerAI.TakeDamage,3425
7,22,Material,source,AdventurerAI.TakeDamage,42
7,22,DP,source,Nemesis.OnSlain,1204
7,22,Material,source,Nemesis.OnSlain,7
7,22,DP,stock,end,4246
7,22,Material,stock,end,1022
7,22,Fame,stock,end,6848
7,23,DP,source,SurfaceMap.CollectYields,197
7,23,Material,source,SurfaceMap.CollectYields,7
7,23,Fame,source,SurfaceMap.CollectYields,41
7,23,DP,source,DistrictCatalog.Collect,112
7,23,DP,sink,MinionRoster.TrySummon,-4530
7,23,DP,source,AdventurerAI.ReapEmotion,134
7,23,DP,source,AdventurerAI.TakeDamage,3347
7,23,Material,source,AdventurerAI.TakeDamage,17
7,23,DP,sink,CommandSystem.TryUse,-2250
7,23,Fame,source,AdventurerAI.GrantReturnReward,110
7,23,Fame,source,LureEconomy.OnHeroEscaped,275
7,23,DP,source,AdventurerAI.GrantReturnReward,2086
7,23,DP,stock,end,3342
7,23,Material,stock,end,1046
7,23,Fame,stock,end,7274
8,1,DP,sink,DungeonFeatureManager.TryPlaceTrap,-150
8,1,DP,source,AdventurerAI.TakeDamage,167
8,1,Material,source,AdventurerAI.TakeDamage,8
8,1,DP,source,AdventurerAI.ReapEmotion,195
8,1,DP,sink,CommandSystem.TryUse,-300
8,1,DP,source,AdventurerAI.GrantReturnReward,97
8,1,Fame,source,AdventurerAI.GrantReturnReward,10
8,1,Fame,source,LureEconomy.OnHeroEscaped,25
8,1,DP,stock,end,209
8,1,Material,stock,end,8
8,1,Fame,stock,end,35
8,2,DP,source,SurfaceMap.CollectYields,18
8,2,Material,source,SurfaceMap.CollectYields,1
8,2,Fame,source,SurfaceMap.CollectYields,4
8,2,DP,source,EraSystem.TickTurn,600
8,2,Fame,source,EraSystem.TickTurn,25
8,2,DP,sink,DungeonFeatureManager.TryPlaceTrap,-750
8,2,DP,source,AdventurerAI.ReapEmotion,218
8,2,DP,source,AdventurerAI.TakeDamage,267
8,2,Material,source,AdventurerAI.TakeDamage,19
8,2,DP,sink,CommandSystem.TryUse,-300
8,2,DP,source,AdventurerAI.GrantReturnReward,476
8,2,Fame,source,AdventurerAI.GrantReturnReward,10
8,2,Fame,source,LureEconomy.OnHeroEscaped,25
8,2,DP,stock,end,738
8,2,Material,stock,end,28
8,2,Fame,stock,end,99
8,3,DP,source,SurfaceMap.CollectYields,18
8,3,Material,source,SurfaceMap.CollectYields,1
8,3,Fame,source,SurfaceMap.CollectYields,4
8,3,DP,source,EraSystem.TickTurn,600
8,3,Fame,source,EraSystem.TickTurn,25
8,3,DP,sink,MinionRoster.TrySummon,-528
8,3,DP,sink,DungeonFeatureManager.TryPlaceFeature,-250
8,3,DP,sink,DungeonFeatureManager.TryPlaceHabitat,-280
8,3,DP,source,AdventurerAI.ReapEmotion,180
8,3,DP,sink,CommandSystem.TryUse,-650
8,3,DP,source,AdventurerAI.TakeDamage,437
8,3,Material,source,AdventurerAI.TakeDamage,29
8,3,DP,stock,end,265
8,3,Material,stock,end,58
8,3,Fame,stock,end,128
8,4,DP,source,SurfaceMap.CollectYields,18
8,4,Material,source,SurfaceMap.CollectYields,1
8,4,Fame,source,SurfaceMap.CollectYields,4
8,4,DP,source,EraSystem.TickTurn,600
8,4,DP,sink,DungeonFeatureManager.TryPlaceFeature,-250
8,4,DP,sink,DungeonFeatureManager.TryPlaceHabitat,-120
8,4,DP,sink,MinionRoster.TrySummon,-508
8,4,DP,source,IncidentSystem.Apply,600
8,4,DP,sink,CommandSystem.TryUse,-1100
8,4,DP,source,AdventurerAI.ReapEmotion,121
8,4,DP,source,AdventurerAI.TakeDamage,382
8,4,Material,source,AdventurerAI.TakeDamage,25
8,4,DP,source,AdventurerAI.GrantReturnReward,236
8,4,Fame,source,AdventurerAI.GrantReturnReward,20
8,4,Fame,source,LureEconomy.OnHeroEscaped,50
8,4,DP,source,Nemesis.OnSlain,437
8,4,Material,source,Nemesis.OnSlain,5
8,4,DP,stock,end,681
8,4,Material,stock,end,89
8,4,Fame,stock,end,202
8,5,DP,source,SurfaceMap.CollectYields,18
8,5,Material,source,SurfaceMap.CollectYields,1
8,5,Fame,source,SurfaceMap.CollectYields,4
8,5,DP,source,EraSystem.TickTurn,600
8,5,Material,source,EraSystem.TickTurn,10
8,5,DP,sink,MinionRoster.TrySummon,-1280
8,5,DP,source,AdventurerAI.ReapEmotion,112
8,5,Fame,source,AdventurerAI.GrantReturnReward,20
8,5,Fame,source,LureEconomy.OnHeroEscaped,50
8,5,DP,source,AdventurerAI.TakeDamage,849
8,5,Material,source,AdventurerAI.TakeDamage,32
8,5,DP,source,AdventurerAI.GrantReturnReward,136
8,5,DP,sink,CommandSystem.TryUse,-950
8,5,DP,stock,end,166
8,5,Material,stock,end,132
8,5,Fame,stock,end,276
8,6,DP,source,SurfaceMap.CollectYields,39
8,6,Material,source,SurfaceMap.CollectYields,2
8,6,Fame,source,SurfaceMap.CollectYields,9
8,6,DP,source,EraSystem.TickTurn,1020
8,6,DP,sink,MinionRoster.TrySummon,-1212
8,6,DP,source,AdventurerAI.TakeDamage,817
8,6,Material,source,AdventurerAI.TakeDamage,30
8,6,DP,source,AdventurerAI.ReapEmotion,190
8,6,DP,sink,CommandSystem.TryUse,-1300
8,6,DP,source,Nemesis.OnSlain,502
8,6,Material,source,Nemesis.OnSlain,5
8,6,DP,stock,end,222
8,6,Material,stock,end,169
8,6,Fame,stock,end,285
8,7,DP,source,SurfaceMap.CollectYields,39
8,7,Material,source,SurfaceMap.CollectYields,2
8,7,Fame,source,SurfaceMap.CollectYields,9
8,7,DP,source,EraSystem.TickTurn,600
8,7,DP,sink,MinionRoster.TrySummon,-853
8,7,DP,source,AdventurerAI.GrantReturnReward,64
8,7,Fame,source,AdventurerAI.GrantReturnReward,10
8,7,Fame,source,LureEconomy.OnHeroEscaped,25
8,7,DP,source,AdventurerAI.ReapEmotion,201
8,7,DP,source,AdventurerAI.TakeDamage,827
8,7,Material,source,AdventurerAI.TakeDamage,32
8,7,DP,sink,CommandSystem.TryUse,-1300
8,7,DP,source,Nemesis.OnSlain,1036
8,7,Material,source,Nemesis.OnSlain,10
8,7,DP,stock,end,836
8,7,Material,stock,end,213
8,7,Fame,stock,end,329
8,8,DP,source,SurfaceMap.CollectYields,39
8,8,Material,source,SurfaceMap.CollectYields,2
8,8,Fame,source,SurfaceMap.CollectYields,9
8,8,DP,sink,MinionRoster.TrySummon,-864
8,8,DP,source,AdventurerAI.ReapEmotion,142
8,8,DP,source,AdventurerAI.TakeDamage,891
8,8,Material,source,AdventurerAI.TakeDamage,40
8,8,DP,source,AdventurerAI.GrantReturnReward,60
8,8,Fame,source,AdventurerAI.GrantReturnReward,10
8,8,Fame,source,LureEconomy.OnHeroEscaped,25
8,8,DP,sink,CommandSystem.TryUse,-950
8,8,DP,stock,end,154
8,8,Material,stock,end,255
8,8,Fame,stock,end,373
8,9,DP,source,SurfaceMap.CollectYields,45
8,9,Material,source,SurfaceMap.CollectYields,2
8,9,Fame,source,SurfaceMap.CollectYields,11
8,9,DP,source,EraSystem.TickTurn,1020
8,9,Fame,source,EraSystem.TickTurn,25
8,9,DP,sink,MinionRoster.TrySummon,-1201
8,9,DP,source,AdventurerAI.ReapEmotion,126
8,9,DP,source,AdventurerAI.TakeDamage,1115
8,9,Material,source,AdventurerAI.TakeDamage,52
8,9,DP,sink,CommandSystem.TryUse,-1450
8,9,DP,source,Nemesis.OnSlain,567
8,9,Material,source,Nemesis.OnSlain,5
8,9,DP,stock,end,376
8,9,Material,stock,end,314
8,9,Fame,stock,end,409
8,10,DP,source,SurfaceMap.CollectYields,79
8,10,Material,source,SurfaceMap.CollectYields,3
8,10,Fame,source,SurfaceMap.CollectYields,17
8,10,DP,sink,MinionRoster.TrySummon,-434
8,10,DP,source,AdventurerAI.ReapEmotion,152
8,10,DP,source,AdventurerAI.TakeDamage,1129
8,10,Material,source,AdventurerAI.TakeDamage,51
8,10,DP,sink,CommandSystem.TryUse,-1450
8,10,DP,source,Nemesis.OnSlain,583
8,10,Material,source,Nemesis.OnSlain,5
8,10,Fame,source,AdventurerAI.GrantReturnReward,10
8,10,Fame,source,LureEconomy.OnHeroEscaped,25
8,10,DP,stock,end,435
8,10,Material,stock,end,373
8,10,Fame,stock,end,461
8,11,DP,source,SurfaceMap.CollectYields,79
8,11,Material,source,SurfaceMap.CollectYields,3
8,11,Fame,source,SurfaceMap.CollectYields,17
8,11,DP,sink,MinionRoster.TrySummon,-513
8,11,DP,source,AdventurerAI.ReapEmotion,201
8,11,DP,source,AdventurerAI.TakeDamage,1334
8,11,Material,source,AdventurerAI.TakeDamage,56
8,11,DP,sink,CommandSystem.TryUse,-1300
8,11,DP,stock,end,236
8,11,Material,stock,end,432
8,11,Fame,stock,end,478
8,12,DP,source,SurfaceMap.CollectYields,79
8,12,Material,source,SurfaceMap.CollectYields,3
8,12,Fame,source,SurfaceMap.CollectYields,17
8,12,DP,source,DistrictCatalog.Collect,84
8,12,DP,sink,MinionRoster.TrySummon,-398
8,12,DP,source,AdventurerAI.ReapEmotion,201
8,12,DP,source,AdventurerAI.TakeDamage,1803
8,12,Material,source,AdventurerAI.TakeDamage,66
8,12,DP,sink,CommandSystem.TryUse,-1900
8,12,DP,source,Nemesis.OnSlain,616
8,12,Material,source,Nemesis.OnSlain,5
8,12,DP,source,AdventurerAI.GrantReturnReward,208
8,12,Fame,source,AdventurerAI.GrantReturnReward,20
8,12,Fame,source,LureEconomy.OnHeroEscaped,50
8,12,DP,stock,end,929
8,12,Material,stock,end,506
8,12,Fame,stock,end,565
8,13,DP,source,SurfaceMap.CollectYields,60
8,13,Material,source,SurfaceMap.CollectYields,3
8,13,Fame,source,SurfaceMap.CollectYields,14
8,13,DP,source,DistrictCatalog.Collect,98
8,13,DP,source,EraSystem.TickTurn,300
8,13,DP,sink,MinionRoster.TrySummon,-1366
8,13,DP,source,AdventurerAI.ReapEmotion,236
8,13,DP,source,AdventurerAI.TakeDamage,1082
8,13,Material,source,AdventurerAI.TakeDamage,40
8,13,DP,sink,CommandSystem.TryUse,-1400
8,13,Fame,source,AdventurerAI.GrantReturnReward,60
8,13,Fame,source,LureEconomy.OnHeroEscaped,150
8,13,DP,source,AdventurerAI.GrantReturnReward,207
8,13,DP,stock,end,146
8,13,Material,stock,end,549
8,13,Fame,stock,end,789
8,14,DP,source,SurfaceMap.CollectYields,81
8,14,Material,source,SurfaceMap.CollectYields,4
8,14,Fame,source,SurfaceMap.CollectYields,19
8,14,DP,source,DistrictCatalog.Collect,98
8,14,DP,sink,MinionRoster.TrySummon,-300
8,14,DP,source,AdventurerAI.ReapEmotion,229
8,14,DP,source,AdventurerAI.TakeDamage,2074
8,14,Material,source,AdventurerAI.TakeDamage,58
8,14,DP,sink,CommandSystem.TryUse,-1800
8,14,DP,source,AdventurerAI.GrantReturnReward,83
8,14,Fame,source,AdventurerAI.GrantReturnReward,10
8,14,Fame,source,LureEconomy.OnHeroEscaped,25
8,14,DP,stock,end,611
8,14,Material,stock,end,611
8,14,Fame,stock,end,843
8,15,DP,source,SurfaceMap.CollectYields,81
8,15,Material,source,SurfaceMap.CollectYields,4
8,15,Fame,source,SurfaceMap.CollectYields,19
8,15,DP,source,DistrictCatalog.Collect,98
8,15,DP,sink,MinionRoster.TrySummon,-789
8,15,DP,source,AdventurerAI.ReapEmotion,341
8,15,DP,sink,CommandSystem.TryUse,-2250
8,15,DP,source,AdventurerAI.TakeDamage,2543
8,15,Material,source,AdventurerAI.TakeDamage,68
8,15,Fame,source,AdventurerAI.GrantReturnReward,70
8,15,Fame,source,LureEconomy.OnHeroEscaped,175
8,15,DP,source,AdventurerAI.GrantReturnReward,207
8,15,DP,source,Nemesis.OnSlain,2332
8,15,Material,source,Nemesis.OnSlain,17
8,15,DP,stock,end,3174
8,15,Material,stock,end,700
8,15,Fame,stock,end,1107
8,16,DP,source,SurfaceMap.CollectYields,81
8,16,Material,source,SurfaceMap.CollectYields,4
8,16,Fame,source,SurfaceMap.CollectYields,19
8,16,DP,source,DistrictCatalog.Collect,98
8,16,DP,source,EraSystem.TickTurn,300
8,16,DP,sink,MinionRoster.TrySummon,-3629
8,16,DP,source,AdventurerAI.ReapEmotion,154
8,16,DP,source,AdventurerAI.TakeDamage,1665
8,16,Material,source,AdventurerAI.TakeDamage,41
8,16,DP,sink,CommandSystem.TryUse,-2250
8,16,DP,source,AdventurerAI.GrantReturnReward,905
8,16,Fame,source,AdventurerAI.GrantReturnReward,80
8,16,Fame,source,LureEconomy.OnHeroEscaped,200
8,16,DP,source,Nemesis.OnSlain,2139
8,16,Material,source,Nemesis.OnSlain,15
8,16,DP,stock,end,2637
8,16,Material,stock,end,760
8,16,Fame,stock,end,1406
8,17,DP,source,SurfaceMap.CollectYields,81
8,17,Material,source,SurfaceMap.CollectYields,4
8,17,Fame,source,SurfaceMap.CollectYields,19
8,17,DP,source,DistrictCatalog.Collect,126
8,17,DP,source,EraSystem.TickTurn,720
8,17,DP,sink,MinionRoster.TrySummon,-3564
8,17,DP,source,AdventurerAI.ReapEmotion,157
8,17,DP,source,AdventurerAI.TakeDamage,2830
8,17,Material,source,AdventurerAI.TakeDamage,65
8,17,DP,sink,CommandSystem.TryUse,-2250
8,17,DP,source,AdventurerAI.GrantReturnReward,1433
8,17,Fame,source,AdventurerAI.GrantReturnReward,40
8,17,Fame,source,LureEconomy.OnHeroEscaped,100
8,17,DP,source,Nemesis.OnSlain,2235
8,17,Material,source,Nemesis.OnSlain,15
8,17,DP,stock,end,4405
8,17,Material,stock,end,844
8,17,Fame,stock,end,1565
8,18,DP,source,SurfaceMap.CollectYields,106
8,18,Material,source,SurfaceMap.CollectYields,4
8,18,Fame,source,SurfaceMap.CollectYields,22
8,18,DP,source,DistrictCatalog.Collect,126
8,18,DP,sink,MinionRoster.TrySummon,-4616
8,18,DP,source,AdventurerAI.ReapEmotion,334
8,18,DP,sink,CommandSystem.TryUse,-2250
8,18,DP,source,AdventurerAI.TakeDamage,3056
8,18,Material,source,AdventurerAI.TakeDamage,64
8,18,DP,source,AdventurerAI.GrantReturnReward,701
8,18,Fame,source,AdventurerAI.GrantReturnReward,30
8,18,Fame,source,LureEconomy.OnHeroEscaped,75
8,18,DP,source,Nemesis.OnSlain,1522
8,18,Material,source,Nemesis.OnSlain,10
8,18,DP,stock,end,3384
8,18,Material,stock,end,922
8,18,Fame,stock,end,1692
8,19,DP,source,SurfaceMap.CollectYields,106
8,19,Material,source,SurfaceMap.CollectYields,4
8,19,Fame,source,SurfaceMap.CollectYields,22
8,19,DP,source,DistrictCatalog.Collect,126
8,19,DP,source,EraSystem.TickTurn,300
8,19,DP,sink,MinionRoster.TrySummon,-3892
8,19,DP,source,AdventurerAI.ReapEmotion,257
8,19,DP,source,AdventurerAI.GrantReturnReward,795
8,19,Fame,source,AdventurerAI.GrantReturnReward,100
8,19,Fame,source,LureEconomy.OnHeroEscaped,250
8,19,DP,sink,CommandSystem.TryUse,-2250
8,19,DP,source,AdventurerAI.TakeDamage,2027
8,19,Material,source,AdventurerAI.TakeDamage,50
8,19,DP,source,Nemesis.OnSlain,2350
8,19,Material,source,Nemesis.OnSlain,15
8,19,DP,stock,end,3203
8,19,Material,stock,end,991
8,19,Fame,stock,end,2064
8,20,DP,source,SurfaceMap.CollectYields,106
8,20,Material,source,SurfaceMap.CollectYields,4
8,20,Fame,source,SurfaceMap.CollectYields,22
8,20,DP,source,DistrictCatalog.Collect,126
8,20,DP,sink,MinionRoster.TrySummon,-3420
8,20,DP,source,AdventurerAI.ReapEmotion,153
8,20,DP,source,AdventurerAI.TakeDamage,2070
8,20,Material,source,AdventurerAI.TakeDamage,30
8,20,DP,sink,CommandSystem.TryUse,-2750
8,20,DP,source,AdventurerAI.GrantReturnReward,3521
8,20,Fame,source,AdventurerAI.GrantReturnReward,170
8,20,Fame,source,LureEconomy.OnHeroEscaped,425
8,20,DP,stock,end,3009
8,20,Material,stock,end,1025
8,20,Fame,stock,end,2681
8,21,DP,source,SurfaceMap.CollectYields,133
8,21,Material,source,SurfaceMap.CollectYields,5
8,21,Fame,source,SurfaceMap.CollectYields,28
8,21,DP,source,DistrictCatalog.Collect,112
8,21,DP,sink,MinionRoster.TrySummon,-3230
8,21,DP,source,AdventurerAI.ReapEmotion,176
8,21,DP,source,AdventurerAI.TakeDamage,4349
8,21,Material,source,AdventurerAI.TakeDamage,65
8,21,DP,sink,CommandSystem.TryUse,-2250
8,21,DP,source,AdventurerAI.GrantReturnReward,772
8,21,Fame,source,AdventurerAI.GrantReturnReward,60
8,21,Fame,source,LureEconomy.OnHeroEscaped,150
8,21,DP,source,Nemesis.OnSlain,2526
8,21,Material,source,Nemesis.OnSlain,15
8,21,DP,stock,end,5597
8,21,Material,stock,end,1110
8,21,Fame,stock,end,2919
8,22,DP,source,SurfaceMap.CollectYields,121
8,22,Material,source,SurfaceMap.CollectYields,6
8,22,Fame,source,SurfaceMap.CollectYields,27
8,22,DP,source,DistrictCatalog.Collect,112
8,22,DP,sink,MinionRoster.TrySummon,-5408
8,22,DP,sink,CommandSystem.TryUse,-2750
8,22,DP,source,AdventurerAI.ReapEmotion,193
8,22,DP,source,AdventurerAI.TakeDamage,3587
8,22,Material,source,AdventurerAI.TakeDamage,59
8,22,DP,source,AdventurerAI.GrantReturnReward,347
8,22,Fame,source,AdventurerAI.GrantReturnReward,110
8,22,Fame,source,LureEconomy.OnHeroEscaped,275
8,22,DP,source,Nemesis.OnSlain,2667
8,22,Material,source,Nemesis.OnSlain,16
8,22,DP,stock,end,4466
8,22,Material,stock,end,1191
8,22,Fame,stock,end,3331
8,23,DP,source,SurfaceMap.CollectYields,121
8,23,Material,source,SurfaceMap.CollectYields,6
8,23,Fame,source,SurfaceMap.CollectYields,27
8,23,DP,source,DistrictCatalog.Collect,112
8,23,DP,sink,MinionRoster.TrySummon,-4680
8,23,DP,source,AdventurerAI.ReapEmotion,161
8,23,DP,source,AdventurerAI.TakeDamage,3746
8,23,Material,source,AdventurerAI.TakeDamage,39
8,23,DP,sink,CommandSystem.TryUse,-2750
8,23,DP,source,AdventurerAI.GrantReturnReward,3372
8,23,Fame,source,AdventurerAI.GrantReturnReward,120
8,23,Fame,source,LureEconomy.OnHeroEscaped,300
8,23,DP,source,Nemesis.OnSlain,2625
8,23,Material,source,Nemesis.OnSlain,15
8,23,DP,stock,end,7173
8,23,Material,stock,end,1251
8,23,Fame,stock,end,3778
8,24,DP,source,SurfaceMap.CollectYields,122
8,24,Material,source,SurfaceMap.CollectYields,6
8,24,Fame,source,SurfaceMap.CollectYields,28
8,24,DP,source,DistrictCatalog.Collect,112
8,24,DP,sink,MinionRoster.TrySummon,-6552
8,24,DP,sink,CommandSystem.TryUse,-3200
8,24,DP,source,AdventurerAI.ReapEmotion,174
8,24,DP,source,AdventurerAI.TakeDamage,2270
8,24,Material,source,AdventurerAI.TakeDamage,20
8,24,DP,source,AdventurerAI.GrantReturnReward,3635
8,24,Fame,source,AdventurerAI.GrantReturnReward,180
8,24,Fame,source,LureEconomy.OnHeroEscaped,450
8,24,DP,source,Nemesis.OnSlain,1599
8,24,Material,source,Nemesis.OnSlain,9
8,24,DP,stock,end,5333
8,24,Material,stock,end,1286
8,24,Fame,stock,end,4436
8,25,DP,source,SurfaceMap.CollectYields,122
8,25,Material,source,SurfaceMap.CollectYields,6
8,25,Fame,source,SurfaceMap.CollectYields,28
8,25,DP,source,DistrictCatalog.Collect,28
8,25,DP,source,EraSystem.TickTurn,3840
8,25,DP,sink,MinionRoster.TrySummon,-8372
8,25,DP,sink,CommandSystem.TryUse,-3200
8,25,DP,source,AdventurerAI.ReapEmotion,307
8,25,DP,source,AdventurerAI.TakeDamage,3850
8,25,Material,source,AdventurerAI.TakeDamage,29
8,25,Fame,source,AdventurerAI.GrantReturnReward,160
8,25,Fame,source,LureEconomy.OnHeroEscaped,400
8,25,DP,source,AdventurerAI.GrantReturnReward,1536
8,25,DP,stock,end,3444
8,25,Material,stock,end,1321
8,25,Fame,stock,end,5024
8,26,DP,source,SurfaceMap.CollectYields,122
8,26,Material,source,SurfaceMap.CollectYields,6
8,26,Fame,source,SurfaceMap.CollectYields,28
8,26,DP,source,DistrictCatalog.Collect,28
8,26,DP,source,EraSystem.TickTurn,6528
8,26,DP,sink,MinionRoster.TrySummon,-8736
8,26,DP,sink,CommandSystem.TryUse,-3200
8,26,DP,source,AdventurerAI.ReapEmotion,312
8,26,DP,source,AdventurerAI.GrantReturnReward,5241
8,26,Fame,source,AdventurerAI.GrantReturnReward,210
8,26,Fame,source,LureEconomy.OnHeroEscaped,525
8,26,DP,source,AdventurerAI.TakeDamage,3568
8,26,Material,source,AdventurerAI.TakeDamage,28
8,26,DP,source,Nemesis.OnSlain,3470
8,26,Material,source,Nemesis.OnSlain,19
8,26,DP,stock,end,10777
8,26,Material,stock,end,1374
8,26,Fame,stock,end,5787
8,27,DP,source,SurfaceMap.CollectYields,101
8,27,Material,source,SurfaceMap.CollectYields,5
8,27,Fame,source,SurfaceMap.CollectYields,23
8,27,DP,source,DistrictCatalog.Collect,28
8,27,DP,source,EraSystem.TickTurn,3840
8,27,DP,sink,MinionRoster.TrySummon,-9408
8,27,DP,sink,CommandSystem.TryUse,-3200
8,27,Fame,source,AdventurerAI.GrantReturnReward,230
8,27,Fame,source,LureEconomy.OnHeroEscaped,575
8,27,DP,source,AdventurerAI.ReapEmotion,208
8,27,DP,source,AdventurerAI.GrantReturnReward,3011
8,27,DP,source,AdventurerAI.TakeDamage,3159
8,27,Material,source,AdventurerAI.TakeDamage,15
8,27,DP,stock,end,8516
8,27,Material,stock,end,1394
8,27,Fame,stock,end,6615
8,28,DP,source,SurfaceMap.CollectYields,101
8,28,Material,source,SurfaceMap.CollectYields,6
8,28,Fame,source,SurfaceMap.CollectYields,23
8,28,DP,source,DistrictCatalog.Collect,28
8,28,DP,source,EraSystem.TickTurn,6528
8,28,Material,source,EraSystem.TickTurn,37
8,28,DP,sink,MinionRoster.TrySummon,-9408
8,28,DP,sink,CommandSystem.TryUse,-3200
8,28,Fame,source,AdventurerAI.GrantReturnReward,170
8,28,Fame,source,LureEconomy.OnHeroEscaped,425
8,28,DP,source,AdventurerAI.ReapEmotion,191
8,28,DP,source,AdventurerAI.GrantReturnReward,2727
8,28,DP,source,AdventurerAI.TakeDamage,9234
8,28,Material,source,AdventurerAI.TakeDamage,52
8,28,DP,source,Nemesis.OnSlain,2964
8,28,Material,source,Nemesis.OnSlain,18
8,28,DP,stock,end,17681
8,28,Material,stock,end,1507
8,28,Fame,stock,end,7233
9,1,DP,sink,DungeonFeatureManager.TryPlaceTrap,-150
9,1,DP,source,AdventurerAI.TakeDamage,52
9,1,Material,source,AdventurerAI.TakeDamage,2
9,1,DP,source,AdventurerAI.ReapEmotion,100
9,1,DP,source,AdventurerAI.GrantReturnReward,451
9,1,Fame,source,AdventurerAI.GrantReturnReward,30
9,1,Fame,source,LureEconomy.OnHeroEscaped,75
9,1,DP,sink,CommandSystem.TryUse,-650
9,1,DP,stock,end,3
9,1,Material,stock,end,2
9,1,Fame,stock,end,105
9,2,DP,source,SurfaceMap.CollectYields,18
9,2,Material,source,SurfaceMap.CollectYields,1
9,2,Fame,source,SurfaceMap.CollectYields,4
9,2,DP,source,EraSystem.TickTurn,600
9,2,Fame,source,EraSystem.TickTurn,25
9,2,DP,sink,DungeonFeatureManager.TryPlaceTrap,-450
9,2,DP,source,AdventurerAI.ReapEmotion,95
9,2,DP,source,AdventurerAI.TakeDamage,215
9,2,Material,source,AdventurerAI.TakeDamage,12
9,2,DP,source,AdventurerAI.GrantReturnReward,277
9,2,Fame,source,AdventurerAI.GrantReturnReward,20
9,2,Fame,source,LureEconomy.OnHeroEscaped,50
9,2,DP,sink,CommandSystem.TryUse,-650
9,2,DP,stock,end,108
9,2,Material,stock,end,15
9,2,Fame,stock,end,204
9,3,DP,source,SurfaceMap.CollectYields,18
9,3,Material,source,SurfaceMap.CollectYields,1
9,3,Fame,source,SurfaceMap.CollectYields,4
9,3,DP,source,EraSystem.TickTurn,600
9,3,Fame,source,EraSystem.TickTurn,25
9,3,DP,sink,DungeonFeatureManager.TryPlaceTrap,-450
9,3,DP,sink,MinionRoster.TrySummon,-273
9,3,DP,source,AdventurerAI.ReapEmotion,239
9,3,DP,source,AdventurerAI.TakeDamage,515
9,3,Material,source,AdventurerAI.TakeDamage,20
9,3,DP,sink,CommandSystem.TryUse,-650
9,3,DP,source,Nemesis.OnSlain,454
9,3,Material,source,Nemesis.OnSlain,5
9,3,DP,stock,end,561
9,3,Material,stock,end,41
9,3,Fame,stock,end,233
9,4,DP,source,SurfaceMap.CollectYields,18
9,4,Material,source,SurfaceMap.CollectYields,1
9,4,Fame,source,SurfaceMap.CollectYields,4
9,4,DP,source,EraSystem.TickTurn,600
9,4,DP,sink,DungeonFeatureManager.TryPlaceFeature,-500
9,4,DP,sink,DungeonFeatureManager.TryPlaceHabitat,-400
9,4,DP,sink,MinionRoster.TrySummon,-273
9,4,DP,source,IncidentSystem.Apply,600
9,4,DP,sink,CommandSystem.TryUse,-650
9,4,DP,source,AdventurerAI.TakeDamage,565
9,4,Material,source,AdventurerAI.TakeDamage,16
9,4,DP,source,Nemesis.OnSlain,470
9,4,Material,source,Nemesis.OnSlain,5
9,4,DP,stock,end,991
9,4,Material,stock,end,63
9,4,Fame,stock,end,237
9,5,DP,source,SurfaceMap.CollectYields,18
9,5,Material,source,SurfaceMap.CollectYields,1
9,5,Fame,source,SurfaceMap.CollectYields,4
9,5,DP,source,EraSystem.TickTurn,600
9,5,Material,source,EraSystem.TickTurn,10
9,5,DP,sink,MinionRoster.TrySummon,-1594
9,5,DP,source,AdventurerAI.ReapEmotion,128
9,5,DP,source,AdventurerAI.TakeDamage,879
9,5,Material,source,AdventurerAI.TakeDamage,31
9,5,DP,sink,CommandSystem.TryUse,-600
9,5,Fame,source,AdventurerAI.GrantReturnReward,10
9,5,Fame,source,LureEconomy.OnHeroEscaped,25
9,5,DP,stock,end,422
9,5,Material,stock,end,105
9,5,Fame,stock,end,276
9,6,DP,source,SurfaceMap.CollectYields,39
9,6,Material,source,SurfaceMap.CollectYields,2
9,6,Fame,source,SurfaceMap.CollectYields,9
9,6,DP,source,EraSystem.TickTurn,1020
9,6,DP,sink,MinionRoster.TrySummon,-1481
9,6,DP,source,AdventurerAI.ReapEmotion,61
9,6,Fame,source,AdventurerAI.GrantReturnReward,10
9,6,Fame,source,LureEconomy.OnHeroEscaped,25
9,6,DP,source,AdventurerAI.TakeDamage,724
9,6,Material,source,AdventurerAI.TakeDamage,16
9,6,DP,sink,CommandSystem.TryUse,-600
9,6,DP,stock,end,185
9,6,Material,stock,end,123
9,6,Fame,stock,end,320
9,7,DP,source,SurfaceMap.CollectYields,39
9,7,Material,source,SurfaceMap.CollectYields,2
9,7,Fame,source,SurfaceMap.CollectYields,9
9,7,DP,source,EraSystem.TickTurn,600
9,7,DP,sink,MinionRoster.TrySummon,-816
9,7,DP,source,AdventurerAI.ReapEmotion,209
9,7,Fame,source,AdventurerAI.GrantReturnReward,10
9,7,Fame,source,LureEconomy.OnHeroEscaped,25
9,7,DP,source,AdventurerAI.TakeDamage,815
9,7,Material,source,AdventurerAI.TakeDamage,24
9,7,DP,sink,CommandSystem.TryUse,-650
9,7,DP,source,Nemesis.OnSlain,535
9,7,Material,source,Nemesis.OnSlain,5
9,7,DP,stock,end,917
9,7,Material,stock,end,154
9,7,Fame,stock,end,364
9,8,DP,source,SurfaceMap.CollectYields,39
9,8,Material,source,SurfaceMap.CollectYields,2
9,8,Fame,source,SurfaceMap.CollectYields,9
9,8,DP,sink,MinionRoster.TrySummon,-946
9,8,DP,source,AdventurerAI.ReapEmotion,129
9,8,DP,source,AdventurerAI.TakeDamage,570
9,8,Material,source,AdventurerAI.TakeDamage,28
9,8,DP,sink,CommandSystem.TryUse,-950
9,8,DP,source,Nemesis.OnSlain,551
9,8,Material,source,Nemesis.OnSlain,5
9,8,DP,stock,end,310
9,8,Material,stock,end,189
9,8,Fame,stock,end,373
9,9,DP,source,SurfaceMap.CollectYields,45
9,9,Material,source,SurfaceMap.CollectYields,2
9,9,Fame,source,SurfaceMap.CollectYields,11
9,9,DP,source,EraSystem.TickTurn,1020
9,9,DP,sink,MinionRoster.TrySummon,-1354
9,9,DP,source,AdventurerAI.ReapEmotion,138
9,9,DP,source,AdventurerAI.TakeDamage,1032
9,9,Material,source,AdventurerAI.TakeDamage,43
9,9,DP,sink,CommandSystem.TryUse,-1900
9,9,DP,source,Nemesis.OnSlain,1150
9,9,Material,source,Nemesis.OnSlain,10
9,9,DP,source,AdventurerAI.GrantReturnReward,191
9,9,Fame,source,AdventurerAI.GrantReturnReward,10
9,9,Fame,source,LureEconomy.OnHeroEscaped,25
9,9,DP,stock,end,632
9,9,Material,stock,end,244
9,9,Fame,stock,end,419
9,10,DP,source,SurfaceMap.CollectYields,52
9,10,Material,source,SurfaceMap.CollectYields,2
9,10,Fame,source,SurfaceMap.CollectYields,11
9,10,DP,source,EraSystem.TickTurn,300
9,10,Fame,source,EraSystem.TickTurn,25
9,10,DP,sink,MinionRoster.TrySummon,-971
9,10,DP,source,AdventurerAI.ReapEmotion,304
9,10,DP,source,AdventurerAI.TakeDamage,1177
9,10,Material,source,AdventurerAI.TakeDamage,36
9,10,DP,sink,CommandSystem.TryUse,-1800
9,10,DP,source,AdventurerAI.GrantReturnReward,483
9,10,Fame,source,AdventurerAI.GrantReturnReward,10
9,10,Fame,source,LureEconomy.OnHeroEscaped,25
9,10,DP,stock,end,177
9,10,Material,stock,end,282
9,10,Fame,stock,end,490
9,11,DP,source,SurfaceMap.CollectYields,52
9,11,Material,source,SurfaceMap.CollectYields,2
9,11,Fame,source,SurfaceMap.CollectYields,11
9,11,DP,sink,MinionRoster.TrySummon,-216
9,11,DP,source,AdventurerAI.ReapEmotion,200
9,11,DP,source,AdventurerAI.TakeDamage,1155
9,11,Material,source,AdventurerAI.TakeDamage,37
9,11,DP,sink,CommandSystem.TryUse,-2300
9,11,DP,source,AdventurerAI.GrantReturnReward,550
9,11,Fame,source,AdventurerAI.GrantReturnReward,30
9,11,Fame,source,LureEconomy.OnHeroEscaped,75
9,11,DP,source,Nemesis.OnSlain,599
9,11,Material,source,Nemesis.OnSlain,5
9,11,DP,stock,end,217
9,11,Material,stock,end,326
9,11,Fame,stock,end,606
9,12,DP,source,SurfaceMap.CollectYields,78
9,12,Material,source,SurfaceMap.CollectYields,3
9,12,Fame,source,SurfaceMap.CollectYields,16
9,12,DP,source,DistrictCatalog.Collect,56
9,12,DP,sink,MinionRoster.TrySummon,-342
9,12,DP,source,AdventurerAI.ReapEmotion,187
9,12,DP,source,AdventurerAI.TakeDamage,1252
9,12,Material,source,AdventurerAI.TakeDamage,42
9,12,DP,sink,CommandSystem.TryUse,-1750
9,12,DP,source,AdventurerAI.GrantReturnReward,311
9,12,Fame,source,AdventurerAI.GrantReturnReward,30
9,12,Fame,source,LureEconomy.OnHeroEscaped,75
9,12,DP,stock,end,9
9,12,Material,stock,end,371
9,12,Fame,stock,end,727
9,13,DP,source,SurfaceMap.CollectYields,38
9,13,Material,source,SurfaceMap.CollectYields,2
9,13,Fame,source,SurfaceMap.CollectYields,8
9,13,DP,source,DistrictCatalog.Collect,56
9,13,DP,sink,MinionRoster.TrySummon,-86
9,13,DP,source,AdventurerAI.ReapEmotion,228
9,13,DP,source,AdventurerAI.TakeDamage,1544
9,13,Material,source,AdventurerAI.TakeDamage,44
9,13,DP,sink,CommandSystem.TryUse,-2750
9,13,DP,source,AdventurerAI.GrantReturnReward,579
9,13,Fame,source,AdventurerAI.GrantReturnReward,40
9,13,Fame,source,LureEconomy.OnHeroEscaped,100
9,13,DP,source,Nemesis.OnSlain,1296
9,13,Material,source,Nemesis.OnSlain,10
9,13,DP,stock,end,914
9,13,Material,stock,end,427
9,13,Fame,stock,end,875
9,14,DP,source,SurfaceMap.CollectYields,38
9,14,Material,source,SurfaceMap.CollectYields,2
9,14,Fame,source,SurfaceMap.CollectYields,8
9,14,DP,source,DistrictCatalog.Collect,56
9,14,DP,sink,MinionRoster.TrySummon,-990
9,14,DP,source,AdventurerAI.ReapEmotion,154
9,14,DP,source,AdventurerAI.TakeDamage,1782
9,14,Material,source,AdventurerAI.TakeDamage,44
9,14,DP,sink,CommandSystem.TryUse,-2250
9,14,DP,source,AdventurerAI.GrantReturnReward,427
9,14,Fame,source,AdventurerAI.GrantReturnReward,30
9,14,Fame,source,LureEconomy.OnHeroEscaped,75
9,14,DP,source,Nemesis.OnSlain,1360
9,14,Material,source,Nemesis.OnSlain,10
9,14,DP,stock,end,1491
9,14,Material,stock,end,483
9,14,Fame,stock,end,988
9,15,DP,source,SurfaceMap.CollectYields,38
9,15,Material,source,SurfaceMap.CollectYields,2
9,15,Fame,source,SurfaceMap.CollectYields,8
9,15,DP,source,DistrictCatalog.Collect,56
9,15,DP,sink,MinionRoster.TrySummon,-1578
9,15,DP,source,AdventurerAI.ReapEmotion,149
9,15,DP,source,AdventurerAI.TakeDamage,3287
9,15,Material,source,AdventurerAI.TakeDamage,84
9,15,DP,sink,CommandSystem.TryUse,-2250
9,15,DP,source,AdventurerAI.GrantReturnReward,448
9,15,Fame,source,AdventurerAI.GrantReturnReward,60
9,15,Fame,source,LureEconomy.OnHeroEscaped,150
9,15,DP,source,Nemesis.OnSlain,1394
9,15,Material,source,Nemesis.OnSlain,10
9,15,DP,stock,end,3035
9,15,Material,stock,end,579
9,15,Fame,stock,end,1206
9,16,DP,source,SurfaceMap.CollectYields,59
9,16,Material,source,SurfaceMap.CollectYields,3
9,16,Fame,source,SurfaceMap.CollectYields,13
9,16,DP,source,DistrictCatalog.Collect,56
9,16,DP,source,EraSystem.TickTurn,300
9,16,DP,sink,MinionRoster.TrySummon,-3439
9,16,DP,source,AdventurerAI.ReapEmotion,148
9,16,DP,source,AdventurerAI.TakeDamage,1740
9,16,Material,source,AdventurerAI.TakeDamage,44
9,16,DP,sink,CommandSystem.TryUse,-1900
9,16,DP,source,AdventurerAI.GrantReturnReward,1396
9,16,Fame,source,AdventurerAI.GrantReturnReward,80
9,16,Fame,source,LureEconomy.OnHeroEscaped,200
9,16,DP,source,Nemesis.OnSlain,2171
9,16,Material,source,Nemesis.OnSlain,15
9,16,DP,stock,end,3566
9,16,Material,stock,end,641
9,16,Fame,stock,end,1499
9,17,DP,source,SurfaceMap.CollectYields,59
9,17,Material,source,SurfaceMap.CollectYields,3
9,17,Fame,source,SurfaceMap.CollectYields,13
9,17,DP,source,DistrictCatalog.Collect,56
9,17,DP,source,EraSystem.TickTurn,720
9,17,DP,sink,MinionRoster.TrySummon,-4389
9,17,DP,source,AdventurerAI.ReapEmotion,238
9,17,DP,source,AdventurerAI.GrantReturnReward,2180
9,17,Fame,source,AdventurerAI.GrantReturnReward,120
9,17,Fame,source,LureEconomy.OnHeroEscaped,300
9,17,DP,sink,CommandSystem.TryUse,-3200
9,17,DP,source,AdventurerAI.TakeDamage,1807
9,17,Material,source,AdventurerAI.TakeDamage,38
9,17,DP,source,Nemesis.OnSlain,2235
9,17,Material,source,Nemesis.OnSlain,15
9,17,DP,stock,end,3272
9,17,Material,stock,end,697
9,17,Fame,stock,end,1932
9,18,DP,source,SurfaceMap.CollectYields,59
9,18,Material,source,SurfaceMap.CollectYields,3
9,18,Fame,source,SurfaceMap.CollectYields,13
9,18,DP,source,DistrictCatalog.Collect,56
9,18,DP,sink,MinionRoster.TrySummon,-3376
9,18,DP,source,AdventurerAI.ReapEmotion,422
9,18,DP,source,AdventurerAI.TakeDamage,1238
9,18,Material,source,AdventurerAI.TakeDamage,32
9,18,DP,sink,CommandSystem.TryUse,-2250
9,18,DP,source,AdventurerAI.GrantReturnReward,2406
9,18,Fame,source,AdventurerAI.GrantReturnReward,60
9,18,Fame,source,LureEconomy.OnHeroEscaped,150
9,18,DP,source,Nemesis.OnSlain,778
9,18,Material,source,Nemesis.OnSlain,5
9,18,DP,stock,end,2605
9,18,Material,stock,end,737
9,18,Fame,stock,end,2155
9,19,DP,source,SurfaceMap.CollectYields,78
9,19,Material,source,SurfaceMap.CollectYields,3
9,19,Fame,source,SurfaceMap.CollectYields,16
9,19,DP,source,DistrictCatalog.Collect,70
9,19,DP,sink,MinionRoster.TrySummon,-2721
9,19,DP,source,AdventurerAI.ReapEmotion,250
9,19,DP,source,AdventurerAI.TakeDamage,2304
9,19,Material,source,AdventurerAI.TakeDamage,30
9,19,DP,sink,CommandSystem.TryUse,-2750
9,19,DP,source,AdventurerAI.GrantReturnReward,921
9,19,Fame,source,AdventurerAI.GrantReturnReward,120
9,19,Fame,source,LureEconomy.OnHeroEscaped,300
9,19,DP,source,Nemesis.OnSlain,1588
9,19,Material,source,Nemesis.OnSlain,10
9,19,DP,stock,end,2345
9,19,Material,stock,end,780
9,19,Fame,stock,end,2591
9,20,DP,source,SurfaceMap.CollectYields,105
9,20,Material,source,SurfaceMap.CollectYields,4
9,20,Fame,source,SurfaceMap.CollectYields,21
9,20,DP,source,DistrictCatalog.Collect,70
9,20,DP,sink,MinionRoster.TrySummon,-2520
9,20,DP,source,AdventurerAI.ReapEmotion,314
9,20,DP,source,AdventurerAI.TakeDamage,3714
9,20,Material,source,AdventurerAI.TakeDamage,47
9,20,DP,sink,CommandSystem.TryUse,-2250
9,20,DP,source,AdventurerAI.GrantReturnReward,1384
9,20,Fame,source,AdventurerAI.GrantReturnReward,90
9,20,Fame,source,LureEconomy.OnHeroEscaped,225
9,20,DP,source,Nemesis.OnSlain,2754
9,20,Material,source,Nemesis.OnSlain,17
9,20,DP,stock,end,5916
9,20,Material,stock,end,848
9,20,Fame,stock,end,2927
9,21,DP,source,SurfaceMap.CollectYields,108
9,21,Material,source,SurfaceMap.CollectYields,4
9,21,Fame,source,SurfaceMap.CollectYields,22
9,21,DP,source,DistrictCatalog.Collect,70
9,21,DP,sink,MinionRoster.TrySummon,-5408
9,21,DP,sink,CommandSystem.TryUse,-3200
9,21,DP,source,AdventurerAI.ReapEmotion,189
9,21,DP,source,AdventurerAI.TakeDamage,1912
9,21,Material,source,AdventurerAI.TakeDamage,21
9,21,DP,source,AdventurerAI.GrantReturnReward,2955
9,21,Fame,source,AdventurerAI.GrantReturnReward,160
9,21,Fame,source,LureEconomy.OnHeroEscaped,400
9,21,DP,source,Nemesis.OnSlain,842
9,21,Material,source,Nemesis.OnSlain,5
9,21,DP,stock,end,3384
9,21,Material,stock,end,878
9,21,Fame,stock,end,3509
9,22,DP,source,SurfaceMap.CollectYields,108
9,22,Material,source,SurfaceMap.CollectYields,4
9,22,Fame,source,SurfaceMap.CollectYields,22
9,22,DP,source,DistrictCatalog.Collect,56
9,22,DP,sink,MinionRoster.TrySummon,-3530
9,22,DP,source,AdventurerAI.ReapEmotion,281
9,22,DP,source,AdventurerAI.TakeDamage,2162
9,22,Material,source,AdventurerAI.TakeDamage,21
9,22,DP,sink,CommandSystem.TryUse,-2750
9,22,Fame,source,AdventurerAI.GrantReturnReward,170
9,22,Fame,source,LureEconomy.OnHeroEscaped,425
9,22,DP,source,AdventurerAI.GrantReturnReward,1446
9,22,DP,source,Nemesis.OnSlain,875
9,22,Material,source,Nemesis.OnSlain,5
9,22,DP,stock,end,2032
9,22,Material,stock,end,908
9,22,Fame,stock,end,4126
9,23,DP,source,SurfaceMap.CollectYields,59
9,23,Material,source,SurfaceMap.CollectYields,3
9,23,Fame,source,SurfaceMap.CollectYields,13
9,23,DP,source,DistrictCatalog.Collect,56
9,23,DP,sink,MinionRoster.TrySummon,-2145
9,23,DP,source,AdventurerAI.ReapEmotion,348
9,23,DP,source,AdventurerAI.TakeDamage,4790
9,23,Material,source,AdventurerAI.TakeDamage,34
9,23,DP,sink,CommandSystem.TryUse,-3200
9,23,Fame,source,AdventurerAI.GrantReturnReward,150
9,23,Fame,source,LureEconomy.OnHeroEscaped,375
9,23,DP,source,AdventurerAI.GrantReturnReward,2719
9,23,DP,source,Nemesis.OnSlain,2965
9,23,Material,source,Nemesis.OnSlain,17
9,23,DP,stock,end,7624
9,23,Material,stock,end,962
9,23,Fame,stock,end,4664
9,24,DP,source,SurfaceMap.CollectYields,62
9,24,Material,source,SurfaceMap.CollectYields,3
9,24,Fame,source,SurfaceMap.CollectYields,14
9,24,DP,source,DistrictCatalog.Collect,56
9,24,DP,sink,MinionRoster.TrySummon,-6552
9,24,DP,sink,IncidentSystem.Apply,-800
9,24,DP,sink,CommandSystem.TryUse,-3200
9,24,DP,source,AdventurerAI.ReapEmotion,281
9,24,DP,source,AdventurerAI.GrantReturnReward,1429
9,24,Fame,source,AdventurerAI.GrantReturnReward,120
9,24,Fame,source,LureEconomy.OnHeroEscaped,300
9,24,DP,source,AdventurerAI.TakeDamage,6204
9,24,Material,source,AdventurerAI.TakeDamage,42
9,24,DP,stock,end,5104
9,24,Material,stock,end,1007
9,24,Fame,stock,end,5098
9,25,DP,source,SurfaceMap.CollectYields,62
9,25,Material,source,SurfaceMap.CollectYields,3
9,25,Fame,source,SurfaceMap.CollectYields,14
9,25,DP,source,DistrictCatalog.Collect,14
9,25,DP,source,EraSystem.TickTurn,3840
9,25,DP,sink,MinionRoster.TrySummon,-8008
9,25,DP,sink,CommandSystem.TryUse,-3200
9,25,DP,source,AdventurerAI.ReapEmotion,214
9,25,DP,source,AdventurerAI.TakeDamage,4518
9,25,Material,source,AdventurerAI.TakeDamage,24
9,25,DP,source,AdventurerAI.GrantReturnReward,5620
9,25,Fame,source,AdventurerAI.GrantReturnReward,190
9,25,Fame,source,LureEconomy.OnHeroEscaped,475
9,25,DP,source,Nemesis.OnSlain,2820
9,25,Material,source,Nemesis.OnSlain,15
9,25,DP,stock,end,10984
9,25,Material,stock,end,1049
9,25,Fame,stock,end,5777
10,1,DP,sink,DungeonFeatureManager.TryPlaceTrap,-150
10,1,DP,source,AdventurerAI.TakeDamage,109
10,1,Material,source,AdventurerAI.TakeDamage,6
10,1,DP,source,AdventurerAI.ReapEmotion,200
10,1,DP,sink,CommandSystem.TryUse,-650
10,1,DP,source,AdventurerAI.GrantReturnReward,451
10,1,Fame,source,AdventurerAI.GrantReturnReward,20
10,1,Fame,source,LureEconomy.OnHeroEscaped,50
10,1,DP,stock,end,160
10,1,Material,stock,end,6
10,1,Fame,stock,end,70
10,2,DP,source,SurfaceMap.CollectYields,18
10,2,Material,source,SurfaceMap.CollectYields,1
10,2,Fame,source,SurfaceMap.CollectYields,4
10,2,DP,source,EraSystem.TickTurn,600
10,2,Fame,source,EraSystem.TickTurn,25
10,2,DP,sink,DungeonFeatureManager.TryPlaceTrap,-600
10,2,Fame,source,AdventurerAI.GrantReturnReward,20
10,2,Fame,source,LureEconomy.OnHeroEscaped,50
10,2,DP,source,AdventurerAI.ReapEmotion,104
10,2,DP,source,AdventurerAI.TakeDamage,216
10,2,Material,source,AdventurerAI.TakeDamage,8
10,2,DP,sink,CommandSystem.TryUse,-650
10,2,DP,source,AdventurerAI.GrantReturnReward,207
10,2,DP,stock,end,55
10,2,Material,stock,end,15
10,2,Fame,stock,end,169
10,3,DP,source,SurfaceMap.CollectYields,18
10,3,Material,source,SurfaceMap.CollectYields,1
10,3,Fame,source,SurfaceMap.CollectYields,4
10,3,DP,source,EraSystem.TickTurn,600
10,3,DP,sink,DungeonFeatureManager.TryPlaceTrap,-300
10,3,DP,sink,DungeonFeatureManager.TryPlaceFeature,-250
10,3,DP,sink,MinionRoster.TrySummon,-118
10,3,DP,source,AdventurerAI.ReapEmotion,180
10,3,DP,source,AdventurerAI.TakeDamage,462
10,3,Material,source,AdventurerAI.TakeDamage,24
10,3,DP,sink,CommandSystem.TryUse,-300
10,3,DP,stock,end,347
10,3,Material,stock,end,40
10,3,Fame,stock,end,173
10,4,DP,source,SurfaceMap.CollectYields,18
10,4,Material,source,SurfaceMap.CollectYields,1
10,4,Fame,source,SurfaceMap.CollectYields,4
10,4,DP,source,EraSystem.TickTurn,600
10,4,Material,source,EraSystem.TickTurn,10
10,4,DP,sink,DungeonFeatureManager.TryPlaceFeature,-250
10,4,DP,sink,DungeonFeatureManager.TryPlaceHabitat,-480
10,4,DP,sink,MinionRoster.TrySummon,-234
10,4,DP,source,IncidentSystem.Apply,600
10,4,DP,sink,CommandSystem.TryUse,-1150
10,4,DP,source,AdventurerAI.TakeDamage,558
10,4,Material,source,AdventurerAI.TakeDamage,20
10,4,DP,source,AdventurerAI.ReapEmotion,110
10,4,DP,source,Nemesis.OnSlain,454
10,4,Material,source,Nemesis.OnSlain,5
10,4,DP,stock,end,573
10,4,Material,stock,end,76
10,4,Fame,stock,end,177
10,5,DP,source,SurfaceMap.CollectYields,18
10,5,Material,source,SurfaceMap.CollectYields,1
10,5,Fame,source,SurfaceMap.CollectYields,4
10,5,DP,source,EraSystem.TickTurn,600
10,5,Fame,source,EraSystem.TickTurn,25
10,5,DP,sink,DungeonFeatureManager.TryPlaceFeature,-250
10,5,DP,sink,MinionRoster.TrySummon,-808
10,5,DP,sink,DungeonFeatureManager.TryPlaceHabitat,-120
10,5,DP,source,AdventurerAI.ReapEmotion,122
10,5,DP,source,AdventurerAI.TakeDamage,1463
10,5,Material,source,AdventurerAI.TakeDamage,50
10,5,DP,sink,CommandSystem.TryUse,-1900
10,5,DP,source,AdventurerAI.GrantReturnReward,228
10,5,Fame,source,AdventurerAI.GrantReturnReward,10
10,5,Fame,source,LureEconomy.OnHeroEscaped,25
10,5,DP,source,Nemesis.OnSlain,486
10,5,Material,source,Nemesis.OnSlain,5
10,5,DP,stock,end,412
10,5,Material,stock,end,132
10,5,Fame,stock,end,241
10,6,DP,source,SurfaceMap.CollectYields,39
10,6,Material,source,SurfaceMap.CollectYields,2
10,6,Fame,source,SurfaceMap.CollectYields,9
10,6,DP,source,EraSystem.TickTurn,1020
10,6,DP,sink,MinionRoster.TrySummon,-1459
10,6,DP,source,AdventurerAI.ReapEmotion,193
10,6,Fame,source,AdventurerAI.GrantReturnReward,10
10,6,Fame,source,LureEconomy.OnHeroEscaped,25
10,6,DP,source,AdventurerAI.TakeDamage,671
10,6,Material,source,AdventurerAI.TakeDamage,22
10,6,DP,sink,CommandSystem.TryUse,-650
10,6,DP,stock,end,226
10,6,Material,stock,end,156
10,6,Fame,stock,end,285
10,7,DP,source,SurfaceMap.CollectYields,39
10,7,Material,source,SurfaceMap.CollectYields,2
10,7,Fame,source,SurfaceMap.CollectYields,9
10,7,DP,source,EraSystem.TickTurn,600
10,7,DP,sink,MinionRoster.TrySummon,-853
10,7,DP,source,AdventurerAI.ReapEmotion,135
10,7,DP,source,AdventurerAI.TakeDamage,653
10,7,Material,source,AdventurerAI.TakeDamage,24
10,7,DP,sink,CommandSystem.TryUse,-650
10,7,DP,source,AdventurerAI.GrantReturnReward,165
10,7,Fame,source,AdventurerAI.GrantReturnReward,30
10,7,Fame,source,LureEconomy.OnHeroEscaped,75
10,7,DP,source,Nemesis.OnSlain,518
10,7,Material,source,Nemesis.OnSlain,5
10,7,DP,stock,end,833
10,7,Material,stock,end,187
10,7,Fame,stock,end,399
10,8,DP,source,SurfaceMap.CollectYields,39
10,8,Material,source,SurfaceMap.CollectYields,2
10,8,Fame,source,SurfaceMap.CollectYields,9
10,8,DP,source,EraSystem.TickTurn,720
10,8,DP,sink,MinionRoster.TrySummon,-1584
10,8,DP,source,AdventurerAI.ReapEmotion,130
10,8,DP,source,AdventurerAI.TakeDamage,1490
10,8,Material,source,AdventurerAI.TakeDamage,55
10,8,DP,sink,CommandSystem.TryUse,-1900
10,8,DP,source,AdventurerAI.GrantReturnReward,506
10,8,Fame,source,AdventurerAI.GrantReturnReward,30
10,8,Fame,source,LureEconomy.OnHeroEscaped,75
10,8,DP,source,Nemesis.OnSlain,551
10,8,Material,source,Nemesis.OnSlain,5
10,8,DP,stock,end,785
10,8,Material,stock,end,249
10,8,Fame,stock,end,513
10,9,DP,source,SurfaceMap.CollectYields,69
10,9,Material,source,SurfaceMap.CollectYields,3
10,9,Fame,source,SurfaceMap.CollectYields,17
10,9,DP,source,EraSystem.TickTurn,600
10,9,Fame,source,EraSystem.TickTurn,25
10,9,DP,sink,MinionRoster.TrySummon,-1431
10,9,DP,source,AdventurerAI.ReapEmotion,142
10,9,DP,source,AdventurerAI.TakeDamage,944
10,9,Material,source,AdventurerAI.TakeDamage,31
10,9,DP,sink,CommandSystem.TryUse,-1300
10,9,DP,source,AdventurerAI.GrantReturnReward,201
10,9,Fame,source,AdventurerAI.GrantReturnReward,30
10,9,Fame,source,LureEconomy.OnHeroEscaped,75
10,9,DP,stock,end,10
10,9,Material,stock,end,283
10,9,Fame,stock,end,660
10,10,DP,source,SurfaceMap.CollectYields,52
10,10,Material,source,SurfaceMap.CollectYields,2
10,10,Fame,source,SurfaceMap.CollectYields,11
10,10,DP,sink,MinionRoster.TrySummon,-54
10,10,DP,source,AdventurerAI.ReapEmotion,228
10,10,DP,source,AdventurerAI.TakeDamage,1453
10,10,Material,source,AdventurerAI.TakeDamage,48
10,10,DP,sink,CommandSystem.TryUse,-1800
10,10,Fame,source,AdventurerAI.GrantReturnReward,10
10,10,Fame,source,LureEconomy.OnHeroEscaped,25
10,10,DP,source,Nemesis.OnSlain,1232
10,10,Material,source,Nemesis.OnSlain,10
10,10,DP,stock,end,1121
10,10,Material,stock,end,343
10,10,Fame,stock,end,706
10,11,DP,source,SurfaceMap.CollectYields,52
10,11,Material,source,SurfaceMap.CollectYields,2
10,11,Fame,source,SurfaceMap.CollectYields,11
10,11,DP,sink,MinionRoster.TrySummon,-1166
10,11,DP,source,AdventurerAI.ReapEmotion,233
10,11,DP,source,AdventurerAI.TakeDamage,1277
10,11,Material,source,AdventurerAI.TakeDamage,39
10,11,DP,source,AdventurerAI.GrantReturnReward,79
10,11,Fame,source,AdventurerAI.GrantReturnReward,30
10,11,Fame,source,LureEconomy.OnHeroEscaped,75
10,11,DP,sink,CommandSystem.TryUse,-2250
10,11,DP,source,Nemesis.OnSlain,1714
10,11,Material,source,Nemesis.OnSlain,14
10,11,DP,stock,end,1060
10,11,Material,stock,end,398
10,11,Fame,stock,end,822
10,12,DP,source,SurfaceMap.CollectYields,79
10,12,Material,source,SurfaceMap.CollectYields,3
10,12,Fame,source,SurfaceMap.CollectYields,17
10,12,DP,source,DistrictCatalog.Collect,70
10,12,DP,sink,MinionRoster.TrySummon,-1194
10,12,DP,source,AdventurerAI.ReapEmotion,160
10,12,DP,source,AdventurerAI.TakeDamage,1271
10,12,Material,source,AdventurerAI.TakeDamage,40
10,12,DP,sink,CommandSystem.TryUse,-1300
10,12,Fame,source,AdventurerAI.GrantReturnReward,40
10,12,Fame,source,LureEconomy.OnHeroEscaped,100
10,12,DP,source,AdventurerAI.GrantReturnReward,202
10,12,DP,source,Nemesis.OnSlain,1296
10,12,Material,source,Nemesis.OnSlain,10
10,12,DP,stock,end,1644
10,12,Material,stock,end,451
10,12,Fame,stock,end,979
10,13,DP,source,SurfaceMap.CollectYields,62
10,13,Material,source,SurfaceMap.CollectYields,3
10,13,Fame,source,SurfaceMap.CollectYields,14
10,13,DP,source,DistrictCatalog.Collect,70
10,13,DP,sink,MinionRoster.TrySummon,-1770
10,13,DP,source,AdventurerAI.ReapEmotion,153
10,13,DP,source,AdventurerAI.TakeDamage,1490
10,13,Material,source,AdventurerAI.TakeDamage,50
10,13,DP,sink,CommandSystem.TryUse,-1900
10,13,DP,source,Nemesis.OnSlain,680
10,13,Material,source,Nemesis.OnSlain,5
10,13,Fame,source,AdventurerAI.GrantReturnReward,40
10,13,Fame,source,LureEconomy.OnHeroEscaped,100
10,13,DP,stock,end,429
10,13,Material,stock,end,509
10,13,Fame,stock,end,1133
10,14,DP,source,SurfaceMap.CollectYields,62
10,14,Material,source,SurfaceMap.CollectYields,3
10,14,Fame,source,SurfaceMap.CollectYields,14
10,14,DP,source,DistrictCatalog.Collect,84
10,14,DP,sink,MinionRoster.TrySummon,-568
10,14,DP,source,AdventurerAI.ReapEmotion,234
10,14,DP,source,AdventurerAI.TakeDamage,1792
10,14,Material,source,AdventurerAI.TakeDamage,51
10,14,DP,sink,CommandSystem.TryUse,-2250
10,14,DP,source,AdventurerAI.GrantReturnReward,197
10,14,Fame,source,AdventurerAI.GrantReturnReward,40
10,14,Fame,source,LureEconomy.OnHeroEscaped,100
10,14,DP,source,Nemesis.OnSlain,1394
10,14,Material,source,Nemesis.OnSlain,10
10,14,DP,stock,end,1374
10,14,Material,stock,end,573
10,14,Fame,stock,end,1287
10,15,DP,source,SurfaceMap.CollectYields,62
10,15,Material,source,SurfaceMap.CollectYields,3
10,15,Fame,source,SurfaceMap.CollectYields,14
10,15,DP,source,DistrictCatalog.Collect,84
10,15,DP,sink,MinionRoster.TrySummon,-1514
10,15,DP,source,AdventurerAI.ReapEmotion,160
10,15,Fame,source,AdventurerAI.GrantReturnReward,140
10,15,Fame,source,LureEconomy.OnHeroEscaped,350
10,15,DP,source,AdventurerAI.TakeDamage,1742
10,15,Material,source,AdventurerAI.TakeDamage,43
10,15,DP,sink,CommandSystem.TryUse,-2250
10,15,DP,source,AdventurerAI.GrantReturnReward,961
10,15,DP,source,Nemesis.OnSlain,1692
10,15,Material,source,Nemesis.OnSlain,12
10,15,DP,stock,end,2311
10,15,Material,stock,end,631
10,15,Fame,stock,end,1791
10,16,DP,source,SurfaceMap.CollectYields,83
10,16,Material,source,SurfaceMap.CollectYields,4
10,16,Fame,source,SurfaceMap.CollectYields,19
10,16,DP,source,DistrictCatalog.Collect,84
10,16,DP,source,EraSystem.TickTurn,600
10,16,DP,sink,MinionRoster.TrySummon,-3069
10,16,DP,source,AdventurerAI.ReapEmotion,159
10,16,DP,source,AdventurerAI.TakeDamage,3489
10,16,Material,source,AdventurerAI.TakeDamage,75
10,16,DP,sink,CommandSystem.TryUse,-1900
10,16,DP,source,AdventurerAI.GrantReturnReward,1683
10,16,Fame,source,AdventurerAI.GrantReturnReward,30
10,16,Fame,source,LureEconomy.OnHeroEscaped,75
10,16,DP,source,Nemesis.OnSlain,1745
10,16,Material,source,Nemesis.OnSlain,12
10,16,DP,stock,end,5185
10,16,Material,stock,end,722
10,16,Fame,stock,end,1915
10,17,DP,source,SurfaceMap.CollectYields,106
10,17,Material,source,SurfaceMap.CollectYields,5
10,17,Fame,source,SurfaceMap.CollectYields,24
10,17,DP,source,DistrictCatalog.Collect,84
10,17,DP,source,EraSystem.TickTurn,720
10,17,DP,sink,MinionRoster.TrySummon,-4960
10,17,DP,sink,CommandSystem.TryUse,-3200
10,17,Fame,source,AdventurerAI.GrantReturnReward,160
10,17,Fame,source,LureEconomy.OnHeroEscaped,400
10,17,DP,source,AdventurerAI.ReapEmotion,162
10,17,DP,source,AdventurerAI.TakeDamage,1568
10,17,Material,source,AdventurerAI.TakeDamage,50
10,17,DP,source,AdventurerAI.GrantReturnReward,1210
10,17,DP,source,Nemesis.OnSlain,1863
10,17,Material,source,Nemesis.OnSlain,12
10,17,DP,stock,end,2738
10,17,Material,stock,end,789
10,17,Fame,stock,end,2499
10,18,DP,source,SurfaceMap.CollectYields,127
10,18,Material,source,SurfaceMap.CollectYields,6
10,18,Fame,source,SurfaceMap.CollectYields,29
10,18,DP,source,DistrictCatalog.Collect,84
10,18,DP,sink,MinionRoster.TrySummon,-2928
10,18,DP,source,AdventurerAI.ReapEmotion,363
10,18,DP,source,AdventurerAI.TakeDamage,5725
10,18,Material,source,AdventurerAI.TakeDamage,99
10,18,DP,sink,CommandSystem.TryUse,-2600
10,18,Fame,source,AdventurerAI.GrantReturnReward,70
10,18,Fame,source,LureEconomy.OnHeroEscaped,175
10,18,DP,source,AdventurerAI.GrantReturnReward,1940
10,18,DP,source,Nemesis.OnSlain,1588
10,18,Material,source,Nemesis.OnSlain,10
10,18,DP,stock,end,7037
10,18,Material,stock,end,904
10,18,Fame,stock,end,2773
10,19,DP,source,SurfaceMap.CollectYields,127
10,19,Material,source,SurfaceMap.CollectYields,6
10,19,Fame,source,SurfaceMap.CollectYields,29
10,19,DP,source,DistrictCatalog.Collect,84
10,19,DP,sink,MinionRoster.TrySummon,-6156
10,19,DP,sink,CommandSystem.TryUse,-3200
10,19,DP,source,AdventurerAI.ReapEmotion,354
10,19,DP,source,AdventurerAI.TakeDamage,3386
10,19,Material,source,AdventurerAI.TakeDamage,44
10,19,Fame,source,AdventurerAI.GrantReturnReward,130
10,19,Fame,source,LureEconomy.OnHeroEscaped,325
10,19,DP,source,AdventurerAI.GrantReturnReward,3568
10,19,DP,source,Nemesis.OnSlain,1081
10,19,Material,source,Nemesis.OnSlain,7
10,19,DP,stock,end,6281
10,19,Material,stock,end,961
10,19,Fame,stock,end,3257
10,20,DP,source,SurfaceMap.CollectYields,127
10,20,Material,source,SurfaceMap.CollectYields,6
10,20,Fame,source,SurfaceMap.CollectYields,29
10,20,DP,source,DistrictCatalog.Collect,98
10,20,DP,sink,MinionRoster.TrySummon,-5408
10,20,DP,sink,CommandSystem.TryUse,-3550
10,20,DP,source,AdventurerAI.ReapEmotion,284
10,20,DP,source,AdventurerAI.TakeDamage,5657
10,20,Material,source,AdventurerAI.TakeDamage,71
10,20,DP,source,AdventurerAI.GrantReturnReward,2671
10,20,Fame,source,AdventurerAI.GrantReturnReward,110
10,20,Fame,source,LureEconomy.OnHeroEscaped,275
10,20,DP,source,Nemesis.OnSlain,2867
10,20,Material,source,Nemesis.OnSlain,17
10,20,DP,stock,end,9027
10,20,Material,stock,end,1055
10,20,Fame,stock,end,3671
10,21,DP,source,SurfaceMap.CollectYields,148
10,21,Material,source,SurfaceMap.CollectYields,7
10,21,Fame,source,SurfaceMap.CollectYields,34
10,21,DP,source,DistrictCatalog.Collect,98
10,21,DP,sink,MinionRoster.TrySummon,-8112
10,21,DP,sink,CommandSystem.TryUse,-3200
10,21,DP,source,AdventurerAI.ReapEmotion,191
10,21,DP,source,AdventurerAI.TakeDamage,3729
10,21,Material,source,AdventurerAI.TakeDamage,48
10,21,DP,source,AdventurerAI.GrantReturnReward,4383
10,21,Fame,source,AdventurerAI.GrantReturnReward,140
10,21,Fame,source,LureEconomy.OnHeroEscaped,350
10,21,DP,stock,end,6264
10,21,Material,stock,end,1110
10,21,Fame,stock,end,4195
10,22,DP,source,SurfaceMap.CollectYields,147
10,22,Material,source,SurfaceMap.CollectYields,7
10,22,Fame,source,SurfaceMap.CollectYields,33
10,22,DP,source,DistrictCatalog.Collect,112
10,22,DP,sink,MinionRoster.TrySummon,-5616
10,22,DP,sink,CommandSystem.TryUse,-3200
10,22,DP,source,AdventurerAI.ReapEmotion,308
10,22,Fame,source,AdventurerAI.GrantReturnReward,200
10,22,Fame,source,LureEconomy.OnHeroEscaped,500
10,22,DP,source,AdventurerAI.GrantReturnReward,2998
10,22,DP,source,AdventurerAI.TakeDamage,3080
10,22,Material,source,AdventurerAI.TakeDamage,27
10,22,DP,source,Nemesis.OnSlain,1750
10,22,Material,source,Nemesis.OnSlain,10
10,22,DP,stock,end,5843
10,22,Material,stock,end,1154
10,22,Fame,stock,end,4928
