run,turn,resource,kind,key,amount
1,1,DP,sink,DungeonFeatureManager.TryPlaceTrap,-150
1,1,DP,source,AdventurerAI.ReapEmotion,200
1,1,DP,source,AdventurerAI.GrantReturnReward,351
1,1,Fame,source,AdventurerAI.GrantReturnReward,20
1,1,Fame,source,LureEconomy.OnHeroEscaped,50
1,1,DP,sink,CommandSystem.TryUse,-650
1,1,DP,source,AdventurerAI.TakeDamage,163
1,1,Material,source,AdventurerAI.TakeDamage,15
1,1,DP,stock,end,114
1,1,Material,stock,end,15
1,1,Fame,stock,end,70
1,2,DP,source,SurfaceMap.CollectYields,18
1,2,Material,source,SurfaceMap.CollectYields,1
1,2,Fame,source,SurfaceMap.CollectYields,4
1,2,DP,source,EraSystem.TickTurn,600
1,2,Fame,source,EraSystem.TickTurn,25
1,2,DP,sink,MinionRoster.TryForge,-236
1,2,DP,sink,MinionEvolution.TryEvolve,-150
1,2,DP,sink,DungeonFeatureManager.TryPlaceTrap,-150
1,2,DP,sink,MinionRoster.TrySummon,-180
1,2,DP,source,AdventurerAI.ReapEmotion,111
1,2,Fame,source,AdventurerAI.GrantReturnReward,30
1,2,Fame,source,LureEconomy.OnHeroEscaped,75
1,2,DP,source,AdventurerAI.TakeDamage,140
1,2,Material,source,AdventurerAI.TakeDamage,4
1,2,DP,source,AdventurerAI.GrantReturnReward,558
1,2,DP,sink,CommandSystem.TryUse,-300
1,2,DP,stock,end,525
1,2,Material,stock,end,20
1,2,Fame,stock,end,204
1,3,DP,source,SurfaceMap.CollectYields,18
1,3,Material,source,SurfaceMap.CollectYields,1
1,3,Fame,source,SurfaceMap.CollectYields,4
1,3,DP,source,EraSystem.TickTurn,600
1,3,Material,source,EraSystem.TickTurn,10
1,3,Fame,source,EraSystem.TickTurn,25
1,3,DP,sink,MinionRoster.TryForge,-236
1,3,DP,sink,DungeonFloorManager.TryExpandFloor,-400
1,3,DP,sink,MinionEvolution.TryEvolve,-175
1,3,DP,sink,DungeonFeatureManager.TryPlaceTrap,-150
1,3,DP,sink,MinionRoster.TrySummon,-181
1,3,DP,source,AdventurerAI.ReapEmotion,114
1,3,DP,source,AdventurerAI.GrantReturnReward,813
1,3,Fame,source,AdventurerAI.GrantReturnReward,40
1,3,Fame,source,LureEconomy.OnHeroEscaped,100
1,3,DP,sink,CommandSystem.TryUse,-300
1,3,DP,source,AdventurerAI.TakeDamage,85
1,3,Material,source,AdventurerAI.TakeDamage,4
1,3,DP,stock,end,713
1,3,Material,stock,end,35
1,3,Fame,stock,end,373
1,4,DP,source,SurfaceMap.CollectYields,18
1,4,Material,source,SurfaceMap.CollectYields,1
1,4,Fame,source,SurfaceMap.CollectYields,4
1,4,DP,source,EraSystem.TickTurn,600
1,4,DP,sink,MinionRoster.TryForge,-236
1,4,DP,sink,MinionEvolution.TryEvolve,-625
1,4,DP,sink,MinionRoster.TryEvolveIndividual,-150
1,4,DP,sink,DungeonFeatureManager.TryPlaceTrap,-150
1,4,DP,sink,MinionRoster.TrySummon,-156
1,4,DP,source,AdventurerAI.ReapEmotion,113
1,4,Fame,source,AdventurerAI.GrantReturnReward,10
1,4,Fame,source,LureEconomy.OnHeroEscaped,25
1,4,DP,source,AdventurerAI.TakeDamage,454
1,4,Material,source,AdventurerAI.TakeDamage,24
1,4,DP,sink,CommandSystem.TryUse,-650
1,4,DP,source,Nemesis.OnSlain,454
1,4,Material,source,Nemesis.OnSlain,5
1,4,DP,stock,end,385
1,4,Material,stock,end,65
1,4,Fame,stock,end,412
1,5,DP,source,SurfaceMap.CollectYields,18
1,5,Material,source,SurfaceMap.CollectYields,1
1,5,Fame,source,SurfaceMap.CollectYields,4
1,5,DP,source,EraSystem.TickTurn,600
1,5,DP,sink,MinionRoster.TryForge,-212
1,5,DP,sink,MinionEvolution.TryEvolve,-400
1,5,DP,sink,MinionRoster.TryEvolveIndividual,-75
1,5,DP,sink,DungeonFeatureManager.TryPlaceTrap,-150
1,5,DP,sink,MinionRoster.TrySummon,-147
1,5,DP,source,AdventurerAI.ReapEmotion,117
1,5,DP,source,AdventurerAI.TakeDamage,493
1,5,Material,source,AdventurerAI.TakeDamage,27
1,5,Fame,source,AdventurerAI.GrantReturnReward,20
1,5,Fame,source,LureEconomy.OnHeroEscaped,50
1,5,DP,sink,CommandSystem.TryUse,-650
1,5,DP,source,Nemesis.OnSlain,470
1,5,Material,source,Nemesis.OnSlain,5
1,5,DP,stock,end,449
1,5,Material,stock,end,98
1,5,Fame,stock,end,486
1,6,DP,source,SurfaceMap.CollectYields,39
1,6,Material,source,SurfaceMap.CollectYields,2
1,6,Fame,source,SurfaceMap.CollectYields,9
1,6,DP,source,EraSystem.TickTurn,600
1,6,DP,sink,MinionRoster.TryForge,-212
1,6,DP,sink,MinionEvolution.TryEvolve,-500
1,6,DP,sink,DungeonFeatureManager.TryPlaceTrap,-300
1,6,DP,sink,MinionRoster.TrySummon,-70
1,6,DP,source,AdventurerAI.ReapEmotion,120
1,6,DP,source,AdventurerAI.TakeDamage,742
1,6,Material,source,AdventurerAI.TakeDamage,20
1,6,Fame,source,AdventurerAI.GrantReturnReward,10
1,6,Fame,source,LureEconomy.OnHeroEscaped,25
1,6,DP,sink,CommandSystem.TryUse,-650
1,6,DP,source,Nemesis.OnSlain,972
1,6,Material,source,Nemesis.OnSlain,10
1,6,DP,stock,end,1190
1,6,Material,stock,end,130
1,6,Fame,stock,end,530
1,7,DP,source,SurfaceMap.CollectYields,39
1,7,Material,source,SurfaceMap.CollectYields,2
1,7,Fame,source,SurfaceMap.CollectYields,9
1,7,DP,source,EraSystem.TickTurn,1020
1,7,Material,source,EraSystem.TickTurn,10
1,7,DP,sink,MinionRoster.TryForge,-424
1,7,DP,sink,DungeonFloorManager.TryAddFloor,-800
1,7,DP,sink,DungeonFloorManager.TryExpandFloor,-400
1,7,DP,sink,MinionEvolution.TryEvolve,-250
1,7,DP,sink,DungeonFeatureManager.TryPlaceTrap,-300
1,7,DP,sink,MinionRoster.TrySummon,-72
1,7,DP,source,AdventurerAI.TakeDamage,436
1,7,Material,source,AdventurerAI.TakeDamage,22
1,7,DP,source,AdventurerAI.ReapEmotion,177
1,7,Fame,source,AdventurerAI.GrantReturnReward,40
1,7,Fame,source,LureEconomy.OnHeroEscaped,100
1,7,DP,sink,CommandSystem.TryUse,-1150
1,7,DP,source,AdventurerAI.GrantReturnReward,779
1,7,DP,source,Nemesis.OnSlain,1004
1,7,Material,source,Nemesis.OnSlain,10
1,7,DP,stock,end,1249
1,7,Material,stock,end,174
1,7,Fame,stock,end,679
1,8,DP,source,SurfaceMap.CollectYields,39
1,8,Material,source,SurfaceMap.CollectYields,2
1,8,Fame,source,SurfaceMap.CollectYields,9
1,8,DP,source,EraSystem.TickTurn,600
1,8,DP,sink,MinionRoster.TryForge,-212
1,8,DP,sink,DungeonFloorManager.TryExpandFloor,-800
1,8,DP,source,DungeonFeatureManager.RefundRecords,75
1,8,DP,sink,MinionEvolution.TryEvolve,-550
1,8,DP,sink,DungeonFeatureManager.TryPlaceTrap,-150
1,8,DP,sink,MinionRoster.TrySummon,-247
1,8,DP,source,AdventurerAI.ReapEmotion,179
1,8,DP,source,AdventurerAI.TakeDamage,898
1,8,Material,source,AdventurerAI.TakeDamage,24
1,8,DP,sink,CommandSystem.TryUse,-650
1,8,DP,source,AdventurerAI.GrantReturnReward,187
1,8,Fame,source,AdventurerAI.GrantReturnReward,20
1,8,Fame,source,LureEconomy.OnHeroEscaped,50
1,8,DP,source,Nemesis.OnSlain,1004
1,8,Material,source,Nemesis.OnSlain,10
1,8,DP,stock,end,1622
1,8,Material,stock,end,210
1,8,Fame,stock,end,758
1,9,DP,source,SurfaceMap.CollectYields,68
1,9,Material,source,SurfaceMap.CollectYields,3
1,9,Fame,source,SurfaceMap.CollectYields,16
1,9,DP,source,EraSystem.TickTurn,600
1,9,Fame,source,EraSystem.TickTurn,25
1,9,DP,sink,MinionRoster.TryForge,-190
1,9,DP,sink,DungeonFloorManager.TryExpandFloor,-800
1,9,DP,sink,MinionRoster.TryEvolveIndividual,-950
1,9,DP,sink,DungeonFeatureManager.TryPlaceTrap,-150
1,9,DP,sink,MinionRoster.TrySummon,-180
1,9,DP,source,AdventurerAI.ReapEmotion,252
1,9,DP,source,AdventurerAI.TakeDamage,909
1,9,Material,source,AdventurerAI.TakeDamage,30
1,9,DP,sink,CommandSystem.TryUse,-1800
1,9,DP,source,AdventurerAI.GrantReturnReward,326
1,9,Fame,source,AdventurerAI.GrantReturnReward,20
1,9,Fame,source,LureEconomy.OnHeroEscaped,50
1,9,DP,source,Nemesis.OnSlain,1036
1,9,Material,source,Nemesis.OnSlain,10
1,9,DP,stock,end,743
1,9,Material,stock,end,253
1,9,Fame,stock,end,869
1,10,DP,source,SurfaceMap.CollectYields,78
1,10,Material,source,SurfaceMap.CollectYields,3
1,10,Fame,source,SurfaceMap.CollectYields,16
1,10,DP,sink,MinionRoster.TryForge,-190
1,10,DP,sink,MinionRoster.TryEvolveIndividual,-325
1,10,DP,sink,DungeonFeatureManager.TryPlaceTrap,-150
1,10,DP,sink,MinionRoster.TrySummon,-148
1,10,DP,source,AdventurerAI.TakeDamage,1397
1,10,Material,source,AdventurerAI.TakeDamage,50
1,10,DP,source,AdventurerAI.ReapEmotion,285
1,10,DP,sink,CommandSystem.TryUse,-1800
1,10,Fame,source,AdventurerAI.GrantReturnReward,60
1,10,Fame,source,LureEconomy.OnHeroEscaped,150
1,10,DP,source,Nemesis.OnSlain,1605
1,10,Material,source,Nemesis.OnSlain,15
1,10,DP,source,AdventurerAI.GrantReturnReward,1222
1,10,DP,stock,end,2717
1,10,Material,stock,end,321
1,10,Fame,stock,end,1095
1,11,DP,source,SurfaceMap.CollectYields,78
1,11,Material,source,SurfaceMap.CollectYields,3
1,11,Fame,source,SurfaceMap.CollectYields,16
1,11,DP,source,EraSystem.TickTurn,1020
1,11,DP,sink,MinionRoster.TryForge,-190
1,11,DP,sink,DungeonFloorManager.TryAddFloor,-2000
1,11,DP,sink,DungeonFloorManager.TryExpandFloor,-1200
1,11,DP,sink,DungeonFeatureManager.TryPlaceTrap,-150
1,11,DP,sink,MinionRoster.TrySummon,-263
1,11,DP,source,AdventurerAI.TakeDamage,1285
1,11,Material,source,AdventurerAI.TakeDamage,85
1,11,DP,source,AdventurerAI.ReapEmotion,285
1,11,DP,sink,CommandSystem.TryUse,-1800
1,11,Fame,source,AdventurerAI.GrantReturnReward,10
1,11,Fame,source,LureEconomy.OnHeroEscaped,25
1,11,DP,source,Nemesis.OnSlain,1102
1,11,Material,source,Nemesis.OnSlain,10
1,11,DP,stock,end,884
1,11,Material,stock,end,419
1,11,Fame,stock,end,1146
1,12,DP,source,SurfaceMap.CollectYields,106
1,12,Material,source,SurfaceMap.CollectYields,4
1,12,Fame,source,SurfaceMap.CollectYields,22
1,12,DP,source,DistrictCatalog.Collect,98
1,12,DP,sink,MinionRoster.TryForge,-190
1,12,DP,sink,MinionRoster.TryEvolveIndividual,-550
1,12,DP,sink,DungeonFeatureManager.TryPlaceTrap,-150
1,12,DP,sink,MinionRoster.TrySummon,-184
1,12,DP,source,AdventurerAI.TakeDamage,1517
1,12,Material,source,AdventurerAI.TakeDamage,112
1,12,DP,sink,CommandSystem.TryUse,-2150
1,12,DP,source,AdventurerAI.ReapEmotion,343
1,12,DP,source,Nemesis.OnSlain,1134
1,12,Material,source,Nemesis.OnSlain,10
1,12,DP,stock,end,858
1,12,Material,stock,end,545
1,12,Fame,stock,end,1168
1,13,DP,source,SurfaceMap.CollectYields,82
1,13,Material,source,SurfaceMap.CollectYields,4
1,13,Fame,source,SurfaceMap.CollectYields,18
1,13,DP,source,DistrictCatalog.Collect,98
1,13,DP,source,WaveRoster.ResolveTrial,2400
1,13,DP,sink,MinionRoster.TryForge,-1386
1,13,DP,sink,DungeonFloorManager.TryExpandFloor,-1500
1,13,DP,sink,DungeonFeatureManager.TryPlaceTrap,-300
1,13,DP,sink,MinionRoster.TrySummon,-230
1,13,DP,source,AdventurerAI.ReapEmotion,258
1,13,DP,source,AdventurerAI.TakeDamage,2740
1,13,Material,source,AdventurerAI.TakeDamage,100
1,13,DP,sink,CommandSystem.TryUse,-2450
1,13,DP,source,Nemesis.OnSlain,1134
1,13,Material,source,Nemesis.OnSlain,10
1,13,DP,source,AdventurerAI.GrantReturnReward,484
1,13,Fame,source,AdventurerAI.GrantReturnReward,20
1,13,Fame,source,LureEconomy.OnHeroEscaped,50
1,13,DP,stock,end,2188
1,13,Material,stock,end,659
1,13,Fame,stock,end,1256
1,14,DP,source,SurfaceMap.CollectYields,82
1,14,Material,source,SurfaceMap.CollectYields,4
1,14,Fame,source,SurfaceMap.CollectYields,18
1,14,DP,source,DistrictCatalog.Collect,98
1,14,DP,sink,MinionRoster.TryForge,-394
1,14,DP,sink,DungeonFloorManager.TryExpandFloor,-1500
1,14,DP,sink,DungeonFeatureManager.TryPlaceTrap,-300
1,14,DP,sink,MinionRoster.TrySummon,-162
1,14,DP,source,AdventurerAI.ReapEmotion,129
1,14,DP,source,AdventurerAI.TakeDamage,8169
1,14,Material,source,AdventurerAI.TakeDamage,282
1,14,DP,sink,CommandSystem.TryUse,-2650
1,14,DP,stock,end,5660
1,14,Material,stock,end,945
1,14,Fame,stock,end,1274
1,15,DP,source,SurfaceMap.CollectYields,103
1,15,Material,source,SurfaceMap.CollectYields,5
1,15,Fame,source,SurfaceMap.CollectYields,23
1,15,DP,source,DistrictCatalog.Collect,98
1,15,DP,source,EraSystem.TickTurn,300
1,15,DP,sink,MinionRoster.TryForge,-380
1,15,DP,sink,DungeonFloorManager.TryAddFloor,-5000
1,15,DP,sink,DungeonFloorManager.TryExpandFloor,-400
1,15,DP,sink,DungeonFeatureManager.TryPlaceTrap,-150
1,15,DP,sink,MinionRoster.TrySummon,-216
1,15,DP,source,AdventurerAI.ReapEmotion,296
1,15,DP,source,AdventurerAI.TakeDamage,2514
1,15,Material,source,AdventurerAI.TakeDamage,89
1,15,DP,sink,CommandSystem.TryUse,-2150
1,15,DP,source,Nemesis.OnSlain,836
1,15,Material,source,Nemesis.OnSlain,7
1,15,DP,stock,end,1511
1,15,Material,stock,end,1046
1,15,Fame,stock,end,1297
1,16,DP,source,SurfaceMap.CollectYields,103
1,16,Material,source,SurfaceMap.CollectYields,5
1,16,Fame,source,SurfaceMap.CollectYields,23
1,16,DP,source,DistrictCatalog.Collect,98
1,16,DP,source,EraSystem.TickTurn,300
1,16,DP,sink,MinionRoster.TryForge,-394
1,16,DP,sink,DungeonFloorManager.TryExpandFloor,-800
1,16,DP,sink,MinionRoster.TryEvolveIndividual,-325
1,16,DP,sink,DungeonFeatureManager.TryPlaceTrap,-300
1,16,DP,sink,MinionRoster.TrySummon,-177
1,16,DP,source,AdventurerAI.ReapEmotion,429
1,16,DP,source,AdventurerAI.GrantReturnReward,1216
1,16,Fame,source,AdventurerAI.GrantReturnReward,60
1,16,Fame,source,LureEconomy.OnHeroEscaped,150
1,16,DP,sink,CommandSystem.TryUse,-2300
1,16,DP,source,AdventurerAI.TakeDamage,1216
1,16,Material,source,AdventurerAI.TakeDamage,30
1,16,DP,stock,end,577
1,16,Material,stock,end,1081
1,16,Fame,stock,end,1530
1,17,DP,source,SurfaceMap.CollectYields,103
1,17,Material,source,SurfaceMap.CollectYields,5
1,17,Fame,source,SurfaceMap.CollectYields,23
1,17,DP,source,DistrictCatalog.Collect,112
1,17,DP,source,EraSystem.TickTurn,720
1,17,DP,sink,MinionRoster.TryForge,-1006
1,17,DP,sink,DungeonFeatureManager.TryPlaceTrap,-300
1,17,DP,sink,MinionRoster.TrySummon,-192
1,17,DP,source,AdventurerAI.ReapEmotion,283
1,17,DP,source,AdventurerAI.TakeDamage,2223
1,17,Material,source,AdventurerAI.TakeDamage,62
1,17,DP,sink,CommandSystem.TryUse,-1800
1,17,DP,stock,end,720
1,17,Material,stock,end,1148
1,17,Fame,stock,end,1553
1,18,DP,source,SurfaceMap.CollectYields,124
1,18,Material,source,SurfaceMap.CollectYields,6
1,18,Fame,source,SurfaceMap.CollectYields,28
1,18,DP,source,DistrictCatalog.Collect,112
1,18,DP,sink,MinionRoster.TryForge,-394
1,18,DP,sink,DungeonFeatureManager.TryPlaceTrap,-300
1,18,DP,sink,MinionRoster.TrySummon,-256
1,18,DP,source,AdventurerAI.ReapEmotion,292
1,18,DP,source,AdventurerAI.TakeDamage,2415
1,18,Material,source,AdventurerAI.TakeDamage,64
1,18,DP,sink,CommandSystem.TryUse,-1800
1,18,DP,source,Nemesis.OnSlain,1360
1,18,Material,source,Nemesis.OnSlain,10
1,18,DP,source,AdventurerAI.GrantReturnReward,515
1,18,Fame,source,AdventurerAI.GrantReturnReward,10
1,18,Fame,source,LureEconomy.OnHeroEscaped,25
1,18,DP,stock,end,2788
1,18,Material,stock,end,1228
1,18,Fame,stock,end,1616
1,19,DP,source,SurfaceMap.CollectYields,124
1,19,Material,source,SurfaceMap.CollectYields,6
1,19,Fame,source,SurfaceMap.CollectYields,28
1,19,DP,source,DistrictCatalog.Collect,112
1,19,DP,sink,MinionRoster.TryForge,-394
1,19,DP,sink,DungeonFloorManager.TryExpandFloor,-1500
1,19,DP,sink,MinionRoster.TryEvolveIndividual,-550
1,19,DP,sink,DungeonFeatureManager.TryPlaceTrap,-300
1,19,DP,sink,MinionRoster.TrySummon,-264
1,19,DP,source,AdventurerAI.ReapEmotion,166
1,19,DP,source,AdventurerAI.TakeDamage,4237
1,19,Material,source,AdventurerAI.TakeDamage,135
1,19,DP,sink,CommandSystem.TryUse,-2450
1,19,DP,source,AdventurerAI.GrantReturnReward,2237
1,19,Fame,source,AdventurerAI.GrantReturnReward,70
1,19,Fame,source,LureEconomy.OnHeroEscaped,175
1,19,DP,source,Nemesis.OnSlain,648
1,19,Material,source,Nemesis.OnSlain,5
1,19,DP,stock,end,4854
1,19,Material,stock,end,1374
1,19,Fame,stock,end,1889
1,20,DP,source,SurfaceMap.CollectYields,124
1,20,Material,source,SurfaceMap.CollectYields,6
1,20,Fame,source,SurfaceMap.CollectYields,28
1,20,DP,source,DistrictCatalog.Collect,140
1,20,DP,sink,MinionRoster.TryForge,-3032
1,20,DP,sink,DungeonFloorManager.TryExpandFloor,-1500
1,20,DP,sink,MinionRoster.TryEvolveIndividual,-75
1,20,DP,sink,DungeonFeatureManager.TryPlaceTrap,-300
1,20,DP,sink,MinionRoster.TrySummon,-198
1,20,DP,source,AdventurerAI.ReapEmotion,264
1,20,DP,source,AdventurerAI.TakeDamage,2720
1,20,Material,source,AdventurerAI.TakeDamage,75
1,20,DP,sink,CommandSystem.TryUse,-3300
1,20,DP,source,AdventurerAI.GrantReturnReward,3281
1,20,Fame,source,AdventurerAI.GrantReturnReward,70
1,20,Fame,source,LureEconomy.OnHeroEscaped,175
1,20,DP,stock,end,2978
1,20,Material,stock,end,1455
1,20,Fame,stock,end,2162
1,21,DP,source,SurfaceMap.CollectYields,190
1,21,Material,source,SurfaceMap.CollectYields,7
1,21,Fame,source,SurfaceMap.CollectYields,39
1,21,DP,source,DistrictCatalog.Collect,140
1,21,DP,sink,MinionRoster.TryForge,-2842
1,21,DP,sink,DungeonFeatureManager.TryPlaceTrap,-300
1,21,DP,sink,MinionRoster.TrySummon,-150
1,21,DP,source,AdventurerAI.ReapEmotion,252
1,21,DP,source,AdventurerAI.TakeDamage,4057
1,21,Material,source,AdventurerAI.TakeDamage,107
1,21,DP,sink,CommandSystem.TryUse,-1800
1,21,DP,source,Nemesis.OnSlain,2556
1,21,Material,source,Nemesis.OnSlain,19
1,21,DP,stock,end,5081
1,21,Material,stock,end,1588
1,21,Fame,stock,end,2201
1,22,DP,source,SurfaceMap.CollectYields,163
1,22,Material,source,SurfaceMap.CollectYields,6
1,22,Fame,source,SurfaceMap.CollectYields,34
1,22,DP,source,DistrictCatalog.Collect,140
1,22,DP,sink,MinionRoster.TryForge,-2230
1,22,DP,sink,DungeonFloorManager.TryExpandFloor,-2500
1,22,DP,sink,MinionRoster.TryEvolveIndividual,-250
1,22,DP,sink,DungeonFeatureManager.TryPlaceTrap,-150
1,22,DP,sink,MinionRoster.TrySummon,-252
1,22,DP,source,AdventurerAI.ReapEmotion,240
1,22,DP,source,AdventurerAI.TakeDamage,3268
1,22,Material,source,AdventurerAI.TakeDamage,86
1,22,DP,sink,CommandSystem.TryUse,-1800
1,22,DP,source,AdventurerAI.GrantReturnReward,2123
1,22,Fame,source,AdventurerAI.GrantReturnReward,60
1,22,Fame,source,LureEconomy.OnHeroEscaped,150
1,22,DP,source,Nemesis.OnSlain,2821
1,22,Material,source,Nemesis.OnSlain,19
1,22,DP,stock,end,6654
1,22,Material,stock,end,1699
1,22,Fame,stock,end,2445
1,23,DP,source,SurfaceMap.CollectYields,163
1,23,Material,source,SurfaceMap.CollectYields,6
1,23,Fame,source,SurfaceMap.CollectYields,34
1,23,DP,source,DistrictCatalog.Collect,154
1,23,DP,source,FetterSystem.OnEraChanged,1800
1,23,DP,sink,MinionRoster.TryForge,-168
1,23,DP,sink,MinionEvolution.TryEvolve,-4900
1,23,DP,sink,MinionRoster.TryEvolveIndividual,-3325
1,23,DP,sink,DungeonFeatureManager.TryPlaceTrap,-150
1,23,DP,sink,MinionRoster.TrySummon,-227
1,23,DP,source,AdventurerAI.ReapEmotion,132
1,23,DP,source,AdventurerAI.TakeDamage,1975
1,23,Material,source,AdventurerAI.TakeDamage,51
1,23,DP,sink,CommandSystem.TryUse,-1800
1,23,DP,source,AdventurerAI.GrantReturnReward,801
1,23,Fame,source,AdventurerAI.GrantReturnReward,40
1,23,Fame,source,LureEconomy.OnHeroEscaped,100
1,23,DP,source,Nemesis.OnSlain,1394
1,23,Material,source,Nemesis.OnSlain,10
1,23,DP,stock,end,2503
1,23,Material,stock,end,1766
1,23,Fame,stock,end,2619
1,24,DP,source,SurfaceMap.CollectYields,178
1,24,Material,source,SurfaceMap.CollectYields,7
1,24,Fame,source,SurfaceMap.CollectYields,40
1,24,DP,source,DistrictCatalog.Collect,28
1,24,DP,source,EraSystem.TickTurn,3840
1,24,DP,sink,MinionRoster.TryForge,-168
1,24,DP,sink,DungeonFloorManager.TryExpandFloor,-5000
1,24,DP,sink,MinionRoster.TryEvolveIndividual,-1000
1,24,DP,sink,DungeonFeatureManager.TryPlaceTrap,-150
1,24,DP,sink,MinionRoster.TrySummon,-219
1,24,DP,source,AdventurerAI.ReapEmotion,488
1,24,DP,source,AdventurerAI.GrantReturnReward,10354
1,24,Fame,source,AdventurerAI.GrantReturnReward,220
1,24,Fame,source,LureEconomy.OnHeroEscaped,550
1,24,DP,sink,CommandSystem.TryUse,-6050
1,24,DP,source,AdventurerAI.TakeDamage,5898
1,24,Material,source,AdventurerAI.TakeDamage,68
1,24,DP,source,Nemesis.OnSlain,2398
1,24,Material,source,Nemesis.OnSlain,15
1,24,DP,stock,end,13100
1,24,Material,stock,end,1856
1,24,Fame,stock,end,3429
1,25,DP,source,SurfaceMap.CollectYields,177
1,25,Material,source,SurfaceMap.CollectYields,8
1,25,Fame,source,SurfaceMap.CollectYields,37
1,25,DP,source,DistrictCatalog.Collect,28
1,25,DP,source,EraSystem.TickTurn,6528
1,25,DP,sink,MinionRoster.TryForge,-168
1,25,DP,sink,DungeonFloorManager.TryAddFloor,-12500
1,25,DP,sink,DungeonFloorManager.TryExpandFloor,-5200
1,25,DP,sink,MinionRoster.TryEvolveIndividual,-1550
1,25,DP,sink,DungeonFeatureManager.TryPlaceTrap,-150
1,25,DP,sink,MinionRoster.TrySummon,-260
1,25,DP,source,AdventurerAI.ReapEmotion,271
1,25,DP,source,AdventurerAI.GrantReturnReward,6916
1,25,Fame,source,AdventurerAI.GrantReturnReward,200
1,25,Fame,source,LureEconomy.OnHeroEscaped,500
1,25,DP,sink,CommandSystem.TryUse,-5600
1,25,DP,source,AdventurerAI.TakeDamage,3328
1,25,Material,source,AdventurerAI.TakeDamage,70
1,25,DP,source,Nemesis.OnSlain,729
1,25,Material,source,Nemesis.OnSlain,5
1,25,DP,stock,end,5649
1,25,Material,stock,end,1939
1,25,Fame,stock,end,4166
1,26,DP,source,SurfaceMap.CollectYields,181
1,26,Material,source,SurfaceMap.CollectYields,8
1,26,Fame,source,SurfaceMap.CollectYields,38
1,26,DP,source,DistrictCatalog.Collect,28
1,26,DP,source,EraSystem.TickTurn,6528
1,26,DP,sink,MinionRoster.TryForge,-2664
1,26,DP,sink,DungeonFloorManager.TryExpandFloor,-2500
1,26,DP,sink,MinionRoster.TryEvolveIndividual,-6400
1,26,DP,sink,DungeonFeatureManager.TryPlaceTrap,-600
1,26,DP,sink,MinionRoster.TrySummon,-198
1,26,DP,source,AdventurerAI.ReapEmotion,340
1,26,DP,source,AdventurerAI.TakeDamage,3833
1,26,Material,source,AdventurerAI.TakeDamage,49
1,26,DP,sink,CommandSystem.TryUse,-5600
1,26,Fame,source,AdventurerAI.GrantReturnReward,290
1,26,Fame,source,LureEconomy.OnHeroEscaped,725
1,26,DP,source,AdventurerAI.GrantReturnReward,9509
1,26,DP,source,Nemesis.OnSlain,745
1,26,Material,source,Nemesis.OnSlain,5
1,26,DP,stock,end,8851
1,26,Material,stock,end,2001
1,26,Fame,stock,end,5219
1,27,DP,source,SurfaceMap.CollectYields,181
1,27,Material,source,SurfaceMap.CollectYields,8
1,27,Fame,source,SurfaceMap.CollectYields,38
1,27,DP,source,DistrictCatalog.Collect,28
1,27,DP,source,EraSystem.TickTurn,3840
1,27,DP,sink,MinionRoster.TryForge,-10944
1,27,DP,sink,MinionRoster.TryEvolveIndividual,-1350
1,27,DP,sink,DungeonFeatureManager.TryPlaceTrap,-450
1,27,DP,sink,MinionRoster.TrySummon,-132
1,27,DP,source,AdventurerAI.ReapEmotion,319
1,27,DP,source,AdventurerAI.GrantReturnReward,6531
1,27,Fame,source,AdventurerAI.GrantReturnReward,160
1,27,Fame,source,LureEconomy.OnHeroEscaped,400
1,27,DP,sink,CommandSystem.TryUse,-5950
1,27,DP,source,AdventurerAI.TakeDamage,4564
1,27,Material,source,AdventurerAI.TakeDamage,69
1,27,DP,stock,end,5488
1,27,Material,stock,end,2078
1,27,Fame,stock,end,5817
1,28,DP,source,SurfaceMap.CollectYields,181
1,28,Material,source,SurfaceMap.CollectYields,8
1,28,Fame,source,SurfaceMap.CollectYields,38
1,28,DP,source,DistrictCatalog.Collect,28
1,28,DP,source,EraSystem.TickTurn,3840
1,28,DP,sink,MinionRoster.TryForge,-8592
1,28,DP,sink,MinionRoster.TryEvolveIndividual,-225
1,28,DP,sink,DungeonFeatureManager.TryPlaceTrap,-450
1,28,DP,sink,MinionRoster.TrySummon,-242
1,28,DP,source,AdventurerAI.ReapEmotion,487
1,28,DP,source,AdventurerAI.GrantReturnReward,16937
1,28,Fame,source,AdventurerAI.GrantReturnReward,490
1,28,Fame,source,LureEconomy.OnHeroEscaped,1225
1,28,DP,sink,CommandSystem.TryUse,-5550
1,28,DP,source,AdventurerAI.TakeDamage,1358
1,28,Material,source,AdventurerAI.TakeDamage,21
1,28,DP,stock,end,13260
1,28,Material,stock,end,2107
1,28,Fame,stock,end,7570
1,29,DP,source,SurfaceMap.CollectYields,181
1,29,Material,source,SurfaceMap.CollectYields,9
1,29,Fame,source,SurfaceMap.CollectYields,38
1,29,DP,source,DistrictCatalog.Collect,28
1,29,DP,source,EraSystem.TickTurn,6528
1,29,Material,source,EraSystem.TickTurn,37
1,29,DP,sink,MinionRoster.TryForge,-18138
1,29,DP,sink,MinionRoster.TryEvolveIndividual,-750
1,29,Material,sink,MinionRoster.TryForge,-50
1,29,DP,sink,DungeonFeatureManager.TryPlaceTrap,-900
1,29,DP,sink,MinionRoster.TrySummon,-207
1,29,DP,source,AdventurerAI.ReapEmotion,381
1,29,DP,sink,CommandSystem.TryUse,-6050
1,29,DP,source,AdventurerAI.TakeDamage,10436
1,29,Material,source,AdventurerAI.TakeDamage,470
1,29,DP,source,AdventurerAI.GrantReturnReward,10336
1,29,Fame,source,AdventurerAI.GrantReturnReward,380
1,29,Fame,source,LureEconomy.OnHeroEscaped,950
1,29,DP,stock,end,15105
1,29,Material,stock,end,2573
1,29,Fame,stock,end,8938
1,30,DP,source,SurfaceMap.CollectYields,183
1,30,Material,source,SurfaceMap.CollectYields,9
1,30,Fame,source,SurfaceMap.CollectYields,38
1,30,DP,source,DistrictCatalog.Collect,28
1,30,DP,source,EraSystem.TickTurn,3840
1,30,Material,source,EraSystem.TickTurn,37
1,30,Fame,source,EraSystem.TickTurn,80
1,30,DP,sink,MinionRoster.TryForge,-17730
1,30,DP,sink,MinionRoster.TryEvolveIndividual,-350
1,30,Material,sink,MinionRoster.TryForge,-58
1,30,DP,sink,DungeonFeatureManager.TryPlaceTrap,-900
1,30,DP,sink,MinionRoster.TrySummon,-172
1,30,DP,source,AdventurerAI.ReapEmotion,261
1,30,DP,source,AdventurerAI.TakeDamage,15693
1,30,Material,source,AdventurerAI.TakeDamage,521
1,30,DP,sink,CommandSystem.TryUse,-6050
1,30,DP,source,AdventurerAI.GrantReturnReward,11815
1,30,Fame,source,AdventurerAI.GrantReturnReward,320
1,30,Fame,source,LureEconomy.OnHeroEscaped,800
1,30,DP,stock,end,21723
1,30,Material,stock,end,3082
1,30,Fame,stock,end,10176
1,31,DP,source,SurfaceMap.CollectYields,183
1,31,Material,source,SurfaceMap.CollectYields,9
1,31,Fame,source,SurfaceMap.CollectYields,38
1,31,DP,source,DistrictCatalog.Collect,28
1,31,DP,source,EraSystem.TickTurn,6528
1,31,Fame,source,EraSystem.TickTurn,192
1,31,DP,sink,MinionRoster.TryForge,-26640
1,31,DP,sink,MinionRoster.TryEvolveIndividual,-250
1,31,Material,sink,MinionRoster.TryForge,-168
1,31,DP,sink,DungeonFeatureManager.TryPlaceTrap,-1350
1,31,DP,sink,MinionRoster.TrySummon,-207
1,31,DP,source,AdventurerAI.ReapEmotion,249
1,31,DP,source,AdventurerAI.TakeDamage,10859
1,31,Material,source,AdventurerAI.TakeDamage,151
1,31,DP,sink,CommandSystem.TryUse,-6050
1,31,DP,source,AdventurerAI.GrantReturnReward,9093
1,31,Fame,source,AdventurerAI.GrantReturnReward,140
1,31,Fame,source,LureEconomy.OnHeroEscaped,350
1,31,DP,stock,end,14166
1,31,Material,stock,end,3074
1,31,Fame,stock,end,10896
1,32,DP,source,SurfaceMap.CollectYields,183
1,32,Material,source,SurfaceMap.CollectYields,9
1,32,Fame,source,SurfaceMap.CollectYields,38
1,32,DP,source,DistrictCatalog.Collect,28
1,32,DP,source,EraSystem.TickTurn,1920
1,32,Material,source,EraSystem.TickTurn,37
1,32,DP,sink,MinionRoster.TryForge,-13860
1,32,DP,sink,MinionRoster.TryEvolveIndividual,-750
1,32,Material,sink,MinionRoster.TryForge,-100
1,32,DP,sink,DungeonFeatureManager.TryPlaceTrap,-1500
1,32,DP,sink,MinionRoster.TrySummon,-180
1,32,DP,source,AdventurerAI.ReapEmotion,390
1,32,DP,sink,CommandSystem.TryUse,-6000
1,32,DP,source,AdventurerAI.GrantReturnReward,17276
1,32,Fame,source,AdventurerAI.GrantReturnReward,460
1,32,Fame,source,LureEconomy.OnHeroEscaped,1150
1,32,DP,source,AdventurerAI.TakeDamage,8417
1,32,Material,source,AdventurerAI.TakeDamage,288
1,32,DP,stock,end,20090
1,32,Material,stock,end,3308
1,32,Fame,stock,end,12544
1,33,DP,source,SurfaceMap.CollectYields,229
1,33,Material,source,SurfaceMap.CollectYields,12
1,33,Fame,source,SurfaceMap.CollectYields,38
1,33,DP,source,DistrictCatalog.Collect,28
1,33,DP,sink,MinionRoster.TryForge,-18660
1,33,DP,sink,MinionRoster.TryEvolveIndividual,-250
1,33,Material,sink,MinionRoster.TryForge,-140
1,33,DP,sink,DungeonFeatureManager.TryPlaceTrap,-1200
1,33,DP,sink,MinionRoster.TrySummon,-225
1,33,DP,source,AdventurerAI.ReapEmotion,261
1,33,DP,source,AdventurerAI.TakeDamage,15379
1,33,Material,source,AdventurerAI.TakeDamage,214
1,33,DP,sink,CommandSystem.TryUse,-7300
1,33,DP,source,AdventurerAI.GrantReturnReward,12169
1,33,Fame,source,AdventurerAI.GrantReturnReward,360
1,33,Fame,source,LureEconomy.OnHeroEscaped,900
1,33,DP,stock,end,20521
1,33,Material,stock,end,3394
1,33,Fame,stock,end,13842
1,34,DP,source,SurfaceMap.CollectYields,229
1,34,Material,source,SurfaceMap.CollectYields,12
1,34,Fame,source,SurfaceMap.CollectYields,38
1,34,DP,source,DistrictCatalog.Collect,28
1,34,DP,sink,MinionRoster.TryForge,-18660
1,34,DP,sink,MinionRoster.TryEvolveIndividual,-750
1,34,Material,sink,MinionRoster.TryForge,-140
1,34,DP,sink,DungeonFeatureManager.TryPlaceTrap,-1200
1,34,DP,sink,MinionRoster.TrySummon,-150
1,34,DP,source,AdventurerAI.ReapEmotion,221
1,34,DP,source,AdventurerAI.TakeDamage,21133
1,34,Material,source,AdventurerAI.TakeDamage,243
1,34,DP,sink,CommandSystem.TryUse,-6500
1,34,DP,source,AdventurerAI.GrantReturnReward,19284
1,34,Fame,source,AdventurerAI.GrantReturnReward,650
1,34,Fame,source,LureEconomy.OnHeroEscaped,1625
1,34,DP,stock,end,34156
1,34,Material,stock,end,3509
1,34,Fame,stock,end,16155
1,35,DP,source,SurfaceMap.CollectYields,229
1,35,Material,source,SurfaceMap.CollectYields,12
1,35,Fame,source,SurfaceMap.CollectYields,38
1,35,DP,source,DistrictCatalog.Collect,28
1,35,DP,sink,MinionRoster.TryForge,-1200
1,35,DP,sink,DungeonFloorManager.TryAddFloor,-31250
1,35,DP,sink,DungeonFloorManager.TryExpandFloor,-1200
1,35,DP,sink,MinionRoster.TryEvolveIndividual,-225
1,35,DP,sink,DungeonFeatureManager.TryPlaceTrap,-300
1,35,DP,sink,MinionRoster.TrySummon,-225
1,35,DP,source,AdventurerAI.ReapEmotion,125
1,35,DP,source,AdventurerAI.TakeDamage,24529
1,35,Material,source,AdventurerAI.TakeDamage,156
1,35,DP,sink,CommandSystem.TryUse,-4550
1,35,DP,source,AdventurerAI.GrantReturnReward,9502
1,35,Fame,source,AdventurerAI.GrantReturnReward,330
1,35,Fame,source,LureEconomy.OnHeroEscaped,825
1,35,DP,stock,end,29619
1,35,Material,stock,end,3677
1,35,Fame,stock,end,17348
1,36,DP,source,SurfaceMap.CollectYields,229
1,36,Material,source,SurfaceMap.CollectYields,12
1,36,Fame,source,SurfaceMap.CollectYields,38
1,36,DP,source,DistrictCatalog.Collect,28
1,36,DP,sink,MinionRoster.TryForge,-26040
1,36,DP,sink,DungeonFloorManager.TryExpandFloor,-1500
1,36,DP,sink,MinionRoster.TryEvolveIndividual,-725
1,36,Material,sink,MinionRoster.TryForge,-216
1,36,DP,sink,DungeonFeatureManager.TryPlaceTrap,-1350
1,36,DP,sink,MinionRoster.TrySummon,-225
1,36,DP,source,AdventurerAI.ReapEmotion,616
1,36,DP,sink,CommandSystem.TryUse,-5550
1,36,DP,source,AdventurerAI.TakeDamage,13397
1,36,Material,source,AdventurerAI.TakeDamage,607
1,36,DP,source,AdventurerAI.GrantReturnReward,20490
1,36,Fame,source,AdventurerAI.GrantReturnReward,420
1,36,Fame,source,LureEconomy.OnHeroEscaped,1050
1,36,DP,stock,end,28989
1,36,Material,stock,end,4080
1,36,Fame,stock,end,18856
1,37,DP,source,SurfaceMap.CollectYields,229
1,37,Material,source,SurfaceMap.CollectYields,12
1,37,Fame,source,SurfaceMap.CollectYields,38
1,37,DP,source,DistrictCatalog.Collect,28
1,37,DP,sink,MinionRoster.TryForge,-26100
1,37,DP,sink,MinionRoster.TryEvolveIndividual,-350
1,37,Material,sink,MinionRoster.TryForge,-272
1,37,DP,sink,DungeonFeatureManager.TryPlaceTrap,-2550
1,37,DP,sink,MinionRoster.TrySummon,-234
1,37,DP,source,AdventurerAI.ReapEmotion,239
1,37,DP,source,AdventurerAI.TakeDamage,29043
1,37,Material,source,AdventurerAI.TakeDamage,732
1,37,DP,sink,CommandSystem.TryUse,-6050
1,37,DP,source,AdventurerAI.GrantReturnReward,6804
1,37,Fame,source,AdventurerAI.GrantReturnReward,230
1,37,Fame,source,LureEconomy.OnHeroEscaped,575
1,37,DP,stock,end,30048
1,37,Material,stock,end,4552
1,37,Fame,stock,end,19699
1,38,DP,source,SurfaceMap.CollectYields,231
1,38,Material,source,SurfaceMap.CollectYields,12
1,38,Fame,source,SurfaceMap.CollectYields,38
1,38,DP,source,DistrictCatalog.Collect,28
1,38,DP,sink,MinionRoster.TryForge,-26100
1,38,DP,sink,DungeonFloorManager.TryExpandFloor,-2500
1,38,DP,sink,MinionRoster.TryEvolveIndividual,-350
1,38,Material,sink,MinionRoster.TryForge,-272
1,38,DP,sink,DungeonFeatureManager.TryPlaceTrap,-1200
1,38,DP,sink,MinionRoster.TrySummon,-122
1,38,DP,source,AdventurerAI.ReapEmotion,152
1,38,DP,source,AdventurerAI.GrantReturnReward,11921
1,38,Fame,source,AdventurerAI.GrantReturnReward,350
1,38,Fame,source,LureEconomy.OnHeroEscaped,875
1,38,DP,source,AdventurerAI.TakeDamage,20603
1,38,Material,source,AdventurerAI.TakeDamage,440
1,38,DP,sink,CommandSystem.TryUse,-4900
1,38,DP,stock,end,27811
1,38,Material,stock,end,4732
1,38,Fame,stock,end,20962
1,39,DP,source,SurfaceMap.CollectYields,231
1,39,Material,source,SurfaceMap.CollectYields,12
1,39,Fame,source,SurfaceMap.CollectYields,38
1,39,DP,source,DistrictCatalog.Collect,28
1,39,DP,sink,MinionRoster.TryForge,-26100
1,39,DP,sink,MinionRoster.TryEvolveIndividual,-175
1,39,Material,sink,MinionRoster.TryForge,-272
1,39,DP,sink,DungeonFeatureManager.TryPlaceTrap,-1500
1,39,DP,sink,MinionRoster.TrySummon,-292
1,39,DP,source,AdventurerAI.ReapEmotion,279
1,39,DP,source,AdventurerAI.GrantReturnReward,15362
1,39,Fame,source,AdventurerAI.GrantReturnReward,350
1,39,Fame,source,LureEconomy.OnHeroEscaped,875
1,39,DP,sink,CommandSystem.TryUse,-5200
1,39,DP,source,AdventurerAI.TakeDamage,21583
1,39,Material,source,AdventurerAI.TakeDamage,940
1,39,DP,stock,end,32027
1,39,Material,stock,end,5412
1,39,Fame,stock,end,22225
1,40,DP,source,SurfaceMap.CollectYields,231
1,40,Material,source,SurfaceMap.CollectYields,12
1,40,Fame,source,SurfaceMap.CollectYields,38
1,40,DP,source,DistrictCatalog.Collect,28
1,40,DP,sink,MinionRoster.TryForge,-29220
1,40,DP,sink,MinionRoster.TryEvolveIndividual,-750
1,40,Material,sink,MinionRoster.TryForge,-308
1,40,DP,sink,DungeonFeatureManager.TryPlaceTrap,-2100
1,40,DP,sink,MinionRoster.TrySummon,-202
1,40,DP,source,AdventurerAI.ReapEmotion,668
1,40,DP,sink,CommandSystem.TryUse,-4900
1,40,DP,source,AdventurerAI.GrantReturnReward,11529
1,40,Fame,source,AdventurerAI.GrantReturnReward,430
1,40,Fame,source,LureEconomy.OnHeroEscaped,1075
1,40,DP,source,AdventurerAI.TakeDamage,15872
1,40,Material,source,AdventurerAI.TakeDamage,689
1,40,DP,stock,end,23183
1,40,Material,stock,end,5805
1,40,Fame,stock,end,23768
1,41,DP,source,SurfaceMap.CollectYields,231
1,41,Material,source,SurfaceMap.CollectYields,12
1,41,Fame,source,SurfaceMap.CollectYields,38
1,41,DP,source,DistrictCatalog.Collect,28
1,41,DP,source,EraSystem.TickTurn,1920
1,41,DP,sink,MinionRoster.TryForge,-22980
1,41,DP,sink,MinionRoster.TryEvolveIndividual,-250
1,41,Material,sink,MinionRoster.TryForge,-236
1,41,DP,sink,DungeonFeatureManager.TryPlaceTrap,-1950
1,41,DP,sink,MinionRoster.TrySummon,-162
1,41,DP,source,AdventurerAI.ReapEmotion,544
1,41,DP,sink,CommandSystem.TryUse,-5650
1,41,DP,source,AdventurerAI.TakeDamage,30318
1,41,Material,source,AdventurerAI.TakeDamage,1447
1,41,Fame,source,AdventurerAI.GrantReturnReward,290
1,41,Fame,source,LureEconomy.OnHeroEscaped,725
1,41,DP,source,AdventurerAI.GrantReturnReward,11172
1,41,DP,stock,end,36404
1,41,Material,stock,end,7028
1,41,Fame,stock,end,24821
1,42,DP,source,SurfaceMap.CollectYields,231
1,42,Material,source,SurfaceMap.CollectYields,12
1,42,Fame,source,SurfaceMap.CollectYields,38
1,42,DP,source,DistrictCatalog.Collect,28
1,42,DP,sink,MinionRoster.TryForge,-32340
1,42,DP,sink,MinionRoster.TryEvolveIndividual,-625
1,42,Material,sink,MinionRoster.TryForge,-344
1,42,DP,sink,DungeonFeatureManager.TryPlaceTrap,-3450
1,42,DP,sink,MinionRoster.TrySummon,-210
1,42,DP,source,AdventurerAI.ReapEmotion,410
1,42,DP,sink,CommandSystem.TryUse,-5550
1,42,DP,source,AdventurerAI.TakeDamage,44239
1,42,Material,source,AdventurerAI.TakeDamage,8891
1,42,DP,source,AdventurerAI.GrantReturnReward,11284
1,42,Fame,source,AdventurerAI.GrantReturnReward,190
1,42,Fame,source,LureEconomy.OnHeroEscaped,475
1,42,DP,source,Nemesis.OnSlain,4278
1,42,Material,source,Nemesis.OnSlain,17
1,42,DP,stock,end,54699
1,42,Material,stock,end,15604
1,42,Fame,stock,end,25524
1,43,DP,source,SurfaceMap.CollectYields,231
1,43,Material,source,SurfaceMap.CollectYields,12
1,43,Fame,source,SurfaceMap.CollectYields,38
1,43,DP,source,DistrictCatalog.Collect,28
1,43,DP,sink,MinionRoster.TryForge,-50580
1,43,DP,sink,MinionRoster.TryEvolveIndividual,-625
1,43,Material,sink,MinionRoster.TryForge,-632
1,43,DP,sink,DungeonFeatureManager.TryPlaceTrap,-900
1,43,DP,sink,MinionRoster.TrySummon,-2831
1,43,DP,source,AdventurerAI.ReapEmotion,492
1,43,DP,source,AdventurerAI.TakeDamage,73727
1,43,Material,source,AdventurerAI.TakeDamage,9043
1,43,DP,sink,CommandSystem.TryUse,-6050
1,43,DP,source,AdventurerAI.GrantReturnReward,17062
1,43,Fame,source,AdventurerAI.GrantReturnReward,280
1,43,Fame,source,LureEconomy.OnHeroEscaped,700
1,43,DP,source,Nemesis.OnSlain,4278
1,43,Material,source,Nemesis.OnSlain,17
1,43,DP,stock,end,89531
1,43,Material,stock,end,24044
1,43,Fame,stock,end,26542
1,44,DP,source,SurfaceMap.CollectYields,231
1,44,Material,source,SurfaceMap.CollectYields,12
1,44,Fame,source,SurfaceMap.CollectYields,38
1,44,DP,source,DistrictCatalog.Collect,28
1,44,DP,sink,MinionRoster.TryForge,-41412
1,44,DP,sink,MinionRoster.TryEvolveIndividual,-1225
1,44,Material,sink,MinionRoster.TryForge,-360
1,44,DP,sink,MinionRoster.TrySummon,-46492
1,44,DP,sink,CommandSystem.TryUse,-4900
1,44,DP,source,AdventurerAI.ReapEmotion,419
1,44,DP,source,AdventurerAI.GrantReturnReward,9979
1,44,Fame,source,AdventurerAI.GrantReturnReward,170
1,44,Fame,source,LureEconomy.OnHeroEscaped,425
1,44,DP,source,AdventurerAI.TakeDamage,62290
1,44,Material,source,AdventurerAI.TakeDamage,745
1,44,DP,stock,end,68449
1,44,Material,stock,end,24441
1,44,Fame,stock,end,27175
1,45,DP,source,SurfaceMap.CollectYields,264
1,45,Material,source,SurfaceMap.CollectYields,12
1,45,Fame,source,SurfaceMap.CollectYields,46
1,45,DP,source,DistrictCatalog.Collect,28
1,45,DP,sink,MinionRoster.TryForge,-12498
1,45,DP,sink,MinionRoster.TrySummon,-55334
1,45,Material,sink,MinionRoster.TryForge,-2
1,45,DP,sink,CommandSystem.TryUse,-5550
1,45,DP,source,AdventurerAI.ReapEmotion,485
1,45,DP,source,AdventurerAI.GrantReturnReward,5154
1,45,Fame,source,AdventurerAI.GrantReturnReward,110
1,45,Fame,source,LureEconomy.OnHeroEscaped,275
1,45,DP,source,AdventurerAI.TakeDamage,58228
1,45,Material,source,AdventurerAI.TakeDamage,6775
1,45,DP,source,Nemesis.OnSlain,9544
1,45,Material,source,Nemesis.OnSlain,40
1,45,DP,stock,end,68770
1,45,Material,stock,end,31266
1,45,Fame,stock,end,27606
1,46,DP,source,SurfaceMap.CollectYields,264
1,46,Material,source,SurfaceMap.CollectYields,12
1,46,Fame,source,SurfaceMap.CollectYields,46
1,46,DP,source,DistrictCatalog.Collect,28
1,46,DP,source,FetterSystem.OnEraChanged,1800
1,46,DP,sink,MinionRoster.TryForge,-10260
1,46,Material,sink,MinionRoster.TryForge,-36
1,46,DP,sink,MinionEvolution.TryEvolve,-9050
1,46,DP,sink,MinionRoster.TryEvolveIndividual,-50400
1,46,DP,sink,MinionRoster.TrySummon,-1131
1,46,DP,source,AdventurerAI.ReapEmotion,404
1,46,DP,source,AdventurerAI.TakeDamage,54644
1,46,Material,source,AdventurerAI.TakeDamage,43451
1,46,DP,sink,CommandSystem.TryUse,-5350
1,46,DP,source,AdventurerAI.GrantReturnReward,5740
1,46,Fame,source,AdventurerAI.GrantReturnReward,230
1,46,Fame,source,LureEconomy.OnHeroEscaped,575
1,46,DP,source,Nemesis.OnSlain,9902
1,46,Material,source,Nemesis.OnSlain,42
1,46,DP,stock,end,65361
1,46,Material,stock,end,74735
1,46,Fame,stock,end,28457
1,47,DP,source,SurfaceMap.CollectYields,264
1,47,Material,source,SurfaceMap.CollectYields,12
1,47,Fame,source,SurfaceMap.CollectYields,46
1,47,DP,source,DistrictCatalog.Collect,28
1,47,DP,source,EraSystem.TickTurn,9720
1,47,DP,sink,MinionRoster.TryForge,-39810
1,47,Material,sink,MinionRoster.TryForge,-332
1,47,DP,sink,MinionRoster.TrySummon,-35562
1,47,DP,source,AdventurerAI.ReapEmotion,242
1,47,DP,source,AdventurerAI.TakeDamage,33457
1,47,Material,source,AdventurerAI.TakeDamage,427
1,47,DP,sink,CommandSystem.TryUse,-4200
1,47,DP,source,AdventurerAI.GrantReturnReward,6201
1,47,Fame,source,AdventurerAI.GrantReturnReward,280
1,47,Fame,source,LureEconomy.OnHeroEscaped,700
1,47,DP,source,Nemesis.OnSlain,3063
1,47,Material,source,Nemesis.OnSlain,18
1,47,DP,stock,end,38764
1,47,Material,stock,end,74860
1,47,Fame,stock,end,29483
1,48,DP,source,SurfaceMap.CollectYields,264
1,48,Material,source,SurfaceMap.CollectYields,12
1,48,Fame,source,SurfaceMap.CollectYields,46
1,48,DP,source,DistrictCatalog.Collect,28
1,48,DP,source,EraSystem.TickTurn,9720
1,48,DP,sink,MinionRoster.TryForge,-3120
1,48,Material,sink,MinionRoster.TryForge,-36
1,48,DP,sink,MinionEvolution.TryEvolve,-14200
1,48,DP,sink,MinionRoster.TryEvolveIndividual,-30100
1,48,DP,sink,MinionRoster.TrySummon,-1350
1,48,DP,source,AdventurerAI.ReapEmotion,592
1,48,DP,sink,CommandSystem.TryUse,-3750
1,48,DP,source,AdventurerAI.TakeDamage,75898
1,48,Material,source,AdventurerAI.TakeDamage,444
1,48,DP,source,AdventurerAI.GrantReturnReward,5539
1,48,Fame,source,AdventurerAI.GrantReturnReward,110
1,48,Fame,source,LureEconomy.OnHeroEscaped,275
1,48,DP,source,Nemesis.OnSlain,2042
1,48,Material,source,Nemesis.OnSlain,12
1,48,DP,stock,end,80327
1,48,Material,stock,end,75292
1,48,Fame,stock,end,29914
1,49,DP,source,SurfaceMap.CollectYields,231
1,49,Material,source,SurfaceMap.CollectYields,12
1,49,Fame,source,SurfaceMap.CollectYields,38
1,49,DP,source,DistrictCatalog.Collect,28
1,49,DP,source,EraSystem.TickTurn,9720
1,49,DP,sink,MinionRoster.TryForge,-3120
1,49,Material,sink,MinionRoster.TryForge,-36
1,49,DP,sink,DungeonFloorManager.TryAddFloor,-78125
1,49,DP,sink,DungeonFloorManager.TryExpandFloor,-2700
1,49,DP,sink,MinionEvolution.TryEvolve,-4800
1,49,DP,sink,MinionRoster.TryEvolveIndividual,-1200
1,49,DP,sink,DungeonFeatureManager.TryPlaceTrap,-150
1,49,DP,sink,MinionRoster.TrySummon,-186
1,49,DP,source,AdventurerAI.ReapEmotion,192
1,49,DP,source,AdventurerAI.TakeDamage,38802
1,49,Material,source,AdventurerAI.TakeDamage,593
1,49,DP,sink,CommandSystem.TryUse,-4700
1,49,DP,source,AdventurerAI.GrantReturnReward,6968
1,49,Fame,source,AdventurerAI.GrantReturnReward,280
1,49,Fame,source,LureEconomy.OnHeroEscaped,700
1,49,DP,source,Nemesis.OnSlain,1037
1,49,Material,source,Nemesis.OnSlain,6
1,49,DP,stock,end,42324
1,49,Material,stock,end,75867
1,49,Fame,stock,end,30932
1,50,DP,source,SurfaceMap.CollectYields,229
1,50,Material,source,SurfaceMap.CollectYields,12
1,50,Fame,source,SurfaceMap.CollectYields,38
1,50,DP,source,DistrictCatalog.Collect,28
1,50,DP,source,EraSystem.TickTurn,9720
1,50,DP,sink,MinionRoster.TryForge,-3120
1,50,Material,sink,MinionRoster.TryForge,-36
1,50,DP,sink,DungeonFloorManager.TryExpandFloor,-2500
1,50,DP,sink,MinionEvolution.TryEvolve,-14250
1,50,DP,sink,MinionRoster.TryEvolveIndividual,-32000
1,50,DP,sink,DungeonFeatureManager.TryPlaceTrap,-150
1,50,DP,sink,MinionRoster.TrySummon,-279
1,50,DP,source,AdventurerAI.ReapEmotion,264
1,50,DP,source,AdventurerAI.TakeDamage,49767
1,50,Material,source,AdventurerAI.TakeDamage,748
1,50,DP,sink,CommandSystem.TryUse,-4550
1,50,DP,source,AdventurerAI.GrantReturnReward,7206
1,50,Fame,source,AdventurerAI.GrantReturnReward,340
1,50,Fame,source,LureEconomy.OnHeroEscaped,850
1,50,DP,stock,end,52689
1,50,Material,stock,end,76591
1,50,Fame,stock,end,32160
1,51,DP,source,SurfaceMap.CollectYields,229
1,51,Material,source,SurfaceMap.CollectYields,12
1,51,Fame,source,SurfaceMap.CollectYields,38
1,51,DP,source,DistrictCatalog.Collect,28
1,51,DP,source,EraSystem.TickTurn,16524
1,51,DP,sink,MinionRoster.TryForge,-9360
1,51,Material,sink,MinionRoster.TryForge,-108
1,51,DP,sink,MinionRoster.TryEvolveIndividual,-57400
1,51,DP,sink,DungeonFeatureManager.TryPlaceTrap,-2550
1,51,DP,sink,MinionRoster.TrySummon,-140
1,51,DP,source,AdventurerAI.ReapEmotion,570
1,51,DP,source,AdventurerAI.TakeDamage,47259
1,51,Material,source,AdventurerAI.TakeDamage,862
1,51,DP,sink,CommandSystem.TryUse,-5450
1,51,Fame,source,AdventurerAI.GrantReturnReward,300
1,51,Fame,source,LureEconomy.OnHeroEscaped,750
1,51,DP,source,AdventurerAI.GrantReturnReward,5138
1,51,DP,source,Nemesis.OnSlain,1069
1,51,Material,source,Nemesis.OnSlain,6
1,51,DP,stock,end,48606
1,51,Material,stock,end,77363
1,51,Fame,stock,end,33248
1,52,DP,source,SurfaceMap.CollectYields,229
1,52,Material,source,SurfaceMap.CollectYields,12
1,52,Fame,source,SurfaceMap.CollectYields,38
1,52,DP,source,DistrictCatalog.Collect,28
1,52,Material,source,DistrictCatalog.Collect,6
1,52,DP,source,EraSystem.TickTurn,9720
1,52,Material,source,EraSystem.TickTurn,124
1,52,DP,sink,MinionRoster.TryForge,-3120
1,52,Material,sink,MinionRoster.TryForge,-36
1,52,DP,sink,MinionRoster.TryEvolveIndividual,-54800
1,52,DP,sink,DungeonFeatureManager.TryPlaceTrap,-450
1,52,DP,sink,MinionRoster.TrySummon,-192
1,52,DP,source,AdventurerAI.ReapEmotion,800
1,52,DP,sink,CommandSystem.TryUse,-3400
1,52,DP,source,AdventurerAI.TakeDamage,68272
1,52,Material,source,AdventurerAI.TakeDamage,797
1,52,DP,source,AdventurerAI.GrantReturnReward,12082
1,52,Fame,source,AdventurerAI.GrantReturnReward,330
1,52,Fame,source,LureEconomy.OnHeroEscaped,825
1,52,DP,source,Nemesis.OnSlain,1943
1,52,Material,source,Nemesis.OnSlain,10
1,52,DP,stock,end,79718
1,52,Material,stock,end,78276
1,52,Fame,stock,end,34441
1,53,DP,source,SurfaceMap.CollectYields,229
1,53,Material,source,SurfaceMap.CollectYields,12
1,53,Fame,source,SurfaceMap.CollectYields,38
1,53,DP,source,DistrictCatalog.Collect,28
1,53,Material,source,DistrictCatalog.Collect,6
1,53,DP,source,EraSystem.TickTurn,9720
1,53,Material,source,EraSystem.TickTurn,62
1,53,Fame,source,EraSystem.TickTurn,135
1,53,DP,sink,MinionRoster.TryForge,-81240
1,53,Material,sink,MinionRoster.TryForge,-1058
1,53,DP,sink,MinionRoster.TryEvolveIndividual,-4950
1,53,DP,sink,DungeonFeatureManager.TryPlaceTrap,-1650
1,53,DP,sink,MinionRoster.TrySummon,-1824
1,53,DP,source,AdventurerAI.ReapEmotion,467
1,53,DP,source,AdventurerAI.TakeDamage,74758
1,53,Material,source,AdventurerAI.TakeDamage,1615
1,53,DP,sink,CommandSystem.TryUse,-4900
1,53,DP,source,AdventurerAI.GrantReturnReward,6058
1,53,Fame,source,AdventurerAI.GrantReturnReward,160
1,53,Fame,source,LureEconomy.OnHeroEscaped,400
1,53,DP,source,Nemesis.OnSlain,4043
1,53,Material,source,Nemesis.OnSlain,22
1,53,DP,stock,end,80457
1,53,Material,stock,end,78935
1,53,Fame,stock,end,35174
1,54,DP,source,SurfaceMap.CollectYields,261
1,54,Material,source,SurfaceMap.CollectYields,12
1,54,Fame,source,SurfaceMap.CollectYields,46
1,54,DP,source,DistrictCatalog.Collect,28
1,54,Material,source,DistrictCatalog.Collect,7
1,54,DP,source,EraSystem.TickTurn,9720
1,54,DP,sink,MinionRoster.TryForge,-86400
1,54,Material,sink,MinionRoster.TryForge,-1152
1,54,DP,sink,MinionRoster.TrySummon,-4018
1,54,DP,source,AdventurerAI.ReapEmotion,155
1,54,DP,source,AdventurerAI.TakeDamage,75775
1,54,Material,source,AdventurerAI.TakeDamage,1278
1,54,DP,sink,CommandSystem.TryUse,-4550
1,54,DP,source,AdventurerAI.GrantReturnReward,6348
1,54,Fame,source,AdventurerAI.GrantReturnReward,200
1,54,Fame,source,LureEconomy.OnHeroEscaped,500
1,54,DP,source,Nemesis.OnSlain,5785
1,54,Material,source,Nemesis.OnSlain,29
1,54,DP,stock,end,83561
1,54,Material,stock,end,79109
1,54,Fame,stock,end,35920
1,55,DP,source,SurfaceMap.CollectYields,261
1,55,Material,source,SurfaceMap.CollectYields,12
1,55,Fame,source,SurfaceMap.CollectYields,46
1,55,DP,source,DistrictCatalog.Collect,28
1,55,Material,source,DistrictCatalog.Collect,7
1,55,DP,source,EraSystem.TickTurn,11664
1,55,DP,sink,MinionRoster.TryForge,-93600
1,55,Material,sink,MinionRoster.TryForge,-1248
1,55,DP,sink,MinionRoster.TrySummon,-1890
1,55,DP,source,AdventurerAI.ReapEmotion,384
1,55,DP,sink,CommandSystem.TryUse,-4900
1,55,DP,source,AdventurerAI.TakeDamage,86501
1,55,Material,source,AdventurerAI.TakeDamage,986
1,55,DP,source,AdventurerAI.GrantReturnReward,7230
1,55,Fame,source,AdventurerAI.GrantReturnReward,130
1,55,Fame,source,LureEconomy.OnHeroEscaped,325
1,55,DP,source,Nemesis.OnSlain,3354
1,55,Material,source,Nemesis.OnSlain,18
1,55,DP,stock,end,92593
1,55,Material,stock,end,78884
1,55,Fame,stock,end,36421
1,56,DP,source,SurfaceMap.CollectYields,261
1,56,Material,source,SurfaceMap.CollectYields,12
1,56,Fame,source,SurfaceMap.CollectYields,46
1,56,DP,source,DistrictCatalog.Collect,28
1,56,Material,source,DistrictCatalog.Collect,7
1,56,DP,sink,MinionRoster.TryForge,-88800
1,56,Material,sink,MinionRoster.TryForge,-1292
1,56,DP,sink,MinionRoster.TrySummon,-4066
1,56,DP,source,AdventurerAI.ReapEmotion,640
1,56,DP,sink,CommandSystem.TryUse,-5200
1,56,DP,source,AdventurerAI.GrantReturnReward,15306
1,56,Fame,source,AdventurerAI.GrantReturnReward,260
1,56,Fame,source,LureEconomy.OnHeroEscaped,650
1,56,DP,source,AdventurerAI.TakeDamage,100245
1,56,Material,source,AdventurerAI.TakeDamage,779
1,56,DP,source,Nemesis.OnSlain,2317
1,56,Material,source,Nemesis.OnSlain,12
1,56,DP,stock,end,113324
1,56,Material,stock,end,78402
1,56,Fame,stock,end,37377
1,57,DP,source,SurfaceMap.CollectYields,261
1,57,Material,source,SurfaceMap.CollectYields,12
1,57,Fame,source,SurfaceMap.CollectYields,46
1,57,DP,source,DistrictCatalog.Collect,28
1,57,Material,source,DistrictCatalog.Collect,6
1,57,DP,sink,MinionRoster.TryForge,-109440
1,57,Material,sink,MinionRoster.TryForge,-1596
1,57,DP,sink,MinionRoster.TrySummon,-4134
1,57,DP,source,AdventurerAI.ReapEmotion,352
1,57,DP,sink,CommandSystem.TryUse,-4900
1,57,DP,source,AdventurerAI.TakeDamage,108450
1,57,Material,source,AdventurerAI.TakeDamage,1269
1,57,DP,source,AdventurerAI.GrantReturnReward,4712
1,57,Fame,source,AdventurerAI.GrantReturnReward,90
1,57,Fame,source,LureEconomy.OnHeroEscaped,225
1,57,DP,source,Nemesis.OnSlain,3450
1,57,Material,source,Nemesis.OnSlain,18
1,57,DP,stock,end,112103
1,57,Material,stock,end,78111
1,57,Fame,stock,end,37738
1,58,DP,source,SurfaceMap.CollectYields,231
1,58,Material,source,SurfaceMap.CollectYields,12
1,58,Fame,source,SurfaceMap.CollectYields,38
1,58,DP,source,DistrictCatalog.Collect,28
1,58,Material,source,DistrictCatalog.Collect,6
1,58,DP,sink,MinionRoster.TryForge,-109440
1,58,Material,sink,MinionRoster.TryForge,-1596
1,58,DP,sink,MinionRoster.TrySummon,-2875
1,58,DP,source,AdventurerAI.ReapEmotion,222
1,58,DP,source,AdventurerAI.TakeDamage,78212
1,58,Material,source,AdventurerAI.TakeDamage,931
1,58,DP,sink,CommandSystem.TryUse,-4900
1,58,DP,source,AdventurerAI.GrantReturnReward,11013
1,58,Fame,source,AdventurerAI.GrantReturnReward,230
1,58,Fame,source,LureEconomy.OnHeroEscaped,575
1,58,DP,source,Nemesis.OnSlain,3850
1,58,Material,source,Nemesis.OnSlain,20
1,58,DP,stock,end,88444
1,58,Material,stock,end,77484
1,58,Fame,stock,end,38581
1,59,DP,source,SurfaceMap.CollectYields,231
1,59,Material,source,SurfaceMap.CollectYields,12
1,59,Fame,source,SurfaceMap.CollectYields,38
1,59,DP,source,DistrictCatalog.Collect,28
1,59,Material,source,DistrictCatalog.Collect,6
1,59,DP,sink,MinionRoster.TryForge,-84960
1,59,Material,sink,MinionRoster.TryForge,-1254
1,59,DP,sink,MinionRoster.TrySummon,-3722
1,59,DP,source,AdventurerAI.ReapEmotion,420
1,59,DP,sink,CommandSystem.TryUse,-4900
1,59,DP,source,AdventurerAI.GrantReturnReward,11964
1,59,Fame,source,AdventurerAI.GrantReturnReward,240
1,59,Fame,source,LureEconomy.OnHeroEscaped,600
1,59,DP,source,AdventurerAI.TakeDamage,76600
1,59,Material,source,AdventurerAI.TakeDamage,885
1,59,DP,source,Nemesis.OnSlain,1555
1,59,Material,source,Nemesis.OnSlain,6
1,59,DP,stock,end,85660
1,59,Material,stock,end,77139
1,59,Fame,stock,end,39459
1,60,DP,source,SurfaceMap.CollectYields,231
1,60,Material,source,SurfaceMap.CollectYields,12
1,60,Fame,source,SurfaceMap.CollectYields,38
1,60,DP,source,DistrictCatalog.Collect,28
1,60,Material,source,DistrictCatalog.Collect,6
1,60,DP,sink,MinionRoster.TryForge,-82800
1,60,Material,sink,MinionRoster.TryForge,-1265
1,60,DP,sink,MinionRoster.TrySummon,-3091
1,60,DP,source,AdventurerAI.ReapEmotion,1180
1,60,DP,sink,CommandSystem.TryUse,-3400
1,60,DP,source,AdventurerAI.TakeDamage,90723
1,60,Material,source,AdventurerAI.TakeDamage,632
1,60,DP,source,AdventurerAI.GrantReturnReward,16905
1,60,Fame,source,AdventurerAI.GrantReturnReward,310
1,60,Fame,source,LureEconomy.OnHeroEscaped,775
1,60,DP,source,Nemesis.OnSlain,2414
1,60,Material,source,Nemesis.OnSlain,12
1,60,DP,stock,end,107850
1,60,Material,stock,end,76536
1,60,Fame,stock,end,40582
1,61,DP,source,SurfaceMap.CollectYields,231
1,61,Material,source,SurfaceMap.CollectYields,12
1,61,Fame,source,SurfaceMap.CollectYields,38
1,61,DP,source,DistrictCatalog.Collect,28
1,61,Material,source,DistrictCatalog.Collect,6
1,61,DP,sink,MinionRoster.TryForge,-104400
1,61,Material,sink,MinionRoster.TryForge,-1595
1,61,DP,sink,MinionRoster.TrySummon,-3688
1,61,DP,source,AdventurerAI.ReapEmotion,222
1,61,DP,source,AdventurerAI.TakeDamage,43669
1,61,Material,source,AdventurerAI.TakeDamage,517
1,61,DP,sink,CommandSystem.TryUse,-4250
1,61,DP,source,AdventurerAI.GrantReturnReward,8113
1,61,Fame,source,AdventurerAI.GrantReturnReward,140
1,61,Fame,source,LureEconomy.OnHeroEscaped,350
1,61,DP,source,Nemesis.OnSlain,1199
1,61,Material,source,Nemesis.OnSlain,6
1,61,DP,stock,end,48974
1,61,Material,stock,end,75482
1,61,Fame,stock,end,41110
1,62,DP,source,SurfaceMap.CollectYields,231
1,62,Material,source,SurfaceMap.CollectYields,12
1,62,Fame,source,SurfaceMap.CollectYields,38
1,62,DP,source,DistrictCatalog.Collect,28
1,62,Material,source,DistrictCatalog.Collect,6
1,62,DP,sink,MinionRoster.TryForge,-43200
1,62,Material,sink,MinionRoster.TryForge,-660
1,62,DP,sink,MinionRoster.TrySummon,-5973
1,62,DP,source,AdventurerAI.ReapEmotion,186
1,62,DP,source,AdventurerAI.TakeDamage,95960
1,62,Material,source,AdventurerAI.TakeDamage,1172
1,62,DP,sink,CommandSystem.TryUse,-4900
1,62,DP,source,AdventurerAI.GrantReturnReward,7777
1,62,Fame,source,AdventurerAI.GrantReturnReward,270
1,62,Fame,source,LureEconomy.OnHeroEscaped,675
1,62,DP,source,Nemesis.OnSlain,4091
1,62,Material,source,Nemesis.OnSlain,20
1,62,DP,stock,end,103174
1,62,Material,stock,end,76032
1,62,Fame,stock,end,42093
1,63,DP,source,SurfaceMap.CollectYields,231
1,63,Material,source,SurfaceMap.CollectYields,12
1,63,Fame,source,SurfaceMap.CollectYields,38
1,63,DP,source,DistrictCatalog.Collect,28
1,63,Material,source,DistrictCatalog.Collect,6
1,63,DP,sink,MinionRoster.TryForge,-97200
1,63,Material,sink,MinionRoster.TryForge,-1485
1,63,DP,sink,MinionRoster.TrySummon,-6226
1,63,DP,source,AdventurerAI.ReapEmotion,505
1,63,DP,source,AdventurerAI.TakeDamage,90101
1,63,Material,source,AdventurerAI.TakeDamage,1195
1,63,DP,sink,CommandSystem.TryUse,-4550
1,63,DP,source,AdventurerAI.GrantReturnReward,5529
1,63,Fame,source,AdventurerAI.GrantReturnReward,170
1,63,Fame,source,LureEconomy.OnHeroEscaped,425
1,63,DP,source,Nemesis.OnSlain,1215
1,63,Material,source,Nemesis.OnSlain,6
1,63,DP,stock,end,92807
1,63,Material,stock,end,75766
1,63,Fame,stock,end,42726
1,64,DP,source,SurfaceMap.CollectYields,231
1,64,Material,source,SurfaceMap.CollectYields,12
1,64,Fame,source,SurfaceMap.CollectYields,38
1,64,DP,source,DistrictCatalog.Collect,28
1,64,Material,source,DistrictCatalog.Collect,6
1,64,DP,sink,MinionRoster.TryForge,-90000
1,64,Material,sink,MinionRoster.TryForge,-1375
1,64,DP,sink,MinionRoster.TrySummon,-3044
1,64,DP,source,AdventurerAI.ReapEmotion,800
1,64,DP,sink,CommandSystem.TryUse,-4250
1,64,DP,source,AdventurerAI.GrantReturnReward,9176
1,64,Fame,source,AdventurerAI.GrantReturnReward,260
1,64,Fame,source,LureEconomy.OnHeroEscaped,650
1,64,DP,source,AdventurerAI.TakeDamage,120614
1,64,Material,source,AdventurerAI.TakeDamage,1235
1,64,DP,source,Nemesis.OnSlain,6163
1,64,Material,source,Nemesis.OnSlain,26
1,64,DP,stock,end,132525
1,64,Material,stock,end,75670
1,64,Fame,stock,end,43674
1,65,DP,source,SurfaceMap.CollectYields,231
1,65,Material,source,SurfaceMap.CollectYields,12
1,65,Fame,source,SurfaceMap.CollectYields,38
1,65,DP,source,DistrictCatalog.Collect,28
1,65,Material,source,DistrictCatalog.Collect,6
1,65,DP,sink,MinionRoster.TryForge,-129600
1,65,Material,sink,MinionRoster.TryForge,-2080
1,65,DP,sink,MinionRoster.TrySummon,-3144
1,65,DP,source,AdventurerAI.ReapEmotion,618
1,65,DP,sink,CommandSystem.TryUse,-5050
1,65,Fame,source,AdventurerAI.GrantReturnReward,470
1,65,Fame,source,LureEconomy.OnHeroEscaped,1175
1,65,DP,source,AdventurerAI.GrantReturnReward,9572
1,65,DP,source,AdventurerAI.TakeDamage,78476
1,65,Material,source,AdventurerAI.TakeDamage,1057
1,65,DP,source,Nemesis.OnSlain,4049
1,65,Material,source,Nemesis.OnSlain,18
1,65,DP,stock,end,87705
1,65,Material,stock,end,74683
1,65,Fame,stock,end,45357
1,66,DP,source,SurfaceMap.CollectYields,231
1,66,Material,source,SurfaceMap.CollectYields,12
1,66,Fame,source,SurfaceMap.CollectYields,38
1,66,DP,source,DistrictCatalog.Collect,28
1,66,Material,source,DistrictCatalog.Collect,7
1,66,DP,sink,MinionRoster.TryForge,-82080
1,66,Material,sink,MinionRoster.TryForge,-1330
1,66,DP,sink,MinionRoster.TrySummon,-5875
1,66,DP,source,AdventurerAI.ReapEmotion,315
1,66,DP,sink,CommandSystem.TryUse,-5000
1,66,DP,source,AdventurerAI.GrantReturnReward,9404
1,66,Fame,source,AdventurerAI.GrantReturnReward,390
1,66,Fame,source,LureEconomy.OnHeroEscaped,975
1,66,DP,source,AdventurerAI.TakeDamage,70207
1,66,Material,source,AdventurerAI.TakeDamage,1018
1,66,DP,source,Nemesis.OnSlain,4201
1,66,Material,source,Nemesis.OnSlain,20
1,66,DP,stock,end,79136
1,66,Material,stock,end,74410
1,66,Fame,stock,end,46760
1,67,DP,source,SurfaceMap.CollectYields,264
1,67,Material,source,SurfaceMap.CollectYields,12
1,67,Fame,source,SurfaceMap.CollectYields,46
1,67,DP,source,DistrictCatalog.Collect,28
1,67,Material,source,DistrictCatalog.Collect,7
1,67,DP,sink,MinionRoster.TryForge,-73440
1,67,Material,sink,MinionRoster.TryForge,-1190
1,67,DP,sink,MinionRoster.TrySummon,-5973
1,67,DP,source,AdventurerAI.ReapEmotion,482
1,67,DP,source,AdventurerAI.TakeDamage,83754
1,67,Material,source,AdventurerAI.TakeDamage,1406
1,67,DP,sink,CommandSystem.TryUse,-4900
1,67,DP,source,AdventurerAI.GrantReturnReward,7237
1,67,Fame,source,AdventurerAI.GrantReturnReward,250
1,67,Fame,source,LureEconomy.OnHeroEscaped,625
1,67,DP,source,Nemesis.OnSlain,4050
1,67,Material,source,Nemesis.OnSlain,18
1,67,DP,stock,end,90638
1,67,Material,stock,end,74663
1,67,Fame,stock,end,47681
2,1,DP,sink,DungeonFeatureManager.TryPlaceTrap,-150
2,1,DP,source,AdventurerAI.ReapEmotion,199
2,1,DP,source,AdventurerAI.TakeDamage,163
2,1,Material,source,AdventurerAI.TakeDamage,12
2,1,DP,sink,CommandSystem.TryUse,-300
2,1,DP,source,AdventurerAI.GrantReturnReward,502
2,1,Fame,source,AdventurerAI.GrantReturnReward,20
2,1,Fame,source,LureEconomy.OnHeroEscaped,50
2,1,DP,stock,end,614
2,1,Material,stock,end,12
2,1,Fame,stock,end,70
2,2,DP,source,SurfaceMap.CollectYields,18
2,2,Material,source,SurfaceMap.CollectYields,1
2,2,Fame,source,SurfaceMap.CollectYields,4
2,2,DP,source,EraSystem.TickTurn,600
2,2,Fame,source,EraSystem.TickTurn,25
2,2,DP,sink,MinionRoster.TryForge,-236
2,2,DP,sink,MinionEvolution.TryEvolve,-625
2,2,DP,sink,DungeonFeatureManager.TryPlaceTrap,-300
2,2,DP,sink,MinionRoster.TrySummon,-56
2,2,DP,source,AdventurerAI.ReapEmotion,105
2,2,DP,source,AdventurerAI.TakeDamage,213
2,2,Material,source,AdventurerAI.TakeDamage,12
2,2,DP,source,AdventurerAI.GrantReturnReward,319
2,2,Fame,source,AdventurerAI.GrantReturnReward,20
2,2,Fame,source,LureEconomy.OnHeroEscaped,50
2,2,DP,sink,CommandSystem.TryUse,-650
2,2,DP,stock,end,2
2,2,Material,stock,end,25
2,2,Fame,stock,end,169
2,3,DP,source,SurfaceMap.CollectYields,18
2,3,Material,source,SurfaceMap.CollectYields,1
2,3,Fame,source,SurfaceMap.CollectYields,4
2,3,DP,source,EraSystem.TickTurn,600
2,3,Material,source,EraSystem.TickTurn,10
2,3,Fame,source,EraSystem.TickTurn,25
2,3,DP,sink,MinionRoster.TryForge,-236
2,3,DP,sink,DungeonFeatureManager.TryPlaceTrap,-300
2,3,DP,sink,MinionRoster.TrySummon,-78
2,3,DP,source,AdventurerAI.ReapEmotion,123
2,3,DP,source,AdventurerAI.TakeDamage,228
2,3,Material,source,AdventurerAI.TakeDamage,10
2,3,DP,sink,CommandSystem.TryUse,-300
2,3,DP,source,AdventurerAI.GrantReturnReward,593
2,3,Fame,source,AdventurerAI.GrantReturnReward,20
2,3,Fame,source,LureEconomy.OnHeroEscaped,50
2,3,DP,stock,end,650
2,3,Material,stock,end,46
2,3,Fame,stock,end,268
2,4,DP,source,SurfaceMap.CollectYields,18
2,4,Material,source,SurfaceMap.CollectYields,1
2,4,Fame,source,SurfaceMap.CollectYields,4
2,4,DP,source,EraSystem.TickTurn,600
2,4,DP,sink,MinionRoster.TryForge,-236
2,4,DP,sink,DungeonFloorManager.TryExpandFloor,-400
2,4,DP,sink,MinionEvolution.TryEvolve,-325
2,4,DP,sink,DungeonFeatureManager.TryPlaceTrap,-150
2,4,DP,sink,MinionRoster.TrySummon,-156
2,4,DP,source,IncidentSystem.Apply,600
2,4,DP,sink,CommandSystem.TryUse,-650
2,4,DP,source,AdventurerAI.ReapEmotion,111
2,4,DP,source,AdventurerAI.TakeDamage,343
2,4,Material,source,AdventurerAI.TakeDamage,14
2,4,Fame,source,AdventurerAI.GrantReturnReward,20
2,4,Fame,source,LureEconomy.OnHeroEscaped,50
2,4,DP,source,AdventurerAI.GrantReturnReward,288
2,4,DP,stock,end,693
2,4,Material,stock,end,61
2,4,Fame,stock,end,342
2,5,DP,source,SurfaceMap.CollectYields,18
2,5,Material,source,SurfaceMap.CollectYields,1
2,5,Fame,source,SurfaceMap.CollectYields,4
2,5,DP,source,EraSystem.TickTurn,600
2,5,Material,source,EraSystem.TickTurn,10
2,5,DP,sink,MinionRoster.TryForge,-212
2,5,DP,sink,MinionEvolution.TryEvolve,-650
2,5,DP,sink,DungeonFeatureManager.TryPlaceTrap,-300
2,5,DP,sink,MinionRoster.TrySummon,-147
2,5,DP,source,AdventurerAI.ReapEmotion,171
2,5,DP,source,AdventurerAI.TakeDamage,1345
2,5,Material,source,AdventurerAI.TakeDamage,50
2,5,DP,sink,CommandSystem.TryUse,-1800
2,5,DP,source,AdventurerAI.GrantReturnReward,938
2,5,Fame,source,AdventurerAI.GrantReturnReward,30
2,5,Fame,source,LureEconomy.OnHeroEscaped,75
2,5,DP,source,Nemesis.OnSlain,470
2,5,Material,source,Nemesis.OnSlain,5
2,5,DP,stock,end,1126
2,5,Material,stock,end,127
2,5,Fame,stock,end,451
2,6,DP,source,SurfaceMap.CollectYields,39
2,6,Material,source,SurfaceMap.CollectYields,2
2,6,Fame,source,SurfaceMap.CollectYields,9
2,6,DP,source,EraSystem.TickTurn,600
2,6,DP,sink,MinionRoster.TryForge,-212
2,6,DP,sink,DungeonFloorManager.TryAddFloor,-800
2,6,DP,sink,DungeonFloorManager.TryExpandFloor,-400
2,6,DP,sink,DungeonFeatureManager.TryPlaceTrap,-300
2,6,DP,sink,MinionRoster.TrySummon,-45
2,6,DP,source,AdventurerAI.ReapEmotion,374
2,6,DP,sink,CommandSystem.TryUse,-1800
2,6,Fame,source,AdventurerAI.GrantReturnReward,20
2,6,Fame,source,LureEconomy.OnHeroEscaped,50
2,6,DP,source,AdventurerAI.GrantReturnReward,273
2,6,DP,source,AdventurerAI.TakeDamage,723
2,6,Material,source,AdventurerAI.TakeDamage,33
2,6,DP,source,Nemesis.OnSlain,1180
2,6,Material,source,Nemesis.OnSlain,12
2,6,DP,stock,end,758
2,6,Material,stock,end,174
2,6,Fame,stock,end,530
2,7,DP,source,SurfaceMap.CollectYields,39
2,7,Material,source,SurfaceMap.CollectYields,2
2,7,Fame,source,SurfaceMap.CollectYields,9
2,7,DP,source,EraSystem.TickTurn,600
2,7,DP,sink,MinionRoster.TryForge,-212
2,7,DP,sink,DungeonFloorManager.TryExpandFloor,-800
2,7,DP,sink,DungeonFeatureManager.TryPlaceTrap,-150
2,7,DP,sink,MinionRoster.TrySummon,-225
2,7,DP,source,AdventurerAI.ReapEmotion,122
2,7,DP,source,AdventurerAI.GrantReturnReward,1926
2,7,Fame,source,AdventurerAI.GrantReturnReward,60
2,7,Fame,source,LureEconomy.OnHeroEscaped,150
2,7,DP,sink,CommandSystem.TryUse,-1800
2,7,DP,source,AdventurerAI.TakeDamage,358
2,7,Material,source,AdventurerAI.TakeDamage,25
2,7,DP,source,Nemesis.OnSlain,502
2,7,Material,source,Nemesis.OnSlain,5
2,7,DP,stock,end,1118
2,7,Material,stock,end,206
2,7,Fame,stock,end,749
2,8,DP,source,SurfaceMap.CollectYields,39
2,8,Material,source,SurfaceMap.CollectYields,2
2,8,Fame,source,SurfaceMap.CollectYields,9
2,8,DP,source,EraSystem.TickTurn,1020
2,8,DP,sink,MinionRoster.TryForge,-212
2,8,DP,sink,DungeonFloorManager.TryExpandFloor,-800
2,8,DP,sink,MinionEvolution.TryEvolve,-500
2,8,DP,sink,MinionRoster.TryEvolveIndividual,-350
2,8,DP,sink,DungeonFeatureManager.TryPlaceTrap,-150
2,8,DP,sink,MinionRoster.TrySummon,-157
2,8,DP,source,AdventurerAI.ReapEmotion,197
2,8,DP,source,AdventurerAI.GrantReturnReward,1070
2,8,Fame,source,AdventurerAI.GrantReturnReward,40
2,8,Fame,source,LureEconomy.OnHeroEscaped,100
2,8,DP,sink,CommandSystem.TryUse,-1800
2,8,DP,source,AdventurerAI.TakeDamage,2400
2,8,Material,source,AdventurerAI.TakeDamage,94
2,8,DP,stock,end,1875
2,8,Material,stock,end,302
2,8,Fame,stock,end,898
2,9,DP,source,SurfaceMap.CollectYields,45
2,9,Material,source,SurfaceMap.CollectYields,2
2,9,Fame,source,SurfaceMap.CollectYields,11
2,9,DP,source,EraSystem.TickTurn,600
2,9,Fame,source,EraSystem.TickTurn,25
2,9,DP,sink,MinionRoster.TryForge,-190
2,9,DP,sink,DungeonFloorManager.TryAddFloor,-2000
2,9,DP,sink,DungeonFeatureManager.TryPlaceTrap,-150
2,9,DP,sink,MinionRoster.TrySummon,-180
2,9,DP,source,AdventurerAI.ReapEmotion,280
2,9,DP,source,AdventurerAI.GrantReturnReward,2467
2,9,Fame,source,AdventurerAI.GrantReturnReward,80
2,9,Fame,source,LureEconomy.OnHeroEscaped,200
2,9,DP,sink,CommandSystem.TryUse,-2450
2,9,DP,source,AdventurerAI.TakeDamage,518
2,9,Material,source,AdventurerAI.TakeDamage,19
2,9,DP,source,Nemesis.OnSlain,518
2,9,Material,source,Nemesis.OnSlain,5
2,9,DP,stock,end,1333
2,9,Material,stock,end,328
2,9,Fame,stock,end,1214
2,10,DP,source,SurfaceMap.CollectYields,79
2,10,Material,source,SurfaceMap.CollectYields,3
2,10,Fame,source,SurfaceMap.CollectYields,17
2,10,DP,source,EraSystem.TickTurn,1020
2,10,DP,sink,MinionRoster.TryForge,-190
2,10,DP,sink,DungeonFloorManager.TryExpandFloor,-1200
2,10,DP,sink,MinionEvolution.TryEvolve,-550
2,10,DP,sink,MinionRoster.TryEvolveIndividual,-150
2,10,DP,sink,DungeonFeatureManager.TryPlaceTrap,-150
2,10,DP,sink,MinionRoster.TrySummon,-192
2,10,DP,source,AdventurerAI.ReapEmotion,200
2,10,Fame,source,AdventurerAI.GrantReturnReward,80
2,10,Fame,source,LureEconomy.OnHeroEscaped,200
2,10,DP,source,AdventurerAI.TakeDamage,701
2,10,Material,source,AdventurerAI.TakeDamage,63
2,10,DP,sink,CommandSystem.TryUse,-3100
2,10,DP,source,AdventurerAI.GrantReturnReward,2118
2,10,DP,source,Nemesis.OnSlain,535
2,10,Material,source,Nemesis.OnSlain,5
2,10,DP,stock,end,454
2,10,Material,stock,end,399
2,10,Fame,stock,end,1511
2,11,DP,source,SurfaceMap.CollectYields,79
2,11,Material,source,SurfaceMap.CollectYields,3
2,11,Fame,source,SurfaceMap.CollectYields,17
2,11,DP,sink,MinionRoster.TryForge,-95
2,11,DP,sink,DungeonFeatureManager.TryPlaceTrap,-150
2,11,DP,sink,MinionRoster.TrySummon,-263
2,11,DP,source,AdventurerAI.ReapEmotion,146
2,11,DP,source,AdventurerAI.TakeDamage,747
2,11,Material,source,AdventurerAI.TakeDamage,31
2,11,DP,sink,CommandSystem.TryUse,-3600
2,11,Fame,source,AdventurerAI.GrantReturnReward,100
2,11,Fame,source,LureEconomy.OnHeroEscaped,250
2,11,DP,source,AdventurerAI.GrantReturnReward,2777
2,11,DP,source,Nemesis.OnSlain,551
2,11,Material,source,Nemesis.OnSlain,5
2,11,DP,stock,end,646
2,11,Material,stock,end,438
2,11,Fame,stock,end,1878
2,12,DP,source,SurfaceMap.CollectYields,79
2,12,Material,source,SurfaceMap.CollectYields,3
2,12,Fame,source,SurfaceMap.CollectYields,17
2,12,DP,source,DistrictCatalog.Collect,84
2,12,DP,sink,MinionRoster.TryForge,-190
2,12,DP,sink,MinionRoster.TryEvolveIndividual,-225
2,12,DP,sink,DungeonFeatureManager.TryPlaceTrap,-150
2,12,DP,sink,MinionRoster.TrySummon,-236
2,12,DP,source,AdventurerAI.ReapEmotion,180
2,12,Fame,source,AdventurerAI.GrantReturnReward,20
2,12,Fame,source,LureEconomy.OnHeroEscaped,50
2,12,DP,source,AdventurerAI.TakeDamage,3064
2,12,Material,source,AdventurerAI.TakeDamage,142
2,12,DP,sink,CommandSystem.TryUse,-1300
2,12,DP,source,Nemesis.OnSlain,1134
2,12,Material,source,Nemesis.OnSlain,10
2,12,DP,stock,end,3086
2,12,Material,stock,end,593
2,12,Fame,stock,end,1965
2,13,DP,source,SurfaceMap.CollectYields,60
2,13,Material,source,SurfaceMap.CollectYields,3
2,13,Fame,source,SurfaceMap.CollectYields,14
2,13,DP,source,DistrictCatalog.Collect,98
2,13,DP,sink,MinionRoster.TryForge,-855
2,13,DP,sink,DungeonFloorManager.TryExpandFloor,-1500
2,13,DP,sink,MinionRoster.TryEvolveIndividual,-525
2,13,DP,sink,DungeonFeatureManager.TryPlaceTrap,-150
2,13,DP,sink,MinionRoster.TrySummon,-210
2,13,DP,source,AdventurerAI.ReapEmotion,444
2,13,DP,source,AdventurerAI.TakeDamage,2598
2,13,Material,source,AdventurerAI.TakeDamage,106
2,13,DP,sink,CommandSystem.TryUse,-3800
2,13,Fame,source,AdventurerAI.GrantReturnReward,60
2,13,Fame,source,LureEconomy.OnHeroEscaped,150
2,13,DP,source,AdventurerAI.GrantReturnReward,882
2,13,DP,source,Nemesis.OnSlain,1150
2,13,Material,source,Nemesis.OnSlain,10
2,13,DP,stock,end,1278
2,13,Material,stock,end,712
2,13,Fame,stock,end,2189
2,14,DP,source,SurfaceMap.CollectYields,81
2,14,Material,source,SurfaceMap.CollectYields,4
2,14,Fame,source,SurfaceMap.CollectYields,19
2,14,DP,source,DistrictCatalog.Collect,98
2,14,DP,sink,MinionRoster.TryForge,-1006
2,14,DP,sink,DungeonFeatureManager.TryPlaceTrap,-300
2,14,DP,sink,MinionRoster.TrySummon,-128
2,14,DP,source,AdventurerAI.ReapEmotion,95
2,14,DP,source,AdventurerAI.TakeDamage,2071
2,14,Material,source,AdventurerAI.TakeDamage,45
2,14,DP,sink,CommandSystem.TryUse,-1800
2,14,DP,source,AdventurerAI.GrantReturnReward,1058
2,14,Fame,source,AdventurerAI.GrantReturnReward,50
2,14,Fame,source,LureEconomy.OnHeroEscaped,125
2,14,DP,stock,end,1447
2,14,Material,stock,end,761
2,14,Fame,stock,end,2383
2,15,DP,source,SurfaceMap.CollectYields,83
2,15,Material,source,SurfaceMap.CollectYields,4
2,15,Fame,source,SurfaceMap.CollectYields,19
2,15,DP,source,DistrictCatalog.Collect,98
2,15,DP,source,EraSystem.TickTurn,300
2,15,DP,sink,MinionRoster.TryForge,-1196
2,15,DP,sink,MinionRoster.TryEvolveIndividual,-250
2,15,DP,sink,DungeonFeatureManager.TryPlaceTrap,-300
2,15,DP,sink,MinionRoster.TrySummon,-167
2,15,DP,source,AdventurerAI.ReapEmotion,687
2,15,DP,source,AdventurerAI.TakeDamage,3232
2,15,Material,source,AdventurerAI.TakeDamage,75
2,15,DP,sink,CommandSystem.TryUse,-2950
2,15,DP,source,AdventurerAI.GrantReturnReward,2310
2,15,Fame,source,AdventurerAI.GrantReturnReward,90
2,15,Fame,source,LureEconomy.OnHeroEscaped,225
2,15,DP,source,Nemesis.OnSlain,599
2,15,Material,source,Nemesis.OnSlain,5
2,15,DP,stock,end,3893
2,15,Material,stock,end,845
2,15,Fame,stock,end,2717
2,16,DP,source,SurfaceMap.CollectYields,83
2,16,Material,source,SurfaceMap.CollectYields,4
2,16,Fame,source,SurfaceMap.CollectYields,19
2,16,DP,source,DistrictCatalog.Collect,98
2,16,DP,sink,MinionRoster.TryForge,-2026
2,16,DP,sink,DungeonFloorManager.TryExpandFloor,-1500
2,16,DP,sink,DungeonFeatureManager.TryPlaceTrap,-300
2,16,DP,sink,MinionRoster.TrySummon,-243
2,16,DP,source,AdventurerAI.ReapEmotion,214
2,16,DP,source,AdventurerAI.GrantReturnReward,858
2,16,Fame,source,AdventurerAI.GrantReturnReward,40
2,16,Fame,source,LureEconomy.OnHeroEscaped,100
2,16,DP,sink,CommandSystem.TryUse,-2300
2,16,DP,source,AdventurerAI.TakeDamage,4893
2,16,Material,source,AdventurerAI.TakeDamage,76
2,16,DP,source,Nemesis.OnSlain,1248
2,16,Material,source,Nemesis.OnSlain,10
2,16,DP,stock,end,4918
2,16,Material,stock,end,935
2,16,Fame,stock,end,2876
2,17,DP,source,SurfaceMap.CollectYields,83
2,17,Material,source,SurfaceMap.CollectYields,4
2,17,Fame,source,SurfaceMap.CollectYields,19
2,17,DP,source,DistrictCatalog.Collect,98
2,17,DP,source,EraSystem.TickTurn,720
2,17,DP,sink,MinionRoster.TryForge,-394
2,17,DP,sink,DungeonFloorManager.TryAddFloor,-5000
2,17,DP,sink,DungeonFeatureManager.TryPlaceTrap,-150
2,17,DP,sink,MinionRoster.TrySummon,-272
2,17,DP,source,AdventurerAI.ReapEmotion,442
2,17,DP,source,AdventurerAI.TakeDamage,2536
2,17,Material,source,AdventurerAI.TakeDamage,47
2,17,DP,sink,CommandSystem.TryUse,-2600
2,17,DP,source,AdventurerAI.GrantReturnReward,2811
2,17,Fame,source,AdventurerAI.GrantReturnReward,100
2,17,Fame,source,LureEconomy.OnHeroEscaped,250
2,17,DP,source,Nemesis.OnSlain,632
2,17,Material,source,Nemesis.OnSlain,5
2,17,DP,stock,end,3824
2,17,Material,stock,end,991
2,17,Fame,stock,end,3245
2,18,DP,source,SurfaceMap.CollectYields,104
2,18,Material,source,SurfaceMap.CollectYields,5
2,18,Fame,source,SurfaceMap.CollectYields,24
2,18,DP,source,DistrictCatalog.Collect,98
2,18,DP,sink,MinionRoster.TryForge,-2638
2,18,DP,sink,DungeonFloorManager.TryExpandFloor,-400
2,18,DP,sink,MinionRoster.TryEvolveIndividual,-550
2,18,DP,sink,DungeonFeatureManager.TryPlaceTrap,-150
2,18,DP,sink,MinionRoster.TrySummon,-285
2,18,DP,source,AdventurerAI.ReapEmotion,484
2,18,DP,source,AdventurerAI.TakeDamage,3970
2,18,Material,source,AdventurerAI.TakeDamage,118
2,18,DP,sink,CommandSystem.TryUse,-5600
2,18,DP,source,AdventurerAI.GrantReturnReward,2329
2,18,Fame,source,AdventurerAI.GrantReturnReward,70
2,18,Fame,source,LureEconomy.OnHeroEscaped,175
2,18,DP,stock,end,1186
2,18,Material,stock,end,1114
2,18,Fame,stock,end,3514
2,19,DP,source,SurfaceMap.CollectYields,104
2,19,Material,source,SurfaceMap.CollectYields,5
2,19,Fame,source,SurfaceMap.CollectYields,24
2,19,DP,source,DistrictCatalog.Collect,126
2,19,DP,source,EraSystem.TickTurn,300
2,19,DP,sink,MinionRoster.TryForge,-394
2,19,DP,sink,DungeonFloorManager.TryExpandFloor,-800
2,19,DP,sink,DungeonFeatureManager.TryPlaceTrap,-300
2,19,DP,sink,MinionRoster.TrySummon,-218
2,19,DP,source,AdventurerAI.ReapEmotion,137
2,19,DP,source,AdventurerAI.TakeDamage,1972
2,19,Material,source,AdventurerAI.TakeDamage,44
2,19,DP,sink,CommandSystem.TryUse,-2300
2,19,DP,source,AdventurerAI.GrantReturnReward,1837
2,19,Fame,source,AdventurerAI.GrantReturnReward,60
2,19,Fame,source,LureEconomy.OnHeroEscaped,150
2,19,DP,stock,end,1650
2,19,Material,stock,end,1163
2,19,Fame,stock,end,3748
2,20,DP,source,SurfaceMap.CollectYields,136
2,20,Material,source,SurfaceMap.CollectYields,5
2,20,Fame,source,SurfaceMap.CollectYields,28
2,20,DP,source,DistrictCatalog.Collect,126
2,20,DP,sink,MinionRoster.TryForge,-1414
2,20,DP,sink,DungeonFeatureManager.TryPlaceTrap,-300
2,20,DP,sink,MinionRoster.TrySummon,-181
2,20,DP,source,AdventurerAI.ReapEmotion,218
2,20,DP,source,AdventurerAI.GrantReturnReward,5548
2,20,Fame,source,AdventurerAI.GrantReturnReward,220
2,20,Fame,source,LureEconomy.OnHeroEscaped,550
2,20,DP,sink,CommandSystem.TryUse,-4050
2,20,DP,source,AdventurerAI.TakeDamage,1866
2,20,Material,source,AdventurerAI.TakeDamage,24
2,20,DP,stock,end,3599
2,20,Material,stock,end,1192
2,20,Fame,stock,end,4546
2,21,DP,source,SurfaceMap.CollectYields,136
2,21,Material,source,SurfaceMap.CollectYields,5
2,21,Fame,source,SurfaceMap.CollectYields,28
2,21,DP,source,DistrictCatalog.Collect,126
2,21,DP,sink,MinionRoster.TryForge,-3196
2,21,DP,sink,DungeonFeatureManager.TryPlaceTrap,-450
2,21,DP,sink,MinionRoster.TrySummon,-197
2,21,DP,source,AdventurerAI.ReapEmotion,575
2,21,DP,source,AdventurerAI.TakeDamage,7347
2,21,Material,source,AdventurerAI.TakeDamage,124
2,21,DP,sink,CommandSystem.TryUse,-5600
2,21,DP,source,AdventurerAI.GrantReturnReward,4660
2,21,Fame,source,AdventurerAI.GrantReturnReward,120
2,21,Fame,source,LureEconomy.OnHeroEscaped,300
2,21,DP,source,Nemesis.OnSlain,680
2,21,Material,source,Nemesis.OnSlain,5
2,21,DP,stock,end,7680
2,21,Material,stock,end,1326
2,21,Fame,stock,end,4994
2,22,DP,source,SurfaceMap.CollectYields,136
2,22,Material,source,SurfaceMap.CollectYields,5
2,22,Fame,source,SurfaceMap.CollectYields,28
2,22,DP,source,DistrictCatalog.Collect,126
2,22,DP,sink,MinionRoster.TryForge,-5932
2,22,DP,sink,DungeonFloorManager.TryExpandFloor,-1500
2,22,DP,sink,DungeonFeatureManager.TryPlaceTrap,-300
2,22,DP,sink,MinionRoster.TrySummon,-189
2,22,DP,source,AdventurerAI.ReapEmotion,98
2,22,DP,source,AdventurerAI.TakeDamage,4732
2,22,Material,source,AdventurerAI.TakeDamage,81
2,22,DP,sink,CommandSystem.TryUse,-4750
2,22,DP,source,AdventurerAI.GrantReturnReward,8039
2,22,Fame,source,AdventurerAI.GrantReturnReward,220
2,22,Fame,source,LureEconomy.OnHeroEscaped,550
2,22,DP,stock,end,8140
2,22,Material,stock,end,1412
2,22,Fame,stock,end,5792
2,23,DP,source,SurfaceMap.CollectYields,109
2,23,Material,source,SurfaceMap.CollectYields,4
2,23,Fame,source,SurfaceMap.CollectYields,23
2,23,DP,source,DistrictCatalog.Collect,112
2,23,DP,source,FetterSystem.OnEraChanged,1800
2,23,DP,sink,MinionRoster.TryForge,-168
2,23,DP,sink,DungeonFloorManager.TryExpandFloor,-1500
2,23,DP,sink,MinionEvolution.TryEvolve,-4900
2,23,DP,sink,MinionRoster.TryEvolveIndividual,-3250
2,23,DP,sink,DungeonFeatureManager.TryPlaceTrap,-150
2,23,DP,sink,MinionRoster.TrySummon,-162
2,23,DP,source,AdventurerAI.ReapEmotion,343
2,23,DP,sink,CommandSystem.TryUse,-4750
2,23,DP,source,AdventurerAI.GrantReturnReward,14089
2,23,Fame,source,AdventurerAI.GrantReturnReward,240
2,23,Fame,source,LureEconomy.OnHeroEscaped,600
2,23,DP,source,AdventurerAI.TakeDamage,4888
2,23,Material,source,AdventurerAI.TakeDamage,73
2,23,DP,source,Nemesis.OnSlain,697
2,23,Material,source,Nemesis.OnSlain,5
2,23,DP,stock,end,15298
2,23,Material,stock,end,1494
2,23,Fame,stock,end,6655
2,24,DP,source,SurfaceMap.CollectYields,114
2,24,Material,source,SurfaceMap.CollectYields,5
2,24,Fame,source,SurfaceMap.CollectYields,24
2,24,DP,source,DistrictCatalog.Collect,28
2,24,DP,source,EraSystem.TickTurn,3840
2,24,DP,sink,MinionRoster.TryForge,-168
2,24,DP,sink,DungeonFloorManager.TryAddFloor,-12500
2,24,DP,sink,DungeonFloorManager.TryExpandFloor,-2700
2,24,DP,sink,MinionRoster.TryEvolveIndividual,-3600
2,24,DP,sink,DungeonFeatureManager.TryPlaceTrap,-150
2,24,DP,sink,MinionRoster.TrySummon,-162
2,24,DP,source,AdventurerAI.ReapEmotion,270
2,24,DP,source,AdventurerAI.TakeDamage,2069
2,24,Material,source,AdventurerAI.TakeDamage,14
2,24,DP,sink,CommandSystem.TryUse,-4050
2,24,DP,source,AdventurerAI.GrantReturnReward,10343
2,24,Fame,source,AdventurerAI.GrantReturnReward,330
2,24,Fame,source,LureEconomy.OnHeroEscaped,825
2,24,DP,stock,end,8632
2,24,Material,stock,end,1513
2,24,Fame,stock,end,7834
2,25,DP,source,SurfaceMap.CollectYields,114
2,25,Material,source,SurfaceMap.CollectYields,5
2,25,Fame,source,SurfaceMap.CollectYields,24
2,25,DP,source,DistrictCatalog.Collect,28
2,25,DP,source,EraSystem.TickTurn,3840
2,25,DP,sink,MinionRoster.TryForge,-4800
2,25,DP,sink,DungeonFloorManager.TryExpandFloor,-2500
2,25,DP,sink,MinionRoster.TryEvolveIndividual,-4750
2,25,DP,sink,DungeonFeatureManager.TryPlaceTrap,-300
2,25,DP,sink,MinionRoster.TrySummon,-252
2,25,DP,source,AdventurerAI.ReapEmotion,105
2,25,DP,source,AdventurerAI.TakeDamage,13237
2,25,Material,source,AdventurerAI.TakeDamage,101
2,25,DP,sink,CommandSystem.TryUse,-4250
2,25,DP,source,AdventurerAI.GrantReturnReward,5507
2,25,Fame,source,AdventurerAI.GrantReturnReward,250
2,25,Fame,source,LureEconomy.OnHeroEscaped,625
2,25,DP,stock,end,14611
2,25,Material,stock,end,1619
2,25,Fame,stock,end,8733
2,26,DP,source,SurfaceMap.CollectYields,114
2,26,Material,source,SurfaceMap.CollectYields,5
2,26,Fame,source,SurfaceMap.CollectYields,24
2,26,DP,source,DistrictCatalog.Collect,28
2,26,DP,source,EraSystem.TickTurn,9216
2,26,DP,sink,MinionRoster.TryForge,-12288
2,26,DP,sink,DungeonFloorManager.TryExpandFloor,-10000
2,26,DP,sink,MinionRoster.TryEvolveIndividual,-1125
2,26,DP,sink,DungeonFeatureManager.TryPlaceTrap,-300
2,26,DP,sink,MinionRoster.TrySummon,-231
2,26,DP,source,AdventurerAI.ReapEmotion,142
2,26,DP,source,AdventurerAI.TakeDamage,2538
2,26,Material,source,AdventurerAI.TakeDamage,23
2,26,DP,sink,CommandSystem.TryUse,-3750
2,26,DP,source,AdventurerAI.GrantReturnReward,13226
2,26,Fame,source,AdventurerAI.GrantReturnReward,410
2,26,Fame,source,LureEconomy.OnHeroEscaped,1025
2,26,DP,stock,end,12181
2,26,Material,stock,end,1647
2,26,Fame,stock,end,10192
2,27,DP,source,SurfaceMap.CollectYields,161
2,27,Material,source,SurfaceMap.CollectYields,7
2,27,Fame,source,SurfaceMap.CollectYields,34
2,27,DP,source,DistrictCatalog.Collect,28
2,27,DP,source,EraSystem.TickTurn,3840
2,27,DP,sink,MinionRoster.TryForge,-14310
2,27,DP,sink,MinionRoster.TryEvolveIndividual,-875
2,27,Material,sink,MinionRoster.TryForge,-46
2,27,DP,sink,DungeonFeatureManager.TryPlaceTrap,-750
2,27,DP,sink,MinionRoster.TrySummon,-264
2,27,DP,source,AdventurerAI.ReapEmotion,145
2,27,DP,source,AdventurerAI.TakeDamage,11015
2,27,Material,source,AdventurerAI.TakeDamage,85
2,27,DP,sink,CommandSystem.TryUse,-6050
2,27,DP,source,AdventurerAI.GrantReturnReward,11750
2,27,Fame,source,AdventurerAI.GrantReturnReward,390
2,27,Fame,source,LureEconomy.OnHeroEscaped,975
2,27,DP,stock,end,16871
2,27,Material,stock,end,1693
2,27,Fame,stock,end,11591
2,28,DP,source,SurfaceMap.CollectYields,158
2,28,Material,source,SurfaceMap.CollectYields,7
2,28,Fame,source,SurfaceMap.CollectYields,33
2,28,DP,source,DistrictCatalog.Collect,28
2,28,DP,source,EraSystem.TickTurn,3840
2,28,DP,sink,MinionRoster.TryForge,-19440
2,28,DP,sink,MinionRoster.TryEvolveIndividual,-325
2,28,Material,sink,MinionRoster.TryForge,-64
2,28,DP,sink,DungeonFeatureManager.TryPlaceTrap,-900
2,28,DP,sink,MinionRoster.TrySummon,-207
2,28,DP,source,AdventurerAI.ReapEmotion,268
2,28,DP,source,AdventurerAI.TakeDamage,7363
2,28,Material,source,AdventurerAI.TakeDamage,304
2,28,DP,sink,CommandSystem.TryUse,-4550
2,28,DP,source,AdventurerAI.GrantReturnReward,14467
2,28,Fame,source,AdventurerAI.GrantReturnReward,750
2,28,Fame,source,LureEconomy.OnHeroEscaped,1875
2,28,DP,stock,end,17573
2,28,Material,stock,end,1940
2,28,Fame,stock,end,14249
2,29,DP,source,SurfaceMap.CollectYields,158
2,29,Material,source,SurfaceMap.CollectYields,7
2,29,Fame,source,SurfaceMap.CollectYields,33
2,29,DP,source,DistrictCatalog.Collect,28
2,29,DP,source,EraSystem.TickTurn,6528
2,29,Material,source,EraSystem.TickTurn,32
2,29,DP,sink,MinionRoster.TryForge,-21870
2,29,DP,sink,MinionRoster.TryEvolveIndividual,-850
2,29,Material,sink,MinionRoster.TryForge,-142
2,29,DP,sink,DungeonFeatureManager.TryPlaceTrap,-1350
2,29,DP,sink,MinionRoster.TrySummon,-207
2,29,DP,source,AdventurerAI.ReapEmotion,136
2,29,DP,source,AdventurerAI.TakeDamage,13991
2,29,Material,source,AdventurerAI.TakeDamage,456
2,29,DP,sink,CommandSystem.TryUse,-6050
2,29,DP,source,AdventurerAI.GrantReturnReward,8303
2,29,Fame,source,AdventurerAI.GrantReturnReward,310
2,29,Fame,source,LureEconomy.OnHeroEscaped,775
2,29,DP,stock,end,16390
2,29,Material,stock,end,2293
2,29,Fame,stock,end,15367
2,30,DP,source,SurfaceMap.CollectYields,158
2,30,Material,source,SurfaceMap.CollectYields,8
2,30,Fame,source,SurfaceMap.CollectYields,33
2,30,DP,source,DistrictCatalog.Collect,28
2,30,DP,source,EraSystem.TickTurn,3840
2,30,Material,source,EraSystem.TickTurn,74
2,30,DP,sink,MinionRoster.TryForge,-18660
2,30,DP,sink,MinionRoster.TryEvolveIndividual,-350
2,30,Material,sink,MinionRoster.TryForge,-140
2,30,DP,sink,DungeonFeatureManager.TryPlaceTrap,-1200
2,30,DP,sink,MinionRoster.TrySummon,-206
2,30,DP,source,AdventurerAI.ReapEmotion,189
2,30,DP,source,AdventurerAI.TakeDamage,15812
2,30,Material,source,AdventurerAI.TakeDamage,304
2,30,DP,sink,CommandSystem.TryUse,-6050
2,30,DP,source,AdventurerAI.GrantReturnReward,10943
2,30,Fame,source,AdventurerAI.GrantReturnReward,300
2,30,Fame,source,LureEconomy.OnHeroEscaped,750
2,30,DP,stock,end,20894
2,30,Material,stock,end,2539
2,30,Fame,stock,end,16450
2,31,DP,source,SurfaceMap.CollectYields,181
2,31,Material,source,SurfaceMap.CollectYields,9
2,31,Fame,source,SurfaceMap.CollectYields,38
2,31,DP,source,DistrictCatalog.Collect,28
2,31,DP,source,EraSystem.TickTurn,6528
2,31,Fame,source,EraSystem.TickTurn,272
2,31,DP,sink,MinionRoster.TryForge,-25800
2,31,DP,sink,MinionRoster.TryEvolveIndividual,-325
2,31,Material,sink,MinionRoster.TryForge,-184
2,31,DP,sink,DungeonFeatureManager.TryPlaceTrap,-1350
2,31,DP,sink,MinionRoster.TrySummon,-138
2,31,DP,source,AdventurerAI.ReapEmotion,370
2,31,DP,source,AdventurerAI.TakeDamage,9070
2,31,Material,source,AdventurerAI.TakeDamage,99
2,31,DP,sink,CommandSystem.TryUse,-6100
2,31,Fame,source,AdventurerAI.GrantReturnReward,420
2,31,Fame,source,LureEconomy.OnHeroEscaped,1050
2,31,DP,source,AdventurerAI.GrantReturnReward,16849
2,31,DP,stock,end,20207
2,31,Material,stock,end,2463
2,31,Fame,stock,end,18230
2,32,DP,source,SurfaceMap.CollectYields,158
2,32,Material,source,SurfaceMap.CollectYields,8
2,32,Fame,source,SurfaceMap.CollectYields,33
2,32,DP,source,DistrictCatalog.Collect,28
2,32,DP,source,EraSystem.TickTurn,1920
2,32,DP,sink,MinionRoster.TryForge,-19620
2,32,DP,sink,MinionRoster.TryEvolveIndividual,-925
2,32,Material,sink,MinionRoster.TryForge,-148
2,32,DP,sink,DungeonFeatureManager.TryPlaceTrap,-1500
2,32,DP,sink,MinionRoster.TrySummon,-252
2,32,DP,source,AdventurerAI.ReapEmotion,238
2,32,DP,source,AdventurerAI.GrantReturnReward,12167
2,32,Fame,source,AdventurerAI.GrantReturnReward,330
2,32,Fame,source,LureEconomy.OnHeroEscaped,825
2,32,DP,sink,CommandSystem.TryUse,-5350
2,32,DP,source,AdventurerAI.TakeDamage,22802
2,32,Material,source,AdventurerAI.TakeDamage,45719
2,32,DP,source,Nemesis.OnSlain,4278
2,32,Material,source,Nemesis.OnSlain,17
2,32,DP,stock,end,34151
2,32,Material,stock,end,48059
2,32,Fame,stock,end,19418
2,33,DP,source,SurfaceMap.CollectYields,183
2,33,Material,source,SurfaceMap.CollectYields,9
2,33,Fame,source,SurfaceMap.CollectYields,38
2,33,DP,source,DistrictCatalog.Collect,28
2,33,DP,sink,MinionRoster.TryForge,-528
2,33,DP,sink,DungeonFloorManager.TryAddFloor,-31250
2,33,DP,sink,DungeonFloorManager.TryExpandFloor,-1200
2,33,DP,sink,MinionRoster.TryEvolveIndividual,-750
2,33,DP,sink,DungeonFeatureManager.TryPlaceTrap,-450
2,33,DP,sink,MinionRoster.TrySummon,-150
2,33,DP,source,AdventurerAI.ReapEmotion,186
2,33,DP,source,AdventurerAI.TakeDamage,11727
2,33,Material,source,AdventurerAI.TakeDamage,1361
2,33,DP,sink,CommandSystem.TryUse,-5350
2,33,Fame,source,AdventurerAI.GrantReturnReward,760
2,33,Fame,source,LureEconomy.OnHeroEscaped,1900
2,33,DP,source,AdventurerAI.GrantReturnReward,17253
2,33,DP,source,Nemesis.OnSlain,8556
2,33,Material,source,Nemesis.OnSlain,34
2,33,DP,stock,end,32406
2,33,Material,stock,end,49463
2,33,Fame,stock,end,22116
2,34,DP,source,SurfaceMap.CollectYields,183
2,34,Material,source,SurfaceMap.CollectYields,9
2,34,Fame,source,SurfaceMap.CollectYields,38
2,34,DP,source,DistrictCatalog.Collect,28
2,34,DP,sink,MinionRoster.TryForge,-30192
2,34,DP,sink,MinionRoster.TryEvolveIndividual,-225
2,34,Material,sink,MinionRoster.TryForge,-290
2,34,DP,sink,DungeonFeatureManager.TryPlaceTrap,-1950
2,34,DP,sink,MinionRoster.TrySummon,-225
2,34,DP,source,AdventurerAI.ReapEmotion,530
2,34,DP,sink,CommandSystem.TryUse,-4900
2,34,DP,source,AdventurerAI.TakeDamage,14019
2,34,Material,source,AdventurerAI.TakeDamage,17586
2,34,DP,source,AdventurerAI.GrantReturnReward,5417
2,34,Fame,source,AdventurerAI.GrantReturnReward,390
2,34,Fame,source,LureEconomy.OnHeroEscaped,975
2,34,DP,source,Nemesis.OnSlain,9398
2,34,Material,source,Nemesis.OnSlain,40
2,34,DP,stock,end,24489
2,34,Material,stock,end,66808
2,34,Fame,stock,end,23519
2,35,DP,source,SurfaceMap.CollectYields,161
2,35,Material,source,SurfaceMap.CollectYields,8
2,35,Fame,source,SurfaceMap.CollectYields,34
2,35,DP,source,DistrictCatalog.Collect,28
2,35,DP,sink,MinionRoster.TryForge,-19860
2,35,DP,sink,DungeonFloorManager.TryExpandFloor,-1500
2,35,DP,sink,MinionRoster.TryEvolveIndividual,-725
2,35,Material,sink,MinionRoster.TryForge,-200
2,35,DP,sink,DungeonFeatureManager.TryPlaceTrap,-2400
2,35,DP,sink,MinionRoster.TrySummon,-188
2,35,DP,source,AdventurerAI.ReapEmotion,165
2,35,DP,source,AdventurerAI.TakeDamage,31294
2,35,Material,source,AdventurerAI.TakeDamage,681
2,35,DP,sink,CommandSystem.TryUse,-4900
2,35,DP,source,AdventurerAI.GrantReturnReward,10816
2,35,Fame,source,AdventurerAI.GrantReturnReward,300
2,35,Fame,source,LureEconomy.OnHeroEscaped,750
2,35,DP,source,Nemesis.OnSlain,1718
2,35,Material,source,Nemesis.OnSlain,12
2,35,DP,stock,end,39098
2,35,Material,stock,end,67309
2,35,Fame,stock,end,24603
2,36,DP,source,SurfaceMap.CollectYields,161
2,36,Material,source,SurfaceMap.CollectYields,8
2,36,Fame,source,SurfaceMap.CollectYields,34
2,36,DP,source,DistrictCatalog.Collect,28
2,36,DP,sink,MinionRoster.TryForge,-37020
2,36,DP,sink,MinionRoster.TryEvolveIndividual,-250
2,36,Material,sink,MinionRoster.TryForge,-398
2,36,DP,sink,DungeonFeatureManager.TryPlaceTrap,-1800
2,36,DP,sink,MinionRoster.TrySummon,-188
2,36,DP,source,AdventurerAI.ReapEmotion,401
2,36,DP,sink,CommandSystem.TryUse,-4100
2,36,DP,source,AdventurerAI.TakeDamage,34819
2,36,Material,source,AdventurerAI.TakeDamage,734
2,36,DP,source,AdventurerAI.GrantReturnReward,16823
2,36,Fame,source,AdventurerAI.GrantReturnReward,250
2,36,Fame,source,LureEconomy.OnHeroEscaped,625
2,36,DP,source,Nemesis.OnSlain,1750
2,36,Material,source,Nemesis.OnSlain,12
2,36,DP,stock,end,49722
2,36,Material,stock,end,67665
2,36,Fame,stock,end,25512
2,37,DP,source,SurfaceMap.CollectYields,184
2,37,Material,source,SurfaceMap.CollectYields,9
2,37,Fame,source,SurfaceMap.CollectYields,39
2,37,DP,source,DistrictCatalog.Collect,28
2,37,DP,sink,MinionRoster.TryForge,-44820
2,37,DP,sink,DungeonFloorManager.TryExpandFloor,-2500
2,37,DP,sink,MinionRoster.TryEvolveIndividual,-650
2,37,Material,sink,MinionRoster.TryForge,-488
2,37,DP,sink,DungeonFeatureManager.TryPlaceTrap,-1800
2,37,DP,sink,MinionRoster.TrySummon,-156
2,37,DP,source,AdventurerAI.ReapEmotion,424
2,37,DP,source,AdventurerAI.TakeDamage,35675
2,37,Material,source,AdventurerAI.TakeDamage,584
2,37,DP,sink,CommandSystem.TryUse,-4450
2,37,DP,source,AdventurerAI.GrantReturnReward,12180
2,37,Fame,source,AdventurerAI.GrantReturnReward,260
2,37,Fame,source,LureEconomy.OnHeroEscaped,650
2,37,DP,source,Nemesis.OnSlain,1782
2,37,Material,source,Nemesis.OnSlain,12
2,37,DP,stock,end,45619
2,37,Material,stock,end,67782
2,37,Fame,stock,end,26461
2,38,DP,source,SurfaceMap.CollectYields,184
2,38,Material,source,SurfaceMap.CollectYields,9
2,38,Fame,source,SurfaceMap.CollectYields,39
2,38,DP,source,DistrictCatalog.Collect,28
2,38,DP,sink,MinionRoster.TryForge,-41220
2,38,DP,sink,MinionRoster.TryEvolveIndividual,-625
2,38,Material,sink,MinionRoster.TryForge,-468
2,38,DP,sink,DungeonFeatureManager.TryPlaceTrap,-3600
2,38,DP,sink,MinionRoster.TrySummon,-375
2,38,DP,source,AdventurerAI.ReapEmotion,712
2,38,DP,source,AdventurerAI.TakeDamage,31499
2,38,Material,source,AdventurerAI.TakeDamage,433
2,38,DP,sink,CommandSystem.TryUse,-4100
2,38,DP,source,AdventurerAI.GrantReturnReward,9316
2,38,Fame,source,AdventurerAI.GrantReturnReward,150
2,38,Fame,source,LureEconomy.OnHeroEscaped,375
2,38,DP,source,Nemesis.OnSlain,1782
2,38,Material,source,Nemesis.OnSlain,12
2,38,DP,stock,end,39220
2,38,Material,stock,end,67768
2,38,Fame,stock,end,27025
2,39,DP,source,SurfaceMap.CollectYields,184
2,39,Material,source,SurfaceMap.CollectYields,9
2,39,Fame,source,SurfaceMap.CollectYields,39
2,39,DP,source,DistrictCatalog.Collect,28
2,39,DP,sink,MinionRoster.TryForge,-36180
2,39,DP,sink,MinionRoster.TryEvolveIndividual,-750
2,39,Material,sink,MinionRoster.TryForge,-440
2,39,DP,sink,DungeonFeatureManager.TryPlaceTrap,-2250
2,39,DP,sink,MinionRoster.TrySummon,-243
2,39,DP,source,AdventurerAI.ReapEmotion,612
2,39,DP,source,AdventurerAI.TakeDamage,24311
2,39,Material,source,AdventurerAI.TakeDamage,2151
2,39,DP,sink,CommandSystem.TryUse,-4450
2,39,DP,source,AdventurerAI.GrantReturnReward,16873
2,39,Fame,source,AdventurerAI.GrantReturnReward,280
2,39,Fame,source,LureEconomy.OnHeroEscaped,700
2,39,DP,source,Nemesis.OnSlain,6092
2,39,Material,source,Nemesis.OnSlain,29
2,39,DP,stock,end,43447
2,39,Material,stock,end,69517
2,39,Fame,stock,end,28044
2,40,DP,source,SurfaceMap.CollectYields,184
2,40,Material,source,SurfaceMap.CollectYields,9
2,40,Fame,source,SurfaceMap.CollectYields,39
2,40,DP,source,DistrictCatalog.Collect,28
2,40,DP,sink,MinionRoster.TryForge,-40980
2,40,DP,sink,MinionRoster.TryEvolveIndividual,-350
2,40,Material,sink,MinionRoster.TryForge,-504
2,40,DP,sink,DungeonFeatureManager.TryPlaceTrap,-2100
2,40,DP,sink,MinionRoster.TrySummon,-202
2,40,DP,source,AdventurerAI.ReapEmotion,180
2,40,DP,source,AdventurerAI.TakeDamage,31878
2,40,Material,source,AdventurerAI.TakeDamage,365
2,40,DP,sink,CommandSystem.TryUse,-4100
2,40,DP,source,AdventurerAI.GrantReturnReward,22312
2,40,Fame,source,AdventurerAI.GrantReturnReward,300
2,40,Fame,source,LureEconomy.OnHeroEscaped,750
2,40,DP,source,Nemesis.OnSlain,2620
2,40,Material,source,Nemesis.OnSlain,16
2,40,DP,stock,end,52917
2,40,Material,stock,end,69403
2,40,Fame,stock,end,29133
2,41,DP,source,SurfaceMap.CollectYields,226
2,41,Material,source,SurfaceMap.CollectYields,12
2,41,Fame,source,SurfaceMap.CollectYields,38
2,41,DP,source,DistrictCatalog.Collect,28
2,41,DP,source,EraSystem.TickTurn,1920
2,41,DP,sink,MinionRoster.TryForge,-50580
2,41,DP,sink,MinionRoster.TryEvolveIndividual,-250
2,41,Material,sink,MinionRoster.TryForge,-632
2,41,DP,sink,DungeonFeatureManager.TryPlaceTrap,-300
2,41,DP,sink,MinionRoster.TrySummon,-3951
2,41,DP,source,AdventurerAI.ReapEmotion,122
2,41,DP,source,AdventurerAI.TakeDamage,14683
2,41,Material,source,AdventurerAI.TakeDamage,321
2,41,DP,sink,CommandSystem.TryUse,-4450
2,41,DP,source,AdventurerAI.GrantReturnReward,6071
2,41,Fame,source,AdventurerAI.GrantReturnReward,140
2,41,Fame,source,LureEconomy.OnHeroEscaped,350
2,41,DP,source,Nemesis.OnSlain,2820
2,41,Material,source,Nemesis.OnSlain,18
2,41,DP,stock,end,19256
2,41,Material,stock,end,69122
2,41,Fame,stock,end,29661
2,42,DP,source,SurfaceMap.CollectYields,226
2,42,Material,source,SurfaceMap.CollectYields,12
2,42,Fame,source,SurfaceMap.CollectYields,38
2,42,DP,source,DistrictCatalog.Collect,28
2,42,DP,sink,MinionRoster.TryForge,-13620
2,42,DP,sink,MinionRoster.TryEvolveIndividual,-1000
2,42,Material,sink,MinionRoster.TryForge,-36
2,42,DP,sink,MinionRoster.TrySummon,-4858
2,42,DP,source,AdventurerAI.ReapEmotion,889
2,42,DP,source,AdventurerAI.TakeDamage,31101
2,42,Material,source,AdventurerAI.TakeDamage,338
2,42,DP,sink,CommandSystem.TryUse,-4450
2,42,DP,source,AdventurerAI.GrantReturnReward,9033
2,42,Fame,source,AdventurerAI.GrantReturnReward,210
2,42,Fame,source,LureEconomy.OnHeroEscaped,525
2,42,DP,source,Nemesis.OnSlain,3258
2,42,Material,source,Nemesis.OnSlain,20
2,42,DP,stock,end,39863
2,42,Material,stock,end,69456
2,42,Fame,stock,end,30434
2,43,DP,source,SurfaceMap.CollectYields,258
2,43,Material,source,SurfaceMap.CollectYields,12
2,43,Fame,source,SurfaceMap.CollectYields,46
2,43,DP,source,DistrictCatalog.Collect,28
2,43,DP,sink,MinionRoster.TryForge,-18960
2,43,DP,sink,MinionRoster.TryEvolveIndividual,-350
2,43,Material,sink,MinionRoster.TryForge,-96
2,43,DP,sink,MinionRoster.TrySummon,-20817
2,43,DP,source,AdventurerAI.ReapEmotion,680
2,43,DP,source,AdventurerAI.TakeDamage,30325
2,43,Material,source,AdventurerAI.TakeDamage,604
2,43,DP,sink,CommandSystem.TryUse,-4450
2,43,DP,source,AdventurerAI.GrantReturnReward,7511
2,43,Fame,source,AdventurerAI.GrantReturnReward,220
2,43,Fame,source,LureEconomy.OnHeroEscaped,550
2,43,DP,source,Nemesis.OnSlain,1912
2,43,Material,source,Nemesis.OnSlain,12
2,43,DP,stock,end,36000
2,43,Material,stock,end,69988
2,43,Fame,stock,end,31250
2,44,DP,source,SurfaceMap.CollectYields,258
2,44,Material,source,SurfaceMap.CollectYields,12
2,44,Fame,source,SurfaceMap.CollectYields,46
2,44,DP,source,DistrictCatalog.Collect,28
2,44,DP,sink,MinionRoster.TryForge,-6768
2,44,DP,sink,MinionRoster.TrySummon,-29512
2,44,DP,source,AdventurerAI.ReapEmotion,268
2,44,DP,source,AdventurerAI.TakeDamage,48691
2,44,Material,source,AdventurerAI.TakeDamage,287
2,44,DP,sink,CommandSystem.TryUse,-4550
2,44,DP,source,AdventurerAI.GrantReturnReward,16025
2,44,Fame,source,AdventurerAI.GrantReturnReward,200
2,44,Fame,source,LureEconomy.OnHeroEscaped,500
2,44,DP,source,Nemesis.OnSlain,2916
2,44,Material,source,Nemesis.OnSlain,18
2,44,DP,stock,end,63356
2,44,Material,stock,end,70305
2,44,Fame,stock,end,31996
2,45,DP,source,SurfaceMap.CollectYields,265
2,45,Material,source,SurfaceMap.CollectYields,12
2,45,Fame,source,SurfaceMap.CollectYields,47
2,45,DP,source,DistrictCatalog.Collect,28
2,45,DP,sink,MinionRoster.TryForge,-25812
2,45,Material,sink,MinionRoster.TryForge,-132
2,45,DP,sink,MinionRoster.TrySummon,-37793
2,45,DP,source,AdventurerAI.ReapEmotion,273
2,45,DP,source,AdventurerAI.TakeDamage,42628
2,45,Material,source,AdventurerAI.TakeDamage,726
2,45,DP,sink,CommandSystem.TryUse,-4450
2,45,DP,source,AdventurerAI.GrantReturnReward,23916
2,45,Fame,source,AdventurerAI.GrantReturnReward,470
2,45,Fame,source,LureEconomy.OnHeroEscaped,1175
2,45,DP,source,Nemesis.OnSlain,2008
2,45,Material,source,Nemesis.OnSlain,12
2,45,DP,stock,end,64419
2,45,Material,stock,end,70923
2,45,Fame,stock,end,33688
2,46,DP,source,SurfaceMap.CollectYields,232
2,46,Material,source,SurfaceMap.CollectYields,10
2,46,Fame,source,SurfaceMap.CollectYields,41
2,46,DP,source,DistrictCatalog.Collect,28
2,46,DP,source,FetterSystem.OnEraChanged,1800
2,46,DP,sink,MinionRoster.TryForge,-6720
2,46,Material,sink,MinionRoster.TryForge,-56
2,46,DP,sink,MinionEvolution.TryEvolve,-9050
2,46,DP,sink,MinionRoster.TryEvolveIndividual,-49600
2,46,DP,sink,MinionRoster.TrySummon,-1087
2,46,DP,source,AdventurerAI.ReapEmotion,146
2,46,DP,source,AdventurerAI.TakeDamage,45410
2,46,Material,source,AdventurerAI.TakeDamage,391
2,46,DP,sink,CommandSystem.TryUse,-4450
2,46,DP,source,AdventurerAI.GrantReturnReward,3052
2,46,Fame,source,AdventurerAI.GrantReturnReward,80
2,46,Fame,source,LureEconomy.OnHeroEscaped,200
2,46,DP,source,Nemesis.OnSlain,2008
2,46,Material,source,Nemesis.OnSlain,12
2,46,DP,stock,end,46188
2,46,Material,stock,end,71280
2,46,Fame,stock,end,34009
2,47,DP,source,SurfaceMap.CollectYields,204
2,47,Material,source,SurfaceMap.CollectYields,10
2,47,Fame,source,SurfaceMap.CollectYields,34
2,47,DP,source,DistrictCatalog.Collect,28
2,47,DP,source,EraSystem.TickTurn,9720
2,47,DP,sink,MinionRoster.TryForge,-54720
2,47,Material,sink,MinionRoster.TryForge,-616
2,47,DP,sink,MinionRoster.TrySummon,-1384
2,47,DP,source,AdventurerAI.ReapEmotion,364
2,47,DP,source,AdventurerAI.TakeDamage,33543
2,47,Material,source,AdventurerAI.TakeDamage,365
2,47,DP,sink,CommandSystem.TryUse,-4450
2,47,DP,source,AdventurerAI.GrantReturnReward,5622
2,47,Fame,source,AdventurerAI.GrantReturnReward,190
2,47,Fame,source,LureEconomy.OnHeroEscaped,475
2,47,DP,source,Nemesis.OnSlain,3727
2,47,Material,source,Nemesis.OnSlain,16
2,47,DP,stock,end,38842
2,47,Material,stock,end,71055
2,47,Fame,stock,end,34708
2,48,DP,source,SurfaceMap.CollectYields,174
2,48,Material,source,SurfaceMap.CollectYields,9
2,48,Fame,source,SurfaceMap.CollectYields,29
2,48,DP,source,DistrictCatalog.Collect,28
2,48,DP,source,EraSystem.TickTurn,9720
2,48,DP,sink,MinionRoster.TryForge,-3120
2,48,Material,sink,MinionRoster.TryForge,-36
2,48,DP,sink,MinionEvolution.TryEvolve,-14200
2,48,DP,sink,MinionRoster.TryEvolveIndividual,-30700
2,48,DP,sink,MinionRoster.TrySummon,-720
2,48,DP,source,AdventurerAI.ReapEmotion,421
2,48,DP,sink,CommandSystem.TryUse,-4100
2,48,DP,source,AdventurerAI.TakeDamage,61817
2,48,Material,source,AdventurerAI.TakeDamage,339
2,48,DP,source,AdventurerAI.GrantReturnReward,10468
2,48,Fame,source,AdventurerAI.GrantReturnReward,160
2,48,Fame,source,LureEconomy.OnHeroEscaped,400
2,48,DP,source,Nemesis.OnSlain,1387
2,48,Material,source,Nemesis.OnSlain,8
2,48,DP,stock,end,70017
2,48,Material,stock,end,71375
2,48,Fame,stock,end,35297
2,49,DP,source,SurfaceMap.CollectYields,201
2,49,Material,source,SurfaceMap.CollectYields,10
2,49,Fame,source,SurfaceMap.CollectYields,34
2,49,DP,source,DistrictCatalog.Collect,28
2,49,DP,source,EraSystem.TickTurn,9720
2,49,DP,sink,MinionRoster.TryForge,-3120
2,49,Material,sink,MinionRoster.TryForge,-36
2,49,DP,sink,MinionEvolution.TryEvolve,-19050
2,49,DP,sink,MinionRoster.TryEvolveIndividual,-56700
2,49,DP,sink,MinionRoster.TrySummon,-1054
2,49,DP,source,AdventurerAI.ReapEmotion,503
2,49,DP,source,AdventurerAI.TakeDamage,56375
2,49,Material,source,AdventurerAI.TakeDamage,492
2,49,DP,sink,CommandSystem.TryUse,-4450
2,49,DP,source,AdventurerAI.GrantReturnReward,6714
2,49,Fame,source,AdventurerAI.GrantReturnReward,180
2,49,Fame,source,LureEconomy.OnHeroEscaped,450
2,49,DP,source,Nemesis.OnSlain,3971
2,49,Material,source,Nemesis.OnSlain,20
2,49,DP,stock,end,63155
2,49,Material,stock,end,71861
2,49,Fame,stock,end,35961
2,50,DP,source,SurfaceMap.CollectYields,201
2,50,Material,source,SurfaceMap.CollectYields,10
2,50,Fame,source,SurfaceMap.CollectYields,34
2,50,DP,source,DistrictCatalog.Collect,28
2,50,DP,source,EraSystem.TickTurn,9720
2,50,DP,sink,MinionRoster.TryForge,-19200
2,50,Material,sink,MinionRoster.TryForge,-256
2,50,DP,sink,MinionRoster.TryEvolveIndividual,-51350
2,50,DP,sink,MinionRoster.TrySummon,-2512
2,50,DP,source,AdventurerAI.ReapEmotion,328
2,50,DP,source,AdventurerAI.TakeDamage,44137
2,50,Material,source,AdventurerAI.TakeDamage,440
2,50,DP,sink,CommandSystem.TryUse,-4450
2,50,DP,source,AdventurerAI.GrantReturnReward,4804
2,50,Fame,source,AdventurerAI.GrantReturnReward,230
2,50,Fame,source,LureEconomy.OnHeroEscaped,575
2,50,DP,source,Nemesis.OnSlain,3869
2,50,Material,source,Nemesis.OnSlain,22
2,50,DP,stock,end,48730
2,50,Material,stock,end,72077
2,50,Fame,stock,end,36800
2,51,DP,source,SurfaceMap.CollectYields,232
2,51,Material,source,SurfaceMap.CollectYields,12
2,51,Fame,source,SurfaceMap.CollectYields,39
2,51,DP,source,DistrictCatalog.Collect,28
2,51,Material,source,DistrictCatalog.Collect,8
2,51,DP,source,EraSystem.TickTurn,16524
2,51,Material,source,EraSystem.TickTurn,62
2,51,DP,sink,MinionRoster.TryForge,-21600
2,51,Material,sink,MinionRoster.TryForge,-288
2,51,DP,sink,MinionRoster.TryEvolveIndividual,-40600
2,51,DP,sink,MinionRoster.TrySummon,-3305
2,51,DP,source,AdventurerAI.ReapEmotion,565
2,51,DP,source,AdventurerAI.TakeDamage,101898
2,51,Material,source,AdventurerAI.TakeDamage,1413
2,51,DP,sink,CommandSystem.TryUse,-4900
2,51,DP,source,AdventurerAI.GrantReturnReward,7848
2,51,Fame,source,AdventurerAI.GrantReturnReward,340
2,51,Fame,source,LureEconomy.OnHeroEscaped,850
2,51,DP,source,Nemesis.OnSlain,1069
2,51,Material,source,Nemesis.OnSlain,6
2,51,DP,stock,end,106489
2,51,Material,stock,end,73290
2,51,Fame,stock,end,38029
2,52,DP,source,SurfaceMap.CollectYields,232
2,52,Material,source,SurfaceMap.CollectYields,12
2,52,Fame,source,SurfaceMap.CollectYields,39
2,52,DP,source,DistrictCatalog.Collect,28
2,52,Material,source,DistrictCatalog.Collect,8
2,52,DP,source,EraSystem.TickTurn,9720
2,52,Material,source,EraSystem.TickTurn,124
2,52,DP,sink,MinionRoster.TryForge,-31200
2,52,Material,sink,MinionRoster.TryForge,-416
2,52,DP,sink,DungeonFloorManager.TryAddFloor,-78125
2,52,DP,sink,DungeonFloorManager.TryExpandFloor,-5200
2,52,DP,sink,DungeonFeatureManager.TryPlaceTrap,-1650
2,52,DP,sink,MinionRoster.TrySummon,-279
2,52,DP,source,AdventurerAI.ReapEmotion,480
2,52,DP,sink,CommandSystem.TryUse,-4550
2,52,DP,source,AdventurerAI.TakeDamage,70332
2,52,Material,source,AdventurerAI.TakeDamage,720
2,52,DP,source,AdventurerAI.GrantReturnReward,15039
2,52,Fame,source,AdventurerAI.GrantReturnReward,250
2,52,Fame,source,LureEconomy.OnHeroEscaped,625
2,52,DP,source,Nemesis.OnSlain,2251
2,52,Material,source,Nemesis.OnSlain,12
2,52,DP,stock,end,83567
2,52,Material,stock,end,73750
2,52,Fame,stock,end,38943
2,53,DP,source,SurfaceMap.CollectYields,265
2,53,Material,source,SurfaceMap.CollectYields,12
2,53,Fame,source,SurfaceMap.CollectYields,47
2,53,DP,source,DistrictCatalog.Collect,28
2,53,Material,source,DistrictCatalog.Collect,9
2,53,DP,source,EraSystem.TickTurn,9720
2,53,Fame,source,EraSystem.TickTurn,135
2,53,DP,sink,MinionRoster.TryForge,-91200
2,53,Material,sink,MinionRoster.TryForge,-1216
2,53,DP,sink,DungeonFeatureManager.TryPlaceTrap,-2100
2,53,DP,sink,MinionRoster.TrySummon,-247
2,53,DP,source,AdventurerAI.ReapEmotion,149
2,53,DP,source,AdventurerAI.TakeDamage,68086
2,53,Material,source,AdventurerAI.TakeDamage,914
2,53,DP,sink,CommandSystem.TryUse,-3800
2,53,DP,source,AdventurerAI.GrantReturnReward,8361
2,53,Fame,source,AdventurerAI.GrantReturnReward,190
2,53,Fame,source,LureEconomy.OnHeroEscaped,475
2,53,DP,stock,end,72829
2,53,Material,stock,end,73469
2,53,Fame,stock,end,39790
2,54,DP,source,SurfaceMap.CollectYields,261
2,54,Material,source,SurfaceMap.CollectYields,12
2,54,Fame,source,SurfaceMap.CollectYields,46
2,54,DP,source,DistrictCatalog.Collect,28
2,54,Material,source,DistrictCatalog.Collect,9
2,54,DP,source,EraSystem.TickTurn,9720
2,54,DP,sink,MinionRoster.TryForge,-78240
2,54,Material,sink,MinionRoster.TryForge,-1108
2,54,DP,sink,DungeonFeatureManager.TryPlaceTrap,-1200
2,54,DP,sink,MinionRoster.TrySummon,-3361
2,54,DP,source,AdventurerAI.ReapEmotion,210
2,54,DP,source,AdventurerAI.GrantReturnReward,11822
2,54,Fame,source,AdventurerAI.GrantReturnReward,390
2,54,Fame,source,LureEconomy.OnHeroEscaped,975
2,54,DP,sink,CommandSystem.TryUse,-4250
2,54,DP,source,AdventurerAI.TakeDamage,118342
2,54,Material,source,AdventurerAI.TakeDamage,1344
2,54,DP,source,Nemesis.OnSlain,3162
2,54,Material,source,Nemesis.OnSlain,14
2,54,DP,stock,end,129323
2,54,Material,stock,end,73740
2,54,Fame,stock,end,41201
2,55,DP,source,SurfaceMap.CollectYields,194
2,55,Material,source,SurfaceMap.CollectYields,9
2,55,Fame,source,SurfaceMap.CollectYields,34
2,55,DP,source,DistrictCatalog.Collect,28
2,55,Material,source,DistrictCatalog.Collect,9
2,55,DP,source,EraSystem.TickTurn,11664
2,55,DP,sink,MinionRoster.TryForge,-120960
2,55,Material,sink,MinionRoster.TryForge,-1764
2,55,DP,sink,MinionRoster.TrySummon,-20210
2,55,DP,source,AdventurerAI.ReapEmotion,200
2,55,DP,source,AdventurerAI.TakeDamage,63646
2,55,Material,source,AdventurerAI.TakeDamage,1069
2,55,DP,sink,CommandSystem.TryUse,-4450
2,55,DP,source,AdventurerAI.GrantReturnReward,10768
2,55,Fame,source,AdventurerAI.GrantReturnReward,270
2,55,Fame,source,LureEconomy.OnHeroEscaped,675
2,55,DP,source,Nemesis.OnSlain,2829
2,55,Material,source,Nemesis.OnSlain,10
2,55,DP,stock,end,73032
2,55,Material,stock,end,73073
2,55,Fame,stock,end,42180
2,56,DP,source,SurfaceMap.CollectYields,194
2,56,Material,source,SurfaceMap.CollectYields,9
2,56,Fame,source,SurfaceMap.CollectYields,34
2,56,DP,source,DistrictCatalog.Collect,28
2,56,Material,source,DistrictCatalog.Collect,8
2,56,DP,sink,MinionRoster.TryForge,-69120
2,56,Material,sink,MinionRoster.TryForge,-1008
2,56,DP,sink,MinionRoster.TrySummon,-4086
2,56,DP,source,AdventurerAI.ReapEmotion,320
2,56,DP,sink,CommandSystem.TryUse,-3750
2,56,DP,source,AdventurerAI.TakeDamage,108953
2,56,Material,source,AdventurerAI.TakeDamage,1162
2,56,DP,source,AdventurerAI.GrantReturnReward,9693
2,56,Fame,source,AdventurerAI.GrantReturnReward,150
2,56,Fame,source,LureEconomy.OnHeroEscaped,375
2,56,DP,source,Nemesis.OnSlain,3839
2,56,Material,source,Nemesis.OnSlain,20
2,56,DP,stock,end,119103
2,56,Material,stock,end,73264
2,56,Fame,stock,end,42739
2,57,DP,source,SurfaceMap.CollectYields,169
2,57,Material,source,SurfaceMap.CollectYields,9
2,57,Fame,source,SurfaceMap.CollectYields,28
2,57,DP,source,DistrictCatalog.Collect,28
2,57,Material,source,DistrictCatalog.Collect,8
2,57,DP,sink,MinionRoster.TryForge,-115200
2,57,Material,sink,MinionRoster.TryForge,-1680
2,57,DP,sink,MinionRoster.TrySummon,-4057
2,57,DP,source,AdventurerAI.ReapEmotion,142
2,57,DP,source,AdventurerAI.TakeDamage,76829
2,57,Material,source,AdventurerAI.TakeDamage,1321
2,57,DP,sink,CommandSystem.TryUse,-3800
2,57,DP,source,AdventurerAI.GrantReturnReward,10470
2,57,Fame,source,AdventurerAI.GrantReturnReward,190
2,57,Fame,source,LureEconomy.OnHeroEscaped,475
2,57,DP,source,Nemesis.OnSlain,2017
2,57,Material,source,Nemesis.OnSlain,10
2,57,DP,stock,end,85701
2,57,Material,stock,end,72932
2,57,Fame,stock,end,43432
2,58,DP,source,SurfaceMap.CollectYields,229
2,58,Material,source,SurfaceMap.CollectYields,12
2,58,Fame,source,SurfaceMap.CollectYields,38
2,58,DP,source,DistrictCatalog.Collect,28
2,58,Material,source,DistrictCatalog.Collect,8
2,58,DP,sink,MinionRoster.TryForge,-79920
2,58,Material,sink,MinionRoster.TryForge,-1213
2,58,DP,sink,MinionRoster.TrySummon,-6003
2,58,DP,source,AdventurerAI.ReapEmotion,135
2,58,DP,source,AdventurerAI.TakeDamage,92128
2,58,Material,source,AdventurerAI.TakeDamage,1224
2,58,DP,sink,CommandSystem.TryUse,-3800
2,58,DP,source,AdventurerAI.GrantReturnReward,15953
2,58,Fame,source,AdventurerAI.GrantReturnReward,340
2,58,Fame,source,LureEconomy.OnHeroEscaped,850
2,58,DP,source,Nemesis.OnSlain,2346
2,58,Material,source,Nemesis.OnSlain,8
2,58,DP,stock,end,106797
2,58,Material,stock,end,72971
2,58,Fame,stock,end,44660
2,59,DP,source,SurfaceMap.CollectYields,201
2,59,Material,source,SurfaceMap.CollectYields,10
2,59,Fame,source,SurfaceMap.CollectYields,34
2,59,DP,source,DistrictCatalog.Collect,28
2,59,Material,source,DistrictCatalog.Collect,8
2,59,DP,sink,MinionRoster.TryForge,-100800
2,59,Material,sink,MinionRoster.TryForge,-1540
2,59,DP,sink,MinionRoster.TrySummon,-6206
2,59,DP,source,AdventurerAI.ReapEmotion,220
2,59,DP,source,AdventurerAI.GrantReturnReward,11047
2,59,Fame,source,AdventurerAI.GrantReturnReward,300
2,59,Fame,source,LureEconomy.OnHeroEscaped,750
2,59,DP,sink,CommandSystem.TryUse,-4550
2,59,DP,source,AdventurerAI.TakeDamage,79903
2,59,Material,source,AdventurerAI.TakeDamage,1097
2,59,DP,source,Nemesis.OnSlain,3498
2,59,Material,source,Nemesis.OnSlain,18
2,59,DP,stock,end,90138
2,59,Material,stock,end,72564
2,59,Fame,stock,end,45744
2,60,DP,source,SurfaceMap.CollectYields,201
2,60,Material,source,SurfaceMap.CollectYields,10
2,60,Fame,source,SurfaceMap.CollectYields,34
2,60,DP,source,DistrictCatalog.Collect,28
2,60,Material,source,DistrictCatalog.Collect,8
2,60,DP,sink,MinionRoster.TryForge,-86400
2,60,Material,sink,MinionRoster.TryForge,-1320
2,60,DP,sink,MinionRoster.TrySummon,-3946
2,60,DP,source,AdventurerAI.ReapEmotion,400
2,60,DP,sink,CommandSystem.TryUse,-3400
2,60,DP,source,AdventurerAI.TakeDamage,132481
2,60,Material,source,AdventurerAI.TakeDamage,1534
2,60,DP,source,Nemesis.OnSlain,7258
2,60,Material,source,Nemesis.OnSlain,31
2,60,DP,source,AdventurerAI.GrantReturnReward,6848
2,60,Fame,source,AdventurerAI.GrantReturnReward,150
2,60,Fame,source,LureEconomy.OnHeroEscaped,375
2,60,DP,stock,end,143608
2,60,Material,stock,end,72827
2,60,Fame,stock,end,46303
2,61,DP,source,SurfaceMap.CollectYields,201
2,61,Material,source,SurfaceMap.CollectYields,10
2,61,Fame,source,SurfaceMap.CollectYields,34
2,61,DP,source,DistrictCatalog.Collect,28
2,61,Material,source,DistrictCatalog.Collect,8
2,61,DP,sink,MinionRoster.TryForge,-140400
2,61,Material,sink,MinionRoster.TryForge,-2145
2,61,DP,sink,MinionRoster.TrySummon,-3421
2,61,DP,source,AdventurerAI.ReapEmotion,158
2,61,DP,source,AdventurerAI.TakeDamage,88851
2,61,Material,source,AdventurerAI.TakeDamage,990
2,61,DP,sink,CommandSystem.TryUse,-3800
2,61,DP,source,AdventurerAI.GrantReturnReward,11903
2,61,Fame,source,AdventurerAI.GrantReturnReward,350
2,61,Fame,source,LureEconomy.OnHeroEscaped,875
2,61,DP,source,Nemesis.OnSlain,3597
2,61,Material,source,Nemesis.OnSlain,18
2,61,DP,stock,end,100725
2,61,Material,stock,end,71708
2,61,Fame,stock,end,47562
2,62,DP,source,SurfaceMap.CollectYields,229
2,62,Material,source,SurfaceMap.CollectYields,12
2,62,Fame,source,SurfaceMap.CollectYields,38
2,62,DP,source,DistrictCatalog.Collect,28
2,62,Material,source,DistrictCatalog.Collect,8
2,62,DP,sink,MinionRoster.TryForge,-95040
2,62,Material,sink,MinionRoster.TryForge,-1480
2,62,DP,sink,MinionRoster.TrySummon,-5936
2,62,DP,source,AdventurerAI.ReapEmotion,232
2,62,DP,source,AdventurerAI.TakeDamage,44541
2,62,Material,source,AdventurerAI.TakeDamage,391
2,62,DP,sink,CommandSystem.TryUse,-4100
2,62,DP,source,AdventurerAI.GrantReturnReward,3750
2,62,Fame,source,AdventurerAI.GrantReturnReward,100
2,62,Fame,source,LureEconomy.OnHeroEscaped,250
2,62,DP,source,Nemesis.OnSlain,4099
2,62,Material,source,Nemesis.OnSlain,18
2,62,DP,stock,end,48528
2,62,Material,stock,end,70657
2,62,Fame,stock,end,47950
2,63,DP,source,SurfaceMap.CollectYields,229
2,63,Material,source,SurfaceMap.CollectYields,12
2,63,Fame,source,SurfaceMap.CollectYields,38
2,63,DP,source,DistrictCatalog.Collect,28
2,63,Material,source,DistrictCatalog.Collect,8
2,63,DP,sink,MinionRoster.TryForge,-43200
2,63,Material,sink,MinionRoster.TryForge,-700
2,63,DP,sink,MinionRoster.TrySummon,-5564
2,63,DP,source,AdventurerAI.ReapEmotion,271
2,63,DP,source,AdventurerAI.TakeDamage,92337
2,63,Material,source,AdventurerAI.TakeDamage,1208
2,63,DP,sink,CommandSystem.TryUse,-4100
2,63,DP,source,AdventurerAI.GrantReturnReward,11460
2,63,Fame,source,AdventurerAI.GrantReturnReward,200
2,63,Fame,source,LureEconomy.OnHeroEscaped,500
2,63,DP,source,Nemesis.OnSlain,2430
2,63,Material,source,Nemesis.OnSlain,12
2,63,DP,stock,end,102419
2,63,Material,stock,end,71197
2,63,Fame,stock,end,48688
2,64,DP,source,SurfaceMap.CollectYields,229
2,64,Material,source,SurfaceMap.CollectYields,12
2,64,Fame,source,SurfaceMap.CollectYields,38
2,64,DP,source,DistrictCatalog.Collect,28
2,64,Material,source,DistrictCatalog.Collect,9
2,64,DP,sink,MinionRoster.TryForge,-99360
2,64,Material,sink,MinionRoster.TryForge,-1610
2,64,DP,sink,MinionRoster.TrySummon,-3306
2,64,DP,source,AdventurerAI.ReapEmotion,349
2,64,DP,sink,CommandSystem.TryUse,-3750
2,64,DP,source,AdventurerAI.TakeDamage,132833
2,64,Material,source,AdventurerAI.TakeDamage,1080
2,64,DP,source,Nemesis.OnSlain,2462
2,64,Material,source,Nemesis.OnSlain,12
2,64,DP,source,AdventurerAI.GrantReturnReward,8392
2,64,Fame,source,AdventurerAI.GrantReturnReward,120
2,64,Fame,source,LureEconomy.OnHeroEscaped,300
2,64,DP,stock,end,140296
2,64,Material,stock,end,70700
2,64,Fame,stock,end,49146
2,65,DP,source,SurfaceMap.CollectYields,261
2,65,Material,source,SurfaceMap.CollectYields,12
2,65,Fame,source,SurfaceMap.CollectYields,46
2,65,DP,source,DistrictCatalog.Collect,28
2,65,Material,source,DistrictCatalog.Collect,9
2,65,DP,sink,MinionRoster.TryForge,-133920
2,65,Material,sink,MinionRoster.TryForge,-2170
2,65,DP,sink,MinionRoster.TrySummon,-6621
2,65,DP,source,AdventurerAI.ReapEmotion,176
2,65,DP,source,AdventurerAI.GrantReturnReward,16197
2,65,Fame,source,AdventurerAI.GrantReturnReward,330
2,65,Fame,source,LureEconomy.OnHeroEscaped,825
2,65,DP,sink,CommandSystem.TryUse,-3800
2,65,DP,source,AdventurerAI.TakeDamage,93237
2,65,Material,source,AdventurerAI.TakeDamage,1337
2,65,DP,source,Nemesis.OnSlain,1652
2,65,Material,source,Nemesis.OnSlain,8
2,65,DP,stock,end,107506
2,65,Material,stock,end,69896
2,65,Fame,stock,end,50347
2,66,DP,source,SurfaceMap.CollectYields,261
2,66,Material,source,SurfaceMap.CollectYields,12
2,66,Fame,source,SurfaceMap.CollectYields,46
2,66,DP,source,DistrictCatalog.Collect,28
2,66,Material,source,DistrictCatalog.Collect,9
2,66,DP,sink,MinionRoster.TryForge,-103680
2,66,Material,sink,MinionRoster.TryForge,-1680
2,66,DP,sink,MinionRoster.TrySummon,-4075
2,66,DP,source,AdventurerAI.ReapEmotion,164
2,66,DP,source,AdventurerAI.TakeDamage,155520
2,66,Material,source,AdventurerAI.TakeDamage,1730
2,66,DP,sink,CommandSystem.TryUse,-4550
2,66,DP,source,AdventurerAI.GrantReturnReward,13297
2,66,Fame,source,AdventurerAI.GrantReturnReward,380
2,66,Fame,source,LureEconomy.OnHeroEscaped,950
2,66,DP,source,Nemesis.OnSlain,4265
2,66,Material,source,Nemesis.OnSlain,20
2,66,DP,stock,end,168736
2,66,Material,stock,end,69987
2,66,Fame,stock,end,51723
2,67,DP,source,SurfaceMap.CollectYields,261
2,67,Material,source,SurfaceMap.CollectYields,12
2,67,Fame,source,SurfaceMap.CollectYields,46
2,67,DP,source,DistrictCatalog.Collect,28
2,67,Material,source,DistrictCatalog.Collect,9
2,67,DP,sink,MinionRoster.TryForge,-162960
2,67,Material,sink,MinionRoster.TryForge,-2670
2,67,DP,sink,MinionRoster.TrySummon,-6034
2,67,DP,source,AdventurerAI.ReapEmotion,205
2,67,DP,source,AdventurerAI.GrantReturnReward,7089
2,67,Fame,source,AdventurerAI.GrantReturnReward,250
2,67,Fame,source,LureEconomy.OnHeroEscaped,625
2,67,DP,sink,CommandSystem.TryUse,-3800
2,67,DP,source,AdventurerAI.TakeDamage,80877
2,67,Material,source,AdventurerAI.TakeDamage,737
2,67,DP,source,Nemesis.OnSlain,3021
2,67,Material,source,Nemesis.OnSlain,14
2,67,DP,stock,end,87423
2,67,Material,stock,end,68089
2,67,Fame,stock,end,52644
