run,turn,deepest,floors,lord_floor,outcome,why,level,rank,conquer,job,need_next,hit_lord
1,1,0,1,0,escaped,satisfied,2,2,0,Cleric,2,0
1,1,0,1,0,killed,,2,0,1,Cleric,3,1
1,1,0,1,0,killed,,2,2,1,Warrior,3,1
1,1,0,1,0,escaped,satisfied,2,0,0,Thief,3,0
1,1,0,1,0,killed,,1,1,0,Mage,4,0
1,2,0,1,0,escaped,hp,6,1,0,Cleric,5,0
1,2,0,1,0,killed,,7,3,1,Warrior,6,1
1,2,0,1,0,killed,,5,2,1,Thief,6,1
1,2,0,1,0,escaped,satisfied,6,2,0,Thief,6,0
1,2,0,1,0,escaped,satisfied,7,2,0,Cleric,7,0
1,3,0,1,0,killed,,8,1,0,Mage,8,0
1,3,0,1,0,killed,,9,2,1,Cleric,8,0
1,3,0,1,0,escaped,satisfied,8,2,0,Thief,8,0
1,3,0,1,0,killed,,11,3,1,Warrior,8,1
1,3,0,1,0,escaped,hp,9,1,0,Warrior,8,0
1,4,0,1,0,killed,,11,2,0,Mage,8,0
1,4,0,1,0,killed,,13,1,1,Cleric,8,1
1,4,0,1,0,killed,,8,2,0,Thief,8,0
1,4,0,1,0,killed,,7,3,0,Cleric,8,0
1,4,0,1,0,killed,,11,1,0,Warrior,8,0
1,4,0,1,0,killed,,10,1,1,Mage,8,1
1,5,0,1,0,escaped,hp,9,1,0,Thief,8,0
1,5,0,1,0,killed,,11,2,1,Thief,8,0
1,5,0,1,0,killed,,8,2,1,Mage,8,0
1,5,0,1,0,killed,,10,2,1,Mage,8,0
1,5,0,1,0,killed,,12,2,1,Cleric,8,0
1,5,0,1,0,escaped,satisfied,10,3,1,Warrior,8,0
1,5,0,1,0,killed,,9,2,0,Mage,8,0
1,5,0,1,0,killed,,12,3,0,Thief,8,0
1,5,0,1,0,killed,,8,3,0,Thief,8,0
1,5,0,1,0,killed,,12,3,0,Cleric,8,0
1,5,0,1,0,killed,,14,1,1,Warrior,8,0
1,6,0,1,0,killed,,12,1,1,Thief,9,0
1,6,0,1,0,killed,,9,2,0,Thief,9,0
1,6,0,1,0,killed,,13,3,1,Mage,9,0
1,6,0,1,0,killed,,11,3,1,Warrior,9,0
1,6,0,1,0,killed,,12,2,1,Mage,9,0
1,6,0,1,0,escaped,hp,8,3,0,Warrior,9,0
1,6,0,1,0,killed,,9,2,0,Mage,9,0
1,6,0,1,0,killed,,10,2,0,Thief,9,0
1,7,0,1,0,escaped,hp,14,1,0,Warrior,10,0
1,7,0,1,0,killed,,9,4,1,Thief,10,0
1,7,0,1,0,killed,,14,4,1,Warrior,10,0
1,7,0,1,0,killed,,10,3,1,Thief,10,0
1,7,0,1,0,escaped,satisfied,16,3,1,Warrior,10,0
1,7,0,1,0,killed,,9,2,0,Cleric,10,0
1,7,0,1,0,killed,,16,1,1,Thief,10,1
1,7,0,1,0,killed,,12,4,0,Thief,10,0
1,8,0,1,0,escaped,hp,12,3,0,Thief,10,0
1,8,0,1,0,killed,,11,2,1,Thief,10,0
1,8,0,1,0,killed,,15,4,1,Thief,10,0
1,8,0,1,0,killed,,15,2,0,Warrior,10,0
1,8,0,1,0,killed,,15,3,0,Warrior,10,0
1,8,0,1,0,killed,,12,2,1,Mage,10,0
1,8,0,1,0,killed,,13,2,0,Thief,10,0
1,8,0,1,0,killed,,12,3,0,Thief,10,0
1,8,0,1,0,killed,,13,3,1,Cleric,10,0
1,8,0,1,0,killed,,13,2,1,Thief,10,0
1,8,0,1,0,killed,,15,3,1,Warrior,10,0
1,8,0,1,0,killed,,15,3,0,Mage,10,0
1,8,0,1,0,killed,,10,3,0,Warrior,10,0
1,8,0,1,0,killed,,16,3,1,Warrior,10,0
1,9,0,1,0,killed,,15,3,1,Mage,11,0
1,9,0,1,0,killed,,15,2,1,Cleric,11,0
1,9,0,1,0,killed,,11,3,1,Mage,11,0
1,9,0,1,0,killed,,16,2,1,Cleric,11,0
1,9,0,1,0,killed,,15,2,1,Mage,11,0
1,9,0,1,0,killed,,15,2,0,Mage,11,0
1,9,0,1,0,killed,,17,1,1,Warrior,11,0
1,9,0,1,0,killed,,13,4,0,Warrior,11,0
1,9,0,1,0,killed,,22,4,1,Warrior,11,0
1,10,0,2,1,killed,,34,4,1,Warrior,12,0
1,10,0,2,1,killed,,16,2,1,Cleric,12,0
1,10,0,2,1,killed,,15,3,1,Thief,12,0
1,10,0,2,1,killed,,15,2,1,Mage,12,0
1,10,0,2,1,killed,,17,2,1,Mage,12,0
1,10,0,2,1,killed,,16,3,1,Cleric,12,0
1,10,0,2,1,killed,,15,3,1,Warrior,12,0
1,10,0,2,1,killed,,12,2,1,Thief,12,0
1,10,0,2,1,killed,,13,3,1,Warrior,12,0
1,10,1,2,1,killed,,17,2,1,Thief,15,0
1,10,1,2,1,killed,,18,3,1,Thief,15,0
1,10,1,2,1,killed,,15,3,0,Warrior,15,0
1,11,0,3,2,escaped,hp,18,3,0,Thief,13,0
1,11,0,3,2,killed,,14,2,1,Cleric,13,0
1,11,0,3,2,killed,,18,2,1,Mage,13,0
1,11,0,3,2,killed,,14,3,0,Mage,13,0
1,11,0,3,2,killed,,18,3,1,Warrior,13,0
1,11,0,3,2,killed,,17,3,1,Warrior,13,0
1,11,0,3,2,killed,,12,3,0,Cleric,13,0
1,11,0,3,2,killed,,15,2,0,Warrior,13,0
1,11,0,3,2,escaped,satisfied,17,4,0,Thief,13,0
1,11,0,3,2,killed,,15,2,0,Thief,13,0
1,11,0,3,2,killed,,13,3,0,Thief,13,0
1,12,0,3,2,killed,,19,2,1,Warrior,13,0
1,12,0,3,2,killed,,16,3,0,Thief,13,0
1,12,0,3,2,escaped,hp,13,3,1,Mage,13,0
1,12,0,3,2,escaped,satisfied,14,4,0,Warrior,13,0
1,12,0,3,2,killed,,12,4,1,Thief,13,0
1,12,0,3,2,killed,,13,2,1,Mage,13,0
1,12,0,3,2,killed,,16,2,1,Cleric,13,0
1,12,0,3,2,killed,,16,3,1,Mage,13,0
1,12,0,3,2,killed,,18,4,1,Cleric,13,0
1,12,0,3,2,escaped,hp,13,3,1,Warrior,13,0
1,12,0,3,2,escaped,hp,18,4,0,Warrior,13,0
1,12,0,3,2,escaped,hp,13,4,0,Warrior,13,0
1,12,0,3,2,killed,,12,3,0,Mage,13,0
1,12,0,3,2,killed,,17,3,0,Mage,13,0
1,12,0,3,2,killed,,15,3,0,Cleric,13,0
1,12,0,3,2,killed,,15,2,0,Warrior,13,0
1,12,0,3,2,killed,,12,2,0,Warrior,13,0
1,12,0,3,2,killed,,13,3,1,Thief,13,0
1,13,0,3,2,killed,,20,4,1,Warrior,14,0
1,13,0,3,2,killed,,18,4,1,Cleric,14,0
1,13,0,3,2,killed,,14,2,1,Warrior,14,0
1,13,0,3,2,killed,,18,4,1,Warrior,14,0
1,13,0,3,2,killed,,17,2,0,Mage,14,0
1,13,0,3,2,escaped,satisfied,20,3,1,Warrior,14,0
1,13,0,3,2,killed,,19,4,0,Warrior,14,0
1,13,0,3,2,killed,,18,4,1,Warrior,14,0
1,13,0,3,2,escaped,hp,13,3,0,Warrior,14,0
1,13,0,3,2,killed,,13,2,0,Warrior,14,0
1,13,0,3,2,killed,,20,3,1,Mage,14,0
1,13,0,3,2,killed,,20,3,1,Thief,14,0
1,13,0,3,2,killed,,20,4,1,Thief,14,0
1,13,0,3,2,killed,,14,2,0,Cleric,14,0
1,13,0,3,2,killed,,20,4,1,Thief,14,0
1,13,0,3,2,killed,,21,3,1,Thief,14,0
1,13,0,3,2,killed,,14,4,0,Mage,14,0
1,14,0,3,2,killed,,19,2,0,Mage,14,0
1,14,0,3,2,killed,,19,2,1,Thief,14,0
1,14,0,3,2,killed,,13,3,1,Warrior,14,0
1,14,0,3,2,escaped,hp,13,4,0,Mage,14,0
1,14,0,3,2,escaped,satisfied,18,3,1,Mage,14,0
1,14,0,3,2,killed,,15,4,0,Thief,14,0
1,14,0,3,2,killed,,16,3,0,Thief,14,0
1,14,0,3,2,killed,,17,3,1,Thief,14,0
1,14,0,3,2,killed,,20,3,1,Thief,14,0
1,14,0,3,2,escaped,hp,19,4,0,Mage,14,0
1,14,0,3,2,killed,,21,3,1,Warrior,14,0
1,14,0,3,2,killed,,21,3,1,Mage,14,0
1,15,0,3,2,killed,,25,2,1,Cleric,15,0
1,15,0,3,2,killed,,23,2,1,Warrior,15,0
1,15,1,3,2,killed,,31,3,1,Cleric,20,0
1,15,1,3,2,killed,,26,4,1,Mage,20,0
1,15,1,3,2,killed,,23,4,1,Thief,20,0
1,15,1,3,2,killed,,23,2,1,Cleric,20,0
1,15,1,3,2,killed,,30,3,1,Mage,20,0
1,15,1,3,2,killed,,31,4,1,Thief,20,0
1,15,1,3,2,killed,,41,3,1,Warrior,20,0
1,15,1,3,2,killed,,33,4,1,Warrior,20,0
1,15,1,3,2,killed,,22,4,1,Warrior,20,0
1,15,1,3,2,killed,,22,4,1,Warrior,20,0
1,15,0,3,2,killed,,15,3,1,Thief,15,0
1,16,0,3,2,killed,,18,4,0,Cleric,15,0
1,16,0,3,2,killed,,17,2,0,Thief,15,0
1,16,0,3,2,killed,,20,4,0,Mage,15,0
1,16,0,3,2,escaped,satisfied,19,5,1,Warrior,15,0
1,16,0,3,2,killed,,22,3,0,Mage,15,0
1,16,1,3,2,escaped,hp,23,3,1,Warrior,20,0
1,16,1,3,2,escaped,hp,23,3,1,Warrior,20,0
1,16,0,3,2,killed,,18,5,0,Mage,15,0
1,16,1,3,2,killed,,20,5,1,Warrior,20,0
1,16,1,3,2,killed,,18,2,0,Thief,20,0
1,16,1,3,2,killed,,19,3,0,Thief,20,0
1,16,1,3,2,killed,,20,2,1,Warrior,20,0
1,16,0,3,2,escaped,stuck,18,3,1,Mage,15,0
1,16,0,3,2,escaped,satisfied,18,3,0,Warrior,15,0
1,17,0,3,2,killed,,21,2,0,Cleric,16,0
1,17,0,3,2,killed,,14,3,0,Cleric,16,0
1,17,0,3,2,escaped,satisfied,23,5,1,Cleric,16,0
1,17,1,3,2,killed,,20,4,1,Cleric,21,0
1,17,1,3,2,killed,,19,3,1,Cleric,21,0
1,17,1,3,2,killed,,20,3,1,Cleric,21,0
1,17,1,3,2,killed,,19,3,1,Cleric,21,0
1,17,1,3,2,killed,,22,4,1,Cleric,21,0
1,17,1,3,2,killed,,19,3,0,Cleric,21,0
1,17,1,3,2,killed,,24,3,1,Mage,21,0
1,17,1,3,2,killed,,24,4,1,Mage,21,0
1,17,1,3,2,killed,,24,4,1,Mage,21,0
1,17,0,3,2,escaped,stuck,17,5,1,Cleric,16,0
1,17,0,3,2,escaped,stuck,15,4,1,Cleric,16,0
1,17,1,3,2,escaped,satisfied,21,5,1,Cleric,21,0
1,17,0,3,2,killed,,16,3,1,Cleric,16,0
1,17,0,3,2,escaped,stuck,16,3,1,Cleric,16,0
1,18,0,3,2,killed,,21,5,0,Warrior,17,0
1,18,0,3,2,killed,,20,2,0,Mage,17,0
1,18,1,3,2,escaped,satisfied,24,4,0,Mage,22,0
1,18,1,3,2,killed,,23,3,0,Thief,22,0
1,18,1,3,2,killed,,22,3,1,Thief,22,0
1,18,1,3,2,killed,,23,5,0,Thief,22,0
1,18,1,3,2,killed,,24,3,1,Mage,22,0
1,18,1,3,2,killed,,21,4,1,Thief,22,0
1,18,1,3,2,killed,,22,4,1,Thief,22,0
1,18,1,3,2,killed,,29,4,1,Warrior,22,0
1,18,0,3,2,escaped,satisfied,19,5,0,Thief,17,0
1,18,2,3,2,escaped,hp,29,4,1,Warrior,27,0
1,18,0,3,2,escaped,stuck,18,4,1,Thief,17,0
1,18,0,3,2,escaped,hp,17,4,0,Cleric,17,0
1,18,0,3,2,escaped,stuck,16,4,1,Thief,17,0
1,18,0,3,2,escaped,stuck,19,3,1,Thief,17,0
1,18,0,3,2,killed,,17,3,0,Cleric,17,0
1,19,0,3,2,killed,,21,4,0,Cleric,18,0
1,19,0,3,2,escaped,hp,21,4,0,Cleric,18,0
1,19,0,3,2,killed,,19,4,0,Mage,18,0
1,19,0,3,2,killed,,21,5,0,Thief,18,0
1,19,0,3,2,killed,,22,4,0,Thief,18,0
1,19,0,3,2,killed,,21,4,0,Warrior,18,0
1,19,0,3,2,killed,,17,2,0,Thief,18,0
1,19,0,3,2,killed,,23,4,1,Thief,18,0
1,19,0,3,2,escaped,satisfied,19,4,1,Thief,18,0
1,19,0,3,2,escaped,stuck,18,3,1,Thief,18,0
1,19,2,3,2,killed,,26,5,1,Cleric,28,0
1,19,0,3,2,escaped,stuck,19,4,1,Thief,18,0
1,19,1,3,2,escaped,satisfied,23,4,0,Thief,23,0
1,19,0,3,2,killed,,17,5,0,Mage,18,0
1,19,2,3,2,escaped,satisfied,25,4,1,Mage,28,0
1,19,0,3,2,escaped,satisfied,19,3,0,Warrior,18,0
1,19,2,3,2,killed,,25,3,1,Warrior,28,0
1,19,2,3,2,killed,,25,5,1,Cleric,28,0
1,19,1,3,2,escaped,satisfied,20,3,0,Thief,23,0
1,19,2,3,2,killed,,25,3,1,Warrior,28,0
1,19,0,3,2,killed,,18,5,0,Warrior,18,0
1,20,0,3,2,escaped,satisfied,86,7,1,Warrior,18,0
1,20,1,3,2,killed,,21,4,1,Cleric,23,0
1,20,1,3,2,killed,,58,5,1,Thief,23,0
1,20,2,3,2,escaped,panic,44,6,1,Mage,28,1
1,20,2,3,2,escaped,panic,55,5,1,Mage,28,1
1,20,2,3,2,escaped,panic,58,5,1,Mage,28,1
1,20,2,3,2,escaped,panic,51,4,1,Mage,28,1
1,20,2,3,2,escaped,panic,39,6,1,Thief,28,1
1,20,2,3,2,escaped,panic,48,6,1,Cleric,28,0
1,20,2,3,2,escaped,panic,46,6,1,Cleric,28,1
1,20,2,3,2,killed,,26,4,1,Cleric,28,0
1,20,2,3,2,escaped,panic,60,5,1,Cleric,28,1
1,20,2,3,2,escaped,panic,48,5,1,Warrior,28,1
1,20,2,3,2,escaped,panic,26,5,1,Cleric,28,1
1,20,2,3,2,escaped,panic,58,4,1,Warrior,28,0
1,20,2,3,2,escaped,panic,60,4,1,Cleric,28,0
1,20,2,3,2,escaped,panic,46,4,1,Thief,28,0
1,20,2,3,2,escaped,panic,58,4,1,Warrior,28,0
1,20,2,3,2,escaped,panic,58,4,1,Thief,28,0
1,20,2,3,2,escaped,panic,38,4,1,Warrior,28,0
1,20,2,3,2,escaped,panic,46,3,1,Warrior,28,0
1,21,0,3,2,killed,,20,5,0,Cleric,19,0
1,21,0,3,2,escaped,satisfied,24,5,0,Warrior,19,0
1,21,0,3,2,killed,,18,3,1,Mage,19,0
1,21,0,3,2,killed,,18,3,1,Cleric,19,0
1,21,0,3,2,killed,,26,5,0,Thief,19,0
1,21,0,3,2,killed,,17,4,0,Mage,19,0
1,21,0,3,2,escaped,hp,22,5,0,Mage,19,0
1,21,0,3,2,killed,,22,5,1,Cleric,19,0
1,21,0,3,2,killed,,21,3,1,Thief,19,0
1,21,0,3,2,killed,,27,4,1,Cleric,19,0
1,21,0,3,2,killed,,24,4,1,Thief,19,0
1,21,0,3,2,killed,,22,5,1,Mage,19,0
1,21,0,3,2,killed,,22,4,1,Cleric,19,0
1,21,0,3,2,escaped,satisfied,20,3,0,Thief,19,0
1,21,0,3,2,killed,,19,4,1,Thief,19,0
1,21,2,3,2,escaped,satisfied,25,3,0,Warrior,30,0
1,21,0,3,2,killed,,23,3,1,Warrior,19,0
1,21,1,3,2,escaped,satisfied,22,5,1,Thief,24,0
1,21,1,3,2,escaped,stuck,21,4,1,Thief,24,0
1,21,1,3,2,escaped,stuck,23,3,1,Cleric,24,0
1,21,0,3,2,killed,,17,3,0,Warrior,19,0
1,21,0,3,2,escaped,satisfied,20,4,0,Thief,19,0
1,21,2,3,2,escaped,satisfied,27,3,0,Mage,30,0
1,21,2,3,2,killed,,26,3,1,Thief,30,1
1,21,2,3,2,killed,,27,3,1,Warrior,30,1
1,21,2,3,2,killed,,27,5,1,Thief,30,1
1,21,2,3,2,killed,,24,3,0,Thief,30,0
1,21,2,3,2,killed,,27,4,1,Warrior,30,1
1,21,2,3,2,killed,,27,4,1,Cleric,30,1
1,21,0,3,2,escaped,satisfied,18,4,0,Cleric,19,0
1,21,0,3,2,killed,,17,4,0,Cleric,19,0
1,21,2,3,2,escaped,hp,25,4,0,Thief,30,0
1,21,0,3,2,killed,,19,4,0,Cleric,19,0
1,21,0,3,2,killed,,18,3,0,Thief,19,0
1,21,1,3,2,escaped,timeout,22,3,0,Cleric,24,0
1,21,1,3,2,escaped,timeout,20,3,0,Thief,24,0
1,21,1,3,2,escaped,timeout,22,4,0,Warrior,24,0
1,22,0,4,3,killed,,23,5,0,Warrior,20,0
1,22,0,4,3,killed,,18,5,0,Mage,20,0
1,22,0,4,3,killed,,28,5,0,Warrior,20,0
1,22,1,4,3,escaped,hp,28,3,1,Mage,25,0
1,22,1,4,3,escaped,satisfied,32,6,1,Cleric,25,0
1,22,2,4,3,escaped,hp,25,5,1,Cleric,31,0
1,22,0,4,3,escaped,stuck,18,4,1,Thief,20,0
1,22,1,4,3,escaped,satisfied,25,4,1,Mage,25,0
1,22,0,4,3,killed,,19,5,1,Warrior,20,0
1,22,0,4,3,killed,,18,4,1,Warrior,20,0
1,22,2,4,3,killed,,28,3,1,Thief,31,0
1,22,2,4,3,killed,,23,3,1,Thief,31,0
1,22,2,4,3,killed,,28,4,1,Warrior,31,0
1,22,2,4,3,escaped,hp,27,5,0,Mage,31,0
1,22,1,4,3,escaped,stuck,23,5,1,Thief,25,0
1,22,0,4,3,killed,,18,3,1,Thief,20,0
1,22,1,4,3,escaped,stuck,21,4,1,Warrior,25,0
1,22,3,4,3,escaped,hp,28,3,1,Mage,37,0
1,22,3,4,3,escaped,hp,28,3,1,Thief,37,0
1,22,3,4,3,escaped,hp,50,5,1,Warrior,37,0
1,22,1,4,3,escaped,stuck,20,3,1,Thief,25,0
1,22,3,4,3,killed,,26,4,0,Warrior,37,0
1,22,2,4,3,escaped,stuck,24,3,1,Cleric,31,0
1,22,2,4,3,escaped,satisfied,24,4,0,Warrior,31,0
1,22,2,4,3,escaped,timeout,25,4,0,Mage,31,0
1,23,0,4,3,killed,,26,5,0,Cleric,20,0
1,23,0,4,3,killed,,22,3,0,Warrior,20,0
1,23,0,4,3,killed,,28,4,0,Cleric,20,0
1,23,0,4,3,killed,,22,4,0,Thief,20,0
1,23,0,4,3,killed,,20,5,1,Mage,20,0
1,23,0,4,3,killed,,18,4,0,Mage,20,0
1,23,0,4,3,killed,,27,3,0,Cleric,20,0
1,23,1,4,3,escaped,satisfied,26,5,1,Cleric,25,0
1,23,0,4,3,escaped,satisfied,18,3,1,Thief,20,0
1,23,2,4,3,escaped,hp,25,3,1,Warrior,31,0
1,23,2,4,3,escaped,hp,24,4,1,Thief,31,0
1,23,2,4,3,escaped,hp,47,6,1,Mage,31,0
1,23,2,4,3,escaped,satisfied,58,5,1,Mage,31,0
1,23,2,4,3,escaped,satisfied,26,5,0,Warrior,31,0
1,23,2,4,3,escaped,satisfied,26,3,0,Thief,31,0
1,23,0,4,3,escaped,satisfied,19,4,0,Warrior,20,0
1,23,2,4,3,killed,,27,3,1,Thief,31,0
1,23,1,4,3,escaped,stuck,23,5,1,Cleric,25,0
1,23,0,4,3,escaped,stuck,18,4,1,Thief,20,0
1,23,0,4,3,escaped,stuck,20,4,1,Warrior,20,0
1,23,3,4,3,escaped,satisfied,27,4,0,Mage,37,0
1,23,2,4,3,escaped,satisfied,24,4,1,Warrior,31,0
1,23,3,4,3,killed,,29,3,1,Warrior,37,0
1,23,3,4,3,escaped,hp,28,3,1,Warrior,37,0
1,23,0,4,3,killed,,18,4,0,Thief,20,0
1,23,0,4,3,killed,,18,4,0,Warrior,20,0
1,23,0,4,3,killed,,20,3,0,Warrior,20,0
1,23,0,4,3,escaped,hp,20,3,0,Warrior,20,0
1,23,2,4,3,escaped,timeout,26,3,0,Thief,31,0
1,23,2,4,3,escaped,timeout,24,4,0,Mage,31,0
1,24,0,4,3,killed,,20,4,0,Thief,20,0
1,24,0,4,3,killed,,19,5,0,Cleric,20,0
1,24,0,4,3,killed,,29,5,0,Warrior,20,0
1,24,0,4,3,escaped,hp,27,4,0,Thief,20,0
1,24,0,4,3,killed,,20,5,0,Mage,20,0
1,24,0,4,3,killed,,19,3,0,Warrior,20,0
1,24,0,4,3,killed,,29,5,1,Thief,20,0
1,24,0,4,3,killed,,23,3,0,Mage,20,0
1,24,0,4,3,escaped,satisfied,28,3,0,Warrior,20,0
1,24,0,4,3,killed,,19,3,1,Mage,20,0
1,24,0,4,3,killed,,19,5,1,Mage,20,0
1,24,0,4,3,escaped,stuck,19,3,1,Thief,20,0
1,24,1,4,3,escaped,stuck,23,5,1,Cleric,26,0
1,24,1,4,3,escaped,stuck,23,5,1,Thief,26,0
1,24,1,4,3,escaped,stuck,24,4,1,Cleric,26,0
1,24,1,4,3,escaped,stuck,23,4,1,Thief,26,0
1,24,3,4,3,escaped,satisfied,41,6,1,Cleric,38,0
1,24,3,4,3,escaped,satisfied,28,5,0,Cleric,38,0
1,24,2,4,3,escaped,satisfied,27,3,0,Mage,32,0
1,24,3,4,3,escaped,satisfied,28,5,0,Cleric,38,0
1,24,3,4,3,killed,,28,3,1,Thief,38,0
1,24,2,4,3,escaped,stuck,25,4,1,Mage,32,0
1,24,2,4,3,escaped,stuck,24,5,1,Thief,32,0
1,24,3,4,3,escaped,panic,30,5,1,Mage,38,0
1,24,2,4,3,escaped,stuck,27,5,1,Cleric,32,0
1,24,3,4,3,escaped,panic,30,5,1,Warrior,38,1
1,24,3,4,3,escaped,panic,65,5,1,Warrior,38,1
1,24,2,4,3,escaped,stuck,27,4,1,Thief,32,0
1,24,3,4,3,escaped,panic,28,4,1,Warrior,38,0
1,24,3,4,3,escaped,panic,34,4,1,Thief,38,1
1,24,1,4,3,escaped,timeout,21,4,0,Thief,26,0
1,24,2,4,3,escaped,timeout,26,4,0,Thief,32,0
1,24,2,4,3,escaped,timeout,24,3,0,Thief,32,0
1,25,0,5,4,escaped,hp,25,6,0,Thief,21,0
1,25,1,5,4,escaped,satisfied,49,5,1,Mage,28,0
1,25,1,5,4,escaped,satisfied,51,4,1,Mage,28,0
1,25,0,5,4,escaped,hp,19,4,0,Mage,21,0
1,25,0,5,4,killed,,21,5,1,Mage,21,0
1,25,0,5,4,escaped,satisfied,19,5,0,Mage,21,0
1,25,0,5,4,killed,,20,5,0,Cleric,21,0
1,25,0,5,4,killed,,20,4,1,Warrior,21,0
1,25,1,5,4,escaped,stuck,22,5,1,Mage,28,0
1,25,3,5,4,escaped,satisfied,77,6,1,Cleric,40,0
1,25,1,5,4,escaped,stuck,22,6,1,Thief,28,0
1,25,1,5,4,escaped,stuck,22,5,1,Warrior,28,0
1,25,1,5,4,escaped,stuck,22,5,1,Thief,28,0
1,25,1,5,4,escaped,stuck,23,3,1,Warrior,28,0
1,25,1,5,4,escaped,stuck,21,3,1,Warrior,28,0
1,25,4,5,4,escaped,satisfied,77,6,1,Mage,46,0
1,25,4,5,4,escaped,satisfied,72,7,1,Mage,46,0
1,25,0,5,4,killed,,19,3,1,Cleric,21,0
1,25,4,5,4,escaped,satisfied,29,5,0,Thief,46,0
1,25,3,5,4,escaped,stuck,26,4,1,Warrior,40,0
1,25,3,5,4,escaped,stuck,28,4,1,Warrior,40,0
1,25,3,5,4,escaped,stuck,28,4,1,Warrior,40,0
1,25,3,5,4,escaped,stuck,27,4,1,Cleric,40,0
1,25,4,5,4,escaped,satisfied,53,7,1,Mage,46,0
1,25,2,5,4,escaped,stuck,26,4,1,Mage,34,0
1,25,4,5,4,killed,,30,3,1,Warrior,46,0
1,25,4,5,4,killed,,29,3,1,Warrior,46,0
1,25,4,5,4,escaped,satisfied,72,6,1,Mage,46,0
1,25,4,5,4,escaped,panic,30,3,0,Cleric,46,0
1,25,4,5,4,killed,,64,5,1,Thief,46,0
1,25,4,5,4,killed,,51,6,1,Thief,46,1
1,25,4,5,4,killed,,67,5,1,Mage,46,1
1,25,4,5,4,killed,,67,4,1,Mage,46,1
1,25,4,5,4,killed,,64,5,1,Mage,46,1
1,25,4,5,4,escaped,panic,29,5,0,Thief,46,0
1,25,4,5,4,escaped,panic,79,4,1,Cleric,46,0
1,25,4,5,4,escaped,panic,69,4,1,Cleric,46,0
1,25,4,5,4,escaped,panic,69,4,1,Cleric,46,0
1,25,4,5,4,escaped,panic,51,5,1,Cleric,46,0
1,25,2,5,4,escaped,stuck,24,4,1,Cleric,34,0
1,25,2,5,4,escaped,stuck,24,4,1,Cleric,34,0
1,25,4,5,4,escaped,panic,64,6,1,Mage,46,1
1,25,4,5,4,escaped,panic,72,6,1,Cleric,46,0
1,25,4,5,4,escaped,panic,61,7,1,Cleric,46,1
1,25,0,5,4,killed,,20,4,0,Thief,21,0
1,25,4,5,4,escaped,panic,100,6,1,Warrior,46,1
1,25,4,5,4,escaped,panic,54,6,1,Warrior,46,1
1,25,4,5,4,escaped,panic,74,6,1,Cleric,46,0
1,25,4,5,4,escaped,panic,54,6,1,Warrior,46,1
1,25,4,5,4,escaped,panic,74,6,1,Thief,46,1
1,25,4,5,4,escaped,panic,56,6,1,Warrior,46,1
1,25,4,5,4,escaped,panic,67,6,1,Thief,46,1
1,25,4,5,4,escaped,panic,79,6,1,Warrior,46,1
1,25,4,5,4,escaped,panic,56,6,1,Warrior,46,1
1,25,4,5,4,escaped,panic,72,5,1,Thief,46,0
1,25,4,5,4,escaped,panic,64,5,1,Thief,46,0
1,25,4,5,4,escaped,panic,59,5,1,Thief,46,0
1,25,4,5,4,escaped,panic,56,4,1,Warrior,46,0
1,25,4,5,4,escaped,panic,59,4,1,Warrior,46,0
1,25,4,5,4,escaped,panic,34,4,1,Warrior,46,0
1,25,3,5,4,escaped,satisfied,28,3,0,Thief,40,0
1,25,0,5,4,killed,,21,3,0,Cleric,21,0
1,25,0,5,4,escaped,hp,21,3,0,Cleric,21,0
1,25,2,5,4,killed,,25,3,0,Mage,34,0
1,25,1,5,4,escaped,satisfied,23,3,0,Thief,28,0
1,25,2,5,4,escaped,timeout,24,4,0,Thief,34,0
1,25,1,5,4,escaped,timeout,22,4,0,Thief,28,0
1,26,0,6,5,killed,,20,5,0,Thief,22,0
1,26,0,6,5,killed,,28,4,0,Cleric,22,0
1,26,0,6,5,killed,,21,3,0,Thief,22,0
1,26,0,6,5,killed,,25,4,0,Cleric,22,0
1,26,0,6,5,escaped,panic,30,3,0,Cleric,22,0
1,26,0,6,5,escaped,panic,27,5,0,Warrior,22,0
1,26,0,6,5,escaped,panic,28,5,1,Mage,22,0
1,26,0,6,5,escaped,panic,24,5,1,Mage,22,0
1,26,0,6,5,escaped,panic,24,6,1,Thief,22,0
1,26,0,6,5,escaped,panic,21,4,0,Cleric,22,0
1,26,0,6,5,escaped,panic,22,4,0,Cleric,22,0
1,26,0,6,5,escaped,panic,29,4,0,Thief,22,0
1,26,0,6,5,killed,,27,5,0,Mage,22,0
1,26,0,6,5,killed,,21,3,0,Mage,22,0
1,26,0,6,5,killed,,20,4,0,Mage,22,0
1,26,0,6,5,killed,,31,3,1,Mage,22,0
1,26,0,6,5,escaped,panic,22,4,0,Warrior,22,0
1,26,0,6,5,escaped,panic,30,5,0,Warrior,22,0
1,26,0,6,5,escaped,panic,21,5,0,Mage,22,0
1,26,0,6,5,escaped,panic,31,3,0,Thief,22,0
1,26,0,6,5,escaped,panic,32,6,1,Thief,22,0
1,26,0,6,5,escaped,panic,31,5,1,Mage,22,0
1,26,0,6,5,escaped,panic,31,4,1,Thief,22,0
1,26,0,6,5,escaped,panic,83,5,1,Warrior,22,0
1,26,0,6,5,escaped,panic,53,7,1,Cleric,22,0
1,26,0,6,5,escaped,panic,43,4,1,Thief,22,0
1,26,0,6,5,escaped,panic,30,5,0,Thief,22,0
1,26,0,6,5,escaped,panic,30,4,0,Mage,22,0
1,26,0,6,5,escaped,panic,32,4,0,Cleric,22,0
1,26,0,6,5,escaped,panic,23,5,0,Mage,22,0
1,26,0,6,5,escaped,panic,28,6,1,Mage,22,0
1,26,0,6,5,killed,,21,4,1,Cleric,22,0
1,26,0,6,5,killed,,22,5,1,Cleric,22,0
1,26,0,6,5,killed,,27,4,1,Cleric,22,0
1,26,0,6,5,killed,,20,4,1,Cleric,22,0
1,26,0,6,5,escaped,panic,25,4,0,Cleric,22,0
1,26,0,6,5,killed,,23,4,1,Cleric,22,0
1,26,0,6,5,escaped,panic,27,5,1,Cleric,22,0
1,26,0,6,5,escaped,panic,29,3,1,Warrior,22,0
1,26,0,6,5,escaped,panic,28,3,1,Thief,22,0
1,26,0,6,5,escaped,panic,26,5,1,Cleric,22,0
1,26,0,6,5,escaped,panic,32,5,1,Cleric,22,0
1,26,0,6,5,escaped,panic,28,3,1,Warrior,22,0
1,27,0,6,5,killed,,30,4,1,Warrior,22,0
1,27,0,6,5,escaped,satisfied,30,4,1,Warrior,22,0
1,27,0,6,5,killed,,31,5,0,Warrior,22,0
1,27,0,6,5,killed,,27,5,0,Cleric,22,0
1,27,0,6,5,killed,,23,5,1,Thief,22,0
1,27,0,6,5,escaped,panic,32,5,0,Cleric,22,0
1,27,0,6,5,escaped,panic,28,4,0,Thief,22,0
1,27,0,6,5,escaped,panic,20,4,0,Cleric,22,0
1,27,0,6,5,escaped,panic,25,3,1,Thief,22,0
1,27,0,6,5,escaped,satisfied,21,5,0,Mage,22,0
1,27,0,6,5,killed,,26,5,0,Thief,22,0
1,27,0,6,5,escaped,satisfied,26,5,0,Thief,22,0
1,27,0,6,5,killed,,31,6,1,Cleric,22,0
1,27,0,6,5,escaped,satisfied,31,6,1,Cleric,22,0
1,27,1,6,5,escaped,hp,24,4,1,Thief,29,0
1,27,1,6,5,killed,,24,5,1,Mage,29,0
1,27,0,6,5,escaped,satisfied,22,6,0,Cleric,22,0
1,27,0,6,5,escaped,satisfied,31,5,0,Thief,22,0
1,27,0,6,5,killed,,32,6,1,Thief,22,0
1,27,1,6,5,escaped,hp,25,3,0,Mage,29,0
1,27,1,6,5,escaped,satisfied,28,5,0,Cleric,29,0
1,27,0,6,5,escaped,stuck,20,6,1,Warrior,22,0
1,27,1,6,5,escaped,stuck,24,5,1,Thief,29,0
1,27,3,6,5,escaped,satisfied,62,7,1,Mage,42,0
1,27,1,6,5,escaped,stuck,23,3,1,Thief,29,0
1,27,3,6,5,escaped,satisfied,29,5,0,Warrior,42,0
1,27,3,6,5,escaped,hp,28,4,0,Thief,42,0
1,27,2,6,5,escaped,stuck,26,4,1,Warrior,35,0
1,27,3,6,5,escaped,satisfied,31,5,0,Warrior,42,0
1,27,2,6,5,escaped,stuck,26,4,1,Mage,35,0
1,27,3,6,5,escaped,satisfied,29,6,1,Mage,42,0
1,27,3,6,5,escaped,satisfied,73,6,1,Mage,42,0
1,27,4,6,5,escaped,satisfied,33,4,1,Mage,48,0
1,27,1,6,5,escaped,satisfied,24,4,0,Thief,29,0
1,27,3,6,5,escaped,stuck,28,5,1,Thief,42,0
1,27,4,6,5,escaped,satisfied,29,4,0,Thief,48,0
1,27,3,6,5,escaped,stuck,27,3,1,Mage,42,0
1,27,0,6,5,escaped,satisfied,21,4,0,Thief,22,0
1,27,4,6,5,escaped,satisfied,32,6,1,Thief,48,0
1,27,4,6,5,escaped,satisfied,31,4,0,Thief,48,0
1,27,5,6,5,killed,,32,3,1,Mage,55,0
1,27,5,6,5,killed,,33,5,1,Warrior,55,1
1,27,5,6,5,killed,,43,4,1,Warrior,55,1
1,27,0,6,5,escaped,satisfied,21,4,0,Mage,22,0
1,27,0,6,5,killed,,21,6,0,Cleric,22,0
1,27,0,6,5,escaped,hp,21,6,0,Cleric,22,0
1,27,0,6,5,killed,,22,4,0,Thief,22,0
1,27,2,6,5,escaped,timeout,26,5,0,Thief,35,0
1,27,3,6,5,escaped,timeout,27,4,0,Thief,42,0
1,27,1,6,5,escaped,timeout,23,5,0,Thief,29,0
1,27,1,6,5,escaped,timeout,24,3,0,Mage,29,0
1,27,1,6,5,escaped,timeout,23,3,0,Warrior,29,0
1,28,0,6,5,killed,,29,4,0,Cleric,23,0
1,28,0,6,5,killed,,33,3,1,Thief,23,0
1,28,0,6,5,killed,,29,6,0,Thief,23,0
1,28,0,6,5,killed,,28,6,0,Cleric,23,0
1,28,0,6,5,killed,,23,4,0,Warrior,23,0
1,28,0,6,5,escaped,satisfied,31,5,0,Mage,23,0
1,28,0,6,5,killed,,28,5,1,Warrior,23,0
1,28,0,6,5,escaped,hp,25,3,1,Thief,23,0
1,28,0,6,5,killed,,31,3,0,Warrior,23,0
1,28,0,6,5,killed,,30,5,0,Thief,23,0
1,28,0,6,5,escaped,hp,31,3,0,Thief,23,0
1,28,0,6,5,escaped,hp,31,4,1,Thief,23,0
1,28,0,6,5,killed,,24,4,0,Mage,23,0
1,28,0,6,5,killed,,21,4,1,Warrior,23,0
1,28,0,6,5,killed,,22,4,0,Mage,23,0
1,28,0,6,5,escaped,satisfied,22,4,0,Mage,23,0
1,28,1,6,5,escaped,satisfied,25,6,0,Thief,30,0
1,28,0,6,5,killed,,22,6,1,Cleric,23,0
1,28,0,6,5,killed,,23,4,1,Cleric,23,0
1,28,1,6,5,escaped,satisfied,29,5,0,Thief,30,0
1,28,1,6,5,escaped,satisfied,25,5,0,Thief,30,0
1,28,1,6,5,killed,,68,7,1,Cleric,30,0
1,28,0,6,5,killed,,23,5,1,Cleric,23,0
1,28,2,6,5,escaped,satisfied,33,5,0,Warrior,36,0
1,28,2,6,5,escaped,satisfied,29,6,1,Thief,36,0
1,28,1,6,5,killed,,24,5,1,Mage,30,0
1,28,1,6,5,killed,,25,6,1,Cleric,30,0
1,28,1,6,5,killed,,26,5,1,Warrior,30,0
1,28,1,6,5,escaped,satisfied,25,5,0,Warrior,30,0
1,28,1,6,5,killed,,25,4,1,Thief,30,0
1,28,1,6,5,killed,,24,4,1,Thief,30,0
1,28,2,6,5,escaped,satisfied,31,4,0,Thief,36,0
1,28,3,6,5,escaped,satisfied,31,4,0,Thief,43,0
1,28,2,6,5,escaped,satisfied,31,5,1,Thief,36,0
1,28,2,6,5,escaped,satisfied,33,5,1,Mage,36,0
1,28,3,6,5,killed,,30,4,1,Mage,43,0
1,28,4,6,5,escaped,hp,33,4,1,Thief,50,0
1,28,2,6,5,escaped,stuck,26,4,1,Mage,36,0
1,28,2,6,5,escaped,stuck,27,5,1,Cleric,36,0
1,28,2,6,5,escaped,stuck,26,4,1,Thief,36,0
1,28,4,6,5,escaped,satisfied,55,5,1,Thief,50,0
1,28,4,6,5,escaped,satisfied,31,3,0,Warrior,50,0
1,28,3,6,5,escaped,satisfied,28,4,0,Warrior,43,0
1,28,3,6,5,escaped,satisfied,29,5,1,Thief,43,0
1,28,3,6,5,escaped,stuck,30,4,1,Thief,43,0
1,28,3,6,5,escaped,stuck,28,4,1,Thief,43,0
1,28,3,6,5,escaped,stuck,28,4,1,Cleric,43,0
1,28,5,6,5,escaped,satisfied,33,5,1,Cleric,57,0
1,28,4,6,5,escaped,satisfied,100,5,1,Warrior,50,0
1,28,3,6,5,escaped,satisfied,30,4,0,Warrior,43,0
1,28,5,6,5,escaped,hp,34,5,1,Cleric,57,0
1,28,5,6,5,escaped,hp,33,4,1,Thief,57,0
1,28,0,6,5,killed,,21,5,0,Warrior,23,0
1,28,0,6,5,escaped,hp,21,5,0,Warrior,23,0
1,28,0,6,5,killed,,22,4,0,Thief,23,0
1,29,0,6,5,killed,,23,4,1,Warrior,24,0
1,29,0,6,5,killed,,23,5,1,Thief,24,0
1,29,0,6,5,killed,,35,6,1,Thief,24,0
1,29,0,6,5,killed,,28,5,0,Cleric,24,0
1,29,0,6,5,killed,,30,4,0,Warrior,24,0
1,29,0,6,5,killed,,31,3,0,Cleric,24,0
1,29,0,6,5,killed,,24,3,0,Thief,24,0
1,29,0,6,5,killed,,25,3,0,Mage,24,0
1,29,0,6,5,killed,,22,5,0,Mage,24,0
1,29,0,6,5,killed,,27,5,0,Cleric,24,0
1,29,0,6,5,escaped,hp,27,5,0,Cleric,24,0
1,29,0,6,5,killed,,28,6,0,Warrior,24,0
1,29,0,6,5,killed,,30,4,1,Mage,24,0
1,29,1,6,5,escaped,hp,25,4,1,Warrior,31,0
1,29,1,6,5,escaped,hp,33,4,1,Warrior,31,0
1,29,1,6,5,escaped,hp,33,5,1,Warrior,31,0
1,29,1,6,5,escaped,hp,29,5,1,Thief,31,0
1,29,1,6,5,escaped,hp,26,3,1,Warrior,31,0
1,29,1,6,5,escaped,hp,32,6,1,Mage,31,0
1,29,0,6,5,escaped,satisfied,31,4,1,Warrior,24,0
1,29,0,6,5,killed,,31,4,1,Thief,24,0
1,29,2,6,5,escaped,satisfied,74,7,1,Mage,38,0
1,29,0,6,5,escaped,stuck,23,5,1,Thief,24,0
1,29,1,6,5,killed,,27,5,0,Thief,31,0
1,29,0,6,5,escaped,stuck,22,5,1,Thief,24,0
1,29,0,6,5,killed,,22,4,1,Cleric,24,0
1,29,1,6,5,killed,,24,6,1,Warrior,31,0
1,29,3,6,5,escaped,satisfied,33,6,0,Thief,45,0
1,29,1,6,5,killed,,26,5,1,Warrior,31,0
1,29,1,6,5,killed,,24,5,1,Thief,31,0
1,29,1,6,5,killed,,24,4,1,Thief,31,0
1,29,4,6,5,escaped,satisfied,85,7,1,Mage,52,0
1,29,4,6,5,escaped,satisfied,61,5,1,Mage,52,0
1,29,2,6,5,killed,,28,5,1,Thief,38,0
1,29,4,6,5,killed,,33,3,0,Thief,52,0
1,29,4,6,5,killed,,34,5,0,Thief,52,0
1,29,3,6,5,escaped,hp,29,3,0,Thief,45,0
1,29,2,6,5,killed,,28,4,1,Cleric,38,0
1,29,2,6,5,killed,,27,5,0,Thief,38,0
1,29,0,6,5,killed,,22,3,0,Warrior,24,0
1,29,0,6,5,escaped,hp,22,3,0,Warrior,24,0
1,29,4,6,5,escaped,hp,31,4,0,Cleric,52,0
1,29,4,6,5,escaped,hp,32,4,0,Thief,52,0
1,29,1,6,5,killed,,24,5,0,Thief,31,0
1,29,1,6,5,killed,,24,6,0,Thief,31,0
1,29,2,6,5,killed,,28,4,0,Thief,38,0
1,29,3,6,5,escaped,stuck,30,4,1,Warrior,45,0
1,29,3,6,5,escaped,stuck,29,4,1,Cleric,45,0
1,29,4,6,5,escaped,satisfied,33,5,1,Thief,52,0
1,29,4,6,5,escaped,satisfied,31,4,0,Warrior,52,0
1,29,4,6,5,escaped,stuck,32,4,1,Thief,52,0
1,29,3,6,5,escaped,satisfied,30,4,0,Cleric,45,0
1,29,0,6,5,killed,,23,5,0,Mage,24,0
1,29,0,6,5,killed,,22,4,0,Mage,24,0
1,29,0,6,5,killed,,22,6,0,Cleric,24,0
1,29,3,6,5,escaped,timeout,29,5,0,Warrior,45,0
1,29,1,6,5,escaped,timeout,25,5,0,Mage,31,0
1,30,0,6,5,escaped,satisfied,79,6,1,Mage,25,0
1,30,0,6,5,killed,,25,4,0,Cleric,25,0
1,30,2,6,5,escaped,satisfied,82,6,1,Mage,39,0
1,30,1,6,5,escaped,satisfied,32,4,0,Warrior,32,0
1,30,3,6,5,escaped,hp,30,4,1,Warrior,46,0
1,30,3,6,5,escaped,satisfied,77,6,1,Mage,46,0
1,30,3,6,5,escaped,satisfied,64,7,1,Cleric,46,0
1,30,3,6,5,escaped,satisfied,69,7,1,Mage,46,0
1,30,4,6,5,escaped,satisfied,100,7,1,Warrior,54,0
1,30,5,6,5,escaped,hp,34,5,1,Warrior,61,0
1,30,5,6,5,escaped,satisfied,59,6,1,Mage,61,0
1,30,5,6,5,escaped,satisfied,77,6,1,Mage,61,0
1,30,5,6,5,escaped,satisfied,56,7,1,Thief,61,0
1,30,5,6,5,escaped,panic,77,7,1,Cleric,61,1
1,30,5,6,5,escaped,panic,79,7,1,Thief,61,1
1,30,5,6,5,escaped,panic,56,7,1,Cleric,61,1
1,30,5,6,5,escaped,panic,82,7,1,Warrior,61,1
1,30,5,6,5,escaped,panic,59,7,1,Thief,61,1
1,30,5,6,5,escaped,panic,82,7,1,Warrior,61,1
1,30,5,6,5,escaped,panic,69,7,1,Cleric,61,1
1,30,5,6,5,escaped,panic,79,7,1,Thief,61,1
1,30,5,6,5,escaped,panic,56,7,1,Warrior,61,1
1,30,5,6,5,escaped,panic,67,6,1,Warrior,61,0
1,30,5,6,5,escaped,panic,61,6,1,Cleric,61,0
1,30,5,6,5,escaped,panic,74,6,1,Thief,61,0
1,30,5,6,5,escaped,panic,87,6,1,Warrior,61,0
1,30,5,6,5,escaped,panic,69,6,1,Thief,61,0
1,30,5,6,5,escaped,panic,90,6,1,Cleric,61,0
1,30,5,6,5,escaped,panic,74,5,1,Warrior,61,0
1,30,5,6,5,escaped,panic,70,5,1,Thief,61,0
1,30,5,6,5,escaped,panic,100,5,1,Warrior,61,0
1,31,0,6,5,killed,,32,4,1,Thief,25,0
1,31,0,6,5,killed,,24,6,0,Cleric,25,0
1,31,0,6,5,escaped,panic,34,5,0,Cleric,25,0
1,31,0,6,5,escaped,panic,29,4,0,Warrior,25,0
1,31,0,6,5,escaped,panic,26,4,0,Thief,25,0
1,31,0,6,5,escaped,panic,35,5,0,Thief,25,0
1,31,0,6,5,escaped,panic,30,4,1,Thief,25,0
1,31,0,6,5,killed,,33,6,1,Cleric,25,0
1,31,0,6,5,escaped,panic,33,6,1,Cleric,25,0
1,31,0,6,5,escaped,panic,30,4,1,Cleric,25,0
1,31,0,6,5,escaped,panic,28,5,1,Thief,25,0
1,31,0,6,5,escaped,panic,23,6,1,Warrior,25,0
1,31,0,6,5,escaped,panic,30,6,1,Cleric,25,0
1,31,0,6,5,escaped,satisfied,38,5,1,Thief,25,0
1,31,1,6,5,escaped,hp,32,4,0,Mage,32,0
1,31,1,6,5,escaped,hp,32,5,1,Cleric,32,0
1,31,1,6,5,killed,,29,5,1,Mage,32,0
1,31,0,6,5,killed,,23,6,1,Cleric,25,0
1,31,0,6,5,escaped,stuck,23,6,1,Cleric,25,0
1,31,0,6,5,escaped,stuck,25,4,1,Thief,25,0
1,31,0,6,5,escaped,stuck,25,5,1,Warrior,25,0
1,31,0,6,5,escaped,stuck,23,5,1,Cleric,25,0
1,31,0,6,5,killed,,24,6,1,Warrior,25,0
1,31,1,6,5,killed,,25,5,1,Cleric,32,0
1,31,1,6,5,killed,,26,6,1,Thief,32,0
1,31,1,6,5,killed,,25,4,1,Warrior,32,0
1,31,1,6,5,escaped,stuck,27,4,1,Thief,32,0
1,31,1,6,5,killed,,27,4,1,Mage,32,0
1,31,2,6,5,killed,,27,6,1,Warrior,39,0
1,31,3,6,5,escaped,satisfied,36,6,0,Cleric,46,0
1,31,2,6,5,killed,,28,5,0,Warrior,39,0
1,31,2,6,5,killed,,29,4,1,Cleric,39,0
1,31,4,6,5,killed,,35,5,1,Mage,54,0
1,31,4,6,5,killed,,35,4,1,Cleric,54,0
1,31,5,6,5,escaped,hp,37,6,1,Warrior,61,0
1,31,5,6,5,escaped,hp,30,5,1,Cleric,61,0
1,31,5,6,5,escaped,hp,67,6,1,Mage,61,0
1,31,5,6,5,escaped,satisfied,100,7,1,Mage,61,0
1,31,5,6,5,escaped,satisfied,36,6,0,Thief,61,0
1,31,5,6,5,escaped,satisfied,89,7,1,Mage,61,0
1,31,3,6,5,killed,,31,4,1,Warrior,46,0
1,31,5,6,5,escaped,satisfied,35,5,0,Mage,61,0
1,31,4,6,5,escaped,satisfied,33,5,0,Thief,54,0
1,31,4,6,5,killed,,33,6,1,Thief,54,0
1,31,5,6,5,killed,,32,5,1,Thief,61,1
1,31,5,6,5,killed,,36,6,1,Cleric,61,1
1,31,4,6,5,killed,,34,4,1,Cleric,54,0
1,31,4,6,5,escaped,stuck,33,5,1,Thief,54,0
1,31,5,6,5,escaped,satisfied,35,5,0,Warrior,61,0
1,31,5,6,5,escaped,panic,35,4,0,Thief,61,0
1,31,5,6,5,escaped,panic,36,4,0,Cleric,61,0
1,31,5,6,5,escaped,panic,36,4,0,Warrior,61,0
1,31,5,6,5,killed,,38,5,1,Warrior,61,1
1,31,5,6,5,killed,,36,5,1,Thief,61,1
1,31,5,6,5,escaped,panic,35,5,1,Thief,61,1
1,31,5,6,5,escaped,panic,37,5,1,Warrior,61,1
1,31,5,6,5,escaped,panic,36,4,1,Thief,61,1
1,31,5,6,5,escaped,panic,36,4,1,Warrior,61,1
1,31,5,6,5,escaped,panic,30,4,1,Warrior,61,1
1,31,3,6,5,killed,,30,4,0,Thief,46,0
1,31,4,6,5,escaped,hp,34,4,0,Cleric,54,0
1,31,2,6,5,escaped,timeout,28,4,0,Thief,39,0
1,31,2,6,5,escaped,timeout,30,4,0,Thief,39,0
1,31,2,6,5,escaped,timeout,28,6,0,Thief,39,0
1,31,2,6,5,escaped,timeout,29,5,0,Thief,39,0
1,31,1,6,5,escaped,timeout,26,5,0,Mage,32,0
1,31,1,6,5,escaped,timeout,26,5,0,Cleric,32,0
1,31,1,6,5,escaped,timeout,25,4,0,Thief,32,0
1,31,1,6,5,escaped,timeout,26,6,0,Thief,32,0
1,31,4,6,5,killed,,33,4,0,Thief,54,0
1,31,3,6,5,killed,,31,6,0,Thief,46,0
1,32,0,6,5,killed,,33,5,0,Mage,26,0
1,32,0,6,5,escaped,hp,34,5,0,Warrior,26,0
1,32,0,6,5,escaped,panic,23,4,0,Thief,26,0
1,32,0,6,5,escaped,panic,36,5,0,Warrior,26,0
1,32,0,6,5,escaped,panic,28,6,0,Thief,26,0
1,32,0,6,5,killed,,27,4,0,Thief,26,0
1,32,0,6,5,escaped,panic,27,4,0,Thief,26,0
1,32,0,6,5,escaped,panic,24,6,1,Thief,26,0
1,32,0,6,5,killed,,36,6,1,Cleric,26,0
1,32,0,6,5,killed,,24,4,1,Thief,26,0
1,32,0,6,5,killed,,33,4,1,Cleric,26,0
1,32,0,6,5,escaped,panic,37,5,0,Warrior,26,0
1,32,0,6,5,escaped,panic,27,4,0,Mage,26,0
1,32,0,6,5,escaped,panic,37,6,0,Thief,26,0
1,32,0,6,5,escaped,panic,35,4,1,Warrior,26,0
1,32,0,6,5,escaped,panic,35,6,1,Thief,26,0
1,32,0,6,5,escaped,panic,36,5,1,Thief,26,0
1,32,0,6,5,escaped,panic,28,6,0,Mage,26,0
1,32,0,6,5,escaped,panic,36,5,1,Thief,26,0
1,32,0,6,5,escaped,panic,23,4,1,Mage,26,0
1,32,0,6,5,escaped,panic,33,4,1,Cleric,26,0
1,32,0,6,5,escaped,satisfied,32,6,0,Warrior,26,0
1,32,1,6,5,escaped,satisfied,26,6,0,Mage,33,0
1,32,1,6,5,killed,,27,6,1,Thief,33,0
1,32,1,6,5,killed,,27,6,1,Warrior,33,0
1,32,2,6,5,escaped,satisfied,30,5,0,Mage,40,0
1,32,2,6,5,killed,,28,5,1,Mage,40,0
1,32,4,6,5,escaped,satisfied,35,6,1,Thief,56,0
1,32,1,6,5,killed,,28,6,0,Mage,33,0
1,32,1,6,5,killed,,26,6,0,Cleric,33,0
1,32,3,6,5,killed,,31,5,1,Cleric,48,0
1,32,3,6,5,killed,,32,5,1,Thief,48,0
1,32,5,6,5,killed,,37,4,1,Thief,63,0
1,32,5,6,5,killed,,36,5,1,Thief,63,0
1,32,5,6,5,killed,,36,6,1,Thief,63,0
1,32,3,6,5,killed,,32,4,0,Mage,48,0
1,32,5,6,5,killed,,37,5,1,Warrior,63,0
1,32,4,6,5,killed,,35,6,1,Thief,56,0
1,32,4,6,5,killed,,34,5,1,Cleric,56,0
1,32,5,6,5,escaped,hp,37,4,0,Mage,63,0
1,32,4,6,5,killed,,34,5,1,Warrior,56,0
1,32,4,6,5,killed,,33,5,1,Thief,56,0
1,32,4,6,5,killed,,34,4,0,Thief,56,0
1,32,4,6,5,killed,,34,4,0,Warrior,56,0
1,32,4,6,5,killed,,34,6,0,Thief,56,0
1,32,5,6,5,escaped,panic,36,6,0,Warrior,63,0
1,32,5,6,5,escaped,panic,37,6,0,Cleric,63,0
1,32,5,6,5,escaped,panic,37,4,0,Thief,63,0
1,32,0,6,5,killed,,25,6,0,Mage,26,0
1,32,5,6,5,escaped,panic,40,6,1,Warrior,63,1
1,32,5,6,5,escaped,panic,88,5,1,Thief,63,1
1,32,5,6,5,escaped,panic,100,5,1,Warrior,63,1
1,32,0,6,5,escaped,hp,25,5,0,Warrior,26,0
1,32,3,6,5,escaped,timeout,31,5,0,Mage,48,0
1,32,3,6,5,escaped,timeout,31,4,0,Thief,48,0
1,32,3,6,5,escaped,timeout,31,4,0,Cleric,48,0
1,32,2,6,5,escaped,timeout,29,5,0,Warrior,40,0
1,32,2,6,5,escaped,timeout,28,4,0,Cleric,40,0
1,32,1,6,5,killed,,27,6,0,Thief,33,0
1,33,0,6,5,killed,,34,5,0,Mage,26,0
1,33,0,6,5,escaped,hp,34,5,0,Mage,26,0
1,33,0,6,5,killed,,29,4,1,Warrior,26,0
1,33,0,6,5,killed,,37,6,1,Cleric,26,0
1,33,0,6,5,killed,,25,5,0,Cleric,26,0
1,33,0,6,5,killed,,27,4,0,Warrior,26,0
1,33,0,6,5,killed,,35,5,0,Thief,26,0
1,33,0,6,5,killed,,35,5,1,Mage,26,0
1,33,0,6,5,killed,,24,5,1,Mage,26,0
1,33,1,6,5,escaped,hp,27,5,1,Mage,34,0
1,33,1,6,5,killed,,37,5,0,Mage,34,0
1,33,0,6,5,killed,,31,6,0,Cleric,26,0
1,33,1,6,5,escaped,satisfied,34,6,0,Thief,34,0
1,33,0,6,5,killed,,26,5,1,Mage,26,0
1,33,0,6,5,escaped,stuck,24,6,1,Thief,26,0
1,33,0,6,5,escaped,stuck,26,6,1,Warrior,26,0
1,33,0,6,5,killed,,25,5,1,Warrior,26,0
1,33,0,6,5,escaped,stuck,25,5,1,Warrior,26,0
1,33,1,6,5,killed,,28,4,0,Mage,34,0
1,33,1,6,5,killed,,100,7,1,Mage,34,0
1,33,0,6,5,killed,,25,4,1,Mage,26,0
1,33,0,6,5,escaped,stuck,25,4,1,Mage,26,0
1,33,0,6,5,escaped,stuck,24,6,1,Warrior,26,0
1,33,0,6,5,escaped,stuck,25,6,1,Cleric,26,0
1,33,0,6,5,killed,,24,4,0,Thief,26,0
1,33,0,6,5,escaped,stuck,25,5,1,Thief,26,0
1,33,1,6,5,killed,,29,5,1,Thief,34,0
1,33,1,6,5,killed,,28,5,1,Cleric,34,0
1,33,1,6,5,killed,,28,4,1,Thief,34,0
1,33,1,6,5,killed,,26,4,1,Thief,34,0
1,33,3,6,5,killed,,38,5,0,Mage,50,0
1,33,1,6,5,killed,,28,5,1,Mage,34,0
1,33,2,6,5,killed,,31,4,1,Mage,42,0
1,33,2,6,5,killed,,30,6,1,Thief,42,0
1,33,2,6,5,killed,,30,6,1,Thief,42,0
1,33,2,6,5,killed,,29,5,1,Thief,42,0
1,33,2,6,5,killed,,31,4,1,Thief,42,0
1,33,2,6,5,killed,,31,5,1,Thief,42,0
1,33,3,6,5,killed,,33,6,1,Thief,50,0
1,33,5,6,5,escaped,satisfied,76,6,1,Mage,65,0
1,33,5,6,5,killed,,100,7,1,Mage,65,0
1,33,5,6,5,killed,,38,4,1,Thief,65,0
1,33,5,6,5,killed,,38,5,1,Thief,65,0
1,33,5,6,5,killed,,36,6,1,Thief,65,0
1,33,5,6,5,escaped,hp,37,5,0,Thief,65,0
1,33,5,6,5,escaped,hp,38,4,0,Thief,65,0
1,33,0,6,5,killed,,26,6,0,Warrior,26,0
1,33,0,6,5,killed,,25,6,0,Cleric,26,0
1,33,0,6,5,killed,,25,6,0,Thief,26,0
1,33,0,6,5,escaped,hp,26,4,0,Warrior,26,0
1,33,0,6,5,killed,,25,5,0,Warrior,26,0
1,33,4,6,5,escaped,hp,35,5,0,Cleric,57,0
1,33,5,6,5,killed,,37,4,0,Thief,65,0
1,33,4,6,5,escaped,hp,35,5,0,Cleric,57,0
1,33,5,6,5,killed,,38,5,0,Thief,65,0
1,33,3,6,5,killed,,32,4,0,Warrior,50,0
1,33,3,6,5,escaped,timeout,31,6,0,Warrior,50,0
1,33,3,6,5,escaped,timeout,33,4,0,Thief,50,0
1,33,3,6,5,escaped,timeout,33,5,0,Thief,50,0
1,33,2,6,5,killed,,30,6,0,Thief,42,0
1,33,1,6,5,killed,,28,5,0,Cleric,34,0
1,33,2,6,5,killed,,29,5,0,Thief,42,0
1,34,0,6,5,escaped,stuck,26,5,1,Thief,27,0
1,34,0,6,5,escaped,stuck,26,4,1,Thief,27,0
1,34,0,6,5,escaped,stuck,24,6,1,Thief,27,0
1,34,0,6,5,escaped,stuck,27,5,1,Thief,27,0
1,34,1,6,5,killed,,29,6,1,Thief,35,0
1,34,1,6,5,escaped,stuck,28,6,1,Thief,35,0
1,34,1,6,5,escaped,stuck,29,5,1,Thief,35,0
1,34,1,6,5,escaped,stuck,27,4,1,Thief,35,0
1,34,1,6,5,escaped,satisfied,28,5,0,Thief,35,0
1,34,0,6,5,escaped,hp,26,6,0,Thief,27,0
1,34,2,6,5,killed,,32,4,1,Thief,43,0
1,34,2,6,5,killed,,31,4,1,Thief,43,0
1,34,2,6,5,killed,,30,4,1,Thief,43,0
1,34,2,6,5,killed,,30,4,1,Thief,43,0
1,34,0,6,5,escaped,satisfied,26,6,0,Thief,27,0
1,34,4,6,5,killed,,38,4,1,Thief,59,0
1,34,4,6,5,killed,,35,4,1,Thief,59,0
1,34,4,6,5,killed,,37,4,1,Thief,59,0
1,34,4,6,5,killed,,38,4,1,Thief,59,0
1,34,4,6,5,killed,,36,4,1,Thief,59,0
1,34,0,6,5,killed,,26,6,0,Thief,27,0
1,34,0,6,5,killed,,26,6,0,Thief,27,0
1,34,3,6,5,killed,,34,6,1,Thief,51,0
1,34,3,6,5,killed,,33,5,1,Thief,51,0
1,34,4,6,5,escaped,satisfied,49,6,1,Warrior,59,0
1,34,3,6,5,killed,,33,4,1,Thief,51,0
1,34,3,6,5,killed,,33,4,1,Thief,51,0
1,34,3,6,5,killed,,34,4,1,Thief,51,0
1,34,3,6,5,killed,,33,4,1,Thief,51,0
1,34,3,6,5,killed,,32,4,1,Thief,51,0
1,34,5,6,5,escaped,hp,38,6,1,Thief,67,0
1,34,5,6,5,escaped,hp,37,5,1,Thief,67,0
1,34,5,6,5,escaped,hp,38,5,1,Thief,67,0
1,34,3,6,5,escaped,stuck,35,4,1,Thief,51,0
1,34,3,6,5,escaped,stuck,32,4,1,Thief,51,0
1,34,5,6,5,killed,,39,6,1,Thief,67,0
1,34,5,6,5,killed,,38,6,1,Thief,67,0
1,34,5,6,5,killed,,39,5,1,Thief,67,0
1,34,5,6,5,killed,,38,5,1,Thief,67,0
1,34,4,6,5,escaped,hp,36,4,0,Thief,59,0
1,34,4,6,5,killed,,36,6,1,Thief,59,0
1,34,3,6,5,killed,,35,5,0,Thief,51,0
1,34,3,6,5,killed,,32,4,0,Thief,51,0
1,34,5,6,5,killed,,100,5,1,Warrior,67,0
1,34,5,6,5,killed,,100,5,1,Thief,67,0
1,34,3,6,5,killed,,34,5,0,Thief,51,0
1,34,3,6,5,escaped,hp,32,4,0,Thief,51,0
1,34,5,6,5,killed,,38,5,0,Thief,67,0
1,34,4,6,5,escaped,hp,37,4,0,Thief,59,0
1,34,0,6,5,killed,,25,6,0,Thief,27,0
1,34,5,6,5,killed,,38,5,0,Thief,67,0
1,34,5,6,5,killed,,39,4,0,Thief,67,0
1,34,0,6,5,killed,,26,5,0,Thief,27,0
1,34,2,6,5,killed,,31,5,0,Thief,43,0
1,34,2,6,5,killed,,31,4,0,Thief,43,0
1,34,1,6,5,escaped,timeout,27,5,0,Thief,35,0
1,34,1,6,5,escaped,timeout,29,4,0,Thief,35,0
1,34,1,6,5,escaped,timeout,30,4,0,Thief,35,0
1,34,0,6,5,escaped,timeout,27,4,0,Thief,27,0
1,35,0,6,5,killed,,1,2,0,Warrior,27,0
1,35,0,6,5,escaped,satisfied,100,7,1,Mage,27,0
1,35,0,6,5,killed,,26,4,0,Cleric,27,0
1,35,2,6,5,escaped,satisfied,100,7,1,Warrior,43,0
1,35,1,6,5,escaped,satisfied,29,5,0,Warrior,35,0
1,35,3,6,5,escaped,satisfied,37,7,0,Thief,51,0
1,35,1,6,5,killed,,30,4,1,Thief,35,0
1,35,4,6,5,escaped,satisfied,97,7,1,Mage,59,0
1,35,4,6,5,escaped,satisfied,97,6,1,Mage,59,0
1,35,4,6,5,escaped,satisfied,79,6,1,Mage,59,0
1,35,4,6,5,escaped,satisfied,87,7,1,Cleric,59,0
1,35,3,6,5,escaped,satisfied,34,6,0,Thief,51,0
1,35,4,6,5,killed,,69,7,1,Mage,59,0
1,35,4,6,5,escaped,satisfied,72,6,1,Mage,59,0
1,35,4,6,5,escaped,satisfied,79,7,1,Cleric,59,0
1,35,2,6,5,killed,,32,6,1,Warrior,43,0
1,35,4,6,5,killed,,72,6,1,Mage,59,0
1,35,4,6,5,escaped,satisfied,97,7,1,Thief,59,0
1,35,4,6,5,escaped,satisfied,100,7,1,Mage,59,0
1,35,4,6,5,killed,,69,7,1,Mage,59,0
1,35,4,6,5,escaped,satisfied,74,7,1,Cleric,59,0
1,35,3,6,5,killed,,33,6,1,Cleric,51,0
1,35,3,6,5,killed,,34,5,1,Cleric,51,0
1,35,5,6,5,killed,,100,6,1,Mage,67,0
1,35,5,6,5,killed,,84,7,1,Warrior,67,0
1,35,5,6,5,escaped,satisfied,77,7,1,Mage,67,0
1,35,5,6,5,escaped,satisfied,74,7,1,Mage,67,0
1,35,5,6,5,escaped,satisfied,84,7,1,Warrior,67,0
1,35,5,6,5,killed,,97,7,1,Thief,67,0
1,35,5,6,5,killed,,97,7,1,Cleric,67,0
1,35,5,6,5,killed,,95,7,1,Warrior,67,0
1,35,5,6,5,killed,,92,7,1,Thief,67,0
1,35,5,6,5,killed,,92,7,1,Warrior,67,0
1,35,5,6,5,killed,,84,7,1,Cleric,67,0
1,35,5,6,5,escaped,satisfied,87,7,1,Thief,67,0
1,35,5,6,5,escaped,satisfied,84,7,1,Thief,67,0
1,35,5,6,5,killed,,79,7,1,Thief,67,0
1,35,5,6,5,killed,,79,7,1,Warrior,67,0
1,35,5,6,5,killed,,77,7,1,Warrior,67,1
1,35,4,6,5,escaped,stuck,36,6,1,Thief,59,0
1,35,5,6,5,killed,,38,3,1,Mage,67,0
1,35,5,6,5,killed,,38,5,1,Cleric,67,0
1,35,4,6,5,killed,,37,6,1,Mage,59,0
1,35,5,6,5,killed,,72,6,1,Cleric,67,0
1,35,5,6,5,killed,,90,6,1,Thief,67,0
1,35,5,6,5,killed,,95,6,1,Cleric,67,0
1,35,5,6,5,killed,,77,7,1,Thief,67,0
1,35,5,6,5,killed,,69,7,1,Warrior,67,0
1,35,5,6,5,killed,,69,7,1,Warrior,67,0
1,35,5,6,5,killed,,100,6,1,Cleric,67,0
1,35,5,6,5,killed,,87,7,1,Warrior,67,1
1,35,5,6,5,killed,,100,6,1,Cleric,67,0
1,35,5,6,5,killed,,82,7,1,Cleric,67,0
1,35,5,6,5,killed,,74,7,1,Warrior,67,0
1,35,5,6,5,killed,,67,7,1,Warrior,67,1
1,35,5,6,5,killed,,84,7,1,Cleric,67,0
1,35,5,6,5,killed,,90,7,1,Thief,67,1
1,35,5,6,5,killed,,64,7,1,Cleric,67,1
1,35,5,6,5,killed,,92,7,1,Thief,67,1
1,35,5,6,5,killed,,84,6,1,Thief,67,0
1,35,4,6,5,killed,,38,5,0,Thief,59,0
1,35,0,6,5,escaped,hp,25,6,0,Thief,27,0
1,36,0,6,5,killed,,26,4,0,Cleric,28,0
1,36,0,6,5,killed,,27,5,1,Mage,28,0
1,36,0,6,5,escaped,satisfied,27,5,1,Mage,28,0
1,36,0,6,5,killed,,34,6,0,Cleric,28,0
1,36,0,6,5,escaped,satisfied,34,6,0,Cleric,28,0
1,36,0,6,5,killed,,33,6,0,Cleric,28,0
1,36,0,6,5,escaped,hp,41,7,0,Thief,28,0
1,36,0,6,5,escaped,hp,35,6,0,Cleric,28,0
1,36,0,6,5,killed,,32,5,1,Warrior,28,0
1,36,0,6,5,escaped,stuck,25,6,1,Thief,28,0
1,36,0,6,5,escaped,stuck,28,5,1,Thief,28,0
1,36,0,6,5,escaped,stuck,26,4,1,Cleric,28,0
1,36,0,6,5,killed,,25,4,1,Mage,28,0
1,36,0,6,5,escaped,stuck,26,5,1,Thief,28,0
1,36,0,6,5,escaped,stuck,25,7,1,Warrior,28,0
1,36,1,6,5,killed,,28,7,1,Warrior,36,0
1,36,1,6,5,killed,,30,6,1,Cleric,36,0
1,36,1,6,5,killed,,30,4,1,Thief,36,0
1,36,1,6,5,killed,,28,5,1,Thief,36,0
1,36,1,6,5,killed,,30,4,1,Thief,36,0
1,36,2,6,5,killed,,31,5,1,Mage,45,0
1,36,4,6,5,escaped,hp,38,5,1,Mage,61,0
1,36,3,6,5,escaped,satisfied,34,6,0,Mage,53,0
1,36,2,6,5,killed,,33,5,0,Mage,45,0
1,36,2,6,5,killed,,31,4,1,Cleric,45,0
1,36,4,6,5,escaped,satisfied,40,6,1,Thief,61,0
1,36,4,6,5,escaped,satisfied,41,5,1,Warrior,61,0
1,36,4,6,5,escaped,satisfied,40,5,1,Cleric,61,0
1,36,4,6,5,killed,,38,6,1,Thief,61,0
1,36,3,6,5,killed,,34,7,1,Cleric,53,0
1,36,3,6,5,killed,,35,5,1,Cleric,53,0
1,36,3,6,5,killed,,35,5,1,Warrior,53,0
1,36,5,6,5,escaped,hp,61,7,1,Warrior,69,0
1,36,5,6,5,killed,,41,5,1,Thief,69,0
1,36,5,6,5,killed,,40,5,1,Thief,69,0
1,36,5,6,5,killed,,39,3,1,Thief,69,0
1,36,5,6,5,killed,,39,5,1,Cleric,69,0
1,36,5,6,5,killed,,40,5,1,Thief,69,0
1,36,4,6,5,killed,,37,7,1,Cleric,61,0
1,36,4,6,5,killed,,38,4,1,Thief,61,0
1,36,4,6,5,killed,,37,4,1,Thief,61,0
1,36,5,6,5,escaped,hp,41,7,0,Warrior,69,0
1,36,5,6,5,killed,,39,5,0,Warrior,69,0
1,36,4,6,5,killed,,38,5,0,Thief,61,0
1,36,4,6,5,killed,,37,4,0,Thief,61,0
1,36,4,6,5,killed,,36,4,0,Warrior,61,0
1,36,1,6,5,escaped,timeout,29,4,0,Cleric,36,0
1,36,1,6,5,escaped,timeout,31,4,0,Thief,36,0
1,36,1,6,5,escaped,timeout,28,4,0,Warrior,36,0
1,36,2,6,5,killed,,32,6,0,Thief,45,0
1,36,2,6,5,killed,,32,6,0,Thief,45,0
1,36,1,6,5,escaped,timeout,29,6,0,Thief,36,0
1,36,1,6,5,escaped,timeout,31,6,0,Thief,36,0
1,36,0,6,5,escaped,timeout,28,6,0,Warrior,28,0
1,36,0,6,5,killed,,27,5,0,Warrior,28,0
1,36,3,6,5,killed,,34,6,0,Cleric,53,0
1,36,0,6,5,escaped,timeout,26,5,0,Warrior,28,0
1,36,0,6,5,escaped,timeout,26,5,0,Warrior,28,0
1,36,3,6,5,escaped,timeout,34,6,0,Thief,53,0
1,36,3,6,5,escaped,timeout,34,5,0,Cleric,53,0
1,37,0,6,5,escaped,satisfied,30,5,0,Warrior,29,0
1,37,0,6,5,killed,,28,5,0,Mage,29,0
1,37,0,6,5,escaped,hp,38,6,1,Thief,29,0
1,37,1,6,5,escaped,hp,41,7,1,Mage,37,0
1,37,0,6,5,killed,,37,6,0,Mage,29,0
1,37,0,6,5,killed,,32,6,0,Cleric,29,0
1,37,0,6,5,killed,,27,6,1,Cleric,29,0
1,37,0,6,5,killed,,27,4,1,Mage,29,0
1,37,0,6,5,escaped,stuck,26,7,1,Warrior,29,0
1,37,0,6,5,escaped,stuck,27,6,1,Thief,29,0
1,37,0,6,5,escaped,stuck,27,6,1,Warrior,29,0
1,37,0,6,5,escaped,satisfied,27,6,1,Warrior,29,0
1,37,0,6,5,killed,,27,5,1,Cleric,29,0
1,37,0,6,5,escaped,stuck,27,5,1,Thief,29,0
1,37,0,6,5,escaped,stuck,29,5,1,Cleric,29,0
1,37,2,6,5,escaped,hp,32,5,0,Mage,46,0
1,37,1,6,5,killed,,30,7,1,Mage,37,0
1,37,0,6,5,escaped,stuck,26,6,1,Warrior,29,0
1,37,1,6,5,killed,,31,6,1,Mage,37,0
1,37,3,6,5,escaped,satisfied,41,7,1,Mage,54,0
1,37,3,6,5,escaped,satisfied,36,7,0,Warrior,54,0
1,37,1,6,5,killed,,30,6,1,Warrior,37,0
1,37,2,6,5,escaped,satisfied,36,5,0,Thief,46,0
1,37,1,6,5,killed,,30,4,1,Cleric,37,0
1,37,2,6,5,killed,,34,7,1,Thief,46,0
1,37,2,6,5,killed,,33,7,1,Thief,46,0
1,37,2,6,5,killed,,33,5,1,Mage,46,0
1,37,3,6,5,escaped,satisfied,36,6,0,Thief,54,0
1,37,2,6,5,killed,,34,6,1,Thief,46,0
1,37,2,6,5,killed,,33,5,1,Warrior,46,0
1,37,4,6,5,escaped,satisfied,39,5,1,Warrior,63,0
1,37,4,6,5,killed,,40,5,1,Mage,63,0
1,37,3,6,5,killed,,35,5,1,Thief,54,0
1,37,5,6,5,escaped,hp,41,7,1,Thief,71,0
1,37,3,6,5,killed,,34,4,1,Cleric,54,0
1,37,3,6,5,killed,,35,4,1,Cleric,54,0
1,37,5,6,5,killed,,100,7,1,Mage,71,0
1,37,3,6,5,killed,,35,5,0,Mage,54,0
1,37,5,6,5,killed,,40,6,1,Warrior,71,0
1,37,5,6,5,killed,,42,5,1,Warrior,71,0
1,37,5,6,5,killed,,42,5,1,Warrior,71,0
1,37,5,6,5,killed,,40,5,1,Cleric,71,0
1,37,5,6,5,killed,,40,6,1,Thief,71,0
1,37,4,6,5,killed,,38,4,1,Cleric,63,0
1,37,4,6,5,killed,,39,5,1,Thief,63,0
1,37,4,6,5,killed,,39,5,1,Thief,63,0
1,37,4,6,5,killed,,38,4,0,Cleric,63,0
1,37,4,6,5,killed,,38,5,0,Thief,63,0
1,37,3,6,5,escaped,timeout,35,5,0,Thief,54,0
1,37,2,6,5,killed,,33,4,0,Warrior,46,0
1,37,2,6,5,killed,,32,5,0,Warrior,46,0
1,37,1,6,5,escaped,timeout,29,7,0,Warrior,37,0
1,37,1,6,5,escaped,timeout,29,6,0,Thief,37,0
1,37,1,6,5,escaped,timeout,30,6,0,Thief,37,0
1,37,1,6,5,escaped,timeout,31,5,0,Warrior,37,0
1,37,2,6,5,killed,,32,5,0,Cleric,46,0
1,37,1,6,5,escaped,timeout,30,6,0,Mage,37,0
1,37,0,6,5,escaped,timeout,27,4,0,Mage,29,0
1,37,0,6,5,escaped,timeout,26,5,0,Warrior,29,0
1,38,0,6,5,killed,,1,2,0,Warrior,30,0
1,38,0,6,5,killed,,31,5,1,Cleric,30,0
1,38,0,6,5,killed,,29,7,1,Warrior,30,0
1,38,0,6,5,killed,,33,5,1,Thief,30,0
1,38,0,6,5,killed,,26,4,0,Mage,30,0
1,38,2,6,5,escaped,satisfied,33,5,1,Mage,47,0
1,38,0,6,5,killed,,29,6,1,Cleric,30,0
1,38,2,6,5,killed,,34,4,0,Mage,47,0
1,38,0,6,5,killed,,30,4,1,Mage,30,0
1,38,1,6,5,killed,,31,7,1,Thief,38,0
1,38,1,6,5,killed,,31,6,1,Thief,38,0
1,38,1,6,5,killed,,32,5,1,Warrior,38,0
1,38,1,6,5,killed,,31,4,1,Cleric,38,0
1,38,2,6,5,killed,,34,7,1,Thief,47,0
1,38,4,6,5,escaped,satisfied,40,6,0,Cleric,65,0
1,38,2,6,5,killed,,33,5,1,Cleric,47,0
1,38,4,6,5,killed,,41,5,0,Cleric,65,0
1,38,3,6,5,killed,,36,6,1,Thief,56,0
1,38,4,6,5,killed,,42,5,0,Cleric,65,0
1,38,3,6,5,killed,,37,6,1,Thief,56,0
1,38,5,6,5,escaped,satisfied,100,7,1,Mage,74,0
1,38,3,6,5,killed,,38,5,1,Cleric,56,0
1,38,3,6,5,killed,,36,5,1,Thief,56,0
1,38,5,6,5,killed,,41,6,1,Thief,74,0
1,38,5,6,5,killed,,40,5,1,Thief,74,0
1,38,2,6,5,killed,,34,5,0,Thief,47,0
1,38,2,6,5,killed,,34,6,0,Cleric,47,0
1,38,0,6,5,escaped,timeout,27,5,0,Thief,30,0
1,38,0,6,5,escaped,timeout,26,6,0,Cleric,30,0
1,38,0,6,5,escaped,timeout,27,6,0,Cleric,30,0
1,38,2,6,5,killed,,35,4,0,Thief,47,0
1,38,2,6,5,killed,,35,4,0,Thief,47,0
1,39,0,6,5,escaped,satisfied,30,6,1,Warrior,30,0
1,39,0,6,5,killed,,40,6,1,Cleric,30,0
1,39,0,6,5,killed,,36,7,1,Cleric,30,0
1,39,0,6,5,killed,,34,6,0,Mage,30,0
1,39,0,6,5,killed,,39,7,0,Mage,30,0
1,39,0,6,5,escaped,satisfied,43,6,1,Mage,30,0
1,39,0,6,5,escaped,hp,37,4,0,Warrior,30,0
1,39,0,6,5,killed,,44,5,0,Thief,30,0
1,39,0,6,5,killed,,33,5,1,Mage,30,0
1,39,0,6,5,killed,,43,7,1,Thief,30,0
1,39,0,6,5,killed,,27,6,1,Cleric,30,0
1,39,0,6,5,killed,,30,5,1,Thief,30,0
1,39,0,6,5,escaped,stuck,27,5,1,Thief,30,0
1,39,2,6,5,escaped,satisfied,41,7,1,Cleric,47,0
1,39,0,6,5,escaped,stuck,29,6,1,Thief,30,0
1,39,0,6,5,escaped,stuck,29,7,1,Thief,30,0
1,39,0,6,5,escaped,stuck,27,6,1,Cleric,30,0
1,39,0,6,5,escaped,stuck,30,6,1,Thief,30,0
1,39,1,6,5,killed,,31,6,1,Mage,38,0
1,39,1,6,5,killed,,32,7,1,Warrior,38,0
1,39,1,6,5,killed,,32,6,1,Thief,38,0
1,39,3,6,5,escaped,hp,44,5,0,Mage,56,0
1,39,3,6,5,escaped,hp,37,5,0,Warrior,56,0
1,39,1,6,5,killed,,32,4,1,Thief,38,0
1,39,0,6,5,killed,,29,4,1,Warrior,30,0
1,39,0,6,5,escaped,stuck,29,4,1,Warrior,30,0
1,39,3,6,5,escaped,satisfied,36,5,0,Thief,56,0
1,39,2,6,5,killed,,36,7,0,Thief,47,0
1,39,2,6,5,killed,,35,6,1,Mage,47,0
1,39,2,6,5,killed,,35,6,1,Thief,47,0
1,39,3,6,5,escaped,satisfied,37,5,0,Mage,56,0
1,39,3,6,5,killed,,38,7,1,Cleric,56,0
1,39,3,6,5,killed,,37,6,1,Thief,56,0
1,39,4,6,5,killed,,41,5,0,Cleric,65,0
1,39,3,6,5,killed,,37,5,1,Thief,56,0
1,39,5,6,5,escaped,hp,42,5,0,Cleric,74,0
1,39,5,6,5,escaped,hp,43,4,0,Thief,74,0
1,39,4,6,5,killed,,39,4,0,Thief,65,0
1,39,5,6,5,killed,,42,5,1,Thief,74,0
1,39,5,6,5,killed,,42,6,1,Thief,74,0
1,39,5,6,5,killed,,41,6,1,Cleric,74,0
1,39,5,6,5,killed,,41,5,1,Warrior,74,0
1,39,5,6,5,killed,,41,5,1,Mage,74,0
1,39,3,6,5,killed,,37,5,0,Thief,56,0
1,39,4,6,5,killed,,41,6,1,Cleric,65,0
1,39,4,6,5,killed,,40,5,1,Warrior,65,0
1,39,3,6,5,killed,,37,4,0,Thief,56,0
1,39,0,6,5,escaped,satisfied,30,6,0,Thief,30,0
1,39,0,6,5,escaped,timeout,29,7,0,Thief,30,0
1,39,0,6,5,escaped,timeout,30,6,0,Mage,30,0
1,39,0,6,5,escaped,timeout,30,6,0,Thief,30,0
1,39,0,6,5,escaped,timeout,27,5,0,Thief,30,0
1,39,0,6,5,escaped,timeout,30,6,0,Thief,30,0
1,39,1,6,5,escaped,timeout,31,5,0,Cleric,38,0
1,39,2,6,5,killed,,36,5,0,Thief,47,0
1,39,1,6,5,escaped,timeout,33,6,0,Thief,38,0
1,39,1,6,5,escaped,timeout,32,6,0,Thief,38,0
1,39,1,6,5,escaped,timeout,33,6,0,Thief,38,0
1,39,0,6,5,escaped,timeout,29,7,0,Mage,30,0
1,39,0,6,5,escaped,timeout,27,5,0,Mage,30,0
1,40,0,6,5,escaped,satisfied,100,7,1,Cleric,31,0
1,40,2,6,5,escaped,satisfied,79,7,1,Mage,49,0
1,40,2,6,5,escaped,satisfied,100,7,1,Mage,49,0
1,40,2,6,5,escaped,satisfied,100,7,1,Mage,49,0
1,40,2,6,5,escaped,satisfied,100,7,1,Mage,49,0
1,40,2,6,5,escaped,satisfied,84,7,1,Mage,49,0
1,40,0,6,5,killed,,28,7,1,Warrior,31,0
1,40,2,6,5,killed,,35,7,1,Mage,49,0
1,40,4,6,5,killed,,100,7,1,Mage,67,0
1,40,4,6,5,killed,,100,7,1,Mage,67,0
1,40,4,6,5,killed,,74,7,1,Mage,67,0
1,40,4,6,5,killed,,100,7,1,Mage,67,0
1,40,4,6,5,escaped,satisfied,90,7,1,Mage,67,0
1,40,4,6,5,escaped,satisfied,100,7,1,Mage,67,0
1,40,4,6,5,killed,,100,7,1,Warrior,67,0
1,40,4,6,5,killed,,90,7,1,Cleric,67,0
1,40,4,6,5,killed,,82,7,1,Mage,67,0
1,40,4,6,5,escaped,satisfied,95,7,1,Thief,67,0
1,40,4,6,5,escaped,satisfied,100,7,1,Warrior,67,0
1,40,3,6,5,killed,,38,6,1,Cleric,58,0
1,40,5,6,5,escaped,satisfied,100,7,1,Mage,76,0
1,40,5,6,5,killed,,100,7,1,Warrior,76,0
1,40,5,6,5,escaped,satisfied,100,7,1,Warrior,76,0
1,40,5,6,5,escaped,satisfied,97,7,1,Cleric,76,0
1,40,5,6,5,escaped,satisfied,100,7,1,Warrior,76,0
1,40,5,6,5,escaped,satisfied,95,7,1,Thief,76,0
1,40,5,6,5,escaped,satisfied,92,7,1,Cleric,76,0
1,40,5,6,5,escaped,satisfied,100,7,1,Warrior,76,0
1,40,5,6,5,escaped,satisfied,100,7,1,Warrior,76,0
1,40,5,6,5,escaped,satisfied,100,7,1,Warrior,76,0
1,40,5,6,5,killed,,100,7,1,Thief,76,0
1,40,5,6,5,killed,,95,7,1,Cleric,76,0
1,40,5,6,5,escaped,satisfied,77,7,1,Warrior,76,0
1,40,5,6,5,killed,,100,7,1,Cleric,76,0
1,40,5,6,5,killed,,97,7,1,Cleric,76,0
1,40,5,6,5,escaped,satisfied,87,7,1,Thief,76,0
1,40,5,6,5,escaped,satisfied,69,7,1,Warrior,76,0
1,40,5,6,5,escaped,satisfied,95,7,1,Warrior,76,0
1,40,5,6,5,killed,,100,7,1,Cleric,76,0
1,40,5,6,5,escaped,satisfied,97,7,1,Thief,76,0
1,40,4,6,5,killed,,41,5,0,Mage,67,0
1,40,5,6,5,killed,,97,7,1,Warrior,76,1
1,40,5,6,5,killed,,74,7,1,Thief,76,1
1,40,5,6,5,killed,,79,7,1,Cleric,76,1
1,40,5,6,5,killed,,69,7,1,Thief,76,1
1,40,5,6,5,escaped,panic,44,5,0,Cleric,76,0
1,40,5,6,5,killed,,79,7,1,Cleric,76,1
1,40,5,6,5,killed,,74,7,1,Thief,76,1
1,40,5,6,5,killed,,79,7,1,Thief,76,1
1,40,5,6,5,killed,,77,7,1,Cleric,76,1
1,40,5,6,5,killed,,42,5,1,Warrior,76,0
1,40,5,6,5,killed,,82,7,1,Cleric,76,1
1,40,5,6,5,killed,,91,7,1,Warrior,76,1
1,40,5,6,5,killed,,90,7,1,Thief,76,1
1,40,5,6,5,escaped,panic,79,7,1,Thief,76,1
1,40,3,6,5,killed,,37,7,0,Thief,58,0
1,40,3,6,5,killed,,38,6,0,Mage,58,0
1,40,0,6,5,escaped,timeout,29,6,0,Thief,31,0
1,40,0,6,5,escaped,timeout,30,6,0,Thief,31,0
1,41,0,6,5,killed,,34,6,1,Warrior,31,0
1,41,0,6,5,escaped,satisfied,32,7,1,Cleric,31,0
1,41,0,6,5,escaped,panic,40,5,0,Warrior,31,0
1,41,0,6,5,escaped,panic,39,5,0,Thief,31,0
1,41,0,6,5,escaped,panic,44,6,0,Warrior,31,0
1,41,0,6,5,escaped,panic,32,6,0,Thief,31,0
1,41,0,6,5,escaped,panic,31,6,0,Thief,31,0
1,41,0,6,5,escaped,panic,39,7,0,Warrior,31,0
1,41,0,6,5,escaped,panic,43,7,0,Thief,31,0
1,41,0,6,5,killed,,33,5,1,Mage,31,0
1,41,0,6,5,escaped,panic,42,5,1,Warrior,31,0
1,41,0,6,5,escaped,panic,35,7,1,Thief,31,0
1,41,0,6,5,escaped,panic,45,5,1,Cleric,31,0
1,41,0,6,5,escaped,panic,35,6,1,Warrior,31,0
1,41,0,6,5,escaped,panic,32,5,1,Cleric,31,0
1,41,0,6,5,escaped,panic,44,6,1,Warrior,31,0
1,41,0,6,5,escaped,panic,36,7,1,Warrior,31,0
1,41,0,6,5,escaped,panic,30,7,0,Thief,31,0
1,41,0,6,5,escaped,panic,39,6,0,Cleric,31,0
1,41,0,6,5,escaped,panic,42,6,0,Mage,31,0
1,41,0,6,5,escaped,panic,34,6,1,Mage,31,0
1,41,0,6,5,escaped,panic,43,5,0,Warrior,31,0
1,41,0,6,5,escaped,panic,41,5,0,Warrior,31,0
1,41,0,6,5,escaped,panic,35,7,1,Thief,31,0
1,41,0,6,5,escaped,panic,32,7,0,Warrior,31,0
1,41,0,6,5,escaped,panic,31,5,1,Thief,31,0
1,41,0,6,5,escaped,panic,42,7,0,Thief,31,0
1,41,0,6,5,escaped,panic,42,5,1,Thief,31,0
1,41,0,6,5,escaped,panic,37,6,0,Warrior,31,0
1,41,0,6,5,escaped,panic,35,7,1,Thief,31,0
1,41,0,6,5,escaped,panic,42,6,1,Cleric,31,0
1,41,0,6,5,escaped,panic,37,6,1,Thief,31,0
1,41,0,6,5,escaped,panic,42,6,1,Warrior,31,0
1,41,0,6,5,escaped,panic,30,6,0,Cleric,31,0
1,41,0,6,5,escaped,panic,35,7,1,Thief,31,0
1,41,0,6,5,escaped,panic,29,5,1,Mage,31,0
1,41,0,6,5,escaped,panic,38,7,1,Mage,31,0
1,41,0,6,5,escaped,panic,43,5,0,Thief,31,0
1,41,0,6,5,escaped,panic,42,5,0,Thief,31,0
1,41,0,6,5,escaped,panic,34,5,0,Thief,31,0
1,41,0,6,5,escaped,panic,43,7,0,Mage,31,0
1,41,0,6,5,escaped,panic,44,6,0,Cleric,31,0
1,41,0,6,5,escaped,panic,34,5,0,Thief,31,0
1,41,0,6,5,escaped,panic,44,5,0,Warrior,31,0
1,41,0,6,5,escaped,panic,30,5,0,Thief,31,0
1,41,0,6,5,escaped,panic,40,7,1,Mage,31,0
1,41,0,6,5,escaped,panic,40,7,1,Mage,31,0
1,41,0,6,5,escaped,panic,43,6,1,Mage,31,0
1,41,0,6,5,escaped,panic,40,6,1,Mage,31,0
1,41,0,6,5,escaped,hp,32,5,1,Mage,31,0
1,41,0,6,5,escaped,panic,28,5,1,Thief,31,0
1,41,0,6,5,escaped,panic,28,5,1,Cleric,31,0
1,41,0,6,5,escaped,panic,40,5,1,Mage,31,0
1,41,0,6,5,escaped,panic,38,5,1,Mage,31,0
1,41,0,6,5,escaped,panic,36,5,1,Mage,31,0
1,41,0,6,5,escaped,panic,36,7,1,Thief,31,0
1,41,0,6,5,escaped,panic,42,7,1,Warrior,31,0
1,41,0,6,5,escaped,panic,40,6,1,Thief,31,0
1,41,0,6,5,escaped,panic,38,6,1,Warrior,31,0
1,41,0,6,5,escaped,panic,36,6,1,Thief,31,0
1,41,0,6,5,escaped,panic,42,6,1,Warrior,31,0
1,41,0,6,5,escaped,panic,44,5,1,Thief,31,0
1,41,0,6,5,escaped,panic,31,5,1,Cleric,31,0
1,41,0,6,5,escaped,panic,43,5,1,Warrior,31,0
1,41,0,6,5,escaped,stuck,31,5,1,Thief,31,0
1,41,1,6,5,killed,,32,5,1,Mage,41,0
1,41,3,6,5,escaped,satisfied,45,7,1,Cleric,59,0
1,41,1,6,5,killed,,33,7,1,Warrior,41,0
1,41,1,6,5,killed,,33,5,1,Warrior,41,0
1,41,2,6,5,killed,,37,5,1,Thief,50,0
1,41,4,6,5,escaped,satisfied,43,6,1,Cleric,68,0
1,41,4,6,5,escaped,satisfied,45,7,1,Warrior,68,0
1,41,4,6,5,killed,,41,5,1,Cleric,68,0
1,41,4,6,5,killed,,42,5,1,Cleric,68,0
1,41,4,6,5,killed,,43,6,1,Thief,68,0
1,41,3,6,5,killed,,38,7,1,Mage,59,0
1,41,3,6,5,killed,,37,6,1,Thief,59,0
1,41,3,6,5,killed,,39,6,1,Thief,59,0
1,41,3,6,5,killed,,40,5,1,Thief,59,0
1,41,3,6,5,killed,,38,5,1,Cleric,59,0
1,41,5,6,5,escaped,hp,45,7,1,Mage,78,0
1,41,5,6,5,escaped,hp,45,6,1,Thief,78,0
1,41,5,6,5,escaped,hp,43,6,1,Warrior,78,0
1,41,5,6,5,killed,,44,5,1,Mage,78,0
1,41,4,6,5,killed,,41,6,1,Mage,68,0
1,41,4,6,5,killed,,43,6,1,Cleric,68,0
1,41,4,6,5,killed,,41,7,0,Thief,68,0
1,41,5,6,5,killed,,44,6,0,Thief,78,0
1,41,1,6,5,escaped,timeout,32,7,0,Mage,41,0
1,41,1,6,5,escaped,timeout,34,7,0,Thief,41,0
1,41,1,6,5,escaped,timeout,33,6,0,Cleric,41,0
1,41,2,6,5,killed,,34,5,0,Cleric,50,0
1,41,2,6,5,killed,,37,7,0,Warrior,50,0
1,42,0,6,5,escaped,satisfied,37,5,1,Warrior,32,0
1,42,0,6,5,escaped,satisfied,44,6,1,Mage,32,0
1,42,0,6,5,escaped,satisfied,43,6,1,Cleric,32,0
1,42,0,6,5,escaped,hp,46,6,1,Cleric,32,0
1,42,0,6,5,escaped,satisfied,30,7,0,Mage,32,0
1,42,0,6,5,escaped,hp,36,7,1,Warrior,32,0
1,42,1,6,5,escaped,satisfied,35,7,0,Warrior,42,0
1,42,1,6,5,killed,,40,5,0,Mage,42,0
1,42,0,6,5,killed,,41,5,0,Warrior,32,0
1,42,2,6,5,escaped,hp,43,6,1,Cleric,51,0
1,42,0,6,5,escaped,satisfied,32,7,0,Warrior,32,0
1,42,0,6,5,escaped,stuck,31,7,1,Thief,32,0
1,42,2,6,5,killed,,43,7,1,Warrior,51,0
1,42,2,6,5,escaped,satisfied,100,7,1,Mage,51,0
1,42,0,6,5,escaped,stuck,29,5,1,Thief,32,0
1,42,0,6,5,escaped,satisfied,29,6,1,Warrior,32,0
1,42,0,6,5,escaped,stuck,31,5,1,Thief,32,0
1,42,0,6,5,escaped,stuck,30,7,1,Cleric,32,0
1,42,0,6,5,escaped,stuck,30,6,1,Thief,32,0
1,42,2,6,5,escaped,satisfied,37,6,0,Mage,51,0
1,42,0,6,5,escaped,stuck,30,7,1,Mage,32,0
1,42,1,6,5,killed,,34,7,1,Warrior,42,0
1,42,3,6,5,escaped,hp,41,5,1,Mage,61,0
1,42,1,6,5,killed,,33,6,1,Cleric,42,0
1,42,1,6,5,killed,,32,6,1,Thief,42,0
1,42,1,6,5,killed,,33,6,1,Mage,42,0
1,42,1,6,5,killed,,34,5,1,Warrior,42,0
1,42,4,6,5,escaped,hp,46,5,1,Mage,70,0
1,42,4,6,5,escaped,hp,47,7,1,Mage,70,0
1,42,4,6,5,escaped,satisfied,44,5,0,Mage,70,0
1,42,2,6,5,killed,,38,6,1,Thief,51,0
1,42,4,6,5,escaped,satisfied,46,7,1,Thief,70,0
1,42,2,6,5,killed,,37,6,1,Thief,51,0
1,42,2,6,5,killed,,38,6,1,Thief,51,0
1,42,2,6,5,killed,,37,5,1,Thief,51,0
1,42,4,6,5,escaped,satisfied,45,7,1,Thief,70,0
1,42,3,6,5,killed,,41,7,1,Thief,61,0
1,42,3,6,5,killed,,41,5,1,Cleric,61,0
1,42,4,6,5,killed,,46,6,1,Mage,70,0
1,42,3,6,5,killed,,41,5,1,Mage,61,0
1,42,4,6,5,escaped,satisfied,46,6,0,Thief,70,0
1,42,5,6,5,killed,,44,5,1,Warrior,80,0
1,42,5,6,5,killed,,46,5,1,Cleric,80,0
1,42,5,6,5,killed,,45,7,1,Thief,80,0
1,42,5,6,5,killed,,44,4,1,Warrior,80,0
1,42,4,6,5,killed,,44,5,1,Thief,70,0
1,42,3,6,5,killed,,39,7,0,Warrior,61,0
1,42,2,6,5,killed,,37,6,0,Mage,51,0
1,42,2,6,5,killed,,38,6,0,Thief,51,0
1,42,2,6,5,killed,,38,7,0,Thief,51,0
1,42,2,6,5,killed,,38,5,0,Cleric,51,0
1,42,1,6,5,escaped,timeout,34,7,0,Thief,42,0
1,42,1,6,5,escaped,timeout,33,6,0,Mage,42,0
1,42,1,6,5,escaped,timeout,34,5,0,Mage,42,0
1,42,1,6,5,escaped,timeout,34,6,0,Thief,42,0
1,42,1,6,5,escaped,timeout,33,6,0,Warrior,42,0
1,42,1,6,5,escaped,timeout,33,5,0,Thief,42,0
1,42,0,6,5,escaped,timeout,32,5,0,Thief,32,0
1,42,0,6,5,escaped,timeout,29,5,0,Cleric,32,0
1,43,0,6,5,escaped,satisfied,45,6,1,Mage,32,0
1,43,0,6,5,killed,,1,2,0,Warrior,32,0
1,43,0,6,5,killed,,39,6,1,Warrior,32,0
1,43,0,6,5,escaped,hp,39,6,1,Warrior,32,0
1,43,0,6,5,killed,,31,5,0,Mage,32,0
1,43,0,6,5,escaped,satisfied,40,6,1,Mage,32,0
1,43,1,6,5,escaped,hp,35,6,1,Cleric,42,0
1,43,0,6,5,escaped,satisfied,34,7,1,Thief,32,0
1,43,0,6,5,escaped,hp,30,7,0,Thief,32,0
1,43,0,6,5,killed,,32,5,1,Mage,32,0
1,43,0,6,5,escaped,stuck,32,5,1,Mage,32,0
1,43,0,6,5,escaped,stuck,29,5,1,Mage,32,0
1,43,0,6,5,escaped,stuck,33,6,1,Thief,32,0
1,43,0,6,5,killed,,33,5,1,Mage,32,0
1,43,0,6,5,escaped,stuck,33,5,1,Thief,32,0
1,43,0,6,5,escaped,stuck,29,6,1,Thief,32,0
1,43,0,6,5,escaped,stuck,31,7,1,Thief,32,0
1,43,0,6,5,escaped,stuck,32,6,1,Thief,32,0
1,43,1,6,5,killed,,35,7,1,Thief,42,0
1,43,1,6,5,killed,,35,5,1,Thief,42,0
1,43,2,6,5,escaped,satisfied,37,7,0,Thief,51,0
1,43,2,6,5,killed,,39,6,1,Mage,51,0
1,43,2,6,5,killed,,38,6,1,Warrior,51,0
1,43,3,6,5,escaped,satisfied,46,5,1,Mage,61,0
1,43,2,6,5,killed,,38,5,1,Cleric,51,0
1,43,2,6,5,killed,,36,5,1,Cleric,51,0
1,43,4,6,5,escaped,satisfied,49,7,1,Warrior,70,0
1,43,4,6,5,escaped,satisfied,100,7,1,Cleric,70,0
1,43,3,6,5,killed,,42,6,1,Warrior,61,0
1,43,3,6,5,killed,,40,6,1,Cleric,61,0
1,43,4,6,5,escaped,satisfied,47,7,0,Warrior,70,0
1,43,5,6,5,killed,,48,6,1,Cleric,80,0
1,43,5,6,5,killed,,46,7,1,Warrior,80,0
1,43,4,6,5,killed,,43,7,1,Thief,70,0
1,43,4,6,5,killed,,43,7,1,Thief,70,0
1,43,5,6,5,killed,,46,6,1,Thief,80,0
1,43,5,6,5,killed,,47,7,1,Thief,80,0
1,43,5,6,5,killed,,45,6,1,Thief,80,0
1,43,5,6,5,killed,,46,6,1,Warrior,80,0
1,43,4,6,5,escaped,stuck,44,5,1,Thief,70,0
1,43,5,6,5,escaped,satisfied,47,5,0,Thief,80,0
1,43,4,6,5,killed,,45,5,0,Thief,70,0
1,43,5,6,5,killed,,47,6,0,Cleric,80,0
1,43,1,6,5,killed,,36,7,0,Mage,42,0
1,43,1,6,5,escaped,satisfied,35,7,0,Mage,42,0
1,43,4,6,5,escaped,hp,44,7,0,Cleric,70,0
1,43,4,6,5,escaped,satisfied,43,7,0,Cleric,70,0
1,43,0,6,5,escaped,timeout,32,7,0,Thief,32,0
1,43,0,6,5,escaped,timeout,29,7,0,Thief,32,0
1,43,3,6,5,killed,,41,6,0,Warrior,61,0
1,43,3,6,5,killed,,41,6,0,Thief,61,0
1,43,0,6,5,killed,,29,7,0,Mage,32,0
1,43,1,6,5,escaped,timeout,35,5,0,Thief,42,0
1,43,1,6,5,escaped,timeout,36,5,0,Thief,42,0
1,43,1,6,5,escaped,timeout,33,7,0,Thief,42,0
1,43,2,6,5,killed,,38,6,0,Thief,51,0
1,43,2,6,5,killed,,38,5,0,Thief,51,0
1,43,0,6,5,escaped,timeout,33,5,0,Thief,32,0
1,43,2,6,5,killed,,38,5,0,Thief,51,0
1,43,0,6,5,escaped,timeout,29,5,0,Cleric,32,0
1,43,2,6,5,killed,,39,6,0,Thief,51,0
1,44,0,6,5,escaped,satisfied,45,7,0,Warrior,33,0
1,44,0,6,5,escaped,hp,48,5,0,Mage,33,0
1,44,0,6,5,escaped,hp,31,5,0,Thief,33,0
1,44,0,6,5,escaped,hp,31,5,0,Mage,33,0
1,44,0,6,5,escaped,hp,48,5,0,Thief,33,0
1,44,0,6,5,escaped,satisfied,40,7,0,Mage,33,0
1,44,0,6,5,escaped,stuck,32,7,1,Thief,33,0
1,44,0,6,5,escaped,stuck,32,7,1,Cleric,33,0
1,44,0,6,5,escaped,stuck,33,6,1,Thief,33,0
1,44,0,6,5,escaped,satisfied,33,5,0,Thief,33,0
1,44,0,6,5,escaped,stuck,30,5,1,Warrior,33,0
1,44,1,6,5,escaped,satisfied,35,6,0,Thief,43,0
1,44,1,6,5,killed,,36,7,1,Cleric,43,0
1,44,3,6,5,escaped,satisfied,47,7,0,Mage,62,0
1,44,1,6,5,killed,,36,6,1,Cleric,43,0
1,44,0,6,5,escaped,stuck,31,7,1,Cleric,33,0
1,44,1,6,5,killed,,37,6,1,Thief,43,0
1,44,1,6,5,killed,,35,5,1,Warrior,43,0
1,44,2,6,5,killed,,39,7,1,Mage,53,0
1,44,2,6,5,killed,,39,5,1,Mage,53,0
1,44,2,6,5,killed,,37,7,1,Warrior,53,0
1,44,2,6,5,killed,,39,6,1,Warrior,53,0
1,44,4,6,5,escaped,satisfied,45,7,1,Warrior,72,0
1,44,2,6,5,killed,,40,7,1,Thief,53,0
1,44,4,6,5,escaped,satisfied,100,7,1,Mage,72,0
1,44,2,6,5,killed,,39,6,0,Thief,53,0
1,44,4,6,5,escaped,satisfied,45,7,1,Cleric,72,0
1,44,4,6,5,escaped,satisfied,43,7,1,Thief,72,0
1,44,3,6,5,killed,,40,7,1,Mage,62,0
1,44,3,6,5,killed,,43,5,1,Thief,62,0
1,44,5,6,5,escaped,hp,100,7,1,Mage,82,0
1,44,4,6,5,escaped,hp,43,6,0,Cleric,72,0
1,44,4,6,5,killed,,44,5,0,Mage,72,0
1,44,4,6,5,killed,,43,7,0,Thief,72,0
1,44,4,6,5,killed,,44,6,1,Thief,72,0
1,44,4,6,5,killed,,45,7,1,Mage,72,0
1,44,5,6,5,killed,,48,6,1,Thief,82,0
1,44,5,6,5,killed,,48,6,1,Thief,82,0
1,44,4,6,5,killed,,44,5,1,Mage,72,0
1,44,5,6,5,killed,,48,5,0,Warrior,82,0
1,44,5,6,5,killed,,48,7,0,Mage,82,0
1,44,5,6,5,killed,,48,6,0,Warrior,82,0
1,44,5,6,5,killed,,48,6,0,Warrior,82,0
1,44,5,6,5,killed,,46,6,0,Warrior,82,0
1,44,4,6,5,killed,,45,5,0,Thief,72,0
1,44,4,6,5,killed,,45,7,0,Warrior,72,0
1,44,4,6,5,killed,,45,7,0,Thief,72,0
1,44,1,6,5,escaped,timeout,36,5,0,Cleric,43,0
1,44,2,6,5,killed,,38,6,0,Cleric,53,0
1,44,0,6,5,escaped,timeout,33,6,0,Cleric,33,0
1,44,2,6,5,killed,,39,6,0,Cleric,53,0
1,44,3,6,5,killed,,43,5,0,Thief,62,0
1,44,3,6,5,killed,,42,6,0,Thief,62,0
1,44,3,6,5,killed,,41,7,0,Cleric,62,0
1,44,0,6,5,escaped,timeout,30,7,0,Thief,33,0
1,44,0,6,5,escaped,timeout,30,7,0,Thief,33,0
1,44,0,6,5,escaped,timeout,30,5,0,Warrior,33,0
1,44,3,6,5,killed,,42,7,0,Warrior,62,0
1,44,3,6,5,killed,,43,7,0,Thief,62,0
1,45,0,6,5,escaped,satisfied,100,7,1,Cleric,34,0
1,45,0,6,5,escaped,satisfied,92,7,1,Mage,34,0
1,45,0,6,5,escaped,satisfied,100,7,1,Mage,34,0
1,45,0,6,5,escaped,satisfied,100,7,1,Mage,34,0
1,45,2,6,5,escaped,satisfied,100,7,1,Warrior,54,0
1,45,2,6,5,escaped,satisfied,100,7,1,Warrior,54,0
1,45,3,6,5,escaped,satisfied,100,7,1,Mage,64,0
1,45,3,6,5,escaped,satisfied,44,7,0,Mage,64,0
1,45,0,6,5,killed,,32,6,1,Cleric,34,0
1,45,4,6,5,escaped,satisfied,100,7,1,Mage,74,0
1,45,4,6,5,escaped,satisfied,100,7,1,Warrior,74,0
1,45,4,6,5,escaped,satisfied,100,7,1,Mage,74,0
1,45,4,6,5,killed,,100,7,1,Mage,74,0
1,45,4,6,5,escaped,satisfied,82,7,1,Cleric,74,0
1,45,4,6,5,escaped,satisfied,100,7,1,Mage,74,0
1,45,2,6,5,killed,,41,6,1,Thief,54,0
1,45,2,6,5,killed,,38,5,1,Thief,54,0
1,45,4,6,5,killed,,87,7,1,Mage,74,0
1,45,3,6,5,killed,,42,6,1,Cleric,64,0
1,45,5,6,5,escaped,hp,49,7,1,Mage,84,0
1,45,5,6,5,killed,,100,7,1,Warrior,84,0
1,45,5,6,5,escaped,satisfied,100,7,1,Thief,84,0
1,45,5,6,5,escaped,satisfied,95,7,1,Warrior,84,0
1,45,5,6,5,killed,,100,7,1,Mage,84,0
1,45,5,6,5,escaped,satisfied,100,7,1,Cleric,84,0
1,45,5,6,5,killed,,100,7,1,Warrior,84,0
1,45,5,6,5,killed,,58,7,1,Warrior,84,0
1,45,5,6,5,killed,,100,7,1,Cleric,84,0
1,45,5,6,5,escaped,satisfied,100,7,1,Mage,84,0
1,45,5,6,5,escaped,satisfied,100,7,1,Thief,84,0
1,45,5,6,5,escaped,satisfied,100,7,1,Thief,84,0
1,45,5,6,5,escaped,satisfied,100,7,1,Cleric,84,0
1,45,5,6,5,escaped,satisfied,100,7,1,Warrior,84,0
1,45,5,6,5,escaped,satisfied,100,7,1,Thief,84,0
1,45,5,6,5,escaped,satisfied,100,7,1,Cleric,84,0
1,45,5,6,5,escaped,satisfied,100,7,1,Thief,84,0
1,45,5,6,5,escaped,satisfied,84,7,1,Cleric,84,0
1,45,5,6,5,killed,,100,7,1,Warrior,84,0
1,45,4,6,5,killed,,46,7,1,Warrior,74,0
1,45,5,6,5,killed,,97,7,1,Mage,84,0
1,45,5,6,5,killed,,77,7,1,Cleric,84,0
1,45,5,6,5,killed,,84,7,1,Thief,84,1
1,45,5,6,5,killed,,84,7,1,Thief,84,0
1,45,5,6,5,killed,,100,7,1,Cleric,84,1
1,45,5,6,5,killed,,92,7,1,Cleric,84,0
1,45,5,6,5,killed,,97,7,1,Warrior,84,1
1,45,5,6,5,killed,,92,7,1,Cleric,84,1
1,45,5,6,5,killed,,100,7,1,Warrior,84,1
1,45,5,6,5,killed,,79,7,1,Warrior,84,1
1,45,5,6,5,killed,,92,7,1,Thief,84,0
1,45,5,6,5,killed,,95,7,1,Thief,84,1
1,45,5,6,5,killed,,82,7,1,Warrior,84,1
1,45,5,6,5,killed,,82,7,1,Thief,84,1
1,45,5,6,5,killed,,100,7,1,Thief,84,1
1,45,5,6,5,killed,,55,7,1,Cleric,84,1
1,45,5,6,5,killed,,100,7,1,Cleric,84,1
1,45,5,6,5,killed,,100,7,1,Cleric,84,1
1,45,3,6,5,killed,,41,6,0,Warrior,64,0
1,45,4,6,5,killed,,45,6,0,Thief,74,0
1,46,0,6,5,escaped,satisfied,36,6,1,Mage,35,0
1,46,0,6,5,killed,,31,7,1,Mage,35,0
1,46,0,6,5,escaped,panic,40,5,0,Mage,35,0
1,46,0,6,5,escaped,panic,41,7,0,Mage,35,0
1,46,0,6,5,escaped,panic,47,7,1,Mage,35,0
1,46,0,6,5,escaped,panic,42,6,1,Mage,35,0
1,46,0,6,5,killed,,38,7,0,Mage,35,0
1,46,0,6,5,escaped,panic,36,7,1,Mage,35,0
1,46,0,6,5,killed,,42,6,0,Mage,35,0
1,46,0,6,5,killed,,49,6,0,Mage,35,0
1,46,0,6,5,killed,,38,5,0,Mage,35,0
1,46,0,6,5,killed,,36,5,1,Mage,35,0
1,46,0,6,5,killed,,33,7,0,Mage,35,0
1,46,0,6,5,killed,,41,7,1,Mage,35,0
1,46,0,6,5,killed,,44,7,0,Mage,35,0
1,46,0,6,5,killed,,34,5,1,Mage,35,0
1,46,0,6,5,killed,,49,5,0,Mage,35,0
1,46,0,6,5,escaped,satisfied,49,6,1,Mage,35,0
1,46,0,6,5,killed,,33,6,1,Mage,35,0
1,46,0,6,5,killed,,46,7,1,Mage,35,0
1,46,0,6,5,killed,,37,7,0,Mage,35,0
1,46,0,6,5,killed,,31,5,0,Mage,35,0
1,46,0,6,5,killed,,37,6,1,Mage,35,0
1,46,1,6,5,escaped,hp,45,5,1,Mage,45,0
1,46,1,6,5,escaped,hp,47,7,1,Mage,45,0
1,46,1,6,5,killed,,37,6,1,Mage,45,0
1,46,1,6,5,escaped,satisfied,36,7,0,Mage,45,0
1,46,0,6,5,killed,,34,6,1,Mage,35,0
1,46,0,6,5,killed,,32,6,1,Mage,35,0
1,46,2,6,5,escaped,hp,49,6,1,Mage,55,0
1,46,0,6,5,killed,,34,5,1,Mage,35,0
1,46,2,6,5,escaped,satisfied,50,6,1,Mage,55,0
1,46,2,6,5,escaped,satisfied,100,7,1,Mage,55,0
1,46,0,6,5,killed,,34,7,1,Mage,35,0
1,46,1,6,5,killed,,37,7,1,Mage,45,0
1,46,1,6,5,killed,,37,6,1,Mage,45,0
1,46,1,6,5,killed,,37,6,1,Mage,45,0
1,46,3,6,5,escaped,hp,46,6,1,Mage,66,0
1,46,3,6,5,escaped,hp,42,7,1,Mage,66,0
1,46,3,6,5,escaped,satisfied,48,6,0,Mage,66,0
1,46,4,6,5,escaped,satisfied,100,7,1,Mage,76,0
1,46,4,6,5,killed,,50,6,1,Mage,76,0
1,46,4,6,5,escaped,satisfied,44,5,1,Mage,76,0
1,46,3,6,5,killed,,44,7,1,Mage,66,0
1,46,4,6,5,killed,,51,7,1,Cleric,76,0
1,46,4,6,5,killed,,49,5,0,Mage,76,0
1,46,4,6,5,killed,,45,7,0,Mage,76,0
1,46,4,6,5,killed,,50,7,0,Mage,76,0
1,46,1,6,5,killed,,35,5,0,Mage,45,0
1,46,1,6,5,killed,,37,7,0,Mage,45,0
1,46,0,6,5,killed,,33,6,0,Mage,35,0
1,46,0,6,5,killed,,34,6,0,Mage,35,0
1,46,1,6,5,killed,,37,6,0,Mage,45,0
1,46,0,6,5,killed,,32,7,0,Mage,35,0
1,46,3,6,5,escaped,timeout,43,7,0,Mage,66,0
1,46,1,6,5,killed,,37,6,0,Mage,45,0
1,46,0,6,5,killed,,33,5,0,Mage,35,0
1,46,0,6,5,escaped,timeout,32,5,0,Mage,35,0
1,47,0,6,5,killed,,42,6,0,Mage,35,0
1,47,0,6,5,killed,,33,7,0,Cleric,35,0
1,47,0,6,5,killed,,45,7,0,Mage,35,0
1,47,0,6,5,killed,,44,7,0,Warrior,35,0
1,47,0,6,5,escaped,hp,44,7,0,Warrior,35,0
1,47,1,6,5,escaped,satisfied,47,7,1,Mage,45,0
1,47,1,6,5,escaped,satisfied,45,7,0,Mage,45,0
1,47,0,6,5,killed,,37,5,1,Mage,35,0
1,47,0,6,5,killed,,48,7,1,Warrior,35,0
1,47,0,6,5,killed,,34,6,1,Thief,35,0
1,47,0,6,5,killed,,33,5,1,Thief,35,0
1,47,0,6,5,escaped,hp,45,6,1,Warrior,35,0
1,47,0,6,5,escaped,stuck,35,7,1,Thief,35,0
1,47,0,6,5,escaped,stuck,31,7,1,Warrior,35,0
1,47,2,6,5,escaped,satisfied,48,5,1,Mage,55,0
1,47,0,6,5,escaped,stuck,33,5,1,Mage,35,0
1,47,0,6,5,escaped,stuck,33,7,1,Thief,35,0
1,47,0,6,5,escaped,stuck,34,6,1,Thief,35,0
1,47,1,6,5,killed,,38,7,1,Thief,45,0
1,47,1,6,5,killed,,36,7,1,Thief,45,0
1,47,0,6,5,escaped,stuck,33,7,1,Warrior,35,0
1,47,1,6,5,killed,,38,6,1,Warrior,45,0
1,47,3,6,5,escaped,satisfied,45,7,1,Thief,66,0
1,47,2,6,5,escaped,satisfied,41,7,0,Thief,55,0
1,47,1,6,5,escaped,stuck,38,6,1,Warrior,45,0
1,47,1,6,5,killed,,36,5,1,Warrior,45,0
1,47,2,6,5,killed,,42,6,1,Thief,55,0
1,47,2,6,5,killed,,40,6,1,Cleric,55,0
1,47,3,6,5,escaped,satisfied,48,7,1,Thief,66,0
1,47,3,6,5,killed,,44,7,1,Thief,66,0
1,47,3,6,5,killed,,43,6,1,Warrior,66,0
1,47,3,6,5,killed,,44,6,1,Thief,66,0
1,47,3,6,5,killed,,44,6,1,Warrior,66,0
1,47,4,6,5,killed,,47,5,0,Thief,76,0
1,47,3,6,5,killed,,43,5,1,Warrior,66,0
1,47,3,6,5,killed,,45,6,1,Warrior,66,0
1,47,4,6,5,killed,,46,6,0,Cleric,76,0
1,47,5,6,5,escaped,satisfied,100,7,1,Cleric,86,0
1,47,5,6,5,escaped,satisfied,51,7,0,Thief,86,0
1,47,4,6,5,killed,,47,7,1,Thief,76,0
1,47,4,6,5,killed,,46,6,1,Cleric,76,0
1,47,5,6,5,killed,,49,7,1,Thief,86,0
1,47,4,6,5,escaped,stuck,48,7,1,Thief,76,0
1,47,5,6,5,killed,,51,7,1,Thief,86,0
1,47,5,6,5,killed,,48,7,1,Thief,86,0
1,47,5,6,5,killed,,48,5,1,Cleric,86,0
1,47,5,6,5,killed,,50,7,1,Thief,86,0
1,47,3,6,5,killed,,45,6,0,Cleric,66,0
1,47,3,6,5,killed,,45,6,0,Cleric,66,0
1,47,3,6,5,killed,,42,7,0,Thief,66,0
1,47,3,6,5,killed,,45,7,0,Cleric,66,0
1,47,3,6,5,escaped,hp,45,7,0,Thief,66,0
1,47,1,6,5,escaped,timeout,37,6,0,Mage,45,0
1,47,1,6,5,escaped,timeout,36,7,0,Warrior,45,0
1,47,1,6,5,escaped,timeout,39,7,0,Thief,45,0
1,47,1,6,5,escaped,timeout,36,7,0,Cleric,45,0
1,47,1,6,5,escaped,timeout,38,7,0,Thief,45,0
1,47,0,6,5,escaped,timeout,32,7,0,Warrior,35,0
1,47,0,6,5,escaped,timeout,35,6,0,Thief,35,0
1,47,0,6,5,escaped,timeout,33,5,0,Thief,35,0
1,48,0,6,5,killed,,35,7,0,Warrior,36,0
1,48,0,6,5,killed,,46,7,1,Warrior,36,0
1,48,0,6,5,killed,,38,7,1,Mage,36,0
1,48,0,6,5,killed,,44,7,0,Thief,36,0
1,48,0,6,5,killed,,36,6,0,Mage,36,0
1,48,0,6,5,killed,,51,6,1,Warrior,36,0
1,48,0,6,5,killed,,44,6,1,Warrior,36,0
1,48,0,6,5,killed,,46,7,0,Thief,36,0
1,48,0,6,5,killed,,46,6,1,Mage,36,0
1,48,0,6,5,killed,,50,6,0,Thief,36,0
1,48,0,6,5,killed,,42,5,0,Thief,36,0
1,48,0,6,5,killed,,36,5,1,Mage,36,0
1,48,0,6,5,killed,,32,7,1,Warrior,36,0
1,48,0,6,5,killed,,41,6,0,Cleric,36,0
1,48,0,6,5,killed,,34,6,0,Warrior,36,0
1,48,0,6,5,killed,,47,7,0,Cleric,36,0
1,48,0,6,5,killed,,37,7,0,Thief,36,0
1,48,0,6,5,killed,,34,7,0,Mage,36,0
1,48,0,6,5,escaped,hp,34,7,0,Mage,36,0
1,48,0,6,5,killed,,47,6,0,Warrior,36,0
1,48,0,6,5,escaped,hp,43,6,0,Warrior,36,0
1,48,0,6,5,escaped,satisfied,34,7,0,Cleric,36,0
1,48,0,6,5,killed,,40,6,1,Thief,36,0
1,48,0,6,5,killed,,50,7,1,Cleric,36,0
1,48,0,6,5,killed,,50,7,1,Thief,36,0
1,48,0,6,5,killed,,34,6,1,Mage,36,0
1,48,0,6,5,killed,,34,7,1,Warrior,36,0
1,48,0,6,5,escaped,stuck,34,7,1,Warrior,36,0
1,48,0,6,5,killed,,33,7,1,Cleric,36,0
1,48,2,6,5,escaped,satisfied,52,6,0,Thief,57,0
1,48,0,6,5,escaped,stuck,33,7,1,Thief,36,0
1,48,0,6,5,killed,,34,7,1,Warrior,36,0
1,48,0,6,5,escaped,stuck,34,7,1,Warrior,36,0
1,48,0,6,5,escaped,stuck,33,7,1,Warrior,36,0
1,48,2,6,5,escaped,satisfied,47,7,1,Warrior,57,0
1,48,0,6,5,killed,,35,6,1,Mage,36,0
1,48,2,6,5,escaped,satisfied,41,7,0,Mage,57,0
1,48,0,6,5,killed,,32,6,1,Mage,36,0
1,48,0,6,5,killed,,32,7,1,Warrior,36,0
1,48,0,6,5,killed,,32,7,1,Mage,36,0
1,48,1,6,5,killed,,38,7,1,Thief,46,0
1,48,3,6,5,escaped,satisfied,100,7,1,Mage,67,0
1,48,1,6,5,killed,,37,6,1,Cleric,46,0
1,48,1,6,5,killed,,38,6,1,Warrior,46,0
1,48,1,6,5,killed,,38,6,1,Thief,46,0
1,48,2,6,5,escaped,satisfied,45,7,0,Cleric,57,0
1,48,1,6,5,killed,,37,5,1,Thief,46,0
1,48,2,6,5,killed,,41,7,1,Warrior,57,0
1,48,4,6,5,killed,,100,7,1,Mage,78,0
1,48,3,6,5,escaped,satisfied,47,6,0,Thief,67,0
1,48,2,6,5,killed,,41,5,1,Thief,57,0
1,48,4,6,5,killed,,49,5,1,Cleric,78,0
1,48,4,6,5,killed,,48,5,1,Warrior,78,0
1,48,4,6,5,killed,,49,6,1,Thief,78,0
1,48,4,6,5,killed,,49,7,0,Thief,78,0
1,48,3,6,5,killed,,46,7,1,Warrior,67,0
1,48,3,6,5,killed,,43,7,1,Thief,67,0
1,48,3,6,5,killed,,46,5,0,Warrior,67,0
1,48,4,6,5,killed,,48,6,0,Thief,78,0
1,48,1,6,5,killed,,38,7,0,Cleric,46,0
1,48,1,6,5,killed,,38,5,0,Cleric,46,0
1,48,2,6,5,killed,,41,7,0,Cleric,57,0
1,48,1,6,5,escaped,timeout,37,6,0,Thief,46,0
1,48,2,6,5,killed,,42,6,0,Thief,57,0
1,48,1,6,5,killed,,38,6,0,Mage,46,0
1,48,2,6,5,killed,,43,5,0,Thief,57,0
1,48,0,6,5,killed,,35,7,0,Thief,36,0
1,48,0,6,5,killed,,35,7,0,Cleric,36,0
1,49,0,6,5,killed,,36,6,1,Warrior,37,0
1,49,0,6,5,killed,,46,6,1,Mage,37,0
1,49,0,6,5,killed,,40,7,0,Thief,37,0
1,49,0,6,5,killed,,36,5,1,Cleric,37,0
1,49,0,6,5,killed,,45,7,0,Cleric,37,0
1,49,0,6,5,killed,,39,6,0,Cleric,37,0
1,49,0,6,5,killed,,42,6,0,Cleric,37,0
1,49,0,6,5,killed,,47,7,0,Cleric,37,0
1,49,0,6,5,killed,,40,5,1,Mage,37,0
1,49,0,6,5,killed,,45,7,0,Thief,37,0
1,49,0,6,5,killed,,51,6,1,Warrior,37,0
1,49,0,6,5,killed,,36,7,1,Cleric,37,0
1,49,0,6,5,killed,,34,5,0,Warrior,37,0
1,49,0,6,5,escaped,hp,37,7,1,Mage,37,0
1,49,0,6,5,killed,,43,6,0,Mage,37,0
1,49,0,6,5,killed,,41,7,0,Warrior,37,0
1,49,0,6,5,killed,,37,6,0,Mage,37,0
1,49,0,6,5,escaped,hp,50,7,0,Mage,37,0
1,49,1,6,5,escaped,satisfied,42,7,0,Mage,47,0
1,49,0,6,5,escaped,satisfied,34,7,0,Thief,37,0
1,49,0,6,5,killed,,41,6,1,Mage,37,0
1,49,1,6,5,escaped,satisfied,52,7,1,Mage,47,0
1,49,2,6,5,killed,,46,7,1,Warrior,58,0
1,49,1,6,5,escaped,satisfied,38,7,0,Mage,47,0
1,49,0,6,5,escaped,stuck,33,7,1,Thief,37,0
1,49,0,6,5,escaped,stuck,35,6,1,Thief,37,0
1,49,1,6,5,killed,,38,7,1,Thief,47,0
1,49,1,6,5,killed,,39,6,1,Thief,47,0
1,49,3,6,5,escaped,hp,49,6,1,Mage,69,0
1,49,1,6,5,killed,,39,6,1,Thief,47,0
1,49,1,6,5,killed,,39,6,1,Warrior,47,0
1,49,1,6,5,killed,,40,6,1,Thief,47,0
1,49,1,6,5,killed,,41,5,1,Warrior,47,0
1,49,1,6,5,killed,,38,5,1,Thief,47,0
1,49,2,6,5,killed,,43,6,1,Thief,58,0
1,49,4,6,5,killed,,100,7,1,Cleric,80,0
1,49,4,6,5,killed,,51,7,1,Cleric,80,0
1,49,4,6,5,killed,,52,7,1,Thief,80,0
1,49,4,6,5,escaped,satisfied,49,7,0,Thief,80,0
1,49,3,6,5,killed,,46,7,1,Thief,69,0
1,49,3,6,5,killed,,46,6,1,Thief,69,0
1,49,3,6,5,killed,,45,6,1,Thief,69,0
1,49,3,6,5,killed,,47,5,1,Thief,69,0
1,49,4,6,5,killed,,48,6,0,Thief,80,0
1,49,4,6,5,killed,,48,6,0,Warrior,80,0
1,49,5,6,5,escaped,hp,51,6,0,Thief,90,0
1,49,5,6,5,escaped,hp,52,6,0,Thief,90,0
1,49,1,6,5,escaped,hp,41,6,0,Cleric,47,0
1,49,4,6,5,killed,,49,6,0,Warrior,80,0
1,49,5,6,5,killed,,49,6,1,Warrior,90,0
1,49,4,6,5,killed,,53,7,1,Thief,80,0
1,49,4,6,5,killed,,49,6,1,Warrior,80,0
1,49,4,6,5,killed,,48,6,1,Thief,80,0
1,49,2,6,5,killed,,44,7,0,Thief,58,0
1,49,2,6,5,killed,,44,6,0,Mage,58,0
1,49,2,6,5,killed,,42,6,0,Thief,58,0
1,49,1,6,5,escaped,timeout,40,6,0,Warrior,47,0
1,49,1,6,5,escaped,timeout,41,6,0,Thief,47,0
1,49,1,6,5,escaped,timeout,39,7,0,Thief,47,0
1,49,1,6,5,escaped,timeout,39,7,0,Thief,47,0
1,49,2,6,5,killed,,44,5,0,Cleric,58,0
1,49,3,6,5,escaped,timeout,46,6,0,Cleric,69,0
1,49,3,6,5,escaped,timeout,45,6,0,Thief,69,0
1,49,0,6,5,killed,,36,7,0,Cleric,37,0
1,49,3,6,5,escaped,timeout,47,7,0,Thief,69,0
1,49,3,6,5,escaped,timeout,44,7,0,Thief,69,0
1,49,0,6,5,killed,,35,7,0,Warrior,37,0
1,50,0,6,5,killed,,100,7,1,Mage,37,0
1,50,0,6,5,killed,,100,7,1,Warrior,37,0
1,50,0,6,5,killed,,100,7,1,Cleric,37,0
1,50,0,6,5,killed,,100,7,1,Cleric,37,0
1,50,0,6,5,killed,,100,7,1,Cleric,37,0
1,50,0,6,5,killed,,100,7,1,Warrior,37,0
1,50,0,6,5,killed,,92,7,1,Mage,37,0
1,50,0,6,5,killed,,100,7,1,Mage,37,0
1,50,0,6,5,killed,,100,7,1,Mage,37,0
1,50,0,6,5,killed,,92,7,1,Mage,37,0
1,50,0,6,5,killed,,100,7,1,Mage,37,0
1,50,0,6,5,escaped,satisfied,97,7,1,Thief,37,0
1,50,1,6,5,escaped,hp,51,6,0,Thief,47,0
1,50,2,6,5,killed,,100,7,1,Mage,58,0
1,50,2,6,5,killed,,92,7,1,Mage,58,0
1,50,2,6,5,escaped,satisfied,90,7,1,Mage,58,0
1,50,2,6,5,escaped,satisfied,90,7,1,Mage,58,0
1,50,1,6,5,killed,,38,7,1,Mage,47,0
1,50,1,6,5,killed,,40,6,1,Thief,47,0
1,50,2,6,5,killed,,43,7,1,Warrior,58,0
1,50,4,6,5,killed,,90,7,1,Mage,80,0
1,50,4,6,5,killed,,97,7,1,Mage,80,0
1,50,4,6,5,killed,,100,7,1,Mage,80,0
1,50,4,6,5,killed,,92,7,1,Mage,80,0
1,50,4,6,5,killed,,97,7,1,Mage,80,0
1,50,4,6,5,killed,,97,7,1,Mage,80,0
1,50,4,6,5,killed,,90,7,1,Warrior,80,0
1,50,4,6,5,killed,,100,7,1,Mage,80,0
1,50,4,6,5,killed,,100,7,1,Mage,80,0
1,50,4,6,5,escaped,satisfied,100,7,1,Cleric,80,0
1,50,4,6,5,escaped,satisfied,100,7,1,Warrior,80,0
1,50,5,6,5,escaped,hp,54,7,1,Mage,90,0
1,50,5,6,5,escaped,hp,50,7,1,Mage,90,0
1,50,5,6,5,escaped,satisfied,100,7,1,Thief,90,0
1,50,5,6,5,killed,,100,7,1,Warrior,90,0
1,50,5,6,5,killed,,100,7,1,Cleric,90,0
1,50,5,6,5,killed,,90,7,1,Warrior,90,0
1,50,5,6,5,escaped,satisfied,100,7,1,Warrior,90,0
1,50,5,6,5,escaped,satisfied,100,7,1,Cleric,90,0
1,50,5,6,5,killed,,100,7,1,Cleric,90,0
1,50,5,6,5,killed,,100,7,1,Thief,90,0
1,50,5,6,5,killed,,100,7,1,Cleric,90,0
1,50,5,6,5,killed,,87,7,1,Warrior,90,0
1,50,5,6,5,killed,,100,7,1,Thief,90,0
1,50,5,6,5,killed,,100,7,1,Warrior,90,0
1,50,5,6,5,killed,,100,7,1,Thief,90,0
1,50,5,6,5,killed,,97,7,1,Warrior,90,0
1,50,5,6,5,killed,,100,7,1,Warrior,90,0
1,50,5,6,5,killed,,100,7,1,Cleric,90,0
1,50,5,6,5,killed,,100,7,1,Warrior,90,0
1,50,5,6,5,killed,,100,7,1,Cleric,90,0
1,50,5,6,5,killed,,100,7,1,Warrior,90,0
1,50,5,6,5,killed,,51,7,1,Mage,90,0
1,50,5,6,5,killed,,100,7,1,Warrior,90,0
2,1,0,1,0,killed,,2,1,1,Mage,2,1
2,1,0,1,0,escaped,satisfied,2,1,0,Warrior,2,0
2,1,0,1,0,killed,,1,1,1,Mage,3,1
2,1,0,1,0,killed,,2,0,1,Warrior,3,1
2,1,0,1,0,escaped,hp,1,1,0,Thief,3,0
2,2,0,2,1,escaped,stuck,6,1,1,Thief,5,0
2,2,0,2,1,escaped,stuck,5,2,1,Cleric,6,0
2,2,0,2,1,escaped,stuck,5,2,1,Warrior,7,0
2,2,0,2,1,escaped,satisfied,7,3,0,Cleric,7,0
2,2,0,2,1,escaped,satisfied,7,2,0,Warrior,7,0
2,3,0,2,1,escaped,satisfied,10,2,1,Warrior,8,0
2,3,0,2,1,killed,,8,3,0,Warrior,8,0
2,3,1,2,1,escaped,satisfied,10,2,0,Cleric,10,0
2,3,1,2,1,killed,,12,1,1,Thief,10,1
2,3,1,2,1,killed,,9,2,1,Warrior,10,0
2,4,0,2,1,killed,,9,1,1,Mage,8,0
2,4,0,2,1,killed,,10,1,0,Mage,8,0
2,4,1,2,1,escaped,hp,11,3,1,Cleric,10,0
2,4,0,2,1,escaped,satisfied,12,3,1,Mage,8,0
2,4,1,2,1,killed,,9,3,0,Thief,10,0
2,4,1,2,1,escaped,satisfied,13,1,1,Thief,10,0
2,5,0,2,1,killed,,11,2,0,Cleric,8,0
2,5,0,2,1,killed,,10,1,1,Thief,8,0
2,5,0,2,1,killed,,10,2,1,Cleric,8,0
2,5,0,2,1,escaped,hp,13,1,1,Thief,8,0
2,5,0,2,1,escaped,hp,8,1,0,Thief,8,0
2,5,0,2,1,escaped,hp,8,1,1,Thief,8,0
2,5,0,2,1,escaped,hp,8,3,0,Cleric,8,0
2,5,0,2,1,killed,,12,2,1,Warrior,8,0
2,5,0,2,1,killed,,10,3,0,Cleric,8,0
2,5,0,2,1,killed,,8,1,1,Warrior,8,0
2,5,1,2,1,escaped,hp,14,2,1,Warrior,11,0
2,6,0,2,1,killed,,10,1,1,Thief,9,0
2,6,0,2,1,killed,,9,2,0,Cleric,9,0
2,6,0,2,1,killed,,12,2,1,Thief,9,0
2,6,0,2,1,killed,,9,4,1,Cleric,9,0
2,6,0,2,1,killed,,10,2,0,Mage,9,0
2,6,0,2,1,killed,,9,2,0,Warrior,9,0
2,6,0,2,1,killed,,13,3,0,Mage,9,0
2,6,0,2,1,killed,,15,3,1,Cleric,9,0
2,6,0,2,1,killed,,19,2,1,Thief,9,0
2,7,0,2,1,escaped,hp,9,3,0,Thief,10,0
2,7,0,2,1,escaped,hp,14,2,0,Thief,10,0
2,7,0,2,1,escaped,hp,12,3,1,Thief,10,0
2,7,0,2,1,killed,,13,2,1,Cleric,10,0
2,7,0,2,1,killed,,12,4,1,Mage,10,0
2,7,0,2,1,killed,,16,3,1,Mage,10,0
2,7,0,2,1,killed,,20,3,1,Warrior,10,0
2,7,0,2,1,killed,,12,3,0,Mage,10,0
2,8,0,2,1,killed,,11,3,0,Thief,10,0
2,8,0,2,1,escaped,hp,12,4,0,Mage,10,0
2,8,0,2,1,killed,,15,3,0,Cleric,10,0
2,8,0,2,1,killed,,12,3,1,Thief,10,0
2,8,0,2,1,killed,,16,1,1,Thief,10,0
2,8,0,2,1,killed,,15,2,0,Warrior,10,0
2,9,0,2,1,killed,,10,1,1,Mage,11,0
2,9,0,2,1,killed,,13,3,1,Cleric,11,0
2,9,0,2,1,escaped,hp,15,4,0,Mage,11,0
2,9,0,2,1,killed,,14,2,1,Cleric,11,0
2,9,0,2,1,killed,,14,2,1,Mage,11,0
2,9,0,2,1,killed,,13,3,0,Mage,11,0
2,9,0,2,1,killed,,17,1,1,Thief,11,0
2,9,0,2,1,killed,,11,4,0,Warrior,11,0
2,9,1,2,1,escaped,hp,17,1,1,Thief,14,0
2,9,0,2,1,escaped,hp,13,3,0,Thief,11,0
2,10,0,2,1,killed,,16,2,1,Thief,12,0
2,10,0,2,1,killed,,16,4,1,Cleric,12,0
2,10,0,2,1,killed,,28,4,1,Warrior,12,0
2,10,0,2,1,killed,,13,2,1,Cleric,12,0
2,10,0,2,1,killed,,14,3,1,Warrior,12,0
2,10,0,2,1,killed,,16,2,1,Thief,12,0
2,10,0,2,1,killed,,12,3,1,Mage,12,0
2,10,0,2,1,killed,,14,2,1,Mage,12,0
2,10,0,2,1,killed,,18,3,1,Thief,12,0
2,10,0,2,1,killed,,18,3,1,Cleric,12,0
2,11,0,3,2,killed,,14,2,1,Warrior,13,0
2,11,0,3,2,escaped,stuck,13,3,1,Mage,13,0
2,11,0,3,2,escaped,stuck,12,4,1,Cleric,13,0
2,11,0,3,2,escaped,stuck,12,2,1,Warrior,13,0
2,11,0,3,2,killed,,12,2,0,Thief,13,0
2,11,0,3,2,killed,,11,3,0,Mage,13,0
2,11,0,3,2,escaped,stuck,13,3,1,Cleric,13,0
2,11,0,3,2,escaped,stuck,12,3,1,Cleric,13,0
2,11,2,3,2,escaped,hp,17,4,1,Thief,20,0
2,11,2,3,2,killed,,19,2,1,Thief,20,1
2,11,2,3,2,killed,,23,2,1,Thief,20,1
2,12,0,3,2,killed,,14,3,0,Warrior,13,0
2,12,0,3,2,killed,,17,4,0,Warrior,13,0
2,12,1,3,2,killed,,16,3,0,Cleric,16,0
2,12,1,3,2,killed,,19,3,0,Warrior,16,0
2,12,1,3,2,killed,,15,4,0,Cleric,16,0
2,12,1,3,2,escaped,satisfied,20,3,1,Thief,16,0
2,12,1,3,2,escaped,satisfied,17,2,1,Warrior,16,0
2,13,0,3,2,escaped,hp,14,3,0,Warrior,14,0
2,13,1,3,2,escaped,hp,17,2,0,Thief,18,0
2,13,1,3,2,killed,,16,3,1,Warrior,18,0
2,13,1,3,2,killed,,16,2,1,Thief,18,0
2,13,1,3,2,killed,,16,2,1,Thief,18,0
2,13,1,3,2,killed,,20,3,1,Cleric,18,0
2,13,1,3,2,killed,,15,4,1,Cleric,18,0
2,13,1,3,2,killed,,19,2,1,Cleric,18,0
2,13,1,3,2,killed,,19,2,1,Thief,18,0
2,13,1,3,2,killed,,20,3,1,Thief,18,0
2,13,1,3,2,killed,,18,4,1,Mage,18,0
2,13,1,3,2,killed,,18,4,1,Warrior,18,0
2,13,1,3,2,killed,,17,3,1,Warrior,18,0
2,13,1,3,2,killed,,20,3,1,Warrior,18,0
2,13,1,3,2,killed,,19,4,0,Warrior,18,0
2,13,1,3,2,killed,,20,4,1,Mage,18,0
2,13,1,3,2,killed,,20,4,1,Mage,18,0
2,13,1,3,2,killed,,19,4,1,Warrior,18,0
2,13,0,3,2,escaped,stuck,13,4,1,Thief,14,0
2,14,0,3,2,killed,,17,3,0,Warrior,14,0
2,14,0,3,2,killed,,19,2,0,Warrior,14,0
2,14,0,3,2,escaped,hp,20,2,0,Mage,14,0
2,14,0,3,2,killed,,21,4,0,Warrior,14,0
2,14,0,3,2,escaped,hp,20,4,0,Thief,14,0
2,14,0,3,2,killed,,15,4,0,Cleric,14,0
2,14,0,3,2,killed,,16,2,0,Cleric,14,0
2,14,0,3,2,killed,,14,3,1,Warrior,14,0
2,14,0,3,2,escaped,satisfied,16,4,1,Warrior,14,0
2,14,0,3,2,killed,,17,3,0,Mage,14,0
2,14,0,3,2,killed,,20,4,1,Mage,14,0
2,14,0,3,2,killed,,26,4,1,Thief,14,0
2,14,1,3,2,escaped,hp,21,4,1,Cleric,19,0
2,14,1,3,2,escaped,satisfied,17,3,0,Thief,19,0
2,15,0,3,2,killed,,33,2,1,Thief,15,0
2,15,0,3,2,killed,,23,4,1,Cleric,15,0
2,15,0,3,2,killed,,26,2,1,Warrior,15,0
2,15,0,3,2,killed,,30,3,1,Mage,15,0
2,15,0,3,2,killed,,23,3,1,Mage,15,0
2,15,0,3,2,killed,,25,4,1,Thief,15,0
2,15,0,3,2,killed,,56,4,1,Warrior,15,0
2,15,0,3,2,killed,,30,5,1,Cleric,15,0
2,15,0,3,2,killed,,26,3,1,Warrior,15,0
2,15,0,3,2,killed,,33,4,1,Cleric,15,0
2,15,0,3,2,killed,,28,2,1,Mage,15,0
2,15,0,3,2,killed,,15,3,1,Thief,15,0
2,15,0,3,2,killed,,22,3,1,Cleric,15,0
2,15,0,3,2,killed,,35,3,1,Thief,15,0
2,15,0,3,2,killed,,22,3,1,Cleric,15,0
2,16,0,4,3,killed,,16,3,0,Mage,15,0
2,16,0,4,3,killed,,18,5,1,Mage,15,0
2,16,0,4,3,killed,,18,5,1,Mage,15,0
2,16,0,4,3,killed,,22,2,1,Mage,15,0
2,16,0,4,3,killed,,16,4,1,Mage,15,0
2,16,0,4,3,killed,,19,4,1,Mage,15,0
2,16,0,4,3,killed,,23,2,1,Mage,15,0
2,16,0,4,3,killed,,21,2,1,Mage,15,0
2,16,0,4,3,killed,,19,2,0,Mage,15,0
2,16,0,4,3,killed,,20,3,1,Mage,15,0
2,16,0,4,3,killed,,21,3,0,Mage,15,0
2,16,0,4,3,killed,,22,2,0,Mage,15,0
2,16,0,4,3,killed,,23,3,1,Warrior,15,0
2,16,0,4,3,killed,,16,5,1,Mage,15,0
2,16,1,4,3,killed,,23,4,1,Thief,20,0
2,16,1,4,3,killed,,27,5,1,Cleric,20,0
2,17,0,4,3,killed,,15,3,1,Thief,16,0
2,17,0,4,3,killed,,22,3,1,Thief,16,0
2,17,0,4,3,killed,,16,4,1,Thief,16,0
2,17,0,4,3,killed,,22,2,1,Mage,16,0
2,17,0,4,3,killed,,21,3,0,Cleric,16,0
2,17,0,4,3,killed,,21,4,0,Cleric,16,0
2,17,0,4,3,killed,,15,2,0,Cleric,16,0
2,17,0,4,3,killed,,17,3,1,Thief,16,0
2,17,0,4,3,killed,,18,3,0,Thief,16,0
2,17,0,4,3,killed,,22,4,0,Mage,16,0
2,17,0,4,3,killed,,22,4,0,Warrior,16,0
2,17,0,4,3,killed,,19,5,1,Warrior,16,0
2,17,0,4,3,killed,,17,3,0,Mage,16,0
2,17,0,4,3,killed,,24,2,1,Mage,16,0
2,17,0,4,3,killed,,21,2,0,Thief,16,0
2,17,0,4,3,killed,,18,3,0,Thief,16,0
2,17,0,4,3,killed,,24,4,1,Thief,16,0
2,17,0,4,3,killed,,24,2,1,Thief,16,0
2,18,0,4,3,killed,,19,2,1,Cleric,17,0
2,18,0,4,3,killed,,19,2,1,Warrior,17,0
2,18,0,4,3,killed,,16,4,0,Thief,17,0
2,18,0,4,3,killed,,23,5,0,Mage,17,0
2,18,0,4,3,killed,,20,5,0,Mage,17,0
2,18,0,4,3,killed,,24,3,1,Thief,17,0
2,18,0,4,3,killed,,17,3,1,Mage,17,0
2,18,0,4,3,killed,,23,4,1,Warrior,17,0
2,18,0,4,3,killed,,20,3,1,Thief,17,0
2,18,0,4,3,killed,,18,4,1,Cleric,17,0
2,18,0,4,3,escaped,hp,21,5,0,Warrior,17,0
2,18,0,4,3,killed,,20,4,0,Warrior,17,0
2,18,0,4,3,killed,,21,3,0,Mage,17,0
2,18,0,4,3,killed,,19,2,0,Thief,17,0
2,18,0,4,3,killed,,24,4,1,Cleric,17,0
2,18,0,4,3,killed,,19,2,1,Cleric,17,0
2,18,0,4,3,killed,,23,3,1,Warrior,17,0
2,18,0,4,3,killed,,17,3,1,Warrior,17,0
2,18,0,4,3,killed,,24,4,1,Warrior,17,0
2,18,0,4,3,killed,,22,3,0,Mage,17,0
2,18,0,4,3,killed,,16,3,0,Cleric,17,0
2,19,0,4,3,killed,,24,3,1,Warrior,18,0
2,19,0,4,3,killed,,25,5,1,Thief,18,0
2,19,0,4,3,killed,,24,4,1,Thief,18,0
2,19,0,4,3,killed,,19,4,1,Warrior,18,0
2,19,0,4,3,killed,,19,3,0,Warrior,18,0
2,19,0,4,3,killed,,25,5,0,Thief,18,0
2,19,0,4,3,killed,,21,5,1,Cleric,18,0
2,19,0,4,3,escaped,hp,22,3,0,Warrior,18,0
2,19,0,4,3,killed,,22,3,0,Mage,18,0
2,19,0,4,3,killed,,16,3,1,Cleric,18,0
2,19,0,4,3,killed,,17,5,1,Warrior,18,0
2,19,0,4,3,killed,,16,4,1,Cleric,18,0
2,19,0,4,3,killed,,19,5,1,Mage,18,0
2,19,0,4,3,killed,,25,3,0,Cleric,18,0
2,19,0,4,3,killed,,19,5,0,Warrior,18,0
2,19,0,4,3,killed,,18,5,1,Warrior,18,0
2,19,0,4,3,killed,,19,4,1,Cleric,18,0
2,19,0,4,3,killed,,21,4,1,Warrior,18,0
2,19,0,4,3,killed,,25,5,1,Cleric,18,0
2,19,0,4,3,killed,,21,3,0,Warrior,18,0
2,19,0,4,3,killed,,19,3,1,Mage,18,0
2,19,0,4,3,killed,,23,4,1,Cleric,18,0
2,19,0,4,3,killed,,20,4,1,Cleric,18,0
2,19,0,4,3,escaped,satisfied,25,5,0,Warrior,18,0
2,19,0,4,3,killed,,17,4,0,Thief,18,0
2,19,0,4,3,escaped,satisfied,16,5,0,Cleric,18,0
2,19,0,4,3,escaped,satisfied,17,5,0,Warrior,18,0
2,19,0,4,3,escaped,satisfied,19,3,0,Cleric,18,0
2,20,0,4,3,escaped,satisfied,76,6,1,Warrior,18,0
2,20,0,4,3,killed,,39,4,1,Thief,18,0
2,20,0,4,3,killed,,37,6,1,Mage,18,0
2,20,0,4,3,escaped,satisfied,48,4,1,Cleric,18,0
2,20,0,4,3,killed,,41,5,1,Cleric,18,0
2,20,0,4,3,killed,,53,5,1,Mage,18,0
2,20,0,4,3,escaped,satisfied,48,3,1,Cleric,18,0
2,20,1,4,3,killed,,37,5,1,Warrior,23,0
2,20,1,4,3,killed,,41,5,1,Cleric,23,0
2,20,1,4,3,killed,,39,5,1,Mage,23,0
2,20,1,4,3,killed,,41,5,1,Thief,23,0
2,20,1,4,3,killed,,39,5,1,Thief,23,0
2,20,1,4,3,killed,,23,5,1,Cleric,23,0
2,20,1,4,3,killed,,24,2,1,Thief,23,0
2,20,1,4,3,killed,,22,5,1,Thief,23,0
2,20,1,4,3,killed,,58,6,1,Thief,23,0
2,20,1,4,3,killed,,53,4,1,Warrior,23,0
2,20,1,4,3,killed,,44,6,1,Warrior,23,0
2,20,1,4,3,killed,,53,6,1,Mage,23,0
2,20,1,4,3,killed,,39,5,1,Cleric,23,0
2,20,0,4,3,escaped,satisfied,19,4,0,Warrior,18,0
2,20,1,4,3,killed,,26,5,1,Warrior,23,0
2,20,2,4,3,killed,,48,6,1,Warrior,28,0
2,20,2,4,3,killed,,53,6,1,Mage,28,0
2,21,0,4,3,killed,,19,3,1,Thief,19,0
2,21,0,4,3,killed,,19,3,1,Thief,19,0
2,21,0,4,3,killed,,20,3,1,Cleric,19,0
2,21,0,4,3,killed,,25,5,1,Cleric,19,0
2,21,0,4,3,killed,,19,5,1,Mage,19,0
2,21,0,4,3,killed,,23,4,1,Mage,19,0
2,21,0,4,3,killed,,17,4,1,Warrior,19,0
2,21,0,4,3,killed,,23,3,1,Mage,19,0
2,21,0,4,3,killed,,26,4,1,Warrior,19,0
2,21,0,4,3,killed,,22,3,1,Cleric,19,0
2,21,0,4,3,killed,,25,3,1,Mage,19,0
2,21,0,4,3,killed,,23,4,1,Cleric,19,0
2,21,0,4,3,killed,,27,5,1,Warrior,19,0
2,21,0,4,3,killed,,21,5,1,Thief,19,0
2,21,0,4,3,killed,,26,3,1,Thief,19,0
2,21,0,4,3,killed,,27,4,1,Warrior,19,0
2,21,0,4,3,killed,,20,5,1,Cleric,19,0
2,21,0,4,3,killed,,26,3,1,Warrior,19,0
2,21,0,4,3,killed,,19,3,0,Thief,19,0
2,21,0,4,3,killed,,26,5,1,Thief,19,0
2,21,0,4,3,killed,,22,4,1,Thief,19,0
2,21,0,4,3,killed,,17,3,0,Thief,19,0
2,21,0,4,3,killed,,21,4,1,Thief,19,0
2,21,0,4,3,killed,,23,4,1,Warrior,19,0
2,21,0,4,3,killed,,18,4,1,Mage,19,0
2,21,0,4,3,killed,,20,5,1,Thief,19,0
2,21,0,4,3,killed,,21,5,0,Thief,19,0
2,21,0,4,3,killed,,19,3,0,Thief,19,0
2,21,0,4,3,killed,,20,4,1,Cleric,19,0
2,21,0,4,3,killed,,23,3,1,Thief,19,0
2,21,0,4,3,killed,,23,4,0,Thief,19,0
2,21,0,4,3,killed,,25,5,0,Thief,19,0
2,21,0,4,3,killed,,19,3,0,Thief,19,0
2,21,0,4,3,escaped,satisfied,27,4,0,Thief,19,0
2,21,0,4,3,killed,,22,3,1,Thief,19,0
2,21,0,4,3,killed,,23,4,1,Thief,19,0
2,21,1,4,3,escaped,hp,26,5,1,Thief,24,0
2,21,1,4,3,killed,,23,4,1,Mage,24,0
2,21,1,4,3,killed,,27,4,1,Mage,24,0
2,21,1,4,3,killed,,26,5,1,Cleric,24,0
2,21,1,4,3,killed,,21,4,1,Warrior,24,0
2,21,1,4,3,killed,,26,5,1,Thief,24,0
2,21,1,4,3,killed,,25,5,1,Cleric,24,0
2,21,1,4,3,killed,,25,5,1,Mage,24,0
2,21,1,4,3,killed,,24,4,0,Thief,24,0
2,21,1,4,3,killed,,27,5,1,Cleric,24,0
2,21,0,4,3,escaped,satisfied,17,5,0,Warrior,19,0
2,21,1,4,3,killed,,28,5,1,Warrior,24,0
2,21,1,4,3,killed,,23,4,1,Warrior,24,0
2,21,1,4,3,killed,,27,3,1,Warrior,24,0
2,22,0,4,3,killed,,19,4,0,Warrior,20,0
2,22,0,4,3,killed,,28,3,1,Thief,20,0
2,22,0,4,3,killed,,21,5,1,Thief,20,0
2,22,0,4,3,killed,,26,4,0,Mage,20,0
2,22,0,4,3,killed,,25,3,0,Mage,20,0
2,22,0,4,3,killed,,19,4,1,Mage,20,0
2,22,0,4,3,killed,,26,4,1,Mage,20,0
2,22,0,4,3,killed,,24,5,1,Warrior,20,0
2,22,0,4,3,killed,,23,4,0,Mage,20,0
2,22,0,4,3,killed,,25,5,1,Warrior,20,0
2,22,0,4,3,killed,,21,3,1,Mage,20,0
2,22,0,4,3,killed,,23,3,1,Mage,20,0
2,22,0,4,3,killed,,25,4,1,Warrior,20,0
2,22,0,4,3,killed,,27,5,0,Warrior,20,0
2,22,0,4,3,killed,,17,3,1,Thief,20,0
2,22,0,4,3,killed,,28,3,1,Cleric,20,0
2,22,0,4,3,escaped,satisfied,24,5,0,Thief,20,0
2,22,0,4,3,killed,,28,5,1,Warrior,20,0
2,22,0,4,3,escaped,satisfied,25,4,0,Thief,20,0
2,22,0,4,3,escaped,satisfied,26,4,0,Warrior,20,0
2,22,0,4,3,escaped,hp,18,4,0,Mage,20,0
2,22,0,4,3,escaped,satisfied,23,4,0,Warrior,20,0
2,22,0,4,3,escaped,satisfied,79,6,1,Warrior,20,0
2,22,0,4,3,killed,,19,5,0,Mage,20,0
2,22,0,4,3,killed,,20,3,0,Thief,20,0
2,22,0,4,3,killed,,28,4,0,Thief,20,0
2,23,0,4,3,killed,,20,5,1,Warrior,20,0
2,23,0,4,3,killed,,22,3,1,Thief,20,0
2,23,0,4,3,killed,,25,3,1,Mage,20,0
2,23,0,4,3,escaped,satisfied,27,5,0,Thief,20,0
2,23,0,4,3,escaped,hp,20,5,1,Mage,20,0
2,23,0,4,3,killed,,26,5,1,Mage,20,0
2,23,0,4,3,killed,,27,4,1,Thief,20,0
2,23,0,4,3,killed,,21,3,1,Warrior,20,0
2,23,0,4,3,killed,,26,4,1,Warrior,20,0
2,23,0,4,3,killed,,26,4,0,Thief,20,0
2,23,0,4,3,killed,,28,3,1,Cleric,20,0
2,23,0,4,3,killed,,28,5,1,Warrior,20,0
2,23,0,4,3,killed,,21,4,1,Warrior,20,0
2,23,0,4,3,killed,,22,3,0,Warrior,20,0
2,23,0,4,3,killed,,27,5,1,Cleric,20,0
2,23,0,4,3,killed,,25,3,1,Warrior,20,0
2,23,0,4,3,killed,,19,4,1,Warrior,20,0
2,23,0,4,3,killed,,29,5,1,Thief,20,0
2,23,0,4,3,killed,,51,3,1,Cleric,20,0
2,23,0,4,3,escaped,satisfied,26,4,0,Thief,20,0
2,23,0,4,3,escaped,hp,27,5,0,Warrior,20,0
2,23,0,4,3,killed,,51,4,1,Cleric,20,0
2,23,0,4,3,escaped,satisfied,27,3,0,Mage,20,0
2,23,0,4,3,killed,,26,3,0,Thief,20,0
2,23,0,4,3,escaped,satisfied,24,3,0,Warrior,20,0
2,23,0,4,3,escaped,satisfied,24,3,0,Thief,20,0
2,23,0,4,3,escaped,satisfied,28,3,0,Thief,20,0
2,23,0,4,3,escaped,hp,28,4,0,Thief,20,0
2,23,0,4,3,killed,,22,5,0,Cleric,20,0
2,24,0,4,3,escaped,hp,25,3,1,Thief,20,0
2,24,0,4,3,escaped,hp,28,5,1,Thief,20,0
2,24,0,4,3,killed,,24,3,1,Thief,20,0
2,24,0,4,3,killed,,21,4,1,Thief,20,0
2,24,0,4,3,killed,,23,5,1,Thief,20,0
2,24,0,4,3,killed,,21,4,1,Warrior,20,0
2,24,0,4,3,killed,,23,3,0,Mage,20,0
2,24,0,4,3,killed,,26,5,1,Cleric,20,0
2,24,0,4,3,killed,,19,5,1,Thief,20,0
2,24,0,4,3,killed,,26,4,1,Mage,20,0
2,24,0,4,3,killed,,24,5,1,Warrior,20,0
2,24,0,4,3,killed,,26,5,0,Warrior,20,0
2,24,0,4,3,killed,,26,5,1,Thief,20,0
2,24,0,4,3,killed,,22,3,1,Thief,20,0
2,24,0,4,3,killed,,28,3,1,Cleric,20,0
2,24,0,4,3,killed,,20,5,1,Thief,20,0
2,24,0,4,3,escaped,satisfied,19,5,0,Cleric,20,0
2,24,0,4,3,escaped,hp,29,4,0,Thief,20,0
2,24,0,4,3,escaped,hp,22,3,0,Warrior,20,0
2,24,0,4,3,killed,,27,3,1,Thief,20,0
2,24,0,4,3,killed,,29,4,1,Mage,20,0
2,24,0,4,3,killed,,29,5,1,Warrior,20,0
2,24,1,4,3,escaped,satisfied,85,7,1,Warrior,26,0
2,24,0,4,3,escaped,satisfied,21,5,0,Mage,20,0
2,24,1,4,3,killed,,29,4,0,Thief,26,0
2,24,1,4,3,killed,,29,4,0,Warrior,26,0
2,24,1,4,3,killed,,30,4,0,Cleric,26,0
2,24,1,4,3,killed,,25,4,0,Warrior,26,0
2,24,0,4,3,escaped,satisfied,20,5,0,Warrior,20,0
2,24,0,4,3,escaped,satisfied,25,5,0,Warrior,20,0
2,24,0,4,3,escaped,timeout,19,5,0,Thief,20,0
2,24,0,4,3,escaped,timeout,20,4,0,Thief,20,0
2,25,0,4,3,killed,,61,6,1,Mage,21,0
2,25,0,4,3,killed,,74,4,1,Cleric,21,0
2,25,0,4,3,killed,,79,4,1,Cleric,21,0
2,25,0,4,3,killed,,59,5,1,Mage,21,0
2,25,0,4,3,killed,,61,6,1,Thief,21,0
2,25,0,4,3,killed,,54,4,1,Thief,21,0
2,25,0,4,3,escaped,satisfied,100,5,1,Warrior,21,0
2,25,0,4,3,killed,,72,6,1,Mage,21,0
2,25,0,4,3,killed,,61,4,1,Mage,21,0
2,25,1,4,3,killed,,69,6,1,Warrior,28,0
2,25,1,4,3,escaped,satisfied,56,6,1,Warrior,28,0
2,25,1,4,3,escaped,satisfied,74,6,1,Warrior,28,0
2,25,1,4,3,escaped,satisfied,26,5,1,Mage,28,0
2,25,1,4,3,escaped,satisfied,28,6,0,Cleric,28,0
2,25,1,4,3,escaped,satisfied,74,6,1,Mage,28,0
2,25,2,4,3,killed,,59,5,1,Cleric,34,0
2,25,1,4,3,escaped,satisfied,77,7,1,Warrior,28,0
2,25,2,4,3,killed,,30,5,1,Mage,34,0
2,25,2,4,3,killed,,77,4,1,Mage,34,0
2,25,2,4,3,killed,,72,5,1,Mage,34,0
2,25,3,4,3,escaped,satisfied,54,6,1,Thief,40,0
2,25,1,4,3,killed,,24,5,1,Mage,28,0
2,25,1,4,3,escaped,stuck,26,3,1,Mage,28,0
2,25,2,4,3,escaped,satisfied,51,6,1,Cleric,34,0
2,25,3,4,3,escaped,satisfied,51,6,1,Thief,40,0
2,25,3,4,3,killed,,77,5,1,Thief,40,1
2,25,3,4,3,killed,,69,6,1,Cleric,40,1
2,25,3,4,3,killed,,30,5,1,Thief,40,1
2,25,3,4,3,escaped,panic,49,6,1,Cleric,40,0
2,25,3,4,3,escaped,panic,64,5,1,Cleric,40,0
2,25,3,4,3,escaped,panic,56,5,1,Cleric,40,0
2,25,3,4,3,escaped,panic,56,6,1,Warrior,40,1
2,25,3,4,3,escaped,panic,74,5,1,Warrior,40,1
2,25,3,4,3,escaped,panic,79,5,1,Thief,40,1
2,25,3,4,3,escaped,panic,79,5,1,Thief,40,1
2,25,3,4,3,escaped,panic,59,5,1,Warrior,40,1
2,25,3,4,3,escaped,panic,30,5,1,Warrior,40,1
2,26,0,5,4,escaped,satisfied,22,5,0,Warrior,22,0
2,26,0,5,4,killed,,21,4,1,Thief,22,0
2,26,0,5,4,killed,,19,5,1,Warrior,22,0
2,26,0,5,4,killed,,26,3,1,Warrior,22,0
2,26,0,5,4,killed,,28,5,1,Thief,22,0
2,26,0,5,4,killed,,21,4,1,Thief,22,0
2,26,0,5,4,killed,,32,4,1,Warrior,22,0
2,26,0,5,4,killed,,25,3,0,Mage,22,0
2,26,0,5,4,killed,,29,5,0,Thief,22,0
2,26,0,5,4,killed,,28,4,1,Mage,22,0
2,26,0,5,4,killed,,22,4,1,Thief,22,0
2,26,0,5,4,killed,,20,3,1,Thief,22,0
2,26,0,5,4,killed,,31,5,1,Thief,22,0
2,26,0,5,4,killed,,25,6,1,Warrior,22,0
2,26,0,5,4,killed,,24,5,1,Mage,22,0
2,26,0,5,4,killed,,21,3,1,Thief,22,0
2,26,0,5,4,killed,,30,5,1,Thief,22,0
2,26,0,5,4,killed,,32,4,1,Thief,22,0
2,26,0,5,4,killed,,30,4,1,Warrior,22,0
2,26,0,5,4,killed,,20,4,1,Warrior,22,0
2,26,0,5,4,killed,,25,5,1,Cleric,22,0
2,26,0,5,4,killed,,22,6,1,Thief,22,0
2,26,0,5,4,escaped,satisfied,30,6,0,Thief,22,0
2,26,0,5,4,killed,,24,5,1,Warrior,22,0
2,26,0,5,4,killed,,27,3,0,Thief,22,0
2,26,0,5,4,killed,,26,5,1,Cleric,22,0
2,26,0,5,4,escaped,hp,26,5,0,Thief,22,0
2,26,0,5,4,killed,,23,3,0,Warrior,22,0
2,26,0,5,4,killed,,26,4,0,Cleric,22,0
2,26,0,5,4,killed,,22,4,0,Warrior,22,0
2,26,0,5,4,killed,,30,3,0,Mage,22,0
2,26,0,5,4,killed,,27,4,1,Cleric,22,0
2,26,0,5,4,killed,,24,5,1,Thief,22,0
2,26,0,5,4,killed,,20,4,1,Mage,22,0
2,26,0,5,4,escaped,hp,27,5,0,Thief,22,0
2,26,0,5,4,killed,,32,4,0,Mage,22,0
2,26,0,5,4,killed,,26,4,1,Warrior,22,0
2,26,0,5,4,killed,,23,5,1,Warrior,22,0
2,26,0,5,4,killed,,25,4,1,Warrior,22,0
2,26,0,5,4,killed,,27,3,1,Warrior,22,0
2,26,0,5,4,killed,,22,4,1,Thief,22,0
2,26,0,5,4,escaped,satisfied,28,6,0,Thief,22,0
2,26,0,5,4,killed,,31,3,1,Warrior,22,0
2,26,0,5,4,killed,,31,3,1,Mage,22,0
2,26,1,5,4,escaped,satisfied,94,7,1,Warrior,29,0
2,26,0,5,4,killed,,23,4,0,Warrior,22,0
2,26,1,5,4,killed,,32,5,0,Mage,29,0
2,26,1,5,4,killed,,30,5,0,Warrior,29,0
2,26,1,5,4,escaped,satisfied,30,4,0,Warrior,29,0
2,26,1,5,4,killed,,28,5,0,Cleric,29,0
2,26,1,5,4,escaped,satisfied,27,4,0,Warrior,29,0
2,26,1,5,4,escaped,satisfied,30,4,0,Thief,29,0
2,26,0,5,4,escaped,satisfied,22,3,0,Thief,22,0
2,26,1,5,4,escaped,satisfied,26,4,0,Warrior,29,0
2,26,1,5,4,killed,,26,5,0,Thief,29,0
2,26,1,5,4,killed,,23,3,0,Thief,29,0
2,26,1,5,4,killed,,27,3,0,Cleric,29,0
2,26,1,5,4,killed,,27,5,0,Thief,29,0
2,26,1,5,4,killed,,28,5,0,Thief,29,0
2,26,1,5,4,killed,,24,3,0,Thief,29,0
2,26,1,5,4,escaped,hp,27,5,0,Thief,29,0
2,26,1,5,4,escaped,hp,28,5,0,Thief,29,0
2,26,1,5,4,escaped,hp,24,5,0,Warrior,29,0
2,26,1,5,4,killed,,31,4,0,Thief,29,0
2,26,1,5,4,killed,,26,4,0,Thief,29,0
2,26,1,5,4,killed,,24,4,0,Cleric,29,0
2,26,1,5,4,escaped,hp,29,3,0,Thief,29,0
2,26,0,5,4,escaped,timeout,22,4,0,Mage,22,0
2,26,0,5,4,escaped,timeout,22,5,0,Thief,22,0
2,26,0,5,4,escaped,timeout,20,6,0,Thief,22,0
2,27,0,5,4,killed,,27,4,1,Cleric,22,0
2,27,0,5,4,escaped,hp,23,6,0,Cleric,22,0
2,27,0,5,4,escaped,hp,27,4,0,Thief,22,0
2,27,0,5,4,killed,,27,4,0,Warrior,22,0
2,27,0,5,4,escaped,hp,20,5,0,Warrior,22,0
2,27,0,5,4,killed,,31,3,0,Mage,22,0
2,27,0,5,4,killed,,23,4,0,Mage,22,0
2,27,0,5,4,killed,,21,4,1,Mage,22,0
2,27,0,5,4,killed,,32,6,1,Warrior,22,0
2,27,0,5,4,killed,,24,5,0,Mage,22,0
2,27,0,5,4,killed,,29,4,0,Thief,22,0
2,27,0,5,4,killed,,31,5,0,Cleric,22,0
2,27,0,5,4,killed,,28,5,0,Thief,22,0
2,27,0,5,4,killed,,25,4,0,Warrior,22,0
2,27,0,5,4,killed,,28,6,1,Warrior,22,0
2,27,0,5,4,killed,,21,6,1,Mage,22,0
2,27,0,5,4,escaped,hp,28,4,1,Warrior,22,0
2,27,0,5,4,killed,,32,3,0,Mage,22,0
2,27,0,5,4,killed,,22,4,0,Mage,22,0
2,27,0,5,4,killed,,22,3,1,Cleric,22,0
2,27,0,5,4,killed,,21,3,1,Thief,22,0
2,27,1,5,4,killed,,28,5,0,Thief,29,0
2,27,0,5,4,killed,,22,4,1,Thief,22,0
2,27,0,5,4,killed,,22,5,1,Warrior,22,0
2,27,1,5,4,killed,,28,5,0,Mage,29,0
2,27,1,5,4,killed,,33,6,0,Warrior,29,0
2,27,0,5,4,escaped,stuck,24,4,1,Thief,22,0
2,27,1,5,4,killed,,28,5,0,Thief,29,0
2,27,0,5,4,escaped,stuck,24,4,1,Warrior,22,0
2,27,2,5,4,escaped,hp,31,4,1,Cleric,35,0
2,27,2,5,4,killed,,27,5,1,Warrior,35,0
2,27,2,5,4,killed,,31,4,1,Thief,35,0
2,27,2,5,4,killed,,27,4,1,Thief,35,0
2,27,2,5,4,killed,,32,3,1,Thief,35,0
2,27,2,5,4,killed,,32,4,1,Cleric,35,0
2,27,2,5,4,killed,,28,5,1,Warrior,35,0
2,27,2,5,4,killed,,27,5,1,Mage,35,0
2,27,2,5,4,killed,,32,3,1,Warrior,35,0
2,27,2,5,4,killed,,28,5,0,Thief,35,0
2,27,2,5,4,killed,,31,5,0,Cleric,35,0
2,27,2,5,4,killed,,27,6,1,Thief,35,0
2,27,2,5,4,killed,,31,5,1,Warrior,35,0
2,27,2,5,4,killed,,32,3,0,Cleric,35,0
2,27,2,5,4,killed,,32,5,1,Thief,35,0
2,27,1,5,4,killed,,36,6,1,Warrior,29,0
2,27,0,5,4,escaped,stuck,22,6,1,Thief,22,0
2,27,2,5,4,killed,,30,6,1,Thief,35,0
2,27,0,5,4,escaped,stuck,21,5,1,Cleric,22,0
2,27,1,5,4,killed,,26,4,1,Thief,29,0
2,27,1,5,4,escaped,satisfied,25,4,0,Cleric,29,0
2,27,0,5,4,escaped,satisfied,21,4,0,Cleric,22,0
2,27,0,5,4,escaped,timeout,23,5,0,Thief,22,0
2,28,0,5,4,killed,,22,5,1,Warrior,23,0
2,28,0,5,4,killed,,31,6,1,Cleric,23,0
2,28,0,5,4,killed,,30,5,1,Thief,23,0
2,28,0,5,4,killed,,32,4,1,Mage,23,0
2,28,0,5,4,killed,,26,5,1,Cleric,23,0
2,28,0,5,4,killed,,33,5,1,Thief,23,0
2,28,0,5,4,killed,,29,4,1,Warrior,23,0
2,28,0,5,4,killed,,32,5,1,Mage,23,0
2,28,0,5,4,killed,,28,6,0,Thief,23,0
2,28,0,5,4,killed,,31,5,0,Warrior,23,0
2,28,0,5,4,killed,,33,4,0,Thief,23,0
2,28,0,5,4,killed,,25,4,0,Thief,23,0
2,28,0,5,4,killed,,23,3,1,Cleric,23,0
2,28,0,5,4,killed,,33,4,0,Warrior,23,0
2,28,0,5,4,killed,,26,3,1,Thief,23,0
2,28,0,5,4,killed,,31,6,0,Warrior,23,0
2,28,0,5,4,killed,,24,3,0,Warrior,23,0
2,28,0,5,4,killed,,23,6,0,Thief,23,0
2,28,0,5,4,killed,,30,5,0,Warrior,23,0
2,28,0,5,4,killed,,33,4,1,Warrior,23,0
2,28,0,5,4,killed,,33,4,0,Thief,23,0
2,28,0,5,4,killed,,33,3,1,Mage,23,0
2,28,0,5,4,killed,,26,4,1,Thief,23,0
2,28,0,5,4,killed,,25,6,1,Cleric,23,0
2,28,0,5,4,escaped,hp,25,6,0,Thief,23,0
2,28,0,5,4,escaped,hp,33,4,0,Thief,23,0
2,28,0,5,4,escaped,satisfied,33,4,0,Thief,23,0
2,28,1,5,4,escaped,satisfied,29,6,0,Cleric,30,0
2,28,1,5,4,killed,,26,4,0,Thief,30,0
2,28,1,5,4,killed,,30,5,1,Mage,30,0
2,28,1,5,4,escaped,hp,30,6,0,Cleric,30,0
2,28,1,5,4,killed,,33,5,0,Warrior,30,0
2,28,1,5,4,killed,,31,4,0,Cleric,30,0
2,28,0,5,4,escaped,hp,27,4,1,Warrior,23,0
2,28,0,5,4,escaped,hp,34,4,1,Thief,23,0
2,28,2,5,4,escaped,satisfied,100,7,1,Warrior,36,0
2,28,2,5,4,killed,,30,4,0,Thief,36,0
2,28,2,5,4,killed,,31,3,1,Thief,36,0
2,28,2,5,4,killed,,31,3,1,Thief,36,0
2,28,2,5,4,killed,,31,4,1,Warrior,36,0
2,28,2,5,4,killed,,33,5,0,Thief,36,0
2,28,2,5,4,killed,,30,4,1,Thief,36,0
2,28,2,5,4,killed,,28,3,0,Warrior,36,0
2,28,2,5,4,killed,,30,5,1,Cleric,36,0
2,28,2,5,4,escaped,hp,31,6,1,Cleric,36,0
2,28,2,5,4,escaped,hp,33,5,1,Cleric,36,0
2,28,2,5,4,killed,,29,5,1,Thief,36,0
2,28,2,5,4,killed,,33,5,1,Thief,36,0
2,28,2,5,4,killed,,32,4,1,Thief,36,0
2,28,2,5,4,killed,,28,6,1,Thief,36,0
2,28,2,5,4,killed,,31,5,1,Thief,36,0
2,28,2,5,4,killed,,28,6,1,Warrior,36,0
2,28,2,5,4,killed,,100,5,1,Warrior,36,0
2,28,0,5,4,escaped,stuck,22,4,1,Thief,23,0
2,28,0,5,4,escaped,stuck,21,5,1,Thief,23,0
2,28,1,5,4,killed,,25,6,1,Thief,30,0
2,28,0,5,4,escaped,timeout,22,5,0,Cleric,23,0
2,29,0,5,4,escaped,hp,27,6,1,Cleric,24,0
2,29,0,5,4,killed,,28,3,1,Cleric,24,0
2,29,0,5,4,killed,,34,5,1,Cleric,24,0
2,29,0,5,4,killed,,31,4,1,Cleric,24,0
2,29,0,5,4,killed,,25,4,1,Mage,24,0
2,29,0,5,4,killed,,32,5,1,Cleric,24,0
2,29,0,5,4,killed,,29,4,1,Thief,24,0
2,29,0,5,4,killed,,27,3,1,Mage,24,0
2,29,0,5,4,killed,,21,6,1,Mage,24,0
2,29,0,5,4,killed,,27,6,0,Mage,24,0
2,29,0,5,4,killed,,25,3,0,Mage,24,0
2,29,0,5,4,killed,,26,4,0,Mage,24,0
2,29,0,5,4,killed,,23,4,0,Thief,24,0
2,29,0,5,4,killed,,25,5,0,Mage,24,0
2,29,0,5,4,escaped,satisfied,22,4,0,Warrior,24,0
2,29,0,5,4,killed,,29,5,0,Warrior,24,0
2,29,0,5,4,killed,,23,4,0,Thief,24,0
2,29,0,5,4,killed,,23,5,1,Cleric,24,0
2,29,0,5,4,killed,,22,3,0,Thief,24,0
2,29,0,5,4,killed,,32,6,0,Cleric,24,0
2,29,0,5,4,killed,,27,6,0,Thief,24,0
2,29,0,5,4,killed,,35,4,1,Thief,24,0
2,29,0,5,4,killed,,34,5,0,Thief,24,0
2,29,0,5,4,killed,,32,5,0,Warrior,24,0
2,29,0,5,4,killed,,32,4,0,Cleric,24,0
2,29,0,5,4,killed,,31,4,0,Mage,24,0
2,29,0,5,4,killed,,24,4,0,Thief,24,0
2,29,0,5,4,escaped,satisfied,22,5,0,Mage,24,0
2,29,0,5,4,killed,,25,5,1,Cleric,24,0
2,29,1,5,4,killed,,32,5,0,Thief,31,0
2,29,0,5,4,killed,,29,5,0,Cleric,24,0
2,29,0,5,4,killed,,24,5,0,Cleric,24,0
2,29,1,5,4,escaped,satisfied,31,5,0,Warrior,31,0
2,29,1,5,4,escaped,hp,31,5,0,Thief,31,0
2,29,1,5,4,killed,,32,3,0,Cleric,31,0
2,29,1,5,4,escaped,satisfied,33,5,0,Thief,31,0
2,29,0,5,4,killed,,24,5,1,Cleric,24,0
2,29,1,5,4,escaped,hp,29,4,0,Cleric,31,0
2,29,1,5,4,killed,,31,4,0,Cleric,31,0
2,29,1,5,4,escaped,hp,27,5,0,Mage,31,0
2,29,1,5,4,escaped,hp,32,5,0,Cleric,31,0
2,29,0,5,4,escaped,stuck,24,4,1,Mage,24,0
2,29,0,5,4,escaped,stuck,25,5,1,Warrior,24,0
2,29,0,5,4,escaped,stuck,23,5,1,Cleric,24,0
2,29,2,5,4,escaped,satisfied,59,6,1,Warrior,38,0
2,29,2,5,4,killed,,29,5,1,Warrior,38,0
2,29,2,5,4,killed,,33,5,1,Thief,38,0
2,29,2,5,4,killed,,28,5,0,Thief,38,0
2,29,2,5,4,killed,,30,5,0,Thief,38,0
2,29,2,5,4,killed,,33,5,1,Thief,38,0
2,29,2,5,4,killed,,30,3,1,Thief,38,0
2,29,2,5,4,killed,,30,5,1,Mage,38,0
2,29,2,5,4,escaped,satisfied,34,5,1,Cleric,38,0
2,29,1,5,4,killed,,26,4,1,Mage,31,0
2,29,1,5,4,killed,,27,6,1,Thief,31,0
2,29,1,5,4,killed,,26,4,1,Cleric,31,0
2,29,1,5,4,killed,,28,4,0,Warrior,31,0
2,29,0,5,4,escaped,timeout,22,4,0,Warrior,24,0
2,30,0,5,4,killed,,90,7,1,Mage,25,0
2,30,0,5,4,killed,,59,6,1,Mage,25,0
2,30,1,5,4,escaped,satisfied,82,7,1,Cleric,32,0
2,30,1,5,4,killed,,30,5,0,Mage,32,0
2,30,1,5,4,killed,,35,5,0,Thief,32,0
2,30,1,5,4,killed,,67,6,1,Mage,32,0
2,30,2,5,4,escaped,satisfied,79,7,1,Mage,39,0
2,30,2,5,4,escaped,satisfied,96,7,1,Warrior,39,0
2,30,2,5,4,killed,,61,6,1,Thief,39,0
2,30,2,5,4,escaped,satisfied,84,7,1,Thief,39,0
2,30,2,5,4,killed,,61,6,1,Cleric,39,0
2,30,2,5,4,escaped,satisfied,79,7,1,Thief,39,0
2,30,2,5,4,escaped,satisfied,82,7,1,Warrior,39,0
2,30,2,5,4,escaped,satisfied,69,6,1,Warrior,39,0
2,30,2,5,4,escaped,satisfied,79,6,1,Warrior,39,0
2,30,2,5,4,escaped,satisfied,69,7,1,Cleric,39,0
2,30,2,5,4,escaped,satisfied,74,7,1,Thief,39,0
2,30,2,5,4,escaped,satisfied,100,7,1,Warrior,39,0
2,30,2,5,4,escaped,satisfied,64,6,1,Warrior,39,0
2,30,2,5,4,escaped,satisfied,74,7,1,Cleric,39,0
2,30,3,5,4,escaped,hp,34,6,1,Cleric,46,0
2,30,3,5,4,escaped,satisfied,87,6,1,Warrior,46,0
2,30,3,5,4,killed,,90,6,1,Mage,46,0
2,30,3,5,4,killed,,34,4,1,Thief,46,0
2,30,3,5,4,killed,,74,7,1,Mage,46,0
2,30,3,5,4,killed,,79,7,1,Thief,46,0
2,30,3,5,4,escaped,satisfied,74,7,1,Cleric,46,0
2,30,3,5,4,killed,,69,7,1,Cleric,46,0
2,30,3,5,4,killed,,87,6,1,Cleric,46,0
2,30,4,5,4,escaped,satisfied,79,5,1,Warrior,54,0
2,30,3,5,4,killed,,79,6,1,Thief,46,0
2,30,0,5,4,escaped,timeout,24,3,0,Cleric,25,0
2,30,0,5,4,escaped,timeout,22,4,0,Warrior,25,0
2,31,0,5,4,killed,,30,4,0,Cleric,25,0
2,31,0,5,4,killed,,34,6,1,Thief,25,0
2,31,0,5,4,killed,,34,5,0,Thief,25,0
2,31,0,5,4,killed,,24,4,1,Mage,25,0
2,31,1,5,4,escaped,hp,28,5,1,Warrior,32,0
2,31,0,5,4,killed,,28,6,1,Thief,25,0
2,31,0,5,4,escaped,stuck,24,6,1,Thief,25,0
2,31,1,5,4,escaped,satisfied,29,6,0,Thief,32,0
2,31,0,5,4,killed,,28,4,1,Cleric,25,0
2,31,0,5,4,escaped,hp,36,4,1,Thief,25,0
2,31,1,5,4,killed,,33,5,0,Mage,32,0
2,31,1,5,4,escaped,satisfied,32,6,0,Cleric,32,0
2,31,1,5,4,killed,,32,4,0,Mage,32,0
2,31,1,5,4,killed,,28,6,0,Thief,32,0
2,31,1,5,4,escaped,satisfied,34,6,0,Thief,32,0
2,31,1,5,4,escaped,hp,28,6,0,Thief,32,0
2,31,0,5,4,escaped,stuck,25,6,1,Cleric,25,0
2,31,2,5,4,escaped,hp,33,6,1,Warrior,39,0
2,31,0,5,4,escaped,stuck,24,5,1,Thief,25,0
2,31,2,5,4,escaped,satisfied,32,6,0,Warrior,39,0
2,31,2,5,4,killed,,35,6,1,Thief,39,0
2,31,2,5,4,killed,,31,6,1,Warrior,39,0
2,31,2,5,4,killed,,32,5,1,Thief,39,0
2,31,2,5,4,killed,,33,6,1,Thief,39,0
2,31,1,5,4,killed,,29,5,0,Warrior,32,0
2,31,2,5,4,escaped,satisfied,34,6,1,Thief,39,0
2,31,2,5,4,escaped,satisfied,34,6,1,Warrior,39,0
2,31,2,5,4,escaped,satisfied,30,6,1,Thief,39,0
2,31,2,5,4,killed,,34,4,0,Thief,39,0
2,31,2,5,4,killed,,30,4,0,Thief,39,0
2,31,2,5,4,killed,,31,4,0,Thief,39,0
2,31,2,5,4,killed,,33,5,0,Warrior,39,0
2,31,2,5,4,killed,,30,4,0,Thief,39,0
2,31,2,5,4,killed,,30,4,0,Cleric,39,0
2,31,2,5,4,killed,,34,5,0,Cleric,39,0
2,31,2,5,4,killed,,35,5,0,Thief,39,0
2,31,2,5,4,killed,,32,5,0,Thief,39,0
2,31,2,5,4,killed,,31,4,0,Thief,39,0
2,31,0,5,4,escaped,stuck,23,6,1,Mage,25,0
2,31,2,5,4,killed,,37,4,0,Thief,39,0
2,31,2,5,4,killed,,33,5,0,Warrior,39,0
2,31,2,5,4,killed,,36,5,0,Thief,39,0
2,31,1,5,4,killed,,28,5,1,Warrior,32,0
2,31,1,5,4,killed,,28,5,1,Warrior,32,0
2,31,0,5,4,escaped,stuck,25,4,1,Cleric,25,0
2,31,0,5,4,escaped,stuck,24,4,1,Warrior,25,0
2,31,1,5,4,killed,,29,5,1,Thief,32,0
2,31,3,5,4,escaped,hp,65,7,1,Warrior,46,0
2,31,1,5,4,killed,,27,4,1,Warrior,32,0
2,31,1,5,4,killed,,28,4,1,Warrior,32,0
2,31,3,5,4,killed,,34,5,1,Thief,46,0
2,31,3,5,4,killed,,34,4,1,Warrior,46,0
2,31,3,5,4,killed,,36,4,1,Thief,46,0
2,31,3,5,4,killed,,33,5,1,Warrior,46,0
2,31,3,5,4,killed,,34,4,1,Warrior,46,0
2,31,2,5,4,killed,,30,5,1,Thief,39,0
2,31,1,5,4,killed,,28,4,0,Warrior,32,0
2,31,0,5,4,escaped,timeout,25,6,0,Warrior,25,0
2,31,0,5,4,escaped,timeout,24,6,0,Mage,25,0
2,31,0,5,4,escaped,timeout,26,4,0,Mage,25,0
2,31,0,5,4,escaped,timeout,26,6,0,Warrior,25,0
2,31,0,5,4,escaped,timeout,25,5,0,Mage,25,0
2,31,0,5,4,escaped,timeout,26,4,0,Mage,25,0
2,31,0,5,4,escaped,timeout,23,5,0,Thief,25,0
2,32,0,6,5,escaped,hp,23,5,1,Thief,26,0
2,32,0,6,5,killed,,28,5,1,Thief,26,0
2,32,0,6,5,killed,,23,5,1,Mage,26,0
2,32,0,6,5,killed,,23,5,0,Thief,26,0
2,32,0,6,5,escaped,hp,23,6,0,Cleric,26,0
2,32,0,6,5,killed,,37,5,0,Cleric,26,0
2,32,0,6,5,escaped,hp,25,6,1,Thief,26,0
2,32,0,6,5,killed,,23,4,0,Mage,26,0
2,32,0,6,5,killed,,29,6,1,Warrior,26,0
2,32,0,6,5,killed,,26,4,1,Mage,26,0
2,32,0,6,5,killed,,31,4,1,Thief,26,0
2,32,0,6,5,killed,,27,5,1,Thief,26,0
2,32,0,6,5,killed,,36,5,1,Thief,26,0
2,32,0,6,5,killed,,37,4,1,Cleric,26,0
2,32,0,6,5,killed,,31,5,1,Thief,26,0
2,32,0,6,5,killed,,30,6,1,Thief,26,0
2,32,0,6,5,killed,,30,5,1,Warrior,26,0
2,32,0,6,5,killed,,28,4,1,Warrior,26,0
2,32,0,6,5,killed,,30,5,0,Mage,26,0
2,32,0,6,5,killed,,26,5,0,Thief,26,0
2,32,0,6,5,escaped,hp,23,6,0,Warrior,26,0
2,32,0,6,5,killed,,24,4,1,Thief,26,0
2,32,0,6,5,escaped,hp,29,5,0,Warrior,26,0
2,32,1,6,5,killed,,28,5,0,Mage,33,0
2,32,1,6,5,killed,,27,5,0,Mage,33,0
2,32,0,6,5,killed,,24,4,1,Mage,26,0
2,32,1,6,5,escaped,satisfied,32,6,0,Thief,33,0
2,32,0,6,5,escaped,stuck,24,5,1,Thief,26,0
2,32,0,6,5,escaped,stuck,24,5,1,Thief,26,0
2,32,0,6,5,escaped,stuck,26,5,1,Thief,26,0
2,32,2,6,5,killed,,30,6,1,Mage,40,0
2,32,1,6,5,killed,,27,5,0,Thief,33,0
2,32,2,6,5,killed,,33,5,1,Warrior,40,0
2,32,2,6,5,killed,,35,4,1,Thief,40,0
2,32,2,6,5,killed,,31,5,1,Thief,40,0
2,32,2,6,5,killed,,30,4,1,Thief,40,0
2,32,2,6,5,killed,,34,4,1,Warrior,40,0
2,32,2,6,5,killed,,31,5,0,Warrior,40,0
2,32,2,6,5,killed,,34,5,0,Thief,40,0
2,32,2,6,5,killed,,35,5,0,Thief,40,0
2,32,2,6,5,killed,,30,5,0,Cleric,40,0
2,32,2,6,5,killed,,34,6,1,Thief,40,0
2,32,2,6,5,killed,,35,5,0,Thief,40,0
2,32,2,6,5,killed,,31,5,1,Cleric,40,0
2,32,2,6,5,killed,,37,5,1,Thief,40,0
2,32,2,6,5,killed,,37,5,0,Cleric,40,0
2,32,2,6,5,killed,,30,5,0,Thief,40,0
2,32,2,6,5,killed,,31,5,0,Warrior,40,0
2,32,2,6,5,killed,,37,6,1,Warrior,40,0
2,32,0,6,5,escaped,stuck,24,5,1,Thief,26,0
2,32,2,6,5,killed,,37,6,1,Cleric,40,0
2,32,2,6,5,killed,,36,6,1,Cleric,40,0
2,32,2,6,5,killed,,40,7,1,Cleric,40,0
2,32,2,6,5,killed,,36,5,0,Warrior,40,0
2,32,0,6,5,escaped,stuck,26,6,1,Thief,26,0
2,32,1,6,5,killed,,27,5,1,Warrior,33,0
2,32,1,6,5,killed,,27,5,1,Warrior,33,0
2,32,3,6,5,escaped,hp,100,7,1,Warrior,48,0
2,32,0,6,5,escaped,timeout,26,5,0,Warrior,26,0
2,32,0,6,5,escaped,timeout,25,6,0,Thief,26,0
2,32,0,6,5,escaped,timeout,25,4,0,Thief,26,0
2,32,0,6,5,escaped,timeout,25,4,0,Cleric,26,0
2,32,0,6,5,escaped,timeout,24,5,0,Cleric,26,0
2,32,0,6,5,escaped,timeout,25,5,0,Thief,26,0
2,32,0,6,5,escaped,timeout,23,4,0,Thief,26,0
2,33,0,6,5,killed,,32,6,1,Cleric,26,0
2,33,0,6,5,killed,,24,4,0,Cleric,26,0
2,33,0,6,5,killed,,30,4,0,Cleric,26,0
2,33,0,6,5,killed,,24,6,0,Thief,26,0
2,33,0,6,5,killed,,25,4,1,Warrior,26,0
2,33,0,6,5,killed,,37,4,0,Thief,26,0
2,33,0,6,5,killed,,34,4,1,Thief,26,0
2,33,0,6,5,killed,,26,6,0,Cleric,26,0
2,33,0,6,5,killed,,26,6,0,Thief,26,0
2,33,0,6,5,killed,,25,5,1,Thief,26,0
2,33,0,6,5,killed,,27,4,1,Thief,26,0
2,33,0,6,5,killed,,27,5,0,Thief,26,0
2,33,0,6,5,killed,,33,4,1,Cleric,26,0
2,33,0,6,5,killed,,35,5,0,Thief,26,0
2,33,0,6,5,killed,,30,6,1,Cleric,26,0
2,33,0,6,5,killed,,31,5,0,Thief,26,0
2,33,0,6,5,killed,,31,6,1,Thief,26,0
2,33,0,6,5,killed,,37,6,0,Thief,26,0
2,33,0,6,5,killed,,26,6,1,Cleric,26,0
2,33,0,6,5,killed,,35,4,0,Thief,26,0
2,33,0,6,5,killed,,27,4,0,Warrior,26,0
2,33,0,6,5,killed,,26,5,0,Cleric,26,0
2,33,0,6,5,killed,,28,4,0,Thief,26,0
2,33,0,6,5,killed,,27,6,1,Cleric,26,0
2,33,0,6,5,escaped,hp,27,5,1,Thief,26,0
2,33,0,6,5,escaped,hp,35,5,1,Warrior,26,0
2,33,0,6,5,escaped,hp,37,5,0,Cleric,26,0
2,33,0,6,5,escaped,hp,33,5,0,Cleric,26,0
2,33,0,6,5,escaped,hp,36,4,1,Thief,26,0
2,33,0,6,5,killed,,35,6,0,Cleric,26,0
2,33,0,6,5,killed,,35,4,0,Cleric,26,0
2,33,0,6,5,killed,,24,5,1,Mage,26,0
2,33,1,6,5,escaped,satisfied,36,6,0,Warrior,34,0
2,33,0,6,5,escaped,stuck,23,6,1,Thief,26,0
2,33,1,6,5,killed,,32,5,0,Mage,34,0
2,33,1,6,5,escaped,hp,30,4,0,Warrior,34,0
2,33,1,6,5,escaped,hp,36,6,0,Mage,34,0
2,33,1,6,5,escaped,hp,34,6,0,Mage,34,0
2,33,1,6,5,escaped,satisfied,35,6,0,Cleric,34,0
2,33,1,6,5,escaped,hp,31,5,0,Mage,34,0
2,33,1,6,5,escaped,hp,31,5,0,Mage,34,0
2,33,1,6,5,escaped,hp,33,4,0,Mage,34,0
2,33,1,6,5,escaped,hp,36,6,0,Warrior,34,0
2,33,1,6,5,escaped,hp,38,6,0,Cleric,34,0
2,33,1,6,5,escaped,hp,29,5,0,Thief,34,0
2,33,1,6,5,escaped,hp,32,5,0,Cleric,34,0
2,33,1,6,5,escaped,hp,30,5,0,Warrior,34,0
2,33,1,6,5,escaped,hp,38,6,0,Thief,34,0
2,33,1,6,5,escaped,hp,36,6,0,Cleric,34,0
2,33,1,6,5,escaped,hp,33,5,0,Warrior,34,0
2,33,1,6,5,escaped,hp,35,5,0,Warrior,34,0
2,33,1,6,5,escaped,hp,32,4,0,Thief,34,0
2,33,0,6,5,escaped,stuck,27,6,1,Thief,26,0
2,33,0,6,5,escaped,stuck,25,5,1,Thief,26,0
2,33,0,6,5,escaped,stuck,27,5,1,Warrior,26,0
2,33,2,6,5,escaped,hp,32,4,1,Mage,42,0
2,33,0,6,5,escaped,stuck,27,4,1,Thief,26,0
2,33,2,6,5,escaped,satisfied,74,7,1,Warrior,42,0
2,33,2,6,5,escaped,satisfied,38,6,1,Warrior,42,0
2,33,2,6,5,escaped,satisfied,31,5,1,Warrior,42,0
2,33,2,6,5,killed,,33,4,0,Thief,42,0
2,33,1,6,5,escaped,satisfied,30,5,0,Thief,34,0
2,33,2,6,5,escaped,satisfied,31,6,1,Thief,42,0
2,33,0,6,5,escaped,stuck,25,5,1,Cleric,26,0
2,33,0,6,5,escaped,stuck,25,4,1,Thief,26,0
2,33,2,6,5,killed,,34,4,0,Thief,42,0
2,33,2,6,5,killed,,31,4,0,Thief,42,0
2,33,2,6,5,killed,,38,4,0,Thief,42,0
2,33,2,6,5,killed,,33,4,0,Thief,42,0
2,33,0,6,5,escaped,stuck,27,4,1,Warrior,26,0
2,33,0,6,5,escaped,stuck,26,5,1,Mage,26,0
2,33,2,6,5,escaped,satisfied,35,5,1,Thief,42,0
2,33,2,6,5,killed,,34,4,1,Mage,42,0
2,33,0,6,5,escaped,stuck,26,6,1,Thief,26,0
2,33,0,6,5,escaped,stuck,25,5,1,Thief,26,0
2,33,1,6,5,killed,,29,6,1,Mage,34,0
2,33,1,6,5,killed,,28,6,1,Mage,34,0
2,33,0,6,5,escaped,stuck,25,4,1,Thief,26,0
2,33,1,6,5,killed,,29,6,1,Mage,34,0
2,33,1,6,5,killed,,28,6,1,Warrior,34,0
2,33,1,6,5,killed,,28,6,1,Warrior,34,0
2,33,1,6,5,killed,,30,5,1,Cleric,34,0
2,33,1,6,5,killed,,30,5,1,Thief,34,0
2,33,0,6,5,escaped,stuck,27,5,1,Warrior,26,0
2,33,3,6,5,escaped,hp,33,5,1,Thief,50,0
2,33,2,6,5,killed,,36,6,1,Cleric,42,0
2,33,3,6,5,killed,,37,5,1,Thief,50,0
2,33,3,6,5,killed,,34,4,1,Cleric,50,0
2,33,3,6,5,killed,,36,5,1,Cleric,50,0
2,33,3,6,5,killed,,36,4,1,Warrior,50,0
2,33,2,6,5,killed,,30,5,1,Thief,42,0
2,33,2,6,5,killed,,32,5,1,Cleric,42,0
2,33,2,6,5,killed,,32,4,1,Warrior,42,0
2,33,1,6,5,killed,,28,4,0,Thief,34,0
2,33,1,6,5,escaped,hp,29,4,0,Thief,34,0
2,33,1,6,5,escaped,hp,30,4,0,Warrior,34,0
2,33,1,6,5,killed,,30,4,0,Thief,34,0
2,33,1,6,5,killed,,30,4,0,Thief,34,0
2,33,1,6,5,killed,,30,4,0,Thief,34,0
2,33,0,6,5,escaped,timeout,26,4,0,Cleric,26,0
2,33,0,6,5,escaped,timeout,25,6,0,Mage,26,0
2,33,0,6,5,escaped,timeout,27,4,0,Mage,26,0
2,33,0,6,5,escaped,timeout,24,5,0,Thief,26,0
2,33,0,6,5,escaped,timeout,24,5,0,Warrior,26,0
2,33,0,6,5,escaped,timeout,25,5,0,Thief,26,0
2,33,0,6,5,escaped,timeout,28,5,0,Thief,26,0
2,33,0,6,5,escaped,timeout,23,6,0,Warrior,26,0
2,33,0,6,5,escaped,timeout,24,4,0,Warrior,26,0
2,33,0,6,5,escaped,timeout,24,4,0,Warrior,26,0
2,34,0,6,5,killed,,34,5,1,Cleric,27,0
2,34,0,6,5,killed,,35,4,0,Thief,27,0
2,34,0,6,5,killed,,26,4,1,Warrior,27,0
2,34,0,6,5,killed,,33,5,1,Warrior,27,0
2,34,0,6,5,killed,,28,6,0,Thief,27,0
2,34,0,6,5,killed,,26,6,1,Thief,27,0
2,34,0,6,5,killed,,30,6,1,Warrior,27,0
2,34,0,6,5,killed,,34,5,0,Warrior,27,0
2,34,0,6,5,killed,,28,5,1,Mage,27,0
2,34,0,6,5,killed,,34,6,0,Warrior,27,0
2,34,0,6,5,killed,,35,6,1,Warrior,27,0
2,34,0,6,5,killed,,39,6,1,Mage,27,0
2,34,0,6,5,escaped,hp,34,6,1,Mage,27,0
2,34,0,6,5,killed,,34,4,1,Mage,27,0
2,34,0,6,5,killed,,27,4,0,Thief,27,0
2,34,0,6,5,killed,,32,6,1,Mage,27,0
2,34,0,6,5,killed,,25,5,1,Cleric,27,0
2,34,0,6,5,killed,,33,4,1,Thief,27,0
2,34,0,6,5,killed,,34,4,0,Thief,27,0
2,34,0,6,5,escaped,hp,28,6,1,Thief,27,0
2,34,1,6,5,killed,,31,5,0,Cleric,35,0
2,34,1,6,5,escaped,satisfied,34,6,0,Mage,35,0
2,34,1,6,5,escaped,hp,34,6,0,Warrior,35,0
2,34,1,6,5,escaped,hp,39,5,0,Mage,35,0
2,34,0,6,5,escaped,stuck,27,5,1,Mage,27,0
2,34,0,6,5,escaped,stuck,27,6,1,Thief,27,0
2,34,0,6,5,escaped,stuck,24,4,1,Cleric,27,0
2,34,0,6,5,escaped,stuck,24,4,1,Thief,27,0
2,34,2,6,5,escaped,satisfied,85,7,1,Cleric,43,0
2,34,2,6,5,killed,,33,6,1,Cleric,43,0
2,34,2,6,5,killed,,35,5,0,Thief,43,0
2,34,2,6,5,killed,,37,4,0,Thief,43,0
2,34,2,6,5,killed,,36,4,0,Thief,43,0
2,34,2,6,5,killed,,32,4,0,Thief,43,0
2,34,2,6,5,escaped,satisfied,36,6,1,Thief,43,0
2,34,2,6,5,escaped,satisfied,34,6,1,Cleric,43,0
2,34,2,6,5,killed,,35,5,0,Thief,43,0
2,34,2,6,5,escaped,satisfied,39,6,1,Thief,43,0
2,34,0,6,5,escaped,stuck,27,6,1,Mage,27,0
2,34,2,6,5,killed,,39,5,0,Thief,43,0
2,34,2,6,5,killed,,32,5,0,Warrior,43,0
2,34,2,6,5,killed,,39,4,1,Mage,43,0
2,34,2,6,5,killed,,32,6,0,Warrior,43,0
2,34,2,6,5,killed,,37,5,0,Mage,43,0
2,34,2,6,5,killed,,33,5,0,Mage,43,0
2,34,2,6,5,killed,,38,6,0,Thief,43,0
2,34,2,6,5,killed,,38,6,0,Mage,43,0
2,34,2,6,5,killed,,34,6,1,Mage,43,0
2,34,3,6,5,escaped,hp,38,5,1,Thief,51,0
2,34,3,6,5,escaped,hp,35,6,1,Thief,51,0
2,34,3,6,5,escaped,hp,39,4,1,Warrior,51,0
2,34,3,6,5,escaped,hp,82,7,1,Mage,51,0
2,34,3,6,5,escaped,hp,100,7,1,Warrior,51,0
2,34,1,6,5,killed,,28,5,1,Cleric,35,0
2,34,3,6,5,killed,,39,4,1,Thief,51,0
2,34,3,6,5,killed,,35,4,1,Warrior,51,0
2,34,1,6,5,escaped,stuck,30,4,1,Thief,35,0
2,34,2,6,5,killed,,33,5,1,Warrior,43,0
2,34,0,6,5,escaped,satisfied,26,4,0,Warrior,27,0
2,34,1,6,5,killed,,30,5,0,Cleric,35,0
2,34,1,6,5,killed,,30,6,0,Thief,35,0
2,34,1,6,5,killed,,29,5,0,Cleric,35,0
2,34,1,6,5,killed,,30,5,0,Warrior,35,0
2,34,0,6,5,escaped,timeout,24,5,0,Mage,27,0
2,34,0,6,5,escaped,timeout,26,6,0,Thief,27,0
2,34,0,6,5,escaped,timeout,27,6,0,Warrior,27,0
2,34,0,6,5,escaped,timeout,25,5,0,Thief,27,0
2,34,0,6,5,escaped,timeout,25,5,0,Thief,27,0
2,35,0,6,5,killed,,82,6,1,Mage,27,0
2,35,0,6,5,killed,,64,6,1,Mage,27,0
2,35,1,6,5,escaped,hp,30,5,1,Thief,35,0
2,35,1,6,5,escaped,satisfied,96,7,1,Warrior,35,0
2,35,1,6,5,escaped,satisfied,87,7,1,Mage,35,0
2,35,2,6,5,escaped,satisfied,34,6,0,Thief,43,0
2,35,2,6,5,escaped,satisfied,72,7,1,Thief,43,0
2,35,2,6,5,killed,,74,7,1,Warrior,43,0
2,35,2,6,5,killed,,34,5,0,Thief,43,0
2,35,2,6,5,killed,,36,4,0,Cleric,43,0
2,35,2,6,5,killed,,33,5,0,Thief,43,0
2,35,2,6,5,killed,,67,7,1,Cleric,43,0
2,35,1,6,5,killed,,100,7,1,Mage,35,0
2,35,2,6,5,killed,,33,6,0,Cleric,43,0
2,35,0,6,5,escaped,stuck,26,7,1,Thief,27,0
2,35,0,6,5,escaped,stuck,25,5,1,Thief,27,0
2,35,0,6,5,escaped,stuck,29,5,1,Warrior,27,0
2,35,2,6,5,killed,,30,5,1,Mage,43,0
2,35,2,6,5,killed,,39,5,0,Cleric,43,0
2,35,0,6,5,killed,,28,6,0,Mage,27,0
2,35,3,6,5,escaped,hp,39,4,1,Thief,51,0
2,35,3,6,5,escaped,hp,35,4,1,Warrior,51,0
2,35,3,6,5,escaped,hp,30,5,1,Thief,51,0
2,35,1,6,5,killed,,32,5,1,Thief,35,0
2,35,1,6,5,killed,,29,5,1,Warrior,35,0
2,35,4,6,5,escaped,satisfied,97,7,1,Mage,59,0
2,35,3,6,5,killed,,86,7,1,Warrior,51,0
2,35,1,6,5,killed,,30,5,0,Mage,35,0
2,35,1,6,5,killed,,30,6,0,Thief,35,0
2,35,3,6,5,killed,,35,6,1,Thief,51,0
2,35,4,6,5,killed,,87,7,1,Mage,59,0
2,35,5,6,5,escaped,satisfied,90,7,1,Mage,67,0
2,35,0,6,5,escaped,satisfied,25,4,0,Thief,27,0
2,35,5,6,5,killed,,67,7,1,Mage,67,0
2,35,5,6,5,killed,,69,7,1,Mage,67,0
2,35,5,6,5,killed,,67,7,1,Mage,67,0
2,35,5,6,5,killed,,31,5,1,Cleric,67,0
2,35,5,6,5,killed,,97,6,1,Mage,67,0
2,35,5,6,5,killed,,38,5,1,Thief,67,0
2,35,5,6,5,killed,,36,5,1,Warrior,67,0
2,35,5,6,5,killed,,90,6,1,Mage,67,1
2,35,5,6,5,killed,,64,7,1,Cleric,67,1
2,35,5,6,5,killed,,38,5,1,Warrior,67,0
2,35,5,6,5,killed,,84,7,1,Cleric,67,1
2,35,5,6,5,killed,,97,7,1,Thief,67,0
2,35,5,6,5,killed,,64,7,1,Cleric,67,0
2,35,5,6,5,killed,,95,7,1,Thief,67,0
2,35,5,6,5,killed,,77,7,1,Warrior,67,0
2,35,5,6,5,killed,,77,7,1,Cleric,67,0
2,35,5,6,5,killed,,95,7,1,Thief,67,1
2,35,5,6,5,killed,,77,7,1,Warrior,67,1
2,35,5,6,5,killed,,79,7,1,Cleric,67,1
2,35,5,6,5,escaped,panic,79,7,1,Thief,67,1
2,35,5,6,5,escaped,panic,84,7,1,Warrior,67,1
2,35,5,6,5,escaped,panic,100,7,1,Thief,67,1
2,35,5,6,5,escaped,panic,64,7,1,Warrior,67,1
2,35,5,6,5,escaped,panic,72,7,1,Thief,67,1
2,35,5,6,5,escaped,panic,87,7,1,Warrior,67,1
2,35,5,6,5,escaped,panic,69,7,1,Thief,67,1
2,35,5,6,5,escaped,panic,82,7,1,Warrior,67,1
2,35,5,6,5,escaped,panic,67,7,1,Cleric,67,1
2,35,5,6,5,escaped,panic,87,7,1,Thief,67,1
2,35,5,6,5,escaped,panic,82,7,1,Cleric,67,1
2,35,5,6,5,escaped,panic,90,7,1,Warrior,67,1
2,35,5,6,5,escaped,panic,82,7,1,Thief,67,1
2,35,5,6,5,escaped,panic,69,7,1,Warrior,67,1
2,35,5,6,5,escaped,panic,64,7,1,Cleric,67,0
2,35,5,6,5,escaped,panic,35,7,1,Cleric,67,0
2,35,5,6,5,escaped,panic,77,6,1,Warrior,67,0
2,35,5,6,5,escaped,panic,77,6,1,Cleric,67,0
2,35,5,6,5,escaped,panic,100,6,1,Cleric,67,0
2,35,5,6,5,escaped,panic,100,6,1,Warrior,67,0
2,35,5,6,5,escaped,panic,100,6,1,Thief,67,0
2,35,5,6,5,escaped,panic,87,6,1,Cleric,67,0
2,35,5,6,5,escaped,panic,39,6,1,Thief,67,0
2,35,5,6,5,escaped,panic,33,6,1,Thief,67,0
2,35,5,6,5,escaped,panic,35,6,1,Cleric,67,0
2,35,5,6,5,escaped,panic,36,6,1,Warrior,67,0
2,35,5,6,5,escaped,panic,34,6,1,Cleric,67,0
