run,turn,resource,kind,key,amount
1,1,DP,sink,DungeonFeatureManager.TryPlaceTrap,-150
1,1,DP,source,AdventurerAI.ReapEmotion,98
1,1,DP,source,AdventurerAI.TakeDamage,162
1,1,Material,source,AdventurerAI.TakeDamage,10
1,1,DP,sink,CommandSystem.TryUse,-300
1,1,DP,source,AdventurerAI.GrantReturnReward,195
1,1,Fame,source,AdventurerAI.GrantReturnReward,20
1,1,Fame,source,LureEconomy.OnHeroEscaped,50
1,1,DP,stock,end,205
1,1,Material,stock,end,10
1,1,Fame,stock,end,70
1,2,DP,source,SurfaceMap.CollectYields,18
1,2,Material,source,SurfaceMap.CollectYields,1
1,2,Fame,source,SurfaceMap.CollectYields,4
1,2,DP,source,EraSystem.TickTurn,600
1,2,Fame,source,EraSystem.TickTurn,25
1,2,DP,sink,DungeonFeatureManager.TryPlaceTrap,-750
1,2,DP,source,AdventurerAI.ReapEmotion,265
1,2,DP,source,AdventurerAI.TakeDamage,281
1,2,Material,source,AdventurerAI.TakeDamage,14
1,2,DP,sink,CommandSystem.TryUse,-650
1,2,DP,source,AdventurerAI.GrantReturnReward,48
1,2,Fame,source,AdventurerAI.GrantReturnReward,10
1,2,Fame,source,LureEconomy.OnHeroEscaped,25
1,2,DP,stock,end,17
1,2,Material,stock,end,25
1,2,Fame,stock,end,134
1,3,DP,source,SurfaceMap.CollectYields,18
1,3,Material,source,SurfaceMap.CollectYields,1
1,3,Fame,source,SurfaceMap.CollectYields,4
1,3,DP,source,EraSystem.TickTurn,600
1,3,Fame,source,EraSystem.TickTurn,25
1,3,DP,sink,DungeonFeatureManager.TryPlaceTrap,-150
1,3,DP,sink,DungeonFeatureManager.TryPlaceFeature,-250
1,3,DP,sink,DungeonFeatureManager.TryPlaceHabitat,-160
1,3,DP,sink,MinionRoster.TrySummon,-60
1,3,DP,source,AdventurerAI.ReapEmotion,231
1,3,DP,source,AdventurerAI.TakeDamage,378
1,3,Material,source,AdventurerAI.TakeDamage,32
1,3,DP,sink,CommandSystem.TryUse,-300
1,3,DP,stock,end,324
1,3,Material,stock,end,58
1,3,Fame,stock,end,163
1,4,DP,source,SurfaceMap.CollectYields,18
1,4,Material,source,SurfaceMap.CollectYields,1
1,4,Fame,source,SurfaceMap.CollectYields,4
1,4,DP,source,EraSystem.TickTurn,600
1,4,Material,source,EraSystem.TickTurn,10
1,4,DP,sink,MinionRoster.TrySummon,-933
1,4,DP,source,IncidentSystem.Apply,600
1,4,DP,sink,CommandSystem.TryUse,-1150
1,4,DP,source,AdventurerAI.ReapEmotion,107
1,4,DP,source,AdventurerAI.TakeDamage,387
1,4,Material,source,AdventurerAI.TakeDamage,24
1,4,DP,source,AdventurerAI.GrantReturnReward,266
1,4,Fame,source,AdventurerAI.GrantReturnReward,10
1,4,Fame,source,LureEconomy.OnHeroEscaped,25
1,4,DP,source,Nemesis.OnSlain,454
1,4,Material,source,Nemesis.OnSlain,5
1,4,DP,stock,end,673
1,4,Material,stock,end,98
1,4,Fame,stock,end,202
1,5,DP,source,SurfaceMap.CollectYields,18
1,5,Material,source,SurfaceMap.CollectYields,1
1,5,Fame,source,SurfaceMap.CollectYields,4
1,5,DP,source,EraSystem.TickTurn,600
1,5,DP,sink,MinionRoster.TrySummon,-679
1,5,DP,sink,DungeonFeatureManager.TryPlaceFeature,-250
1,5,DP,sink,DungeonFeatureManager.TryPlaceHabitat,-360
1,5,DP,source,AdventurerAI.ReapEmotion,79
1,5,DP,source,AdventurerAI.TakeDamage,826
1,5,Material,source,AdventurerAI.TakeDamage,34
1,5,DP,sink,CommandSystem.TryUse,-950
1,5,DP,source,AdventurerAI.GrantReturnReward,163
1,5,Fame,source,AdventurerAI.GrantReturnReward,10
1,5,Fame,source,LureEconomy.OnHeroEscaped,25
1,5,DP,stock,end,120
1,5,Material,stock,end,133
1,5,Fame,stock,end,241
1,6,DP,source,SurfaceMap.CollectYields,39
1,6,Material,source,SurfaceMap.CollectYields,2
1,6,Fame,source,SurfaceMap.CollectYields,9
1,6,DP,source,EraSystem.TickTurn,600
1,6,DP,sink,MinionRoster.TrySummon,-751
1,6,DP,source,AdventurerAI.ReapEmotion,173
1,6,Fame,source,AdventurerAI.GrantReturnReward,20
1,6,Fame,source,LureEconomy.OnHeroEscaped,50
1,6,DP,source,AdventurerAI.TakeDamage,512
1,6,Material,source,AdventurerAI.TakeDamage,18
1,6,DP,sink,CommandSystem.TryUse,-650
1,6,DP,source,AdventurerAI.GrantReturnReward,356
1,6,DP,stock,end,399
1,6,Material,stock,end,153
1,6,Fame,stock,end,320
1,7,DP,source,SurfaceMap.CollectYields,39
1,7,Material,source,SurfaceMap.CollectYields,2
1,7,Fame,source,SurfaceMap.CollectYields,9
1,7,DP,source,EraSystem.TickTurn,1020
1,7,DP,sink,MinionRoster.TrySummon,-1443
1,7,DP,source,AdventurerAI.ReapEmotion,126
1,7,DP,source,AdventurerAI.TakeDamage,602
1,7,Material,source,AdventurerAI.TakeDamage,20
1,7,DP,sink,CommandSystem.TryUse,-650
1,7,DP,source,AdventurerAI.GrantReturnReward,326
1,7,Fame,source,AdventurerAI.GrantReturnReward,20
1,7,Fame,source,LureEconomy.OnHeroEscaped,50
1,7,DP,source,Nemesis.OnSlain,535
1,7,Material,source,Nemesis.OnSlain,5
1,7,DP,stock,end,954
1,7,Material,stock,end,180
1,7,Fame,stock,end,399
1,8,DP,source,SurfaceMap.CollectYields,39
1,8,Material,source,SurfaceMap.CollectYields,2
1,8,Fame,source,SurfaceMap.CollectYields,9
1,8,DP,sink,MinionRoster.TrySummon,-981
1,8,DP,source,AdventurerAI.ReapEmotion,126
1,8,DP,source,AdventurerAI.TakeDamage,926
1,8,Material,source,AdventurerAI.TakeDamage,47
1,8,DP,sink,CommandSystem.TryUse,-950
1,8,DP,source,Nemesis.OnSlain,1102
1,8,Material,source,Nemesis.OnSlain,10
1,8,DP,stock,end,1216
1,8,Material,stock,end,239
1,8,Fame,stock,end,408
1,9,DP,source,SurfaceMap.CollectYields,45
1,9,Material,source,SurfaceMap.CollectYields,2
1,9,Fame,source,SurfaceMap.CollectYields,11
1,9,DP,source,EraSystem.TickTurn,300
1,9,Fame,source,EraSystem.TickTurn,25
1,9,DP,sink,MinionRoster.TrySummon,-1540
1,9,DP,source,AdventurerAI.ReapEmotion,255
1,9,DP,source,AdventurerAI.TakeDamage,804
1,9,Material,source,AdventurerAI.TakeDamage,38
1,9,DP,sink,CommandSystem.TryUse,-1300
1,9,DP,source,AdventurerAI.GrantReturnReward,163
1,9,Fame,source,AdventurerAI.GrantReturnReward,10
1,9,Fame,source,LureEconomy.OnHeroEscaped,25
1,9,DP,source,Nemesis.OnSlain,1134
1,9,Material,source,Nemesis.OnSlain,10
1,9,DP,stock,end,1077
1,9,Material,stock,end,289
1,9,Fame,stock,end,479
1,10,DP,source,SurfaceMap.CollectYields,78
1,10,Material,source,SurfaceMap.CollectYields,3
1,10,Fame,source,SurfaceMap.CollectYields,16
1,10,DP,source,EraSystem.TickTurn,720
1,10,DP,sink,MinionRoster.TrySummon,-1863
1,10,DP,source,AdventurerAI.ReapEmotion,218
1,10,DP,source,AdventurerAI.TakeDamage,387
1,10,Material,source,AdventurerAI.TakeDamage,14
1,10,DP,sink,CommandSystem.TryUse,-650
1,10,DP,source,AdventurerAI.GrantReturnReward,372
1,10,Fame,source,AdventurerAI.GrantReturnReward,10
1,10,Fame,source,LureEconomy.OnHeroEscaped,25
1,10,DP,stock,end,339
1,10,Material,stock,end,306
1,10,Fame,stock,end,530
1,11,DP,source,SurfaceMap.CollectYields,24
1,11,Material,source,SurfaceMap.CollectYields,1
1,11,Fame,source,SurfaceMap.CollectYields,5
1,11,DP,source,WaveRoster.ResolveTrial,900
1,11,DP,sink,MinionRoster.TrySummon,-1246
1,11,DP,source,AdventurerAI.ReapEmotion,223
1,11,DP,source,AdventurerAI.TakeDamage,1022
1,11,Material,source,AdventurerAI.TakeDamage,40
1,11,DP,sink,CommandSystem.TryUse,-950
1,11,DP,source,Nemesis.OnSlain,616
1,11,Material,source,Nemesis.OnSlain,5
1,11,DP,stock,end,928
1,11,Material,stock,end,352
1,11,Fame,stock,end,535
1,12,DP,source,SurfaceMap.CollectYields,24
1,12,Material,source,SurfaceMap.CollectYields,1
1,12,Fame,source,SurfaceMap.CollectYields,5
1,12,DP,source,DistrictCatalog.Collect,84
1,12,DP,sink,MinionRoster.TrySummon,-1024
1,12,DP,source,AdventurerAI.ReapEmotion,98
1,12,DP,source,AdventurerAI.TakeDamage,907
1,12,Material,source,AdventurerAI.TakeDamage,41
1,12,DP,sink,CommandSystem.TryUse,-1450
1,12,DP,source,AdventurerAI.GrantReturnReward,356
1,12,Fame,source,AdventurerAI.GrantReturnReward,10
1,12,Fame,source,LureEconomy.OnHeroEscaped,25
1,12,DP,source,Nemesis.OnSlain,616
1,12,Material,source,Nemesis.OnSlain,5
1,12,DP,stock,end,539
1,12,Material,stock,end,399
1,12,Fame,stock,end,575
1,13,DP,source,SurfaceMap.CollectYields,18
1,13,Material,source,SurfaceMap.CollectYields,1
1,13,Fame,source,SurfaceMap.CollectYields,4
1,13,DP,source,DistrictCatalog.Collect,98
1,13,DP,sink,MinionRoster.TrySummon,-632
1,13,DP,source,AdventurerAI.ReapEmotion,157
1,13,DP,source,AdventurerAI.TakeDamage,1630
1,13,Material,source,AdventurerAI.TakeDamage,60
1,13,DP,sink,CommandSystem.TryUse,-1450
1,13,DP,stock,end,360
1,13,Material,stock,end,460
1,13,Fame,stock,end,579
1,14,DP,source,SurfaceMap.CollectYields,39
1,14,Material,source,SurfaceMap.CollectYields,2
1,14,Fame,source,SurfaceMap.CollectYields,9
1,14,DP,source,DistrictCatalog.Collect,98
1,14,DP,sink,MinionRoster.TrySummon,-487
1,14,DP,source,AdventurerAI.ReapEmotion,265
1,14,DP,source,AdventurerAI.GrantReturnReward,950
1,14,Fame,source,AdventurerAI.GrantReturnReward,70
1,14,Fame,source,LureEconomy.OnHeroEscaped,175
1,14,DP,sink,CommandSystem.TryUse,-1150
1,14,DP,source,AdventurerAI.TakeDamage,486
1,14,Material,source,AdventurerAI.TakeDamage,21
1,14,DP,stock,end,561
1,14,Material,stock,end,483
1,14,Fame,stock,end,833
1,15,DP,source,SurfaceMap.CollectYields,39
1,15,Material,source,SurfaceMap.CollectYields,2
1,15,Fame,source,SurfaceMap.CollectYields,9
1,15,DP,source,DistrictCatalog.Collect,98
1,15,DP,source,EraSystem.TickTurn,300
1,15,DP,sink,MinionRoster.TrySummon,-978
1,15,DP,source,AdventurerAI.ReapEmotion,204
1,15,DP,source,AdventurerAI.TakeDamage,1502
1,15,Material,source,AdventurerAI.TakeDamage,46
1,15,DP,sink,CommandSystem.TryUse,-1800
1,15,DP,source,AdventurerAI.GrantReturnReward,969
1,15,Fame,source,AdventurerAI.GrantReturnReward,20
1,15,Fame,source,LureEconomy.OnHeroEscaped,50
1,15,DP,stock,end,895
1,15,Material,stock,end,531
1,15,Fame,stock,end,912
1,16,DP,source,SurfaceMap.CollectYields,39
1,16,Material,source,SurfaceMap.CollectYields,2
1,16,Fame,source,SurfaceMap.CollectYields,9
1,16,DP,source,DistrictCatalog.Collect,98
1,16,DP,source,WaveRoster.ResolveTrial,900
1,16,DP,sink,MinionRoster.TrySummon,-1921
1,16,DP,source,AdventurerAI.ReapEmotion,146
1,16,DP,source,AdventurerAI.TakeDamage,3068
1,16,Material,source,AdventurerAI.TakeDamage,87
1,16,DP,sink,CommandSystem.TryUse,-1800
1,16,DP,source,AdventurerAI.GrantReturnReward,227
1,16,Fame,source,AdventurerAI.GrantReturnReward,20
1,16,Fame,source,LureEconomy.OnHeroEscaped,50
1,16,DP,source,Nemesis.OnSlain,2385
1,16,Material,source,Nemesis.OnSlain,17
1,16,DP,stock,end,4037
1,16,Material,stock,end,637
1,16,Fame,stock,end,991
1,17,DP,source,SurfaceMap.CollectYields,80
1,17,Material,source,SurfaceMap.CollectYields,4
1,17,Fame,source,SurfaceMap.CollectYields,18
1,17,DP,source,DistrictCatalog.Collect,98
1,17,DP,source,EraSystem.TickTurn,1020
1,17,DP,sink,MinionRoster.TrySummon,-5228
1,17,DP,source,AdventurerAI.ReapEmotion,143
1,17,DP,source,AdventurerAI.TakeDamage,1357
1,17,Material,source,AdventurerAI.TakeDamage,40
1,17,Fame,source,AdventurerAI.GrantReturnReward,30
1,17,Fame,source,LureEconomy.OnHeroEscaped,75
1,17,DP,sink,CommandSystem.TryUse,-1450
1,17,DP,source,Nemesis.OnSlain,1458
1,17,Material,source,Nemesis.OnSlain,10
1,17,DP,stock,end,1515
1,17,Material,stock,end,691
1,17,Fame,stock,end,1114
1,18,DP,source,SurfaceMap.CollectYields,80
1,18,Material,source,SurfaceMap.CollectYields,4
1,18,Fame,source,SurfaceMap.CollectYields,18
1,18,DP,source,DistrictCatalog.Collect,126
1,18,DP,sink,MinionRoster.TrySummon,-1710
1,18,DP,source,AdventurerAI.ReapEmotion,155
1,18,DP,source,AdventurerAI.TakeDamage,1913
1,18,Material,source,AdventurerAI.TakeDamage,58
1,18,DP,sink,CommandSystem.TryUse,-1450
1,18,DP,source,Nemesis.OnSlain,1490
1,18,Material,source,Nemesis.OnSlain,10
1,18,DP,stock,end,2119
1,18,Material,stock,end,763
1,18,Fame,stock,end,1132
1,19,DP,source,SurfaceMap.CollectYields,136
1,19,Material,source,SurfaceMap.CollectYields,5
1,19,Fame,source,SurfaceMap.CollectYields,28
1,19,DP,source,DistrictCatalog.Collect,126
1,19,DP,source,EraSystem.TickTurn,300
1,19,DP,sink,MinionRoster.TrySummon,-2672
1,19,DP,source,AdventurerAI.ReapEmotion,172
1,19,DP,source,AdventurerAI.TakeDamage,1724
1,19,Material,source,AdventurerAI.TakeDamage,55
1,19,DP,sink,CommandSystem.TryUse,-1800
1,19,DP,source,AdventurerAI.GrantReturnReward,159
1,19,Fame,source,AdventurerAI.GrantReturnReward,20
1,19,Fame,source,LureEconomy.OnHeroEscaped,50
1,19,DP,source,Nemesis.OnSlain,1522
1,19,Material,source,Nemesis.OnSlain,10
1,19,DP,stock,end,1786
1,19,Material,stock,end,833
1,19,Fame,stock,end,1230
1,20,DP,source,SurfaceMap.CollectYields,136
1,20,Material,source,SurfaceMap.CollectYields,5
1,20,Fame,source,SurfaceMap.CollectYields,28
1,20,DP,source,DistrictCatalog.Collect,126
1,20,DP,sink,MinionRoster.TrySummon,-2041
1,20,DP,source,AdventurerAI.ReapEmotion,155
1,20,DP,source,AdventurerAI.TakeDamage,4862
1,20,Material,source,AdventurerAI.TakeDamage,114
1,20,DP,sink,CommandSystem.TryUse,-1800
1,20,Fame,source,AdventurerAI.GrantReturnReward,50
1,20,Fame,source,LureEconomy.OnHeroEscaped,125
1,20,DP,source,AdventurerAI.GrantReturnReward,511
1,20,DP,source,Nemesis.OnSlain,778
1,20,Material,source,Nemesis.OnSlain,5
1,20,DP,stock,end,4513
1,20,Material,stock,end,957
1,20,Fame,stock,end,1433
1,21,DP,source,SurfaceMap.CollectYields,136
1,21,Material,source,SurfaceMap.CollectYields,5
1,21,Fame,source,SurfaceMap.CollectYields,28
1,21,DP,source,DistrictCatalog.Collect,126
1,21,DP,source,WaveRoster.ResolveTrial,1200
1,21,DP,sink,MinionRoster.TrySummon,-5950
1,21,DP,source,AdventurerAI.ReapEmotion,349
1,21,DP,sink,CommandSystem.TryUse,-1800
1,21,DP,source,AdventurerAI.TakeDamage,2502
1,21,Material,source,AdventurerAI.TakeDamage,65
1,21,DP,source,Nemesis.OnSlain,1588
1,21,Material,source,Nemesis.OnSlain,10
1,21,DP,stock,end,2664
1,21,Material,stock,end,1037
1,21,Fame,stock,end,1461
1,22,DP,source,SurfaceMap.CollectYields,136
1,22,Material,source,SurfaceMap.CollectYields,5
1,22,Fame,source,SurfaceMap.CollectYields,28
1,22,DP,source,DistrictCatalog.Collect,98
1,22,DP,sink,MinionRoster.TrySummon,-2860
1,22,DP,source,AdventurerAI.ReapEmotion,166
1,22,DP,source,AdventurerAI.TakeDamage,1741
1,22,Material,source,AdventurerAI.TakeDamage,41
1,22,DP,sink,CommandSystem.TryUse,-1450
1,22,Fame,source,AdventurerAI.GrantReturnReward,70
1,22,Fame,source,LureEconomy.OnHeroEscaped,175
1,22,DP,source,AdventurerAI.GrantReturnReward,420
1,22,DP,source,Nemesis.OnSlain,2754
1,22,Material,source,Nemesis.OnSlain,17
1,22,DP,stock,end,3669
1,22,Material,stock,end,1100
1,22,Fame,stock,end,1734
1,23,DP,source,SurfaceMap.CollectYields,62
1,23,Material,source,SurfaceMap.CollectYields,3
1,23,Fame,source,SurfaceMap.CollectYields,14
1,23,DP,source,DistrictCatalog.Collect,112
1,23,DP,sink,MinionRoster.TrySummon,-3818
1,23,DP,source,AdventurerAI.ReapEmotion,270
1,23,DP,source,AdventurerAI.TakeDamage,1667
1,23,Material,source,AdventurerAI.TakeDamage,37
1,23,DP,sink,CommandSystem.TryUse,-1900
1,23,DP,source,AdventurerAI.GrantReturnReward,1553
1,23,Fame,source,AdventurerAI.GrantReturnReward,90
1,23,Fame,source,LureEconomy.OnHeroEscaped,225
1,23,DP,stock,end,1615
1,23,Material,stock,end,1140
1,23,Fame,stock,end,2063
1,24,DP,source,SurfaceMap.CollectYields,83
1,24,Material,source,SurfaceMap.CollectYields,4
1,24,Fame,source,SurfaceMap.CollectYields,19
1,24,DP,source,DistrictCatalog.Collect,28
1,24,DP,source,EraSystem.TickTurn,3840
1,24,DP,sink,MinionRoster.TrySummon,-5556
1,24,DP,source,AdventurerAI.ReapEmotion,243
1,24,DP,source,AdventurerAI.TakeDamage,2855
1,24,Material,source,AdventurerAI.TakeDamage,52
1,24,DP,sink,CommandSystem.TryUse,-2250
1,24,DP,source,AdventurerAI.GrantReturnReward,517
1,24,Fame,source,AdventurerAI.GrantReturnReward,90
1,24,Fame,source,LureEconomy.OnHeroEscaped,225
1,24,DP,source,Nemesis.OnSlain,2577
1,24,Material,source,Nemesis.OnSlain,15
1,24,DP,stock,end,3952
1,24,Material,stock,end,1211
1,24,Fame,stock,end,2397
1,25,DP,source,SurfaceMap.CollectYields,83
1,25,Material,source,SurfaceMap.CollectYields,4
1,25,Fame,source,SurfaceMap.CollectYields,19
1,25,DP,source,DistrictCatalog.Collect,28
1,25,DP,source,EraSystem.TickTurn,6528
1,25,DP,sink,MinionRoster.TrySummon,-10551
1,25,DP,source,AdventurerAI.ReapEmotion,172
1,25,DP,source,AdventurerAI.TakeDamage,9122
1,25,Material,source,AdventurerAI.TakeDamage,112
1,25,DP,sink,CommandSystem.TryUse,-2250
1,25,DP,source,AdventurerAI.GrantReturnReward,2056
1,25,Fame,source,AdventurerAI.GrantReturnReward,210
1,25,Fame,source,LureEconomy.OnHeroEscaped,525
1,25,DP,source,Nemesis.OnSlain,3549
1,25,Material,source,Nemesis.OnSlain,21
1,25,DP,stock,end,12689
1,25,Material,stock,end,1348
1,25,Fame,stock,end,3151
1,26,DP,source,SurfaceMap.CollectYields,83
1,26,Material,source,SurfaceMap.CollectYields,4
1,26,Fame,source,SurfaceMap.CollectYields,19
1,26,DP,source,DistrictCatalog.Collect,28
1,26,DP,source,EraSystem.TickTurn,6528
1,26,DP,source,WaveRoster.ResolveTrial,2400
1,26,DP,sink,MinionRoster.TrySummon,-21684
1,26,DP,source,AdventurerAI.ReapEmotion,186
1,26,DP,source,AdventurerAI.TakeDamage,4998
1,26,Material,source,AdventurerAI.TakeDamage,66
1,26,DP,sink,CommandSystem.TryUse,-2250
1,26,Fame,source,AdventurerAI.GrantReturnReward,150
1,26,Fame,source,LureEconomy.OnHeroEscaped,375
1,26,DP,source,AdventurerAI.GrantReturnReward,879
1,26,DP,source,Nemesis.OnSlain,2721
1,26,Material,source,Nemesis.OnSlain,18
1,26,DP,stock,end,6578
1,26,Material,stock,end,1436
1,26,Fame,stock,end,3695
1,27,DP,source,SurfaceMap.CollectYields,83
1,27,Material,source,SurfaceMap.CollectYields,5
1,27,Fame,source,SurfaceMap.CollectYields,19
1,27,DP,source,DistrictCatalog.Collect,28
1,27,DP,source,EraSystem.TickTurn,3840
1,27,Material,source,EraSystem.TickTurn,37
1,27,Fame,source,EraSystem.TickTurn,80
1,27,DP,sink,MinionRoster.TrySummon,-10506
1,27,DP,source,AdventurerAI.ReapEmotion,202
1,27,DP,source,AdventurerAI.TakeDamage,8194
1,27,Material,source,AdventurerAI.TakeDamage,90
1,27,DP,sink,CommandSystem.TryUse,-2250
1,27,Fame,source,AdventurerAI.GrantReturnReward,120
1,27,Fame,source,LureEconomy.OnHeroEscaped,300
1,27,DP,source,AdventurerAI.GrantReturnReward,991
1,27,DP,source,Nemesis.OnSlain,2820
1,27,Material,source,Nemesis.OnSlain,18
1,27,DP,stock,end,9980
1,27,Material,stock,end,1586
1,27,Fame,stock,end,4214
1,28,DP,source,SurfaceMap.CollectYields,83
1,28,Material,source,SurfaceMap.CollectYields,5
1,28,Fame,source,SurfaceMap.CollectYields,19
1,28,DP,source,DistrictCatalog.Collect,28
1,28,DP,source,EraSystem.TickTurn,6528
1,28,Fame,source,EraSystem.TickTurn,192
1,28,DP,sink,MinionRoster.TrySummon,-16607
1,28,DP,source,AdventurerAI.ReapEmotion,265
1,28,DP,source,AdventurerAI.TakeDamage,9945
1,28,Material,source,AdventurerAI.TakeDamage,71
1,28,DP,sink,CommandSystem.TryUse,-3200
1,28,DP,source,AdventurerAI.GrantReturnReward,1282
1,28,Fame,source,AdventurerAI.GrantReturnReward,300
1,28,Fame,source,LureEconomy.OnHeroEscaped,750
1,28,DP,source,Nemesis.OnSlain,2932
1,28,Material,source,Nemesis.OnSlain,18
1,28,DP,stock,end,11236
1,28,Material,stock,end,1680
1,28,Fame,stock,end,5475
1,29,DP,source,SurfaceMap.CollectYields,124
1,29,Material,source,SurfaceMap.CollectYields,7
1,29,Fame,source,SurfaceMap.CollectYields,28
1,29,DP,source,DistrictCatalog.Collect,28
1,29,DP,sink,MinionRoster.TrySummon,-11372
1,29,DP,source,IncidentSystem.Apply,600
1,29,DP,sink,CommandSystem.TryUse,-3850
1,29,DP,source,AdventurerAI.ReapEmotion,221
1,29,DP,source,AdventurerAI.TakeDamage,22444
1,29,Material,source,AdventurerAI.TakeDamage,138
1,29,Fame,source,AdventurerAI.GrantReturnReward,240
1,29,Fame,source,LureEconomy.OnHeroEscaped,600
1,29,DP,source,AdventurerAI.GrantReturnReward,2241
1,29,DP,source,Nemesis.OnSlain,2964
1,29,Material,source,Nemesis.OnSlain,18
1,29,DP,stock,end,24636
1,29,Material,stock,end,1843
1,29,Fame,stock,end,6343
2,1,DP,sink,DungeonFeatureManager.TryPlaceTrap,-150
2,1,DP,source,AdventurerAI.ReapEmotion,195
2,1,DP,source,AdventurerAI.TakeDamage,111
2,1,Material,source,AdventurerAI.TakeDamage,4
2,1,DP,sink,CommandSystem.TryUse,-650
2,1,DP,source,AdventurerAI.GrantReturnReward,451
2,1,Fame,source,AdventurerAI.GrantReturnReward,30
2,1,Fame,source,LureEconomy.OnHeroEscaped,75
2,1,DP,stock,end,157
2,1,Material,stock,end,4
2,1,Fame,stock,end,105
2,2,DP,source,SurfaceMap.CollectYields,18
2,2,Material,source,SurfaceMap.CollectYields,1
2,2,Fame,source,SurfaceMap.CollectYields,4
2,2,DP,source,EraSystem.TickTurn,600
2,2,Fame,source,EraSystem.TickTurn,25
2,2,DP,sink,DungeonFeatureManager.TryPlaceTrap,-600
2,2,DP,source,AdventurerAI.ReapEmotion,118
2,2,Fame,source,AdventurerAI.GrantReturnReward,10
2,2,Fame,source,LureEconomy.OnHeroEscaped,25
2,2,DP,source,AdventurerAI.TakeDamage,306
2,2,Material,source,AdventurerAI.TakeDamage,21
2,2,DP,sink,CommandSystem.TryUse,-300
2,2,DP,stock,end,299
2,2,Material,stock,end,26
2,2,Fame,stock,end,169
2,3,DP,source,SurfaceMap.CollectYields,18
2,3,Material,source,SurfaceMap.CollectYields,1
2,3,Fame,source,SurfaceMap.CollectYields,4
2,3,DP,source,EraSystem.TickTurn,600
2,3,Fame,source,EraSystem.TickTurn,25
2,3,DP,sink,DungeonFeatureManager.TryPlaceTrap,-300
2,3,DP,sink,DungeonFeatureManager.TryPlaceFeature,-250
2,3,DP,sink,DungeonFeatureManager.TryPlaceHabitat,-180
2,3,DP,sink,MinionRoster.TrySummon,-176
2,3,DP,source,AdventurerAI.ReapEmotion,105
2,3,DP,source,AdventurerAI.TakeDamage,323
2,3,Material,source,AdventurerAI.TakeDamage,30
2,3,DP,source,AdventurerAI.GrantReturnReward,145
2,3,Fame,source,AdventurerAI.GrantReturnReward,10
2,3,Fame,source,LureEconomy.OnHeroEscaped,25
2,3,DP,sink,CommandSystem.TryUse,-300
2,3,DP,source,Nemesis.OnSlain,454
2,3,Material,source,Nemesis.OnSlain,5
2,3,DP,stock,end,738
2,3,Material,stock,end,62
2,3,Fame,stock,end,233
2,4,DP,source,SurfaceMap.CollectYields,18
2,4,Material,source,SurfaceMap.CollectYields,1
2,4,Fame,source,SurfaceMap.CollectYields,4
2,4,DP,source,EraSystem.TickTurn,600
2,4,Material,source,EraSystem.TickTurn,10
2,4,DP,sink,MinionRoster.TrySummon,-750
2,4,DP,sink,DungeonFeatureManager.TryPlaceFeature,-250
2,4,DP,sink,DungeonFeatureManager.TryPlaceHabitat,-340
2,4,DP,source,AdventurerAI.ReapEmotion,324
2,4,DP,source,AdventurerAI.TakeDamage,828
2,4,Material,source,AdventurerAI.TakeDamage,47
2,4,DP,sink,CommandSystem.TryUse,-1300
2,4,DP,source,Nemesis.OnSlain,940
2,4,Material,source,Nemesis.OnSlain,10
2,4,DP,stock,end,808
2,4,Material,stock,end,130
2,4,Fame,stock,end,237
2,5,DP,source,SurfaceMap.CollectYields,18
2,5,Material,source,SurfaceMap.CollectYields,1
2,5,Fame,source,SurfaceMap.CollectYields,4
2,5,DP,source,EraSystem.TickTurn,600
2,5,DP,sink,MinionRoster.TrySummon,-1413
2,5,DP,source,AdventurerAI.ReapEmotion,316
2,5,Fame,source,AdventurerAI.GrantReturnReward,10
2,5,Fame,source,LureEconomy.OnHeroEscaped,25
2,5,DP,source,AdventurerAI.TakeDamage,478
2,5,Material,source,AdventurerAI.TakeDamage,22
2,5,DP,sink,CommandSystem.TryUse,-650
2,5,DP,source,Nemesis.OnSlain,486
2,5,Material,source,Nemesis.OnSlain,5
2,5,DP,stock,end,643
2,5,Material,stock,end,158
2,5,Fame,stock,end,276
2,6,DP,source,SurfaceMap.CollectYields,38
2,6,Material,source,SurfaceMap.CollectYields,2
2,6,Fame,source,SurfaceMap.CollectYields,8
2,6,DP,source,EraSystem.TickTurn,1020
2,6,DP,sink,MinionRoster.TrySummon,-1699
2,6,DP,source,AdventurerAI.TakeDamage,505
2,6,Material,source,AdventurerAI.TakeDamage,12
2,6,DP,source,AdventurerAI.ReapEmotion,252
2,6,DP,sink,CommandSystem.TryUse,-300
2,6,Fame,source,AdventurerAI.GrantReturnReward,20
2,6,Fame,source,LureEconomy.OnHeroEscaped,50
2,6,DP,source,Nemesis.OnSlain,502
2,6,Material,source,Nemesis.OnSlain,5
2,6,DP,stock,end,961
2,6,Material,stock,end,177
2,6,Fame,stock,end,354
2,7,DP,source,SurfaceMap.CollectYields,38
2,7,Material,source,SurfaceMap.CollectYields,2
2,7,Fame,source,SurfaceMap.CollectYields,8
2,7,DP,source,EraSystem.TickTurn,600
2,7,DP,sink,MinionRoster.TrySummon,-1582
2,7,DP,source,AdventurerAI.ReapEmotion,137
2,7,DP,source,AdventurerAI.TakeDamage,552
2,7,Material,source,AdventurerAI.TakeDamage,18
2,7,DP,sink,CommandSystem.TryUse,-300
2,7,Fame,source,AdventurerAI.GrantReturnReward,20
2,7,Fame,source,LureEconomy.OnHeroEscaped,50
2,7,DP,source,Nemesis.OnSlain,535
2,7,Material,source,Nemesis.OnSlain,5
2,7,DP,stock,end,941
2,7,Material,stock,end,202
2,7,Fame,stock,end,432
2,8,DP,source,SurfaceMap.CollectYields,39
2,8,Material,source,SurfaceMap.CollectYields,2
2,8,Fame,source,SurfaceMap.CollectYields,9
2,8,DP,sink,MinionRoster.TrySummon,-978
2,8,DP,source,AdventurerAI.ReapEmotion,120
2,8,DP,source,AdventurerAI.TakeDamage,668
2,8,Material,source,AdventurerAI.TakeDamage,30
2,8,DP,sink,CommandSystem.TryUse,-1450
2,8,Fame,source,AdventurerAI.GrantReturnReward,20
2,8,Fame,source,LureEconomy.OnHeroEscaped,50
2,8,DP,source,Nemesis.OnSlain,1134
2,8,Material,source,Nemesis.OnSlain,10
2,8,DP,stock,end,474
2,8,Material,stock,end,244
2,8,Fame,stock,end,511
2,9,DP,source,SurfaceMap.CollectYields,68
2,9,Material,source,SurfaceMap.CollectYields,3
2,9,Fame,source,SurfaceMap.CollectYields,16
2,9,DP,source,EraSystem.TickTurn,600
2,9,Fame,source,EraSystem.TickTurn,25
2,9,DP,sink,MinionRoster.TrySummon,-1137
2,9,DP,source,IncidentSystem.Apply,600
2,9,DP,sink,CommandSystem.TryUse,-650
2,9,DP,source,AdventurerAI.ReapEmotion,127
2,9,DP,source,AdventurerAI.TakeDamage,457
2,9,Material,source,AdventurerAI.TakeDamage,17
2,9,DP,source,Nemesis.OnSlain,583
2,9,Material,source,Nemesis.OnSlain,5
2,9,DP,stock,end,1122
2,9,Material,stock,end,269
2,9,Fame,stock,end,552
2,10,DP,source,SurfaceMap.CollectYields,78
2,10,Material,source,SurfaceMap.CollectYields,3
2,10,Fame,source,SurfaceMap.CollectYields,16
2,10,DP,source,EraSystem.TickTurn,720
2,10,DP,sink,MinionRoster.TrySummon,-1896
2,10,DP,source,AdventurerAI.ReapEmotion,181
2,10,DP,source,AdventurerAI.TakeDamage,1236
2,10,Material,source,AdventurerAI.TakeDamage,41
2,10,DP,sink,CommandSystem.TryUse,-1450
2,10,DP,source,Nemesis.OnSlain,1198
2,10,Material,source,Nemesis.OnSlain,10
2,10,DP,stock,end,1189
2,10,Material,stock,end,323
2,10,Fame,stock,end,568
2,11,DP,source,SurfaceMap.CollectYields,78
2,11,Material,source,SurfaceMap.CollectYields,3
2,11,Fame,source,SurfaceMap.CollectYields,16
2,11,DP,source,WaveRoster.ResolveTrial,900
2,11,DP,sink,MinionRoster.TrySummon,-2143
2,11,DP,source,AdventurerAI.ReapEmotion,297
2,11,DP,source,AdventurerAI.TakeDamage,396
2,11,Material,source,AdventurerAI.TakeDamage,21
2,11,DP,sink,CommandSystem.TryUse,-650
2,11,DP,source,AdventurerAI.GrantReturnReward,309
2,11,Fame,source,AdventurerAI.GrantReturnReward,60
2,11,Fame,source,LureEconomy.OnHeroEscaped,150
2,11,DP,stock,end,376
2,11,Material,stock,end,347
2,11,Fame,stock,end,794
2,12,DP,source,SurfaceMap.CollectYields,106
2,12,Material,source,SurfaceMap.CollectYields,4
2,12,Fame,source,SurfaceMap.CollectYields,22
2,12,DP,source,DistrictCatalog.Collect,112
2,12,DP,sink,MinionRoster.TrySummon,-584
2,12,DP,source,AdventurerAI.ReapEmotion,211
2,12,DP,source,AdventurerAI.TakeDamage,934
2,12,Material,source,AdventurerAI.TakeDamage,26
2,12,DP,sink,CommandSystem.TryUse,-950
2,12,Fame,source,AdventurerAI.GrantReturnReward,20
2,12,Fame,source,LureEconomy.OnHeroEscaped,50
2,12,DP,source,AdventurerAI.GrantReturnReward,63
2,12,DP,stock,end,268
2,12,Material,stock,end,377
2,12,Fame,stock,end,886
2,13,DP,source,SurfaceMap.CollectYields,79
2,13,Material,source,SurfaceMap.CollectYields,4
2,13,Fame,source,SurfaceMap.CollectYields,17
2,13,DP,source,DistrictCatalog.Collect,112
2,13,DP,sink,MinionRoster.TrySummon,-449
2,13,DP,source,AdventurerAI.ReapEmotion,283
2,13,DP,source,AdventurerAI.TakeDamage,1002
2,13,Material,source,AdventurerAI.TakeDamage,33
2,13,DP,sink,CommandSystem.TryUse,-1800
2,13,DP,source,AdventurerAI.GrantReturnReward,790
2,13,Fame,source,AdventurerAI.GrantReturnReward,20
2,13,Fame,source,LureEconomy.OnHeroEscaped,50
2,13,DP,source,Nemesis.OnSlain,1562
2,13,Material,source,Nemesis.OnSlain,12
2,13,DP,stock,end,1847
2,13,Material,stock,end,426
2,13,Fame,stock,end,973
2,14,DP,source,SurfaceMap.CollectYields,58
2,14,Material,source,SurfaceMap.CollectYields,3
2,14,Fame,source,SurfaceMap.CollectYields,12
2,14,DP,source,DistrictCatalog.Collect,112
2,14,DP,source,EraSystem.TickTurn,300
2,14,DP,sink,MinionRoster.TrySummon,-2314
2,14,DP,source,AdventurerAI.ReapEmotion,103
2,14,DP,source,AdventurerAI.TakeDamage,1861
2,14,Material,source,AdventurerAI.TakeDamage,53
2,14,DP,sink,CommandSystem.TryUse,-1800
2,14,DP,source,AdventurerAI.GrantReturnReward,177
2,14,Fame,source,AdventurerAI.GrantReturnReward,40
2,14,Fame,source,LureEconomy.OnHeroEscaped,100
2,14,DP,source,Nemesis.OnSlain,2040
2,14,Material,source,Nemesis.OnSlain,15
2,14,DP,stock,end,2384
2,14,Material,stock,end,497
2,14,Fame,stock,end,1125
2,15,DP,source,SurfaceMap.CollectYields,38
2,15,Material,source,SurfaceMap.CollectYields,2
2,15,Fame,source,SurfaceMap.CollectYields,8
2,15,DP,source,DistrictCatalog.Collect,126
2,15,DP,sink,MinionRoster.TrySummon,-2545
2,15,DP,source,AdventurerAI.ReapEmotion,192
2,15,DP,source,AdventurerAI.TakeDamage,1449
2,15,Material,source,AdventurerAI.TakeDamage,46
2,15,DP,sink,CommandSystem.TryUse,-1800
2,15,DP,source,AdventurerAI.GrantReturnReward,68
2,15,Fame,source,AdventurerAI.GrantReturnReward,30
2,15,Fame,source,LureEconomy.OnHeroEscaped,75
2,15,DP,source,Nemesis.OnSlain,713
2,15,Material,source,Nemesis.OnSlain,5
2,15,DP,stock,end,625
2,15,Material,stock,end,550
2,15,Fame,stock,end,1238
2,16,DP,source,SurfaceMap.CollectYields,58
2,16,Material,source,SurfaceMap.CollectYields,3
2,16,Fame,source,SurfaceMap.CollectYields,12
2,16,DP,source,DistrictCatalog.Collect,126
2,16,DP,source,WaveRoster.ResolveTrial,900
2,16,DP,sink,MinionRoster.TrySummon,-1707
2,16,DP,source,AdventurerAI.ReapEmotion,337
2,16,DP,sink,CommandSystem.TryUse,-1800
2,16,DP,source,AdventurerAI.TakeDamage,1008
2,16,Material,source,AdventurerAI.TakeDamage,21
2,16,DP,source,AdventurerAI.GrantReturnReward,775
2,16,Fame,source,AdventurerAI.GrantReturnReward,50
2,16,Fame,source,LureEconomy.OnHeroEscaped,125
2,16,DP,source,Nemesis.OnSlain,729
2,16,Material,source,Nemesis.OnSlain,5
2,16,DP,stock,end,1051
2,16,Material,stock,end,579
2,16,Fame,stock,end,1425
2,17,DP,source,SurfaceMap.CollectYields,79
2,17,Material,source,SurfaceMap.CollectYields,4
2,17,Fame,source,SurfaceMap.CollectYields,17
2,17,DP,source,DistrictCatalog.Collect,126
2,17,DP,source,EraSystem.TickTurn,1020
2,17,DP,sink,MinionRoster.TrySummon,-2251
2,17,DP,source,AdventurerAI.ReapEmotion,103
2,17,DP,source,AdventurerAI.TakeDamage,2630
2,17,Material,source,AdventurerAI.TakeDamage,62
2,17,DP,sink,CommandSystem.TryUse,-1900
2,17,Fame,source,AdventurerAI.GrantReturnReward,80
2,17,Fame,source,LureEconomy.OnHeroEscaped,200
2,17,DP,source,AdventurerAI.GrantReturnReward,717
2,17,DP,source,Nemesis.OnSlain,761
2,17,Material,source,Nemesis.OnSlain,5
2,17,DP,stock,end,2336
2,17,Material,stock,end,650
2,17,Fame,stock,end,1722
2,18,DP,source,SurfaceMap.CollectYields,101
2,18,Material,source,SurfaceMap.CollectYields,5
2,18,Fame,source,SurfaceMap.CollectYields,23
2,18,DP,source,DistrictCatalog.Collect,140
2,18,DP,sink,MinionRoster.TrySummon,-2576
2,18,DP,source,AdventurerAI.ReapEmotion,217
2,18,DP,source,AdventurerAI.TakeDamage,2479
2,18,Material,source,AdventurerAI.TakeDamage,57
2,18,DP,sink,CommandSystem.TryUse,-1800
2,18,DP,source,AdventurerAI.GrantReturnReward,398
2,18,Fame,source,AdventurerAI.GrantReturnReward,10
2,18,Fame,source,LureEconomy.OnHeroEscaped,25
2,18,DP,source,Nemesis.OnSlain,1818
2,18,Material,source,Nemesis.OnSlain,12
2,18,DP,stock,end,3113
2,18,Material,stock,end,724
2,18,Fame,stock,end,1780
2,19,DP,source,SurfaceMap.CollectYields,133
2,19,Material,source,SurfaceMap.CollectYields,5
2,19,Fame,source,SurfaceMap.CollectYields,28
2,19,DP,source,DistrictCatalog.Collect,154
2,19,DP,sink,MinionRoster.TrySummon,-3397
2,19,DP,source,AdventurerAI.ReapEmotion,544
2,19,DP,source,AdventurerAI.TakeDamage,1862
2,19,Material,source,AdventurerAI.TakeDamage,38
2,19,DP,sink,CommandSystem.TryUse,-2300
2,19,DP,source,AdventurerAI.GrantReturnReward,272
2,19,Fame,source,AdventurerAI.GrantReturnReward,60
2,19,Fame,source,LureEconomy.OnHeroEscaped,150
2,19,DP,source,Nemesis.OnSlain,2916
2,19,Material,source,Nemesis.OnSlain,19
2,19,DP,stock,end,3297
2,19,Material,stock,end,786
2,19,Fame,stock,end,2018
2,20,DP,source,SurfaceMap.CollectYields,160
2,20,Material,source,SurfaceMap.CollectYields,6
2,20,Fame,source,SurfaceMap.CollectYields,33
2,20,DP,source,DistrictCatalog.Collect,154
2,20,DP,sink,MinionRoster.TrySummon,-3583
2,20,DP,source,AdventurerAI.ReapEmotion,321
2,20,DP,source,AdventurerAI.TakeDamage,1550
2,20,Material,source,AdventurerAI.TakeDamage,35
2,20,DP,sink,CommandSystem.TryUse,-2250
2,20,DP,source,AdventurerAI.GrantReturnReward,2008
2,20,Fame,source,AdventurerAI.GrantReturnReward,90
2,20,Fame,source,LureEconomy.OnHeroEscaped,225
2,20,DP,source,Nemesis.OnSlain,810
2,20,Material,source,Nemesis.OnSlain,5
2,20,DP,stock,end,2467
2,20,Material,stock,end,832
2,20,Fame,stock,end,2366
2,21,DP,source,SurfaceMap.CollectYields,160
2,21,Material,source,SurfaceMap.CollectYields,6
2,21,Fame,source,SurfaceMap.CollectYields,33
2,21,DP,source,DistrictCatalog.Collect,154
2,21,DP,source,WaveRoster.ResolveTrial,900
2,21,DP,sink,MinionRoster.TrySummon,-3670
2,21,DP,source,AdventurerAI.ReapEmotion,243
2,21,DP,source,AdventurerAI.TakeDamage,2586
2,21,Material,source,AdventurerAI.TakeDamage,47
2,21,DP,sink,CommandSystem.TryUse,-2250
2,21,Fame,source,AdventurerAI.GrantReturnReward,60
2,21,Fame,source,LureEconomy.OnHeroEscaped,150
2,21,DP,source,AdventurerAI.GrantReturnReward,2212
2,21,DP,source,Nemesis.OnSlain,826
2,21,Material,source,Nemesis.OnSlain,5
2,21,DP,stock,end,3628
2,21,Material,stock,end,890
2,21,Fame,stock,end,2609
2,22,DP,source,SurfaceMap.CollectYields,160
2,22,Material,source,SurfaceMap.CollectYields,6
2,22,Fame,source,SurfaceMap.CollectYields,33
2,22,DP,source,DistrictCatalog.Collect,140
2,22,DP,sink,MinionRoster.TrySummon,-3893
2,22,DP,source,AdventurerAI.ReapEmotion,726
2,22,DP,sink,CommandSystem.TryUse,-2300
2,22,DP,source,AdventurerAI.TakeDamage,3228
2,22,Material,source,AdventurerAI.TakeDamage,50
2,22,Fame,source,AdventurerAI.GrantReturnReward,70
2,22,Fame,source,LureEconomy.OnHeroEscaped,175
2,22,DP,source,AdventurerAI.GrantReturnReward,1378
2,22,DP,source,Nemesis.OnSlain,3143
2,22,Material,source,Nemesis.OnSlain,19
2,22,DP,stock,end,6210
2,22,Material,stock,end,965
2,22,Fame,stock,end,2887
2,23,DP,source,SurfaceMap.CollectYields,121
2,23,Material,source,SurfaceMap.CollectYields,6
2,23,Fame,source,SurfaceMap.CollectYields,27
2,23,DP,source,DistrictCatalog.Collect,140
2,23,DP,sink,MinionRoster.TrySummon,-6460
2,23,DP,source,AdventurerAI.ReapEmotion,421
2,23,DP,sink,CommandSystem.TryUse,-2750
2,23,Fame,source,AdventurerAI.GrantReturnReward,150
2,23,Fame,source,LureEconomy.OnHeroEscaped,375
2,23,DP,source,AdventurerAI.GrantReturnReward,2369
2,23,DP,source,AdventurerAI.TakeDamage,1947
2,23,Material,source,AdventurerAI.TakeDamage,21
2,23,DP,stock,end,1998
2,23,Material,stock,end,992
2,23,Fame,stock,end,3439
2,24,DP,source,SurfaceMap.CollectYields,141
2,24,Material,source,SurfaceMap.CollectYields,7
2,24,Fame,source,SurfaceMap.CollectYields,31
2,24,DP,source,DistrictCatalog.Collect,140
2,24,DP,sink,MinionRoster.TrySummon,-2271
2,24,DP,source,AdventurerAI.ReapEmotion,191
2,24,DP,source,AdventurerAI.TakeDamage,1334
2,24,Material,source,AdventurerAI.TakeDamage,21
2,24,DP,sink,CommandSystem.TryUse,-2750
2,24,DP,source,AdventurerAI.GrantReturnReward,3463
2,24,Fame,source,AdventurerAI.GrantReturnReward,230
2,24,Fame,source,LureEconomy.OnHeroEscaped,575
2,24,DP,stock,end,2246
2,24,Material,stock,end,1020
2,24,Fame,stock,end,4275
2,25,DP,source,SurfaceMap.CollectYields,141
2,25,Material,source,SurfaceMap.CollectYields,7
2,25,Fame,source,SurfaceMap.CollectYields,31
2,25,DP,source,DistrictCatalog.Collect,28
2,25,DP,source,EraSystem.TickTurn,3840
2,25,DP,sink,MinionRoster.TrySummon,-6255
2,25,DP,source,AdventurerAI.ReapEmotion,342
2,25,DP,sink,CommandSystem.TryUse,-2250
2,25,DP,source,AdventurerAI.TakeDamage,11925
2,25,Material,source,AdventurerAI.TakeDamage,81
2,25,Fame,source,AdventurerAI.GrantReturnReward,50
2,25,Fame,source,LureEconomy.OnHeroEscaped,125
2,25,DP,source,AdventurerAI.GrantReturnReward,98
2,25,DP,source,Nemesis.OnSlain,4072
2,25,Material,source,Nemesis.OnSlain,23
2,25,DP,stock,end,14187
2,25,Material,stock,end,1131
2,25,Fame,stock,end,4481
2,26,DP,source,SurfaceMap.CollectYields,143
2,26,Material,source,SurfaceMap.CollectYields,7
2,26,Fame,source,SurfaceMap.CollectYields,31
2,26,DP,source,DistrictCatalog.Collect,28
2,26,DP,source,EraSystem.TickTurn,6528
2,26,DP,source,WaveRoster.ResolveTrial,1800
2,26,DP,sink,MinionRoster.TrySummon,-22670
2,26,DP,source,AdventurerAI.ReapEmotion,180
2,26,DP,source,AdventurerAI.TakeDamage,13070
2,26,Material,source,AdventurerAI.TakeDamage,89
2,26,DP,sink,CommandSystem.TryUse,-2250
2,26,Fame,source,AdventurerAI.GrantReturnReward,70
2,26,Fame,source,LureEconomy.OnHeroEscaped,175
2,26,DP,source,AdventurerAI.GrantReturnReward,628
2,26,DP,source,Nemesis.OnSlain,2488
2,26,Material,source,Nemesis.OnSlain,14
2,26,DP,stock,end,14132
2,26,Material,stock,end,1241
2,26,Fame,stock,end,4757
2,27,DP,source,SurfaceMap.CollectYields,143
2,27,Material,source,SurfaceMap.CollectYields,7
2,27,Fame,source,SurfaceMap.CollectYields,31
2,27,DP,source,DistrictCatalog.Collect,28
2,27,DP,source,EraSystem.TickTurn,6528
2,27,DP,sink,MinionRoster.TrySummon,-20787
2,27,DP,source,AdventurerAI.ReapEmotion,176
2,27,DP,source,AdventurerAI.TakeDamage,10571
2,27,Material,source,AdventurerAI.TakeDamage,93
2,27,DP,sink,CommandSystem.TryUse,-3200
2,27,Fame,source,AdventurerAI.GrantReturnReward,190
2,27,Fame,source,LureEconomy.OnHeroEscaped,475
2,27,DP,source,AdventurerAI.GrantReturnReward,4651
2,27,DP,source,Nemesis.OnSlain,1912
2,27,Material,source,Nemesis.OnSlain,12
2,27,DP,stock,end,14154
2,27,Material,stock,end,1353
2,27,Fame,stock,end,5453
3,1,DP,sink,DungeonFeatureManager.TryPlaceTrap,-150
3,1,DP,source,AdventurerAI.ReapEmotion,200
3,1,DP,source,AdventurerAI.TakeDamage,164
3,1,Material,source,AdventurerAI.TakeDamage,16
3,1,DP,sink,CommandSystem.TryUse,-650
3,1,DP,source,AdventurerAI.GrantReturnReward,394
3,1,Fame,source,AdventurerAI.GrantReturnReward,20
3,1,Fame,source,LureEconomy.OnHeroEscaped,50
3,1,DP,stock,end,158
3,1,Material,stock,end,16
3,1,Fame,stock,end,70
3,2,DP,source,SurfaceMap.CollectYields,18
3,2,Material,source,SurfaceMap.CollectYields,1
3,2,Fame,source,SurfaceMap.CollectYields,4
3,2,DP,source,EraSystem.TickTurn,600
3,2,Fame,source,EraSystem.TickTurn,25
3,2,DP,sink,DungeonFeatureManager.TryPlaceTrap,-600
3,2,DP,source,AdventurerAI.ReapEmotion,204
3,2,DP,sink,CommandSystem.TryUse,-650
3,2,DP,source,AdventurerAI.TakeDamage,345
3,2,Material,source,AdventurerAI.TakeDamage,29
3,2,DP,stock,end,75
3,2,Material,stock,end,46
3,2,Fame,stock,end,99
3,3,DP,source,SurfaceMap.CollectYields,18
3,3,Material,source,SurfaceMap.CollectYields,1
3,3,Fame,source,SurfaceMap.CollectYields,4
3,3,DP,source,EraSystem.TickTurn,600
3,3,DP,sink,DungeonFeatureManager.TryPlaceTrap,-300
3,3,DP,sink,DungeonFeatureManager.TryPlaceFeature,-250
3,3,DP,sink,MinionRoster.TrySummon,-137
3,3,DP,source,AdventurerAI.ReapEmotion,116
3,3,DP,source,AdventurerAI.TakeDamage,297
3,3,Material,source,AdventurerAI.TakeDamage,27
3,3,DP,source,AdventurerAI.GrantReturnReward,108
3,3,Fame,source,AdventurerAI.GrantReturnReward,10
3,3,Fame,source,LureEconomy.OnHeroEscaped,25
3,3,DP,sink,CommandSystem.TryUse,-650
3,3,DP,source,Nemesis.OnSlain,421
3,3,Material,source,Nemesis.OnSlain,5
3,3,DP,stock,end,298
3,3,Material,stock,end,79
3,3,Fame,stock,end,138
3,4,DP,source,SurfaceMap.CollectYields,18
3,4,Material,source,SurfaceMap.CollectYields,1
3,4,Fame,source,SurfaceMap.CollectYields,4
3,4,DP,source,EraSystem.TickTurn,600
3,4,Material,source,EraSystem.TickTurn,10
3,4,DP,sink,DungeonFeatureManager.TryPlaceHabitat,-120
3,4,DP,sink,MinionRoster.TrySummon,-795
3,4,DP,source,AdventurerAI.TakeDamage,444
3,4,Material,source,AdventurerAI.TakeDamage,25
3,4,DP,source,AdventurerAI.ReapEmotion,291
3,4,DP,sink,CommandSystem.TryUse,-650
3,4,DP,stock,end,86
3,4,Material,stock,end,115
3,4,Fame,stock,end,142
3,5,DP,source,SurfaceMap.CollectYields,18
3,5,Material,source,SurfaceMap.CollectYields,1
3,5,Fame,source,SurfaceMap.CollectYields,4
3,5,DP,source,EraSystem.TickTurn,600
3,5,Fame,source,EraSystem.TickTurn,25
3,5,DP,sink,DungeonFeatureManager.TryPlaceFeature,-250
3,5,DP,sink,DungeonFeatureManager.TryPlaceHabitat,-280
3,5,DP,sink,MinionRoster.TrySummon,-168
3,5,DP,source,AdventurerAI.ReapEmotion,115
3,5,Fame,source,AdventurerAI.GrantReturnReward,10
3,5,Fame,source,LureEconomy.OnHeroEscaped,25
3,5,DP,source,AdventurerAI.TakeDamage,492
3,5,Material,source,AdventurerAI.TakeDamage,20
3,5,DP,sink,CommandSystem.TryUse,-300
3,5,DP,source,Nemesis.OnSlain,470
3,5,Material,source,Nemesis.OnSlain,5
3,5,DP,stock,end,783
3,5,Material,stock,end,141
3,5,Fame,stock,end,206
3,6,DP,source,SurfaceMap.CollectYields,39
3,6,Material,source,SurfaceMap.CollectYields,2
3,6,Fame,source,SurfaceMap.CollectYields,9
3,6,DP,source,EraSystem.TickTurn,1020
3,6,DP,sink,MinionRoster.TrySummon,-1822
3,6,DP,source,AdventurerAI.ReapEmotion,130
3,6,DP,source,AdventurerAI.TakeDamage,578
3,6,Material,source,AdventurerAI.TakeDamage,22
3,6,DP,sink,CommandSystem.TryUse,-950
3,6,Fame,source,AdventurerAI.GrantReturnReward,10
3,6,Fame,source,LureEconomy.OnHeroEscaped,25
3,6,DP,source,Nemesis.OnSlain,486
3,6,Material,source,Nemesis.OnSlain,5
3,6,DP,stock,end,264
3,6,Material,stock,end,170
3,6,Fame,stock,end,250
3,7,DP,source,SurfaceMap.CollectYields,39
3,7,Material,source,SurfaceMap.CollectYields,2
3,7,Fame,source,SurfaceMap.CollectYields,9
3,7,DP,source,EraSystem.TickTurn,600
3,7,DP,sink,MinionRoster.TrySummon,-892
3,7,DP,source,AdventurerAI.ReapEmotion,385
3,7,DP,source,AdventurerAI.TakeDamage,675
3,7,Material,source,AdventurerAI.TakeDamage,26
3,7,DP,sink,CommandSystem.TryUse,-950
3,7,DP,stock,end,121
3,7,Material,stock,end,198
3,7,Fame,stock,end,259
3,8,DP,source,SurfaceMap.CollectYields,39
3,8,Material,source,SurfaceMap.CollectYields,2
3,8,Fame,source,SurfaceMap.CollectYields,9
3,8,DP,sink,MinionRoster.TrySummon,-149
3,8,DP,source,AdventurerAI.ReapEmotion,196
3,8,DP,source,AdventurerAI.TakeDamage,685
3,8,Material,source,AdventurerAI.TakeDamage,24
3,8,DP,sink,CommandSystem.TryUse,-650
3,8,DP,source,AdventurerAI.GrantReturnReward,59
3,8,Fame,source,AdventurerAI.GrantReturnReward,10
3,8,Fame,source,LureEconomy.OnHeroEscaped,25
3,8,DP,source,Nemesis.OnSlain,535
3,8,Material,source,Nemesis.OnSlain,5
3,8,DP,stock,end,836
3,8,Material,stock,end,229
3,8,Fame,stock,end,303
3,9,DP,source,SurfaceMap.CollectYields,45
3,9,Material,source,SurfaceMap.CollectYields,2
3,9,Fame,source,SurfaceMap.CollectYields,11
3,9,DP,source,EraSystem.TickTurn,600
3,9,Fame,source,EraSystem.TickTurn,25
3,9,DP,sink,MinionRoster.TrySummon,-1478
3,9,DP,source,AdventurerAI.ReapEmotion,238
3,9,Fame,source,AdventurerAI.GrantReturnReward,10
3,9,Fame,source,LureEconomy.OnHeroEscaped,25
3,9,DP,source,AdventurerAI.TakeDamage,1153
3,9,Material,source,AdventurerAI.TakeDamage,45
3,9,DP,sink,CommandSystem.TryUse,-950
3,9,DP,stock,end,444
3,9,Material,stock,end,276
3,9,Fame,stock,end,374
3,10,DP,source,SurfaceMap.CollectYields,79
3,10,Material,source,SurfaceMap.CollectYields,3
3,10,Fame,source,SurfaceMap.CollectYields,17
3,10,DP,source,EraSystem.TickTurn,720
3,10,DP,sink,MinionRoster.TrySummon,-1237
3,10,DP,source,AdventurerAI.ReapEmotion,140
3,10,DP,source,AdventurerAI.TakeDamage,748
3,10,Material,source,AdventurerAI.TakeDamage,30
3,10,DP,sink,CommandSystem.TryUse,-950
3,10,DP,source,AdventurerAI.GrantReturnReward,57
3,10,Fame,source,AdventurerAI.GrantReturnReward,10
3,10,Fame,source,LureEconomy.OnHeroEscaped,25
3,10,DP,source,Nemesis.OnSlain,583
3,10,Material,source,Nemesis.OnSlain,5
3,10,DP,stock,end,584
3,10,Material,stock,end,314
3,10,Fame,stock,end,426
3,11,DP,source,SurfaceMap.CollectYields,79
3,11,Material,source,SurfaceMap.CollectYields,3
3,11,Fame,source,SurfaceMap.CollectYields,17
3,11,DP,source,WaveRoster.ResolveTrial,900
3,11,DP,sink,MinionRoster.TrySummon,-1546
3,11,DP,source,AdventurerAI.ReapEmotion,200
3,11,DP,source,AdventurerAI.TakeDamage,864
3,11,Material,source,AdventurerAI.TakeDamage,35
3,11,DP,sink,CommandSystem.TryUse,-1800
3,11,DP,source,AdventurerAI.GrantReturnReward,337
3,11,Fame,source,AdventurerAI.GrantReturnReward,10
3,11,Fame,source,LureEconomy.OnHeroEscaped,25
3,11,DP,source,Nemesis.OnSlain,599
3,11,Material,source,Nemesis.OnSlain,5
3,11,DP,stock,end,217
3,11,Material,stock,end,357
3,11,Fame,stock,end,478
3,12,DP,source,SurfaceMap.CollectYields,79
3,12,Material,source,SurfaceMap.CollectYields,3
3,12,Fame,source,SurfaceMap.CollectYields,17
3,12,DP,source,DistrictCatalog.Collect,84
3,12,DP,sink,MinionRoster.TrySummon,-356
3,12,DP,source,AdventurerAI.ReapEmotion,151
3,12,DP,source,AdventurerAI.TakeDamage,777
3,12,Material,source,AdventurerAI.TakeDamage,32
3,12,DP,sink,CommandSystem.TryUse,-1300
3,12,DP,source,AdventurerAI.GrantReturnReward,150
3,12,Fame,source,AdventurerAI.GrantReturnReward,20
3,12,Fame,source,LureEconomy.OnHeroEscaped,50
3,12,DP,source,Nemesis.OnSlain,616
3,12,Material,source,Nemesis.OnSlain,5
3,12,DP,stock,end,418
3,12,Material,stock,end,397
3,12,Fame,stock,end,565
3,13,DP,source,SurfaceMap.CollectYields,60
3,13,Material,source,SurfaceMap.CollectYields,3
3,13,Fame,source,SurfaceMap.CollectYields,14
3,13,DP,source,DistrictCatalog.Collect,98
3,13,DP,sink,MinionRoster.TrySummon,-554
3,13,DP,source,AdventurerAI.ReapEmotion,448
3,13,DP,source,AdventurerAI.TakeDamage,714
3,13,Material,source,AdventurerAI.TakeDamage,33
3,13,DP,sink,CommandSystem.TryUse,-950
3,13,Fame,source,AdventurerAI.GrantReturnReward,30
3,13,Fame,source,LureEconomy.OnHeroEscaped,75
3,13,DP,source,AdventurerAI.GrantReturnReward,70
3,13,DP,source,Nemesis.OnSlain,648
3,13,Material,source,Nemesis.OnSlain,5
3,13,DP,stock,end,952
3,13,Material,stock,end,438
3,13,Fame,stock,end,684
3,14,DP,source,SurfaceMap.CollectYields,80
3,14,Material,source,SurfaceMap.CollectYields,4
3,14,Fame,source,SurfaceMap.CollectYields,18
3,14,DP,source,DistrictCatalog.Collect,98
3,14,DP,sink,MinionRoster.TrySummon,-1124
3,14,DP,source,AdventurerAI.ReapEmotion,434
3,14,DP,source,AdventurerAI.TakeDamage,1089
3,14,Material,source,AdventurerAI.TakeDamage,44
3,14,DP,sink,CommandSystem.TryUse,-2300
3,14,DP,source,AdventurerAI.GrantReturnReward,350
3,14,Fame,source,AdventurerAI.GrantReturnReward,10
3,14,Fame,source,LureEconomy.OnHeroEscaped,25
3,14,DP,source,Nemesis.OnSlain,1328
3,14,Material,source,Nemesis.OnSlain,10
3,14,DP,stock,end,907
3,14,Material,stock,end,496
3,14,Fame,stock,end,737
3,15,DP,source,SurfaceMap.CollectYields,62
3,15,Material,source,SurfaceMap.CollectYields,3
3,15,Fame,source,SurfaceMap.CollectYields,14
3,15,DP,source,DistrictCatalog.Collect,98
3,15,DP,sink,MinionRoster.TrySummon,-1049
3,15,DP,source,AdventurerAI.ReapEmotion,276
3,15,DP,source,AdventurerAI.TakeDamage,1785
3,15,Material,source,AdventurerAI.TakeDamage,60
3,15,DP,sink,CommandSystem.TryUse,-2300
3,15,DP,source,AdventurerAI.GrantReturnReward,434
3,15,Fame,source,AdventurerAI.GrantReturnReward,10
3,15,Fame,source,LureEconomy.OnHeroEscaped,25
3,15,DP,source,Nemesis.OnSlain,2040
3,15,Material,source,Nemesis.OnSlain,15
3,15,DP,stock,end,2253
3,15,Material,stock,end,574
3,15,Fame,stock,end,786
3,16,DP,source,SurfaceMap.CollectYields,82
3,16,Material,source,SurfaceMap.CollectYields,4
3,16,Fame,source,SurfaceMap.CollectYields,18
3,16,DP,source,DistrictCatalog.Collect,98
3,16,DP,source,EraSystem.TickTurn,300
3,16,DP,source,WaveRoster.ResolveTrial,900
3,16,DP,sink,MinionRoster.TrySummon,-3612
3,16,DP,source,AdventurerAI.ReapEmotion,144
3,16,DP,source,AdventurerAI.TakeDamage,1320
3,16,Material,source,AdventurerAI.TakeDamage,50
3,16,DP,sink,CommandSystem.TryUse,-950
3,16,DP,source,Nemesis.OnSlain,697
3,16,Material,source,Nemesis.OnSlain,5
3,16,DP,stock,end,1232
3,16,Material,stock,end,633
3,16,Fame,stock,end,804
3,17,DP,source,SurfaceMap.CollectYields,82
3,17,Material,source,SurfaceMap.CollectYields,4
3,17,Fame,source,SurfaceMap.CollectYields,18
3,17,DP,source,DistrictCatalog.Collect,126
3,17,DP,source,EraSystem.TickTurn,720
3,17,DP,sink,MinionRoster.TrySummon,-2148
3,17,DP,source,AdventurerAI.ReapEmotion,268
3,17,DP,source,AdventurerAI.TakeDamage,1330
3,17,Material,source,AdventurerAI.TakeDamage,44
3,17,DP,sink,CommandSystem.TryUse,-1800
3,17,DP,source,AdventurerAI.GrantReturnReward,227
3,17,Fame,source,AdventurerAI.GrantReturnReward,10
3,17,Fame,source,LureEconomy.OnHeroEscaped,25
3,17,DP,source,Nemesis.OnSlain,729
3,17,Material,source,Nemesis.OnSlain,5
3,17,DP,stock,end,766
3,17,Material,stock,end,686
3,17,Fame,stock,end,857
3,18,DP,source,SurfaceMap.CollectYields,136
3,18,Material,source,SurfaceMap.CollectYields,5
3,18,Fame,source,SurfaceMap.CollectYields,28
3,18,DP,source,DistrictCatalog.Collect,126
3,18,DP,sink,MinionRoster.TrySummon,-1005
3,18,DP,source,AdventurerAI.ReapEmotion,233
3,18,DP,source,AdventurerAI.TakeDamage,1438
3,18,Material,source,AdventurerAI.TakeDamage,47
3,18,DP,sink,CommandSystem.TryUse,-1300
3,18,DP,source,AdventurerAI.GrantReturnReward,217
3,18,Fame,source,AdventurerAI.GrantReturnReward,10
3,18,Fame,source,LureEconomy.OnHeroEscaped,25
3,18,DP,stock,end,611
3,18,Material,stock,end,738
3,18,Fame,stock,end,920
3,19,DP,source,SurfaceMap.CollectYields,136
3,19,Material,source,SurfaceMap.CollectYields,5
3,19,Fame,source,SurfaceMap.CollectYields,28
3,19,DP,source,DistrictCatalog.Collect,126
3,19,DP,source,EraSystem.TickTurn,300
3,19,DP,sink,MinionRoster.TrySummon,-1154
3,19,DP,source,AdventurerAI.ReapEmotion,161
3,19,DP,source,AdventurerAI.TakeDamage,1827
3,19,Material,source,AdventurerAI.TakeDamage,65
3,19,DP,sink,CommandSystem.TryUse,-1800
3,19,DP,source,Nemesis.OnSlain,745
3,19,Material,source,Nemesis.OnSlain,5
3,19,DP,stock,end,952
3,19,Material,stock,end,813
3,19,Fame,stock,end,948
3,20,DP,source,SurfaceMap.CollectYields,139
3,20,Material,source,SurfaceMap.CollectYields,5
3,20,Fame,source,SurfaceMap.CollectYields,29
3,20,DP,source,DistrictCatalog.Collect,126
3,20,DP,sink,MinionRoster.TrySummon,-1209
3,20,DP,source,AdventurerAI.ReapEmotion,302
3,20,DP,source,AdventurerAI.TakeDamage,1050
3,20,Material,source,AdventurerAI.TakeDamage,31
3,20,DP,sink,CommandSystem.TryUse,-1450
3,20,DP,source,AdventurerAI.GrantReturnReward,206
3,20,Fame,source,AdventurerAI.GrantReturnReward,10
3,20,Fame,source,LureEconomy.OnHeroEscaped,25
3,20,DP,source,Nemesis.OnSlain,761
3,20,Material,source,Nemesis.OnSlain,5
3,20,DP,stock,end,877
3,20,Material,stock,end,854
3,20,Fame,stock,end,1012
3,21,DP,source,SurfaceMap.CollectYields,166
3,21,Material,source,SurfaceMap.CollectYields,6
3,21,Fame,source,SurfaceMap.CollectYields,34
3,21,DP,source,DistrictCatalog.Collect,112
3,21,DP,source,WaveRoster.ResolveTrial,900
3,21,DP,sink,MinionRoster.TrySummon,-2040
3,21,DP,source,AdventurerAI.ReapEmotion,441
3,21,DP,sink,CommandSystem.TryUse,-1800
3,21,DP,source,AdventurerAI.TakeDamage,2001
3,21,Material,source,AdventurerAI.TakeDamage,65
3,21,Fame,source,AdventurerAI.GrantReturnReward,10
3,21,Fame,source,LureEconomy.OnHeroEscaped,25
3,21,DP,stock,end,657
3,21,Material,stock,end,925
3,21,Fame,stock,end,1081
3,22,DP,source,SurfaceMap.CollectYields,126
3,22,Material,source,SurfaceMap.CollectYields,6
3,22,Fame,source,SurfaceMap.CollectYields,28
3,22,DP,source,DistrictCatalog.Collect,112
3,22,DP,sink,MinionRoster.TrySummon,-888
3,22,DP,source,AdventurerAI.ReapEmotion,364
3,22,DP,sink,CommandSystem.TryUse,-1800
3,22,DP,source,AdventurerAI.TakeDamage,2128
3,22,Material,source,AdventurerAI.TakeDamage,61
3,22,DP,source,AdventurerAI.GrantReturnReward,91
3,22,Fame,source,AdventurerAI.GrantReturnReward,10
3,22,Fame,source,LureEconomy.OnHeroEscaped,25
3,22,DP,stock,end,790
3,22,Material,stock,end,992
3,22,Fame,stock,end,1144
3,23,DP,source,SurfaceMap.CollectYields,126
3,23,Material,source,SurfaceMap.CollectYields,6
3,23,Fame,source,SurfaceMap.CollectYields,28
3,23,DP,source,DistrictCatalog.Collect,112
3,23,DP,sink,MinionRoster.TrySummon,-1023
3,23,DP,source,AdventurerAI.ReapEmotion,155
3,23,DP,source,AdventurerAI.TakeDamage,2341
3,23,Material,source,AdventurerAI.TakeDamage,70
3,23,DP,sink,CommandSystem.TryUse,-1450
3,23,DP,source,AdventurerAI.GrantReturnReward,390
3,23,Fame,source,AdventurerAI.GrantReturnReward,20
3,23,Fame,source,LureEconomy.OnHeroEscaped,50
3,23,DP,source,Nemesis.OnSlain,810
3,23,Material,source,Nemesis.OnSlain,5
3,23,DP,stock,end,2251
3,23,Material,stock,end,1073
3,23,Fame,stock,end,1242
3,24,DP,source,SurfaceMap.CollectYields,126
3,24,Material,source,SurfaceMap.CollectYields,6
3,24,Fame,source,SurfaceMap.CollectYields,28
3,24,DP,source,DistrictCatalog.Collect,126
3,24,DP,sink,MinionRoster.TrySummon,-2456
3,24,DP,source,AdventurerAI.ReapEmotion,184
3,24,DP,source,AdventurerAI.GrantReturnReward,4205
3,24,Fame,source,AdventurerAI.GrantReturnReward,190
3,24,Fame,source,LureEconomy.OnHeroEscaped,475
3,24,DP,sink,CommandSystem.TryUse,-2750
3,24,DP,source,AdventurerAI.TakeDamage,2375
3,24,Material,source,AdventurerAI.TakeDamage,54
3,24,DP,stock,end,4061
3,24,Material,stock,end,1133
3,24,Fame,stock,end,1935
3,25,DP,source,SurfaceMap.CollectYields,146
3,25,Material,source,SurfaceMap.CollectYields,7
3,25,Fame,source,SurfaceMap.CollectYields,32
3,25,DP,source,DistrictCatalog.Collect,28
3,25,DP,source,EraSystem.TickTurn,3840
3,25,DP,sink,MinionRoster.TrySummon,-8034
3,25,DP,source,AdventurerAI.ReapEmotion,355
3,25,DP,sink,CommandSystem.TryUse,-2600
3,25,DP,source,AdventurerAI.TakeDamage,4437
3,25,Material,source,AdventurerAI.TakeDamage,67
3,25,Fame,source,AdventurerAI.GrantReturnReward,70
3,25,Fame,source,LureEconomy.OnHeroEscaped,175
3,25,DP,source,AdventurerAI.GrantReturnReward,785
3,25,DP,source,Nemesis.OnSlain,1750
3,25,Material,source,Nemesis.OnSlain,10
3,25,DP,stock,end,4768
3,25,Material,stock,end,1217
3,25,Fame,stock,end,2212
3,26,DP,source,SurfaceMap.CollectYields,146
3,26,Material,source,SurfaceMap.CollectYields,7
3,26,Fame,source,SurfaceMap.CollectYields,32
3,26,DP,source,DistrictCatalog.Collect,28
3,26,DP,source,EraSystem.TickTurn,6528
3,26,DP,source,WaveRoster.ResolveTrial,1500
3,26,DP,sink,MinionRoster.TrySummon,-12961
3,26,DP,source,AdventurerAI.ReapEmotion,245
3,26,DP,source,AdventurerAI.TakeDamage,4100
3,26,Material,source,AdventurerAI.TakeDamage,65
3,26,DP,sink,CommandSystem.TryUse,-2250
3,26,DP,source,AdventurerAI.GrantReturnReward,659
3,26,Fame,source,AdventurerAI.GrantReturnReward,150
3,26,Fame,source,LureEconomy.OnHeroEscaped,375
3,26,DP,source,Nemesis.OnSlain,3257
3,26,Material,source,Nemesis.OnSlain,19
3,26,DP,stock,end,6020
3,26,Material,stock,end,1308
3,26,Fame,stock,end,2769
3,27,DP,source,SurfaceMap.CollectYields,146
3,27,Material,source,SurfaceMap.CollectYields,7
3,27,Fame,source,SurfaceMap.CollectYields,32
3,27,DP,source,DistrictCatalog.Collect,28
3,27,DP,source,EraSystem.TickTurn,6528
3,27,DP,sink,MinionRoster.TrySummon,-12710
3,27,DP,source,AdventurerAI.ReapEmotion,321
3,27,DP,source,AdventurerAI.TakeDamage,4563
3,27,Material,source,AdventurerAI.TakeDamage,45
3,27,DP,sink,CommandSystem.TryUse,-2250
3,27,Fame,source,AdventurerAI.GrantReturnReward,190
3,27,Fame,source,LureEconomy.OnHeroEscaped,475
3,27,DP,source,AdventurerAI.GrantReturnReward,1249
3,27,DP,source,Nemesis.OnSlain,2769
3,27,Material,source,Nemesis.OnSlain,18
3,27,DP,stock,end,6664
3,27,Material,stock,end,1378
3,27,Fame,stock,end,3466
3,28,DP,source,SurfaceMap.CollectYields,169
3,28,Material,source,SurfaceMap.CollectYields,9
3,28,Fame,source,SurfaceMap.CollectYields,37
3,28,DP,source,DistrictCatalog.Collect,28
3,28,DP,source,EraSystem.TickTurn,3840
3,28,Material,source,EraSystem.TickTurn,37
3,28,Fame,source,EraSystem.TickTurn,80
3,28,DP,sink,MinionRoster.TrySummon,-10678
3,28,DP,source,AdventurerAI.ReapEmotion,462
3,28,DP,sink,CommandSystem.TryUse,-3100
3,28,DP,source,AdventurerAI.TakeDamage,16868
3,28,Material,source,AdventurerAI.TakeDamage,138
3,28,Fame,source,AdventurerAI.GrantReturnReward,220
3,28,Fame,source,LureEconomy.OnHeroEscaped,550
3,28,DP,source,AdventurerAI.GrantReturnReward,3282
3,28,DP,source,Nemesis.OnSlain,2868
3,28,Material,source,Nemesis.OnSlain,18
3,28,DP,stock,end,20403
3,28,Material,stock,end,1580
3,28,Fame,stock,end,4353
3,29,DP,source,SurfaceMap.CollectYields,149
3,29,Material,source,SurfaceMap.CollectYields,8
3,29,Fame,source,SurfaceMap.CollectYields,33
3,29,DP,source,DistrictCatalog.Collect,28
3,29,DP,source,EraSystem.TickTurn,6528
3,29,Fame,source,EraSystem.TickTurn,192
3,29,DP,sink,MinionRoster.TrySummon,-27072
3,29,DP,source,AdventurerAI.ReapEmotion,310
3,29,DP,sink,CommandSystem.TryUse,-2250
3,29,DP,source,AdventurerAI.TakeDamage,14177
3,29,Material,source,AdventurerAI.TakeDamage,105
3,29,Fame,source,AdventurerAI.GrantReturnReward,90
3,29,Fame,source,LureEconomy.OnHeroEscaped,225
3,29,DP,source,AdventurerAI.GrantReturnReward,1794
3,29,DP,source,Nemesis.OnSlain,2916
3,29,Material,source,Nemesis.OnSlain,18
3,29,DP,stock,end,16983
3,29,Material,stock,end,1711
3,29,Fame,stock,end,4893
3,30,DP,source,SurfaceMap.CollectYields,149
3,30,Material,source,SurfaceMap.CollectYields,8
3,30,Fame,source,SurfaceMap.CollectYields,33
3,30,DP,source,DistrictCatalog.Collect,28
3,30,DP,sink,MinionRoster.TrySummon,-17136
3,30,DP,source,AdventurerAI.ReapEmotion,171
3,30,DP,source,AdventurerAI.TakeDamage,8204
3,30,Material,source,AdventurerAI.TakeDamage,59
3,30,DP,sink,CommandSystem.TryUse,-3200
3,30,Fame,source,AdventurerAI.GrantReturnReward,250
3,30,Fame,source,LureEconomy.OnHeroEscaped,625
3,30,DP,source,AdventurerAI.GrantReturnReward,3786
3,30,DP,source,Nemesis.OnSlain,1976
3,30,Material,source,Nemesis.OnSlain,12
3,30,DP,stock,end,10961
3,30,Material,stock,end,1790
3,30,Fame,stock,end,5801
4,1,DP,sink,DungeonFeatureManager.TryPlaceTrap,-150
4,1,DP,source,AdventurerAI.ReapEmotion,100
4,1,Fame,source,AdventurerAI.GrantReturnReward,30
4,1,Fame,source,LureEconomy.OnHeroEscaped,75
4,1,DP,source,AdventurerAI.GrantReturnReward,552
4,1,DP,sink,CommandSystem.TryUse,-300
4,1,DP,source,AdventurerAI.TakeDamage,111
4,1,Material,source,AdventurerAI.TakeDamage,4
4,1,DP,stock,end,513
4,1,Material,stock,end,4
4,1,Fame,stock,end,105
4,2,DP,source,SurfaceMap.CollectYields,18
4,2,Material,source,SurfaceMap.CollectYields,1
4,2,Fame,source,SurfaceMap.CollectYields,4
4,2,DP,source,EraSystem.TickTurn,600
4,2,Fame,source,EraSystem.TickTurn,25
4,2,DP,sink,DungeonFeatureManager.TryPlaceTrap,-1050
4,2,DP,source,AdventurerAI.ReapEmotion,110
4,2,DP,source,AdventurerAI.TakeDamage,297
4,2,Material,source,AdventurerAI.TakeDamage,10
4,2,DP,sink,CommandSystem.TryUse,-300
4,2,DP,source,AdventurerAI.GrantReturnReward,343
4,2,Fame,source,AdventurerAI.GrantReturnReward,10
4,2,Fame,source,LureEconomy.OnHeroEscaped,25
4,2,DP,stock,end,531
4,2,Material,stock,end,15
4,2,Fame,stock,end,169
4,3,DP,source,SurfaceMap.CollectYields,18
4,3,Material,source,SurfaceMap.CollectYields,1
4,3,Fame,source,SurfaceMap.CollectYields,4
4,3,DP,source,EraSystem.TickTurn,600
4,3,Fame,source,EraSystem.TickTurn,25
4,3,DP,sink,DungeonFeatureManager.TryPlaceFeature,-250
4,3,DP,sink,DungeonFeatureManager.TryPlaceHabitat,-120
4,3,DP,sink,MinionRoster.TrySummon,-774
4,3,DP,source,AdventurerAI.ReapEmotion,277
4,3,DP,source,AdventurerAI.TakeDamage,334
4,3,Material,source,AdventurerAI.TakeDamage,21
4,3,DP,sink,CommandSystem.TryUse,-300
4,3,Fame,source,AdventurerAI.GrantReturnReward,10
4,3,Fame,source,LureEconomy.OnHeroEscaped,25
4,3,DP,source,Nemesis.OnSlain,454
4,3,Material,source,Nemesis.OnSlain,5
4,3,DP,stock,end,770
4,3,Material,stock,end,42
4,3,Fame,stock,end,233
4,4,DP,source,SurfaceMap.CollectYields,18
4,4,Material,source,SurfaceMap.CollectYields,1
4,4,Fame,source,SurfaceMap.CollectYields,4
4,4,DP,source,EraSystem.TickTurn,600
4,4,Material,source,EraSystem.TickTurn,10
4,4,DP,sink,MinionRoster.TrySummon,-1376
4,4,DP,source,AdventurerAI.ReapEmotion,116
4,4,DP,source,AdventurerAI.TakeDamage,434
4,4,Material,source,AdventurerAI.TakeDamage,22
4,4,DP,source,AdventurerAI.GrantReturnReward,116
4,4,Fame,source,AdventurerAI.GrantReturnReward,10
4,4,Fame,source,LureEconomy.OnHeroEscaped,25
4,4,DP,sink,CommandSystem.TryUse,-650
4,4,DP,stock,end,28
4,4,Material,stock,end,75
4,4,Fame,stock,end,272
4,5,DP,source,SurfaceMap.CollectYields,18
4,5,Material,source,SurfaceMap.CollectYields,1
4,5,Fame,source,SurfaceMap.CollectYields,4
4,5,DP,source,EraSystem.TickTurn,600
4,5,DP,sink,DungeonFeatureManager.TryPlaceFeature,-250
4,5,DP,sink,DungeonFeatureManager.TryPlaceHabitat,-280
4,5,DP,sink,MinionRoster.TrySummon,-112
4,5,DP,source,AdventurerAI.ReapEmotion,201
4,5,DP,source,AdventurerAI.GrantReturnReward,241
4,5,Fame,source,AdventurerAI.GrantReturnReward,40
4,5,Fame,source,LureEconomy.OnHeroEscaped,100
4,5,DP,source,AdventurerAI.TakeDamage,272
4,5,Material,source,AdventurerAI.TakeDamage,6
4,5,DP,sink,CommandSystem.TryUse,-650
4,5,DP,stock,end,68
4,5,Material,stock,end,82
4,5,Fame,stock,end,416
4,6,DP,source,SurfaceMap.CollectYields,39
4,6,Material,source,SurfaceMap.CollectYields,2
4,6,Fame,source,SurfaceMap.CollectYields,9
4,6,DP,source,EraSystem.TickTurn,1020
4,6,DP,sink,MinionRoster.TrySummon,-1116
4,6,DP,source,AdventurerAI.ReapEmotion,128
4,6,DP,source,AdventurerAI.GrantReturnReward,132
4,6,Fame,source,AdventurerAI.GrantReturnReward,10
4,6,Fame,source,LureEconomy.OnHeroEscaped,25
4,6,DP,source,AdventurerAI.TakeDamage,736
4,6,Material,source,AdventurerAI.TakeDamage,22
4,6,DP,sink,CommandSystem.TryUse,-1300
4,6,DP,source,Nemesis.OnSlain,535
4,6,Material,source,Nemesis.OnSlain,5
4,6,DP,stock,end,242
4,6,Material,stock,end,111
4,6,Fame,stock,end,460
4,7,DP,source,SurfaceMap.CollectYields,39
4,7,Material,source,SurfaceMap.CollectYields,2
4,7,Fame,source,SurfaceMap.CollectYields,9
4,7,DP,source,EraSystem.TickTurn,600
4,7,DP,sink,MinionRoster.TrySummon,-862
4,7,DP,source,AdventurerAI.ReapEmotion,154
4,7,DP,source,AdventurerAI.TakeDamage,843
4,7,Material,source,AdventurerAI.TakeDamage,41
4,7,DP,sink,CommandSystem.TryUse,-1450
4,7,DP,source,Nemesis.OnSlain,1306
4,7,Material,source,Nemesis.OnSlain,12
4,7,DP,stock,end,872
4,7,Material,stock,end,166
4,7,Fame,stock,end,469
4,8,DP,source,SurfaceMap.CollectYields,39
4,8,Material,source,SurfaceMap.CollectYields,2
4,8,Fame,source,SurfaceMap.CollectYields,9
4,8,DP,sink,MinionRoster.TrySummon,-908
4,8,DP,source,AdventurerAI.TakeDamage,716
4,8,Material,source,AdventurerAI.TakeDamage,26
4,8,DP,source,AdventurerAI.ReapEmotion,117
4,8,DP,sink,CommandSystem.TryUse,-1800
4,8,DP,source,AdventurerAI.GrantReturnReward,156
4,8,Fame,source,AdventurerAI.GrantReturnReward,20
4,8,Fame,source,LureEconomy.OnHeroEscaped,50
4,8,DP,source,Nemesis.OnSlain,1134
4,8,Material,source,Nemesis.OnSlain,10
4,8,DP,stock,end,326
4,8,Material,stock,end,204
4,8,Fame,stock,end,548
4,9,DP,source,SurfaceMap.CollectYields,69
4,9,Material,source,SurfaceMap.CollectYields,3
4,9,Fame,source,SurfaceMap.CollectYields,17
4,9,DP,source,EraSystem.TickTurn,300
4,9,Fame,source,EraSystem.TickTurn,25
4,9,DP,sink,MinionRoster.TrySummon,-680
4,9,DP,source,AdventurerAI.ReapEmotion,62
4,9,DP,source,AdventurerAI.TakeDamage,905
4,9,Material,source,AdventurerAI.TakeDamage,26
4,9,DP,sink,CommandSystem.TryUse,-950
4,9,DP,source,Nemesis.OnSlain,583
4,9,Material,source,Nemesis.OnSlain,5
4,9,DP,stock,end,615
4,9,Material,stock,end,238
4,9,Fame,stock,end,590
4,10,DP,source,SurfaceMap.CollectYields,79
4,10,Material,source,SurfaceMap.CollectYields,3
4,10,Fame,source,SurfaceMap.CollectYields,17
4,10,DP,source,EraSystem.TickTurn,300
4,10,DP,sink,MinionRoster.TrySummon,-973
4,10,DP,source,AdventurerAI.TakeDamage,748
4,10,Material,source,AdventurerAI.TakeDamage,14
4,10,DP,sink,CommandSystem.TryUse,-1300
4,10,DP,source,AdventurerAI.ReapEmotion,59
4,10,DP,source,AdventurerAI.GrantReturnReward,159
4,10,Fame,source,AdventurerAI.GrantReturnReward,20
4,10,Fame,source,LureEconomy.OnHeroEscaped,50
4,10,DP,source,Nemesis.OnSlain,1198
4,10,Material,source,Nemesis.OnSlain,10
4,10,DP,stock,end,885
4,10,Material,stock,end,265
4,10,Fame,stock,end,677
4,11,DP,source,SurfaceMap.CollectYields,79
4,11,Material,source,SurfaceMap.CollectYields,3
4,11,Fame,source,SurfaceMap.CollectYields,17
4,11,DP,source,EraSystem.TickTurn,720
4,11,DP,source,WaveRoster.ResolveTrial,900
4,11,DP,sink,MinionRoster.TrySummon,-2562
4,11,DP,source,AdventurerAI.ReapEmotion,191
4,11,DP,source,AdventurerAI.TakeDamage,1659
4,11,Material,source,AdventurerAI.TakeDamage,54
4,11,DP,sink,CommandSystem.TryUse,-1450
4,11,DP,source,AdventurerAI.GrantReturnReward,168
4,11,Fame,source,AdventurerAI.GrantReturnReward,10
4,11,Fame,source,LureEconomy.OnHeroEscaped,25
4,11,DP,stock,end,590
4,11,Material,stock,end,322
4,11,Fame,stock,end,729
4,12,DP,source,SurfaceMap.CollectYields,107
4,12,Material,source,SurfaceMap.CollectYields,4
4,12,Fame,source,SurfaceMap.CollectYields,23
4,12,DP,source,DistrictCatalog.Collect,98
4,12,DP,sink,MinionRoster.TrySummon,-795
4,12,DP,source,AdventurerAI.ReapEmotion,166
4,12,DP,source,AdventurerAI.GrantReturnReward,151
4,12,Fame,source,AdventurerAI.GrantReturnReward,10
4,12,Fame,source,LureEconomy.OnHeroEscaped,25
4,12,DP,sink,CommandSystem.TryUse,-1300
4,12,DP,source,AdventurerAI.TakeDamage,1013
4,12,Material,source,AdventurerAI.TakeDamage,37
4,12,DP,source,Nemesis.OnSlain,1296
4,12,Material,source,Nemesis.OnSlain,10
4,12,DP,stock,end,1326
4,12,Material,stock,end,373
4,12,Fame,stock,end,787
4,13,DP,source,SurfaceMap.CollectYields,83
4,13,Material,source,SurfaceMap.CollectYields,4
4,13,Fame,source,SurfaceMap.CollectYields,19
4,13,DP,source,DistrictCatalog.Collect,98
4,13,DP,sink,MinionRoster.TrySummon,-1497
4,13,DP,source,AdventurerAI.ReapEmotion,165
4,13,DP,source,AdventurerAI.TakeDamage,908
4,13,Material,source,AdventurerAI.TakeDamage,37
4,13,DP,sink,CommandSystem.TryUse,-1300
4,13,DP,source,AdventurerAI.GrantReturnReward,283
4,13,Fame,source,AdventurerAI.GrantReturnReward,10
4,13,Fame,source,LureEconomy.OnHeroEscaped,25
4,13,DP,source,Nemesis.OnSlain,664
4,13,Material,source,Nemesis.OnSlain,5
4,13,DP,stock,end,730
4,13,Material,stock,end,419
4,13,Fame,stock,end,841
4,14,DP,source,SurfaceMap.CollectYields,83
4,14,Material,source,SurfaceMap.CollectYields,4
4,14,Fame,source,SurfaceMap.CollectYields,19
4,14,DP,source,DistrictCatalog.Collect,98
4,14,DP,sink,MinionRoster.TrySummon,-906
4,14,DP,source,AdventurerAI.ReapEmotion,217
4,14,DP,source,AdventurerAI.TakeDamage,1937
4,14,Material,source,AdventurerAI.TakeDamage,69
4,14,DP,source,AdventurerAI.GrantReturnReward,537
4,14,Fame,source,AdventurerAI.GrantReturnReward,30
4,14,Fame,source,LureEconomy.OnHeroEscaped,75
4,14,DP,sink,CommandSystem.TryUse,-1800
4,14,DP,source,Nemesis.OnSlain,680
4,14,Material,source,Nemesis.OnSlain,5
4,14,DP,stock,end,1576
4,14,Material,stock,end,497
4,14,Fame,stock,end,965
4,15,DP,source,SurfaceMap.CollectYields,83
4,15,Material,source,SurfaceMap.CollectYields,4
4,15,Fame,source,SurfaceMap.CollectYields,19
4,15,DP,source,DistrictCatalog.Collect,98
4,15,DP,sink,MinionRoster.TrySummon,-1731
4,15,DP,source,AdventurerAI.ReapEmotion,139
4,15,DP,source,AdventurerAI.TakeDamage,1857
4,15,Material,source,AdventurerAI.TakeDamage,50
4,15,DP,source,AdventurerAI.GrantReturnReward,181
4,15,Fame,source,AdventurerAI.GrantReturnReward,20
4,15,Fame,source,LureEconomy.OnHeroEscaped,50
4,15,DP,sink,CommandSystem.TryUse,-1800
4,15,DP,source,Nemesis.OnSlain,697
4,15,Material,source,Nemesis.OnSlain,5
4,15,DP,stock,end,1100
4,15,Material,stock,end,556
4,15,Fame,stock,end,1054
4,16,DP,source,SurfaceMap.CollectYields,103
4,16,Material,source,SurfaceMap.CollectYields,5
4,16,Fame,source,SurfaceMap.CollectYields,23
4,16,DP,source,DistrictCatalog.Collect,98
4,16,DP,source,WaveRoster.ResolveTrial,1200
4,16,DP,sink,MinionRoster.TrySummon,-2496
4,16,DP,source,AdventurerAI.ReapEmotion,170
4,16,DP,source,AdventurerAI.TakeDamage,1378
4,16,Material,source,AdventurerAI.TakeDamage,42
4,16,DP,sink,CommandSystem.TryUse,-1450
4,16,DP,source,Nemesis.OnSlain,1426
4,16,Material,source,Nemesis.OnSlain,10
4,16,DP,stock,end,1529
4,16,Material,stock,end,613
4,16,Fame,stock,end,1077
4,17,DP,source,SurfaceMap.CollectYields,103
4,17,Material,source,SurfaceMap.CollectYields,5
4,17,Fame,source,SurfaceMap.CollectYields,23
4,17,DP,source,DistrictCatalog.Collect,98
4,17,DP,source,EraSystem.TickTurn,600
4,17,DP,sink,MinionRoster.TrySummon,-2313
4,17,DP,source,AdventurerAI.ReapEmotion,176
4,17,DP,source,AdventurerAI.GrantReturnReward,2544
4,17,Fame,source,AdventurerAI.GrantReturnReward,160
4,17,Fame,source,LureEconomy.OnHeroEscaped,400
4,17,DP,sink,CommandSystem.TryUse,-1150
4,17,DP,source,AdventurerAI.TakeDamage,412
4,17,Material,source,AdventurerAI.TakeDamage,12
4,17,DP,stock,end,1999
4,17,Material,stock,end,630
4,17,Fame,stock,end,1660
4,18,DP,source,SurfaceMap.CollectYields,103
4,18,Material,source,SurfaceMap.CollectYields,5
4,18,Fame,source,SurfaceMap.CollectYields,23
4,18,DP,source,DistrictCatalog.Collect,126
4,18,DP,source,EraSystem.TickTurn,720
4,18,DP,sink,MinionRoster.TrySummon,-2913
4,18,DP,source,AdventurerAI.ReapEmotion,505
4,18,DP,source,AdventurerAI.TakeDamage,1795
4,18,Material,source,AdventurerAI.TakeDamage,34
4,18,DP,sink,CommandSystem.TryUse,-1800
4,18,Fame,source,AdventurerAI.GrantReturnReward,50
4,18,Fame,source,LureEconomy.OnHeroEscaped,125
4,18,DP,source,AdventurerAI.GrantReturnReward,877
4,18,DP,stock,end,1412
4,18,Material,stock,end,669
4,18,Fame,stock,end,1858
4,19,DP,source,SurfaceMap.CollectYields,137
4,19,Material,source,SurfaceMap.CollectYields,5
4,19,Fame,source,SurfaceMap.CollectYields,29
4,19,DP,source,DistrictCatalog.Collect,126
4,19,DP,sink,MinionRoster.TrySummon,-1657
4,19,DP,source,IncidentSystem.Apply,600
4,19,DP,sink,CommandSystem.TryUse,-2300
4,19,DP,source,AdventurerAI.ReapEmotion,148
4,19,DP,source,AdventurerAI.TakeDamage,1633
4,19,Material,source,AdventurerAI.TakeDamage,41
4,19,DP,source,AdventurerAI.GrantReturnReward,1343
4,19,Fame,source,AdventurerAI.GrantReturnReward,80
4,19,Fame,source,LureEconomy.OnHeroEscaped,200
4,19,DP,source,Nemesis.OnSlain,1061
4,19,Material,source,Nemesis.OnSlain,7
4,19,DP,stock,end,2503
4,19,Material,stock,end,722
4,19,Fame,stock,end,2167
4,20,DP,source,SurfaceMap.CollectYields,137
4,20,Material,source,SurfaceMap.CollectYields,5
4,20,Fame,source,SurfaceMap.CollectYields,29
4,20,DP,source,DistrictCatalog.Collect,126
4,20,DP,sink,MinionRoster.TrySummon,-2757
4,20,DP,source,AdventurerAI.ReapEmotion,113
4,20,DP,source,AdventurerAI.TakeDamage,2019
4,20,Material,source,AdventurerAI.TakeDamage,31
4,20,DP,sink,CommandSystem.TryUse,-1900
4,20,Fame,source,AdventurerAI.GrantReturnReward,130
4,20,Fame,source,LureEconomy.OnHeroEscaped,325
4,20,DP,source,AdventurerAI.GrantReturnReward,395
4,20,DP,source,Nemesis.OnSlain,810
4,20,Material,source,Nemesis.OnSlain,5
4,20,DP,stock,end,1446
4,20,Material,stock,end,763
4,20,Fame,stock,end,2651
4,21,DP,source,SurfaceMap.CollectYields,137
4,21,Material,source,SurfaceMap.CollectYields,5
4,21,Fame,source,SurfaceMap.CollectYields,29
4,21,DP,source,DistrictCatalog.Collect,126
4,21,DP,source,WaveRoster.ResolveTrial,1200
4,21,DP,sink,MinionRoster.TrySummon,-2870
4,21,DP,source,AdventurerAI.ReapEmotion,324
4,21,DP,sink,CommandSystem.TryUse,-2750
4,21,DP,source,AdventurerAI.TakeDamage,7539
4,21,Material,source,AdventurerAI.TakeDamage,86
4,21,DP,source,AdventurerAI.GrantReturnReward,569
4,21,Fame,source,AdventurerAI.GrantReturnReward,50
4,21,Fame,source,LureEconomy.OnHeroEscaped,125
4,21,DP,source,Nemesis.OnSlain,3465
4,21,Material,source,Nemesis.OnSlain,21
4,21,DP,stock,end,9186
4,21,Material,stock,end,875
4,21,Fame,stock,end,2855
4,22,DP,source,SurfaceMap.CollectYields,163
4,22,Material,source,SurfaceMap.CollectYields,6
4,22,Fame,source,SurfaceMap.CollectYields,34
4,22,DP,source,DistrictCatalog.Collect,126
4,22,DP,sink,MinionRoster.TrySummon,-9457
4,22,DP,source,AdventurerAI.ReapEmotion,177
4,22,DP,source,AdventurerAI.TakeDamage,2158
4,22,Material,source,AdventurerAI.TakeDamage,27
4,22,DP,sink,CommandSystem.TryUse,-2750
4,22,Fame,source,AdventurerAI.GrantReturnReward,140
4,22,Fame,source,LureEconomy.OnHeroEscaped,350
4,22,DP,source,AdventurerAI.GrantReturnReward,948
4,22,DP,source,Nemesis.OnSlain,1142
4,22,Material,source,Nemesis.OnSlain,7
4,22,DP,stock,end,1693
4,22,Material,stock,end,915
4,22,Fame,stock,end,3379
4,23,DP,source,SurfaceMap.CollectYields,145
4,23,Material,source,SurfaceMap.CollectYields,7
4,23,Fame,source,SurfaceMap.CollectYields,33
4,23,DP,source,DistrictCatalog.Collect,126
4,23,DP,sink,MinionRoster.TrySummon,-1953
4,23,DP,source,AdventurerAI.ReapEmotion,183
4,23,DP,source,AdventurerAI.TakeDamage,4044
4,23,Material,source,AdventurerAI.TakeDamage,36
4,23,DP,sink,CommandSystem.TryUse,-2250
4,23,DP,source,AdventurerAI.GrantReturnReward,1011
4,23,Fame,source,AdventurerAI.GrantReturnReward,120
4,23,Fame,source,LureEconomy.OnHeroEscaped,300
4,23,DP,source,Nemesis.OnSlain,2625
4,23,Material,source,Nemesis.OnSlain,15
4,23,DP,stock,end,5624
4,23,Material,stock,end,973
4,23,Fame,stock,end,3832
4,24,DP,source,SurfaceMap.CollectYields,145
4,24,Material,source,SurfaceMap.CollectYields,7
4,24,Fame,source,SurfaceMap.CollectYields,33
4,24,DP,source,DistrictCatalog.Collect,126
4,24,DP,sink,MinionRoster.TrySummon,-5881
4,24,DP,source,AdventurerAI.ReapEmotion,233
4,24,DP,source,AdventurerAI.TakeDamage,7908
4,24,Material,source,AdventurerAI.TakeDamage,73
4,24,DP,sink,CommandSystem.TryUse,-2750
4,24,Fame,source,AdventurerAI.GrantReturnReward,50
4,24,Fame,source,LureEconomy.OnHeroEscaped,125
4,24,DP,source,Nemesis.OnSlain,2111
4,24,Material,source,Nemesis.OnSlain,12
4,24,DP,stock,end,7516
4,24,Material,stock,end,1065
4,24,Fame,stock,end,4040
4,25,DP,source,SurfaceMap.CollectYields,145
4,25,Material,source,SurfaceMap.CollectYields,7
4,25,Fame,source,SurfaceMap.CollectYields,33
4,25,DP,source,DistrictCatalog.Collect,28
4,25,DP,source,EraSystem.TickTurn,3840
4,25,DP,sink,MinionRoster.TrySummon,-11488
4,25,DP,source,AdventurerAI.TakeDamage,10241
4,25,Material,source,AdventurerAI.TakeDamage,89
4,25,DP,sink,CommandSystem.TryUse,-2250
4,25,Fame,source,AdventurerAI.GrantReturnReward,30
4,25,Fame,source,LureEconomy.OnHeroEscaped,75
4,25,DP,source,Nemesis.OnSlain,2769
4,25,Material,source,Nemesis.OnSlain,15
4,25,DP,stock,end,10801
4,25,Material,stock,end,1176
4,25,Fame,stock,end,4178
5,1,DP,sink,DungeonFeatureManager.TryPlaceTrap,-150
5,1,DP,source,AdventurerAI.ReapEmotion,100
5,1,DP,source,AdventurerAI.GrantReturnReward,150
5,1,Fame,source,AdventurerAI.GrantReturnReward,10
5,1,Fame,source,LureEconomy.OnHeroEscaped,25
5,1,DP,sink,CommandSystem.TryUse,-300
5,1,DP,source,AdventurerAI.TakeDamage,221
5,1,Material,source,AdventurerAI.TakeDamage,8
5,1,DP,stock,end,221
5,1,Material,stock,end,8
5,1,Fame,stock,end,35
5,2,DP,source,SurfaceMap.CollectYields,18
5,2,Material,source,SurfaceMap.CollectYields,1
5,2,Fame,source,SurfaceMap.CollectYields,4
5,2,DP,source,EraSystem.TickTurn,600
5,2,Fame,source,EraSystem.TickTurn,25
5,2,DP,sink,DungeonFeatureManager.TryPlaceTrap,-750
5,2,DP,source,AdventurerAI.ReapEmotion,100
5,2,DP,source,AdventurerAI.TakeDamage,263
5,2,Material,source,AdventurerAI.TakeDamage,16
5,2,DP,sink,CommandSystem.TryUse,-650
5,2,DP,source,AdventurerAI.GrantReturnReward,218
5,2,Fame,source,AdventurerAI.GrantReturnReward,10
5,2,Fame,source,LureEconomy.OnHeroEscaped,25
5,2,DP,stock,end,20
5,2,Material,stock,end,25
5,2,Fame,stock,end,99
5,3,DP,source,SurfaceMap.CollectYields,18
5,3,Material,source,SurfaceMap.CollectYields,1
5,3,Fame,source,SurfaceMap.CollectYields,4
5,3,DP,source,EraSystem.TickTurn,600
5,3,Fame,source,EraSystem.TickTurn,25
5,3,DP,sink,DungeonFeatureManager.TryPlaceTrap,-150
5,3,DP,sink,DungeonFeatureManager.TryPlaceFeature,-250
5,3,DP,sink,DungeonFeatureManager.TryPlaceHabitat,-160
5,3,DP,sink,MinionRoster.TrySummon,-78
5,3,DP,source,AdventurerAI.ReapEmotion,165
5,3,Fame,source,AdventurerAI.GrantReturnReward,30
5,3,Fame,source,LureEconomy.OnHeroEscaped,75
5,3,DP,source,AdventurerAI.GrantReturnReward,255
5,3,DP,sink,CommandSystem.TryUse,-300
5,3,DP,source,AdventurerAI.TakeDamage,150
5,3,Material,source,AdventurerAI.TakeDamage,6
5,3,DP,stock,end,270
5,3,Material,stock,end,32
5,3,Fame,stock,end,233
5,4,DP,source,SurfaceMap.CollectYields,18
5,4,Material,source,SurfaceMap.CollectYields,1
5,4,Fame,source,SurfaceMap.CollectYields,4
5,4,DP,source,EraSystem.TickTurn,600
5,4,DP,sink,MinionRoster.TrySummon,-879
5,4,DP,source,AdventurerAI.ReapEmotion,115
5,4,Fame,source,AdventurerAI.GrantReturnReward,30
5,4,Fame,source,LureEconomy.OnHeroEscaped,75
5,4,DP,source,AdventurerAI.GrantReturnReward,487
5,4,DP,sink,CommandSystem.TryUse,-650
5,4,DP,source,AdventurerAI.TakeDamage,272
5,4,Material,source,AdventurerAI.TakeDamage,6
5,4,DP,stock,end,233
5,4,Material,stock,end,39
5,4,Fame,stock,end,342
5,5,DP,source,SurfaceMap.CollectYields,18
5,5,Material,source,SurfaceMap.CollectYields,1
5,5,Fame,source,SurfaceMap.CollectYields,4
5,5,DP,source,EraSystem.TickTurn,600
5,5,DP,sink,DungeonFeatureManager.TryPlaceFeature,-500
5,5,DP,sink,DungeonFeatureManager.TryPlaceHabitat,-160
5,5,DP,sink,MinionRoster.TrySummon,-180
5,5,DP,source,AdventurerAI.ReapEmotion,134
5,5,Fame,source,AdventurerAI.GrantReturnReward,40
5,5,Fame,source,LureEconomy.OnHeroEscaped,100
5,5,DP,source,AdventurerAI.GrantReturnReward,57
5,5,DP,source,AdventurerAI.TakeDamage,1227
5,5,Material,source,AdventurerAI.TakeDamage,36
5,5,DP,sink,CommandSystem.TryUse,-950
5,5,DP,source,Nemesis.OnSlain,1506
5,5,Material,source,Nemesis.OnSlain,15
5,5,DP,stock,end,1985
5,5,Material,stock,end,91
5,5,Fame,stock,end,486
5,6,DP,source,SurfaceMap.CollectYields,39
5,6,Material,source,SurfaceMap.CollectYields,2
5,6,Fame,source,SurfaceMap.CollectYields,9
5,6,DP,source,EraSystem.TickTurn,600
5,6,Material,source,EraSystem.TickTurn,10
5,6,DP,sink,MinionRoster.TrySummon,-2329
5,6,DP,sink,DungeonFeatureManager.TryPlaceHabitat,-280
5,6,DP,source,AdventurerAI.ReapEmotion,128
5,6,DP,source,AdventurerAI.TakeDamage,814
5,6,Material,source,AdventurerAI.TakeDamage,38
5,6,DP,sink,CommandSystem.TryUse,-950
5,6,DP,source,Nemesis.OnSlain,1070
5,6,Material,source,Nemesis.OnSlain,10
5,6,DP,stock,end,1077
5,6,Material,stock,end,151
5,6,Fame,stock,end,495
5,7,DP,source,SurfaceMap.CollectYields,39
5,7,Material,source,SurfaceMap.CollectYields,2
5,7,Fame,source,SurfaceMap.CollectYields,9
5,7,DP,source,EraSystem.TickTurn,1020
5,7,DP,sink,MinionRoster.TrySummon,-2127
5,7,DP,source,AdventurerAI.ReapEmotion,253
5,7,DP,source,AdventurerAI.TakeDamage,598
5,7,Material,source,AdventurerAI.TakeDamage,12
5,7,DP,sink,CommandSystem.TryUse,-650
5,7,Fame,source,AdventurerAI.GrantReturnReward,20
5,7,Fame,source,LureEconomy.OnHeroEscaped,50
5,7,DP,source,AdventurerAI.GrantReturnReward,167
5,7,DP,source,Nemesis.OnSlain,1102
5,7,Material,source,Nemesis.OnSlain,10
5,7,DP,stock,end,1479
5,7,Material,stock,end,175
5,7,Fame,stock,end,574
5,8,DP,source,SurfaceMap.CollectYields,39
5,8,Material,source,SurfaceMap.CollectYields,2
5,8,Fame,source,SurfaceMap.CollectYields,9
5,8,DP,sink,MinionRoster.TrySummon,-1503
5,8,DP,source,AdventurerAI.ReapEmotion,133
5,8,DP,source,AdventurerAI.GrantReturnReward,215
5,8,Fame,source,AdventurerAI.GrantReturnReward,20
5,8,Fame,source,LureEconomy.OnHeroEscaped,50
5,8,DP,sink,CommandSystem.TryUse,-1300
5,8,DP,source,AdventurerAI.TakeDamage,758
5,8,Material,source,AdventurerAI.TakeDamage,25
5,8,DP,source,Nemesis.OnSlain,1166
5,8,Material,source,Nemesis.OnSlain,10
5,8,DP,stock,end,987
5,8,Material,stock,end,212
5,8,Fame,stock,end,653
5,9,DP,source,SurfaceMap.CollectYields,45
5,9,Material,source,SurfaceMap.CollectYields,2
5,9,Fame,source,SurfaceMap.CollectYields,11
5,9,DP,source,EraSystem.TickTurn,300
5,9,Fame,source,EraSystem.TickTurn,25
5,9,DP,sink,MinionRoster.TrySummon,-1320
5,9,DP,source,AdventurerAI.ReapEmotion,141
5,9,DP,source,AdventurerAI.TakeDamage,2294
5,9,Material,source,AdventurerAI.TakeDamage,100
5,9,DP,sink,CommandSystem.TryUse,-1800
5,9,Fame,source,AdventurerAI.GrantReturnReward,10
5,9,Fame,source,LureEconomy.OnHeroEscaped,25
5,9,DP,source,Nemesis.OnSlain,1198
5,9,Material,source,Nemesis.OnSlain,10
5,9,DP,stock,end,1845
5,9,Material,stock,end,324
5,9,Fame,stock,end,724
5,10,DP,source,SurfaceMap.CollectYields,79
5,10,Material,source,SurfaceMap.CollectYields,3
5,10,Fame,source,SurfaceMap.CollectYields,17
5,10,DP,source,EraSystem.TickTurn,1020
5,10,DP,sink,MinionRoster.TrySummon,-2944
5,10,DP,source,AdventurerAI.TakeDamage,804
5,10,Material,source,AdventurerAI.TakeDamage,30
5,10,DP,source,AdventurerAI.ReapEmotion,177
5,10,DP,sink,CommandSystem.TryUse,-1450
5,10,Fame,source,AdventurerAI.GrantReturnReward,10
5,10,Fame,source,LureEconomy.OnHeroEscaped,25
5,10,DP,source,Nemesis.OnSlain,1232
5,10,Material,source,Nemesis.OnSlain,10
5,10,DP,stock,end,763
5,10,Material,stock,end,367
5,10,Fame,stock,end,776
5,11,DP,source,SurfaceMap.CollectYields,79
5,11,Material,source,SurfaceMap.CollectYields,3
5,11,Fame,source,SurfaceMap.CollectYields,17
5,11,DP,source,WaveRoster.ResolveTrial,900
5,11,DP,sink,MinionRoster.TrySummon,-1727
5,11,DP,source,AdventurerAI.ReapEmotion,160
5,11,Fame,source,AdventurerAI.GrantReturnReward,10
5,11,Fame,source,LureEconomy.OnHeroEscaped,25
5,11,DP,source,AdventurerAI.TakeDamage,929
5,11,Material,source,AdventurerAI.TakeDamage,42
5,11,DP,sink,CommandSystem.TryUse,-1450
5,11,DP,source,Nemesis.OnSlain,1280
5,11,Material,source,Nemesis.OnSlain,10
5,11,DP,stock,end,934
5,11,Material,stock,end,422
5,11,Fame,stock,end,828
5,12,DP,source,SurfaceMap.CollectYields,79
5,12,Material,source,SurfaceMap.CollectYields,3
5,12,Fame,source,SurfaceMap.CollectYields,17
5,12,DP,source,DistrictCatalog.Collect,84
5,12,DP,sink,MinionRoster.TrySummon,-1083
5,12,DP,source,AdventurerAI.ReapEmotion,295
5,12,DP,sink,CommandSystem.TryUse,-1800
5,12,DP,source,AdventurerAI.TakeDamage,1595
5,12,Material,source,AdventurerAI.TakeDamage,51
5,12,DP,source,AdventurerAI.GrantReturnReward,81
5,12,Fame,source,AdventurerAI.GrantReturnReward,20
5,12,Fame,source,LureEconomy.OnHeroEscaped,50
5,12,DP,source,Nemesis.OnSlain,648
5,12,Material,source,Nemesis.OnSlain,5
5,12,DP,stock,end,833
5,12,Material,stock,end,481
5,12,Fame,stock,end,915
5,13,DP,source,SurfaceMap.CollectYields,60
5,13,Material,source,SurfaceMap.CollectYields,3
5,13,Fame,source,SurfaceMap.CollectYields,14
5,13,DP,source,DistrictCatalog.Collect,98
5,13,DP,sink,MinionRoster.TrySummon,-979
5,13,DP,source,AdventurerAI.ReapEmotion,240
5,13,DP,source,AdventurerAI.TakeDamage,754
5,13,Material,source,AdventurerAI.TakeDamage,25
5,13,DP,sink,CommandSystem.TryUse,-650
5,13,DP,source,AdventurerAI.GrantReturnReward,223
5,13,Fame,source,AdventurerAI.GrantReturnReward,30
5,13,Fame,source,LureEconomy.OnHeroEscaped,75
5,13,DP,source,Nemesis.OnSlain,1344
5,13,Material,source,Nemesis.OnSlain,10
5,13,DP,stock,end,1923
5,13,Material,stock,end,519
5,13,Fame,stock,end,1034
5,14,DP,source,SurfaceMap.CollectYields,80
5,14,Material,source,SurfaceMap.CollectYields,4
5,14,Fame,source,SurfaceMap.CollectYields,18
5,14,DP,source,DistrictCatalog.Collect,98
5,14,DP,sink,MinionRoster.TrySummon,-2083
5,14,DP,source,AdventurerAI.ReapEmotion,236
5,14,DP,source,AdventurerAI.TakeDamage,1044
5,14,Material,source,AdventurerAI.TakeDamage,27
5,14,DP,sink,CommandSystem.TryUse,-1300
5,14,DP,source,AdventurerAI.GrantReturnReward,318
5,14,Fame,source,AdventurerAI.GrantReturnReward,20
5,14,Fame,source,LureEconomy.OnHeroEscaped,50
5,14,DP,source,Nemesis.OnSlain,697
5,14,Material,source,Nemesis.OnSlain,5
5,14,DP,stock,end,1013
5,14,Material,stock,end,555
5,14,Fame,stock,end,1122
5,15,DP,source,SurfaceMap.CollectYields,83
5,15,Material,source,SurfaceMap.CollectYields,4
5,15,Fame,source,SurfaceMap.CollectYields,19
5,15,DP,source,DistrictCatalog.Collect,98
5,15,DP,sink,MinionRoster.TrySummon,-1170
5,15,DP,source,AdventurerAI.ReapEmotion,443
5,15,DP,source,AdventurerAI.TakeDamage,1179
5,15,Material,source,AdventurerAI.TakeDamage,41
5,15,DP,sink,CommandSystem.TryUse,-1800
5,15,DP,source,AdventurerAI.GrantReturnReward,130
5,15,Fame,source,AdventurerAI.GrantReturnReward,10
5,15,Fame,source,LureEconomy.OnHeroEscaped,25
5,15,DP,source,Nemesis.OnSlain,1426
5,15,Material,source,Nemesis.OnSlain,10
5,15,DP,stock,end,1402
5,15,Material,stock,end,610
5,15,Fame,stock,end,1176
5,16,DP,source,SurfaceMap.CollectYields,83
5,16,Material,source,SurfaceMap.CollectYields,4
5,16,Fame,source,SurfaceMap.CollectYields,19
5,16,DP,source,DistrictCatalog.Collect,98
5,16,DP,source,WaveRoster.ResolveTrial,900
5,16,DP,sink,MinionRoster.TrySummon,-2479
5,16,DP,source,AdventurerAI.ReapEmotion,435
5,16,DP,source,AdventurerAI.TakeDamage,567
5,16,Material,source,AdventurerAI.TakeDamage,26
5,16,DP,sink,CommandSystem.TryUse,-1150
5,16,Fame,source,AdventurerAI.GrantReturnReward,20
5,16,Fame,source,LureEconomy.OnHeroEscaped,50
5,16,DP,source,AdventurerAI.GrantReturnReward,598
5,16,DP,source,Nemesis.OnSlain,729
5,16,Material,source,Nemesis.OnSlain,5
5,16,DP,stock,end,1183
5,16,Material,stock,end,645
5,16,Fame,stock,end,1265
5,17,DP,source,SurfaceMap.CollectYields,83
5,17,Material,source,SurfaceMap.CollectYields,4
5,17,Fame,source,SurfaceMap.CollectYields,19
5,17,DP,source,DistrictCatalog.Collect,98
5,17,DP,source,EraSystem.TickTurn,720
5,17,DP,sink,MinionRoster.TrySummon,-2076
5,17,DP,source,AdventurerAI.ReapEmotion,348
5,17,DP,sink,CommandSystem.TryUse,-1800
5,17,DP,source,AdventurerAI.TakeDamage,1302
5,17,Material,source,AdventurerAI.TakeDamage,37
5,17,Fame,source,AdventurerAI.GrantReturnReward,20
5,17,Fame,source,LureEconomy.OnHeroEscaped,50
5,17,DP,source,AdventurerAI.GrantReturnReward,420
5,17,DP,source,Nemesis.OnSlain,1490
5,17,Material,source,Nemesis.OnSlain,10
5,17,DP,stock,end,1768
5,17,Material,stock,end,696
5,17,Fame,stock,end,1354
5,18,DP,source,SurfaceMap.CollectYields,83
5,18,Material,source,SurfaceMap.CollectYields,4
5,18,Fame,source,SurfaceMap.CollectYields,19
5,18,DP,source,DistrictCatalog.Collect,98
5,18,DP,sink,MinionRoster.TrySummon,-1943
5,18,DP,source,AdventurerAI.ReapEmotion,154
5,18,DP,source,AdventurerAI.TakeDamage,2413
5,18,Material,source,AdventurerAI.TakeDamage,70
5,18,DP,sink,CommandSystem.TryUse,-1800
5,18,DP,source,AdventurerAI.GrantReturnReward,142
5,18,Fame,source,AdventurerAI.GrantReturnReward,20
5,18,Fame,source,LureEconomy.OnHeroEscaped,50
5,18,DP,stock,end,915
5,18,Material,stock,end,770
5,18,Fame,stock,end,1443
5,19,DP,source,SurfaceMap.CollectYields,83
5,19,Material,source,SurfaceMap.CollectYields,4
5,19,Fame,source,SurfaceMap.CollectYields,19
5,19,DP,source,DistrictCatalog.Collect,126
5,19,DP,source,EraSystem.TickTurn,300
5,19,DP,sink,MinionRoster.TrySummon,-1394
5,19,DP,source,AdventurerAI.ReapEmotion,308
5,19,DP,sink,CommandSystem.TryUse,-1800
5,19,DP,source,AdventurerAI.TakeDamage,1555
5,19,Material,source,AdventurerAI.TakeDamage,52
5,19,Fame,source,AdventurerAI.GrantReturnReward,30
5,19,Fame,source,LureEconomy.OnHeroEscaped,75
5,19,DP,source,Nemesis.OnSlain,1572
5,19,Material,source,Nemesis.OnSlain,10
5,19,DP,stock,end,1665
5,19,Material,stock,end,836
5,19,Fame,stock,end,1567
5,20,DP,source,SurfaceMap.CollectYields,109
5,20,Material,source,SurfaceMap.CollectYields,4
5,20,Fame,source,SurfaceMap.CollectYields,23
5,20,DP,source,DistrictCatalog.Collect,126
5,20,DP,sink,MinionRoster.TrySummon,-1866
5,20,DP,source,AdventurerAI.ReapEmotion,509
5,20,DP,source,AdventurerAI.TakeDamage,2636
5,20,Material,source,AdventurerAI.TakeDamage,54
5,20,DP,sink,CommandSystem.TryUse,-2250
5,20,Fame,source,AdventurerAI.GrantReturnReward,130
5,20,Fame,source,LureEconomy.OnHeroEscaped,325
5,20,DP,source,AdventurerAI.GrantReturnReward,374
5,20,DP,source,Nemesis.OnSlain,2398
5,20,Material,source,Nemesis.OnSlain,15
5,20,DP,stock,end,3701
5,20,Material,stock,end,909
5,20,Fame,stock,end,2045
5,21,DP,source,SurfaceMap.CollectYields,164
5,21,Material,source,SurfaceMap.CollectYields,6
5,21,Fame,source,SurfaceMap.CollectYields,35
5,21,DP,source,DistrictCatalog.Collect,126
5,21,DP,source,WaveRoster.ResolveTrial,1800
5,21,DP,sink,MinionRoster.TrySummon,-5770
5,21,DP,source,AdventurerAI.ReapEmotion,484
5,21,DP,source,AdventurerAI.TakeDamage,1713
5,21,Material,source,AdventurerAI.TakeDamage,35
5,21,DP,sink,CommandSystem.TryUse,-2250
5,21,Fame,source,AdventurerAI.GrantReturnReward,60
5,21,Fame,source,LureEconomy.OnHeroEscaped,150
5,21,DP,source,AdventurerAI.GrantReturnReward,525
5,21,DP,source,Nemesis.OnSlain,1652
5,21,Material,source,Nemesis.OnSlain,10
5,21,DP,stock,end,2145
5,21,Material,stock,end,960
5,21,Fame,stock,end,2290
5,22,DP,source,SurfaceMap.CollectYields,164
5,22,Material,source,SurfaceMap.CollectYields,6
5,22,Fame,source,SurfaceMap.CollectYields,35
5,22,DP,source,DistrictCatalog.Collect,126
5,22,DP,sink,MinionRoster.TrySummon,-2434
5,22,DP,source,AdventurerAI.ReapEmotion,358
5,22,DP,sink,CommandSystem.TryUse,-1800
5,22,DP,source,AdventurerAI.TakeDamage,2406
5,22,Material,source,AdventurerAI.TakeDamage,55
5,22,Fame,source,AdventurerAI.GrantReturnReward,70
5,22,Fame,source,LureEconomy.OnHeroEscaped,175
5,22,DP,source,AdventurerAI.GrantReturnReward,444
5,22,DP,source,Nemesis.OnSlain,2526
5,22,Material,source,Nemesis.OnSlain,15
5,22,DP,stock,end,3935
5,22,Material,stock,end,1036
5,22,Fame,stock,end,2570
5,23,DP,source,SurfaceMap.CollectYields,164
5,23,Material,source,SurfaceMap.CollectYields,6
5,23,Fame,source,SurfaceMap.CollectYields,35
5,23,DP,source,DistrictCatalog.Collect,112
5,23,DP,sink,MinionRoster.TrySummon,-4207
5,23,DP,source,AdventurerAI.ReapEmotion,376
5,23,DP,sink,CommandSystem.TryUse,-1600
5,23,DP,source,AdventurerAI.TakeDamage,611
5,23,Material,source,AdventurerAI.TakeDamage,9
5,23,DP,source,AdventurerAI.GrantReturnReward,1699
5,23,Fame,source,AdventurerAI.GrantReturnReward,180
5,23,Fame,source,LureEconomy.OnHeroEscaped,450
5,23,DP,stock,end,1090
5,23,Material,stock,end,1051
5,23,Fame,stock,end,3235
5,24,DP,source,SurfaceMap.CollectYields,134
5,24,Material,source,SurfaceMap.CollectYields,6
5,24,Fame,source,SurfaceMap.CollectYields,29
5,24,DP,source,DistrictCatalog.Collect,28
5,24,DP,source,EraSystem.TickTurn,3840
5,24,DP,sink,MinionRoster.TrySummon,-5083
5,24,DP,source,AdventurerAI.ReapEmotion,252
5,24,DP,source,AdventurerAI.GrantReturnReward,4085
5,24,Fame,source,AdventurerAI.GrantReturnReward,210
5,24,Fame,source,LureEconomy.OnHeroEscaped,525
5,24,DP,sink,CommandSystem.TryUse,-1600
5,24,DP,source,AdventurerAI.TakeDamage,871
5,24,Material,source,AdventurerAI.TakeDamage,9
5,24,DP,stock,end,3617
5,24,Material,stock,end,1066
5,24,Fame,stock,end,3999
5,25,DP,source,SurfaceMap.CollectYields,134
5,25,Material,source,SurfaceMap.CollectYields,6
5,25,Fame,source,SurfaceMap.CollectYields,29
5,25,DP,source,DistrictCatalog.Collect,28
5,25,DP,source,EraSystem.TickTurn,6528
5,25,DP,sink,MinionRoster.TrySummon,-10291
5,25,DP,source,AdventurerAI.TakeDamage,8653
5,25,Material,source,AdventurerAI.TakeDamage,68
5,25,DP,sink,CommandSystem.TryUse,-2250
5,25,Fame,source,AdventurerAI.GrantReturnReward,100
5,25,Fame,source,LureEconomy.OnHeroEscaped,250
5,25,DP,source,AdventurerAI.ReapEmotion,384
5,25,DP,source,AdventurerAI.GrantReturnReward,167
5,25,DP,source,Nemesis.OnSlain,3672
5,25,Material,source,Nemesis.OnSlain,21
5,25,DP,stock,end,10642
5,25,Material,stock,end,1161
5,25,Fame,stock,end,4378
5,26,DP,source,SurfaceMap.CollectYields,156
5,26,Material,source,SurfaceMap.CollectYields,7
5,26,Fame,source,SurfaceMap.CollectYields,33
5,26,DP,source,DistrictCatalog.Collect,28
5,26,DP,source,EraSystem.TickTurn,6528
5,26,DP,source,WaveRoster.ResolveTrial,1800
5,26,DP,sink,MinionRoster.TrySummon,-19149
5,26,DP,source,AdventurerAI.ReapEmotion,552
5,26,DP,source,AdventurerAI.TakeDamage,8092
5,26,Material,source,AdventurerAI.TakeDamage,83
5,26,DP,sink,CommandSystem.TryUse,-2750
5,26,DP,source,AdventurerAI.GrantReturnReward,761
5,26,Fame,source,AdventurerAI.GrantReturnReward,150
5,26,Fame,source,LureEconomy.OnHeroEscaped,375
5,26,DP,source,Nemesis.OnSlain,3732
5,26,Material,source,Nemesis.OnSlain,24
5,26,DP,stock,end,10392
5,26,Material,stock,end,1275
5,26,Fame,stock,end,4936
5,27,DP,source,SurfaceMap.CollectYields,156
5,27,Material,source,SurfaceMap.CollectYields,8
5,27,Fame,source,SurfaceMap.CollectYields,33
5,27,DP,source,DistrictCatalog.Collect,28
5,27,DP,source,EraSystem.TickTurn,3840
5,27,Material,source,EraSystem.TickTurn,37
5,27,Fame,source,EraSystem.TickTurn,80
5,27,DP,sink,MinionRoster.TrySummon,-14409
5,27,DP,source,AdventurerAI.ReapEmotion,322
5,27,DP,sink,CommandSystem.TryUse,-2750
5,27,DP,source,AdventurerAI.TakeDamage,7639
5,27,Material,source,AdventurerAI.TakeDamage,55
5,27,Fame,source,AdventurerAI.GrantReturnReward,210
5,27,Fame,source,LureEconomy.OnHeroEscaped,525
5,27,DP,source,AdventurerAI.GrantReturnReward,1082
5,27,DP,source,Nemesis.OnSlain,2868
5,27,Material,source,Nemesis.OnSlain,18
5,27,DP,stock,end,9168
5,27,Material,stock,end,1393
5,27,Fame,stock,end,5784
6,1,DP,stock,end,200
6,1,Material,stock,end,0
6,1,Fame,stock,end,0
6,2,DP,sink,DungeonFeatureManager.TryPlaceTrap,-600
6,2,DP,source,AdventurerAI.ReapEmotion,301
6,2,DP,source,AdventurerAI.GrantReturnReward,347
6,2,Fame,source,AdventurerAI.GrantReturnReward,20
6,2,Fame,source,LureEconomy.OnHeroEscaped,50
6,2,DP,source,AdventurerAI.TakeDamage,512
6,2,Material,source,AdventurerAI.TakeDamage,36
6,2,DP,sink,CommandSystem.TryUse,-1300
6,2,DP,source,SurfaceMap.CollectYields,18
6,2,Material,source,SurfaceMap.CollectYields,1
6,2,Fame,source,SurfaceMap.CollectYields,4
6,2,DP,source,EraSystem.TickTurn,600
6,2,Fame,source,EraSystem.TickTurn,25
6,2,DP,stock,end,78
6,2,Material,stock,end,37
6,2,Fame,stock,end,99
6,3,DP,source,SurfaceMap.CollectYields,18
6,3,Material,source,SurfaceMap.CollectYields,1
6,3,Fame,source,SurfaceMap.CollectYields,4
6,3,DP,source,EraSystem.TickTurn,600
6,3,Fame,source,EraSystem.TickTurn,25
6,3,DP,sink,DungeonFeatureManager.TryPlaceTrap,-450
6,3,DP,sink,MinionRoster.TrySummon,-236
6,3,DP,source,AdventurerAI.ReapEmotion,167
6,3,DP,source,AdventurerAI.TakeDamage,221
6,3,Material,source,AdventurerAI.TakeDamage,8
6,3,DP,source,AdventurerAI.GrantReturnReward,366
6,3,Fame,source,AdventurerAI.GrantReturnReward,20
6,3,Fame,source,LureEconomy.OnHeroEscaped,50
6,3,DP,sink,CommandSystem.TryUse,-650
6,3,DP,stock,end,114
6,3,Material,stock,end,46
6,3,Fame,stock,end,198
6,4,DP,source,SurfaceMap.CollectYields,18
6,4,Material,source,SurfaceMap.CollectYields,1
6,4,Fame,source,SurfaceMap.CollectYields,4
6,4,DP,source,EraSystem.TickTurn,600
6,4,Material,source,EraSystem.TickTurn,10
6,4,DP,sink,DungeonFeatureManager.TryPlaceFeature,-250
6,4,DP,sink,DungeonFeatureManager.TryPlaceHabitat,-120
6,4,DP,sink,MinionRoster.TrySummon,-342
6,4,DP,source,IncidentSystem.Apply,600
6,4,DP,sink,CommandSystem.TryUse,-1150
6,4,DP,source,AdventurerAI.ReapEmotion,121
6,4,DP,source,AdventurerAI.TakeDamage,486
6,4,Material,source,AdventurerAI.TakeDamage,18
6,4,DP,stock,end,77
6,4,Material,stock,end,75
6,4,Fame,stock,end,202
6,5,DP,source,SurfaceMap.CollectYields,18
6,5,Material,source,SurfaceMap.CollectYields,1
6,5,Fame,source,SurfaceMap.CollectYields,4
6,5,DP,source,EraSystem.TickTurn,600
6,5,DP,sink,DungeonFeatureManager.TryPlaceFeature,-250
6,5,DP,sink,DungeonFeatureManager.TryPlaceHabitat,-300
6,5,DP,sink,MinionRoster.TrySummon,-138
6,5,DP,source,AdventurerAI.ReapEmotion,166
6,5,DP,source,AdventurerAI.GrantReturnReward,264
6,5,Fame,source,AdventurerAI.GrantReturnReward,20
6,5,Fame,source,LureEconomy.OnHeroEscaped,50
6,5,DP,source,AdventurerAI.TakeDamage,795
6,5,Material,source,AdventurerAI.TakeDamage,28
6,5,DP,sink,CommandSystem.TryUse,-1300
6,5,DP,source,Nemesis.OnSlain,972
6,5,Material,source,Nemesis.OnSlain,10
6,5,DP,stock,end,904
6,5,Material,stock,end,114
6,5,Fame,stock,end,276
6,6,DP,source,SurfaceMap.CollectYields,39
6,6,Material,source,SurfaceMap.CollectYields,2
6,6,Fame,source,SurfaceMap.CollectYields,9
6,6,DP,source,EraSystem.TickTurn,600
6,6,DP,sink,MinionRoster.TrySummon,-1522
6,6,DP,source,AdventurerAI.ReapEmotion,169
6,6,Fame,source,AdventurerAI.GrantReturnReward,10
6,6,Fame,source,LureEconomy.OnHeroEscaped,25
6,6,DP,source,AdventurerAI.TakeDamage,624
6,6,Material,source,AdventurerAI.TakeDamage,16
6,6,DP,sink,CommandSystem.TryUse,-600
6,6,DP,stock,end,214
6,6,Material,stock,end,132
6,6,Fame,stock,end,320
6,7,DP,source,SurfaceMap.CollectYields,39
6,7,Material,source,SurfaceMap.CollectYields,2
6,7,Fame,source,SurfaceMap.CollectYields,9
6,7,DP,source,EraSystem.TickTurn,1020
6,7,DP,sink,MinionRoster.TrySummon,-1255
6,7,DP,source,AdventurerAI.ReapEmotion,130
6,7,DP,source,AdventurerAI.TakeDamage,383
6,7,Material,source,AdventurerAI.TakeDamage,14
6,7,DP,sink,CommandSystem.TryUse,-650
6,7,Fame,source,AdventurerAI.GrantReturnReward,40
6,7,Fame,source,LureEconomy.OnHeroEscaped,100
6,7,DP,source,AdventurerAI.GrantReturnReward,308
6,7,DP,source,Nemesis.OnSlain,535
6,7,Material,source,Nemesis.OnSlain,5
6,7,DP,stock,end,724
6,7,Material,stock,end,153
6,7,Fame,stock,end,469
6,8,DP,source,SurfaceMap.CollectYields,39
6,8,Material,source,SurfaceMap.CollectYields,2
6,8,Fame,source,SurfaceMap.CollectYields,9
6,8,DP,sink,MinionRoster.TrySummon,-763
6,8,DP,source,AdventurerAI.ReapEmotion,132
6,8,DP,source,AdventurerAI.TakeDamage,952
6,8,Material,source,AdventurerAI.TakeDamage,35
6,8,DP,sink,CommandSystem.TryUse,-1300
6,8,DP,source,Nemesis.OnSlain,567
6,8,Material,source,Nemesis.OnSlain,5
6,8,DP,stock,end,351
6,8,Material,stock,end,195
6,8,Fame,stock,end,478
6,9,DP,source,SurfaceMap.CollectYields,45
6,9,Material,source,SurfaceMap.CollectYields,2
6,9,Fame,source,SurfaceMap.CollectYields,11
6,9,DP,source,EraSystem.TickTurn,300
6,9,Fame,source,EraSystem.TickTurn,25
6,9,DP,sink,MinionRoster.TrySummon,-694
6,9,DP,source,AdventurerAI.ReapEmotion,153
6,9,DP,source,AdventurerAI.TakeDamage,936
6,9,Material,source,AdventurerAI.TakeDamage,46
6,9,DP,sink,CommandSystem.TryUse,-1450
6,9,DP,source,Nemesis.OnSlain,1379
6,9,Material,source,Nemesis.OnSlain,12
6,9,DP,stock,end,1020
6,9,Material,stock,end,255
6,9,Fame,stock,end,514
6,10,DP,source,SurfaceMap.CollectYields,79
6,10,Material,source,SurfaceMap.CollectYields,3
6,10,Fame,source,SurfaceMap.CollectYields,17
6,10,DP,source,EraSystem.TickTurn,720
6,10,DP,sink,MinionRoster.TrySummon,-1804
6,10,DP,source,AdventurerAI.ReapEmotion,457
6,10,DP,source,AdventurerAI.TakeDamage,1227
6,10,Material,source,AdventurerAI.TakeDamage,49
6,10,DP,sink,CommandSystem.TryUse,-1800
6,10,Fame,source,AdventurerAI.GrantReturnReward,10
6,10,Fame,source,LureEconomy.OnHeroEscaped,25
6,10,DP,source,Nemesis.OnSlain,599
6,10,Material,source,Nemesis.OnSlain,5
6,10,DP,stock,end,498
6,10,Material,stock,end,312
6,10,Fame,stock,end,566
6,11,DP,source,SurfaceMap.CollectYields,79
6,11,Material,source,SurfaceMap.CollectYields,3
6,11,Fame,source,SurfaceMap.CollectYields,17
6,11,DP,source,WaveRoster.ResolveTrial,900
6,11,DP,sink,MinionRoster.TrySummon,-1472
6,11,DP,source,AdventurerAI.ReapEmotion,332
6,11,DP,source,AdventurerAI.TakeDamage,886
6,11,Material,source,AdventurerAI.TakeDamage,33
6,11,DP,sink,CommandSystem.TryUse,-1300
6,11,DP,source,AdventurerAI.GrantReturnReward,290
6,11,Fame,source,AdventurerAI.GrantReturnReward,10
6,11,Fame,source,LureEconomy.OnHeroEscaped,25
6,11,DP,stock,end,213
6,11,Material,stock,end,348
6,11,Fame,stock,end,618
6,12,DP,source,SurfaceMap.CollectYields,79
6,12,Material,source,SurfaceMap.CollectYields,3
6,12,Fame,source,SurfaceMap.CollectYields,17
6,12,DP,source,DistrictCatalog.Collect,98
6,12,DP,sink,MinionRoster.TrySummon,-367
6,12,DP,source,AdventurerAI.ReapEmotion,155
6,12,DP,source,AdventurerAI.TakeDamage,1065
6,12,Material,source,AdventurerAI.TakeDamage,36
6,12,DP,sink,CommandSystem.TryUse,-1450
6,12,DP,source,Nemesis.OnSlain,877
6,12,Material,source,Nemesis.OnSlain,7
6,12,DP,stock,end,670
6,12,Material,stock,end,394
6,12,Fame,stock,end,635
6,13,DP,source,SurfaceMap.CollectYields,60
6,13,Material,source,SurfaceMap.CollectYields,3
6,13,Fame,source,SurfaceMap.CollectYields,14
6,13,DP,source,DistrictCatalog.Collect,112
6,13,DP,source,EraSystem.TickTurn,300
6,13,DP,sink,MinionRoster.TrySummon,-1120
6,13,DP,source,AdventurerAI.ReapEmotion,140
6,13,DP,source,AdventurerAI.GrantReturnReward,544
6,13,Fame,source,AdventurerAI.GrantReturnReward,120
6,13,Fame,source,LureEconomy.OnHeroEscaped,300
6,13,DP,sink,CommandSystem.TryUse,-1150
6,13,DP,source,AdventurerAI.TakeDamage,509
6,13,Material,source,AdventurerAI.TakeDamage,12
6,13,DP,stock,end,65
6,13,Material,stock,end,409
6,13,Fame,stock,end,1069
6,14,DP,source,SurfaceMap.CollectYields,80
6,14,Material,source,SurfaceMap.CollectYields,4
6,14,Fame,source,SurfaceMap.CollectYields,18
6,14,DP,source,DistrictCatalog.Collect,112
6,14,DP,sink,MinionRoster.TrySummon,-236
6,14,DP,source,AdventurerAI.ReapEmotion,158
6,14,DP,source,AdventurerAI.TakeDamage,825
6,14,Material,source,AdventurerAI.TakeDamage,26
6,14,DP,sink,CommandSystem.TryUse,-650
6,14,DP,stock,end,354
6,14,Material,stock,end,439
6,14,Fame,stock,end,1087
6,15,DP,source,SurfaceMap.CollectYields,82
6,15,Material,source,SurfaceMap.CollectYields,4
6,15,Fame,source,SurfaceMap.CollectYields,18
6,15,DP,source,DistrictCatalog.Collect,112
6,15,DP,sink,MinionRoster.TrySummon,-518
6,15,DP,source,AdventurerAI.ReapEmotion,153
6,15,DP,source,AdventurerAI.TakeDamage,1444
6,15,Material,source,AdventurerAI.TakeDamage,38
6,15,DP,sink,CommandSystem.TryUse,-1900
6,15,DP,source,Nemesis.OnSlain,959
6,15,Material,source,Nemesis.OnSlain,7
6,15,Fame,source,AdventurerAI.GrantReturnReward,10
6,15,Fame,source,LureEconomy.OnHeroEscaped,25
6,15,DP,stock,end,686
6,15,Material,stock,end,488
6,15,Fame,stock,end,1140
6,16,DP,source,SurfaceMap.CollectYields,82
6,16,Material,source,SurfaceMap.CollectYields,4
6,16,Fame,source,SurfaceMap.CollectYields,18
6,16,DP,source,DistrictCatalog.Collect,112
6,16,DP,source,WaveRoster.ResolveTrial,900
6,16,DP,sink,MinionRoster.TrySummon,-1775
6,16,DP,source,AdventurerAI.ReapEmotion,574
6,16,DP,sink,CommandSystem.TryUse,-2250
6,16,DP,source,AdventurerAI.TakeDamage,1988
6,16,Material,source,AdventurerAI.TakeDamage,41
6,16,Fame,source,AdventurerAI.GrantReturnReward,70
6,16,Fame,source,LureEconomy.OnHeroEscaped,175
6,16,DP,source,AdventurerAI.GrantReturnReward,872
6,16,DP,source,Nemesis.OnSlain,1458
6,16,Material,source,Nemesis.OnSlain,10
6,16,DP,stock,end,2647
6,16,Material,stock,end,543
6,16,Fame,stock,end,1403
6,17,DP,source,SurfaceMap.CollectYields,82
6,17,Material,source,SurfaceMap.CollectYields,4
6,17,Fame,source,SurfaceMap.CollectYields,18
6,17,DP,source,DistrictCatalog.Collect,126
6,17,DP,source,EraSystem.TickTurn,1020
6,17,DP,sink,MinionRoster.TrySummon,-3873
6,17,DP,source,AdventurerAI.ReapEmotion,547
6,17,DP,sink,CommandSystem.TryUse,-1800
6,17,DP,source,AdventurerAI.TakeDamage,2874
6,17,Material,source,AdventurerAI.TakeDamage,63
6,17,Fame,source,AdventurerAI.GrantReturnReward,30
6,17,Fame,source,LureEconomy.OnHeroEscaped,75
6,17,DP,source,AdventurerAI.GrantReturnReward,333
6,17,DP,source,Nemesis.OnSlain,2510
6,17,Material,source,Nemesis.OnSlain,17
6,17,DP,stock,end,4466
6,17,Material,stock,end,627
6,17,Fame,stock,end,1526
6,18,DP,source,SurfaceMap.CollectYields,103
6,18,Material,source,SurfaceMap.CollectYields,5
6,18,Fame,source,SurfaceMap.CollectYields,23
6,18,DP,source,DistrictCatalog.Collect,126
6,18,DP,sink,MinionRoster.TrySummon,-4693
6,18,DP,source,AdventurerAI.ReapEmotion,402
6,18,DP,sink,CommandSystem.TryUse,-1800
6,18,DP,source,AdventurerAI.TakeDamage,2212
6,18,Material,source,AdventurerAI.TakeDamage,51
6,18,Fame,source,AdventurerAI.GrantReturnReward,20
6,18,Fame,source,LureEconomy.OnHeroEscaped,50
6,18,DP,source,AdventurerAI.GrantReturnReward,275
6,18,DP,source,Nemesis.OnSlain,1801
6,18,Material,source,Nemesis.OnSlain,12
6,18,DP,stock,end,2892
6,18,Material,stock,end,695
6,18,Fame,stock,end,1619
6,19,DP,source,SurfaceMap.CollectYields,103
6,19,Material,source,SurfaceMap.CollectYields,5
6,19,Fame,source,SurfaceMap.CollectYields,23
6,19,DP,source,DistrictCatalog.Collect,140
6,19,DP,source,EraSystem.TickTurn,300
6,19,DP,sink,MinionRoster.TrySummon,-3397
6,19,DP,source,AdventurerAI.ReapEmotion,158
6,19,DP,source,AdventurerAI.GrantReturnReward,329
6,19,Fame,source,AdventurerAI.GrantReturnReward,40
6,19,Fame,source,LureEconomy.OnHeroEscaped,100
6,19,DP,sink,CommandSystem.TryUse,-1800
6,19,DP,source,AdventurerAI.TakeDamage,2118
6,19,Material,source,AdventurerAI.TakeDamage,46
6,19,DP,source,Nemesis.OnSlain,2334
6,19,Material,source,Nemesis.OnSlain,15
6,19,DP,stock,end,3177
6,19,Material,stock,end,761
6,19,Fame,stock,end,1782
6,20,DP,source,SurfaceMap.CollectYields,136
6,20,Material,source,SurfaceMap.CollectYields,5
6,20,Fame,source,SurfaceMap.CollectYields,28
6,20,DP,source,DistrictCatalog.Collect,140
6,20,DP,sink,MinionRoster.TrySummon,-3431
6,20,DP,source,AdventurerAI.ReapEmotion,514
6,20,DP,sink,CommandSystem.TryUse,-2250
6,20,DP,source,AdventurerAI.TakeDamage,1644
6,20,Material,source,AdventurerAI.TakeDamage,35
6,20,DP,source,AdventurerAI.GrantReturnReward,1588
6,20,Fame,source,AdventurerAI.GrantReturnReward,80
6,20,Fame,source,LureEconomy.OnHeroEscaped,200
6,20,DP,source,Nemesis.OnSlain,1588
6,20,Material,source,Nemesis.OnSlain,10
6,20,DP,stock,end,3106
6,20,Material,stock,end,811
6,20,Fame,stock,end,2090
6,21,DP,source,SurfaceMap.CollectYields,136
6,21,Material,source,SurfaceMap.CollectYields,5
6,21,Fame,source,SurfaceMap.CollectYields,28
6,21,DP,source,DistrictCatalog.Collect,154
6,21,DP,source,WaveRoster.ResolveTrial,900
6,21,DP,sink,MinionRoster.TrySummon,-4294
6,21,DP,source,AdventurerAI.ReapEmotion,381
6,21,DP,source,AdventurerAI.TakeDamage,2493
6,21,Material,source,AdventurerAI.TakeDamage,51
6,21,DP,sink,CommandSystem.TryUse,-1800
6,21,Fame,source,AdventurerAI.GrantReturnReward,50
6,21,Fame,source,LureEconomy.OnHeroEscaped,125
6,21,DP,source,AdventurerAI.GrantReturnReward,69
6,21,DP,source,Nemesis.OnSlain,1652
6,21,Material,source,Nemesis.OnSlain,10
6,21,DP,stock,end,2797
6,21,Material,stock,end,877
6,21,Fame,stock,end,2293
6,22,DP,source,SurfaceMap.CollectYields,162
6,22,Material,source,SurfaceMap.CollectYields,6
6,22,Fame,source,SurfaceMap.CollectYields,33
6,22,DP,source,DistrictCatalog.Collect,154
6,22,DP,sink,MinionRoster.TrySummon,-3077
6,22,DP,source,AdventurerAI.ReapEmotion,195
6,22,DP,source,AdventurerAI.TakeDamage,2588
6,22,Material,source,AdventurerAI.TakeDamage,45
6,22,DP,sink,CommandSystem.TryUse,-1800
6,22,DP,source,AdventurerAI.GrantReturnReward,328
6,22,Fame,source,AdventurerAI.GrantReturnReward,60
6,22,Fame,source,LureEconomy.OnHeroEscaped,150
6,22,DP,source,Nemesis.OnSlain,1684
6,22,Material,source,Nemesis.OnSlain,10
6,22,DP,stock,end,3031
6,22,Material,stock,end,938
6,22,Fame,stock,end,2536
6,23,DP,source,SurfaceMap.CollectYields,162
6,23,Material,source,SurfaceMap.CollectYields,6
6,23,Fame,source,SurfaceMap.CollectYields,33
6,23,DP,source,DistrictCatalog.Collect,140
6,23,DP,sink,MinionRoster.TrySummon,-3296
6,23,DP,source,AdventurerAI.ReapEmotion,419
6,23,DP,sink,CommandSystem.TryUse,-2250
6,23,DP,source,AdventurerAI.TakeDamage,1675
6,23,Material,source,AdventurerAI.TakeDamage,26
6,23,DP,source,AdventurerAI.GrantReturnReward,1377
6,23,Fame,source,AdventurerAI.GrantReturnReward,130
6,23,Fame,source,LureEconomy.OnHeroEscaped,325
6,23,DP,stock,end,1258
6,23,Material,stock,end,970
6,23,Fame,stock,end,3024
6,24,DP,source,SurfaceMap.CollectYields,123
6,24,Material,source,SurfaceMap.CollectYields,6
6,24,Fame,source,SurfaceMap.CollectYields,27
6,24,DP,source,DistrictCatalog.Collect,140
6,24,DP,sink,MinionRoster.TrySummon,-1512
6,24,DP,source,AdventurerAI.ReapEmotion,173
6,24,DP,source,AdventurerAI.TakeDamage,5071
6,24,Material,source,AdventurerAI.TakeDamage,61
6,24,DP,sink,CommandSystem.TryUse,-2250
6,24,DP,source,AdventurerAI.GrantReturnReward,1045
6,24,Fame,source,AdventurerAI.GrantReturnReward,90
6,24,Fame,source,LureEconomy.OnHeroEscaped,225
6,24,DP,source,Nemesis.OnSlain,3026
6,24,Material,source,Nemesis.OnSlain,17
6,24,DP,stock,end,7074
6,24,Material,stock,end,1054
6,24,Fame,stock,end,3366
6,25,DP,source,SurfaceMap.CollectYields,82
6,25,Material,source,SurfaceMap.CollectYields,4
6,25,Fame,source,SurfaceMap.CollectYields,18
6,25,DP,source,DistrictCatalog.Collect,28
6,25,DP,source,EraSystem.TickTurn,3840
6,25,DP,sink,MinionRoster.TrySummon,-11017
6,25,DP,source,AdventurerAI.ReapEmotion,177
6,25,DP,source,AdventurerAI.TakeDamage,6506
6,25,Material,source,AdventurerAI.TakeDamage,82
6,25,DP,sink,CommandSystem.TryUse,-1900
6,25,Fame,source,AdventurerAI.GrantReturnReward,90
6,25,Fame,source,LureEconomy.OnHeroEscaped,225
6,25,DP,source,AdventurerAI.GrantReturnReward,750
6,25,DP,source,Nemesis.OnSlain,2408
6,25,Material,source,Nemesis.OnSlain,14
6,25,DP,stock,end,7948
6,25,Material,stock,end,1154
6,25,Fame,stock,end,3699
6,26,DP,source,SurfaceMap.CollectYields,82
6,26,Material,source,SurfaceMap.CollectYields,4
6,26,Fame,source,SurfaceMap.CollectYields,18
6,26,DP,source,DistrictCatalog.Collect,28
6,26,DP,source,EraSystem.TickTurn,6528
6,26,DP,source,WaveRoster.ResolveTrial,1800
6,26,DP,sink,MinionRoster.TrySummon,-16379
6,26,DP,source,AdventurerAI.ReapEmotion,291
6,26,Fame,source,AdventurerAI.GrantReturnReward,350
6,26,Fame,source,LureEconomy.OnHeroEscaped,875
6,26,DP,source,AdventurerAI.TakeDamage,7414
6,26,Material,source,AdventurerAI.TakeDamage,62
6,26,DP,sink,CommandSystem.TryUse,-2750
6,26,DP,source,AdventurerAI.GrantReturnReward,4020
6,26,DP,source,Nemesis.OnSlain,2769
6,26,Material,source,Nemesis.OnSlain,15
6,26,DP,stock,end,11751
6,26,Material,stock,end,1235
6,26,Fame,stock,end,4942
6,27,DP,source,SurfaceMap.CollectYields,105
6,27,Material,source,SurfaceMap.CollectYields,5
6,27,Fame,source,SurfaceMap.CollectYields,23
6,27,DP,source,DistrictCatalog.Collect,28
6,27,DP,source,EraSystem.TickTurn,6528
6,27,DP,sink,MinionRoster.TrySummon,-18389
6,27,DP,source,AdventurerAI.ReapEmotion,176
6,27,DP,source,AdventurerAI.TakeDamage,15636
6,27,Material,source,AdventurerAI.TakeDamage,111
6,27,DP,sink,CommandSystem.TryUse,-2700
6,27,Fame,source,AdventurerAI.GrantReturnReward,70
6,27,Fame,source,LureEconomy.OnHeroEscaped,175
6,27,DP,source,AdventurerAI.GrantReturnReward,393
6,27,DP,stock,end,13528
6,27,Material,stock,end,1351
6,27,Fame,stock,end,5210
7,1,DP,sink,DungeonFeatureManager.TryPlaceTrap,-150
7,1,DP,source,AdventurerAI.ReapEmotion,146
7,1,DP,source,AdventurerAI.TakeDamage,108
7,1,Material,source,AdventurerAI.TakeDamage,4
7,1,DP,source,AdventurerAI.GrantReturnReward,599
7,1,Fame,source,AdventurerAI.GrantReturnReward,30
7,1,Fame,source,LureEconomy.OnHeroEscaped,75
7,1,DP,sink,CommandSystem.TryUse,-650
7,1,DP,stock,end,253
7,1,Material,stock,end,4
7,1,Fame,stock,end,105
7,2,DP,source,SurfaceMap.CollectYields,18
7,2,Material,source,SurfaceMap.CollectYields,1
7,2,Fame,source,SurfaceMap.CollectYields,4
7,2,DP,source,EraSystem.TickTurn,600
7,2,Fame,source,EraSystem.TickTurn,25
7,2,DP,sink,DungeonFeatureManager.TryPlaceTrap,-750
7,2,DP,source,AdventurerAI.ReapEmotion,229
7,2,DP,sink,CommandSystem.TryUse,-650
7,2,DP,source,AdventurerAI.TakeDamage,147
7,2,Material,source,AdventurerAI.TakeDamage,4
7,2,DP,source,AdventurerAI.GrantReturnReward,792
7,2,Fame,source,AdventurerAI.GrantReturnReward,30
7,2,Fame,source,LureEconomy.OnHeroEscaped,75
7,2,DP,stock,end,639
7,2,Material,stock,end,9
7,2,Fame,stock,end,239
7,3,DP,source,SurfaceMap.CollectYields,18
7,3,Material,source,SurfaceMap.CollectYields,1
7,3,Fame,source,SurfaceMap.CollectYields,4
7,3,DP,source,EraSystem.TickTurn,600
7,3,Fame,source,EraSystem.TickTurn,25
7,3,DP,sink,MinionRoster.TrySummon,-813
7,3,DP,sink,DungeonFeatureManager.TryPlaceFeature,-250
7,3,DP,sink,DungeonFeatureManager.TryPlaceHabitat,-180
7,3,DP,source,AdventurerAI.ReapEmotion,240
7,3,DP,source,AdventurerAI.TakeDamage,280
7,3,Material,source,AdventurerAI.TakeDamage,15
7,3,DP,sink,CommandSystem.TryUse,-300
7,3,Fame,source,AdventurerAI.GrantReturnReward,20
7,3,Fame,source,LureEconomy.OnHeroEscaped,50
7,3,DP,source,AdventurerAI.GrantReturnReward,208
7,3,DP,source,Nemesis.OnSlain,470
7,3,Material,source,Nemesis.OnSlain,5
7,3,DP,stock,end,912
7,3,Material,stock,end,30
7,3,Fame,stock,end,338
7,4,DP,source,SurfaceMap.CollectYields,18
7,4,Material,source,SurfaceMap.CollectYields,1
7,4,Fame,source,SurfaceMap.CollectYields,4
7,4,DP,source,EraSystem.TickTurn,300
7,4,DP,sink,MinionRoster.TrySummon,-1211
7,4,DP,source,AdventurerAI.ReapEmotion,82
7,4,DP,source,AdventurerAI.TakeDamage,539
7,4,Material,source,AdventurerAI.TakeDamage,23
7,4,DP,sink,CommandSystem.TryUse,-950
7,4,DP,source,Nemesis.OnSlain,486
7,4,Material,source,Nemesis.OnSlain,5
7,4,DP,stock,end,176
7,4,Material,stock,end,59
7,4,Fame,stock,end,342
7,5,DP,source,SurfaceMap.CollectYields,18
7,5,Material,source,SurfaceMap.CollectYields,1
7,5,Fame,source,SurfaceMap.CollectYields,4
7,5,DP,source,EraSystem.TickTurn,600
7,5,DP,sink,DungeonFeatureManager.TryPlaceFeature,-250
7,5,DP,sink,DungeonFeatureManager.TryPlaceHabitat,-360
7,5,DP,sink,MinionRoster.TrySummon,-180
7,5,DP,source,AdventurerAI.ReapEmotion,252
7,5,Fame,source,AdventurerAI.GrantReturnReward,20
7,5,Fame,source,LureEconomy.OnHeroEscaped,50
7,5,DP,source,AdventurerAI.TakeDamage,767
7,5,Material,source,AdventurerAI.TakeDamage,42
7,5,DP,sink,CommandSystem.TryUse,-1300
7,5,DP,source,AdventurerAI.GrantReturnReward,106
7,5,DP,source,Nemesis.OnSlain,1004
7,5,Material,source,Nemesis.OnSlain,10
7,5,DP,stock,end,833
7,5,Material,stock,end,112
7,5,Fame,stock,end,416
7,6,DP,source,SurfaceMap.CollectYields,39
7,6,Material,source,SurfaceMap.CollectYields,2
7,6,Fame,source,SurfaceMap.CollectYields,9
7,6,DP,source,EraSystem.TickTurn,600
7,6,Material,source,EraSystem.TickTurn,10
7,6,DP,sink,MinionRoster.TrySummon,-1460
7,6,DP,source,AdventurerAI.ReapEmotion,257
7,6,DP,source,AdventurerAI.TakeDamage,749
7,6,Material,source,AdventurerAI.TakeDamage,36
7,6,DP,sink,CommandSystem.TryUse,-1450
7,6,DP,source,Nemesis.OnSlain,1070
7,6,Material,source,Nemesis.OnSlain,10
7,6,DP,stock,end,638
7,6,Material,stock,end,170
7,6,Fame,stock,end,425
7,7,DP,source,SurfaceMap.CollectYields,39
7,7,Material,source,SurfaceMap.CollectYields,2
7,7,Fame,source,SurfaceMap.CollectYields,9
7,7,DP,source,EraSystem.TickTurn,1020
7,7,DP,sink,MinionRoster.TrySummon,-1694
7,7,DP,source,AdventurerAI.ReapEmotion,127
7,7,Fame,source,AdventurerAI.GrantReturnReward,10
7,7,Fame,source,LureEconomy.OnHeroEscaped,25
7,7,DP,source,AdventurerAI.TakeDamage,626
7,7,Material,source,AdventurerAI.TakeDamage,27
7,7,DP,sink,CommandSystem.TryUse,-300
7,7,DP,source,Nemesis.OnSlain,1102
7,7,Material,source,Nemesis.OnSlain,10
7,7,DP,stock,end,1558
7,7,Material,stock,end,209
7,7,Fame,stock,end,469
7,8,DP,source,SurfaceMap.CollectYields,39
7,8,Material,source,SurfaceMap.CollectYields,2
7,8,Fame,source,SurfaceMap.CollectYields,9
7,8,DP,source,EraSystem.TickTurn,300
7,8,DP,sink,MinionRoster.TrySummon,-1885
7,8,DP,source,AdventurerAI.TakeDamage,824
7,8,Material,source,AdventurerAI.TakeDamage,28
7,8,DP,source,AdventurerAI.ReapEmotion,219
7,8,DP,sink,CommandSystem.TryUse,-1450
7,8,DP,source,Nemesis.OnSlain,567
7,8,Material,source,Nemesis.OnSlain,5
7,8,DP,stock,end,172
7,8,Material,stock,end,244
7,8,Fame,stock,end,478
7,9,DP,source,SurfaceMap.CollectYields,45
7,9,Material,source,SurfaceMap.CollectYields,2
7,9,Fame,source,SurfaceMap.CollectYields,11
7,9,DP,source,EraSystem.TickTurn,300
7,9,Fame,source,EraSystem.TickTurn,25
7,9,DP,sink,MinionRoster.TrySummon,-493
7,9,Fame,source,AdventurerAI.GrantReturnReward,70
7,9,Fame,source,LureEconomy.OnHeroEscaped,175
7,9,DP,source,AdventurerAI.ReapEmotion,206
7,9,DP,source,AdventurerAI.TakeDamage,192
7,9,Material,source,AdventurerAI.TakeDamage,6
7,9,DP,sink,CommandSystem.TryUse,-650
7,9,DP,source,AdventurerAI.GrantReturnReward,434
7,9,DP,stock,end,206
7,9,Material,stock,end,252
7,9,Fame,stock,end,759
7,10,DP,source,SurfaceMap.CollectYields,79
7,10,Material,source,SurfaceMap.CollectYields,3
7,10,Fame,source,SurfaceMap.CollectYields,17
7,10,DP,sink,MinionRoster.TrySummon,-257
7,10,DP,source,AdventurerAI.TakeDamage,997
7,10,Material,source,AdventurerAI.TakeDamage,27
7,10,DP,sink,CommandSystem.TryUse,-950
7,10,DP,source,AdventurerAI.ReapEmotion,117
7,10,DP,stock,end,192
7,10,Material,stock,end,282
7,10,Fame,stock,end,776
7,11,DP,source,SurfaceMap.CollectYields,79
7,11,Material,source,SurfaceMap.CollectYields,3
7,11,Fame,source,SurfaceMap.CollectYields,17
7,11,DP,source,EraSystem.TickTurn,720
7,11,DP,source,WaveRoster.ResolveTrial,900
7,11,DP,sink,MinionRoster.TrySummon,-1888
7,11,DP,source,AdventurerAI.ReapEmotion,156
7,11,DP,source,AdventurerAI.TakeDamage,1140
7,11,Material,source,AdventurerAI.TakeDamage,46
7,11,DP,sink,CommandSystem.TryUse,-1450
7,11,DP,source,Nemesis.OnSlain,1264
7,11,Material,source,Nemesis.OnSlain,10
7,11,DP,stock,end,1113
7,11,Material,stock,end,341
7,11,Fame,stock,end,793
7,12,DP,source,SurfaceMap.CollectYields,79
7,12,Material,source,SurfaceMap.CollectYields,3
7,12,Fame,source,SurfaceMap.CollectYields,17
7,12,DP,source,DistrictCatalog.Collect,84
7,12,DP,sink,MinionRoster.TrySummon,-1265
7,12,DP,source,AdventurerAI.ReapEmotion,156
7,12,DP,source,AdventurerAI.TakeDamage,1458
7,12,Material,source,AdventurerAI.TakeDamage,44
7,12,Fame,source,AdventurerAI.GrantReturnReward,50
7,12,Fame,source,LureEconomy.OnHeroEscaped,125
7,12,DP,sink,CommandSystem.TryUse,-1450
7,12,DP,source,AdventurerAI.GrantReturnReward,350
7,12,DP,source,Nemesis.OnSlain,1944
7,12,Material,source,Nemesis.OnSlain,15
7,12,DP,stock,end,2469
7,12,Material,stock,end,403
7,12,Fame,stock,end,985
7,13,DP,source,SurfaceMap.CollectYields,60
7,13,Material,source,SurfaceMap.CollectYields,3
7,13,Fame,source,SurfaceMap.CollectYields,14
7,13,DP,source,DistrictCatalog.Collect,98
7,13,DP,source,EraSystem.TickTurn,300
7,13,DP,sink,MinionRoster.TrySummon,-2904
7,13,DP,source,AdventurerAI.ReapEmotion,227
7,13,Fame,source,AdventurerAI.GrantReturnReward,30
7,13,Fame,source,LureEconomy.OnHeroEscaped,75
7,13,DP,source,AdventurerAI.TakeDamage,841
7,13,Material,source,AdventurerAI.TakeDamage,23
7,13,DP,sink,CommandSystem.TryUse,-1800
7,13,DP,source,AdventurerAI.GrantReturnReward,776
7,13,DP,source,Nemesis.OnSlain,680
7,13,Material,source,Nemesis.OnSlain,5
7,13,DP,stock,end,747
7,13,Material,stock,end,434
7,13,Fame,stock,end,1104
7,14,DP,source,SurfaceMap.CollectYields,60
7,14,Material,source,SurfaceMap.CollectYields,3
7,14,Fame,source,SurfaceMap.CollectYields,14
7,14,DP,source,DistrictCatalog.Collect,98
7,14,DP,sink,MinionRoster.TrySummon,-892
7,14,DP,source,AdventurerAI.ReapEmotion,160
7,14,DP,source,AdventurerAI.TakeDamage,2098
7,14,Material,source,AdventurerAI.TakeDamage,54
7,14,DP,sink,CommandSystem.TryUse,-1800
7,14,DP,source,AdventurerAI.GrantReturnReward,464
7,14,Fame,source,AdventurerAI.GrantReturnReward,20
7,14,Fame,source,LureEconomy.OnHeroEscaped,50
7,14,DP,source,Nemesis.OnSlain,2091
7,14,Material,source,Nemesis.OnSlain,15
7,14,DP,stock,end,3026
7,14,Material,stock,end,506
7,14,Fame,stock,end,1188
7,15,DP,source,SurfaceMap.CollectYields,60
7,15,Material,source,SurfaceMap.CollectYields,3
7,15,Fame,source,SurfaceMap.CollectYields,14
7,15,DP,source,DistrictCatalog.Collect,98
7,15,DP,sink,MinionRoster.TrySummon,-3184
7,15,DP,source,AdventurerAI.ReapEmotion,219
7,15,DP,source,AdventurerAI.TakeDamage,1359
7,15,Material,source,AdventurerAI.TakeDamage,43
7,15,DP,sink,CommandSystem.TryUse,-1450
7,15,DP,source,AdventurerAI.GrantReturnReward,406
7,15,Fame,source,AdventurerAI.GrantReturnReward,30
7,15,Fame,source,LureEconomy.OnHeroEscaped,75
7,15,DP,source,Nemesis.OnSlain,1426
7,15,Material,source,Nemesis.OnSlain,10
7,15,DP,stock,end,1960
7,15,Material,stock,end,562
7,15,Fame,stock,end,1307
7,16,DP,source,SurfaceMap.CollectYields,60
7,16,Material,source,SurfaceMap.CollectYields,3
7,16,Fame,source,SurfaceMap.CollectYields,14
7,16,DP,source,DistrictCatalog.Collect,98
7,16,DP,source,WaveRoster.ResolveTrial,900
7,16,DP,sink,MinionRoster.TrySummon,-3014
7,16,DP,source,AdventurerAI.ReapEmotion,236
7,16,DP,source,AdventurerAI.TakeDamage,1283
7,16,Material,source,AdventurerAI.TakeDamage,42
7,16,DP,sink,CommandSystem.TryUse,-2300
7,16,DP,source,AdventurerAI.GrantReturnReward,634
7,16,Fame,source,AdventurerAI.GrantReturnReward,20
7,16,Fame,source,LureEconomy.OnHeroEscaped,50
7,16,DP,source,Nemesis.OnSlain,1458
7,16,Material,source,Nemesis.OnSlain,10
7,16,DP,stock,end,1315
7,16,Material,stock,end,617
7,16,Fame,stock,end,1391
7,17,DP,source,SurfaceMap.CollectYields,81
7,17,Material,source,SurfaceMap.CollectYields,4
7,17,Fame,source,SurfaceMap.CollectYields,19
7,17,DP,source,DistrictCatalog.Collect,98
7,17,DP,source,EraSystem.TickTurn,720
7,17,DP,sink,MinionRoster.TrySummon,-2180
7,17,DP,source,AdventurerAI.ReapEmotion,158
7,17,DP,source,AdventurerAI.TakeDamage,3022
7,17,Material,source,AdventurerAI.TakeDamage,86
7,17,DP,sink,CommandSystem.TryUse,-1450
7,17,Fame,source,AdventurerAI.GrantReturnReward,10
7,17,Fame,source,LureEconomy.OnHeroEscaped,25
7,17,DP,source,Nemesis.OnSlain,2235
7,17,Material,source,Nemesis.OnSlain,15
7,17,DP,stock,end,3999
7,17,Material,stock,end,722
7,17,Fame,stock,end,1445
7,18,DP,source,SurfaceMap.CollectYields,102
7,18,Material,source,SurfaceMap.CollectYields,5
7,18,Fame,source,SurfaceMap.CollectYields,24
7,18,DP,source,DistrictCatalog.Collect,98
7,18,DP,source,EraSystem.TickTurn,300
7,18,DP,sink,MinionRoster.TrySummon,-4496
7,18,DP,source,AdventurerAI.ReapEmotion,282
7,18,DP,source,AdventurerAI.TakeDamage,1492
7,18,Material,source,AdventurerAI.TakeDamage,44
7,18,DP,sink,CommandSystem.TryUse,-1450
7,18,Fame,source,AdventurerAI.GrantReturnReward,20
7,18,Fame,source,LureEconomy.OnHeroEscaped,50
7,18,DP,source,AdventurerAI.GrantReturnReward,76
7,18,DP,source,Nemesis.OnSlain,1522
7,18,Material,source,Nemesis.OnSlain,10
7,18,DP,stock,end,1925
7,18,Material,stock,end,781
7,18,Fame,stock,end,1539
7,19,DP,source,SurfaceMap.CollectYields,102
7,19,Material,source,SurfaceMap.CollectYields,5
7,19,Fame,source,SurfaceMap.CollectYields,24
7,19,DP,source,DistrictCatalog.Collect,126
7,19,DP,source,EraSystem.TickTurn,300
7,19,DP,sink,MinionRoster.TrySummon,-2434
7,19,DP,source,AdventurerAI.ReapEmotion,274
7,19,DP,source,AdventurerAI.TakeDamage,1581
7,19,Material,source,AdventurerAI.TakeDamage,44
7,19,DP,sink,CommandSystem.TryUse,-1800
7,19,Fame,source,AdventurerAI.GrantReturnReward,30
7,19,Fame,source,LureEconomy.OnHeroEscaped,75
7,19,DP,source,AdventurerAI.GrantReturnReward,230
7,19,DP,source,Nemesis.OnSlain,1556
7,19,Material,source,Nemesis.OnSlain,10
7,19,DP,stock,end,1860
7,19,Material,stock,end,840
7,19,Fame,stock,end,1668
7,20,DP,source,SurfaceMap.CollectYields,135
7,20,Material,source,SurfaceMap.CollectYields,5
7,20,Fame,source,SurfaceMap.CollectYields,29
7,20,DP,source,DistrictCatalog.Collect,126
7,20,DP,sink,MinionRoster.TrySummon,-2109
7,20,DP,source,AdventurerAI.ReapEmotion,173
7,20,DP,source,AdventurerAI.TakeDamage,1895
7,20,Material,source,AdventurerAI.TakeDamage,61
7,20,DP,sink,CommandSystem.TryUse,-1450
7,20,DP,source,AdventurerAI.GrantReturnReward,224
7,20,Fame,source,AdventurerAI.GrantReturnReward,10
7,20,Fame,source,LureEconomy.OnHeroEscaped,25
7,20,DP,source,Nemesis.OnSlain,2414
7,20,Material,source,Nemesis.OnSlain,15
7,20,DP,stock,end,3268
7,20,Material,stock,end,921
7,20,Fame,stock,end,1732
7,21,DP,source,SurfaceMap.CollectYields,135
7,21,Material,source,SurfaceMap.CollectYields,5
7,21,Fame,source,SurfaceMap.CollectYields,29
7,21,DP,source,DistrictCatalog.Collect,126
7,21,DP,source,WaveRoster.ResolveTrial,900
7,21,DP,sink,MinionRoster.TrySummon,-4418
7,21,DP,source,AdventurerAI.ReapEmotion,181
7,21,DP,source,AdventurerAI.TakeDamage,1280
7,21,Material,source,AdventurerAI.TakeDamage,38
7,21,DP,sink,CommandSystem.TryUse,-1450
7,21,DP,source,AdventurerAI.GrantReturnReward,827
7,21,Fame,source,AdventurerAI.GrantReturnReward,70
7,21,Fame,source,LureEconomy.OnHeroEscaped,175
7,21,DP,source,Nemesis.OnSlain,1620
7,21,Material,source,Nemesis.OnSlain,10
7,21,DP,stock,end,2469
7,21,Material,stock,end,974
7,21,Fame,stock,end,2006
7,22,DP,source,SurfaceMap.CollectYields,162
7,22,Material,source,SurfaceMap.CollectYields,6
7,22,Fame,source,SurfaceMap.CollectYields,35
7,22,DP,source,DistrictCatalog.Collect,126
7,22,DP,sink,MinionRoster.TrySummon,-2729
7,22,DP,source,AdventurerAI.ReapEmotion,182
7,22,Fame,source,AdventurerAI.GrantReturnReward,60
7,22,Fame,source,LureEconomy.OnHeroEscaped,150
7,22,DP,source,AdventurerAI.TakeDamage,1817
7,22,Material,source,AdventurerAI.TakeDamage,42
7,22,DP,sink,CommandSystem.TryUse,-1450
7,22,DP,source,Nemesis.OnSlain,1684
7,22,Material,source,Nemesis.OnSlain,10
7,22,DP,stock,end,2261
7,22,Material,stock,end,1032
7,22,Fame,stock,end,2251
7,23,DP,source,SurfaceMap.CollectYields,162
7,23,Material,source,SurfaceMap.CollectYields,6
7,23,Fame,source,SurfaceMap.CollectYields,35
7,23,DP,source,DistrictCatalog.Collect,112
7,23,DP,sink,MinionRoster.TrySummon,-2507
7,23,DP,source,AdventurerAI.ReapEmotion,187
7,23,DP,source,AdventurerAI.TakeDamage,2039
7,23,Material,source,AdventurerAI.TakeDamage,41
7,23,DP,sink,CommandSystem.TryUse,-2250
7,23,DP,source,AdventurerAI.GrantReturnReward,706
7,23,Fame,source,AdventurerAI.GrantReturnReward,80
7,23,Fame,source,LureEconomy.OnHeroEscaped,200
7,23,DP,source,Nemesis.OnSlain,2001
7,23,Material,source,Nemesis.OnSlain,14
7,23,DP,stock,end,2711
7,23,Material,stock,end,1093
7,23,Fame,stock,end,2566
7,24,DP,source,SurfaceMap.CollectYields,125
7,24,Material,source,SurfaceMap.CollectYields,7
7,24,Fame,source,SurfaceMap.CollectYields,29
7,24,DP,source,DistrictCatalog.Collect,112
7,24,DP,sink,MinionRoster.TrySummon,-2933
7,24,DP,source,AdventurerAI.ReapEmotion,300
7,24,DP,sink,CommandSystem.TryUse,-2250
7,24,DP,source,AdventurerAI.TakeDamage,3430
7,24,Material,source,AdventurerAI.TakeDamage,60
7,24,DP,source,AdventurerAI.GrantReturnReward,171
7,24,Fame,source,AdventurerAI.GrantReturnReward,50
7,24,Fame,source,LureEconomy.OnHeroEscaped,125
7,24,DP,source,Nemesis.OnSlain,2625
7,24,Material,source,Nemesis.OnSlain,18
7,24,DP,stock,end,4291
7,24,Material,stock,end,1178
7,24,Fame,stock,end,2770
7,25,DP,source,SurfaceMap.CollectYields,125
7,25,Material,source,SurfaceMap.CollectYields,7
7,25,Fame,source,SurfaceMap.CollectYields,29
7,25,DP,source,DistrictCatalog.Collect,28
7,25,DP,source,EraSystem.TickTurn,3840
7,25,DP,sink,MinionRoster.TrySummon,-8269
7,25,DP,source,AdventurerAI.TakeDamage,7042
7,25,Material,source,AdventurerAI.TakeDamage,113
7,25,DP,sink,CommandSystem.TryUse,-1900
7,25,DP,source,AdventurerAI.ReapEmotion,180
7,25,DP,source,AdventurerAI.GrantReturnReward,208
7,25,Fame,source,AdventurerAI.GrantReturnReward,40
7,25,Fame,source,LureEconomy.OnHeroEscaped,100
7,25,DP,source,Nemesis.OnSlain,2986
7,25,Material,source,Nemesis.OnSlain,20
7,25,DP,stock,end,8531
7,25,Material,stock,end,1318
7,25,Fame,stock,end,2939
7,26,DP,source,SurfaceMap.CollectYields,125
7,26,Material,source,SurfaceMap.CollectYields,7
7,26,Fame,source,SurfaceMap.CollectYields,29
7,26,DP,source,DistrictCatalog.Collect,28
7,26,DP,source,EraSystem.TickTurn,6528
7,26,DP,source,WaveRoster.ResolveTrial,2400
7,26,DP,sink,MinionRoster.TrySummon,-17601
7,26,DP,source,AdventurerAI.ReapEmotion,216
7,26,DP,source,AdventurerAI.TakeDamage,4758
7,26,Material,source,AdventurerAI.TakeDamage,100
7,26,DP,sink,CommandSystem.TryUse,-2250
7,26,DP,source,AdventurerAI.GrantReturnReward,398
7,26,Fame,source,AdventurerAI.GrantReturnReward,60
7,26,Fame,source,LureEconomy.OnHeroEscaped,150
7,26,DP,source,Nemesis.OnSlain,2737
7,26,Material,source,Nemesis.OnSlain,18
7,26,DP,stock,end,5870
7,26,Material,stock,end,1443
7,26,Fame,stock,end,3178
7,27,DP,source,SurfaceMap.CollectYields,146
7,27,Material,source,SurfaceMap.CollectYields,8
7,27,Fame,source,SurfaceMap.CollectYields,34
7,27,DP,source,DistrictCatalog.Collect,28
7,27,DP,source,EraSystem.TickTurn,6528
7,27,DP,sink,MinionRoster.TrySummon,-12548
7,27,DP,source,AdventurerAI.ReapEmotion,204
7,27,DP,source,AdventurerAI.GrantReturnReward,1586
7,27,Fame,source,AdventurerAI.GrantReturnReward,120
7,27,Fame,source,LureEconomy.OnHeroEscaped,300
7,27,DP,sink,CommandSystem.TryUse,-2750
7,27,DP,source,AdventurerAI.TakeDamage,4520
7,27,Material,source,AdventurerAI.TakeDamage,80
7,27,DP,source,Nemesis.OnSlain,2769
7,27,Material,source,Nemesis.OnSlain,18
7,27,DP,stock,end,6353
7,27,Material,stock,end,1549
7,27,Fame,stock,end,3632
7,28,DP,source,SurfaceMap.CollectYields,146
7,28,Material,source,SurfaceMap.CollectYields,8
7,28,Fame,source,SurfaceMap.CollectYields,34
7,28,DP,source,DistrictCatalog.Collect,28
7,28,DP,source,EraSystem.TickTurn,3840
7,28,Material,source,EraSystem.TickTurn,37
7,28,Fame,source,EraSystem.TickTurn,80
7,28,DP,sink,MinionRoster.TrySummon,-10344
7,28,DP,source,AdventurerAI.ReapEmotion,282
7,28,DP,sink,CommandSystem.TryUse,-2900
7,28,DP,source,AdventurerAI.TakeDamage,4462
7,28,Material,source,AdventurerAI.TakeDamage,63
7,28,Fame,source,AdventurerAI.GrantReturnReward,190
7,28,Fame,source,LureEconomy.OnHeroEscaped,475
7,28,DP,source,AdventurerAI.GrantReturnReward,2844
7,28,DP,source,Nemesis.OnSlain,2884
7,28,Material,source,Nemesis.OnSlain,18
7,28,DP,stock,end,7595
7,28,Material,stock,end,1675
7,28,Fame,stock,end,4411
7,29,DP,source,SurfaceMap.CollectYields,146
7,29,Material,source,SurfaceMap.CollectYields,8
7,29,Fame,source,SurfaceMap.CollectYields,34
7,29,DP,source,DistrictCatalog.Collect,28
7,29,DP,source,EraSystem.TickTurn,6528
7,29,Fame,source,EraSystem.TickTurn,192
7,29,DP,sink,MinionRoster.TrySummon,-14250
7,29,DP,source,AdventurerAI.ReapEmotion,328
7,29,DP,sink,CommandSystem.TryUse,-3200
7,29,Fame,source,AdventurerAI.GrantReturnReward,180
7,29,Fame,source,LureEconomy.OnHeroEscaped,450
7,29,DP,source,AdventurerAI.GrantReturnReward,1921
7,29,DP,source,AdventurerAI.TakeDamage,7244
7,29,Material,source,AdventurerAI.TakeDamage,72
7,29,DP,source,Nemesis.OnSlain,2916
7,29,Material,source,Nemesis.OnSlain,18
7,29,DP,stock,end,9256
7,29,Material,stock,end,1773
7,29,Fame,stock,end,5267
7,30,DP,source,SurfaceMap.CollectYields,146
7,30,Material,source,SurfaceMap.CollectYields,8
7,30,Fame,source,SurfaceMap.CollectYields,34
7,30,DP,source,DistrictCatalog.Collect,28
7,30,DP,sink,MinionRoster.TrySummon,-9391
7,30,DP,source,AdventurerAI.TakeDamage,13408
7,30,Material,source,AdventurerAI.TakeDamage,113
7,30,DP,sink,CommandSystem.TryUse,-2250
7,30,DP,source,AdventurerAI.GrantReturnReward,185
7,30,Fame,source,AdventurerAI.GrantReturnReward,60
7,30,Fame,source,LureEconomy.OnHeroEscaped,150
7,30,DP,source,AdventurerAI.ReapEmotion,169
7,30,DP,source,Nemesis.OnSlain,3012
7,30,Material,source,Nemesis.OnSlain,18
7,30,DP,stock,end,14563
7,30,Material,stock,end,1912
7,30,Fame,stock,end,5511
7,31,DP,source,SurfaceMap.CollectYields,166
7,31,Material,source,SurfaceMap.CollectYields,9
7,31,Fame,source,SurfaceMap.CollectYields,38
7,31,DP,source,DistrictCatalog.Collect,28
7,31,DP,source,WaveRoster.ResolveTrial,2400
7,31,DP,sink,MinionRoster.TrySummon,-17126
7,31,DP,source,AdventurerAI.ReapEmotion,194
7,31,DP,source,AdventurerAI.TakeDamage,14131
7,31,Material,source,AdventurerAI.TakeDamage,113
7,31,DP,sink,CommandSystem.TryUse,-2250
7,31,Fame,source,AdventurerAI.GrantReturnReward,80
7,31,Fame,source,LureEconomy.OnHeroEscaped,200
7,31,DP,source,AdventurerAI.GrantReturnReward,527
7,31,DP,source,Nemesis.OnSlain,3063
7,31,Material,source,Nemesis.OnSlain,18
7,31,DP,stock,end,15696
7,31,Material,stock,end,2052
7,31,Fame,stock,end,5829
7,32,DP,source,SurfaceMap.CollectYields,166
7,32,Material,source,SurfaceMap.CollectYields,9
7,32,Fame,source,SurfaceMap.CollectYields,38
7,32,DP,source,DistrictCatalog.Collect,28
7,32,DP,sink,MinionRoster.TrySummon,-15835
7,32,DP,source,AdventurerAI.ReapEmotion,236
7,32,DP,source,AdventurerAI.TakeDamage,9825
7,32,Material,source,AdventurerAI.TakeDamage,54
7,32,DP,sink,CommandSystem.TryUse,-3200
7,32,Fame,source,AdventurerAI.GrantReturnReward,230
7,32,Fame,source,LureEconomy.OnHeroEscaped,575
7,32,DP,source,AdventurerAI.GrantReturnReward,4488
7,32,DP,source,Nemesis.OnSlain,3111
7,32,Material,source,Nemesis.OnSlain,18
7,32,DP,stock,end,14515
7,32,Material,stock,end,2133
7,32,Fame,stock,end,6672
7,33,DP,source,SurfaceMap.CollectYields,166
7,33,Material,source,SurfaceMap.CollectYields,9
7,33,Fame,source,SurfaceMap.CollectYields,38
7,33,DP,source,DistrictCatalog.Collect,28
7,33,DP,source,EraSystem.TickTurn,1920
7,33,DP,sink,MinionRoster.TrySummon,-16620
7,33,DP,source,AdventurerAI.ReapEmotion,315
7,33,DP,source,AdventurerAI.TakeDamage,21607
7,33,Material,source,AdventurerAI.TakeDamage,130
7,33,DP,sink,CommandSystem.TryUse,-1900
7,33,Fame,source,AdventurerAI.GrantReturnReward,40
7,33,Fame,source,LureEconomy.OnHeroEscaped,100
7,33,DP,source,AdventurerAI.GrantReturnReward,206
7,33,DP,source,Nemesis.OnSlain,3159
7,33,Material,source,Nemesis.OnSlain,18
7,33,DP,stock,end,23396
7,33,Material,stock,end,2290
7,33,Fame,stock,end,6850
8,1,DP,sink,DungeonFeatureManager.TryPlaceTrap,-150
8,1,DP,source,AdventurerAI.ReapEmotion,150
8,1,DP,source,AdventurerAI.TakeDamage,159
8,1,Material,source,AdventurerAI.TakeDamage,6
8,1,DP,sink,CommandSystem.TryUse,-650
8,1,DP,source,AdventurerAI.GrantReturnReward,392
8,1,Fame,source,AdventurerAI.GrantReturnReward,20
8,1,Fame,source,LureEconomy.OnHeroEscaped,50
8,1,DP,stock,end,101
8,1,Material,stock,end,6
8,1,Fame,stock,end,70
8,2,DP,source,SurfaceMap.CollectYields,18
8,2,Material,source,SurfaceMap.CollectYields,1
8,2,Fame,source,SurfaceMap.CollectYields,4
8,2,DP,source,EraSystem.TickTurn,600
8,2,Fame,source,EraSystem.TickTurn,25
8,2,DP,sink,DungeonFeatureManager.TryPlaceTrap,-600
8,2,DP,source,AdventurerAI.ReapEmotion,171
8,2,DP,source,AdventurerAI.TakeDamage,146
8,2,Material,source,AdventurerAI.TakeDamage,8
8,2,DP,sink,CommandSystem.TryUse,-650
8,2,DP,source,AdventurerAI.GrantReturnReward,419
8,2,Fame,source,AdventurerAI.GrantReturnReward,30
8,2,Fame,source,LureEconomy.OnHeroEscaped,75
8,2,DP,stock,end,205
8,2,Material,stock,end,15
8,2,Fame,stock,end,204
8,3,DP,source,SurfaceMap.CollectYields,18
8,3,Material,source,SurfaceMap.CollectYields,1
8,3,Fame,source,SurfaceMap.CollectYields,4
8,3,DP,source,EraSystem.TickTurn,600
8,3,Fame,source,EraSystem.TickTurn,25
8,3,DP,sink,DungeonFeatureManager.TryPlaceTrap,-300
8,3,DP,sink,DungeonFeatureManager.TryPlaceFeature,-250
8,3,DP,sink,DungeonFeatureManager.TryPlaceHabitat,-180
8,3,DP,sink,MinionRoster.TrySummon,-84
8,3,DP,source,AdventurerAI.TakeDamage,326
8,3,Material,source,AdventurerAI.TakeDamage,19
8,3,DP,source,AdventurerAI.ReapEmotion,182
8,3,DP,sink,CommandSystem.TryUse,-300
8,3,DP,source,AdventurerAI.GrantReturnReward,217
8,3,Fame,source,AdventurerAI.GrantReturnReward,10
8,3,Fame,source,LureEconomy.OnHeroEscaped,25
8,3,DP,source,Nemesis.OnSlain,454
8,3,Material,source,Nemesis.OnSlain,5
8,3,DP,stock,end,888
8,3,Material,stock,end,40
8,3,Fame,stock,end,268
8,4,DP,source,SurfaceMap.CollectYields,18
8,4,Material,source,SurfaceMap.CollectYields,1
8,4,Fame,source,SurfaceMap.CollectYields,4
8,4,DP,source,EraSystem.TickTurn,600
8,4,Material,source,EraSystem.TickTurn,10
8,4,DP,sink,MinionRoster.TrySummon,-959
8,4,DP,sink,DungeonFeatureManager.TryPlaceFeature,-250
8,4,DP,sink,DungeonFeatureManager.TryPlaceHabitat,-280
8,4,DP,source,AdventurerAI.ReapEmotion,189
8,4,DP,source,AdventurerAI.TakeDamage,694
8,4,Material,source,AdventurerAI.TakeDamage,25
8,4,DP,sink,CommandSystem.TryUse,-1800
8,4,DP,source,AdventurerAI.GrantReturnReward,268
8,4,Fame,source,AdventurerAI.GrantReturnReward,20
8,4,Fame,source,LureEconomy.OnHeroEscaped,50
8,4,DP,source,Nemesis.OnSlain,972
8,4,Material,source,Nemesis.OnSlain,10
8,4,DP,stock,end,340
8,4,Material,stock,end,86
8,4,Fame,stock,end,342
8,5,DP,source,SurfaceMap.CollectYields,18
8,5,Material,source,SurfaceMap.CollectYields,1
8,5,Fame,source,SurfaceMap.CollectYields,4
8,5,DP,source,EraSystem.TickTurn,600
8,5,DP,sink,MinionRoster.TrySummon,-954
8,5,DP,source,AdventurerAI.ReapEmotion,193
8,5,DP,source,AdventurerAI.TakeDamage,520
8,5,Material,source,AdventurerAI.TakeDamage,14
8,5,DP,sink,CommandSystem.TryUse,-950
8,5,DP,source,AdventurerAI.GrantReturnReward,237
8,5,Fame,source,AdventurerAI.GrantReturnReward,10
8,5,Fame,source,LureEconomy.OnHeroEscaped,25
8,5,DP,source,Nemesis.OnSlain,502
8,5,Material,source,Nemesis.OnSlain,5
8,5,DP,stock,end,506
8,5,Material,stock,end,106
8,5,Fame,stock,end,381
8,6,DP,source,SurfaceMap.CollectYields,39
8,6,Material,source,SurfaceMap.CollectYields,2
8,6,Fame,source,SurfaceMap.CollectYields,9
8,6,DP,source,EraSystem.TickTurn,600
8,6,DP,sink,MinionRoster.TrySummon,-1127
8,6,DP,source,AdventurerAI.TakeDamage,724
8,6,Material,source,AdventurerAI.TakeDamage,25
8,6,DP,source,AdventurerAI.ReapEmotion,206
8,6,DP,sink,CommandSystem.TryUse,-650
8,6,DP,source,Nemesis.OnSlain,518
8,6,Material,source,Nemesis.OnSlain,5
8,6,DP,stock,end,816
8,6,Material,stock,end,138
8,6,Fame,stock,end,390
8,7,DP,source,SurfaceMap.CollectYields,39
8,7,Material,source,SurfaceMap.CollectYields,2
8,7,Fame,source,SurfaceMap.CollectYields,9
8,7,DP,source,EraSystem.TickTurn,1020
8,7,DP,sink,MinionRoster.TrySummon,-1857
8,7,DP,source,AdventurerAI.ReapEmotion,210
8,7,Fame,source,AdventurerAI.GrantReturnReward,10
8,7,Fame,source,LureEconomy.OnHeroEscaped,25
8,7,DP,source,AdventurerAI.TakeDamage,597
8,7,Material,source,AdventurerAI.TakeDamage,20
8,7,DP,sink,CommandSystem.TryUse,-600
8,7,DP,stock,end,225
8,7,Material,stock,end,160
8,7,Fame,stock,end,434
8,8,DP,source,SurfaceMap.CollectYields,39
8,8,Material,source,SurfaceMap.CollectYields,2
8,8,Fame,source,SurfaceMap.CollectYields,9
8,8,DP,sink,MinionRoster.TrySummon,-257
8,8,DP,source,AdventurerAI.ReapEmotion,193
8,8,DP,source,AdventurerAI.TakeDamage,834
8,8,Material,source,AdventurerAI.TakeDamage,42
8,8,DP,sink,CommandSystem.TryUse,-600
8,8,DP,stock,end,434
8,8,Material,stock,end,204
8,8,Fame,stock,end,443
8,9,DP,source,SurfaceMap.CollectYields,45
8,9,Material,source,SurfaceMap.CollectYields,2
8,9,Fame,source,SurfaceMap.CollectYields,11
8,9,DP,source,EraSystem.TickTurn,300
8,9,Fame,source,EraSystem.TickTurn,25
8,9,DP,sink,MinionRoster.TrySummon,-762
8,9,DP,source,AdventurerAI.ReapEmotion,210
8,9,DP,source,AdventurerAI.TakeDamage,843
8,9,Material,source,AdventurerAI.TakeDamage,42
8,9,DP,sink,CommandSystem.TryUse,-950
8,9,DP,source,Nemesis.OnSlain,583
8,9,Material,source,Nemesis.OnSlain,5
8,9,DP,stock,end,703
8,9,Material,stock,end,253
8,9,Fame,stock,end,479
8,10,DP,source,SurfaceMap.CollectYields,78
8,10,Material,source,SurfaceMap.CollectYields,3
8,10,Fame,source,SurfaceMap.CollectYields,16
8,10,DP,source,EraSystem.TickTurn,1020
8,10,DP,sink,MinionRoster.TrySummon,-1789
8,10,DP,source,AdventurerAI.ReapEmotion,87
8,10,DP,source,AdventurerAI.TakeDamage,1007
8,10,Material,source,AdventurerAI.TakeDamage,33
8,10,DP,sink,CommandSystem.TryUse,-950
8,10,DP,source,AdventurerAI.GrantReturnReward,263
8,10,Fame,source,AdventurerAI.GrantReturnReward,10
8,10,Fame,source,LureEconomy.OnHeroEscaped,25
8,10,DP,stock,end,419
8,10,Material,stock,end,289
8,10,Fame,stock,end,530
8,11,DP,source,SurfaceMap.CollectYields,24
8,11,Material,source,SurfaceMap.CollectYields,1
8,11,Fame,source,SurfaceMap.CollectYields,5
8,11,DP,source,WaveRoster.ResolveTrial,900
8,11,DP,sink,MinionRoster.TrySummon,-1318
8,11,DP,source,AdventurerAI.ReapEmotion,210
8,11,DP,source,AdventurerAI.TakeDamage,914
8,11,Material,source,AdventurerAI.TakeDamage,36
8,11,DP,sink,CommandSystem.TryUse,-950
8,11,DP,source,AdventurerAI.GrantReturnReward,242
8,11,Fame,source,AdventurerAI.GrantReturnReward,10
8,11,Fame,source,LureEconomy.OnHeroEscaped,25
8,11,DP,stock,end,441
8,11,Material,stock,end,326
8,11,Fame,stock,end,570
8,12,DP,source,SurfaceMap.CollectYields,24
8,12,Material,source,SurfaceMap.CollectYields,1
8,12,Fame,source,SurfaceMap.CollectYields,5
8,12,DP,source,DistrictCatalog.Collect,98
8,12,DP,sink,MinionRoster.TrySummon,-537
8,12,DP,source,AdventurerAI.ReapEmotion,64
8,12,DP,source,AdventurerAI.TakeDamage,642
8,12,Material,source,AdventurerAI.TakeDamage,27
8,12,DP,sink,CommandSystem.TryUse,-950
8,12,DP,source,Nemesis.OnSlain,632
8,12,Material,source,Nemesis.OnSlain,5
8,12,DP,stock,end,414
8,12,Material,stock,end,359
8,12,Fame,stock,end,575
8,13,DP,source,SurfaceMap.CollectYields,18
8,13,Material,source,SurfaceMap.CollectYields,1
8,13,Fame,source,SurfaceMap.CollectYields,4
8,13,DP,source,DistrictCatalog.Collect,112
8,13,DP,sink,MinionRoster.TrySummon,-536
8,13,DP,source,AdventurerAI.ReapEmotion,249
8,13,DP,source,AdventurerAI.TakeDamage,959
8,13,Material,source,AdventurerAI.TakeDamage,36
8,13,DP,sink,CommandSystem.TryUse,-950
8,13,Fame,source,AdventurerAI.GrantReturnReward,10
8,13,Fame,source,LureEconomy.OnHeroEscaped,25
8,13,DP,source,Nemesis.OnSlain,648
8,13,Material,source,Nemesis.OnSlain,5
8,13,DP,stock,end,914
8,13,Material,stock,end,401
8,13,Fame,stock,end,614
8,14,DP,source,SurfaceMap.CollectYields,80
8,14,Material,source,SurfaceMap.CollectYields,4
8,14,Fame,source,SurfaceMap.CollectYields,18
8,14,DP,source,DistrictCatalog.Collect,112
8,14,DP,sink,MinionRoster.TrySummon,-1089
8,14,DP,source,IncidentSystem.Apply,600
8,14,DP,sink,CommandSystem.TryUse,-2300
8,14,DP,source,AdventurerAI.ReapEmotion,150
8,14,DP,source,AdventurerAI.TakeDamage,1865
8,14,Material,source,AdventurerAI.TakeDamage,65
8,14,Fame,source,AdventurerAI.GrantReturnReward,10
8,14,Fame,source,LureEconomy.OnHeroEscaped,25
8,14,DP,stock,end,332
8,14,Material,stock,end,470
8,14,Fame,stock,end,667
8,15,DP,source,SurfaceMap.CollectYields,82
8,15,Material,source,SurfaceMap.CollectYields,4
8,15,Fame,source,SurfaceMap.CollectYields,18
8,15,DP,source,DistrictCatalog.Collect,112
8,15,DP,sink,MinionRoster.TrySummon,-523
8,15,DP,source,AdventurerAI.ReapEmotion,170
8,15,DP,source,AdventurerAI.TakeDamage,1436
8,15,Material,source,AdventurerAI.TakeDamage,47
8,15,DP,sink,CommandSystem.TryUse,-1450
8,15,Fame,source,AdventurerAI.GrantReturnReward,20
8,15,Fame,source,LureEconomy.OnHeroEscaped,50
8,15,DP,stock,end,159
8,15,Material,stock,end,521
8,15,Fame,stock,end,755
8,16,DP,source,SurfaceMap.CollectYields,82
8,16,Material,source,SurfaceMap.CollectYields,4
8,16,Fame,source,SurfaceMap.CollectYields,18
8,16,DP,source,DistrictCatalog.Collect,112
8,16,DP,source,WaveRoster.ResolveTrial,900
8,16,DP,sink,MinionRoster.TrySummon,-1242
8,16,DP,source,AdventurerAI.ReapEmotion,286
8,16,DP,source,AdventurerAI.TakeDamage,1222
8,16,Material,source,AdventurerAI.TakeDamage,42
8,16,DP,sink,CommandSystem.TryUse,-1800
8,16,Fame,source,AdventurerAI.GrantReturnReward,20
8,16,Fame,source,LureEconomy.OnHeroEscaped,50
8,16,DP,source,AdventurerAI.GrantReturnReward,126
8,16,DP,source,Nemesis.OnSlain,697
8,16,Material,source,Nemesis.OnSlain,5
8,16,DP,stock,end,542
8,16,Material,stock,end,572
8,16,Fame,stock,end,843
8,17,DP,source,SurfaceMap.CollectYields,82
8,17,Material,source,SurfaceMap.CollectYields,4
8,17,Fame,source,SurfaceMap.CollectYields,18
8,17,DP,source,DistrictCatalog.Collect,126
8,17,DP,source,EraSystem.TickTurn,720
8,17,DP,sink,MinionRoster.TrySummon,-1456
8,17,DP,source,AdventurerAI.ReapEmotion,257
8,17,DP,source,AdventurerAI.TakeDamage,1406
8,17,Material,source,AdventurerAI.TakeDamage,47
8,17,DP,sink,CommandSystem.TryUse,-1800
8,17,Fame,source,AdventurerAI.GrantReturnReward,20
8,17,Fame,source,LureEconomy.OnHeroEscaped,50
8,17,DP,source,Nemesis.OnSlain,1692
8,17,Material,source,Nemesis.OnSlain,12
8,17,DP,stock,end,1569
8,17,Material,stock,end,635
8,17,Fame,stock,end,931
8,18,DP,source,SurfaceMap.CollectYields,103
8,18,Material,source,SurfaceMap.CollectYields,5
8,18,Fame,source,SurfaceMap.CollectYields,23
8,18,DP,source,DistrictCatalog.Collect,126
8,18,DP,sink,MinionRoster.TrySummon,-1768
8,18,DP,source,AdventurerAI.ReapEmotion,393
8,18,DP,source,AdventurerAI.TakeDamage,1684
8,18,Material,source,AdventurerAI.TakeDamage,56
8,18,DP,sink,CommandSystem.TryUse,-1800
8,18,DP,source,Nemesis.OnSlain,1458
8,18,Material,source,Nemesis.OnSlain,10
8,18,DP,stock,end,1765
8,18,Material,stock,end,706
8,18,Fame,stock,end,954
8,19,DP,source,SurfaceMap.CollectYields,103
8,19,Material,source,SurfaceMap.CollectYields,5
8,19,Fame,source,SurfaceMap.CollectYields,23
8,19,DP,source,DistrictCatalog.Collect,140
8,19,DP,source,EraSystem.TickTurn,600
8,19,DP,sink,MinionRoster.TrySummon,-2579
8,19,DP,source,AdventurerAI.ReapEmotion,337
8,19,DP,sink,CommandSystem.TryUse,-1800
8,19,DP,source,AdventurerAI.GrantReturnReward,71
8,19,Fame,source,AdventurerAI.GrantReturnReward,10
8,19,Fame,source,LureEconomy.OnHeroEscaped,25
8,19,DP,source,AdventurerAI.TakeDamage,1668
8,19,Material,source,AdventurerAI.TakeDamage,44
8,19,DP,source,Nemesis.OnSlain,745
8,19,Material,source,Nemesis.OnSlain,5
8,19,DP,stock,end,1050
8,19,Material,stock,end,760
8,19,Fame,stock,end,1012
8,20,DP,source,SurfaceMap.CollectYields,138
8,20,Material,source,SurfaceMap.CollectYields,5
8,20,Fame,source,SurfaceMap.CollectYields,28
8,20,DP,source,DistrictCatalog.Collect,154
8,20,DP,sink,MinionRoster.TrySummon,-1309
8,20,DP,source,AdventurerAI.ReapEmotion,410
8,20,DP,source,AdventurerAI.TakeDamage,1649
8,20,Material,source,AdventurerAI.TakeDamage,39
8,20,DP,sink,CommandSystem.TryUse,-1450
8,20,Fame,source,AdventurerAI.GrantReturnReward,30
8,20,Fame,source,LureEconomy.OnHeroEscaped,75
8,20,DP,source,AdventurerAI.GrantReturnReward,728
8,20,DP,stock,end,1370
8,20,Material,stock,end,804
8,20,Fame,stock,end,1145
8,21,DP,source,SurfaceMap.CollectYields,166
8,21,Material,source,SurfaceMap.CollectYields,6
8,21,Fame,source,SurfaceMap.CollectYields,34
8,21,DP,source,DistrictCatalog.Collect,154
8,21,DP,source,WaveRoster.ResolveTrial,900
8,21,DP,sink,MinionRoster.TrySummon,-2577
8,21,DP,source,AdventurerAI.ReapEmotion,244
8,21,DP,source,AdventurerAI.TakeDamage,1885
8,21,Material,source,AdventurerAI.TakeDamage,61
8,21,DP,sink,CommandSystem.TryUse,-1800
8,21,DP,source,AdventurerAI.GrantReturnReward,1062
8,21,Fame,source,AdventurerAI.GrantReturnReward,30
8,21,Fame,source,LureEconomy.OnHeroEscaped,75
8,21,DP,source,Nemesis.OnSlain,2382
8,21,Material,source,Nemesis.OnSlain,15
8,21,DP,stock,end,3786
8,21,Material,stock,end,886
8,21,Fame,stock,end,1284
8,22,DP,source,SurfaceMap.CollectYields,166
8,22,Material,source,SurfaceMap.CollectYields,6
8,22,Fame,source,SurfaceMap.CollectYields,34
8,22,DP,source,DistrictCatalog.Collect,154
8,22,DP,sink,MinionRoster.TrySummon,-4083
8,22,DP,source,AdventurerAI.ReapEmotion,168
8,22,DP,source,AdventurerAI.TakeDamage,1804
8,22,Material,source,AdventurerAI.TakeDamage,63
8,22,DP,sink,CommandSystem.TryUse,-1800
8,22,DP,source,AdventurerAI.GrantReturnReward,396
8,22,Fame,source,AdventurerAI.GrantReturnReward,50
8,22,Fame,source,LureEconomy.OnHeroEscaped,125
8,22,DP,source,Nemesis.OnSlain,810
8,22,Material,source,Nemesis.OnSlain,5
8,22,DP,stock,end,1401
8,22,Material,stock,end,960
8,22,Fame,stock,end,1493
8,23,DP,source,SurfaceMap.CollectYields,136
8,23,Material,source,SurfaceMap.CollectYields,5
8,23,Fame,source,SurfaceMap.CollectYields,28
8,23,DP,source,DistrictCatalog.Collect,140
8,23,DP,sink,MinionRoster.TrySummon,-1665
8,23,DP,source,AdventurerAI.ReapEmotion,295
8,23,DP,source,AdventurerAI.TakeDamage,2519
8,23,Material,source,AdventurerAI.TakeDamage,50
8,23,DP,sink,CommandSystem.TryUse,-1800
8,23,DP,source,AdventurerAI.GrantReturnReward,592
8,23,Fame,source,AdventurerAI.GrantReturnReward,40
8,23,Fame,source,LureEconomy.OnHeroEscaped,100
8,23,DP,source,Nemesis.OnSlain,2478
8,23,Material,source,Nemesis.OnSlain,15
8,23,DP,stock,end,4096
8,23,Material,stock,end,1030
8,23,Fame,stock,end,1661
8,24,DP,source,SurfaceMap.CollectYields,62
8,24,Material,source,SurfaceMap.CollectYields,3
8,24,Fame,source,SurfaceMap.CollectYields,14
8,24,DP,source,DistrictCatalog.Collect,140
8,24,DP,sink,MinionRoster.TrySummon,-4267
8,24,DP,source,AdventurerAI.ReapEmotion,251
8,24,DP,source,AdventurerAI.TakeDamage,2312
8,24,Material,source,AdventurerAI.TakeDamage,53
8,24,DP,sink,CommandSystem.TryUse,-1800
8,24,DP,source,AdventurerAI.GrantReturnReward,1415
8,24,Fame,source,AdventurerAI.GrantReturnReward,70
8,24,Fame,source,LureEconomy.OnHeroEscaped,175
8,24,DP,source,Nemesis.OnSlain,2543
8,24,Material,source,Nemesis.OnSlain,15
8,24,DP,stock,end,4752
8,24,Material,stock,end,1101
8,24,Fame,stock,end,1920
8,25,DP,source,SurfaceMap.CollectYields,62
8,25,Material,source,SurfaceMap.CollectYields,3
8,25,Fame,source,SurfaceMap.CollectYields,14
8,25,DP,source,DistrictCatalog.Collect,28
8,25,DP,source,EraSystem.TickTurn,3840
8,25,DP,sink,MinionRoster.TrySummon,-8673
8,25,DP,source,AdventurerAI.ReapEmotion,171
8,25,DP,source,AdventurerAI.TakeDamage,2104
8,25,Material,source,AdventurerAI.TakeDamage,35
8,25,DP,sink,CommandSystem.TryUse,-2250
8,25,DP,source,AdventurerAI.GrantReturnReward,1445
8,25,Fame,source,AdventurerAI.GrantReturnReward,170
8,25,Fame,source,LureEconomy.OnHeroEscaped,425
8,25,DP,source,Nemesis.OnSlain,1750
8,25,Material,source,Nemesis.OnSlain,10
8,25,DP,stock,end,3229
8,25,Material,stock,end,1149
8,25,Fame,stock,end,2529
8,26,DP,source,SurfaceMap.CollectYields,106
8,26,Material,source,SurfaceMap.CollectYields,5
8,26,Fame,source,SurfaceMap.CollectYields,24
8,26,DP,source,DistrictCatalog.Collect,28
8,26,DP,source,EraSystem.TickTurn,6528
8,26,DP,source,WaveRoster.ResolveTrial,1800
8,26,DP,sink,MinionRoster.TrySummon,-11672
8,26,DP,source,AdventurerAI.ReapEmotion,174
8,26,DP,source,AdventurerAI.TakeDamage,1672
8,26,Material,source,AdventurerAI.TakeDamage,31
8,26,DP,sink,CommandSystem.TryUse,-2250
8,26,DP,source,AdventurerAI.GrantReturnReward,1422
8,26,Fame,source,AdventurerAI.GrantReturnReward,90
8,26,Fame,source,LureEconomy.OnHeroEscaped,225
8,26,DP,source,Nemesis.OnSlain,1814
8,26,Material,source,Nemesis.OnSlain,10
8,26,DP,stock,end,2851
8,26,Material,stock,end,1195
8,26,Fame,stock,end,2868
8,27,DP,source,SurfaceMap.CollectYields,147
8,27,Material,source,SurfaceMap.CollectYields,7
8,27,Fame,source,SurfaceMap.CollectYields,33
8,27,DP,source,DistrictCatalog.Collect,28
8,27,DP,source,EraSystem.TickTurn,6528
8,27,DP,sink,MinionRoster.TrySummon,-9510
8,27,DP,source,AdventurerAI.ReapEmotion,308
8,27,DP,sink,CommandSystem.TryUse,-2750
8,27,DP,source,AdventurerAI.TakeDamage,7660
8,27,Material,source,AdventurerAI.TakeDamage,69
8,27,Fame,source,AdventurerAI.GrantReturnReward,210
8,27,Fame,source,LureEconomy.OnHeroEscaped,525
8,27,DP,source,AdventurerAI.GrantReturnReward,907
8,27,DP,source,Nemesis.OnSlain,3070
8,27,Material,source,Nemesis.OnSlain,20
8,27,DP,stock,end,9239
8,27,Material,stock,end,1291
8,27,Fame,stock,end,3636
8,28,DP,source,SurfaceMap.CollectYields,144
8,28,Material,source,SurfaceMap.CollectYields,8
8,28,Fame,source,SurfaceMap.CollectYields,32
8,28,DP,source,DistrictCatalog.Collect,28
8,28,DP,source,EraSystem.TickTurn,3840
8,28,Material,source,EraSystem.TickTurn,37
8,28,Fame,source,EraSystem.TickTurn,80
8,28,DP,sink,MinionRoster.TrySummon,-13212
8,28,DP,source,AdventurerAI.ReapEmotion,131
8,28,DP,source,AdventurerAI.TakeDamage,5584
8,28,Material,source,AdventurerAI.TakeDamage,57
8,28,DP,sink,CommandSystem.TryUse,-2250
8,28,Fame,source,AdventurerAI.GrantReturnReward,230
8,28,Fame,source,LureEconomy.OnHeroEscaped,575
8,28,DP,source,AdventurerAI.GrantReturnReward,5472
8,28,DP,source,Nemesis.OnSlain,3177
8,28,Material,source,Nemesis.OnSlain,20
8,28,DP,stock,end,12153
8,28,Material,stock,end,1413
8,28,Fame,stock,end,4553
