run,turn,resource,kind,key,amount
1,1,DP,sink,DungeonFeatureManager.TryPlaceTrap,-150
1,1,DP,source,AdventurerAI.ReapEmotion,98
1,1,DP,source,AdventurerAI.TakeDamage,382
1,1,Material,source,AdventurerAI.TakeDamage,24
1,1,DP,sink,CommandSystem.TryUse,-1450
1,1,DP,source,AdventurerAI.GrantReturnReward,1093
1,1,Fame,source,AdventurerAI.GrantReturnReward,30
1,1,Fame,source,LureEconomy.OnHeroEscaped,75
1,1,DP,stock,end,173
1,1,Material,stock,end,24
1,1,Fame,stock,end,105
1,2,DP,source,SurfaceMap.CollectYields,18
1,2,Material,source,SurfaceMap.CollectYields,1
1,2,Fame,source,SurfaceMap.CollectYields,4
1,2,DP,source,EraSystem.TickTurn,600
1,2,Fame,source,EraSystem.TickTurn,25
1,2,DP,sink,MinionRoster.TryForge,-236
1,2,DP,sink,MinionEvolution.TryEvolve,-225
1,2,DP,sink,DungeonFeatureManager.TryPlaceTrap,-150
1,2,DP,sink,MinionRoster.TrySummon,-176
1,2,DP,source,AdventurerAI.TakeDamage,362
1,2,Material,source,AdventurerAI.TakeDamage,14
1,2,DP,source,AdventurerAI.ReapEmotion,124
1,2,DP,sink,CommandSystem.TryUse,-1150
1,2,DP,source,AdventurerAI.GrantReturnReward,747
1,2,Fame,source,AdventurerAI.GrantReturnReward,50
1,2,Fame,source,LureEconomy.OnHeroEscaped,125
1,2,DP,stock,end,87
1,2,Material,stock,end,39
1,2,Fame,stock,end,309
1,3,DP,source,SurfaceMap.CollectYields,18
1,3,Material,source,SurfaceMap.CollectYields,1
1,3,Fame,source,SurfaceMap.CollectYields,4
1,3,DP,source,EraSystem.TickTurn,600
1,3,DP,sink,MinionRoster.TryForge,-236
1,3,DP,sink,MinionRoster.TryEvolveIndividual,-150
1,3,DP,sink,DungeonFeatureManager.TryPlaceTrap,-150
1,3,DP,sink,MinionRoster.TrySummon,-156
1,3,DP,source,AdventurerAI.ReapEmotion,118
1,3,DP,source,AdventurerAI.TakeDamage,618
1,3,Material,source,AdventurerAI.TakeDamage,46
1,3,DP,sink,CommandSystem.TryUse,-650
1,3,Fame,source,AdventurerAI.GrantReturnReward,30
1,3,Fame,source,LureEconomy.OnHeroEscaped,75
1,3,DP,source,AdventurerAI.GrantReturnReward,490
1,3,DP,source,Nemesis.OnSlain,874
1,3,Material,source,Nemesis.OnSlain,10
1,3,DP,stock,end,1463
1,3,Material,stock,end,96
1,3,Fame,stock,end,418
1,4,DP,source,SurfaceMap.CollectYields,18
1,4,Material,source,SurfaceMap.CollectYields,1
1,4,Fame,source,SurfaceMap.CollectYields,4
1,4,DP,source,EraSystem.TickTurn,600
1,4,DP,sink,MinionRoster.TryForge,-236
1,4,DP,sink,DungeonFloorManager.TryAddFloor,-800
1,4,DP,sink,DungeonFloorManager.TryExpandFloor,-400
1,4,DP,sink,MinionEvolution.TryEvolve,-175
1,4,DP,sink,DungeonFeatureManager.TryPlaceTrap,-300
1,4,DP,sink,MinionRoster.TrySummon,-161
1,4,DP,source,IncidentSystem.Apply,600
1,4,DP,sink,CommandSystem.TryUse,-1500
1,4,DP,source,AdventurerAI.ReapEmotion,76
1,4,DP,source,AdventurerAI.TakeDamage,592
1,4,Material,source,AdventurerAI.TakeDamage,25
1,4,Fame,source,AdventurerAI.GrantReturnReward,60
1,4,Fame,source,LureEconomy.OnHeroEscaped,150
1,4,DP,source,AdventurerAI.GrantReturnReward,830
1,4,DP,source,Nemesis.OnSlain,908
1,4,Material,source,Nemesis.OnSlain,10
1,4,DP,stock,end,1515
1,4,Material,stock,end,132
1,4,Fame,stock,end,632
1,5,DP,source,SurfaceMap.CollectYields,18
1,5,Material,source,SurfaceMap.CollectYields,1
1,5,Fame,source,SurfaceMap.CollectYields,4
1,5,DP,source,EraSystem.TickTurn,600
1,5,DP,sink,MinionRoster.TryForge,-212
1,5,DP,sink,DungeonFloorManager.TryExpandFloor,-1200
1,5,DP,sink,MinionEvolution.TryEvolve,-225
1,5,DP,sink,DungeonFeatureManager.TryPlaceTrap,-300
1,5,DP,sink,MinionRoster.TrySummon,-195
1,5,DP,source,AdventurerAI.TakeDamage,1306
1,5,Material,source,AdventurerAI.TakeDamage,43
1,5,DP,source,AdventurerAI.ReapEmotion,106
1,5,DP,sink,CommandSystem.TryUse,-1800
1,5,DP,source,Nemesis.OnSlain,1410
1,5,Material,source,Nemesis.OnSlain,15
1,5,DP,source,AdventurerAI.GrantReturnReward,915
1,5,Fame,source,AdventurerAI.GrantReturnReward,40
1,5,Fame,source,LureEconomy.OnHeroEscaped,100
1,5,DP,stock,end,1938
1,5,Material,stock,end,191
1,5,Fame,stock,end,776
1,6,DP,source,SurfaceMap.CollectYields,38
1,6,Material,source,SurfaceMap.CollectYields,2
1,6,Fame,source,SurfaceMap.CollectYields,8
1,6,DP,source,EraSystem.TickTurn,600
1,6,Material,source,EraSystem.TickTurn,10
1,6,DP,sink,MinionRoster.TryForge,-212
1,6,DP,sink,DungeonFloorManager.TryAddFloor,-2000
1,6,DP,sink,DungeonFeatureManager.TryPlaceTrap,-150
1,6,DP,sink,MinionRoster.TrySummon,-209
1,6,DP,source,AdventurerAI.TakeDamage,1103
1,6,Material,source,AdventurerAI.TakeDamage,47
1,6,DP,source,AdventurerAI.ReapEmotion,139
1,6,DP,sink,CommandSystem.TryUse,-2300
1,6,DP,source,AdventurerAI.GrantReturnReward,1430
1,6,Fame,source,AdventurerAI.GrantReturnReward,60
1,6,Fame,source,LureEconomy.OnHeroEscaped,150
1,6,DP,source,Nemesis.OnSlain,972
1,6,Material,source,Nemesis.OnSlain,10
1,6,DP,stock,end,1349
1,6,Material,stock,end,260
1,6,Fame,stock,end,994
1,7,DP,source,SurfaceMap.CollectYields,38
1,7,Material,source,SurfaceMap.CollectYields,2
1,7,Fame,source,SurfaceMap.CollectYields,8
1,7,DP,source,EraSystem.TickTurn,1020
1,7,DP,sink,MinionRoster.TryForge,-318
1,7,DP,sink,DungeonFloorManager.TryExpandFloor,-1200
1,7,DP,sink,MinionEvolution.TryEvolve,-525
1,7,DP,sink,DungeonFeatureManager.TryPlaceTrap,-150
1,7,DP,sink,MinionRoster.TrySummon,-213
1,7,DP,source,AdventurerAI.TakeDamage,1514
1,7,Material,source,AdventurerAI.TakeDamage,49
1,7,DP,sink,CommandSystem.TryUse,-1800
1,7,DP,source,AdventurerAI.ReapEmotion,145
1,7,DP,source,AdventurerAI.GrantReturnReward,830
1,7,Fame,source,AdventurerAI.GrantReturnReward,40
1,7,Fame,source,LureEconomy.OnHeroEscaped,100
1,7,DP,source,Nemesis.OnSlain,1506
1,7,Material,source,Nemesis.OnSlain,15
1,7,DP,stock,end,2196
1,7,Material,stock,end,326
1,7,Fame,stock,end,1142
1,8,DP,source,SurfaceMap.CollectYields,38
1,8,Material,source,SurfaceMap.CollectYields,2
1,8,Fame,source,SurfaceMap.CollectYields,8
1,8,DP,source,EraSystem.TickTurn,1020
1,8,Material,source,EraSystem.TickTurn,10
1,8,DP,sink,MinionRoster.TryForge,-318
1,8,DP,sink,DungeonFloorManager.TryExpandFloor,-2300
1,8,DP,sink,MinionEvolution.TryEvolve,-200
1,8,DP,sink,MinionRoster.TryEvolveIndividual,-75
1,8,DP,sink,DungeonFeatureManager.TryPlaceTrap,-150
1,8,DP,sink,MinionRoster.TrySummon,-197
1,8,DP,source,AdventurerAI.ReapEmotion,210
1,8,DP,source,AdventurerAI.TakeDamage,1444
1,8,Material,source,AdventurerAI.TakeDamage,82
1,8,DP,sink,CommandSystem.TryUse,-2650
1,8,DP,source,AdventurerAI.GrantReturnReward,1642
1,8,Fame,source,AdventurerAI.GrantReturnReward,90
1,8,Fame,source,LureEconomy.OnHeroEscaped,225
1,8,DP,source,Nemesis.OnSlain,1236
1,8,Material,source,Nemesis.OnSlain,12
1,8,DP,stock,end,1896
1,8,Material,stock,end,432
1,8,Fame,stock,end,1465
1,9,DP,source,SurfaceMap.CollectYields,68
1,9,Material,source,SurfaceMap.CollectYields,3
1,9,Fame,source,SurfaceMap.CollectYields,16
1,9,DP,source,EraSystem.TickTurn,600
1,9,Fame,source,EraSystem.TickTurn,50
1,9,DP,sink,MinionRoster.TryForge,-190
1,9,DP,sink,DungeonFloorManager.TryExpandFloor,-1500
1,9,DP,sink,MinionEvolution.TryEvolve,-500
1,9,DP,sink,DungeonFeatureManager.TryPlaceTrap,-150
1,9,DP,sink,MinionRoster.TrySummon,-215
1,9,DP,source,AdventurerAI.TakeDamage,1207
1,9,Material,source,AdventurerAI.TakeDamage,32
1,9,DP,sink,CommandSystem.TryUse,-2950
1,9,DP,source,AdventurerAI.ReapEmotion,138
1,9,Fame,source,AdventurerAI.GrantReturnReward,140
1,9,Fame,source,LureEconomy.OnHeroEscaped,350
1,9,DP,source,AdventurerAI.GrantReturnReward,4003
1,9,DP,source,Nemesis.OnSlain,1036
1,9,Material,source,Nemesis.OnSlain,10
1,9,DP,stock,end,3443
1,9,Material,stock,end,477
1,9,Fame,stock,end,2021
1,10,DP,source,SurfaceMap.CollectYields,78
1,10,Material,source,SurfaceMap.CollectYields,3
1,10,Fame,source,SurfaceMap.CollectYields,16
1,10,DP,source,EraSystem.TickTurn,600
1,10,DP,sink,MinionRoster.TryForge,-190
1,10,DP,sink,DungeonFloorManager.TryExpandFloor,-1500
1,10,DP,sink,MinionEvolution.TryEvolve,-800
1,10,DP,sink,MinionRoster.TryEvolveIndividual,-1200
1,10,DP,sink,DungeonFeatureManager.TryPlaceTrap,-150
1,10,DP,sink,MinionRoster.TrySummon,-264
1,10,DP,source,AdventurerAI.ReapEmotion,204
1,10,DP,source,AdventurerAI.TakeDamage,805
1,10,Material,source,AdventurerAI.TakeDamage,21
1,10,DP,sink,CommandSystem.TryUse,-5200
1,10,DP,source,AdventurerAI.GrantReturnReward,7021
1,10,Fame,source,AdventurerAI.GrantReturnReward,210
1,10,Fame,source,LureEconomy.OnHeroEscaped,525
1,10,DP,stock,end,2847
1,10,Material,stock,end,501
1,10,Fame,stock,end,2772
1,11,DP,source,SurfaceMap.CollectYields,78
1,11,Material,source,SurfaceMap.CollectYields,3
1,11,Fame,source,SurfaceMap.CollectYields,16
1,11,DP,source,EraSystem.TickTurn,300
1,11,DP,sink,MinionRoster.TryForge,-285
1,11,DP,sink,DungeonFloorManager.TryExpandFloor,-2500
1,11,DP,sink,MinionRoster.TryEvolveIndividual,-75
1,11,DP,sink,DungeonFeatureManager.TryPlaceTrap,-150
1,11,DP,sink,MinionRoster.TrySummon,-204
1,11,DP,source,AdventurerAI.ReapEmotion,192
1,11,DP,source,AdventurerAI.TakeDamage,1286
1,11,Material,source,AdventurerAI.TakeDamage,21
1,11,DP,sink,CommandSystem.TryUse,-5200
1,11,DP,source,AdventurerAI.GrantReturnReward,6861
1,11,Fame,source,AdventurerAI.GrantReturnReward,200
1,11,Fame,source,LureEconomy.OnHeroEscaped,500
1,11,DP,stock,end,3150
1,11,Material,stock,end,525
1,11,Fame,stock,end,3488
1,12,DP,source,SurfaceMap.CollectYields,105
1,12,Material,source,SurfaceMap.CollectYields,4
1,12,Fame,source,SurfaceMap.CollectYields,21
1,12,DP,source,DistrictCatalog.Collect,112
1,12,DP,sink,MinionRoster.TryForge,-1699
1,12,DP,sink,MinionRoster.TryEvolveIndividual,-1200
1,12,DP,sink,DungeonFeatureManager.TryPlaceTrap,-300
1,12,DP,sink,MinionRoster.TrySummon,-158
1,12,DP,source,AdventurerAI.ReapEmotion,385
1,12,DP,sink,CommandSystem.TryUse,-5900
1,12,DP,source,AdventurerAI.GrantReturnReward,8045
1,12,Fame,source,AdventurerAI.GrantReturnReward,220
1,12,Fame,source,LureEconomy.OnHeroEscaped,550
1,12,DP,source,AdventurerAI.TakeDamage,1657
1,12,Material,source,AdventurerAI.TakeDamage,29
1,12,DP,stock,end,4197
1,12,Material,stock,end,558
1,12,Fame,stock,end,4279
1,13,DP,source,SurfaceMap.CollectYields,82
1,13,Material,source,SurfaceMap.CollectYields,4
1,13,Fame,source,SurfaceMap.CollectYields,18
1,13,DP,source,DistrictCatalog.Collect,112
1,13,DP,sink,MinionRoster.TryForge,-3862
1,13,DP,sink,DungeonFeatureManager.TryPlaceTrap,-300
1,13,DP,sink,MinionRoster.TrySummon,-210
1,13,DP,source,AdventurerAI.ReapEmotion,90
1,13,DP,source,AdventurerAI.TakeDamage,1074
1,13,Material,source,AdventurerAI.TakeDamage,12
1,13,DP,sink,CommandSystem.TryUse,-5250
1,13,DP,source,AdventurerAI.GrantReturnReward,7563
1,13,Fame,source,AdventurerAI.GrantReturnReward,320
1,13,Fame,source,LureEconomy.OnHeroEscaped,800
1,13,DP,stock,end,3496
1,13,Material,stock,end,574
1,13,Fame,stock,end,5417
1,14,DP,source,SurfaceMap.CollectYields,82
1,14,Material,source,SurfaceMap.CollectYields,4
1,14,Fame,source,SurfaceMap.CollectYields,18
1,14,DP,source,DistrictCatalog.Collect,126
1,14,DP,sink,MinionRoster.TryForge,-2965
1,14,DP,sink,DungeonFeatureManager.TryPlaceTrap,-450
1,14,DP,sink,MinionRoster.TrySummon,-289
1,14,DP,source,AdventurerAI.ReapEmotion,133
1,14,DP,source,AdventurerAI.TakeDamage,5269
1,14,Material,source,AdventurerAI.TakeDamage,167
1,14,DP,sink,CommandSystem.TryUse,-6050
1,14,DP,source,AdventurerAI.GrantReturnReward,9999
1,14,Fame,source,AdventurerAI.GrantReturnReward,400
1,14,Fame,source,LureEconomy.OnHeroEscaped,1000
1,14,DP,stock,end,9351
1,14,Material,stock,end,745
1,14,Fame,stock,end,6835
1,15,DP,source,SurfaceMap.CollectYields,103
1,15,Material,source,SurfaceMap.CollectYields,5
1,15,Fame,source,SurfaceMap.CollectYields,23
1,15,DP,source,DistrictCatalog.Collect,126
1,15,DP,sink,MinionRoster.TryForge,-2556
1,15,DP,sink,DungeonFloorManager.TryAddFloor,-5000
1,15,DP,sink,DungeonFloorManager.TryExpandFloor,-1200
1,15,DP,sink,MinionRoster.TryEvolveIndividual,-75
1,15,DP,sink,DungeonFeatureManager.TryPlaceTrap,-450
1,15,DP,sink,MinionRoster.TrySummon,-286
1,15,DP,source,AdventurerAI.ReapEmotion,126
1,15,DP,source,AdventurerAI.GrantReturnReward,9189
1,15,Fame,source,AdventurerAI.GrantReturnReward,340
1,15,Fame,source,LureEconomy.OnHeroEscaped,850
1,15,DP,sink,CommandSystem.TryUse,-4050
1,15,DP,source,AdventurerAI.TakeDamage,554
1,15,Material,source,AdventurerAI.TakeDamage,10
1,15,DP,stock,end,5832
1,15,Material,stock,end,760
1,15,Fame,stock,end,8048
1,16,DP,source,SurfaceMap.CollectYields,103
1,16,Material,source,SurfaceMap.CollectYields,5
1,16,Fame,source,SurfaceMap.CollectYields,23
1,16,DP,source,DistrictCatalog.Collect,126
1,16,DP,source,EraSystem.TickTurn,300
1,16,DP,sink,MinionRoster.TryForge,-4027
1,16,DP,sink,DungeonFloorManager.TryExpandFloor,-1500
1,16,DP,sink,DungeonFeatureManager.TryPlaceTrap,-600
1,16,DP,sink,MinionRoster.TrySummon,-229
1,16,DP,source,AdventurerAI.ReapEmotion,120
1,16,DP,source,AdventurerAI.TakeDamage,2045
1,16,Material,source,AdventurerAI.TakeDamage,177
1,16,DP,sink,CommandSystem.TryUse,-5200
1,16,DP,source,AdventurerAI.GrantReturnReward,9320
1,16,Fame,source,AdventurerAI.GrantReturnReward,340
1,16,Fame,source,LureEconomy.OnHeroEscaped,850
1,16,DP,stock,end,6290
1,16,Material,stock,end,942
1,16,Fame,stock,end,9261
1,17,DP,source,SurfaceMap.CollectYields,103
1,17,Material,source,SurfaceMap.CollectYields,5
1,17,Fame,source,SurfaceMap.CollectYields,23
1,17,DP,source,DistrictCatalog.Collect,126
1,17,DP,source,EraSystem.TickTurn,720
1,17,DP,sink,MinionRoster.TryForge,-4027
1,17,DP,sink,DungeonFloorManager.TryExpandFloor,-2500
1,17,DP,sink,DungeonFeatureManager.TryPlaceTrap,-450
1,17,DP,sink,MinionRoster.TrySummon,-256
1,17,DP,source,AdventurerAI.ReapEmotion,465
1,17,DP,sink,CommandSystem.TryUse,-6050
1,17,DP,source,AdventurerAI.TakeDamage,4465
1,17,Material,source,AdventurerAI.TakeDamage,65
1,17,Fame,source,AdventurerAI.GrantReturnReward,360
1,17,Fame,source,LureEconomy.OnHeroEscaped,900
1,17,DP,source,AdventurerAI.GrantReturnReward,7191
1,17,DP,stock,end,6077
1,17,Material,stock,end,1012
1,17,Fame,stock,end,10544
1,18,DP,source,SurfaceMap.CollectYields,103
1,18,Material,source,SurfaceMap.CollectYields,5
1,18,Fame,source,SurfaceMap.CollectYields,23
1,18,DP,source,DistrictCatalog.Collect,140
1,18,DP,sink,MinionRoster.TryForge,-5170
1,18,DP,sink,MinionRoster.TryEvolveIndividual,-550
1,18,DP,sink,DungeonFeatureManager.TryPlaceTrap,-450
1,18,DP,sink,MinionRoster.TrySummon,-142
1,18,DP,source,AdventurerAI.ReapEmotion,142
1,18,DP,source,AdventurerAI.TakeDamage,4515
1,18,Material,source,AdventurerAI.TakeDamage,46
1,18,DP,sink,CommandSystem.TryUse,-6050
1,18,Fame,source,AdventurerAI.GrantReturnReward,330
1,18,Fame,source,LureEconomy.OnHeroEscaped,825
1,18,DP,source,AdventurerAI.GrantReturnReward,7048
1,18,DP,stock,end,5663
1,18,Material,stock,end,1063
1,18,Fame,stock,end,11722
1,19,DP,source,SurfaceMap.CollectYields,123
1,19,Material,source,SurfaceMap.CollectYields,6
1,19,Fame,source,SurfaceMap.CollectYields,27
1,19,DP,source,DistrictCatalog.Collect,140
1,19,DP,sink,MinionRoster.TryForge,-4789
1,19,DP,sink,MinionRoster.TryEvolveIndividual,-250
1,19,DP,sink,DungeonFeatureManager.TryPlaceTrap,-600
1,19,DP,sink,MinionRoster.TrySummon,-285
1,19,DP,source,AdventurerAI.ReapEmotion,214
1,19,DP,source,AdventurerAI.TakeDamage,4788
1,19,Material,source,AdventurerAI.TakeDamage,113
1,19,DP,sink,CommandSystem.TryUse,-6050
1,19,Fame,source,AdventurerAI.GrantReturnReward,160
1,19,Fame,source,LureEconomy.OnHeroEscaped,400
1,19,DP,source,AdventurerAI.GrantReturnReward,4634
1,19,DP,stock,end,3588
1,19,Material,stock,end,1182
1,19,Fame,stock,end,12309
1,20,DP,source,SurfaceMap.CollectYields,123
1,20,Material,source,SurfaceMap.CollectYields,6
1,20,Fame,source,SurfaceMap.CollectYields,27
1,20,DP,source,DistrictCatalog.Collect,140
1,20,DP,sink,MinionRoster.TryForge,-2652
1,20,Material,sink,MinionRoster.TryForge,-4
1,20,DP,sink,DungeonFeatureManager.TryPlaceTrap,-900
1,20,DP,sink,MinionRoster.TrySummon,-294
1,20,DP,source,AdventurerAI.ReapEmotion,212
1,20,DP,source,AdventurerAI.TakeDamage,5291
1,20,Material,source,AdventurerAI.TakeDamage,120
1,20,DP,sink,CommandSystem.TryUse,-5250
1,20,DP,source,AdventurerAI.GrantReturnReward,7745
1,20,Fame,source,AdventurerAI.GrantReturnReward,390
1,20,Fame,source,LureEconomy.OnHeroEscaped,975
1,20,DP,stock,end,8003
1,20,Material,stock,end,1304
1,20,Fame,stock,end,13701
1,21,DP,source,SurfaceMap.CollectYields,123
1,21,Material,source,SurfaceMap.CollectYields,6
1,21,Fame,source,SurfaceMap.CollectYields,27
1,21,DP,source,DistrictCatalog.Collect,140
1,21,DP,sink,MinionRoster.TryForge,-7174
1,21,Material,sink,MinionRoster.TryForge,-18
1,21,DP,sink,DungeonFeatureManager.TryPlaceTrap,-900
1,21,DP,sink,MinionRoster.TrySummon,-191
1,21,DP,source,AdventurerAI.ReapEmotion,349
1,21,DP,sink,CommandSystem.TryUse,-6700
1,21,DP,source,AdventurerAI.TakeDamage,13656
1,21,Material,source,AdventurerAI.TakeDamage,306
1,21,Fame,source,AdventurerAI.GrantReturnReward,250
1,21,Fame,source,LureEconomy.OnHeroEscaped,625
1,21,DP,source,AdventurerAI.GrantReturnReward,9437
1,21,DP,stock,end,16743
1,21,Material,stock,end,1598
1,21,Fame,stock,end,14603
1,22,DP,source,SurfaceMap.CollectYields,126
1,22,Material,source,SurfaceMap.CollectYields,6
1,22,Fame,source,SurfaceMap.CollectYields,28
1,22,DP,source,DistrictCatalog.Collect,140
1,22,DP,sink,MinionRoster.TryForge,-13634
1,22,DP,sink,DungeonFloorManager.TryExpandFloor,-2500
1,22,Material,sink,MinionRoster.TryForge,-38
1,22,DP,sink,DungeonFeatureManager.TryPlaceTrap,-600
1,22,DP,sink,MinionRoster.TrySummon,-275
1,22,DP,source,AdventurerAI.ReapEmotion,382
1,22,DP,sink,CommandSystem.TryUse,-6050
1,22,Fame,source,AdventurerAI.GrantReturnReward,350
1,22,Fame,source,LureEconomy.OnHeroEscaped,875
1,22,DP,source,AdventurerAI.GrantReturnReward,9140
1,22,DP,source,AdventurerAI.TakeDamage,9777
1,22,Material,source,AdventurerAI.TakeDamage,285
1,22,DP,stock,end,13249
1,22,Material,stock,end,1851
1,22,Fame,stock,end,15856
1,23,DP,source,SurfaceMap.CollectYields,126
1,23,Material,source,SurfaceMap.CollectYields,6
1,23,Fame,source,SurfaceMap.CollectYields,28
1,23,DP,source,DistrictCatalog.Collect,140
1,23,DP,sink,MinionRoster.TryForge,-12600
1,23,Material,sink,MinionRoster.TryForge,-40
1,23,DP,sink,DungeonFeatureManager.TryPlaceTrap,-750
1,23,DP,sink,MinionRoster.TrySummon,-158
1,23,DP,source,AdventurerAI.ReapEmotion,578
1,23,DP,sink,CommandSystem.TryUse,-6050
1,23,DP,source,AdventurerAI.TakeDamage,13100
1,23,Material,source,AdventurerAI.TakeDamage,189
1,23,DP,source,AdventurerAI.GrantReturnReward,9860
1,23,Fame,source,AdventurerAI.GrantReturnReward,330
1,23,Fame,source,LureEconomy.OnHeroEscaped,825
1,23,DP,stock,end,17495
1,23,Material,stock,end,2006
1,23,Fame,stock,end,17039
1,24,DP,source,SurfaceMap.CollectYields,126
1,24,Material,source,SurfaceMap.CollectYields,6
1,24,Fame,source,SurfaceMap.CollectYields,28
1,24,DP,source,DistrictCatalog.Collect,140
1,24,DP,sink,MinionRoster.TryForge,-168
1,24,DP,sink,DungeonFloorManager.TryAddFloor,-12500
1,24,DP,sink,MinionEvolution.TryEvolve,-4250
1,24,DP,sink,MinionRoster.TryEvolveIndividual,-350
1,24,DP,sink,DungeonFeatureManager.TryPlaceTrap,-300
1,24,DP,sink,MinionRoster.TrySummon,-193
1,24,DP,source,AdventurerAI.ReapEmotion,201
1,24,DP,source,AdventurerAI.TakeDamage,16499
1,24,Material,source,AdventurerAI.TakeDamage,539
1,24,DP,sink,CommandSystem.TryUse,-6050
1,24,DP,source,AdventurerAI.GrantReturnReward,10222
1,24,Fame,source,AdventurerAI.GrantReturnReward,350
1,24,Fame,source,LureEconomy.OnHeroEscaped,875
1,24,DP,stock,end,20872
1,24,Material,stock,end,2551
1,24,Fame,stock,end,18292
1,25,DP,source,SurfaceMap.CollectYields,126
1,25,Material,source,SurfaceMap.CollectYields,6
1,25,Fame,source,SurfaceMap.CollectYields,28
1,25,DP,source,DistrictCatalog.Collect,28
1,25,DP,source,EraSystem.TickTurn,3840
1,25,DP,sink,MinionRoster.TryForge,-10092
1,25,DP,sink,DungeonFloorManager.TryExpandFloor,-1200
1,25,DP,sink,MinionEvolution.TryEvolve,-650
1,25,DP,sink,MinionRoster.TryEvolveIndividual,-11800
1,25,Material,sink,MinionRoster.TryForge,-28
1,25,DP,sink,DungeonFeatureManager.TryPlaceTrap,-900
1,25,DP,sink,MinionRoster.TrySummon,-220
1,25,DP,source,AdventurerAI.ReapEmotion,158
1,25,DP,source,AdventurerAI.GrantReturnReward,11182
1,25,Fame,source,AdventurerAI.GrantReturnReward,500
1,25,Fame,source,LureEconomy.OnHeroEscaped,1250
1,25,DP,sink,CommandSystem.TryUse,-6050
1,25,DP,source,AdventurerAI.TakeDamage,10588
1,25,Material,source,AdventurerAI.TakeDamage,222
1,25,DP,stock,end,15882
1,25,Material,stock,end,2751
1,25,Fame,stock,end,20070
1,26,DP,source,SurfaceMap.CollectYields,126
1,26,Material,source,SurfaceMap.CollectYields,6
1,26,Fame,source,SurfaceMap.CollectYields,28
1,26,DP,source,DistrictCatalog.Collect,28
1,26,DP,source,EraSystem.TickTurn,6528
1,26,DP,sink,MinionRoster.TryForge,-12900
1,26,DP,sink,DungeonFloorManager.TryExpandFloor,-6500
1,26,DP,sink,MinionRoster.TryEvolveIndividual,-1475
1,26,Material,sink,MinionRoster.TryForge,-92
1,26,DP,sink,DungeonFeatureManager.TryPlaceTrap,-1500
1,26,DP,sink,MinionRoster.TrySummon,-165
1,26,DP,source,AdventurerAI.ReapEmotion,155
1,26,DP,source,AdventurerAI.GrantReturnReward,15678
1,26,Fame,source,AdventurerAI.GrantReturnReward,340
1,26,Fame,source,LureEconomy.OnHeroEscaped,850
1,26,DP,sink,CommandSystem.TryUse,-6050
1,26,DP,source,AdventurerAI.TakeDamage,22965
1,26,Material,source,AdventurerAI.TakeDamage,317
1,26,DP,stock,end,32772
1,26,Material,stock,end,2982
1,26,Fame,stock,end,21288
1,27,DP,source,SurfaceMap.CollectYields,128
1,27,Material,source,SurfaceMap.CollectYields,6
1,27,Fame,source,SurfaceMap.CollectYields,28
1,27,DP,source,DistrictCatalog.Collect,28
1,27,DP,source,EraSystem.TickTurn,6528
1,27,DP,sink,MinionRoster.TryForge,-1770
1,27,DP,sink,DungeonFloorManager.TryAddFloor,-31250
1,27,DP,sink,DungeonFloorManager.TryExpandFloor,-5200
1,27,DP,sink,MinionRoster.TryEvolveIndividual,-250
1,27,Material,sink,MinionRoster.TryForge,-2
1,27,DP,sink,DungeonFeatureManager.TryPlaceTrap,-750
1,27,DP,sink,MinionRoster.TrySummon,-231
1,27,DP,source,AdventurerAI.ReapEmotion,156
1,27,DP,source,AdventurerAI.TakeDamage,30844
1,27,Material,source,AdventurerAI.TakeDamage,648
1,27,DP,sink,CommandSystem.TryUse,-6050
1,27,DP,source,AdventurerAI.GrantReturnReward,14561
1,27,Fame,source,AdventurerAI.GrantReturnReward,790
1,27,Fame,source,LureEconomy.OnHeroEscaped,1975
1,27,DP,stock,end,39516
1,27,Material,stock,end,3634
1,27,Fame,stock,end,24081
1,28,DP,source,SurfaceMap.CollectYields,128
1,28,Material,source,SurfaceMap.CollectYields,6
1,28,Fame,source,SurfaceMap.CollectYields,28
1,28,DP,source,DistrictCatalog.Collect,28
1,28,DP,source,EraSystem.TickTurn,3840
1,28,DP,sink,MinionRoster.TryForge,-34590
1,28,DP,sink,MinionRoster.TryEvolveIndividual,-775
1,28,Material,sink,MinionRoster.TryForge,-270
1,28,DP,sink,DungeonFeatureManager.TryPlaceTrap,-3750
1,28,DP,sink,MinionRoster.TrySummon,-4396
1,28,DP,source,AdventurerAI.ReapEmotion,536
1,28,DP,sink,CommandSystem.TryUse,-6050
1,28,DP,source,AdventurerAI.TakeDamage,40174
1,28,Material,source,AdventurerAI.TakeDamage,867
1,28,DP,source,AdventurerAI.GrantReturnReward,8164
1,28,Fame,source,AdventurerAI.GrantReturnReward,270
1,28,Fame,source,LureEconomy.OnHeroEscaped,675
1,28,DP,stock,end,42825
1,28,Material,stock,end,4237
1,28,Fame,stock,end,25054
1,29,DP,source,SurfaceMap.CollectYields,128
1,29,Material,source,SurfaceMap.CollectYields,6
1,29,Fame,source,SurfaceMap.CollectYields,28
1,29,DP,source,DistrictCatalog.Collect,28
1,29,DP,source,EraSystem.TickTurn,3840
1,29,DP,sink,MinionRoster.TryForge,-18108
1,29,DP,sink,MinionRoster.TryEvolveIndividual,-650
1,29,Material,sink,MinionRoster.TryForge,-36
1,29,DP,sink,DungeonFeatureManager.TryPlaceTrap,-4950
1,29,DP,sink,MinionRoster.TrySummon,-22903
1,29,DP,source,AdventurerAI.ReapEmotion,510
1,29,DP,sink,CommandSystem.TryUse,-6050
1,29,DP,source,AdventurerAI.TakeDamage,55318
1,29,Material,source,AdventurerAI.TakeDamage,813
1,29,DP,source,AdventurerAI.GrantReturnReward,5638
1,29,Fame,source,AdventurerAI.GrantReturnReward,190
1,29,Fame,source,LureEconomy.OnHeroEscaped,475
1,29,DP,stock,end,55626
1,29,Material,stock,end,5020
1,29,Fame,stock,end,25747
1,30,DP,source,SurfaceMap.CollectYields,148
1,30,Material,source,SurfaceMap.CollectYields,7
1,30,Fame,source,SurfaceMap.CollectYields,32
1,30,DP,source,DistrictCatalog.Collect,28
1,30,DP,source,EraSystem.TickTurn,6528
1,30,Material,source,EraSystem.TickTurn,32
1,30,DP,sink,MinionRoster.TryForge,-16632
1,30,DP,sink,DungeonFeatureManager.TryPlaceTrap,-6450
1,30,DP,sink,MinionRoster.TrySummon,-38331
1,30,DP,sink,CommandSystem.TryUse,-6050
1,30,DP,source,AdventurerAI.ReapEmotion,258
1,30,DP,source,AdventurerAI.TakeDamage,67995
1,30,Material,source,AdventurerAI.TakeDamage,15280
1,30,DP,source,AdventurerAI.GrantReturnReward,8062
1,30,Fame,source,AdventurerAI.GrantReturnReward,150
1,30,Fame,source,LureEconomy.OnHeroEscaped,375
1,30,DP,source,Nemesis.OnSlain,12834
1,30,Material,source,Nemesis.OnSlain,45
1,30,DP,stock,end,84016
1,30,Material,stock,end,20384
1,30,Fame,stock,end,26304
1,31,DP,source,SurfaceMap.CollectYields,148
1,31,Material,source,SurfaceMap.CollectYields,7
1,31,Fame,source,SurfaceMap.CollectYields,32
1,31,DP,source,DistrictCatalog.Collect,28
1,31,DP,source,EraSystem.TickTurn,3840
1,31,Material,source,EraSystem.TickTurn,64
1,31,DP,sink,MinionRoster.TryForge,-27750
1,31,Material,sink,MinionRoster.TryForge,-62
1,31,DP,sink,DungeonFeatureManager.TryPlaceTrap,-150
1,31,DP,sink,MinionRoster.TrySummon,-58980
1,31,DP,sink,CommandSystem.TryUse,-6050
1,31,DP,source,AdventurerAI.ReapEmotion,422
1,31,DP,source,AdventurerAI.TakeDamage,51505
1,31,Material,source,AdventurerAI.TakeDamage,815
1,31,DP,source,AdventurerAI.GrantReturnReward,8066
1,31,Fame,source,AdventurerAI.GrantReturnReward,250
1,31,Fame,source,LureEconomy.OnHeroEscaped,625
1,31,DP,source,Nemesis.OnSlain,4278
1,31,Material,source,Nemesis.OnSlain,17
1,31,DP,stock,end,59373
1,31,Material,stock,end,21225
1,31,Fame,stock,end,27211
1,32,DP,source,SurfaceMap.CollectYields,182
1,32,Material,source,SurfaceMap.CollectYields,8
1,32,Fame,source,SurfaceMap.CollectYields,39
1,32,DP,source,DistrictCatalog.Collect,28
1,32,DP,source,EraSystem.TickTurn,6528
1,32,Fame,source,EraSystem.TickTurn,272
1,32,DP,sink,MinionRoster.TryForge,-32130
1,32,Material,sink,MinionRoster.TryForge,-210
1,32,DP,sink,MinionRoster.TrySummon,-33962
1,32,DP,source,AdventurerAI.ReapEmotion,604
1,32,DP,sink,CommandSystem.TryUse,-5600
1,32,DP,source,AdventurerAI.TakeDamage,33295
1,32,Material,source,AdventurerAI.TakeDamage,415
1,32,DP,source,AdventurerAI.GrantReturnReward,4010
1,32,Fame,source,AdventurerAI.GrantReturnReward,60
1,32,Fame,source,LureEconomy.OnHeroEscaped,150
1,32,DP,source,Nemesis.OnSlain,2478
1,32,Material,source,Nemesis.OnSlain,18
1,32,DP,stock,end,34806
1,32,Material,stock,end,21456
1,32,Fame,stock,end,27732
1,33,DP,source,SurfaceMap.CollectYields,210
1,33,Material,source,SurfaceMap.CollectYields,9
1,33,Fame,source,SurfaceMap.CollectYields,45
1,33,DP,source,DistrictCatalog.Collect,28
1,33,DP,source,EraSystem.TickTurn,1920
1,33,DP,sink,MinionRoster.TryForge,-35520
1,33,Material,sink,MinionRoster.TryForge,-296
1,33,DP,sink,MinionRoster.TrySummon,-1438
1,33,DP,source,AdventurerAI.ReapEmotion,442
1,33,DP,sink,CommandSystem.TryUse,-5600
1,33,DP,source,AdventurerAI.GrantReturnReward,6043
1,33,Fame,source,AdventurerAI.GrantReturnReward,150
1,33,Fame,source,LureEconomy.OnHeroEscaped,375
1,33,DP,source,AdventurerAI.TakeDamage,59998
1,33,Material,source,AdventurerAI.TakeDamage,973
1,33,DP,source,Nemesis.OnSlain,826
1,33,Material,source,Nemesis.OnSlain,6
1,33,DP,stock,end,61715
1,33,Material,stock,end,22148
1,33,Fame,stock,end,28302
1,34,DP,source,SurfaceMap.CollectYields,210
1,34,Material,source,SurfaceMap.CollectYields,9
1,34,Fame,source,SurfaceMap.CollectYields,45
1,34,DP,source,DistrictCatalog.Collect,28
1,34,DP,sink,MinionRoster.TryForge,-51720
1,34,Material,sink,MinionRoster.TryForge,-526
1,34,DP,sink,MinionRoster.TrySummon,-10227
1,34,DP,source,AdventurerAI.ReapEmotion,531
1,34,DP,sink,CommandSystem.TryUse,-5600
1,34,DP,source,AdventurerAI.GrantReturnReward,6114
1,34,Fame,source,AdventurerAI.GrantReturnReward,180
1,34,Fame,source,LureEconomy.OnHeroEscaped,450
1,34,DP,source,AdventurerAI.TakeDamage,58031
1,34,Material,source,AdventurerAI.TakeDamage,644
1,34,DP,source,Nemesis.OnSlain,2526
1,34,Material,source,Nemesis.OnSlain,18
1,34,DP,stock,end,61608
1,34,Material,stock,end,22293
1,34,Fame,stock,end,28977
1,35,DP,source,SurfaceMap.CollectYields,262
1,35,Material,source,SurfaceMap.CollectYields,12
1,35,Fame,source,SurfaceMap.CollectYields,45
1,35,DP,source,DistrictCatalog.Collect,28
1,35,DP,sink,MinionRoster.TryForge,-59280
1,35,Material,sink,MinionRoster.TryForge,-684
1,35,DP,sink,MinionRoster.TrySummon,-2610
1,35,DP,source,AdventurerAI.ReapEmotion,197
1,35,DP,source,AdventurerAI.TakeDamage,71126
1,35,Material,source,AdventurerAI.TakeDamage,139398
1,35,DP,sink,CommandSystem.TryUse,-4450
1,35,DP,source,AdventurerAI.GrantReturnReward,4099
1,35,Fame,source,AdventurerAI.GrantReturnReward,90
1,35,Fame,source,LureEconomy.OnHeroEscaped,225
1,35,DP,source,Nemesis.OnSlain,5137
1,35,Material,source,Nemesis.OnSlain,23
1,35,DP,stock,end,76117
1,35,Material,stock,end,161042
1,35,Fame,stock,end,29337
1,36,DP,source,SurfaceMap.CollectYields,214
1,36,Material,source,SurfaceMap.CollectYields,12
1,36,Fame,source,SurfaceMap.CollectYields,37
1,36,DP,source,DistrictCatalog.Collect,28
1,36,DP,sink,MinionRoster.TryForge,-65520
1,36,Material,sink,MinionRoster.TryForge,-756
1,36,DP,sink,MinionRoster.TrySummon,-10826
1,36,DP,source,AdventurerAI.ReapEmotion,155
1,36,DP,source,AdventurerAI.TakeDamage,64810
1,36,Material,source,AdventurerAI.TakeDamage,919
1,36,DP,sink,CommandSystem.TryUse,-5600
1,36,DP,source,AdventurerAI.GrantReturnReward,6488
1,36,Fame,source,AdventurerAI.GrantReturnReward,160
1,36,Fame,source,LureEconomy.OnHeroEscaped,400
1,36,DP,source,Nemesis.OnSlain,875
1,36,Material,source,Nemesis.OnSlain,6
1,36,DP,stock,end,66741
1,36,Material,stock,end,161223
1,36,Fame,stock,end,29934
1,37,DP,source,SurfaceMap.CollectYields,214
1,37,Material,source,SurfaceMap.CollectYields,12
1,37,Fame,source,SurfaceMap.CollectYields,37
1,37,DP,source,DistrictCatalog.Collect,28
1,37,DP,sink,MinionRoster.TryForge,-64440
1,37,Material,sink,MinionRoster.TryForge,-778
1,37,DP,sink,MinionRoster.TrySummon,-2524
1,37,DP,source,AdventurerAI.ReapEmotion,466
1,37,DP,sink,CommandSystem.TryUse,-4100
1,37,DP,source,AdventurerAI.TakeDamage,60507
1,37,Material,source,AdventurerAI.TakeDamage,503
1,37,DP,source,AdventurerAI.GrantReturnReward,6396
1,37,Fame,source,AdventurerAI.GrantReturnReward,90
1,37,Fame,source,LureEconomy.OnHeroEscaped,225
1,37,DP,source,Nemesis.OnSlain,1782
1,37,Material,source,Nemesis.OnSlain,12
1,37,DP,stock,end,65070
1,37,Material,stock,end,160972
1,37,Fame,stock,end,30286
1,38,DP,source,SurfaceMap.CollectYields,214
1,38,Material,source,SurfaceMap.CollectYields,12
1,38,Fame,source,SurfaceMap.CollectYields,37
1,38,DP,source,DistrictCatalog.Collect,28
1,38,DP,sink,MinionRoster.TryForge,-62400
1,38,Material,sink,MinionRoster.TryForge,-832
1,38,DP,sink,MinionRoster.TrySummon,-2883
1,38,DP,source,AdventurerAI.ReapEmotion,411
1,38,DP,sink,CommandSystem.TryUse,-5600
1,38,DP,source,AdventurerAI.GrantReturnReward,12292
1,38,Fame,source,AdventurerAI.GrantReturnReward,310
1,38,Fame,source,LureEconomy.OnHeroEscaped,775
1,38,DP,source,AdventurerAI.TakeDamage,53806
1,38,Material,source,AdventurerAI.TakeDamage,757
1,38,DP,source,Nemesis.OnSlain,3380
1,38,Material,source,Nemesis.OnSlain,22
1,38,DP,stock,end,64318
1,38,Material,stock,end,160931
1,38,Fame,stock,end,31408
1,39,DP,source,SurfaceMap.CollectYields,214
1,39,Material,source,SurfaceMap.CollectYields,12
1,39,Fame,source,SurfaceMap.CollectYields,37
1,39,DP,source,DistrictCatalog.Collect,28
1,39,DP,sink,MinionRoster.TryForge,-62400
1,39,Material,sink,MinionRoster.TryForge,-832
1,39,DP,sink,MinionRoster.TrySummon,-2155
1,39,DP,source,AdventurerAI.ReapEmotion,482
1,39,DP,sink,CommandSystem.TryUse,-5950
1,39,DP,source,AdventurerAI.TakeDamage,66965
1,39,Material,source,AdventurerAI.TakeDamage,6166
1,39,DP,source,AdventurerAI.GrantReturnReward,8422
1,39,Fame,source,AdventurerAI.GrantReturnReward,180
1,39,Fame,source,LureEconomy.OnHeroEscaped,450
1,39,DP,source,Nemesis.OnSlain,6092
1,39,Material,source,Nemesis.OnSlain,29
1,39,DP,stock,end,76016
1,39,Material,stock,end,166306
1,39,Fame,stock,end,32075
1,40,DP,source,SurfaceMap.CollectYields,214
1,40,Material,source,SurfaceMap.CollectYields,12
1,40,Fame,source,SurfaceMap.CollectYields,37
1,40,DP,source,DistrictCatalog.Collect,28
1,40,DP,sink,MinionRoster.TryForge,-72000
1,40,Material,sink,MinionRoster.TryForge,-960
1,40,DP,sink,MinionRoster.TrySummon,-3151
1,40,DP,sink,CommandSystem.TryUse,-5600
1,40,DP,source,AdventurerAI.ReapEmotion,221
1,40,DP,source,AdventurerAI.TakeDamage,40234
1,40,Material,source,AdventurerAI.TakeDamage,702
1,40,DP,source,AdventurerAI.GrantReturnReward,2339
1,40,Fame,source,AdventurerAI.GrantReturnReward,50
1,40,Fame,source,LureEconomy.OnHeroEscaped,125
1,40,DP,source,Nemesis.OnSlain,2786
1,40,Material,source,Nemesis.OnSlain,18
1,40,DP,stock,end,41087
1,40,Material,stock,end,166078
1,40,Fame,stock,end,32287
1,41,DP,source,SurfaceMap.CollectYields,214
1,41,Material,source,SurfaceMap.CollectYields,12
1,41,Fame,source,SurfaceMap.CollectYields,37
1,41,DP,source,DistrictCatalog.Collect,28
1,41,DP,sink,MinionRoster.TryForge,-38400
1,41,Material,sink,MinionRoster.TryForge,-512
1,41,DP,sink,MinionRoster.TrySummon,-2592
1,41,DP,sink,CommandSystem.TryUse,-4450
1,41,DP,source,AdventurerAI.ReapEmotion,551
1,41,DP,source,AdventurerAI.TakeDamage,47886
1,41,Material,source,AdventurerAI.TakeDamage,566
1,41,DP,source,AdventurerAI.GrantReturnReward,10441
1,41,Fame,source,AdventurerAI.GrantReturnReward,370
1,41,Fame,source,LureEconomy.OnHeroEscaped,925
1,41,DP,source,Nemesis.OnSlain,2820
1,41,Material,source,Nemesis.OnSlain,18
1,41,DP,stock,end,57585
1,41,Material,stock,end,166162
1,41,Fame,stock,end,33619
1,42,DP,source,SurfaceMap.CollectYields,214
1,42,Material,source,SurfaceMap.CollectYields,12
1,42,Fame,source,SurfaceMap.CollectYields,37
1,42,DP,source,DistrictCatalog.Collect,28
1,42,DP,source,EraSystem.TickTurn,1920
1,42,DP,sink,MinionRoster.TryForge,-52800
1,42,Material,sink,MinionRoster.TryForge,-704
1,42,DP,sink,MinionRoster.TrySummon,-6447
1,42,DP,sink,CommandSystem.TryUse,-5600
1,42,DP,source,AdventurerAI.ReapEmotion,738
1,42,DP,source,AdventurerAI.TakeDamage,66079
1,42,Material,source,AdventurerAI.TakeDamage,748
1,42,DP,source,AdventurerAI.GrantReturnReward,8333
1,42,Fame,source,AdventurerAI.GrantReturnReward,150
1,42,Fame,source,LureEconomy.OnHeroEscaped,375
1,42,DP,source,Nemesis.OnSlain,2868
1,42,Material,source,Nemesis.OnSlain,18
1,42,DP,stock,end,72918
1,42,Material,stock,end,166236
1,42,Fame,stock,end,34181
1,43,DP,source,SurfaceMap.CollectYields,214
1,43,Material,source,SurfaceMap.CollectYields,12
1,43,Fame,source,SurfaceMap.CollectYields,37
1,43,DP,source,DistrictCatalog.Collect,28
1,43,Material,source,DistrictCatalog.Collect,6
1,43,DP,sink,MinionRoster.TrySummon,-72431
1,43,DP,sink,ProductionSystem.TryPurchase,-240
1,43,DP,sink,CommandSystem.TryUse,-5600
1,43,DP,source,AdventurerAI.ReapEmotion,603
1,43,DP,source,AdventurerAI.TakeDamage,57551
1,43,Material,source,AdventurerAI.TakeDamage,641
1,43,DP,source,AdventurerAI.GrantReturnReward,14587
1,43,Fame,source,AdventurerAI.GrantReturnReward,300
1,43,Fame,source,LureEconomy.OnHeroEscaped,750
1,43,DP,source,Nemesis.OnSlain,2868
1,43,Material,source,Nemesis.OnSlain,18
1,43,DP,stock,end,70498
1,43,Material,stock,end,166913
1,43,Fame,stock,end,35268
1,44,DP,source,SurfaceMap.CollectYields,241
1,44,Material,source,SurfaceMap.CollectYields,12
1,44,Fame,source,SurfaceMap.CollectYields,45
1,44,DP,source,DistrictCatalog.Collect,28
1,44,Material,source,DistrictCatalog.Collect,7
1,44,DP,sink,MinionRoster.TrySummon,-69454
1,44,DP,sink,ProductionSystem.TryPurchase,-144
1,44,DP,sink,CommandSystem.TryUse,-4800
1,44,DP,source,AdventurerAI.TakeDamage,63110
1,44,Material,source,AdventurerAI.TakeDamage,646
1,44,DP,source,AdventurerAI.ReapEmotion,191
1,44,DP,source,AdventurerAI.GrantReturnReward,10966
1,44,Fame,source,AdventurerAI.GrantReturnReward,280
1,44,Fame,source,LureEconomy.OnHeroEscaped,700
1,44,DP,source,Nemesis.OnSlain,972
1,44,Material,source,Nemesis.OnSlain,6
1,44,DP,stock,end,71608
1,44,Material,stock,end,167584
1,44,Fame,stock,end,36293
1,45,DP,source,SurfaceMap.CollectYields,259
1,45,Material,source,SurfaceMap.CollectYields,12
1,45,Fame,source,SurfaceMap.CollectYields,45
1,45,DP,source,DistrictCatalog.Collect,28
1,45,Material,source,DistrictCatalog.Collect,7
1,45,DP,sink,MinionRoster.TrySummon,-70709
1,45,DP,sink,ProductionSystem.TryPurchase,-720
1,45,DP,sink,CommandSystem.TryUse,-4450
1,45,DP,source,AdventurerAI.ReapEmotion,216
1,45,DP,source,AdventurerAI.TakeDamage,76535
1,45,Material,source,AdventurerAI.TakeDamage,743
1,45,DP,source,AdventurerAI.GrantReturnReward,4628
1,45,Fame,source,AdventurerAI.GrantReturnReward,170
1,45,Fame,source,LureEconomy.OnHeroEscaped,425
1,45,DP,source,Nemesis.OnSlain,2997
1,45,Material,source,Nemesis.OnSlain,18
1,45,DP,stock,end,80392
1,45,Material,stock,end,168364
1,45,Fame,stock,end,36933
1,46,DP,source,SurfaceMap.CollectYields,259
1,46,Material,source,SurfaceMap.CollectYields,12
1,46,Fame,source,SurfaceMap.CollectYields,45
1,46,DP,source,DistrictCatalog.Collect,28
1,46,Material,source,DistrictCatalog.Collect,7
1,46,DP,source,WaveRoster.ResolveTrial,3900
1,46,DP,sink,MinionRoster.TrySummon,-83104
1,46,DP,sink,ProductionSystem.TryPurchase,-1024
1,46,DP,sink,CommandSystem.TryUse,-4450
1,46,DP,source,AdventurerAI.ReapEmotion,203
1,46,Fame,source,AdventurerAI.GrantReturnReward,280
1,46,Fame,source,LureEconomy.OnHeroEscaped,700
1,46,DP,source,AdventurerAI.GrantReturnReward,8343
1,46,DP,source,AdventurerAI.TakeDamage,65795
1,46,Material,source,AdventurerAI.TakeDamage,646
1,46,DP,source,Nemesis.OnSlain,3371
1,46,Material,source,Nemesis.OnSlain,20
1,46,DP,stock,end,73713
1,46,Material,stock,end,169049
1,46,Fame,stock,end,37958
1,47,DP,source,SurfaceMap.CollectYields,259
1,47,Material,source,SurfaceMap.CollectYields,12
1,47,Fame,source,SurfaceMap.CollectYields,45
1,47,DP,source,DistrictCatalog.Collect,28
1,47,Material,source,DistrictCatalog.Collect,6
1,47,DP,sink,MinionRoster.TryForge,-8640
1,47,Material,sink,MinionRoster.TryForge,-126
1,47,DP,sink,MinionEvolution.TryEvolve,-9050
1,47,DP,sink,MinionRoster.TryEvolveIndividual,-51700
1,47,DP,sink,MinionRoster.TrySummon,-4578
1,47,DP,source,AdventurerAI.ReapEmotion,210
1,47,DP,source,AdventurerAI.GrantReturnReward,7924
1,47,Fame,source,AdventurerAI.GrantReturnReward,200
1,47,Fame,source,LureEconomy.OnHeroEscaped,500
1,47,DP,sink,CommandSystem.TryUse,-5600
1,47,DP,source,AdventurerAI.TakeDamage,74988
1,47,Material,source,AdventurerAI.TakeDamage,887
1,47,DP,source,Nemesis.OnSlain,3063
1,47,Material,source,Nemesis.OnSlain,18
1,47,DP,stock,end,80617
1,47,Material,stock,end,169846
1,47,Fame,stock,end,38703
1,48,DP,source,SurfaceMap.CollectYields,228
1,48,Material,source,SurfaceMap.CollectYields,12
1,48,Fame,source,SurfaceMap.CollectYields,37
1,48,DP,source,DistrictCatalog.Collect,28
1,48,Material,source,DistrictCatalog.Collect,1
1,48,DP,source,EraSystem.TickTurn,9720
1,48,DP,sink,MinionRoster.TryForge,-8640
1,48,Material,sink,MinionRoster.TryForge,-126
1,48,DP,sink,DungeonFloorManager.TryAddFloor,-78125
1,48,DP,sink,DungeonFloorManager.TryExpandFloor,-1200
1,48,DP,sink,DungeonFeatureManager.TryPlaceTrap,-2400
1,48,DP,sink,MinionRoster.TrySummon,-225
1,48,DP,source,AdventurerAI.ReapEmotion,296
1,48,DP,source,AdventurerAI.GrantReturnReward,13542
1,48,Fame,source,AdventurerAI.GrantReturnReward,310
1,48,Fame,source,LureEconomy.OnHeroEscaped,775
1,48,DP,sink,CommandSystem.TryUse,-4450
1,48,DP,source,AdventurerAI.TakeDamage,65235
1,48,Material,source,AdventurerAI.TakeDamage,713
1,48,DP,source,Nemesis.OnSlain,3063
1,48,Material,source,Nemesis.OnSlain,18
1,48,DP,stock,end,77689
1,48,Material,stock,end,170464
1,48,Fame,stock,end,39825
1,49,DP,source,SurfaceMap.CollectYields,228
1,49,Material,source,SurfaceMap.CollectYields,12
1,49,Fame,source,SurfaceMap.CollectYields,37
1,49,DP,source,DistrictCatalog.Collect,28
1,49,Material,source,DistrictCatalog.Collect,1
1,49,DP,source,EraSystem.TickTurn,9720
1,49,DP,sink,MinionRoster.TryForge,-5760
1,49,Material,sink,MinionRoster.TryForge,-84
1,49,DP,sink,MinionEvolution.TryEvolve,-14200
1,49,DP,sink,MinionRoster.TryEvolveIndividual,-66950
1,49,DP,sink,DungeonFeatureManager.TryPlaceTrap,-600
1,49,DP,sink,MinionRoster.TrySummon,-144
1,49,DP,source,AdventurerAI.ReapEmotion,195
1,49,DP,source,AdventurerAI.TakeDamage,40653
1,49,Material,source,AdventurerAI.TakeDamage,470
1,49,DP,sink,CommandSystem.TryUse,-4450
1,49,DP,source,AdventurerAI.GrantReturnReward,4972
1,49,Fame,source,AdventurerAI.GrantReturnReward,150
1,49,Fame,source,LureEconomy.OnHeroEscaped,375
1,49,DP,source,Nemesis.OnSlain,3111
1,49,Material,source,Nemesis.OnSlain,18
1,49,DP,stock,end,44492
1,49,Material,stock,end,170881
1,49,Fame,stock,end,40387
1,50,DP,source,SurfaceMap.CollectYields,228
1,50,Material,source,SurfaceMap.CollectYields,12
1,50,Fame,source,SurfaceMap.CollectYields,37
1,50,DP,source,DistrictCatalog.Collect,28
1,50,Material,source,DistrictCatalog.Collect,1
1,50,DP,source,EraSystem.TickTurn,9720
1,50,DP,sink,MinionRoster.TryForge,-5760
1,50,Material,sink,MinionRoster.TryForge,-84
1,50,DP,sink,DungeonFloorManager.TryExpandFloor,-4000
1,50,DP,sink,MinionEvolution.TryEvolve,-19050
1,50,DP,sink,MinionRoster.TryEvolveIndividual,-24350
1,50,DP,sink,DungeonFeatureManager.TryPlaceTrap,-1050
1,50,DP,sink,MinionRoster.TrySummon,-239
1,50,DP,source,AdventurerAI.ReapEmotion,275
1,50,DP,source,AdventurerAI.GrantReturnReward,2820
1,50,Fame,source,AdventurerAI.GrantReturnReward,90
1,50,Fame,source,LureEconomy.OnHeroEscaped,225
1,50,DP,sink,CommandSystem.TryUse,-4450
1,50,DP,source,AdventurerAI.TakeDamage,103279
1,50,Material,source,AdventurerAI.TakeDamage,981
1,50,DP,source,Nemesis.OnSlain,3159
1,50,Material,source,Nemesis.OnSlain,18
1,50,DP,stock,end,105102
1,50,Material,stock,end,171809
1,50,Fame,stock,end,40739
1,51,DP,source,SurfaceMap.CollectYields,228
1,51,Material,source,SurfaceMap.CollectYields,12
1,51,Fame,source,SurfaceMap.CollectYields,37
1,51,DP,source,DistrictCatalog.Collect,28
1,51,Material,source,DistrictCatalog.Collect,1
1,51,DP,source,EraSystem.TickTurn,9720
1,51,DP,sink,MinionRoster.TryForge,-34560
1,51,Material,sink,MinionRoster.TryForge,-504
1,51,DP,sink,MinionRoster.TryEvolveIndividual,-76050
1,51,DP,sink,DungeonFeatureManager.TryPlaceTrap,-600
1,51,DP,sink,MinionRoster.TrySummon,-3863
1,51,DP,source,AdventurerAI.ReapEmotion,315
1,51,Fame,source,AdventurerAI.GrantReturnReward,290
1,51,Fame,source,LureEconomy.OnHeroEscaped,725
1,51,DP,sink,CommandSystem.TryUse,-4900
1,51,DP,source,AdventurerAI.TakeDamage,95185
1,51,Material,source,AdventurerAI.TakeDamage,1248
1,51,DP,source,AdventurerAI.GrantReturnReward,4658
1,51,DP,source,Nemesis.OnSlain,3207
1,51,Material,source,Nemesis.OnSlain,18
1,51,DP,stock,end,98470
1,51,Material,stock,end,172584
1,51,Fame,stock,end,41791
1,52,DP,source,SurfaceMap.CollectYields,228
1,52,Material,source,SurfaceMap.CollectYields,12
1,52,Fame,source,SurfaceMap.CollectYields,37
1,52,DP,source,DistrictCatalog.Collect,28
1,52,Material,source,DistrictCatalog.Collect,1
1,52,DP,source,EraSystem.TickTurn,16524
1,52,DP,sink,MinionRoster.TryForge,-97920
1,52,Material,sink,MinionRoster.TryForge,-1428
1,52,DP,sink,MinionRoster.TryEvolveIndividual,-14850
1,52,DP,sink,MinionRoster.TrySummon,-2469
1,52,DP,source,AdventurerAI.ReapEmotion,304
1,52,Fame,source,AdventurerAI.GrantReturnReward,280
1,52,Fame,source,LureEconomy.OnHeroEscaped,700
1,52,DP,source,AdventurerAI.TakeDamage,98836
1,52,Material,source,AdventurerAI.TakeDamage,827
1,52,DP,sink,CommandSystem.TryUse,-4450
1,52,DP,source,AdventurerAI.GrantReturnReward,6008
1,52,DP,source,Nemesis.OnSlain,2170
1,52,Material,source,Nemesis.OnSlain,12
1,52,DP,stock,end,102879
1,52,Material,stock,end,172008
1,52,Fame,stock,end,42808
1,53,DP,source,SurfaceMap.CollectYields,228
1,53,Material,source,SurfaceMap.CollectYields,12
1,53,Fame,source,SurfaceMap.CollectYields,37
1,53,DP,source,DistrictCatalog.Collect,28
1,53,Material,source,DistrictCatalog.Collect,1
1,53,DP,source,EraSystem.TickTurn,9720
1,53,Material,source,EraSystem.TickTurn,124
1,53,DP,sink,MinionRoster.TryForge,-109440
1,53,Material,sink,MinionRoster.TryForge,-1596
1,53,DP,sink,MinionRoster.TrySummon,-3415
1,53,DP,source,AdventurerAI.ReapEmotion,200
1,53,Fame,source,AdventurerAI.GrantReturnReward,310
1,53,Fame,source,LureEconomy.OnHeroEscaped,775
1,53,DP,source,AdventurerAI.GrantReturnReward,5074
1,53,DP,sink,CommandSystem.TryUse,-4900
1,53,DP,source,AdventurerAI.TakeDamage,111926
1,53,Material,source,AdventurerAI.TakeDamage,1050
1,53,DP,source,Nemesis.OnSlain,3659
1,53,Material,source,Nemesis.OnSlain,20
1,53,DP,stock,end,115959
1,53,Material,stock,end,171619
1,53,Fame,stock,end,43930
1,54,DP,source,SurfaceMap.CollectYields,228
1,54,Material,source,SurfaceMap.CollectYields,12
1,54,Fame,source,SurfaceMap.CollectYields,37
1,54,DP,source,DistrictCatalog.Collect,28
1,54,Material,source,DistrictCatalog.Collect,1
1,54,DP,source,EraSystem.TickTurn,9720
1,54,Material,source,EraSystem.TickTurn,62
1,54,Fame,source,EraSystem.TickTurn,135
1,54,DP,sink,MinionRoster.TryForge,-123120
1,54,Material,sink,MinionRoster.TryForge,-1813
1,54,DP,sink,MinionRoster.TrySummon,-2763
1,54,DP,source,AdventurerAI.ReapEmotion,181
1,54,Fame,source,AdventurerAI.GrantReturnReward,130
1,54,Fame,source,LureEconomy.OnHeroEscaped,325
1,54,DP,source,AdventurerAI.TakeDamage,119129
1,54,Material,source,AdventurerAI.TakeDamage,1099
1,54,DP,sink,CommandSystem.TryUse,-4450
1,54,DP,source,AdventurerAI.GrantReturnReward,3083
1,54,DP,source,Nemesis.OnSlain,3306
1,54,Material,source,Nemesis.OnSlain,18
1,54,DP,stock,end,121301
1,54,Material,stock,end,170998
1,54,Fame,stock,end,44557
1,55,DP,source,SurfaceMap.CollectYields,259
1,55,Material,source,SurfaceMap.CollectYields,12
1,55,Fame,source,SurfaceMap.CollectYields,45
1,55,DP,source,DistrictCatalog.Collect,28
1,55,Material,source,DistrictCatalog.Collect,1
1,55,DP,source,EraSystem.TickTurn,9720
1,55,DP,sink,MinionRoster.TryForge,-126000
1,55,Material,sink,MinionRoster.TryForge,-1925
1,55,DP,sink,MinionRoster.TrySummon,-5282
1,55,DP,source,AdventurerAI.ReapEmotion,302
1,55,DP,sink,CommandSystem.TryUse,-4900
1,55,DP,source,AdventurerAI.GrantReturnReward,7418
1,55,Fame,source,AdventurerAI.GrantReturnReward,220
1,55,Fame,source,LureEconomy.OnHeroEscaped,550
1,55,DP,source,AdventurerAI.TakeDamage,131698
1,55,Material,source,AdventurerAI.TakeDamage,1238
1,55,DP,source,Nemesis.OnSlain,2236
1,55,Material,source,Nemesis.OnSlain,12
1,55,DP,stock,end,136780
1,55,Material,stock,end,170336
1,55,Fame,stock,end,45372
1,56,DP,source,SurfaceMap.CollectYields,259
1,56,Material,source,SurfaceMap.CollectYields,12
1,56,Fame,source,SurfaceMap.CollectYields,45
1,56,DP,source,DistrictCatalog.Collect,28
1,56,Material,source,DistrictCatalog.Collect,1
1,56,DP,source,EraSystem.TickTurn,11664
1,56,DP,sink,MinionRoster.TryForge,-144000
1,56,Material,sink,MinionRoster.TryForge,-2200
1,56,DP,sink,MinionRoster.TrySummon,-4704
1,56,DP,source,AdventurerAI.ReapEmotion,194
1,56,DP,source,AdventurerAI.TakeDamage,130623
1,56,Material,source,AdventurerAI.TakeDamage,863
1,56,DP,sink,CommandSystem.TryUse,-4450
1,56,Fame,source,AdventurerAI.GrantReturnReward,90
1,56,Fame,source,LureEconomy.OnHeroEscaped,225
1,56,DP,source,AdventurerAI.GrantReturnReward,2020
1,56,DP,source,Nemesis.OnSlain,3402
1,56,Material,source,Nemesis.OnSlain,18
1,56,DP,stock,end,131816
1,56,Material,stock,end,169030
1,56,Fame,stock,end,45732
1,57,DP,source,SurfaceMap.CollectYields,259
1,57,Material,source,SurfaceMap.CollectYields,12
1,57,Fame,source,SurfaceMap.CollectYields,45
1,57,DP,source,DistrictCatalog.Collect,28
1,57,Material,source,DistrictCatalog.Collect,1
1,57,DP,sink,MinionRoster.TryForge,-126000
1,57,Material,sink,MinionRoster.TryForge,-1925
1,57,DP,sink,MinionRoster.TrySummon,-6071
1,57,DP,source,AdventurerAI.ReapEmotion,323
1,57,DP,sink,CommandSystem.TryUse,-4450
1,57,DP,source,AdventurerAI.GrantReturnReward,4149
1,57,Fame,source,AdventurerAI.GrantReturnReward,150
1,57,Fame,source,LureEconomy.OnHeroEscaped,375
1,57,DP,source,AdventurerAI.TakeDamage,129084
1,57,Material,source,AdventurerAI.TakeDamage,1141
1,57,DP,source,Nemesis.OnSlain,3830
1,57,Material,source,Nemesis.OnSlain,20
1,57,DP,stock,end,132968
1,57,Material,stock,end,168279
1,57,Fame,stock,end,46302
1,58,DP,source,SurfaceMap.CollectYields,259
1,58,Material,source,SurfaceMap.CollectYields,12
1,58,Fame,source,SurfaceMap.CollectYields,45
1,58,DP,source,DistrictCatalog.Collect,28
1,58,Material,source,DistrictCatalog.Collect,1
1,58,DP,sink,MinionRoster.TryForge,-126000
1,58,Material,sink,MinionRoster.TryForge,-2005
1,58,DP,sink,MinionRoster.TrySummon,-7234
1,58,DP,source,AdventurerAI.ReapEmotion,229
1,58,DP,source,AdventurerAI.TakeDamage,110146
1,58,Material,source,AdventurerAI.TakeDamage,564
1,58,Fame,source,AdventurerAI.GrantReturnReward,240
1,58,Fame,source,LureEconomy.OnHeroEscaped,600
1,58,DP,sink,CommandSystem.TryUse,-4450
1,58,DP,source,AdventurerAI.GrantReturnReward,9485
1,58,DP,source,Nemesis.OnSlain,3515
1,58,Material,source,Nemesis.OnSlain,18
1,58,DP,stock,end,118946
1,58,Material,stock,end,166869
1,58,Fame,stock,end,47187
1,59,DP,source,SurfaceMap.CollectYields,228
1,59,Material,source,SurfaceMap.CollectYields,12
1,59,Fame,source,SurfaceMap.CollectYields,37
1,59,DP,source,DistrictCatalog.Collect,28
1,59,Material,source,DistrictCatalog.Collect,1
1,59,DP,sink,MinionRoster.TryForge,-112320
1,59,Material,sink,MinionRoster.TryForge,-1820
1,59,DP,sink,MinionRoster.TrySummon,-6860
1,59,DP,source,AdventurerAI.ReapEmotion,296
1,59,DP,source,AdventurerAI.TakeDamage,112651
1,59,Material,source,AdventurerAI.TakeDamage,1032
1,59,DP,sink,CommandSystem.TryUse,-4450
1,59,Fame,source,AdventurerAI.GrantReturnReward,300
1,59,Fame,source,LureEconomy.OnHeroEscaped,750
1,59,DP,source,AdventurerAI.GrantReturnReward,5813
1,59,DP,source,Nemesis.OnSlain,3548
1,59,Material,source,Nemesis.OnSlain,18
1,59,DP,stock,end,117880
1,59,Material,stock,end,166112
1,59,Fame,stock,end,48274
2,1,DP,sink,DungeonFeatureManager.TryPlaceTrap,-150
2,1,DP,source,AdventurerAI.ReapEmotion,146
2,1,DP,source,AdventurerAI.TakeDamage,492
2,1,Material,source,AdventurerAI.TakeDamage,18
2,1,DP,sink,CommandSystem.TryUse,-600
2,1,DP,source,AdventurerAI.GrantReturnReward,49
2,1,Fame,source,AdventurerAI.GrantReturnReward,10
2,1,Fame,source,LureEconomy.OnHeroEscaped,25
2,1,DP,stock,end,137
2,1,Material,stock,end,18
2,1,Fame,stock,end,35
2,2,DP,source,SurfaceMap.CollectYields,18
2,2,Material,source,SurfaceMap.CollectYields,1
2,2,Fame,source,SurfaceMap.CollectYields,4
2,2,DP,source,EraSystem.TickTurn,600
2,2,Fame,source,EraSystem.TickTurn,25
2,2,DP,sink,MinionRoster.TryForge,-236
2,2,DP,sink,MinionEvolution.TryEvolve,-150
2,2,DP,sink,DungeonFeatureManager.TryPlaceTrap,-300
2,2,DP,sink,MinionRoster.TrySummon,-66
2,2,DP,source,AdventurerAI.ReapEmotion,108
2,2,DP,source,AdventurerAI.TakeDamage,404
2,2,Material,source,AdventurerAI.TakeDamage,12
2,2,DP,source,AdventurerAI.GrantReturnReward,1040
2,2,Fame,source,AdventurerAI.GrantReturnReward,40
2,2,Fame,source,LureEconomy.OnHeroEscaped,100
2,2,DP,sink,CommandSystem.TryUse,-1150
2,2,DP,stock,end,405
2,2,Material,stock,end,31
2,2,Fame,stock,end,204
2,3,DP,source,SurfaceMap.CollectYields,18
2,3,Material,source,SurfaceMap.CollectYields,1
2,3,Fame,source,SurfaceMap.CollectYields,4
2,3,DP,source,EraSystem.TickTurn,600
2,3,DP,sink,MinionRoster.TryForge,-236
2,3,DP,sink,DungeonFloorManager.TryExpandFloor,-400
2,3,DP,sink,MinionEvolution.TryEvolve,-75
2,3,DP,sink,DungeonFeatureManager.TryPlaceTrap,-300
2,3,DP,source,AdventurerAI.ReapEmotion,392
2,3,DP,source,AdventurerAI.TakeDamage,657
2,3,Material,source,AdventurerAI.TakeDamage,35
2,3,DP,sink,CommandSystem.TryUse,-1150
2,3,DP,source,AdventurerAI.GrantReturnReward,594
2,3,Fame,source,AdventurerAI.GrantReturnReward,40
2,3,Fame,source,LureEconomy.OnHeroEscaped,100
2,3,DP,stock,end,505
2,3,Material,stock,end,67
2,3,Fame,stock,end,348
2,4,DP,source,SurfaceMap.CollectYields,18
2,4,Material,source,SurfaceMap.CollectYields,1
2,4,Fame,source,SurfaceMap.CollectYields,4
2,4,DP,source,EraSystem.TickTurn,600
2,4,Material,source,EraSystem.TickTurn,10
2,4,DP,sink,MinionRoster.TryForge,-504
2,4,DP,sink,MinionEvolution.TryEvolve,-175
2,4,DP,sink,DungeonFeatureManager.TryPlaceTrap,-300
2,4,DP,sink,MinionRoster.TrySummon,-136
2,4,DP,source,AdventurerAI.ReapEmotion,299
2,4,DP,source,AdventurerAI.GrantReturnReward,804
2,4,Fame,source,AdventurerAI.GrantReturnReward,70
2,4,Fame,source,LureEconomy.OnHeroEscaped,175
2,4,DP,sink,CommandSystem.TryUse,-1150
2,4,DP,source,AdventurerAI.TakeDamage,492
2,4,Material,source,AdventurerAI.TakeDamage,40
2,4,DP,source,Nemesis.OnSlain,908
2,4,Material,source,Nemesis.OnSlain,10
2,4,DP,stock,end,1361
2,4,Material,stock,end,128
2,4,Fame,stock,end,597
2,5,DP,source,SurfaceMap.CollectYields,18
2,5,Material,source,SurfaceMap.CollectYields,1
2,5,Fame,source,SurfaceMap.CollectYields,4
2,5,DP,source,EraSystem.TickTurn,600
2,5,DP,sink,MinionRoster.TryForge,-212
2,5,DP,sink,DungeonFloorManager.TryAddFloor,-800
2,5,DP,sink,DungeonFloorManager.TryExpandFloor,-400
2,5,DP,sink,MinionEvolution.TryEvolve,-225
2,5,DP,sink,DungeonFeatureManager.TryPlaceTrap,-150
2,5,DP,sink,MinionRoster.TrySummon,-189
2,5,DP,source,AdventurerAI.ReapEmotion,384
2,5,DP,source,AdventurerAI.TakeDamage,1217
2,5,Material,source,AdventurerAI.TakeDamage,44
2,5,DP,sink,CommandSystem.TryUse,-1800
2,5,DP,source,AdventurerAI.GrantReturnReward,526
2,5,Fame,source,AdventurerAI.GrantReturnReward,20
2,5,Fame,source,LureEconomy.OnHeroEscaped,50
2,5,DP,source,Nemesis.OnSlain,940
2,5,Material,source,Nemesis.OnSlain,10
2,5,DP,stock,end,1270
2,5,Material,stock,end,183
2,5,Fame,stock,end,671
2,6,DP,source,SurfaceMap.CollectYields,38
2,6,Material,source,SurfaceMap.CollectYields,2
2,6,Fame,source,SurfaceMap.CollectYields,8
2,6,DP,source,EraSystem.TickTurn,600
2,6,DP,sink,MinionRoster.TryForge,-212
2,6,DP,sink,DungeonFloorManager.TryExpandFloor,-800
2,6,DP,sink,MinionEvolution.TryEvolve,-525
2,6,DP,sink,DungeonFeatureManager.TryPlaceTrap,-150
2,6,DP,sink,MinionRoster.TrySummon,-215
2,6,DP,source,AdventurerAI.ReapEmotion,120
2,6,DP,source,AdventurerAI.TakeDamage,2278
2,6,Material,source,AdventurerAI.TakeDamage,60
2,6,DP,sink,CommandSystem.TryUse,-1800
2,6,DP,source,AdventurerAI.GrantReturnReward,498
2,6,Fame,source,AdventurerAI.GrantReturnReward,40
2,6,Fame,source,LureEconomy.OnHeroEscaped,100
2,6,DP,source,Nemesis.OnSlain,1458
2,6,Material,source,Nemesis.OnSlain,15
2,6,DP,stock,end,2560
2,6,Material,stock,end,260
2,6,Fame,stock,end,819
2,7,DP,source,SurfaceMap.CollectYields,38
2,7,Material,source,SurfaceMap.CollectYields,2
2,7,Fame,source,SurfaceMap.CollectYields,8
2,7,DP,source,EraSystem.TickTurn,1020
2,7,DP,sink,MinionRoster.TryForge,-212
2,7,DP,sink,DungeonFloorManager.TryAddFloor,-2000
2,7,DP,sink,DungeonFloorManager.TryExpandFloor,-400
2,7,DP,sink,MinionEvolution.TryEvolve,-700
2,7,DP,sink,DungeonFeatureManager.TryPlaceTrap,-150
2,7,DP,sink,MinionRoster.TrySummon,-135
2,7,DP,source,AdventurerAI.ReapEmotion,124
2,7,Fame,source,AdventurerAI.GrantReturnReward,20
2,7,Fame,source,LureEconomy.OnHeroEscaped,50
2,7,DP,source,AdventurerAI.TakeDamage,1518
2,7,Material,source,AdventurerAI.TakeDamage,51
2,7,DP,sink,CommandSystem.TryUse,-1800
2,7,DP,source,Nemesis.OnSlain,1004
2,7,Material,source,Nemesis.OnSlain,10
2,7,DP,stock,end,867
2,7,Material,stock,end,323
2,7,Fame,stock,end,897
2,8,DP,source,SurfaceMap.CollectYields,38
2,8,Material,source,SurfaceMap.CollectYields,2
2,8,Fame,source,SurfaceMap.CollectYields,8
2,8,DP,source,EraSystem.TickTurn,1020
2,8,Material,source,EraSystem.TickTurn,10
2,8,DP,sink,MinionRoster.TryForge,-285
2,8,DP,sink,DungeonFloorManager.TryExpandFloor,-800
2,8,DP,sink,MinionEvolution.TryEvolve,-250
2,8,DP,sink,MinionRoster.TryEvolveIndividual,-175
2,8,DP,sink,DungeonFeatureManager.TryPlaceTrap,-150
2,8,DP,sink,MinionRoster.TrySummon,-247
2,8,DP,source,AdventurerAI.ReapEmotion,126
2,8,DP,source,AdventurerAI.TakeDamage,1919
2,8,Material,source,AdventurerAI.TakeDamage,61
2,8,DP,sink,CommandSystem.TryUse,-1800
2,8,Fame,source,AdventurerAI.GrantReturnReward,10
2,8,Fame,source,LureEconomy.OnHeroEscaped,25
2,8,DP,source,Nemesis.OnSlain,1506
2,8,Material,source,Nemesis.OnSlain,15
2,8,DP,stock,end,1769
2,8,Material,stock,end,411
2,8,Fame,stock,end,940
2,9,DP,source,SurfaceMap.CollectYields,68
2,9,Material,source,SurfaceMap.CollectYields,3
2,9,Fame,source,SurfaceMap.CollectYields,16
2,9,DP,source,EraSystem.TickTurn,600
2,9,Fame,source,EraSystem.TickTurn,50
2,9,DP,sink,MinionRoster.TryForge,-380
2,9,DP,sink,DungeonFloorManager.TryExpandFloor,-800
2,9,DP,sink,MinionEvolution.TryEvolve,-550
2,9,DP,sink,MinionRoster.TryEvolveIndividual,-300
2,9,DP,sink,DungeonFeatureManager.TryPlaceTrap,-150
2,9,DP,sink,MinionRoster.TrySummon,-254
2,9,DP,source,AdventurerAI.ReapEmotion,204
2,9,DP,source,AdventurerAI.TakeDamage,1524
2,9,Material,source,AdventurerAI.TakeDamage,63
2,9,DP,sink,CommandSystem.TryUse,-1800
2,9,DP,source,AdventurerAI.GrantReturnReward,823
2,9,Fame,source,AdventurerAI.GrantReturnReward,70
2,9,Fame,source,LureEconomy.OnHeroEscaped,175
2,9,DP,source,Nemesis.OnSlain,1036
2,9,Material,source,Nemesis.OnSlain,10
2,9,DP,stock,end,1790
2,9,Material,stock,end,487
2,9,Fame,stock,end,1251
2,10,DP,source,SurfaceMap.CollectYields,78
2,10,Material,source,SurfaceMap.CollectYields,3
2,10,Fame,source,SurfaceMap.CollectYields,16
2,10,DP,source,EraSystem.TickTurn,600
2,10,DP,sink,MinionRoster.TryForge,-475
2,10,DP,sink,DungeonFloorManager.TryExpandFloor,-1500
2,10,DP,sink,MinionRoster.TryEvolveIndividual,-75
2,10,DP,sink,DungeonFeatureManager.TryPlaceTrap,-150
2,10,DP,sink,MinionRoster.TrySummon,-255
2,10,DP,source,AdventurerAI.TakeDamage,2028
2,10,Material,source,AdventurerAI.TakeDamage,69
2,10,DP,sink,CommandSystem.TryUse,-2450
2,10,Fame,source,AdventurerAI.GrantReturnReward,40
2,10,Fame,source,LureEconomy.OnHeroEscaped,100
2,10,DP,source,AdventurerAI.ReapEmotion,150
2,10,DP,source,AdventurerAI.GrantReturnReward,835
2,10,DP,source,Nemesis.OnSlain,535
2,10,Material,source,Nemesis.OnSlain,5
2,10,DP,stock,end,1111
2,10,Material,stock,end,564
2,10,Fame,stock,end,1407
2,11,DP,source,SurfaceMap.CollectYields,52
2,11,Material,source,SurfaceMap.CollectYields,2
2,11,Fame,source,SurfaceMap.CollectYields,11
2,11,DP,source,WaveRoster.ResolveTrial,1200
2,11,DP,sink,MinionRoster.TryForge,-394
2,11,DP,sink,DungeonFloorManager.TryExpandFloor,-1500
2,11,DP,sink,DungeonFeatureManager.TryPlaceTrap,-300
2,11,DP,sink,MinionRoster.TrySummon,-158
2,11,DP,source,AdventurerAI.TakeDamage,2175
2,11,Material,source,AdventurerAI.TakeDamage,57
2,11,DP,sink,CommandSystem.TryUse,-2100
2,11,DP,source,AdventurerAI.GrantReturnReward,604
2,11,Fame,source,AdventurerAI.GrantReturnReward,50
2,11,Fame,source,LureEconomy.OnHeroEscaped,125
2,11,DP,source,AdventurerAI.ReapEmotion,83
2,11,DP,stock,end,773
2,11,Material,stock,end,623
2,11,Fame,stock,end,1593
2,12,DP,source,SurfaceMap.CollectYields,79
2,12,Material,source,SurfaceMap.CollectYields,3
2,12,Fame,source,SurfaceMap.CollectYields,17
2,12,DP,source,DistrictCatalog.Collect,98
2,12,DP,sink,MinionRoster.TryForge,-394
2,12,DP,sink,DungeonFeatureManager.TryPlaceTrap,-300
2,12,DP,sink,MinionRoster.TrySummon,-255
2,12,DP,source,AdventurerAI.TakeDamage,2888
2,12,Material,source,AdventurerAI.TakeDamage,123
2,12,DP,sink,CommandSystem.TryUse,-2450
2,12,DP,source,AdventurerAI.ReapEmotion,119
2,12,Fame,source,AdventurerAI.GrantReturnReward,30
2,12,Fame,source,LureEconomy.OnHeroEscaped,75
2,12,DP,source,AdventurerAI.GrantReturnReward,497
2,12,DP,source,Nemesis.OnSlain,1205
2,12,Material,source,Nemesis.OnSlain,9
2,12,DP,stock,end,2260
2,12,Material,stock,end,758
2,12,Fame,stock,end,1715
2,13,DP,source,SurfaceMap.CollectYields,62
2,13,Material,source,SurfaceMap.CollectYields,3
2,13,Fame,source,SurfaceMap.CollectYields,14
2,13,DP,source,DistrictCatalog.Collect,98
2,13,DP,source,EraSystem.TickTurn,300
2,13,DP,sink,MinionRoster.TryForge,-802
2,13,DP,sink,DungeonFloorManager.TryExpandFloor,-1500
2,13,DP,sink,DungeonFeatureManager.TryPlaceTrap,-150
2,13,DP,sink,MinionRoster.TrySummon,-263
2,13,DP,source,AdventurerAI.ReapEmotion,90
2,13,DP,source,AdventurerAI.TakeDamage,4121
2,13,Material,source,AdventurerAI.TakeDamage,99
2,13,DP,source,AdventurerAI.GrantReturnReward,57
2,13,Fame,source,AdventurerAI.GrantReturnReward,30
2,13,Fame,source,LureEconomy.OnHeroEscaped,75
2,13,DP,sink,CommandSystem.TryUse,-2450
2,13,DP,source,Nemesis.OnSlain,2448
2,13,Material,source,Nemesis.OnSlain,21
2,13,DP,stock,end,4271
2,13,Material,stock,end,881
2,13,Fame,stock,end,1834
2,14,DP,source,SurfaceMap.CollectYields,103
2,14,Material,source,SurfaceMap.CollectYields,5
2,14,Fame,source,SurfaceMap.CollectYields,23
2,14,DP,source,DistrictCatalog.Collect,98
2,14,DP,sink,MinionRoster.TryForge,-1414
2,14,DP,sink,DungeonFloorManager.TryExpandFloor,-2500
2,14,DP,sink,DungeonFeatureManager.TryPlaceTrap,-300
2,14,DP,sink,MinionRoster.TrySummon,-258
2,14,DP,source,AdventurerAI.TakeDamage,3451
2,14,Material,source,AdventurerAI.TakeDamage,107
2,14,DP,sink,CommandSystem.TryUse,-1800
2,14,DP,source,Nemesis.OnSlain,2600
2,14,Material,source,Nemesis.OnSlain,21
2,14,DP,stock,end,4251
2,14,Material,stock,end,1014
2,14,Fame,stock,end,1857
2,15,DP,source,SurfaceMap.CollectYields,103
2,15,Material,source,SurfaceMap.CollectYields,5
2,15,Fame,source,SurfaceMap.CollectYields,23
2,15,DP,source,DistrictCatalog.Collect,98
2,15,DP,sink,MinionRoster.TryForge,-4052
2,15,DP,sink,DungeonFeatureManager.TryPlaceTrap,-150
2,15,DP,sink,MinionRoster.TrySummon,-243
2,15,DP,source,AdventurerAI.TakeDamage,3200
2,15,Material,source,AdventurerAI.TakeDamage,85
2,15,DP,sink,CommandSystem.TryUse,-1800
2,15,DP,source,AdventurerAI.ReapEmotion,128
2,15,DP,source,Nemesis.OnSlain,1198
2,15,Material,source,Nemesis.OnSlain,10
2,15,Fame,source,AdventurerAI.GrantReturnReward,10
2,15,Fame,source,LureEconomy.OnHeroEscaped,25
2,15,DP,stock,end,2733
2,15,Material,stock,end,1114
2,15,Fame,stock,end,1915
2,16,DP,source,SurfaceMap.CollectYields,103
2,16,Material,source,SurfaceMap.CollectYields,5
2,16,Fame,source,SurfaceMap.CollectYields,23
2,16,DP,source,DistrictCatalog.Collect,112
2,16,DP,source,EraSystem.TickTurn,300
2,16,DP,source,WaveRoster.ResolveTrial,1500
2,16,DP,sink,MinionRoster.TryForge,-1210
2,16,DP,sink,DungeonFloorManager.TryExpandFloor,-2500
2,16,DP,sink,MinionRoster.TryEvolveIndividual,-550
2,16,DP,sink,DungeonFeatureManager.TryPlaceTrap,-300
2,16,DP,sink,MinionRoster.TrySummon,-172
2,16,DP,source,AdventurerAI.TakeDamage,3303
2,16,Material,source,AdventurerAI.TakeDamage,78
2,16,DP,sink,CommandSystem.TryUse,-1800
2,16,Fame,source,AdventurerAI.GrantReturnReward,30
2,16,Fame,source,LureEconomy.OnHeroEscaped,75
2,16,DP,source,AdventurerAI.ReapEmotion,157
2,16,DP,source,Nemesis.OnSlain,1232
2,16,Material,source,Nemesis.OnSlain,10
2,16,DP,stock,end,2908
2,16,Material,stock,end,1207
2,16,Fame,stock,end,2043
2,17,DP,source,SurfaceMap.CollectYields,124
2,17,Material,source,SurfaceMap.CollectYields,6
2,17,Fame,source,SurfaceMap.CollectYields,28
2,17,DP,source,DistrictCatalog.Collect,112
2,17,DP,source,EraSystem.TickTurn,720
2,17,DP,sink,MinionRoster.TryForge,-598
2,17,DP,sink,DungeonFloorManager.TryExpandFloor,-2500
2,17,DP,sink,DungeonFeatureManager.TryPlaceTrap,-600
2,17,DP,sink,MinionRoster.TrySummon,-142
2,17,DP,source,AdventurerAI.TakeDamage,3512
2,17,Material,source,AdventurerAI.TakeDamage,98
2,17,DP,sink,CommandSystem.TryUse,-1450
2,17,Fame,source,AdventurerAI.GrantReturnReward,20
2,17,Fame,source,LureEconomy.OnHeroEscaped,50
2,17,DP,source,Nemesis.OnSlain,648
2,17,Material,source,Nemesis.OnSlain,5
2,17,DP,stock,end,2734
2,17,Material,stock,end,1316
2,17,Fame,stock,end,2141
2,18,DP,source,SurfaceMap.CollectYields,124
2,18,Material,source,SurfaceMap.CollectYields,6
2,18,Fame,source,SurfaceMap.CollectYields,28
2,18,DP,source,DistrictCatalog.Collect,112
2,18,DP,sink,MinionRoster.TryForge,-2122
2,18,DP,sink,MinionRoster.TryEvolveIndividual,-250
2,18,DP,sink,DungeonFeatureManager.TryPlaceTrap,-300
2,18,DP,sink,MinionRoster.TrySummon,-297
2,18,DP,source,AdventurerAI.TakeDamage,4101
2,18,Material,source,AdventurerAI.TakeDamage,99
2,18,DP,sink,CommandSystem.TryUse,-1450
2,18,DP,source,Nemesis.OnSlain,1264
2,18,Material,source,Nemesis.OnSlain,10
2,18,DP,stock,end,3916
2,18,Material,stock,end,1431
2,18,Fame,stock,end,2169
2,19,DP,source,SurfaceMap.CollectYields,124
2,19,Material,source,SurfaceMap.CollectYields,6
2,19,Fame,source,SurfaceMap.CollectYields,28
2,19,DP,source,DistrictCatalog.Collect,126
2,19,DP,sink,MinionRoster.TryForge,-3646
2,19,DP,sink,DungeonFeatureManager.TryPlaceTrap,-300
2,19,DP,sink,MinionRoster.TrySummon,-212
2,19,DP,source,AdventurerAI.TakeDamage,4238
2,19,Material,source,AdventurerAI.TakeDamage,105
2,19,DP,sink,CommandSystem.TryUse,-1450
2,19,DP,source,AdventurerAI.ReapEmotion,68
2,19,DP,source,Nemesis.OnSlain,1312
2,19,Material,source,Nemesis.OnSlain,10
2,19,DP,stock,end,4176
2,19,Material,stock,end,1552
2,19,Fame,stock,end,2197
2,20,DP,source,SurfaceMap.CollectYields,145
2,20,Material,source,SurfaceMap.CollectYields,7
2,20,Fame,source,SurfaceMap.CollectYields,33
2,20,DP,source,DistrictCatalog.Collect,126
2,20,DP,sink,MinionRoster.TryForge,-3646
2,20,DP,sink,DungeonFeatureManager.TryPlaceTrap,-600
2,20,DP,sink,MinionRoster.TrySummon,-187
2,20,DP,source,AdventurerAI.TakeDamage,4233
2,20,Material,source,AdventurerAI.TakeDamage,111
2,20,DP,sink,CommandSystem.TryUse,-1450
2,20,DP,source,AdventurerAI.ReapEmotion,59
2,20,DP,stock,end,2856
2,20,Material,stock,end,1670
2,20,Fame,stock,end,2230
2,21,DP,source,SurfaceMap.CollectYields,145
2,21,Material,source,SurfaceMap.CollectYields,7
2,21,Fame,source,SurfaceMap.CollectYields,33
2,21,DP,source,DistrictCatalog.Collect,140
2,21,DP,source,WaveRoster.ResolveTrial,2100
2,21,DP,sink,MinionRoster.TryForge,-4408
2,21,DP,sink,DungeonFeatureManager.TryPlaceTrap,-600
2,21,DP,sink,MinionRoster.TrySummon,-229
2,21,DP,source,AdventurerAI.TakeDamage,4493
2,21,Material,source,AdventurerAI.TakeDamage,117
2,21,DP,sink,CommandSystem.TryUse,-1450
2,21,DP,stock,end,3047
2,21,Material,stock,end,1794
2,21,Fame,stock,end,2263
2,22,DP,source,SurfaceMap.CollectYields,191
2,22,Material,source,SurfaceMap.CollectYields,7
2,22,Fame,source,SurfaceMap.CollectYields,40
2,22,DP,source,DistrictCatalog.Collect,154
2,22,DP,sink,MinionRoster.TryForge,-2884
2,22,DP,sink,DungeonFeatureManager.TryPlaceTrap,-300
2,22,DP,sink,MinionRoster.TrySummon,-189
2,22,DP,source,AdventurerAI.TakeDamage,4992
2,22,Material,source,AdventurerAI.TakeDamage,126
2,22,DP,sink,CommandSystem.TryUse,-1450
2,22,DP,stock,end,3561
2,22,Material,stock,end,1927
2,22,Fame,stock,end,2303
2,23,DP,source,SurfaceMap.CollectYields,217
2,23,Material,source,SurfaceMap.CollectYields,8
2,23,Fame,source,SurfaceMap.CollectYields,45
2,23,DP,source,DistrictCatalog.Collect,154
2,23,DP,sink,MinionRoster.TryForge,-3072
2,23,DP,sink,MinionRoster.TryEvolveIndividual,-325
2,23,DP,sink,DungeonFeatureManager.TryPlaceTrap,-300
2,23,DP,sink,MinionRoster.TrySummon,-213
2,23,DP,source,AdventurerAI.TakeDamage,5177
2,23,Material,source,AdventurerAI.TakeDamage,133
2,23,DP,sink,CommandSystem.TryUse,-2100
2,23,DP,source,AdventurerAI.ReapEmotion,108
2,23,Fame,source,AdventurerAI.GrantReturnReward,30
2,23,Fame,source,LureEconomy.OnHeroEscaped,75
2,23,DP,source,AdventurerAI.GrantReturnReward,602
2,23,DP,source,Nemesis.OnSlain,794
2,23,Material,source,Nemesis.OnSlain,5
2,23,DP,stock,end,4603
2,23,Material,stock,end,2073
2,23,Fame,stock,end,2453
2,24,DP,source,SurfaceMap.CollectYields,217
2,24,Material,source,SurfaceMap.CollectYields,8
2,24,Fame,source,SurfaceMap.CollectYields,45
2,24,DP,source,DistrictCatalog.Collect,154
2,24,DP,sink,MinionRoster.TryForge,-168
2,24,DP,sink,MinionEvolution.TryEvolve,-4250
2,24,DP,sink,MinionRoster.TryEvolveIndividual,-250
2,24,DP,sink,DungeonFeatureManager.TryPlaceTrap,-150
2,24,DP,sink,MinionRoster.TrySummon,-126
2,24,DP,source,AdventurerAI.TakeDamage,6411
2,24,Material,source,AdventurerAI.TakeDamage,152
2,24,DP,sink,CommandSystem.TryUse,-1800
2,24,Fame,source,AdventurerAI.GrantReturnReward,30
2,24,Fame,source,LureEconomy.OnHeroEscaped,75
2,24,DP,source,AdventurerAI.ReapEmotion,111
2,24,DP,stock,end,4752
2,24,Material,stock,end,2233
2,24,Fame,stock,end,2603
2,25,DP,source,SurfaceMap.CollectYields,203
2,25,Material,source,SurfaceMap.CollectYields,8
2,25,Fame,source,SurfaceMap.CollectYields,45
2,25,DP,source,DistrictCatalog.Collect,28
2,25,DP,source,EraSystem.TickTurn,3840
2,25,DP,sink,MinionRoster.TryForge,-168
2,25,DP,sink,DungeonFloorManager.TryAddFloor,-5000
2,25,DP,sink,DungeonFloorManager.TryExpandFloor,-2700
2,25,DP,sink,MinionEvolution.TryEvolve,-650
2,25,DP,sink,DungeonFeatureManager.TryPlaceTrap,-150
2,25,DP,sink,MinionRoster.TrySummon,-130
2,25,DP,source,AdventurerAI.TakeDamage,8505
2,25,Material,source,AdventurerAI.TakeDamage,178
2,25,DP,sink,CommandSystem.TryUse,-2800
2,25,Fame,source,AdventurerAI.GrantReturnReward,60
2,25,Fame,source,LureEconomy.OnHeroEscaped,150
2,25,DP,source,AdventurerAI.ReapEmotion,202
2,25,DP,source,AdventurerAI.GrantReturnReward,970
2,25,DP,stock,end,6902
2,25,Material,stock,end,2419
2,25,Fame,stock,end,2858
2,26,DP,source,SurfaceMap.CollectYields,177
2,26,Material,source,SurfaceMap.CollectYields,8
2,26,Fame,source,SurfaceMap.CollectYields,37
2,26,DP,source,DistrictCatalog.Collect,28
2,26,DP,source,EraSystem.TickTurn,6528
2,26,DP,source,WaveRoster.ResolveTrial,3000
2,26,DP,sink,MinionRoster.TryForge,-168
2,26,DP,sink,DungeonFloorManager.TryAddFloor,-12500
2,26,DP,sink,DungeonFloorManager.TryExpandFloor,-2700
2,26,DP,sink,MinionRoster.TryEvolveIndividual,-750
2,26,DP,sink,DungeonFeatureManager.TryPlaceTrap,-300
2,26,DP,sink,MinionRoster.TrySummon,-198
2,26,DP,source,AdventurerAI.TakeDamage,10593
2,26,Material,source,AdventurerAI.TakeDamage,195
2,26,DP,sink,CommandSystem.TryUse,-2100
2,26,Fame,source,AdventurerAI.GrantReturnReward,20
2,26,Fame,source,LureEconomy.OnHeroEscaped,50
2,26,DP,stock,end,8512
2,26,Material,stock,end,2622
2,26,Fame,stock,end,2965
2,27,DP,source,SurfaceMap.CollectYields,177
2,27,Material,source,SurfaceMap.CollectYields,8
2,27,Fame,source,SurfaceMap.CollectYields,37
2,27,DP,source,DistrictCatalog.Collect,28
2,27,DP,source,EraSystem.TickTurn,6528
2,27,DP,sink,MinionRoster.TryForge,-168
2,27,DP,sink,DungeonFloorManager.TryExpandFloor,-5000
2,27,DP,sink,MinionRoster.TryEvolveIndividual,-9775
2,27,DP,sink,DungeonFeatureManager.TryPlaceTrap,-150
2,27,DP,sink,MinionRoster.TrySummon,-136
2,27,DP,source,AdventurerAI.TakeDamage,19854
2,27,Material,source,AdventurerAI.TakeDamage,345
2,27,DP,sink,CommandSystem.TryUse,-2950
2,27,DP,source,AdventurerAI.ReapEmotion,188
2,27,Fame,source,AdventurerAI.GrantReturnReward,90
2,27,Fame,source,LureEconomy.OnHeroEscaped,225
2,27,DP,source,AdventurerAI.GrantReturnReward,1976
2,27,DP,source,Nemesis.OnSlain,778
2,27,Material,source,Nemesis.OnSlain,5
2,27,DP,stock,end,19862
2,27,Material,stock,end,2980
2,27,Fame,stock,end,3317
2,28,DP,source,SurfaceMap.CollectYields,177
2,28,Material,source,SurfaceMap.CollectYields,8
2,28,Fame,source,SurfaceMap.CollectYields,37
2,28,DP,source,DistrictCatalog.Collect,28
2,28,DP,source,EraSystem.TickTurn,3840
2,28,DP,sink,MinionRoster.TryForge,-12168
2,28,DP,sink,MinionRoster.TryEvolveIndividual,-1150
2,28,Material,sink,MinionRoster.TryForge,-8
2,28,DP,sink,DungeonFeatureManager.TryPlaceTrap,-3600
2,28,DP,sink,MinionRoster.TrySummon,-6984
2,28,DP,source,AdventurerAI.TakeDamage,15755
2,28,Material,source,AdventurerAI.TakeDamage,240
2,28,DP,sink,CommandSystem.TryUse,-2450
2,28,Fame,source,AdventurerAI.GrantReturnReward,30
2,28,Fame,source,LureEconomy.OnHeroEscaped,75
2,28,DP,source,AdventurerAI.ReapEmotion,186
2,28,DP,stock,end,13496
2,28,Material,stock,end,3220
2,28,Fame,stock,end,3459
2,29,DP,source,SurfaceMap.CollectYields,177
2,29,Material,source,SurfaceMap.CollectYields,9
2,29,Fame,source,SurfaceMap.CollectYields,37
2,29,DP,source,DistrictCatalog.Collect,28
2,29,DP,source,EraSystem.TickTurn,3840
2,29,DP,sink,MinionRoster.TryForge,-7584
2,29,DP,sink,MinionRoster.TryEvolveIndividual,-2300
2,29,DP,sink,DungeonFeatureManager.TryPlaceTrap,-3150
2,29,DP,sink,MinionRoster.TrySummon,-4480
2,29,DP,source,AdventurerAI.TakeDamage,16760
2,29,Material,source,AdventurerAI.TakeDamage,264
2,29,DP,sink,CommandSystem.TryUse,-3300
2,29,Fame,source,AdventurerAI.GrantReturnReward,90
2,29,Fame,source,LureEconomy.OnHeroEscaped,225
2,29,DP,source,AdventurerAI.ReapEmotion,119
2,29,DP,source,AdventurerAI.GrantReturnReward,1922
2,29,DP,stock,end,15528
2,29,Material,stock,end,3493
2,29,Fame,stock,end,3811
2,30,DP,source,SurfaceMap.CollectYields,177
2,30,Material,source,SurfaceMap.CollectYields,9
2,30,Fame,source,SurfaceMap.CollectYields,37
2,30,DP,source,DistrictCatalog.Collect,28
2,30,DP,source,EraSystem.TickTurn,6528
2,30,Material,source,EraSystem.TickTurn,37
2,30,DP,sink,MinionRoster.TryForge,-11436
2,30,DP,sink,MinionRoster.TryEvolveIndividual,-1175
2,30,Material,sink,MinionRoster.TryForge,-12
2,30,DP,sink,DungeonFeatureManager.TryPlaceTrap,-2850
2,30,DP,sink,MinionRoster.TrySummon,-6800
2,30,DP,source,AdventurerAI.TakeDamage,21567
2,30,Material,source,AdventurerAI.TakeDamage,282
2,30,DP,sink,CommandSystem.TryUse,-2450
2,30,DP,source,AdventurerAI.ReapEmotion,158
2,30,Fame,source,AdventurerAI.GrantReturnReward,50
2,30,Fame,source,LureEconomy.OnHeroEscaped,125
2,30,DP,source,AdventurerAI.GrantReturnReward,943
2,30,DP,stock,end,20218
2,30,Material,stock,end,3809
2,30,Fame,stock,end,4023
2,31,DP,source,SurfaceMap.CollectYields,177
2,31,Material,source,SurfaceMap.CollectYields,9
2,31,Fame,source,SurfaceMap.CollectYields,37
2,31,DP,source,DistrictCatalog.Collect,28
2,31,DP,source,EraSystem.TickTurn,3840
2,31,Material,source,EraSystem.TickTurn,37
2,31,Fame,source,EraSystem.TickTurn,80
2,31,DP,source,WaveRoster.ResolveTrial,3300
2,31,DP,sink,MinionRoster.TryForge,-8400
2,31,DP,sink,MinionRoster.TryEvolveIndividual,-1100
2,31,DP,sink,DungeonFeatureManager.TryPlaceTrap,-3600
2,31,DP,sink,MinionRoster.TrySummon,-14445
2,31,DP,source,AdventurerAI.TakeDamage,21631
2,31,Material,source,AdventurerAI.TakeDamage,264
2,31,DP,sink,CommandSystem.TryUse,-2450
2,31,Fame,source,AdventurerAI.GrantReturnReward,10
2,31,Fame,source,LureEconomy.OnHeroEscaped,25
2,31,DP,source,AdventurerAI.ReapEmotion,178
2,31,DP,stock,end,19377
2,31,Material,stock,end,4119
2,31,Fame,stock,end,4175
2,32,DP,source,SurfaceMap.CollectYields,221
2,32,Material,source,SurfaceMap.CollectYields,12
2,32,Fame,source,SurfaceMap.CollectYields,37
2,32,DP,source,DistrictCatalog.Collect,28
2,32,DP,source,EraSystem.TickTurn,6528
2,32,Fame,source,EraSystem.TickTurn,192
2,32,DP,sink,MinionRoster.TryForge,-5952
2,32,DP,sink,MinionRoster.TryEvolveIndividual,-1250
2,32,DP,sink,DungeonFeatureManager.TryPlaceTrap,-600
2,32,DP,sink,MinionRoster.TrySummon,-18331
2,32,DP,source,AdventurerAI.TakeDamage,12486
2,32,Material,source,AdventurerAI.TakeDamage,141
2,32,DP,sink,CommandSystem.TryUse,-1800
2,32,Fame,source,AdventurerAI.GrantReturnReward,30
2,32,Fame,source,LureEconomy.OnHeroEscaped,75
2,32,DP,source,AdventurerAI.ReapEmotion,78
2,32,DP,source,AdventurerAI.GrantReturnReward,93
2,32,DP,source,Nemesis.OnSlain,891
2,32,Material,source,Nemesis.OnSlain,6
2,32,DP,stock,end,11769
2,32,Material,stock,end,4278
2,32,Fame,stock,end,4509
2,33,DP,source,SurfaceMap.CollectYields,226
2,33,Material,source,SurfaceMap.CollectYields,12
2,33,Fame,source,SurfaceMap.CollectYields,38
2,33,DP,source,DistrictCatalog.Collect,28
2,33,DP,sink,MinionRoster.TryForge,-11298
2,33,Material,sink,MinionRoster.TryForge,-10
2,33,DP,sink,MinionRoster.TrySummon,-716
2,33,DP,source,AdventurerAI.TakeDamage,24357
2,33,Material,source,AdventurerAI.TakeDamage,270
2,33,DP,sink,CommandSystem.TryUse,-2450
2,33,Fame,source,AdventurerAI.GrantReturnReward,30
2,33,Fame,source,LureEconomy.OnHeroEscaped,75
2,33,DP,source,AdventurerAI.ReapEmotion,193
2,33,DP,stock,end,22109
2,33,Material,stock,end,4550
2,33,Fame,stock,end,4652
2,34,DP,source,SurfaceMap.CollectYields,226
2,34,Material,source,SurfaceMap.CollectYields,12
2,34,Fame,source,SurfaceMap.CollectYields,38
2,34,DP,source,DistrictCatalog.Collect,28
2,34,Material,source,DistrictCatalog.Collect,7
2,34,DP,sink,MinionRoster.TryForge,-21660
2,34,Material,sink,MinionRoster.TryForge,-76
2,34,DP,sink,MinionRoster.TrySummon,-690
2,34,DP,source,AdventurerAI.TakeDamage,28087
2,34,Material,source,AdventurerAI.TakeDamage,282
2,34,DP,sink,CommandSystem.TryUse,-2450
2,34,Fame,source,AdventurerAI.GrantReturnReward,30
2,34,Fame,source,LureEconomy.OnHeroEscaped,75
2,34,DP,source,AdventurerAI.ReapEmotion,115
2,34,DP,source,Nemesis.OnSlain,1782
2,34,Material,source,Nemesis.OnSlain,12
2,34,DP,stock,end,27547
2,34,Material,stock,end,4787
2,34,Fame,stock,end,4795
2,35,DP,source,SurfaceMap.CollectYields,226
2,35,Material,source,SurfaceMap.CollectYields,12
2,35,Fame,source,SurfaceMap.CollectYields,38
2,35,DP,source,DistrictCatalog.Collect,28
2,35,Material,source,DistrictCatalog.Collect,7
2,35,DP,sink,MinionRoster.TryForge,-23940
2,35,Material,sink,MinionRoster.TryForge,-84
2,35,DP,sink,MinionRoster.TrySummon,-3839
2,35,DP,source,AdventurerAI.TakeDamage,27666
2,35,Material,source,AdventurerAI.TakeDamage,317
2,35,DP,sink,CommandSystem.TryUse,-5100
2,35,Fame,source,AdventurerAI.GrantReturnReward,180
2,35,Fame,source,LureEconomy.OnHeroEscaped,450
2,35,DP,source,AdventurerAI.ReapEmotion,178
2,35,DP,source,AdventurerAI.GrantReturnReward,7315
2,35,DP,source,Nemesis.OnSlain,923
2,35,Material,source,Nemesis.OnSlain,6
2,35,DP,stock,end,31004
2,35,Material,stock,end,5045
2,35,Fame,stock,end,5463
2,36,DP,source,SurfaceMap.CollectYields,258
2,36,Material,source,SurfaceMap.CollectYields,12
2,36,Fame,source,SurfaceMap.CollectYields,46
2,36,DP,source,DistrictCatalog.Collect,28
2,36,Material,source,DistrictCatalog.Collect,8
2,36,DP,source,WaveRoster.ResolveTrial,3600
2,36,DP,sink,MinionRoster.TryForge,-1710
2,36,Material,sink,MinionRoster.TryForge,-6
2,36,DP,sink,DungeonFloorManager.TryAddFloor,-31250
2,36,DP,sink,DungeonFloorManager.TryExpandFloor,-1200
2,36,DP,sink,DungeonFeatureManager.TryPlaceTrap,-450
2,36,DP,sink,MinionRoster.TrySummon,-262
2,36,DP,source,AdventurerAI.TakeDamage,36653
2,36,Material,source,AdventurerAI.TakeDamage,409
2,36,DP,sink,CommandSystem.TryUse,-3600
2,36,Fame,source,AdventurerAI.GrantReturnReward,110
2,36,Fame,source,LureEconomy.OnHeroEscaped,275
2,36,DP,source,AdventurerAI.ReapEmotion,189
2,36,DP,source,AdventurerAI.GrantReturnReward,9945
2,36,DP,source,Nemesis.OnSlain,1750
2,36,Material,source,Nemesis.OnSlain,12
2,36,DP,stock,end,44955
2,36,Material,stock,end,5480
2,36,Fame,stock,end,5894
2,37,DP,source,SurfaceMap.CollectYields,256
2,37,Material,source,SurfaceMap.CollectYields,12
2,37,Fame,source,SurfaceMap.CollectYields,45
2,37,DP,source,DistrictCatalog.Collect,28
2,37,Material,source,DistrictCatalog.Collect,8
2,37,DP,sink,MinionRoster.TryForge,-28620
2,37,Material,sink,MinionRoster.TryForge,-156
2,37,DP,sink,DungeonFloorManager.TryExpandFloor,-4000
2,37,DP,sink,DungeonFeatureManager.TryPlaceTrap,-3450
2,37,DP,sink,MinionRoster.TrySummon,-9140
2,37,DP,source,AdventurerAI.TakeDamage,36680
2,37,Material,source,AdventurerAI.TakeDamage,332
2,37,DP,sink,CommandSystem.TryUse,-3600
2,37,DP,source,AdventurerAI.ReapEmotion,125
2,37,Fame,source,AdventurerAI.GrantReturnReward,200
2,37,Fame,source,LureEconomy.OnHeroEscaped,500
2,37,DP,source,AdventurerAI.GrantReturnReward,2950
2,37,DP,source,Nemesis.OnSlain,891
2,37,Material,source,Nemesis.OnSlain,6
2,37,DP,stock,end,37075
2,37,Material,stock,end,5682
2,37,Fame,stock,end,6639
2,38,DP,source,SurfaceMap.CollectYields,256
2,38,Material,source,SurfaceMap.CollectYields,12
2,38,Fame,source,SurfaceMap.CollectYields,45
2,38,DP,source,DistrictCatalog.Collect,28
2,38,Material,source,DistrictCatalog.Collect,8
2,38,DP,source,EraSystem.TickTurn,1920
2,38,Material,source,EraSystem.TickTurn,37
2,38,DP,sink,MinionRoster.TryForge,-37440
2,38,Material,sink,MinionRoster.TryForge,-312
2,38,DP,sink,DungeonFeatureManager.TryPlaceTrap,-450
2,38,DP,sink,MinionRoster.TrySummon,-1379
2,38,DP,source,AdventurerAI.TakeDamage,48456
2,38,Material,source,AdventurerAI.TakeDamage,377
2,38,DP,sink,CommandSystem.TryUse,-3950
2,38,DP,source,AdventurerAI.ReapEmotion,428
2,38,Fame,source,AdventurerAI.GrantReturnReward,110
2,38,Fame,source,LureEconomy.OnHeroEscaped,275
2,38,DP,source,AdventurerAI.GrantReturnReward,3617
2,38,DP,stock,end,48561
2,38,Material,stock,end,5804
2,38,Fame,stock,end,7069
2,39,DP,source,SurfaceMap.CollectYields,256
2,39,Material,source,SurfaceMap.CollectYields,12
2,39,Fame,source,SurfaceMap.CollectYields,45
2,39,DP,source,DistrictCatalog.Collect,28
2,39,Material,source,DistrictCatalog.Collect,7
2,39,DP,sink,MinionRoster.TryForge,-40320
2,39,Material,sink,MinionRoster.TryForge,-336
2,39,DP,sink,MinionRoster.TrySummon,-8498
2,39,DP,source,AdventurerAI.ReapEmotion,165
2,39,DP,source,AdventurerAI.TakeDamage,53146
2,39,Material,source,AdventurerAI.TakeDamage,489
2,39,DP,sink,CommandSystem.TryUse,-5100
2,39,Fame,source,AdventurerAI.GrantReturnReward,140
2,39,Fame,source,LureEconomy.OnHeroEscaped,350
2,39,DP,source,AdventurerAI.GrantReturnReward,4043
2,39,DP,source,Nemesis.OnSlain,2682
2,39,Material,source,Nemesis.OnSlain,14
2,39,DP,stock,end,54963
2,39,Material,stock,end,5990
2,39,Fame,stock,end,7604
2,40,DP,source,SurfaceMap.CollectYields,225
2,40,Material,source,SurfaceMap.CollectYields,12
2,40,Fame,source,SurfaceMap.CollectYields,37
2,40,DP,source,DistrictCatalog.Collect,28
2,40,Material,source,DistrictCatalog.Collect,7
2,40,DP,sink,MinionRoster.TryForge,-44520
2,40,Material,sink,MinionRoster.TryForge,-406
2,40,DP,sink,MinionRoster.TrySummon,-10667
2,40,DP,source,AdventurerAI.TakeDamage,57978
2,40,Material,source,AdventurerAI.TakeDamage,293
2,40,DP,source,AdventurerAI.ReapEmotion,150
2,40,DP,sink,CommandSystem.TryUse,-5950
2,40,DP,source,AdventurerAI.GrantReturnReward,6050
2,40,Fame,source,AdventurerAI.GrantReturnReward,230
2,40,Fame,source,LureEconomy.OnHeroEscaped,575
2,40,DP,source,Nemesis.OnSlain,2025
2,40,Material,source,Nemesis.OnSlain,12
2,40,DP,stock,end,60282
2,40,Material,stock,end,5908
2,40,Fame,stock,end,8446
2,41,DP,source,SurfaceMap.CollectYields,229
2,41,Material,source,SurfaceMap.CollectYields,12
2,41,Fame,source,SurfaceMap.CollectYields,38
2,41,DP,source,DistrictCatalog.Collect,28
2,41,Material,source,DistrictCatalog.Collect,7
2,41,DP,source,EraSystem.TickTurn,1920
2,41,DP,source,WaveRoster.ResolveTrial,3600
2,41,DP,sink,MinionRoster.TryForge,-63960
2,41,Material,sink,MinionRoster.TryForge,-738
2,41,DP,sink,MinionRoster.TrySummon,-2085
2,41,DP,source,AdventurerAI.TakeDamage,58634
2,41,Material,source,AdventurerAI.TakeDamage,346
2,41,DP,sink,CommandSystem.TryUse,-3300
2,41,DP,source,AdventurerAI.ReapEmotion,135
2,41,DP,source,AdventurerAI.GrantReturnReward,5610
2,41,Fame,source,AdventurerAI.GrantReturnReward,190
2,41,Fame,source,LureEconomy.OnHeroEscaped,475
2,41,DP,stock,end,61093
2,41,Material,stock,end,5535
2,41,Fame,stock,end,9149
2,42,DP,source,SurfaceMap.CollectYields,229
2,42,Material,source,SurfaceMap.CollectYields,12
2,42,Fame,source,SurfaceMap.CollectYields,38
2,42,DP,source,DistrictCatalog.Collect,28
2,42,Material,source,DistrictCatalog.Collect,7
2,42,DP,sink,MinionRoster.TryForge,-59280
2,42,Material,sink,MinionRoster.TryForge,-684
2,42,DP,sink,MinionRoster.TrySummon,-2046
2,42,DP,source,AdventurerAI.TakeDamage,52835
2,42,Material,source,AdventurerAI.TakeDamage,363
2,42,DP,sink,CommandSystem.TryUse,-4750
2,42,DP,source,AdventurerAI.ReapEmotion,443
2,42,DP,source,AdventurerAI.GrantReturnReward,16688
2,42,Fame,source,AdventurerAI.GrantReturnReward,380
2,42,Fame,source,LureEconomy.OnHeroEscaped,950
2,42,DP,source,Nemesis.OnSlain,956
2,42,Material,source,Nemesis.OnSlain,6
2,42,DP,stock,end,66196
2,42,Material,stock,end,5239
2,42,Fame,stock,end,10517
2,43,DP,source,SurfaceMap.CollectYields,229
2,43,Material,source,SurfaceMap.CollectYields,12
2,43,Fame,source,SurfaceMap.CollectYields,38
2,43,DP,source,DistrictCatalog.Collect,28
2,43,Material,source,DistrictCatalog.Collect,7
2,43,DP,sink,MinionRoster.TryForge,-63960
2,43,Material,sink,MinionRoster.TryForge,-738
2,43,DP,sink,MinionRoster.TrySummon,-2489
2,43,DP,source,AdventurerAI.TakeDamage,99092
2,43,Material,source,AdventurerAI.TakeDamage,1059
2,43,DP,sink,CommandSystem.TryUse,-5750
2,43,Fame,source,AdventurerAI.GrantReturnReward,610
2,43,Fame,source,LureEconomy.OnHeroEscaped,1525
2,43,DP,source,AdventurerAI.ReapEmotion,368
2,43,DP,source,AdventurerAI.GrantReturnReward,18668
2,43,DP,source,Nemesis.OnSlain,1976
2,43,Material,source,Nemesis.OnSlain,12
2,43,DP,stock,end,114358
2,43,Material,stock,end,5591
2,43,Fame,stock,end,12690
2,44,DP,source,SurfaceMap.CollectYields,229
2,44,Material,source,SurfaceMap.CollectYields,12
2,44,Fame,source,SurfaceMap.CollectYields,38
2,44,DP,source,DistrictCatalog.Collect,28
2,44,Material,source,DistrictCatalog.Collect,7
2,44,DP,sink,MinionRoster.TryForge,-99960
2,44,Material,sink,MinionRoster.TryForge,-1330
2,44,DP,sink,MinionRoster.TrySummon,-14641
2,44,DP,source,AdventurerAI.TakeDamage,54968
2,44,Material,source,AdventurerAI.TakeDamage,347
2,44,DP,sink,CommandSystem.TryUse,-5100
2,44,Fame,source,AdventurerAI.GrantReturnReward,430
2,44,Fame,source,LureEconomy.OnHeroEscaped,1075
2,44,DP,source,AdventurerAI.ReapEmotion,134
2,44,DP,source,AdventurerAI.GrantReturnReward,6322
2,44,DP,source,Nemesis.OnSlain,1976
2,44,Material,source,Nemesis.OnSlain,12
2,44,DP,stock,end,58314
2,44,Material,stock,end,4639
2,44,Fame,stock,end,14233
2,45,DP,source,SurfaceMap.CollectYields,229
2,45,Material,source,SurfaceMap.CollectYields,12
2,45,Fame,source,SurfaceMap.CollectYields,38
2,45,DP,source,DistrictCatalog.Collect,28
2,45,Material,source,DistrictCatalog.Collect,7
2,45,DP,sink,MinionRoster.TryForge,-55200
2,45,Material,sink,MinionRoster.TryForge,-736
2,45,DP,sink,MinionRoster.TrySummon,-3335
2,45,DP,source,AdventurerAI.TakeDamage,70560
2,45,Material,source,AdventurerAI.TakeDamage,530
2,45,DP,sink,CommandSystem.TryUse,-5450
2,45,DP,source,AdventurerAI.ReapEmotion,160
2,45,DP,source,AdventurerAI.GrantReturnReward,13010
2,45,Fame,source,AdventurerAI.GrantReturnReward,310
2,45,Fame,source,LureEconomy.OnHeroEscaped,775
2,45,DP,source,Nemesis.OnSlain,1976
2,45,Material,source,Nemesis.OnSlain,12
2,45,DP,stock,end,80292
2,45,Material,stock,end,4464
2,45,Fame,stock,end,15356
2,46,DP,source,SurfaceMap.CollectYields,229
2,46,Material,source,SurfaceMap.CollectYields,12
2,46,Fame,source,SurfaceMap.CollectYields,38
2,46,DP,source,DistrictCatalog.Collect,28
2,46,Material,source,DistrictCatalog.Collect,8
2,46,DP,source,WaveRoster.ResolveTrial,3900
2,46,DP,sink,MinionRoster.TryForge,-81600
2,46,Material,sink,MinionRoster.TryForge,-1088
2,46,DP,sink,MinionRoster.TrySummon,-2847
2,46,DP,source,AdventurerAI.TakeDamage,57931
2,46,Material,source,AdventurerAI.TakeDamage,440
2,46,DP,sink,CommandSystem.TryUse,-5750
2,46,Fame,source,AdventurerAI.GrantReturnReward,470
2,46,Fame,source,LureEconomy.OnHeroEscaped,1175
2,46,DP,source,AdventurerAI.ReapEmotion,127
2,46,DP,source,AdventurerAI.GrantReturnReward,13039
2,46,DP,source,Nemesis.OnSlain,2008
2,46,Material,source,Nemesis.OnSlain,12
2,46,DP,stock,end,67357
2,46,Material,stock,end,3848
2,46,Fame,stock,end,17039
2,47,DP,source,SurfaceMap.CollectYields,261
2,47,Material,source,SurfaceMap.CollectYields,12
2,47,Fame,source,SurfaceMap.CollectYields,46
2,47,DP,source,DistrictCatalog.Collect,28
2,47,Material,source,DistrictCatalog.Collect,8
2,47,DP,sink,MinionRoster.TryForge,-4800
2,47,Material,sink,MinionRoster.TryForge,-64
2,47,DP,sink,MinionEvolution.TryEvolve,-9050
2,47,DP,sink,MinionRoster.TryEvolveIndividual,-50000
2,47,DP,sink,MinionRoster.TrySummon,-3791
2,47,DP,source,AdventurerAI.TakeDamage,32243
2,47,Material,source,AdventurerAI.TakeDamage,184
2,47,DP,source,AdventurerAI.ReapEmotion,244
2,47,DP,sink,CommandSystem.TryUse,-2950
2,47,Fame,source,AdventurerAI.GrantReturnReward,200
2,47,Fame,source,LureEconomy.OnHeroEscaped,500
2,47,DP,source,AdventurerAI.GrantReturnReward,3060
2,47,DP,source,Nemesis.OnSlain,1021
2,47,Material,source,Nemesis.OnSlain,6
2,47,DP,stock,end,33623
2,47,Material,stock,end,3994
2,47,Fame,stock,end,17785
2,48,DP,source,SurfaceMap.CollectYields,261
2,48,Material,source,SurfaceMap.CollectYields,12
2,48,Fame,source,SurfaceMap.CollectYields,46
2,48,DP,source,DistrictCatalog.Collect,28
2,48,Material,source,DistrictCatalog.Collect,1
2,48,DP,source,EraSystem.TickTurn,9720
2,48,DP,sink,MinionRoster.TryForge,-40800
2,48,Material,sink,MinionRoster.TryForge,-544
2,48,DP,sink,MinionRoster.TrySummon,-2792
2,48,DP,source,AdventurerAI.TakeDamage,61563
2,48,Material,source,AdventurerAI.TakeDamage,750
2,48,DP,sink,CommandSystem.TryUse,-5600
2,48,Fame,source,AdventurerAI.GrantReturnReward,440
2,48,Fame,source,LureEconomy.OnHeroEscaped,1100
2,48,DP,source,AdventurerAI.ReapEmotion,137
2,48,DP,source,AdventurerAI.GrantReturnReward,9356
2,48,DP,source,Nemesis.OnSlain,1021
2,48,Material,source,Nemesis.OnSlain,6
2,48,DP,stock,end,66517
2,48,Material,stock,end,4219
2,48,Fame,stock,end,19371
2,49,DP,source,SurfaceMap.CollectYields,258
2,49,Material,source,SurfaceMap.CollectYields,12
2,49,Fame,source,SurfaceMap.CollectYields,46
2,49,DP,source,DistrictCatalog.Collect,28
2,49,Material,source,DistrictCatalog.Collect,1
2,49,DP,source,EraSystem.TickTurn,9720
2,49,DP,sink,MinionRoster.TryForge,-4800
2,49,Material,sink,MinionRoster.TryForge,-64
2,49,DP,sink,MinionEvolution.TryEvolve,-14200
2,49,DP,sink,MinionRoster.TryEvolveIndividual,-57200
2,49,DP,sink,MinionRoster.TrySummon,-287
2,49,DP,source,AdventurerAI.ReapEmotion,130
2,49,DP,source,AdventurerAI.TakeDamage,72593
2,49,Material,source,AdventurerAI.TakeDamage,847
2,49,DP,sink,CommandSystem.TryUse,-5750
2,49,Fame,source,AdventurerAI.GrantReturnReward,440
2,49,Fame,source,LureEconomy.OnHeroEscaped,1100
2,49,DP,source,AdventurerAI.GrantReturnReward,9166
2,49,DP,source,Nemesis.OnSlain,1134
2,49,Material,source,Nemesis.OnSlain,6
2,49,DP,stock,end,77309
2,49,Material,stock,end,5021
2,49,Fame,stock,end,20957
2,50,DP,source,SurfaceMap.CollectYields,258
2,50,Material,source,SurfaceMap.CollectYields,12
2,50,Fame,source,SurfaceMap.CollectYields,46
2,50,DP,source,DistrictCatalog.Collect,28
2,50,Material,source,DistrictCatalog.Collect,1
2,50,DP,source,EraSystem.TickTurn,9720
2,50,DP,sink,MinionRoster.TryForge,-4800
2,50,Material,sink,MinionRoster.TryForge,-64
2,50,DP,sink,DungeonFloorManager.TryAddFloor,-78125
2,50,DP,sink,DungeonFloorManager.TryExpandFloor,-2700
2,50,DP,sink,MinionRoster.TryEvolveIndividual,-1250
2,50,DP,sink,DungeonFeatureManager.TryPlaceTrap,-150
2,50,DP,sink,MinionRoster.TrySummon,-284
2,50,DP,source,AdventurerAI.TakeDamage,99844
2,50,Material,source,AdventurerAI.TakeDamage,965
2,50,DP,source,AdventurerAI.ReapEmotion,689
2,50,DP,sink,CommandSystem.TryUse,-5600
2,50,DP,source,AdventurerAI.GrantReturnReward,17072
2,50,Fame,source,AdventurerAI.GrantReturnReward,430
2,50,Fame,source,LureEconomy.OnHeroEscaped,1075
2,50,DP,source,Nemesis.OnSlain,1069
2,50,Material,source,Nemesis.OnSlain,6
2,50,DP,stock,end,113080
2,50,Material,stock,end,5941
2,50,Fame,stock,end,22508
2,51,DP,source,SurfaceMap.CollectYields,226
2,51,Material,source,SurfaceMap.CollectYields,12
2,51,Fame,source,SurfaceMap.CollectYields,38
2,51,DP,source,DistrictCatalog.Collect,28
2,51,Material,source,DistrictCatalog.Collect,1
2,51,DP,source,EraSystem.TickTurn,9720
2,51,DP,sink,MinionRoster.TryForge,-4800
2,51,Material,sink,MinionRoster.TryForge,-64
2,51,DP,sink,DungeonFloorManager.TryExpandFloor,-2500
2,51,DP,sink,MinionEvolution.TryEvolve,-19050
2,51,DP,sink,MinionRoster.TryEvolveIndividual,-95450
2,51,DP,sink,DungeonFeatureManager.TryPlaceTrap,-1050
2,51,DP,sink,MinionRoster.TrySummon,-186
2,51,DP,source,AdventurerAI.TakeDamage,80819
2,51,Material,source,AdventurerAI.TakeDamage,763
2,51,Fame,source,AdventurerAI.GrantReturnReward,650
2,51,Fame,source,LureEconomy.OnHeroEscaped,1625
2,51,DP,sink,CommandSystem.TryUse,-5600
2,51,DP,source,AdventurerAI.ReapEmotion,341
2,51,DP,source,AdventurerAI.GrantReturnReward,10813
2,51,DP,source,Nemesis.OnSlain,2538
2,51,Material,source,Nemesis.OnSlain,14
2,51,DP,stock,end,88929
2,51,Material,stock,end,6667
2,51,Fame,stock,end,24821
2,52,DP,source,SurfaceMap.CollectYields,226
2,52,Material,source,SurfaceMap.CollectYields,12
2,52,Fame,source,SurfaceMap.CollectYields,38
2,52,DP,source,DistrictCatalog.Collect,28
2,52,Material,source,DistrictCatalog.Collect,1
2,52,DP,source,EraSystem.TickTurn,16524
2,52,DP,sink,MinionRoster.TryForge,-78240
2,52,Material,sink,MinionRoster.TryForge,-1126
2,52,DP,sink,MinionRoster.TryEvolveIndividual,-24250
2,52,DP,sink,DungeonFeatureManager.TryPlaceTrap,-3000
2,52,DP,sink,MinionRoster.TrySummon,-192
2,52,DP,source,AdventurerAI.TakeDamage,115642
2,52,Material,source,AdventurerAI.TakeDamage,1472
2,52,DP,source,AdventurerAI.ReapEmotion,345
2,52,DP,sink,CommandSystem.TryUse,-5100
2,52,DP,source,AdventurerAI.GrantReturnReward,20137
2,52,Fame,source,AdventurerAI.GrantReturnReward,570
2,52,Fame,source,LureEconomy.OnHeroEscaped,1425
2,52,DP,source,Nemesis.OnSlain,2203
2,52,Material,source,Nemesis.OnSlain,12
2,52,DP,stock,end,133252
2,52,Material,stock,end,7038
2,52,Fame,stock,end,26854
2,53,DP,source,SurfaceMap.CollectYields,226
2,53,Material,source,SurfaceMap.CollectYields,12
2,53,Fame,source,SurfaceMap.CollectYields,38
2,53,DP,source,DistrictCatalog.Collect,28
2,53,Material,source,DistrictCatalog.Collect,1
2,53,DP,source,EraSystem.TickTurn,9720
2,53,Material,source,EraSystem.TickTurn,124
2,53,DP,sink,MinionRoster.TryForge,-120960
2,53,Material,sink,MinionRoster.TryForge,-1764
2,53,DP,sink,MinionRoster.TryEvolveIndividual,-1650
2,53,DP,sink,DungeonFeatureManager.TryPlaceTrap,-600
2,53,DP,sink,MinionRoster.TrySummon,-19983
2,53,DP,source,AdventurerAI.TakeDamage,53939
2,53,Material,source,AdventurerAI.TakeDamage,590
2,53,DP,source,AdventurerAI.ReapEmotion,493
2,53,DP,sink,CommandSystem.TryUse,-5600
2,53,DP,source,AdventurerAI.GrantReturnReward,12260
2,53,Fame,source,AdventurerAI.GrantReturnReward,370
2,53,Fame,source,LureEconomy.OnHeroEscaped,925
2,53,DP,source,Nemesis.OnSlain,1085
2,53,Material,source,Nemesis.OnSlain,6
2,53,DP,stock,end,62210
2,53,Material,stock,end,6007
2,53,Fame,stock,end,28187
2,54,DP,source,SurfaceMap.CollectYields,226
2,54,Material,source,SurfaceMap.CollectYields,12
2,54,Fame,source,SurfaceMap.CollectYields,38
2,54,DP,source,DistrictCatalog.Collect,28
2,54,Material,source,DistrictCatalog.Collect,1
2,54,DP,source,EraSystem.TickTurn,9720
2,54,Material,source,EraSystem.TickTurn,62
2,54,Fame,source,EraSystem.TickTurn,135
2,54,DP,sink,MinionRoster.TryForge,-69120
2,54,Material,sink,MinionRoster.TryForge,-1008
2,54,DP,sink,MinionRoster.TrySummon,-3055
2,54,DP,source,AdventurerAI.TakeDamage,141439
2,54,Material,source,AdventurerAI.TakeDamage,2303
2,54,DP,source,AdventurerAI.ReapEmotion,156
2,54,DP,sink,CommandSystem.TryUse,-5100
2,54,DP,source,AdventurerAI.GrantReturnReward,23064
2,54,Fame,source,AdventurerAI.GrantReturnReward,660
2,54,Fame,source,LureEconomy.OnHeroEscaped,1650
2,54,DP,source,Nemesis.OnSlain,2204
2,54,Material,source,Nemesis.OnSlain,12
2,54,DP,stock,end,161772
2,54,Material,stock,end,7389
2,54,Fame,stock,end,30670
2,55,DP,source,SurfaceMap.CollectYields,226
2,55,Material,source,SurfaceMap.CollectYields,12
2,55,Fame,source,SurfaceMap.CollectYields,38
2,55,DP,source,DistrictCatalog.Collect,28
2,55,Material,source,DistrictCatalog.Collect,1
2,55,DP,source,EraSystem.TickTurn,9720
2,55,DP,sink,MinionRoster.TryForge,-123120
2,55,Material,sink,MinionRoster.TryForge,-1803
2,55,DP,sink,MinionRoster.TrySummon,-48602
2,55,DP,source,AdventurerAI.TakeDamage,131635
2,55,Material,source,AdventurerAI.TakeDamage,1469
2,55,DP,source,AdventurerAI.ReapEmotion,463
2,55,DP,sink,CommandSystem.TryUse,-5600
2,55,DP,source,AdventurerAI.GrantReturnReward,29884
2,55,Fame,source,AdventurerAI.GrantReturnReward,720
2,55,Fame,source,LureEconomy.OnHeroEscaped,1800
2,55,DP,source,Nemesis.OnSlain,1118
2,55,Material,source,Nemesis.OnSlain,6
2,55,DP,stock,end,157524
2,55,Material,stock,end,7074
2,55,Fame,stock,end,33228
2,56,DP,source,SurfaceMap.CollectYields,226
2,56,Material,source,SurfaceMap.CollectYields,12
2,56,Fame,source,SurfaceMap.CollectYields,38
2,56,DP,source,DistrictCatalog.Collect,28
2,56,Material,source,DistrictCatalog.Collect,1
2,56,DP,source,EraSystem.TickTurn,11664
2,56,DP,sink,MinionRoster.TryForge,-151200
2,56,Material,sink,MinionRoster.TryForge,-2310
2,56,DP,sink,MinionRoster.TrySummon,-18241
2,56,DP,source,AdventurerAI.TakeDamage,89523
2,56,Material,source,AdventurerAI.TakeDamage,873
2,56,Fame,source,AdventurerAI.GrantReturnReward,1000
2,56,Fame,source,LureEconomy.OnHeroEscaped,2500
2,56,DP,sink,CommandSystem.TryUse,-5600
2,56,DP,source,AdventurerAI.ReapEmotion,310
2,56,DP,source,AdventurerAI.GrantReturnReward,29285
2,56,DP,stock,end,113519
2,56,Material,stock,end,5650
2,56,Fame,stock,end,36766
2,57,DP,source,SurfaceMap.CollectYields,226
2,57,Material,source,SurfaceMap.CollectYields,12
2,57,Fame,source,SurfaceMap.CollectYields,38
2,57,DP,source,DistrictCatalog.Collect,28
2,57,Material,source,DistrictCatalog.Collect,1
2,57,DP,sink,MinionRoster.TryForge,-108000
2,57,Material,sink,MinionRoster.TryForge,-1650
2,57,DP,sink,MinionRoster.TrySummon,-5757
2,57,DP,source,AdventurerAI.TakeDamage,120014
2,57,Material,source,AdventurerAI.TakeDamage,1760
2,57,DP,source,AdventurerAI.ReapEmotion,296
2,57,DP,sink,CommandSystem.TryUse,-5600
2,57,DP,source,AdventurerAI.GrantReturnReward,24693
2,57,Fame,source,AdventurerAI.GrantReturnReward,650
2,57,Fame,source,LureEconomy.OnHeroEscaped,1625
2,57,DP,stock,end,139419
2,57,Material,stock,end,5773
2,57,Fame,stock,end,39079
2,58,DP,source,SurfaceMap.CollectYields,229
2,58,Material,source,SurfaceMap.CollectYields,12
2,58,Fame,source,SurfaceMap.CollectYields,38
2,58,DP,source,DistrictCatalog.Collect,28
2,58,Material,source,DistrictCatalog.Collect,1
2,58,DP,sink,MinionRoster.TryForge,-136800
2,58,Material,sink,MinionRoster.TryForge,-2090
2,58,DP,sink,MinionRoster.TrySummon,-2829
2,58,DP,source,AdventurerAI.ReapEmotion,204
2,58,DP,source,AdventurerAI.TakeDamage,184106
2,58,Material,source,AdventurerAI.TakeDamage,1925
2,58,DP,sink,CommandSystem.TryUse,-5600
2,58,Fame,source,AdventurerAI.GrantReturnReward,1280
2,58,Fame,source,LureEconomy.OnHeroEscaped,3200
2,58,DP,source,AdventurerAI.GrantReturnReward,49528
2,58,DP,source,Nemesis.OnSlain,1550
2,58,Material,source,Nemesis.OnSlain,8
2,58,DP,stock,end,229835
2,58,Material,stock,end,5629
2,58,Fame,stock,end,43597
2,59,DP,source,SurfaceMap.CollectYields,229
2,59,Material,source,SurfaceMap.CollectYields,12
2,59,Fame,source,SurfaceMap.CollectYields,38
2,59,DP,source,DistrictCatalog.Collect,28
2,59,Material,source,DistrictCatalog.Collect,1
2,59,DP,sink,MinionRoster.TryForge,-170640
2,59,Material,sink,MinionRoster.TryForge,-2715
2,59,DP,sink,MinionRoster.TrySummon,-59407
2,59,DP,source,AdventurerAI.TakeDamage,118776
2,59,Material,source,AdventurerAI.TakeDamage,2139
2,59,Fame,source,AdventurerAI.GrantReturnReward,760
2,59,Fame,source,LureEconomy.OnHeroEscaped,1900
2,59,DP,source,AdventurerAI.ReapEmotion,264
2,59,DP,sink,CommandSystem.TryUse,-5600
2,59,DP,source,AdventurerAI.GrantReturnReward,25538
2,59,DP,source,Nemesis.OnSlain,1199
2,59,Material,source,Nemesis.OnSlain,6
2,59,DP,stock,end,140222
2,59,Material,stock,end,5072
2,59,Fame,stock,end,46295
2,60,DP,source,SurfaceMap.CollectYields,229
2,60,Material,source,SurfaceMap.CollectYields,12
2,60,Fame,source,SurfaceMap.CollectYields,38
2,60,DP,source,DistrictCatalog.Collect,28
2,60,Material,source,DistrictCatalog.Collect,1
2,60,DP,sink,MinionRoster.TryForge,-133920
2,60,Material,sink,MinionRoster.TryForge,-2170
2,60,DP,sink,MinionRoster.TrySummon,-6541
2,60,DP,source,AdventurerAI.ReapEmotion,1165
2,60,DP,source,AdventurerAI.TakeDamage,127149
2,60,Material,source,AdventurerAI.TakeDamage,2001
2,60,DP,sink,CommandSystem.TryUse,-6050
2,60,DP,source,AdventurerAI.GrantReturnReward,35810
2,60,Fame,source,AdventurerAI.GrantReturnReward,780
2,60,Fame,source,LureEconomy.OnHeroEscaped,1950
2,60,DP,source,Nemesis.OnSlain,1183
2,60,Material,source,Nemesis.OnSlain,6
2,60,DP,stock,end,159275
2,60,Material,stock,end,4922
2,60,Fame,stock,end,49063
2,61,DP,source,SurfaceMap.CollectYields,229
2,61,Material,source,SurfaceMap.CollectYields,12
2,61,Fame,source,SurfaceMap.CollectYields,38
2,61,DP,source,DistrictCatalog.Collect,28
2,61,Material,source,DistrictCatalog.Collect,1
2,61,DP,sink,MinionRoster.TryForge,-155520
2,61,Material,sink,MinionRoster.TryForge,-2520
2,61,DP,sink,MinionRoster.TrySummon,-4012
2,61,DP,source,AdventurerAI.TakeDamage,140686
2,61,Material,source,AdventurerAI.TakeDamage,2554
2,61,Fame,source,AdventurerAI.GrantReturnReward,650
2,61,Fame,source,LureEconomy.OnHeroEscaped,1625
2,61,DP,sink,CommandSystem.TryUse,-6050
2,61,DP,source,AdventurerAI.ReapEmotion,378
2,61,DP,source,AdventurerAI.GrantReturnReward,22220
2,61,DP,source,Nemesis.OnSlain,3659
2,61,Material,source,Nemesis.OnSlain,16
2,61,DP,stock,end,160893
2,61,Material,stock,end,4985
2,61,Fame,stock,end,51376
2,62,DP,source,SurfaceMap.CollectYields,225
2,62,Material,source,SurfaceMap.CollectYields,12
2,62,Fame,source,SurfaceMap.CollectYields,37
2,62,DP,source,DistrictCatalog.Collect,28
2,62,Material,source,DistrictCatalog.Collect,1
2,62,DP,sink,MinionRoster.TryForge,-157080
2,62,Material,sink,MinionRoster.TryForge,-2560
2,62,DP,sink,MinionRoster.TrySummon,-4057
2,62,DP,source,AdventurerAI.TakeDamage,105624
2,62,Material,source,AdventurerAI.TakeDamage,1054
2,62,DP,source,AdventurerAI.ReapEmotion,157
2,62,DP,source,AdventurerAI.GrantReturnReward,52768
2,62,Fame,source,AdventurerAI.GrantReturnReward,930
2,62,Fame,source,LureEconomy.OnHeroEscaped,2325
2,62,DP,sink,CommandSystem.TryUse,-5550
2,62,DP,source,Nemesis.OnSlain,3527
2,62,Material,source,Nemesis.OnSlain,16
2,62,DP,stock,end,156535
2,62,Material,stock,end,3508
2,62,Fame,stock,end,54668
2,63,DP,source,SurfaceMap.CollectYields,225
2,63,Material,source,SurfaceMap.CollectYields,12
2,63,Fame,source,SurfaceMap.CollectYields,37
2,63,DP,source,DistrictCatalog.Collect,28
2,63,Material,source,DistrictCatalog.Collect,1
2,63,DP,sink,MinionRoster.TryForge,-153000
2,63,Material,sink,MinionRoster.TryForge,-2700
2,63,DP,sink,MinionRoster.TrySummon,-3773
2,63,DP,source,AdventurerAI.TakeDamage,93545
2,63,Material,source,AdventurerAI.TakeDamage,732
2,63,DP,source,AdventurerAI.ReapEmotion,166
2,63,DP,sink,CommandSystem.TryUse,-5100
2,63,Fame,source,AdventurerAI.GrantReturnReward,1040
2,63,Fame,source,LureEconomy.OnHeroEscaped,2600
2,63,DP,source,AdventurerAI.GrantReturnReward,17263
2,63,DP,source,Nemesis.OnSlain,1215
2,63,Material,source,Nemesis.OnSlain,6
2,63,DP,stock,end,107104
2,63,Material,stock,end,1559
2,63,Fame,stock,end,58345
2,64,DP,source,SurfaceMap.CollectYields,256
2,64,Material,source,SurfaceMap.CollectYields,12
2,64,Fame,source,SurfaceMap.CollectYields,45
2,64,DP,source,DistrictCatalog.Collect,28
2,64,Material,source,DistrictCatalog.Collect,1
2,64,DP,sink,MinionRoster.TryForge,-86700
2,64,Material,sink,MinionRoster.TryForge,-1530
2,64,DP,sink,MinionRoster.TrySummon,-20599
2,64,DP,source,AdventurerAI.TakeDamage,158902
2,64,Material,source,AdventurerAI.TakeDamage,1504
2,64,DP,sink,CommandSystem.TryUse,-5100
2,64,DP,source,AdventurerAI.ReapEmotion,157
2,64,DP,source,AdventurerAI.GrantReturnReward,23502
2,64,Fame,source,AdventurerAI.GrantReturnReward,630
2,64,Fame,source,LureEconomy.OnHeroEscaped,1575
2,64,DP,source,Nemesis.OnSlain,2657
2,64,Material,source,Nemesis.OnSlain,12
2,64,DP,stock,end,180207
2,64,Material,stock,end,1558
2,64,Fame,stock,end,60595
2,65,DP,source,SurfaceMap.CollectYields,256
2,65,Material,source,SurfaceMap.CollectYields,12
2,65,Fame,source,SurfaceMap.CollectYields,45
2,65,DP,source,DistrictCatalog.Collect,28
2,65,Material,source,DistrictCatalog.Collect,1
2,65,DP,sink,MinionRoster.TryForge,-86700
2,65,Material,sink,MinionRoster.TryForge,-1530
2,65,DP,sink,MinionRoster.TrySummon,-93784
2,65,DP,source,AdventurerAI.ReapEmotion,228
2,65,DP,source,AdventurerAI.TakeDamage,144432
2,65,Material,source,AdventurerAI.TakeDamage,1812
2,65,DP,sink,CommandSystem.TryUse,-5550
2,65,DP,source,AdventurerAI.GrantReturnReward,51194
2,65,Fame,source,AdventurerAI.GrantReturnReward,830
2,65,Fame,source,LureEconomy.OnHeroEscaped,2075
2,65,DP,source,Nemesis.OnSlain,1247
2,65,Material,source,Nemesis.OnSlain,6
2,65,DP,stock,end,191558
2,65,Material,stock,end,1859
2,65,Fame,stock,end,63545
2,66,DP,source,SurfaceMap.CollectYields,256
2,66,Material,source,SurfaceMap.CollectYields,12
2,66,Fame,source,SurfaceMap.CollectYields,45
2,66,DP,source,DistrictCatalog.Collect,28
2,66,Material,source,DistrictCatalog.Collect,1
2,66,DP,sink,MinionRoster.TryForge,-102000
2,66,Material,sink,MinionRoster.TryForge,-1800
2,66,DP,sink,MinionRoster.TrySummon,-89773
2,66,DP,source,AdventurerAI.TakeDamage,56892
2,66,Material,source,AdventurerAI.TakeDamage,811
2,66,DP,sink,CommandSystem.TryUse,-5450
2,66,DP,source,AdventurerAI.ReapEmotion,264
2,66,DP,source,AdventurerAI.GrantReturnReward,13021
2,66,Fame,source,AdventurerAI.GrantReturnReward,470
2,66,Fame,source,LureEconomy.OnHeroEscaped,1175
2,66,DP,source,Nemesis.OnSlain,1264
2,66,Material,source,Nemesis.OnSlain,6
2,66,DP,stock,end,66060
2,66,Material,stock,end,889
2,66,Fame,stock,end,65235
