run,turn,resource,kind,key,amount
1,1,DP,sink,DungeonFeatureManager.TryPlaceTrap,-150
1,1,DP,source,AdventurerAI.ReapEmotion,98
1,1,DP,source,AdventurerAI.TakeDamage,162
1,1,Material,source,AdventurerAI.TakeDamage,10
1,1,DP,sink,CommandSystem.TryUse,-300
1,1,DP,source,AdventurerAI.GrantReturnReward,195
1,1,Fame,source,AdventurerAI.GrantReturnReward,20
1,1,Fame,source,LureEconomy.OnHeroEscaped,50
1,1,DP,stock,end,205
1,1,Material,stock,end,10
1,1,Fame,stock,end,70
1,2,DP,source,SurfaceMap.CollectYields,18
1,2,Material,source,SurfaceMap.CollectYields,1
1,2,Fame,source,SurfaceMap.CollectYields,4
1,2,DP,source,EraSystem.TickTurn,600
1,2,Fame,source,EraSystem.TickTurn,25
1,2,DP,sink,DungeonFeatureManager.TryPlaceTrap,-750
1,2,DP,source,AdventurerAI.ReapEmotion,265
1,2,DP,source,AdventurerAI.TakeDamage,281
1,2,Material,source,AdventurerAI.TakeDamage,14
1,2,DP,sink,CommandSystem.TryUse,-650
1,2,DP,source,AdventurerAI.GrantReturnReward,48
1,2,Fame,source,AdventurerAI.GrantReturnReward,10
1,2,Fame,source,LureEconomy.OnHeroEscaped,25
1,2,DP,stock,end,17
1,2,Material,stock,end,25
1,2,Fame,stock,end,134
1,3,DP,source,SurfaceMap.CollectYields,18
1,3,Material,source,SurfaceMap.CollectYields,1
1,3,Fame,source,SurfaceMap.CollectYields,4
1,3,DP,source,EraSystem.TickTurn,600
1,3,Fame,source,EraSystem.TickTurn,25
1,3,DP,sink,DungeonFeatureManager.TryPlaceTrap,-150
1,3,DP,sink,DungeonFeatureManager.TryPlaceFeature,-250
1,3,DP,sink,DungeonFeatureManager.TryPlaceHabitat,-160
1,3,DP,sink,MinionRoster.TrySummon,-60
1,3,DP,source,AdventurerAI.ReapEmotion,231
1,3,DP,source,AdventurerAI.TakeDamage,378
1,3,Material,source,AdventurerAI.TakeDamage,32
1,3,DP,sink,CommandSystem.TryUse,-300
1,3,DP,stock,end,324
1,3,Material,stock,end,58
1,3,Fame,stock,end,163
1,4,DP,source,SurfaceMap.CollectYields,18
1,4,Material,source,SurfaceMap.CollectYields,1
1,4,Fame,source,SurfaceMap.CollectYields,4
1,4,DP,source,EraSystem.TickTurn,600
1,4,Material,source,EraSystem.TickTurn,10
1,4,DP,sink,MinionRoster.TrySummon,-933
1,4,DP,source,IncidentSystem.Apply,600
1,4,DP,sink,CommandSystem.TryUse,-1150
1,4,DP,source,AdventurerAI.ReapEmotion,107
1,4,DP,source,AdventurerAI.TakeDamage,387
1,4,Material,source,AdventurerAI.TakeDamage,24
1,4,DP,source,AdventurerAI.GrantReturnReward,266
1,4,Fame,source,AdventurerAI.GrantReturnReward,10
1,4,Fame,source,LureEconomy.OnHeroEscaped,25
1,4,DP,source,Nemesis.OnSlain,454
1,4,Material,source,Nemesis.OnSlain,5
1,4,DP,stock,end,673
1,4,Material,stock,end,98
1,4,Fame,stock,end,202
1,5,DP,source,SurfaceMap.CollectYields,18
1,5,Material,source,SurfaceMap.CollectYields,1
1,5,Fame,source,SurfaceMap.CollectYields,4
1,5,DP,source,EraSystem.TickTurn,600
1,5,DP,sink,MinionRoster.TrySummon,-679
1,5,DP,sink,DungeonFeatureManager.TryPlaceFeature,-250
1,5,DP,sink,DungeonFeatureManager.TryPlaceHabitat,-360
1,5,DP,source,AdventurerAI.ReapEmotion,79
1,5,DP,source,AdventurerAI.TakeDamage,826
1,5,Material,source,AdventurerAI.TakeDamage,34
1,5,DP,sink,CommandSystem.TryUse,-950
1,5,DP,source,AdventurerAI.GrantReturnReward,163
1,5,Fame,source,AdventurerAI.GrantReturnReward,10
1,5,Fame,source,LureEconomy.OnHeroEscaped,25
1,5,DP,stock,end,120
1,5,Material,stock,end,133
1,5,Fame,stock,end,241
1,6,DP,source,SurfaceMap.CollectYields,39
1,6,Material,source,SurfaceMap.CollectYields,2
1,6,Fame,source,SurfaceMap.CollectYields,9
1,6,DP,source,EraSystem.TickTurn,600
1,6,DP,sink,MinionRoster.TrySummon,-751
1,6,DP,source,AdventurerAI.ReapEmotion,173
1,6,Fame,source,AdventurerAI.GrantReturnReward,20
1,6,Fame,source,LureEconomy.OnHeroEscaped,50
1,6,DP,source,AdventurerAI.TakeDamage,512
1,6,Material,source,AdventurerAI.TakeDamage,18
1,6,DP,sink,CommandSystem.TryUse,-650
1,6,DP,source,AdventurerAI.GrantReturnReward,356
1,6,DP,stock,end,399
1,6,Material,stock,end,153
1,6,Fame,stock,end,320
1,7,DP,source,SurfaceMap.CollectYields,39
1,7,Material,source,SurfaceMap.CollectYields,2
1,7,Fame,source,SurfaceMap.CollectYields,9
1,7,DP,source,EraSystem.TickTurn,1020
1,7,DP,sink,MinionRoster.TrySummon,-1443
1,7,DP,source,AdventurerAI.ReapEmotion,126
1,7,DP,source,AdventurerAI.TakeDamage,602
1,7,Material,source,AdventurerAI.TakeDamage,20
1,7,DP,sink,CommandSystem.TryUse,-650
1,7,DP,source,AdventurerAI.GrantReturnReward,326
1,7,Fame,source,AdventurerAI.GrantReturnReward,20
1,7,Fame,source,LureEconomy.OnHeroEscaped,50
1,7,DP,source,Nemesis.OnSlain,535
1,7,Material,source,Nemesis.OnSlain,5
1,7,DP,stock,end,954
1,7,Material,stock,end,180
1,7,Fame,stock,end,399
1,8,DP,source,SurfaceMap.CollectYields,39
1,8,Material,source,SurfaceMap.CollectYields,2
1,8,Fame,source,SurfaceMap.CollectYields,9
1,8,DP,sink,MinionRoster.TrySummon,-981
1,8,DP,source,AdventurerAI.ReapEmotion,126
1,8,DP,source,AdventurerAI.TakeDamage,926
1,8,Material,source,AdventurerAI.TakeDamage,47
1,8,DP,sink,CommandSystem.TryUse,-950
1,8,DP,source,Nemesis.OnSlain,1102
1,8,Material,source,Nemesis.OnSlain,10
1,8,DP,stock,end,1216
1,8,Material,stock,end,239
1,8,Fame,stock,end,408
1,9,DP,source,SurfaceMap.CollectYields,45
1,9,Material,source,SurfaceMap.CollectYields,2
1,9,Fame,source,SurfaceMap.CollectYields,11
1,9,DP,source,EraSystem.TickTurn,300
1,9,Fame,source,EraSystem.TickTurn,25
1,9,DP,sink,MinionRoster.TrySummon,-1540
1,9,DP,source,AdventurerAI.ReapEmotion,255
1,9,DP,source,AdventurerAI.TakeDamage,804
1,9,Material,source,AdventurerAI.TakeDamage,38
1,9,DP,sink,CommandSystem.TryUse,-1300
1,9,DP,source,AdventurerAI.GrantReturnReward,163
1,9,Fame,source,AdventurerAI.GrantReturnReward,10
1,9,Fame,source,LureEconomy.OnHeroEscaped,25
1,9,DP,source,Nemesis.OnSlain,1134
1,9,Material,source,Nemesis.OnSlain,10
1,9,DP,stock,end,1077
1,9,Material,stock,end,289
1,9,Fame,stock,end,479
1,10,DP,source,SurfaceMap.CollectYields,78
1,10,Material,source,SurfaceMap.CollectYields,3
1,10,Fame,source,SurfaceMap.CollectYields,16
1,10,DP,source,EraSystem.TickTurn,720
1,10,DP,sink,MinionRoster.TrySummon,-1863
1,10,DP,source,AdventurerAI.ReapEmotion,218
1,10,DP,source,AdventurerAI.TakeDamage,387
1,10,Material,source,AdventurerAI.TakeDamage,14
1,10,DP,sink,CommandSystem.TryUse,-650
1,10,DP,source,AdventurerAI.GrantReturnReward,372
1,10,Fame,source,AdventurerAI.GrantReturnReward,10
1,10,Fame,source,LureEconomy.OnHeroEscaped,25
1,10,DP,stock,end,339
1,10,Material,stock,end,306
1,10,Fame,stock,end,530
1,11,DP,source,SurfaceMap.CollectYields,24
1,11,Material,source,SurfaceMap.CollectYields,1
1,11,Fame,source,SurfaceMap.CollectYields,5
1,11,DP,source,WaveRoster.ResolveTrial,900
1,11,DP,sink,MinionRoster.TrySummon,-1246
1,11,DP,source,AdventurerAI.ReapEmotion,223
1,11,DP,source,AdventurerAI.TakeDamage,1022
1,11,Material,source,AdventurerAI.TakeDamage,40
1,11,DP,sink,CommandSystem.TryUse,-950
1,11,DP,source,Nemesis.OnSlain,616
1,11,Material,source,Nemesis.OnSlain,5
1,11,DP,stock,end,928
1,11,Material,stock,end,352
1,11,Fame,stock,end,535
1,12,DP,source,SurfaceMap.CollectYields,24
1,12,Material,source,SurfaceMap.CollectYields,1
1,12,Fame,source,SurfaceMap.CollectYields,5
1,12,DP,source,DistrictCatalog.Collect,84
1,12,DP,sink,MinionRoster.TrySummon,-1024
1,12,DP,source,AdventurerAI.ReapEmotion,98
1,12,DP,source,AdventurerAI.TakeDamage,907
1,12,Material,source,AdventurerAI.TakeDamage,41
1,12,DP,sink,CommandSystem.TryUse,-1450
1,12,DP,source,AdventurerAI.GrantReturnReward,356
1,12,Fame,source,AdventurerAI.GrantReturnReward,10
1,12,Fame,source,LureEconomy.OnHeroEscaped,25
1,12,DP,source,Nemesis.OnSlain,616
1,12,Material,source,Nemesis.OnSlain,5
1,12,DP,stock,end,539
1,12,Material,stock,end,399
1,12,Fame,stock,end,575
1,13,DP,source,SurfaceMap.CollectYields,18
1,13,Material,source,SurfaceMap.CollectYields,1
1,13,Fame,source,SurfaceMap.CollectYields,4
1,13,DP,source,DistrictCatalog.Collect,98
1,13,DP,sink,MinionRoster.TrySummon,-632
1,13,DP,source,AdventurerAI.ReapEmotion,157
1,13,DP,source,AdventurerAI.TakeDamage,1630
1,13,Material,source,AdventurerAI.TakeDamage,60
1,13,DP,sink,CommandSystem.TryUse,-1450
1,13,DP,stock,end,360
1,13,Material,stock,end,460
1,13,Fame,stock,end,579
1,14,DP,source,SurfaceMap.CollectYields,39
1,14,Material,source,SurfaceMap.CollectYields,2
1,14,Fame,source,SurfaceMap.CollectYields,9
1,14,DP,source,DistrictCatalog.Collect,98
1,14,DP,sink,MinionRoster.TrySummon,-487
1,14,DP,source,AdventurerAI.ReapEmotion,265
1,14,DP,source,AdventurerAI.GrantReturnReward,950
1,14,Fame,source,AdventurerAI.GrantReturnReward,70
1,14,Fame,source,LureEconomy.OnHeroEscaped,175
1,14,DP,sink,CommandSystem.TryUse,-1150
1,14,DP,source,AdventurerAI.TakeDamage,486
1,14,Material,source,AdventurerAI.TakeDamage,21
1,14,DP,stock,end,561
1,14,Material,stock,end,483
1,14,Fame,stock,end,833
1,15,DP,source,SurfaceMap.CollectYields,39
1,15,Material,source,SurfaceMap.CollectYields,2
1,15,Fame,source,SurfaceMap.CollectYields,9
1,15,DP,source,DistrictCatalog.Collect,98
1,15,DP,source,EraSystem.TickTurn,300
1,15,DP,sink,MinionRoster.TrySummon,-978
1,15,DP,source,AdventurerAI.ReapEmotion,204
1,15,DP,source,AdventurerAI.TakeDamage,1502
1,15,Material,source,AdventurerAI.TakeDamage,46
1,15,DP,sink,CommandSystem.TryUse,-1800
1,15,DP,source,AdventurerAI.GrantReturnReward,969
1,15,Fame,source,AdventurerAI.GrantReturnReward,20
1,15,Fame,source,LureEconomy.OnHeroEscaped,50
1,15,DP,stock,end,895
1,15,Material,stock,end,531
1,15,Fame,stock,end,912
1,16,DP,source,SurfaceMap.CollectYields,39
1,16,Material,source,SurfaceMap.CollectYields,2
1,16,Fame,source,SurfaceMap.CollectYields,9
1,16,DP,source,DistrictCatalog.Collect,98
1,16,DP,source,WaveRoster.ResolveTrial,900
1,16,DP,sink,MinionRoster.TrySummon,-1921
1,16,DP,source,AdventurerAI.ReapEmotion,146
1,16,DP,source,AdventurerAI.TakeDamage,3068
1,16,Material,source,AdventurerAI.TakeDamage,87
1,16,DP,sink,CommandSystem.TryUse,-1800
1,16,DP,source,AdventurerAI.GrantReturnReward,227
1,16,Fame,source,AdventurerAI.GrantReturnReward,20
1,16,Fame,source,LureEconomy.OnHeroEscaped,50
1,16,DP,source,Nemesis.OnSlain,2385
1,16,Material,source,Nemesis.OnSlain,17
1,16,DP,stock,end,4037
1,16,Material,stock,end,637
1,16,Fame,stock,end,991
1,17,DP,source,SurfaceMap.CollectYields,80
1,17,Material,source,SurfaceMap.CollectYields,4
1,17,Fame,source,SurfaceMap.CollectYields,18
1,17,DP,source,DistrictCatalog.Collect,98
1,17,DP,source,EraSystem.TickTurn,1020
1,17,DP,sink,MinionRoster.TrySummon,-5228
1,17,DP,source,AdventurerAI.ReapEmotion,143
1,17,DP,source,AdventurerAI.TakeDamage,1357
1,17,Material,source,AdventurerAI.TakeDamage,40
1,17,Fame,source,AdventurerAI.GrantReturnReward,30
1,17,Fame,source,LureEconomy.OnHeroEscaped,75
1,17,DP,sink,CommandSystem.TryUse,-1450
1,17,DP,source,Nemesis.OnSlain,1458
1,17,Material,source,Nemesis.OnSlain,10
1,17,DP,stock,end,1515
1,17,Material,stock,end,691
1,17,Fame,stock,end,1114
1,18,DP,source,SurfaceMap.CollectYields,80
1,18,Material,source,SurfaceMap.CollectYields,4
1,18,Fame,source,SurfaceMap.CollectYields,18
1,18,DP,source,DistrictCatalog.Collect,126
1,18,DP,sink,MinionRoster.TrySummon,-1710
1,18,DP,source,AdventurerAI.ReapEmotion,155
1,18,DP,source,AdventurerAI.TakeDamage,1913
1,18,Material,source,AdventurerAI.TakeDamage,58
1,18,DP,sink,CommandSystem.TryUse,-1450
1,18,DP,source,Nemesis.OnSlain,1490
1,18,Material,source,Nemesis.OnSlain,10
1,18,DP,stock,end,2119
1,18,Material,stock,end,763
1,18,Fame,stock,end,1132
1,19,DP,source,SurfaceMap.CollectYields,136
1,19,Material,source,SurfaceMap.CollectYields,5
1,19,Fame,source,SurfaceMap.CollectYields,28
1,19,DP,source,DistrictCatalog.Collect,126
1,19,DP,source,EraSystem.TickTurn,300
1,19,DP,sink,MinionRoster.TrySummon,-2672
1,19,DP,source,AdventurerAI.ReapEmotion,172
1,19,DP,source,AdventurerAI.TakeDamage,1724
1,19,Material,source,AdventurerAI.TakeDamage,55
1,19,DP,sink,CommandSystem.TryUse,-1800
1,19,DP,source,AdventurerAI.GrantReturnReward,159
1,19,Fame,source,AdventurerAI.GrantReturnReward,20
1,19,Fame,source,LureEconomy.OnHeroEscaped,50
1,19,DP,source,Nemesis.OnSlain,1522
1,19,Material,source,Nemesis.OnSlain,10
1,19,DP,stock,end,1786
1,19,Material,stock,end,833
1,19,Fame,stock,end,1230
1,20,DP,source,SurfaceMap.CollectYields,136
1,20,Material,source,SurfaceMap.CollectYields,5
1,20,Fame,source,SurfaceMap.CollectYields,28
1,20,DP,source,DistrictCatalog.Collect,126
1,20,DP,sink,MinionRoster.TrySummon,-2041
1,20,DP,source,AdventurerAI.ReapEmotion,155
1,20,DP,source,AdventurerAI.TakeDamage,4862
1,20,Material,source,AdventurerAI.TakeDamage,114
1,20,DP,sink,CommandSystem.TryUse,-1800
1,20,Fame,source,AdventurerAI.GrantReturnReward,50
1,20,Fame,source,LureEconomy.OnHeroEscaped,125
1,20,DP,source,AdventurerAI.GrantReturnReward,511
1,20,DP,source,Nemesis.OnSlain,778
1,20,Material,source,Nemesis.OnSlain,5
1,20,DP,stock,end,4513
1,20,Material,stock,end,957
1,20,Fame,stock,end,1433
1,21,DP,source,SurfaceMap.CollectYields,136
1,21,Material,source,SurfaceMap.CollectYields,5
1,21,Fame,source,SurfaceMap.CollectYields,28
1,21,DP,source,DistrictCatalog.Collect,126
1,21,DP,source,WaveRoster.ResolveTrial,1200
1,21,DP,sink,MinionRoster.TrySummon,-5950
1,21,DP,source,AdventurerAI.ReapEmotion,349
1,21,DP,sink,CommandSystem.TryUse,-1800
1,21,DP,source,AdventurerAI.TakeDamage,2502
1,21,Material,source,AdventurerAI.TakeDamage,65
1,21,DP,source,Nemesis.OnSlain,1588
1,21,Material,source,Nemesis.OnSlain,10
1,21,DP,stock,end,2664
1,21,Material,stock,end,1037
1,21,Fame,stock,end,1461
1,22,DP,source,SurfaceMap.CollectYields,136
1,22,Material,source,SurfaceMap.CollectYields,5
1,22,Fame,source,SurfaceMap.CollectYields,28
1,22,DP,source,DistrictCatalog.Collect,98
1,22,DP,sink,MinionRoster.TrySummon,-2860
1,22,DP,source,AdventurerAI.ReapEmotion,166
1,22,DP,source,AdventurerAI.TakeDamage,1741
1,22,Material,source,AdventurerAI.TakeDamage,41
1,22,DP,sink,CommandSystem.TryUse,-1450
1,22,Fame,source,AdventurerAI.GrantReturnReward,70
1,22,Fame,source,LureEconomy.OnHeroEscaped,175
1,22,DP,source,AdventurerAI.GrantReturnReward,420
1,22,DP,source,Nemesis.OnSlain,2754
1,22,Material,source,Nemesis.OnSlain,17
1,22,DP,stock,end,3669
1,22,Material,stock,end,1100
1,22,Fame,stock,end,1734
1,23,DP,source,SurfaceMap.CollectYields,62
1,23,Material,source,SurfaceMap.CollectYields,3
1,23,Fame,source,SurfaceMap.CollectYields,14
1,23,DP,source,DistrictCatalog.Collect,112
1,23,DP,sink,MinionRoster.TrySummon,-3818
1,23,DP,source,AdventurerAI.ReapEmotion,270
1,23,DP,source,AdventurerAI.TakeDamage,1667
1,23,Material,source,AdventurerAI.TakeDamage,37
1,23,DP,sink,CommandSystem.TryUse,-1900
1,23,DP,source,AdventurerAI.GrantReturnReward,1553
1,23,Fame,source,AdventurerAI.GrantReturnReward,90
1,23,Fame,source,LureEconomy.OnHeroEscaped,225
1,23,DP,stock,end,1615
1,23,Material,stock,end,1140
1,23,Fame,stock,end,2063
1,24,DP,source,SurfaceMap.CollectYields,83
1,24,Material,source,SurfaceMap.CollectYields,4
1,24,Fame,source,SurfaceMap.CollectYields,19
1,24,DP,source,DistrictCatalog.Collect,28
1,24,DP,source,EraSystem.TickTurn,3840
1,24,DP,sink,MinionRoster.TrySummon,-5556
1,24,DP,source,AdventurerAI.ReapEmotion,243
1,24,DP,source,AdventurerAI.TakeDamage,2855
1,24,Material,source,AdventurerAI.TakeDamage,52
1,24,DP,sink,CommandSystem.TryUse,-2250
1,24,DP,source,AdventurerAI.GrantReturnReward,517
1,24,Fame,source,AdventurerAI.GrantReturnReward,90
1,24,Fame,source,LureEconomy.OnHeroEscaped,225
1,24,DP,source,Nemesis.OnSlain,2577
1,24,Material,source,Nemesis.OnSlain,15
1,24,DP,stock,end,3952
1,24,Material,stock,end,1211
1,24,Fame,stock,end,2397
1,25,DP,source,SurfaceMap.CollectYields,83
1,25,Material,source,SurfaceMap.CollectYields,4
1,25,Fame,source,SurfaceMap.CollectYields,19
1,25,DP,source,DistrictCatalog.Collect,28
1,25,DP,source,EraSystem.TickTurn,6528
1,25,DP,sink,MinionRoster.TrySummon,-10551
1,25,DP,source,AdventurerAI.ReapEmotion,172
1,25,DP,source,AdventurerAI.TakeDamage,9122
1,25,Material,source,AdventurerAI.TakeDamage,112
1,25,DP,sink,CommandSystem.TryUse,-2250
1,25,DP,source,AdventurerAI.GrantReturnReward,2056
1,25,Fame,source,AdventurerAI.GrantReturnReward,210
1,25,Fame,source,LureEconomy.OnHeroEscaped,525
1,25,DP,source,Nemesis.OnSlain,3549
1,25,Material,source,Nemesis.OnSlain,21
1,25,DP,stock,end,12689
1,25,Material,stock,end,1348
1,25,Fame,stock,end,3151
1,26,DP,source,SurfaceMap.CollectYields,83
1,26,Material,source,SurfaceMap.CollectYields,4
1,26,Fame,source,SurfaceMap.CollectYields,19
1,26,DP,source,DistrictCatalog.Collect,28
1,26,DP,source,EraSystem.TickTurn,6528
1,26,DP,source,WaveRoster.ResolveTrial,2400
1,26,DP,sink,MinionRoster.TrySummon,-21684
1,26,DP,source,AdventurerAI.ReapEmotion,186
1,26,DP,source,AdventurerAI.TakeDamage,4998
1,26,Material,source,AdventurerAI.TakeDamage,66
1,26,DP,sink,CommandSystem.TryUse,-2250
1,26,Fame,source,AdventurerAI.GrantReturnReward,150
1,26,Fame,source,LureEconomy.OnHeroEscaped,375
1,26,DP,source,AdventurerAI.GrantReturnReward,879
1,26,DP,source,Nemesis.OnSlain,2721
1,26,Material,source,Nemesis.OnSlain,18
1,26,DP,stock,end,6578
1,26,Material,stock,end,1436
1,26,Fame,stock,end,3695
1,27,DP,source,SurfaceMap.CollectYields,83
1,27,Material,source,SurfaceMap.CollectYields,5
1,27,Fame,source,SurfaceMap.CollectYields,19
1,27,DP,source,DistrictCatalog.Collect,28
1,27,DP,source,EraSystem.TickTurn,3840
1,27,Material,source,EraSystem.TickTurn,37
1,27,Fame,source,EraSystem.TickTurn,80
1,27,DP,sink,MinionRoster.TrySummon,-10506
1,27,DP,source,AdventurerAI.ReapEmotion,202
1,27,DP,source,AdventurerAI.TakeDamage,8194
1,27,Material,source,AdventurerAI.TakeDamage,90
1,27,DP,sink,CommandSystem.TryUse,-2250
1,27,Fame,source,AdventurerAI.GrantReturnReward,120
1,27,Fame,source,LureEconomy.OnHeroEscaped,300
1,27,DP,source,AdventurerAI.GrantReturnReward,991
1,27,DP,source,Nemesis.OnSlain,2820
1,27,Material,source,Nemesis.OnSlain,18
1,27,DP,stock,end,9980
1,27,Material,stock,end,1586
1,27,Fame,stock,end,4214
1,28,DP,source,SurfaceMap.CollectYields,83
1,28,Material,source,SurfaceMap.CollectYields,5
1,28,Fame,source,SurfaceMap.CollectYields,19
1,28,DP,source,DistrictCatalog.Collect,28
1,28,DP,source,EraSystem.TickTurn,6528
1,28,Fame,source,EraSystem.TickTurn,192
1,28,DP,sink,MinionRoster.TrySummon,-16607
1,28,DP,source,AdventurerAI.ReapEmotion,265
1,28,DP,source,AdventurerAI.TakeDamage,9945
1,28,Material,source,AdventurerAI.TakeDamage,71
1,28,DP,sink,CommandSystem.TryUse,-3200
1,28,DP,source,AdventurerAI.GrantReturnReward,1282
1,28,Fame,source,AdventurerAI.GrantReturnReward,300
1,28,Fame,source,LureEconomy.OnHeroEscaped,750
1,28,DP,source,Nemesis.OnSlain,2932
1,28,Material,source,Nemesis.OnSlain,18
1,28,DP,stock,end,11236
1,28,Material,stock,end,1680
1,28,Fame,stock,end,5475
1,29,DP,source,SurfaceMap.CollectYields,124
1,29,Material,source,SurfaceMap.CollectYields,7
1,29,Fame,source,SurfaceMap.CollectYields,28
1,29,DP,source,DistrictCatalog.Collect,28
1,29,DP,sink,MinionRoster.TrySummon,-11372
1,29,DP,source,IncidentSystem.Apply,600
1,29,DP,sink,CommandSystem.TryUse,-3850
1,29,DP,source,AdventurerAI.ReapEmotion,221
1,29,DP,source,AdventurerAI.TakeDamage,22444
1,29,Material,source,AdventurerAI.TakeDamage,138
1,29,Fame,source,AdventurerAI.GrantReturnReward,240
1,29,Fame,source,LureEconomy.OnHeroEscaped,600
1,29,DP,source,AdventurerAI.GrantReturnReward,2241
1,29,DP,source,Nemesis.OnSlain,2964
1,29,Material,source,Nemesis.OnSlain,18
1,29,DP,stock,end,24636
1,29,Material,stock,end,1843
1,29,Fame,stock,end,6343
2,1,DP,sink,DungeonFeatureManager.TryPlaceTrap,-150
2,1,DP,source,AdventurerAI.ReapEmotion,195
2,1,DP,source,AdventurerAI.TakeDamage,111
2,1,Material,source,AdventurerAI.TakeDamage,4
2,1,DP,sink,CommandSystem.TryUse,-650
2,1,DP,source,AdventurerAI.GrantReturnReward,451
2,1,Fame,source,AdventurerAI.GrantReturnReward,30
2,1,Fame,source,LureEconomy.OnHeroEscaped,75
2,1,DP,stock,end,157
2,1,Material,stock,end,4
2,1,Fame,stock,end,105
2,2,DP,source,SurfaceMap.CollectYields,18
2,2,Material,source,SurfaceMap.CollectYields,1
2,2,Fame,source,SurfaceMap.CollectYields,4
2,2,DP,source,EraSystem.TickTurn,600
2,2,Fame,source,EraSystem.TickTurn,25
2,2,DP,sink,DungeonFeatureManager.TryPlaceTrap,-600
2,2,DP,source,AdventurerAI.ReapEmotion,118
2,2,Fame,source,AdventurerAI.GrantReturnReward,10
2,2,Fame,source,LureEconomy.OnHeroEscaped,25
2,2,DP,source,AdventurerAI.TakeDamage,306
2,2,Material,source,AdventurerAI.TakeDamage,21
2,2,DP,sink,CommandSystem.TryUse,-300
2,2,DP,stock,end,299
2,2,Material,stock,end,26
2,2,Fame,stock,end,169
2,3,DP,source,SurfaceMap.CollectYields,18
2,3,Material,source,SurfaceMap.CollectYields,1
2,3,Fame,source,SurfaceMap.CollectYields,4
2,3,DP,source,EraSystem.TickTurn,600
2,3,Fame,source,EraSystem.TickTurn,25
2,3,DP,sink,DungeonFeatureManager.TryPlaceTrap,-300
2,3,DP,sink,DungeonFeatureManager.TryPlaceFeature,-250
2,3,DP,sink,DungeonFeatureManager.TryPlaceHabitat,-180
2,3,DP,sink,MinionRoster.TrySummon,-176
2,3,DP,source,AdventurerAI.ReapEmotion,105
2,3,DP,source,AdventurerAI.TakeDamage,323
2,3,Material,source,AdventurerAI.TakeDamage,30
2,3,DP,source,AdventurerAI.GrantReturnReward,145
2,3,Fame,source,AdventurerAI.GrantReturnReward,10
2,3,Fame,source,LureEconomy.OnHeroEscaped,25
2,3,DP,sink,CommandSystem.TryUse,-300
2,3,DP,source,Nemesis.OnSlain,454
2,3,Material,source,Nemesis.OnSlain,5
2,3,DP,stock,end,738
2,3,Material,stock,end,62
2,3,Fame,stock,end,233
2,4,DP,source,SurfaceMap.CollectYields,18
2,4,Material,source,SurfaceMap.CollectYields,1
2,4,Fame,source,SurfaceMap.CollectYields,4
2,4,DP,source,EraSystem.TickTurn,600
2,4,Material,source,EraSystem.TickTurn,10
2,4,DP,sink,MinionRoster.TrySummon,-750
2,4,DP,sink,DungeonFeatureManager.TryPlaceFeature,-250
2,4,DP,sink,DungeonFeatureManager.TryPlaceHabitat,-340
2,4,DP,source,AdventurerAI.ReapEmotion,324
2,4,DP,source,AdventurerAI.TakeDamage,828
2,4,Material,source,AdventurerAI.TakeDamage,47
2,4,DP,sink,CommandSystem.TryUse,-1300
2,4,DP,source,Nemesis.OnSlain,940
2,4,Material,source,Nemesis.OnSlain,10
2,4,DP,stock,end,808
2,4,Material,stock,end,130
2,4,Fame,stock,end,237
2,5,DP,source,SurfaceMap.CollectYields,18
2,5,Material,source,SurfaceMap.CollectYields,1
2,5,Fame,source,SurfaceMap.CollectYields,4
2,5,DP,source,EraSystem.TickTurn,600
2,5,DP,sink,MinionRoster.TrySummon,-1413
2,5,DP,source,AdventurerAI.ReapEmotion,316
2,5,Fame,source,AdventurerAI.GrantReturnReward,10
2,5,Fame,source,LureEconomy.OnHeroEscaped,25
2,5,DP,source,AdventurerAI.TakeDamage,478
2,5,Material,source,AdventurerAI.TakeDamage,22
2,5,DP,sink,CommandSystem.TryUse,-650
2,5,DP,source,Nemesis.OnSlain,486
2,5,Material,source,Nemesis.OnSlain,5
2,5,DP,stock,end,643
2,5,Material,stock,end,158
2,5,Fame,stock,end,276
2,6,DP,source,SurfaceMap.CollectYields,38
2,6,Material,source,SurfaceMap.CollectYields,2
2,6,Fame,source,SurfaceMap.CollectYields,8
2,6,DP,source,EraSystem.TickTurn,1020
2,6,DP,sink,MinionRoster.TrySummon,-1699
2,6,DP,source,AdventurerAI.TakeDamage,505
2,6,Material,source,AdventurerAI.TakeDamage,12
2,6,DP,source,AdventurerAI.ReapEmotion,252
2,6,DP,sink,CommandSystem.TryUse,-300
2,6,Fame,source,AdventurerAI.GrantReturnReward,20
2,6,Fame,source,LureEconomy.OnHeroEscaped,50
2,6,DP,source,Nemesis.OnSlain,502
2,6,Material,source,Nemesis.OnSlain,5
2,6,DP,stock,end,961
2,6,Material,stock,end,177
2,6,Fame,stock,end,354
2,7,DP,source,SurfaceMap.CollectYields,38
2,7,Material,source,SurfaceMap.CollectYields,2
2,7,Fame,source,SurfaceMap.CollectYields,8
2,7,DP,source,EraSystem.TickTurn,600
2,7,DP,sink,MinionRoster.TrySummon,-1582
2,7,DP,source,AdventurerAI.ReapEmotion,137
2,7,DP,source,AdventurerAI.TakeDamage,552
2,7,Material,source,AdventurerAI.TakeDamage,18
2,7,DP,sink,CommandSystem.TryUse,-300
2,7,Fame,source,AdventurerAI.GrantReturnReward,20
2,7,Fame,source,LureEconomy.OnHeroEscaped,50
2,7,DP,source,Nemesis.OnSlain,535
2,7,Material,source,Nemesis.OnSlain,5
2,7,DP,stock,end,941
2,7,Material,stock,end,202
2,7,Fame,stock,end,432
2,8,DP,source,SurfaceMap.CollectYields,39
2,8,Material,source,SurfaceMap.CollectYields,2
2,8,Fame,source,SurfaceMap.CollectYields,9
2,8,DP,sink,MinionRoster.TrySummon,-978
2,8,DP,source,AdventurerAI.ReapEmotion,120
2,8,DP,source,AdventurerAI.TakeDamage,668
2,8,Material,source,AdventurerAI.TakeDamage,30
2,8,DP,sink,CommandSystem.TryUse,-1450
2,8,Fame,source,AdventurerAI.GrantReturnReward,20
2,8,Fame,source,LureEconomy.OnHeroEscaped,50
2,8,DP,source,Nemesis.OnSlain,1134
2,8,Material,source,Nemesis.OnSlain,10
2,8,DP,stock,end,474
2,8,Material,stock,end,244
2,8,Fame,stock,end,511
2,9,DP,source,SurfaceMap.CollectYields,68
2,9,Material,source,SurfaceMap.CollectYields,3
2,9,Fame,source,SurfaceMap.CollectYields,16
2,9,DP,source,EraSystem.TickTurn,600
2,9,Fame,source,EraSystem.TickTurn,25
2,9,DP,sink,MinionRoster.TrySummon,-1137
2,9,DP,source,IncidentSystem.Apply,600
2,9,DP,sink,CommandSystem.TryUse,-650
2,9,DP,source,AdventurerAI.ReapEmotion,127
2,9,DP,source,AdventurerAI.TakeDamage,457
2,9,Material,source,AdventurerAI.TakeDamage,17
2,9,DP,source,Nemesis.OnSlain,583
2,9,Material,source,Nemesis.OnSlain,5
2,9,DP,stock,end,1122
2,9,Material,stock,end,269
2,9,Fame,stock,end,552
2,10,DP,source,SurfaceMap.CollectYields,78
2,10,Material,source,SurfaceMap.CollectYields,3
2,10,Fame,source,SurfaceMap.CollectYields,16
2,10,DP,source,EraSystem.TickTurn,720
2,10,DP,sink,MinionRoster.TrySummon,-1896
2,10,DP,source,AdventurerAI.ReapEmotion,181
2,10,DP,source,AdventurerAI.TakeDamage,1236
2,10,Material,source,AdventurerAI.TakeDamage,41
2,10,DP,sink,CommandSystem.TryUse,-1450
2,10,DP,source,Nemesis.OnSlain,1198
2,10,Material,source,Nemesis.OnSlain,10
2,10,DP,stock,end,1189
2,10,Material,stock,end,323
2,10,Fame,stock,end,568
2,11,DP,source,SurfaceMap.CollectYields,78
2,11,Material,source,SurfaceMap.CollectYields,3
2,11,Fame,source,SurfaceMap.CollectYields,16
2,11,DP,source,WaveRoster.ResolveTrial,900
2,11,DP,sink,MinionRoster.TrySummon,-2143
2,11,DP,source,AdventurerAI.ReapEmotion,297
2,11,DP,source,AdventurerAI.TakeDamage,396
2,11,Material,source,AdventurerAI.TakeDamage,21
2,11,DP,sink,CommandSystem.TryUse,-650
2,11,DP,source,AdventurerAI.GrantReturnReward,309
2,11,Fame,source,AdventurerAI.GrantReturnReward,60
2,11,Fame,source,LureEconomy.OnHeroEscaped,150
2,11,DP,stock,end,376
2,11,Material,stock,end,347
2,11,Fame,stock,end,794
2,12,DP,source,SurfaceMap.CollectYields,106
2,12,Material,source,SurfaceMap.CollectYields,4
2,12,Fame,source,SurfaceMap.CollectYields,22
2,12,DP,source,DistrictCatalog.Collect,112
2,12,DP,sink,MinionRoster.TrySummon,-584
2,12,DP,source,AdventurerAI.ReapEmotion,211
2,12,DP,source,AdventurerAI.TakeDamage,934
2,12,Material,source,AdventurerAI.TakeDamage,26
2,12,DP,sink,CommandSystem.TryUse,-950
2,12,Fame,source,AdventurerAI.GrantReturnReward,20
2,12,Fame,source,LureEconomy.OnHeroEscaped,50
2,12,DP,source,AdventurerAI.GrantReturnReward,63
2,12,DP,stock,end,268
2,12,Material,stock,end,377
2,12,Fame,stock,end,886
2,13,DP,source,SurfaceMap.CollectYields,79
2,13,Material,source,SurfaceMap.CollectYields,4
2,13,Fame,source,SurfaceMap.CollectYields,17
2,13,DP,source,DistrictCatalog.Collect,112
2,13,DP,sink,MinionRoster.TrySummon,-449
2,13,DP,source,AdventurerAI.ReapEmotion,283
2,13,DP,source,AdventurerAI.TakeDamage,1002
2,13,Material,source,AdventurerAI.TakeDamage,33
2,13,DP,sink,CommandSystem.TryUse,-1800
2,13,DP,source,AdventurerAI.GrantReturnReward,790
2,13,Fame,source,AdventurerAI.GrantReturnReward,20
2,13,Fame,source,LureEconomy.OnHeroEscaped,50
2,13,DP,source,Nemesis.OnSlain,1562
2,13,Material,source,Nemesis.OnSlain,12
2,13,DP,stock,end,1847
2,13,Material,stock,end,426
2,13,Fame,stock,end,973
2,14,DP,source,SurfaceMap.CollectYields,58
2,14,Material,source,SurfaceMap.CollectYields,3
2,14,Fame,source,SurfaceMap.CollectYields,12
2,14,DP,source,DistrictCatalog.Collect,112
2,14,DP,source,EraSystem.TickTurn,300
2,14,DP,sink,MinionRoster.TrySummon,-2314
2,14,DP,source,AdventurerAI.ReapEmotion,103
2,14,DP,source,AdventurerAI.TakeDamage,1861
2,14,Material,source,AdventurerAI.TakeDamage,53
2,14,DP,sink,CommandSystem.TryUse,-1800
2,14,DP,source,AdventurerAI.GrantReturnReward,177
2,14,Fame,source,AdventurerAI.GrantReturnReward,40
2,14,Fame,source,LureEconomy.OnHeroEscaped,100
2,14,DP,source,Nemesis.OnSlain,2040
2,14,Material,source,Nemesis.OnSlain,15
2,14,DP,stock,end,2384
2,14,Material,stock,end,497
2,14,Fame,stock,end,1125
2,15,DP,source,SurfaceMap.CollectYields,38
2,15,Material,source,SurfaceMap.CollectYields,2
2,15,Fame,source,SurfaceMap.CollectYields,8
2,15,DP,source,DistrictCatalog.Collect,126
2,15,DP,sink,MinionRoster.TrySummon,-2545
2,15,DP,source,AdventurerAI.ReapEmotion,192
2,15,DP,source,AdventurerAI.TakeDamage,1449
2,15,Material,source,AdventurerAI.TakeDamage,46
2,15,DP,sink,CommandSystem.TryUse,-1800
2,15,DP,source,AdventurerAI.GrantReturnReward,68
2,15,Fame,source,AdventurerAI.GrantReturnReward,30
2,15,Fame,source,LureEconomy.OnHeroEscaped,75
2,15,DP,source,Nemesis.OnSlain,713
2,15,Material,source,Nemesis.OnSlain,5
2,15,DP,stock,end,625
2,15,Material,stock,end,550
2,15,Fame,stock,end,1238
2,16,DP,source,SurfaceMap.CollectYields,58
2,16,Material,source,SurfaceMap.CollectYields,3
2,16,Fame,source,SurfaceMap.CollectYields,12
2,16,DP,source,DistrictCatalog.Collect,126
2,16,DP,source,WaveRoster.ResolveTrial,900
2,16,DP,sink,MinionRoster.TrySummon,-1707
2,16,DP,source,AdventurerAI.ReapEmotion,337
2,16,DP,sink,CommandSystem.TryUse,-1800
2,16,DP,source,AdventurerAI.TakeDamage,1008
2,16,Material,source,AdventurerAI.TakeDamage,21
2,16,DP,source,AdventurerAI.GrantReturnReward,775
2,16,Fame,source,AdventurerAI.GrantReturnReward,50
2,16,Fame,source,LureEconomy.OnHeroEscaped,125
2,16,DP,source,Nemesis.OnSlain,729
2,16,Material,source,Nemesis.OnSlain,5
2,16,DP,stock,end,1051
2,16,Material,stock,end,579
2,16,Fame,stock,end,1425
2,17,DP,source,SurfaceMap.CollectYields,79
2,17,Material,source,SurfaceMap.CollectYields,4
2,17,Fame,source,SurfaceMap.CollectYields,17
2,17,DP,source,DistrictCatalog.Collect,126
2,17,DP,source,EraSystem.TickTurn,1020
2,17,DP,sink,MinionRoster.TrySummon,-2251
2,17,DP,source,AdventurerAI.ReapEmotion,103
2,17,DP,source,AdventurerAI.TakeDamage,2630
2,17,Material,source,AdventurerAI.TakeDamage,62
2,17,DP,sink,CommandSystem.TryUse,-1900
2,17,Fame,source,AdventurerAI.GrantReturnReward,80
2,17,Fame,source,LureEconomy.OnHeroEscaped,200
2,17,DP,source,AdventurerAI.GrantReturnReward,717
2,17,DP,source,Nemesis.OnSlain,761
2,17,Material,source,Nemesis.OnSlain,5
2,17,DP,stock,end,2336
2,17,Material,stock,end,650
2,17,Fame,stock,end,1722
2,18,DP,source,SurfaceMap.CollectYields,101
2,18,Material,source,SurfaceMap.CollectYields,5
2,18,Fame,source,SurfaceMap.CollectYields,23
2,18,DP,source,DistrictCatalog.Collect,140
2,18,DP,sink,MinionRoster.TrySummon,-2576
2,18,DP,source,AdventurerAI.ReapEmotion,217
2,18,DP,source,AdventurerAI.TakeDamage,2479
2,18,Material,source,AdventurerAI.TakeDamage,57
2,18,DP,sink,CommandSystem.TryUse,-1800
2,18,DP,source,AdventurerAI.GrantReturnReward,398
2,18,Fame,source,AdventurerAI.GrantReturnReward,10
2,18,Fame,source,LureEconomy.OnHeroEscaped,25
2,18,DP,source,Nemesis.OnSlain,1818
2,18,Material,source,Nemesis.OnSlain,12
2,18,DP,stock,end,3113
2,18,Material,stock,end,724
2,18,Fame,stock,end,1780
2,19,DP,source,SurfaceMap.CollectYields,133
2,19,Material,source,SurfaceMap.CollectYields,5
2,19,Fame,source,SurfaceMap.CollectYields,28
2,19,DP,source,DistrictCatalog.Collect,154
2,19,DP,sink,MinionRoster.TrySummon,-3397
2,19,DP,source,AdventurerAI.ReapEmotion,544
2,19,DP,source,AdventurerAI.TakeDamage,1862
2,19,Material,source,AdventurerAI.TakeDamage,38
2,19,DP,sink,CommandSystem.TryUse,-2300
2,19,DP,source,AdventurerAI.GrantReturnReward,272
2,19,Fame,source,AdventurerAI.GrantReturnReward,60
2,19,Fame,source,LureEconomy.OnHeroEscaped,150
2,19,DP,source,Nemesis.OnSlain,2916
2,19,Material,source,Nemesis.OnSlain,19
2,19,DP,stock,end,3297
2,19,Material,stock,end,786
2,19,Fame,stock,end,2018
2,20,DP,source,SurfaceMap.CollectYields,160
2,20,Material,source,SurfaceMap.CollectYields,6
2,20,Fame,source,SurfaceMap.CollectYields,33
2,20,DP,source,DistrictCatalog.Collect,154
2,20,DP,sink,MinionRoster.TrySummon,-3583
2,20,DP,source,AdventurerAI.ReapEmotion,321
2,20,DP,source,AdventurerAI.TakeDamage,1550
2,20,Material,source,AdventurerAI.TakeDamage,35
2,20,DP,sink,CommandSystem.TryUse,-2250
2,20,DP,source,AdventurerAI.GrantReturnReward,2008
2,20,Fame,source,AdventurerAI.GrantReturnReward,90
2,20,Fame,source,LureEconomy.OnHeroEscaped,225
2,20,DP,source,Nemesis.OnSlain,810
2,20,Material,source,Nemesis.OnSlain,5
2,20,DP,stock,end,2467
2,20,Material,stock,end,832
2,20,Fame,stock,end,2366
2,21,DP,source,SurfaceMap.CollectYields,160
2,21,Material,source,SurfaceMap.CollectYields,6
2,21,Fame,source,SurfaceMap.CollectYields,33
2,21,DP,source,DistrictCatalog.Collect,154
2,21,DP,source,WaveRoster.ResolveTrial,900
2,21,DP,sink,MinionRoster.TrySummon,-3670
2,21,DP,source,AdventurerAI.ReapEmotion,243
2,21,DP,source,AdventurerAI.TakeDamage,2586
2,21,Material,source,AdventurerAI.TakeDamage,47
2,21,DP,sink,CommandSystem.TryUse,-2250
2,21,Fame,source,AdventurerAI.GrantReturnReward,60
2,21,Fame,source,LureEconomy.OnHeroEscaped,150
2,21,DP,source,AdventurerAI.GrantReturnReward,2212
2,21,DP,source,Nemesis.OnSlain,826
2,21,Material,source,Nemesis.OnSlain,5
2,21,DP,stock,end,3628
2,21,Material,stock,end,890
2,21,Fame,stock,end,2609
2,22,DP,source,SurfaceMap.CollectYields,160
2,22,Material,source,SurfaceMap.CollectYields,6
2,22,Fame,source,SurfaceMap.CollectYields,33
2,22,DP,source,DistrictCatalog.Collect,140
2,22,DP,sink,MinionRoster.TrySummon,-3893
2,22,DP,source,AdventurerAI.ReapEmotion,726
2,22,DP,sink,CommandSystem.TryUse,-2300
2,22,DP,source,AdventurerAI.TakeDamage,3228
2,22,Material,source,AdventurerAI.TakeDamage,50
2,22,Fame,source,AdventurerAI.GrantReturnReward,70
2,22,Fame,source,LureEconomy.OnHeroEscaped,175
2,22,DP,source,AdventurerAI.GrantReturnReward,1378
2,22,DP,source,Nemesis.OnSlain,3143
2,22,Material,source,Nemesis.OnSlain,19
2,22,DP,stock,end,6210
2,22,Material,stock,end,965
2,22,Fame,stock,end,2887
2,23,DP,source,SurfaceMap.CollectYields,121
2,23,Material,source,SurfaceMap.CollectYields,6
2,23,Fame,source,SurfaceMap.CollectYields,27
2,23,DP,source,DistrictCatalog.Collect,140
2,23,DP,sink,MinionRoster.TrySummon,-6460
2,23,DP,source,AdventurerAI.ReapEmotion,421
2,23,DP,sink,CommandSystem.TryUse,-2750
2,23,Fame,source,AdventurerAI.GrantReturnReward,150
2,23,Fame,source,LureEconomy.OnHeroEscaped,375
2,23,DP,source,AdventurerAI.GrantReturnReward,2369
2,23,DP,source,AdventurerAI.TakeDamage,1947
2,23,Material,source,AdventurerAI.TakeDamage,21
2,23,DP,stock,end,1998
2,23,Material,stock,end,992
2,23,Fame,stock,end,3439
2,24,DP,source,SurfaceMap.CollectYields,141
2,24,Material,source,SurfaceMap.CollectYields,7
2,24,Fame,source,SurfaceMap.CollectYields,31
2,24,DP,source,DistrictCatalog.Collect,140
2,24,DP,sink,MinionRoster.TrySummon,-2271
2,24,DP,source,AdventurerAI.ReapEmotion,191
2,24,DP,source,AdventurerAI.TakeDamage,1334
2,24,Material,source,AdventurerAI.TakeDamage,21
2,24,DP,sink,CommandSystem.TryUse,-2750
2,24,DP,source,AdventurerAI.GrantReturnReward,3463
2,24,Fame,source,AdventurerAI.GrantReturnReward,230
2,24,Fame,source,LureEconomy.OnHeroEscaped,575
2,24,DP,stock,end,2246
2,24,Material,stock,end,1020
2,24,Fame,stock,end,4275
2,25,DP,source,SurfaceMap.CollectYields,141
2,25,Material,source,SurfaceMap.CollectYields,7
2,25,Fame,source,SurfaceMap.CollectYields,31
2,25,DP,source,DistrictCatalog.Collect,28
2,25,DP,source,EraSystem.TickTurn,3840
2,25,DP,sink,MinionRoster.TrySummon,-6255
2,25,DP,source,AdventurerAI.ReapEmotion,342
2,25,DP,sink,CommandSystem.TryUse,-2250
2,25,DP,source,AdventurerAI.TakeDamage,11925
2,25,Material,source,AdventurerAI.TakeDamage,81
2,25,Fame,source,AdventurerAI.GrantReturnReward,50
2,25,Fame,source,LureEconomy.OnHeroEscaped,125
2,25,DP,source,AdventurerAI.GrantReturnReward,98
2,25,DP,source,Nemesis.OnSlain,4072
2,25,Material,source,Nemesis.OnSlain,23
2,25,DP,stock,end,14187
2,25,Material,stock,end,1131
2,25,Fame,stock,end,4481
2,26,DP,source,SurfaceMap.CollectYields,143
2,26,Material,source,SurfaceMap.CollectYields,7
2,26,Fame,source,SurfaceMap.CollectYields,31
2,26,DP,source,DistrictCatalog.Collect,28
2,26,DP,source,EraSystem.TickTurn,6528
2,26,DP,source,WaveRoster.ResolveTrial,1800
2,26,DP,sink,MinionRoster.TrySummon,-22670
2,26,DP,source,AdventurerAI.ReapEmotion,180
2,26,DP,source,AdventurerAI.TakeDamage,13070
2,26,Material,source,AdventurerAI.TakeDamage,89
2,26,DP,sink,CommandSystem.TryUse,-2250
2,26,Fame,source,AdventurerAI.GrantReturnReward,70
2,26,Fame,source,LureEconomy.OnHeroEscaped,175
2,26,DP,source,AdventurerAI.GrantReturnReward,628
2,26,DP,source,Nemesis.OnSlain,2488
2,26,Material,source,Nemesis.OnSlain,14
2,26,DP,stock,end,14132
2,26,Material,stock,end,1241
2,26,Fame,stock,end,4757
2,27,DP,source,SurfaceMap.CollectYields,143
2,27,Material,source,SurfaceMap.CollectYields,7
2,27,Fame,source,SurfaceMap.CollectYields,31
2,27,DP,source,DistrictCatalog.Collect,28
2,27,DP,source,EraSystem.TickTurn,6528
2,27,DP,sink,MinionRoster.TrySummon,-20787
2,27,DP,source,AdventurerAI.ReapEmotion,176
2,27,DP,source,AdventurerAI.TakeDamage,10571
2,27,Material,source,AdventurerAI.TakeDamage,93
2,27,DP,sink,CommandSystem.TryUse,-3200
2,27,Fame,source,AdventurerAI.GrantReturnReward,190
2,27,Fame,source,LureEconomy.OnHeroEscaped,475
2,27,DP,source,AdventurerAI.GrantReturnReward,4651
2,27,DP,source,Nemesis.OnSlain,1912
2,27,Material,source,Nemesis.OnSlain,12
2,27,DP,stock,end,14154
2,27,Material,stock,end,1353
2,27,Fame,stock,end,5453
3,1,DP,sink,DungeonFeatureManager.TryPlaceTrap,-150
3,1,DP,source,AdventurerAI.ReapEmotion,200
3,1,DP,source,AdventurerAI.TakeDamage,164
3,1,Material,source,AdventurerAI.TakeDamage,16
3,1,DP,sink,CommandSystem.TryUse,-650
3,1,DP,source,AdventurerAI.GrantReturnReward,394
3,1,Fame,source,AdventurerAI.GrantReturnReward,20
3,1,Fame,source,LureEconomy.OnHeroEscaped,50
3,1,DP,stock,end,158
3,1,Material,stock,end,16
3,1,Fame,stock,end,70
3,2,DP,source,SurfaceMap.CollectYields,18
3,2,Material,source,SurfaceMap.CollectYields,1
3,2,Fame,source,SurfaceMap.CollectYields,4
3,2,DP,source,EraSystem.TickTurn,600
3,2,Fame,source,EraSystem.TickTurn,25
3,2,DP,sink,DungeonFeatureManager.TryPlaceTrap,-600
3,2,DP,source,AdventurerAI.ReapEmotion,204
3,2,DP,sink,CommandSystem.TryUse,-650
3,2,DP,source,AdventurerAI.TakeDamage,345
3,2,Material,source,AdventurerAI.TakeDamage,29
3,2,DP,stock,end,75
3,2,Material,stock,end,46
3,2,Fame,stock,end,99
3,3,DP,source,SurfaceMap.CollectYields,18
3,3,Material,source,SurfaceMap.CollectYields,1
3,3,Fame,source,SurfaceMap.CollectYields,4
3,3,DP,source,EraSystem.TickTurn,600
3,3,DP,sink,DungeonFeatureManager.TryPlaceTrap,-300
3,3,DP,sink,DungeonFeatureManager.TryPlaceFeature,-250
3,3,DP,sink,MinionRoster.TrySummon,-137
3,3,DP,source,AdventurerAI.ReapEmotion,116
3,3,DP,source,AdventurerAI.TakeDamage,297
3,3,Material,source,AdventurerAI.TakeDamage,27
3,3,DP,source,AdventurerAI.GrantReturnReward,108
3,3,Fame,source,AdventurerAI.GrantReturnReward,10
3,3,Fame,source,LureEconomy.OnHeroEscaped,25
3,3,DP,sink,CommandSystem.TryUse,-650
3,3,DP,source,Nemesis.OnSlain,421
3,3,Material,source,Nemesis.OnSlain,5
3,3,DP,stock,end,298
3,3,Material,stock,end,79
3,3,Fame,stock,end,138
3,4,DP,source,SurfaceMap.CollectYields,18
3,4,Material,source,SurfaceMap.CollectYields,1
3,4,Fame,source,SurfaceMap.CollectYields,4
3,4,DP,source,EraSystem.TickTurn,600
3,4,Material,source,EraSystem.TickTurn,10
3,4,DP,sink,DungeonFeatureManager.TryPlaceHabitat,-120
3,4,DP,sink,MinionRoster.TrySummon,-795
3,4,DP,source,AdventurerAI.TakeDamage,444
3,4,Material,source,AdventurerAI.TakeDamage,25
3,4,DP,source,AdventurerAI.ReapEmotion,291
3,4,DP,sink,CommandSystem.TryUse,-650
3,4,DP,stock,end,86
3,4,Material,stock,end,115
3,4,Fame,stock,end,142
3,5,DP,source,SurfaceMap.CollectYields,18
3,5,Material,source,SurfaceMap.CollectYields,1
3,5,Fame,source,SurfaceMap.CollectYields,4
3,5,DP,source,EraSystem.TickTurn,600
3,5,Fame,source,EraSystem.TickTurn,25
3,5,DP,sink,DungeonFeatureManager.TryPlaceFeature,-250
3,5,DP,sink,DungeonFeatureManager.TryPlaceHabitat,-280
3,5,DP,sink,MinionRoster.TrySummon,-168
3,5,DP,source,AdventurerAI.ReapEmotion,115
3,5,Fame,source,AdventurerAI.GrantReturnReward,10
3,5,Fame,source,LureEconomy.OnHeroEscaped,25
3,5,DP,source,AdventurerAI.TakeDamage,492
3,5,Material,source,AdventurerAI.TakeDamage,20
3,5,DP,sink,CommandSystem.TryUse,-300
3,5,DP,source,Nemesis.OnSlain,470
3,5,Material,source,Nemesis.OnSlain,5
3,5,DP,stock,end,783
3,5,Material,stock,end,141
3,5,Fame,stock,end,206
3,6,DP,source,SurfaceMap.CollectYields,39
3,6,Material,source,SurfaceMap.CollectYields,2
3,6,Fame,source,SurfaceMap.CollectYields,9
3,6,DP,source,EraSystem.TickTurn,1020
3,6,DP,sink,MinionRoster.TrySummon,-1822
3,6,DP,source,AdventurerAI.ReapEmotion,130
3,6,DP,source,AdventurerAI.TakeDamage,578
3,6,Material,source,AdventurerAI.TakeDamage,22
3,6,DP,sink,CommandSystem.TryUse,-950
3,6,Fame,source,AdventurerAI.GrantReturnReward,10
3,6,Fame,source,LureEconomy.OnHeroEscaped,25
3,6,DP,source,Nemesis.OnSlain,486
3,6,Material,source,Nemesis.OnSlain,5
3,6,DP,stock,end,264
3,6,Material,stock,end,170
3,6,Fame,stock,end,250
3,7,DP,source,SurfaceMap.CollectYields,39
3,7,Material,source,SurfaceMap.CollectYields,2
3,7,Fame,source,SurfaceMap.CollectYields,9
3,7,DP,source,EraSystem.TickTurn,600
3,7,DP,sink,MinionRoster.TrySummon,-892
3,7,DP,source,AdventurerAI.ReapEmotion,385
3,7,DP,source,AdventurerAI.TakeDamage,675
3,7,Material,source,AdventurerAI.TakeDamage,26
3,7,DP,sink,CommandSystem.TryUse,-950
3,7,DP,stock,end,121
3,7,Material,stock,end,198
3,7,Fame,stock,end,259
3,8,DP,source,SurfaceMap.CollectYields,39
3,8,Material,source,SurfaceMap.CollectYields,2
3,8,Fame,source,SurfaceMap.CollectYields,9
3,8,DP,sink,MinionRoster.TrySummon,-149
3,8,DP,source,AdventurerAI.ReapEmotion,196
3,8,DP,source,AdventurerAI.TakeDamage,685
3,8,Material,source,AdventurerAI.TakeDamage,24
3,8,DP,sink,CommandSystem.TryUse,-650
3,8,DP,source,AdventurerAI.GrantReturnReward,59
3,8,Fame,source,AdventurerAI.GrantReturnReward,10
3,8,Fame,source,LureEconomy.OnHeroEscaped,25
3,8,DP,source,Nemesis.OnSlain,535
3,8,Material,source,Nemesis.OnSlain,5
3,8,DP,stock,end,836
3,8,Material,stock,end,229
3,8,Fame,stock,end,303
3,9,DP,source,SurfaceMap.CollectYields,45
3,9,Material,source,SurfaceMap.CollectYields,2
3,9,Fame,source,SurfaceMap.CollectYields,11
3,9,DP,source,EraSystem.TickTurn,600
3,9,Fame,source,EraSystem.TickTurn,25
3,9,DP,sink,MinionRoster.TrySummon,-1478
3,9,DP,source,AdventurerAI.ReapEmotion,238
3,9,Fame,source,AdventurerAI.GrantReturnReward,10
3,9,Fame,source,LureEconomy.OnHeroEscaped,25
3,9,DP,source,AdventurerAI.TakeDamage,1153
3,9,Material,source,AdventurerAI.TakeDamage,45
3,9,DP,sink,CommandSystem.TryUse,-950
3,9,DP,stock,end,444
3,9,Material,stock,end,276
3,9,Fame,stock,end,374
3,10,DP,source,SurfaceMap.CollectYields,79
3,10,Material,source,SurfaceMap.CollectYields,3
3,10,Fame,source,SurfaceMap.CollectYields,17
3,10,DP,source,EraSystem.TickTurn,720
3,10,DP,sink,MinionRoster.TrySummon,-1237
3,10,DP,source,AdventurerAI.ReapEmotion,140
3,10,DP,source,AdventurerAI.TakeDamage,748
3,10,Material,source,AdventurerAI.TakeDamage,30
3,10,DP,sink,CommandSystem.TryUse,-950
3,10,DP,source,AdventurerAI.GrantReturnReward,57
3,10,Fame,source,AdventurerAI.GrantReturnReward,10
3,10,Fame,source,LureEconomy.OnHeroEscaped,25
3,10,DP,source,Nemesis.OnSlain,583
3,10,Material,source,Nemesis.OnSlain,5
3,10,DP,stock,end,584
3,10,Material,stock,end,314
3,10,Fame,stock,end,426
3,11,DP,source,SurfaceMap.CollectYields,79
3,11,Material,source,SurfaceMap.CollectYields,3
3,11,Fame,source,SurfaceMap.CollectYields,17
3,11,DP,source,WaveRoster.ResolveTrial,900
3,11,DP,sink,MinionRoster.TrySummon,-1546
3,11,DP,source,AdventurerAI.ReapEmotion,200
3,11,DP,source,AdventurerAI.TakeDamage,864
3,11,Material,source,AdventurerAI.TakeDamage,35
3,11,DP,sink,CommandSystem.TryUse,-1800
3,11,DP,source,AdventurerAI.GrantReturnReward,337
3,11,Fame,source,AdventurerAI.GrantReturnReward,10
3,11,Fame,source,LureEconomy.OnHeroEscaped,25
3,11,DP,source,Nemesis.OnSlain,599
3,11,Material,source,Nemesis.OnSlain,5
3,11,DP,stock,end,217
3,11,Material,stock,end,357
3,11,Fame,stock,end,478
3,12,DP,source,SurfaceMap.CollectYields,79
3,12,Material,source,SurfaceMap.CollectYields,3
3,12,Fame,source,SurfaceMap.CollectYields,17
3,12,DP,source,DistrictCatalog.Collect,84
3,12,DP,sink,MinionRoster.TrySummon,-356
3,12,DP,source,AdventurerAI.ReapEmotion,151
3,12,DP,source,AdventurerAI.TakeDamage,777
3,12,Material,source,AdventurerAI.TakeDamage,32
3,12,DP,sink,CommandSystem.TryUse,-1300
3,12,DP,source,AdventurerAI.GrantReturnReward,150
3,12,Fame,source,AdventurerAI.GrantReturnReward,20
3,12,Fame,source,LureEconomy.OnHeroEscaped,50
3,12,DP,source,Nemesis.OnSlain,616
3,12,Material,source,Nemesis.OnSlain,5
3,12,DP,stock,end,418
3,12,Material,stock,end,397
3,12,Fame,stock,end,565
3,13,DP,source,SurfaceMap.CollectYields,60
3,13,Material,source,SurfaceMap.CollectYields,3
3,13,Fame,source,SurfaceMap.CollectYields,14
3,13,DP,source,DistrictCatalog.Collect,98
3,13,DP,sink,MinionRoster.TrySummon,-554
3,13,DP,source,AdventurerAI.ReapEmotion,448
3,13,DP,source,AdventurerAI.TakeDamage,714
3,13,Material,source,AdventurerAI.TakeDamage,33
3,13,DP,sink,CommandSystem.TryUse,-950
3,13,Fame,source,AdventurerAI.GrantReturnReward,30
3,13,Fame,source,LureEconomy.OnHeroEscaped,75
3,13,DP,source,AdventurerAI.GrantReturnReward,70
3,13,DP,source,Nemesis.OnSlain,648
3,13,Material,source,Nemesis.OnSlain,5
3,13,DP,stock,end,952
3,13,Material,stock,end,438
3,13,Fame,stock,end,684
3,14,DP,source,SurfaceMap.CollectYields,80
3,14,Material,source,SurfaceMap.CollectYields,4
3,14,Fame,source,SurfaceMap.CollectYields,18
3,14,DP,source,DistrictCatalog.Collect,98
3,14,DP,sink,MinionRoster.TrySummon,-1124
3,14,DP,source,AdventurerAI.ReapEmotion,434
3,14,DP,source,AdventurerAI.TakeDamage,1089
3,14,Material,source,AdventurerAI.TakeDamage,44
3,14,DP,sink,CommandSystem.TryUse,-2300
3,14,DP,source,AdventurerAI.GrantReturnReward,350
3,14,Fame,source,AdventurerAI.GrantReturnReward,10
3,14,Fame,source,LureEconomy.OnHeroEscaped,25
3,14,DP,source,Nemesis.OnSlain,1328
3,14,Material,source,Nemesis.OnSlain,10
3,14,DP,stock,end,907
3,14,Material,stock,end,496
3,14,Fame,stock,end,737
3,15,DP,source,SurfaceMap.CollectYields,62
3,15,Material,source,SurfaceMap.CollectYields,3
3,15,Fame,source,SurfaceMap.CollectYields,14
3,15,DP,source,DistrictCatalog.Collect,98
3,15,DP,sink,MinionRoster.TrySummon,-1049
3,15,DP,source,AdventurerAI.ReapEmotion,276
3,15,DP,source,AdventurerAI.TakeDamage,1785
3,15,Material,source,AdventurerAI.TakeDamage,60
3,15,DP,sink,CommandSystem.TryUse,-2300
3,15,DP,source,AdventurerAI.GrantReturnReward,434
3,15,Fame,source,AdventurerAI.GrantReturnReward,10
3,15,Fame,source,LureEconomy.OnHeroEscaped,25
3,15,DP,source,Nemesis.OnSlain,2040
3,15,Material,source,Nemesis.OnSlain,15
3,15,DP,stock,end,2253
3,15,Material,stock,end,574
3,15,Fame,stock,end,786
3,16,DP,source,SurfaceMap.CollectYields,82
3,16,Material,source,SurfaceMap.CollectYields,4
3,16,Fame,source,SurfaceMap.CollectYields,18
3,16,DP,source,DistrictCatalog.Collect,98
3,16,DP,source,EraSystem.TickTurn,300
3,16,DP,source,WaveRoster.ResolveTrial,900
3,16,DP,sink,MinionRoster.TrySummon,-3612
3,16,DP,source,AdventurerAI.ReapEmotion,144
3,16,DP,source,AdventurerAI.TakeDamage,1320
3,16,Material,source,AdventurerAI.TakeDamage,50
3,16,DP,sink,CommandSystem.TryUse,-950
3,16,DP,source,Nemesis.OnSlain,697
3,16,Material,source,Nemesis.OnSlain,5
3,16,DP,stock,end,1232
3,16,Material,stock,end,633
3,16,Fame,stock,end,804
3,17,DP,source,SurfaceMap.CollectYields,82
3,17,Material,source,SurfaceMap.CollectYields,4
3,17,Fame,source,SurfaceMap.CollectYields,18
3,17,DP,source,DistrictCatalog.Collect,126
3,17,DP,source,EraSystem.TickTurn,720
3,17,DP,sink,MinionRoster.TrySummon,-2148
3,17,DP,source,AdventurerAI.ReapEmotion,268
3,17,DP,source,AdventurerAI.TakeDamage,1330
3,17,Material,source,AdventurerAI.TakeDamage,44
3,17,DP,sink,CommandSystem.TryUse,-1800
3,17,DP,source,AdventurerAI.GrantReturnReward,227
3,17,Fame,source,AdventurerAI.GrantReturnReward,10
3,17,Fame,source,LureEconomy.OnHeroEscaped,25
3,17,DP,source,Nemesis.OnSlain,729
3,17,Material,source,Nemesis.OnSlain,5
3,17,DP,stock,end,766
3,17,Material,stock,end,686
3,17,Fame,stock,end,857
3,18,DP,source,SurfaceMap.CollectYields,136
3,18,Material,source,SurfaceMap.CollectYields,5
3,18,Fame,source,SurfaceMap.CollectYields,28
3,18,DP,source,DistrictCatalog.Collect,126
3,18,DP,sink,MinionRoster.TrySummon,-1005
3,18,DP,source,AdventurerAI.ReapEmotion,233
3,18,DP,source,AdventurerAI.TakeDamage,1438
3,18,Material,source,AdventurerAI.TakeDamage,47
3,18,DP,sink,CommandSystem.TryUse,-1300
3,18,DP,source,AdventurerAI.GrantReturnReward,217
3,18,Fame,source,AdventurerAI.GrantReturnReward,10
3,18,Fame,source,LureEconomy.OnHeroEscaped,25
3,18,DP,stock,end,611
3,18,Material,stock,end,738
3,18,Fame,stock,end,920
3,19,DP,source,SurfaceMap.CollectYields,136
3,19,Material,source,SurfaceMap.CollectYields,5
3,19,Fame,source,SurfaceMap.CollectYields,28
3,19,DP,source,DistrictCatalog.Collect,126
3,19,DP,source,EraSystem.TickTurn,300
3,19,DP,sink,MinionRoster.TrySummon,-1154
3,19,DP,source,AdventurerAI.ReapEmotion,161
3,19,DP,source,AdventurerAI.TakeDamage,1827
3,19,Material,source,AdventurerAI.TakeDamage,65
3,19,DP,sink,CommandSystem.TryUse,-1800
3,19,DP,source,Nemesis.OnSlain,745
3,19,Material,source,Nemesis.OnSlain,5
3,19,DP,stock,end,952
3,19,Material,stock,end,813
3,19,Fame,stock,end,948
3,20,DP,source,SurfaceMap.CollectYields,139
3,20,Material,source,SurfaceMap.CollectYields,5
3,20,Fame,source,SurfaceMap.CollectYields,29
3,20,DP,source,DistrictCatalog.Collect,126
3,20,DP,sink,MinionRoster.TrySummon,-1209
3,20,DP,source,AdventurerAI.ReapEmotion,302
3,20,DP,source,AdventurerAI.TakeDamage,1050
3,20,Material,source,AdventurerAI.TakeDamage,31
3,20,DP,sink,CommandSystem.TryUse,-1450
3,20,DP,source,AdventurerAI.GrantReturnReward,206
3,20,Fame,source,AdventurerAI.GrantReturnReward,10
3,20,Fame,source,LureEconomy.OnHeroEscaped,25
3,20,DP,source,Nemesis.OnSlain,761
3,20,Material,source,Nemesis.OnSlain,5
3,20,DP,stock,end,877
3,20,Material,stock,end,854
3,20,Fame,stock,end,1012
3,21,DP,source,SurfaceMap.CollectYields,166
3,21,Material,source,SurfaceMap.CollectYields,6
3,21,Fame,source,SurfaceMap.CollectYields,34
3,21,DP,source,DistrictCatalog.Collect,112
3,21,DP,source,WaveRoster.ResolveTrial,900
3,21,DP,sink,MinionRoster.TrySummon,-2040
3,21,DP,source,AdventurerAI.ReapEmotion,441
3,21,DP,sink,CommandSystem.TryUse,-1800
3,21,DP,source,AdventurerAI.TakeDamage,2001
3,21,Material,source,AdventurerAI.TakeDamage,65
3,21,Fame,source,AdventurerAI.GrantReturnReward,10
3,21,Fame,source,LureEconomy.OnHeroEscaped,25
3,21,DP,stock,end,657
3,21,Material,stock,end,925
3,21,Fame,stock,end,1081
3,22,DP,source,SurfaceMap.CollectYields,126
3,22,Material,source,SurfaceMap.CollectYields,6
3,22,Fame,source,SurfaceMap.CollectYields,28
3,22,DP,source,DistrictCatalog.Collect,112
3,22,DP,sink,MinionRoster.TrySummon,-888
3,22,DP,source,AdventurerAI.ReapEmotion,364
3,22,DP,sink,CommandSystem.TryUse,-1800
3,22,DP,source,AdventurerAI.TakeDamage,2128
3,22,Material,source,AdventurerAI.TakeDamage,61
3,22,DP,source,AdventurerAI.GrantReturnReward,91
3,22,Fame,source,AdventurerAI.GrantReturnReward,10
3,22,Fame,source,LureEconomy.OnHeroEscaped,25
3,22,DP,stock,end,790
3,22,Material,stock,end,992
3,22,Fame,stock,end,1144
3,23,DP,source,SurfaceMap.CollectYields,126
3,23,Material,source,SurfaceMap.CollectYields,6
3,23,Fame,source,SurfaceMap.CollectYields,28
3,23,DP,source,DistrictCatalog.Collect,112
3,23,DP,sink,MinionRoster.TrySummon,-1023
3,23,DP,source,AdventurerAI.ReapEmotion,155
3,23,DP,source,AdventurerAI.TakeDamage,2341
3,23,Material,source,AdventurerAI.TakeDamage,70
3,23,DP,sink,CommandSystem.TryUse,-1450
3,23,DP,source,AdventurerAI.GrantReturnReward,390
3,23,Fame,source,AdventurerAI.GrantReturnReward,20
3,23,Fame,source,LureEconomy.OnHeroEscaped,50
3,23,DP,source,Nemesis.OnSlain,810
3,23,Material,source,Nemesis.OnSlain,5
3,23,DP,stock,end,2251
3,23,Material,stock,end,1073
3,23,Fame,stock,end,1242
3,24,DP,source,SurfaceMap.CollectYields,126
3,24,Material,source,SurfaceMap.CollectYields,6
3,24,Fame,source,SurfaceMap.CollectYields,28
3,24,DP,source,DistrictCatalog.Collect,126
3,24,DP,sink,MinionRoster.TrySummon,-2456
3,24,DP,source,AdventurerAI.ReapEmotion,184
3,24,DP,source,AdventurerAI.GrantReturnReward,4205
3,24,Fame,source,AdventurerAI.GrantReturnReward,190
3,24,Fame,source,LureEconomy.OnHeroEscaped,475
3,24,DP,sink,CommandSystem.TryUse,-2750
3,24,DP,source,AdventurerAI.TakeDamage,2375
3,24,Material,source,AdventurerAI.TakeDamage,54
3,24,DP,stock,end,4061
3,24,Material,stock,end,1133
3,24,Fame,stock,end,1935
3,25,DP,source,SurfaceMap.CollectYields,146
3,25,Material,source,SurfaceMap.CollectYields,7
3,25,Fame,source,SurfaceMap.CollectYields,32
3,25,DP,source,DistrictCatalog.Collect,28
3,25,DP,source,EraSystem.TickTurn,3840
3,25,DP,sink,MinionRoster.TrySummon,-8034
3,25,DP,source,AdventurerAI.ReapEmotion,355
3,25,DP,sink,CommandSystem.TryUse,-2600
3,25,DP,source,AdventurerAI.TakeDamage,4437
3,25,Material,source,AdventurerAI.TakeDamage,67
3,25,Fame,source,AdventurerAI.GrantReturnReward,70
3,25,Fame,source,LureEconomy.OnHeroEscaped,175
3,25,DP,source,AdventurerAI.GrantReturnReward,785
3,25,DP,source,Nemesis.OnSlain,1750
3,25,Material,source,Nemesis.OnSlain,10
3,25,DP,stock,end,4768
3,25,Material,stock,end,1217
3,25,Fame,stock,end,2212
3,26,DP,source,SurfaceMap.CollectYields,146
3,26,Material,source,SurfaceMap.CollectYields,7
3,26,Fame,source,SurfaceMap.CollectYields,32
3,26,DP,source,DistrictCatalog.Collect,28
3,26,DP,source,EraSystem.TickTurn,6528
3,26,DP,source,WaveRoster.ResolveTrial,1500
3,26,DP,sink,MinionRoster.TrySummon,-12961
3,26,DP,source,AdventurerAI.ReapEmotion,245
3,26,DP,source,AdventurerAI.TakeDamage,4100
3,26,Material,source,AdventurerAI.TakeDamage,65
3,26,DP,sink,CommandSystem.TryUse,-2250
3,26,DP,source,AdventurerAI.GrantReturnReward,659
3,26,Fame,source,AdventurerAI.GrantReturnReward,150
3,26,Fame,source,LureEconomy.OnHeroEscaped,375
3,26,DP,source,Nemesis.OnSlain,3257
3,26,Material,source,Nemesis.OnSlain,19
3,26,DP,stock,end,6020
3,26,Material,stock,end,1308
3,26,Fame,stock,end,2769
3,27,DP,source,SurfaceMap.CollectYields,146
3,27,Material,source,SurfaceMap.CollectYields,7
3,27,Fame,source,SurfaceMap.CollectYields,32
3,27,DP,source,DistrictCatalog.Collect,28
3,27,DP,source,EraSystem.TickTurn,6528
3,27,DP,sink,MinionRoster.TrySummon,-12710
3,27,DP,source,AdventurerAI.ReapEmotion,321
3,27,DP,source,AdventurerAI.TakeDamage,4563
3,27,Material,source,AdventurerAI.TakeDamage,45
3,27,DP,sink,CommandSystem.TryUse,-2250
3,27,Fame,source,AdventurerAI.GrantReturnReward,190
3,27,Fame,source,LureEconomy.OnHeroEscaped,475
3,27,DP,source,AdventurerAI.GrantReturnReward,1249
3,27,DP,source,Nemesis.OnSlain,2769
3,27,Material,source,Nemesis.OnSlain,18
3,27,DP,stock,end,6664
3,27,Material,stock,end,1378
3,27,Fame,stock,end,3466
3,28,DP,source,SurfaceMap.CollectYields,169
3,28,Material,source,SurfaceMap.CollectYields,9
3,28,Fame,source,SurfaceMap.CollectYields,37
3,28,DP,source,DistrictCatalog.Collect,28
3,28,DP,source,EraSystem.TickTurn,3840
3,28,Material,source,EraSystem.TickTurn,37
3,28,Fame,source,EraSystem.TickTurn,80
3,28,DP,sink,MinionRoster.TrySummon,-10678
3,28,DP,source,AdventurerAI.ReapEmotion,462
3,28,DP,sink,CommandSystem.TryUse,-3100
3,28,DP,source,AdventurerAI.TakeDamage,16868
3,28,Material,source,AdventurerAI.TakeDamage,138
3,28,Fame,source,AdventurerAI.GrantReturnReward,220
3,28,Fame,source,LureEconomy.OnHeroEscaped,550
3,28,DP,source,AdventurerAI.GrantReturnReward,3282
3,28,DP,source,Nemesis.OnSlain,2868
3,28,Material,source,Nemesis.OnSlain,18
3,28,DP,stock,end,20403
3,28,Material,stock,end,1580
3,28,Fame,stock,end,4353
3,29,DP,source,SurfaceMap.CollectYields,149
3,29,Material,source,SurfaceMap.CollectYields,8
3,29,Fame,source,SurfaceMap.CollectYields,33
3,29,DP,source,DistrictCatalog.Collect,28
3,29,DP,source,EraSystem.TickTurn,6528
3,29,Fame,source,EraSystem.TickTurn,192
3,29,DP,sink,MinionRoster.TrySummon,-27072
3,29,DP,source,AdventurerAI.ReapEmotion,310
3,29,DP,sink,CommandSystem.TryUse,-2250
3,29,DP,source,AdventurerAI.TakeDamage,14177
3,29,Material,source,AdventurerAI.TakeDamage,105
3,29,Fame,source,AdventurerAI.GrantReturnReward,90
3,29,Fame,source,LureEconomy.OnHeroEscaped,225
3,29,DP,source,AdventurerAI.GrantReturnReward,1794
3,29,DP,source,Nemesis.OnSlain,2916
3,29,Material,source,Nemesis.OnSlain,18
3,29,DP,stock,end,16983
3,29,Material,stock,end,1711
3,29,Fame,stock,end,4893
3,30,DP,source,SurfaceMap.CollectYields,149
3,30,Material,source,SurfaceMap.CollectYields,8
3,30,Fame,source,SurfaceMap.CollectYields,33
3,30,DP,source,DistrictCatalog.Collect,28
3,30,DP,sink,MinionRoster.TrySummon,-17136
3,30,DP,source,AdventurerAI.ReapEmotion,171
3,30,DP,source,AdventurerAI.TakeDamage,8204
3,30,Material,source,AdventurerAI.TakeDamage,59
3,30,DP,sink,CommandSystem.TryUse,-3200
3,30,Fame,source,AdventurerAI.GrantReturnReward,250
3,30,Fame,source,LureEconomy.OnHeroEscaped,625
3,30,DP,source,AdventurerAI.GrantReturnReward,3786
3,30,DP,source,Nemesis.OnSlain,1976
3,30,Material,source,Nemesis.OnSlain,12
3,30,DP,stock,end,10961
3,30,Material,stock,end,1790
3,30,Fame,stock,end,5801
4,1,DP,sink,DungeonFeatureManager.TryPlaceTrap,-150
4,1,DP,source,AdventurerAI.ReapEmotion,100
4,1,Fame,source,AdventurerAI.GrantReturnReward,30
4,1,Fame,source,LureEconomy.OnHeroEscaped,75
4,1,DP,source,AdventurerAI.GrantReturnReward,552
4,1,DP,sink,CommandSystem.TryUse,-300
4,1,DP,source,AdventurerAI.TakeDamage,111
4,1,Material,source,AdventurerAI.TakeDamage,4
4,1,DP,stock,end,513
4,1,Material,stock,end,4
4,1,Fame,stock,end,105
4,2,DP,source,SurfaceMap.CollectYields,18
4,2,Material,source,SurfaceMap.CollectYields,1
4,2,Fame,source,SurfaceMap.CollectYields,4
4,2,DP,source,EraSystem.TickTurn,600
4,2,Fame,source,EraSystem.TickTurn,25
4,2,DP,sink,DungeonFeatureManager.TryPlaceTrap,-1050
4,2,DP,source,AdventurerAI.ReapEmotion,110
4,2,DP,source,AdventurerAI.TakeDamage,297
4,2,Material,source,AdventurerAI.TakeDamage,10
4,2,DP,sink,CommandSystem.TryUse,-300
4,2,DP,source,AdventurerAI.GrantReturnReward,343
4,2,Fame,source,AdventurerAI.GrantReturnReward,10
4,2,Fame,source,LureEconomy.OnHeroEscaped,25
4,2,DP,stock,end,531
4,2,Material,stock,end,15
4,2,Fame,stock,end,169
4,3,DP,source,SurfaceMap.CollectYields,18
4,3,Material,source,SurfaceMap.CollectYields,1
4,3,Fame,source,SurfaceMap.CollectYields,4
4,3,DP,source,EraSystem.TickTurn,600
4,3,Fame,source,EraSystem.TickTurn,25
4,3,DP,sink,DungeonFeatureManager.TryPlaceFeature,-250
4,3,DP,sink,DungeonFeatureManager.TryPlaceHabitat,-120
4,3,DP,sink,MinionRoster.TrySummon,-774
4,3,DP,source,AdventurerAI.ReapEmotion,277
4,3,DP,source,AdventurerAI.TakeDamage,334
4,3,Material,source,AdventurerAI.TakeDamage,21
4,3,DP,sink,CommandSystem.TryUse,-300
4,3,Fame,source,AdventurerAI.GrantReturnReward,10
4,3,Fame,source,LureEconomy.OnHeroEscaped,25
4,3,DP,source,Nemesis.OnSlain,454
4,3,Material,source,Nemesis.OnSlain,5
4,3,DP,stock,end,770
4,3,Material,stock,end,42
4,3,Fame,stock,end,233
4,4,DP,source,SurfaceMap.CollectYields,18
4,4,Material,source,SurfaceMap.CollectYields,1
4,4,Fame,source,SurfaceMap.CollectYields,4
4,4,DP,source,EraSystem.TickTurn,600
4,4,Material,source,EraSystem.TickTurn,10
4,4,DP,sink,MinionRoster.TrySummon,-1376
4,4,DP,source,AdventurerAI.ReapEmotion,116
4,4,DP,source,AdventurerAI.TakeDamage,434
4,4,Material,source,AdventurerAI.TakeDamage,22
4,4,DP,source,AdventurerAI.GrantReturnReward,116
4,4,Fame,source,AdventurerAI.GrantReturnReward,10
4,4,Fame,source,LureEconomy.OnHeroEscaped,25
4,4,DP,sink,CommandSystem.TryUse,-650
4,4,DP,stock,end,28
4,4,Material,stock,end,75
4,4,Fame,stock,end,272
4,5,DP,source,SurfaceMap.CollectYields,18
4,5,Material,source,SurfaceMap.CollectYields,1
4,5,Fame,source,SurfaceMap.CollectYields,4
4,5,DP,source,EraSystem.TickTurn,600
4,5,DP,sink,DungeonFeatureManager.TryPlaceFeature,-250
4,5,DP,sink,DungeonFeatureManager.TryPlaceHabitat,-280
4,5,DP,sink,MinionRoster.TrySummon,-112
4,5,DP,source,AdventurerAI.ReapEmotion,201
4,5,DP,source,AdventurerAI.GrantReturnReward,241
4,5,Fame,source,AdventurerAI.GrantReturnReward,40
4,5,Fame,source,LureEconomy.OnHeroEscaped,100
4,5,DP,source,AdventurerAI.TakeDamage,272
4,5,Material,source,AdventurerAI.TakeDamage,6
4,5,DP,sink,CommandSystem.TryUse,-650
4,5,DP,stock,end,68
4,5,Material,stock,end,82
4,5,Fame,stock,end,416
4,6,DP,source,SurfaceMap.CollectYields,39
4,6,Material,source,SurfaceMap.CollectYields,2
4,6,Fame,source,SurfaceMap.CollectYields,9
4,6,DP,source,EraSystem.TickTurn,1020
4,6,DP,sink,MinionRoster.TrySummon,-1116
4,6,DP,source,AdventurerAI.ReapEmotion,128
4,6,DP,source,AdventurerAI.GrantReturnReward,132
4,6,Fame,source,AdventurerAI.GrantReturnReward,10
4,6,Fame,source,LureEconomy.OnHeroEscaped,25
4,6,DP,source,AdventurerAI.TakeDamage,736
4,6,Material,source,AdventurerAI.TakeDamage,22
4,6,DP,sink,CommandSystem.TryUse,-1300
4,6,DP,source,Nemesis.OnSlain,535
4,6,Material,source,Nemesis.OnSlain,5
4,6,DP,stock,end,242
4,6,Material,stock,end,111
4,6,Fame,stock,end,460
4,7,DP,source,SurfaceMap.CollectYields,39
4,7,Material,source,SurfaceMap.CollectYields,2
4,7,Fame,source,SurfaceMap.CollectYields,9
4,7,DP,source,EraSystem.TickTurn,600
4,7,DP,sink,MinionRoster.TrySummon,-862
4,7,DP,source,AdventurerAI.ReapEmotion,154
4,7,DP,source,AdventurerAI.TakeDamage,843
4,7,Material,source,AdventurerAI.TakeDamage,41
4,7,DP,sink,CommandSystem.TryUse,-1450
4,7,DP,source,Nemesis.OnSlain,1306
4,7,Material,source,Nemesis.OnSlain,12
4,7,DP,stock,end,872
4,7,Material,stock,end,166
4,7,Fame,stock,end,469
4,8,DP,source,SurfaceMap.CollectYields,39
4,8,Material,source,SurfaceMap.CollectYields,2
4,8,Fame,source,SurfaceMap.CollectYields,9
4,8,DP,sink,MinionRoster.TrySummon,-908
4,8,DP,source,AdventurerAI.TakeDamage,716
4,8,Material,source,AdventurerAI.TakeDamage,26
4,8,DP,source,AdventurerAI.ReapEmotion,117
4,8,DP,sink,CommandSystem.TryUse,-1800
4,8,DP,source,AdventurerAI.GrantReturnReward,156
4,8,Fame,source,AdventurerAI.GrantReturnReward,20
4,8,Fame,source,LureEconomy.OnHeroEscaped,50
4,8,DP,source,Nemesis.OnSlain,1134
4,8,Material,source,Nemesis.OnSlain,10
4,8,DP,stock,end,326
4,8,Material,stock,end,204
4,8,Fame,stock,end,548
4,9,DP,source,SurfaceMap.CollectYields,69
4,9,Material,source,SurfaceMap.CollectYields,3
4,9,Fame,source,SurfaceMap.CollectYields,17
4,9,DP,source,EraSystem.TickTurn,300
4,9,Fame,source,EraSystem.TickTurn,25
4,9,DP,sink,MinionRoster.TrySummon,-680
4,9,DP,source,AdventurerAI.ReapEmotion,62
4,9,DP,source,AdventurerAI.TakeDamage,905
4,9,Material,source,AdventurerAI.TakeDamage,26
4,9,DP,sink,CommandSystem.TryUse,-950
4,9,DP,source,Nemesis.OnSlain,583
4,9,Material,source,Nemesis.OnSlain,5
4,9,DP,stock,end,615
4,9,Material,stock,end,238
4,9,Fame,stock,end,590
4,10,DP,source,SurfaceMap.CollectYields,79
4,10,Material,source,SurfaceMap.CollectYields,3
4,10,Fame,source,SurfaceMap.CollectYields,17
4,10,DP,source,EraSystem.TickTurn,300
4,10,DP,sink,MinionRoster.TrySummon,-973
4,10,DP,source,AdventurerAI.TakeDamage,748
4,10,Material,source,AdventurerAI.TakeDamage,14
4,10,DP,sink,CommandSystem.TryUse,-1300
4,10,DP,source,AdventurerAI.ReapEmotion,59
4,10,DP,source,AdventurerAI.GrantReturnReward,159
4,10,Fame,source,AdventurerAI.GrantReturnReward,20
4,10,Fame,source,LureEconomy.OnHeroEscaped,50
4,10,DP,source,Nemesis.OnSlain,1198
4,10,Material,source,Nemesis.OnSlain,10
4,10,DP,stock,end,885
4,10,Material,stock,end,265
4,10,Fame,stock,end,677
4,11,DP,source,SurfaceMap.CollectYields,79
4,11,Material,source,SurfaceMap.CollectYields,3
4,11,Fame,source,SurfaceMap.CollectYields,17
4,11,DP,source,EraSystem.TickTurn,720
4,11,DP,source,WaveRoster.ResolveTrial,900
4,11,DP,sink,MinionRoster.TrySummon,-2562
4,11,DP,source,AdventurerAI.ReapEmotion,191
4,11,DP,source,AdventurerAI.TakeDamage,1659
4,11,Material,source,AdventurerAI.TakeDamage,54
4,11,DP,sink,CommandSystem.TryUse,-1450
4,11,DP,source,AdventurerAI.GrantReturnReward,168
4,11,Fame,source,AdventurerAI.GrantReturnReward,10
4,11,Fame,source,LureEconomy.OnHeroEscaped,25
4,11,DP,stock,end,590
4,11,Material,stock,end,322
4,11,Fame,stock,end,729
4,12,DP,source,SurfaceMap.CollectYields,107
4,12,Material,source,SurfaceMap.CollectYields,4
4,12,Fame,source,SurfaceMap.CollectYields,23
4,12,DP,source,DistrictCatalog.Collect,98
4,12,DP,sink,MinionRoster.TrySummon,-795
4,12,DP,source,AdventurerAI.ReapEmotion,166
4,12,DP,source,AdventurerAI.GrantReturnReward,151
4,12,Fame,source,AdventurerAI.GrantReturnReward,10
4,12,Fame,source,LureEconomy.OnHeroEscaped,25
4,12,DP,sink,CommandSystem.TryUse,-1300
4,12,DP,source,AdventurerAI.TakeDamage,1013
4,12,Material,source,AdventurerAI.TakeDamage,37
4,12,DP,source,Nemesis.OnSlain,1296
4,12,Material,source,Nemesis.OnSlain,10
4,12,DP,stock,end,1326
4,12,Material,stock,end,373
4,12,Fame,stock,end,787
4,13,DP,source,SurfaceMap.CollectYields,83
4,13,Material,source,SurfaceMap.CollectYields,4
4,13,Fame,source,SurfaceMap.CollectYields,19
4,13,DP,source,DistrictCatalog.Collect,98
4,13,DP,sink,MinionRoster.TrySummon,-1497
4,13,DP,source,AdventurerAI.ReapEmotion,165
4,13,DP,source,AdventurerAI.TakeDamage,908
4,13,Material,source,AdventurerAI.TakeDamage,37
4,13,DP,sink,CommandSystem.TryUse,-1300
4,13,DP,source,AdventurerAI.GrantReturnReward,283
4,13,Fame,source,AdventurerAI.GrantReturnReward,10
4,13,Fame,source,LureEconomy.OnHeroEscaped,25
4,13,DP,source,Nemesis.OnSlain,664
4,13,Material,source,Nemesis.OnSlain,5
4,13,DP,stock,end,730
4,13,Material,stock,end,419
4,13,Fame,stock,end,841
4,14,DP,source,SurfaceMap.CollectYields,83
4,14,Material,source,SurfaceMap.CollectYields,4
4,14,Fame,source,SurfaceMap.CollectYields,19
4,14,DP,source,DistrictCatalog.Collect,98
4,14,DP,sink,MinionRoster.TrySummon,-906
4,14,DP,source,AdventurerAI.ReapEmotion,217
4,14,DP,source,AdventurerAI.TakeDamage,1937
4,14,Material,source,AdventurerAI.TakeDamage,69
4,14,DP,source,AdventurerAI.GrantReturnReward,537
4,14,Fame,source,AdventurerAI.GrantReturnReward,30
4,14,Fame,source,LureEconomy.OnHeroEscaped,75
4,14,DP,sink,CommandSystem.TryUse,-1800
4,14,DP,source,Nemesis.OnSlain,680
4,14,Material,source,Nemesis.OnSlain,5
4,14,DP,stock,end,1576
4,14,Material,stock,end,497
4,14,Fame,stock,end,965
4,15,DP,source,SurfaceMap.CollectYields,83
4,15,Material,source,SurfaceMap.CollectYields,4
4,15,Fame,source,SurfaceMap.CollectYields,19
4,15,DP,source,DistrictCatalog.Collect,98
4,15,DP,sink,MinionRoster.TrySummon,-1731
4,15,DP,source,AdventurerAI.ReapEmotion,139
4,15,DP,source,AdventurerAI.TakeDamage,1857
4,15,Material,source,AdventurerAI.TakeDamage,50
4,15,DP,source,AdventurerAI.GrantReturnReward,181
4,15,Fame,source,AdventurerAI.GrantReturnReward,20
4,15,Fame,source,LureEconomy.OnHeroEscaped,50
4,15,DP,sink,CommandSystem.TryUse,-1800
4,15,DP,source,Nemesis.OnSlain,697
4,15,Material,source,Nemesis.OnSlain,5
4,15,DP,stock,end,1100
4,15,Material,stock,end,556
4,15,Fame,stock,end,1054
4,16,DP,source,SurfaceMap.CollectYields,103
4,16,Material,source,SurfaceMap.CollectYields,5
4,16,Fame,source,SurfaceMap.CollectYields,23
4,16,DP,source,DistrictCatalog.Collect,98
4,16,DP,source,WaveRoster.ResolveTrial,1200
4,16,DP,sink,MinionRoster.TrySummon,-2496
4,16,DP,source,AdventurerAI.ReapEmotion,170
4,16,DP,source,AdventurerAI.TakeDamage,1378
4,16,Material,source,AdventurerAI.TakeDamage,42
4,16,DP,sink,CommandSystem.TryUse,-1450
4,16,DP,source,Nemesis.OnSlain,1426
4,16,Material,source,Nemesis.OnSlain,10
4,16,DP,stock,end,1529
4,16,Material,stock,end,613
4,16,Fame,stock,end,1077
4,17,DP,source,SurfaceMap.CollectYields,103
4,17,Material,source,SurfaceMap.CollectYields,5
4,17,Fame,source,SurfaceMap.CollectYields,23
4,17,DP,source,DistrictCatalog.Collect,98
4,17,DP,source,EraSystem.TickTurn,600
4,17,DP,sink,MinionRoster.TrySummon,-2313
4,17,DP,source,AdventurerAI.ReapEmotion,176
4,17,DP,source,AdventurerAI.GrantReturnReward,2544
4,17,Fame,source,AdventurerAI.GrantReturnReward,160
4,17,Fame,source,LureEconomy.OnHeroEscaped,400
4,17,DP,sink,CommandSystem.TryUse,-1150
4,17,DP,source,AdventurerAI.TakeDamage,412
4,17,Material,source,AdventurerAI.TakeDamage,12
4,17,DP,stock,end,1999
4,17,Material,stock,end,630
4,17,Fame,stock,end,1660
4,18,DP,source,SurfaceMap.CollectYields,103
4,18,Material,source,SurfaceMap.CollectYields,5
4,18,Fame,source,SurfaceMap.CollectYields,23
4,18,DP,source,DistrictCatalog.Collect,126
4,18,DP,source,EraSystem.TickTurn,720
4,18,DP,sink,MinionRoster.TrySummon,-2913
4,18,DP,source,AdventurerAI.ReapEmotion,505
4,18,DP,source,AdventurerAI.TakeDamage,1795
4,18,Material,source,AdventurerAI.TakeDamage,34
4,18,DP,sink,CommandSystem.TryUse,-1800
4,18,Fame,source,AdventurerAI.GrantReturnReward,50
4,18,Fame,source,LureEconomy.OnHeroEscaped,125
4,18,DP,source,AdventurerAI.GrantReturnReward,877
4,18,DP,stock,end,1412
4,18,Material,stock,end,669
4,18,Fame,stock,end,1858
4,19,DP,source,SurfaceMap.CollectYields,137
4,19,Material,source,SurfaceMap.CollectYields,5
4,19,Fame,source,SurfaceMap.CollectYields,29
4,19,DP,source,DistrictCatalog.Collect,126
4,19,DP,sink,MinionRoster.TrySummon,-1657
4,19,DP,source,IncidentSystem.Apply,600
4,19,DP,sink,CommandSystem.TryUse,-2300
4,19,DP,source,AdventurerAI.ReapEmotion,148
4,19,DP,source,AdventurerAI.TakeDamage,1633
4,19,Material,source,AdventurerAI.TakeDamage,41
4,19,DP,source,AdventurerAI.GrantReturnReward,1343
4,19,Fame,source,AdventurerAI.GrantReturnReward,80
4,19,Fame,source,LureEconomy.OnHeroEscaped,200
4,19,DP,source,Nemesis.OnSlain,1061
4,19,Material,source,Nemesis.OnSlain,7
4,19,DP,stock,end,2503
4,19,Material,stock,end,722
4,19,Fame,stock,end,2167
4,20,DP,source,SurfaceMap.CollectYields,137
4,20,Material,source,SurfaceMap.CollectYields,5
4,20,Fame,source,SurfaceMap.CollectYields,29
4,20,DP,source,DistrictCatalog.Collect,126
4,20,DP,sink,MinionRoster.TrySummon,-2757
4,20,DP,source,AdventurerAI.ReapEmotion,113
4,20,DP,source,AdventurerAI.TakeDamage,2019
4,20,Material,source,AdventurerAI.TakeDamage,31
4,20,DP,sink,CommandSystem.TryUse,-1900
4,20,Fame,source,AdventurerAI.GrantReturnReward,130
4,20,Fame,source,LureEconomy.OnHeroEscaped,325
4,20,DP,source,AdventurerAI.GrantReturnReward,395
4,20,DP,source,Nemesis.OnSlain,810
4,20,Material,source,Nemesis.OnSlain,5
4,20,DP,stock,end,1446
4,20,Material,stock,end,763
4,20,Fame,stock,end,2651
4,21,DP,source,SurfaceMap.CollectYields,137
4,21,Material,source,SurfaceMap.CollectYields,5
4,21,Fame,source,SurfaceMap.CollectYields,29
4,21,DP,source,DistrictCatalog.Collect,126
4,21,DP,source,WaveRoster.ResolveTrial,1200
4,21,DP,sink,MinionRoster.TrySummon,-2870
4,21,DP,source,AdventurerAI.ReapEmotion,324
4,21,DP,sink,CommandSystem.TryUse,-2750
4,21,DP,source,AdventurerAI.TakeDamage,7539
4,21,Material,source,AdventurerAI.TakeDamage,86
4,21,DP,source,AdventurerAI.GrantReturnReward,569
4,21,Fame,source,AdventurerAI.GrantReturnReward,50
4,21,Fame,source,LureEconomy.OnHeroEscaped,125
4,21,DP,source,Nemesis.OnSlain,3465
4,21,Material,source,Nemesis.OnSlain,21
4,21,DP,stock,end,9186
4,21,Material,stock,end,875
4,21,Fame,stock,end,2855
4,22,DP,source,SurfaceMap.CollectYields,163
4,22,Material,source,SurfaceMap.CollectYields,6
4,22,Fame,source,SurfaceMap.CollectYields,34
4,22,DP,source,DistrictCatalog.Collect,126
4,22,DP,sink,MinionRoster.TrySummon,-9457
4,22,DP,source,AdventurerAI.ReapEmotion,177
4,22,DP,source,AdventurerAI.TakeDamage,2158
4,22,Material,source,AdventurerAI.TakeDamage,27
4,22,DP,sink,CommandSystem.TryUse,-2750
4,22,Fame,source,AdventurerAI.GrantReturnReward,140
4,22,Fame,source,LureEconomy.OnHeroEscaped,350
4,22,DP,source,AdventurerAI.GrantReturnReward,948
4,22,DP,source,Nemesis.OnSlain,1142
4,22,Material,source,Nemesis.OnSlain,7
4,22,DP,stock,end,1693
4,22,Material,stock,end,915
4,22,Fame,stock,end,3379
4,23,DP,source,SurfaceMap.CollectYields,145
4,23,Material,source,SurfaceMap.CollectYields,7
4,23,Fame,source,SurfaceMap.CollectYields,33
4,23,DP,source,DistrictCatalog.Collect,126
4,23,DP,sink,MinionRoster.TrySummon,-1953
4,23,DP,source,AdventurerAI.ReapEmotion,183
4,23,DP,source,AdventurerAI.TakeDamage,4044
4,23,Material,source,AdventurerAI.TakeDamage,36
4,23,DP,sink,CommandSystem.TryUse,-2250
4,23,DP,source,AdventurerAI.GrantReturnReward,1011
4,23,Fame,source,AdventurerAI.GrantReturnReward,120
4,23,Fame,source,LureEconomy.OnHeroEscaped,300
4,23,DP,source,Nemesis.OnSlain,2625
4,23,Material,source,Nemesis.OnSlain,15
4,23,DP,stock,end,5624
4,23,Material,stock,end,973
4,23,Fame,stock,end,3832
4,24,DP,source,SurfaceMap.CollectYields,145
4,24,Material,source,SurfaceMap.CollectYields,7
4,24,Fame,source,SurfaceMap.CollectYields,33
4,24,DP,source,DistrictCatalog.Collect,126
4,24,DP,sink,MinionRoster.TrySummon,-5881
4,24,DP,source,AdventurerAI.ReapEmotion,233
4,24,DP,source,AdventurerAI.TakeDamage,7908
4,24,Material,source,AdventurerAI.TakeDamage,73
4,24,DP,sink,CommandSystem.TryUse,-2750
4,24,Fame,source,AdventurerAI.GrantReturnReward,50
4,24,Fame,source,LureEconomy.OnHeroEscaped,125
4,24,DP,source,Nemesis.OnSlain,2111
4,24,Material,source,Nemesis.OnSlain,12
4,24,DP,stock,end,7516
4,24,Material,stock,end,1065
4,24,Fame,stock,end,4040
4,25,DP,source,SurfaceMap.CollectYields,145
4,25,Material,source,SurfaceMap.CollectYields,7
4,25,Fame,source,SurfaceMap.CollectYields,33
4,25,DP,source,DistrictCatalog.Collect,28
4,25,DP,source,EraSystem.TickTurn,3840
4,25,DP,sink,MinionRoster.TrySummon,-11488
4,25,DP,source,AdventurerAI.TakeDamage,10241
4,25,Material,source,AdventurerAI.TakeDamage,89
4,25,DP,sink,CommandSystem.TryUse,-2250
4,25,Fame,source,AdventurerAI.GrantReturnReward,30
4,25,Fame,source,LureEconomy.OnHeroEscaped,75
4,25,DP,source,Nemesis.OnSlain,2769
4,25,Material,source,Nemesis.OnSlain,15
4,25,DP,stock,end,10801
4,25,Material,stock,end,1176
4,25,Fame,stock,end,4178
5,1,DP,sink,DungeonFeatureManager.TryPlaceTrap,-150
5,1,DP,source,AdventurerAI.ReapEmotion,100
5,1,DP,source,AdventurerAI.GrantReturnReward,150
5,1,Fame,source,AdventurerAI.GrantReturnReward,10
5,1,Fame,source,LureEconomy.OnHeroEscaped,25
5,1,DP,sink,CommandSystem.TryUse,-300
5,1,DP,source,AdventurerAI.TakeDamage,221
5,1,Material,source,AdventurerAI.TakeDamage,8
5,1,DP,stock,end,221
5,1,Material,stock,end,8
5,1,Fame,stock,end,35
5,2,DP,source,SurfaceMap.CollectYields,18
5,2,Material,source,SurfaceMap.CollectYields,1
5,2,Fame,source,SurfaceMap.CollectYields,4
5,2,DP,source,EraSystem.TickTurn,600
5,2,Fame,source,EraSystem.TickTurn,25
5,2,DP,sink,DungeonFeatureManager.TryPlaceTrap,-750
5,2,DP,source,AdventurerAI.ReapEmotion,100
5,2,DP,source,AdventurerAI.TakeDamage,263
5,2,Material,source,AdventurerAI.TakeDamage,16
5,2,DP,sink,CommandSystem.TryUse,-650
5,2,DP,source,AdventurerAI.GrantReturnReward,218
5,2,Fame,source,AdventurerAI.GrantReturnReward,10
5,2,Fame,source,LureEconomy.OnHeroEscaped,25
5,2,DP,stock,end,20
5,2,Material,stock,end,25
5,2,Fame,stock,end,99
5,3,DP,source,SurfaceMap.CollectYields,18
5,3,Material,source,SurfaceMap.CollectYields,1
5,3,Fame,source,SurfaceMap.CollectYields,4
5,3,DP,source,EraSystem.TickTurn,600
5,3,Fame,source,EraSystem.TickTurn,25
5,3,DP,sink,DungeonFeatureManager.TryPlaceTrap,-150
5,3,DP,sink,DungeonFeatureManager.TryPlaceFeature,-250
5,3,DP,sink,DungeonFeatureManager.TryPlaceHabitat,-160
5,3,DP,sink,MinionRoster.TrySummon,-78
5,3,DP,source,AdventurerAI.ReapEmotion,165
5,3,Fame,source,AdventurerAI.GrantReturnReward,30
5,3,Fame,source,LureEconomy.OnHeroEscaped,75
5,3,DP,source,AdventurerAI.GrantReturnReward,255
5,3,DP,sink,CommandSystem.TryUse,-300
5,3,DP,source,AdventurerAI.TakeDamage,150
5,3,Material,source,AdventurerAI.TakeDamage,6
5,3,DP,stock,end,270
5,3,Material,stock,end,32
5,3,Fame,stock,end,233
5,4,DP,source,SurfaceMap.CollectYields,18
5,4,Material,source,SurfaceMap.CollectYields,1
5,4,Fame,source,SurfaceMap.CollectYields,4
5,4,DP,source,EraSystem.TickTurn,600
5,4,DP,sink,MinionRoster.TrySummon,-879
5,4,DP,source,AdventurerAI.ReapEmotion,115
5,4,Fame,source,AdventurerAI.GrantReturnReward,30
5,4,Fame,source,LureEconomy.OnHeroEscaped,75
5,4,DP,source,AdventurerAI.GrantReturnReward,487
5,4,DP,sink,CommandSystem.TryUse,-650
5,4,DP,source,AdventurerAI.TakeDamage,272
5,4,Material,source,AdventurerAI.TakeDamage,6
5,4,DP,stock,end,233
5,4,Material,stock,end,39
5,4,Fame,stock,end,342
5,5,DP,source,SurfaceMap.CollectYields,18
5,5,Material,source,SurfaceMap.CollectYields,1
5,5,Fame,source,SurfaceMap.CollectYields,4
5,5,DP,source,EraSystem.TickTurn,600
5,5,DP,sink,DungeonFeatureManager.TryPlaceFeature,-500
5,5,DP,sink,DungeonFeatureManager.TryPlaceHabitat,-160
5,5,DP,sink,MinionRoster.TrySummon,-180
5,5,DP,source,AdventurerAI.ReapEmotion,134
5,5,Fame,source,AdventurerAI.GrantReturnReward,40
5,5,Fame,source,LureEconomy.OnHeroEscaped,100
5,5,DP,source,AdventurerAI.GrantReturnReward,57
5,5,DP,source,AdventurerAI.TakeDamage,1227
5,5,Material,source,AdventurerAI.TakeDamage,36
5,5,DP,sink,CommandSystem.TryUse,-950
5,5,DP,source,Nemesis.OnSlain,1506
5,5,Material,source,Nemesis.OnSlain,15
5,5,DP,stock,end,1985
5,5,Material,stock,end,91
5,5,Fame,stock,end,486
5,6,DP,source,SurfaceMap.CollectYields,39
5,6,Material,source,SurfaceMap.CollectYields,2
5,6,Fame,source,SurfaceMap.CollectYields,9
5,6,DP,source,EraSystem.TickTurn,600
5,6,Material,source,EraSystem.TickTurn,10
5,6,DP,sink,MinionRoster.TrySummon,-2329
5,6,DP,sink,DungeonFeatureManager.TryPlaceHabitat,-280
5,6,DP,source,AdventurerAI.ReapEmotion,128
5,6,DP,source,AdventurerAI.TakeDamage,814
5,6,Material,source,AdventurerAI.TakeDamage,38
5,6,DP,sink,CommandSystem.TryUse,-950
5,6,DP,source,Nemesis.OnSlain,1070
5,6,Material,source,Nemesis.OnSlain,10
5,6,DP,stock,end,1077
5,6,Material,stock,end,151
5,6,Fame,stock,end,495
5,7,DP,source,SurfaceMap.CollectYields,39
5,7,Material,source,SurfaceMap.CollectYields,2
5,7,Fame,source,SurfaceMap.CollectYields,9
5,7,DP,source,EraSystem.TickTurn,1020
5,7,DP,sink,MinionRoster.TrySummon,-2127
5,7,DP,source,AdventurerAI.ReapEmotion,253
5,7,DP,source,AdventurerAI.TakeDamage,598
5,7,Material,source,AdventurerAI.TakeDamage,12
5,7,DP,sink,CommandSystem.TryUse,-650
5,7,Fame,source,AdventurerAI.GrantReturnReward,20
5,7,Fame,source,LureEconomy.OnHeroEscaped,50
5,7,DP,source,AdventurerAI.GrantReturnReward,167
5,7,DP,source,Nemesis.OnSlain,1102
5,7,Material,source,Nemesis.OnSlain,10
5,7,DP,stock,end,1479
5,7,Material,stock,end,175
5,7,Fame,stock,end,574
5,8,DP,source,SurfaceMap.CollectYields,39
5,8,Material,source,SurfaceMap.CollectYields,2
5,8,Fame,source,SurfaceMap.CollectYields,9
5,8,DP,sink,MinionRoster.TrySummon,-1503
5,8,DP,source,AdventurerAI.ReapEmotion,133
5,8,DP,source,AdventurerAI.GrantReturnReward,215
5,8,Fame,source,AdventurerAI.GrantReturnReward,20
5,8,Fame,source,LureEconomy.OnHeroEscaped,50
5,8,DP,sink,CommandSystem.TryUse,-1300
5,8,DP,source,AdventurerAI.TakeDamage,758
5,8,Material,source,AdventurerAI.TakeDamage,25
5,8,DP,source,Nemesis.OnSlain,1166
5,8,Material,source,Nemesis.OnSlain,10
5,8,DP,stock,end,987
5,8,Material,stock,end,212
5,8,Fame,stock,end,653
5,9,DP,source,SurfaceMap.CollectYields,45
5,9,Material,source,SurfaceMap.CollectYields,2
5,9,Fame,source,SurfaceMap.CollectYields,11
5,9,DP,source,EraSystem.TickTurn,300
5,9,Fame,source,EraSystem.TickTurn,25
5,9,DP,sink,MinionRoster.TrySummon,-1320
5,9,DP,source,AdventurerAI.ReapEmotion,141
5,9,DP,source,AdventurerAI.TakeDamage,2294
5,9,Material,source,AdventurerAI.TakeDamage,100
5,9,DP,sink,CommandSystem.TryUse,-1800
5,9,Fame,source,AdventurerAI.GrantReturnReward,10
5,9,Fame,source,LureEconomy.OnHeroEscaped,25
5,9,DP,source,Nemesis.OnSlain,1198
5,9,Material,source,Nemesis.OnSlain,10
5,9,DP,stock,end,1845
5,9,Material,stock,end,324
5,9,Fame,stock,end,724
5,10,DP,source,SurfaceMap.CollectYields,79
5,10,Material,source,SurfaceMap.CollectYields,3
5,10,Fame,source,SurfaceMap.CollectYields,17
5,10,DP,source,EraSystem.TickTurn,1020
5,10,DP,sink,MinionRoster.TrySummon,-2944
5,10,DP,source,AdventurerAI.TakeDamage,804
5,10,Material,source,AdventurerAI.TakeDamage,30
5,10,DP,source,AdventurerAI.ReapEmotion,177
5,10,DP,sink,CommandSystem.TryUse,-1450
5,10,Fame,source,AdventurerAI.GrantReturnReward,10
5,10,Fame,source,LureEconomy.OnHeroEscaped,25
5,10,DP,source,Nemesis.OnSlain,1232
5,10,Material,source,Nemesis.OnSlain,10
5,10,DP,stock,end,763
5,10,Material,stock,end,367
5,10,Fame,stock,end,776
5,11,DP,source,SurfaceMap.CollectYields,79
5,11,Material,source,SurfaceMap.CollectYields,3
5,11,Fame,source,SurfaceMap.CollectYields,17
5,11,DP,source,WaveRoster.ResolveTrial,900
5,11,DP,sink,MinionRoster.TrySummon,-1727
5,11,DP,source,AdventurerAI.ReapEmotion,160
5,11,Fame,source,AdventurerAI.GrantReturnReward,10
5,11,Fame,source,LureEconomy.OnHeroEscaped,25
5,11,DP,source,AdventurerAI.TakeDamage,929
5,11,Material,source,AdventurerAI.TakeDamage,42
5,11,DP,sink,CommandSystem.TryUse,-1450
5,11,DP,source,Nemesis.OnSlain,1280
5,11,Material,source,Nemesis.OnSlain,10
5,11,DP,stock,end,934
5,11,Material,stock,end,422
5,11,Fame,stock,end,828
5,12,DP,source,SurfaceMap.CollectYields,79
5,12,Material,source,SurfaceMap.CollectYields,3
5,12,Fame,source,SurfaceMap.CollectYields,17
5,12,DP,source,DistrictCatalog.Collect,84
5,12,DP,sink,MinionRoster.TrySummon,-1083
5,12,DP,source,AdventurerAI.ReapEmotion,295
5,12,DP,sink,CommandSystem.TryUse,-1800
5,12,DP,source,AdventurerAI.TakeDamage,1595
5,12,Material,source,AdventurerAI.TakeDamage,51
5,12,DP,source,AdventurerAI.GrantReturnReward,81
5,12,Fame,source,AdventurerAI.GrantReturnReward,20
5,12,Fame,source,LureEconomy.OnHeroEscaped,50
5,12,DP,source,Nemesis.OnSlain,648
5,12,Material,source,Nemesis.OnSlain,5
5,12,DP,stock,end,833
5,12,Material,stock,end,481
5,12,Fame,stock,end,915
5,13,DP,source,SurfaceMap.CollectYields,60
5,13,Material,source,SurfaceMap.CollectYields,3
5,13,Fame,source,SurfaceMap.CollectYields,14
5,13,DP,source,DistrictCatalog.Collect,98
5,13,DP,sink,MinionRoster.TrySummon,-979
5,13,DP,source,AdventurerAI.ReapEmotion,240
5,13,DP,source,AdventurerAI.TakeDamage,754
5,13,Material,source,AdventurerAI.TakeDamage,25
5,13,DP,sink,CommandSystem.TryUse,-650
5,13,DP,source,AdventurerAI.GrantReturnReward,223
5,13,Fame,source,AdventurerAI.GrantReturnReward,30
5,13,Fame,source,LureEconomy.OnHeroEscaped,75
5,13,DP,source,Nemesis.OnSlain,1344
5,13,Material,source,Nemesis.OnSlain,10
5,13,DP,stock,end,1923
5,13,Material,stock,end,519
5,13,Fame,stock,end,1034
5,14,DP,source,SurfaceMap.CollectYields,80
5,14,Material,source,SurfaceMap.CollectYields,4
5,14,Fame,source,SurfaceMap.CollectYields,18
5,14,DP,source,DistrictCatalog.Collect,98
5,14,DP,sink,MinionRoster.TrySummon,-2083
5,14,DP,source,AdventurerAI.ReapEmotion,236
5,14,DP,source,AdventurerAI.TakeDamage,1044
5,14,Material,source,AdventurerAI.TakeDamage,27
5,14,DP,sink,CommandSystem.TryUse,-1300
5,14,DP,source,AdventurerAI.GrantReturnReward,318
5,14,Fame,source,AdventurerAI.GrantReturnReward,20
5,14,Fame,source,LureEconomy.OnHeroEscaped,50
5,14,DP,source,Nemesis.OnSlain,697
5,14,Material,source,Nemesis.OnSlain,5
5,14,DP,stock,end,1013
5,14,Material,stock,end,555
5,14,Fame,stock,end,1122
5,15,DP,source,SurfaceMap.CollectYields,83
5,15,Material,source,SurfaceMap.CollectYields,4
5,15,Fame,source,SurfaceMap.CollectYields,19
5,15,DP,source,DistrictCatalog.Collect,98
5,15,DP,sink,MinionRoster.TrySummon,-1170
5,15,DP,source,AdventurerAI.ReapEmotion,443
5,15,DP,source,AdventurerAI.TakeDamage,1179
5,15,Material,source,AdventurerAI.TakeDamage,41
5,15,DP,sink,CommandSystem.TryUse,-1800
5,15,DP,source,AdventurerAI.GrantReturnReward,130
5,15,Fame,source,AdventurerAI.GrantReturnReward,10
5,15,Fame,source,LureEconomy.OnHeroEscaped,25
5,15,DP,source,Nemesis.OnSlain,1426
5,15,Material,source,Nemesis.OnSlain,10
5,15,DP,stock,end,1402
5,15,Material,stock,end,610
5,15,Fame,stock,end,1176
5,16,DP,source,SurfaceMap.CollectYields,83
5,16,Material,source,SurfaceMap.CollectYields,4
5,16,Fame,source,SurfaceMap.CollectYields,19
5,16,DP,source,DistrictCatalog.Collect,98
5,16,DP,source,WaveRoster.ResolveTrial,900
5,16,DP,sink,MinionRoster.TrySummon,-2479
5,16,DP,source,AdventurerAI.ReapEmotion,435
5,16,DP,source,AdventurerAI.TakeDamage,567
5,16,Material,source,AdventurerAI.TakeDamage,26
5,16,DP,sink,CommandSystem.TryUse,-1150
5,16,Fame,source,AdventurerAI.GrantReturnReward,20
5,16,Fame,source,LureEconomy.OnHeroEscaped,50
5,16,DP,source,AdventurerAI.GrantReturnReward,598
5,16,DP,source,Nemesis.OnSlain,729
5,16,Material,source,Nemesis.OnSlain,5
5,16,DP,stock,end,1183
5,16,Material,stock,end,645
5,16,Fame,stock,end,1265
5,17,DP,source,SurfaceMap.CollectYields,83
5,17,Material,source,SurfaceMap.CollectYields,4
5,17,Fame,source,SurfaceMap.CollectYields,19
5,17,DP,source,DistrictCatalog.Collect,98
5,17,DP,source,EraSystem.TickTurn,720
5,17,DP,sink,MinionRoster.TrySummon,-2076
5,17,DP,source,AdventurerAI.ReapEmotion,348
5,17,DP,sink,CommandSystem.TryUse,-1800
5,17,DP,source,AdventurerAI.TakeDamage,1302
5,17,Material,source,AdventurerAI.TakeDamage,37
5,17,Fame,source,AdventurerAI.GrantReturnReward,20
5,17,Fame,source,LureEconomy.OnHeroEscaped,50
5,17,DP,source,AdventurerAI.GrantReturnReward,420
5,17,DP,source,Nemesis.OnSlain,1490
5,17,Material,source,Nemesis.OnSlain,10
5,17,DP,stock,end,1768
5,17,Material,stock,end,696
5,17,Fame,stock,end,1354
5,18,DP,source,SurfaceMap.CollectYields,83
5,18,Material,source,SurfaceMap.CollectYields,4
5,18,Fame,source,SurfaceMap.CollectYields,19
5,18,DP,source,DistrictCatalog.Collect,98
5,18,DP,sink,MinionRoster.TrySummon,-1943
5,18,DP,source,AdventurerAI.ReapEmotion,154
5,18,DP,source,AdventurerAI.TakeDamage,2413
5,18,Material,source,AdventurerAI.TakeDamage,70
5,18,DP,sink,CommandSystem.TryUse,-1800
5,18,DP,source,AdventurerAI.GrantReturnReward,142
5,18,Fame,source,AdventurerAI.GrantReturnReward,20
5,18,Fame,source,LureEconomy.OnHeroEscaped,50
5,18,DP,stock,end,915
5,18,Material,stock,end,770
5,18,Fame,stock,end,1443
5,19,DP,source,SurfaceMap.CollectYields,83
5,19,Material,source,SurfaceMap.CollectYields,4
5,19,Fame,source,SurfaceMap.CollectYields,19
5,19,DP,source,DistrictCatalog.Collect,126
5,19,DP,source,EraSystem.TickTurn,300
5,19,DP,sink,MinionRoster.TrySummon,-1394
5,19,DP,source,AdventurerAI.ReapEmotion,308
5,19,DP,sink,CommandSystem.TryUse,-1800
5,19,DP,source,AdventurerAI.TakeDamage,1555
5,19,Material,source,AdventurerAI.TakeDamage,52
5,19,Fame,source,AdventurerAI.GrantReturnReward,30
5,19,Fame,source,LureEconomy.OnHeroEscaped,75
5,19,DP,source,Nemesis.OnSlain,1572
5,19,Material,source,Nemesis.OnSlain,10
5,19,DP,stock,end,1665
5,19,Material,stock,end,836
5,19,Fame,stock,end,1567
5,20,DP,source,SurfaceMap.CollectYields,109
5,20,Material,source,SurfaceMap.CollectYields,4
5,20,Fame,source,SurfaceMap.CollectYields,23
5,20,DP,source,DistrictCatalog.Collect,126
5,20,DP,sink,MinionRoster.TrySummon,-1866
5,20,DP,source,AdventurerAI.ReapEmotion,509
5,20,DP,source,AdventurerAI.TakeDamage,2636
5,20,Material,source,AdventurerAI.TakeDamage,54
5,20,DP,sink,CommandSystem.TryUse,-2250
5,20,Fame,source,AdventurerAI.GrantReturnReward,130
5,20,Fame,source,LureEconomy.OnHeroEscaped,325
5,20,DP,source,AdventurerAI.GrantReturnReward,374
5,20,DP,source,Nemesis.OnSlain,2398
5,20,Material,source,Nemesis.OnSlain,15
5,20,DP,stock,end,3701
5,20,Material,stock,end,909
5,20,Fame,stock,end,2045
5,21,DP,source,SurfaceMap.CollectYields,164
5,21,Material,source,SurfaceMap.CollectYields,6
5,21,Fame,source,SurfaceMap.CollectYields,35
5,21,DP,source,DistrictCatalog.Collect,126
5,21,DP,source,WaveRoster.ResolveTrial,1800
5,21,DP,sink,MinionRoster.TrySummon,-5770
5,21,DP,source,AdventurerAI.ReapEmotion,484
5,21,DP,source,AdventurerAI.TakeDamage,1713
5,21,Material,source,AdventurerAI.TakeDamage,35
5,21,DP,sink,CommandSystem.TryUse,-2250
5,21,Fame,source,AdventurerAI.GrantReturnReward,60
5,21,Fame,source,LureEconomy.OnHeroEscaped,150
5,21,DP,source,AdventurerAI.GrantReturnReward,525
5,21,DP,source,Nemesis.OnSlain,1652
5,21,Material,source,Nemesis.OnSlain,10
5,21,DP,stock,end,2145
5,21,Material,stock,end,960
5,21,Fame,stock,end,2290
5,22,DP,source,SurfaceMap.CollectYields,164
5,22,Material,source,SurfaceMap.CollectYields,6
5,22,Fame,source,SurfaceMap.CollectYields,35
5,22,DP,source,DistrictCatalog.Collect,126
5,22,DP,sink,MinionRoster.TrySummon,-2434
5,22,DP,source,AdventurerAI.ReapEmotion,358
5,22,DP,sink,CommandSystem.TryUse,-1800
5,22,DP,source,AdventurerAI.TakeDamage,2406
5,22,Material,source,AdventurerAI.TakeDamage,55
5,22,Fame,source,AdventurerAI.GrantReturnReward,70
5,22,Fame,source,LureEconomy.OnHeroEscaped,175
5,22,DP,source,AdventurerAI.GrantReturnReward,444
5,22,DP,source,Nemesis.OnSlain,2526
5,22,Material,source,Nemesis.OnSlain,15
5,22,DP,stock,end,3935
5,22,Material,stock,end,1036
5,22,Fame,stock,end,2570
5,23,DP,source,SurfaceMap.CollectYields,164
5,23,Material,source,SurfaceMap.CollectYields,6
5,23,Fame,source,SurfaceMap.CollectYields,35
5,23,DP,source,DistrictCatalog.Collect,112
5,23,DP,sink,MinionRoster.TrySummon,-4207
5,23,DP,source,AdventurerAI.ReapEmotion,376
5,23,DP,sink,CommandSystem.TryUse,-1600
5,23,DP,source,AdventurerAI.TakeDamage,611
5,23,Material,source,AdventurerAI.TakeDamage,9
5,23,DP,source,AdventurerAI.GrantReturnReward,1699
5,23,Fame,source,AdventurerAI.GrantReturnReward,180
5,23,Fame,source,LureEconomy.OnHeroEscaped,450
5,23,DP,stock,end,1090
5,23,Material,stock,end,1051
5,23,Fame,stock,end,3235
5,24,DP,source,SurfaceMap.CollectYields,134
5,24,Material,source,SurfaceMap.CollectYields,6
5,24,Fame,source,SurfaceMap.CollectYields,29
5,24,DP,source,DistrictCatalog.Collect,28
5,24,DP,source,EraSystem.TickTurn,3840
5,24,DP,sink,MinionRoster.TrySummon,-5083
5,24,DP,source,AdventurerAI.ReapEmotion,252
5,24,DP,source,AdventurerAI.GrantReturnReward,4085
5,24,Fame,source,AdventurerAI.GrantReturnReward,210
5,24,Fame,source,LureEconomy.OnHeroEscaped,525
5,24,DP,sink,CommandSystem.TryUse,-1600
5,24,DP,source,AdventurerAI.TakeDamage,871
5,24,Material,source,AdventurerAI.TakeDamage,9
5,24,DP,stock,end,3617
5,24,Material,stock,end,1066
5,24,Fame,stock,end,3999
5,25,DP,source,SurfaceMap.CollectYields,134
5,25,Material,source,SurfaceMap.CollectYields,6
5,25,Fame,source,SurfaceMap.CollectYields,29
5,25,DP,source,DistrictCatalog.Collect,28
5,25,DP,source,EraSystem.TickTurn,6528
5,25,DP,sink,MinionRoster.TrySummon,-10291
5,25,DP,source,AdventurerAI.TakeDamage,8653
5,25,Material,source,AdventurerAI.TakeDamage,68
5,25,DP,sink,CommandSystem.TryUse,-2250
5,25,Fame,source,AdventurerAI.GrantReturnReward,100
5,25,Fame,source,LureEconomy.OnHeroEscaped,250
5,25,DP,source,AdventurerAI.ReapEmotion,384
5,25,DP,source,AdventurerAI.GrantReturnReward,167
5,25,DP,source,Nemesis.OnSlain,3672
5,25,Material,source,Nemesis.OnSlain,21
5,25,DP,stock,end,10642
5,25,Material,stock,end,1161
5,25,Fame,stock,end,4378
5,26,DP,source,SurfaceMap.CollectYields,156
5,26,Material,source,SurfaceMap.CollectYields,7
5,26,Fame,source,SurfaceMap.CollectYields,33
5,26,DP,source,DistrictCatalog.Collect,28
5,26,DP,source,EraSystem.TickTurn,6528
5,26,DP,source,WaveRoster.ResolveTrial,1800
5,26,DP,sink,MinionRoster.TrySummon,-19149
5,26,DP,source,AdventurerAI.ReapEmotion,552
5,26,DP,source,AdventurerAI.TakeDamage,8092
5,26,Material,source,AdventurerAI.TakeDamage,83
5,26,DP,sink,CommandSystem.TryUse,-2750
5,26,DP,source,AdventurerAI.GrantReturnReward,761
5,26,Fame,source,AdventurerAI.GrantReturnReward,150
5,26,Fame,source,LureEconomy.OnHeroEscaped,375
5,26,DP,source,Nemesis.OnSlain,3732
5,26,Material,source,Nemesis.OnSlain,24
5,26,DP,stock,end,10392
5,26,Material,stock,end,1275
5,26,Fame,stock,end,4936
5,27,DP,source,SurfaceMap.CollectYields,156
5,27,Material,source,SurfaceMap.CollectYields,8
5,27,Fame,source,SurfaceMap.CollectYields,33
5,27,DP,source,DistrictCatalog.Collect,28
5,27,DP,source,EraSystem.TickTurn,3840
5,27,Material,source,EraSystem.TickTurn,37
5,27,Fame,source,EraSystem.TickTurn,80
5,27,DP,sink,MinionRoster.TrySummon,-14409
5,27,DP,source,AdventurerAI.ReapEmotion,322
5,27,DP,sink,CommandSystem.TryUse,-2750
5,27,DP,source,AdventurerAI.TakeDamage,7639
5,27,Material,source,AdventurerAI.TakeDamage,55
5,27,Fame,source,AdventurerAI.GrantReturnReward,210
5,27,Fame,source,LureEconomy.OnHeroEscaped,525
5,27,DP,source,AdventurerAI.GrantReturnReward,1082
5,27,DP,source,Nemesis.OnSlain,2868
5,27,Material,source,Nemesis.OnSlain,18
5,27,DP,stock,end,9168
5,27,Material,stock,end,1393
5,27,Fame,stock,end,5784
6,1,DP,stock,end,200
6,1,Material,stock,end,0
6,1,Fame,stock,end,0
6,2,DP,sink,DungeonFeatureManager.TryPlaceTrap,-600
6,2,DP,source,AdventurerAI.ReapEmotion,301
6,2,DP,source,AdventurerAI.GrantReturnReward,347
6,2,Fame,source,AdventurerAI.GrantReturnReward,20
6,2,Fame,source,LureEconomy.OnHeroEscaped,50
6,2,DP,source,AdventurerAI.TakeDamage,512
6,2,Material,source,AdventurerAI.TakeDamage,36
6,2,DP,sink,CommandSystem.TryUse,-1300
6,2,DP,source,SurfaceMap.CollectYields,18
6,2,Material,source,SurfaceMap.CollectYields,1
6,2,Fame,source,SurfaceMap.CollectYields,4
6,2,DP,source,EraSystem.TickTurn,600
6,2,Fame,source,EraSystem.TickTurn,25
6,2,DP,stock,end,78
6,2,Material,stock,end,37
6,2,Fame,stock,end,99
6,3,DP,source,SurfaceMap.CollectYields,18
6,3,Material,source,SurfaceMap.CollectYields,1
6,3,Fame,source,SurfaceMap.CollectYields,4
6,3,DP,source,EraSystem.TickTurn,600
6,3,Fame,source,EraSystem.TickTurn,25
6,3,DP,sink,DungeonFeatureManager.TryPlaceTrap,-450
6,3,DP,sink,MinionRoster.TrySummon,-236
6,3,DP,source,AdventurerAI.ReapEmotion,167
6,3,DP,source,AdventurerAI.TakeDamage,221
6,3,Material,source,AdventurerAI.TakeDamage,8
6,3,DP,source,AdventurerAI.GrantReturnReward,366
6,3,Fame,source,AdventurerAI.GrantReturnReward,20
6,3,Fame,source,LureEconomy.OnHeroEscaped,50
6,3,DP,sink,CommandSystem.TryUse,-650
6,3,DP,stock,end,114
6,3,Material,stock,end,46
6,3,Fame,stock,end,198
6,4,DP,source,SurfaceMap.CollectYields,18
6,4,Material,source,SurfaceMap.CollectYields,1
6,4,Fame,source,SurfaceMap.CollectYields,4
6,4,DP,source,EraSystem.TickTurn,600
6,4,Material,source,EraSystem.TickTurn,10
6,4,DP,sink,DungeonFeatureManager.TryPlaceFeature,-250
6,4,DP,sink,DungeonFeatureManager.TryPlaceHabitat,-120
6,4,DP,sink,MinionRoster.TrySummon,-342
6,4,DP,source,IncidentSystem.Apply,600
6,4,DP,sink,CommandSystem.TryUse,-1150
6,4,DP,source,AdventurerAI.ReapEmotion,121
6,4,DP,source,AdventurerAI.TakeDamage,486
6,4,Material,source,AdventurerAI.TakeDamage,18
6,4,DP,stock,end,77
6,4,Material,stock,end,75
6,4,Fame,stock,end,202
6,5,DP,source,SurfaceMap.CollectYields,18
6,5,Material,source,SurfaceMap.CollectYields,1
6,5,Fame,source,SurfaceMap.CollectYields,4
6,5,DP,source,EraSystem.TickTurn,600
6,5,DP,sink,DungeonFeatureManager.TryPlaceFeature,-250
6,5,DP,sink,DungeonFeatureManager.TryPlaceHabitat,-300
6,5,DP,sink,MinionRoster.TrySummon,-138
6,5,DP,source,AdventurerAI.ReapEmotion,166
6,5,DP,source,AdventurerAI.GrantReturnReward,264
6,5,Fame,source,AdventurerAI.GrantReturnReward,20
6,5,Fame,source,LureEconomy.OnHeroEscaped,50
6,5,DP,source,AdventurerAI.TakeDamage,795
6,5,Material,source,AdventurerAI.TakeDamage,28
6,5,DP,sink,CommandSystem.TryUse,-1300
6,5,DP,source,Nemesis.OnSlain,972
6,5,Material,source,Nemesis.OnSlain,10
6,5,DP,stock,end,904
6,5,Material,stock,end,114
6,5,Fame,stock,end,276
6,6,DP,source,SurfaceMap.CollectYields,39
6,6,Material,source,SurfaceMap.CollectYields,2
6,6,Fame,source,SurfaceMap.CollectYields,9
6,6,DP,source,EraSystem.TickTurn,600
6,6,DP,sink,MinionRoster.TrySummon,-1522
6,6,DP,source,AdventurerAI.ReapEmotion,169
6,6,Fame,source,AdventurerAI.GrantReturnReward,10
6,6,Fame,source,LureEconomy.OnHeroEscaped,25
6,6,DP,source,AdventurerAI.TakeDamage,624
6,6,Material,source,AdventurerAI.TakeDamage,16
6,6,DP,sink,CommandSystem.TryUse,-600
6,6,DP,stock,end,214
6,6,Material,stock,end,132
6,6,Fame,stock,end,320
6,7,DP,source,SurfaceMap.CollectYields,39
6,7,Material,source,SurfaceMap.CollectYields,2
6,7,Fame,source,SurfaceMap.CollectYields,9
6,7,DP,source,EraSystem.TickTurn,1020
6,7,DP,sink,MinionRoster.TrySummon,-1255
6,7,DP,source,AdventurerAI.ReapEmotion,130
6,7,DP,source,AdventurerAI.TakeDamage,383
6,7,Material,source,AdventurerAI.TakeDamage,14
6,7,DP,sink,CommandSystem.TryUse,-650
6,7,Fame,source,AdventurerAI.GrantReturnReward,40
6,7,Fame,source,LureEconomy.OnHeroEscaped,100
6,7,DP,source,AdventurerAI.GrantReturnReward,308
6,7,DP,source,Nemesis.OnSlain,535
6,7,Material,source,Nemesis.OnSlain,5
6,7,DP,stock,end,724
6,7,Material,stock,end,153
6,7,Fame,stock,end,469
6,8,DP,source,SurfaceMap.CollectYields,39
6,8,Material,source,SurfaceMap.CollectYields,2
6,8,Fame,source,SurfaceMap.CollectYields,9
6,8,DP,sink,MinionRoster.TrySummon,-763
6,8,DP,source,AdventurerAI.ReapEmotion,132
6,8,DP,source,AdventurerAI.TakeDamage,952
6,8,Material,source,AdventurerAI.TakeDamage,35
6,8,DP,sink,CommandSystem.TryUse,-1300
6,8,DP,source,Nemesis.OnSlain,567
6,8,Material,source,Nemesis.OnSlain,5
6,8,DP,stock,end,351
6,8,Material,stock,end,195
6,8,Fame,stock,end,478
6,9,DP,source,SurfaceMap.CollectYields,45
6,9,Material,source,SurfaceMap.CollectYields,2
6,9,Fame,source,SurfaceMap.CollectYields,11
6,9,DP,source,EraSystem.TickTurn,300
6,9,Fame,source,EraSystem.TickTurn,25
6,9,DP,sink,MinionRoster.TrySummon,-694
6,9,DP,source,AdventurerAI.ReapEmotion,153
6,9,DP,source,AdventurerAI.TakeDamage,936
6,9,Material,source,AdventurerAI.TakeDamage,46
6,9,DP,sink,CommandSystem.TryUse,-1450
6,9,DP,source,Nemesis.OnSlain,1379
6,9,Material,source,Nemesis.OnSlain,12
6,9,DP,stock,end,1020
6,9,Material,stock,end,255
6,9,Fame,stock,end,514
6,10,DP,source,SurfaceMap.CollectYields,79
6,10,Material,source,SurfaceMap.CollectYields,3
6,10,Fame,source,SurfaceMap.CollectYields,17
6,10,DP,source,EraSystem.TickTurn,720
6,10,DP,sink,MinionRoster.TrySummon,-1804
6,10,DP,source,AdventurerAI.ReapEmotion,457
6,10,DP,source,AdventurerAI.TakeDamage,1227
6,10,Material,source,AdventurerAI.TakeDamage,49
6,10,DP,sink,CommandSystem.TryUse,-1800
6,10,Fame,source,AdventurerAI.GrantReturnReward,10
6,10,Fame,source,LureEconomy.OnHeroEscaped,25
6,10,DP,source,Nemesis.OnSlain,599
6,10,Material,source,Nemesis.OnSlain,5
6,10,DP,stock,end,498
6,10,Material,stock,end,312
6,10,Fame,stock,end,566
6,11,DP,source,SurfaceMap.CollectYields,79
6,11,Material,source,SurfaceMap.CollectYields,3
6,11,Fame,source,SurfaceMap.CollectYields,17
6,11,DP,source,WaveRoster.ResolveTrial,900
6,11,DP,sink,MinionRoster.TrySummon,-1472
6,11,DP,source,AdventurerAI.ReapEmotion,332
6,11,DP,source,AdventurerAI.TakeDamage,886
6,11,Material,source,AdventurerAI.TakeDamage,33
6,11,DP,sink,CommandSystem.TryUse,-1300
6,11,DP,source,AdventurerAI.GrantReturnReward,290
6,11,Fame,source,AdventurerAI.GrantReturnReward,10
6,11,Fame,source,LureEconomy.OnHeroEscaped,25
6,11,DP,stock,end,213
6,11,Material,stock,end,348
6,11,Fame,stock,end,618
6,12,DP,source,SurfaceMap.CollectYields,79
6,12,Material,source,SurfaceMap.CollectYields,3
6,12,Fame,source,SurfaceMap.CollectYields,17
6,12,DP,source,DistrictCatalog.Collect,98
6,12,DP,sink,MinionRoster.TrySummon,-367
6,12,DP,source,AdventurerAI.ReapEmotion,155
6,12,DP,source,AdventurerAI.TakeDamage,1065
6,12,Material,source,AdventurerAI.TakeDamage,36
6,12,DP,sink,CommandSystem.TryUse,-1450
6,12,DP,source,Nemesis.OnSlain,877
6,12,Material,source,Nemesis.OnSlain,7
6,12,DP,stock,end,670
6,12,Material,stock,end,394
6,12,Fame,stock,end,635
6,13,DP,source,SurfaceMap.CollectYields,60
6,13,Material,source,SurfaceMap.CollectYields,3
6,13,Fame,source,SurfaceMap.CollectYields,14
6,13,DP,source,DistrictCatalog.Collect,112
6,13,DP,source,EraSystem.TickTurn,300
6,13,DP,sink,MinionRoster.TrySummon,-1120
6,13,DP,source,AdventurerAI.ReapEmotion,140
6,13,DP,source,AdventurerAI.GrantReturnReward,544
6,13,Fame,source,AdventurerAI.GrantReturnReward,120
6,13,Fame,source,LureEconomy.OnHeroEscaped,300
6,13,DP,sink,CommandSystem.TryUse,-1150
6,13,DP,source,AdventurerAI.TakeDamage,509
6,13,Material,source,AdventurerAI.TakeDamage,12
6,13,DP,stock,end,65
6,13,Material,stock,end,409
6,13,Fame,stock,end,1069
6,14,DP,source,SurfaceMap.CollectYields,80
6,14,Material,source,SurfaceMap.CollectYields,4
6,14,Fame,source,SurfaceMap.CollectYields,18
6,14,DP,source,DistrictCatalog.Collect,112
6,14,DP,sink,MinionRoster.TrySummon,-236
6,14,DP,source,AdventurerAI.ReapEmotion,158
6,14,DP,source,AdventurerAI.TakeDamage,825
6,14,Material,source,AdventurerAI.TakeDamage,26
6,14,DP,sink,CommandSystem.TryUse,-650
6,14,DP,stock,end,354
6,14,Material,stock,end,439
6,14,Fame,stock,end,1087
6,15,DP,source,SurfaceMap.CollectYields,82
6,15,Material,source,SurfaceMap.CollectYields,4
6,15,Fame,source,SurfaceMap.CollectYields,18
6,15,DP,source,DistrictCatalog.Collect,112
6,15,DP,sink,MinionRoster.TrySummon,-518
6,15,DP,source,AdventurerAI.ReapEmotion,153
6,15,DP,source,AdventurerAI.TakeDamage,1444
6,15,Material,source,AdventurerAI.TakeDamage,38
6,15,DP,sink,CommandSystem.TryUse,-1900
6,15,DP,source,Nemesis.OnSlain,959
6,15,Material,source,Nemesis.OnSlain,7
6,15,Fame,source,AdventurerAI.GrantReturnReward,10
6,15,Fame,source,LureEconomy.OnHeroEscaped,25
6,15,DP,stock,end,686
6,15,Material,stock,end,488
6,15,Fame,stock,end,1140
6,16,DP,source,SurfaceMap.CollectYields,82
6,16,Material,source,SurfaceMap.CollectYields,4
6,16,Fame,source,SurfaceMap.CollectYields,18
6,16,DP,source,DistrictCatalog.Collect,112
6,16,DP,source,WaveRoster.ResolveTrial,900
6,16,DP,sink,MinionRoster.TrySummon,-1775
6,16,DP,source,AdventurerAI.ReapEmotion,574
6,16,DP,sink,CommandSystem.TryUse,-2250
6,16,DP,source,AdventurerAI.TakeDamage,1988
6,16,Material,source,AdventurerAI.TakeDamage,41
6,16,Fame,source,AdventurerAI.GrantReturnReward,70
6,16,Fame,source,LureEconomy.OnHeroEscaped,175
6,16,DP,source,AdventurerAI.GrantReturnReward,872
6,16,DP,source,Nemesis.OnSlain,1458
6,16,Material,source,Nemesis.OnSlain,10
6,16,DP,stock,end,2647
6,16,Material,stock,end,543
6,16,Fame,stock,end,1403
6,17,DP,source,SurfaceMap.CollectYields,82
6,17,Material,source,SurfaceMap.CollectYields,4
6,17,Fame,source,SurfaceMap.CollectYields,18
6,17,DP,source,DistrictCatalog.Collect,126
6,17,DP,source,EraSystem.TickTurn,1020
6,17,DP,sink,MinionRoster.TrySummon,-3873
6,17,DP,source,AdventurerAI.ReapEmotion,547
6,17,DP,sink,CommandSystem.TryUse,-1800
6,17,DP,source,AdventurerAI.TakeDamage,2874
6,17,Material,source,AdventurerAI.TakeDamage,63
6,17,Fame,source,AdventurerAI.GrantReturnReward,30
6,17,Fame,source,LureEconomy.OnHeroEscaped,75
6,17,DP,source,AdventurerAI.GrantReturnReward,333
6,17,DP,source,Nemesis.OnSlain,2510
6,17,Material,source,Nemesis.OnSlain,17
6,17,DP,stock,end,4466
6,17,Material,stock,end,627
6,17,Fame,stock,end,1526
6,18,DP,source,SurfaceMap.CollectYields,103
6,18,Material,source,SurfaceMap.CollectYields,5
6,18,Fame,source,SurfaceMap.CollectYields,23
6,18,DP,source,DistrictCatalog.Collect,126
6,18,DP,sink,MinionRoster.TrySummon,-4693
6,18,DP,source,AdventurerAI.ReapEmotion,402
6,18,DP,sink,CommandSystem.TryUse,-1800
6,18,DP,source,AdventurerAI.TakeDamage,2212
6,18,Material,source,AdventurerAI.TakeDamage,51
6,18,Fame,source,AdventurerAI.GrantReturnReward,20
6,18,Fame,source,LureEconomy.OnHeroEscaped,50
6,18,DP,source,AdventurerAI.GrantReturnReward,275
6,18,DP,source,Nemesis.OnSlain,1801
6,18,Material,source,Nemesis.OnSlain,12
6,18,DP,stock,end,2892
6,18,Material,stock,end,695
6,18,Fame,stock,end,1619
6,19,DP,source,SurfaceMap.CollectYields,103
6,19,Material,source,SurfaceMap.CollectYields,5
6,19,Fame,source,SurfaceMap.CollectYields,23
6,19,DP,source,DistrictCatalog.Collect,140
6,19,DP,source,EraSystem.TickTurn,300
6,19,DP,sink,MinionRoster.TrySummon,-3397
6,19,DP,source,AdventurerAI.ReapEmotion,158
6,19,DP,source,AdventurerAI.GrantReturnReward,329
6,19,Fame,source,AdventurerAI.GrantReturnReward,40
6,19,Fame,source,LureEconomy.OnHeroEscaped,100
6,19,DP,sink,CommandSystem.TryUse,-1800
6,19,DP,source,AdventurerAI.TakeDamage,2118
6,19,Material,source,AdventurerAI.TakeDamage,46
6,19,DP,source,Nemesis.OnSlain,2334
6,19,Material,source,Nemesis.OnSlain,15
6,19,DP,stock,end,3177
6,19,Material,stock,end,761
6,19,Fame,stock,end,1782
6,20,DP,source,SurfaceMap.CollectYields,136
6,20,Material,source,SurfaceMap.CollectYields,5
6,20,Fame,source,SurfaceMap.CollectYields,28
6,20,DP,source,DistrictCatalog.Collect,140
6,20,DP,sink,MinionRoster.TrySummon,-3431
6,20,DP,source,AdventurerAI.ReapEmotion,514
6,20,DP,sink,CommandSystem.TryUse,-2250
6,20,DP,source,AdventurerAI.TakeDamage,1644
6,20,Material,source,AdventurerAI.TakeDamage,35
6,20,DP,source,AdventurerAI.GrantReturnReward,1588
6,20,Fame,source,AdventurerAI.GrantReturnReward,80
6,20,Fame,source,LureEconomy.OnHeroEscaped,200
6,20,DP,source,Nemesis.OnSlain,1588
6,20,Material,source,Nemesis.OnSlain,10
6,20,DP,stock,end,3106
6,20,Material,stock,end,811
6,20,Fame,stock,end,2090
6,21,DP,source,SurfaceMap.CollectYields,136
6,21,Material,source,SurfaceMap.CollectYields,5
6,21,Fame,source,SurfaceMap.CollectYields,28
6,21,DP,source,DistrictCatalog.Collect,154
6,21,DP,source,WaveRoster.ResolveTrial,900
6,21,DP,sink,MinionRoster.TrySummon,-4294
6,21,DP,source,AdventurerAI.ReapEmotion,381
6,21,DP,source,AdventurerAI.TakeDamage,2493
6,21,Material,source,AdventurerAI.TakeDamage,51
6,21,DP,sink,CommandSystem.TryUse,-1800
6,21,Fame,source,AdventurerAI.GrantReturnReward,50
6,21,Fame,source,LureEconomy.OnHeroEscaped,125
6,21,DP,source,AdventurerAI.GrantReturnReward,69
6,21,DP,source,Nemesis.OnSlain,1652
6,21,Material,source,Nemesis.OnSlain,10
6,21,DP,stock,end,2797
6,21,Material,stock,end,877
6,21,Fame,stock,end,2293
6,22,DP,source,SurfaceMap.CollectYields,162
6,22,Material,source,SurfaceMap.CollectYields,6
6,22,Fame,source,SurfaceMap.CollectYields,33
6,22,DP,source,DistrictCatalog.Collect,154
6,22,DP,sink,MinionRoster.TrySummon,-3077
6,22,DP,source,AdventurerAI.ReapEmotion,195
6,22,DP,source,AdventurerAI.TakeDamage,2588
6,22,Material,source,AdventurerAI.TakeDamage,45
6,22,DP,sink,CommandSystem.TryUse,-1800
6,22,DP,source,AdventurerAI.GrantReturnReward,328
6,22,Fame,source,AdventurerAI.GrantReturnReward,60
6,22,Fame,source,LureEconomy.OnHeroEscaped,150
6,22,DP,source,Nemesis.OnSlain,1684
6,22,Material,source,Nemesis.OnSlain,10
6,22,DP,stock,end,3031
6,22,Material,stock,end,938
6,22,Fame,stock,end,2536
6,23,DP,source,SurfaceMap.CollectYields,162
6,23,Material,source,SurfaceMap.CollectYields,6
6,23,Fame,source,SurfaceMap.CollectYields,33
6,23,DP,source,DistrictCatalog.Collect,140
6,23,DP,sink,MinionRoster.TrySummon,-3296
6,23,DP,source,AdventurerAI.ReapEmotion,419
6,23,DP,sink,CommandSystem.TryUse,-2250
6,23,DP,source,AdventurerAI.TakeDamage,1675
6,23,Material,source,AdventurerAI.TakeDamage,26
6,23,DP,source,AdventurerAI.GrantReturnReward,1377
6,23,Fame,source,AdventurerAI.GrantReturnReward,130
6,23,Fame,source,LureEconomy.OnHeroEscaped,325
6,23,DP,stock,end,1258
6,23,Material,stock,end,970
6,23,Fame,stock,end,3024
6,24,DP,source,SurfaceMap.CollectYields,123
6,24,Material,source,SurfaceMap.CollectYields,6
6,24,Fame,source,SurfaceMap.CollectYields,27
6,24,DP,source,DistrictCatalog.Collect,140
6,24,DP,sink,MinionRoster.TrySummon,-1512
6,24,DP,source,AdventurerAI.ReapEmotion,173
6,24,DP,source,AdventurerAI.TakeDamage,5071
6,24,Material,source,AdventurerAI.TakeDamage,61
6,24,DP,sink,CommandSystem.TryUse,-2250
6,24,DP,source,AdventurerAI.GrantReturnReward,1045
6,24,Fame,source,AdventurerAI.GrantReturnReward,90
6,24,Fame,source,LureEconomy.OnHeroEscaped,225
6,24,DP,source,Nemesis.OnSlain,3026
6,24,Material,source,Nemesis.OnSlain,17
6,24,DP,stock,end,7074
6,24,Material,stock,end,1054
6,24,Fame,stock,end,3366
6,25,DP,source,SurfaceMap.CollectYields,82
6,25,Material,source,SurfaceMap.CollectYields,4
6,25,Fame,source,SurfaceMap.CollectYields,18
6,25,DP,source,DistrictCatalog.Collect,28
6,25,DP,source,EraSystem.TickTurn,3840
6,25,DP,sink,MinionRoster.TrySummon,-11017
6,25,DP,source,AdventurerAI.ReapEmotion,177
6,25,DP,source,AdventurerAI.TakeDamage,6506
6,25,Material,source,AdventurerAI.TakeDamage,82
6,25,DP,sink,CommandSystem.TryUse,-1900
6,25,Fame,source,AdventurerAI.GrantReturnReward,90
6,25,Fame,source,LureEconomy.OnHeroEscaped,225
6,25,DP,source,AdventurerAI.GrantReturnReward,750
6,25,DP,source,Nemesis.OnSlain,2408
6,25,Material,source,Nemesis.OnSlain,14
6,25,DP,stock,end,7948
6,25,Material,stock,end,1154
6,25,Fame,stock,end,3699
6,26,DP,source,SurfaceMap.CollectYields,82
6,26,Material,source,SurfaceMap.CollectYields,4
6,26,Fame,source,SurfaceMap.CollectYields,18
6,26,DP,source,DistrictCatalog.Collect,28
6,26,DP,source,EraSystem.TickTurn,6528
6,26,DP,source,WaveRoster.ResolveTrial,1800
6,26,DP,sink,MinionRoster.TrySummon,-16379
6,26,DP,source,AdventurerAI.ReapEmotion,291
6,26,Fame,source,AdventurerAI.GrantReturnReward,350
6,26,Fame,source,LureEconomy.OnHeroEscaped,875
6,26,DP,source,AdventurerAI.TakeDamage,7414
6,26,Material,source,AdventurerAI.TakeDamage,62
6,26,DP,sink,CommandSystem.TryUse,-2750
6,26,DP,source,AdventurerAI.GrantReturnReward,4020
6,26,DP,source,Nemesis.OnSlain,2769
6,26,Material,source,Nemesis.OnSlain,15
6,26,DP,stock,end,11751
6,26,Material,stock,end,1235
6,26,Fame,stock,end,4942
6,27,DP,source,SurfaceMap.CollectYields,105
6,27,Material,source,SurfaceMap.CollectYields,5
6,27,Fame,source,SurfaceMap.CollectYields,23
6,27,DP,source,DistrictCatalog.Collect,28
6,27,DP,source,EraSystem.TickTurn,6528
6,27,DP,sink,MinionRoster.TrySummon,-18389
6,27,DP,source,AdventurerAI.ReapEmotion,176
6,27,DP,source,AdventurerAI.TakeDamage,15636
6,27,Material,source,AdventurerAI.TakeDamage,111
6,27,DP,sink,CommandSystem.TryUse,-2700
6,27,Fame,source,AdventurerAI.GrantReturnReward,70
6,27,Fame,source,LureEconomy.OnHeroEscaped,175
6,27,DP,source,AdventurerAI.GrantReturnReward,393
6,27,DP,stock,end,13528
6,27,Material,stock,end,1351
6,27,Fame,stock,end,5210
7,1,DP,sink,DungeonFeatureManager.TryPlaceTrap,-150
7,1,DP,source,AdventurerAI.ReapEmotion,146
7,1,DP,source,AdventurerAI.TakeDamage,108
7,1,Material,source,AdventurerAI.TakeDamage,4
7,1,DP,source,AdventurerAI.GrantReturnReward,599
7,1,Fame,source,AdventurerAI.GrantReturnReward,30
7,1,Fame,source,LureEconomy.OnHeroEscaped,75
7,1,DP,sink,CommandSystem.TryUse,-650
7,1,DP,stock,end,253
7,1,Material,stock,end,4
7,1,Fame,stock,end,105
7,2,DP,source,SurfaceMap.CollectYields,18
7,2,Material,source,SurfaceMap.CollectYields,1
7,2,Fame,source,SurfaceMap.CollectYields,4
7,2,DP,source,EraSystem.TickTurn,600
7,2,Fame,source,EraSystem.TickTurn,25
7,2,DP,sink,DungeonFeatureManager.TryPlaceTrap,-750
7,2,DP,source,AdventurerAI.ReapEmotion,229
7,2,DP,sink,CommandSystem.TryUse,-650
7,2,DP,source,AdventurerAI.TakeDamage,147
7,2,Material,source,AdventurerAI.TakeDamage,4
7,2,DP,source,AdventurerAI.GrantReturnReward,792
7,2,Fame,source,AdventurerAI.GrantReturnReward,30
7,2,Fame,source,LureEconomy.OnHeroEscaped,75
7,2,DP,stock,end,639
7,2,Material,stock,end,9
7,2,Fame,stock,end,239
7,3,DP,source,SurfaceMap.CollectYields,18
7,3,Material,source,SurfaceMap.CollectYields,1
7,3,Fame,source,SurfaceMap.CollectYields,4
7,3,DP,source,EraSystem.TickTurn,600
7,3,Fame,source,EraSystem.TickTurn,25
7,3,DP,sink,MinionRoster.TrySummon,-813
7,3,DP,sink,DungeonFeatureManager.TryPlaceFeature,-250
7,3,DP,sink,DungeonFeatureManager.TryPlaceHabitat,-180
7,3,DP,source,AdventurerAI.ReapEmotion,240
7,3,DP,source,AdventurerAI.TakeDamage,280
7,3,Material,source,AdventurerAI.TakeDamage,15
7,3,DP,sink,CommandSystem.TryUse,-300
7,3,Fame,source,AdventurerAI.GrantReturnReward,20
7,3,Fame,source,LureEconomy.OnHeroEscaped,50
7,3,DP,source,AdventurerAI.GrantReturnReward,208
7,3,DP,source,Nemesis.OnSlain,470
7,3,Material,source,Nemesis.OnSlain,5
7,3,DP,stock,end,912
7,3,Material,stock,end,30
7,3,Fame,stock,end,338
7,4,DP,source,SurfaceMap.CollectYields,18
7,4,Material,source,SurfaceMap.CollectYields,1
7,4,Fame,source,SurfaceMap.CollectYields,4
7,4,DP,source,EraSystem.TickTurn,300
7,4,DP,sink,MinionRoster.TrySummon,-1211
7,4,DP,source,AdventurerAI.ReapEmotion,82
7,4,DP,source,AdventurerAI.TakeDamage,539
7,4,Material,source,AdventurerAI.TakeDamage,23
7,4,DP,sink,CommandSystem.TryUse,-950
7,4,DP,source,Nemesis.OnSlain,486
7,4,Material,source,Nemesis.OnSlain,5
7,4,DP,stock,end,176
7,4,Material,stock,end,59
7,4,Fame,stock,end,342
7,5,DP,source,SurfaceMap.CollectYields,18
7,5,Material,source,SurfaceMap.CollectYields,1
7,5,Fame,source,SurfaceMap.CollectYields,4
7,5,DP,source,EraSystem.TickTurn,600
7,5,DP,sink,DungeonFeatureManager.TryPlaceFeature,-250
7,5,DP,sink,DungeonFeatureManager.TryPlaceHabitat,-360
7,5,DP,sink,MinionRoster.TrySummon,-180
7,5,DP,source,AdventurerAI.ReapEmotion,252
7,5,Fame,source,AdventurerAI.GrantReturnReward,20
7,5,Fame,source,LureEconomy.OnHeroEscaped,50
7,5,DP,source,AdventurerAI.TakeDamage,767
7,5,Material,source,AdventurerAI.TakeDamage,42
7,5,DP,sink,CommandSystem.TryUse,-1300
7,5,DP,source,AdventurerAI.GrantReturnReward,106
7,5,DP,source,Nemesis.OnSlain,1004
7,5,Material,source,Nemesis.OnSlain,10
7,5,DP,stock,end,833
7,5,Material,stock,end,112
7,5,Fame,stock,end,416
7,6,DP,source,SurfaceMap.CollectYields,39
7,6,Material,source,SurfaceMap.CollectYields,2
7,6,Fame,source,SurfaceMap.CollectYields,9
7,6,DP,source,EraSystem.TickTurn,600
7,6,Material,source,EraSystem.TickTurn,10
7,6,DP,sink,MinionRoster.TrySummon,-1460
7,6,DP,source,AdventurerAI.ReapEmotion,257
7,6,DP,source,AdventurerAI.TakeDamage,749
7,6,Material,source,AdventurerAI.TakeDamage,36
7,6,DP,sink,CommandSystem.TryUse,-1450
7,6,DP,source,Nemesis.OnSlain,1070
7,6,Material,source,Nemesis.OnSlain,10
7,6,DP,stock,end,638
7,6,Material,stock,end,170
7,6,Fame,stock,end,425
7,7,DP,source,SurfaceMap.CollectYields,39
7,7,Material,source,SurfaceMap.CollectYields,2
7,7,Fame,source,SurfaceMap.CollectYields,9
7,7,DP,source,EraSystem.TickTurn,1020
7,7,DP,sink,MinionRoster.TrySummon,-1694
7,7,DP,source,AdventurerAI.ReapEmotion,127
7,7,Fame,source,AdventurerAI.GrantReturnReward,10
7,7,Fame,source,LureEconomy.OnHeroEscaped,25
7,7,DP,source,AdventurerAI.TakeDamage,626
7,7,Material,source,AdventurerAI.TakeDamage,27
7,7,DP,sink,CommandSystem.TryUse,-300
7,7,DP,source,Nemesis.OnSlain,1102
7,7,Material,source,Nemesis.OnSlain,10
7,7,DP,stock,end,1558
7,7,Material,stock,end,209
7,7,Fame,stock,end,469
7,8,DP,source,SurfaceMap.CollectYields,39
7,8,Material,source,SurfaceMap.CollectYields,2
7,8,Fame,source,SurfaceMap.CollectYields,9
7,8,DP,source,EraSystem.TickTurn,300
7,8,DP,sink,MinionRoster.TrySummon,-1885
7,8,DP,source,AdventurerAI.TakeDamage,824
7,8,Material,source,AdventurerAI.TakeDamage,28
7,8,DP,source,AdventurerAI.ReapEmotion,219
7,8,DP,sink,CommandSystem.TryUse,-1450
7,8,DP,source,Nemesis.OnSlain,567
7,8,Material,source,Nemesis.OnSlain,5
7,8,DP,stock,end,172
7,8,Material,stock,end,244
7,8,Fame,stock,end,478
7,9,DP,source,SurfaceMap.CollectYields,45
7,9,Material,source,SurfaceMap.CollectYields,2
7,9,Fame,source,SurfaceMap.CollectYields,11
7,9,DP,source,EraSystem.TickTurn,300
7,9,Fame,source,EraSystem.TickTurn,25
7,9,DP,sink,MinionRoster.TrySummon,-493
7,9,Fame,source,AdventurerAI.GrantReturnReward,70
7,9,Fame,source,LureEconomy.OnHeroEscaped,175
7,9,DP,source,AdventurerAI.ReapEmotion,206
7,9,DP,source,AdventurerAI.TakeDamage,192
7,9,Material,source,AdventurerAI.TakeDamage,6
7,9,DP,sink,CommandSystem.TryUse,-650
7,9,DP,source,AdventurerAI.GrantReturnReward,434
7,9,DP,stock,end,206
7,9,Material,stock,end,252
7,9,Fame,stock,end,759
7,10,DP,source,SurfaceMap.CollectYields,79
7,10,Material,source,SurfaceMap.CollectYields,3
7,10,Fame,source,SurfaceMap.CollectYields,17
7,10,DP,sink,MinionRoster.TrySummon,-257
7,10,DP,source,AdventurerAI.TakeDamage,997
7,10,Material,source,AdventurerAI.TakeDamage,27
7,10,DP,sink,CommandSystem.TryUse,-950
7,10,DP,source,AdventurerAI.ReapEmotion,117
7,10,DP,stock,end,192
7,10,Material,stock,end,282
7,10,Fame,stock,end,776
7,11,DP,source,SurfaceMap.CollectYields,79
7,11,Material,source,SurfaceMap.CollectYields,3
7,11,Fame,source,SurfaceMap.CollectYields,17
7,11,DP,source,EraSystem.TickTurn,720
7,11,DP,source,WaveRoster.ResolveTrial,900
7,11,DP,sink,MinionRoster.TrySummon,-1888
7,11,DP,source,AdventurerAI.ReapEmotion,156
7,11,DP,source,AdventurerAI.TakeDamage,1140
7,11,Material,source,AdventurerAI.TakeDamage,46
7,11,DP,sink,CommandSystem.TryUse,-1450
7,11,DP,source,Nemesis.OnSlain,1264
7,11,Material,source,Nemesis.OnSlain,10
7,11,DP,stock,end,1113
7,11,Material,stock,end,341
7,11,Fame,stock,end,793
7,12,DP,source,SurfaceMap.CollectYields,79
7,12,Material,source,SurfaceMap.CollectYields,3
7,12,Fame,source,SurfaceMap.CollectYields,17
7,12,DP,source,DistrictCatalog.Collect,84
7,12,DP,sink,MinionRoster.TrySummon,-1265
7,12,DP,source,AdventurerAI.ReapEmotion,156
7,12,DP,source,AdventurerAI.TakeDamage,1458
7,12,Material,source,AdventurerAI.TakeDamage,44
7,12,Fame,source,AdventurerAI.GrantReturnReward,50
7,12,Fame,source,LureEconomy.OnHeroEscaped,125
7,12,DP,sink,CommandSystem.TryUse,-1450
7,12,DP,source,AdventurerAI.GrantReturnReward,350
7,12,DP,source,Nemesis.OnSlain,1944
7,12,Material,source,Nemesis.OnSlain,15
7,12,DP,stock,end,2469
7,12,Material,stock,end,403
7,12,Fame,stock,end,985
7,13,DP,source,SurfaceMap.CollectYields,60
7,13,Material,source,SurfaceMap.CollectYields,3
7,13,Fame,source,SurfaceMap.CollectYields,14
7,13,DP,source,DistrictCatalog.Collect,98
7,13,DP,source,EraSystem.TickTurn,300
7,13,DP,sink,MinionRoster.TrySummon,-2904
7,13,DP,source,AdventurerAI.ReapEmotion,227
7,13,Fame,source,AdventurerAI.GrantReturnReward,30
7,13,Fame,source,LureEconomy.OnHeroEscaped,75
7,13,DP,source,AdventurerAI.TakeDamage,841
7,13,Material,source,AdventurerAI.TakeDamage,23
7,13,DP,sink,CommandSystem.TryUse,-1800
7,13,DP,source,AdventurerAI.GrantReturnReward,776
7,13,DP,source,Nemesis.OnSlain,680
7,13,Material,source,Nemesis.OnSlain,5
7,13,DP,stock,end,747
7,13,Material,stock,end,434
7,13,Fame,stock,end,1104
7,14,DP,source,SurfaceMap.CollectYields,60
7,14,Material,source,SurfaceMap.CollectYields,3
7,14,Fame,source,SurfaceMap.CollectYields,14
7,14,DP,source,DistrictCatalog.Collect,98
7,14,DP,sink,MinionRoster.TrySummon,-892
7,14,DP,source,AdventurerAI.ReapEmotion,160
7,14,DP,source,AdventurerAI.TakeDamage,2098
7,14,Material,source,AdventurerAI.TakeDamage,54
7,14,DP,sink,CommandSystem.TryUse,-1800
7,14,DP,source,AdventurerAI.GrantReturnReward,464
7,14,Fame,source,AdventurerAI.GrantReturnReward,20
7,14,Fame,source,LureEconomy.OnHeroEscaped,50
7,14,DP,source,Nemesis.OnSlain,2091
7,14,Material,source,Nemesis.OnSlain,15
7,14,DP,stock,end,3026
7,14,Material,stock,end,506
7,14,Fame,stock,end,1188
7,15,DP,source,SurfaceMap.CollectYields,60
7,15,Material,source,SurfaceMap.CollectYields,3
7,15,Fame,source,SurfaceMap.CollectYields,14
7,15,DP,source,DistrictCatalog.Collect,98
7,15,DP,sink,MinionRoster.TrySummon,-3184
7,15,DP,source,AdventurerAI.ReapEmotion,219
7,15,DP,source,AdventurerAI.TakeDamage,1359
7,15,Material,source,AdventurerAI.TakeDamage,43
7,15,DP,sink,CommandSystem.TryUse,-1450
7,15,DP,source,AdventurerAI.GrantReturnReward,406
7,15,Fame,source,AdventurerAI.GrantReturnReward,30
7,15,Fame,source,LureEconomy.OnHeroEscaped,75
7,15,DP,source,Nemesis.OnSlain,1426
7,15,Material,source,Nemesis.OnSlain,10
7,15,DP,stock,end,1960
7,15,Material,stock,end,562
7,15,Fame,stock,end,1307
7,16,DP,source,SurfaceMap.CollectYields,60
7,16,Material,source,SurfaceMap.CollectYields,3
7,16,Fame,source,SurfaceMap.CollectYields,14
7,16,DP,source,DistrictCatalog.Collect,98
7,16,DP,source,WaveRoster.ResolveTrial,900
7,16,DP,sink,MinionRoster.TrySummon,-3014
7,16,DP,source,AdventurerAI.ReapEmotion,236
7,16,DP,source,AdventurerAI.TakeDamage,1283
7,16,Material,source,AdventurerAI.TakeDamage,42
7,16,DP,sink,CommandSystem.TryUse,-2300
7,16,DP,source,AdventurerAI.GrantReturnReward,634
7,16,Fame,source,AdventurerAI.GrantReturnReward,20
7,16,Fame,source,LureEconomy.OnHeroEscaped,50
7,16,DP,source,Nemesis.OnSlain,1458
7,16,Material,source,Nemesis.OnSlain,10
7,16,DP,stock,end,1315
7,16,Material,stock,end,617
7,16,Fame,stock,end,1391
7,17,DP,source,SurfaceMap.CollectYields,81
7,17,Material,source,SurfaceMap.CollectYields,4
7,17,Fame,source,SurfaceMap.CollectYields,19
7,17,DP,source,DistrictCatalog.Collect,98
7,17,DP,source,EraSystem.TickTurn,720
7,17,DP,sink,MinionRoster.TrySummon,-2180
7,17,DP,source,AdventurerAI.ReapEmotion,158
7,17,DP,source,AdventurerAI.TakeDamage,3022
7,17,Material,source,AdventurerAI.TakeDamage,86
7,17,DP,sink,CommandSystem.TryUse,-1450
7,17,Fame,source,AdventurerAI.GrantReturnReward,10
7,17,Fame,source,LureEconomy.OnHeroEscaped,25
7,17,DP,source,Nemesis.OnSlain,2235
7,17,Material,source,Nemesis.OnSlain,15
7,17,DP,stock,end,3999
7,17,Material,stock,end,722
7,17,Fame,stock,end,1445
7,18,DP,source,SurfaceMap.CollectYields,102
7,18,Material,source,SurfaceMap.CollectYields,5
7,18,Fame,source,SurfaceMap.CollectYields,24
7,18,DP,source,DistrictCatalog.Collect,98
7,18,DP,source,EraSystem.TickTurn,300
7,18,DP,sink,MinionRoster.TrySummon,-4496
7,18,DP,source,AdventurerAI.ReapEmotion,282
7,18,DP,source,AdventurerAI.TakeDamage,1492
7,18,Material,source,AdventurerAI.TakeDamage,44
7,18,DP,sink,CommandSystem.TryUse,-1450
7,18,Fame,source,AdventurerAI.GrantReturnReward,20
7,18,Fame,source,LureEconomy.OnHeroEscaped,50
7,18,DP,source,AdventurerAI.GrantReturnReward,76
7,18,DP,source,Nemesis.OnSlain,1522
7,18,Material,source,Nemesis.OnSlain,10
7,18,DP,stock,end,1925
7,18,Material,stock,end,781
7,18,Fame,stock,end,1539
7,19,DP,source,SurfaceMap.CollectYields,102
7,19,Material,source,SurfaceMap.CollectYields,5
7,19,Fame,source,SurfaceMap.CollectYields,24
7,19,DP,source,DistrictCatalog.Collect,126
7,19,DP,source,EraSystem.TickTurn,300
7,19,DP,sink,MinionRoster.TrySummon,-2434
7,19,DP,source,AdventurerAI.ReapEmotion,274
7,19,DP,source,AdventurerAI.TakeDamage,1581
7,19,Material,source,AdventurerAI.TakeDamage,44
7,19,DP,sink,CommandSystem.TryUse,-1800
7,19,Fame,source,AdventurerAI.GrantReturnReward,30
7,19,Fame,source,LureEconomy.OnHeroEscaped,75
7,19,DP,source,AdventurerAI.GrantReturnReward,230
7,19,DP,source,Nemesis.OnSlain,1556
7,19,Material,source,Nemesis.OnSlain,10
7,19,DP,stock,end,1860
7,19,Material,stock,end,840
7,19,Fame,stock,end,1668
7,20,DP,source,SurfaceMap.CollectYields,135
7,20,Material,source,SurfaceMap.CollectYields,5
7,20,Fame,source,SurfaceMap.CollectYields,29
7,20,DP,source,DistrictCatalog.Collect,126
7,20,DP,sink,MinionRoster.TrySummon,-2109
7,20,DP,source,AdventurerAI.ReapEmotion,173
7,20,DP,source,AdventurerAI.TakeDamage,1895
7,20,Material,source,AdventurerAI.TakeDamage,61
7,20,DP,sink,CommandSystem.TryUse,-1450
7,20,DP,source,AdventurerAI.GrantReturnReward,224
7,20,Fame,source,AdventurerAI.GrantReturnReward,10
7,20,Fame,source,LureEconomy.OnHeroEscaped,25
7,20,DP,source,Nemesis.OnSlain,2414
7,20,Material,source,Nemesis.OnSlain,15
7,20,DP,stock,end,3268
7,20,Material,stock,end,921
7,20,Fame,stock,end,1732
7,21,DP,source,SurfaceMap.CollectYields,135
7,21,Material,source,SurfaceMap.CollectYields,5
7,21,Fame,source,SurfaceMap.CollectYields,29
7,21,DP,source,DistrictCatalog.Collect,126
7,21,DP,source,WaveRoster.ResolveTrial,900
7,21,DP,sink,MinionRoster.TrySummon,-4418
7,21,DP,source,AdventurerAI.ReapEmotion,181
7,21,DP,source,AdventurerAI.TakeDamage,1280
7,21,Material,source,AdventurerAI.TakeDamage,38
7,21,DP,sink,CommandSystem.TryUse,-1450
7,21,DP,source,AdventurerAI.GrantReturnReward,827
7,21,Fame,source,AdventurerAI.GrantReturnReward,70
7,21,Fame,source,LureEconomy.OnHeroEscaped,175
7,21,DP,source,Nemesis.OnSlain,1620
7,21,Material,source,Nemesis.OnSlain,10
7,21,DP,stock,end,2469
7,21,Material,stock,end,974
7,21,Fame,stock,end,2006
7,22,DP,source,SurfaceMap.CollectYields,162
7,22,Material,source,SurfaceMap.CollectYields,6
7,22,Fame,source,SurfaceMap.CollectYields,35
7,22,DP,source,DistrictCatalog.Collect,126
7,22,DP,sink,MinionRoster.TrySummon,-2729
7,22,DP,source,AdventurerAI.ReapEmotion,182
7,22,Fame,source,AdventurerAI.GrantReturnReward,60
7,22,Fame,source,LureEconomy.OnHeroEscaped,150
7,22,DP,source,AdventurerAI.TakeDamage,1817
7,22,Material,source,AdventurerAI.TakeDamage,42
7,22,DP,sink,CommandSystem.TryUse,-1450
7,22,DP,source,Nemesis.OnSlain,1684
7,22,Material,source,Nemesis.OnSlain,10
7,22,DP,stock,end,2261
7,22,Material,stock,end,1032
7,22,Fame,stock,end,2251
7,23,DP,source,SurfaceMap.CollectYields,162
7,23,Material,source,SurfaceMap.CollectYields,6
7,23,Fame,source,SurfaceMap.CollectYields,35
7,23,DP,source,DistrictCatalog.Collect,112
7,23,DP,sink,MinionRoster.TrySummon,-2507
7,23,DP,source,AdventurerAI.ReapEmotion,187
7,23,DP,source,AdventurerAI.TakeDamage,2039
7,23,Material,source,AdventurerAI.TakeDamage,41
7,23,DP,sink,CommandSystem.TryUse,-2250
7,23,DP,source,AdventurerAI.GrantReturnReward,706
7,23,Fame,source,AdventurerAI.GrantReturnReward,80
7,23,Fame,source,LureEconomy.OnHeroEscaped,200
7,23,DP,source,Nemesis.OnSlain,2001
7,23,Material,source,Nemesis.OnSlain,14
7,23,DP,stock,end,2711
7,23,Material,stock,end,1093
7,23,Fame,stock,end,2566
7,24,DP,source,SurfaceMap.CollectYields,125
7,24,Material,source,SurfaceMap.CollectYields,7
7,24,Fame,source,SurfaceMap.CollectYields,29
7,24,DP,source,DistrictCatalog.Collect,112
7,24,DP,sink,MinionRoster.TrySummon,-2933
7,24,DP,source,AdventurerAI.ReapEmotion,300
7,24,DP,sink,CommandSystem.TryUse,-2250
7,24,DP,source,AdventurerAI.TakeDamage,3430
7,24,Material,source,AdventurerAI.TakeDamage,60
7,24,DP,source,AdventurerAI.GrantReturnReward,171
7,24,Fame,source,AdventurerAI.GrantReturnReward,50
7,24,Fame,source,LureEconomy.OnHeroEscaped,125
7,24,DP,source,Nemesis.OnSlain,2625
7,24,Material,source,Nemesis.OnSlain,18
7,24,DP,stock,end,4291
7,24,Material,stock,end,1178
7,24,Fame,stock,end,2770
7,25,DP,source,SurfaceMap.CollectYields,125
7,25,Material,source,SurfaceMap.CollectYields,7
7,25,Fame,source,SurfaceMap.CollectYields,29
7,25,DP,source,DistrictCatalog.Collect,28
7,25,DP,source,EraSystem.TickTurn,3840
7,25,DP,sink,MinionRoster.TrySummon,-8269
7,25,DP,source,AdventurerAI.TakeDamage,7042
7,25,Material,source,AdventurerAI.TakeDamage,113
7,25,DP,sink,CommandSystem.TryUse,-1900
7,25,DP,source,AdventurerAI.ReapEmotion,180
7,25,DP,source,AdventurerAI.GrantReturnReward,208
7,25,Fame,source,AdventurerAI.GrantReturnReward,40
7,25,Fame,source,LureEconomy.OnHeroEscaped,100
7,25,DP,source,Nemesis.OnSlain,2986
7,25,Material,source,Nemesis.OnSlain,20
7,25,DP,stock,end,8531
7,25,Material,stock,end,1318
7,25,Fame,stock,end,2939
7,26,DP,source,SurfaceMap.CollectYields,125
7,26,Material,source,SurfaceMap.CollectYields,7
7,26,Fame,source,SurfaceMap.CollectYields,29
7,26,DP,source,DistrictCatalog.Collect,28
7,26,DP,source,EraSystem.TickTurn,6528
7,26,DP,source,WaveRoster.ResolveTrial,2400
7,26,DP,sink,MinionRoster.TrySummon,-17601
7,26,DP,source,AdventurerAI.ReapEmotion,216
7,26,DP,source,AdventurerAI.TakeDamage,4758
7,26,Material,source,AdventurerAI.TakeDamage,100
7,26,DP,sink,CommandSystem.TryUse,-2250
7,26,DP,source,AdventurerAI.GrantReturnReward,398
7,26,Fame,source,AdventurerAI.GrantReturnReward,60
7,26,Fame,source,LureEconomy.OnHeroEscaped,150
7,26,DP,source,Nemesis.OnSlain,2737
7,26,Material,source,Nemesis.OnSlain,18
7,26,DP,stock,end,5870
7,26,Material,stock,end,1443
7,26,Fame,stock,end,3178
7,27,DP,source,SurfaceMap.CollectYields,146
7,27,Material,source,SurfaceMap.CollectYields,8
7,27,Fame,source,SurfaceMap.CollectYields,34
7,27,DP,source,DistrictCatalog.Collect,28
7,27,DP,source,EraSystem.TickTurn,6528
7,27,DP,sink,MinionRoster.TrySummon,-12548
7,27,DP,source,AdventurerAI.ReapEmotion,204
7,27,DP,source,AdventurerAI.GrantReturnReward,1586
7,27,Fame,source,AdventurerAI.GrantReturnReward,120
7,27,Fame,source,LureEconomy.OnHeroEscaped,300
7,27,DP,sink,CommandSystem.TryUse,-2750
7,27,DP,source,AdventurerAI.TakeDamage,4520
7,27,Material,source,AdventurerAI.TakeDamage,80
7,27,DP,source,Nemesis.OnSlain,2769
7,27,Material,source,Nemesis.OnSlain,18
7,27,DP,stock,end,6353
7,27,Material,stock,end,1549
7,27,Fame,stock,end,3632
7,28,DP,source,SurfaceMap.CollectYields,146
7,28,Material,source,SurfaceMap.CollectYields,8
7,28,Fame,source,SurfaceMap.CollectYields,34
7,28,DP,source,DistrictCatalog.Collect,28
7,28,DP,source,EraSystem.TickTurn,3840
7,28,Material,source,EraSystem.TickTurn,37
7,28,Fame,source,EraSystem.TickTurn,80
7,28,DP,sink,MinionRoster.TrySummon,-10344
7,28,DP,source,AdventurerAI.ReapEmotion,282
7,28,DP,sink,CommandSystem.TryUse,-2900
7,28,DP,source,AdventurerAI.TakeDamage,4462
7,28,Material,source,AdventurerAI.TakeDamage,63
7,28,Fame,source,AdventurerAI.GrantReturnReward,190
7,28,Fame,source,LureEconomy.OnHeroEscaped,475
7,28,DP,source,AdventurerAI.GrantReturnReward,2844
7,28,DP,source,Nemesis.OnSlain,2884
7,28,Material,source,Nemesis.OnSlain,18
7,28,DP,stock,end,7595
7,28,Material,stock,end,1675
7,28,Fame,stock,end,4411
7,29,DP,source,SurfaceMap.CollectYields,146
7,29,Material,source,SurfaceMap.CollectYields,8
7,29,Fame,source,SurfaceMap.CollectYields,34
7,29,DP,source,DistrictCatalog.Collect,28
7,29,DP,source,EraSystem.TickTurn,6528
7,29,Fame,source,EraSystem.TickTurn,192
7,29,DP,sink,MinionRoster.TrySummon,-14250
7,29,DP,source,AdventurerAI.ReapEmotion,328
7,29,DP,sink,CommandSystem.TryUse,-3200
7,29,Fame,source,AdventurerAI.GrantReturnReward,180
7,29,Fame,source,LureEconomy.OnHeroEscaped,450
7,29,DP,source,AdventurerAI.GrantReturnReward,1921
7,29,DP,source,AdventurerAI.TakeDamage,7244
7,29,Material,source,AdventurerAI.TakeDamage,72
7,29,DP,source,Nemesis.OnSlain,2916
7,29,Material,source,Nemesis.OnSlain,18
7,29,DP,stock,end,9256
7,29,Material,stock,end,1773
7,29,Fame,stock,end,5267
7,30,DP,source,SurfaceMap.CollectYields,146
7,30,Material,source,SurfaceMap.CollectYields,8
7,30,Fame,source,SurfaceMap.CollectYields,34
7,30,DP,source,DistrictCatalog.Collect,28
7,30,DP,sink,MinionRoster.TrySummon,-9391
7,30,DP,source,AdventurerAI.TakeDamage,13408
7,30,Material,source,AdventurerAI.TakeDamage,113
7,30,DP,sink,CommandSystem.TryUse,-2250
7,30,DP,source,AdventurerAI.GrantReturnReward,185
7,30,Fame,source,AdventurerAI.GrantReturnReward,60
7,30,Fame,source,LureEconomy.OnHeroEscaped,150
7,30,DP,source,AdventurerAI.ReapEmotion,169
7,30,DP,source,Nemesis.OnSlain,3012
7,30,Material,source,Nemesis.OnSlain,18
7,30,DP,stock,end,14563
7,30,Material,stock,end,1912
7,30,Fame,stock,end,5511
7,31,DP,source,SurfaceMap.CollectYields,166
7,31,Material,source,SurfaceMap.CollectYields,9
7,31,Fame,source,SurfaceMap.CollectYields,38
7,31,DP,source,DistrictCatalog.Collect,28
7,31,DP,source,WaveRoster.ResolveTrial,2400
7,31,DP,sink,MinionRoster.TrySummon,-17126
7,31,DP,source,AdventurerAI.ReapEmotion,194
7,31,DP,source,AdventurerAI.TakeDamage,14131
7,31,Material,source,AdventurerAI.TakeDamage,113
7,31,DP,sink,CommandSystem.TryUse,-2250
7,31,Fame,source,AdventurerAI.GrantReturnReward,80
7,31,Fame,source,LureEconomy.OnHeroEscaped,200
7,31,DP,source,AdventurerAI.GrantReturnReward,527
7,31,DP,source,Nemesis.OnSlain,3063
7,31,Material,source,Nemesis.OnSlain,18
7,31,DP,stock,end,15696
7,31,Material,stock,end,2052
7,31,Fame,stock,end,5829
7,32,DP,source,SurfaceMap.CollectYields,166
7,32,Material,source,SurfaceMap.CollectYields,9
7,32,Fame,source,SurfaceMap.CollectYields,38
7,32,DP,source,DistrictCatalog.Collect,28
7,32,DP,sink,MinionRoster.TrySummon,-15835
7,32,DP,source,AdventurerAI.ReapEmotion,236
7,32,DP,source,AdventurerAI.TakeDamage,9825
7,32,Material,source,AdventurerAI.TakeDamage,54
7,32,DP,sink,CommandSystem.TryUse,-3200
7,32,Fame,source,AdventurerAI.GrantReturnReward,230
7,32,Fame,source,LureEconomy.OnHeroEscaped,575
7,32,DP,source,AdventurerAI.GrantReturnReward,4488
7,32,DP,source,Nemesis.OnSlain,3111
7,32,Material,source,Nemesis.OnSlain,18
7,32,DP,stock,end,14515
7,32,Material,stock,end,2133
7,32,Fame,stock,end,6672
7,33,DP,source,SurfaceMap.CollectYields,166
7,33,Material,source,SurfaceMap.CollectYields,9
7,33,Fame,source,SurfaceMap.CollectYields,38
7,33,DP,source,DistrictCatalog.Collect,28
7,33,DP,source,EraSystem.TickTurn,1920
7,33,DP,sink,MinionRoster.TrySummon,-16620
7,33,DP,source,AdventurerAI.ReapEmotion,315
7,33,DP,source,AdventurerAI.TakeDamage,21607
7,33,Material,source,AdventurerAI.TakeDamage,130
7,33,DP,sink,CommandSystem.TryUse,-1900
7,33,Fame,source,AdventurerAI.GrantReturnReward,40
7,33,Fame,source,LureEconomy.OnHeroEscaped,100
7,33,DP,source,AdventurerAI.GrantReturnReward,206
7,33,DP,source,Nemesis.OnSlain,3159
7,33,Material,source,Nemesis.OnSlain,18
7,33,DP,stock,end,23396
7,33,Material,stock,end,2290
7,33,Fame,stock,end,6850
8,1,DP,sink,DungeonFeatureManager.TryPlaceTrap,-150
8,1,DP,source,AdventurerAI.ReapEmotion,150
8,1,DP,source,AdventurerAI.TakeDamage,159
8,1,Material,source,AdventurerAI.TakeDamage,6
8,1,DP,sink,CommandSystem.TryUse,-650
8,1,DP,source,AdventurerAI.GrantReturnReward,392
8,1,Fame,source,AdventurerAI.GrantReturnReward,20
8,1,Fame,source,LureEconomy.OnHeroEscaped,50
8,1,DP,stock,end,101
8,1,Material,stock,end,6
8,1,Fame,stock,end,70
8,2,DP,source,SurfaceMap.CollectYields,18
8,2,Material,source,SurfaceMap.CollectYields,1
8,2,Fame,source,SurfaceMap.CollectYields,4
8,2,DP,source,EraSystem.TickTurn,600
8,2,Fame,source,EraSystem.TickTurn,25
8,2,DP,sink,DungeonFeatureManager.TryPlaceTrap,-600
8,2,DP,source,AdventurerAI.ReapEmotion,171
8,2,DP,source,AdventurerAI.TakeDamage,146
8,2,Material,source,AdventurerAI.TakeDamage,8
8,2,DP,sink,CommandSystem.TryUse,-650
8,2,DP,source,AdventurerAI.GrantReturnReward,419
8,2,Fame,source,AdventurerAI.GrantReturnReward,30
8,2,Fame,source,LureEconomy.OnHeroEscaped,75
8,2,DP,stock,end,205
8,2,Material,stock,end,15
8,2,Fame,stock,end,204
8,3,DP,source,SurfaceMap.CollectYields,18
8,3,Material,source,SurfaceMap.CollectYields,1
8,3,Fame,source,SurfaceMap.CollectYields,4
8,3,DP,source,EraSystem.TickTurn,600
8,3,Fame,source,EraSystem.TickTurn,25
8,3,DP,sink,DungeonFeatureManager.TryPlaceTrap,-300
8,3,DP,sink,DungeonFeatureManager.TryPlaceFeature,-250
8,3,DP,sink,DungeonFeatureManager.TryPlaceHabitat,-180
8,3,DP,sink,MinionRoster.TrySummon,-84
8,3,DP,source,AdventurerAI.TakeDamage,326
8,3,Material,source,AdventurerAI.TakeDamage,19
8,3,DP,source,AdventurerAI.ReapEmotion,182
8,3,DP,sink,CommandSystem.TryUse,-300
8,3,DP,source,AdventurerAI.GrantReturnReward,217
8,3,Fame,source,AdventurerAI.GrantReturnReward,10
8,3,Fame,source,LureEconomy.OnHeroEscaped,25
8,3,DP,source,Nemesis.OnSlain,454
8,3,Material,source,Nemesis.OnSlain,5
8,3,DP,stock,end,888
8,3,Material,stock,end,40
8,3,Fame,stock,end,268
8,4,DP,source,SurfaceMap.CollectYields,18
8,4,Material,source,SurfaceMap.CollectYields,1
8,4,Fame,source,SurfaceMap.CollectYields,4
8,4,DP,source,EraSystem.TickTurn,600
8,4,Material,source,EraSystem.TickTurn,10
8,4,DP,sink,MinionRoster.TrySummon,-959
8,4,DP,sink,DungeonFeatureManager.TryPlaceFeature,-250
8,4,DP,sink,DungeonFeatureManager.TryPlaceHabitat,-280
8,4,DP,source,AdventurerAI.ReapEmotion,189
8,4,DP,source,AdventurerAI.TakeDamage,694
8,4,Material,source,AdventurerAI.TakeDamage,25
8,4,DP,sink,CommandSystem.TryUse,-1800
8,4,DP,source,AdventurerAI.GrantReturnReward,268
8,4,Fame,source,AdventurerAI.GrantReturnReward,20
8,4,Fame,source,LureEconomy.OnHeroEscaped,50
8,4,DP,source,Nemesis.OnSlain,972
8,4,Material,source,Nemesis.OnSlain,10
8,4,DP,stock,end,340
8,4,Material,stock,end,86
8,4,Fame,stock,end,342
8,5,DP,source,SurfaceMap.CollectYields,18
8,5,Material,source,SurfaceMap.CollectYields,1
8,5,Fame,source,SurfaceMap.CollectYields,4
8,5,DP,source,EraSystem.TickTurn,600
8,5,DP,sink,MinionRoster.TrySummon,-954
8,5,DP,source,AdventurerAI.ReapEmotion,193
8,5,DP,source,AdventurerAI.TakeDamage,520
8,5,Material,source,AdventurerAI.TakeDamage,14
8,5,DP,sink,CommandSystem.TryUse,-950
8,5,DP,source,AdventurerAI.GrantReturnReward,237
8,5,Fame,source,AdventurerAI.GrantReturnReward,10
8,5,Fame,source,LureEconomy.OnHeroEscaped,25
8,5,DP,source,Nemesis.OnSlain,502
8,5,Material,source,Nemesis.OnSlain,5
8,5,DP,stock,end,506
8,5,Material,stock,end,106
8,5,Fame,stock,end,381
8,6,DP,source,SurfaceMap.CollectYields,39
8,6,Material,source,SurfaceMap.CollectYields,2
8,6,Fame,source,SurfaceMap.CollectYields,9
8,6,DP,source,EraSystem.TickTurn,600
8,6,DP,sink,MinionRoster.TrySummon,-1127
8,6,DP,source,AdventurerAI.TakeDamage,724
8,6,Material,source,AdventurerAI.TakeDamage,25
8,6,DP,source,AdventurerAI.ReapEmotion,206
8,6,DP,sink,CommandSystem.TryUse,-650
8,6,DP,source,Nemesis.OnSlain,518
8,6,Material,source,Nemesis.OnSlain,5
8,6,DP,stock,end,816
8,6,Material,stock,end,138
8,6,Fame,stock,end,390
8,7,DP,source,SurfaceMap.CollectYields,39
8,7,Material,source,SurfaceMap.CollectYields,2
8,7,Fame,source,SurfaceMap.CollectYields,9
8,7,DP,source,EraSystem.TickTurn,1020
8,7,DP,sink,MinionRoster.TrySummon,-1857
8,7,DP,source,AdventurerAI.ReapEmotion,210
8,7,Fame,source,AdventurerAI.GrantReturnReward,10
8,7,Fame,source,LureEconomy.OnHeroEscaped,25
8,7,DP,source,AdventurerAI.TakeDamage,597
8,7,Material,source,AdventurerAI.TakeDamage,20
8,7,DP,sink,CommandSystem.TryUse,-600
8,7,DP,stock,end,225
8,7,Material,stock,end,160
8,7,Fame,stock,end,434
8,8,DP,source,SurfaceMap.CollectYields,39
8,8,Material,source,SurfaceMap.CollectYields,2
8,8,Fame,source,SurfaceMap.CollectYields,9
8,8,DP,sink,MinionRoster.TrySummon,-257
8,8,DP,source,AdventurerAI.ReapEmotion,193
8,8,DP,source,AdventurerAI.TakeDamage,834
8,8,Material,source,AdventurerAI.TakeDamage,42
8,8,DP,sink,CommandSystem.TryUse,-600
8,8,DP,stock,end,434
8,8,Material,stock,end,204
8,8,Fame,stock,end,443
8,9,DP,source,SurfaceMap.CollectYields,45
8,9,Material,source,SurfaceMap.CollectYields,2
8,9,Fame,source,SurfaceMap.CollectYields,11
8,9,DP,source,EraSystem.TickTurn,300
8,9,Fame,source,EraSystem.TickTurn,25
8,9,DP,sink,MinionRoster.TrySummon,-762
8,9,DP,source,AdventurerAI.ReapEmotion,210
8,9,DP,source,AdventurerAI.TakeDamage,843
8,9,Material,source,AdventurerAI.TakeDamage,42
8,9,DP,sink,CommandSystem.TryUse,-950
8,9,DP,source,Nemesis.OnSlain,583
8,9,Material,source,Nemesis.OnSlain,5
8,9,DP,stock,end,703
8,9,Material,stock,end,253
8,9,Fame,stock,end,479
8,10,DP,source,SurfaceMap.CollectYields,78
8,10,Material,source,SurfaceMap.CollectYields,3
8,10,Fame,source,SurfaceMap.CollectYields,16
8,10,DP,source,EraSystem.TickTurn,1020
8,10,DP,sink,MinionRoster.TrySummon,-1789
8,10,DP,source,AdventurerAI.ReapEmotion,87
8,10,DP,source,AdventurerAI.TakeDamage,1007
8,10,Material,source,AdventurerAI.TakeDamage,33
8,10,DP,sink,CommandSystem.TryUse,-950
8,10,DP,source,AdventurerAI.GrantReturnReward,263
8,10,Fame,source,AdventurerAI.GrantReturnReward,10
8,10,Fame,source,LureEconomy.OnHeroEscaped,25
8,10,DP,stock,end,419
8,10,Material,stock,end,289
8,10,Fame,stock,end,530
8,11,DP,source,SurfaceMap.CollectYields,24
8,11,Material,source,SurfaceMap.CollectYields,1
8,11,Fame,source,SurfaceMap.CollectYields,5
8,11,DP,source,WaveRoster.ResolveTrial,900
8,11,DP,sink,MinionRoster.TrySummon,-1318
8,11,DP,source,AdventurerAI.ReapEmotion,210
8,11,DP,source,AdventurerAI.TakeDamage,914
8,11,Material,source,AdventurerAI.TakeDamage,36
8,11,DP,sink,CommandSystem.TryUse,-950
8,11,DP,source,AdventurerAI.GrantReturnReward,242
8,11,Fame,source,AdventurerAI.GrantReturnReward,10
8,11,Fame,source,LureEconomy.OnHeroEscaped,25
8,11,DP,stock,end,441
8,11,Material,stock,end,326
8,11,Fame,stock,end,570
8,12,DP,source,SurfaceMap.CollectYields,24
8,12,Material,source,SurfaceMap.CollectYields,1
8,12,Fame,source,SurfaceMap.CollectYields,5
8,12,DP,source,DistrictCatalog.Collect,98
8,12,DP,sink,MinionRoster.TrySummon,-537
8,12,DP,source,AdventurerAI.ReapEmotion,64
8,12,DP,source,AdventurerAI.TakeDamage,642
8,12,Material,source,AdventurerAI.TakeDamage,27
8,12,DP,sink,CommandSystem.TryUse,-950
8,12,DP,source,Nemesis.OnSlain,632
8,12,Material,source,Nemesis.OnSlain,5
8,12,DP,stock,end,414
8,12,Material,stock,end,359
8,12,Fame,stock,end,575
8,13,DP,source,SurfaceMap.CollectYields,18
8,13,Material,source,SurfaceMap.CollectYields,1
8,13,Fame,source,SurfaceMap.CollectYields,4
8,13,DP,source,DistrictCatalog.Collect,112
8,13,DP,sink,MinionRoster.TrySummon,-536
8,13,DP,source,AdventurerAI.ReapEmotion,249
8,13,DP,source,AdventurerAI.TakeDamage,959
8,13,Material,source,AdventurerAI.TakeDamage,36
8,13,DP,sink,CommandSystem.TryUse,-950
8,13,Fame,source,AdventurerAI.GrantReturnReward,10
8,13,Fame,source,LureEconomy.OnHeroEscaped,25
8,13,DP,source,Nemesis.OnSlain,648
8,13,Material,source,Nemesis.OnSlain,5
8,13,DP,stock,end,914
8,13,Material,stock,end,401
8,13,Fame,stock,end,614
8,14,DP,source,SurfaceMap.CollectYields,80
8,14,Material,source,SurfaceMap.CollectYields,4
8,14,Fame,source,SurfaceMap.CollectYields,18
8,14,DP,source,DistrictCatalog.Collect,112
8,14,DP,sink,MinionRoster.TrySummon,-1089
8,14,DP,source,IncidentSystem.Apply,600
8,14,DP,sink,CommandSystem.TryUse,-2300
8,14,DP,source,AdventurerAI.ReapEmotion,150
8,14,DP,source,AdventurerAI.TakeDamage,1865
8,14,Material,source,AdventurerAI.TakeDamage,65
8,14,Fame,source,AdventurerAI.GrantReturnReward,10
8,14,Fame,source,LureEconomy.OnHeroEscaped,25
8,14,DP,stock,end,332
8,14,Material,stock,end,470
8,14,Fame,stock,end,667
8,15,DP,source,SurfaceMap.CollectYields,82
8,15,Material,source,SurfaceMap.CollectYields,4
8,15,Fame,source,SurfaceMap.CollectYields,18
8,15,DP,source,DistrictCatalog.Collect,112
8,15,DP,sink,MinionRoster.TrySummon,-523
8,15,DP,source,AdventurerAI.ReapEmotion,170
8,15,DP,source,AdventurerAI.TakeDamage,1436
8,15,Material,source,AdventurerAI.TakeDamage,47
8,15,DP,sink,CommandSystem.TryUse,-1450
8,15,Fame,source,AdventurerAI.GrantReturnReward,20
8,15,Fame,source,LureEconomy.OnHeroEscaped,50
8,15,DP,stock,end,159
8,15,Material,stock,end,521
8,15,Fame,stock,end,755
8,16,DP,source,SurfaceMap.CollectYields,82
8,16,Material,source,SurfaceMap.CollectYields,4
8,16,Fame,source,SurfaceMap.CollectYields,18
8,16,DP,source,DistrictCatalog.Collect,112
8,16,DP,source,WaveRoster.ResolveTrial,900
8,16,DP,sink,MinionRoster.TrySummon,-1242
8,16,DP,source,AdventurerAI.ReapEmotion,286
8,16,DP,source,AdventurerAI.TakeDamage,1222
8,16,Material,source,AdventurerAI.TakeDamage,42
8,16,DP,sink,CommandSystem.TryUse,-1800
8,16,Fame,source,AdventurerAI.GrantReturnReward,20
8,16,Fame,source,LureEconomy.OnHeroEscaped,50
8,16,DP,source,AdventurerAI.GrantReturnReward,126
8,16,DP,source,Nemesis.OnSlain,697
8,16,Material,source,Nemesis.OnSlain,5
8,16,DP,stock,end,542
8,16,Material,stock,end,572
8,16,Fame,stock,end,843
8,17,DP,source,SurfaceMap.CollectYields,82
8,17,Material,source,SurfaceMap.CollectYields,4
8,17,Fame,source,SurfaceMap.CollectYields,18
8,17,DP,source,DistrictCatalog.Collect,126
8,17,DP,source,EraSystem.TickTurn,720
8,17,DP,sink,MinionRoster.TrySummon,-1456
8,17,DP,source,AdventurerAI.ReapEmotion,257
8,17,DP,source,AdventurerAI.TakeDamage,1406
8,17,Material,source,AdventurerAI.TakeDamage,47
8,17,DP,sink,CommandSystem.TryUse,-1800
8,17,Fame,source,AdventurerAI.GrantReturnReward,20
8,17,Fame,source,LureEconomy.OnHeroEscaped,50
8,17,DP,source,Nemesis.OnSlain,1692
8,17,Material,source,Nemesis.OnSlain,12
8,17,DP,stock,end,1569
8,17,Material,stock,end,635
8,17,Fame,stock,end,931
8,18,DP,source,SurfaceMap.CollectYields,103
8,18,Material,source,SurfaceMap.CollectYields,5
8,18,Fame,source,SurfaceMap.CollectYields,23
8,18,DP,source,DistrictCatalog.Collect,126
8,18,DP,sink,MinionRoster.TrySummon,-1768
8,18,DP,source,AdventurerAI.ReapEmotion,393
8,18,DP,source,AdventurerAI.TakeDamage,1684
8,18,Material,source,AdventurerAI.TakeDamage,56
8,18,DP,sink,CommandSystem.TryUse,-1800
8,18,DP,source,Nemesis.OnSlain,1458
8,18,Material,source,Nemesis.OnSlain,10
8,18,DP,stock,end,1765
8,18,Material,stock,end,706
8,18,Fame,stock,end,954
8,19,DP,source,SurfaceMap.CollectYields,103
8,19,Material,source,SurfaceMap.CollectYields,5
8,19,Fame,source,SurfaceMap.CollectYields,23
8,19,DP,source,DistrictCatalog.Collect,140
8,19,DP,source,EraSystem.TickTurn,600
8,19,DP,sink,MinionRoster.TrySummon,-2579
8,19,DP,source,AdventurerAI.ReapEmotion,337
8,19,DP,sink,CommandSystem.TryUse,-1800
8,19,DP,source,AdventurerAI.GrantReturnReward,71
8,19,Fame,source,AdventurerAI.GrantReturnReward,10
8,19,Fame,source,LureEconomy.OnHeroEscaped,25
8,19,DP,source,AdventurerAI.TakeDamage,1668
8,19,Material,source,AdventurerAI.TakeDamage,44
8,19,DP,source,Nemesis.OnSlain,745
8,19,Material,source,Nemesis.OnSlain,5
8,19,DP,stock,end,1050
8,19,Material,stock,end,760
8,19,Fame,stock,end,1012
8,20,DP,source,SurfaceMap.CollectYields,138
8,20,Material,source,SurfaceMap.CollectYields,5
8,20,Fame,source,SurfaceMap.CollectYields,28
8,20,DP,source,DistrictCatalog.Collect,154
8,20,DP,sink,MinionRoster.TrySummon,-1309
8,20,DP,source,AdventurerAI.ReapEmotion,410
8,20,DP,source,AdventurerAI.TakeDamage,1649
8,20,Material,source,AdventurerAI.TakeDamage,39
8,20,DP,sink,CommandSystem.TryUse,-1450
8,20,Fame,source,AdventurerAI.GrantReturnReward,30
8,20,Fame,source,LureEconomy.OnHeroEscaped,75
8,20,DP,source,AdventurerAI.GrantReturnReward,728
8,20,DP,stock,end,1370
8,20,Material,stock,end,804
8,20,Fame,stock,end,1145
8,21,DP,source,SurfaceMap.CollectYields,166
8,21,Material,source,SurfaceMap.CollectYields,6
8,21,Fame,source,SurfaceMap.CollectYields,34
8,21,DP,source,DistrictCatalog.Collect,154
8,21,DP,source,WaveRoster.ResolveTrial,900
8,21,DP,sink,MinionRoster.TrySummon,-2577
8,21,DP,source,AdventurerAI.ReapEmotion,244
8,21,DP,source,AdventurerAI.TakeDamage,1885
8,21,Material,source,AdventurerAI.TakeDamage,61
8,21,DP,sink,CommandSystem.TryUse,-1800
8,21,DP,source,AdventurerAI.GrantReturnReward,1062
8,21,Fame,source,AdventurerAI.GrantReturnReward,30
8,21,Fame,source,LureEconomy.OnHeroEscaped,75
8,21,DP,source,Nemesis.OnSlain,2382
8,21,Material,source,Nemesis.OnSlain,15
8,21,DP,stock,end,3786
8,21,Material,stock,end,886
8,21,Fame,stock,end,1284
8,22,DP,source,SurfaceMap.CollectYields,166
8,22,Material,source,SurfaceMap.CollectYields,6
8,22,Fame,source,SurfaceMap.CollectYields,34
8,22,DP,source,DistrictCatalog.Collect,154
8,22,DP,sink,MinionRoster.TrySummon,-4083
8,22,DP,source,AdventurerAI.ReapEmotion,168
8,22,DP,source,AdventurerAI.TakeDamage,1804
8,22,Material,source,AdventurerAI.TakeDamage,63
8,22,DP,sink,CommandSystem.TryUse,-1800
8,22,DP,source,AdventurerAI.GrantReturnReward,396
8,22,Fame,source,AdventurerAI.GrantReturnReward,50
8,22,Fame,source,LureEconomy.OnHeroEscaped,125
8,22,DP,source,Nemesis.OnSlain,810
8,22,Material,source,Nemesis.OnSlain,5
8,22,DP,stock,end,1401
8,22,Material,stock,end,960
8,22,Fame,stock,end,1493
8,23,DP,source,SurfaceMap.CollectYields,136
8,23,Material,source,SurfaceMap.CollectYields,5
8,23,Fame,source,SurfaceMap.CollectYields,28
8,23,DP,source,DistrictCatalog.Collect,140
8,23,DP,sink,MinionRoster.TrySummon,-1665
8,23,DP,source,AdventurerAI.ReapEmotion,295
8,23,DP,source,AdventurerAI.TakeDamage,2519
8,23,Material,source,AdventurerAI.TakeDamage,50
8,23,DP,sink,CommandSystem.TryUse,-1800
8,23,DP,source,AdventurerAI.GrantReturnReward,592
8,23,Fame,source,AdventurerAI.GrantReturnReward,40
8,23,Fame,source,LureEconomy.OnHeroEscaped,100
8,23,DP,source,Nemesis.OnSlain,2478
8,23,Material,source,Nemesis.OnSlain,15
8,23,DP,stock,end,4096
8,23,Material,stock,end,1030
8,23,Fame,stock,end,1661
8,24,DP,source,SurfaceMap.CollectYields,62
8,24,Material,source,SurfaceMap.CollectYields,3
8,24,Fame,source,SurfaceMap.CollectYields,14
8,24,DP,source,DistrictCatalog.Collect,140
8,24,DP,sink,MinionRoster.TrySummon,-4267
8,24,DP,source,AdventurerAI.ReapEmotion,251
8,24,DP,source,AdventurerAI.TakeDamage,2312
8,24,Material,source,AdventurerAI.TakeDamage,53
8,24,DP,sink,CommandSystem.TryUse,-1800
8,24,DP,source,AdventurerAI.GrantReturnReward,1415
8,24,Fame,source,AdventurerAI.GrantReturnReward,70
8,24,Fame,source,LureEconomy.OnHeroEscaped,175
8,24,DP,source,Nemesis.OnSlain,2543
8,24,Material,source,Nemesis.OnSlain,15
8,24,DP,stock,end,4752
8,24,Material,stock,end,1101
8,24,Fame,stock,end,1920
8,25,DP,source,SurfaceMap.CollectYields,62
8,25,Material,source,SurfaceMap.CollectYields,3
8,25,Fame,source,SurfaceMap.CollectYields,14
8,25,DP,source,DistrictCatalog.Collect,28
8,25,DP,source,EraSystem.TickTurn,3840
8,25,DP,sink,MinionRoster.TrySummon,-8673
8,25,DP,source,AdventurerAI.ReapEmotion,171
8,25,DP,source,AdventurerAI.TakeDamage,2104
8,25,Material,source,AdventurerAI.TakeDamage,35
8,25,DP,sink,CommandSystem.TryUse,-2250
8,25,DP,source,AdventurerAI.GrantReturnReward,1445
8,25,Fame,source,AdventurerAI.GrantReturnReward,170
8,25,Fame,source,LureEconomy.OnHeroEscaped,425
8,25,DP,source,Nemesis.OnSlain,1750
8,25,Material,source,Nemesis.OnSlain,10
8,25,DP,stock,end,3229
8,25,Material,stock,end,1149
8,25,Fame,stock,end,2529
8,26,DP,source,SurfaceMap.CollectYields,106
8,26,Material,source,SurfaceMap.CollectYields,5
8,26,Fame,source,SurfaceMap.CollectYields,24
8,26,DP,source,DistrictCatalog.Collect,28
8,26,DP,source,EraSystem.TickTurn,6528
8,26,DP,source,WaveRoster.ResolveTrial,1800
8,26,DP,sink,MinionRoster.TrySummon,-11672
8,26,DP,source,AdventurerAI.ReapEmotion,174
8,26,DP,source,AdventurerAI.TakeDamage,1672
8,26,Material,source,AdventurerAI.TakeDamage,31
8,26,DP,sink,CommandSystem.TryUse,-2250
8,26,DP,source,AdventurerAI.GrantReturnReward,1422
8,26,Fame,source,AdventurerAI.GrantReturnReward,90
8,26,Fame,source,LureEconomy.OnHeroEscaped,225
8,26,DP,source,Nemesis.OnSlain,1814
8,26,Material,source,Nemesis.OnSlain,10
8,26,DP,stock,end,2851
8,26,Material,stock,end,1195
8,26,Fame,stock,end,2868
8,27,DP,source,SurfaceMap.CollectYields,147
8,27,Material,source,SurfaceMap.CollectYields,7
8,27,Fame,source,SurfaceMap.CollectYields,33
8,27,DP,source,DistrictCatalog.Collect,28
8,27,DP,source,EraSystem.TickTurn,6528
8,27,DP,sink,MinionRoster.TrySummon,-9510
8,27,DP,source,AdventurerAI.ReapEmotion,308
8,27,DP,sink,CommandSystem.TryUse,-2750
8,27,DP,source,AdventurerAI.TakeDamage,7660
8,27,Material,source,AdventurerAI.TakeDamage,69
8,27,Fame,source,AdventurerAI.GrantReturnReward,210
8,27,Fame,source,LureEconomy.OnHeroEscaped,525
8,27,DP,source,AdventurerAI.GrantReturnReward,907
8,27,DP,source,Nemesis.OnSlain,3070
8,27,Material,source,Nemesis.OnSlain,20
8,27,DP,stock,end,9239
8,27,Material,stock,end,1291
8,27,Fame,stock,end,3636
8,28,DP,source,SurfaceMap.CollectYields,144
8,28,Material,source,SurfaceMap.CollectYields,8
8,28,Fame,source,SurfaceMap.CollectYields,32
8,28,DP,source,DistrictCatalog.Collect,28
8,28,DP,source,EraSystem.TickTurn,3840
8,28,Material,source,EraSystem.TickTurn,37
8,28,Fame,source,EraSystem.TickTurn,80
8,28,DP,sink,MinionRoster.TrySummon,-13212
8,28,DP,source,AdventurerAI.ReapEmotion,131
8,28,DP,source,AdventurerAI.TakeDamage,5584
8,28,Material,source,AdventurerAI.TakeDamage,57
8,28,DP,sink,CommandSystem.TryUse,-2250
8,28,Fame,source,AdventurerAI.GrantReturnReward,230
8,28,Fame,source,LureEconomy.OnHeroEscaped,575
8,28,DP,source,AdventurerAI.GrantReturnReward,5472
8,28,DP,source,Nemesis.OnSlain,3177
8,28,Material,source,Nemesis.OnSlain,20
8,28,DP,stock,end,12153
8,28,Material,stock,end,1413
8,28,Fame,stock,end,4553
9,1,DP,sink,DungeonFeatureManager.TryPlaceTrap,-150
9,1,DP,source,AdventurerAI.ReapEmotion,150
9,1,DP,source,AdventurerAI.TakeDamage,167
9,1,Material,source,AdventurerAI.TakeDamage,8
9,1,DP,source,AdventurerAI.GrantReturnReward,345
9,1,Fame,source,AdventurerAI.GrantReturnReward,20
9,1,Fame,source,LureEconomy.OnHeroEscaped,50
9,1,DP,sink,CommandSystem.TryUse,-650
9,1,DP,stock,end,62
9,1,Material,stock,end,8
9,1,Fame,stock,end,70
9,2,DP,source,SurfaceMap.CollectYields,18
9,2,Material,source,SurfaceMap.CollectYields,1
9,2,Fame,source,SurfaceMap.CollectYields,4
9,2,DP,source,EraSystem.TickTurn,600
9,2,Fame,source,EraSystem.TickTurn,25
9,2,DP,sink,MinionRoster.TryForge,-236
9,2,DP,sink,MinionEvolution.TryEvolve,-75
9,2,DP,sink,DungeonFeatureManager.TryPlaceTrap,-300
9,2,DP,sink,MinionRoster.TrySummon,-56
9,2,DP,source,AdventurerAI.ReapEmotion,158
9,2,DP,source,AdventurerAI.TakeDamage,282
9,2,Material,source,AdventurerAI.TakeDamage,18
9,2,DP,sink,CommandSystem.TryUse,-650
9,2,DP,source,AdventurerAI.GrantReturnReward,262
9,2,Fame,source,AdventurerAI.GrantReturnReward,10
9,2,Fame,source,LureEconomy.OnHeroEscaped,25
9,2,DP,stock,end,65
9,2,Material,stock,end,27
9,2,Fame,stock,end,134
9,3,DP,source,SurfaceMap.CollectYields,18
9,3,Material,source,SurfaceMap.CollectYields,1
9,3,Fame,source,SurfaceMap.CollectYields,4
9,3,DP,source,EraSystem.TickTurn,600
9,3,Material,source,EraSystem.TickTurn,10
9,3,Fame,source,EraSystem.TickTurn,25
9,3,DP,sink,MinionRoster.TryForge,-236
9,3,DP,sink,DungeonFeatureManager.TryPlaceTrap,-300
9,3,DP,sink,MinionRoster.TrySummon,-137
9,3,DP,source,AdventurerAI.ReapEmotion,180
9,3,DP,source,AdventurerAI.TakeDamage,318
9,3,Material,source,AdventurerAI.TakeDamage,22
9,3,Fame,source,AdventurerAI.GrantReturnReward,10
9,3,Fame,source,LureEconomy.OnHeroEscaped,25
9,3,DP,sink,CommandSystem.TryUse,-300
9,3,DP,stock,end,208
9,3,Material,stock,end,60
9,3,Fame,stock,end,198
9,4,DP,source,SurfaceMap.CollectYields,18
9,4,Material,source,SurfaceMap.CollectYields,1
9,4,Fame,source,SurfaceMap.CollectYields,4
9,4,DP,source,EraSystem.TickTurn,600
9,4,DP,sink,MinionRoster.TryForge,-354
9,4,DP,sink,MinionEvolution.TryEvolve,-150
9,4,DP,sink,DungeonFeatureManager.TryPlaceTrap,-150
9,4,DP,sink,MinionRoster.TrySummon,-168
9,4,DP,source,IncidentSystem.Apply,600
9,4,DP,sink,CommandSystem.TryUse,-650
9,4,DP,source,AdventurerAI.ReapEmotion,120
9,4,DP,source,AdventurerAI.TakeDamage,493
9,4,Material,source,AdventurerAI.TakeDamage,24
9,4,DP,source,Nemesis.OnSlain,470
9,4,Material,source,Nemesis.OnSlain,5
9,4,DP,stock,end,1037
9,4,Material,stock,end,90
9,4,Fame,stock,end,202
9,5,DP,source,SurfaceMap.CollectYields,18
9,5,Material,source,SurfaceMap.CollectYields,1
9,5,Fame,source,SurfaceMap.CollectYields,4
9,5,DP,source,EraSystem.TickTurn,600
9,5,Material,source,EraSystem.TickTurn,10
9,5,DP,sink,MinionRoster.TryForge,-212
9,5,DP,sink,DungeonFloorManager.TryAddFloor,-800
9,5,DP,sink,MinionEvolution.TryEvolve,-175
9,5,DP,sink,MinionRoster.TryEvolveIndividual,-150
9,5,DP,sink,DungeonFeatureManager.TryPlaceTrap,-150
9,5,DP,sink,MinionRoster.TrySummon,-158
9,5,DP,source,AdventurerAI.ReapEmotion,178
9,5,DP,source,AdventurerAI.TakeDamage,669
9,5,Material,source,AdventurerAI.TakeDamage,28
9,5,DP,sink,CommandSystem.TryUse,-1800
9,5,DP,source,AdventurerAI.GrantReturnReward,564
9,5,Fame,source,AdventurerAI.GrantReturnReward,30
9,5,Fame,source,LureEconomy.OnHeroEscaped,75
9,5,DP,source,Nemesis.OnSlain,486
9,5,Material,source,Nemesis.OnSlain,5
9,5,DP,stock,end,107
9,5,Material,stock,end,134
9,5,Fame,stock,end,311
9,6,DP,source,SurfaceMap.CollectYields,39
9,6,Material,source,SurfaceMap.CollectYields,2
9,6,Fame,source,SurfaceMap.CollectYields,9
9,6,DP,source,EraSystem.TickTurn,600
9,6,DP,sink,MinionRoster.TryForge,-212
9,6,DP,sink,MinionEvolution.TryEvolve,-225
9,6,DP,sink,DungeonFeatureManager.TryPlaceTrap,-150
9,6,DP,sink,MinionRoster.TrySummon,-139
9,6,DP,source,AdventurerAI.ReapEmotion,197
9,6,Fame,source,AdventurerAI.GrantReturnReward,10
9,6,Fame,source,LureEconomy.OnHeroEscaped,25
9,6,DP,source,AdventurerAI.TakeDamage,647
9,6,Material,source,AdventurerAI.TakeDamage,32
9,6,DP,sink,CommandSystem.TryUse,-650
9,6,DP,stock,end,214
9,6,Material,stock,end,168
9,6,Fame,stock,end,355
9,7,DP,source,SurfaceMap.CollectYields,39
9,7,Material,source,SurfaceMap.CollectYields,2
9,7,Fame,source,SurfaceMap.CollectYields,9
9,7,DP,source,EraSystem.TickTurn,600
9,7,DP,sink,MinionRoster.TryForge,-212
9,7,DP,sink,MinionEvolution.TryEvolve,-325
9,7,DP,sink,DungeonFeatureManager.TryPlaceTrap,-150
9,7,DP,sink,MinionRoster.TrySummon,-153
9,7,DP,source,AdventurerAI.ReapEmotion,138
9,7,DP,source,AdventurerAI.TakeDamage,737
9,7,Material,source,AdventurerAI.TakeDamage,24
9,7,DP,sink,CommandSystem.TryUse,-1800
9,7,DP,source,Nemesis.OnSlain,1070
9,7,Material,source,Nemesis.OnSlain,10
9,7,DP,source,AdventurerAI.GrantReturnReward,277
9,7,Fame,source,AdventurerAI.GrantReturnReward,10
9,7,Fame,source,LureEconomy.OnHeroEscaped,25
9,7,DP,stock,end,435
9,7,Material,stock,end,204
9,7,Fame,stock,end,399
9,8,DP,source,SurfaceMap.CollectYields,39
9,8,Material,source,SurfaceMap.CollectYields,2
9,8,Fame,source,SurfaceMap.CollectYields,9
9,8,DP,source,EraSystem.TickTurn,1020
9,8,DP,sink,MinionRoster.TryForge,-212
9,8,DP,sink,DungeonFloorManager.TryExpandFloor,-800
9,8,DP,sink,MinionRoster.TryEvolveIndividual,-175
9,8,DP,sink,DungeonFeatureManager.TryPlaceTrap,-150
9,8,DP,sink,MinionRoster.TrySummon,-157
9,8,DP,source,AdventurerAI.ReapEmotion,137
9,8,DP,source,AdventurerAI.GrantReturnReward,1605
9,8,Fame,source,AdventurerAI.GrantReturnReward,50
9,8,Fame,source,LureEconomy.OnHeroEscaped,125
9,8,DP,sink,CommandSystem.TryUse,-1150
9,8,DP,source,AdventurerAI.TakeDamage,429
9,8,Material,source,AdventurerAI.TakeDamage,28
9,8,DP,source,Nemesis.OnSlain,551
9,8,Material,source,Nemesis.OnSlain,5
9,8,DP,stock,end,1572
9,8,Material,stock,end,239
9,8,Fame,stock,end,583
9,9,DP,source,SurfaceMap.CollectYields,45
9,9,Material,source,SurfaceMap.CollectYields,2
9,9,Fame,source,SurfaceMap.CollectYields,11
9,9,DP,source,EraSystem.TickTurn,600
9,9,Fame,source,EraSystem.TickTurn,25
9,9,DP,sink,MinionRoster.TryForge,-190
9,9,DP,sink,DungeonFloorManager.TryExpandFloor,-1600
9,9,DP,sink,MinionRoster.TryEvolveIndividual,-75
9,9,DP,sink,DungeonFeatureManager.TryPlaceTrap,-150
9,9,DP,sink,MinionRoster.TrySummon,-189
9,9,DP,source,AdventurerAI.TakeDamage,470
9,9,Material,source,AdventurerAI.TakeDamage,23
9,9,Fame,source,AdventurerAI.GrantReturnReward,60
9,9,Fame,source,LureEconomy.OnHeroEscaped,150
9,9,DP,source,AdventurerAI.ReapEmotion,87
9,9,DP,source,AdventurerAI.GrantReturnReward,1006
9,9,DP,sink,CommandSystem.TryUse,-1150
9,9,DP,stock,end,426
9,9,Material,stock,end,264
9,9,Fame,stock,end,829
9,10,DP,source,SurfaceMap.CollectYields,24
9,10,Material,source,SurfaceMap.CollectYields,1
9,10,Fame,source,SurfaceMap.CollectYields,5
9,10,DP,source,EraSystem.TickTurn,300
9,10,DP,sink,MinionRoster.TryForge,-190
9,10,DP,sink,MinionEvolution.TryEvolve,-200
9,10,DP,sink,DungeonFeatureManager.TryPlaceTrap,-150
9,10,DP,sink,MinionRoster.TrySummon,-187
9,10,DP,source,AdventurerAI.TakeDamage,876
9,10,Material,source,AdventurerAI.TakeDamage,50
9,10,DP,source,AdventurerAI.ReapEmotion,98
9,10,DP,sink,CommandSystem.TryUse,-2300
9,10,DP,source,AdventurerAI.GrantReturnReward,1276
9,10,Fame,source,AdventurerAI.GrantReturnReward,50
9,10,Fame,source,LureEconomy.OnHeroEscaped,125
9,10,DP,source,Nemesis.OnSlain,1452
9,10,Material,source,Nemesis.OnSlain,12
9,10,DP,stock,end,1425
9,10,Material,stock,end,327
9,10,Fame,stock,end,1009
9,11,DP,source,SurfaceMap.CollectYields,24
9,11,Material,source,SurfaceMap.CollectYields,1
9,11,Fame,source,SurfaceMap.CollectYields,5
9,11,DP,source,EraSystem.TickTurn,1020
9,11,DP,source,WaveRoster.ResolveTrial,900
9,11,DP,sink,MinionRoster.TryForge,-190
9,11,DP,sink,DungeonFloorManager.TryAddFloor,-2000
9,11,DP,sink,DungeonFloorManager.TryExpandFloor,-400
9,11,DP,sink,MinionEvolution.TryEvolve,-450
9,11,DP,sink,DungeonFeatureManager.TryPlaceTrap,-150
9,11,DP,sink,MinionRoster.TrySummon,-179
9,11,DP,source,AdventurerAI.ReapEmotion,350
9,11,DP,source,AdventurerAI.TakeDamage,1200
9,11,Material,source,AdventurerAI.TakeDamage,49
9,11,DP,sink,CommandSystem.TryUse,-2300
9,11,DP,source,AdventurerAI.GrantReturnReward,1496
9,11,Fame,source,AdventurerAI.GrantReturnReward,60
9,11,Fame,source,LureEconomy.OnHeroEscaped,150
9,11,DP,source,Nemesis.OnSlain,648
9,11,Material,source,Nemesis.OnSlain,5
9,11,DP,stock,end,1394
9,11,Material,stock,end,382
9,11,Fame,stock,end,1224
9,12,DP,source,SurfaceMap.CollectYields,24
9,12,Material,source,SurfaceMap.CollectYields,1
9,12,Fame,source,SurfaceMap.CollectYields,5
9,12,DP,source,DistrictCatalog.Collect,84
9,12,DP,sink,MinionRoster.TryForge,-190
9,12,DP,sink,DungeonFloorManager.TryExpandFloor,-800
9,12,DP,sink,MinionRoster.TryEvolveIndividual,-200
9,12,DP,sink,DungeonFeatureManager.TryPlaceTrap,-150
9,12,DP,sink,MinionRoster.TrySummon,-159
9,12,DP,source,AdventurerAI.ReapEmotion,126
9,12,DP,source,AdventurerAI.TakeDamage,1970
9,12,Material,source,AdventurerAI.TakeDamage,38
9,12,DP,source,AdventurerAI.GrantReturnReward,2299
9,12,Fame,source,AdventurerAI.GrantReturnReward,90
9,12,Fame,source,LureEconomy.OnHeroEscaped,225
9,12,DP,sink,CommandSystem.TryUse,-2300
9,12,DP,source,Nemesis.OnSlain,2040
9,12,Material,source,Nemesis.OnSlain,15
9,12,DP,stock,end,4138
9,12,Material,stock,end,436
9,12,Fame,stock,end,1544
9,13,DP,source,SurfaceMap.CollectYields,18
9,13,Material,source,SurfaceMap.CollectYields,1
9,13,Fame,source,SurfaceMap.CollectYields,4
9,13,DP,source,DistrictCatalog.Collect,98
9,13,DP,sink,MinionRoster.TryForge,-190
9,13,DP,sink,DungeonFloorManager.TryExpandFloor,-1500
9,13,DP,sink,MinionEvolution.TryEvolve,-1050
9,13,DP,sink,MinionRoster.TryEvolveIndividual,-1150
9,13,DP,sink,DungeonFeatureManager.TryPlaceTrap,-150
9,13,DP,sink,MinionRoster.TrySummon,-213
9,13,DP,source,AdventurerAI.ReapEmotion,101
9,13,DP,source,AdventurerAI.GrantReturnReward,5192
9,13,Fame,source,AdventurerAI.GrantReturnReward,120
9,13,Fame,source,LureEconomy.OnHeroEscaped,300
9,13,DP,sink,CommandSystem.TryUse,-4450
9,13,DP,source,AdventurerAI.TakeDamage,348
9,13,Material,source,AdventurerAI.TakeDamage,8
9,13,DP,stock,end,1192
9,13,Material,stock,end,445
9,13,Fame,stock,end,1968
9,14,DP,source,SurfaceMap.CollectYields,39
9,14,Material,source,SurfaceMap.CollectYields,2
9,14,Fame,source,SurfaceMap.CollectYields,9
9,14,DP,source,DistrictCatalog.Collect,98
9,14,DP,sink,MinionRoster.TryForge,-190
9,14,DP,sink,MinionRoster.TryEvolveIndividual,-750
9,14,DP,sink,DungeonFeatureManager.TryPlaceTrap,-150
9,14,DP,sink,MinionRoster.TrySummon,-219
9,14,DP,source,AdventurerAI.ReapEmotion,252
9,14,DP,source,AdventurerAI.TakeDamage,470
9,14,Material,source,AdventurerAI.TakeDamage,8
9,14,DP,sink,CommandSystem.TryUse,-1150
9,14,DP,source,AdventurerAI.GrantReturnReward,2533
9,14,Fame,source,AdventurerAI.GrantReturnReward,70
9,14,Fame,source,LureEconomy.OnHeroEscaped,175
9,14,DP,source,Nemesis.OnSlain,729
9,14,Material,source,Nemesis.OnSlain,5
9,14,DP,stock,end,2854
9,14,Material,stock,end,460
9,14,Fame,stock,end,2222
9,15,DP,source,SurfaceMap.CollectYields,39
9,15,Material,source,SurfaceMap.CollectYields,2
9,15,Fame,source,SurfaceMap.CollectYields,9
9,15,DP,source,DistrictCatalog.Collect,98
9,15,DP,sink,MinionRoster.TryForge,-2473
9,15,DP,sink,DungeonFeatureManager.TryPlaceTrap,-300
9,15,DP,sink,MinionRoster.TrySummon,-198
9,15,DP,source,AdventurerAI.ReapEmotion,519
9,15,DP,sink,CommandSystem.TryUse,-5550
9,15,DP,source,AdventurerAI.GrantReturnReward,6859
9,15,Fame,source,AdventurerAI.GrantReturnReward,240
9,15,Fame,source,LureEconomy.OnHeroEscaped,600
9,15,DP,source,AdventurerAI.TakeDamage,243
9,15,Material,source,AdventurerAI.TakeDamage,3
9,15,DP,stock,end,2091
9,15,Material,stock,end,465
9,15,Fame,stock,end,3071
9,16,DP,source,SurfaceMap.CollectYields,80
9,16,Material,source,SurfaceMap.CollectYields,4
9,16,Fame,source,SurfaceMap.CollectYields,18
9,16,DP,source,DistrictCatalog.Collect,98
9,16,DP,sink,MinionRoster.TryForge,-1400
9,16,DP,sink,MinionRoster.TryEvolveIndividual,-325
9,16,DP,sink,DungeonFeatureManager.TryPlaceTrap,-300
9,16,DP,sink,MinionRoster.TrySummon,-241
9,16,DP,source,AdventurerAI.ReapEmotion,136
9,16,DP,source,AdventurerAI.GrantReturnReward,7211
9,16,Fame,source,AdventurerAI.GrantReturnReward,180
9,16,Fame,source,LureEconomy.OnHeroEscaped,450
9,16,DP,sink,CommandSystem.TryUse,-4900
9,16,DP,source,AdventurerAI.TakeDamage,402
9,16,Material,source,AdventurerAI.TakeDamage,16
9,16,DP,stock,end,2852
9,16,Material,stock,end,485
9,16,Fame,stock,end,3719
9,17,DP,source,SurfaceMap.CollectYields,80
9,17,Material,source,SurfaceMap.CollectYields,4
9,17,Fame,source,SurfaceMap.CollectYields,18
9,17,DP,source,DistrictCatalog.Collect,98
9,17,DP,source,EraSystem.TickTurn,720
9,17,DP,sink,MinionRoster.TryForge,-1400
9,17,DP,sink,DungeonFloorManager.TryExpandFloor,-1500
9,17,DP,sink,MinionRoster.TryEvolveIndividual,-450
9,17,DP,sink,DungeonFeatureManager.TryPlaceTrap,-150
9,17,DP,sink,MinionRoster.TrySummon,-216
9,17,DP,source,AdventurerAI.ReapEmotion,158
9,17,DP,source,AdventurerAI.GrantReturnReward,5815
9,17,Fame,source,AdventurerAI.GrantReturnReward,210
9,17,Fame,source,LureEconomy.OnHeroEscaped,525
9,17,DP,sink,CommandSystem.TryUse,-2600
9,17,DP,stock,end,3407
9,17,Material,stock,end,489
9,17,Fame,stock,end,4472
9,18,DP,source,SurfaceMap.CollectYields,80
9,18,Material,source,SurfaceMap.CollectYields,4
9,18,Fame,source,SurfaceMap.CollectYields,18
9,18,DP,source,DistrictCatalog.Collect,126
9,18,DP,sink,MinionRoster.TryForge,-2828
9,18,DP,sink,MinionRoster.TryEvolveIndividual,-325
9,18,DP,sink,DungeonFeatureManager.TryPlaceTrap,-300
9,18,DP,sink,MinionRoster.TrySummon,-150
9,18,DP,source,AdventurerAI.ReapEmotion,108
9,18,DP,source,AdventurerAI.GrantReturnReward,8640
9,18,Fame,source,AdventurerAI.GrantReturnReward,350
9,18,Fame,source,LureEconomy.OnHeroEscaped,875
9,18,DP,sink,CommandSystem.TryUse,-4400
9,18,DP,stock,end,4358
9,18,Material,stock,end,493
9,18,Fame,stock,end,5715
9,19,DP,source,SurfaceMap.CollectYields,136
9,19,Material,source,SurfaceMap.CollectYields,5
9,19,Fame,source,SurfaceMap.CollectYields,28
9,19,DP,source,DistrictCatalog.Collect,126
9,19,DP,source,EraSystem.TickTurn,300
9,19,DP,sink,MinionRoster.TryForge,-2638
9,19,DP,sink,DungeonFloorManager.TryExpandFloor,-1500
9,19,DP,sink,MinionRoster.TryEvolveIndividual,-225
9,19,DP,sink,DungeonFeatureManager.TryPlaceTrap,-300
9,19,DP,sink,MinionRoster.TrySummon,-226
9,19,DP,source,AdventurerAI.ReapEmotion,298
9,19,DP,sink,CommandSystem.TryUse,-4400
9,19,DP,source,AdventurerAI.TakeDamage,234
9,19,Material,source,AdventurerAI.TakeDamage,3
9,19,Fame,source,AdventurerAI.GrantReturnReward,230
9,19,Fame,source,LureEconomy.OnHeroEscaped,575
9,19,DP,source,AdventurerAI.GrantReturnReward,8857
9,19,DP,stock,end,5020
9,19,Material,stock,end,501
9,19,Fame,stock,end,6548
9,20,DP,source,SurfaceMap.CollectYields,136
9,20,Material,source,SurfaceMap.CollectYields,5
9,20,Fame,source,SurfaceMap.CollectYields,28
9,20,DP,source,DistrictCatalog.Collect,126
9,20,DP,sink,MinionRoster.TryForge,-4202
9,20,DP,sink,MinionRoster.TryEvolveIndividual,-325
9,20,DP,sink,DungeonFeatureManager.TryPlaceTrap,-600
9,20,DP,sink,MinionRoster.TrySummon,-136
9,20,DP,source,AdventurerAI.ReapEmotion,208
9,20,DP,source,AdventurerAI.TakeDamage,2775
9,20,Material,source,AdventurerAI.TakeDamage,30
9,20,DP,sink,CommandSystem.TryUse,-5150
9,20,DP,source,AdventurerAI.GrantReturnReward,8759
9,20,Fame,source,AdventurerAI.GrantReturnReward,310
9,20,Fame,source,LureEconomy.OnHeroEscaped,775
9,20,DP,stock,end,6611
9,20,Material,stock,end,536
9,20,Fame,stock,end,7661
9,21,DP,source,SurfaceMap.CollectYields,136
9,21,Material,source,SurfaceMap.CollectYields,5
9,21,Fame,source,SurfaceMap.CollectYields,28
9,21,DP,source,DistrictCatalog.Collect,126
9,21,DP,sink,MinionRoster.TryForge,-979
9,21,DP,sink,DungeonFloorManager.TryAddFloor,-5000
9,21,DP,sink,DungeonFloorManager.TryExpandFloor,-400
9,21,DP,sink,DungeonFeatureManager.TryPlaceTrap,-300
9,21,DP,sink,MinionRoster.TrySummon,-162
9,21,DP,source,AdventurerAI.ReapEmotion,158
9,21,DP,source,AdventurerAI.GrantReturnReward,10489
9,21,Fame,source,AdventurerAI.GrantReturnReward,250
9,21,Fame,source,LureEconomy.OnHeroEscaped,625
9,21,DP,sink,CommandSystem.TryUse,-4050
9,21,DP,source,AdventurerAI.TakeDamage,1841
9,21,Material,source,AdventurerAI.TakeDamage,132
9,21,DP,stock,end,8470
9,21,Material,stock,end,673
9,21,Fame,stock,end,8564
9,22,DP,source,SurfaceMap.CollectYields,136
9,22,Material,source,SurfaceMap.CollectYields,5
9,22,Fame,source,SurfaceMap.CollectYields,28
9,22,DP,source,DistrictCatalog.Collect,98
9,22,DP,sink,MinionRoster.TryForge,-7837
9,22,DP,sink,MinionRoster.TryEvolveIndividual,-225
9,22,DP,sink,DungeonFeatureManager.TryPlaceTrap,-450
9,22,DP,sink,MinionRoster.TrySummon,-162
9,22,DP,source,AdventurerAI.ReapEmotion,464
9,22,DP,sink,CommandSystem.TryUse,-4050
9,22,DP,source,AdventurerAI.GrantReturnReward,7442
9,22,Fame,source,AdventurerAI.GrantReturnReward,290
9,22,Fame,source,LureEconomy.OnHeroEscaped,725
9,22,DP,source,AdventurerAI.TakeDamage,631
9,22,Material,source,AdventurerAI.TakeDamage,113
9,22,DP,stock,end,4517
9,22,Material,stock,end,791
9,22,Fame,stock,end,9607
9,23,DP,source,SurfaceMap.CollectYields,103
9,23,Material,source,SurfaceMap.CollectYields,5
9,23,Fame,source,SurfaceMap.CollectYields,23
9,23,DP,source,DistrictCatalog.Collect,112
9,23,DP,sink,MinionRoster.TryForge,-2880
9,23,DP,sink,DungeonFloorManager.TryExpandFloor,-800
9,23,DP,sink,MinionRoster.TryEvolveIndividual,-225
9,23,DP,sink,DungeonFeatureManager.TryPlaceTrap,-600
9,23,DP,sink,MinionRoster.TrySummon,-202
9,23,DP,source,AdventurerAI.ReapEmotion,168
9,23,DP,source,AdventurerAI.GrantReturnReward,10365
9,23,Fame,source,AdventurerAI.GrantReturnReward,210
9,23,Fame,source,LureEconomy.OnHeroEscaped,525
9,23,DP,sink,CommandSystem.TryUse,-5350
9,23,DP,source,AdventurerAI.TakeDamage,8357
9,23,Material,source,AdventurerAI.TakeDamage,368
9,23,DP,stock,end,13565
9,23,Material,stock,end,1164
9,23,Fame,stock,end,10365
9,24,DP,source,SurfaceMap.CollectYields,124
9,24,Material,source,SurfaceMap.CollectYields,6
9,24,Fame,source,SurfaceMap.CollectYields,28
9,24,DP,source,DistrictCatalog.Collect,112
9,24,DP,sink,MinionRoster.TryForge,-12858
9,24,DP,sink,MinionRoster.TryEvolveIndividual,-250
9,24,Material,sink,MinionRoster.TryForge,-2
9,24,DP,sink,DungeonFeatureManager.TryPlaceTrap,-450
9,24,DP,sink,MinionRoster.TrySummon,-210
9,24,DP,source,AdventurerAI.ReapEmotion,406
9,24,DP,sink,CommandSystem.TryUse,-4050
9,24,DP,source,AdventurerAI.GrantReturnReward,13125
9,24,Fame,source,AdventurerAI.GrantReturnReward,350
9,24,Fame,source,LureEconomy.OnHeroEscaped,875
9,24,DP,source,AdventurerAI.TakeDamage,807
9,24,Material,source,AdventurerAI.TakeDamage,6
9,24,DP,stock,end,10321
9,24,Material,stock,end,1174
9,24,Fame,stock,end,11618
9,25,DP,source,SurfaceMap.CollectYields,124
9,25,Material,source,SurfaceMap.CollectYields,6
9,25,Fame,source,SurfaceMap.CollectYields,28
9,25,DP,source,DistrictCatalog.Collect,28
9,25,DP,source,EraSystem.TickTurn,3840
9,25,DP,sink,MinionRoster.TryForge,-168
9,25,DP,sink,DungeonFloorManager.TryAddFloor,-12500
9,25,DP,sink,MinionEvolution.TryEvolve,-1225
9,25,DP,sink,DungeonFeatureManager.TryPlaceTrap,-150
9,25,DP,sink,MinionRoster.TrySummon,-268
9,25,DP,source,AdventurerAI.ReapEmotion,166
9,25,DP,source,AdventurerAI.GrantReturnReward,19585
9,25,Fame,source,AdventurerAI.GrantReturnReward,400
9,25,Fame,source,LureEconomy.OnHeroEscaped,1000
9,25,DP,sink,CommandSystem.TryUse,-4500
9,25,DP,stock,end,15253
9,25,Material,stock,end,1180
9,25,Fame,stock,end,13046
9,26,DP,source,SurfaceMap.CollectYields,124
9,26,Material,source,SurfaceMap.CollectYields,6
9,26,Fame,source,SurfaceMap.CollectYields,28
9,26,DP,source,DistrictCatalog.Collect,28
9,26,DP,source,EraSystem.TickTurn,6528
9,26,DP,sink,MinionRoster.TryForge,-696
9,26,DP,sink,DungeonFloorManager.TryExpandFloor,-4200
9,26,DP,sink,MinionEvolution.TryEvolve,-3675
9,26,DP,sink,MinionRoster.TryEvolveIndividual,-12825
9,26,DP,sink,DungeonFeatureManager.TryPlaceTrap,-300
9,26,DP,sink,MinionRoster.TrySummon,-218
9,26,DP,source,AdventurerAI.ReapEmotion,172
9,26,DP,source,AdventurerAI.GrantReturnReward,23134
9,26,Fame,source,AdventurerAI.GrantReturnReward,680
9,26,Fame,source,LureEconomy.OnHeroEscaped,1700
9,26,DP,sink,CommandSystem.TryUse,-3750
9,26,DP,source,AdventurerAI.TakeDamage,683
9,26,Material,source,AdventurerAI.TakeDamage,29
9,26,DP,stock,end,20258
9,26,Material,stock,end,1215
9,26,Fame,stock,end,15454
9,27,DP,source,SurfaceMap.CollectYields,124
9,27,Material,source,SurfaceMap.CollectYields,6
9,27,Fame,source,SurfaceMap.CollectYields,28
9,27,DP,source,DistrictCatalog.Collect,28
9,27,DP,source,EraSystem.TickTurn,3840
9,27,DP,sink,MinionRoster.TryForge,-11916
9,27,DP,sink,DungeonFloorManager.TryExpandFloor,-10000
9,27,DP,sink,MinionRoster.TryEvolveIndividual,-1350
9,27,Material,sink,MinionRoster.TryForge,-28
9,27,DP,sink,DungeonFeatureManager.TryPlaceTrap,-750
9,27,DP,sink,MinionRoster.TrySummon,-225
9,27,DP,source,AdventurerAI.ReapEmotion,895
9,27,DP,source,AdventurerAI.GrantReturnReward,17610
9,27,Fame,source,AdventurerAI.GrantReturnReward,450
9,27,Fame,source,LureEconomy.OnHeroEscaped,1125
9,27,DP,sink,CommandSystem.TryUse,-4500
9,27,DP,source,AdventurerAI.TakeDamage,2326
9,27,Material,source,AdventurerAI.TakeDamage,59
9,27,DP,stock,end,16340
9,27,Material,stock,end,1252
9,27,Fame,stock,end,17057
9,28,DP,source,SurfaceMap.CollectYields,124
9,28,Material,source,SurfaceMap.CollectYields,6
9,28,Fame,source,SurfaceMap.CollectYields,28
9,28,DP,source,DistrictCatalog.Collect,28
9,28,DP,source,EraSystem.TickTurn,3840
9,28,DP,sink,MinionRoster.TryForge,-16020
9,28,DP,sink,DungeonFloorManager.TryExpandFloor,-2500
9,28,DP,sink,MinionRoster.TryEvolveIndividual,-650
9,28,Material,sink,MinionRoster.TryForge,-52
9,28,DP,sink,DungeonFeatureManager.TryPlaceTrap,-900
9,28,DP,sink,MinionRoster.TrySummon,-233
9,28,DP,source,AdventurerAI.ReapEmotion,363
9,28,DP,sink,CommandSystem.TryUse,-4050
9,28,DP,source,AdventurerAI.GrantReturnReward,21294
9,28,Fame,source,AdventurerAI.GrantReturnReward,520
9,28,Fame,source,LureEconomy.OnHeroEscaped,1300
9,28,DP,source,AdventurerAI.TakeDamage,914
9,28,Material,source,AdventurerAI.TakeDamage,29
9,28,DP,stock,end,18550
9,28,Material,stock,end,1235
9,28,Fame,stock,end,18905
9,29,DP,source,SurfaceMap.CollectYields,124
9,29,Material,source,SurfaceMap.CollectYields,6
9,29,Fame,source,SurfaceMap.CollectYields,28
9,29,DP,source,DistrictCatalog.Collect,28
9,29,DP,source,EraSystem.TickTurn,6528
9,29,DP,sink,MinionRoster.TryForge,-22110
9,29,DP,sink,MinionRoster.TryEvolveIndividual,-650
9,29,Material,sink,MinionRoster.TryForge,-78
9,29,DP,sink,DungeonFeatureManager.TryPlaceTrap,-2250
9,29,DP,sink,MinionRoster.TrySummon,-186
9,29,DP,source,AdventurerAI.ReapEmotion,209
9,29,DP,source,AdventurerAI.GrantReturnReward,28736
9,29,Fame,source,AdventurerAI.GrantReturnReward,490
9,29,Fame,source,LureEconomy.OnHeroEscaped,1225
9,29,DP,sink,CommandSystem.TryUse,-5050
9,29,DP,source,AdventurerAI.TakeDamage,4981
9,29,Material,source,AdventurerAI.TakeDamage,53
9,29,DP,stock,end,28910
9,29,Material,stock,end,1216
9,29,Fame,stock,end,20648
9,30,DP,source,SurfaceMap.CollectYields,144
9,30,Material,source,SurfaceMap.CollectYields,7
9,30,Fame,source,SurfaceMap.CollectYields,32
9,30,DP,source,DistrictCatalog.Collect,28
9,30,DP,source,EraSystem.TickTurn,3840
9,30,Material,source,EraSystem.TickTurn,64
9,30,DP,sink,MinionRoster.TryForge,-168
9,30,DP,sink,DungeonFloorManager.TryAddFloor,-31250
9,30,DP,sink,DungeonFloorManager.TryExpandFloor,-1200
9,30,DP,sink,DungeonFeatureManager.TryPlaceTrap,-150
9,30,DP,sink,MinionRoster.TrySummon,-140
9,30,DP,source,AdventurerAI.ReapEmotion,189
9,30,DP,source,AdventurerAI.GrantReturnReward,20590
9,30,Fame,source,AdventurerAI.GrantReturnReward,530
9,30,Fame,source,LureEconomy.OnHeroEscaped,1325
9,30,DP,sink,CommandSystem.TryUse,-4200
9,30,DP,source,AdventurerAI.TakeDamage,2176
9,30,Material,source,AdventurerAI.TakeDamage,245
9,30,DP,stock,end,18769
9,30,Material,stock,end,1532
9,30,Fame,stock,end,22535
9,31,DP,source,SurfaceMap.CollectYields,124
9,31,Material,source,SurfaceMap.CollectYields,6
9,31,Fame,source,SurfaceMap.CollectYields,28
9,31,DP,source,DistrictCatalog.Collect,28
9,31,DP,source,EraSystem.TickTurn,3840
9,31,Material,source,EraSystem.TickTurn,32
9,31,Fame,source,EraSystem.TickTurn,80
9,31,DP,sink,MinionRoster.TryForge,-16992
9,31,DP,sink,DungeonFloorManager.TryExpandFloor,-4000
9,31,DP,sink,MinionRoster.TryEvolveIndividual,-800
9,31,Material,sink,MinionRoster.TryForge,-112
9,31,DP,sink,DungeonFeatureManager.TryPlaceTrap,-750
9,31,DP,sink,MinionRoster.TrySummon,-198
9,31,DP,source,AdventurerAI.ReapEmotion,461
9,31,DP,sink,CommandSystem.TryUse,-4500
9,31,DP,source,AdventurerAI.GrantReturnReward,26879
9,31,Fame,source,AdventurerAI.GrantReturnReward,540
9,31,Fame,source,LureEconomy.OnHeroEscaped,1350
9,31,DP,source,AdventurerAI.TakeDamage,3373
9,31,Material,source,AdventurerAI.TakeDamage,272
9,31,DP,stock,end,26234
9,31,Material,stock,end,1730
9,31,Fame,stock,end,24533
9,32,DP,source,SurfaceMap.CollectYields,124
9,32,Material,source,SurfaceMap.CollectYields,7
9,32,Fame,source,SurfaceMap.CollectYields,28
9,32,DP,source,DistrictCatalog.Collect,28
9,32,DP,source,EraSystem.TickTurn,6528
9,32,Fame,source,EraSystem.TickTurn,192
9,32,DP,sink,MinionRoster.TryForge,-30180
9,32,DP,sink,MinionRoster.TryEvolveIndividual,-975
9,32,Material,sink,MinionRoster.TryForge,-236
9,32,DP,sink,DungeonFeatureManager.TryPlaceTrap,-1500
9,32,DP,sink,MinionRoster.TrySummon,-248
9,32,DP,source,AdventurerAI.ReapEmotion,136
9,32,DP,source,AdventurerAI.GrantReturnReward,28591
9,32,Fame,source,AdventurerAI.GrantReturnReward,530
9,32,Fame,source,LureEconomy.OnHeroEscaped,1325
9,32,DP,sink,CommandSystem.TryUse,-5000
9,32,DP,source,AdventurerAI.TakeDamage,5540
9,32,Material,source,AdventurerAI.TakeDamage,40
9,32,DP,stock,end,29278
9,32,Material,stock,end,1541
9,32,Fame,stock,end,26608
9,33,DP,source,SurfaceMap.CollectYields,147
9,33,Material,source,SurfaceMap.CollectYields,8
9,33,Fame,source,SurfaceMap.CollectYields,33
9,33,DP,source,DistrictCatalog.Collect,28
9,33,DP,sink,MinionRoster.TryForge,-27300
9,33,DP,sink,MinionRoster.TryEvolveIndividual,-625
9,33,Material,sink,MinionRoster.TryForge,-212
9,33,DP,sink,DungeonFeatureManager.TryPlaceTrap,-1350
9,33,DP,sink,MinionRoster.TrySummon,-148
9,33,DP,source,AdventurerAI.ReapEmotion,316
9,33,DP,sink,CommandSystem.TryUse,-4050
9,33,DP,source,AdventurerAI.GrantReturnReward,6137
9,33,Fame,source,AdventurerAI.GrantReturnReward,700
9,33,Fame,source,LureEconomy.OnHeroEscaped,1750
9,33,DP,source,AdventurerAI.TakeDamage,948
9,33,Material,source,AdventurerAI.TakeDamage,250
9,33,DP,stock,end,3381
9,33,Material,stock,end,1587
9,33,Fame,stock,end,29091
9,34,DP,source,SurfaceMap.CollectYields,147
9,34,Material,source,SurfaceMap.CollectYields,8
9,34,Fame,source,SurfaceMap.CollectYields,33
9,34,DP,source,DistrictCatalog.Collect,28
9,34,DP,sink,MinionRoster.TryForge,-1770
9,34,DP,sink,MinionRoster.TryEvolveIndividual,-575
9,34,Material,sink,MinionRoster.TryForge,-2
9,34,DP,sink,DungeonFeatureManager.TryPlaceTrap,-1050
9,34,DP,sink,MinionRoster.TrySummon,-153
9,34,DP,source,AdventurerAI.ReapEmotion,192
9,34,DP,source,AdventurerAI.GrantReturnReward,27129
9,34,Fame,source,AdventurerAI.GrantReturnReward,500
9,34,Fame,source,LureEconomy.OnHeroEscaped,1250
9,34,DP,sink,CommandSystem.TryUse,-4550
9,34,DP,source,AdventurerAI.TakeDamage,11050
9,34,Material,source,AdventurerAI.TakeDamage,223
9,34,DP,stock,end,33829
9,34,Material,stock,end,1816
9,34,Fame,stock,end,30874
9,35,DP,source,SurfaceMap.CollectYields,147
9,35,Material,source,SurfaceMap.CollectYields,8
9,35,Fame,source,SurfaceMap.CollectYields,33
9,35,DP,source,DistrictCatalog.Collect,28
9,35,DP,sink,MinionRoster.TryForge,-32070
9,35,DP,sink,MinionRoster.TryEvolveIndividual,-550
9,35,Material,sink,MinionRoster.TryForge,-284
9,35,DP,sink,DungeonFeatureManager.TryPlaceTrap,-1200
9,35,DP,sink,MinionRoster.TrySummon,-158
9,35,DP,source,AdventurerAI.ReapEmotion,263
9,35,DP,source,AdventurerAI.GrantReturnReward,26862
9,35,Fame,source,AdventurerAI.GrantReturnReward,500
9,35,Fame,source,LureEconomy.OnHeroEscaped,1250
9,35,DP,sink,CommandSystem.TryUse,-4550
9,35,DP,source,AdventurerAI.TakeDamage,10582
9,35,Material,source,AdventurerAI.TakeDamage,467
9,35,DP,stock,end,33183
9,35,Material,stock,end,2007
9,35,Fame,stock,end,32657
9,36,DP,source,SurfaceMap.CollectYields,147
9,36,Material,source,SurfaceMap.CollectYields,8
9,36,Fame,source,SurfaceMap.CollectYields,33
9,36,DP,source,DistrictCatalog.Collect,28
9,36,DP,sink,MinionRoster.TryForge,-30780
9,36,DP,sink,MinionRoster.TryEvolveIndividual,-550
9,36,Material,sink,MinionRoster.TryForge,-326
9,36,DP,sink,DungeonFeatureManager.TryPlaceTrap,-1800
9,36,DP,sink,MinionRoster.TrySummon,-210
9,36,DP,source,AdventurerAI.ReapEmotion,356
9,36,DP,sink,CommandSystem.TryUse,-4250
9,36,DP,source,AdventurerAI.GrantReturnReward,29186
9,36,Fame,source,AdventurerAI.GrantReturnReward,480
9,36,Fame,source,LureEconomy.OnHeroEscaped,1200
9,36,DP,source,AdventurerAI.TakeDamage,13961
9,36,Material,source,AdventurerAI.TakeDamage,746
9,36,DP,stock,end,39271
9,36,Material,stock,end,2435
9,36,Fame,stock,end,34370
9,37,DP,source,SurfaceMap.CollectYields,147
9,37,Material,source,SurfaceMap.CollectYields,8
9,37,Fame,source,SurfaceMap.CollectYields,33
9,37,DP,source,DistrictCatalog.Collect,28
9,37,DP,sink,MinionRoster.TryForge,-37020
9,37,DP,sink,MinionRoster.TryEvolveIndividual,-600
9,37,Material,sink,MinionRoster.TryForge,-398
9,37,DP,sink,DungeonFeatureManager.TryPlaceTrap,-1650
9,37,DP,sink,MinionRoster.TrySummon,-158
9,37,DP,source,AdventurerAI.ReapEmotion,221
9,37,DP,source,AdventurerAI.GrantReturnReward,24637
9,37,Fame,source,AdventurerAI.GrantReturnReward,540
9,37,Fame,source,LureEconomy.OnHeroEscaped,1350
9,37,DP,sink,CommandSystem.TryUse,-4600
9,37,DP,source,AdventurerAI.TakeDamage,22906
9,37,Material,source,AdventurerAI.TakeDamage,783
9,37,DP,stock,end,43182
9,37,Material,stock,end,2828
9,37,Fame,stock,end,36293
9,38,DP,source,SurfaceMap.CollectYields,147
9,38,Material,source,SurfaceMap.CollectYields,8
9,38,Fame,source,SurfaceMap.CollectYields,33
9,38,DP,source,DistrictCatalog.Collect,28
9,38,DP,sink,MinionRoster.TryForge,-40140
9,38,DP,sink,MinionRoster.TryEvolveIndividual,-550
9,38,Material,sink,MinionRoster.TryForge,-434
9,38,DP,sink,DungeonFeatureManager.TryPlaceTrap,-2400
9,38,DP,sink,MinionRoster.TrySummon,-262
9,38,DP,source,AdventurerAI.ReapEmotion,474
9,38,DP,sink,CommandSystem.TryUse,-5350
9,38,DP,source,AdventurerAI.GrantReturnReward,17028
9,38,Fame,source,AdventurerAI.GrantReturnReward,540
9,38,Fame,source,LureEconomy.OnHeroEscaped,1350
9,38,DP,source,AdventurerAI.TakeDamage,23737
9,38,Material,source,AdventurerAI.TakeDamage,1306
9,38,DP,stock,end,35894
9,38,Material,stock,end,3708
9,38,Fame,stock,end,38216
9,39,DP,source,SurfaceMap.CollectYields,205
9,39,Material,source,SurfaceMap.CollectYields,9
9,39,Fame,source,SurfaceMap.CollectYields,45
9,39,DP,source,DistrictCatalog.Collect,28
9,39,DP,sink,MinionRoster.TryForge,-33900
9,39,DP,sink,MinionRoster.TryEvolveIndividual,-625
9,39,Material,sink,MinionRoster.TryForge,-362
9,39,DP,sink,DungeonFeatureManager.TryPlaceTrap,-1350
9,39,DP,sink,MinionRoster.TrySummon,-216
9,39,DP,source,AdventurerAI.ReapEmotion,178
9,39,DP,source,AdventurerAI.TakeDamage,32829
9,39,Material,source,AdventurerAI.TakeDamage,1194
9,39,DP,sink,CommandSystem.TryUse,-4250
9,39,DP,source,AdventurerAI.GrantReturnReward,30889
9,39,Fame,source,AdventurerAI.GrantReturnReward,350
9,39,Fame,source,LureEconomy.OnHeroEscaped,875
9,39,DP,stock,end,59682
9,39,Material,stock,end,4549
9,39,Fame,stock,end,39486
9,40,DP,source,SurfaceMap.CollectYields,205
9,40,Material,source,SurfaceMap.CollectYields,9
9,40,Fame,source,SurfaceMap.CollectYields,45
9,40,DP,source,DistrictCatalog.Collect,28
9,40,DP,source,EraSystem.TickTurn,4608
9,40,DP,sink,MinionRoster.TryForge,-59820
9,40,DP,sink,MinionRoster.TryEvolveIndividual,-625
9,40,Material,sink,MinionRoster.TryForge,-730
9,40,DP,sink,DungeonFeatureManager.TryPlaceTrap,-3600
9,40,DP,sink,MinionRoster.TrySummon,-444
9,40,DP,source,AdventurerAI.ReapEmotion,247
9,40,DP,source,AdventurerAI.GrantReturnReward,36378
9,40,Fame,source,AdventurerAI.GrantReturnReward,360
9,40,Fame,source,LureEconomy.OnHeroEscaped,900
9,40,DP,sink,CommandSystem.TryUse,-4250
9,40,DP,source,AdventurerAI.TakeDamage,35299
9,40,Material,source,AdventurerAI.TakeDamage,185301
9,40,DP,source,Nemesis.OnSlain,4278
9,40,Material,source,Nemesis.OnSlain,17
9,40,DP,stock,end,71986
9,40,Material,stock,end,189146
9,40,Fame,stock,end,40791
9,41,DP,source,SurfaceMap.CollectYields,205
9,41,Material,source,SurfaceMap.CollectYields,9
9,41,Fame,source,SurfaceMap.CollectYields,45
9,41,DP,source,DistrictCatalog.Collect,28
9,41,DP,sink,MinionRoster.TryForge,-67380
9,41,DP,sink,MinionRoster.TryEvolveIndividual,-700
9,41,Material,sink,MinionRoster.TryForge,-856
9,41,DP,sink,DungeonFeatureManager.TryPlaceTrap,-2400
9,41,DP,sink,MinionRoster.TrySummon,-1697
9,41,DP,source,AdventurerAI.ReapEmotion,178
9,41,DP,source,AdventurerAI.GrantReturnReward,32495
9,41,Fame,source,AdventurerAI.GrantReturnReward,400
9,41,Fame,source,LureEconomy.OnHeroEscaped,1000
9,41,DP,sink,CommandSystem.TryUse,-4150
9,41,DP,source,AdventurerAI.TakeDamage,30629
9,41,Material,source,AdventurerAI.TakeDamage,23999
9,41,DP,source,Nemesis.OnSlain,4278
9,41,Material,source,Nemesis.OnSlain,17
9,41,DP,stock,end,63472
9,41,Material,stock,end,212315
9,41,Fame,stock,end,42236
9,42,DP,source,SurfaceMap.CollectYields,209
9,42,Material,source,SurfaceMap.CollectYields,9
9,42,Fame,source,SurfaceMap.CollectYields,46
9,42,DP,source,DistrictCatalog.Collect,28
9,42,DP,source,EraSystem.TickTurn,1920
9,42,DP,sink,MinionRoster.TryForge,-57960
9,42,DP,sink,MinionRoster.TryEvolveIndividual,-675
9,42,Material,sink,MinionRoster.TryForge,-688
9,42,DP,sink,MinionRoster.TrySummon,-6986
9,42,DP,source,AdventurerAI.ReapEmotion,265
9,42,DP,source,AdventurerAI.GrantReturnReward,36543
9,42,Fame,source,AdventurerAI.GrantReturnReward,400
9,42,Fame,source,LureEconomy.OnHeroEscaped,1000
9,42,DP,sink,CommandSystem.TryUse,-4150
9,42,DP,source,AdventurerAI.TakeDamage,28957
9,42,Material,source,AdventurerAI.TakeDamage,915
9,42,DP,source,Nemesis.OnSlain,1296
9,42,Material,source,Nemesis.OnSlain,6
9,42,DP,stock,end,62919
9,42,Material,stock,end,212557
9,42,Fame,stock,end,43682
9,43,DP,source,SurfaceMap.CollectYields,170
9,43,Material,source,SurfaceMap.CollectYields,9
9,43,Fame,source,SurfaceMap.CollectYields,38
9,43,DP,source,DistrictCatalog.Collect,28
9,43,DP,sink,MinionRoster.TryForge,-21240
9,43,DP,sink,MinionRoster.TryEvolveIndividual,-1100
9,43,Material,sink,MinionRoster.TryForge,-24
9,43,DP,sink,MinionRoster.TrySummon,-39666
9,43,DP,sink,CommandSystem.TryUse,-4450
9,43,DP,source,AdventurerAI.ReapEmotion,169
9,43,DP,source,AdventurerAI.GrantReturnReward,33535
9,43,Fame,source,AdventurerAI.GrantReturnReward,360
9,43,Fame,source,LureEconomy.OnHeroEscaped,900
9,43,DP,source,AdventurerAI.TakeDamage,37038
9,43,Material,source,AdventurerAI.TakeDamage,3875120
9,43,DP,source,Nemesis.OnSlain,12834
9,43,Material,source,Nemesis.OnSlain,51
9,43,DP,stock,end,80237
9,43,Material,stock,end,4087713
9,43,Fame,stock,end,44980
9,44,DP,source,SurfaceMap.CollectYields,170
9,44,Material,source,SurfaceMap.CollectYields,9
9,44,Fame,source,SurfaceMap.CollectYields,38
9,44,DP,source,DistrictCatalog.Collect,28
9,44,DP,sink,MinionRoster.TryForge,-39240
9,44,Material,sink,MinionRoster.TryForge,-324
9,44,DP,sink,MinionRoster.TrySummon,-41176
9,44,DP,source,AdventurerAI.ReapEmotion,250
9,44,DP,source,AdventurerAI.GrantReturnReward,39864
9,44,Fame,source,AdventurerAI.GrantReturnReward,410
9,44,Fame,source,LureEconomy.OnHeroEscaped,1025
9,44,DP,sink,CommandSystem.TryUse,-3800
9,44,DP,source,AdventurerAI.TakeDamage,28394
9,44,Material,source,AdventurerAI.TakeDamage,18853
9,44,DP,source,Nemesis.OnSlain,4278
9,44,Material,source,Nemesis.OnSlain,17
9,44,DP,stock,end,69005
9,44,Material,stock,end,4106268
9,44,Fame,stock,end,46453
9,45,DP,source,SurfaceMap.CollectYields,170
9,45,Material,source,SurfaceMap.CollectYields,9
9,45,Fame,source,SurfaceMap.CollectYields,38
9,45,DP,source,DistrictCatalog.Collect,28
9,45,DP,sink,MinionRoster.TryForge,-66480
9,45,Material,sink,MinionRoster.TryForge,-836
9,45,DP,sink,MinionRoster.TrySummon,-2672
9,45,DP,source,AdventurerAI.ReapEmotion,187
9,45,DP,source,AdventurerAI.GrantReturnReward,21449
9,45,Fame,source,AdventurerAI.GrantReturnReward,360
9,45,Fame,source,LureEconomy.OnHeroEscaped,900
9,45,DP,sink,CommandSystem.TryUse,-3800
9,45,DP,source,AdventurerAI.TakeDamage,35376
9,45,Material,source,AdventurerAI.TakeDamage,749
9,45,DP,stock,end,53263
9,45,Material,stock,end,4106190
9,45,Fame,stock,end,47751
9,46,DP,source,SurfaceMap.CollectYields,172
9,46,Material,source,SurfaceMap.CollectYields,9
9,46,Fame,source,SurfaceMap.CollectYields,38
9,46,DP,source,DistrictCatalog.Collect,28
9,46,DP,sink,MinionRoster.TryForge,-50400
9,46,Material,sink,MinionRoster.TryForge,-672
9,46,DP,sink,MinionRoster.TrySummon,-2834
9,46,DP,source,AdventurerAI.ReapEmotion,319
9,46,DP,sink,CommandSystem.TryUse,-3800
9,46,DP,source,AdventurerAI.GrantReturnReward,37926
9,46,Fame,source,AdventurerAI.GrantReturnReward,400
9,46,Fame,source,LureEconomy.OnHeroEscaped,1000
9,46,DP,source,AdventurerAI.TakeDamage,29505
9,46,Material,source,AdventurerAI.TakeDamage,752
9,46,DP,source,Nemesis.OnSlain,3550
9,46,Material,source,Nemesis.OnSlain,16
9,46,DP,stock,end,67729
9,46,Material,stock,end,4106295
9,46,Fame,stock,end,49189
9,47,DP,source,SurfaceMap.CollectYields,172
9,47,Material,source,SurfaceMap.CollectYields,9
9,47,Fame,source,SurfaceMap.CollectYields,38
9,47,DP,source,DistrictCatalog.Collect,28
9,47,DP,sink,MinionRoster.TryForge,-7200
9,47,Material,sink,MinionRoster.TryForge,-96
9,47,DP,sink,MinionEvolution.TryEvolve,-9050
9,47,DP,sink,MinionRoster.TryEvolveIndividual,-48750
9,47,DP,sink,MinionRoster.TrySummon,-2921
9,47,DP,source,AdventurerAI.ReapEmotion,178
9,47,DP,source,AdventurerAI.GrantReturnReward,17985
9,47,Fame,source,AdventurerAI.GrantReturnReward,210
9,47,Fame,source,LureEconomy.OnHeroEscaped,525
9,47,DP,sink,CommandSystem.TryUse,-3800
9,47,DP,source,AdventurerAI.TakeDamage,18106
9,47,Material,source,AdventurerAI.TakeDamage,171
9,47,DP,source,Nemesis.OnSlain,3590
9,47,Material,source,Nemesis.OnSlain,16
9,47,DP,stock,end,36067
9,47,Material,stock,end,4106395
9,47,Fame,stock,end,49962
9,48,DP,source,SurfaceMap.CollectYields,172
9,48,Material,source,SurfaceMap.CollectYields,9
9,48,Fame,source,SurfaceMap.CollectYields,38
9,48,DP,source,DistrictCatalog.Collect,28
9,48,DP,source,EraSystem.TickTurn,9720
9,48,DP,sink,MinionRoster.TryForge,-43200
9,48,Material,sink,MinionRoster.TryForge,-576
9,48,DP,sink,MinionRoster.TrySummon,-2732
9,48,DP,source,AdventurerAI.ReapEmotion,227
9,48,DP,source,AdventurerAI.TakeDamage,43022
9,48,Material,source,AdventurerAI.TakeDamage,429
9,48,DP,sink,CommandSystem.TryUse,-3800
9,48,DP,source,AdventurerAI.GrantReturnReward,17166
9,48,Fame,source,AdventurerAI.GrantReturnReward,300
9,48,Fame,source,LureEconomy.OnHeroEscaped,750
9,48,DP,stock,end,56670
9,48,Material,stock,end,4106257
9,48,Fame,stock,end,51050
9,49,DP,source,SurfaceMap.CollectYields,172
9,49,Material,source,SurfaceMap.CollectYields,9
9,49,Fame,source,SurfaceMap.CollectYields,38
9,49,DP,source,DistrictCatalog.Collect,28
9,49,DP,source,EraSystem.TickTurn,9720
9,49,DP,sink,MinionRoster.TryForge,-4800
9,49,Material,sink,MinionRoster.TryForge,-64
9,49,DP,sink,MinionEvolution.TryEvolve,-14200
9,49,DP,sink,MinionRoster.TryEvolveIndividual,-47250
9,49,DP,sink,MinionRoster.TrySummon,-317
9,49,DP,source,AdventurerAI.ReapEmotion,286
9,49,DP,sink,CommandSystem.TryUse,-4450
9,49,DP,source,AdventurerAI.TakeDamage,58840
9,49,Material,source,AdventurerAI.TakeDamage,730
9,49,DP,source,AdventurerAI.GrantReturnReward,11164
9,49,Fame,source,AdventurerAI.GrantReturnReward,240
9,49,Fame,source,LureEconomy.OnHeroEscaped,600
9,49,DP,source,Nemesis.OnSlain,3779
9,49,Material,source,Nemesis.OnSlain,16
9,49,DP,stock,end,69642
9,49,Material,stock,end,4106948
9,49,Fame,stock,end,51928
9,50,DP,source,SurfaceMap.CollectYields,172
9,50,Material,source,SurfaceMap.CollectYields,9
9,50,Fame,source,SurfaceMap.CollectYields,38
9,50,DP,source,DistrictCatalog.Collect,28
9,50,DP,source,EraSystem.TickTurn,9720
9,50,DP,sink,MinionRoster.TryForge,-4800
9,50,Material,sink,MinionRoster.TryForge,-64
9,50,DP,sink,MinionEvolution.TryEvolve,-19050
9,50,DP,sink,MinionRoster.TryEvolveIndividual,-55400
9,50,DP,sink,MinionRoster.TrySummon,-309
9,50,DP,source,AdventurerAI.ReapEmotion,161
9,50,DP,source,AdventurerAI.GrantReturnReward,16213
9,50,Fame,source,AdventurerAI.GrantReturnReward,280
9,50,Fame,source,LureEconomy.OnHeroEscaped,700
9,50,DP,sink,CommandSystem.TryUse,-3800
9,50,DP,source,AdventurerAI.TakeDamage,62197
9,50,Material,source,AdventurerAI.TakeDamage,989
9,50,DP,source,Nemesis.OnSlain,3712
9,50,Material,source,Nemesis.OnSlain,16
9,50,DP,stock,end,78486
9,50,Material,stock,end,4107898
9,50,Fame,stock,end,52946
9,51,DP,source,SurfaceMap.CollectYields,174
9,51,Material,source,SurfaceMap.CollectYields,9
9,51,Fame,source,SurfaceMap.CollectYields,38
9,51,DP,source,DistrictCatalog.Collect,28
9,51,DP,source,EraSystem.TickTurn,9720
9,51,DP,sink,MinionRoster.TryForge,-4800
9,51,Material,sink,MinionRoster.TryForge,-64
9,51,DP,sink,DungeonFloorManager.TryAddFloor,-78125
9,51,DP,sink,DungeonFloorManager.TryExpandFloor,-2700
9,51,DP,sink,MinionRoster.TryEvolveIndividual,-1600
9,51,DP,sink,DungeonFeatureManager.TryPlaceTrap,-900
9,51,DP,sink,MinionRoster.TrySummon,-253
9,51,DP,source,AdventurerAI.ReapEmotion,521
9,51,DP,sink,CommandSystem.TryUse,-4450
9,51,DP,source,AdventurerAI.TakeDamage,56220
9,51,Material,source,AdventurerAI.TakeDamage,603
9,51,DP,source,AdventurerAI.GrantReturnReward,19004
9,51,Fame,source,AdventurerAI.GrantReturnReward,320
9,51,Fame,source,LureEconomy.OnHeroEscaped,800
9,51,DP,source,Nemesis.OnSlain,1426
9,51,Material,source,Nemesis.OnSlain,6
9,51,DP,stock,end,72751
9,51,Material,stock,end,4108452
9,51,Fame,stock,end,54104
9,52,DP,source,SurfaceMap.CollectYields,174
9,52,Material,source,SurfaceMap.CollectYields,9
9,52,Fame,source,SurfaceMap.CollectYields,38
9,52,DP,source,DistrictCatalog.Collect,28
9,52,DP,source,EraSystem.TickTurn,16524
9,52,DP,sink,MinionRoster.TryForge,-49440
9,52,Material,sink,MinionRoster.TryForge,-706
9,52,DP,sink,DungeonFloorManager.TryExpandFloor,-2500
9,52,DP,sink,MinionRoster.TryEvolveIndividual,-35300
9,52,DP,sink,DungeonFeatureManager.TryPlaceTrap,-1950
9,52,DP,sink,MinionRoster.TrySummon,-261
9,52,DP,source,AdventurerAI.ReapEmotion,241
9,52,DP,source,AdventurerAI.TakeDamage,30150
9,52,Material,source,AdventurerAI.TakeDamage,411
9,52,DP,sink,CommandSystem.TryUse,-4450
9,52,DP,source,AdventurerAI.GrantReturnReward,16173
9,52,Fame,source,AdventurerAI.GrantReturnReward,220
9,52,Fame,source,LureEconomy.OnHeroEscaped,550
9,52,DP,source,Nemesis.OnSlain,4610
9,52,Material,source,Nemesis.OnSlain,19
9,52,DP,stock,end,46750
9,52,Material,stock,end,4108185
9,52,Fame,stock,end,54912
9,53,DP,source,SurfaceMap.CollectYields,218
9,53,Material,source,SurfaceMap.CollectYields,12
9,53,Fame,source,SurfaceMap.CollectYields,38
9,53,DP,source,DistrictCatalog.Collect,28
9,53,DP,source,EraSystem.TickTurn,9720
9,53,Material,source,EraSystem.TickTurn,124
9,53,DP,sink,MinionRoster.TryForge,-14400
9,53,Material,sink,MinionRoster.TryForge,-210
9,53,DP,sink,MinionRoster.TryEvolveIndividual,-38650
9,53,DP,sink,DungeonFeatureManager.TryPlaceTrap,-2100
9,53,DP,sink,MinionRoster.TrySummon,-1558
9,53,DP,source,AdventurerAI.ReapEmotion,198
9,53,DP,source,AdventurerAI.TakeDamage,59792
9,53,Material,source,AdventurerAI.TakeDamage,970
9,53,DP,sink,CommandSystem.TryUse,-3800
9,53,DP,source,AdventurerAI.GrantReturnReward,32905
9,53,Fame,source,AdventurerAI.GrantReturnReward,430
9,53,Fame,source,LureEconomy.OnHeroEscaped,1075
9,53,DP,source,Nemesis.OnSlain,2558
9,53,Material,source,Nemesis.OnSlain,10
9,53,DP,stock,end,91661
9,53,Material,stock,end,4109091
9,53,Fame,stock,end,56455
9,54,DP,source,SurfaceMap.CollectYields,218
9,54,Material,source,SurfaceMap.CollectYields,12
9,54,Fame,source,SurfaceMap.CollectYields,38
9,54,DP,source,DistrictCatalog.Collect,28
9,54,Material,source,DistrictCatalog.Collect,8
9,54,DP,source,EraSystem.TickTurn,9720
9,54,Material,source,EraSystem.TickTurn,62
9,54,Fame,source,EraSystem.TickTurn,135
9,54,DP,sink,MinionRoster.TryForge,-97920
9,54,Material,sink,MinionRoster.TryForge,-1428
9,54,DP,sink,MinionRoster.TrySummon,-3696
9,54,DP,source,AdventurerAI.ReapEmotion,359
9,54,DP,sink,CommandSystem.TryUse,-4100
9,54,DP,source,AdventurerAI.TakeDamage,58817
9,54,Material,source,AdventurerAI.TakeDamage,951
9,54,DP,source,AdventurerAI.GrantReturnReward,26377
9,54,Fame,source,AdventurerAI.GrantReturnReward,420
9,54,Fame,source,LureEconomy.OnHeroEscaped,1050
9,54,DP,source,Nemesis.OnSlain,4915
9,54,Material,source,Nemesis.OnSlain,20
9,54,DP,stock,end,86379
9,54,Material,stock,end,4108716
9,54,Fame,stock,end,58098
9,55,DP,source,SurfaceMap.CollectYields,218
9,55,Material,source,SurfaceMap.CollectYields,12
9,55,Fame,source,SurfaceMap.CollectYields,38
9,55,DP,source,DistrictCatalog.Collect,28
9,55,Material,source,DistrictCatalog.Collect,8
9,55,DP,source,EraSystem.TickTurn,9720
9,55,DP,sink,MinionRoster.TryForge,-92160
9,55,Material,sink,MinionRoster.TryForge,-1344
9,55,DP,sink,MinionRoster.TrySummon,-4128
9,55,DP,source,AdventurerAI.ReapEmotion,436
9,55,DP,sink,CommandSystem.TryUse,-3800
9,55,DP,source,AdventurerAI.GrantReturnReward,31223
9,55,Fame,source,AdventurerAI.GrantReturnReward,420
9,55,Fame,source,LureEconomy.OnHeroEscaped,1050
9,55,DP,source,AdventurerAI.TakeDamage,92949
9,55,Material,source,AdventurerAI.TakeDamage,1122
9,55,DP,source,Nemesis.OnSlain,6011
9,55,Material,source,Nemesis.OnSlain,24
9,55,DP,stock,end,126876
9,55,Material,stock,end,4108538
9,55,Fame,stock,end,59606
9,56,DP,source,SurfaceMap.CollectYields,248
9,56,Material,source,SurfaceMap.CollectYields,12
9,56,Fame,source,SurfaceMap.CollectYields,46
9,56,DP,source,DistrictCatalog.Collect,28
9,56,Material,source,DistrictCatalog.Collect,9
9,56,DP,source,EraSystem.TickTurn,11664
9,56,DP,sink,MinionRoster.TryForge,-120960
9,56,Material,sink,MinionRoster.TryForge,-1764
9,56,DP,sink,MinionRoster.TrySummon,-17845
9,56,DP,source,AdventurerAI.ReapEmotion,297
9,56,DP,sink,CommandSystem.TryUse,-4100
9,56,DP,source,AdventurerAI.TakeDamage,82862
9,56,Material,source,AdventurerAI.TakeDamage,940
9,56,DP,source,AdventurerAI.GrantReturnReward,24422
9,56,Fame,source,AdventurerAI.GrantReturnReward,440
9,56,Fame,source,LureEconomy.OnHeroEscaped,1100
9,56,DP,source,Nemesis.OnSlain,3029
9,56,Material,source,Nemesis.OnSlain,12
9,56,DP,stock,end,106521
9,56,Material,stock,end,4107747
9,56,Fame,stock,end,61192
9,57,DP,source,SurfaceMap.CollectYields,266
9,57,Material,source,SurfaceMap.CollectYields,12
9,57,Fame,source,SurfaceMap.CollectYields,46
9,57,DP,source,DistrictCatalog.Collect,28
9,57,Material,source,DistrictCatalog.Collect,9
9,57,DP,sink,MinionRoster.TryForge,-102960
9,57,Material,sink,MinionRoster.TryForge,-1569
9,57,DP,sink,MinionRoster.TrySummon,-3842
9,57,DP,source,AdventurerAI.ReapEmotion,487
9,57,DP,sink,CommandSystem.TryUse,-3800
9,57,DP,source,AdventurerAI.TakeDamage,33086
9,57,Material,source,AdventurerAI.TakeDamage,581
9,57,DP,source,AdventurerAI.GrantReturnReward,12329
9,57,Fame,source,AdventurerAI.GrantReturnReward,240
9,57,Fame,source,LureEconomy.OnHeroEscaped,600
9,57,DP,stock,end,42115
9,57,Material,stock,end,4106780
9,57,Fame,stock,end,62078
9,58,DP,source,SurfaceMap.CollectYields,266
9,58,Material,source,SurfaceMap.CollectYields,12
9,58,Fame,source,SurfaceMap.CollectYields,46
9,58,DP,source,DistrictCatalog.Collect,28
9,58,Material,source,DistrictCatalog.Collect,9
9,58,DP,sink,MinionRoster.TryForge,-39600
9,58,Material,sink,MinionRoster.TryForge,-605
9,58,DP,sink,MinionRoster.TrySummon,-2796
9,58,DP,source,AdventurerAI.ReapEmotion,540
9,58,DP,sink,CommandSystem.TryUse,-3800
9,58,DP,source,AdventurerAI.TakeDamage,65249
9,58,Material,source,AdventurerAI.TakeDamage,1252
9,58,DP,source,AdventurerAI.GrantReturnReward,33792
9,58,Fame,source,AdventurerAI.GrantReturnReward,440
9,58,Fame,source,LureEconomy.OnHeroEscaped,1100
9,58,DP,source,Nemesis.OnSlain,3046
9,58,Material,source,Nemesis.OnSlain,12
9,58,DP,stock,end,98840
9,58,Material,stock,end,4107460
9,58,Fame,stock,end,63664
9,59,DP,source,SurfaceMap.CollectYields,266
9,59,Material,source,SurfaceMap.CollectYields,12
9,59,Fame,source,SurfaceMap.CollectYields,46
9,59,DP,source,DistrictCatalog.Collect,28
9,59,Material,source,DistrictCatalog.Collect,8
9,59,DP,sink,MinionRoster.TryForge,-93600
9,59,Material,sink,MinionRoster.TryForge,-1430
9,59,DP,sink,MinionRoster.TrySummon,-5472
9,59,DP,source,AdventurerAI.ReapEmotion,519
9,59,DP,sink,CommandSystem.TryUse,-3800
9,59,DP,source,AdventurerAI.GrantReturnReward,32788
9,59,Fame,source,AdventurerAI.GrantReturnReward,380
9,59,Fame,source,LureEconomy.OnHeroEscaped,950
9,59,DP,source,AdventurerAI.TakeDamage,102157
9,59,Material,source,AdventurerAI.TakeDamage,1172
9,59,DP,source,Nemesis.OnSlain,6141
9,59,Material,source,Nemesis.OnSlain,24
9,59,DP,stock,end,137867
9,59,Material,stock,end,4107246
9,59,Fame,stock,end,65040
10,1,DP,sink,DungeonFeatureManager.TryPlaceTrap,-150
10,1,DP,source,AdventurerAI.ReapEmotion,150
10,1,DP,source,AdventurerAI.TakeDamage,110
10,1,Material,source,AdventurerAI.TakeDamage,8
10,1,DP,sink,CommandSystem.TryUse,-650
10,1,DP,source,AdventurerAI.GrantReturnReward,552
10,1,Fame,source,AdventurerAI.GrantReturnReward,30
10,1,Fame,source,LureEconomy.OnHeroEscaped,75
10,1,DP,stock,end,212
10,1,Material,stock,end,8
10,1,Fame,stock,end,105
10,2,DP,source,SurfaceMap.CollectYields,18
10,2,Material,source,SurfaceMap.CollectYields,1
10,2,Fame,source,SurfaceMap.CollectYields,4
10,2,DP,source,EraSystem.TickTurn,600
10,2,Fame,source,EraSystem.TickTurn,25
10,2,DP,sink,MinionRoster.TryForge,-236
10,2,DP,sink,MinionEvolution.TryEvolve,-225
10,2,DP,sink,DungeonFeatureManager.TryPlaceTrap,-300
10,2,DP,sink,MinionRoster.TrySummon,-60
10,2,DP,source,AdventurerAI.ReapEmotion,110
10,2,DP,source,AdventurerAI.TakeDamage,74
10,2,Material,source,AdventurerAI.TakeDamage,4
10,2,DP,source,AdventurerAI.GrantReturnReward,552
10,2,Fame,source,AdventurerAI.GrantReturnReward,40
10,2,Fame,source,LureEconomy.OnHeroEscaped,100
10,2,DP,sink,CommandSystem.TryUse,-650
10,2,DP,stock,end,95
10,2,Material,stock,end,13
10,2,Fame,stock,end,274
10,3,DP,source,SurfaceMap.CollectYields,18
10,3,Material,source,SurfaceMap.CollectYields,1
10,3,Fame,source,SurfaceMap.CollectYields,4
10,3,DP,source,EraSystem.TickTurn,600
10,3,Material,source,EraSystem.TickTurn,10
10,3,Fame,source,EraSystem.TickTurn,25
10,3,DP,sink,MinionRoster.TryForge,-236
10,3,DP,sink,MinionEvolution.TryEvolve,-175
10,3,DP,sink,DungeonFeatureManager.TryPlaceTrap,-150
10,3,DP,sink,MinionRoster.TrySummon,-147
10,3,DP,source,AdventurerAI.ReapEmotion,114
10,3,DP,source,AdventurerAI.TakeDamage,164
10,3,Material,source,AdventurerAI.TakeDamage,10
10,3,DP,source,AdventurerAI.GrantReturnReward,575
10,3,Fame,source,AdventurerAI.GrantReturnReward,30
10,3,Fame,source,LureEconomy.OnHeroEscaped,75
10,3,DP,sink,CommandSystem.TryUse,-650
10,3,DP,stock,end,208
10,3,Material,stock,end,34
10,3,Fame,stock,end,408
10,4,DP,source,SurfaceMap.CollectYields,18
10,4,Material,source,SurfaceMap.CollectYields,1
10,4,Fame,source,SurfaceMap.CollectYields,4
10,4,DP,source,EraSystem.TickTurn,600
10,4,DP,sink,MinionRoster.TryForge,-236
10,4,DP,sink,MinionEvolution.TryEvolve,-225
10,4,DP,sink,DungeonFeatureManager.TryPlaceTrap,-300
10,4,DP,sink,MinionRoster.TrySummon,-45
10,4,DP,source,AdventurerAI.TakeDamage,504
10,4,Material,source,AdventurerAI.TakeDamage,21
10,4,DP,source,AdventurerAI.ReapEmotion,123
10,4,DP,sink,CommandSystem.TryUse,-1150
10,4,DP,source,AdventurerAI.GrantReturnReward,180
10,4,Fame,source,AdventurerAI.GrantReturnReward,10
10,4,Fame,source,LureEconomy.OnHeroEscaped,25
10,4,DP,source,Nemesis.OnSlain,502
10,4,Material,source,Nemesis.OnSlain,5
10,4,DP,stock,end,179
10,4,Material,stock,end,61
10,4,Fame,stock,end,447
10,5,DP,source,SurfaceMap.CollectYields,18
10,5,Material,source,SurfaceMap.CollectYields,1
10,5,Fame,source,SurfaceMap.CollectYields,4
10,5,DP,source,EraSystem.TickTurn,600
10,5,DP,sink,MinionRoster.TryForge,-212
10,5,DP,sink,MinionEvolution.TryEvolve,-200
10,5,DP,sink,DungeonFeatureManager.TryPlaceTrap,-300
10,5,DP,sink,MinionRoster.TrySummon,-72
10,5,DP,source,AdventurerAI.ReapEmotion,118
10,5,DP,source,AdventurerAI.TakeDamage,516
10,5,Material,source,AdventurerAI.TakeDamage,29
10,5,DP,sink,CommandSystem.TryUse,-650
10,5,DP,source,AdventurerAI.GrantReturnReward,411
10,5,Fame,source,AdventurerAI.GrantReturnReward,20
10,5,Fame,source,LureEconomy.OnHeroEscaped,50
10,5,DP,source,Nemesis.OnSlain,714
10,5,Material,source,Nemesis.OnSlain,7
10,5,DP,stock,end,1122
10,5,Material,stock,end,98
10,5,Fame,stock,end,521
10,6,DP,source,SurfaceMap.CollectYields,39
10,6,Material,source,SurfaceMap.CollectYields,2
10,6,Fame,source,SurfaceMap.CollectYields,9
10,6,DP,source,EraSystem.TickTurn,600
10,6,Material,source,EraSystem.TickTurn,10
10,6,DP,sink,MinionRoster.TryForge,-212
10,6,DP,sink,DungeonFloorManager.TryAddFloor,-800
10,6,DP,sink,DungeonFloorManager.TryExpandFloor,-400
10,6,DP,sink,DungeonFeatureManager.TryPlaceTrap,-150
10,6,DP,sink,MinionRoster.TrySummon,-192
10,6,DP,source,AdventurerAI.ReapEmotion,214
10,6,DP,source,AdventurerAI.GrantReturnReward,441
10,6,Fame,source,AdventurerAI.GrantReturnReward,20
10,6,Fame,source,LureEconomy.OnHeroEscaped,50
10,6,DP,sink,CommandSystem.TryUse,-2300
10,6,DP,source,AdventurerAI.TakeDamage,746
10,6,Material,source,AdventurerAI.TakeDamage,41
10,6,DP,source,Nemesis.OnSlain,1102
10,6,Material,source,Nemesis.OnSlain,10
10,6,DP,stock,end,210
10,6,Material,stock,end,161
10,6,Fame,stock,end,600
10,7,DP,source,SurfaceMap.CollectYields,39
10,7,Material,source,SurfaceMap.CollectYields,2
10,7,Fame,source,SurfaceMap.CollectYields,9
10,7,DP,source,EraSystem.TickTurn,1020
10,7,DP,sink,MinionRoster.TryForge,-212
10,7,DP,sink,DungeonFloorManager.TryExpandFloor,-400
10,7,DP,sink,MinionEvolution.TryEvolve,-325
10,7,DP,sink,DungeonFeatureManager.TryPlaceTrap,-150
10,7,DP,sink,MinionRoster.TrySummon,-179
10,7,DP,source,AdventurerAI.ReapEmotion,112
10,7,DP,source,AdventurerAI.TakeDamage,443
10,7,Material,source,AdventurerAI.TakeDamage,10
10,7,DP,sink,CommandSystem.TryUse,-1150
10,7,DP,source,AdventurerAI.GrantReturnReward,1151
10,7,Fame,source,AdventurerAI.GrantReturnReward,40
10,7,Fame,source,LureEconomy.OnHeroEscaped,100
10,7,DP,source,Nemesis.OnSlain,567
10,7,Material,source,Nemesis.OnSlain,5
10,7,DP,stock,end,1126
10,7,Material,stock,end,178
10,7,Fame,stock,end,749
10,8,DP,source,SurfaceMap.CollectYields,39
10,8,Material,source,SurfaceMap.CollectYields,2
10,8,Fame,source,SurfaceMap.CollectYields,9
10,8,DP,source,EraSystem.TickTurn,600
10,8,DP,sink,MinionRoster.TryForge,-212
10,8,DP,sink,DungeonFloorManager.TryExpandFloor,-800
10,8,DP,sink,MinionEvolution.TryEvolve,-450
10,8,DP,sink,DungeonFeatureManager.TryPlaceTrap,-150
10,8,DP,sink,MinionRoster.TrySummon,-128
10,8,DP,source,AdventurerAI.ReapEmotion,142
10,8,DP,source,AdventurerAI.TakeDamage,945
10,8,Material,source,AdventurerAI.TakeDamage,46
10,8,DP,source,AdventurerAI.GrantReturnReward,955
10,8,Fame,source,AdventurerAI.GrantReturnReward,30
10,8,Fame,source,LureEconomy.OnHeroEscaped,75
10,8,DP,sink,CommandSystem.TryUse,-1450
10,8,DP,source,Nemesis.OnSlain,1198
10,8,Material,source,Nemesis.OnSlain,10
10,8,DP,stock,end,1815
10,8,Material,stock,end,236
10,8,Fame,stock,end,863
10,9,DP,source,SurfaceMap.CollectYields,45
10,9,Material,source,SurfaceMap.CollectYields,2
10,9,Fame,source,SurfaceMap.CollectYields,11
10,9,DP,source,EraSystem.TickTurn,600
10,9,Fame,source,EraSystem.TickTurn,25
10,9,DP,sink,MinionRoster.TryForge,-190
10,9,DP,sink,DungeonFloorManager.TryExpandFloor,-800
10,9,DP,sink,MinionEvolution.TryEvolve,-1050
10,9,DP,sink,MinionRoster.TryEvolveIndividual,-75
10,9,DP,sink,DungeonFeatureManager.TryPlaceTrap,-150
10,9,DP,sink,MinionRoster.TrySummon,-195
10,9,DP,source,AdventurerAI.ReapEmotion,148
10,9,DP,source,AdventurerAI.TakeDamage,902
10,9,Material,source,AdventurerAI.TakeDamage,36
10,9,DP,source,AdventurerAI.GrantReturnReward,1506
10,9,Fame,source,AdventurerAI.GrantReturnReward,40
10,9,Fame,source,LureEconomy.OnHeroEscaped,100
10,9,DP,sink,CommandSystem.TryUse,-2300
10,9,DP,source,Nemesis.OnSlain,1452
10,9,Material,source,Nemesis.OnSlain,12
10,9,DP,stock,end,1708
10,9,Material,stock,end,286
10,9,Fame,stock,end,1039
10,10,DP,source,SurfaceMap.CollectYields,79
10,10,Material,source,SurfaceMap.CollectYields,3
10,10,Fame,source,SurfaceMap.CollectYields,17
10,10,DP,sink,MinionRoster.TryForge,-190
10,10,DP,sink,MinionRoster.TryEvolveIndividual,-1250
10,10,DP,sink,DungeonFeatureManager.TryPlaceTrap,-150
10,10,DP,sink,MinionRoster.TrySummon,-176
10,10,DP,source,AdventurerAI.ReapEmotion,158
10,10,DP,source,AdventurerAI.GrantReturnReward,555
10,10,Fame,source,AdventurerAI.GrantReturnReward,10
10,10,Fame,source,LureEconomy.OnHeroEscaped,25
10,10,DP,sink,CommandSystem.TryUse,-1150
10,10,DP,source,AdventurerAI.TakeDamage,766
10,10,Material,source,AdventurerAI.TakeDamage,18
10,10,DP,source,Nemesis.OnSlain,632
10,10,Material,source,Nemesis.OnSlain,5
10,10,DP,stock,end,982
10,10,Material,stock,end,312
10,10,Fame,stock,end,1091
10,11,DP,source,SurfaceMap.CollectYields,79
10,11,Material,source,SurfaceMap.CollectYields,3
10,11,Fame,source,SurfaceMap.CollectYields,17
10,11,DP,sink,MinionRoster.TryForge,-570
10,11,DP,sink,MinionRoster.TryEvolveIndividual,-75
10,11,DP,sink,DungeonFeatureManager.TryPlaceTrap,-150
10,11,DP,sink,MinionRoster.TrySummon,-264
10,11,DP,source,AdventurerAI.ReapEmotion,348
10,11,DP,sink,CommandSystem.TryUse,-2300
10,11,DP,source,AdventurerAI.TakeDamage,1106
10,11,Material,source,AdventurerAI.TakeDamage,58
10,11,DP,source,AdventurerAI.GrantReturnReward,1814
10,11,Fame,source,AdventurerAI.GrantReturnReward,50
10,11,Fame,source,LureEconomy.OnHeroEscaped,125
10,11,DP,source,Nemesis.OnSlain,1296
10,11,Material,source,Nemesis.OnSlain,10
10,11,DP,stock,end,2266
10,11,Material,stock,end,383
10,11,Fame,stock,end,1283
10,12,DP,source,SurfaceMap.CollectYields,79
10,12,Material,source,SurfaceMap.CollectYields,3
10,12,Fame,source,SurfaceMap.CollectYields,17
10,12,DP,source,DistrictCatalog.Collect,84
10,12,DP,source,EraSystem.TickTurn,1020
10,12,DP,sink,MinionRoster.TryForge,-584
10,12,DP,sink,DungeonFloorManager.TryAddFloor,-2000
10,12,DP,sink,DungeonFloorManager.TryExpandFloor,-400
10,12,DP,sink,DungeonFeatureManager.TryPlaceTrap,-300
10,12,DP,sink,MinionRoster.TrySummon,-150
10,12,DP,source,AdventurerAI.ReapEmotion,162
10,12,DP,source,AdventurerAI.TakeDamage,753
10,12,Material,source,AdventurerAI.TakeDamage,16
10,12,DP,sink,CommandSystem.TryUse,-2300
10,12,DP,source,AdventurerAI.GrantReturnReward,2389
10,12,Fame,source,AdventurerAI.GrantReturnReward,80
10,12,Fame,source,LureEconomy.OnHeroEscaped,200
10,12,DP,source,Nemesis.OnSlain,1360
10,12,Material,source,Nemesis.OnSlain,10
10,12,DP,stock,end,2379
10,12,Material,stock,end,412
10,12,Fame,stock,end,1580
10,13,DP,source,SurfaceMap.CollectYields,60
10,13,Material,source,SurfaceMap.CollectYields,3
10,13,Fame,source,SurfaceMap.CollectYields,14
10,13,DP,source,DistrictCatalog.Collect,98
10,13,DP,source,EraSystem.TickTurn,300
10,13,DP,sink,MinionRoster.TryForge,-190
10,13,DP,sink,DungeonFloorManager.TryExpandFloor,-2300
10,13,DP,sink,DungeonFeatureManager.TryPlaceTrap,-150
10,13,DP,sink,MinionRoster.TrySummon,-193
10,13,DP,source,AdventurerAI.ReapEmotion,163
10,13,DP,source,AdventurerAI.GrantReturnReward,3014
10,13,Fame,source,AdventurerAI.GrantReturnReward,110
10,13,Fame,source,LureEconomy.OnHeroEscaped,275
10,13,DP,sink,CommandSystem.TryUse,-1150
10,13,DP,source,Nemesis.OnSlain,1394
10,13,Material,source,Nemesis.OnSlain,10
10,13,DP,source,AdventurerAI.TakeDamage,523
10,13,Material,source,AdventurerAI.TakeDamage,25
10,13,DP,stock,end,3948
10,13,Material,stock,end,450
10,13,Fame,stock,end,1979
10,14,DP,source,SurfaceMap.CollectYields,80
10,14,Material,source,SurfaceMap.CollectYields,4
10,14,Fame,source,SurfaceMap.CollectYields,18
10,14,DP,source,DistrictCatalog.Collect,98
10,14,DP,sink,MinionRoster.TryForge,-3032
10,14,DP,sink,MinionRoster.TryEvolveIndividual,-575
10,14,DP,sink,DungeonFeatureManager.TryPlaceTrap,-300
10,14,DP,sink,MinionRoster.TrySummon,-201
10,14,DP,source,AdventurerAI.ReapEmotion,202
10,14,DP,source,AdventurerAI.GrantReturnReward,7212
10,14,Fame,source,AdventurerAI.GrantReturnReward,140
10,14,Fame,source,LureEconomy.OnHeroEscaped,350
10,14,DP,sink,CommandSystem.TryUse,-4800
10,14,DP,source,AdventurerAI.TakeDamage,2465
10,14,Material,source,AdventurerAI.TakeDamage,67
10,14,DP,source,Nemesis.OnSlain,2187
10,14,Material,source,Nemesis.OnSlain,15
10,14,DP,stock,end,7284
10,14,Material,stock,end,536
10,14,Fame,stock,end,2487
10,15,DP,source,SurfaceMap.CollectYields,82
10,15,Material,source,SurfaceMap.CollectYields,4
10,15,Fame,source,SurfaceMap.CollectYields,18
10,15,DP,source,DistrictCatalog.Collect,98
10,15,DP,sink,MinionRoster.TryForge,-1590
10,15,DP,sink,DungeonFloorManager.TryAddFloor,-5000
10,15,DP,sink,DungeonFloorManager.TryExpandFloor,-400
10,15,DP,sink,MinionRoster.TryEvolveIndividual,-75
10,15,DP,sink,DungeonFeatureManager.TryPlaceTrap,-150
10,15,DP,sink,MinionRoster.TrySummon,-226
10,15,DP,source,AdventurerAI.ReapEmotion,324
10,15,DP,sink,CommandSystem.TryUse,-2250
10,15,DP,source,AdventurerAI.GrantReturnReward,3737
10,15,Fame,source,AdventurerAI.GrantReturnReward,150
10,15,Fame,source,LureEconomy.OnHeroEscaped,375
10,15,DP,source,Nemesis.OnSlain,761
10,15,Material,source,Nemesis.OnSlain,5
10,15,DP,source,AdventurerAI.TakeDamage,431
10,15,Material,source,AdventurerAI.TakeDamage,13
10,15,DP,stock,end,3026
10,15,Material,stock,end,558
10,15,Fame,stock,end,3030
10,16,DP,source,SurfaceMap.CollectYields,82
10,16,Material,source,SurfaceMap.CollectYields,4
10,16,Fame,source,SurfaceMap.CollectYields,18
10,16,DP,source,DistrictCatalog.Collect,98
10,16,DP,sink,MinionRoster.TryForge,-2638
10,16,DP,sink,DungeonFeatureManager.TryPlaceTrap,-300
10,16,DP,sink,MinionRoster.TrySummon,-267
10,16,DP,source,AdventurerAI.ReapEmotion,523
10,16,DP,source,AdventurerAI.TakeDamage,2439
10,16,Material,source,AdventurerAI.TakeDamage,56
10,16,DP,sink,CommandSystem.TryUse,-5600
10,16,DP,source,AdventurerAI.GrantReturnReward,6069
10,16,Fame,source,AdventurerAI.GrantReturnReward,120
10,16,Fame,source,LureEconomy.OnHeroEscaped,300
10,16,DP,stock,end,3432
10,16,Material,stock,end,618
10,16,Fame,stock,end,3468
10,17,DP,source,SurfaceMap.CollectYields,82
10,17,Material,source,SurfaceMap.CollectYields,4
10,17,Fame,source,SurfaceMap.CollectYields,18
10,17,DP,source,DistrictCatalog.Collect,98
10,17,DP,source,EraSystem.TickTurn,720
10,17,DP,sink,MinionRoster.TryForge,-1400
10,17,DP,sink,DungeonFloorManager.TryExpandFloor,-2300
10,17,DP,sink,MinionRoster.TryEvolveIndividual,-75
10,17,DP,sink,DungeonFeatureManager.TryPlaceTrap,-300
10,17,DP,sink,MinionRoster.TrySummon,-240
10,17,DP,source,AdventurerAI.ReapEmotion,292
10,17,DP,sink,CommandSystem.TryUse,-4350
10,17,DP,source,AdventurerAI.GrantReturnReward,5310
10,17,Fame,source,AdventurerAI.GrantReturnReward,110
10,17,Fame,source,LureEconomy.OnHeroEscaped,275
10,17,DP,source,AdventurerAI.TakeDamage,331
10,17,Material,source,AdventurerAI.TakeDamage,6
10,17,DP,stock,end,1600
10,17,Material,stock,end,628
10,17,Fame,stock,end,3871
10,18,DP,source,SurfaceMap.CollectYields,103
10,18,Material,source,SurfaceMap.CollectYields,5
10,18,Fame,source,SurfaceMap.CollectYields,23
10,18,DP,source,DistrictCatalog.Collect,98
10,18,DP,sink,MinionRoster.TryForge,-1210
10,18,DP,sink,DungeonFeatureManager.TryPlaceTrap,-300
10,18,DP,sink,MinionRoster.TrySummon,-288
10,18,DP,source,AdventurerAI.ReapEmotion,720
10,18,DP,sink,CommandSystem.TryUse,-5100
10,18,DP,source,AdventurerAI.GrantReturnReward,9431
10,18,Fame,source,AdventurerAI.GrantReturnReward,170
10,18,Fame,source,LureEconomy.OnHeroEscaped,425
10,18,DP,source,AdventurerAI.TakeDamage,2457
10,18,Material,source,AdventurerAI.TakeDamage,109
10,18,DP,stock,end,7511
10,18,Material,stock,end,742
10,18,Fame,stock,end,4489
10,19,DP,source,SurfaceMap.CollectYields,103
10,19,Material,source,SurfaceMap.CollectYields,5
10,19,Fame,source,SurfaceMap.CollectYields,23
10,19,DP,source,DistrictCatalog.Collect,126
10,19,DP,source,EraSystem.TickTurn,300
10,19,DP,sink,MinionRoster.TryForge,-6979
10,19,DP,sink,MinionRoster.TryEvolveIndividual,-325
10,19,DP,sink,DungeonFeatureManager.TryPlaceTrap,-450
10,19,DP,sink,MinionRoster.TrySummon,-269
10,19,DP,source,AdventurerAI.ReapEmotion,141
10,19,DP,source,AdventurerAI.GrantReturnReward,12669
10,19,Fame,source,AdventurerAI.GrantReturnReward,280
10,19,Fame,source,LureEconomy.OnHeroEscaped,700
10,19,DP,sink,CommandSystem.TryUse,-6050
10,19,DP,source,AdventurerAI.TakeDamage,1879
10,19,Material,source,AdventurerAI.TakeDamage,22
10,19,DP,stock,end,8656
10,19,Material,stock,end,769
10,19,Fame,stock,end,5492
10,20,DP,source,SurfaceMap.CollectYields,139
10,20,Material,source,SurfaceMap.CollectYields,5
10,20,Fame,source,SurfaceMap.CollectYields,29
10,20,DP,source,DistrictCatalog.Collect,126
10,20,DP,sink,MinionRoster.TryForge,-8218
10,20,DP,sink,DungeonFeatureManager.TryPlaceTrap,-450
10,20,DP,sink,MinionRoster.TrySummon,-226
10,20,DP,source,AdventurerAI.ReapEmotion,570
10,20,DP,sink,CommandSystem.TryUse,-5200
10,20,DP,source,AdventurerAI.GrantReturnReward,17810
10,20,Fame,source,AdventurerAI.GrantReturnReward,340
10,20,Fame,source,LureEconomy.OnHeroEscaped,850
10,20,DP,source,AdventurerAI.TakeDamage,763
10,20,Material,source,AdventurerAI.TakeDamage,4
10,20,DP,stock,end,13970
10,20,Material,stock,end,778
10,20,Fame,stock,end,6711
10,21,DP,source,SurfaceMap.CollectYields,166
10,21,Material,source,SurfaceMap.CollectYields,6
10,21,Fame,source,SurfaceMap.CollectYields,34
10,21,DP,source,DistrictCatalog.Collect,126
10,21,DP,sink,MinionRoster.TryForge,-11251
10,21,DP,sink,DungeonFloorManager.TryExpandFloor,-1500
10,21,DP,sink,MinionRoster.TryEvolveIndividual,-325
10,21,Material,sink,MinionRoster.TryForge,-4
10,21,DP,sink,DungeonFeatureManager.TryPlaceTrap,-900
10,21,DP,sink,MinionRoster.TrySummon,-283
10,21,DP,source,AdventurerAI.ReapEmotion,162
10,21,DP,source,AdventurerAI.GrantReturnReward,11132
10,21,Fame,source,AdventurerAI.GrantReturnReward,260
10,21,Fame,source,LureEconomy.OnHeroEscaped,650
10,21,DP,sink,CommandSystem.TryUse,-4900
10,21,DP,source,AdventurerAI.TakeDamage,1579
10,21,Material,source,AdventurerAI.TakeDamage,122
10,21,DP,stock,end,7976
10,21,Material,stock,end,902
10,21,Fame,stock,end,7655
10,22,DP,source,SurfaceMap.CollectYields,166
10,22,Material,source,SurfaceMap.CollectYields,6
10,22,Fame,source,SurfaceMap.CollectYields,34
10,22,DP,source,DistrictCatalog.Collect,126
10,22,DP,sink,MinionRoster.TryForge,-6596
10,22,DP,sink,MinionRoster.TryEvolveIndividual,-450
10,22,Material,sink,MinionRoster.TryForge,-12
10,22,DP,sink,DungeonFeatureManager.TryPlaceTrap,-1050
10,22,DP,sink,MinionRoster.TrySummon,-162
10,22,DP,source,AdventurerAI.ReapEmotion,415
10,22,DP,sink,CommandSystem.TryUse,-5550
10,22,DP,source,AdventurerAI.GrantReturnReward,10884
10,22,Fame,source,AdventurerAI.GrantReturnReward,270
10,22,Fame,source,LureEconomy.OnHeroEscaped,675
10,22,DP,source,AdventurerAI.TakeDamage,2510
10,22,Material,source,AdventurerAI.TakeDamage,342
10,22,DP,stock,end,8269
10,22,Material,stock,end,1238
10,22,Fame,stock,end,8634
10,23,DP,source,SurfaceMap.CollectYields,166
10,23,Material,source,SurfaceMap.CollectYields,6
10,23,Fame,source,SurfaceMap.CollectYields,34
10,23,DP,source,DistrictCatalog.Collect,112
10,23,DP,sink,MinionRoster.TryForge,-7470
10,23,DP,sink,MinionRoster.TryEvolveIndividual,-225
10,23,Material,sink,MinionRoster.TryForge,-22
10,23,DP,sink,DungeonFeatureManager.TryPlaceTrap,-600
10,23,DP,sink,MinionRoster.TrySummon,-242
10,23,DP,source,AdventurerAI.ReapEmotion,194
10,23,DP,source,AdventurerAI.GrantReturnReward,14081
10,23,Fame,source,AdventurerAI.GrantReturnReward,240
10,23,Fame,source,LureEconomy.OnHeroEscaped,600
10,23,DP,sink,CommandSystem.TryUse,-6000
10,23,DP,source,AdventurerAI.TakeDamage,5872
10,23,Material,source,AdventurerAI.TakeDamage,458
10,23,DP,stock,end,14157
10,23,Material,stock,end,1680
10,23,Fame,stock,end,9508
10,24,DP,source,SurfaceMap.CollectYields,126
10,24,Material,source,SurfaceMap.CollectYields,6
10,24,Fame,source,SurfaceMap.CollectYields,28
10,24,DP,source,DistrictCatalog.Collect,126
10,24,DP,sink,MinionRoster.TryForge,-168
10,24,DP,sink,MinionEvolution.TryEvolve,-4900
10,24,DP,sink,MinionRoster.TryEvolveIndividual,-9000
10,24,DP,sink,DungeonFeatureManager.TryPlaceTrap,-150
10,24,DP,sink,MinionRoster.TrySummon,-168
10,24,DP,source,AdventurerAI.ReapEmotion,386
10,24,DP,sink,CommandSystem.TryUse,-5200
10,24,DP,source,AdventurerAI.GrantReturnReward,9785
10,24,Fame,source,AdventurerAI.GrantReturnReward,250
10,24,Fame,source,LureEconomy.OnHeroEscaped,625
10,24,DP,source,AdventurerAI.TakeDamage,9219
10,24,Material,source,AdventurerAI.TakeDamage,519
10,24,DP,stock,end,14213
10,24,Material,stock,end,2205
10,24,Fame,stock,end,10411
10,25,DP,source,SurfaceMap.CollectYields,146
10,25,Material,source,SurfaceMap.CollectYields,7
10,25,Fame,source,SurfaceMap.CollectYields,32
10,25,DP,source,DistrictCatalog.Collect,28
10,25,DP,source,EraSystem.TickTurn,3840
10,25,DP,sink,MinionRoster.TryForge,-1416
10,25,DP,sink,DungeonFloorManager.TryAddFloor,-12500
10,25,DP,sink,DungeonFloorManager.TryExpandFloor,-400
10,25,DP,sink,MinionRoster.TryEvolveIndividual,-3450
10,25,DP,sink,DungeonFeatureManager.TryPlaceTrap,-300
10,25,DP,sink,MinionRoster.TrySummon,-130
10,25,DP,source,AdventurerAI.ReapEmotion,890
10,25,DP,sink,CommandSystem.TryUse,-5550
10,25,DP,source,AdventurerAI.TakeDamage,3344
10,25,Material,source,AdventurerAI.TakeDamage,123
10,25,Fame,source,AdventurerAI.GrantReturnReward,360
10,25,Fame,source,LureEconomy.OnHeroEscaped,900
10,25,DP,source,AdventurerAI.GrantReturnReward,24701
10,25,DP,stock,end,23416
10,25,Material,stock,end,2335
10,25,Fame,stock,end,11703
10,26,DP,source,SurfaceMap.CollectYields,146
10,26,Material,source,SurfaceMap.CollectYields,7
10,26,Fame,source,SurfaceMap.CollectYields,32
10,26,DP,source,DistrictCatalog.Collect,28
10,26,DP,source,EraSystem.TickTurn,3840
10,26,DP,sink,MinionRoster.TryForge,-20316
10,26,DP,sink,DungeonFloorManager.TryExpandFloor,-2300
10,26,DP,sink,MinionRoster.TryEvolveIndividual,-950
10,26,Material,sink,MinionRoster.TryForge,-60
10,26,DP,sink,DungeonFeatureManager.TryPlaceTrap,-3600
10,26,DP,sink,MinionRoster.TrySummon,-261
10,26,DP,source,AdventurerAI.ReapEmotion,701
10,26,DP,sink,CommandSystem.TryUse,-3800
10,26,DP,source,AdventurerAI.GrantReturnReward,14693
10,26,Fame,source,AdventurerAI.GrantReturnReward,120
10,26,Fame,source,LureEconomy.OnHeroEscaped,300
10,26,DP,source,AdventurerAI.TakeDamage,11066
10,26,Material,source,AdventurerAI.TakeDamage,213
10,26,DP,stock,end,22663
10,26,Material,stock,end,2495
10,26,Fame,stock,end,12155
10,27,DP,source,SurfaceMap.CollectYields,146
10,27,Material,source,SurfaceMap.CollectYields,7
10,27,Fame,source,SurfaceMap.CollectYields,32
10,27,DP,source,DistrictCatalog.Collect,28
10,27,DP,source,EraSystem.TickTurn,6528
10,27,DP,sink,MinionRoster.TryForge,-18150
10,27,DP,sink,DungeonFloorManager.TryExpandFloor,-9000
10,27,DP,sink,MinionRoster.TryEvolveIndividual,-725
10,27,Material,sink,MinionRoster.TryForge,-78
10,27,DP,sink,DungeonFeatureManager.TryPlaceTrap,-1200
10,27,DP,sink,MinionRoster.TrySummon,-261
10,27,DP,source,AdventurerAI.ReapEmotion,794
10,27,DP,source,AdventurerAI.GrantReturnReward,25542
10,27,Fame,source,AdventurerAI.GrantReturnReward,430
10,27,Fame,source,LureEconomy.OnHeroEscaped,1075
10,27,DP,sink,CommandSystem.TryUse,-5600
10,27,DP,source,AdventurerAI.TakeDamage,5544
10,27,Material,source,AdventurerAI.TakeDamage,38
10,27,DP,stock,end,26309
10,27,Material,stock,end,2462
10,27,Fame,stock,end,13692
10,28,DP,source,SurfaceMap.CollectYields,169
10,28,Material,source,SurfaceMap.CollectYields,8
10,28,Fame,source,SurfaceMap.CollectYields,37
10,28,DP,source,DistrictCatalog.Collect,28
10,28,DP,source,EraSystem.TickTurn,3840
10,28,DP,sink,MinionRoster.TryForge,-23460
10,28,DP,sink,DungeonFloorManager.TryExpandFloor,-5000
10,28,DP,sink,MinionRoster.TryEvolveIndividual,-350
10,28,Material,sink,MinionRoster.TryForge,-180
10,28,DP,sink,DungeonFeatureManager.TryPlaceTrap,-1350
10,28,DP,sink,MinionRoster.TrySummon,-180
10,28,DP,source,AdventurerAI.ReapEmotion,284
10,28,DP,source,AdventurerAI.GrantReturnReward,25333
10,28,Fame,source,AdventurerAI.GrantReturnReward,450
10,28,Fame,source,LureEconomy.OnHeroEscaped,1125
10,28,DP,sink,CommandSystem.TryUse,-6050
10,28,DP,source,AdventurerAI.TakeDamage,6523
10,28,Material,source,AdventurerAI.TakeDamage,102
10,28,DP,stock,end,26096
10,28,Material,stock,end,2392
10,28,Fame,stock,end,15304
10,29,DP,source,SurfaceMap.CollectYields,149
10,29,Material,source,SurfaceMap.CollectYields,7
10,29,Fame,source,SurfaceMap.CollectYields,33
10,29,DP,source,DistrictCatalog.Collect,28
10,29,DP,source,EraSystem.TickTurn,6528
10,29,DP,sink,MinionRoster.TryForge,-348
10,29,DP,sink,DungeonFloorManager.TryAddFloor,-31250
10,29,DP,sink,DungeonFloorManager.TryExpandFloor,-400
10,29,DP,sink,MinionRoster.TryEvolveIndividual,-225
10,29,DP,sink,DungeonFeatureManager.TryPlaceTrap,-300
10,29,DP,sink,MinionRoster.TrySummon,-233
10,29,DP,source,IncidentSystem.Apply,600
10,29,DP,sink,CommandSystem.TryUse,-6400
10,29,DP,source,AdventurerAI.ReapEmotion,611
10,29,DP,source,AdventurerAI.GrantReturnReward,27381
10,29,Fame,source,AdventurerAI.GrantReturnReward,450
10,29,Fame,source,LureEconomy.OnHeroEscaped,1125
10,29,DP,source,AdventurerAI.TakeDamage,8183
10,29,Material,source,AdventurerAI.TakeDamage,204
10,29,DP,stock,end,30420
10,29,Material,stock,end,2603
10,29,Fame,stock,end,16912
10,30,DP,source,SurfaceMap.CollectYields,149
10,30,Material,source,SurfaceMap.CollectYields,7
10,30,Fame,source,SurfaceMap.CollectYields,33
10,30,DP,source,DistrictCatalog.Collect,28
10,30,DP,source,EraSystem.TickTurn,3840
10,30,Material,source,EraSystem.TickTurn,64
10,30,DP,sink,MinionRoster.TryForge,-27372
10,30,DP,sink,DungeonFloorManager.TryExpandFloor,-4800
10,30,DP,sink,MinionRoster.TryEvolveIndividual,-625
10,30,Material,sink,MinionRoster.TryForge,-200
10,30,DP,sink,DungeonFeatureManager.TryPlaceTrap,-1350
10,30,DP,sink,MinionRoster.TrySummon,-279
10,30,DP,source,AdventurerAI.ReapEmotion,511
10,30,DP,source,AdventurerAI.GrantReturnReward,28081
10,30,Fame,source,AdventurerAI.GrantReturnReward,520
10,30,Fame,source,LureEconomy.OnHeroEscaped,1300
10,30,DP,sink,CommandSystem.TryUse,-5550
10,30,DP,source,AdventurerAI.TakeDamage,7904
10,30,Material,source,AdventurerAI.TakeDamage,215
10,30,DP,stock,end,30957
10,30,Material,stock,end,2689
10,30,Fame,stock,end,18765
10,31,DP,source,SurfaceMap.CollectYields,149
10,31,Material,source,SurfaceMap.CollectYields,7
10,31,Fame,source,SurfaceMap.CollectYields,33
10,31,DP,source,DistrictCatalog.Collect,28
10,31,DP,source,EraSystem.TickTurn,3840
10,31,Material,source,EraSystem.TickTurn,32
10,31,Fame,source,EraSystem.TickTurn,80
10,31,DP,sink,MinionRoster.TryForge,-32700
10,31,DP,sink,MinionRoster.TryEvolveIndividual,-750
10,31,Material,sink,MinionRoster.TryForge,-262
10,31,DP,sink,DungeonFeatureManager.TryPlaceTrap,-1350
10,31,DP,sink,MinionRoster.TrySummon,-144
10,31,DP,source,AdventurerAI.ReapEmotion,409
10,31,DP,sink,CommandSystem.TryUse,-5200
10,31,DP,source,AdventurerAI.TakeDamage,932
10,31,Material,source,AdventurerAI.TakeDamage,3
10,31,DP,source,AdventurerAI.GrantReturnReward,20666
10,31,Fame,source,AdventurerAI.GrantReturnReward,680
10,31,Fame,source,LureEconomy.OnHeroEscaped,1700
10,31,DP,stock,end,16837
10,31,Material,stock,end,2469
10,31,Fame,stock,end,21258
10,32,DP,source,SurfaceMap.CollectYields,172
10,32,Material,source,SurfaceMap.CollectYields,9
10,32,Fame,source,SurfaceMap.CollectYields,38
10,32,DP,source,DistrictCatalog.Collect,28
10,32,DP,source,EraSystem.TickTurn,6528
10,32,Fame,source,EraSystem.TickTurn,192
10,32,DP,sink,MinionRoster.TryForge,-21420
10,32,DP,sink,MinionRoster.TryEvolveIndividual,-175
10,32,Material,sink,MinionRoster.TryForge,-218
10,32,DP,sink,DungeonFeatureManager.TryPlaceTrap,-1800
10,32,DP,sink,MinionRoster.TrySummon,-148
10,32,DP,source,AdventurerAI.ReapEmotion,657
10,32,DP,sink,CommandSystem.TryUse,-6950
10,32,DP,source,AdventurerAI.TakeDamage,21514
10,32,Material,source,AdventurerAI.TakeDamage,589
10,32,Fame,source,AdventurerAI.GrantReturnReward,380
10,32,Fame,source,LureEconomy.OnHeroEscaped,950
10,32,DP,source,AdventurerAI.GrantReturnReward,23546
10,32,DP,stock,end,38789
10,32,Material,stock,end,2849
10,32,Fame,stock,end,22818
10,33,DP,source,SurfaceMap.CollectYields,172
10,33,Material,source,SurfaceMap.CollectYields,9
10,33,Fame,source,SurfaceMap.CollectYields,38
10,33,DP,source,DistrictCatalog.Collect,28
10,33,DP,sink,MinionRoster.TryForge,-37020
10,33,DP,sink,MinionRoster.TryEvolveIndividual,-550
10,33,Material,sink,MinionRoster.TryForge,-398
10,33,DP,sink,DungeonFeatureManager.TryPlaceTrap,-1200
10,33,DP,sink,MinionRoster.TrySummon,-198
10,33,DP,source,AdventurerAI.ReapEmotion,400
10,33,DP,sink,CommandSystem.TryUse,-5200
10,33,DP,source,AdventurerAI.GrantReturnReward,27099
10,33,Fame,source,AdventurerAI.GrantReturnReward,380
10,33,Fame,source,LureEconomy.OnHeroEscaped,950
10,33,DP,source,AdventurerAI.TakeDamage,23193
10,33,Material,source,AdventurerAI.TakeDamage,464
10,33,DP,stock,end,45513
10,33,Material,stock,end,2924
10,33,Fame,stock,end,24186
10,34,DP,source,SurfaceMap.CollectYields,172
10,34,Material,source,SurfaceMap.CollectYields,9
10,34,Fame,source,SurfaceMap.CollectYields,38
10,34,DP,source,DistrictCatalog.Collect,28
10,34,DP,sink,MinionRoster.TryForge,-43260
10,34,DP,sink,MinionRoster.TryEvolveIndividual,-600
10,34,Material,sink,MinionRoster.TryForge,-470
10,34,DP,sink,DungeonFeatureManager.TryPlaceTrap,-1650
10,34,DP,sink,MinionRoster.TrySummon,-198
10,34,DP,source,AdventurerAI.ReapEmotion,191
10,34,DP,source,AdventurerAI.TakeDamage,37211
10,34,Material,source,AdventurerAI.TakeDamage,854
10,34,DP,source,AdventurerAI.GrantReturnReward,16674
10,34,Fame,source,AdventurerAI.GrantReturnReward,280
10,34,Fame,source,LureEconomy.OnHeroEscaped,700
10,34,DP,sink,CommandSystem.TryUse,-6050
10,34,DP,stock,end,48031
10,34,Material,stock,end,3317
10,34,Fame,stock,end,25204
10,35,DP,source,SurfaceMap.CollectYields,172
10,35,Material,source,SurfaceMap.CollectYields,9
10,35,Fame,source,SurfaceMap.CollectYields,38
10,35,DP,source,DistrictCatalog.Collect,28
10,35,DP,source,EraSystem.TickTurn,4608
10,35,DP,sink,MinionRoster.TryForge,-49500
10,35,DP,sink,MinionRoster.TryEvolveIndividual,-600
10,35,Material,sink,MinionRoster.TryForge,-542
10,35,DP,sink,DungeonFeatureManager.TryPlaceTrap,-2550
10,35,DP,sink,MinionRoster.TrySummon,-153
10,35,DP,source,AdventurerAI.ReapEmotion,404
10,35,DP,sink,CommandSystem.TryUse,-5500
10,35,DP,source,AdventurerAI.GrantReturnReward,20029
10,35,Fame,source,AdventurerAI.GrantReturnReward,440
10,35,Fame,source,LureEconomy.OnHeroEscaped,1100
10,35,DP,source,AdventurerAI.TakeDamage,19707
10,35,Material,source,AdventurerAI.TakeDamage,408
10,35,DP,stock,end,34676
10,35,Material,stock,end,3192
10,35,Fame,stock,end,26782
10,36,DP,source,SurfaceMap.CollectYields,172
10,36,Material,source,SurfaceMap.CollectYields,9
10,36,Fame,source,SurfaceMap.CollectYields,38
10,36,DP,source,DistrictCatalog.Collect,28
10,36,DP,sink,MinionRoster.TryForge,-30540
10,36,DP,sink,MinionRoster.TryEvolveIndividual,-550
10,36,Material,sink,MinionRoster.TryForge,-362
10,36,DP,sink,DungeonFeatureManager.TryPlaceTrap,-3600
10,36,DP,sink,MinionRoster.TrySummon,-158
10,36,DP,source,AdventurerAI.ReapEmotion,280
10,36,DP,sink,CommandSystem.TryUse,-6000
10,36,DP,source,AdventurerAI.GrantReturnReward,34776
10,36,Fame,source,AdventurerAI.GrantReturnReward,460
10,36,Fame,source,LureEconomy.OnHeroEscaped,1150
10,36,DP,source,AdventurerAI.TakeDamage,17241
10,36,Material,source,AdventurerAI.TakeDamage,316
10,36,DP,stock,end,46325
10,36,Material,stock,end,3155
10,36,Fame,stock,end,28430
10,37,DP,source,SurfaceMap.CollectYields,172
10,37,Material,source,SurfaceMap.CollectYields,9
10,37,Fame,source,SurfaceMap.CollectYields,38
10,37,DP,source,DistrictCatalog.Collect,28
10,37,DP,sink,MinionRoster.TryForge,-43380
10,37,DP,sink,MinionRoster.TryEvolveIndividual,-550
10,37,Material,sink,MinionRoster.TryForge,-536
10,37,DP,sink,DungeonFeatureManager.TryPlaceTrap,-1950
10,37,DP,sink,MinionRoster.TrySummon,-630
10,37,DP,source,AdventurerAI.ReapEmotion,193
10,37,DP,source,AdventurerAI.GrantReturnReward,31039
10,37,Fame,source,AdventurerAI.GrantReturnReward,440
10,37,Fame,source,LureEconomy.OnHeroEscaped,1100
10,37,DP,sink,CommandSystem.TryUse,-5550
10,37,DP,source,AdventurerAI.TakeDamage,40972
10,37,Material,source,AdventurerAI.TakeDamage,8719
10,37,DP,source,Nemesis.OnSlain,8556
10,37,Material,source,Nemesis.OnSlain,34
10,37,DP,stock,end,75225
10,37,Material,stock,end,11381
10,37,Fame,stock,end,30008
10,38,DP,source,SurfaceMap.CollectYields,172
10,38,Material,source,SurfaceMap.CollectYields,9
10,38,Fame,source,SurfaceMap.CollectYields,38
10,38,DP,source,DistrictCatalog.Collect,28
10,38,DP,sink,MinionRoster.TryForge,-57960
10,38,DP,sink,MinionRoster.TryEvolveIndividual,-575
10,38,Material,sink,MinionRoster.TryForge,-688
10,38,DP,sink,MinionRoster.TrySummon,-16851
10,38,DP,source,AdventurerAI.ReapEmotion,400
10,38,DP,sink,CommandSystem.TryUse,-6050
10,38,DP,source,AdventurerAI.GrantReturnReward,25052
10,38,Fame,source,AdventurerAI.GrantReturnReward,320
10,38,Fame,source,LureEconomy.OnHeroEscaped,800
10,38,DP,source,AdventurerAI.TakeDamage,40624
10,38,Material,source,AdventurerAI.TakeDamage,150466
10,38,DP,source,Nemesis.OnSlain,12834
10,38,Material,source,Nemesis.OnSlain,51
10,38,DP,stock,end,72899
10,38,Material,stock,end,161219
10,38,Fame,stock,end,31166
10,39,DP,source,SurfaceMap.CollectYields,172
10,39,Material,source,SurfaceMap.CollectYields,9
10,39,Fame,source,SurfaceMap.CollectYields,38
10,39,DP,source,DistrictCatalog.Collect,28
10,39,DP,sink,MinionRoster.TryForge,-15168
10,39,DP,sink,MinionRoster.TryEvolveIndividual,-1225
10,39,DP,sink,MinionRoster.TrySummon,-55733
10,39,DP,sink,CommandSystem.TryUse,-6500
10,39,DP,source,AdventurerAI.ReapEmotion,843
10,39,DP,source,AdventurerAI.TakeDamage,41325
10,39,Material,source,AdventurerAI.TakeDamage,390
10,39,DP,source,AdventurerAI.GrantReturnReward,22476
10,39,Fame,source,AdventurerAI.GrantReturnReward,240
10,39,Fame,source,LureEconomy.OnHeroEscaped,600
10,39,DP,source,Nemesis.OnSlain,6740
10,39,Material,source,Nemesis.OnSlain,29
10,39,DP,stock,end,65857
10,39,Material,stock,end,161647
10,39,Fame,stock,end,32044
10,40,DP,source,SurfaceMap.CollectYields,172
10,40,Material,source,SurfaceMap.CollectYields,9
10,40,Fame,source,SurfaceMap.CollectYields,38
10,40,DP,source,DistrictCatalog.Collect,28
10,40,DP,sink,MinionRoster.TryForge,-21132
10,40,Material,sink,MinionRoster.TryForge,-60
10,40,DP,sink,MinionRoster.TrySummon,-44891
10,40,DP,source,AdventurerAI.ReapEmotion,225
10,40,DP,source,AdventurerAI.GrantReturnReward,34205
10,40,Fame,source,AdventurerAI.GrantReturnReward,330
10,40,Fame,source,LureEconomy.OnHeroEscaped,825
10,40,DP,sink,CommandSystem.TryUse,-6050
10,40,DP,source,AdventurerAI.TakeDamage,40708
10,40,Material,source,AdventurerAI.TakeDamage,786
10,40,DP,source,Nemesis.OnSlain,2494
10,40,Material,source,Nemesis.OnSlain,12
10,40,DP,stock,end,71616
10,40,Material,stock,end,162394
10,40,Fame,stock,end,33237
10,41,DP,source,SurfaceMap.CollectYields,172
10,41,Material,source,SurfaceMap.CollectYields,9
10,41,Fame,source,SurfaceMap.CollectYields,38
10,41,DP,source,DistrictCatalog.Collect,28
10,41,DP,sink,MinionRoster.TryForge,-44340
10,41,Material,sink,MinionRoster.TryForge,-404
10,41,DP,sink,MinionRoster.TrySummon,-27429
10,41,DP,source,AdventurerAI.ReapEmotion,459
10,41,DP,sink,CommandSystem.TryUse,-6050
10,41,DP,source,AdventurerAI.GrantReturnReward,25170
10,41,Fame,source,AdventurerAI.GrantReturnReward,370
10,41,Fame,source,LureEconomy.OnHeroEscaped,925
10,41,DP,source,AdventurerAI.TakeDamage,40650
10,41,Material,source,AdventurerAI.TakeDamage,708
10,41,DP,source,Nemesis.OnSlain,3856
10,41,Material,source,Nemesis.OnSlain,18
10,41,DP,stock,end,64132
10,41,Material,stock,end,162725
10,41,Fame,stock,end,34570
10,42,DP,source,SurfaceMap.CollectYields,172
10,42,Material,source,SurfaceMap.CollectYields,9
10,42,Fame,source,SurfaceMap.CollectYields,38
10,42,DP,source,DistrictCatalog.Collect,28
10,42,DP,source,EraSystem.TickTurn,1920
10,42,DP,sink,MinionRoster.TryForge,-63840
10,42,Material,sink,MinionRoster.TryForge,-784
10,42,DP,sink,MinionRoster.TrySummon,-2405
10,42,DP,source,AdventurerAI.ReapEmotion,431
10,42,DP,sink,CommandSystem.TryUse,-5550
10,42,DP,source,AdventurerAI.GrantReturnReward,26096
10,42,Fame,source,AdventurerAI.GrantReturnReward,390
10,42,Fame,source,LureEconomy.OnHeroEscaped,975
10,42,DP,source,AdventurerAI.TakeDamage,38372
10,42,Material,source,AdventurerAI.TakeDamage,841
10,42,DP,source,Nemesis.OnSlain,2973
10,42,Material,source,Nemesis.OnSlain,14
10,42,DP,stock,end,62329
10,42,Material,stock,end,162805
10,42,Fame,stock,end,35973
10,43,DP,source,SurfaceMap.CollectYields,172
10,43,Material,source,SurfaceMap.CollectYields,9
10,43,Fame,source,SurfaceMap.CollectYields,38
10,43,DP,source,DistrictCatalog.Collect,28
10,43,DP,sink,MinionRoster.TryForge,-60000
10,43,Material,sink,MinionRoster.TryForge,-800
10,43,DP,sink,MinionRoster.TrySummon,-2477
10,43,DP,source,AdventurerAI.ReapEmotion,544
10,43,DP,sink,CommandSystem.TryUse,-5200
10,43,DP,source,AdventurerAI.GrantReturnReward,40700
10,43,Fame,source,AdventurerAI.GrantReturnReward,320
10,43,Fame,source,LureEconomy.OnHeroEscaped,800
10,43,DP,source,AdventurerAI.TakeDamage,47761
10,43,Material,source,AdventurerAI.TakeDamage,392
10,43,DP,source,Nemesis.OnSlain,2592
10,43,Material,source,Nemesis.OnSlain,12
10,43,DP,stock,end,86449
10,43,Material,stock,end,162418
10,43,Fame,stock,end,37131
10,44,DP,source,SurfaceMap.CollectYields,172
10,44,Material,source,SurfaceMap.CollectYields,9
10,44,Fame,source,SurfaceMap.CollectYields,38
10,44,DP,source,DistrictCatalog.Collect,28
10,44,DP,sink,MinionRoster.TryForge,-84000
10,44,Material,sink,MinionRoster.TryForge,-1120
10,44,DP,sink,MinionRoster.TrySummon,-2620
10,44,DP,source,AdventurerAI.ReapEmotion,412
10,44,DP,sink,CommandSystem.TryUse,-6050
10,44,DP,source,AdventurerAI.TakeDamage,34592
10,44,Material,source,AdventurerAI.TakeDamage,542
10,44,DP,source,AdventurerAI.GrantReturnReward,33007
10,44,Fame,source,AdventurerAI.GrantReturnReward,400
10,44,Fame,source,LureEconomy.OnHeroEscaped,1000
10,44,DP,source,Nemesis.OnSlain,3936
10,44,Material,source,Nemesis.OnSlain,18
10,44,DP,stock,end,65926
10,44,Material,stock,end,161867
10,44,Fame,stock,end,38569
10,45,DP,source,SurfaceMap.CollectYields,172
10,45,Material,source,SurfaceMap.CollectYields,9
10,45,Fame,source,SurfaceMap.CollectYields,38
10,45,DP,source,DistrictCatalog.Collect,28
10,45,DP,sink,MinionRoster.TryForge,-36000
10,45,Material,sink,MinionRoster.TryForge,-480
10,45,DP,sink,MinionRoster.TrySummon,-29836
10,45,DP,source,AdventurerAI.ReapEmotion,229
10,45,DP,sink,CommandSystem.TryUse,-5550
10,45,DP,source,AdventurerAI.GrantReturnReward,33733
10,45,Fame,source,AdventurerAI.GrantReturnReward,390
10,45,Fame,source,LureEconomy.OnHeroEscaped,975
10,45,DP,source,AdventurerAI.TakeDamage,39909
10,45,Material,source,AdventurerAI.TakeDamage,479
10,45,DP,source,Nemesis.OnSlain,4968
10,45,Material,source,Nemesis.OnSlain,22
10,45,DP,stock,end,73579
10,45,Material,stock,end,161897
10,45,Fame,stock,end,39972
10,46,DP,source,SurfaceMap.CollectYields,172
10,46,Material,source,SurfaceMap.CollectYields,9
10,46,Fame,source,SurfaceMap.CollectYields,38
10,46,DP,source,DistrictCatalog.Collect,28
10,46,DP,source,WaveRoster.ResolveTrial,2400
10,46,DP,sink,MinionRoster.TrySummon,-75982
10,46,DP,source,AdventurerAI.ReapEmotion,329
10,46,DP,sink,CommandSystem.TryUse,-5100
10,46,DP,source,AdventurerAI.TakeDamage,35000
10,46,Material,source,AdventurerAI.TakeDamage,873
10,46,DP,source,AdventurerAI.GrantReturnReward,29069
10,46,Fame,source,AdventurerAI.GrantReturnReward,410
10,46,Fame,source,LureEconomy.OnHeroEscaped,1025
10,46,DP,source,Nemesis.OnSlain,1345
10,46,Material,source,Nemesis.OnSlain,6
10,46,DP,stock,end,60840
10,46,Material,stock,end,162785
10,46,Fame,stock,end,41445
10,47,DP,source,SurfaceMap.CollectYields,211
10,47,Material,source,SurfaceMap.CollectYields,9
10,47,Fame,source,SurfaceMap.CollectYields,46
10,47,DP,source,DistrictCatalog.Collect,28
10,47,DP,sink,MinionRoster.TryForge,-5760
10,47,Material,sink,MinionRoster.TryForge,-84
10,47,DP,sink,MinionEvolution.TryEvolve,-9050
10,47,DP,sink,MinionRoster.TryEvolveIndividual,-45350
10,47,DP,sink,MinionRoster.TrySummon,-878
10,47,DP,source,AdventurerAI.ReapEmotion,511
10,47,DP,sink,CommandSystem.TryUse,-5600
10,47,DP,source,AdventurerAI.GrantReturnReward,35956
10,47,Fame,source,AdventurerAI.GrantReturnReward,420
10,47,Fame,source,LureEconomy.OnHeroEscaped,1050
10,47,DP,source,AdventurerAI.TakeDamage,30065
10,47,Material,source,AdventurerAI.TakeDamage,207
10,47,DP,source,Nemesis.OnSlain,1345
10,47,Material,source,Nemesis.OnSlain,6
10,47,DP,stock,end,62318
10,47,Material,stock,end,162923
10,47,Fame,stock,end,42961
10,48,DP,source,SurfaceMap.CollectYields,211
10,48,Material,source,SurfaceMap.CollectYields,9
10,48,Fame,source,SurfaceMap.CollectYields,46
10,48,DP,source,DistrictCatalog.Collect,28
10,48,DP,source,EraSystem.TickTurn,9720
10,48,DP,sink,MinionRoster.TryForge,-66240
10,48,Material,sink,MinionRoster.TryForge,-966
10,48,DP,sink,MinionRoster.TryEvolveIndividual,-3400
10,48,DP,sink,MinionRoster.TrySummon,-2605
10,48,DP,source,AdventurerAI.ReapEmotion,1136
10,48,DP,sink,CommandSystem.TryUse,-5550
10,48,DP,source,AdventurerAI.GrantReturnReward,47660
10,48,Fame,source,AdventurerAI.GrantReturnReward,480
10,48,Fame,source,LureEconomy.OnHeroEscaped,1200
10,48,DP,source,AdventurerAI.TakeDamage,46556
10,48,Material,source,AdventurerAI.TakeDamage,396
10,48,DP,source,Nemesis.OnSlain,3632
10,48,Material,source,Nemesis.OnSlain,16
10,48,DP,stock,end,93466
10,48,Material,stock,end,162378
10,48,Fame,stock,end,44687
10,49,DP,source,SurfaceMap.CollectYields,211
10,49,Material,source,SurfaceMap.CollectYields,9
10,49,Fame,source,SurfaceMap.CollectYields,46
10,49,DP,source,DistrictCatalog.Collect,28
10,49,DP,source,EraSystem.TickTurn,9720
10,49,DP,sink,MinionRoster.TryForge,-5760
10,49,Material,sink,MinionRoster.TryForge,-84
10,49,DP,sink,DungeonFloorManager.TryAddFloor,-78125
10,49,DP,sink,DungeonFloorManager.TryExpandFloor,-2700
10,49,DP,sink,MinionEvolution.TryEvolve,-14200
10,49,DP,sink,MinionRoster.TryEvolveIndividual,-2300
10,49,DP,sink,DungeonFeatureManager.TryPlaceTrap,-150
10,49,DP,sink,MinionRoster.TrySummon,-185
10,49,DP,source,AdventurerAI.ReapEmotion,245
10,49,DP,source,AdventurerAI.GrantReturnReward,26277
10,49,Fame,source,AdventurerAI.GrantReturnReward,380
10,49,Fame,source,LureEconomy.OnHeroEscaped,950
10,49,DP,sink,CommandSystem.TryUse,-6050
10,49,DP,source,AdventurerAI.TakeDamage,44548
10,49,Material,source,AdventurerAI.TakeDamage,684
10,49,DP,stock,end,65025
10,49,Material,stock,end,162987
10,49,Fame,stock,end,46063
10,50,DP,source,SurfaceMap.CollectYields,211
10,50,Material,source,SurfaceMap.CollectYields,9
10,50,Fame,source,SurfaceMap.CollectYields,46
10,50,DP,source,DistrictCatalog.Collect,28
10,50,DP,source,EraSystem.TickTurn,9720
10,50,DP,sink,MinionRoster.TryForge,-5760
10,50,Material,sink,MinionRoster.TryForge,-84
10,50,DP,sink,MinionEvolution.TryEvolve,-19050
10,50,DP,sink,MinionRoster.TryEvolveIndividual,-48900
10,50,DP,sink,DungeonFeatureManager.TryPlaceTrap,-1050
10,50,DP,sink,MinionRoster.TrySummon,-196
10,50,DP,source,AdventurerAI.ReapEmotion,401
10,50,DP,source,AdventurerAI.GrantReturnReward,46230
10,50,Fame,source,AdventurerAI.GrantReturnReward,500
10,50,Fame,source,LureEconomy.OnHeroEscaped,1250
10,50,DP,sink,CommandSystem.TryUse,-5550
10,50,DP,source,AdventurerAI.TakeDamage,49320
10,50,Material,source,AdventurerAI.TakeDamage,928
10,50,DP,stock,end,90429
10,50,Material,stock,end,163840
10,50,Fame,stock,end,47859
10,51,DP,source,SurfaceMap.CollectYields,185
10,51,Material,source,SurfaceMap.CollectYields,9
10,51,Fame,source,SurfaceMap.CollectYields,38
10,51,DP,source,DistrictCatalog.Collect,28
10,51,DP,source,EraSystem.TickTurn,9720
10,51,DP,sink,MinionRoster.TryForge,-5760
10,51,Material,sink,MinionRoster.TryForge,-84
10,51,DP,sink,DungeonFloorManager.TryExpandFloor,-2500
10,51,DP,sink,MinionRoster.TryEvolveIndividual,-89450
10,51,DP,sink,DungeonFeatureManager.TryPlaceTrap,-2400
10,51,DP,sink,MinionRoster.TrySummon,-246
10,51,DP,source,AdventurerAI.ReapEmotion,464
10,51,DP,source,AdventurerAI.TakeDamage,79665
10,51,Material,source,AdventurerAI.TakeDamage,1096
10,51,DP,sink,CommandSystem.TryUse,-6050
10,51,DP,source,AdventurerAI.GrantReturnReward,15024
10,51,Fame,source,AdventurerAI.GrantReturnReward,280
10,51,Fame,source,LureEconomy.OnHeroEscaped,700
10,51,DP,source,Nemesis.OnSlain,2435
10,51,Material,source,Nemesis.OnSlain,10
10,51,DP,stock,end,91544
10,51,Material,stock,end,164871
10,51,Fame,stock,end,48877
10,52,DP,source,SurfaceMap.CollectYields,185
10,52,Material,source,SurfaceMap.CollectYields,9
10,52,Fame,source,SurfaceMap.CollectYields,38
10,52,DP,source,DistrictCatalog.Collect,28
10,52,DP,source,EraSystem.TickTurn,16524
10,52,DP,sink,MinionRoster.TryForge,-66240
10,52,Material,sink,MinionRoster.TryForge,-966
10,52,DP,sink,MinionRoster.TryEvolveIndividual,-37200
10,52,DP,sink,DungeonFeatureManager.TryPlaceTrap,-1350
10,52,DP,sink,MinionRoster.TrySummon,-3451
10,52,DP,source,AdventurerAI.ReapEmotion,455
10,52,DP,source,AdventurerAI.TakeDamage,83594
10,52,Material,source,AdventurerAI.TakeDamage,441
10,52,DP,sink,CommandSystem.TryUse,-4900
10,52,DP,source,AdventurerAI.GrantReturnReward,7948
10,52,Fame,source,AdventurerAI.GrantReturnReward,110
10,52,Fame,source,LureEconomy.OnHeroEscaped,275
10,52,DP,source,Nemesis.OnSlain,3815
10,52,Material,source,Nemesis.OnSlain,16
10,52,DP,stock,end,90952
10,52,Material,stock,end,164371
10,52,Fame,stock,end,49300
10,53,DP,source,SurfaceMap.CollectYields,231
10,53,Material,source,SurfaceMap.CollectYields,12
10,53,Fame,source,SurfaceMap.CollectYields,38
10,53,DP,source,DistrictCatalog.Collect,28
10,53,Material,source,DistrictCatalog.Collect,8
10,53,DP,source,EraSystem.TickTurn,9720
10,53,Material,source,EraSystem.TickTurn,124
10,53,DP,sink,MinionRoster.TryForge,-97920
10,53,Material,sink,MinionRoster.TryForge,-1428
10,53,DP,sink,MinionRoster.TrySummon,-2961
10,53,DP,source,AdventurerAI.ReapEmotion,273
10,53,DP,source,AdventurerAI.TakeDamage,83296
10,53,Material,source,AdventurerAI.TakeDamage,1226
10,53,DP,sink,CommandSystem.TryUse,-6700
10,53,DP,source,AdventurerAI.GrantReturnReward,21194
10,53,Fame,source,AdventurerAI.GrantReturnReward,340
10,53,Fame,source,LureEconomy.OnHeroEscaped,850
10,53,DP,source,Nemesis.OnSlain,1442
10,53,Material,source,Nemesis.OnSlain,6
10,53,DP,stock,end,99555
10,53,Material,stock,end,164319
10,53,Fame,stock,end,50528
10,54,DP,source,SurfaceMap.CollectYields,231
10,54,Material,source,SurfaceMap.CollectYields,12
10,54,Fame,source,SurfaceMap.CollectYields,38
10,54,DP,source,DistrictCatalog.Collect,28
10,54,Material,source,DistrictCatalog.Collect,8
10,54,DP,source,EraSystem.TickTurn,9720
10,54,Material,source,EraSystem.TickTurn,62
10,54,Fame,source,EraSystem.TickTurn,135
10,54,DP,sink,MinionRoster.TryForge,-106560
10,54,Material,sink,MinionRoster.TryForge,-1554
10,54,DP,sink,MinionRoster.TrySummon,-2963
10,54,DP,source,AdventurerAI.ReapEmotion,359
10,54,DP,source,AdventurerAI.TakeDamage,110163
10,54,Material,source,AdventurerAI.TakeDamage,1150
10,54,DP,sink,CommandSystem.TryUse,-6400
10,54,DP,source,AdventurerAI.GrantReturnReward,18020
10,54,Fame,source,AdventurerAI.GrantReturnReward,270
10,54,Fame,source,LureEconomy.OnHeroEscaped,675
10,54,DP,source,Nemesis.OnSlain,5401
10,54,Material,source,Nemesis.OnSlain,22
10,54,DP,stock,end,127554
10,54,Material,stock,end,164019
10,54,Fame,stock,end,51646
10,55,DP,source,SurfaceMap.CollectYields,268
10,55,Material,source,SurfaceMap.CollectYields,12
10,55,Fame,source,SurfaceMap.CollectYields,47
10,55,DP,source,DistrictCatalog.Collect,28
10,55,Material,source,DistrictCatalog.Collect,9
10,55,DP,source,EraSystem.TickTurn,9720
10,55,DP,sink,MinionRoster.TryForge,-134640
10,55,Material,sink,MinionRoster.TryForge,-2051
10,55,DP,sink,MinionRoster.TrySummon,-2906
10,55,DP,source,AdventurerAI.ReapEmotion,223
10,55,DP,source,AdventurerAI.TakeDamage,104364
10,55,Material,source,AdventurerAI.TakeDamage,1168
10,55,DP,sink,CommandSystem.TryUse,-6050
10,55,DP,source,AdventurerAI.GrantReturnReward,21790
10,55,Fame,source,AdventurerAI.GrantReturnReward,410
10,55,Fame,source,LureEconomy.OnHeroEscaped,1025
10,55,DP,source,Nemesis.OnSlain,5269
10,55,Material,source,Nemesis.OnSlain,21
10,55,DP,stock,end,125620
10,55,Material,stock,end,163178
10,55,Fame,stock,end,53128
10,56,DP,source,SurfaceMap.CollectYields,268
10,56,Material,source,SurfaceMap.CollectYields,12
10,56,Fame,source,SurfaceMap.CollectYields,47
10,56,DP,source,DistrictCatalog.Collect,28
10,56,Material,source,DistrictCatalog.Collect,9
10,56,DP,source,EraSystem.TickTurn,11664
10,56,DP,source,WaveRoster.ResolveTrial,2400
10,56,DP,sink,MinionRoster.TryForge,-136800
10,56,Material,sink,MinionRoster.TryForge,-2090
10,56,DP,sink,MinionRoster.TrySummon,-3166
10,56,DP,source,AdventurerAI.ReapEmotion,535
10,56,DP,sink,CommandSystem.TryUse,-6050
10,56,DP,source,AdventurerAI.GrantReturnReward,15207
10,56,Fame,source,AdventurerAI.GrantReturnReward,330
10,56,Fame,source,LureEconomy.OnHeroEscaped,825
10,56,DP,source,AdventurerAI.TakeDamage,97884
10,56,Material,source,AdventurerAI.TakeDamage,954
10,56,DP,source,Nemesis.OnSlain,2980
10,56,Material,source,Nemesis.OnSlain,12
10,56,DP,stock,end,110570
10,56,Material,stock,end,162075
10,56,Fame,stock,end,54330
10,57,DP,source,SurfaceMap.CollectYields,268
10,57,Material,source,SurfaceMap.CollectYields,12
10,57,Fame,source,SurfaceMap.CollectYields,47
10,57,DP,source,DistrictCatalog.Collect,28
10,57,Material,source,DistrictCatalog.Collect,9
10,57,DP,sink,MinionRoster.TryForge,-108000
10,57,Material,sink,MinionRoster.TryForge,-1650
10,57,DP,sink,MinionRoster.TrySummon,-2838
10,57,DP,source,AdventurerAI.ReapEmotion,236
10,57,DP,source,AdventurerAI.TakeDamage,91037
10,57,Material,source,AdventurerAI.TakeDamage,996
10,57,DP,sink,CommandSystem.TryUse,-4750
10,57,DP,source,AdventurerAI.GrantReturnReward,8240
10,57,Fame,source,AdventurerAI.GrantReturnReward,120
10,57,Fame,source,LureEconomy.OnHeroEscaped,300
10,57,DP,source,Nemesis.OnSlain,4278
10,57,Material,source,Nemesis.OnSlain,17
10,57,DP,stock,end,99069
10,57,Material,stock,end,161459
10,57,Fame,stock,end,54797
10,58,DP,source,SurfaceMap.CollectYields,268
10,58,Material,source,SurfaceMap.CollectYields,12
10,58,Fame,source,SurfaceMap.CollectYields,47
10,58,DP,source,DistrictCatalog.Collect,28
10,58,Material,source,DistrictCatalog.Collect,8
10,58,DP,sink,MinionRoster.TryForge,-94320
10,58,Material,sink,MinionRoster.TryForge,-1445
10,58,DP,sink,MinionRoster.TrySummon,-5044
10,58,DP,source,AdventurerAI.ReapEmotion,385
10,58,DP,sink,CommandSystem.TryUse,-6050
10,58,DP,source,AdventurerAI.TakeDamage,80982
10,58,Material,source,AdventurerAI.TakeDamage,839
10,58,DP,source,AdventurerAI.GrantReturnReward,24185
10,58,Fame,source,AdventurerAI.GrantReturnReward,490
10,58,Fame,source,LureEconomy.OnHeroEscaped,1225
10,58,DP,source,Nemesis.OnSlain,3095
10,58,Material,source,Nemesis.OnSlain,12
10,58,DP,stock,end,102598
10,58,Material,stock,end,160885
10,58,Fame,stock,end,56559
10,59,DP,source,SurfaceMap.CollectYields,231
10,59,Material,source,SurfaceMap.CollectYields,12
10,59,Fame,source,SurfaceMap.CollectYields,38
10,59,DP,source,DistrictCatalog.Collect,28
10,59,Material,source,DistrictCatalog.Collect,8
10,59,DP,sink,MinionRoster.TryForge,-99360
10,59,Material,sink,MinionRoster.TryForge,-1610
10,59,DP,sink,MinionRoster.TrySummon,-3451
10,59,DP,source,AdventurerAI.ReapEmotion,439
10,59,DP,source,AdventurerAI.TakeDamage,103279
10,59,Material,source,AdventurerAI.TakeDamage,1241
10,59,DP,sink,CommandSystem.TryUse,-6400
10,59,DP,source,AdventurerAI.GrantReturnReward,16584
10,59,Fame,source,AdventurerAI.GrantReturnReward,330
10,59,Fame,source,LureEconomy.OnHeroEscaped,825
10,59,DP,source,Nemesis.OnSlain,5563
10,59,Material,source,Nemesis.OnSlain,22
10,59,DP,stock,end,119511
10,59,Material,stock,end,160558
10,59,Fame,stock,end,57752
10,60,DP,source,SurfaceMap.CollectYields,231
10,60,Material,source,SurfaceMap.CollectYields,12
10,60,Fame,source,SurfaceMap.CollectYields,38
10,60,DP,source,DistrictCatalog.Collect,28
10,60,Material,source,DistrictCatalog.Collect,8
10,60,DP,sink,MinionRoster.TryForge,-112320
10,60,Material,sink,MinionRoster.TryForge,-1820
10,60,DP,sink,MinionRoster.TrySummon,-7413
10,60,DP,source,AdventurerAI.ReapEmotion,830
10,60,DP,source,AdventurerAI.TakeDamage,57520
10,60,Material,source,AdventurerAI.TakeDamage,780
10,60,DP,sink,CommandSystem.TryUse,-5600
10,60,DP,source,AdventurerAI.GrantReturnReward,14092
10,60,Fame,source,AdventurerAI.GrantReturnReward,160
10,60,Fame,source,LureEconomy.OnHeroEscaped,400
10,60,DP,stock,end,66879
10,60,Material,stock,end,159538
10,60,Fame,stock,end,58350
10,61,DP,source,SurfaceMap.CollectYields,231
10,61,Material,source,SurfaceMap.CollectYields,12
10,61,Fame,source,SurfaceMap.CollectYields,38
10,61,DP,source,DistrictCatalog.Collect,28
10,61,Material,source,DistrictCatalog.Collect,8
10,61,DP,sink,MinionRoster.TryForge,-60480
10,61,Material,sink,MinionRoster.TryForge,-980
10,61,DP,sink,MinionRoster.TrySummon,-6637
10,61,DP,source,AdventurerAI.ReapEmotion,536
10,61,DP,sink,CommandSystem.TryUse,-6050
10,61,DP,source,AdventurerAI.TakeDamage,95715
10,61,Material,source,AdventurerAI.TakeDamage,1426
10,61,DP,source,AdventurerAI.GrantReturnReward,31949
10,61,Fame,source,AdventurerAI.GrantReturnReward,430
10,61,Fame,source,LureEconomy.OnHeroEscaped,1075
10,61,DP,source,Nemesis.OnSlain,1555
10,61,Material,source,Nemesis.OnSlain,6
10,61,DP,stock,end,123726
10,61,Material,stock,end,160010
10,61,Fame,stock,end,59893
11,1,DP,sink,DungeonFeatureManager.TryPlaceTrap,-150
11,1,DP,source,AdventurerAI.ReapEmotion,100
11,1,DP,source,AdventurerAI.TakeDamage,218
11,1,Material,source,AdventurerAI.TakeDamage,14
11,1,DP,sink,CommandSystem.TryUse,-650
11,1,DP,source,AdventurerAI.GrantReturnReward,301
11,1,Fame,source,AdventurerAI.GrantReturnReward,10
11,1,Fame,source,LureEconomy.OnHeroEscaped,25
11,1,DP,stock,end,19
11,1,Material,stock,end,14
11,1,Fame,stock,end,35
11,2,DP,source,SurfaceMap.CollectYields,18
11,2,Material,source,SurfaceMap.CollectYields,1
11,2,Fame,source,SurfaceMap.CollectYields,4
11,2,DP,source,EraSystem.TickTurn,600
11,2,Fame,source,EraSystem.TickTurn,25
11,2,DP,sink,MinionRoster.TryForge,-236
11,2,DP,sink,MinionEvolution.TryEvolve,-75
11,2,DP,sink,DungeonFeatureManager.TryPlaceTrap,-150
11,2,DP,sink,MinionRoster.TrySummon,-164
11,2,DP,source,AdventurerAI.ReapEmotion,112
11,2,Fame,source,AdventurerAI.GrantReturnReward,50
11,2,Fame,source,LureEconomy.OnHeroEscaped,125
11,2,DP,source,AdventurerAI.GrantReturnReward,1368
11,2,DP,sink,CommandSystem.TryUse,-650
11,2,DP,stock,end,842
11,2,Material,stock,end,15
11,2,Fame,stock,end,239
11,3,DP,source,SurfaceMap.CollectYields,18
11,3,Material,source,SurfaceMap.CollectYields,1
11,3,Fame,source,SurfaceMap.CollectYields,4
11,3,DP,source,EraSystem.TickTurn,600
11,3,Material,source,EraSystem.TickTurn,10
11,3,Fame,source,EraSystem.TickTurn,25
11,3,DP,sink,MinionRoster.TryForge,-236
11,3,DP,sink,DungeonFloorManager.TryAddFloor,-800
11,3,DP,sink,MinionRoster.TryEvolveIndividual,-75
11,3,DP,sink,DungeonFeatureManager.TryPlaceTrap,-150
11,3,DP,sink,MinionRoster.TrySummon,-195
11,3,DP,source,AdventurerAI.TakeDamage,437
11,3,Material,source,AdventurerAI.TakeDamage,10
11,3,DP,sink,CommandSystem.TryUse,-300
11,3,DP,stock,end,141
11,3,Material,stock,end,36
11,3,Fame,stock,end,268
11,4,DP,source,SurfaceMap.CollectYields,18
11,4,Material,source,SurfaceMap.CollectYields,1
11,4,Fame,source,SurfaceMap.CollectYields,4
11,4,DP,source,EraSystem.TickTurn,600
11,4,DP,sink,MinionRoster.TryForge,-236
11,4,DP,sink,MinionEvolution.TryEvolve,-150
11,4,DP,sink,DungeonFeatureManager.TryPlaceTrap,-300
11,4,DP,sink,MinionRoster.TrySummon,-70
11,4,DP,source,IncidentSystem.Apply,600
11,4,DP,sink,CommandSystem.TryUse,-1800
11,4,DP,source,AdventurerAI.TakeDamage,832
11,4,Material,source,AdventurerAI.TakeDamage,29
11,4,Fame,source,AdventurerAI.GrantReturnReward,10
11,4,Fame,source,LureEconomy.OnHeroEscaped,25
11,4,DP,source,AdventurerAI.ReapEmotion,252
11,4,DP,source,Nemesis.OnSlain,972
11,4,Material,source,Nemesis.OnSlain,10
11,4,DP,stock,end,859
11,4,Material,stock,end,76
11,4,Fame,stock,end,307
11,5,DP,source,SurfaceMap.CollectYields,18
11,5,Material,source,SurfaceMap.CollectYields,1
11,5,Fame,source,SurfaceMap.CollectYields,4
11,5,DP,source,EraSystem.TickTurn,600
11,5,DP,sink,MinionRoster.TryForge,-212
11,5,DP,sink,DungeonFloorManager.TryExpandFloor,-800
11,5,DP,sink,MinionRoster.TryEvolveIndividual,-150
11,5,DP,sink,DungeonFeatureManager.TryPlaceTrap,-150
11,5,DP,sink,MinionRoster.TrySummon,-161
11,5,DP,source,AdventurerAI.ReapEmotion,116
11,5,DP,source,AdventurerAI.GrantReturnReward,309
11,5,Fame,source,AdventurerAI.GrantReturnReward,30
11,5,Fame,source,LureEconomy.OnHeroEscaped,75
11,5,DP,sink,CommandSystem.TryUse,-1300
11,5,DP,source,AdventurerAI.TakeDamage,816
11,5,Material,source,AdventurerAI.TakeDamage,63
11,5,DP,source,Nemesis.OnSlain,502
11,5,Material,source,Nemesis.OnSlain,5
11,5,DP,stock,end,447
11,5,Material,stock,end,145
11,5,Fame,stock,end,416
11,6,DP,source,SurfaceMap.CollectYields,39
11,6,Material,source,SurfaceMap.CollectYields,2
11,6,Fame,source,SurfaceMap.CollectYields,9
11,6,DP,source,EraSystem.TickTurn,600
11,6,DP,sink,MinionRoster.TryForge,-212
11,6,DP,sink,MinionEvolution.TryEvolve,-400
11,6,DP,sink,MinionRoster.TryEvolveIndividual,-150
11,6,DP,sink,DungeonFeatureManager.TryPlaceTrap,-150
11,6,DP,sink,MinionRoster.TrySummon,-168
11,6,DP,source,AdventurerAI.ReapEmotion,170
11,6,DP,source,AdventurerAI.TakeDamage,671
11,6,Material,source,AdventurerAI.TakeDamage,19
11,6,DP,source,AdventurerAI.GrantReturnReward,106
11,6,Fame,source,AdventurerAI.GrantReturnReward,30
11,6,Fame,source,LureEconomy.OnHeroEscaped,75
11,6,DP,sink,CommandSystem.TryUse,-1150
11,6,DP,source,Nemesis.OnSlain,535
11,6,Material,source,Nemesis.OnSlain,5
11,6,DP,stock,end,338
11,6,Material,stock,end,171
11,6,Fame,stock,end,530
11,7,DP,source,SurfaceMap.CollectYields,39
11,7,Material,source,SurfaceMap.CollectYields,2
11,7,Fame,source,SurfaceMap.CollectYields,9
11,7,DP,source,EraSystem.TickTurn,600
11,7,Material,source,EraSystem.TickTurn,10
11,7,DP,sink,MinionRoster.TryForge,-212
11,7,DP,sink,MinionEvolution.TryEvolve,-325
11,7,DP,sink,MinionRoster.TryEvolveIndividual,-75
11,7,DP,sink,DungeonFeatureManager.TryPlaceTrap,-150
11,7,DP,sink,MinionRoster.TrySummon,-204
11,7,DP,source,AdventurerAI.ReapEmotion,241
11,7,DP,source,AdventurerAI.TakeDamage,544
11,7,Material,source,AdventurerAI.TakeDamage,16
11,7,DP,sink,CommandSystem.TryUse,-650
11,7,Fame,source,AdventurerAI.GrantReturnReward,40
11,7,Fame,source,LureEconomy.OnHeroEscaped,100
11,7,DP,source,AdventurerAI.GrantReturnReward,174
11,7,DP,source,Nemesis.OnSlain,551
11,7,Material,source,Nemesis.OnSlain,5
11,7,DP,stock,end,871
11,7,Material,stock,end,204
11,7,Fame,stock,end,679
11,8,DP,source,SurfaceMap.CollectYields,39
11,8,Material,source,SurfaceMap.CollectYields,2
11,8,Fame,source,SurfaceMap.CollectYields,9
11,8,DP,source,EraSystem.TickTurn,1020
11,8,DP,sink,MinionRoster.TryForge,-318
11,8,DP,sink,DungeonFloorManager.TryExpandFloor,-800
11,8,DP,sink,MinionEvolution.TryEvolve,-400
11,8,DP,sink,DungeonFeatureManager.TryPlaceTrap,-150
11,8,DP,sink,MinionRoster.TrySummon,-251
11,8,DP,source,AdventurerAI.ReapEmotion,191
11,8,DP,source,AdventurerAI.TakeDamage,1167
11,8,Material,source,AdventurerAI.TakeDamage,36
11,8,DP,sink,CommandSystem.TryUse,-1800
11,8,DP,source,AdventurerAI.GrantReturnReward,843
11,8,Fame,source,AdventurerAI.GrantReturnReward,70
11,8,Fame,source,LureEconomy.OnHeroEscaped,175
11,8,DP,source,Nemesis.OnSlain,1749
11,8,Material,source,Nemesis.OnSlain,15
11,8,DP,stock,end,2161
11,8,Material,stock,end,257
11,8,Fame,stock,end,933
11,9,DP,source,SurfaceMap.CollectYields,45
11,9,Material,source,SurfaceMap.CollectYields,2
11,9,Fame,source,SurfaceMap.CollectYields,11
11,9,DP,source,EraSystem.TickTurn,600
11,9,Fame,source,EraSystem.TickTurn,25
11,9,DP,sink,MinionRoster.TryForge,-190
11,9,DP,sink,DungeonFloorManager.TryAddFloor,-2000
11,9,DP,sink,MinionEvolution.TryEvolve,-250
11,9,DP,sink,DungeonFeatureManager.TryPlaceTrap,-150
11,9,DP,sink,MinionRoster.TrySummon,-205
11,9,DP,source,AdventurerAI.ReapEmotion,195
11,9,DP,source,AdventurerAI.TakeDamage,724
11,9,Material,source,AdventurerAI.TakeDamage,57
11,9,DP,sink,CommandSystem.TryUse,-1150
11,9,DP,source,AdventurerAI.GrantReturnReward,1030
11,9,Fame,source,AdventurerAI.GrantReturnReward,50
11,9,Fame,source,LureEconomy.OnHeroEscaped,125
11,9,DP,source,Nemesis.OnSlain,836
11,9,Material,source,Nemesis.OnSlain,7
11,9,DP,stock,end,1646
11,9,Material,stock,end,323
11,9,Fame,stock,end,1144
11,10,DP,source,SurfaceMap.CollectYields,79
11,10,Material,source,SurfaceMap.CollectYields,3
11,10,Fame,source,SurfaceMap.CollectYields,17
11,10,DP,source,EraSystem.TickTurn,1020
11,10,DP,sink,MinionRoster.TryForge,-190
11,10,DP,sink,DungeonFloorManager.TryExpandFloor,-2000
11,10,DP,sink,MinionEvolution.TryEvolve,-250
11,10,DP,sink,DungeonFeatureManager.TryPlaceTrap,-150
11,10,DP,sink,MinionRoster.TrySummon,-142
11,10,DP,source,AdventurerAI.ReapEmotion,279
11,10,DP,source,AdventurerAI.GrantReturnReward,2223
11,10,Fame,source,AdventurerAI.GrantReturnReward,50
11,10,Fame,source,LureEconomy.OnHeroEscaped,125
11,10,DP,sink,CommandSystem.TryUse,-2300
11,10,DP,source,AdventurerAI.TakeDamage,1003
11,10,Material,source,AdventurerAI.TakeDamage,27
11,10,DP,source,Nemesis.OnSlain,1296
11,10,Material,source,Nemesis.OnSlain,10
11,10,DP,stock,end,2514
11,10,Material,stock,end,363
11,10,Fame,stock,end,1336
11,11,DP,source,SurfaceMap.CollectYields,79
11,11,Material,source,SurfaceMap.CollectYields,3
11,11,Fame,source,SurfaceMap.CollectYields,17
11,11,DP,sink,MinionRoster.TryForge,-190
11,11,DP,sink,DungeonFloorManager.TryExpandFloor,-1500
11,11,DP,sink,MinionEvolution.TryEvolve,-250
11,11,DP,sink,MinionRoster.TryEvolveIndividual,-325
11,11,DP,sink,DungeonFeatureManager.TryPlaceTrap,-150
11,11,DP,sink,MinionRoster.TrySummon,-175
11,11,DP,source,AdventurerAI.ReapEmotion,130
11,11,Fame,source,AdventurerAI.GrantReturnReward,110
11,11,Fame,source,LureEconomy.OnHeroEscaped,275
11,11,DP,source,AdventurerAI.GrantReturnReward,3299
11,11,DP,sink,CommandSystem.TryUse,-1800
11,11,DP,source,AdventurerAI.TakeDamage,636
11,11,Material,source,AdventurerAI.TakeDamage,32
11,11,DP,source,Nemesis.OnSlain,1562
11,11,Material,source,Nemesis.OnSlain,12
11,11,DP,stock,end,3830
11,11,Material,stock,end,410
11,11,Fame,stock,end,1738
11,12,DP,source,SurfaceMap.CollectYields,79
11,12,Material,source,SurfaceMap.CollectYields,3
11,12,Fame,source,SurfaceMap.CollectYields,17
11,12,DP,source,DistrictCatalog.Collect,84
11,12,DP,sink,MinionRoster.TryForge,-285
11,12,DP,sink,MinionEvolution.TryEvolve,-550
11,12,DP,sink,MinionRoster.TryEvolveIndividual,-2775
11,12,DP,sink,DungeonFeatureManager.TryPlaceTrap,-150
11,12,DP,sink,MinionRoster.TrySummon,-207
11,12,DP,source,AdventurerAI.ReapEmotion,258
11,12,DP,source,AdventurerAI.TakeDamage,2171
11,12,Material,source,AdventurerAI.TakeDamage,48
11,12,DP,sink,CommandSystem.TryUse,-1800
11,12,DP,source,AdventurerAI.GrantReturnReward,721
11,12,Fame,source,AdventurerAI.GrantReturnReward,20
11,12,Fame,source,LureEconomy.OnHeroEscaped,50
11,12,DP,source,Nemesis.OnSlain,697
11,12,Material,source,Nemesis.OnSlain,5
11,12,DP,stock,end,2073
11,12,Material,stock,end,466
11,12,Fame,stock,end,1825
11,13,DP,source,SurfaceMap.CollectYields,60
11,13,Material,source,SurfaceMap.CollectYields,3
11,13,Fame,source,SurfaceMap.CollectYields,14
11,13,DP,source,DistrictCatalog.Collect,98
11,13,DP,source,EraSystem.TickTurn,300
11,13,DP,sink,MinionRoster.TryForge,-665
11,13,DP,sink,DungeonFloorManager.TryExpandFloor,-1500
11,13,DP,sink,DungeonFeatureManager.TryPlaceTrap,-150
11,13,DP,sink,MinionRoster.TrySummon,-213
11,13,DP,source,AdventurerAI.TakeDamage,2347
11,13,Material,source,AdventurerAI.TakeDamage,53
11,13,DP,sink,CommandSystem.TryUse,-2450
11,13,DP,source,AdventurerAI.ReapEmotion,150
11,13,DP,source,AdventurerAI.GrantReturnReward,3656
11,13,Fame,source,AdventurerAI.GrantReturnReward,90
11,13,Fame,source,LureEconomy.OnHeroEscaped,225
11,13,DP,source,Nemesis.OnSlain,1426
11,13,Material,source,Nemesis.OnSlain,10
11,13,DP,stock,end,5132
11,13,Material,stock,end,532
11,13,Fame,stock,end,2154
11,14,DP,source,SurfaceMap.CollectYields,59
11,14,Material,source,SurfaceMap.CollectYields,3
11,14,Fame,source,SurfaceMap.CollectYields,13
11,14,DP,source,DistrictCatalog.Collect,98
11,14,DP,sink,MinionRoster.TryForge,-4773
11,14,DP,sink,DungeonFeatureManager.TryPlaceTrap,-300
11,14,DP,sink,MinionRoster.TrySummon,-189
11,14,DP,source,AdventurerAI.ReapEmotion,145
11,14,DP,source,AdventurerAI.TakeDamage,1785
11,14,Material,source,AdventurerAI.TakeDamage,54
11,14,DP,sink,CommandSystem.TryUse,-2300
11,14,Fame,source,AdventurerAI.GrantReturnReward,100
11,14,Fame,source,LureEconomy.OnHeroEscaped,250
11,14,DP,source,AdventurerAI.GrantReturnReward,3246
11,14,DP,source,Nemesis.OnSlain,2458
11,14,Material,source,Nemesis.OnSlain,17
11,14,DP,stock,end,5361
11,14,Material,stock,end,606
11,14,Fame,stock,end,2517
11,15,DP,source,SurfaceMap.CollectYields,62
11,15,Material,source,SurfaceMap.CollectYields,3
11,15,Fame,source,SurfaceMap.CollectYields,14
11,15,DP,source,DistrictCatalog.Collect,98
11,15,DP,sink,MinionRoster.TryForge,-190
11,15,DP,sink,DungeonFloorManager.TryAddFloor,-5000
11,15,DP,sink,DungeonFeatureManager.TryPlaceTrap,-150
11,15,DP,sink,MinionRoster.TrySummon,-178
11,15,DP,source,AdventurerAI.ReapEmotion,160
11,15,DP,source,AdventurerAI.TakeDamage,2258
11,15,Material,source,AdventurerAI.TakeDamage,39
11,15,DP,sink,CommandSystem.TryUse,-2300
11,15,DP,source,AdventurerAI.GrantReturnReward,3705
11,15,Fame,source,AdventurerAI.GrantReturnReward,90
11,15,Fame,source,LureEconomy.OnHeroEscaped,225
11,15,DP,source,Nemesis.OnSlain,1781
11,15,Material,source,Nemesis.OnSlain,12
11,15,DP,stock,end,5607
11,15,Material,stock,end,660
11,15,Fame,stock,end,2846
11,16,DP,source,SurfaceMap.CollectYields,62
11,16,Material,source,SurfaceMap.CollectYields,3
11,16,Fame,source,SurfaceMap.CollectYields,14
11,16,DP,source,DistrictCatalog.Collect,98
11,16,DP,sink,MinionRoster.TryForge,-4242
11,16,DP,sink,DungeonFloorManager.TryExpandFloor,-400
11,16,DP,sink,MinionRoster.TryEvolveIndividual,-575
11,16,DP,sink,DungeonFeatureManager.TryPlaceTrap,-300
11,16,DP,sink,MinionRoster.TrySummon,-240
11,16,DP,source,AdventurerAI.ReapEmotion,156
11,16,DP,source,AdventurerAI.TakeDamage,2802
11,16,Material,source,AdventurerAI.TakeDamage,31
11,16,DP,sink,CommandSystem.TryUse,-2900
11,16,Fame,source,AdventurerAI.GrantReturnReward,170
11,16,Fame,source,LureEconomy.OnHeroEscaped,425
11,16,DP,source,AdventurerAI.GrantReturnReward,5586
11,16,DP,stock,end,5654
11,16,Material,stock,end,694
11,16,Fame,stock,end,3455
11,17,DP,source,SurfaceMap.CollectYields,83
11,17,Material,source,SurfaceMap.CollectYields,4
11,17,Fame,source,SurfaceMap.CollectYields,19
11,17,DP,source,DistrictCatalog.Collect,98
11,17,DP,source,EraSystem.TickTurn,720
11,17,DP,sink,MinionRoster.TryForge,-3673
11,17,DP,sink,DungeonFloorManager.TryExpandFloor,-2300
11,17,DP,sink,DungeonFeatureManager.TryPlaceTrap,-300
11,17,DP,sink,MinionRoster.TrySummon,-276
11,17,DP,source,AdventurerAI.ReapEmotion,319
11,17,DP,source,AdventurerAI.TakeDamage,3593
11,17,Material,source,AdventurerAI.TakeDamage,84
11,17,DP,sink,CommandSystem.TryUse,-4450
11,17,DP,source,AdventurerAI.GrantReturnReward,5410
11,17,Fame,source,AdventurerAI.GrantReturnReward,120
11,17,Fame,source,LureEconomy.OnHeroEscaped,300
11,17,DP,source,Nemesis.OnSlain,1620
11,17,Material,source,Nemesis.OnSlain,10
11,17,DP,stock,end,6498
11,17,Material,stock,end,792
11,17,Fame,stock,end,3894
11,18,DP,source,SurfaceMap.CollectYields,83
11,18,Material,source,SurfaceMap.CollectYields,4
11,18,Fame,source,SurfaceMap.CollectYields,19
11,18,DP,source,DistrictCatalog.Collect,98
11,18,DP,sink,MinionRoster.TryForge,-5551
11,18,DP,sink,MinionRoster.TryEvolveIndividual,-325
11,18,DP,sink,DungeonFeatureManager.TryPlaceTrap,-600
11,18,DP,sink,MinionRoster.TrySummon,-180
11,18,DP,source,AdventurerAI.ReapEmotion,260
11,18,DP,source,AdventurerAI.TakeDamage,5984
11,18,Material,source,AdventurerAI.TakeDamage,165
11,18,DP,sink,CommandSystem.TryUse,-4900
11,18,Fame,source,AdventurerAI.GrantReturnReward,170
11,18,Fame,source,LureEconomy.OnHeroEscaped,425
11,18,DP,source,AdventurerAI.GrantReturnReward,7064
11,18,DP,stock,end,8431
11,18,Material,stock,end,961
11,18,Fame,stock,end,4508
11,19,DP,source,SurfaceMap.CollectYields,104
11,19,Material,source,SurfaceMap.CollectYields,5
11,19,Fame,source,SurfaceMap.CollectYields,24
11,19,DP,source,DistrictCatalog.Collect,126
11,19,DP,source,EraSystem.TickTurn,300
11,19,DP,sink,MinionRoster.TryForge,-6694
11,19,DP,sink,DungeonFloorManager.TryExpandFloor,-1500
11,19,DP,sink,MinionRoster.TryEvolveIndividual,-250
11,19,DP,sink,DungeonFeatureManager.TryPlaceTrap,-300
11,19,DP,sink,MinionRoster.TrySummon,-188
11,19,DP,source,AdventurerAI.ReapEmotion,175
11,19,Fame,source,AdventurerAI.GrantReturnReward,140
11,19,Fame,source,LureEconomy.OnHeroEscaped,350
11,19,DP,source,AdventurerAI.GrantReturnReward,5127
11,19,DP,sink,CommandSystem.TryUse,-2650
11,19,DP,source,AdventurerAI.TakeDamage,5525
11,19,Material,source,AdventurerAI.TakeDamage,90
11,19,DP,source,Nemesis.OnSlain,3209
11,19,Material,source,Nemesis.OnSlain,19
11,19,DP,stock,end,11415
11,19,Material,stock,end,1075
11,19,Fame,stock,end,5022
11,20,DP,source,SurfaceMap.CollectYields,137
11,20,Material,source,SurfaceMap.CollectYields,5
11,20,Fame,source,SurfaceMap.CollectYields,29
11,20,DP,source,DistrictCatalog.Collect,126
11,20,DP,sink,MinionRoster.TryForge,-10454
11,20,DP,sink,MinionRoster.TryEvolveIndividual,-250
11,20,Material,sink,MinionRoster.TryForge,-14
11,20,DP,sink,DungeonFeatureManager.TryPlaceTrap,-750
11,20,DP,sink,MinionRoster.TrySummon,-188
11,20,DP,source,AdventurerAI.ReapEmotion,690
11,20,DP,sink,CommandSystem.TryUse,-4750
11,20,DP,source,AdventurerAI.TakeDamage,7064
11,20,Material,source,AdventurerAI.TakeDamage,198
11,20,Fame,source,AdventurerAI.GrantReturnReward,140
11,20,Fame,source,LureEconomy.OnHeroEscaped,350
11,20,DP,source,AdventurerAI.GrantReturnReward,10197
11,20,DP,stock,end,13237
11,20,Material,stock,end,1264
11,20,Fame,stock,end,5541
11,21,DP,source,SurfaceMap.CollectYields,164
11,21,Material,source,SurfaceMap.CollectYields,6
11,21,Fame,source,SurfaceMap.CollectYields,35
11,21,DP,source,DistrictCatalog.Collect,126
11,21,DP,source,WaveRoster.ResolveTrial,1500
11,21,DP,sink,MinionRoster.TryForge,-11050
11,21,DP,sink,DungeonFloorManager.TryExpandFloor,-2500
11,21,DP,sink,MinionRoster.TryEvolveIndividual,-250
11,21,Material,sink,MinionRoster.TryForge,-30
11,21,DP,sink,DungeonFeatureManager.TryPlaceTrap,-1050
11,21,DP,sink,MinionRoster.TrySummon,-156
11,21,DP,source,AdventurerAI.ReapEmotion,364
11,21,DP,sink,CommandSystem.TryUse,-3100
11,21,Fame,source,AdventurerAI.GrantReturnReward,210
11,21,Fame,source,LureEconomy.OnHeroEscaped,525
11,21,DP,source,AdventurerAI.GrantReturnReward,7976
11,21,DP,source,AdventurerAI.TakeDamage,5014
11,21,Material,source,AdventurerAI.TakeDamage,39
11,21,DP,source,Nemesis.OnSlain,891
11,21,Material,source,Nemesis.OnSlain,5
11,21,DP,stock,end,11166
11,21,Material,stock,end,1284
11,21,Fame,stock,end,6311
11,22,DP,source,SurfaceMap.CollectYields,164
11,22,Material,source,SurfaceMap.CollectYields,6
11,22,Fame,source,SurfaceMap.CollectYields,35
11,22,DP,source,DistrictCatalog.Collect,126
11,22,DP,sink,MinionRoster.TryForge,-10404
11,22,DP,sink,MinionRoster.TryEvolveIndividual,-225
11,22,Material,sink,MinionRoster.TryForge,-28
11,22,DP,sink,DungeonFeatureManager.TryPlaceTrap,-600
11,22,DP,sink,MinionRoster.TrySummon,-202
11,22,DP,source,AdventurerAI.ReapEmotion,524
11,22,DP,sink,CommandSystem.TryUse,-5550
11,22,DP,source,AdventurerAI.TakeDamage,3747
11,22,Material,source,AdventurerAI.TakeDamage,35
11,22,DP,source,AdventurerAI.GrantReturnReward,9536
11,22,Fame,source,AdventurerAI.GrantReturnReward,250
11,22,Fame,source,LureEconomy.OnHeroEscaped,625
11,22,DP,stock,end,8282
11,22,Material,stock,end,1297
11,22,Fame,stock,end,7221
11,23,DP,source,SurfaceMap.CollectYields,164
11,23,Material,source,SurfaceMap.CollectYields,6
11,23,Fame,source,SurfaceMap.CollectYields,35
11,23,DP,source,DistrictCatalog.Collect,112
11,23,DP,sink,MinionRoster.TryForge,-7470
11,23,DP,sink,MinionRoster.TryEvolveIndividual,-250
11,23,Material,sink,MinionRoster.TryForge,-22
11,23,DP,sink,DungeonFeatureManager.TryPlaceTrap,-600
11,23,DP,sink,MinionRoster.TrySummon,-202
11,23,DP,source,AdventurerAI.ReapEmotion,284
11,23,DP,sink,CommandSystem.TryUse,-4550
11,23,DP,source,AdventurerAI.TakeDamage,6519
11,23,Material,source,AdventurerAI.TakeDamage,132
11,23,DP,source,AdventurerAI.GrantReturnReward,13607
11,23,Fame,source,AdventurerAI.GrantReturnReward,230
11,23,Fame,source,LureEconomy.OnHeroEscaped,575
11,23,DP,stock,end,15896
11,23,Material,stock,end,1413
11,23,Fame,stock,end,8061
11,24,DP,source,SurfaceMap.CollectYields,125
11,24,Material,source,SurfaceMap.CollectYields,6
11,24,Fame,source,SurfaceMap.CollectYields,29
11,24,DP,source,DistrictCatalog.Collect,112
11,24,DP,sink,MinionRoster.TryForge,-168
11,24,DP,sink,MinionEvolution.TryEvolve,-4900
11,24,DP,sink,MinionRoster.TryEvolveIndividual,-10700
11,24,DP,sink,DungeonFeatureManager.TryPlaceTrap,-150
11,24,DP,sink,MinionRoster.TrySummon,-210
11,24,DP,source,AdventurerAI.ReapEmotion,264
11,24,DP,source,AdventurerAI.TakeDamage,6498
11,24,Material,source,AdventurerAI.TakeDamage,165
11,24,DP,sink,CommandSystem.TryUse,-4900
11,24,DP,source,AdventurerAI.GrantReturnReward,10905
11,24,Fame,source,AdventurerAI.GrantReturnReward,290
11,24,Fame,source,LureEconomy.OnHeroEscaped,725
11,24,DP,stock,end,12772
11,24,Material,stock,end,1584
11,24,Fame,stock,end,9105
11,25,DP,source,SurfaceMap.CollectYields,125
11,25,Material,source,SurfaceMap.CollectYields,6
11,25,Fame,source,SurfaceMap.CollectYields,29
11,25,DP,source,DistrictCatalog.Collect,28
11,25,DP,source,EraSystem.TickTurn,3840
11,25,DP,sink,MinionRoster.TryForge,-1416
11,25,DP,sink,DungeonFloorManager.TryAddFloor,-12500
11,25,DP,sink,DungeonFloorManager.TryExpandFloor,-400
11,25,DP,sink,MinionRoster.TryEvolveIndividual,-1725
11,25,DP,sink,DungeonFeatureManager.TryPlaceTrap,-450
11,25,DP,sink,MinionRoster.TrySummon,-261
11,25,DP,source,AdventurerAI.ReapEmotion,182
11,25,DP,source,AdventurerAI.TakeDamage,11228
11,25,Material,source,AdventurerAI.TakeDamage,488
11,25,DP,sink,CommandSystem.TryUse,-4250
11,25,Fame,source,AdventurerAI.GrantReturnReward,280
11,25,Fame,source,LureEconomy.OnHeroEscaped,700
11,25,DP,source,AdventurerAI.GrantReturnReward,11048
11,25,DP,stock,end,18221
11,25,Material,stock,end,2078
11,25,Fame,stock,end,10114
11,26,DP,source,SurfaceMap.CollectYields,145
11,26,Material,source,SurfaceMap.CollectYields,7
11,26,Fame,source,SurfaceMap.CollectYields,33
11,26,DP,source,DistrictCatalog.Collect,28
11,26,DP,source,EraSystem.TickTurn,3840
11,26,DP,sink,MinionRoster.TryForge,-16746
11,26,DP,sink,DungeonFloorManager.TryExpandFloor,-2300
11,26,DP,sink,MinionRoster.TryEvolveIndividual,-1425
11,26,Material,sink,MinionRoster.TryForge,-66
11,26,DP,sink,DungeonFeatureManager.TryPlaceTrap,-1500
11,26,DP,sink,MinionRoster.TrySummon,-261
11,26,DP,source,AdventurerAI.ReapEmotion,318
11,26,DP,sink,CommandSystem.TryUse,-5650
11,26,DP,source,AdventurerAI.TakeDamage,17917
11,26,Material,source,AdventurerAI.TakeDamage,716
11,26,DP,source,AdventurerAI.GrantReturnReward,17219
11,26,Fame,source,AdventurerAI.GrantReturnReward,380
11,26,Fame,source,LureEconomy.OnHeroEscaped,950
11,26,DP,stock,end,29806
11,26,Material,stock,end,2735
11,26,Fame,stock,end,11477
11,27,DP,source,SurfaceMap.CollectYields,124
11,27,Material,source,SurfaceMap.CollectYields,6
11,27,Fame,source,SurfaceMap.CollectYields,28
11,27,DP,source,DistrictCatalog.Collect,28
11,27,DP,source,EraSystem.TickTurn,9216
11,27,DP,sink,MinionRoster.TryForge,-1200
11,27,DP,sink,DungeonFloorManager.TryAddFloor,-31250
11,27,DP,sink,DungeonFloorManager.TryExpandFloor,-5200
11,27,DP,sink,MinionRoster.TryEvolveIndividual,-350
11,27,DP,sink,DungeonFeatureManager.TryPlaceTrap,-900
11,27,DP,sink,MinionRoster.TrySummon,-261
11,27,DP,source,AdventurerAI.ReapEmotion,160
11,27,DP,source,AdventurerAI.TakeDamage,3253
11,27,Material,source,AdventurerAI.TakeDamage,15
11,27,DP,sink,CommandSystem.TryUse,-4700
11,27,DP,source,AdventurerAI.GrantReturnReward,13327
11,27,Fame,source,AdventurerAI.GrantReturnReward,440
11,27,Fame,source,LureEconomy.OnHeroEscaped,1100
11,27,DP,stock,end,12053
11,27,Material,stock,end,2756
11,27,Fame,stock,end,13045
11,28,DP,source,SurfaceMap.CollectYields,127
11,28,Material,source,SurfaceMap.CollectYields,6
11,28,Fame,source,SurfaceMap.CollectYields,29
11,28,DP,source,DistrictCatalog.Collect,28
11,28,DP,source,EraSystem.TickTurn,3840
11,28,DP,sink,MinionRoster.TryForge,-4440
11,28,DP,sink,DungeonFloorManager.TryExpandFloor,-10000
11,28,DP,sink,MinionRoster.TryEvolveIndividual,-350
11,28,Material,sink,MinionRoster.TryForge,-16
11,28,DP,sink,DungeonFeatureManager.TryPlaceTrap,-1050
11,28,DP,sink,MinionRoster.TrySummon,-180
11,28,DP,source,AdventurerAI.ReapEmotion,191
11,28,DP,source,AdventurerAI.TakeDamage,13537
11,28,Material,source,AdventurerAI.TakeDamage,147
11,28,DP,sink,CommandSystem.TryUse,-3400
11,28,DP,source,AdventurerAI.GrantReturnReward,13810
11,28,Fame,source,AdventurerAI.GrantReturnReward,370
11,28,Fame,source,LureEconomy.OnHeroEscaped,925
11,28,DP,stock,end,24166
11,28,Material,stock,end,2893
11,28,Fame,stock,end,14369
11,29,DP,source,SurfaceMap.CollectYields,127
11,29,Material,source,SurfaceMap.CollectYields,6
11,29,Fame,source,SurfaceMap.CollectYields,29
11,29,DP,source,DistrictCatalog.Collect,28
11,29,DP,source,EraSystem.TickTurn,3840
11,29,DP,sink,MinionRoster.TryForge,-26340
11,29,DP,sink,MinionRoster.TryEvolveIndividual,-225
11,29,Material,sink,MinionRoster.TryForge,-204
11,29,DP,sink,DungeonFeatureManager.TryPlaceTrap,-1350
11,29,DP,sink,MinionRoster.TrySummon,-233
11,29,DP,source,AdventurerAI.ReapEmotion,198
11,29,DP,source,AdventurerAI.TakeDamage,12382
11,29,Material,source,AdventurerAI.TakeDamage,258
11,29,DP,sink,CommandSystem.TryUse,-5600
11,29,DP,source,AdventurerAI.GrantReturnReward,9955
11,29,Fame,source,AdventurerAI.GrantReturnReward,170
11,29,Fame,source,LureEconomy.OnHeroEscaped,425
11,29,DP,source,Nemesis.OnSlain,2419
11,29,Material,source,Nemesis.OnSlain,11
11,29,DP,stock,end,19367
11,29,Material,stock,end,2964
11,29,Fame,stock,end,14993
11,30,DP,source,SurfaceMap.CollectYields,168
11,30,Material,source,SurfaceMap.CollectYields,8
11,30,Fame,source,SurfaceMap.CollectYields,38
11,30,DP,source,DistrictCatalog.Collect,28
11,30,DP,source,EraSystem.TickTurn,6528
11,30,Material,source,EraSystem.TickTurn,32
11,30,DP,sink,MinionRoster.TryForge,-24420
11,30,DP,sink,MinionRoster.TryEvolveIndividual,-625
11,30,Material,sink,MinionRoster.TryForge,-188
11,30,DP,sink,DungeonFeatureManager.TryPlaceTrap,-750
11,30,DP,sink,MinionRoster.TrySummon,-279
11,30,DP,source,AdventurerAI.ReapEmotion,199
11,30,DP,source,AdventurerAI.TakeDamage,19591
11,30,Material,source,AdventurerAI.TakeDamage,322
11,30,DP,sink,CommandSystem.TryUse,-6050
11,30,DP,source,AdventurerAI.GrantReturnReward,19688
11,30,Fame,source,AdventurerAI.GrantReturnReward,480
11,30,Fame,source,LureEconomy.OnHeroEscaped,1200
11,30,DP,stock,end,33445
11,30,Material,stock,end,3138
11,30,Fame,stock,end,16711
11,31,DP,source,SurfaceMap.CollectYields,127
11,31,Material,source,SurfaceMap.CollectYields,7
11,31,Fame,source,SurfaceMap.CollectYields,29
11,31,DP,source,DistrictCatalog.Collect,28
11,31,DP,source,EraSystem.TickTurn,3840
11,31,Material,source,EraSystem.TickTurn,74
11,31,DP,sink,MinionRoster.TryForge,-34980
11,31,DP,sink,MinionRoster.TryEvolveIndividual,-750
11,31,Material,sink,MinionRoster.TryForge,-316
11,31,DP,sink,DungeonFeatureManager.TryPlaceTrap,-1500
11,31,DP,sink,MinionRoster.TrySummon,-186
11,31,DP,source,AdventurerAI.ReapEmotion,236
11,31,DP,source,AdventurerAI.TakeDamage,29731
11,31,Material,source,AdventurerAI.TakeDamage,503
11,31,DP,sink,CommandSystem.TryUse,-4450
11,31,DP,source,AdventurerAI.GrantReturnReward,14370
11,31,Fame,source,AdventurerAI.GrantReturnReward,270
11,31,Fame,source,LureEconomy.OnHeroEscaped,675
11,31,DP,stock,end,39911
11,31,Material,stock,end,3406
11,31,Fame,stock,end,17685
11,32,DP,source,SurfaceMap.CollectYields,127
11,32,Material,source,SurfaceMap.CollectYields,7
11,32,Fame,source,SurfaceMap.CollectYields,29
11,32,DP,source,DistrictCatalog.Collect,28
11,32,DP,source,EraSystem.TickTurn,6528
11,32,Fame,source,EraSystem.TickTurn,272
11,32,DP,sink,MinionRoster.TryForge,-44820
11,32,DP,sink,MinionRoster.TryEvolveIndividual,-225
11,32,Material,sink,MinionRoster.TryForge,-488
11,32,DP,sink,DungeonFeatureManager.TryPlaceTrap,-1350
11,32,DP,sink,MinionRoster.TrySummon,-192
11,32,DP,source,AdventurerAI.ReapEmotion,188
11,32,DP,source,AdventurerAI.GrantReturnReward,17431
11,32,Fame,source,AdventurerAI.GrantReturnReward,330
11,32,Fame,source,LureEconomy.OnHeroEscaped,825
11,32,DP,sink,CommandSystem.TryUse,-5600
11,32,DP,source,AdventurerAI.TakeDamage,29269
11,32,Material,source,AdventurerAI.TakeDamage,352
11,32,DP,stock,end,41295
11,32,Material,stock,end,3277
11,32,Fame,stock,end,19141
11,33,DP,source,SurfaceMap.CollectYields,127
11,33,Material,source,SurfaceMap.CollectYields,7
11,33,Fame,source,SurfaceMap.CollectYields,29
11,33,DP,source,DistrictCatalog.Collect,28
11,33,DP,source,EraSystem.TickTurn,1920
11,33,DP,sink,MinionRoster.TryForge,-40140
11,33,DP,sink,MinionRoster.TryEvolveIndividual,-600
11,33,Material,sink,MinionRoster.TryForge,-434
11,33,DP,sink,DungeonFeatureManager.TryPlaceTrap,-2400
11,33,DP,sink,MinionRoster.TrySummon,-198
11,33,DP,source,AdventurerAI.ReapEmotion,202
11,33,DP,source,AdventurerAI.GrantReturnReward,18174
11,33,Fame,source,AdventurerAI.GrantReturnReward,440
11,33,Fame,source,LureEconomy.OnHeroEscaped,1100
11,33,DP,sink,CommandSystem.TryUse,-4900
11,33,DP,source,AdventurerAI.TakeDamage,32556
11,33,Material,source,AdventurerAI.TakeDamage,4598
11,33,DP,source,Nemesis.OnSlain,4278
11,33,Material,source,Nemesis.OnSlain,17
11,33,DP,stock,end,50342
11,33,Material,stock,end,7465
11,33,Fame,stock,end,20710
11,34,DP,source,SurfaceMap.CollectYields,168
11,34,Material,source,SurfaceMap.CollectYields,9
11,34,Fame,source,SurfaceMap.CollectYields,38
11,34,DP,source,DistrictCatalog.Collect,28
11,34,DP,sink,MinionRoster.TryForge,-47340
11,34,DP,sink,MinionRoster.TryEvolveIndividual,-600
11,34,Material,sink,MinionRoster.TryForge,-530
11,34,DP,sink,DungeonFeatureManager.TryPlaceTrap,-2400
11,34,DP,sink,MinionRoster.TrySummon,-198
11,34,DP,source,AdventurerAI.ReapEmotion,313
11,34,DP,sink,CommandSystem.TryUse,-4750
11,34,DP,source,AdventurerAI.TakeDamage,44162
11,34,Material,source,AdventurerAI.TakeDamage,579
11,34,DP,source,AdventurerAI.GrantReturnReward,12481
11,34,Fame,source,AdventurerAI.GrantReturnReward,220
11,34,Fame,source,LureEconomy.OnHeroEscaped,550
11,34,DP,source,Nemesis.OnSlain,10045
11,34,Material,source,Nemesis.OnSlain,42
11,34,DP,stock,end,62251
11,34,Material,stock,end,7565
11,34,Fame,stock,end,21518
11,35,DP,source,SurfaceMap.CollectYields,168
11,35,Material,source,SurfaceMap.CollectYields,9
11,35,Fame,source,SurfaceMap.CollectYields,38
11,35,DP,source,DistrictCatalog.Collect,28
11,35,DP,sink,MinionRoster.TryForge,-57780
11,35,DP,sink,MinionRoster.TryEvolveIndividual,-600
11,35,Material,sink,MinionRoster.TryForge,-728
11,35,DP,sink,DungeonFeatureManager.TryPlaceTrap,-3150
11,35,DP,sink,MinionRoster.TrySummon,-891
11,35,DP,source,AdventurerAI.ReapEmotion,319
11,35,DP,sink,CommandSystem.TryUse,-4900
11,35,DP,source,AdventurerAI.GrantReturnReward,10506
11,35,Fame,source,AdventurerAI.GrantReturnReward,250
11,35,Fame,source,LureEconomy.OnHeroEscaped,625
11,35,DP,source,AdventurerAI.TakeDamage,41459
11,35,Material,source,AdventurerAI.TakeDamage,367
11,35,DP,stock,end,47410
11,35,Material,stock,end,7213
11,35,Fame,stock,end,22431
11,36,DP,source,SurfaceMap.CollectYields,168
11,36,Material,source,SurfaceMap.CollectYields,9
11,36,Fame,source,SurfaceMap.CollectYields,38
11,36,DP,source,DistrictCatalog.Collect,28
11,36,DP,sink,MinionRoster.TryForge,-43380
11,36,DP,sink,MinionRoster.TryEvolveIndividual,-375
11,36,Material,sink,MinionRoster.TryForge,-536
11,36,DP,sink,DungeonFeatureManager.TryPlaceTrap,-1950
11,36,DP,sink,MinionRoster.TrySummon,-1894
11,36,DP,source,AdventurerAI.ReapEmotion,198
11,36,Fame,source,AdventurerAI.GrantReturnReward,260
11,36,Fame,source,LureEconomy.OnHeroEscaped,650
11,36,DP,source,AdventurerAI.GrantReturnReward,11136
11,36,DP,sink,CommandSystem.TryUse,-4900
11,36,DP,source,AdventurerAI.TakeDamage,42744
11,36,Material,source,AdventurerAI.TakeDamage,574
11,36,DP,source,Nemesis.OnSlain,3498
11,36,Material,source,Nemesis.OnSlain,18
11,36,DP,stock,end,52683
11,36,Material,stock,end,7278
11,36,Fame,stock,end,23379
11,37,DP,source,SurfaceMap.CollectYields,168
11,37,Material,source,SurfaceMap.CollectYields,9
11,37,Fame,source,SurfaceMap.CollectYields,38
11,37,DP,source,DistrictCatalog.Collect,28
11,37,DP,sink,MinionRoster.TryForge,-48360
11,37,DP,sink,MinionRoster.TryEvolveIndividual,-375
11,37,Material,sink,MinionRoster.TryForge,-560
11,37,DP,sink,MinionRoster.TrySummon,-4096
11,37,DP,source,AdventurerAI.ReapEmotion,438
11,37,DP,sink,CommandSystem.TryUse,-5550
11,37,DP,source,AdventurerAI.GrantReturnReward,20014
11,37,Fame,source,AdventurerAI.GrantReturnReward,250
11,37,Fame,source,LureEconomy.OnHeroEscaped,625
11,37,DP,source,AdventurerAI.TakeDamage,42541
11,37,Material,source,AdventurerAI.TakeDamage,15390
11,37,DP,source,Nemesis.OnSlain,10127
11,37,Material,source,Nemesis.OnSlain,42
11,37,DP,stock,end,67618
11,37,Material,stock,end,22159
11,37,Fame,stock,end,24292
11,38,DP,source,SurfaceMap.CollectYields,168
11,38,Material,source,SurfaceMap.CollectYields,9
11,38,Fame,source,SurfaceMap.CollectYields,38
11,38,DP,source,DistrictCatalog.Collect,28
11,38,DP,sink,MinionRoster.TryForge,-24648
11,38,DP,sink,MinionRoster.TryEvolveIndividual,-375
11,38,Material,sink,MinionRoster.TryForge,-116
11,38,DP,sink,MinionRoster.TrySummon,-41641
11,38,DP,sink,CommandSystem.TryUse,-5600
11,38,DP,source,AdventurerAI.ReapEmotion,413
11,38,DP,source,AdventurerAI.GrantReturnReward,12855
11,38,Fame,source,AdventurerAI.GrantReturnReward,240
11,38,Fame,source,LureEconomy.OnHeroEscaped,600
11,38,DP,source,AdventurerAI.TakeDamage,38667
11,38,Material,source,AdventurerAI.TakeDamage,415
11,38,DP,source,Nemesis.OnSlain,2398
11,38,Material,source,Nemesis.OnSlain,12
11,38,DP,stock,end,49883
11,38,Material,stock,end,22479
11,38,Fame,stock,end,25170
11,39,DP,source,SurfaceMap.CollectYields,168
11,39,Material,source,SurfaceMap.CollectYields,9
11,39,Fame,source,SurfaceMap.CollectYields,38
11,39,DP,source,DistrictCatalog.Collect,28
11,39,DP,sink,MinionRoster.TryForge,-10680
11,39,DP,sink,MinionRoster.TrySummon,-39365
11,39,DP,source,AdventurerAI.ReapEmotion,251
11,39,DP,source,AdventurerAI.TakeDamage,35400
11,39,Material,source,AdventurerAI.TakeDamage,238
11,39,DP,sink,CommandSystem.TryUse,-5600
11,39,Fame,source,AdventurerAI.GrantReturnReward,260
11,39,Fame,source,LureEconomy.OnHeroEscaped,650
11,39,DP,source,AdventurerAI.GrantReturnReward,8031
11,39,DP,source,Nemesis.OnSlain,2430
11,39,Material,source,Nemesis.OnSlain,12
11,39,DP,stock,end,40546
11,39,Material,stock,end,22738
11,39,Fame,stock,end,26118
11,40,DP,source,SurfaceMap.CollectYields,168
11,40,Material,source,SurfaceMap.CollectYields,9
11,40,Fame,source,SurfaceMap.CollectYields,38
11,40,DP,source,DistrictCatalog.Collect,28
11,40,DP,sink,MinionRoster.TryForge,-21132
11,40,Material,sink,MinionRoster.TryForge,-60
11,40,DP,sink,MinionRoster.TrySummon,-19574
11,40,DP,source,AdventurerAI.ReapEmotion,307
11,40,DP,sink,CommandSystem.TryUse,-4450
11,40,DP,source,AdventurerAI.TakeDamage,48099
11,40,Material,source,AdventurerAI.TakeDamage,439
11,40,DP,source,Nemesis.OnSlain,4094
11,40,Material,source,Nemesis.OnSlain,20
11,40,DP,source,AdventurerAI.GrantReturnReward,7270
11,40,Fame,source,AdventurerAI.GrantReturnReward,170
11,40,Fame,source,LureEconomy.OnHeroEscaped,425
11,40,DP,stock,end,55356
11,40,Material,stock,end,23146
11,40,Fame,stock,end,26751
11,41,DP,source,SurfaceMap.CollectYields,150
11,41,Material,source,SurfaceMap.CollectYields,8
11,41,Fame,source,SurfaceMap.CollectYields,34
11,41,DP,source,DistrictCatalog.Collect,28
11,41,DP,source,WaveRoster.ResolveTrial,2400
11,41,DP,sink,MinionRoster.TryForge,-44340
11,41,Material,sink,MinionRoster.TryForge,-404
11,41,DP,sink,MinionRoster.TrySummon,-13594
11,41,DP,source,AdventurerAI.ReapEmotion,191
11,41,DP,source,AdventurerAI.TakeDamage,51810
11,41,Material,source,AdventurerAI.TakeDamage,264
11,41,DP,sink,CommandSystem.TryUse,-5600
11,41,DP,source,AdventurerAI.GrantReturnReward,13843
11,41,Fame,source,AdventurerAI.GrantReturnReward,220
11,41,Fame,source,LureEconomy.OnHeroEscaped,550
11,41,DP,source,Nemesis.OnSlain,3806
11,41,Material,source,Nemesis.OnSlain,18
11,41,DP,stock,end,64050
11,41,Material,stock,end,23032
11,41,Fame,stock,end,27555
11,42,DP,source,SurfaceMap.CollectYields,150
11,42,Material,source,SurfaceMap.CollectYields,8
11,42,Fame,source,SurfaceMap.CollectYields,34
11,42,DP,source,DistrictCatalog.Collect,28
11,42,DP,source,EraSystem.TickTurn,1920
11,42,DP,sink,MinionRoster.TryForge,-63600
11,42,Material,sink,MinionRoster.TryForge,-764
11,42,DP,sink,MinionRoster.TrySummon,-2525
11,42,DP,source,AdventurerAI.ReapEmotion,327
11,42,DP,sink,CommandSystem.TryUse,-4450
11,42,DP,source,AdventurerAI.TakeDamage,29767
11,42,Material,source,AdventurerAI.TakeDamage,261
11,42,DP,source,AdventurerAI.GrantReturnReward,4954
11,42,Fame,source,AdventurerAI.GrantReturnReward,80
11,42,Fame,source,LureEconomy.OnHeroEscaped,200
11,42,DP,source,Nemesis.OnSlain,3840
11,42,Material,source,Nemesis.OnSlain,18
11,42,DP,stock,end,34461
11,42,Material,stock,end,22555
11,42,Fame,stock,end,27869
11,43,DP,source,SurfaceMap.CollectYields,188
11,43,Material,source,SurfaceMap.CollectYields,10
11,43,Fame,source,SurfaceMap.CollectYields,34
11,43,DP,source,DistrictCatalog.Collect,28
11,43,DP,sink,MinionRoster.TryForge,-31200
11,43,Material,sink,MinionRoster.TryForge,-416
11,43,DP,sink,MinionRoster.TrySummon,-3474
11,43,DP,source,AdventurerAI.ReapEmotion,303
11,43,DP,sink,CommandSystem.TryUse,-4450
11,43,DP,source,AdventurerAI.GrantReturnReward,12722
11,43,Fame,source,AdventurerAI.GrantReturnReward,240
11,43,Fame,source,LureEconomy.OnHeroEscaped,600
11,43,DP,source,AdventurerAI.TakeDamage,39784
11,43,Material,source,AdventurerAI.TakeDamage,307
11,43,DP,source,Nemesis.OnSlain,3840
11,43,Material,source,Nemesis.OnSlain,18
11,43,DP,stock,end,52202
11,43,Material,stock,end,22474
11,43,Fame,stock,end,28743
11,44,DP,source,SurfaceMap.CollectYields,214
11,44,Material,source,SurfaceMap.CollectYields,12
11,44,Fame,source,SurfaceMap.CollectYields,39
11,44,DP,source,DistrictCatalog.Collect,28
11,44,DP,sink,MinionRoster.TryForge,-50400
11,44,Material,sink,MinionRoster.TryForge,-672
11,44,DP,sink,MinionRoster.TrySummon,-1547
11,44,DP,sink,CommandSystem.TryUse,-4450
11,44,DP,source,AdventurerAI.ReapEmotion,260
11,44,DP,source,AdventurerAI.TakeDamage,64583
11,44,Material,source,AdventurerAI.TakeDamage,464
11,44,DP,source,AdventurerAI.GrantReturnReward,7597
11,44,Fame,source,AdventurerAI.GrantReturnReward,180
11,44,Fame,source,LureEconomy.OnHeroEscaped,450
11,44,DP,source,Nemesis.OnSlain,3888
11,44,Material,source,Nemesis.OnSlain,18
11,44,DP,stock,end,72375
11,44,Material,stock,end,22296
11,44,Fame,stock,end,29412
11,45,DP,source,SurfaceMap.CollectYields,230
11,45,Material,source,SurfaceMap.CollectYields,10
11,45,Fame,source,SurfaceMap.CollectYields,41
11,45,DP,source,DistrictCatalog.Collect,28
11,45,DP,sink,MinionRoster.TryForge,-69600
11,45,Material,sink,MinionRoster.TryForge,-928
11,45,DP,sink,MinionRoster.TrySummon,-2862
11,45,DP,source,AdventurerAI.ReapEmotion,312
11,45,DP,sink,CommandSystem.TryUse,-4450
11,45,DP,source,AdventurerAI.TakeDamage,49949
11,45,Material,source,AdventurerAI.TakeDamage,421
11,45,Fame,source,AdventurerAI.GrantReturnReward,170
11,45,Fame,source,LureEconomy.OnHeroEscaped,425
11,45,DP,source,AdventurerAI.GrantReturnReward,8962
11,45,DP,source,Nemesis.OnSlain,3936
11,45,Material,source,Nemesis.OnSlain,18
11,45,DP,stock,end,58880
11,45,Material,stock,end,21817
11,45,Fame,stock,end,30048
11,46,DP,source,SurfaceMap.CollectYields,230
11,46,Material,source,SurfaceMap.CollectYields,10
11,46,Fame,source,SurfaceMap.CollectYields,41
11,46,DP,source,DistrictCatalog.Collect,28
11,46,DP,source,WaveRoster.ResolveTrial,2400
11,46,DP,sink,MinionRoster.TryForge,-12000
11,46,Material,sink,MinionRoster.TryForge,-160
11,46,DP,sink,MinionRoster.TrySummon,-49507
11,46,DP,source,AdventurerAI.ReapEmotion,243
11,46,DP,source,AdventurerAI.TakeDamage,27239
11,46,Material,source,AdventurerAI.TakeDamage,225
11,46,DP,sink,CommandSystem.TryUse,-2650
11,46,DP,source,AdventurerAI.GrantReturnReward,4108
11,46,Fame,source,AdventurerAI.GrantReturnReward,100
11,46,Fame,source,LureEconomy.OnHeroEscaped,250
11,46,DP,source,Nemesis.OnSlain,3936
11,46,Material,source,Nemesis.OnSlain,18
11,46,DP,stock,end,32907
11,46,Material,stock,end,21910
11,46,Fame,stock,end,30439
11,47,DP,source,SurfaceMap.CollectYields,230
11,47,Material,source,SurfaceMap.CollectYields,10
11,47,Fame,source,SurfaceMap.CollectYields,41
11,47,DP,source,DistrictCatalog.Collect,28
11,47,DP,sink,MinionEvolution.TryEvolve,-9050
11,47,DP,sink,MinionRoster.TryEvolveIndividual,-23800
11,47,DP,sink,CommandSystem.TryUse,-4450
11,47,DP,source,AdventurerAI.ReapEmotion,217
11,47,DP,source,AdventurerAI.TakeDamage,34620
11,47,Material,source,AdventurerAI.TakeDamage,231
11,47,Fame,source,AdventurerAI.GrantReturnReward,270
11,47,Fame,source,LureEconomy.OnHeroEscaped,675
11,47,DP,source,AdventurerAI.GrantReturnReward,18074
11,47,DP,source,Nemesis.OnSlain,4001
11,47,Material,source,Nemesis.OnSlain,18
11,47,DP,stock,end,52777
11,47,Material,stock,end,22169
11,47,Fame,stock,end,31425
11,48,DP,source,SurfaceMap.CollectYields,262
11,48,Material,source,SurfaceMap.CollectYields,12
11,48,Fame,source,SurfaceMap.CollectYields,47
11,48,DP,source,DistrictCatalog.Collect,28
11,48,DP,source,EraSystem.TickTurn,9720
11,48,DP,sink,MinionRoster.TryForge,-31680
11,48,Material,sink,MinionRoster.TryForge,-462
11,48,DP,sink,MinionRoster.TryEvolveIndividual,-26250
11,48,DP,sink,MinionRoster.TrySummon,-4803
11,48,DP,source,AdventurerAI.ReapEmotion,267
11,48,DP,sink,CommandSystem.TryUse,-4450
11,48,DP,source,AdventurerAI.TakeDamage,68305
11,48,Material,source,AdventurerAI.TakeDamage,369
11,48,DP,source,AdventurerAI.GrantReturnReward,9425
11,48,Fame,source,AdventurerAI.GrantReturnReward,180
11,48,Fame,source,LureEconomy.OnHeroEscaped,450
11,48,DP,source,Nemesis.OnSlain,4099
11,48,Material,source,Nemesis.OnSlain,18
11,48,DP,stock,end,77700
11,48,Material,stock,end,22106
11,48,Fame,stock,end,32102
11,49,DP,source,SurfaceMap.CollectYields,230
11,49,Material,source,SurfaceMap.CollectYields,12
11,49,Fame,source,SurfaceMap.CollectYields,39
11,49,DP,source,DistrictCatalog.Collect,28
11,49,DP,source,EraSystem.TickTurn,9720
11,49,DP,sink,MinionRoster.TryForge,-5760
11,49,Material,sink,MinionRoster.TryForge,-84
11,49,DP,sink,DungeonFloorManager.TryAddFloor,-78125
11,49,DP,sink,DungeonFloorManager.TryExpandFloor,-1200
11,49,DP,sink,MinionEvolution.TryEvolve,-2250
11,49,DP,sink,DungeonFeatureManager.TryPlaceTrap,-150
11,49,DP,sink,MinionRoster.TrySummon,-176
11,49,DP,source,AdventurerAI.ReapEmotion,265
11,49,DP,source,AdventurerAI.TakeDamage,55896
11,49,Material,source,AdventurerAI.TakeDamage,334
11,49,DP,sink,CommandSystem.TryUse,-4450
11,49,Fame,source,AdventurerAI.GrantReturnReward,210
11,49,Fame,source,LureEconomy.OnHeroEscaped,525
11,49,DP,source,AdventurerAI.GrantReturnReward,7511
11,49,DP,source,Nemesis.OnSlain,4083
11,49,Material,source,Nemesis.OnSlain,18
11,49,DP,stock,end,63322
11,49,Material,stock,end,22386
11,49,Fame,stock,end,32876
11,50,DP,source,SurfaceMap.CollectYields,230
11,50,Material,source,SurfaceMap.CollectYields,12
11,50,Fame,source,SurfaceMap.CollectYields,39
11,50,DP,source,DistrictCatalog.Collect,28
11,50,DP,source,EraSystem.TickTurn,9720
11,50,DP,sink,MinionRoster.TryForge,-5760
11,50,Material,sink,MinionRoster.TryForge,-84
11,50,DP,sink,MinionEvolution.TryEvolve,-31000
11,50,DP,sink,MinionRoster.TryEvolveIndividual,-35950
11,50,DP,sink,DungeonFeatureManager.TryPlaceTrap,-300
11,50,DP,sink,MinionRoster.TrySummon,-240
11,50,DP,source,AdventurerAI.ReapEmotion,491
11,50,DP,sink,CommandSystem.TryUse,-4450
11,50,Fame,source,AdventurerAI.GrantReturnReward,220
11,50,Fame,source,LureEconomy.OnHeroEscaped,550
11,50,DP,source,AdventurerAI.TakeDamage,61909
11,50,Material,source,AdventurerAI.TakeDamage,511
11,50,DP,source,AdventurerAI.GrantReturnReward,8579
11,50,DP,source,Nemesis.OnSlain,1377
11,50,Material,source,Nemesis.OnSlain,6
11,50,DP,stock,end,67956
11,50,Material,stock,end,22831
11,50,Fame,stock,end,33685
11,51,DP,source,SurfaceMap.CollectYields,230
11,51,Material,source,SurfaceMap.CollectYields,12
11,51,Fame,source,SurfaceMap.CollectYields,39
11,51,DP,source,DistrictCatalog.Collect,28
11,51,DP,source,EraSystem.TickTurn,9720
11,51,DP,sink,MinionRoster.TryForge,-5760
11,51,Material,sink,MinionRoster.TryForge,-84
11,51,DP,sink,DungeonFloorManager.TryExpandFloor,-4000
11,51,DP,sink,MinionRoster.TryEvolveIndividual,-66950
11,51,DP,sink,DungeonFeatureManager.TryPlaceTrap,-1050
11,51,DP,sink,MinionRoster.TrySummon,-123
11,51,DP,source,AdventurerAI.ReapEmotion,150
11,51,DP,source,AdventurerAI.GrantReturnReward,14114
11,51,Fame,source,AdventurerAI.GrantReturnReward,390
11,51,Fame,source,LureEconomy.OnHeroEscaped,975
11,51,DP,sink,CommandSystem.TryUse,-4450
11,51,DP,source,AdventurerAI.TakeDamage,43483
11,51,Material,source,AdventurerAI.TakeDamage,357
11,51,DP,source,Nemesis.OnSlain,4179
11,51,Material,source,Nemesis.OnSlain,18
11,51,DP,stock,end,57527
11,51,Material,stock,end,23134
11,51,Fame,stock,end,35089
11,52,DP,source,SurfaceMap.CollectYields,230
11,52,Material,source,SurfaceMap.CollectYields,12
11,52,Fame,source,SurfaceMap.CollectYields,39
11,52,DP,source,DistrictCatalog.Collect,28
11,52,DP,source,EraSystem.TickTurn,16524
11,52,DP,sink,MinionRoster.TryForge,-23040
11,52,Material,sink,MinionRoster.TryForge,-336
11,52,DP,sink,MinionRoster.TryEvolveIndividual,-47600
11,52,DP,sink,DungeonFeatureManager.TryPlaceTrap,-3150
11,52,DP,sink,MinionRoster.TrySummon,-492
11,52,DP,source,AdventurerAI.ReapEmotion,171
11,52,DP,source,AdventurerAI.TakeDamage,127666
11,52,Material,source,AdventurerAI.TakeDamage,797
11,52,DP,sink,CommandSystem.TryUse,-4100
11,52,DP,source,AdventurerAI.GrantReturnReward,12856
11,52,Fame,source,AdventurerAI.GrantReturnReward,290
11,52,Fame,source,LureEconomy.OnHeroEscaped,725
11,52,DP,source,Nemesis.OnSlain,5121
11,52,Material,source,Nemesis.OnSlain,22
11,52,DP,stock,end,141741
11,52,Material,stock,end,23629
11,52,Fame,stock,end,36143
12,1,DP,sink,DungeonFeatureManager.TryPlaceTrap,-150
12,1,DP,source,AdventurerAI.TakeDamage,222
12,1,Material,source,AdventurerAI.TakeDamage,8
12,1,DP,source,AdventurerAI.ReapEmotion,200
12,1,DP,sink,CommandSystem.TryUse,-300
12,1,DP,source,AdventurerAI.GrantReturnReward,50
12,1,Fame,source,AdventurerAI.GrantReturnReward,10
12,1,Fame,source,LureEconomy.OnHeroEscaped,25
12,1,DP,stock,end,222
12,1,Material,stock,end,8
12,1,Fame,stock,end,35
12,2,DP,source,SurfaceMap.CollectYields,18
12,2,Material,source,SurfaceMap.CollectYields,1
12,2,Fame,source,SurfaceMap.CollectYields,4
12,2,DP,source,EraSystem.TickTurn,600
12,2,Fame,source,EraSystem.TickTurn,25
12,2,DP,sink,MinionRoster.TryForge,-236
12,2,DP,sink,MinionEvolution.TryEvolve,-225
12,2,DP,sink,DungeonFeatureManager.TryPlaceTrap,-300
12,2,DP,sink,MinionRoster.TrySummon,-66
12,2,DP,source,AdventurerAI.ReapEmotion,318
12,2,DP,source,AdventurerAI.TakeDamage,265
12,2,Material,source,AdventurerAI.TakeDamage,19
12,2,DP,sink,CommandSystem.TryUse,-650
12,2,DP,source,AdventurerAI.GrantReturnReward,301
12,2,Fame,source,AdventurerAI.GrantReturnReward,10
12,2,Fame,source,LureEconomy.OnHeroEscaped,25
12,2,DP,stock,end,247
12,2,Material,stock,end,28
12,2,Fame,stock,end,99
12,3,DP,source,SurfaceMap.CollectYields,18
12,3,Material,source,SurfaceMap.CollectYields,1
12,3,Fame,source,SurfaceMap.CollectYields,4
12,3,DP,source,EraSystem.TickTurn,600
12,3,Material,source,EraSystem.TickTurn,10
12,3,Fame,source,EraSystem.TickTurn,25
12,3,DP,sink,MinionRoster.TryForge,-236
12,3,DP,sink,MinionEvolution.TryEvolve,-175
12,3,DP,sink,MinionRoster.TryEvolveIndividual,-150
12,3,DP,sink,DungeonFeatureManager.TryPlaceTrap,-150
12,3,DP,sink,MinionRoster.TrySummon,-136
12,3,DP,source,AdventurerAI.ReapEmotion,224
12,3,Fame,source,AdventurerAI.GrantReturnReward,10
12,3,Fame,source,LureEconomy.OnHeroEscaped,25
12,3,DP,source,AdventurerAI.TakeDamage,282
12,3,Material,source,AdventurerAI.TakeDamage,20
12,3,DP,sink,CommandSystem.TryUse,-300
12,3,DP,stock,end,224
12,3,Material,stock,end,59
12,3,Fame,stock,end,163
12,4,DP,source,SurfaceMap.CollectYields,18
12,4,Material,source,SurfaceMap.CollectYields,1
12,4,Fame,source,SurfaceMap.CollectYields,4
12,4,DP,source,EraSystem.TickTurn,600
12,4,DP,sink,MinionRoster.TryForge,-236
12,4,DP,sink,MinionEvolution.TryEvolve,-225
12,4,DP,sink,DungeonFeatureManager.TryPlaceTrap,-300
12,4,DP,sink,MinionRoster.TrySummon,-80
12,4,DP,source,AdventurerAI.ReapEmotion,160
12,4,DP,source,AdventurerAI.TakeDamage,233
12,4,Material,source,AdventurerAI.TakeDamage,12
12,4,DP,sink,CommandSystem.TryUse,-600
12,4,DP,source,AdventurerAI.GrantReturnReward,529
12,4,Fame,source,AdventurerAI.GrantReturnReward,30
12,4,Fame,source,LureEconomy.OnHeroEscaped,75
12,4,DP,stock,end,323
12,4,Material,stock,end,72
12,4,Fame,stock,end,272
12,5,DP,source,SurfaceMap.CollectYields,18
12,5,Material,source,SurfaceMap.CollectYields,1
12,5,Fame,source,SurfaceMap.CollectYields,4
12,5,DP,source,EraSystem.TickTurn,600
12,5,DP,sink,MinionRoster.TryForge,-212
12,5,DP,sink,DungeonFloorManager.TryExpandFloor,-400
12,5,DP,sink,DungeonFeatureManager.TryPlaceTrap,-150
12,5,DP,sink,MinionRoster.TrySummon,-162
12,5,DP,source,AdventurerAI.TakeDamage,625
12,5,Material,source,AdventurerAI.TakeDamage,22
12,5,DP,source,AdventurerAI.ReapEmotion,85
12,5,DP,sink,CommandSystem.TryUse,-950
12,5,DP,source,Nemesis.OnSlain,486
12,5,Material,source,Nemesis.OnSlain,5
12,5,DP,stock,end,263
12,5,Material,stock,end,100
12,5,Fame,stock,end,276
12,6,DP,source,SurfaceMap.CollectYields,39
12,6,Material,source,SurfaceMap.CollectYields,2
12,6,Fame,source,SurfaceMap.CollectYields,9
12,6,DP,source,EraSystem.TickTurn,600
12,6,Material,source,EraSystem.TickTurn,10
12,6,DP,sink,MinionRoster.TryForge,-212
12,6,DP,sink,MinionEvolution.TryEvolve,-325
12,6,DP,sink,DungeonFeatureManager.TryPlaceTrap,-300
12,6,DP,sink,MinionRoster.TrySummon,-45
12,6,DP,source,AdventurerAI.ReapEmotion,364
12,6,DP,sink,CommandSystem.TryUse,-1300
12,6,DP,source,AdventurerAI.TakeDamage,721
12,6,Material,source,AdventurerAI.TakeDamage,28
12,6,DP,source,Nemesis.OnSlain,1004
12,6,Material,source,Nemesis.OnSlain,10
12,6,DP,stock,end,809
12,6,Material,stock,end,150
12,6,Fame,stock,end,285
12,7,DP,source,SurfaceMap.CollectYields,39
12,7,Material,source,SurfaceMap.CollectYields,2
12,7,Fame,source,SurfaceMap.CollectYields,9
12,7,DP,source,EraSystem.TickTurn,1020
12,7,DP,sink,MinionRoster.TryForge,-318
12,7,DP,sink,DungeonFloorManager.TryAddFloor,-800
12,7,DP,sink,DungeonFloorManager.TryExpandFloor,-400
12,7,DP,sink,DungeonFeatureManager.TryPlaceTrap,-150
12,7,DP,sink,MinionRoster.TrySummon,-180
12,7,DP,source,AdventurerAI.ReapEmotion,301
12,7,DP,sink,CommandSystem.TryUse,-1300
12,7,DP,source,AdventurerAI.TakeDamage,694
12,7,Material,source,AdventurerAI.TakeDamage,58
12,7,Fame,source,AdventurerAI.GrantReturnReward,10
12,7,Fame,source,LureEconomy.OnHeroEscaped,25
12,7,DP,source,Nemesis.OnSlain,518
12,7,Material,source,Nemesis.OnSlain,5
12,7,DP,stock,end,233
12,7,Material,stock,end,215
12,7,Fame,stock,end,329
12,8,DP,source,SurfaceMap.CollectYields,39
12,8,Material,source,SurfaceMap.CollectYields,2
12,8,Fame,source,SurfaceMap.CollectYields,9
12,8,DP,source,EraSystem.TickTurn,600
12,8,DP,sink,MinionRoster.TryForge,-318
12,8,DP,sink,MinionEvolution.TryEvolve,-200
12,8,DP,sink,DungeonFeatureManager.TryPlaceTrap,-150
12,8,DP,sink,MinionRoster.TrySummon,-198
12,8,DP,source,AdventurerAI.ReapEmotion,132
12,8,Fame,source,AdventurerAI.GrantReturnReward,10
12,8,Fame,source,LureEconomy.OnHeroEscaped,25
12,8,DP,source,AdventurerAI.TakeDamage,930
12,8,Material,source,AdventurerAI.TakeDamage,57
12,8,DP,sink,CommandSystem.TryUse,-950
12,8,DP,stock,end,118
12,8,Material,stock,end,274
12,8,Fame,stock,end,373
12,9,DP,source,SurfaceMap.CollectYields,45
12,9,Material,source,SurfaceMap.CollectYields,2
12,9,Fame,source,SurfaceMap.CollectYields,11
12,9,DP,source,EraSystem.TickTurn,600
12,9,Fame,source,EraSystem.TickTurn,25
12,9,DP,sink,MinionRoster.TryForge,-190
12,9,DP,sink,MinionEvolution.TryEvolve,-200
12,9,DP,sink,DungeonFeatureManager.TryPlaceTrap,-150
12,9,DP,sink,MinionRoster.TrySummon,-216
12,9,DP,source,IncidentSystem.Apply,600
12,9,DP,sink,CommandSystem.TryUse,-1800
12,9,DP,source,AdventurerAI.ReapEmotion,191
12,9,DP,source,AdventurerAI.TakeDamage,672
12,9,Material,source,AdventurerAI.TakeDamage,25
12,9,Fame,source,AdventurerAI.GrantReturnReward,30
12,9,Fame,source,LureEconomy.OnHeroEscaped,75
12,9,DP,source,AdventurerAI.GrantReturnReward,684
12,9,DP,stock,end,354
12,9,Material,stock,end,301
12,9,Fame,stock,end,514
12,10,DP,source,SurfaceMap.CollectYields,79
12,10,Material,source,SurfaceMap.CollectYields,3
12,10,Fame,source,SurfaceMap.CollectYields,17
12,10,DP,source,EraSystem.TickTurn,1020
12,10,DP,sink,MinionRoster.TryForge,-190
12,10,DP,sink,DungeonFloorManager.TryExpandFloor,-800
12,10,DP,sink,DungeonFeatureManager.TryPlaceTrap,-300
12,10,DP,sink,MinionRoster.TrySummon,-158
12,10,DP,source,AdventurerAI.ReapEmotion,545
12,10,Fame,source,AdventurerAI.GrantReturnReward,60
12,10,Fame,source,LureEconomy.OnHeroEscaped,150
12,10,DP,sink,CommandSystem.TryUse,-2300
12,10,DP,source,AdventurerAI.GrantReturnReward,1931
12,10,DP,source,AdventurerAI.TakeDamage,1066
12,10,Material,source,AdventurerAI.TakeDamage,52
12,10,DP,source,Nemesis.OnSlain,599
12,10,Material,source,Nemesis.OnSlain,5
12,10,DP,stock,end,1846
12,10,Material,stock,end,361
12,10,Fame,stock,end,741
12,11,DP,source,SurfaceMap.CollectYields,79
12,11,Material,source,SurfaceMap.CollectYields,3
12,11,Fame,source,SurfaceMap.CollectYields,17
12,11,DP,sink,MinionRoster.TryForge,-190
12,11,DP,sink,DungeonFloorManager.TryExpandFloor,-800
12,11,DP,sink,MinionEvolution.TryEvolve,-500
12,11,DP,sink,DungeonFeatureManager.TryPlaceTrap,-150
12,11,DP,sink,MinionRoster.TrySummon,-285
12,11,DP,source,AdventurerAI.ReapEmotion,95
12,11,DP,source,AdventurerAI.TakeDamage,881
12,11,Material,source,AdventurerAI.TakeDamage,39
12,11,DP,sink,CommandSystem.TryUse,-2300
12,11,DP,source,AdventurerAI.GrantReturnReward,2222
12,11,Fame,source,AdventurerAI.GrantReturnReward,50
12,11,Fame,source,LureEconomy.OnHeroEscaped,125
12,11,DP,source,Nemesis.OnSlain,1264
12,11,Material,source,Nemesis.OnSlain,10
12,11,DP,stock,end,2162
12,11,Material,stock,end,413
12,11,Fame,stock,end,933
12,12,DP,source,SurfaceMap.CollectYields,79
12,12,Material,source,SurfaceMap.CollectYields,3
12,12,Fame,source,SurfaceMap.CollectYields,17
12,12,DP,source,DistrictCatalog.Collect,84
12,12,DP,source,EraSystem.TickTurn,300
12,12,DP,sink,MinionRoster.TryForge,-190
12,12,DP,sink,DungeonFloorManager.TryAddFloor,-2000
12,12,DP,sink,DungeonFeatureManager.TryPlaceTrap,-150
12,12,DP,sink,MinionRoster.TrySummon,-285
12,12,DP,source,AdventurerAI.ReapEmotion,210
12,12,DP,source,AdventurerAI.GrantReturnReward,3026
12,12,Fame,source,AdventurerAI.GrantReturnReward,70
12,12,Fame,source,LureEconomy.OnHeroEscaped,175
12,12,DP,sink,CommandSystem.TryUse,-4750
12,12,DP,source,Nemesis.OnSlain,1328
12,12,Material,source,Nemesis.OnSlain,10
12,12,DP,source,AdventurerAI.TakeDamage,886
12,12,Material,source,AdventurerAI.TakeDamage,43
12,12,DP,stock,end,700
12,12,Material,stock,end,469
12,12,Fame,stock,end,1195
12,13,DP,source,SurfaceMap.CollectYields,60
12,13,Material,source,SurfaceMap.CollectYields,3
12,13,Fame,source,SurfaceMap.CollectYields,14
12,13,DP,source,DistrictCatalog.Collect,98
12,13,DP,sink,MinionRoster.TryForge,-190
12,13,DP,sink,MinionEvolution.TryEvolve,-250
12,13,DP,sink,DungeonFeatureManager.TryPlaceTrap,-150
12,13,DP,sink,MinionRoster.TrySummon,-262
12,13,DP,source,AdventurerAI.ReapEmotion,313
12,13,DP,sink,CommandSystem.TryUse,-2750
12,13,DP,source,AdventurerAI.GrantReturnReward,4451
12,13,Fame,source,AdventurerAI.GrantReturnReward,90
12,13,Fame,source,LureEconomy.OnHeroEscaped,225
12,13,DP,source,AdventurerAI.TakeDamage,2032
12,13,Material,source,AdventurerAI.TakeDamage,89
12,13,DP,source,Nemesis.OnSlain,2040
12,13,Material,source,Nemesis.OnSlain,15
12,13,DP,stock,end,6092
12,13,Material,stock,end,576
12,13,Fame,stock,end,1524
12,14,DP,source,SurfaceMap.CollectYields,81
12,14,Material,source,SurfaceMap.CollectYields,4
12,14,Fame,source,SurfaceMap.CollectYields,19
12,14,DP,source,DistrictCatalog.Collect,98
12,14,DP,sink,MinionRoster.TryForge,-190
12,14,DP,sink,DungeonFloorManager.TryAddFloor,-5000
12,14,DP,sink,DungeonFloorManager.TryExpandFloor,-400
12,14,DP,sink,MinionRoster.TryEvolveIndividual,-225
12,14,DP,sink,DungeonFeatureManager.TryPlaceTrap,-300
12,14,DP,sink,MinionRoster.TrySummon,-130
12,14,DP,source,AdventurerAI.ReapEmotion,152
12,14,DP,source,AdventurerAI.GrantReturnReward,6438
12,14,Fame,source,AdventurerAI.GrantReturnReward,260
12,14,Fame,source,LureEconomy.OnHeroEscaped,650
12,14,DP,sink,CommandSystem.TryUse,-4900
12,14,DP,source,AdventurerAI.TakeDamage,583
12,14,Material,source,AdventurerAI.TakeDamage,16
12,14,DP,stock,end,2299
12,14,Material,stock,end,596
12,14,Fame,stock,end,2453
12,15,DP,source,SurfaceMap.CollectYields,81
12,15,Material,source,SurfaceMap.CollectYields,4
12,15,Fame,source,SurfaceMap.CollectYields,19
12,15,DP,source,DistrictCatalog.Collect,98
12,15,DP,sink,MinionRoster.TryForge,-190
12,15,DP,sink,DungeonFloorManager.TryExpandFloor,-400
12,15,DP,sink,MinionEvolution.TryEvolve,-550
12,15,DP,sink,MinionRoster.TryEvolveIndividual,-975
12,15,DP,sink,DungeonFeatureManager.TryPlaceTrap,-150
12,15,DP,sink,MinionRoster.TrySummon,-206
12,15,DP,source,AdventurerAI.ReapEmotion,319
12,15,DP,sink,CommandSystem.TryUse,-2250
12,15,DP,source,AdventurerAI.GrantReturnReward,3435
12,15,Fame,source,AdventurerAI.GrantReturnReward,160
12,15,Fame,source,LureEconomy.OnHeroEscaped,400
12,15,DP,stock,end,1511
12,15,Material,stock,end,600
12,15,Fame,stock,end,3032
12,16,DP,source,SurfaceMap.CollectYields,81
12,16,Material,source,SurfaceMap.CollectYields,4
12,16,Fame,source,SurfaceMap.CollectYields,19
12,16,DP,source,DistrictCatalog.Collect,98
12,16,DP,sink,MinionRoster.TryForge,-190
12,16,DP,sink,MinionRoster.TryEvolveIndividual,-1175
12,16,DP,sink,DungeonFeatureManager.TryPlaceTrap,-150
12,16,DP,sink,MinionRoster.TrySummon,-172
12,16,DP,source,AdventurerAI.ReapEmotion,233
12,16,DP,source,AdventurerAI.GrantReturnReward,7668
12,16,Fame,source,AdventurerAI.GrantReturnReward,240
12,16,Fame,source,LureEconomy.OnHeroEscaped,600
12,16,DP,sink,CommandSystem.TryUse,-4900
12,16,DP,source,AdventurerAI.TakeDamage,890
12,16,Material,source,AdventurerAI.TakeDamage,84
12,16,DP,stock,end,3894
12,16,Material,stock,end,688
12,16,Fame,stock,end,3891
12,17,DP,source,SurfaceMap.CollectYields,81
12,17,Material,source,SurfaceMap.CollectYields,4
12,17,Fame,source,SurfaceMap.CollectYields,19
12,17,DP,source,DistrictCatalog.Collect,98
12,17,DP,source,EraSystem.TickTurn,720
12,17,DP,sink,MinionRoster.TryForge,-2406
12,17,DP,sink,DungeonFloorManager.TryExpandFloor,-1600
12,17,DP,sink,MinionRoster.TryEvolveIndividual,-325
12,17,DP,sink,DungeonFeatureManager.TryPlaceTrap,-300
12,17,DP,sink,MinionRoster.TrySummon,-144
12,17,DP,source,AdventurerAI.ReapEmotion,243
12,17,DP,source,AdventurerAI.GrantReturnReward,7180
12,17,Fame,source,AdventurerAI.GrantReturnReward,210
12,17,Fame,source,LureEconomy.OnHeroEscaped,525
12,17,DP,sink,CommandSystem.TryUse,-2250
12,17,DP,stock,end,5191
12,17,Material,stock,end,692
12,17,Fame,stock,end,4645
12,18,DP,source,SurfaceMap.CollectYields,102
12,18,Material,source,SurfaceMap.CollectYields,5
12,18,Fame,source,SurfaceMap.CollectYields,24
12,18,DP,source,DistrictCatalog.Collect,98
12,18,DP,sink,MinionRoster.TryForge,-4678
12,18,DP,sink,MinionRoster.TryEvolveIndividual,-225
12,18,DP,sink,DungeonFeatureManager.TryPlaceTrap,-300
12,18,DP,sink,MinionRoster.TrySummon,-188
12,18,DP,source,AdventurerAI.ReapEmotion,320
12,18,DP,sink,CommandSystem.TryUse,-4900
12,18,DP,source,AdventurerAI.GrantReturnReward,11546
12,18,Fame,source,AdventurerAI.GrantReturnReward,210
12,18,Fame,source,LureEconomy.OnHeroEscaped,525
12,18,DP,source,AdventurerAI.TakeDamage,699
12,18,Material,source,AdventurerAI.TakeDamage,26
12,18,DP,stock,end,7665
12,18,Material,stock,end,723
12,18,Fame,stock,end,5404
12,19,DP,source,SurfaceMap.CollectYields,102
12,19,Material,source,SurfaceMap.CollectYields,5
12,19,Fame,source,SurfaceMap.CollectYields,24
12,19,DP,source,DistrictCatalog.Collect,126
12,19,DP,source,EraSystem.TickTurn,300
12,19,DP,sink,MinionRoster.TryForge,-5863
12,19,DP,sink,DungeonFloorManager.TryExpandFloor,-1500
12,19,DP,sink,MinionRoster.TryEvolveIndividual,-250
12,19,DP,sink,DungeonFeatureManager.TryPlaceTrap,-300
12,19,DP,sink,MinionRoster.TrySummon,-278
12,19,DP,source,AdventurerAI.ReapEmotion,319
12,19,DP,source,AdventurerAI.TakeDamage,3365
12,19,Material,source,AdventurerAI.TakeDamage,30
12,19,DP,sink,CommandSystem.TryUse,-6050
12,19,DP,source,AdventurerAI.GrantReturnReward,13731
12,19,Fame,source,AdventurerAI.GrantReturnReward,320
12,19,Fame,source,LureEconomy.OnHeroEscaped,800
12,19,DP,stock,end,11367
12,19,Material,stock,end,758
12,19,Fame,stock,end,6548
12,20,DP,source,SurfaceMap.CollectYields,135
12,20,Material,source,SurfaceMap.CollectYields,5
12,20,Fame,source,SurfaceMap.CollectYields,29
12,20,DP,source,DistrictCatalog.Collect,126
12,20,DP,sink,MinionRoster.TryForge,-10885
12,20,DP,sink,DungeonFeatureManager.TryPlaceTrap,-450
12,20,DP,sink,MinionRoster.TrySummon,-287
12,20,DP,source,AdventurerAI.ReapEmotion,792
12,20,DP,sink,CommandSystem.TryUse,-4900
12,20,DP,source,AdventurerAI.GrantReturnReward,18138
12,20,Fame,source,AdventurerAI.GrantReturnReward,240
12,20,Fame,source,LureEconomy.OnHeroEscaped,600
12,20,DP,source,AdventurerAI.TakeDamage,1958
12,20,Material,source,AdventurerAI.TakeDamage,32
12,20,DP,stock,end,15994
12,20,Material,stock,end,795
12,20,Fame,stock,end,7417
12,21,DP,source,SurfaceMap.CollectYields,135
12,21,Material,source,SurfaceMap.CollectYields,5
12,21,Fame,source,SurfaceMap.CollectYields,29
12,21,DP,source,DistrictCatalog.Collect,126
12,21,DP,sink,MinionRoster.TryForge,-15458
12,21,DP,sink,MinionRoster.TryEvolveIndividual,-75
12,21,Material,sink,MinionRoster.TryForge,-30
12,21,DP,sink,DungeonFeatureManager.TryPlaceTrap,-450
12,21,DP,sink,MinionRoster.TrySummon,-266
12,21,DP,source,AdventurerAI.ReapEmotion,242
12,21,DP,source,AdventurerAI.GrantReturnReward,15166
12,21,Fame,source,AdventurerAI.GrantReturnReward,270
12,21,Fame,source,LureEconomy.OnHeroEscaped,675
12,21,DP,sink,CommandSystem.TryUse,-4900
12,21,DP,source,AdventurerAI.TakeDamage,815
12,21,Material,source,AdventurerAI.TakeDamage,112
12,21,DP,stock,end,11329
12,21,Material,stock,end,882
12,21,Fame,stock,end,8391
12,22,DP,source,SurfaceMap.CollectYields,162
12,22,Material,source,SurfaceMap.CollectYields,6
12,22,Fame,source,SurfaceMap.CollectYields,35
12,22,DP,source,DistrictCatalog.Collect,126
12,22,DP,sink,MinionRoster.TryForge,-10404
12,22,Material,sink,MinionRoster.TryForge,-28
12,22,DP,sink,DungeonFeatureManager.TryPlaceTrap,-1050
12,22,DP,sink,MinionRoster.TrySummon,-162
12,22,DP,source,AdventurerAI.ReapEmotion,246
12,22,DP,source,AdventurerAI.GrantReturnReward,12936
12,22,Fame,source,AdventurerAI.GrantReturnReward,230
12,22,Fame,source,LureEconomy.OnHeroEscaped,575
12,22,DP,sink,CommandSystem.TryUse,-5750
12,22,DP,source,AdventurerAI.TakeDamage,5641
12,22,Material,source,AdventurerAI.TakeDamage,379
12,22,DP,stock,end,13074
12,22,Material,stock,end,1239
12,22,Fame,stock,end,9231
12,23,DP,source,SurfaceMap.CollectYields,135
12,23,Material,source,SurfaceMap.CollectYields,5
12,23,Fame,source,SurfaceMap.CollectYields,29
12,23,DP,source,DistrictCatalog.Collect,112
12,23,DP,sink,MinionRoster.TryForge,-10890
12,23,DP,sink,DungeonFloorManager.TryExpandFloor,-1500
12,23,DP,sink,MinionRoster.TryEvolveIndividual,-225
12,23,Material,sink,MinionRoster.TryForge,-34
12,23,DP,sink,DungeonFeatureManager.TryPlaceTrap,-450
12,23,DP,sink,MinionRoster.TrySummon,-242
12,23,DP,source,AdventurerAI.ReapEmotion,292
12,23,DP,sink,CommandSystem.TryUse,-5200
12,23,DP,source,AdventurerAI.TakeDamage,1499
12,23,Material,source,AdventurerAI.TakeDamage,75
12,23,DP,source,AdventurerAI.GrantReturnReward,13411
12,23,Fame,source,AdventurerAI.GrantReturnReward,290
12,23,Fame,source,LureEconomy.OnHeroEscaped,725
12,23,DP,stock,end,10016
12,23,Material,stock,end,1285
12,23,Fame,stock,end,10275
12,24,DP,source,SurfaceMap.CollectYields,104
12,24,Material,source,SurfaceMap.CollectYields,5
12,24,Fame,source,SurfaceMap.CollectYields,24
12,24,DP,source,DistrictCatalog.Collect,112
12,24,DP,sink,MinionRoster.TryForge,-8100
12,24,DP,sink,MinionRoster.TryEvolveIndividual,-325
12,24,Material,sink,MinionRoster.TryForge,-20
12,24,DP,sink,DungeonFeatureManager.TryPlaceTrap,-1650
12,24,DP,sink,MinionRoster.TrySummon,-138
12,24,DP,source,IncidentSystem.Apply,600
12,24,DP,sink,CommandSystem.TryUse,-5550
12,24,DP,source,AdventurerAI.ReapEmotion,213
12,24,DP,source,AdventurerAI.GrantReturnReward,11763
12,24,Fame,source,AdventurerAI.GrantReturnReward,180
12,24,Fame,source,LureEconomy.OnHeroEscaped,450
12,24,DP,source,AdventurerAI.TakeDamage,1852
12,24,Material,source,AdventurerAI.TakeDamage,32
12,24,DP,stock,end,8897
12,24,Material,stock,end,1302
12,24,Fame,stock,end,10929
12,25,DP,source,SurfaceMap.CollectYields,104
12,25,Material,source,SurfaceMap.CollectYields,5
12,25,Fame,source,SurfaceMap.CollectYields,24
12,25,DP,source,DistrictCatalog.Collect,28
12,25,DP,source,EraSystem.TickTurn,3840
12,25,DP,sink,MinionRoster.TryForge,-168
12,25,DP,sink,MinionEvolution.TryEvolve,-4900
12,25,DP,sink,MinionRoster.TryEvolveIndividual,-7350
12,25,DP,sink,DungeonFeatureManager.TryPlaceTrap,-300
12,25,DP,sink,MinionRoster.TrySummon,-143
12,25,DP,source,AdventurerAI.ReapEmotion,684
12,25,DP,source,AdventurerAI.GrantReturnReward,30024
12,25,Fame,source,AdventurerAI.GrantReturnReward,500
12,25,Fame,source,LureEconomy.OnHeroEscaped,1250
12,25,DP,sink,CommandSystem.TryUse,-6200
12,25,DP,source,AdventurerAI.TakeDamage,5022
12,25,Material,source,AdventurerAI.TakeDamage,126
12,25,DP,stock,end,29538
12,25,Material,stock,end,1433
12,25,Fame,stock,end,12703
12,26,DP,source,SurfaceMap.CollectYields,125
12,26,Material,source,SurfaceMap.CollectYields,6
12,26,Fame,source,SurfaceMap.CollectYields,29
12,26,DP,source,DistrictCatalog.Collect,28
12,26,DP,source,EraSystem.TickTurn,3840
12,26,DP,sink,MinionRoster.TryForge,-11232
12,26,DP,sink,DungeonFloorManager.TryAddFloor,-12500
12,26,DP,sink,DungeonFloorManager.TryExpandFloor,-4200
12,26,DP,sink,MinionRoster.TryEvolveIndividual,-4225
12,26,Material,sink,MinionRoster.TryForge,-64
12,26,DP,sink,DungeonFeatureManager.TryPlaceTrap,-1200
12,26,DP,sink,MinionRoster.TrySummon,-174
12,26,DP,source,AdventurerAI.ReapEmotion,177
12,26,DP,source,AdventurerAI.GrantReturnReward,33597
12,26,Fame,source,AdventurerAI.GrantReturnReward,520
12,26,Fame,source,LureEconomy.OnHeroEscaped,1300
12,26,DP,sink,CommandSystem.TryUse,-4900
12,26,DP,source,AdventurerAI.TakeDamage,2831
12,26,Material,source,AdventurerAI.TakeDamage,140
12,26,DP,stock,end,31705
12,26,Material,stock,end,1515
12,26,Fame,stock,end,14552
12,27,DP,source,SurfaceMap.CollectYields,146
12,27,Material,source,SurfaceMap.CollectYields,7
12,27,Fame,source,SurfaceMap.CollectYields,34
12,27,DP,source,DistrictCatalog.Collect,28
12,27,DP,source,EraSystem.TickTurn,6528
12,27,DP,sink,MinionRoster.TryForge,-1770
12,27,DP,sink,DungeonFloorManager.TryAddFloor,-31250
12,27,DP,sink,DungeonFloorManager.TryExpandFloor,-4200
12,27,DP,sink,MinionRoster.TryEvolveIndividual,-225
12,27,Material,sink,MinionRoster.TryForge,-2
12,27,DP,sink,DungeonFeatureManager.TryPlaceTrap,-750
12,27,DP,sink,MinionRoster.TrySummon,-180
12,27,DP,source,AdventurerAI.ReapEmotion,513
12,27,DP,sink,CommandSystem.TryUse,-5650
12,27,DP,source,AdventurerAI.GrantReturnReward,27277
12,27,Fame,source,AdventurerAI.GrantReturnReward,450
12,27,Fame,source,LureEconomy.OnHeroEscaped,1125
12,27,DP,source,AdventurerAI.TakeDamage,2318
12,27,Material,source,AdventurerAI.TakeDamage,16
12,27,DP,stock,end,24490
12,27,Material,stock,end,1536
12,27,Fame,stock,end,16161
12,28,DP,source,SurfaceMap.CollectYields,125
12,28,Material,source,SurfaceMap.CollectYields,6
12,28,Fame,source,SurfaceMap.CollectYields,29
12,28,DP,source,DistrictCatalog.Collect,28
12,28,DP,source,EraSystem.TickTurn,3840
12,28,DP,sink,MinionRoster.TryForge,-16350
12,28,DP,sink,DungeonFloorManager.TryExpandFloor,-10000
12,28,DP,sink,MinionRoster.TryEvolveIndividual,-600
12,28,Material,sink,MinionRoster.TryForge,-118
12,28,DP,sink,DungeonFeatureManager.TryPlaceTrap,-1350
12,28,DP,sink,MinionRoster.TrySummon,-140
12,28,DP,source,AdventurerAI.ReapEmotion,180
12,28,DP,source,AdventurerAI.GrantReturnReward,23231
12,28,Fame,source,AdventurerAI.GrantReturnReward,490
12,28,Fame,source,LureEconomy.OnHeroEscaped,1225
12,28,DP,sink,CommandSystem.TryUse,-5100
12,28,DP,source,AdventurerAI.TakeDamage,2941
12,28,Material,source,AdventurerAI.TakeDamage,28
12,28,DP,stock,end,21295
12,28,Material,stock,end,1452
12,28,Fame,stock,end,17905
12,29,DP,source,SurfaceMap.CollectYields,125
12,29,Material,source,SurfaceMap.CollectYields,6
12,29,Fame,source,SurfaceMap.CollectYields,29
12,29,DP,source,DistrictCatalog.Collect,28
12,29,DP,source,EraSystem.TickTurn,6528
12,29,DP,sink,MinionRoster.TryForge,-20580
12,29,DP,sink,DungeonFloorManager.TryExpandFloor,-5000
12,29,DP,sink,MinionRoster.TryEvolveIndividual,-550
12,29,Material,sink,MinionRoster.TryForge,-156
12,29,DP,sink,DungeonFeatureManager.TryPlaceTrap,-1650
12,29,DP,sink,MinionRoster.TrySummon,-186
12,29,DP,source,AdventurerAI.ReapEmotion,346
12,29,DP,sink,CommandSystem.TryUse,-5200
12,29,DP,source,AdventurerAI.GrantReturnReward,20316
12,29,Fame,source,AdventurerAI.GrantReturnReward,300
12,29,Fame,source,LureEconomy.OnHeroEscaped,750
12,29,DP,stock,end,15472
12,29,Material,stock,end,1302
12,29,Fame,stock,end,18984
12,30,DP,source,SurfaceMap.CollectYields,125
12,30,Material,source,SurfaceMap.CollectYields,6
12,30,Fame,source,SurfaceMap.CollectYields,29
12,30,DP,source,DistrictCatalog.Collect,28
12,30,DP,source,EraSystem.TickTurn,3840
12,30,Material,source,EraSystem.TickTurn,64
12,30,DP,sink,MinionRoster.TryForge,-17700
12,30,DP,sink,MinionRoster.TryEvolveIndividual,-600
12,30,Material,sink,MinionRoster.TryForge,-132
12,30,DP,sink,DungeonFeatureManager.TryPlaceTrap,-900
12,30,DP,sink,MinionRoster.TrySummon,-233
12,30,DP,source,AdventurerAI.ReapEmotion,189
12,30,DP,source,AdventurerAI.GrantReturnReward,28111
12,30,Fame,source,AdventurerAI.GrantReturnReward,530
12,30,Fame,source,LureEconomy.OnHeroEscaped,1325
12,30,DP,sink,CommandSystem.TryUse,-5350
12,30,DP,source,AdventurerAI.TakeDamage,3702
12,30,Material,source,AdventurerAI.TakeDamage,329
12,30,DP,stock,end,26684
12,30,Material,stock,end,1569
12,30,Fame,stock,end,20868
12,31,DP,source,SurfaceMap.CollectYields,166
12,31,Material,source,SurfaceMap.CollectYields,8
12,31,Fame,source,SurfaceMap.CollectYields,38
12,31,DP,source,DistrictCatalog.Collect,28
12,31,DP,source,EraSystem.TickTurn,3840
12,31,Material,source,EraSystem.TickTurn,32
12,31,Fame,source,EraSystem.TickTurn,80
12,31,DP,sink,MinionRoster.TryForge,-28260
12,31,DP,sink,MinionRoster.TryEvolveIndividual,-625
12,31,Material,sink,MinionRoster.TryForge,-260
12,31,DP,sink,DungeonFeatureManager.TryPlaceTrap,-1650
12,31,DP,sink,MinionRoster.TrySummon,-144
12,31,DP,source,AdventurerAI.ReapEmotion,149
12,31,DP,source,AdventurerAI.GrantReturnReward,22455
12,31,Fame,source,AdventurerAI.GrantReturnReward,670
12,31,Fame,source,LureEconomy.OnHeroEscaped,1675
12,31,DP,sink,CommandSystem.TryUse,-4200
12,31,DP,source,AdventurerAI.TakeDamage,1760
12,31,Material,source,AdventurerAI.TakeDamage,8
12,31,DP,stock,end,20203
12,31,Material,stock,end,1357
12,31,Fame,stock,end,23331
12,32,DP,source,SurfaceMap.CollectYields,166
12,32,Material,source,SurfaceMap.CollectYields,9
12,32,Fame,source,SurfaceMap.CollectYields,38
12,32,DP,source,DistrictCatalog.Collect,28
12,32,DP,source,EraSystem.TickTurn,6528
12,32,Fame,source,EraSystem.TickTurn,192
12,32,DP,sink,MinionRoster.TryForge,-24540
12,32,DP,sink,MinionRoster.TryEvolveIndividual,-575
12,32,Material,sink,MinionRoster.TryForge,-254
12,32,DP,sink,DungeonFeatureManager.TryPlaceTrap,-1650
12,32,DP,sink,MinionRoster.TrySummon,-148
12,32,DP,source,AdventurerAI.ReapEmotion,432
12,32,DP,sink,CommandSystem.TryUse,-5550
12,32,DP,source,AdventurerAI.GrantReturnReward,28299
12,32,Fame,source,AdventurerAI.GrantReturnReward,510
12,32,Fame,source,LureEconomy.OnHeroEscaped,1275
12,32,DP,source,AdventurerAI.TakeDamage,8817
12,32,Material,source,AdventurerAI.TakeDamage,416
12,32,DP,stock,end,32010
12,32,Material,stock,end,1528
12,32,Fame,stock,end,25346
12,33,DP,source,SurfaceMap.CollectYields,166
12,33,Material,source,SurfaceMap.CollectYields,9
12,33,Fame,source,SurfaceMap.CollectYields,38
12,33,DP,source,DistrictCatalog.Collect,28
12,33,DP,sink,MinionRoster.TryForge,-29220
12,33,DP,sink,MinionRoster.TryEvolveIndividual,-550
12,33,Material,sink,MinionRoster.TryForge,-308
12,33,DP,sink,DungeonFeatureManager.TryPlaceTrap,-2250
12,33,DP,sink,MinionRoster.TrySummon,-148
12,33,DP,source,AdventurerAI.ReapEmotion,186
12,33,DP,source,AdventurerAI.GrantReturnReward,29921
12,33,Fame,source,AdventurerAI.GrantReturnReward,480
12,33,Fame,source,LureEconomy.OnHeroEscaped,1200
12,33,DP,sink,CommandSystem.TryUse,-5700
12,33,DP,source,AdventurerAI.TakeDamage,14605
12,33,Material,source,AdventurerAI.TakeDamage,391
12,33,DP,stock,end,39048
12,33,Material,stock,end,1620
12,33,Fame,stock,end,27064
12,34,DP,source,SurfaceMap.CollectYields,166
12,34,Material,source,SurfaceMap.CollectYields,9
12,34,Fame,source,SurfaceMap.CollectYields,38
12,34,DP,source,DistrictCatalog.Collect,28
12,34,DP,sink,MinionRoster.TryForge,-37020
12,34,DP,sink,MinionRoster.TryEvolveIndividual,-550
12,34,Material,sink,MinionRoster.TryForge,-398
12,34,DP,sink,DungeonFeatureManager.TryPlaceTrap,-1500
12,34,DP,sink,MinionRoster.TrySummon,-148
12,34,DP,source,AdventurerAI.ReapEmotion,221
12,34,DP,source,AdventurerAI.GrantReturnReward,8836
12,34,Fame,source,AdventurerAI.GrantReturnReward,300
12,34,Fame,source,LureEconomy.OnHeroEscaped,750
12,34,DP,sink,CommandSystem.TryUse,-4900
12,34,DP,source,AdventurerAI.TakeDamage,1754
12,34,Material,source,AdventurerAI.TakeDamage,149
12,34,DP,stock,end,5935
12,34,Material,stock,end,1380
12,34,Fame,stock,end,28152
12,35,DP,source,SurfaceMap.CollectYields,125
12,35,Material,source,SurfaceMap.CollectYields,7
12,35,Fame,source,SurfaceMap.CollectYields,29
12,35,DP,source,DistrictCatalog.Collect,28
12,35,DP,sink,MinionRoster.TryForge,-4680
12,35,DP,sink,MinionRoster.TryEvolveIndividual,-625
12,35,Material,sink,MinionRoster.TryForge,-8
12,35,DP,sink,DungeonFeatureManager.TryPlaceTrap,-600
12,35,DP,sink,MinionRoster.TrySummon,-158
12,35,DP,source,AdventurerAI.ReapEmotion,324
12,35,DP,sink,CommandSystem.TryUse,-5200
12,35,DP,source,AdventurerAI.GrantReturnReward,38392
12,35,Fame,source,AdventurerAI.GrantReturnReward,520
12,35,Fame,source,LureEconomy.OnHeroEscaped,1300
12,35,DP,source,AdventurerAI.TakeDamage,9886
12,35,Material,source,AdventurerAI.TakeDamage,368
12,35,DP,stock,end,43427
12,35,Material,stock,end,1747
12,35,Fame,stock,end,30001
12,36,DP,source,SurfaceMap.CollectYields,125
12,36,Material,source,SurfaceMap.CollectYields,7
12,36,Fame,source,SurfaceMap.CollectYields,29
12,36,DP,source,DistrictCatalog.Collect,28
12,36,DP,sink,MinionRoster.TryForge,-40860
12,36,DP,sink,MinionRoster.TryEvolveIndividual,-975
12,36,Material,sink,MinionRoster.TryForge,-430
12,36,DP,sink,DungeonFeatureManager.TryPlaceTrap,-1500
12,36,DP,sink,MinionRoster.TrySummon,-210
12,36,DP,source,AdventurerAI.ReapEmotion,221
12,36,DP,source,AdventurerAI.GrantReturnReward,38100
12,36,Fame,source,AdventurerAI.GrantReturnReward,500
12,36,Fame,source,LureEconomy.OnHeroEscaped,1250
12,36,DP,sink,CommandSystem.TryUse,-5200
12,36,DP,source,AdventurerAI.TakeDamage,12438
12,36,Material,source,AdventurerAI.TakeDamage,983
12,36,DP,stock,end,45594
12,36,Material,stock,end,2307
12,36,Fame,stock,end,31780
12,37,DP,source,SurfaceMap.CollectYields,148
12,37,Material,source,SurfaceMap.CollectYields,8
12,37,Fame,source,SurfaceMap.CollectYields,34
12,37,DP,source,DistrictCatalog.Collect,28
12,37,DP,sink,MinionRoster.TryForge,-43260
12,37,DP,sink,MinionRoster.TryEvolveIndividual,-225
12,37,Material,sink,MinionRoster.TryForge,-526
12,37,DP,sink,DungeonFeatureManager.TryPlaceTrap,-2100
12,37,DP,sink,MinionRoster.TrySummon,-158
12,37,DP,source,AdventurerAI.ReapEmotion,318
12,37,DP,sink,CommandSystem.TryUse,-6100
12,37,DP,source,AdventurerAI.GrantReturnReward,45479
12,37,Fame,source,AdventurerAI.GrantReturnReward,620
12,37,Fame,source,LureEconomy.OnHeroEscaped,1550
12,37,DP,source,AdventurerAI.TakeDamage,13712
12,37,Material,source,AdventurerAI.TakeDamage,819
12,37,DP,stock,end,53436
12,37,Material,stock,end,2608
12,37,Fame,stock,end,33984
12,38,DP,source,SurfaceMap.CollectYields,169
12,38,Material,source,SurfaceMap.CollectYields,9
12,38,Fame,source,SurfaceMap.CollectYields,39
12,38,DP,source,DistrictCatalog.Collect,28
12,38,DP,sink,MinionRoster.TryForge,-50580
12,38,DP,sink,MinionRoster.TryEvolveIndividual,-550
12,38,Material,sink,MinionRoster.TryForge,-632
12,38,DP,sink,DungeonFeatureManager.TryPlaceTrap,-2250
12,38,DP,sink,MinionRoster.TrySummon,-210
12,38,DP,source,AdventurerAI.ReapEmotion,217
12,38,DP,source,AdventurerAI.GrantReturnReward,32151
12,38,Fame,source,AdventurerAI.GrantReturnReward,650
12,38,Fame,source,LureEconomy.OnHeroEscaped,1625
12,38,DP,sink,CommandSystem.TryUse,-5550
12,38,DP,source,AdventurerAI.TakeDamage,5492
12,38,Material,source,AdventurerAI.TakeDamage,183
12,38,DP,stock,end,32353
12,38,Material,stock,end,2168
12,38,Fame,stock,end,36298
12,39,DP,source,SurfaceMap.CollectYields,169
12,39,Material,source,SurfaceMap.CollectYields,9
12,39,Fame,source,SurfaceMap.CollectYields,39
12,39,DP,source,DistrictCatalog.Collect,28
12,39,DP,sink,MinionRoster.TryForge,-28980
12,39,DP,sink,MinionRoster.TryEvolveIndividual,-600
12,39,Material,sink,MinionRoster.TryForge,-344
12,39,DP,sink,DungeonFeatureManager.TryPlaceTrap,-1950
12,39,DP,sink,MinionRoster.TrySummon,-1002
12,39,DP,source,AdventurerAI.ReapEmotion,242
12,39,DP,source,AdventurerAI.GrantReturnReward,38149
12,39,Fame,source,AdventurerAI.GrantReturnReward,410
12,39,Fame,source,LureEconomy.OnHeroEscaped,1025
12,39,DP,sink,CommandSystem.TryUse,-4900
12,39,DP,source,AdventurerAI.TakeDamage,29071
12,39,Material,source,AdventurerAI.TakeDamage,12088
12,39,DP,source,Nemesis.OnSlain,8556
12,39,Material,source,Nemesis.OnSlain,34
12,39,DP,stock,end,71136
12,39,Material,stock,end,13955
12,39,Fame,stock,end,37772
12,40,DP,source,SurfaceMap.CollectYields,169
12,40,Material,source,SurfaceMap.CollectYields,9
12,40,Fame,source,SurfaceMap.CollectYields,39
12,40,DP,source,DistrictCatalog.Collect,28
12,40,DP,sink,MinionRoster.TryForge,-67380
12,40,DP,sink,MinionRoster.TryEvolveIndividual,-375
12,40,Material,sink,MinionRoster.TryForge,-856
12,40,DP,sink,MinionRoster.TrySummon,-3540
12,40,DP,source,AdventurerAI.ReapEmotion,428
12,40,DP,sink,CommandSystem.TryUse,-6050
12,40,DP,source,AdventurerAI.GrantReturnReward,23442
12,40,Fame,source,AdventurerAI.GrantReturnReward,290
12,40,Fame,source,LureEconomy.OnHeroEscaped,725
12,40,DP,source,AdventurerAI.TakeDamage,47179
12,40,Material,source,AdventurerAI.TakeDamage,81259
12,40,DP,source,Nemesis.OnSlain,8556
12,40,Material,source,Nemesis.OnSlain,34
12,40,DP,stock,end,73593
12,40,Material,stock,end,94401
12,40,Fame,stock,end,38826
12,41,DP,source,SurfaceMap.CollectYields,169
12,41,Material,source,SurfaceMap.CollectYields,9
12,41,Fame,source,SurfaceMap.CollectYields,39
12,41,DP,source,DistrictCatalog.Collect,28
12,41,DP,source,EraSystem.TickTurn,4608
12,41,DP,sink,MinionRoster.TryForge,-24840
12,41,DP,sink,MinionRoster.TryEvolveIndividual,-375
12,41,Material,sink,MinionRoster.TryForge,-116
12,41,DP,sink,MinionRoster.TrySummon,-52702
12,41,DP,sink,CommandSystem.TryUse,-5850
12,41,DP,source,AdventurerAI.ReapEmotion,380
12,41,DP,source,AdventurerAI.GrantReturnReward,23347
12,41,Fame,source,AdventurerAI.GrantReturnReward,390
12,41,Fame,source,LureEconomy.OnHeroEscaped,975
12,41,DP,source,AdventurerAI.TakeDamage,32004
12,41,Material,source,AdventurerAI.TakeDamage,108858
12,41,DP,source,Nemesis.OnSlain,6806
12,41,Material,source,Nemesis.OnSlain,29
12,41,DP,stock,end,57168
12,41,Material,stock,end,203181
12,41,Fame,stock,end,40230
12,42,DP,source,SurfaceMap.CollectYields,169
12,42,Material,source,SurfaceMap.CollectYields,9
12,42,Fame,source,SurfaceMap.CollectYields,39
12,42,DP,source,DistrictCatalog.Collect,28
12,42,DP,source,EraSystem.TickTurn,1920
12,42,DP,sink,MinionRoster.TryForge,-11304
12,42,DP,sink,MinionRoster.TrySummon,-47929
12,42,DP,source,AdventurerAI.ReapEmotion,483
12,42,DP,sink,CommandSystem.TryUse,-5550
12,42,DP,source,AdventurerAI.GrantReturnReward,40303
12,42,Fame,source,AdventurerAI.GrantReturnReward,440
12,42,Fame,source,LureEconomy.OnHeroEscaped,1100
12,42,DP,source,AdventurerAI.TakeDamage,23385
12,42,Material,source,AdventurerAI.TakeDamage,317
12,42,DP,source,Nemesis.OnSlain,1280
12,42,Material,source,Nemesis.OnSlain,6
12,42,DP,stock,end,59953
12,42,Material,stock,end,203513
12,42,Fame,stock,end,41809
12,43,DP,source,SurfaceMap.CollectYields,169
12,43,Material,source,SurfaceMap.CollectYields,9
12,43,Fame,source,SurfaceMap.CollectYields,39
12,43,DP,source,DistrictCatalog.Collect,28
12,43,DP,sink,MinionRoster.TryForge,-24876
12,43,Material,sink,MinionRoster.TryForge,-108
12,43,DP,sink,MinionRoster.TrySummon,-35259
12,43,DP,source,AdventurerAI.ReapEmotion,163
12,43,DP,source,AdventurerAI.GrantReturnReward,34647
12,43,Fame,source,AdventurerAI.GrantReturnReward,440
12,43,Fame,source,LureEconomy.OnHeroEscaped,1100
12,43,DP,sink,CommandSystem.TryUse,-5200
12,43,DP,source,AdventurerAI.TakeDamage,24045
12,43,Material,source,AdventurerAI.TakeDamage,675
12,43,DP,source,Nemesis.OnSlain,3888
12,43,Material,source,Nemesis.OnSlain,18
12,43,DP,stock,end,57558
12,43,Material,stock,end,204107
12,43,Fame,stock,end,43388
12,44,DP,source,SurfaceMap.CollectYields,207
12,44,Material,source,SurfaceMap.CollectYields,9
12,44,Fame,source,SurfaceMap.CollectYields,47
12,44,DP,source,DistrictCatalog.Collect,28
12,44,DP,sink,MinionRoster.TryForge,-51120
12,44,Material,sink,MinionRoster.TryForge,-516
12,44,DP,sink,MinionRoster.TrySummon,-6641
12,44,DP,source,AdventurerAI.ReapEmotion,378
12,44,DP,sink,CommandSystem.TryUse,-5650
12,44,DP,source,AdventurerAI.GrantReturnReward,37476
12,44,Fame,source,AdventurerAI.GrantReturnReward,500
12,44,Fame,source,LureEconomy.OnHeroEscaped,1250
12,44,DP,source,AdventurerAI.TakeDamage,15471
12,44,Material,source,AdventurerAI.TakeDamage,1130001
12,44,DP,source,Nemesis.OnSlain,5590
12,44,Material,source,Nemesis.OnSlain,23
12,44,DP,stock,end,53297
12,44,Material,stock,end,1333624
12,44,Fame,stock,end,45185
12,45,DP,source,SurfaceMap.CollectYields,207
12,45,Material,source,SurfaceMap.CollectYields,9
12,45,Fame,source,SurfaceMap.CollectYields,47
12,45,DP,source,DistrictCatalog.Collect,28
12,45,DP,sink,MinionRoster.TryForge,-49680
12,45,Material,sink,MinionRoster.TryForge,-612
12,45,DP,sink,MinionRoster.TrySummon,-2921
12,45,DP,sink,CommandSystem.TryUse,-6500
12,45,DP,source,AdventurerAI.TakeDamage,21606
12,45,Material,source,AdventurerAI.TakeDamage,442
12,45,DP,source,AdventurerAI.ReapEmotion,177
12,45,DP,source,AdventurerAI.GrantReturnReward,39032
12,45,Fame,source,AdventurerAI.GrantReturnReward,450
12,45,Fame,source,LureEconomy.OnHeroEscaped,1125
12,45,DP,source,Nemesis.OnSlain,1328
12,45,Material,source,Nemesis.OnSlain,6
12,45,DP,stock,end,56574
12,45,Material,stock,end,1333469
12,45,Fame,stock,end,46807
12,46,DP,source,SurfaceMap.CollectYields,182
12,46,Material,source,SurfaceMap.CollectYields,8
12,46,Fame,source,SurfaceMap.CollectYields,41
12,46,DP,source,DistrictCatalog.Collect,28
12,46,DP,sink,MinionRoster.TryForge,-52800
12,46,Material,sink,MinionRoster.TryForge,-704
12,46,DP,sink,MinionRoster.TrySummon,-3943
12,46,DP,source,AdventurerAI.ReapEmotion,299
12,46,DP,sink,CommandSystem.TryUse,-5200
12,46,DP,source,AdventurerAI.GrantReturnReward,46560
12,46,Fame,source,AdventurerAI.GrantReturnReward,440
12,46,Fame,source,LureEconomy.OnHeroEscaped,1100
12,46,DP,source,AdventurerAI.TakeDamage,23663
12,46,Material,source,AdventurerAI.TakeDamage,493
12,46,DP,stock,end,65363
12,46,Material,stock,end,1333266
12,46,Fame,stock,end,48388
12,47,DP,source,SurfaceMap.CollectYields,156
12,47,Material,source,SurfaceMap.CollectYields,7
12,47,Fame,source,SurfaceMap.CollectYields,35
12,47,DP,source,DistrictCatalog.Collect,28
12,47,DP,sink,MinionRoster.TryForge,-4800
12,47,Material,sink,MinionRoster.TryForge,-64
12,47,DP,sink,MinionEvolution.TryEvolve,-9050
12,47,DP,sink,MinionRoster.TryEvolveIndividual,-49750
12,47,DP,sink,MinionRoster.TrySummon,-1928
12,47,DP,source,AdventurerAI.ReapEmotion,230
12,47,DP,source,AdventurerAI.GrantReturnReward,46558
12,47,Fame,source,AdventurerAI.GrantReturnReward,480
12,47,Fame,source,LureEconomy.OnHeroEscaped,1200
12,47,DP,sink,CommandSystem.TryUse,-6500
12,47,DP,source,AdventurerAI.TakeDamage,19341
12,47,Material,source,AdventurerAI.TakeDamage,589
12,47,DP,source,Nemesis.OnSlain,6664
12,47,Material,source,Nemesis.OnSlain,29
12,47,DP,stock,end,66312
12,47,Material,stock,end,1333827
12,47,Fame,stock,end,50103
12,48,DP,source,SurfaceMap.CollectYields,137
12,48,Material,source,SurfaceMap.CollectYields,7
12,48,Fame,source,SurfaceMap.CollectYields,29
12,48,DP,source,DistrictCatalog.Collect,28
12,48,DP,source,EraSystem.TickTurn,9720
12,48,DP,sink,MinionRoster.TryForge,-72000
12,48,Material,sink,MinionRoster.TryForge,-960
12,48,DP,sink,MinionRoster.TrySummon,-4156
12,48,DP,source,AdventurerAI.ReapEmotion,269
12,48,DP,sink,CommandSystem.TryUse,-5550
12,48,DP,source,AdventurerAI.GrantReturnReward,21992
12,48,Fame,source,AdventurerAI.GrantReturnReward,340
12,48,Fame,source,LureEconomy.OnHeroEscaped,850
12,48,DP,source,AdventurerAI.TakeDamage,64840
12,48,Material,source,AdventurerAI.TakeDamage,750
12,48,DP,source,Nemesis.OnSlain,3225
12,48,Material,source,Nemesis.OnSlain,14
12,48,DP,stock,end,84817
12,48,Material,stock,end,1333638
12,48,Fame,stock,end,51322
12,49,DP,source,SurfaceMap.CollectYields,159
12,49,Material,source,SurfaceMap.CollectYields,8
12,49,Fame,source,SurfaceMap.CollectYields,34
12,49,DP,source,DistrictCatalog.Collect,28
12,49,DP,source,EraSystem.TickTurn,9720
12,49,DP,sink,MinionRoster.TryForge,-5760
12,49,Material,sink,MinionRoster.TryForge,-84
12,49,DP,sink,DungeonFloorManager.TryAddFloor,-78125
12,49,DP,sink,DungeonFloorManager.TryExpandFloor,-2700
12,49,DP,sink,MinionEvolution.TryEvolve,-7200
12,49,DP,sink,DungeonFeatureManager.TryPlaceTrap,-750
12,49,DP,sink,MinionRoster.TrySummon,-184
12,49,DP,source,AdventurerAI.ReapEmotion,163
12,49,DP,source,AdventurerAI.GrantReturnReward,23674
12,49,Fame,source,AdventurerAI.GrantReturnReward,480
12,49,Fame,source,LureEconomy.OnHeroEscaped,1200
12,49,DP,sink,CommandSystem.TryUse,-5550
12,49,DP,source,AdventurerAI.TakeDamage,46627
12,49,Material,source,AdventurerAI.TakeDamage,757
12,49,DP,source,Nemesis.OnSlain,1393
12,49,Material,source,Nemesis.OnSlain,6
12,49,DP,stock,end,66312
12,49,Material,stock,end,1334325
12,49,Fame,stock,end,53036
12,50,DP,source,SurfaceMap.CollectYields,182
12,50,Material,source,SurfaceMap.CollectYields,9
12,50,Fame,source,SurfaceMap.CollectYields,39
12,50,DP,source,DistrictCatalog.Collect,28
12,50,DP,source,EraSystem.TickTurn,9720
12,50,DP,sink,MinionRoster.TryForge,-5760
12,50,Material,sink,MinionRoster.TryForge,-84
12,50,DP,sink,MinionEvolution.TryEvolve,-26050
12,50,DP,sink,MinionRoster.TryEvolveIndividual,-43850
12,50,DP,sink,DungeonFeatureManager.TryPlaceTrap,-300
12,50,DP,sink,MinionRoster.TrySummon,-246
12,50,DP,source,AdventurerAI.ReapEmotion,218
12,50,DP,source,AdventurerAI.GrantReturnReward,23946
12,50,Fame,source,AdventurerAI.GrantReturnReward,510
12,50,Fame,source,LureEconomy.OnHeroEscaped,1275
12,50,DP,sink,CommandSystem.TryUse,-5700
12,50,DP,source,AdventurerAI.TakeDamage,52853
12,50,Material,source,AdventurerAI.TakeDamage,704
12,50,DP,stock,end,71353
12,50,Material,stock,end,1334954
12,50,Fame,stock,end,54860
12,51,DP,source,SurfaceMap.CollectYields,182
12,51,Material,source,SurfaceMap.CollectYields,9
12,51,Fame,source,SurfaceMap.CollectYields,39
12,51,DP,source,DistrictCatalog.Collect,28
12,51,DP,source,EraSystem.TickTurn,9720
12,51,DP,sink,MinionRoster.TryForge,-5760
12,51,Material,sink,MinionRoster.TryForge,-84
12,51,DP,sink,DungeonFloorManager.TryExpandFloor,-2500
12,51,DP,sink,MinionRoster.TryEvolveIndividual,-71850
12,51,DP,sink,DungeonFeatureManager.TryPlaceTrap,-900
12,51,DP,sink,MinionRoster.TrySummon,-253
12,51,DP,source,AdventurerAI.ReapEmotion,223
12,51,DP,source,AdventurerAI.GrantReturnReward,34095
12,51,Fame,source,AdventurerAI.GrantReturnReward,480
12,51,Fame,source,LureEconomy.OnHeroEscaped,1200
12,51,DP,sink,CommandSystem.TryUse,-4800
12,51,DP,source,AdventurerAI.TakeDamage,44295
12,51,Material,source,AdventurerAI.TakeDamage,1436
12,51,DP,stock,end,73833
12,51,Material,stock,end,1336315
12,51,Fame,stock,end,56579
12,52,DP,source,SurfaceMap.CollectYields,182
12,52,Material,source,SurfaceMap.CollectYields,9
12,52,Fame,source,SurfaceMap.CollectYields,39
12,52,DP,source,DistrictCatalog.Collect,28
12,52,DP,source,EraSystem.TickTurn,16524
12,52,DP,sink,MinionRoster.TryForge,-48960
12,52,Material,sink,MinionRoster.TryForge,-714
12,52,DP,sink,MinionRoster.TryEvolveIndividual,-37300
12,52,DP,sink,DungeonFeatureManager.TryPlaceTrap,-3000
12,52,DP,sink,MinionRoster.TrySummon,-1292
12,52,DP,source,AdventurerAI.ReapEmotion,160
12,52,DP,source,AdventurerAI.GrantReturnReward,25225
12,52,Fame,source,AdventurerAI.GrantReturnReward,290
12,52,Fame,source,LureEconomy.OnHeroEscaped,725
12,52,DP,sink,CommandSystem.TryUse,-4450
12,52,DP,source,AdventurerAI.TakeDamage,23492
12,52,Material,source,AdventurerAI.TakeDamage,987
12,52,DP,source,Nemesis.OnSlain,4357
12,52,Material,source,Nemesis.OnSlain,18
12,52,DP,stock,end,48799
12,52,Material,stock,end,1336615
12,52,Fame,stock,end,57633
12,53,DP,source,SurfaceMap.CollectYields,182
12,53,Material,source,SurfaceMap.CollectYields,9
12,53,Fame,source,SurfaceMap.CollectYields,39
12,53,DP,source,DistrictCatalog.Collect,28
12,53,DP,source,EraSystem.TickTurn,9720
12,53,Material,source,EraSystem.TickTurn,124
12,53,DP,sink,MinionRoster.TryForge,-28800
12,53,Material,sink,MinionRoster.TryForge,-420
12,53,DP,sink,MinionRoster.TryEvolveIndividual,-26350
12,53,DP,sink,MinionRoster.TrySummon,-3543
12,53,DP,source,AdventurerAI.ReapEmotion,252
12,53,DP,source,AdventurerAI.GrantReturnReward,21497
12,53,Fame,source,AdventurerAI.GrantReturnReward,450
12,53,Fame,source,LureEconomy.OnHeroEscaped,1125
12,53,DP,sink,CommandSystem.TryUse,-5100
12,53,DP,source,AdventurerAI.TakeDamage,65278
12,53,Material,source,AdventurerAI.TakeDamage,1701
12,53,DP,stock,end,81963
12,53,Material,stock,end,1338029
12,53,Fame,stock,end,59247
12,54,DP,source,SurfaceMap.CollectYields,228
12,54,Material,source,SurfaceMap.CollectYields,12
12,54,Fame,source,SurfaceMap.CollectYields,39
12,54,DP,source,DistrictCatalog.Collect,28
12,54,Material,source,DistrictCatalog.Collect,8
12,54,DP,source,EraSystem.TickTurn,9720
12,54,Material,source,EraSystem.TickTurn,62
12,54,Fame,source,EraSystem.TickTurn,135
12,54,DP,sink,MinionRoster.TryForge,-89280
12,54,Material,sink,MinionRoster.TryForge,-1302
12,54,DP,sink,MinionRoster.TrySummon,-2650
12,54,DP,source,AdventurerAI.ReapEmotion,274
12,54,DP,source,AdventurerAI.GrantReturnReward,34441
12,54,Fame,source,AdventurerAI.GrantReturnReward,480
12,54,Fame,source,LureEconomy.OnHeroEscaped,1200
12,54,DP,sink,CommandSystem.TryUse,-5100
12,54,DP,source,AdventurerAI.TakeDamage,62448
12,54,Material,source,AdventurerAI.TakeDamage,1414
12,54,DP,source,Nemesis.OnSlain,1474
12,54,Material,source,Nemesis.OnSlain,6
12,54,DP,stock,end,93546
12,54,Material,stock,end,1338229
12,54,Fame,stock,end,61101
12,55,DP,source,SurfaceMap.CollectYields,228
12,55,Material,source,SurfaceMap.CollectYields,12
12,55,Fame,source,SurfaceMap.CollectYields,39
12,55,DP,source,DistrictCatalog.Collect,28
12,55,Material,source,DistrictCatalog.Collect,8
12,55,DP,source,EraSystem.TickTurn,9720
12,55,DP,sink,MinionRoster.TryForge,-100800
12,55,Material,sink,MinionRoster.TryForge,-1470
12,55,DP,sink,MinionRoster.TrySummon,-2719
12,55,DP,source,AdventurerAI.ReapEmotion,245
12,55,DP,source,AdventurerAI.GrantReturnReward,45598
12,55,Fame,source,AdventurerAI.GrantReturnReward,480
12,55,Fame,source,LureEconomy.OnHeroEscaped,1200
12,55,DP,sink,CommandSystem.TryUse,-5600
12,55,DP,source,AdventurerAI.TakeDamage,57928
12,55,Material,source,AdventurerAI.TakeDamage,825
12,55,DP,stock,end,98174
12,55,Material,stock,end,1337604
12,55,Fame,stock,end,62820
12,56,DP,source,SurfaceMap.CollectYields,259
12,56,Material,source,SurfaceMap.CollectYields,12
12,56,Fame,source,SurfaceMap.CollectYields,47
12,56,DP,source,DistrictCatalog.Collect,28
12,56,Material,source,DistrictCatalog.Collect,9
12,56,DP,source,EraSystem.TickTurn,11664
12,56,DP,sink,MinionRoster.TryForge,-105120
12,56,Material,sink,MinionRoster.TryForge,-1548
12,56,DP,sink,MinionRoster.TrySummon,-4995
12,56,DP,source,AdventurerAI.ReapEmotion,244
12,56,DP,source,AdventurerAI.GrantReturnReward,27500
12,56,Fame,source,AdventurerAI.GrantReturnReward,500
12,56,Fame,source,LureEconomy.OnHeroEscaped,1250
12,56,DP,sink,CommandSystem.TryUse,-4800
12,56,DP,source,AdventurerAI.TakeDamage,62528
12,56,Material,source,AdventurerAI.TakeDamage,1883
12,56,DP,source,Nemesis.OnSlain,1979
12,56,Material,source,Nemesis.OnSlain,8
12,56,DP,stock,end,87461
12,56,Material,stock,end,1337968
12,56,Fame,stock,end,64617
12,57,DP,source,SurfaceMap.CollectYields,259
12,57,Material,source,SurfaceMap.CollectYields,12
12,57,Fame,source,SurfaceMap.CollectYields,47
12,57,DP,source,DistrictCatalog.Collect,28
12,57,Material,source,DistrictCatalog.Collect,9
12,57,DP,sink,MinionRoster.TryForge,-82800
12,57,Material,sink,MinionRoster.TryForge,-1265
12,57,DP,sink,MinionRoster.TrySummon,-4936
12,57,DP,source,AdventurerAI.ReapEmotion,236
12,57,DP,source,AdventurerAI.GrantReturnReward,44519
12,57,Fame,source,AdventurerAI.GrantReturnReward,580
12,57,Fame,source,LureEconomy.OnHeroEscaped,1450
12,57,DP,sink,CommandSystem.TryUse,-5100
12,57,DP,source,AdventurerAI.TakeDamage,46449
12,57,Material,source,AdventurerAI.TakeDamage,1080
12,57,DP,source,Nemesis.OnSlain,7107
12,57,Material,source,Nemesis.OnSlain,28
12,57,DP,stock,end,93223
12,57,Material,stock,end,1337832
12,57,Fame,stock,end,66694
